Time,ECG,Pressure,R_Peaks,mean_hr,hrv_scale,Phase_Bin,Normalized_Pressure
0.0,0.001684486749771458,77.5,0,100,3.0,0,0.0
0.005,0.00456624331333666,77.5,0,100,3.0,0,0.0
0.01,0.011079731271581421,77.5,0,100,3.0,0,0.0
0.015,0.024064571490409,77.5,0,100,3.0,0,0.0
0.02,0.046784906529573234,77.5,0,100,3.0,0,0.0
0.025,0.08141644351188804,77.5,0,100,3.0,0,0.0
0.03,0.12682276464025305,77.5,0,100,3.0,0,0.0
0.035,0.1768320708657512,77.5,0,100,3.0,0,0.0
0.04,0.22070063230473494,77.5,0,100,3.0,0,0.0
0.045,0.24656126505113576,77.5,0,100,3.0,0,0.0
0.05,0.24656126505724016,77.5,0,100,3.0,0,0.0
0.055,0.220700632329898,77.5,0,100,3.0,0,0.0
0.06,0.17683207093748562,77.5,0,100,3.0,0,0.0
0.065,0.12682276483597799,77.5,0,100,3.0,0,0.0
0.07,0.08141644409447898,77.5,0,100,3.0,0,0.0
0.075,0.04678490952598309,77.5,0,100,3.0,0,0.0
0.08,0.024064605020532023,77.5,0,100,3.0,0,0.0
0.085,0.011080171739334697,77.5,0,100,3.0,0,0.0
0.09,0.004571212771509492,77.5,0,100,3.0,0,0.0
0.095,0.0017299316936037438,77.5,0,100,3.0,0,0.0
0.1,0.0008899431850697582,77.5,0,100,3.0,0,0.0
0.105,0.002128806368910263,77.5,0,100,3.0,0,0.0
0.11,0.009309664818487698,77.5,0,100,3.0,0,0.0
0.115,0.03503263543368747,77.5,0,100,3.0,0,0.0
0.12,0.10606267793605692,77.5,0,100,3.0,0,0.0
0.125,0.25734927343160535,77.5,0,100,3.0,0,0.0
0.13,0.5003202479539708,77.5,0,100,3.0,0,0.0
0.135,0.7793067891790435,77.5,0,100,3.0,0,0.0
0.14,0.9720477407234077,77.5,0,100,3.0,0,0.0
0.145,0.967267334488097,77.5,0,100,3.0,0,0.0
0.15,0.7505869905515209,77.5,0,100,3.0,0,0.0
0.155,0.4028369574773956,77.5,0,100,3.0,0,0.0
0.16,0.04553881263121314,77.5,0,100,3.0,0,0.0
0.165,-0.189138810908105,77.5,0,100,3.0,0,0.0
0.17,-0.22868072635956738,77.5,0,100,3.0,0,0.0
0.175,-0.14104670682394166,77.5,0,100,3.0,0,0.0
0.18,-0.051158381651102834,77.5,0,100,3.0,0,0.0
0.185,-0.008206426846427752,77.5,0,100,3.0,0,0.0
0.19,0.005350271385530505,77.5,0,100,3.0,0,0.0
0.195,0.01084668799215426,77.5,0,100,3.0,0,0.0
0.2,0.016256859896386415,77.5,0,100,3.0,0,0.0
0.205,0.02345021205790711,77.5,0,100,3.0,0,0.0
0.21,0.0330621597308209,77.5,0,100,3.0,0,0.0
0.215,0.04559141319943196,77.5,0,100,3.0,0,0.0
0.22,0.06149084917446989,77.5,0,100,3.0,0,0.0
0.225,0.08111733445924295,77.5,0,100,3.0,0,0.0
0.23,0.1046628598272375,77.5,0,100,3.0,0,0.0
0.235,0.1320831047748631,77.5,0,100,3.0,0,0.0
0.24,0.16303381314489318,77.5,0,100,3.0,0,0.0
0.245,0.19682662652900276,77.5,0,100,3.0,0,0.0
0.25,0.23241585813229,77.5,0,100,3.0,0,0.0
0.255,0.26842527782774417,77.5,0,100,3.0,0,0.0
0.26,0.30321927900592993,77.5,0,100,3.0,0,0.0
0.265,0.3350163137995362,77.5,0,100,3.0,0,0.0
0.27,0.3620352400956416,77.5,0,100,3.0,0,0.0
0.275,0.3826586036805073,77.5,0,100,3.0,0,0.0
0.28,0.39559233134833227,77.5,0,100,3.0,0,0.0
0.285,0.4,77.5,0,100,3.0,0,0.0
0.29,0.39559233134833227,77.5,0,100,3.0,0,0.0
0.295,0.3826586036805073,77.5,0,100,3.0,0,0.0
0.3,0.3620352400956416,77.5,0,100,3.0,0,0.0
0.305,0.3350163137995362,77.5,0,100,3.0,0,0.0
0.31,0.3032192790059296,77.5,0,100,3.0,0,0.0
0.315,0.26842527782774417,77.5,0,100,3.0,0,0.0
0.32,0.23241585813229,77.5,0,100,3.0,0,0.0
0.325,0.19682662652900276,77.5,0,100,3.0,0,0.0
0.33,0.16303381314489318,77.5,0,100,3.0,0,0.0
0.335,0.13208310477486307,77.5,0,100,3.0,0,0.0
0.34,0.10466285982723562,77.5,0,100,3.0,0,0.0
0.345,0.08111733445917907,77.5,0,100,3.0,0,0.0
0.35,0.06149084917398798,77.5,0,100,3.0,0,0.0
0.355,0.04559141333598128,77.5,0,100,3.0,0,0.0
0.36,0.03306217087257399,77.5,0,100,3.0,0,0.0
0.365,0.02345067901074276,77.5,0,100,3.0,0,0.0
0.37,0.016268788896435526,77.5,0,100,3.0,0,0.0
0.375,0.011039026374860051,77.5,0,100,3.0,0,0.0
0.38,0.007326255555493689,77.5,0,100,3.0,0,0.0
0.385,0.0047556414315231815,77.5,0,100,3.0,0,0.0
0.39,0.0030193390635632803,77.5,0,100,3.0,0,0.0
0.395,0.001874953127946523,77.5,0,100,3.0,0,0.0
0.4,0.0011387927410965778,77.5,0,100,3.0,0,0.0
0.405,0.0006765107634274089,77.5,0,100,3.0,0,0.0
0.41,0.00039307957404427924,77.5,0,100,3.0,0,0.0
0.415,0.00022338910511776318,77.5,0,100,3.0,0,0.0
0.42,0.00012417073320013317,77.5,0,100,3.0,0,0.0
0.425,6.750753468904987e-05,77.5,0,100,3.0,0,0.0
0.43,3.5897234866245036e-05,77.5,0,100,3.0,0,0.0
0.435,1.8670050400879738e-05,77.5,0,100,3.0,0,0.0
0.44,9.497421874143672e-06,77.5,0,100,3.0,0,0.0
0.445,4.725434140340885e-06,77.5,0,100,3.0,0,0.0
0.45,2.299606063738814e-06,77.5,0,100,3.0,0,0.0
0.455,1.0945633976635486e-06,77.5,0,100,3.0,0,0.0
0.46,5.095703414287532e-07,77.5,0,100,3.0,0,0.0
0.465,2.3202944964797243e-07,77.5,0,100,3.0,0,0.0
0.47,1.0333746954038608e-07,77.5,0,100,3.0,0,0.0
0.475,4.501406988770349e-08,77.5,0,100,3.0,0,0.0
0.48,0.0,77.5,0,100,3.0,0,0.0
0.485,0.0,77.5,0,100,3.0,0,0.0
0.49,0.0,77.5,0,100,3.0,0,0.0
0.495,0.0,77.5,0,100,3.0,0,0.0
0.5,0.0,77.5,0,100,3.0,0,0.0
0.505,0.0,77.5,0,100,3.0,0,0.0
0.51,0.0,77.5,0,100,3.0,0,0.0
0.515,0.0,77.5,0,100,3.0,0,0.0
0.52,0.0,77.5,0,100,3.0,0,0.0
0.525,0.0,77.5,0,100,3.0,0,0.0
0.53,0.0,77.5,0,100,3.0,0,0.0
0.535,0.0,77.5,0,100,3.0,0,0.0
0.54,0.0,77.5,0,100,3.0,0,0.0
0.545,0.0,77.5,0,100,3.0,0,0.0
0.55,0.0,77.5,0,100,3.0,0,0.0
0.555,0.0,77.5,0,100,3.0,0,0.0
0.56,0.0,77.5,0,100,3.0,0,0.0
0.565,0.0,77.5,0,100,3.0,0,0.0
0.57,0.0,77.5,0,100,3.0,0,0.0
0.575,0.0,77.5,0,100,3.0,0,0.0
0.58,0.0,77.5,0,100,3.0,0,0.0
0.585,0.0,77.5,0,100,3.0,0,0.0
0.59,0.001684486749771458,77.5,0,100,3.0,0,0.0
0.595,0.00456624331333666,77.5,0,100,3.0,0,0.0
0.6,0.011079731271581421,77.5,0,100,3.0,0,0.0
0.605,0.024064571490409,77.5,0,100,3.0,0,0.0
0.61,0.046784906529573234,77.5,0,100,3.0,0,0.0
0.615,0.08141644351188804,77.5,0,100,3.0,0,0.0
0.62,0.12682276464025305,77.5,0,100,3.0,0,0.0
0.625,0.1768320708657512,77.5,0,100,3.0,0,0.0
0.63,0.22070063230473494,77.5,0,100,3.0,0,0.0
0.635,0.24656126505113576,77.5,0,100,3.0,0,0.0
0.64,0.24656126505724016,77.5,0,100,3.0,0,0.0
0.645,0.220700632329898,77.5,0,100,3.0,0,0.0
0.65,0.17683207093748562,77.5,0,100,3.0,0,0.0
0.655,0.12682276483597799,77.5,0,100,3.0,0,0.0
0.66,0.08141644409447898,77.5,0,100,3.0,0,0.0
0.665,0.04678490952598309,77.5,0,100,3.0,0,0.0
0.67,0.024064605020532023,77.5,0,100,3.0,0,0.0
0.675,0.011080171739334697,77.5,0,100,3.0,0,0.0
0.68,0.004571212771509492,77.5,0,100,3.0,0,0.0
0.685,0.0017299316936037438,77.5,0,100,3.0,0,0.0
0.69,0.0008899431850697582,77.5,0,100,3.0,0,0.0
0.695,0.002128806368910263,77.5,0,100,3.0,0,0.0
0.7,0.009309664818487698,77.5,0,100,3.0,0,0.0
0.705,0.03503263543368747,77.5,0,100,3.0,0,0.0
0.71,0.10606267793605692,77.5,0,100,3.0,0,0.0
0.715,0.25734927343160535,77.5,0,100,3.0,0,0.0
0.72,0.5003202479539708,77.5,0,100,3.0,0,0.0
0.725,0.7793067891790435,77.5,0,100,3.0,0,0.0
0.73,0.9720477407234077,77.50000295858521,1,100,3.0,0,5.858584580720963e-08
0.735,0.967267334488097,77.50000627158161,0,100,3.0,0,1.2418973487865964e-07
0.74,0.7505869905515209,77.50001448202111,0,100,3.0,0,2.867726953417611e-07
0.745,0.4028369574773956,77.5000381880034,0,100,3.0,0,7.56198087153937e-07
0.75,0.04553881263121314,77.50011515393722,0,100,3.0,0,2.2802759844742666e-06
0.755,-0.189138810908105,77.5003768133724,0,100,3.0,0,7.461650938574905e-06
0.76,-0.22868072635956738,77.50125530195008,0,100,3.0,0,2.4857464358047304e-05
0.765,-0.14104670682394166,77.50407161723201,0,100,3.0,0,8.062608380226824e-05
0.77,-0.051158381651102834,77.5125498908563,0,100,3.0,0,0.00024851269022388076
0.775,-0.008206426846427752,77.53632357375037,0,100,3.0,0,0.0007192786881260548
0.78,0.005350271385530505,77.59816032657108,0,100,3.0,0,0.0019437688429916036
0.785,0.01084668799215426,77.74699421583978,0,100,3.0,0,0.004890974571084695
0.79,0.016256859896386415,78.0778955905149,0,100,3.0,0,0.011443477039898991
0.795,0.02345021205790711,78.75638253739591,0,100,3.0,0,0.024878862126651635
0.8,0.0330621597308209,80.03714578164362,0,100,3.0,0,0.050240510527596365
0.805,0.04559141319943196,82.2581074321164,0,100,3.0,0,0.09421994915081988
0.81,0.06149084917446989,85.78593960996649,0,100,3.0,0,0.16407801207854436
0.815,0.08111733445924295,90.89811556558197,0,100,3.0,0,0.26530921912043515
0.82,0.1046628598272375,97.61546592808551,0,100,3.0,0,0.39832605798189136
0.825,0.1320831047748631,105.5415466537269,0,100,3.0,0,0.5552781515589484
0.83,0.16303381314489318,113.79708988561208,0,100,3.0,0,0.7187542551606353
0.835,0.19682662652900276,121.12822094684294,0,100,3.0,0,0.8639251672642168
0.84,0.23241585813229,126.20143333597863,0,100,3.0,0,0.9643848185342304
0.845,0.26842527782774417,128.0,0,100,3.0,0,1.0
0.85,0.30321927900592993,126.16275066678318,0,100,3.0,0,0.9636188250848154
0.855,0.3350163137995362,121.1116044575634,0,100,3.0,0,0.8635961278725426
0.86,0.3620352400956416,113.90717007869759,0,100,3.0,0,0.7209340609643087
0.865,0.3826586036805073,105.90088318147954,0,100,3.0,0,0.5623937263659315
0.87,0.39559233134833227,98.34046706321053,0,100,3.0,0,0.41268251610317874
0.875,0.4,92.08499814602648,0,100,3.0,0,0.28881184447577185
0.88,0.39559233134833227,87.50864038323002,0,100,3.0,0,0.1981908986778221
0.885,0.3826586036805073,84.57442275691706,0,100,3.0,0,0.14008757934489227
0.89,0.3620352400956416,82.99710802083918,0,100,3.0,0,0.10885362417503323
0.895,0.3350163137995362,82.40804661099806,0,100,3.0,0,0.09718904180194171
0.9,0.3032192790059296,82.46851319639717,0,100,3.0,0,0.0983863999286568
0.905,0.26842527782774417,82.92004890238644,0,100,3.0,0,0.10732770103735526
0.91,0.23241585813229,83.58796849171559,0,100,3.0,0,0.12055383151912051
0.915,0.19682662652900276,84.36197804515345,0,100,3.0,0,0.13588075336937525
0.92,0.16303381314489318,85.17248310799981,0,100,3.0,0,0.15193035857425366
0.925,0.13208310477486307,85.97196310008664,0,100,3.0,0,0.1677616455462701
0.93,0.10466285982723562,86.72363196440325,0,100,3.0,0,0.18264617751293571
0.935,0.08111733445917907,87.39605351764324,0,100,3.0,0,0.1959614557949156
0.94,0.06149084917398798,87.9615095120021,0,100,3.0,0,0.20715860419806129
0.945,0.04559141333598128,88.39629447802281,0,100,3.0,0,0.2157682074856002
0.95,0.03306217087257399,88.6817572080628,0,100,3.0,0,0.22142093481312486
0.955,0.02345067901074276,88.80541912343043,0,100,3.0,0,0.2238696856124837
0.96,0.016268788896435526,88.761813641984,0,100,3.0,0,0.22300621073235655
0.965,0.011039026374860051,88.55286824522712,0,100,3.0,0,0.21886867812330923
0.97,0.007326255555493689,88.18775826412227,0,100,3.0,0,0.2116387775073716
0.975,0.0047556414315231815,87.68223746822366,0,100,3.0,0,0.20162846471730023
0.98,0.0030193390635632803,87.05751062541435,0,100,3.0,0,0.18925763614681884
0.985,0.001874953127946523,86.33875969754904,0,100,3.0,0,0.17502494450592151
0.99,0.0011387927410965778,85.55346606508107,0,100,3.0,0,0.15947457554615976
0.995,0.0006765107634274089,84.72968388537797,0,100,3.0,0,0.14316205713619734
1.0,0.00039307957404427924,83.8944140290608,0,100,3.0,0,0.12662205998140194
1.005,0.00022338910511776318,83.07220603434823,0,100,3.0,0,0.11034071355145003
1.01,0.00012417073320013317,82.2840812711329,0,100,3.0,0,0.09473428259669119
1.015,6.750753468904987e-05,81.54682943609703,0,100,3.0,0,0.08013523635835698
1.02,3.5897234866245036e-05,80.87268841585063,0,100,3.0,0,0.06678590922476499
1.025,1.8670050400879738e-05,80.26937973963246,0,100,3.0,0,0.054839202764999116
1.03,9.497421874143672e-06,79.7404423296401,0,100,3.0,0,0.04436519464633868
1.035,4.725434140340885e-06,79.28578839837682,0,100,3.0,0,0.03536214650251135
1.04,2.299606063738814e-06,78.90239771037702,0,100,3.0,0,0.02777025169063399
1.045,1.0945633976635486e-06,78.58506900977153,0,100,3.0,0,0.021486515044980795
1.05,5.095703414287532e-07,78.32715803895881,0,100,3.0,0,0.016379367108095323
1.055,2.3202944964797243e-07,78.12124742111936,0,100,3.0,0,0.012301929131076509
1.06,1.0333746954038608e-07,77.95971182173484,0,100,3.0,0,0.009103204390788959
1.065,4.501406988770349e-08,77.83515963913185,0,100,3.0,0,0.006636824537264261
1.07,0.0,77.74074802073012,0,100,3.0,0,0.004767287539210363
1.075,0.0,77.67038003596295,0,100,3.0,0,0.003373862098276232
1.08,0.0,77.61880087924757,0,100,3.0,0,0.0023524926583677777
1.085,0.0,77.5816141709287,0,100,3.0,0,0.001616122196607968
1.09,0.0,77.5552403549693,0,100,3.0,0,0.0010938684152336571
1.095,0.0,77.53683768391573,0,100,3.0,0,0.0007294590874402959
1.1,0.0,77.52420321967791,0,100,3.0,0,0.00047927167679039497
1.105,0.0,77.51566747236087,0,100,3.0,0,0.0003102469774430597
1.11,0.0,77.50999239747283,0,100,3.0,0,0.00019786925688769166
1.115,0.0,77.50627892699517,0,100,3.0,0,0.00012433518802307088
1.12,0.0,77.50388728278739,0,100,3.0,0,7.697589677997649e-05
1.125,0.0,77.50237111056772,0,100,3.0,0,4.695268450935074e-05
1.13,0.0,77.50142495925365,0,100,3.0,0,2.8217014923849084e-05
1.135,0.0,77.5008437194384,0,100,3.0,0,1.6707315611742756e-05
1.14,0.0,77.50049219662667,0,100,3.0,0,9.746467854781015e-06
1.145,0.0,77.50028289428887,0,100,3.0,0,5.601867106388634e-06
1.15,0.0,77.500160197117,0,100,3.0,0,3.172220138565373e-06
1.155,0.0,77.50008937790716,0,100,3.0,0,1.769859547701092e-06
1.16,0.0,77.50004913043793,0,100,3.0,0,9.728799590006794e-07
1.165,0.0,77.50002660823445,0,100,3.0,0,5.268957316743446e-07
1.17,0.0,77.50001419797643,0,100,3.0,0,2.811480480503822e-07
1.175,0.001684486749771458,77.50000746417498,0,100,3.0,0,1.4780544524280167e-07
1.18,0.00456624331333666,77.50000386618065,0,100,3.0,0,7.6558032643865e-08
1.185,0.011079731271581421,77.50000197300162,0,100,3.0,0,3.906933893676528e-08
1.19,0.024064571490409,77.5000009920138,0,100,3.0,0,1.9643837535707885e-08
1.195,0.046784906529573234,77.50000049142014,0,100,3.0,0,9.731091848710877e-09
1.2,0.08141644351188804,77.50000023984637,0,100,3.0,0,4.749433110821946e-09
1.205,0.12682276464025305,77.50000011533426,0,100,3.0,1,2.2838467223006982e-09
1.21,0.1768320708657512,77.50000005464224,0,100,3.0,1,1.0820246085257727e-09
1.215,0.22070063230473494,77.50000002550607,0,100,3.0,1,5.050706607620992e-10
1.22,0.24656126505113576,77.50000001173015,0,100,3.0,1,2.3228021926133627e-10
1.225,0.24656126505724016,77.50000000531507,0,100,3.0,1,1.0524896685755005e-10
1.23,0.220700632329898,77.50000000237279,0,100,3.0,1,4.698586954054017e-11
1.235,0.17683207093748562,77.50000000104365,0,100,3.0,1,2.066624099573139e-11
1.24,0.12682276483597799,77.50000000045226,0,100,3.0,1,8.955652501213936e-12
1.245,0.08141644409447898,77.5000000001931,0,100,3.0,1,3.823704829112175e-12
1.25,0.04678490952598309,77.50000000008123,0,100,3.0,1,1.6084999119226663e-12
1.255,0.024064605020532023,77.50000000003367,0,100,3.0,1,6.66643857827991e-13
1.26,0.011080171739334697,77.50000000001374,0,100,3.0,1,2.7211676256634333e-13
1.265,0.004571212771509492,77.50000000000553,0,100,3.0,1,1.0946579176660553e-13
1.27,0.0017299316936037438,77.50000000000219,0,100,3.0,1,4.333607180477443e-14
1.275,0.0008899431850697582,77.50000000000085,0,100,3.0,1,1.6884183820041984e-14
1.28,0.002128806368910263,77.50000000000033,0,100,3.0,1,6.472270464349428e-15
1.285,0.009309664818487698,77.50000000000013,0,100,3.0,1,2.5326275730062976e-15
1.29,0.03503263543368747,77.50000000000004,0,100,3.0,1,8.442091910020992e-16
1.295,0.10606267793605692,77.50000000000001,0,100,3.0,1,2.814030636673664e-16
1.3,0.25734927343160535,77.5,0,100,3.0,1,0.0
1.305,0.5003202479539708,77.5,0,100,3.0,1,0.0
1.31,0.7793067891790435,77.5,0,100,3.0,1,0.0
1.315,0.9720477407234077,77.50000297947125,1,100,3.0,1,5.8999430643555095e-08
1.32,0.967267334488097,77.50000669548267,0,100,3.0,1,1.3258381520497303e-07
1.325,0.7505869905515209,77.50001668432624,0,100,3.0,1,3.303826978332503e-07
1.33,0.4028369574773956,77.50004864066203,0,100,3.0,1,9.63181426330644e-07
1.335,0.04553881263121314,77.5001638762621,0,100,3.0,1,3.245074497168515e-06
1.34,-0.189138810908105,77.50059305601808,0,100,3.0,1,1.1743683526253451e-05
1.345,-0.22868072635956738,77.50214361864761,0,100,3.0,1,4.244789401204033e-05
1.35,-0.14104670682394166,77.50740440946578,0,100,3.0,1,0.0001466219696193647
1.355,-0.051158381651102834,77.52391675045838,0,100,3.0,1,0.0004735990189778864
1.36,-0.008206426846427752,77.5715281770081,0,100,3.0,1,0.001416399544714948
1.365,0.005350271385530505,77.69717852300056,0,100,3.0,1,0.003904525207931869
1.37,0.01084668799215426,77.99996608244125,0,100,3.0,1,0.009900318464183116
1.375,0.016256859896386415,78.66488444994854,0,100,3.0,1,0.023067018810862275
1.38,0.02345021205790711,79.99269205274055,0,100,3.0,1,0.04936023866812973
1.385,0.0330621597308209,82.39762966193258,0,100,3.0,1,0.09698276558282344
1.39,0.04559141319943196,86.33439214585457,0,100,3.0,1,0.17493845833375377
1.395,0.06149084917446989,92.12891580999748,0,100,3.0,1,0.2896815011880689
1.4,0.08111733445924295,99.73729946877143,0,100,3.0,1,0.44034256373804803
1.405,0.1046628598272375,108.53063759966085,0,100,3.0,1,0.6144680712804128
1.41,0.1320831047748631,117.25196435735869,0,100,3.0,1,0.7871676110368057
1.415,0.16303381314489318,124.25521878140476,0,100,3.0,1,0.9258459164634607
1.42,0.19682662652900276,128.0,0,100,3.0,1,1.0
1.425,0.23241585813229,127.60821013993106,0,100,3.0,1,0.99224178494913
1.43,0.26842527782774417,123.21009401234988,0,100,3.0,1,0.9051503764821759
1.435,0.30321927900592993,115.89514598451852,0,100,3.0,1,0.7602999204855153
1.44,0.3350163137995362,107.29447867544081,0,100,3.0,1,0.5899896767414022
1.445,0.3620352400956416,99.01424251870807,0,100,3.0,1,0.42602460433085293
1.45,0.3826586036805073,92.18796047940592,0,100,3.0,1,0.2908507025624934
1.455,0.39559233134833227,87.30619325917266,0,100,3.0,1,0.19418204473609224
1.46,0.4,84.31153753264881,0,100,3.0,1,0.13488193133958046
1.465,0.39559233134833227,82.8311073691211,0,100,3.0,1,0.10556648255685346
1.47,0.3826586036805073,82.40599310593515,0,100,3.0,1,0.09714837833534956
1.475,0.3620352400956416,82.63713816175672,0,100,3.0,1,0.10172550815359849
1.48,0.3350163137995362,83.23817846509434,0,100,3.0,1,0.1136272963385017
1.485,0.3032192790059296,84.02691167312304,0,100,3.0,1,0.1292457757054067
1.49,0.26842527782774417,84.89307467702398,0,100,3.0,1,0.1463975183569104
1.495,0.23241585813229,85.76705880776896,0,100,3.0,1,0.16370413480730617
1.5,0.19682662652900276,86.59894936510275,0,100,3.0,1,0.1801772151505496
1.505,0.16303381314489318,87.34785757910886,0,100,3.0,1,0.1950070807744329
1.51,0.13208310477486307,87.97819166628076,0,100,3.0,1,0.20748894388674782
1.515,0.10466285982723562,88.45958304429135,0,100,3.0,1,0.2170214464216109
1.52,0.08111733445917907,88.76826866188912,0,100,3.0,1,0.22313403290869552
1.525,0.06149084917398798,88.88869777488769,0,100,3.0,1,0.22551876781955818
1.53,0.04559141333598128,88.8147323001406,0,100,3.0,1,0.22405410495327932
1.535,0.03306217087257399,88.55013959537686,0,100,3.0,1,0.21881464545300716
1.54,0.02345067901074276,88.1082683696946,0,100,3.0,1,0.21006472019197225
1.545,0.016268788896435526,87.51093131541633,0,100,3.0,1,0.19823626367161049
1.55,0.011039026374860051,86.78662085692815,0,100,3.0,1,0.18389348231540897
1.555,0.007326255555493689,85.96826028051984,0,100,3.0,1,0.16768832238653153
1.56,0.0047556414315231815,85.09073675815792,0,100,3.0,1,0.1503116189734241
1.565,0.0030193390635632803,84.18847199298509,0,100,3.0,1,0.1324449899601007
1.57,0.001874953127946523,83.29326166418531,0,100,3.0,1,0.11471805275614473
1.575,0.0011387927410965778,82.4325628331511,0,100,3.0,1,0.09767451154754644
1.58,0.0006765107634274089,81.6283390472271,0,100,3.0,1,0.08174928806390298
1.585,0.00039307957404427924,80.89649780311149,0,100,3.0,1,0.06725738223983142
1.59,0.00022338910511776318,80.24688557285587,0,100,3.0,1,0.05439377371991829
1.595,0.00012417073320013317,79.68375065546115,0,100,3.0,1,0.04324258723685453
1.6,6.750753468904987e-05,79.2065490600829,0,100,3.0,1,0.03379305069471102
1.605,3.5897234866245036e-05,78.81095491810038,0,100,3.0,1,0.02595950332872037
1.61,1.8670050400879738e-05,78.48994253721577,0,100,3.0,1,0.019602822519124118
1.615,9.497421874143672e-06,78.23482760765253,0,100,3.0,1,0.014551041735693738
1.62,4.725434140340885e-06,78.03618442262216,0,100,3.0,1,0.010617513319250621
1.625,2.299606063738814e-06,77.88458839065662,0,100,3.0,1,0.007615611696170638
1.63,1.0945633976635486e-06,77.77116360414196,0,100,3.0,1,0.005369576319642791
1.635,5.095703414287532e-07,77.68794028219736,0,100,3.0,1,0.0037215897464823746
1.64,2.3202944964797243e-07,77.62804469831093,0,100,3.0,1,0.0025355385804144556
1.645,1.0333746954038608e-07,77.58575443254034,0,100,3.0,1,0.001698107575056257
1.65,4.501406988770349e-08,77.55645531088335,0,100,3.0,1,0.0011179269481851636
1.655,0.0,77.5365347616806,0,100,3.0,1,0.0007234606273385961
1.66,0.0,77.52324133142528,0,100,3.0,1,0.00046022438465905734
1.665,0.0,77.51453345862433,0,100,3.0,1,0.00028779125988768274
1.67,0.0,77.508933676106,0,100,3.0,1,0.00017690447734647176
1.675,0.0,77.50539814662669,0,100,3.0,1,0.00010689399260770349
1.68,0.0,77.50320636087476,0,100,3.0,1,6.349229454963054e-05
1.685,0.0,77.50187211866701,0,100,3.0,1,3.707165677245948e-05
1.69,0.0,77.50107450291127,0,100,3.0,1,2.1277285371594854e-05
1.695,0.0,77.50060622671245,0,100,3.0,1,1.2004489355428569e-05
1.7,0.0,77.50033621399805,0,100,3.0,1,6.6577029317591265e-06
1.705,0.0,77.50018329463894,0,100,3.0,1,3.6295968107757594e-06
1.71,0.0,77.50009822838055,0,100,3.0,1,1.9451164465602115e-06
1.715,0.0,77.50005174607993,0,100,3.0,1,1.0246748501577884e-06
1.72,0.001684486749771458,77.50002679607444,0,100,3.0,1,5.30615335379696e-07
1.725,0.00456624331333666,77.50001364011858,0,100,3.0,1,2.701013580454036e-07
1.73,0.011079731271581421,77.50000682524689,0,100,3.0,1,1.3515340366337672e-07
1.735,0.024064571490409,77.50000335715842,0,100,3.0,1,6.647838454858237e-08
1.74,0.046784906529573234,77.50000162322436,0,100,3.0,1,3.214305670913781e-08
1.745,0.08141644351188804,77.5000007715046,0,100,3.0,1,1.5277318859919224e-08
1.75,0.12682276464025305,77.50000036045557,0,100,3.0,1,7.1377341177283975e-09
1.755,0.1768320708657512,77.50000016554581,0,100,3.0,1,3.2781349208301317e-09
1.76,0.22070063230473494,77.50000007473739,0,100,3.0,1,1.4799482387658855e-09
1.765,0.24656126505113576,77.50000003316735,0,100,3.0,1,6.567792734311315e-10
1.77,0.24656126505724016,77.50000001446895,0,100,3.0,1,2.8651390610969314e-10
1.775,0.220700632329898,77.50000000620464,0,100,3.0,1,1.2286423583699984e-10
1.78,0.17683207093748562,77.50000000261547,0,100,3.0,1,5.179138965878779e-11
1.785,0.12682276483597799,77.50000000108376,0,100,3.0,1,2.1460641844464365e-11
1.79,0.08141644409447898,77.50000000044145,0,100,3.0,1,8.74150476976307e-12
1.795,0.04678490952598309,77.50000000017675,0,100,3.0,1,3.5000913058947033e-12
1.8,0.024064605020532023,77.50000000006956,0,100,3.0,1,1.3774679966517585e-12
1.805,0.011080171739334697,77.50000000002692,0,100,3.0,1,5.32977402585992e-13
1.81,0.004571212771509492,77.50000000001023,0,100,3.0,1,2.0261020584050382e-13
1.815,0.0017299316936037438,77.50000000000382,0,100,3.0,1,7.569742412652157e-14
1.82,0.0008899431850697582,77.5000000000014,0,100,3.0,1,2.7858903303069274e-14
1.825,0.002128806368910263,77.50000000000051,0,100,3.0,1,1.013051029202519e-14
1.83,0.009309664818487698,77.50000000000018,0,100,3.0,1,3.6582398276757634e-15
1.835,0.03503263543368747,77.50000000000006,0,100,3.0,1,1.1256122546694657e-15
1.84,0.10606267793605692,77.50000000000001,0,100,3.0,1,2.814030636673664e-16
1.845,0.25734927343160535,77.5,0,100,3.0,1,0.0
1.85,0.5003202479539708,77.5,0,100,3.0,1,0.0
1.855,0.7793067891790435,77.5,0,100,3.0,1,0.0
1.86,0.9720477407234077,77.50000296417907,1,100,3.0,1,5.8696615339370215e-08
1.865,0.967267334488097,77.50000671426626,0,100,3.0,1,1.3295576758366115e-07
1.87,0.7505869905515209,77.50001690807775,0,100,3.0,1,3.3481342086923917e-07
1.875,0.4028369574773956,77.50004998152149,0,100,3.0,1,9.897330987161408e-07
1.88,0.04553881263121314,77.50017093493624,0,100,3.0,1,3.3848502224904368e-06
1.885,-0.189138810908105,77.50062682696246,0,100,3.0,1,1.2412415098215026e-05
1.89,-0.22868072635956738,77.50228951654114,0,100,3.0,1,4.533696121069003e-05
1.895,-0.14104670682394166,77.50797121731352,0,100,3.0,1,0.00015784588739653274
1.9,-0.051158381651102834,77.52589581734757,0,100,3.0,1,0.0005127884623282125
1.905,-0.008206426846427752,77.57774358530986,0,100,3.0,1,0.001539476936828929
1.91,0.005350271385530505,77.7147515715821,0,100,3.0,1,0.00425250636796235
1.915,0.01084668799215426,78.04471478880228,0,100,3.0,1,0.01078643146143131
1.92,0.016256859896386415,78.76748649806238,0,100,3.0,1,0.02509874253588876
1.925,0.02345021205790711,80.20427167320135,0,100,3.0,1,0.05354993412279896
1.93,0.0330621597308209,82.78911922275384,0,100,3.0,1,0.10473503411393742
1.935,0.04559141319943196,86.98172744251318,0,100,3.0,1,0.18775697905966685
1.94,0.06149084917446989,93.07887730032347,0,100,3.0,1,0.30849261980838555
1.945,0.08111733445924295,100.95962721250167,0,100,3.0,1,0.4645470735148846
1.95,0.1046628598272375,109.87793025058434,0,100,3.0,1,0.6411471336749375
1.955,0.1320831047748631,118.45853789884562,0,100,3.0,1,0.8110601564127845
1.96,0.16303381314489318,124.99616767138359,0,100,3.0,1,0.9405181717105661
1.965,0.19682662652900276,128.0,0,100,3.0,1,1.0
1.97,0.23241585813229,126.75356838385197,0,100,3.0,1,0.9753181858188509
1.975,0.26842527782774417,121.60504184108623,0,100,3.0,1,0.8733671651700244
1.98,0.30321927900592993,113.82915829348634,0,100,3.0,1,0.7193892731383434
1.985,0.3350163137995362,105.1368956240279,0,100,3.0,1,0.5472652598817406
1.99,0.3620352400956416,97.09121900543379,0,100,3.0,1,0.387944930800669
1.995,0.3826586036805073,90.69899581482312,0,100,3.0,1,0.2613662537588737
2.0,0.39559233134833227,86.30643547151764,0,100,3.0,1,0.1743848608221316
2.005,0.4,83.74771204094193,0,100,3.0,1,0.12371707011766206
2.01,0.39559233134833227,82.59820551494997,0,100,3.0,1,0.1009545646524746
2.015,0.3826586036805073,82.39507218456649,0,100,3.0,1,0.09693212246666312
2.02,0.3620352400956416,82.76100457002498,0,100,3.0,1,0.10417830831732633
2.025,0.3350163137995362,83.43701275683196,0,100,3.0,1,0.11756460904617747
2.03,0.3032192790059296,84.26274473002995,0,100,3.0,1,0.13391573722831585
2.035,0.26842527782774417,85.14136714527861,0,100,3.0,1,0.1513142008966061
2.04,0.23241585813229,86.00990517918865,0,100,3.0,1,0.1685129738453198
2.045,0.19682662652900276,86.82112236316677,0,100,3.0,1,0.1845766804587478
2.05,0.16303381314489318,87.53521333823748,0,100,3.0,1,0.19871709580668284
2.055,0.13208310477486307,88.11753774701205,0,100,3.0,1,0.21024827221806042
2.06,0.10466285982723562,88.53926927071664,0,100,3.0,1,0.2185993914993395
2.065,0.08111733445917907,88.77902403173812,0,100,3.0,1,0.22334701052946768
2.07,0.06149084917398798,88.82443075630417,0,100,3.0,1,0.22424615359018152
2.075,0.04559141333598128,88.67312595457363,0,100,3.0,1,0.22125001890244822
2.08,0.03306217087257399,88.33294216334119,0,100,3.0,1,0.21451370620477597
2.085,0.02345067901074276,87.8212325486588,0,100,3.0,1,0.20438084254769898
2.09,0.016268788896435526,87.16340340705206,0,100,3.0,1,0.19135452291192195
2.095,0.011039026374860051,86.39082504390485,0,100,3.0,1,0.17605594146346246
2.1,0.007326255555493689,85.53835951391795,0,100,3.0,1,0.15917543591916739
2.105,0.0047556414315231815,84.64177552213825,0,100,3.0,1,0.1414212974680841
2.11,0.0030193390635632803,83.73531462915751,0,100,3.0,1,0.12347157681500029
2.115,0.001874953127946523,82.8496326055666,0,100,3.0,1,0.10593331892211084
2.12,0.0011387927410965778,82.01027424192745,0,100,3.0,1,0.0893123612262861
2.125,0.0006765107634274089,81.23676123804874,0,100,3.0,1,0.07399527204056917
2.13,0.00039307957404427924,80.54229383076677,0,100,3.0,1,0.06024344219340132
2.135,0.00022338910511776318,79.93399886750076,0,100,3.0,1,0.04819799737625271
2.14,0.00012417073320013317,79.41360807300065,0,100,3.0,1,0.037893229168329615
2.145,6.750753468904987e-05,78.97842407043797,0,100,3.0,1,0.029275724167088454
2.15,3.5897234866245036e-05,78.62242792395355,0,100,3.0,1,0.022226295523832713
2.155,1.8670050400879738e-05,78.33739682142036,0,100,3.0,1,0.016582115275650608
2.16,9.497421874143672e-06,78.11392816965889,0,100,3.0,1,0.0121569934585919
2.165,4.725434140340885e-06,77.9423002876319,0,100,3.0,1,0.008758421537265242
2.17,2.299606063738814e-06,77.81313404636992,0,100,3.0,1,0.006200674185543062
2.175,1.0945633976635486e-06,77.7178495995346,0,100,3.0,1,0.004313853456130745
2.18,5.095703414287532e-07,77.64893495872354,0,100,3.0,1,0.002949207103436511
2.185,2.3202944964797243e-07,77.60005756748029,0,100,3.0,1,0.0019813379699067666
2.19,1.0333746954038608e-07,77.56605666430328,0,100,3.0,1,0.0013080527584806965
2.195,4.501406988770349e-08,77.54285453088583,0,100,3.0,1,0.0008486045719966978
2.2,0.0,77.5273206016611,0,100,3.0,1,0.0005410020130911431
2.205,0.0,77.51711579911962,0,100,3.0,1,0.0003389267152400488
2.21,0.0,77.5105370128528,0,100,3.0,1,0.00020865371985730172
2.215,0.0,77.50637457516568,0,100,3.0,1,0.00012622921120157684
2.22,0.0,77.50378964379554,0,100,3.0,1,7.504245139688068e-05
2.225,0.0,77.50221390480374,0,100,3.0,1,4.3839699083937465e-05
2.23,0.0,77.50127096298368,0,100,3.0,1,2.5167583835287354e-05
2.235,0.0,77.5007170018383,0,100,3.0,1,1.4198056203890746e-05
2.24,0.0,77.5003974852742,0,100,3.0,1,7.870995528834317e-06
2.245,0.0,77.50021653855089,0,100,3.0,1,4.287892096780893e-06
2.25,0.0,77.50011592118605,0,100,3.0,1,2.2954690307145002e-06
2.255,0.0,77.50006098230187,0,100,3.0,1,1.2075703341564587e-06
2.26,0.001684486749771458,77.50003152522672,0,100,3.0,1,6.2426191519053e-07
2.265,0.00456624331333666,77.50001601496638,0,100,3.0,1,3.1712804707015015e-07
2.27,0.011079731271581421,77.5000079947935,0,100,3.0,1,1.5831274269955187e-07
2.275,0.024064571490409,77.50000392194843,0,100,3.0,1,7.766234521924243e-08
2.28,0.046784906529573234,77.50000189064467,0,100,3.0,1,3.743850828472529e-08
2.285,0.08141644351188804,77.50000089563562,0,100,3.0,1,1.7735358862482105e-08
2.29,0.12682276464025305,77.50000041693293,0,100,3.0,1,8.256097710880856e-09
2.295,0.1768320708657512,77.500000190728,0,100,3.0,1,3.776792124368188e-09
2.3,0.22070063230473494,77.50000008573855,0,100,3.0,1,1.697793043667213e-09
2.305,0.24656126505113576,77.50000003787487,0,100,3.0,1,7.499974151077107e-10
2.31,0.24656126505724016,77.50000001644143,0,100,3.0,1,3.255729327497872e-10
2.315,0.220700632329898,77.50000000701361,0,100,3.0,1,1.3888338663932835e-10
2.32,0.17683207093748562,77.50000000294007,0,100,3.0,1,5.821919843907777e-11
2.325,0.12682276483597799,77.50000000121112,0,100,3.0,1,2.3982576101051303e-11
2.33,0.08141644409447898,77.50000000049026,0,100,3.0,1,9.708124293460474e-12
2.335,0.04678490952598309,77.50000000019502,0,100,3.0,1,3.8616942427072695e-12
2.34,0.024064605020532023,77.50000000007623,0,100,3.0,1,1.5094460335117535e-12
2.345,0.011080171739334697,77.50000000002929,0,100,3.0,1,5.799717142184422e-13
2.35,0.004571212771509492,77.50000000001106,0,100,3.0,1,2.1893158353321106e-13
2.355,0.0017299316936037438,77.50000000000409,0,100,3.0,1,8.104408233620152e-14
2.36,0.0008899431850697582,77.50000000000149,0,100,3.0,1,2.9547321685073474e-14
2.365,0.002128806368910263,77.50000000000054,0,100,3.0,1,1.0693316419359924e-14
2.37,0.009309664818487698,77.50000000000018,0,100,3.0,1,3.6582398276757634e-15
2.375,0.03503263543368747,77.50000000000007,0,100,3.0,1,1.4070153183368321e-15
2.38,0.10606267793605692,77.50000000000003,0,100,3.0,1,5.628061273347328e-16
2.385,0.25734927343160535,77.5,0,100,3.0,1,0.0
2.39,0.5003202479539708,77.5,0,100,3.0,1,0.0
2.395,0.7793067891790435,77.5,0,100,3.0,1,0.0
2.4,0.9720477407234077,77.500002961856,1,100,3.0,1,5.865061381774638e-08
2.405,0.967267334488097,77.500006041423,0,100,3.0,1,1.1963213873878877e-07
2.41,0.7505869905515209,77.50001328138595,0,100,3.0,2,2.629977415165173e-07
2.415,0.4028369574773956,77.50003283321637,0,100,3.0,2,6.501627003199426e-07
2.42,0.04553881263121314,77.50009198824264,0,100,3.0,2,1.8215493592959877e-06
2.425,-0.189138810908105,77.50028074560149,0,100,3.0,2,5.559318841314602e-06
2.43,-0.22868072635956738,77.50088215537116,0,100,3.0,2,1.7468423191256096e-05
2.435,-0.14104670682394166,77.5027317136506,0,100,3.0,2,5.409333961592487e-05
2.44,-0.051158381651102834,77.50812515206187,0,100,3.0,2,0.00016089410023495125
2.445,-0.008206426846427752,77.52290585167412,0,100,3.0,2,0.0004535812212697967
2.45,0.005350271385530505,77.5607994860294,0,100,3.0,2,0.0012039502184038745
2.455,0.01084668799215426,77.65144697964095,0,100,3.0,2,0.0029989500919000286
2.46,0.016256859896386415,77.85343089561607,0,100,3.0,2,0.00699863159635785
2.465,0.02345021205790711,78.27206809920676,0,100,3.0,2,0.015288477212015105
2.47,0.0330621597308209,79.07802187804528,0,100,3.0,2,0.031247957981094594
2.475,0.04559141319943196,80.51693895137673,0,100,3.0,2,0.05974136537379663
2.48,0.06149084917446989,82.89454088046219,0,100,3.0,2,0.10682259169232054
2.485,0.08111733445924295,86.52074732919208,0,100,3.0,2,0.17862865998400151
2.49,0.1046628598272375,91.60628022891433,0,100,3.0,2,0.2793322817606798
2.495,0.1320831047748631,98.12800786254579,0,100,3.0,2,0.40847540321872844
2.5,0.16303381314489318,105.70840989696592,0,100,3.0,2,0.5585823741973449
2.505,0.19682662652900276,113.57344353324595,0,100,3.0,2,0.7143256145197218
2.51,0.23241585813229,120.64276888442222,0,100,3.0,2,0.8543122551370738
2.515,0.26842527782774417,125.75956336367835,0,100,3.0,2,0.9556349180926407
2.52,0.30321927900592993,128.0,0,100,3.0,2,1.0
2.525,0.3350163137995362,126.95061745029365,0,100,3.0,2,0.9792201475305673
2.53,0.3620352400956416,122.84001560912182,0,100,3.0,2,0.897822091269739
2.535,0.3826586036805073,116.46801010317881,0,100,3.0,2,0.7716437644193824
2.54,0.39559233134833227,108.96296573740314,0,100,3.0,2,0.6230290245030324
2.545,0.4,101.46881286087532,0,100,3.0,2,0.4746299576410954
2.55,0.39559233134833227,94.88053871179497,0,100,3.0,2,0.34416908340188057
2.555,0.3826586036805073,89.70779311233117,0,100,3.0,2,0.24173847747190444
2.56,0.3620352400956416,86.07956026661839,0,100,3.0,2,0.1698922825072948
2.565,0.3350163137995362,83.84687409322002,0,100,3.0,2,0.1256806751132678
2.57,0.3032192790059296,82.7187027867249,0,100,3.0,2,0.10334064924207731
2.575,0.26842527782774417,82.37771688222631,0,100,3.0,2,0.09658845311339226
2.58,0.23241585813229,82.55072048744152,0,100,3.0,2,0.10001426707804997
2.585,0.19682662652900276,83.03453037589074,0,100,3.0,2,0.1095946609087275
2.59,0.16303381314489318,83.69208055632127,0,100,3.0,2,0.12261545656081728
2.595,0.13208310477486307,84.43544696634281,0,100,3.0,2,0.1373355834919368
2.6,0.10466285982723562,85.20760297898806,0,100,3.0,2,0.15262580156412006
2.605,0.08111733445917907,85.96850260217812,0,100,3.0,2,0.1676931208352103
2.61,0.06149084917398798,86.6865931944108,0,100,3.0,2,0.18191273652298623
2.615,0.04559141333598128,87.33469336179016,0,100,3.0,2,0.19474640320376552
2.62,0.03306217087257399,87.88866412777621,0,100,3.0,2,0.20571612134210315
2.625,0.02345067901074276,88.32756689971691,0,100,3.0,2,0.21440726534092897
2.63,0.016268788896435526,88.63444229094094,0,100,3.0,2,0.22048400576120672
2.635,0.011039026374860051,88.7972016808272,0,100,3.0,2,0.22370696397677625
2.64,0.007326255555493689,88.80935150413694,0,100,3.0,2,0.22394755453736517
2.645,0.0047556414315231815,88.67040269484706,0,100,3.0,2,0.22119609296726842
2.65,0.0030193390635632803,88.38589749796584,0,100,3.0,2,0.21556232669239292
2.655,0.001874953127946523,87.96704111602165,0,100,3.0,2,0.20726814091131976
2.66,0.0011387927410965778,87.42996910265714,0,100,3.0,2,0.19663305153776514
2.665,0.0006765107634274089,86.79471636674512,0,100,3.0,2,0.18405378944049744
2.67,0.00039307957404427924,86.08397933237504,0,100,3.0,2,0.16997978875990172
2.675,0.00022338910511776318,85.32177758289465,0,100,3.0,2,0.15488668480979514
2.68,0.00012417073320013317,84.53212429988861,0,100,3.0,2,0.13924998613640807
2.685,6.750753468904987e-05,83.7378064113005,0,100,3.0,2,0.1235209190356534
2.69,3.5897234866245036e-05,82.95935736032456,0,100,3.0,2,0.1081060863430606
2.695,1.8670050400879738e-05,82.21428063285789,0,100,3.0,2,0.09335209173976025
2.7,9.497421874143672e-06,81.51655406697313,0,100,3.0,2,0.0795357240984778
2.705,4.725434140340885e-06,80.8764170164331,0,100,3.0,2,0.06685974289966524
2.71,2.299606063738814e-06,80.30041774319758,0,100,3.0,2,0.05545381669698188
2.715,1.0945633976635486e-06,79.7916792805792,0,100,3.0,2,0.04537978773424164
2.72,5.095703414287532e-07,79.35032975682887,0,100,3.0,2,0.03664019320453208
2.725,2.3202944964797243e-07,78.97403808767992,0,100,3.0,2,0.029188873023364655
2.73,1.0333746954038608e-07,78.65859741440458,0,100,3.0,2,0.022942523057516477
2.735,4.501406988770349e-08,78.39850537991533,0,100,3.0,2,0.01779218574089772
2.74,0.0,78.1875006071592,0,100,3.0,2,0.01361387340909295
2.745,0.0,78.01902678123402,0,100,3.0,2,0.010277758044237983
2.75,0.0,77.8866079019436,0,100,3.0,2,0.007655602018685262
2.755,0.0,77.78412926151917,0,100,3.0,2,0.0056263220102805754
2.76,0.0,77.70602763440992,0,100,3.0,2,0.004079755136830114
2.765,0.0,77.64740060525696,0,100,3.0,2,0.002918823866474497
2.77,0.0,77.604048862077,0,100,3.0,2,0.0020603735064751187
2.775,0.0,77.57246689949535,0,100,3.0,2,0.0014349881088188759
2.78,0.0,77.54979735814472,0,100,3.0,2,0.000986086299895357
2.785,0.0,77.53376270259416,0,100,3.0,2,0.0006685683682011887
2.79,0.0,77.52258563891289,0,100,3.0,2,0.000447240374512603
2.795,0.0,77.51490705436474,0,100,3.0,2,0.0002951891953414091
2.8,0.0,77.50970768257822,0,100,3.0,2,0.00019223133818265054
2.805,0.0,77.50623739972342,0,100,3.0,2,0.000123512865810248
2.81,0.0,77.50395417479393,0,100,3.0,2,7.830049096895945e-05
2.815,0.0,77.50247327511215,0,100,3.0,2,4.8975744795087046e-05
2.82,0.0,77.50152634696913,0,100,3.0,2,3.0224692458002417e-05
2.825,0.0,77.50092939083888,0,100,3.0,2,1.840377898766332e-05
2.83,0.0,77.50055835162344,0,100,3.0,2,1.1056467790881876e-05
2.835,0.0,77.50033096453323,0,100,3.0,2,6.553753133339972e-06
2.84,0.0,77.50019356169078,0,100,3.0,2,3.832904767894361e-06
2.845,0.0,77.50011169188872,0,100,3.0,2,2.2117205686966075e-06
2.85,0.0,77.50006358989972,0,100,3.0,2,1.2592059351395573e-06
2.855,0.0,77.5000357206146,0,100,3.0,2,7.07338903067007e-07
2.86,0.0,77.50001979766552,0,100,3.0,2,3.920329805119349e-07
2.865,0.0,77.50001082613204,0,100,3.0,2,2.1437885228950486e-07
2.87,0.0,77.50000584113084,0,100,3.0,2,1.156659572873173e-07
2.875,0.001684486749771458,77.50000310945893,0,100,3.0,2,6.157344416513495e-08
2.88,0.00456624331333666,77.50000163319106,0,100,3.0,2,3.234041705942254e-08
2.885,0.011079731271581421,77.50000084635671,0,100,3.0,2,1.6759538865618098e-08
2.89,0.024064571490409,77.5000004327471,0,100,3.0,2,8.569249512400364e-09
2.895,0.046784906529573234,77.50000021831278,0,100,3.0,2,4.323025299671295e-09
2.9,0.08141644351188804,77.5000001086647,0,100,3.0,2,2.151776103832757e-09
2.905,0.12682276464025305,77.50000005336567,0,100,3.0,2,1.0567458899134695e-09
2.91,0.1768320708657512,77.50000002585828,0,100,3.0,2,5.120452356950949e-10
2.915,0.22070063230473494,77.50000001236238,0,100,3.0,2,2.447995601608337e-10
2.92,0.24656126505113576,77.50000000583134,0,100,3.0,2,1.154720587575218e-10
2.925,0.24656126505724016,77.50000000271393,0,100,3.0,2,5.374123148693897e-11
2.93,0.220700632329898,77.50000000124622,0,100,3.0,2,2.4677641668309697e-11
2.935,0.17683207093748562,77.50000000056461,0,100,3.0,2,1.1180425122568135e-11
2.94,0.12682276483597799,77.50000000025238,0,100,3.0,2,4.997718410732428e-12
2.945,0.08141644409447898,77.50000000011131,0,100,3.0,2,2.204230197706481e-12
2.95,0.04678490952598309,77.50000000004844,0,100,3.0,2,9.59303044042052e-13
2.955,0.024064605020532023,77.5000000000208,0,100,3.0,2,4.1197408520902444e-13
2.96,0.011080171739334697,77.50000000000881,0,100,3.0,2,1.7446989947376718e-13
2.965,0.004571212771509492,77.50000000000368,0,100,3.0,2,7.28833934898479e-14
2.97,0.0017299316936037438,77.50000000000152,0,100,3.0,2,3.011012781240821e-14
2.975,0.0008899431850697582,77.50000000000061,0,100,3.0,2,1.2100331737696755e-14
2.98,0.002128806368910263,77.50000000000024,0,100,3.0,2,4.783852082345229e-15
2.985,0.009309664818487698,77.5000000000001,0,100,3.0,2,1.969821445671565e-15
2.99,0.03503263543368747,77.50000000000004,0,100,3.0,2,8.442091910020992e-16
2.995,0.10606267793605692,77.50000000000001,0,100,3.0,2,2.814030636673664e-16
3.0,0.25734927343160535,77.5,0,100,3.0,2,0.0
3.005,0.5003202479539708,77.5,0,100,3.0,2,0.0
3.01,0.7793067891790435,77.5,0,100,3.0,2,0.0
3.015,0.9720477407234077,77.50000297973715,1,100,3.0,2,5.900469597627937e-08
3.02,0.967267334488097,77.50000723708847,0,100,3.0,2,1.4330868253583134e-07
3.025,0.7505869905515209,77.50002001837449,0,100,3.0,2,3.964034551519926e-07
3.03,0.4028369574773956,77.50006694939644,0,100,3.0,2,1.3257306225924449e-06
3.035,0.04553881263121314,77.50026060037405,0,100,3.0,2,5.1604034464986345e-06
3.04,-0.189138810908105,77.50106733889042,0,100,3.0,2,2.1135423572719214e-05
3.045,-0.22868072635956738,77.50424655315163,0,100,3.0,2,8.409016141844278e-05
3.05,-0.14104670682394166,77.51575017941248,0,100,3.0,2,0.00031188474084115563
3.055,-0.051158381651102834,77.5534826418345,0,100,3.0,2,0.001059062214544678
3.06,-0.008206426846427752,77.66501017465679,0,100,3.0,2,0.003267528211025457
3.065,0.005350271385530505,77.96106088555611,0,100,3.0,2,0.009129918525863529
3.07,0.01084668799215426,78.66498840728725,0,100,3.0,2,0.023069077372024828
3.075,0.016256859896386415,80.16014621890889,0,100,3.0,2,0.05267616275067113
3.08,0.02345021205790711,82.98741056454527,0,100,3.0,2,0.10866159533753013
3.085,0.0330621597308209,87.72440181574063,0,100,3.0,2,0.20246340229189375
3.09,0.04559141319943196,94.70622648833643,0,100,3.0,2,0.3407173562046817
3.095,0.06149084917446989,103.65191071702871,0,100,3.0,2,0.5178596181589844
3.1,0.08111733445924295,113.4008677975167,0,100,3.0,2,0.7109082732181524
3.105,0.1046628598272375,122.01749961027157,0,100,3.0,2,0.8815346457479519
3.11,0.1320831047748631,127.37320735406703,0,100,3.0,2,0.987588264436971
3.115,0.16303381314489318,128.0,0,100,3.0,2,1.0
3.12,0.19682662652900276,123.75648734248648,0,100,3.0,2,0.9159700463858709
3.125,0.23241585813229,115.89857246788875,0,100,3.0,2,0.7603677716413615
3.13,0.26842527782774417,106.50969653979104,0,100,3.0,2,0.5744494364315057
3.135,0.30321927900592993,97.64376058073063,0,100,3.0,2,0.3988863481332798
3.14,0.3350163137995362,90.65903813398302,0,100,3.0,2,0.26057501255411913
3.145,0.3620352400956416,86.01506438531412,0,100,3.0,2,0.16861513634285386
3.15,0.3826586036805073,83.47917414217639,0,100,3.0,2,0.11839948796388891
3.155,0.39559233134833227,82.49674207051957,0,100,3.0,2,0.09894538753504106
3.16,0.4,82.49817958352426,0,100,3.0,2,0.0989738531390943
3.165,0.39559233134833227,83.05007239462468,0,100,3.0,2,0.10990242365593422
3.17,0.3826586036805073,83.87578368056731,0,100,3.0,2,0.12625314218945166
3.175,0.3620352400956416,84.81380345069977,0,100,3.0,2,0.14482779110296565
3.18,0.3350163137995362,85.76779658174533,0,100,3.0,2,0.16371874419297683
3.185,0.3032192790059296,86.67184844008766,0,100,3.0,2,0.1816207611898546
3.19,0.26842527782774417,87.47313875135211,0,100,3.0,2,0.19748789606637843
3.195,0.23241585813229,88.12633333869115,0,100,3.0,2,0.21042244235031987
3.2,0.19682662652900276,88.59381423319475,0,100,3.0,2,0.21967948976623264
3.205,0.16303381314489318,88.84795635900169,0,100,3.0,2,0.22471200710894426
3.21,0.13208310477486307,88.87345600150226,0,100,3.0,2,0.22521695052479726
3.215,0.10466285982723562,88.66876217089471,0,100,3.0,2,0.22116360734444968
3.22,0.08111733445917907,88.24621171797565,0,100,3.0,2,0.21279627164308226
3.225,0.06149084917398798,87.63079423786489,0,100,3.0,2,0.20060978688841366
3.23,0.04559141333598128,86.85770496655505,0,100,3.0,2,0.1853010884466346
3.235,0.03306217087257399,85.9690160102425,0,100,3.0,2,0.1677032873315346
3.24,0.02345067901074276,85.00990271197692,0,100,3.0,2,0.1487109447916222
3.245,0.016268788896435526,84.02489338136556,0,100,3.0,2,0.12920580953199126
3.25,0.011039026374860051,83.05456789767435,0,100,3.0,2,0.10999144351830388
3.255,0.007326255555493689,82.13302764628874,0,100,3.0,2,0.09174312170868788
3.26,0.0047556414315231815,81.28631947492305,0,100,3.0,2,0.07497662326580291
3.265,0.0030193390635632803,80.53184762296321,0,100,3.0,2,0.06003658659333094
3.27,0.001874953127946523,79.87867570655591,0,100,3.0,2,0.047102489238730894
3.275,0.0011387927410965778,79.32852480221729,0,100,3.0,2,0.03620841192509481
3.28,0.0006765107634274089,78.87722286861909,0,100,3.0,2,0.02727173997265516
3.285,0.00039307957404427924,78.51635481060477,0,100,3.0,2,0.020125837833757765
3.29,0.00022338910511776318,78.23489318559248,0,100,3.0,2,0.014552340308762042
3.295,0.00012417073320013317,78.02064397281165,0,100,3.0,2,0.010309781639834752
3.3,6.750753468904987e-05,77.86140588623013,0,100,3.0,2,0.007156552202576843
3.305,3.5897234866245036e-05,77.74580309657692,0,100,3.0,2,0.004867388051028141
3.31,1.8670050400879738e-05,77.66380125672026,0,100,3.0,2,0.0032435892419853908
3.315,9.497421874143672e-06,77.60695100274675,0,100,3.0,2,0.002117841638549592
3.32,4.725434140340885e-06,77.56842113020001,0,100,3.0,2,0.001354873865346692
3.325,2.299606063738814e-06,77.54288776141823,0,100,3.0,2,0.0008492626023411557
3.33,1.0945633976635486e-06,77.52633990865071,0,100,3.0,2,0.0005215823495190519
3.335,5.095703414287532e-07,77.51585013268901,0,100,3.0,2,0.0003138640136437696
3.34,2.3202944964797243e-07,77.50934521487694,0,100,3.0,2,0.000185053759939493
3.345,1.0333746954038608e-07,77.50539862837142,0,100,3.0,2,0.00010690353210740193
3.35,4.501406988770349e-08,77.5030557324445,0,100,3.0,2,6.050955335632073e-05
3.355,0.0,77.50169466932981,0,100,3.0,2,3.355780851105163e-05
3.36,0.0,77.50092085736419,0,100,3.0,2,1.8234799290946223e-05
3.365,0.0,77.50049027247658,0,100,3.0,2,9.708365872925377e-06
3.37,0.0,77.5002557528089,0,100,3.0,2,5.0644120573685925e-06
3.375,0.001684486749771458,77.50013071970616,0,100,3.0,2,2.5885090329409486e-06
3.38,0.00456624331333666,77.50006546353681,0,100,3.0,2,1.2963076596748796e-06
3.385,0.011079731271581421,77.50003212148533,0,100,3.0,2,6.360690164937935e-07
3.39,0.024064571490409,77.50001544292367,0,100,3.0,2,3.0580046868770764e-07
3.395,0.046784906529573234,77.50000727446707,0,100,3.0,2,1.4404885279314965e-07
3.4,0.08141644351188804,77.50000335745801,0,100,3.0,2,6.64843170879706e-08
3.405,0.12682276464025305,77.50000151830055,0,100,3.0,2,3.006535742918792e-08
3.41,0.1768320708657512,77.5000006727329,0,100,3.0,2,1.3321443468679952e-08
3.415,0.22070063230473494,77.50000029205546,0,100,3.0,2,5.7832764495927194e-09
3.42,0.24656126505113576,77.50000012422979,0,100,3.0,2,2.4599957538553686e-09
3.425,0.24656126505724016,77.50000005177546,0,100,3.0,2,1.0252566056860275e-09
3.43,0.220700632329898,77.50000002114267,0,100,3.0,2,4.186666942722254e-10
3.435,0.17683207093748562,77.50000000845928,0,100,3.0,2,1.6751052030620953e-10
3.44,0.12682276483597799,77.50000000331623,0,100,3.0,2,6.566793753435296e-11
3.445,0.08141644409447898,77.50000000127378,0,100,3.0,2,2.522328220876072e-11
3.45,0.04678490952598309,77.50000000047937,0,100,3.0,2,9.49256954669127e-12
3.455,0.024064605020532023,77.50000000017677,0,100,3.0,2,3.5003727089583708e-12
3.46,0.011080171739334697,77.50000000006386,0,100,3.0,2,1.2646253681211446e-12
3.465,0.004571212771509492,77.50000000002261,0,100,3.0,2,4.4771227429478e-13
3.47,0.0017299316936037438,77.50000000000784,0,100,3.0,2,1.5533449114438627e-13
3.475,0.0008899431850697582,77.50000000000266,0,100,3.0,2,5.262237290579752e-14
3.48,0.002128806368910263,77.50000000000088,0,100,3.0,2,1.7446989947376717e-14
3.485,0.009309664818487698,77.50000000000028,0,100,3.0,2,5.6280612733473285e-15
3.49,0.03503263543368747,77.50000000000009,0,100,3.0,2,1.6884183820041984e-15
3.495,0.10606267793605692,77.50000000000003,0,100,3.0,2,5.628061273347328e-16
3.5,0.25734927343160535,77.50000000000001,0,100,3.0,2,2.814030636673664e-16
3.505,0.5003202479539708,77.5,0,100,3.0,2,0.0
3.51,0.7793067891790435,77.5,0,100,3.0,2,0.0
3.515,0.9720477407234077,77.50000297973715,1,100,3.0,2,5.900469597627937e-08
3.52,0.967267334488097,77.50000723708847,0,100,3.0,2,1.4330868253583134e-07
3.525,0.7505869905515209,77.50002001837449,0,100,3.0,2,3.964034551519926e-07
3.53,0.4028369574773956,77.50006694939644,0,100,3.0,2,1.3257306225924449e-06
3.535,0.04553881263121314,77.50026060037405,0,100,3.0,2,5.1604034464986345e-06
3.54,-0.189138810908105,77.50106733889042,0,100,3.0,2,2.1135423572719214e-05
3.545,-0.22868072635956738,77.50424655315163,0,100,3.0,2,8.409016141844278e-05
3.55,-0.14104670682394166,77.51575017941248,0,100,3.0,2,0.00031188474084115563
3.555,-0.051158381651102834,77.5534826418345,0,100,3.0,2,0.001059062214544678
3.56,-0.008206426846427752,77.66501017465679,0,100,3.0,2,0.003267528211025457
3.565,0.005350271385530505,77.96106088555611,0,100,3.0,2,0.009129918525863529
3.57,0.01084668799215426,78.66498840728725,0,100,3.0,2,0.023069077372024828
3.575,0.016256859896386415,80.16014621890889,0,100,3.0,2,0.05267616275067113
3.58,0.02345021205790711,82.98741056454527,0,100,3.0,2,0.10866159533753013
3.585,0.0330621597308209,87.72440181574063,0,100,3.0,2,0.20246340229189375
3.59,0.04559141319943196,94.70622648833643,0,100,3.0,2,0.3407173562046817
3.595,0.06149084917446989,103.65191071702871,0,100,3.0,2,0.5178596181589844
3.6,0.08111733445924295,113.4008677975167,0,100,3.0,2,0.7109082732181524
3.605,0.1046628598272375,122.01749961027157,0,100,3.0,2,0.8815346457479519
3.61,0.1320831047748631,127.37320735406703,0,100,3.0,2,0.987588264436971
3.615,0.16303381314489318,128.0,0,100,3.0,3,1.0
3.62,0.19682662652900276,123.75648734248648,0,100,3.0,3,0.9159700463858709
3.625,0.23241585813229,115.89857246788875,0,100,3.0,3,0.7603677716413615
3.63,0.26842527782774417,106.50969653979104,0,100,3.0,3,0.5744494364315057
3.635,0.30321927900592993,97.64376058073063,0,100,3.0,3,0.3988863481332798
3.64,0.3350163137995362,90.65903813398302,0,100,3.0,3,0.26057501255411913
3.645,0.3620352400956416,86.01506438531412,0,100,3.0,3,0.16861513634285386
3.65,0.3826586036805073,83.47917414217639,0,100,3.0,3,0.11839948796388891
3.655,0.39559233134833227,82.49674207051957,0,100,3.0,3,0.09894538753504106
3.66,0.4,82.49817958352426,0,100,3.0,3,0.0989738531390943
3.665,0.39559233134833227,83.05007239462468,0,100,3.0,3,0.10990242365593422
3.67,0.3826586036805073,83.87578368056731,0,100,3.0,3,0.12625314218945166
3.675,0.3620352400956416,84.81380345069977,0,100,3.0,3,0.14482779110296565
3.68,0.3350163137995362,85.76779658174533,0,100,3.0,3,0.16371874419297683
3.685,0.3032192790059296,86.67184844008766,0,100,3.0,3,0.1816207611898546
3.69,0.26842527782774417,87.47313875135211,0,100,3.0,3,0.19748789606637843
3.695,0.23241585813229,88.12633333869115,0,100,3.0,3,0.21042244235031987
3.7,0.19682662652900276,88.59381423319475,0,100,3.0,3,0.21967948976623264
3.705,0.16303381314489318,88.84795635900169,0,100,3.0,3,0.22471200710894426
3.71,0.13208310477486307,88.87345600150226,0,100,3.0,3,0.22521695052479726
3.715,0.10466285982723562,88.66876217089471,0,100,3.0,3,0.22116360734444968
3.72,0.08111733445917907,88.24621171797565,0,100,3.0,3,0.21279627164308226
3.725,0.06149084917398798,87.63079423786489,0,100,3.0,3,0.20060978688841366
3.73,0.04559141333598128,86.85770496655505,0,100,3.0,3,0.1853010884466346
3.735,0.03306217087257399,85.9690160102425,0,100,3.0,3,0.1677032873315346
3.74,0.02345067901074276,85.00990271197692,0,100,3.0,3,0.1487109447916222
3.745,0.016268788896435526,84.02489338136556,0,100,3.0,3,0.12920580953199126
3.75,0.011039026374860051,83.05456789767435,0,100,3.0,3,0.10999144351830388
3.755,0.007326255555493689,82.13302764628874,0,100,3.0,3,0.09174312170868788
3.76,0.0047556414315231815,81.28631947492305,0,100,3.0,3,0.07497662326580291
3.765,0.0030193390635632803,80.53184762296321,0,100,3.0,3,0.06003658659333094
3.77,0.001874953127946523,79.87867570655591,0,100,3.0,3,0.047102489238730894
3.775,0.0011387927410965778,79.32852480221729,0,100,3.0,3,0.03620841192509481
3.78,0.0006765107634274089,78.87722286861909,0,100,3.0,3,0.02727173997265516
3.785,0.00039307957404427924,78.51635481060477,0,100,3.0,3,0.020125837833757765
3.79,0.00022338910511776318,78.23489318559248,0,100,3.0,3,0.014552340308762042
3.795,0.00012417073320013317,78.02064397281165,0,100,3.0,3,0.010309781639834752
3.8,6.750753468904987e-05,77.86140588623013,0,100,3.0,3,0.007156552202576843
3.805,3.5897234866245036e-05,77.74580309657692,0,100,3.0,3,0.004867388051028141
3.81,1.8670050400879738e-05,77.66380125672026,0,100,3.0,3,0.0032435892419853908
3.815,9.497421874143672e-06,77.60695100274675,0,100,3.0,3,0.002117841638549592
3.82,4.725434140340885e-06,77.56842113020001,0,100,3.0,3,0.001354873865346692
3.825,2.299606063738814e-06,77.54288776141823,0,100,3.0,3,0.0008492626023411557
3.83,1.0945633976635486e-06,77.52633990865071,0,100,3.0,3,0.0005215823495190519
3.835,5.095703414287532e-07,77.51585013268901,0,100,3.0,3,0.0003138640136437696
3.84,2.3202944964797243e-07,77.50934521487694,0,100,3.0,3,0.000185053759939493
3.845,1.0333746954038608e-07,77.50539862837142,0,100,3.0,3,0.00010690353210740193
3.85,4.501406988770349e-08,77.5030557324445,0,100,3.0,3,6.050955335632073e-05
3.855,0.0,77.50169466932981,0,100,3.0,3,3.355780851105163e-05
3.86,0.0,77.50092085736419,0,100,3.0,3,1.8234799290946223e-05
3.865,0.0,77.50049027247658,0,100,3.0,3,9.708365872925377e-06
3.87,0.0,77.5002557528089,0,100,3.0,3,5.0644120573685925e-06
3.875,0.001684486749771458,77.50013071970616,0,100,3.0,3,2.5885090329409486e-06
3.88,0.00456624331333666,77.50006546353681,0,100,3.0,3,1.2963076596748796e-06
3.885,0.011079731271581421,77.50003212148533,0,100,3.0,3,6.360690164937935e-07
3.89,0.024064571490409,77.50001544292367,0,100,3.0,3,3.0580046868770764e-07
3.895,0.046784906529573234,77.50000727446707,0,100,3.0,3,1.4404885279314965e-07
3.9,0.08141644351188804,77.50000335745801,0,100,3.0,3,6.64843170879706e-08
3.905,0.12682276464025305,77.50000151830055,0,100,3.0,3,3.006535742918792e-08
3.91,0.1768320708657512,77.5000006727329,0,100,3.0,3,1.3321443468679952e-08
3.915,0.22070063230473494,77.50000029205546,0,100,3.0,3,5.7832764495927194e-09
3.92,0.24656126505113576,77.50000012422979,0,100,3.0,3,2.4599957538553686e-09
3.925,0.24656126505724016,77.50000005177546,0,100,3.0,3,1.0252566056860275e-09
3.93,0.220700632329898,77.50000002114267,0,100,3.0,3,4.186666942722254e-10
3.935,0.17683207093748562,77.50000000845928,0,100,3.0,3,1.6751052030620953e-10
3.94,0.12682276483597799,77.50000000331623,0,100,3.0,3,6.566793753435296e-11
3.945,0.08141644409447898,77.50000000127378,0,100,3.0,3,2.522328220876072e-11
3.95,0.04678490952598309,77.50000000047937,0,100,3.0,3,9.49256954669127e-12
3.955,0.024064605020532023,77.50000000017677,0,100,3.0,3,3.5003727089583708e-12
3.96,0.011080171739334697,77.50000000006386,0,100,3.0,3,1.2646253681211446e-12
3.965,0.004571212771509492,77.50000000002261,0,100,3.0,3,4.4771227429478e-13
3.97,0.0017299316936037438,77.50000000000784,0,100,3.0,3,1.5533449114438627e-13
3.975,0.0008899431850697582,77.50000000000266,0,100,3.0,3,5.262237290579752e-14
3.98,0.002128806368910263,77.50000000000088,0,100,3.0,3,1.7446989947376717e-14
3.985,0.009309664818487698,77.50000000000028,0,100,3.0,3,5.6280612733473285e-15
3.99,0.03503263543368747,77.50000000000009,0,100,3.0,3,1.6884183820041984e-15
3.995,0.10606267793605692,77.50000000000003,0,100,3.0,3,5.628061273347328e-16
4.0,0.25734927343160535,77.50000000000001,0,100,3.0,3,2.814030636673664e-16
4.005,0.5003202479539708,77.5,0,100,3.0,3,0.0
4.01,0.7793067891790435,77.5,0,100,3.0,3,0.0
4.015,0.9720477407234077,77.5000029754369,1,100,3.0,3,5.8919542565004434e-08
4.02,0.967267334488097,77.50000599695579,0,100,3.0,3,1.1875159984946108e-07
4.025,0.7505869905515209,77.50001298600604,0,100,3.0,3,2.571486344784194e-07
4.03,0.4028369574773956,77.50003147504462,0,100,3.0,3,6.232682103405516e-07
4.035,0.04553881263121314,77.50008619286392,0,100,3.0,3,1.7067893845188057e-06
4.04,-0.189138810908105,77.50025730044038,0,100,3.0,3,5.095058225374532e-06
4.045,-0.22868072635956738,77.5007933249374,0,100,3.0,3,1.570940470108524e-05
4.05,-0.14104670682394166,77.50241950076978,0,100,3.0,3,4.791090633219001e-05
4.055,-0.051158381651102834,77.50711144306592,0,100,3.0,3,0.00014082065477076427
4.06,-0.008206426846427752,77.51986871228921,0,100,3.0,3,0.0003934398473110814
4.065,0.005350271385530505,77.55240190738294,0,100,3.0,3,0.0010376615323355166
4.07,0.01084668799215426,77.63001002590855,0,100,3.0,3,0.0025744559585850857
4.075,0.016256859896386415,77.80289200489227,0,100,3.0,3,0.0059978614830152755
4.08,0.02345021205790711,78.16202929152928,0,100,3.0,3,0.013109490921371869
4.085,0.0330621597308209,78.85684044003119,0,100,3.0,3,0.02686812752537014
4.09,0.04559141319943196,80.10689364457848,0,100,3.0,3,0.05162165632828668
4.095,0.06149084917446989,82.19454731190469,0,100,3.0,3,0.09296133290900367
4.1,0.08111733445924295,85.42322629870154,0,100,3.0,3,0.15689557027131754
4.105,0.1046628598272375,90.03220955939476,0,100,3.0,3,0.24816256553256946
4.11,0.1320831047748631,96.0763779834986,0,100,3.0,3,0.36784906898017034
4.115,0.16303381314489318,103.30485469372982,0,100,3.0,3,0.5109872216580162
4.12,0.19682662652900276,111.0935870574871,0,100,3.0,3,0.6652195456928138
4.125,0.23241585813229,118.48679998058978,0,100,3.0,3,0.8116198015958372
4.13,0.26842527782774417,124.3703389478431,0,100,3.0,3,0.9281255237196653
4.135,0.30321927900592993,127.74334061454307,0,100,3.0,3,0.994917635931546
4.14,0.3350163137995362,128.0,0,100,3.0,3,1.0
4.145,0.3620352400956416,125.11330099463837,0,100,3.0,3,0.9428376434581854
4.15,0.3826586036805073,119.64481297500973,0,100,3.0,3,0.8345507519803906
4.155,0.39559233134833227,112.57637305393439,0,100,3.0,3,0.6945816446323642
4.16,0.4,105.03340955907804,0,100,3.0,3,0.5452160308728324
4.165,0.39559233134833227,98.00714308426187,0,100,3.0,3,0.4060820412725123
4.17,0.3826586036805073,92.16807227358933,0,100,3.0,3,0.29045687670473924
4.175,0.3620352400956416,87.8106625064421,0,100,3.0,3,0.20417153478103167
4.18,0.3350163137995362,84.91128351654942,0,100,3.0,3,0.14675808943662214
4.185,0.3032192790059296,83.24627791934817,0,100,3.0,3,0.11378768157125096
4.19,0.26842527782774417,82.51389380055394,0,100,3.0,3,0.09928502575354345
4.195,0.23241585813229,82.42351586481769,0,100,3.0,3,0.0974953636597562
4.2,0.19682662652900276,82.74137651779043,0,100,3.0,3,0.10378963401565204
4.205,0.16303381314489318,83.30063613325049,0,100,3.0,3,0.1148640818465444
4.21,0.13208310477486307,83.99100308268714,0,100,3.0,3,0.1285347145086563
4.215,0.10466285982723562,84.74151848915058,0,100,3.0,3,0.14339640572575404
4.22,0.08111733445917907,85.50482196555724,0,100,3.0,3,0.15851132605063845
4.225,0.06149084917398798,86.24611874995509,0,100,3.0,3,0.17319047029614035
4.23,0.04559141333598128,86.93688968311473,0,100,3.0,3,0.1868691026359352
4.235,0.03306217087257399,87.552095598575,0,100,3.0,3,0.19905139799158403
4.24,0.02345067901074276,88.06949801926329,0,100,3.0,3,0.20929699048046124
4.245,0.016268788896435526,88.47004810840187,0,100,3.0,3,0.2172286754138984
4.25,0.011039026374860051,88.73867645530594,0,100,3.0,3,0.2225480486199195
4.255,0.007326255555493689,88.86509801461254,0,100,3.0,3,0.22505144583391173
4.26,0.0047556414315231815,88.84442009521223,0,100,3.0,3,0.22464198208341046
4.265,0.0030193390635632803,88.6774424986801,0,100,3.0,3,0.2213354950233682
4.27,0.001874953127946523,88.37060213916769,0,100,3.0,3,0.21525944830035024
4.275,0.0011387927410965778,87.93556017778981,0,100,3.0,3,0.20664475599583781
4.28,0.0006765107634274089,87.38846637634401,0,100,3.0,3,0.19581121537314877
4.285,0.00039307957404427924,86.74896474048299,0,100,3.0,3,0.18314781664322752
4.29,0.00022338910511776318,86.03902558407252,0,100,3.0,3,0.16908961552618848
4.295,0.00012417073320013317,85.2817005402186,0,100,3.0,3,0.1540930800043286
4.3,6.750753468904987e-05,84.49989815970547,0,100,3.0,3,0.1386118447466429
4.305,3.5897234866245036e-05,83.71526910843023,0,100,3.0,3,0.1230746358104997
4.31,1.8670050400879738e-05,82.94727325500796,0,100,3.0,3,0.10786679712887044
4.315,9.497421874143672e-06,82.21247863298953,0,100,3.0,3,0.0933164085740501
4.32,4.725434140340885e-06,81.52411733001249,0,100,3.0,3,0.07968549168341559
4.325,2.299606063738814e-06,80.89189878152109,0,100,3.0,3,0.06716631250536817
4.33,1.0945633976635486e-06,80.32205933831581,0,100,3.0,3,0.05588236313496654
4.335,5.095703414287532e-07,79.8176102712143,0,100,3.0,3,0.045893272697313
4.34,2.3202944964797243e-07,79.3787356692764,0,100,3.0,3,0.03720268652032466
4.345,1.0333746954038608e-07,79.00328721222063,0,100,3.0,3,0.02976806360832925
4.35,4.501406988770349e-08,78.68732401962978,0,100,3.0,3,0.023511366725342264
4.355,0.0,78.425651592325,0,100,3.0,3,0.018329734501485076
4.36,0.0,78.21232282339807,0,100,3.0,3,0.014105402443526104
4.365,0.0,78.04107463502996,0,100,3.0,3,0.010714349208514011
4.37,0.0,77.90568457847962,0,100,3.0,3,0.008033357989695492
4.375,0.0,77.8002415759474,0,100,3.0,3,0.005945377741532598
4.38,0.0,77.71933309720917,0,100,3.0,3,0.004343229647706395
4.385,0.0,77.658157036978,0,100,3.0,3,0.0031318225144157776
4.39,0.0,77.61257031386367,0,100,3.0,3,0.002229115126013285
4.395,0.0,77.57908793610137,0,100,3.0,3,0.0015660977445816565
4.4,0.0,77.55484633547951,0,100,3.0,3,0.0010860660490992148
4.405,0.0,77.53754360721969,0,100,3.0,3,0.0007434377667265164
4.41,0.0,77.52536736675137,0,100,3.0,3,0.0005023240940864967
4.415,0.0,77.51691865312054,0,100,3.0,3,0.0003350228340701226
4.42,0.0,77.51113799947356,0,100,3.0,3,0.00022055444502101825
4.425,0.0,77.50723768383935,0,100,3.0,3,0.0001433204720663273
4.43,0.0,77.50464240506564,0,100,3.0,3,9.19288131809584e-05
4.435,0.0,77.50293925633632,0,100,3.0,3,5.820309576869035e-05
4.44,0.0,77.5018368889561,0,100,3.0,3,3.637403873477245e-05
4.445,0.0,77.50113312899164,0,100,3.0,3,2.2438197854254743e-05
4.45,0.0,77.50068996459827,0,100,3.0,3,1.3662665312191021e-05
4.455,0.0,77.50041469163281,0,100,3.0,3,8.211715501237458e-06
4.46,0.0,77.50024602245387,0,100,3.0,3,4.8717317597065364e-06
4.465,0.0,77.50014407055438,0,100,3.0,3,2.8528822650347895e-06
4.47,0.0,77.50008327731553,0,100,3.0,3,1.6490557529755503e-06
4.475,0.0,77.50004751483387,0,100,3.0,3,9.40887799337775e-07
4.48,0.0,77.50002675979127,0,100,3.0,3,5.298968567961373e-07
4.485,0.0,77.50001487603653,0,100,3.0,3,2.9457498080413606e-07
4.49,0.0,77.50000816286773,0,100,3.0,3,1.6164094513487276e-07
4.495,0.0,77.50000442129294,0,100,3.0,3,8.755035529554e-08
4.5,0.001684486749771458,77.50000236377878,0,100,3.0,3,4.680750052021623e-08
4.505,0.00456624331333666,77.50000124742768,0,100,3.0,3,2.4701538135073267e-08
4.51,0.011079731271581421,77.50000064979285,0,100,3.0,3,1.2867185196318141e-08
4.515,0.024064571490409,77.50000033410694,0,100,3.0,3,6.61597906932146e-09
4.52,0.046784906529573234,77.50000016956923,0,100,3.0,3,3.3578066004248277e-09
4.525,0.08141644351188804,77.50000008494926,0,100,3.0,3,1.682163636108064e-09
4.53,0.12682276464025305,77.50000004200716,0,100,3.0,3,8.318249235731621e-10
4.535,0.1768320708657512,77.50000002050396,0,100,3.0,3,4.060190335756956e-10
4.54,0.22070063230473494,77.50000000987878,0,100,3.0,3,1.9561930952981544e-10
4.545,0.24656126505113576,77.50000000469808,0,100,3.0,3,9.3031290042304e-11
4.55,0.24656126505724016,77.5000000022054,0,100,3.0,3,4.367122285360226e-11
4.555,0.220700632329898,77.50000000102189,0,100,3.0,3,2.023541290525665e-11
4.56,0.17683207093748562,77.50000000046738,0,100,3.0,3,9.255065360956014e-12
4.565,0.12682276483597799,77.500000000211,0,100,3.0,3,4.178272689333056e-12
4.57,0.08141644409447898,77.50000000009403,0,100,3.0,3,1.8620440722869634e-12
4.575,0.04678490952598309,77.50000000004135,0,100,3.0,3,8.188829152720362e-13
4.58,0.024064605020532023,77.50000000001796,0,100,3.0,3,3.5569347247555116e-13
4.585,0.011080171739334697,77.5000000000077,0,100,3.0,3,1.525204605077126e-13
4.59,0.004571212771509492,77.50000000000325,0,100,3.0,3,6.44413015798269e-14
4.595,0.0017299316936037438,77.50000000000136,0,100,3.0,3,2.7014694112067174e-14
4.6,0.0008899431850697582,77.50000000000055,0,100,3.0,3,1.097471948302729e-14
4.605,0.002128806368910263,77.50000000000023,0,100,3.0,3,4.502449018677863e-15
4.61,0.009309664818487698,77.50000000000009,0,100,3.0,3,1.6884183820041984e-15
4.615,0.03503263543368747,77.50000000000003,0,100,3.0,3,5.628061273347328e-16
4.62,0.10606267793605692,77.50000000000001,0,100,3.0,3,2.814030636673664e-16
4.625,0.25734927343160535,77.5,0,100,3.0,3,0.0
4.63,0.5003202479539708,77.5,0,100,3.0,3,0.0
4.635,0.7793067891790435,77.5,0,100,3.0,3,0.0
4.64,0.9720477407234077,77.500002978667,1,100,3.0,3,5.8983504918569904e-08
4.645,0.967267334488097,77.50000691662153,0,100,3.0,3,1.3696280256910974e-07
4.65,0.7505869905515209,77.5000180035492,0,100,3.0,3,3.5650592476801223e-07
4.655,0.4028369574773956,77.50005559107774,0,100,3.0,3,1.1008134205809203e-06
4.66,0.04553881263121314,77.50019916917608,0,100,3.0,3,3.943944080890672e-06
4.665,-0.189138810908105,77.50076051277561,0,100,3.0,3,1.5059658923041977e-05
4.67,-0.22868072635956738,77.50286730790405,0,100,3.0,3,5.677837433771145e-05
4.675,-0.14104670682394166,77.51022294072226,0,100,3.0,3,0.00020243446974768406
4.68,-0.051158381651102834,77.5337799843342,0,100,3.0,3,0.0006689105808752989
4.685,-0.008206426846427752,77.6025334678593,0,100,3.0,3,0.00203036570018421
4.69,0.005350271385530505,77.78476384612033,0,100,3.0,3,0.005638888041986682
4.695,0.01084668799215426,78.22233213622556,0,100,3.0,3,0.014303606657931888
4.7,0.016256859896386415,79.17206069681062,0,100,3.0,3,0.03311011280813105
4.705,0.02345021205790711,81.03059677705517,0,100,3.0,3,0.06991280746643894
4.71,0.0330621597308209,84.29881546950699,0,100,3.0,3,0.13463000929716815
4.715,0.04559141319943196,89.43882359416276,0,100,3.0,3,0.23641234839926248
4.72,0.06149084917446989,96.6167108363838,0,100,3.0,3,0.3785487294333426
4.725,0.08111733445924295,105.41171301236056,0,100,3.0,3,0.5527071883635756
4.73,0.1046628598272375,114.66184728247508,0,100,3.0,3,0.7358781640094075
4.735,0.1320831047748631,122.6216696670252,0,100,3.0,3,0.8934984092480238
4.74,0.16303381314489318,127.47241473535468,0,100,3.0,3,0.9895527670367262
4.745,0.19682662652900276,128.0,0,100,3.0,3,1.0
4.75,0.23241585813229,124.10026239330466,0,100,3.0,3,0.9227774731347458
4.755,0.26842527782774417,116.82702771786872,0,100,3.0,3,0.7787530241162122
4.76,0.30321927900592993,107.95487909412022,0,100,3.0,3,0.6030669127548558
4.765,0.3350163137995362,99.30520302573348,0,100,3.0,3,0.4317861985293758
4.77,0.3620352400956416,92.18399579198505,0,100,3.0,3,0.29077219390069414
4.775,0.3826586036805073,87.15523725883388,0,100,3.0,3,0.19119281700661145
4.78,0.39559233134833227,84.14792226917848,0,100,3.0,3,0.13164202513224713
4.785,0.4,82.73524308595393,0,100,3.0,3,0.10366817991987971
4.79,0.39559233134833227,82.40604370226107,0,100,3.0,3,0.09714938024279351
4.795,0.3826586036805073,82.72948858222685,0,100,3.0,3,0.10355422935102673
4.8,0.3620352400956416,83.40686168835816,0,100,3.0,3,0.11696755818531016
4.805,0.3350163137995362,84.25408345340135,0,100,3.0,3,0.13374422680002673
4.81,0.3032192790059296,85.16166237318708,0,100,3.0,3,0.15171608659776406
4.815,0.26842527782774417,86.05967994235233,0,100,3.0,3,0.16949861271984817
4.82,0.23241585813229,86.89632372459975,0,100,3.0,4,0.18606581632870797
4.825,0.19682662652900276,87.62816306326756,0,100,3.0,4,0.2005576844211399
4.83,0.16303381314489318,88.21759786498912,0,100,3.0,4,0.2122296606928538
4.835,0.13208310477486307,88.63368940636776,0,100,3.0,4,0.22046909715579732
4.84,0.10466285982723562,88.85406230729728,0,100,3.0,4,0.22483291697618382
4.845,0.08111733445917907,88.86666509346482,0,100,3.0,4,0.22508247709831322
4.85,0.06149084917398798,88.67080059190977,0,100,3.0,4,0.22120397211702508
4.855,0.04559141333598128,88.27717530848074,0,100,3.0,4,0.21340941204912348
4.86,0.03306217087257399,87.70692687021791,0,100,3.0,4,0.20211736376669134
4.865,0.02345067901074276,86.98974332245788,0,100,3.0,4,0.18791570935560165
4.87,0.016268788896435526,86.16130506221765,0,100,3.0,4,0.17151099133104258
4.875,0.011039026374860051,85.26035540793751,0,100,3.0,4,0.15367040411757446
4.88,0.007326255555493689,84.32573297406104,0,100,3.0,4,0.13516302918932752
4.885,0.0047556414315231815,83.39367772388111,0,100,3.0,4,0.1167064895818042
4.89,0.0030193390635632803,82.49566008868594,0,100,3.0,4,0.09892396215219679
4.895,0.001874953127946523,81.65689240924547,0,100,3.0,4,0.08231470117317767
4.9,0.0011387927410965778,80.89558099426428,0,100,3.0,4,0.06723922760919364
4.905,0.0006765107634274089,80.2228819369286,0,100,3.0,4,0.05391845419660597
4.91,0.00039307957404427924,79.64344791368322,0,100,3.0,4,0.042444513142241944
4.915,0.00022338910511776318,79.15640474099477,0,100,3.0,4,0.03280009388108462
4.92,0.00012417073320013317,78.75657785573266,0,100,3.0,4,0.02488272981648828
4.925,6.750753468904987e-05,78.4357972097327,0,100,3.0,4,0.018530637816489066
4.93,3.5897234866245036e-05,78.18413765800393,0,100,3.0,4,0.013547280356513541
4.935,1.8670050400879738e-05,77.99099226913822,0,100,3.0,4,0.009722619190855798
4.94,9.497421874143672e-06,77.84591963837286,0,100,3.0,4,0.006849893829165593
4.945,4.725434140340885e-06,77.73924627752838,0,100,3.0,4,0.004737550050066938
4.95,2.299606063738814e-06,77.66243685299297,0,100,3.0,4,0.0032165713463954116
4.955,1.0945633976635486e-06,77.60826631408477,0,100,3.0,4,0.002143887407619264
4.96,5.095703414287532e-07,77.57083885662051,0,100,3.0,4,0.0014027496360497346
4.965,2.3202944964797243e-07,77.54550081135075,0,100,3.0,4,0.0009010061653613645
4.97,1.0333746954038608e-07,77.52869036977735,0,100,3.0,4,0.0005681261342049716
4.975,4.501406988770349e-08,77.51775916561486,0,100,3.0,4,0.000351666645838854
4.98,0.0,77.51079141453732,0,100,3.0,4,0.00021369137697669125
4.985,0.0,77.50643729780077,0,100,3.0,4,0.00012747124357965372
4.99,0.0,77.50376962572678,0,100,3.0,4,7.46460539955528e-05
4.995,0.0,77.50216701676594,0,100,3.0,4,4.291122308788121e-05
5.0,0.0,77.50122291343685,0,100,3.0,4,2.4216107660360722e-05
5.005,0.0,77.50067748326067,0,100,3.0,4,1.341551011235127e-05
5.01,0.0,77.50036844343965,0,100,3.0,4,7.295909696132626e-06
5.015,0.0,77.50019670368403,0,100,3.0,4,3.895122455952053e-06
5.02,0.0,77.50010309166797,0,100,3.0,4,2.04141916765816e-06
5.025,0.001684486749771458,77.50005304006476,0,100,3.0,4,1.0502983120051507e-06
5.03,0.00456624331333666,77.50002678884144,0,100,3.0,4,5.304721076925597e-07
5.035,0.011079731271581421,77.50001328229814,0,100,3.0,4,2.630158047791741e-07
5.04,0.024064571490409,77.50000646490167,0,100,3.0,4,1.2801785492184075e-07
5.045,0.046784906529573234,77.5000030890151,0,100,3.0,4,6.116861574792163e-08
5.05,0.08141644351188804,77.50000144893046,0,100,3.0,4,2.869169231353856e-08
5.055,0.12682276464025305,77.50000066718222,0,100,3.0,4,1.321152912042986e-08
5.06,0.1768320708657512,77.50000030158573,0,100,3.0,4,5.971994630389156e-09
5.065,0.22070063230473494,77.50000013382785,0,100,3.0,4,2.6500565086685624e-09
5.07,0.24656126505113576,77.50000005829773,0,100,3.0,4,1.1544104813990565e-09
5.075,0.24656126505724016,77.50000002493023,0,100,3.0,4,4.936679272192339e-10
5.08,0.220700632329898,77.50000001046574,0,100,3.0,4,2.0724238167153234e-10
5.085,0.17683207093748562,77.50000000431304,0,100,3.0,4,8.540667403223671e-11
5.09,0.12682276483597799,77.50000000174488,0,100,3.0,4,3.4552075172397586e-11
5.095,0.08141644409447898,77.50000000069298,0,100,3.0,4,1.3722338996675456e-11
5.1,0.04678490952598309,77.50000000027018,0,100,3.0,4,5.35003504644397e-12
5.105,0.024064605020532023,77.5000000001034,0,100,3.0,4,2.047488691243758e-12
5.11,0.011080171739334697,77.50000000003885,0,100,3.0,4,7.693559760665798e-13
5.115,0.004571212771509492,77.50000000001432,0,100,3.0,4,2.8365428817670534e-13
5.12,0.0017299316936037438,77.50000000000519,0,100,3.0,4,1.0271211823858874e-13
5.125,0.0008899431850697582,77.50000000000185,0,100,3.0,4,3.6582398276757634e-14
5.13,0.002128806368910263,77.50000000000064,0,100,3.0,4,1.2663137865031489e-14
5.135,0.009309664818487698,77.50000000000021,0,100,3.0,4,4.221045955010496e-15
5.14,0.03503263543368747,77.50000000000007,0,100,3.0,4,1.4070153183368321e-15
5.145,0.10606267793605692,77.50000000000003,0,100,3.0,4,5.628061273347328e-16
5.15,0.25734927343160535,77.50000000000001,0,100,3.0,4,2.814030636673664e-16
5.155,0.5003202479539708,77.5,0,100,3.0,4,0.0
5.16,0.7793067891790435,77.5,0,100,3.0,4,0.0
5.165,0.9720477407234077,77.5000029632167,1,100,3.0,4,5.867755844249559e-08
5.17,0.967267334488097,77.5000057751259,0,100,3.0,4,1.1435892869854743e-07
5.175,0.7505869905515209,77.50001199175011,0,100,3.0,4,2.3746039829293835e-07
5.18,0.4028369574773956,77.50002751992237,0,100,3.0,4,5.449489578094841e-07
5.185,0.04553881263121314,77.50007070106201,0,100,3.0,4,1.4000210299936142e-06
5.19,-0.189138810908105,77.50019813608883,0,100,3.0,4,3.9234869074568835e-06
5.195,-0.22868072635956738,77.50057818202339,0,100,3.0,4,1.144914897800431e-05
5.2,-0.14104670682394166,77.50168586741358,0,100,3.0,4,3.3383513140290576e-05
5.205,-0.051158381651102834,77.5047820690373,0,100,3.0,4,9.469443638226498e-05
5.21,-0.008206426846427752,77.51300007149011,0,100,3.0,4,0.00025742715822002987
5.215,0.005350271385530505,77.53360476810788,0,100,3.0,4,0.0006654409526312507
5.22,0.01084668799215426,77.58226524038565,0,100,3.0,4,0.0016290146611020258
5.225,0.016256859896386415,77.69031446440876,0,100,3.0,4,0.0037686032556189615
5.23,0.02345021205790711,77.9156022259755,0,100,3.0,4,0.008229747049019897
5.235,0.0330621597308209,78.35618586329275,0,100,3.0,4,0.016954175510747547
5.24,0.04559141319943196,79.16338774532016,0,100,3.0,4,0.03293837119445871
5.245,0.06149084917446989,80.54697677121837,0,100,3.0,4,0.06033617368749244
5.25,0.08111733445924295,82.76193692058763,0,100,3.0,4,0.10419677070470554
5.255,0.1046628598272375,86.06632239589023,0,100,3.0,4,0.1696301464532718
5.26,0.1320831047748631,90.64618514458124,0,100,3.0,4,0.2603204979124998
5.265,0.16303381314489318,96.51755276989908,0,100,3.0,4,0.37658520336433826
5.27,0.19682662652900276,103.43337691048391,0,100,3.0,4,0.5135322160491864
5.275,0.23241585813229,110.83650493935875,0,100,3.0,4,0.6601288106803712
5.28,0.26842527782774417,117.89739331976155,0,100,3.0,4,0.7999483825695356
5.285,0.30321927900592993,123.65167505875493,0,100,3.0,4,0.9138945556189095
5.29,0.3350163137995362,127.21320863734229,0,100,3.0,4,0.984419973016679
5.295,0.3620352400956416,128.0,0,100,3.0,4,1.0
5.3,0.3826586036805073,125.89439684457138,0,100,3.0,4,0.9583048880113143
5.305,0.39559233134833227,121.27734577653152,0,100,3.0,4,0.8668781341887429
5.31,0.4,114.92344206600626,0,100,3.0,4,0.7410582587327972
5.315,0.39559233134833227,107.79691013430045,0,100,3.0,4,0.5999388145406029
5.32,0.3826586036805073,100.82266697370292,0,100,3.0,4,0.4618349895782757
5.325,0.3620352400956416,94.70661957252793,0,100,3.0,4,0.34072514005005794
5.33,0.3350163137995362,89.84941816370699,0,100,3.0,4,0.2445429339347918
5.335,0.3032192790059296,86.35636014773148,0,100,3.0,4,0.17537346827191047
5.34,0.26842527782774417,84.11343960508452,0,100,3.0,4,0.13095920010068363
5.345,0.23241585813229,82.88714208485197,0,100,3.0,4,0.10667608088815789
5.35,0.19682662652900276,82.41251134980615,0,100,3.0,4,0.09727745247140895
5.355,0.16303381314489318,82.45099200146763,0,100,3.0,4,0.09803944557361635
5.36,0.13208310477486307,82.8162323398421,0,100,3.0,4,0.10527192752162579
5.365,0.10466285982723562,83.37622289337803,0,100,3.0,4,0.11636084937382234
5.37,0.08111733445917907,84.04294535759365,0,100,3.0,4,0.12956327440779508
5.375,0.06149084917398798,84.75858818303747,0,100,3.0,4,0.14373441946608861
5.38,0.04559141333598128,85.4835482932493,0,100,3.0,4,0.1580900652128574
5.385,0.03306217087257399,86.18809782060332,0,100,3.0,4,0.17204154100204588
5.39,0.02345067901074276,86.84758514710228,0,100,3.0,4,0.18510069598222334
5.395,0.016268788896435526,87.44024089333156,0,100,3.0,4,0.19683645333329827
5.4,0.011039026374860051,87.94659384418057,0,100,3.0,4,0.2068632444392192
5.405,0.007326255555493689,88.34973107038635,0,100,3.0,4,0.2148461598096308
5.41,0.0047556414315231815,88.6359020647416,0,100,3.0,4,0.22051291217310098
5.415,0.0030193390635632803,88.79516897178708,0,100,3.0,4,0.2236667123126154
5.42,0.001874953127946523,88.8219336995392,0,100,3.0,4,0.22419670692156835
5.425,0.0011387927410965778,88.71524935893723,0,100,3.0,4,0.22208414572152926
5.43,0.0006765107634274089,88.47887116054635,0,100,3.0,4,0.21740338931774947
5.435,0.00039307957404427924,88.12103561282021,0,100,3.0,4,0.21031753688752888
5.44,0.00022338910511776318,87.65398370746026,0,100,3.0,4,0.20106898430614367
5.445,0.00012417073320013317,87.09326584850498,0,100,3.0,4,0.18996566036643533
5.45,6.750753468904987e-05,86.45688333992547,0,100,3.0,4,0.1773640265331776
5.455,3.5897234866245036e-05,85.76433238765725,0,100,3.0,4,0.16365014629024255
5.46,1.8670050400879738e-05,85.03562111892845,0,100,3.0,4,0.14922022017680092
5.465,9.497421874143672e-06,84.29032800874867,0,100,3.0,4,0.13446194076730048
5.47,4.725434140340885e-06,83.54676196678626,0,100,3.0,4,0.11973786072844086
5.475,2.299606063738814e-06,82.82127143199685,0,100,3.0,4,0.10537171152469006
5.48,1.0945633976635486e-06,82.12773383300559,0,100,3.0,4,0.09163829372288303
5.485,5.095703414287532e-07,81.47723957849853,0,100,3.0,4,0.07875721937620844
5.49,2.3202944964797243e-07,80.8779681711764,0,100,3.0,4,0.06689045883517634
5.495,1.0333746954038608e-07,80.33523965205595,0,100,3.0,4,0.056143359446652406
5.5,4.501406988770349e-08,79.85171351657259,0,100,3.0,4,0.04656858448658589
5.505,0.0,79.4277001310269,0,100,3.0,4,0.03817227982231477
5.51,0.0,79.06154663501417,0,100,3.0,4,0.030921715544834995
5.515,0.0,78.75006000694432,0,100,3.0,4,0.024753663503847993
5.52,0.0,78.48893371593002,0,100,3.0,4,0.019582845860000333
5.525,0.0,78.27315029611424,0,100,3.0,4,0.015309906853747291
5.53,0.0,78.09733930154225,0,100,3.0,4,0.01182850102063859
5.535,0.0,77.95607752728124,0,100,3.0,4,0.009031238163984908
5.54,0.0,77.84412535886558,0,100,3.0,4,0.006814363541892725
5.545,0.0,77.75659908390251,0,100,3.0,4,0.005081169978267619
5.55,0.0,77.68908363648295,0,100,3.0,4,0.0037442304254049156
5.555,0.0,77.63769342762592,0,100,3.0,4,0.0027266025272459243
5.56,0.0,77.59909069997673,0,100,3.0,4,0.001962192078747081
5.565,0.0,77.57047141662967,0,100,3.0,4,0.001395473596627178
5.57,0.0,77.54952831210755,0,100,3.0,4,0.0009807586555951383
5.575,0.0,77.53439968565549,0,100,3.0,4,0.0006811818941680531
5.58,0.0,77.52361107934098,0,100,3.0,4,0.0004675461255639747
5.585,0.0,77.51601539400482,0,100,3.0,4,0.0003171365149470229
5.59,0.0,77.5107354396466,0,100,3.0,4,0.00021258296329891224
5.595,0.0,77.5071115204345,0,100,3.0,4,0.00014082218682190587
5.6,0.0,77.50465549120143,0,100,3.0,4,9.218794458283044e-05
5.605,0.0,77.50301181976099,0,100,3.0,4,5.963999526703348e-05
5.61,0.0,77.50192554142846,0,100,3.0,4,3.812953323688924e-05
5.615,0.0,77.50121657020485,0,100,3.0,4,2.409049910586801e-05
5.62,0.0,77.50075959466382,0,100,3.0,4,1.5041478491465937e-05
5.625,0.0,77.5004686914755,0,100,3.0,4,9.281019316912903e-06
5.63,0.0,77.50028579368261,0,100,3.0,4,5.659280843712965e-06
5.635,0.0,77.50017221802912,0,100,3.0,4,3.410258002396845e-06
5.64,0.0,77.50010255693317,0,100,3.0,4,2.0308303598341972e-06
5.645,0.0,77.50006035480573,0,100,3.0,4,1.1951446678344072e-06
5.65,0.0,77.50003510096914,0,100,3.0,4,6.950686958976569e-07
5.655,0.0,77.50002017375671,0,100,3.0,4,3.9948033088309094e-07
5.66,0.0,77.5000114581597,0,100,3.0,4,2.2689425157628954e-07
5.665,0.0,77.50000643136833,0,100,3.0,4,1.2735382839390794e-07
5.67,0.0,77.50000356740416,0,100,3.0,4,7.06416666153108e-08
5.675,0.0,77.50000195551733,0,100,3.0,4,3.8723115521591324e-08
5.68,0.001684486749771458,77.50000105933042,0,100,3.0,4,2.097683990865731e-08
5.685,0.00456624331333666,77.50000056710259,0,100,3.0,4,1.1229754235419834e-08
5.69,0.011079731271581421,77.50000030002141,0,100,3.0,4,5.941018062543717e-09
5.695,0.024064571490409,77.50000015685677,0,100,3.0,4,3.106074675790548e-09
5.7,0.046784906529573234,77.50000008104286,0,100,3.0,4,1.6048090293396052e-09
5.705,0.08141644351188804,77.50000004137964,0,100,3.0,4,8.193987270877385e-10
5.71,0.12682276464025305,77.50000002087944,0,100,3.0,4,4.1345426532391476e-10
5.715,0.1768320708657512,77.50000001041145,0,100,3.0,4,2.0616742196832298e-10
5.72,0.22070063230473494,77.50000000513056,0,100,3.0,4,1.0159522947889297e-10
5.725,0.24656126505113576,77.5000000024985,0,100,3.0,4,4.947516104174169e-11
5.73,0.24656126505724016,77.50000000120241,0,100,3.0,4,2.3810076023023207e-11
5.735,0.220700632329898,77.50000000057186,0,100,3.0,4,1.1323940685038491e-11
5.74,0.17683207093748562,77.50000000026877,0,100,3.0,4,5.322176143140901e-12
5.745,0.12682276483597799,77.50000000012483,0,100,3.0,4,2.4718445112541467e-12
5.75,0.08141644409447898,77.5000000000573,0,100,3.0,4,1.1346171527068214e-12
5.755,0.04678490952598309,77.50000000002599,0,100,3.0,4,5.146862034476132e-13
5.76,0.024064605020532023,77.50000000001165,0,100,3.0,4,2.3075051220724046e-13
5.765,0.011080171739334697,77.50000000000516,0,100,3.0,4,1.0214931211125401e-13
5.77,0.004571212771509492,77.50000000000226,0,100,3.0,4,4.474308712311126e-14
5.775,0.0017299316936037438,77.50000000000098,0,100,3.0,4,1.9416811393048284e-14
5.78,0.0008899431850697582,77.50000000000041,0,100,3.0,4,8.160688846353625e-15
5.785,0.002128806368910263,77.50000000000017,0,100,3.0,4,3.3768367640083968e-15
5.79,0.009309664818487698,77.50000000000007,0,100,3.0,4,1.4070153183368321e-15
5.795,0.03503263543368747,77.50000000000003,0,100,3.0,4,5.628061273347328e-16
5.8,0.10606267793605692,77.50000000000001,0,100,3.0,4,2.814030636673664e-16
5.805,0.25734927343160535,77.5,0,100,3.0,4,0.0
5.81,0.5003202479539708,77.5,0,100,3.0,4,0.0
5.815,0.7793067891790435,77.5,0,100,3.0,4,0.0
5.82,0.9720477407234077,77.50000296326382,1,100,3.0,4,5.8678491575054717e-08
5.825,0.967267334488097,77.50000646040132,0,100,3.0,4,1.2792873907402633e-07
5.83,0.7505869905515209,77.50001547099812,0,100,3.0,4,3.063563984497786e-07
5.835,0.4028369574773956,77.50004279940943,0,100,3.0,4,8.475130579818773e-07
5.84,0.04553881263121314,77.50013615438796,0,100,3.0,4,2.696126494250769e-06
5.845,-0.189138810908105,77.5004680179232,0,100,3.0,4,9.267681647462169e-06
5.85,-0.22868072635956738,77.50162325338142,0,100,3.0,4,3.2143631315339815e-05
5.855,-0.14104670682394166,77.50543270243331,0,100,3.0,4,0.00010757826600614871
5.86,-0.051158381651102834,77.51714463608216,0,100,3.0,4,0.0003394977442012825
5.865,-0.008206426846427752,77.55046328702488,0,100,3.0,4,0.0009992730103937162
5.87,0.005350271385530505,77.63783045420662,0,100,3.0,4,0.0027293159248835993
5.875,0.01084668799215426,77.84848933795,0,100,3.0,4,0.006900778969306918
5.88,0.016256859896386415,78.31469943305066,0,100,3.0,4,0.016132662040607187
5.885,0.02345021205790711,79.25999380935703,0,100,3.0,4,0.034851362561525295
5.89,0.0330621597308209,81.0123394706058,0,100,3.0,4,0.06955127664565931
5.895,0.04559141319943196,83.9741410832035,0,100,3.0,4,0.1282008135287823
5.9,0.06149084917446989,88.52124642173986,0,100,3.0,4,0.21824250340078932
5.905,0.08111733445924295,94.82704898075434,0,100,3.0,4,0.34310988080701665
5.91,0.1046628598272375,102.65707317635096,0,100,3.0,4,0.4981598648782369
5.915,0.1320831047748631,111.23231162140519,0,100,3.0,4,0.6679665667604988
5.92,0.16303381314489318,119.27409135130915,0,100,3.0,4,0.8272097297288941
5.925,0.19682662652900276,125.28499396783039,0,100,3.0,4,0.9462375043134731
5.93,0.23241585813229,128.0,0,100,3.0,4,1.0
5.935,0.26842527782774417,126.82648873543778,0,100,3.0,4,0.9767621531769857
5.94,0.30321927900592993,122.06517425913262,0,100,3.0,4,0.882478698200646
5.945,0.3350163137995362,114.80061140479341,0,100,3.0,4,0.7386259684117508
5.95,0.3620352400956416,106.51681736882965,0,100,3.0,4,0.5745904429471218
5.955,0.3826586036805073,98.62505549251536,0,100,3.0,4,0.41831793054485855
5.96,0.39559233134833227,92.10806239375111,0,100,3.0,4,0.28926856225249725
5.965,0.4,87.39237394672186,0,100,3.0,4,0.1958885930043933
5.97,0.39559233134833227,84.43193578594894,0,100,3.0,4,0.1372660551673057
5.975,0.3826586036805073,82.90176098589056,0,100,3.0,4,0.10696556407704082
5.98,0.3620352400956416,82.39163410258165,0,100,3.0,4,0.09686404163528016
5.985,0.3350163137995362,82.53446670163302,0,100,3.0,4,0.09969240993332718
5.99,0.3032192790059296,83.05830634930675,0,100,3.0,4,0.11006547226349994
5.995,0.26842527782774417,83.78469286323443,0,100,3.0,4,0.12444936362840447
6.0,0.23241585813229,84.60340952404425,0,100,3.0,4,0.14066157473354957
6.005,0.19682662652900276,85.4451180660712,0,100,3.0,4,0.15732907061527135
6.01,0.16303381314489318,86.26145611528875,0,100,3.0,4,0.17349418050076737
6.015,0.13208310477486307,87.01388481565941,0,100,3.0,4,0.1883937587259289
6.02,0.10466285982723562,87.66902938979217,0,100,3.0,4,0.20136691860974598
6.025,0.08111733445917907,88.19777841433479,0,100,3.0,5,0.21183719632346124
6.03,0.06149084917398798,88.57611523626564,0,100,3.0,5,0.21932901457951753
6.035,0.04559141333598128,88.78646487339392,0,100,3.0,5,0.22349435392859257
6.04,0.03306217087257399,88.81890111521152,0,100,3.0,5,0.22413665574676273
6.045,0.02345067901074276,88.67188096074477,0,100,3.0,5,0.22122536555930242
6.05,0.016268788896435526,88.35235527116667,0,100,3.0,5,0.21489812418151827
6.055,0.011039026374860051,87.87522130851018,0,100,3.0,5,0.20544992690119163
6.06,0.007326255555493689,87.2621707098855,0,100,3.0,5,0.1933103110868415
6.065,0.0047556414315231815,86.54005532752586,0,100,3.0,5,0.17901099658467057
6.07,0.0030193390635632803,85.73894191529423,0,100,3.0,5,0.16314736465929175
6.075,0.001874953127946523,84.89005134205526,0,100,3.0,5,0.1463376503377279
6.08,0.0011387927410965778,84.02377737381408,0,100,3.0,5,0.12918371037255613
6.085,0.0006765107634274089,83.16795600607652,0,100,3.0,5,0.11223675259557471
6.09,0.00039307957404427924,82.34651399423815,0,100,3.0,5,0.09597057414332973
6.095,0.00022338910511776318,81.57857200075955,0,100,3.0,5,0.08076380199523861
6.1,0.00012417073320013317,80.87802187700999,0,100,3.0,5,0.06689152231702941
6.105,6.750753468904987e-05,80.2535466853287,0,100,3.0,5,0.05452567693720199
6.11,3.5897234866245036e-05,79.70901208831678,0,100,3.0,5,0.0437428136300353
6.115,1.8670050400879738e-05,79.24413221055799,0,100,3.0,5,0.034537271496197876
6.12,9.497421874143672e-06,78.85530292273832,0,100,3.0,5,0.02683768163838253
6.125,4.725434140340885e-06,78.53649929026788,0,100,3.0,5,0.02052473842114621
6.13,2.299606063738814e-06,78.28014854914866,0,100,3.0,5,0.015448486121755704
6.135,1.0945633976635486e-06,78.0779114022779,0,100,3.0,5,0.011443790144116941
6.14,5.095703414287532e-07,77.92132854472484,0,100,3.0,5,0.008343139499501858
6.145,2.3202944964797243e-07,77.80231254214551,0,100,3.0,5,0.0059863869731785115
6.15,1.0333746954038608e-07,77.71348487388187,0,100,3.0,5,0.004227423245185496
6.155,4.501406988770349e-08,77.64837260275212,0,100,3.0,5,0.002938071341626111
6.16,0.0,77.6014883012127,0,100,3.0,5,0.0020096693309445
6.165,0.0,77.56832095256193,0,100,3.0,5,0.0013528901497412529
6.17,0.0,77.54526551904495,0,100,3.0,5,0.0008963469117811137
6.175,0.0,77.52951594948496,0,100,3.0,5,0.0005844742472269297
6.18,0.0,77.51894181864023,0,100,3.0,5,0.00037508551762830214
6.185,0.0,77.5119636101294,0,100,3.0,5,0.00023690317087919153
6.19,0.0,77.50743666967786,0,100,3.0,5,0.0001472607857001639
6.195,0.0,77.50454957043476,0,100,3.0,5,9.00905036586448e-05
6.2,0.0,77.5027392896498,0,100,3.0,5,5.424335940189606e-05
6.205,0.0,77.50162323419167,0,100,3.0,5,3.214325132018017e-05
6.21,0.0,77.5009466731716,0,100,3.0,5,1.8746003397969653e-05
6.215,0.0,77.50054336870136,0,100,3.0,5,1.0759776264511865e-05
6.22,0.0,77.50030694801582,0,100,3.0,5,6.078178531066838e-06
6.225,0.0,77.50017065173328,0,100,3.0,5,3.379242243265325e-06
6.23,0.0,77.50009337534921,0,100,3.0,5,1.8490168160231333e-06
6.235,0.0,77.50005028395583,0,100,3.0,5,9.957218976118798e-07
6.24,0.0,77.50002665031187,0,100,3.0,5,5.277289478546645e-07
6.245,0.001684486749771458,77.50001390115278,0,100,3.0,5,2.752703521494341e-07
6.25,0.00456624331333666,77.50000713633123,0,100,3.0,5,1.4131348978993953e-07
6.255,0.011079731271581421,77.50000360557758,0,100,3.0,5,7.139757574598005e-08
6.26,0.024064571490409,77.5000017928764,0,100,3.0,5,3.550250304521463e-08
6.265,0.046784906529573234,77.50000087740786,0,100,3.0,5,1.7374413001823202e-08
6.27,0.08141644351188804,77.50000042259889,0,100,3.0,5,8.368294800783417e-09
6.275,0.12682276464025305,77.50000020032302,0,100,3.0,5,3.966792377522694e-09
6.28,0.1768320708657512,77.50000009345639,0,100,3.0,5,1.8506216405296415e-09
6.285,0.22070063230473494,77.50000004291043,0,100,3.0,5,8.497114651059872e-10
6.29,0.24656126505113576,77.50000001939064,0,100,3.0,5,3.839730733588031e-10
6.295,0.24656126505724016,77.50000000862377,0,100,3.0,5,1.707677607681593e-10
6.3,0.220700632329898,77.50000000377466,0,100,3.0,5,7.474571896519853e-11
6.305,0.17683207093748562,77.50000000162605,0,100,3.0,5,3.219898275401107e-11
6.31,0.12682276483597799,77.5000000006894,0,100,3.0,5,1.3651425424631278e-11
6.315,0.08141644409447898,77.50000000028766,0,100,3.0,5,5.696160814754831e-12
6.32,0.04678490952598309,77.50000000011813,0,100,3.0,5,2.339303668266817e-12
6.325,0.024064605020532023,77.50000000004775,0,100,3.0,5,9.455142939223512e-13
6.33,0.011080171739334697,77.50000000001899,0,100,3.0,5,3.759544930596015e-13
6.335,0.004571212771509492,77.50000000000743,0,100,3.0,5,1.4717380229803264e-13
6.34,0.0017299316936037438,77.50000000000287,0,100,3.0,5,5.684341886080802e-14
6.345,0.0008899431850697582,77.50000000000108,0,100,3.0,5,2.1386632838719847e-14
6.35,0.002128806368910263,77.5000000000004,0,100,3.0,5,7.87928578268626e-15
6.355,0.009309664818487698,77.50000000000014,0,100,3.0,5,2.8140306366736642e-15
6.36,0.03503263543368747,77.50000000000006,0,100,3.0,5,1.1256122546694657e-15
6.365,0.10606267793605692,77.50000000000001,0,100,3.0,5,2.814030636673664e-16
6.37,0.25734927343160535,77.5,0,100,3.0,5,0.0
6.375,0.5003202479539708,77.5,0,100,3.0,5,0.0
6.38,0.7793067891790435,77.5,0,100,3.0,5,0.0
6.385,0.9720477407234077,77.50000296660588,1,100,3.0,5,5.874467082195575e-08
6.39,0.967267334488097,77.50000734606168,0,100,3.0,5,1.454665679001763e-07
6.395,0.7505869905515209,77.50002086639844,0,100,3.0,5,4.131960087878463e-07
6.4,0.4028369574773956,77.50007224904775,0,100,3.0,5,1.4306742128151245e-06
6.405,0.04553881263121314,77.50029128394482,0,100,3.0,5,5.767998907298768e-06
6.41,-0.189138810908105,77.5012280501835,0,100,3.0,5,2.431782541582897e-05
6.415,-0.22868072635956738,77.50499366094432,0,100,3.0,5,9.888437513509281e-05
6.42,-0.14104670682394166,77.51881362087607,0,100,3.0,5,0.00037254694804106646
6.425,-0.051158381651102834,77.56455405417933,0,100,3.0,5,0.001278298102560896
6.43,-0.008206426846427752,77.70029975250927,0,100,3.0,5,0.003966331732856766
6.435,0.005350271385530505,78.06031326697551,0,100,3.0,5,0.011095312217336884
6.44,0.01084668799215426,78.91122015670794,0,100,3.0,5,0.027944953598177048
6.445,0.016256859896386415,80.69818695200502,0,100,3.0,5,0.06333043469316865
6.45,0.02345021205790711,84.0197339192887,0,100,3.0,5,0.12910364196611282
6.455,0.0330621597308209,89.45395590232911,0,100,3.0,5,0.23671199806592302
6.46,0.04559141319943196,97.2116938061209,0,100,3.0,5,0.39033057041823577
6.465,0.06149084917446989,106.73247897704687,0,100,3.0,5,0.5788609698425122
6.47,0.08111733445924295,116.49054122378112,0,100,3.0,5,0.7720899252233886
6.475,0.1046628598272375,124.2801299931852,0,100,3.0,5,0.9263392077858456
6.48,0.1320831047748631,128.0,0,100,3.0,5,1.0
6.485,0.16303381314489318,126.5792494357891,0,100,3.0,5,0.9718663254611701
6.49,0.19682662652900276,120.49491737187776,0,100,3.0,5,0.851384502413421
6.495,0.23241585813229,111.54520232813002,0,100,3.0,5,0.6741624223392083
6.5,0.26842527782774417,102.02720845951782,0,100,3.0,5,0.4856872962280757
6.505,0.30321927900592993,93.83123746242877,0,100,3.0,5,0.3233908408401737
6.51,0.3350163137995362,87.92946676355123,0,100,3.0,5,0.20652409432774718
6.515,0.3620352400956416,84.39509244727921,0,100,3.0,5,0.13653648410453884
6.52,0.3826586036805073,82.75598714938529,0,100,3.0,5,0.10407895345317408
6.525,0.39559233134833227,82.38750672843477,0,100,3.0,5,0.0967823114541539
6.53,0.4,82.75960372362837,0,100,3.0,5,0.10415056878472026
6.535,0.39559233134833227,83.51408754439232,0,100,3.0,5,0.11909084246321436
6.54,0.3826586036805073,84.43866646014871,0,100,3.0,5,0.1373993358445289
6.545,0.3620352400956416,85.41090246837383,0,100,3.0,5,0.15665153402720464
6.55,0.3350163137995362,86.35255524550934,0,100,3.0,5,0.1752981236734522
6.555,0.3032192790059296,87.20421921105562,0,100,3.0,5,0.19216275665456664
6.56,0.26842527782774417,87.91561768982146,0,100,3.0,5,0.2062498552439893
6.565,0.23241585813229,88.44438341490005,0,100,3.0,5,0.21672046366138703
6.57,0.19682662652900276,88.75819147378934,0,100,3.0,5,0.22293448462949186
6.575,0.16303381314489318,88.83743821862109,0,100,3.0,5,0.22450372710140767
6.58,0.13208310477486307,88.67711802978641,0,100,3.0,5,0.22132906989676066
6.585,0.10466285982723562,88.28731303142433,0,100,3.0,5,0.2136101590381056
6.59,0.08111733445917907,87.69213711889643,0,100,3.0,5,0.2018244974038896
6.595,0.06149084917398798,86.92726607421336,0,100,3.0,5,0.18667853612303692
6.6,0.04559141333598128,86.03640088666114,0,100,3.0,5,0.1690376413200226
6.605,0.03306217087257399,85.0671504774217,0,100,3.0,5,0.1498445639093407
6.61,0.02345067901074276,84.06687075410292,0,100,3.0,5,0.13003704463570143
6.615,0.016268788896435526,83.07895807613832,0,100,3.0,5,0.11047441734927367
6.62,0.011039026374860051,82.13998159011943,0,100,3.0,5,0.09188082356672145
6.625,0.007326255555493689,81.2778781607644,0,100,3.0,5,0.07480946852998815
6.63,0.0047556414315231815,80.51125939582434,0,100,3.0,5,0.059628898927214645
6.635,0.0030193390635632803,79.84972435950652,0,100,3.0,5,0.04652919523775296
6.64,0.001874953127946523,79.29495762728973,0,100,3.0,5,0.0355437153918759
6.645,0.0011387927410965778,78.84233221479066,0,100,3.0,5,0.02658083593644869
6.65,0.0006765107634274089,78.48273032043235,0,100,3.0,5,0.019460006345195104
6.655,0.00039307957404427924,78.20433168965712,0,100,3.0,5,0.0139471621714282
6.66,0.00022338910511776318,77.99418394562367,0,100,3.0,5,0.009785820705419307
6.665,0.00012417073320013317,77.83944433626651,0,100,3.0,5,0.006721670025079407
6.67,6.750753468904987e-05,77.72825328230846,0,100,3.0,5,0.004519866976405109
6.675,3.5897234866245036e-05,77.65025676235952,0,100,3.0,5,0.0029753814328617495
6.68,1.8670050400879738e-05,77.59683214502472,0,100,3.0,5,0.0019174682183112923
6.685,9.497421874143672e-06,77.56109049001996,0,100,3.0,5,0.0012097126736626584
6.69,4.725434140340885e-06,77.53773081580542,0,100,3.0,5,0.000747144867434014
6.695,2.299606063738814e-06,77.52281325804007,0,100,3.0,5,0.00045174768396186036
6.7,1.0945633976635486e-06,77.51350351902411,0,100,3.0,5,0.0002673964163190618
6.705,5.095703414287532e-07,77.50782483410758,0,100,3.0,5,0.00015494721005110127
6.71,2.3202944964797243e-07,77.5044388640887,0,100,3.0,5,8.789829878609641e-05
6.715,1.0333746954038608e-07,77.50246511444831,0,100,3.0,5,4.88141474913463e-05
6.72,4.501406988770349e-08,77.50134020383713,0,100,3.0,5,2.6538689844179622e-05
6.725,0.0,77.50071330153304,0,100,3.0,5,1.4124782832467563e-05
6.73,0.0,77.50037165843031,0,100,3.0,5,7.359572877437968e-06
6.735,0.001684486749771458,77.50018957599747,0,100,3.0,5,3.7539801478667888e-06
6.74,0.00456624331333666,77.5000946653929,0,100,3.0,5,1.8745622355146396e-06
6.745,0.011079731271581421,77.50004627726287,0,100,3.0,5,9.163814429304675e-07
6.75,0.024064571490409,77.5000221468833,0,100,3.0,5,4.385521444783981e-07
6.755,0.046784906529573234,77.50001037590772,0,100,3.0,5,2.0546351921925318e-07
6.76,0.08141644351188804,77.50000475891683,0,100,3.0,5,9.423597683926706e-08
6.765,0.12682276464025305,77.50000213677434,0,100,3.0,5,4.231236319734163e-08
6.77,0.1768320708657512,77.5000009392425,0,100,3.0,5,1.8598861328932303e-08
6.775,0.22070063230473494,77.50000040417117,0,100,3.0,5,8.003389599018715e-09
6.78,0.24656126505113576,77.50000017026346,0,100,3.0,5,3.3715537028911058e-09
6.785,0.24656126505724016,77.50000007021762,0,100,3.0,5,1.3904479943664795e-09
6.79,0.220700632329898,77.5000000283491,0,100,3.0,5,5.613684390824563e-10
6.795,0.17683207093748562,77.50000001120472,0,100,3.0,5,2.2187562238529906e-10
6.8,0.12682276483597799,77.50000000433542,0,100,3.0,5,8.58498838575128e-11
6.805,0.08141644409447898,77.50000000164222,0,100,3.0,5,3.251921944046453e-11
6.81,0.04678490952598309,77.50000000060898,0,100,3.0,5,1.2058965487337652e-11
6.815,0.024064605020532023,77.50000000022106,0,100,3.0,5,4.377506058409552e-12
6.82,0.011080171739334697,77.50000000007857,0,100,3.0,5,1.555877539016869e-12
6.825,0.004571212771509492,77.50000000002733,0,100,3.0,5,5.411380914323456e-13
6.83,0.0017299316936037438,77.50000000000931,0,100,3.0,5,1.84319006702125e-13
6.835,0.0008899431850697582,77.5000000000031,0,100,3.0,5,6.134586787948588e-14
6.84,0.002128806368910263,77.50000000000101,0,100,3.0,5,1.9979617520383014e-14
6.845,0.009309664818487698,77.50000000000033,0,100,3.0,5,6.472270464349428e-15
6.85,0.03503263543368747,77.5000000000001,0,100,3.0,5,1.969821445671565e-15
6.855,0.10606267793605692,77.50000000000003,0,100,3.0,5,5.628061273347328e-16
6.86,0.25734927343160535,77.50000000000001,0,100,3.0,5,2.814030636673664e-16
6.865,0.5003202479539708,77.5,0,100,3.0,5,0.0
6.87,0.7793067891790435,77.5,0,100,3.0,5,0.0
6.875,0.9720477407234077,77.50000295859651,1,100,3.0,5,5.8586069522645254e-08
6.88,0.967267334488097,77.5000067561685,0,100,3.0,5,1.3378551490841527e-07
6.885,0.7505869905515209,77.50001719779611,0,100,3.0,5,3.405504180523842e-07
6.89,0.4028369574773956,77.5000515647382,0,100,3.0,5,1.0210839247569726e-06
6.895,0.04553881263121314,77.50017905711105,0,100,3.0,5,3.5456853674198706e-06
6.9,-0.189138810908105,77.50066543420391,0,100,3.0,5,1.3176914928907995e-05
6.905,-0.22868072635956738,77.50245623074227,0,100,3.0,5,4.863823252016667e-05
6.91,-0.14104670682394166,77.50861965463233,0,100,3.0,5,0.00017068623034309903
6.915,-0.051158381651102834,77.52816257611583,0,100,3.0,5,0.0005576747745709385
6.92,-0.008206426846427752,77.58486608071702,0,100,3.0,5,0.0016805164498419902
6.925,0.005350271385530505,77.73487888834222,0,100,3.0,5,0.004651067095885605
6.93,0.01084668799215426,78.09587973796046,0,100,3.0,5,0.011799598771494238
6.935,0.016256859896386415,78.88444402686726,0,100,3.0,5,0.02741473320529222
6.94,0.02345021205790711,80.44438680795989,0,100,3.0,5,0.05830468926653242
6.945,0.0330621597308209,83.23080098869458,0,100,3.0,5,0.11348120769692242
6.95,0.04559141319943196,87.70668893967627,0,100,3.0,5,0.2021126522708172
6.955,0.06149084917446989,94.13333093081903,0,100,3.0,5,0.32937288971918866
6.96,0.08111733445924295,102.30231037555089,0,100,3.0,5,0.49113485892179976
6.965,0.1046628598272375,111.34021198838462,0,100,3.0,5,0.6701032076907847
6.97,0.1320831047748631,119.75039744596242,0,100,3.0,5,0.8366415335834143
6.975,0.16303381314489318,125.7775075029916,0,100,3.0,5,0.955990247583992
6.98,0.19682662652900276,128.0,0,100,3.0,5,1.0
6.985,0.23241585813229,125.8837302260334,0,100,3.0,5,0.9580936678422457
6.99,0.26842527782774417,120.00442444611679,0,100,3.0,5,0.8416717712102334
6.995,0.30321927900592993,111.81450952076494,0,100,3.0,5,0.6794952380349494
7.0,0.3350163137995362,103.08448147665294,0,100,3.0,5,0.506623395577286
7.005,0.3620352400956416,95.31267703219518,0,100,3.0,5,0.3527262778652511
7.01,0.3826586036805073,89.3675293197066,0,100,3.0,5,0.2350005805882496
7.015,0.39559233134833227,85.45217753566341,0,100,3.0,5,0.15746886209234473
7.02,0.4,83.3024972126359,0,100,3.0,5,0.11490093490368117
7.025,0.39559233134833227,82.45388413555828,0,100,3.0,5,0.09809671555560957
7.03,0.3826586036805073,82.44762808031379,0,100,3.0,5,0.09797283327354042
7.035,0.3620352400956416,82.93110062408132,0,100,3.0,5,0.10754654701151137
7.04,0.3350163137995362,83.67186230110104,0,100,3.0,5,0.12221509507130779
7.045,0.3032192790059296,84.52902621832729,0,100,3.0,5,0.139188637986679
7.05,0.26842527782774417,85.41685031310809,0,100,3.0,5,0.15676931313085318
7.055,0.23241585813229,86.27738603424606,0,100,3.0,5,0.17380962444051612
7.06,0.19682662652900276,87.06524364772558,0,100,3.0,5,0.18941076530149664
7.065,0.16303381314489318,87.74143830218591,0,100,3.0,5,0.20280075845912698
7.07,0.13208310477486307,88.27236282853896,0,100,3.0,5,0.21331411541661305
7.075,0.10466285982723562,88.63099644233273,0,100,3.0,5,0.22041577113530159
7.08,0.08111733445917907,88.7986725298133,0,100,3.0,5,0.2237360896992733
7.085,0.06149084917398798,88.76653905319374,0,100,3.0,5,0.22309978323155918
7.09,0.04559141333598128,88.53629358627089,0,100,3.0,5,0.21854046705486904
7.095,0.03306217087257399,88.12002543370468,0,100,3.0,5,0.2102975333406868
7.1,0.02345067901074276,87.53916190769036,0,100,3.0,5,0.19879528530079915
7.105,0.016268788896435526,86.82264075718345,0,100,3.0,5,0.184606747666999
7.11,0.011039026374860051,86.00452435542198,0,100,3.0,5,0.16840642287964314
7.115,0.007326255555493689,85.1213287991438,0,100,3.0,5,0.1509174019632435
7.12,0.0047556414315231815,84.20935785951606,0,100,3.0,5,0.13285857147556557
7.125,0.0030193390635632803,83.30230834193938,0,100,3.0,5,0.11489719488988871
7.13,0.001874953127946523,82.42935664000612,0,100,3.0,5,0.0976110225743786
7.135,0.0011387927410965778,81.61385771036055,0,100,3.0,5,0.08146252891803066
7.14,0.0006765107634274089,80.8727013086189,0,100,3.0,5,0.06678616452710694
7.145,0.00039307957404427924,80.21628968940773,0,100,3.0,5,0.05378791464173724
7.15,0.00022338910511776318,79.64903692797822,0,100,3.0,5,0.042555186692637935
7.155,0.00012417073320013317,79.17024915430844,0,100,3.0,5,0.03307424067937498
7.16,6.750753468904987e-05,78.7752291511895,0,100,3.0,5,0.025252062399792212
7.165,3.5897234866245036e-05,78.4564555520702,0,100,3.0,5,0.018939713902380115
7.17,1.8670050400879738e-05,78.20471082421054,0,100,3.0,5,0.013954669786347261
7.175,9.497421874143672e-06,78.0100663591468,0,100,3.0,5,0.010100323943501086
7.18,4.725434140340885e-06,77.86267031462822,0,100,3.0,5,0.007181590388677588
7.185,2.299606063738814e-06,77.75331851077479,0,100,3.0,5,0.005016208134154252
7.19,1.0945633976635486e-06,77.67381667283504,0,100,3.0,5,0.003441914313565247
7.195,5.095703414287532e-07,77.61716166312297,0,100,3.0,5,0.0023200329331281395
7.2,2.3202944964797243e-07,77.57757989946772,0,100,3.0,5,0.001536235633024192
7.205,1.0333746954038608e-07,77.55046409464848,0,100,3.0,5,0.0009992890029401102
7.21,4.501406988770349e-08,77.53224670533048,0,100,3.0,5,0.0006385486204055274
7.215,0.0,77.52024220417289,0,100,3.0,5,0.00040083572619580243
7.22,0.0,77.51248245020372,0,100,3.0,5,0.00024717723175683097
7.225,0.0,77.50756156121719,0,100,3.0,5,0.00014973388548885779
7.23,0.0,77.50449979461789,0,100,3.0,6,8.910484391852079e-05
7.235,0.0,77.50263053146217,0,100,3.0,6,5.208973192423238e-05
7.24,0.0,77.50151065015024,0,100,3.0,6,2.9913864361135146e-05
7.245,0.0,77.50085222424453,0,100,3.0,6,1.6875727614361307e-05
7.25,0.0,77.50047229512309,0,100,3.0,6,9.352378675027403e-06
7.255,0.0,77.50025712400627,0,100,3.0,6,5.091564480551932e-06
7.26,0.0,77.50013751224759,0,100,3.0,6,2.7230148037746727e-06
7.265,0.0,77.50007224532082,0,100,3.0,6,1.4306004123290502e-06
7.27,0.001684486749771458,77.5000372861598,0,100,3.0,6,7.383397979258979e-07
7.275,0.00456624331333666,77.50001890406396,0,100,3.0,6,3.7433790027697083e-07
7.28,0.011079731271581421,77.50000941525938,0,100,3.0,6,1.864407798927126e-07
7.285,0.024064571490409,77.50000460658394,0,100,3.0,6,9.121948401476438e-08
7.29,0.046784906529573234,77.50000221409005,0,100,3.0,6,4.3843367238157884e-08
7.295,0.08141644351188804,77.50000104539677,0,100,3.0,6,2.07009261745529e-08
7.3,0.12682276464025305,77.50000048488262,0,100,3.0,6,9.601636027510532e-09
7.305,0.1768320708657512,77.50000022093356,0,100,3.0,6,4.374921934075894e-09
7.31,0.22070063230473494,77.5000000988909,0,100,3.0,6,1.958235518734252e-09
7.315,0.24656126505113576,77.50000004348311,0,100,3.0,6,8.610517271687184e-10
7.32,0.24656126505724016,77.50000001878254,0,100,3.0,6,3.7193155486141284e-10
7.325,0.220700632329898,77.50000000796999,0,100,3.0,6,1.5782153142107845e-10
7.33,0.17683207093748562,77.50000000332224,0,100,3.0,6,6.578697103028425e-11
7.335,0.12682276483597799,77.50000000136042,0,100,3.0,6,2.6938996687940655e-11
7.34,0.08141644409447898,77.50000000054725,0,100,3.0,6,1.0836550578766614e-11
7.345,0.04678490952598309,77.50000000021626,0,100,3.0,6,4.282391822889982e-12
7.35,0.024064605020532023,77.50000000008394,0,100,3.0,6,1.6622478970831335e-12
7.355,0.011080171739334697,77.50000000003202,0,100,3.0,6,6.340011024425766e-13
7.36,0.004571212771509492,77.500000000012,0,100,3.0,6,2.3750418573525726e-13
7.365,0.0017299316936037438,77.50000000000442,0,100,3.0,6,8.751635280055096e-14
7.37,0.0008899431850697582,77.50000000000159,0,100,3.0,6,3.151714313074504e-14
7.375,0.002128806368910263,77.50000000000057,0,100,3.0,6,1.1256122546694657e-14
7.38,0.009309664818487698,77.5000000000002,0,100,3.0,6,3.93964289134313e-15
7.385,0.03503263543368747,77.50000000000007,0,100,3.0,6,1.4070153183368321e-15
7.39,0.10606267793605692,77.50000000000003,0,100,3.0,6,5.628061273347328e-16
7.395,0.25734927343160535,77.5,0,100,3.0,6,0.0
7.4,0.5003202479539708,77.5,0,100,3.0,6,0.0
7.405,0.7793067891790435,77.5,0,100,3.0,6,0.0
7.41,0.9720477407234077,77.5000029809538,1,100,3.0,6,5.902878801817219e-08
7.415,0.967267334488097,77.5000076117432,0,100,3.0,6,1.507275881225057e-07
7.42,0.7505869905515209,77.5000225601128,0,100,3.0,6,4.4673490686246884e-07
7.425,0.4028369574773956,77.50008255323985,0,100,3.0,6,1.6347176207802638e-06
7.43,0.04553881263121314,77.50035159314228,0,100,3.0,6,6.9622404412662534e-06
7.435,-0.189138810908105,77.50154954505174,0,100,3.0,6,3.068406043059152e-05
7.44,-0.22868072635956738,77.50651195236256,0,100,3.0,6,0.00012894955173382782
7.445,-0.14104670682394166,77.52511102860076,0,100,3.0,6,0.000497248091104191
7.45,-0.051158381651102834,77.58745792119252,0,100,3.0,6,0.0017318400236143309
7.455,-0.008206426846427752,77.77336256021145,0,100,3.0,6,0.005413120004187186
7.46,0.005350271385530505,78.2647632369274,0,100,3.0,6,0.015143826473809774
7.465,0.01084668799215426,79.41274973718394,0,100,3.0,6,0.03787623241948404
7.47,0.016256859896386415,81.77466341531024,0,100,3.0,6,0.08464680030317313
7.475,0.02345021205790711,86.03394894306237,0,100,3.0,6,0.16898908798143308
7.48,0.0330621597308209,92.71785451006303,0,100,3.0,6,0.3013436536646145
7.485,0.04559141319943196,101.73798428044198,0,100,3.0,6,0.4799600847612273
7.49,0.06149084917446989,111.98176511314185,0,100,3.0,6,0.6828072299632049
7.495,0.08111733445924295,121.32010874200647,0,100,3.0,6,0.8677249255842865
7.5,0.1046628598272375,127.25553783931267,0,100,3.0,6,0.9852581750358944
7.505,0.1320831047748631,128.0,0,100,3.0,6,1.0
7.51,0.16303381314489318,123.36205289758938,0,100,3.0,6,0.9081594633186015
7.515,0.19682662652900276,114.85117734162105,0,100,3.0,6,0.739627274091506
7.52,0.23241585813229,104.92626736430825,0,100,3.0,6,0.5430944032536286
7.525,0.26842527782774417,95.89770861756207,0,100,3.0,6,0.36431106173390243
7.53,0.30321927900592993,89.14527840592825,0,100,3.0,6,0.23059957239461887
7.535,0.3350163137995362,84.97294234750359,0,100,3.0,6,0.1479790563862097
7.54,0.3620352400956416,82.95462612724802,0,100,3.0,6,0.10801239855936672
7.545,0.3826586036805073,82.40774086849544,0,100,3.0,6,0.09718298749495917
7.55,0.39559233134833227,82.72209620826142,0,100,3.0,6,0.10340784570814691
7.555,0.4,83.47886936987618,0,100,3.0,6,0.11839345286883522
7.56,0.39559233134833227,84.43104888404353,0,100,3.0,6,0.1372484927533373
7.565,0.3826586036805073,85.43881511593356,0,100,3.0,6,0.15720425972145674
7.57,0.3620352400956416,86.4147123402621,0,100,3.0,6,0.17652895723291284
7.575,0.3350163137995362,87.29313876632602,0,100,3.0,6,0.193923539927248
7.58,0.3032192790059296,88.01888951697732,0,100,3.0,6,0.20829484192034306
7.585,0.26842527782774417,88.54587881000532,0,100,3.0,6,0.21873027346545187
7.59,0.23241585813229,88.83973171784147,0,100,3.0,6,0.22454914292755393
7.595,0.19682662652900276,88.88087191881303,0,100,3.0,6,0.2253638003725352
7.6,0.16303381314489318,88.66652984041815,0,100,3.0,6,0.22111940278055742
7.605,0.13208310477486307,88.21101970224717,0,100,3.0,6,0.21209940004449843
7.61,0.10466285982723562,87.54415234760847,0,100,3.0,6,0.1988941058932371
7.615,0.08111733445917907,86.70800718842511,0,100,3.0,6,0.1823367760084181
7.62,0.06149084917398798,85.7525448436669,0,100,3.0,6,0.16341672957756231
7.625,0.04559141333598128,84.73069463953787,0,100,3.0,6,0.1431820720700569
7.63,0.03306217087257399,83.69358403321934,0,100,3.0,6,0.12264522838058095
7.635,0.02345067901074276,82.68649462999765,0,100,3.0,6,0.10270286396034958
7.64,0.016268788896435526,81.74595821329038,0,100,3.0,6,0.08407838046119562
7.645,0.011039026374860051,80.89818785860719,0,100,3.0,6,0.06729084868529084
7.65,0.007326255555493689,80.15882000019332,0,100,3.0,6,0.05264990099392705
7.655,0.0047556414315231815,79.53376315472676,0,100,3.0,6,0.04027253771736151
7.66,0.0030193390635632803,79.0208335971982,0,100,3.0,6,0.030115516776202084
7.665,0.001874953127946523,78.61181596542644,0,100,3.0,6,0.022016157731216724
7.67,0.0011387927410965778,78.29460995033456,0,100,3.0,6,0.01573485050167447
7.675,0.0006765107634274089,78.05519427235316,0,100,3.0,6,0.010993945987191335
7.68,0.00039307957404427924,77.87923275409153,0,100,3.0,6,0.0075095594869610365
7.685,0.00022338910511776318,77.75324249750975,0,100,3.0,6,0.005014702920985061
7.69,0.00012417073320013317,77.66532450110687,0,100,3.0,6,0.0032737524971656684
7.695,6.750753468904987e-05,77.60551342939246,0,100,3.0,6,0.002089374839454645
7.7,3.5897234866245036e-05,77.56583368141922,0,100,3.0,6,0.00130363725582616
7.705,1.8670050400879738e-05,77.54015673820624,0,100,3.0,6,0.0007951829347769372
7.71,9.497421874143672e-06,77.52394631009273,0,100,3.0,6,0.0004741843582717881
7.715,4.725434140340885e-06,77.5139601041975,0,100,3.0,6,0.0002764377068810725
7.72,2.299606063738814e-06,77.50795625332647,0,100,3.0,6,0.00015754957082117247
7.725,1.0945633976635486e-06,77.50443300713465,0,100,3.0,6,8.778231949803524e-05
7.73,5.095703414287532e-07,77.50241467198211,0,100,3.0,6,4.781528677443534e-05
7.735,2.3202944964797243e-07,77.5012858423949,0,100,3.0,6,2.5462225641721227e-05
7.74,1.0333746954038608e-07,77.50066940233542,0,100,3.0,6,1.3255491790466682e-05
7.745,0.001684486749771458,77.50034068780705,0,100,3.0,6,6.746293208981016e-06
7.75,0.00456624331333666,77.50016951020275,0,100,3.0,6,3.3566376782688384e-06
7.755,0.011079731271581421,77.50008245271884,0,100,3.0,6,1.6327271057974993e-06
7.76,0.024064571490409,77.50003920884086,0,100,3.0,6,7.764126903026354e-07
7.765,0.046784906529573234,77.5000182277436,0,100,3.0,6,3.609454177304803e-07
7.77,0.08141644351188804,77.50000828422152,0,100,3.0,6,1.6404399053670313e-07
7.775,0.12682276464025305,77.5000036807844,0,100,3.0,6,7.288681985355112e-08
7.78,0.1768320708657512,77.50000159881769,0,100,3.0,6,3.1659756233590215e-08
7.785,0.22070063230473494,77.50000067893373,0,100,3.0,6,1.3444232288495889e-08
7.79,0.24656126505113576,77.50000028185498,0,100,3.0,6,5.5812867375076025e-09
7.795,0.24656126505724016,77.50000011439155,0,100,3.0,6,2.265179287266196e-09
7.8,0.220700632329898,77.50000004538705,0,100,3.0,6,8.987535468327449e-10
7.805,0.17683207093748562,77.50000001760516,0,100,3.0,6,3.486170296335079e-10
7.81,0.12682276483597799,77.50000000667602,0,100,3.0,6,1.3219837545884638e-10
7.815,0.08141644409447898,77.50000000247495,0,100,3.0,6,4.900887616524487e-11
7.82,0.04678490952598309,77.50000000089697,0,100,3.0,6,1.77618799756205e-11
7.825,0.024064605020532023,77.50000000031781,0,100,3.0,6,6.293298115856982e-12
7.83,0.011080171739334697,77.50000000011008,0,100,3.0,6,2.1797481311674203e-12
7.835,0.004571212771509492,77.50000000003728,0,100,3.0,6,7.381202359995021e-13
7.84,0.0017299316936037438,77.50000000001234,0,100,3.0,6,2.4425785926327406e-13
7.845,0.0008899431850697582,77.500000000004,0,100,3.0,6,7.907426089052996e-14
7.85,0.002128806368910263,77.50000000000126,0,100,3.0,6,2.504487266639561e-14
7.855,0.009309664818487698,77.50000000000038,0,100,3.0,6,7.597882719018894e-15
7.86,0.03503263543368747,77.50000000000011,0,100,3.0,6,2.2512245093389313e-15
7.865,0.10606267793605692,77.50000000000003,0,100,3.0,6,5.628061273347328e-16
7.87,0.25734927343160535,77.50000000000001,0,100,3.0,6,2.814030636673664e-16
7.875,0.5003202479539708,77.5,0,100,3.0,6,0.0
7.88,0.7793067891790435,77.5,0,100,3.0,6,0.0
7.885,0.9720477407234077,77.50000296085867,1,100,3.0,6,5.863086466933514e-08
7.89,0.967267334488097,77.50000571035189,0,100,3.0,6,1.1307627496174937e-07
7.895,0.7505869905515209,77.50001170443171,0,100,3.0,6,2.3177092502199158e-07
7.9,0.4028369574773956,77.50002641304063,0,100,3.0,6,5.230305075116067e-07
7.905,0.04553881263121314,77.5000665252307,0,100,3.0,6,1.3173313008526675e-06
7.91,-0.189138810908105,77.50018274192149,0,100,3.0,6,3.61865191073118e-06
7.915,-0.22868072635956738,77.50052387318846,0,100,3.0,6,1.0373726504079932e-05
7.92,-0.14104670682394166,77.50150521745815,0,100,3.0,6,2.9806286299912477e-05
7.925,-0.051158381651102834,77.50421964861579,0,100,3.0,6,8.355739833243008e-05
7.93,-0.008206426846427752,77.51136598535467,0,100,3.0,6,0.00022506901692420094
7.935,0.005350271385530505,77.52917765399178,0,100,3.0,6,0.0005777753265699112
7.94,0.01084668799215426,77.57108134476782,0,100,3.0,6,0.001407551381540973
7.945,0.016256859896386415,77.6639647333306,0,100,3.0,6,0.0032468264025861697
7.95,0.02345021205790711,77.85769648779382,0,100,3.0,6,0.0070830987681943895
7.955,0.0330621597308209,78.23750275866202,0,100,3.0,6,0.014604015023010253
7.96,0.04559141319943196,78.93660609869892,0,100,3.0,6,0.02844764551879043
7.965,0.06149084917446989,80.14329255035945,0,100,3.0,6,0.05234242673979104
7.97,0.08111733445924295,82.09338400003853,0,100,3.0,6,0.09095809901066389
7.975,0.1046628598272375,85.03822258680947,0,100,3.0,6,0.14927173439226668
7.98,0.1320831047748631,89.18250782082993,0,100,3.0,6,0.23133678853128567
7.985,0.16303381314489318,94.59721442119522,0,100,3.0,6,0.3385587014098063
7.99,0.19682662652900276,101.12843122811438,0,100,3.0,6,0.46788972728939365
7.995,0.23241585813229,108.33679106398483,0,100,3.0,6,0.6106295260195016
8.0,0.26842527782774417,115.50495517696805,0,100,3.0,6,0.7525733698409516
8.005,0.30321927900592993,121.73545376717152,0,100,3.0,6,0.8759495795479509
8.01,0.3350163137995362,126.12938694554578,0,100,3.0,6,0.9629581573375401
8.015,0.3620352400956416,128.0,0,100,3.0,6,1.0
8.02,0.3826586036805073,127.05213378267595,0,100,3.0,6,0.9812303719341773
8.025,0.39559233134833227,123.46342393853134,0,100,3.0,6,0.9101668106639869
8.03,0.4,117.83691169866654,0,100,3.0,6,0.7987507267062681
8.035,0.39559233134833227,111.0428157522503,0,100,3.0,6,0.6642141733118873
8.04,0.3826586036805073,104.00689074025422,0,100,3.0,6,0.5248889255495885
8.045,0.3620352400956416,97.51613742161487,0,100,3.0,6,0.3963591568636608
8.05,0.3350163137995362,92.09620566947218,0,100,3.0,6,0.28903377563311256
8.055,0.3032192790059296,87.98016572790874,0,100,3.0,6,0.20752803421601468
8.06,0.26842527782774417,85.15367330456162,0,100,3.0,6,0.151557887219042
8.065,0.23241585813229,83.44129238271697,0,100,3.0,6,0.11764935411320726
8.07,0.19682662652900276,82.59709159381332,0,100,3.0,6,0.10093250680818451
8.075,0.16303381314489318,82.37439505741156,0,100,3.0,6,0.09652267440418934
8.08,0.13208310477486307,82.56552256721031,0,100,3.0,6,0.10030737756852096
8.085,0.10466285982723562,83.01490925964377,0,100,3.0,6,0.10920612395334203
8.09,0.08111733445917907,83.6149898322029,0,100,3.0,6,0.12108890756837415
8.095,0.06149084917398798,84.29448016479837,0,100,3.0,6,0.13454416167917568
8.1,0.04559141333598128,85.00585406562266,0,100,3.0,6,0.14863077357668628
8.105,0.03306217087257399,85.71541498624035,0,100,3.0,6,0.16268148487604647
8.11,0.02345067901074276,86.3968221508936,0,100,3.0,6,0.17617469605729896
8.115,0.016268788896435526,87.02758541113411,0,100,3.0,6,0.18866505764622005
8.12,0.011039026374860051,87.58761854591343,0,100,3.0,6,0.19975482269135503
8.125,0.007326255555493689,88.05900895677816,0,100,3.0,6,0.2090892862728348
8.13,0.0047556414315231815,88.42639340038534,0,100,3.0,6,0.21636422575020467
8.135,0.0030193390635632803,88.6775522319961,0,100,3.0,6,0.22133766796031887
8.14,0.001874953127946523,88.8039936388506,0,100,3.0,6,0.22384145819506138
8.145,0.0011387927410965778,88.80139813628098,0,100,3.0,6,0.22379006210457386
8.15,0.0006765107634274089,88.66985288048312,0,100,3.0,6,0.2211852055541212
8.155,0.00039307957404427924,88.41384349586936,0,100,3.0,6,0.21611571278949224
8.16,0.00022338910511776318,88.04199915217103,0,100,3.0,6,0.20875245845883228
8.165,0.00012417073320013317,87.56660940207883,0,100,3.0,6,0.19933880004116486
8.17,6.750753468904987e-05,87.00294999195195,0,100,3.0,6,0.18817722756340496
8.175,3.5897234866245036e-05,86.36846906118626,0,100,3.0,6,0.1756132487363616
8.18,1.8670050400879738e-05,85.68189406124547,0,100,3.0,6,0.16201770418307868
8.185,9.497421874143672e-06,84.96232284202596,0,100,3.0,6,0.1477687691490288
8.19,4.725434140340885e-06,84.22835970510592,0,100,3.0,6,0.1332348456456617
8.195,2.299606063738814e-06,83.49734943647044,0,100,3.0,6,0.11875939478159295
8.2,1.0945633976635486e-06,82.78475053823685,0,100,3.0,6,0.10464852550964059
8.205,5.095703414287532e-07,82.10367455593006,0,100,3.0,6,0.09116187239465456
8.21,2.3202944964797243e-07,81.46460316387433,0,100,3.0,6,0.07850699334404614
8.215,1.0333746954038608e-07,80.87528008464052,0,100,3.0,6,0.06683722939882222
8.22,4.501406988770349e-08,80.34076230091587,0,100,3.0,6,0.05625271883001722
8.225,0.0,79.86360532746926,0,100,3.0,6,0.04680406589048037
8.23,0.0,79.44415107473705,0,100,3.0,6,0.03849804108390198
8.235,0.0,79.08088414773357,0,100,3.0,6,0.031304636588783574
8.24,0.0,78.77082299540983,0,100,3.0,6,0.025164811790293663
8.245,0.0,78.5099155754286,0,100,3.0,6,0.019998328226308773
8.25,0.0,78.2934143679769,0,100,3.0,6,0.015711175603502846
8.255,0.0,78.11621183743308,0,100,3.0,6,0.012202214602635337
8.26,0.0,77.97312402094234,0,100,3.0,6,0.009368792493907646
8.265,0.0,77.85911615682538,0,100,3.0,6,0.00711121102624514
8.27,0.0,77.76946966133801,0,100,3.0,6,0.005336032897782325
8.275,0.0,77.6998940161644,0,100,3.0,6,0.0039582973497899595
8.28,0.0,77.64659011856614,0,100,3.0,6,0.00290277462507204
8.285,0.0,77.6062734021177,0,100,3.0,6,0.0021044238043107654
8.29,0.0,77.57616570333117,0,100,3.0,6,0.0015082317491320926
8.295,0.0,77.55396464383686,0,100,3.0,6,0.0010686068086507624
8.3,0.0,77.537798464583,0,100,3.0,6,0.0007484844471882257
8.305,0.0,77.52617302906836,0,100,3.0,6,0.0005182778033338646
8.31,0.0,77.51791631962661,0,100,3.0,6,0.0003547786064674742
8.315,0.0,77.5121243538018,0,100,3.0,6,0.0002400862138969306
8.32,0.0,77.50811116779626,0,100,3.0,6,0.0001606171840843208
8.325,0.0,77.50536442472783,0,100,3.0,6,0.00010622623223425628
8.33,0.0,77.5035073403457,0,100,3.0,6,6.945228407339032e-05
8.335,0.0,77.50226697980659,0,100,3.0,6,4.489068923944479e-05
8.34,0.0,77.50144854628769,0,100,3.0,6,2.868408490476303e-05
8.345,0.0,77.5009150231643,0,100,3.0,6,1.8119270580123923e-05
8.35,0.0,77.50057140861654,0,100,3.0,6,1.131502210964214e-05
8.355,0.0,77.5003527576711,0,100,3.0,6,6.985300417724856e-06
8.36,0.0,77.50021528864964,0,100,3.0,6,4.263141577065752e-06
8.365,0.0,77.50012989151612,0,100,3.0,6,2.572109230184219e-06
8.37,0.0,77.50007747390087,0,100,3.0,6,1.5341366509567318e-06
8.375,0.0,77.50004568199337,0,100,3.0,6,9.045939281246446e-07
8.38,0.0,77.50002662868097,0,100,3.0,6,5.273006132767369e-07
8.385,0.0,77.50001534508321,0,100,3.0,6,3.0386303392063356e-07
8.39,0.0,77.50000874185959,0,100,3.0,6,1.7310613045965782e-07
8.395,0.0,77.50000492326701,0,100,3.0,6,9.749043591333553e-08
8.4,0.0,77.50000274105619,0,100,3.0,6,5.427834044930572e-08
8.405,0.0,77.50000150868118,0,100,3.0,6,2.9874874851182284e-08
8.41,0.001684486749771458,77.50000082090328,0,100,3.0,6,1.6255510521803824e-08
8.415,0.00456624331333666,77.50000044157197,0,100,3.0,6,8.743999407922481e-09
8.42,0.011079731271581421,77.50000023481508,0,100,3.0,6,4.6498034817427695e-09
8.425,0.024064571490409,77.50000012344272,0,100,3.0,6,2.4444102451741513e-09
8.43,0.046784906529573234,77.50000006415344,0,100,3.0,6,1.270365146410768e-09
8.435,0.08141644351188804,77.50000003296016,0,100,3.0,7,6.526764167628613e-10
8.44,0.12682276464025305,77.5000000167407,0,100,3.0,7,3.3149899986755834e-10
8.445,0.1768320708657512,77.50000000840569,0,100,3.0,7,1.664493493531199e-10
8.45,0.22070063230473494,77.50000000417242,0,100,3.0,7,8.262219071724812e-11
8.455,0.24656126505113576,77.50000000204747,0,100,3.0,7,4.0543990607066817e-11
8.46,0.24656126505724016,77.50000000099325,0,100,3.0,7,1.966838573196691e-11
8.465,0.220700632329898,77.50000000047635,0,100,3.0,7,9.432630694130123e-12
8.47,0.17683207093748562,77.50000000022584,0,100,3.0,7,4.472057487801787e-12
8.475,0.12682276483597799,77.50000000010584,0,100,3.0,7,2.095890018194545e-12
8.48,0.08141644409447898,77.50000000004904,0,100,3.0,7,9.711219727160816e-13
8.485,0.04678490952598309,77.50000000002247,0,100,3.0,7,4.448982436581063e-13
8.49,0.024064605020532023,77.50000000001017,0,100,3.0,7,2.0148459358583435e-13
8.495,0.011080171739334697,77.50000000000455,0,100,3.0,7,9.004898037355726e-14
8.5,0.004571212771509492,77.50000000000202,0,100,3.0,7,3.995923504076603e-14
8.505,0.0017299316936037438,77.50000000000088,0,100,3.0,7,1.7446989947376717e-14
8.51,0.0008899431850697582,77.50000000000038,0,100,3.0,7,7.597882719018894e-15
8.515,0.002128806368910263,77.50000000000016,0,100,3.0,7,3.0954337003410305e-15
8.52,0.009309664818487698,77.50000000000007,0,100,3.0,7,1.4070153183368321e-15
8.525,0.03503263543368747,77.50000000000003,0,100,3.0,7,5.628061273347328e-16
8.53,0.10606267793605692,77.50000000000001,0,100,3.0,7,2.814030636673664e-16
8.535,0.25734927343160535,77.5,0,100,3.0,7,0.0
8.54,0.5003202479539708,77.5,0,100,3.0,7,0.0
8.545,0.7793067891790435,77.5,0,100,3.0,7,0.0
8.55,0.9720477407234077,77.500002961856,1,100,3.0,7,5.865061381774638e-08
8.555,0.967267334488097,77.500006041423,0,100,3.0,7,1.1963213873878877e-07
8.56,0.7505869905515209,77.50001328138595,0,100,3.0,7,2.629977415165173e-07
8.565,0.4028369574773956,77.50003283321637,0,100,3.0,7,6.501627003199426e-07
8.57,0.04553881263121314,77.50009198824264,0,100,3.0,7,1.8215493592959877e-06
8.575,-0.189138810908105,77.50028074560149,0,100,3.0,7,5.559318841314602e-06
8.58,-0.22868072635956738,77.50088215537116,0,100,3.0,7,1.7468423191256096e-05
8.585,-0.14104670682394166,77.5027317136506,0,100,3.0,7,5.409333961592487e-05
8.59,-0.051158381651102834,77.50812515206187,0,100,3.0,7,0.00016089410023495125
8.595,-0.008206426846427752,77.52290585167412,0,100,3.0,7,0.0004535812212697967
8.6,0.005350271385530505,77.5607994860294,0,100,3.0,7,0.0012039502184038745
8.605,0.01084668799215426,77.65144697964095,0,100,3.0,7,0.0029989500919000286
8.61,0.016256859896386415,77.85343089561607,0,100,3.0,7,0.00699863159635785
8.615,0.02345021205790711,78.27206809920676,0,100,3.0,7,0.015288477212015105
8.62,0.0330621597308209,79.07802187804528,0,100,3.0,7,0.031247957981094594
8.625,0.04559141319943196,80.51693895137673,0,100,3.0,7,0.05974136537379663
8.63,0.06149084917446989,82.89454088046219,0,100,3.0,7,0.10682259169232054
8.635,0.08111733445924295,86.52074732919208,0,100,3.0,7,0.17862865998400151
8.64,0.1046628598272375,91.60628022891433,0,100,3.0,7,0.2793322817606798
8.645,0.1320831047748631,98.12800786254579,0,100,3.0,7,0.40847540321872844
8.65,0.16303381314489318,105.70840989696592,0,100,3.0,7,0.5585823741973449
8.655,0.19682662652900276,113.57344353324595,0,100,3.0,7,0.7143256145197218
8.66,0.23241585813229,120.64276888442222,0,100,3.0,7,0.8543122551370738
8.665,0.26842527782774417,125.75956336367835,0,100,3.0,7,0.9556349180926407
8.67,0.30321927900592993,128.0,0,100,3.0,7,1.0
8.675,0.3350163137995362,126.95061745029365,0,100,3.0,7,0.9792201475305673
8.68,0.3620352400956416,122.84001560912182,0,100,3.0,7,0.897822091269739
8.685,0.3826586036805073,116.46801010317881,0,100,3.0,7,0.7716437644193824
8.69,0.39559233134833227,108.96296573740314,0,100,3.0,7,0.6230290245030324
8.695,0.4,101.46881286087532,0,100,3.0,7,0.4746299576410954
8.7,0.39559233134833227,94.88053871179497,0,100,3.0,7,0.34416908340188057
8.705,0.3826586036805073,89.70779311233117,0,100,3.0,7,0.24173847747190444
8.71,0.3620352400956416,86.07956026661839,0,100,3.0,7,0.1698922825072948
8.715,0.3350163137995362,83.84687409322002,0,100,3.0,7,0.1256806751132678
8.72,0.3032192790059296,82.7187027867249,0,100,3.0,7,0.10334064924207731
8.725,0.26842527782774417,82.37771688222631,0,100,3.0,7,0.09658845311339226
8.73,0.23241585813229,82.55072048744152,0,100,3.0,7,0.10001426707804997
8.735,0.19682662652900276,83.03453037589074,0,100,3.0,7,0.1095946609087275
8.74,0.16303381314489318,83.69208055632127,0,100,3.0,7,0.12261545656081728
8.745,0.13208310477486307,84.43544696634281,0,100,3.0,7,0.1373355834919368
8.75,0.10466285982723562,85.20760297898806,0,100,3.0,7,0.15262580156412006
8.755,0.08111733445917907,85.96850260217812,0,100,3.0,7,0.1676931208352103
8.76,0.06149084917398798,86.6865931944108,0,100,3.0,7,0.18191273652298623
8.765,0.04559141333598128,87.33469336179016,0,100,3.0,7,0.19474640320376552
8.77,0.03306217087257399,87.88866412777621,0,100,3.0,7,0.20571612134210315
8.775,0.02345067901074276,88.32756689971691,0,100,3.0,7,0.21440726534092897
8.78,0.016268788896435526,88.63444229094094,0,100,3.0,7,0.22048400576120672
8.785,0.011039026374860051,88.7972016808272,0,100,3.0,7,0.22370696397677625
8.79,0.007326255555493689,88.80935150413694,0,100,3.0,7,0.22394755453736517
8.795,0.0047556414315231815,88.67040269484706,0,100,3.0,7,0.22119609296726842
8.8,0.0030193390635632803,88.38589749796584,0,100,3.0,7,0.21556232669239292
8.805,0.001874953127946523,87.96704111602165,0,100,3.0,7,0.20726814091131976
8.81,0.0011387927410965778,87.42996910265714,0,100,3.0,7,0.19663305153776514
8.815,0.0006765107634274089,86.79471636674512,0,100,3.0,7,0.18405378944049744
8.82,0.00039307957404427924,86.08397933237504,0,100,3.0,7,0.16997978875990172
8.825,0.00022338910511776318,85.32177758289465,0,100,3.0,7,0.15488668480979514
8.83,0.00012417073320013317,84.53212429988861,0,100,3.0,7,0.13924998613640807
8.835,6.750753468904987e-05,83.7378064113005,0,100,3.0,7,0.1235209190356534
8.84,3.5897234866245036e-05,82.95935736032456,0,100,3.0,7,0.1081060863430606
8.845,1.8670050400879738e-05,82.21428063285789,0,100,3.0,7,0.09335209173976025
8.85,9.497421874143672e-06,81.51655406697313,0,100,3.0,7,0.0795357240984778
8.855,4.725434140340885e-06,80.8764170164331,0,100,3.0,7,0.06685974289966524
8.86,2.299606063738814e-06,80.30041774319758,0,100,3.0,7,0.05545381669698188
8.865,1.0945633976635486e-06,79.7916792805792,0,100,3.0,7,0.04537978773424164
8.87,5.095703414287532e-07,79.35032975682887,0,100,3.0,7,0.03664019320453208
8.875,2.3202944964797243e-07,78.97403808767992,0,100,3.0,7,0.029188873023364655
8.88,1.0333746954038608e-07,78.65859741440458,0,100,3.0,7,0.022942523057516477
8.885,4.501406988770349e-08,78.39850537991533,0,100,3.0,7,0.01779218574089772
8.89,0.0,78.1875006071592,0,100,3.0,7,0.01361387340909295
8.895,0.0,78.01902678123402,0,100,3.0,7,0.010277758044237983
8.9,0.0,77.8866079019436,0,100,3.0,7,0.007655602018685262
8.905,0.0,77.78412926151917,0,100,3.0,7,0.0056263220102805754
8.91,0.0,77.70602763440992,0,100,3.0,7,0.004079755136830114
8.915,0.0,77.64740060525696,0,100,3.0,7,0.002918823866474497
8.92,0.0,77.604048862077,0,100,3.0,7,0.0020603735064751187
8.925,0.0,77.57246689949535,0,100,3.0,7,0.0014349881088188759
8.93,0.0,77.54979735814472,0,100,3.0,7,0.000986086299895357
8.935,0.0,77.53376270259416,0,100,3.0,7,0.0006685683682011887
8.94,0.0,77.52258563891289,0,100,3.0,7,0.000447240374512603
8.945,0.0,77.51490705436474,0,100,3.0,7,0.0002951891953414091
8.95,0.0,77.50970768257822,0,100,3.0,7,0.00019223133818265054
8.955,0.0,77.50623739972342,0,100,3.0,7,0.000123512865810248
8.96,0.0,77.50395417479393,0,100,3.0,7,7.830049096895945e-05
8.965,0.0,77.50247327511215,0,100,3.0,7,4.8975744795087046e-05
8.97,0.0,77.50152634696913,0,100,3.0,7,3.0224692458002417e-05
8.975,0.0,77.50092939083888,0,100,3.0,7,1.840377898766332e-05
8.98,0.0,77.50055835162344,0,100,3.0,7,1.1056467790881876e-05
8.985,0.0,77.50033096453323,0,100,3.0,7,6.553753133339972e-06
8.99,0.0,77.50019356169078,0,100,3.0,7,3.832904767894361e-06
8.995,0.0,77.50011169188872,0,100,3.0,7,2.2117205686966075e-06
9.0,0.0,77.50006358989972,0,100,3.0,7,1.2592059351395573e-06
9.005,0.0,77.5000357206146,0,100,3.0,7,7.07338903067007e-07
9.01,0.0,77.50001979766552,0,100,3.0,7,3.920329805119349e-07
9.015,0.0,77.50001082613204,0,100,3.0,7,2.1437885228950486e-07
9.02,0.0,77.50000584113084,0,100,3.0,7,1.156659572873173e-07
9.025,0.001684486749771458,77.50000310945893,0,100,3.0,7,6.157344416513495e-08
9.03,0.00456624331333666,77.50000163319106,0,100,3.0,7,3.234041705942254e-08
9.035,0.011079731271581421,77.50000084635671,0,100,3.0,7,1.6759538865618098e-08
9.04,0.024064571490409,77.5000004327471,0,100,3.0,7,8.569249512400364e-09
9.045,0.046784906529573234,77.50000021831278,0,100,3.0,7,4.323025299671295e-09
9.05,0.08141644351188804,77.5000001086647,0,100,3.0,7,2.151776103832757e-09
9.055,0.12682276464025305,77.50000005336567,0,100,3.0,7,1.0567458899134695e-09
9.06,0.1768320708657512,77.50000002585828,0,100,3.0,7,5.120452356950949e-10
9.065,0.22070063230473494,77.50000001236238,0,100,3.0,7,2.447995601608337e-10
9.07,0.24656126505113576,77.50000000583134,0,100,3.0,7,1.154720587575218e-10
9.075,0.24656126505724016,77.50000000271393,0,100,3.0,7,5.374123148693897e-11
9.08,0.220700632329898,77.50000000124622,0,100,3.0,7,2.4677641668309697e-11
9.085,0.17683207093748562,77.50000000056461,0,100,3.0,7,1.1180425122568135e-11
9.09,0.12682276483597799,77.50000000025238,0,100,3.0,7,4.997718410732428e-12
9.095,0.08141644409447898,77.50000000011131,0,100,3.0,7,2.204230197706481e-12
9.1,0.04678490952598309,77.50000000004844,0,100,3.0,7,9.59303044042052e-13
9.105,0.024064605020532023,77.5000000000208,0,100,3.0,7,4.1197408520902444e-13
9.11,0.011080171739334697,77.50000000000881,0,100,3.0,7,1.7446989947376718e-13
9.115,0.004571212771509492,77.50000000000368,0,100,3.0,7,7.28833934898479e-14
9.12,0.0017299316936037438,77.50000000000152,0,100,3.0,7,3.011012781240821e-14
9.125,0.0008899431850697582,77.50000000000061,0,100,3.0,7,1.2100331737696755e-14
9.13,0.002128806368910263,77.50000000000024,0,100,3.0,7,4.783852082345229e-15
9.135,0.009309664818487698,77.5000000000001,0,100,3.0,7,1.969821445671565e-15
9.14,0.03503263543368747,77.50000000000004,0,100,3.0,7,8.442091910020992e-16
9.145,0.10606267793605692,77.50000000000001,0,100,3.0,7,2.814030636673664e-16
9.15,0.25734927343160535,77.5,0,100,3.0,7,0.0
9.155,0.5003202479539708,77.5,0,100,3.0,7,0.0
9.16,0.7793067891790435,77.5,0,100,3.0,7,0.0
9.165,0.9720477407234077,77.5000029632167,1,100,3.0,7,5.867755844249559e-08
9.17,0.967267334488097,77.50000682291645,0,100,3.0,7,1.3510725637496592e-07
9.175,0.7505869905515209,77.50001756024393,0,100,3.0,7,3.4772760262841426e-07
9.18,0.4028369574773956,77.50005342195217,0,100,3.0,7,1.0578604390880938e-06
9.185,0.04553881263121314,77.50018840392086,0,100,3.0,7,3.7307707100803828e-06
9.19,-0.189138810908105,77.50070967490346,0,100,3.0,7,1.4052968385378857e-05
9.195,-0.22868072635956738,77.50264736798302,0,100,3.0,7,5.242312837655692e-05
9.2,-0.14104670682394166,77.50936430658398,0,100,3.0,7,0.00018543181354407307
9.205,-0.051158381651102834,77.53076934741445,0,100,3.0,7,0.0006092940082069027
9.21,-0.008206426846427752,77.59306177469023,0,100,3.0,7,0.0018428074196084581
9.215,0.005350271385530505,77.75802676786665,0,100,3.0,7,0.005109440947854515
9.22,0.01084668799215426,78.15461689924777,0,100,3.0,7,0.012962710876193472
9.225,0.016256859896386415,79.01828265856908,0,100,3.0,7,0.030065003139981734
9.23,0.02345021205790711,80.71788402888605,0,100,3.0,7,0.06372047581952568
9.235,0.0330621597308209,83.73079902637203,0,100,3.0,7,0.12338215893805991
9.24,0.04559141319943196,88.52107119930265,0,100,3.0,7,0.2182390336495575
9.245,0.06149084917446989,95.30690819667116,0,100,3.0,7,0.3526120434984388
9.25,0.08111733445924295,103.7805137153438,0,100,3.0,7,0.5204062121850258
9.255,0.1046628598272375,112.93009024750643,0,100,3.0,7,0.7015859454951768
9.26,0.1320831047748631,121.13525691684497,0,100,3.0,7,0.8640644934028706
9.265,0.16303381314489318,126.6019505798869,0,100,3.0,7,0.9723158530670674
9.27,0.19682662652900276,128.0,0,100,3.0,7,1.0
9.275,0.23241585813229,124.99911850064926,0,100,3.0,7,0.9405766039732527
9.28,0.26842527782774417,118.41082419885984,0,100,3.0,7,0.8101153306704919
9.285,0.30321927900592993,109.85508918464754,0,100,3.0,7,0.6406948353395553
9.29,0.3350163137995362,101.13977923732722,0,100,3.0,7,0.4681144403431132
9.295,0.3620352400956416,93.67740219718712,0,100,3.0,7,0.3203445979641014
9.3,0.3826586036805073,88.18807433450232,0,100,3.0,7,0.21164503632677856
9.305,0.39559233134833227,84.73520644729146,0,100,3.0,7,0.14327141479785072
9.31,0.4,82.96744827784511,0,100,3.0,7,0.1082663025315863
9.315,0.39559233134833227,82.39155633242602,0,100,3.0,7,0.09686250163219842
9.32,0.3826586036805073,82.55988591100417,0,100,3.0,7,0.10019576061394402
9.325,0.3620352400956416,83.1463378415175,0,100,3.0,7,0.11180867012905926
9.33,0.3350163137995362,83.94360114320315,0,100,3.0,7,0.1275960622416466
9.335,0.3032192790059296,84.8277522116186,0,100,3.0,7,0.14510400419046737
9.34,0.26842527782774417,85.72195777553705,0,100,3.0,7,0.1628110450601396
9.345,0.23241585813229,86.57191545419312,0,100,3.0,7,0.17964189018204194
9.35,0.19682662652900276,87.33344446152883,0,100,3.0,7,0.19472167250552133
9.355,0.16303381314489318,87.96825352116706,0,100,3.0,7,0.20729214893400114
9.36,0.13208310477486307,88.44394081009204,0,100,3.0,7,0.21671169920974345
9.365,0.10466285982723562,88.73561558960037,0,100,3.0,7,0.22248743741782914
9.37,0.08111733445917907,88.82770800558913,0,100,3.0,7,0.22431104961562634
9.375,0.06149084917398798,88.71524935893723,0,100,3.0,7,0.22208414572152926
9.38,0.04559141333598128,88.40429210697437,0,100,3.0,7,0.21592657637573004
9.385,0.03306217087257399,87.9113648010271,0,100,3.0,7,0.2061656396242991
9.39,0.02345067901074276,87.26201550499496,0,100,3.0,7,0.19330723772267253
9.395,0.016268788896435526,86.48861883511692,0,100,3.0,7,0.17799245218053314
9.4,0.011039026374860051,85.62770772453368,0,100,3.0,7,0.1609447074165085
9.405,0.007326255555493689,84.71713506982503,0,100,3.0,7,0.14291356573910957
9.41,0.0047556414315231815,83.79336949573046,0,100,3.0,7,0.12462117813327643
9.415,0.0030193390635632803,82.88918720853592,0,100,3.0,7,0.10671657838684981
9.42,0.001874953127946523,82.03194835275565,0,100,3.0,7,0.08974155153971582
9.425,0.0011387927410965778,81.24255572514794,0,100,3.0,7,0.0741100143593651
9.43,0.0006765107634274089,80.53510165291061,0,100,3.0,7,0.06010102282991311
9.435,0.00039307957404427924,79.91712911156813,0,100,3.0,7,0.047863942803329305
9.44,0.00022338910511776318,79.39037558157813,0,100,3.0,7,0.03743317983323023
9.445,0.00012417073320013317,78.95183743607636,0,100,3.0,7,0.028749256159927926
9.45,6.750753468904987e-05,78.59498841544391,0,100,3.0,7,0.021682938919681337
9.455,3.5897234866245036e-05,78.31100344773567,0,100,3.0,7,0.016059474212587566
9.46,1.8670050400879738e-05,78.0898716426395,0,100,3.0,7,0.011680626586920675
9.465,9.497421874143672e-06,77.92132184618897,0,100,3.0,7,0.008343006855227205
9.47,4.725434140340885e-06,77.79552354015783,0,100,3.0,7,0.005851951290254073
9.475,2.299606063738814e-06,77.70355971062563,0,100,3.0,7,0.00403088535892329
9.48,1.0945633976635486e-06,77.63769342762592,0,100,3.0,7,0.0027266025272459243
9.485,5.095703414287532e-07,77.59146527391141,0,100,3.0,7,0.001811193542800205
9.49,2.3202944964797243e-07,77.55966517374333,0,100,3.0,7,0.0011814885889767574
9.495,1.0333746954038608e-07,77.53822145556238,0,100,3.0,7,0.0007568605061857226
9.5,4.501406988770349e-08,77.52404446821832,0,100,3.0,7,0.00047612808353110806
9.505,0.0,77.51485404628625,0,100,3.0,7,0.0002941395304207059
9.51,0.0,77.50901147768072,0,100,3.0,7,0.00017844510258842634
9.515,0.0,77.5053686969771,0,100,3.0,7,0.00010631083122971762
9.52,0.0,77.5031409672966,0,100,3.0,7,6.2197372209942e-05
9.525,0.0,77.50180459429171,0,100,3.0,7,3.57345404299534e-05
9.53,0.0,77.50101816317644,0,100,3.0,7,2.016164705821103e-05
9.535,0.0,77.50056412693317,0,100,3.0,7,1.1170830359810455e-05
9.54,0.0,77.50030694313577,0,100,3.0,7,6.078081896410565e-06
9.545,0.0,77.50016400634816,0,100,3.0,7,3.2476504585621016e-06
9.55,0.0,77.5000860567684,0,100,3.0,7,1.7040944236790586e-06
9.555,0.001684486749771458,77.50004434361045,0,100,3.0,7,8.780912961324562e-07
9.56,0.00456624331333666,77.50002243875255,0,100,3.0,7,4.443317337036476e-07
9.565,0.011079731271581421,77.50001115033744,0,100,3.0,7,2.207987612415885e-07
9.57,0.024064571490409,77.50000544125342,0,100,3.0,7,1.0774759249837342e-07
9.575,0.046784906529573234,77.50000260754337,0,100,3.0,7,5.163452208375254e-08
9.58,0.08141644351188804,77.50000122711641,0,100,3.0,7,2.42993349270409e-08
9.585,0.12682276464025305,77.50000056710259,0,100,3.0,7,1.1229754235419834e-08
9.59,0.1768320708657512,77.50000025737073,0,100,3.0,7,5.096450082635441e-09
9.595,0.22070063230473494,77.50000011470392,0,100,3.0,7,2.271364808008668e-09
9.6,0.24656126505113576,77.50000005020178,0,100,3.0,7,9.940945932216307e-10
9.605,0.24656126505724016,77.50000002157653,0,100,3.0,7,4.2725792980599007e-10
9.61,0.220700632329898,77.5000000091068,0,100,3.0,7,1.8033265090221308e-10
9.615,0.17683207093748562,77.5000000037746,0,100,3.0,7,7.474459335294387e-11
9.62,0.12682276483597799,77.50000000153638,0,100,3.0,7,3.042332942226998e-11
9.625,0.08141644409447898,77.50000000061411,0,100,3.0,7,1.2160551993321572e-11
9.63,0.04678490952598309,77.50000000024106,0,100,3.0,7,4.7734401689895364e-12
9.635,0.024064605020532023,77.50000000009292,0,100,3.0,7,1.840094633320909e-12
9.64,0.011080171739334697,77.50000000003517,0,100,3.0,8,6.964725825767319e-13
9.645,0.004571212771509492,77.50000000001307,0,100,3.0,8,2.588908185739771e-13
9.65,0.0017299316936037438,77.50000000000477,0,100,3.0,8,9.455142939223511e-14
9.655,0.0008899431850697582,77.5000000000017,0,100,3.0,8,3.376836764008397e-14
9.66,0.002128806368910263,77.5000000000006,0,100,3.0,8,1.1818928674029389e-14
9.665,0.009309664818487698,77.50000000000021,0,100,3.0,8,4.221045955010496e-15
9.67,0.03503263543368747,77.50000000000007,0,100,3.0,8,1.4070153183368321e-15
9.675,0.10606267793605692,77.50000000000003,0,100,3.0,8,5.628061273347328e-16
9.68,0.25734927343160535,77.5,0,100,3.0,8,0.0
9.685,0.5003202479539708,77.5,0,100,3.0,8,0.0
9.69,0.7793067891790435,77.5,0,100,3.0,8,0.0
9.695,0.9720477407234077,77.5000029632167,1,100,3.0,8,5.867755844249559e-08
9.7,0.967267334488097,77.5000059376048,0,100,3.0,8,1.1757633261719219e-07
9.705,0.7505869905515209,77.50001276355475,0,100,3.0,8,2.5274365841574077e-07
9.71,0.4028369574773956,77.50003064109448,0,100,3.0,8,6.067543461986224e-07
9.715,0.04553881263121314,77.50008298165619,0,100,3.0,8,1.6432011127090117e-06
9.72,-0.189138810908105,77.50024503836143,0,100,3.0,8,4.852244780740965e-06
9.725,-0.22868072635956738,77.50074848054169,0,100,3.0,8,1.4821396865108279e-05
9.73,-0.14104670682394166,77.50226551612232,0,100,3.0,8,4.4861705392500734e-05
9.735,-0.051158381651102834,77.50661940466038,0,100,3.0,8,0.00013107732000760438
9.74,-0.008206426846427752,77.51841054376423,0,100,3.0,8,0.00036456522305411903
9.745,0.005350271385530505,77.54839812828513,0,100,3.0,8,0.0009583787779233446
9.75,0.01084668799215426,77.61982582118479,0,100,3.0,8,0.0023727885383126738
9.755,0.016256859896386415,77.77889256217193,0,100,3.0,8,0.0055226249935036225
9.76,0.02345021205790711,78.10963732186457,0,100,3.0,8,0.012072026175536002
9.765,0.0330621597308209,78.75092151744123,0,100,3.0,8,0.02477072311764807
9.77,0.04559141319943196,79.9087326709927,0,100,3.0,8,0.0476976766533209
9.775,0.06149084917446989,81.85188343427765,0,100,3.0,8,0.0861759095896565
9.78,0.08111733445924295,84.87660047953338,0,100,3.0,8,0.14607129662442336
9.785,0.1046628598272375,89.23015235542505,0,100,3.0,8,0.23228024466188213
9.79,0.1320831047748631,94.99882501874558,0,100,3.0,8,0.3465113865098134
9.795,0.16303381314489318,101.98894029735766,0,100,3.0,8,0.4849295108387655
9.8,0.19682662652900276,109.65089174060849,0,100,3.0,8,0.6366513215962076
9.805,0.23241585813229,117.09986446314402,0,100,3.0,8,0.7841557319434459
9.81,0.26842527782774417,123.26166314833992,0,100,3.0,8,0.9061715474918796
9.815,0.30321927900592993,127.12152069509544,0,100,3.0,8,0.9826043701999098
9.82,0.3350163137995362,128.0,0,100,3.0,8,1.0
9.825,0.3620352400956416,125.753838019447,0,100,3.0,8,0.9555215449395446
9.83,0.3826586036805073,120.82076135998885,0,100,3.0,8,0.8578368586136406
9.835,0.39559233134833227,114.08960455830919,0,100,3.0,8,0.7245466249170137
9.84,0.4,106.64913868340399,0,100,3.0,8,0.5772106669980989
9.845,0.39559233134833227,99.5133886516984,0,100,3.0,8,0.43590868617224565
9.85,0.3826586036805073,93.41762112302557,0,100,3.0,8,0.31520041827773404
9.855,0.3620352400956416,88.73552998548763,0,100,3.0,8,0.22248574228688378
9.86,0.3350163137995362,85.51231074372309,0,100,3.0,8,0.15865961868758596
9.865,0.3032192790059296,83.56875812223683,0,100,3.0,8,0.12017342816310553
9.87,0.26842527782774417,82.62145439320233,0,100,3.0,8,0.10141493847925401
9.875,0.23241585813229,82.37856251014239,0,100,3.0,8,0.09660519822064134
9.88,0.19682662652900276,82.59484163283764,0,100,3.0,8,0.10088795312549786
9.885,0.16303381314489318,83.08955460734782,0,100,3.0,8,0.11068424965045191
9.89,0.13208310477486307,83.74068070754905,0,100,3.0,8,0.12357783579305041
9.895,0.10466285982723562,84.46928792877765,0,100,3.0,8,0.1380057015599534
9.9,0.08111733445917907,85.22350477295976,0,100,3.0,8,0.15294068857346052
9.905,0.06149084917398798,85.96643451289296,0,100,3.0,8,0.16765216857213783
9.91,0.04559141333598128,86.66877212581805,0,100,3.0,8,0.181559844075605
9.915,0.03306217087257399,87.30517905319509,0,100,3.0,8,0.19416196144940773
9.92,0.02345067901074276,87.85308057266846,0,100,3.0,8,0.20501149648848438
9.925,0.016268788896435526,88.29277433001748,0,100,3.0,8,0.21371830356470256
9.93,0.011039026374860051,88.60810467392501,0,100,3.0,8,0.2199624687905943
9.935,0.007326255555493689,88.78725860971063,0,100,3.0,8,0.22351007147941848
9.94,0.0047556414315231815,88.82343447722398,0,100,3.0,8,0.22422642529156403
9.945,0.0030193390635632803,88.71524935893723,0,100,3.0,8,0.22208414572152926
9.95,0.001874953127946523,88.46682050888896,0,100,3.0,8,0.21716476255225658
9.955,0.0011387927410965778,88.08750355955483,0,100,3.0,8,0.20965353583276897
9.96,0.0006765107634274089,87.59130736152696,0,100,3.0,8,0.19982786854508827
9.965,0.00039307957404427924,86.99603550232074,0,100,3.0,8,0.18804030697664825
9.97,0.00022338910511776318,86.32222756000658,0,100,3.0,8,0.17469757544567488
9.975,0.00012417073320013317,85.5919876730514,0,100,3.0,8,0.16023737966438428
9.98,6.750753468904987e-05,84.82779312309145,0,100,3.0,8,0.14510481431864264
9.985,3.5897234866245036e-05,84.05137136185039,0,100,3.0,8,0.12973012597723535
9.99,1.8670050400879738e-05,83.28272136314028,0,100,3.0,8,0.11450933392356996
9.995,9.497421874143672e-06,82.53933634560707,0,100,3.0,8,0.09978883852687265
10.0,4.725434140340885e-06,81.83566237670279,0,100,3.0,8,0.08585470052876804
10.005,2.299606063738814e-06,81.182803916743,0,100,3.0,8,0.07292681023253461
10.01,1.0945633976635486e-06,80.5884655936849,0,100,3.0,8,0.06115773452841389
10.015,5.095703414287532e-07,80.05710151400747,0,100,3.0,8,0.050635673544702386
10.02,2.3202944964797243e-07,79.59023060237372,0,100,3.0,8,0.04139070499749946
10.025,1.0333746954038608e-07,79.18686941841649,0,100,3.0,8,0.03340335482012856
10.03,4.501406988770349e-08,78.8440324631707,0,100,3.0,8,0.026614504221202092
10.035,0.0,78.55725338170798,0,100,3.0,8,0.020935710528870895
10.04,0.0,78.32108749492411,0,100,3.0,8,0.016259158315329
10.045,0.0,78.12956535899671,0,100,3.0,8,0.012466640772212169
10.05,0.0,77.97657717630197,0,100,3.0,8,0.009437171807959858
10.055,0.0,77.8561776684136,0,100,3.0,8,0.007053023136902843
10.06,0.0,77.76280956302601,0,100,3.0,8,0.005204149762891298
10.065,0.0,77.691450573779,0,100,3.0,8,0.0037911004708711636
10.07,0.0,77.63769342762592,0,100,3.0,8,0.0027266025272459243
10.075,0.0,77.59777116282646,0,100,3.0,8,0.00193606263022696
10.08,0.0,77.56854083334795,0,100,3.0,8,0.0013572442247119388
10.085,0.0,77.54743828840738,0,100,3.0,8,0.0009393720476708441
10.09,0.0,77.53241527216751,0,100,3.0,8,0.0006418865775744939
10.095,0.0,77.52186811576739,0,100,3.0,8,0.0004330319953938593
10.1,0.0,77.5145651206646,0,100,3.0,8,0.0002884182309821656
10.105,0.0,77.50957762524908,0,100,3.0,8,0.00018965594552632369
10.11,0.0,77.50621788411807,0,100,3.0,8,0.00012312641817965243
10.115,0.0,77.50398536808234,0,100,3.0,8,7.891817984831379e-05
10.12,0.0,77.50252194309775,0,100,3.0,8,4.993946728212328e-05
10.125,0.0,77.50157558979458,0,100,3.0,8,3.1199797912548924e-05
10.13,0.0,77.50097183394746,0,100,3.0,8,1.9244236583371374e-05
10.135,0.0,77.50059180959549,0,100,3.0,8,1.1719001890912862e-05
10.14,0.0,77.50035580575643,0,100,3.0,8,7.045658543122477e-06
10.145,0.0,77.50021119564977,0,100,3.0,8,4.182092074625142e-06
10.15,0.0,77.50012376504303,0,100,3.0,8,2.4507929312545853e-06
10.155,0.0,77.5000716064357,0,100,3.0,8,1.4179492217124898e-06
10.16,0.0,77.5000409022451,0,100,3.0,8,8.099454475996026e-07
10.165,0.0,77.50002306658317,0,100,3.0,8,4.5676402312820564e-07
10.17,0.0,77.50001284282068,0,100,3.0,8,2.5431328080599943e-07
10.175,0.0,77.50000705957572,0,100,3.0,8,1.3979357865789305e-07
10.18,0.0,77.50000383122638,0,100,3.0,8,7.586586890499915e-08
10.185,0.001684486749771458,77.50000205275943,0,100,3.0,8,4.064870153126664e-08
10.19,0.00456624331333666,77.50000108587373,0,100,3.0,8,2.1502450179036488e-08
10.195,0.011079731271581421,77.50000056710259,0,100,3.0,8,1.1229754235419834e-08
10.2,0.024064571490409,77.50000029240512,0,100,3.0,8,5.790200371974255e-09
10.205,0.046784906529573234,77.50000014885018,0,100,3.0,8,2.947528250077463e-09
10.21,0.08141644351188804,77.50000007480915,0,100,3.0,8,1.4813693242374057e-09
10.215,0.12682276464025305,77.50000003711942,0,100,3.0,8,7.350380282431535e-10
10.22,0.1768320708657512,77.50000001818397,0,100,3.0,8,3.600785764166797e-10
10.225,0.22070063230473494,77.50000000879461,0,100,3.0,8,1.7415078839956838e-10
10.23,0.24656126505113576,77.50000000419939,0,100,3.0,8,8.315629373208878e-11
10.235,0.24656126505724016,77.50000000197969,0,100,3.0,8,3.920169799337348e-11
10.24,0.220700632329898,77.5000000009214,0,100,3.0,8,1.8245611842064705e-11
10.245,0.17683207093748562,77.50000000042338,0,100,3.0,8,8.383841475841848e-12
10.25,0.12682276483597799,77.50000000019207,0,100,3.0,8,3.803443808528125e-12
10.255,0.08141644409447898,77.50000000008603,0,100,3.0,8,1.7036141474422362e-12
10.26,0.04678490952598309,77.50000000003804,0,100,3.0,8,7.533160014375399e-13
10.265,0.024064605020532023,77.50000000001661,0,100,3.0,8,3.2896018142715135e-13
10.27,0.011080171739334697,77.50000000000716,0,100,3.0,8,1.4182714408835267e-13
10.275,0.004571212771509492,77.50000000000304,0,100,3.0,8,6.022025562481641e-14
10.28,0.0017299316936037438,77.50000000000128,0,100,3.0,8,2.5326275730062977e-14
10.285,0.0008899431850697582,77.50000000000053,0,100,3.0,8,1.0411913355692557e-14
10.29,0.002128806368910263,77.50000000000021,0,100,3.0,8,4.221045955010496e-15
10.295,0.009309664818487698,77.50000000000009,0,100,3.0,8,1.6884183820041984e-15
10.3,0.03503263543368747,77.50000000000003,0,100,3.0,8,5.628061273347328e-16
10.305,0.10606267793605692,77.50000000000001,0,100,3.0,8,2.814030636673664e-16
10.31,0.25734927343160535,77.5,0,100,3.0,8,0.0
10.315,0.5003202479539708,77.5,0,100,3.0,8,0.0
10.32,0.7793067891790435,77.5,0,100,3.0,8,0.0
10.325,0.9720477407234077,77.5000029768749,1,100,3.0,8,5.8948017741016935e-08
10.33,0.967267334488097,77.50000639791868,0,100,3.0,8,1.2669145904861705e-07
10.335,0.7505869905515209,77.50001503914727,0,100,3.0,8,2.978048964657976e-07
10.34,0.4028369574773956,77.5000405977313,0,100,3.0,8,8.039154712749602e-07
10.345,0.04553881263121314,77.50012568133535,0,100,3.0,8,2.488739313818796e-06
10.35,-0.189138810908105,77.50042139469598,0,100,3.0,8,8.344449425278683e-06
10.355,-0.22868072635956738,77.50143220973679,0,100,3.0,8,2.8360588847345023e-05
10.36,-0.14104670682394166,77.5047186192955,0,100,3.0,8,9.343800585153338e-05
10.365,-0.051158381651102834,77.51471703980556,0,100,3.0,8,0.0002914265308031825
10.37,-0.008206426846427752,77.54295938552251,0,100,3.0,8,0.0008506809014357997
10.375,0.005350271385530505,77.6167303530177,0,100,3.0,8,0.002311492138964373
10.38,0.01084668799215426,77.79449447378158,0,100,3.0,8,0.005831573738249171
10.385,0.016256859896386415,78.1889498680611,0,100,3.0,8,0.013642571644774282
10.39,0.02345021205790711,78.9936054602403,0,100,3.0,8,0.029576345747332738
10.395,0.0330621597308209,80.4996856165681,0,100,3.0,8,0.059399715179566354
10.4,0.04559141319943196,83.07993103850617,0,100,3.0,8,0.11049368393081534
10.405,0.06149084917446989,87.11287313371587,0,100,3.0,8,0.19035392343991814
10.41,0.08111733445924295,92.83655963825184,0,100,3.0,8,0.3036942502624127
10.415,0.1046628598272375,100.1592760486476,0,100,3.0,8,0.44869853561678413
10.42,0.1320831047748631,108.50359714416015,0,100,3.0,8,0.6139326167160426
10.425,0.16303381314489318,116.78654847688122,0,100,3.0,8,0.777951454987747
10.43,0.19682662652900276,123.60821001847575,0,100,3.0,8,0.913033861751995
10.435,0.23241585813229,127.62847233815549,0,100,3.0,8,0.9926430165971384
10.44,0.26842527782774417,128.0,0,100,3.0,8,1.0
10.445,0.30321927900592993,124.66760400991004,0,100,3.0,8,0.934011960592278
10.45,0.3350163137995362,118.39038146372059,0,100,3.0,8,0.8097105240340711
10.455,0.3620352400956416,110.47562935409675,0,100,3.0,8,0.6529827594870644
10.46,0.3826586036805073,102.35298204453142,0,100,3.0,8,0.4921382583075528
10.465,0.39559233134833227,95.17874322086946,0,100,3.0,8,0.35007412318553394
10.47,0.4,89.61569511522995,0,100,3.0,8,0.23991475475702878
10.475,0.39559233134833227,85.82517009686714,0,100,3.0,8,0.16485485340330971
10.48,0.3826586036805073,83.6090618349903,0,100,3.0,8,0.12097152148495643
10.485,0.3620352400956416,82.59933730320935,0,100,3.0,8,0.1009769763011753
10.49,0.3350163137995362,82.41268319594003,0,100,3.0,8,0.09728085536514917
10.495,0.3032192790059296,82.73585255051967,0,100,3.0,8,0.10368024852514192
10.5,0.26842527782774417,83.34863649182353,0,100,3.0,8,0.11581458399650547
10.505,0.23241585813229,84.11012510513392,0,100,3.0,8,0.1308935664382954
10.51,0.19682662652900276,84.93289016428321,0,100,3.0,8,0.14718594384719225
10.515,0.16303381314489318,85.75985479737454,0,100,3.0,8,0.1635614811361296
10.52,0.13208310477486307,86.54900938892803,0,100,3.0,8,0.17918830473124805
10.525,0.10466285982723562,87.2655137876512,0,100,3.0,8,0.19337651064655845
10.53,0.08111733445917907,87.87880541393756,0,100,3.0,8,0.2055208992858922
10.535,0.06149084917398798,88.36243221298648,0,100,3.0,8,0.21509766758389062
10.54,0.04559141333598128,88.69504827525046,0,100,3.0,8,0.2216841242623853
10.545,0.03306217087257399,88.86166481029888,0,100,3.0,8,0.22498346159007676
10.55,0.02345067901074276,88.85467214111144,0,100,3.0,8,0.22484499289329576
10.555,0.016268788896435526,88.67438787319062,0,100,3.0,8,0.22127500738991338
10.56,0.011039026374860051,88.32902560186928,0,100,3.0,8,0.21443615053206486
10.565,0.007326255555493689,87.834072636083,0,100,3.0,8,0.20463510170461374
10.57,0.0047556414315231815,87.21113807884366,0,100,3.0,8,0.19229976393749823
10.575,0.0030193390635632803,86.48638950473932,0,100,3.0,8,0.177948307024541
10.58,0.001874953127946523,85.68873539894074,0,100,3.0,8,0.16215317621664824
10.585,0.0011387927410965778,84.84792859716677,0,100,3.0,8,0.14550353657755982
10.59,0.0006765107634274089,83.99276234682259,0,100,3.0,8,0.12856955142222945
10.595,0.00039307957404427924,83.14950732513329,0,100,3.0,8,0.11187143218085714
10.6,0.00022338910511776318,82.34069963296807,0,100,3.0,8,0.0958554382765954
10.605,0.00012417073320013317,81.58434279250736,0,100,3.0,8,0.08087807509915558
10.61,6.750753468904987e-05,80.89353805575186,0,100,3.0,8,0.06719877338122497
10.615,3.5897234866245036e-05,80.27651326693037,0,100,3.0,8,0.05498046073129437
10.62,1.8670050400879738e-05,79.73698603104926,0,100,3.0,8,0.04429675309008427
10.625,9.497421874143672e-06,79.27477491320202,0,100,3.0,8,0.03514405768716877
10.63,4.725434140340885e-06,78.88656355336967,0,100,3.0,8,0.027456704027122157
10.635,2.299606063738814e-06,78.56672572691414,0,100,3.0,8,0.02112328172107214
10.64,1.0945633976635486e-06,78.30813189638289,0,100,3.0,8,0.01600261180956216
10.645,5.095703414287532e-07,78.10287630828009,0,100,3.0,8,0.011938144718417582
10.65,2.3202944964797243e-07,77.94288469900617,0,100,3.0,8,0.008769994039726167
10.655,1.0333746954038608e-07,77.82038311916784,0,100,3.0,8,0.0063442201815414505
10.66,4.501406988770349e-08,77.72822597134211,0,100,3.0,8,0.004519326165190349
10.665,0.0,77.66009471412842,0,100,3.0,8,0.0031701923589786034
10.67,0.0,77.61058733996865,0,100,3.0,8,0.0021898483162108096
10.675,0.0,77.57522294299544,0,100,3.0,8,0.0014895632276324417
10.68,0.0,77.55038621312866,0,100,3.0,8,0.0009977467946269503
10.685,0.0,77.53323453510313,0,100,3.0,8,0.0006581096060026449
10.69,0.0,77.52158658720883,0,100,3.0,8,0.0004274571724520814
10.695,0.0,77.51380685790998,0,100,3.0,8,0.0002734031269303704
10.7,0.0,77.5086960537223,0,100,3.0,8,0.0001721990836099709
10.705,0.0,77.50539344261945,0,100,3.0,8,0.00010680084394950859
10.71,0.0,77.50329402128571,0,100,3.0,8,6.522814427151136e-05
10.715,0.0,77.50198108554771,0,100,3.0,8,3.922941678637255e-05
10.72,0.0,77.50117326616962,0,100,3.0,8,2.323299345773806e-05
10.725,0.0,77.50068423668777,0,100,3.0,8,1.3549241342076076e-05
10.73,0.0,77.5003929458036,0,100,3.0,8,7.781105021721677e-06
10.735,0.0,77.50022221606024,0,100,3.0,8,4.400318024499038e-06
10.74,0.0,77.5001237470122,0,100,3.0,8,2.4504358850775826e-06
10.745,0.0,77.5000678594742,0,100,3.0,8,1.3437519643534554e-06
10.75,0.0,77.50003664398938,0,100,3.0,8,7.256235519862727e-07
10.755,0.0,77.50001948549742,0,100,3.0,8,3.858514340249307e-07
10.76,0.001684486749771458,77.50001020320788,0,100,3.0,8,2.0204372036811162e-07
10.765,0.00456624331333666,77.50000526112309,0,100,3.0,8,1.0418065530171985e-07
10.77,0.011079731271581421,77.50000267138621,0,100,3.0,8,5.289873688480379e-08
10.775,0.024064571490409,77.50000133570758,0,100,3.0,8,2.6449655051422243e-08
10.78,0.046784906529573234,77.50000065766176,0,100,3.0,8,1.3023005107747354e-08
10.785,0.08141644351188804,77.5000003188675,0,100,3.0,8,6.3142080519058494e-09
10.79,0.12682276464025305,77.500000152242,0,100,3.0,8,3.0146929705074623e-09
10.795,0.1768320708657512,77.50000007157726,0,100,3.0,8,1.4173715138859185e-09
10.8,0.22070063230473494,77.50000003313846,0,100,3.0,8,6.562071810026957e-10
10.805,0.24656126505113576,77.50000001510796,0,100,3.0,8,2.991674762705599e-10
10.81,0.24656126505724016,77.5000000067826,0,100,3.0,8,1.3430889843635165e-10
10.815,0.220700632329898,77.50000000299849,0,100,3.0,8,5.937604643381431e-11
10.82,0.17683207093748562,77.50000000130535,0,100,3.0,8,2.584855981622961e-11
10.825,0.12682276483597799,77.50000000055958,0,100,3.0,8,1.1080808438029887e-11
10.83,0.08141644409447898,77.50000000023623,0,100,3.0,8,4.677763127342632e-12
10.835,0.04678490952598309,77.5000000000982,0,100,3.0,8,1.944495169941502e-12
10.84,0.024064605020532023,77.50000000004019,0,100,3.0,8,7.958078640513122e-13
10.845,0.011080171739334697,77.5000000000162,0,100,3.0,9,3.207994925807977e-13
10.85,0.004571212771509492,77.50000000000644,0,100,3.0,9,1.27475587841317e-13
10.855,0.0017299316936037438,77.50000000000252,0,100,3.0,9,4.9808342269123855e-14
10.86,0.0008899431850697582,77.50000000000097,0,100,3.0,9,1.9135408329380917e-14
10.865,0.002128806368910263,77.50000000000037,0,100,3.0,9,7.316479655351527e-15
10.87,0.009309664818487698,77.50000000000014,0,100,3.0,9,2.8140306366736642e-15
10.875,0.03503263543368747,77.50000000000004,0,100,3.0,9,8.442091910020992e-16
10.88,0.10606267793605692,77.50000000000001,0,100,3.0,9,2.814030636673664e-16
10.885,0.25734927343160535,77.5,0,100,3.0,9,0.0
10.89,0.5003202479539708,77.5,0,100,3.0,9,0.0
10.895,0.7793067891790435,77.5,0,100,3.0,9,0.0
10.9,0.9720477407234077,77.5,1,100,3.0,9,0.0
10.905,0.967267334488097,77.5,0,100,3.0,9,0.0
10.91,0.7505869905515209,77.5,0,100,3.0,9,0.0
10.915,0.4028369574773956,77.5,0,100,3.0,9,0.0
10.92,0.04553881263121314,77.5,0,100,3.0,9,0.0
10.925,-0.189138810908105,77.5,0,100,3.0,9,0.0
10.93,-0.22868072635956738,77.5,0,100,3.0,9,0.0
10.935,-0.14104670682394166,77.5,0,100,3.0,9,0.0
10.94,-0.051158381651102834,77.5,0,100,3.0,9,0.0
10.945,-0.008206426846427752,77.5,0,100,3.0,9,0.0
10.95,0.005350271385530505,77.5,0,100,3.0,9,0.0
10.955,0.01084668799215426,77.5,0,100,3.0,9,0.0
10.96,0.016256859896386415,77.5,0,100,3.0,9,0.0
10.965,0.02345021205790711,77.5,0,100,3.0,9,0.0
10.97,0.0330621597308209,77.5,0,100,3.0,9,0.0
10.975,0.04559141319943196,77.5,0,100,3.0,9,0.0
10.98,0.06149084917446989,77.5,0,100,3.0,9,0.0
10.985,0.08111733445924295,77.5,0,100,3.0,9,0.0
10.99,0.1046628598272375,77.5,0,100,3.0,9,0.0
10.995,0.1320831047748631,77.5,0,100,3.0,9,0.0
11.0,0.16303381314489318,77.5,0,100,3.0,9,0.0
11.005,0.19682662652900276,77.5,0,100,3.0,9,0.0
11.01,0.23241585813229,77.5,0,100,3.0,9,0.0
11.015,0.26842527782774417,77.5,0,100,3.0,9,0.0
11.02,0.30321927900592993,77.5,0,100,3.0,9,0.0
11.025,0.3350163137995362,77.5,0,100,3.0,9,0.0
11.03,0.3620352400956416,77.5,0,100,3.0,9,0.0
11.035,0.3826586036805073,77.5,0,100,3.0,9,0.0
11.04,0.39559233134833227,77.5,0,100,3.0,9,0.0
11.045,0.4,77.5,0,100,3.0,9,0.0
11.05,0.39559233134833227,77.5,0,100,3.0,9,0.0
11.055,0.3826586036805073,77.5,0,100,3.0,9,0.0
11.06,0.3620352400956416,77.5,0,100,3.0,9,0.0
11.065,0.3350163137995362,77.5,0,100,3.0,9,0.0
11.07,0.3032192790059296,77.5,0,100,3.0,9,0.0
11.075,0.26842527782774417,77.5,0,100,3.0,9,0.0
11.08,0.23241585813229,77.5,0,100,3.0,9,0.0
11.085,0.19682662652900276,77.5,0,100,3.0,9,0.0
11.09,0.16303381314489318,77.5,0,100,3.0,9,0.0
11.095,0.13208310477486307,77.5,0,100,3.0,9,0.0
11.1,0.10466285982723562,77.5,0,100,3.0,9,0.0
11.105,0.08111733445917907,77.5,0,100,3.0,9,0.0
11.11,0.06149084917398798,77.5,0,100,3.0,9,0.0
11.115,0.04559141333598128,77.5,0,100,3.0,9,0.0
11.12,0.03306217087257399,77.5,0,100,3.0,9,0.0
11.125,0.02345067901074276,77.5,0,100,3.0,9,0.0
11.13,0.016268788896435526,77.5,0,100,3.0,9,0.0
11.135,0.011039026374860051,77.5,0,100,3.0,9,0.0
11.14,0.007326255555493689,77.5,0,100,3.0,9,0.0
11.145,0.0047556414315231815,77.5,0,100,3.0,9,0.0
11.15,0.0030193390635632803,77.5,0,100,3.0,9,0.0
11.155,0.001874953127946523,77.5,0,100,3.0,9,0.0
11.16,0.0011387927410965778,77.5,0,100,3.0,9,0.0
11.165,0.0006765107634274089,77.5,0,100,3.0,9,0.0
11.17,0.00039307957404427924,77.5,0,100,3.0,9,0.0
11.175,0.00022338910511776318,77.5,0,100,3.0,9,0.0
11.18,0.00012417073320013317,77.5,0,100,3.0,9,0.0
11.185,6.750753468904987e-05,77.5,0,100,3.0,9,0.0
11.19,3.5897234866245036e-05,77.5,0,100,3.0,9,0.0
11.195,1.8670050400879738e-05,77.5,0,100,3.0,9,0.0
11.2,9.497421874143672e-06,77.5,0,100,3.0,9,0.0
11.205,4.725434140340885e-06,77.5,0,100,3.0,9,0.0
11.21,2.299606063738814e-06,77.5,0,100,3.0,9,0.0
11.215,1.0945633976635486e-06,77.5,0,100,3.0,9,0.0
11.22,5.095703414287532e-07,77.5,0,100,3.0,9,0.0
11.225,2.3202944964797243e-07,77.5,0,100,3.0,9,0.0
11.23,1.0333746954038608e-07,77.5,0,100,3.0,9,0.0
11.235,4.501406988770349e-08,77.5,0,100,3.0,9,0.0
11.24,0.0,77.5,0,100,3.0,9,0.0
11.245,0.0,77.5,0,100,3.0,9,0.0
11.25,0.0,77.5,0,100,3.0,9,0.0
11.255,0.0,77.5,0,100,3.0,9,0.0
11.26,0.0,77.5,0,100,3.0,9,0.0
11.265,0.0,77.5,0,100,3.0,9,0.0
11.27,0.0,77.5,0,100,3.0,9,0.0
11.275,0.0,77.5,0,100,3.0,9,0.0
11.28,0.0,77.5,0,100,3.0,9,0.0
11.285,0.0,77.5,0,100,3.0,9,0.0
11.29,0.0,77.5,0,100,3.0,9,0.0
11.295,0.0,77.5,0,100,3.0,9,0.0
11.3,0.0,77.5,0,100,3.0,9,0.0
11.305,0.0,77.5,0,100,3.0,9,0.0
11.31,0.0,77.5,0,100,3.0,9,0.0
11.315,0.0,77.5,0,100,3.0,9,0.0
11.32,0.0,77.5,0,100,3.0,9,0.0
11.325,0.0,77.5,0,100,3.0,9,0.0
11.33,0.0,77.5,0,100,3.0,9,0.0
11.335,0.0,77.5,0,100,3.0,9,0.0
11.34,0.0,77.5,0,100,3.0,9,0.0
11.345,0.0,77.5,0,100,3.0,9,0.0
11.35,0.0,77.5,0,100,3.0,9,0.0
11.355,0.0,77.5,0,100,3.0,9,0.0
11.36,0.0,77.5,0,100,3.0,9,0.0
11.365,0.0,77.5,0,100,3.0,9,0.0
11.37,0.0,77.5,0,100,3.0,9,0.0
11.375,0.0,77.5,0,100,3.0,9,0.0
11.38,0.0,77.5,0,100,3.0,9,0.0
11.385,0.0,77.5,0,100,3.0,9,0.0
11.39,0.0,77.5,0,100,3.0,9,0.0
11.395,0.0,77.5,0,100,3.0,9,0.0
11.4,0.0,77.5,0,100,3.0,9,0.0
11.405,0.0,77.5,0,100,3.0,9,0.0
11.41,0.0,77.5,0,100,3.0,9,0.0
11.415,0.0,77.5,0,100,3.0,9,0.0
11.42,0.0,77.5,0,100,3.0,9,0.0
11.425,0.0,77.5,0,100,3.0,9,0.0
11.43,0.0,77.5,0,100,3.0,9,0.0
11.435,0.0,77.5,0,100,3.0,9,0.0
11.44,0.0,77.5,0,100,3.0,9,0.0
11.445,0.0,77.5,0,100,3.0,9,0.0
11.45,0.0,77.5,0,100,3.0,9,0.0
11.455,0.0,77.5,0,100,3.0,9,0.0
11.46,0.0,77.5,0,100,3.0,9,0.0
11.465,0.0,77.5,0,100,3.0,9,0.0
11.47,0.0,77.5,0,100,3.0,9,0.0
11.475,0.0,77.5,0,100,3.0,9,0.0
11.48,0.0,77.5,0,100,3.0,9,0.0
11.485,0.0,77.5,0,100,3.0,9,0.0
11.49,0.0,77.5,0,100,3.0,9,0.0
11.495,0.0,77.5,0,100,3.0,9,0.0
11.5,0.0,77.5,0,100,3.0,9,0.0
11.505,0.0,77.5,0,100,3.0,9,0.0
11.51,0.0,77.5,0,100,3.0,9,0.0
11.515,0.0,77.5,0,100,3.0,9,0.0
11.52,0.0,77.5,0,100,3.0,9,0.0
11.525,0.0,77.5,0,100,3.0,9,0.0
11.53,0.0,77.5,0,100,3.0,9,0.0
11.535,0.0,77.5,0,100,3.0,9,0.0
11.54,0.0,77.5,0,100,3.0,9,0.0
11.545,0.0,77.5,0,100,3.0,9,0.0
11.55,0.0,77.5,0,100,3.0,9,0.0
11.555,0.0,77.5,0,100,3.0,9,0.0
11.56,0.0,77.5,0,100,3.0,9,0.0
11.565,0.0,77.5,0,100,3.0,9,0.0
11.57,0.0,77.5,0,100,3.0,9,0.0
11.575,0.0,77.5,0,100,3.0,9,0.0
11.58,0.0,77.5,0,100,3.0,9,0.0
11.585,0.0,77.5,0,100,3.0,9,0.0
11.59,0.0,77.5,0,100,3.0,9,0.0
11.595,0.0,77.5,0,100,3.0,9,0.0
11.6,0.0,77.5,0,100,3.0,9,0.0
11.605,0.0,77.5,0,100,3.0,9,0.0
11.61,0.0,77.5,0,100,3.0,9,0.0
11.615,0.0,77.5,0,100,3.0,9,0.0
11.62,0.0,77.5,0,100,3.0,9,0.0
11.625,0.0,77.5,0,100,3.0,9,0.0
11.63,0.0,77.5,0,100,3.0,9,0.0
11.635,0.0,77.5,0,100,3.0,9,0.0
11.64,0.0,77.5,0,100,3.0,9,0.0
11.645,0.0,77.5,0,100,3.0,9,0.0
11.65,0.0,77.5,0,100,3.0,9,0.0
11.655,0.0,77.5,0,100,3.0,9,0.0
11.66,0.0,77.5,0,100,3.0,9,0.0
11.665,0.0,77.5,0,100,3.0,9,0.0
11.67,0.0,77.5,0,100,3.0,9,0.0
11.675,0.0,77.5,0,100,3.0,9,0.0
11.68,0.0,77.5,0,100,3.0,9,0.0
11.685,0.0,77.5,0,100,3.0,9,0.0
11.69,0.0,77.5,0,100,3.0,9,0.0
11.695,0.0,77.5,0,100,3.0,9,0.0
11.7,0.0,77.5,0,100,3.0,9,0.0
11.705,0.0,77.5,0,100,3.0,9,0.0
11.71,0.0,77.5,0,100,3.0,9,0.0
11.715,0.0,77.5,0,100,3.0,9,0.0
11.72,0.0,77.5,0,100,3.0,9,0.0
11.725,0.0,77.5,0,100,3.0,9,0.0
11.73,0.0,77.5,0,100,3.0,9,0.0
11.735,0.0,77.5,0,100,3.0,9,0.0
11.74,0.0,77.5,0,100,3.0,9,0.0
11.745,0.0,77.5,0,100,3.0,9,0.0
11.75,0.0,77.5,0,100,3.0,9,0.0
11.755,0.0,77.5,0,100,3.0,9,0.0
11.76,0.0,77.5,0,100,3.0,9,0.0
11.765,0.0,77.5,0,100,3.0,9,0.0
11.77,0.0,77.5,0,100,3.0,9,0.0
11.775,0.0,77.5,0,100,3.0,9,0.0
11.78,0.0,77.5,0,100,3.0,9,0.0
11.785,0.0,77.5,0,100,3.0,9,0.0
11.79,0.0,77.5,0,100,3.0,9,0.0
11.795,0.0,77.5,0,100,3.0,9,0.0
11.8,0.0,77.5,0,100,3.0,9,0.0
11.805,0.0,77.5,0,100,3.0,9,0.0
11.81,0.0,77.5,0,100,3.0,9,0.0
11.815,0.0,77.5,0,100,3.0,9,0.0
11.82,0.0,77.5,0,100,3.0,9,0.0
11.825,0.0,77.5,0,100,3.0,9,0.0
11.83,0.0,77.5,0,100,3.0,9,0.0
11.835,0.0,77.5,0,100,3.0,9,0.0
11.84,0.0,77.5,0,100,3.0,9,0.0
11.845,0.0,77.5,0,100,3.0,9,0.0
11.85,0.0,77.5,0,100,3.0,9,0.0
11.855,0.0,77.5,0,100,3.0,9,0.0
11.86,0.0,77.5,0,100,3.0,9,0.0
11.865,0.0,77.5,0,100,3.0,9,0.0
11.87,0.0,77.5,0,100,3.0,9,0.0
11.875,0.0,77.5,0,100,3.0,9,0.0
11.88,0.0,77.5,0,100,3.0,9,0.0
11.885,0.0,77.5,0,100,3.0,9,0.0
11.89,0.0,77.5,0,100,3.0,9,0.0
11.895,0.0,77.5,0,100,3.0,9,0.0
11.9,0.0,77.5,0,100,3.0,9,0.0
11.905,0.0,77.5,0,100,3.0,9,0.0
11.91,0.0,77.5,0,100,3.0,9,0.0
11.915,0.0,77.5,0,100,3.0,9,0.0
11.92,0.0,77.5,0,100,3.0,9,0.0
11.925,0.0,77.5,0,100,3.0,9,0.0
11.93,0.0,77.5,0,100,3.0,9,0.0
11.935,0.0,77.5,0,100,3.0,9,0.0
11.94,0.0,77.5,0,100,3.0,9,0.0
11.945,0.0,77.5,0,100,3.0,9,0.0
11.95,0.0,77.5,0,100,3.0,9,0.0
11.955,0.0,77.5,0,100,3.0,9,0.0
11.96,0.0,77.5,0,100,3.0,9,0.0
11.965,0.0,77.5,0,100,3.0,9,0.0
11.97,0.0,77.5,0,100,3.0,9,0.0
11.975,0.0,77.5,0,100,3.0,9,0.0
11.98,0.0,77.5,0,100,3.0,9,0.0
11.985,0.0,77.5,0,100,3.0,9,0.0
11.99,0.0,77.5,0,100,3.0,9,0.0
11.995,0.0,77.5,0,100,3.0,9,0.0
