Time,ECG,Pressure,R_Peaks,mean_hr,hrv_scale,Phase_Bin,Normalized_Pressure
0.0,0.001684486749771458,77.5,0,60,3.0,0,0.0
0.005,0.003097557930867117,77.5,0,60,3.0,0,0.0
0.01,0.005475106668887023,77.5,0,60,3.0,0,0.0
0.015,0.00930222931468658,77.5,0,60,3.0,0,0.0
0.02,0.01519157517868857,77.5,0,60,3.0,0,0.0
0.025,0.023847336626128316,77.5,0,60,3.0,0,0.0
0.03,0.0359830743700859,77.5,0,60,3.0,0,0.0
0.035,0.05218887796857759,77.5,0,60,3.0,0,0.0
0.04,0.0727577001223134,77.5,0,60,3.0,0,0.0
0.045,0.0974992498694751,77.5,0,60,3.0,0,0.0
0.05,0.12558706050443358,77.5,0,60,3.0,0,0.0
0.055,0.15549263588878245,77.5,0,60,3.0,0,0.0
0.06,0.1850529723539114,77.5,0,60,3.0,0,0.0
0.065,0.21169159439317053,77.5,0,60,3.0,0,0.0
0.07,0.23277292922115492,77.5,0,60,3.0,0,0.0
0.075,0.24602692519491282,77.5,0,60,3.0,0,0.0
0.08,0.24995056064839283,77.5,0,60,3.0,0,0.0
0.085,0.24408826520424054,77.5,0,60,3.0,0,0.0
0.09,0.22911894216865275,77.5,0,60,3.0,0,0.0
0.095,0.20672661788705934,77.5,0,60,3.0,0,0.0
0.1,0.17928878030241233,77.5,0,60,3.0,0,0.0
0.105,0.14946211903866036,77.5,0,60,3.0,0,0.0
0.11,0.1197651512573837,77.5,0,60,3.0,0,0.0
0.115,0.09224675744988023,77.5,0,60,3.0,0,0.0
0.12,0.06829565320281596,77.5,0,60,3.0,0,0.0
0.125,0.04860224607515734,77.5,0,60,3.0,0,0.0
0.13,0.03324612389699793,77.5,0,60,3.0,0,0.0
0.135,0.021859876340472782,77.5,0,60,3.0,0,0.0
0.14,0.01381595518554205,77.5,0,60,3.0,0,0.0
0.145,0.008394095110402422,77.5,0,60,3.0,0,0.0
0.15,0.0049052535271608,77.5,0,60,3.0,0,0.0
0.155,0.0027671663551903634,77.5,0,60,3.0,0,0.0
0.16,0.0015425553464444616,77.5,0,60,3.0,0,0.0
0.165,0.0009638206637011801,77.5,0,60,3.0,0,0.0
0.17,0.0009804935156568228,77.5,0,60,3.0,0,0.0
0.175,0.0018793744894085216,77.5,0,60,3.0,0,0.0
0.18,0.004535525206900863,77.5,0,60,3.0,0,0.0
0.185,0.010832767979632273,77.5,0,60,3.0,0,0.0
0.19,0.024208003392322392,77.5,0,60,3.0,0,0.0
0.195,0.0500971897335304,77.5,0,60,3.0,0,0.0
0.2,0.09582894921774403,77.5,0,60,3.0,0,0.0
0.205,0.16937896721820658,77.5,0,60,3.0,0,0.0
0.21,0.27661303008991756,77.5,0,60,3.0,0,0.0
0.215,0.4173782800009149,77.5,0,60,3.0,0,0.0
0.22,0.5818720934538056,77.5,0,60,3.0,0,0.0
0.225,0.7494718801585675,77.5,0,60,3.0,0,0.0
0.23,0.891813020752378,77.5,0,60,3.0,0,0.0
0.235,0.9800361632936612,77.5,0,60,3.0,0,0.0
0.24,0.993574479225126,77.5,0,60,3.0,0,0.0
0.245,0.9263438449375362,77.5,0,60,3.0,0,0.0
0.25,0.7873015962290536,77.5,0,60,3.0,0,0.0
0.255,0.5959516244629897,77.5,0,60,3.0,0,0.0
0.26,0.376910120078773,77.5,0,60,3.0,0,0.0
0.265,0.15739335672107918,77.5,0,60,3.0,0,0.0
0.27,-0.033361226269301235,77.5,0,60,3.0,0,0.0
0.275,-0.1680180840843834,77.5,0,60,3.0,0,0.0
0.28,-0.23069703190837854,77.5,0,60,3.0,0,0.0
0.285,-0.22587267821131068,77.5,0,60,3.0,0,0.0
0.29,-0.17718181630665902,77.5,0,60,3.0,0,0.0
0.295,-0.11494332516451301,77.5,0,60,3.0,0,0.0
0.3,-0.061810214049552864,77.5,0,60,3.0,0,0.0
0.305,-0.026546104631500547,77.5,0,60,3.0,0,0.0
0.31,-0.00719600351942686,77.5,0,60,3.0,0,0.0
0.315,0.0022072757983807078,77.5,0,60,3.0,0,0.0
0.32,0.006917199873730717,77.5,0,60,3.0,0,0.0
0.325,0.01004859748264829,77.5,0,60,3.0,0,0.0
0.33,0.013037082251128167,77.5,0,60,3.0,0,0.0
0.335,0.01645163937690478,77.5,0,60,3.0,0,0.0
0.34,0.020526639934696615,77.5,0,60,3.0,0,0.0
0.345,0.02539629541761738,77.5,0,60,3.0,0,0.0
0.35,0.031171612185577933,77.5,0,60,3.0,0,0.0
0.355,0.03795853426638131,77.5,0,60,3.0,0,0.0
0.36,0.0458588961882057,77.5,0,60,3.0,0,0.0
0.365,0.054966995891435555,77.5,0,60,3.0,0,0.0
0.37,0.06536491004445595,77.5,0,60,3.0,0,0.0
0.375,0.07711726085088699,77.5,0,60,3.0,0,0.0
0.38,0.09026570629555215,77.5,0,60,3.0,0,0.0
0.385,0.10482339848670268,77.5,0,60,3.0,0,0.0
0.39,0.12076968927580028,77.5,0,60,3.0,0,0.0
0.395,0.13804539501007884,77.5,0,60,3.0,0,0.0
0.4,0.15654895051787066,77.5,0,60,3.0,0,0.0
0.405,0.17613378141900526,77.5,0,60,3.0,0,0.0
0.41,0.19660720058055794,77.5,0,60,3.0,0,0.0
0.415,0.21773108748496234,77.5,0,60,3.0,0,0.0
0.42,0.23922453870058807,77.5,0,60,3.0,0,0.0
0.425,0.2607685857914563,77.5,0,60,3.0,0,0.0
0.43,0.2820129681603682,77.5,0,60,3.0,0,0.0
0.435,0.30258482867153996,77.5,0,60,3.0,0,0.0
0.44,0.3220990771751686,77.5,0,60,3.0,0,0.0
0.445,0.3401700499968971,77.5,0,60,3.0,0,0.0
0.45,0.3564239911198326,77.5,0,60,3.0,0,0.0
0.455,0.3705118017738417,77.5,0,60,3.0,0,0.0
0.46,0.3821214567925213,77.5,0,60,3.0,0,0.0
0.465,0.39098947374066967,77.5,0,60,3.0,0,0.0
0.47,0.3969108472035567,77.5,0,60,3.0,0,0.0
0.475,0.3997469255491936,77.5,0,60,3.0,0,0.0
0.48,0.3994308076379137,77.5,0,60,3.0,0,0.0
0.485,0.3959699661768434,77.5,0,60,3.0,0,0.0
0.49,0.38944595408114946,77.5,0,60,3.0,0,0.0
0.495,0.38001120995358023,77.5,0,60,3.0,0,0.0
0.5,0.3678831374098315,77.5,0,60,3.0,0,0.0
0.505,0.35333577933796634,77.5,0,60,3.0,0,0.0
0.51,0.33668953221163944,77.5,0,60,3.0,0,0.0
0.515,0.3182994390982644,77.5,0,60,3.0,0,0.0
0.52,0.29854265738230645,77.5,0,60,3.0,0,0.0
0.525,0.2778057157821067,77.5,0,60,3.0,0,0.0
0.53,0.2564721553719815,77.5,0,60,3.0,0,0.0
0.535,0.23491109433464996,77.5,0,60,3.0,0,0.0
0.54,0.21346717185309805,77.5,0,60,3.0,0,0.0
0.545,0.19245222055656455,77.5,0,60,3.0,0,0.0
0.55,0.17213889801761392,77.5,0,60,3.0,0,0.0
0.555,0.15275638501270183,77.5,0,60,3.0,0,0.0
0.56,0.13448814019607322,77.5,0,60,3.0,0,0.0
0.565,0.11747159495449566,77.5,0,60,3.0,0,0.0
0.57,0.10179958433370105,77.5,0,60,3.0,0,0.0
0.575,0.08752324394101413,77.5,0,60,3.0,0,0.0
0.58,0.07465606047174059,77.5,0,60,3.0,0,0.0
0.585,0.0631787448609295,77.5,0,60,3.0,0,0.0
0.59,0.05304460019959574,77.5,0,60,3.0,0,0.0
0.595,0.044185078305849994,77.5,0,60,3.0,0,0.0
0.6,0.03651525513023255,77.5,0,60,3.0,0,0.0
0.605,0.0299390014708757,77.5,0,60,3.0,0,0.0
0.61,0.024353677220580638,77.5,0,60,3.0,0,0.0
0.615,0.01965423034339045,77.5,0,60,3.0,0,0.0
0.62,0.015736632374757337,77.5,0,60,3.0,0,0.0
0.625,0.012500627640593535,77.5,0,60,3.0,0,0.0
0.63,0.009851811652115898,77.5,0,60,3.0,0,0.0
0.635,0.007703084175428559,77.5,0,60,3.0,0,0.0
0.64,0.005975544002062424,77.5,0,60,3.0,0,0.0
0.645,0.004598905818663047,77.5,0,60,3.0,0,0.0
0.65,0.0035115256454839104,77.5,0,60,3.0,0,0.0
0.655,0.002660121266303676,77.5,0,60,3.0,0,0.0
0.66,0.0019992692560877024,77.5,0,60,3.0,0,0.0
0.665,0.0014907520044639367,77.5,0,60,3.0,0,0.0
0.67,0.0011028178277539807,77.5,0,60,3.0,0,0.0
0.675,0.0008094059938923333,77.5,0,60,3.0,0,0.0
0.68,0.0005893771793717645,77.5,0,60,3.0,0,0.0
0.685,0.0004257792353490551,77.5,0,60,3.0,0,0.0
0.69,0.0003051686392901525,77.5,0,60,3.0,0,0.0
0.695,0.00021699992642659966,77.5,0,60,3.0,0,0.0
0.7,0.00015308884054097838,77.5,0,60,3.0,0,0.0
0.705,0.00010714989329311098,77.5,0,60,3.0,0,0.0
0.71,7.440535854020571e-05,77.5,0,60,3.0,0,0.0
0.715,5.1260276743925106e-05,77.5,0,60,3.0,0,0.0
0.72,3.503659887882241e-05,77.5,0,60,3.0,0,0.0
0.725,2.375894748103639e-05,77.5,0,60,3.0,0,0.0
0.73,1.5984413869232557e-05,77.5,0,60,3.0,0,0.0
0.735,1.0669166579899869e-05,77.5,0,60,3.0,0,0.0
0.74,7.06526633560511e-06,77.5,0,60,3.0,0,0.0
0.745,4.641847214699205e-06,77.5,0,60,3.0,0,0.0
0.75,3.025641074479182e-06,77.5,0,60,3.0,0,0.0
0.755,1.9566278676921314e-06,77.5,0,60,3.0,0,0.0
0.76,1.2553456560008793e-06,77.5,0,60,3.0,0,0.0
0.765,7.990660428214668e-07,77.5,0,60,3.0,0,0.0
0.77,5.046221251618276e-07,77.5,0,60,3.0,0,0.0
0.775,3.1616527078858815e-07,77.5,0,60,3.0,0,0.0
0.78,1.9652884407760343e-07,77.5,0,60,3.0,0,0.0
0.785,1.2120002189836396e-07,77.5,0,60,3.0,0,0.0
0.79,7.415549848886236e-08,77.5,0,60,3.0,0,0.0
0.795,4.501406988770349e-08,77.5,0,60,3.0,0,0.0
0.8,0.0,77.5,0,60,3.0,0,0.0
0.805,0.0,77.5,0,60,3.0,0,0.0
0.81,0.0,77.5,0,60,3.0,0,0.0
0.815,0.0,77.5,0,60,3.0,0,0.0
0.82,0.0,77.5,0,60,3.0,0,0.0
0.825,0.0,77.5,0,60,3.0,0,0.0
0.83,0.0,77.5,0,60,3.0,0,0.0
0.835,0.0,77.5,0,60,3.0,0,0.0
0.84,0.0,77.5,0,60,3.0,0,0.0
0.845,0.0,77.5,0,60,3.0,0,0.0
0.85,0.0,77.5,0,60,3.0,0,0.0
0.855,0.0,77.5,0,60,3.0,0,0.0
0.86,0.0,77.5,0,60,3.0,0,0.0
0.865,0.0,77.5,0,60,3.0,0,0.0
0.87,0.0,77.5,0,60,3.0,0,0.0
0.875,0.0,77.5,0,60,3.0,0,0.0
0.88,0.0,77.5,0,60,3.0,0,0.0
0.885,0.001684486749771458,77.5,0,60,3.0,0,0.0
0.89,0.003097557930867117,77.5,0,60,3.0,0,0.0
0.895,0.005475106668887023,77.5,0,60,3.0,0,0.0
0.9,0.00930222931468658,77.5,0,60,3.0,0,0.0
0.905,0.01519157517868857,77.5,0,60,3.0,0,0.0
0.91,0.023847336626128316,77.5,0,60,3.0,0,0.0
0.915,0.0359830743700859,77.5,0,60,3.0,0,0.0
0.92,0.05218887796857759,77.5,0,60,3.0,0,0.0
0.925,0.0727577001223134,77.5,0,60,3.0,0,0.0
0.93,0.0974992498694751,77.5,0,60,3.0,0,0.0
0.935,0.12558706050443358,77.5,0,60,3.0,0,0.0
0.94,0.15549263588878245,77.5,0,60,3.0,0,0.0
0.945,0.1850529723539114,77.5,0,60,3.0,0,0.0
0.95,0.21169159439317053,77.5,0,60,3.0,0,0.0
0.955,0.23277292922115492,77.5,0,60,3.0,0,0.0
0.96,0.24602692519491282,77.5,0,60,3.0,0,0.0
0.965,0.24995056064839283,77.5,0,60,3.0,0,0.0
0.97,0.24408826520424054,77.5,0,60,3.0,0,0.0
0.975,0.22911894216865275,77.5,0,60,3.0,0,0.0
0.98,0.20672661788705934,77.5,0,60,3.0,0,0.0
0.985,0.17928878030241233,77.5,0,60,3.0,0,0.0
0.99,0.14946211903866036,77.5,0,60,3.0,0,0.0
0.995,0.1197651512573837,77.5,0,60,3.0,0,0.0
1.0,0.09224675744988023,77.5,0,60,3.0,0,0.0
1.005,0.06829565320281596,77.5,0,60,3.0,0,0.0
1.01,0.04860224607515734,77.5,0,60,3.0,0,0.0
1.015,0.03324612389699793,77.5,0,60,3.0,0,0.0
1.02,0.021859876340472782,77.5,0,60,3.0,0,0.0
1.025,0.01381595518554205,77.5,0,60,3.0,0,0.0
1.03,0.008394095110402422,77.5,0,60,3.0,0,0.0
1.035,0.0049052535271608,77.5,0,60,3.0,0,0.0
1.04,0.0027671663551903634,77.5,0,60,3.0,0,0.0
1.045,0.0015425553464444616,77.5,0,60,3.0,0,0.0
1.05,0.0009638206637011801,77.5,0,60,3.0,0,0.0
1.055,0.0009804935156568228,77.5,0,60,3.0,0,0.0
1.06,0.0018793744894085216,77.5,0,60,3.0,0,0.0
1.065,0.004535525206900863,77.5,0,60,3.0,0,0.0
1.07,0.010832767979632273,77.5,0,60,3.0,0,0.0
1.075,0.024208003392322392,77.5,0,60,3.0,0,0.0
1.08,0.0500971897335304,77.5,0,60,3.0,0,0.0
1.085,0.09582894921774403,77.5,0,60,3.0,0,0.0
1.09,0.16937896721820658,77.5,0,60,3.0,0,0.0
1.095,0.27661303008991756,77.5,0,60,3.0,0,0.0
1.1,0.4173782800009149,77.5,0,60,3.0,0,0.0
1.105,0.5818720934538056,77.5,0,60,3.0,0,0.0
1.11,0.7494718801585675,77.5,0,60,3.0,0,0.0
1.115,0.891813020752378,77.5,0,60,3.0,0,0.0
1.12,0.9800361632936612,77.5,0,60,3.0,0,0.0
1.125,0.993574479225126,77.50000249379623,1,60,3.0,0,5.8677558372972485e-08
1.13,0.9263438449375362,77.5000037873591,0,60,3.0,0,8.911433189282167e-08
1.135,0.7873015962290536,77.50000586643203,0,60,3.0,0,1.3803369490554305e-07
1.14,0.5959516244629897,77.50000936112565,0,60,3.0,0,2.202617799733108e-07
1.145,0.376910120078773,77.50001553885947,0,60,3.0,0,3.656202228713108e-07
1.15,0.15739335672107918,77.5000269987902,0,60,3.0,0,6.352656518682873e-07
1.155,-0.033361226269301235,77.50004909538588,0,60,3.0,0,1.1551855500195362e-06
1.16,-0.1680180840843834,77.5000927881157,0,60,3.0,0,2.1832497810357704e-06
1.165,-0.23069703190837854,77.50018019691618,0,60,3.0,0,4.239927439437665e-06
1.17,-0.22587267821131068,77.50035512985896,0,60,3.0,0,8.355996681409712e-06
1.175,-0.17718181630665902,77.50070244716376,0,60,3.0,0,1.652816855907451e-05
1.18,-0.11494332516451301,77.50138258743117,0,60,3.0,0,3.253146896862049e-05
1.185,-0.061810214049552864,77.50269116678194,0,60,3.0,0,6.332157133984391e-05
1.19,-0.026546104631500547,77.50515844333034,0,60,3.0,0,0.00012137513718458007
1.195,-0.00719600351942686,77.50970954477438,0,60,3.0,0,0.00022845987704426187
1.2,0.0022072757983807078,77.5179131238936,0,60,3.0,0,0.00042148526808486006
1.205,0.006917199873730717,77.5323521823347,0,60,3.0,1,0.0007612278196401188
1.21,0.01004859748264829,77.55715374596484,0,60,3.0,1,0.0013447940227021102
1.215,0.013037082251128167,77.59871019466716,0,60,3.0,1,0.0023225928156979507
1.22,0.01645163937690478,77.66660957566988,0,60,3.0,1,0.00392022530987955
1.225,0.020526639934696615,77.77476004056273,0,60,3.0,1,0.006464942130887654
1.23,0.02539629541761738,77.94264063456316,0,60,3.0,1,0.01041507375442734
1.235,0.031171612185577933,78.1965363540429,0,60,3.0,1,0.016389090683362476
1.24,0.03795853426638131,78.57052498893353,0,60,3.0,1,0.025188823269024184
1.245,0.0458588961882057,79.10689048440082,0,60,3.0,1,0.03780918786825463
1.25,0.054966995891435555,79.85556550877875,0,60,3.0,1,0.05542507079479418
1.255,0.06536491004445595,80.87218550073672,0,60,3.0,1,0.07934554119380517
1.26,0.07711726085088699,82.21440106636989,0,60,3.0,1,0.1109270839145856
1.265,0.09026570629555215,83.93627195484723,0,60,3.0,1,0.1514416930552289
1.27,0.10482339848670268,86.08086244957394,0,60,3.0,1,0.20190264587232806
1.275,0.12076968927580028,88.67155390032357,0,60,3.0,1,0.2628600917723194
1.28,0.13804539501007884,91.70302829420208,0,60,3.0,1,0.33418890104004906
1.285,0.15654895051787066,95.13326660856461,0,60,3.0,1,0.41490039078975555
1.29,0.17613378141900526,98.87813714204108,0,60,3.0,1,0.5030149915774372
1.295,0.19660720058055794,102.81011793964564,0,60,3.0,1,0.5955321868151915
1.3,0.21773108748496234,106.76233734752944,0,60,3.0,1,0.6885255846477515
1.305,0.23922453870058807,110.53842825599659,0,60,3.0,1,0.7773747824940375
1.31,0.2607685857914563,113.92775900036906,0,60,3.0,1,0.8571237411851544
1.315,0.2820129681603682,116.72459033287774,0,60,3.0,1,0.9229315372441821
1.32,0.30258482867153996,118.74882595036786,0,60,3.0,1,0.9705606105968908
1.325,0.3220990771751686,119.8654865137496,0,60,3.0,1,0.9968349767941083
1.33,0.3401700499968971,120.0,0,60,3.0,1,1.0
1.335,0.3564239911198326,119.1469163744074,0,60,3.0,1,0.9799274441037035
1.34,0.3705118017738417,117.37064685570721,0,60,3.0,1,0.9381328671931107
1.345,0.3821214567925213,114.79810695801649,0,60,3.0,1,0.8776025166592115
1.35,0.39098947374066967,111.60444632346429,0,60,3.0,1,0.8024575605521009
1.355,0.3969108472035567,107.99410915756765,0,60,3.0,1,0.7175084507662977
1.36,0.3997469255491936,104.18007944020901,0,60,3.0,1,0.6277665750637414
1.365,0.3994308076379137,100.36422724801442,0,60,3.0,1,0.5379818176003391
1.37,0.3959699661768434,96.7212161790668,0,60,3.0,1,0.45226391009568945
1.375,0.38944595408114946,93.38759728931282,0,60,3.0,1,0.3738258185720664
1.38,0.38001120995358023,90.45670883537264,0,60,3.0,1,0.3048637373028856
1.385,0.3678831374098315,87.9790401462504,0,60,3.0,1,0.24656565050000936
1.39,0.35333577933796634,85.96697701419116,0,60,3.0,1,0.19922298856920373
1.395,0.33668953221163944,84.4024246438112,0,60,3.0,1,0.1624099916190871
1.4,0.3182994390982644,83.24571739115189,0,60,3.0,1,0.13519335038004435
1.405,0.29854265738230645,82.44441592118244,0,60,3.0,1,0.11633919814546917
1.41,0.2778057157821067,81.94096223704659,0,60,3.0,1,0.10449322910697861
1.415,0.2564721553719815,81.67860013199362,0,60,3.0,1,0.09832000310573222
1.42,0.23491109433464996,81.6053774632043,0,60,3.0,1,0.09659711678127779
1.425,0.21346717185309805,81.67636369433883,0,60,3.0,1,0.09826738104326664
1.43,0.19245222055656455,81.85441421730658,0,60,3.0,1,0.10245680511309609
1.435,0.17213889801761392,82.10989597948169,0,60,3.0,1,0.10846814069368688
1.44,0.15275638501270183,82.4197812649522,0,60,3.0,1,0.11575955917534603
1.445,0.13448814019607322,82.76645106571821,0,60,3.0,1,0.123916495663958
1.45,0.11747159495449566,83.13645818712642,0,60,3.0,1,0.13262254557944522
1.455,0.10179958433370105,83.51940780368162,0,60,3.0,1,0.1416331247925086
1.46,0.08752324394101413,83.90703501007195,0,60,3.0,1,0.15075376494286943
1.465,0.07465606047174059,84.29250168132002,0,60,3.0,1,0.15982356897223574
1.47,0.0631787448609295,84.66989887994485,0,60,3.0,1,0.16870350305752596
1.475,0.05304460019959574,85.03392255252196,0,60,3.0,1,0.1772687659416931
1.48,0.044185078305849994,85.37968430795249,0,60,3.0,1,0.1854043366577056
1.485,0.03651525513023255,85.70262077560254,0,60,3.0,1,0.1930028417788833
1.49,0.0299390014708757,85.99847050884269,0,60,3.0,1,0.19996401197276908
1.495,0.024353677220580638,86.26329398177421,0,60,3.0,1,0.2061951525123344
1.5,0.01965423034339045,86.49351840681324,0,60,3.0,1,0.21161219780737028
1.505,0.015736632374757337,86.68599420541278,0,60,3.0,1,0.2161410401273596
1.51,0.012500627640593535,86.83805385632725,0,60,3.0,1,0.2197189142665235
1.515,0.009851811652115898,86.94756666863884,0,60,3.0,1,0.22229568632091393
1.52,0.007703084175428559,87.01298502755421,0,60,3.0,1,0.2238349418248049
1.525,0.005975544002062424,87.03337908862481,0,60,3.0,1,0.2243148020852897
1.53,0.004598905818663047,87.0084579536151,0,60,3.0,1,0.2237284224380025
1.535,0.0035115256454839104,86.938576193165,0,60,3.0,1,0.22208414572152954
1.54,0.002660121266303676,86.82472527864306,0,60,3.0,1,0.2194053006739543
1.545,0.0019992692560877024,86.66851009780702,0,60,3.0,1,0.21572964936016506
1.55,0.0014907520044639367,86.47211127728372,0,60,3.0,1,0.2111085006419698
1.555,0.0011028178277539807,86.23823452311164,0,60,3.0,1,0.2056055181908622
1.56,0.0008094059938923333,85.97004861293706,0,60,3.0,1,0.19929526148087207
1.565,0.0005893771793717645,85.67111402048207,0,60,3.0,1,0.19226150636428388
1.57,0.0004257792353490551,85.34530441514248,0,60,3.0,1,0.18459539800335245
1.575,0.0003051686392901525,84.99672344980459,0,60,3.0,1,0.1763934929365786
1.58,0.00021699992642659966,84.62961932448681,0,60,3.0,1,0.16775574881145436
1.585,0.00015308884054097838,84.248299592624,0,60,3.0,1,0.15878351982644692
1.59,0.00010714989329311098,83.85704856531288,0,60,3.0,1,0.14957761330147953
1.595,7.440535854020571e-05,83.4600494751478,0,60,3.0,1,0.14023645823877173
1.6,5.1260276743925106e-05,83.06131329728954,0,60,3.0,1,0.13085443052445986
1.605,3.503659887882241e-05,82.66461580565927,0,60,3.0,1,0.1215203718978651
1.61,2.375894748103639e-05,82.2734440829479,0,60,3.0,1,0.1123163313634801
1.615,1.5984413869232557e-05,81.89095332165515,0,60,3.0,1,0.10331654874482699
1.62,1.0669166579899869e-05,81.51993436674516,0,60,3.0,1,0.0945866909822391
1.625,7.06526633560511e-06,81.16279207494762,0,60,3.0,1,0.08618334293994394
1.63,4.641847214699205e-06,80.82153421580314,0,60,3.0,1,0.07815374625419154
1.635,3.025641074479182e-06,80.49777032755243,0,60,3.0,1,0.07053577241299837
1.64,1.9566278676921314e-06,80.19271967649756,0,60,3.0,1,0.06335811003523671
1.645,1.2553456560008793e-06,79.9072272581673,0,60,3.0,1,0.05664064136864226
1.65,7.990660428214668e-07,79.64178662610968,0,60,3.0,1,0.05039497943787477
1.655,5.046221251618276e-07,79.39656824009577,0,60,3.0,1,0.04462513506107705
1.66,3.1616527078858815e-07,79.17145198793789,0,60,3.0,1,0.03932828206912672
1.665,1.9652884407760343e-07,78.96606254967222,0,60,3.0,1,0.034495589404052146
1.67,1.2120002189836396e-07,78.77980633332653,0,60,3.0,1,0.03011309019591843
1.675,7.415549848886236e-08,78.61190881032023,0,60,3.0,1,0.026162560242828946
1.68,4.501406988770349e-08,78.46145120731774,0,60,3.0,1,0.022622381348652625
1.685,0.0,78.32740566133431,0,60,3.0,1,0.019468368501983777
1.69,0.0,78.20866810746416,0,60,3.0,1,0.016674543705039135
1.695,0.0,78.10408833568827,0,60,3.0,1,0.014213843192665282
1.7,0.0,78.01249681760311,0,60,3.0,1,0.012058748649484882
1.705,0.0,77.93272805946427,0,60,3.0,1,0.010181836693276877
1.71,0.0,77.86364037977026,0,60,3.0,1,0.008556244229888467
1.715,0.0,77.80413213413297,0,60,3.0,1,0.007156050214893426
1.72,0.0,77.75315451508283,0,60,3.0,1,0.005956576825478271
1.725,0.0,77.70972113863759,0,60,3.0,1,0.004934615026766832
1.73,0.0,77.67291469288736,0,60,3.0,1,0.004068581009114362
1.735,0.0,77.6418909673889,0,60,3.0,1,0.0033386109973859595
1.74,0.0,77.61588060740796,0,60,3.0,1,0.0027266025272461
1.745,0.0,77.59418894611207,0,60,3.0,1,0.002216210496754577
1.75,0.0,77.57619426314615,0,60,3.0,1,0.0017928061916741038
1.755,0.0,77.56134480222934,0,60,3.0,1,0.001443407111278649
1.76,0.0,77.54915485611353,0,60,3.0,1,0.001156584849730159
1.765,0.0,77.53920019694617,0,60,3.0,1,0.0009223575752039725
1.77,0.0,77.53111309607614,0,60,3.0,1,0.0007320728488503605
1.775,0.0,77.52457714164618,0,60,3.0,1,0.0005782856857923862
1.78,0.0,77.51932202662293,0,60,3.0,1,0.00045463592053953804
1.785,0.0,77.51511844558637,0,60,3.0,1,0.00035572813144393184
1.79,0.0,77.51177320666078,0,60,3.0,1,0.0002770166273124045
1.795,0.0,77.50912463613587,0,60,3.0,1,0.00021469732084389816
1.8,0.0,77.50703832803256,0,60,3.0,1,0.00016560771841327818
1.805,0.0,77.50540326930944,0,60,3.0,1,0.00012713574845740956
1.81,0.0,77.50412835357564,0,60,3.0,1,9.713773119147738e-05
1.815,0.0,77.50313928191733,0,60,3.0,1,7.3865456878299e-05
1.82,0.0,77.50237583848272,0,60,3.0,1,5.590208194636194e-05
1.825,0.0,77.50178952045918,0,60,3.0,1,4.2106363745500964e-05
1.83,0.0,77.50134149662578,0,60,3.0,1,3.156462648903738e-05
1.835,0.0,77.5010008653694,0,60,3.0,1,2.3549773397783557e-05
1.84,0.0,77.50074318152002,0,60,3.0,1,1.748662400051912e-05
1.845,0.0,77.50054922121242,0,60,3.0,1,1.2922852057031645e-05
1.85,0.0,77.50040395488503,0,60,3.0,1,9.504820824237387e-06
1.855,0.0,77.50029570017914,0,60,3.0,1,6.957651273818128e-06
1.86,0.0,77.50021542865605,0,60,3.0,1,5.068909554077383e-06
1.865,0.0,77.50015620269332,0,60,3.0,1,3.675357489849857e-06
1.87,0.0,77.50011272149108,0,60,3.0,1,2.652270378308351e-06
1.875,0.0,77.50008095768732,0,60,3.0,1,1.904886760391545e-06
1.88,0.0,77.50005786855301,0,60,3.0,1,1.361613012102894e-06
1.885,0.0,77.50004116805168,0,60,3.0,1,9.686600395418602e-07
1.89,0.0,77.50002914816145,0,60,3.0,1,6.8583909283274e-07
1.895,0.0,77.50002053975126,0,60,3.0,1,4.832882649786958e-07
1.9,0.0,77.50001440496989,0,60,3.0,1,3.3894046797446634e-07
1.905,0.0,77.50001005455123,0,60,3.0,1,2.3657767589129968e-07
1.91,0.0,77.50000698467477,0,60,3.0,1,1.6434528868772116e-07
1.915,0.001684486749771458,77.50000482906273,0,60,3.0,1,1.1362500545681755e-07
1.92,0.003097557930867117,77.50000332286477,0,60,3.0,1,7.8185053432796e-08
1.925,0.005475106668887023,77.50000227559855,0,60,3.0,1,5.354349522188867e-08
1.93,0.00930222931468658,77.50000155099998,0,60,3.0,1,3.6494117239271875e-08
1.935,0.01519157517868857,77.50000105210987,0,60,3.0,1,2.475552625636577e-08
1.94,0.023847336626128316,77.50000071030286,0,60,3.0,1,1.6713008389000177e-08
1.945,0.0359830743700859,77.50000047726456,0,60,3.0,1,1.1229754443989162e-08
1.95,0.05218887796857759,77.50000031915964,0,60,3.0,1,7.509638568508843e-09
1.955,0.0727577001223134,77.50000021241732,0,60,3.0,1,4.99805457152166e-09
1.96,0.0974992498694751,77.50000014070355,0,60,3.0,1,3.3106717263067632e-09
1.965,0.12558706050443358,77.50000009275841,0,60,3.0,1,2.1825508825071773e-09
1.97,0.15549263588878245,77.50000006086039,0,60,3.0,1,1.432009104759987e-09
1.975,0.1850529723539114,77.50000003974196,0,60,3.0,1,9.351050025810872e-10
1.98,0.21169159439317053,77.50000002582837,0,60,3.0,1,6.077263659629834e-10
1.985,0.23277292922115492,77.50000001670621,0,60,3.0,1,3.9308728820983294e-10
1.99,0.24602692519491282,77.50000001075455,0,60,3.0,1,2.5304817587739844e-10
1.995,0.24995056064839283,77.50000000689032,0,60,3.0,1,1.6212512117122327e-10
2.0,0.24408826520424054,77.5000000043936,0,60,3.0,1,1.0337878527078668e-10
2.005,0.22911894216865275,77.50000000278825,0,60,3.0,1,6.560599906472764e-11
2.01,0.20672661788705934,77.50000000176108,0,60,3.0,1,4.143718048426843e-11
2.015,0.17928878030241233,77.50000000110703,0,60,3.0,1,2.6047660760334968e-11
2.02,0.14946211903866036,77.50000000069258,0,60,3.0,1,1.629600506823729e-11
2.025,0.1197651512573837,77.50000000043124,0,60,3.0,1,1.0146884639706353e-11
2.03,0.09224675744988023,77.50000000026724,0,60,3.0,1,6.287885245161734e-12
2.035,0.06829565320281596,77.50000000016482,0,60,3.0,1,3.878058658515596e-12
2.04,0.04860224607515734,77.50000000010117,0,60,3.0,1,2.380401758059366e-12
2.045,0.03324612389699793,77.5000000000618,0,60,3.0,1,1.454188403680318e-12
2.05,0.021859876340472782,77.50000000003757,0,60,3.0,1,8.840823498116258e-13
2.055,0.01381595518554205,77.50000000002274,0,60,3.0,1,5.349968833958402e-13
2.06,0.008394095110402422,77.5000000000137,0,60,3.0,1,3.223356222459937e-13
2.065,0.0049052535271608,77.50000000000821,0,60,3.0,1,1.9326762412674725e-13
2.07,0.0027671663551903634,77.5000000000049,0,60,3.0,1,1.1535870298222802e-13
2.075,0.0015425553464444616,77.50000000000291,0,60,3.0,1,6.854647568509201e-14
2.08,0.0009638206637011801,77.50000000000172,0,60,3.0,1,4.045913930681041e-14
2.085,0.0009804935156568228,77.50000000000101,0,60,3.0,1,2.3740486700690407e-14
2.09,0.0018793744894085216,77.5000000000006,0,60,3.0,1,1.4043668189140804e-14
2.095,0.004535525206900863,77.50000000000034,0,60,3.0,1,8.024953250937602e-15
2.1,0.010832767979632273,77.5000000000002,0,60,3.0,1,4.681222729713601e-15
2.105,0.024208003392322392,77.50000000000011,0,60,3.0,1,2.6749844169792007e-15
2.11,0.0500971897335304,77.50000000000007,0,60,3.0,1,1.6718652606120004e-15
2.115,0.09582894921774403,77.50000000000004,0,60,3.0,1,1.0031191563672002e-15
2.12,0.16937896721820658,77.50000000000001,0,60,3.0,1,3.343730521224001e-16
2.125,0.27661303008991756,77.50000000000001,0,60,3.0,1,3.343730521224001e-16
2.13,0.4173782800009149,77.5,0,60,3.0,1,0.0
2.135,0.5818720934538056,77.5,0,60,3.0,1,0.0
2.14,0.7494718801585675,77.5,0,60,3.0,1,0.0
2.145,0.891813020752378,77.5,0,60,3.0,1,0.0
2.15,0.9800361632936612,77.5,0,60,3.0,1,0.0
2.155,0.993574479225126,77.50000249379623,1,60,3.0,1,5.8677558372972485e-08
2.16,0.9263438449375362,77.50000382794776,0,60,3.0,1,9.006935917622125e-08
2.165,0.7873015962290536,77.50000600036053,0,60,3.0,1,1.4118495361050436e-07
2.17,0.5959516244629897,77.50000970943701,0,60,3.0,1,2.2845734138975198e-07
2.175,0.376910120078773,77.5000163868594,0,60,3.0,1,3.8557316235496463e-07
2.18,0.15739335672107918,77.50002902423199,0,60,3.0,1,6.829231056947131e-07
2.185,-0.033361226269301235,77.50005389476512,0,60,3.0,1,1.268112120388811e-06
2.19,-0.1680180840843834,77.50010404947875,0,60,3.0,1,2.4482230294191086e-06
2.195,-0.23069703190837854,77.50020622040319,0,60,3.0,1,4.852244780843595e-06
2.2,-0.22587267821131068,77.50041404783398,0,60,3.0,1,9.742301976115521e-06
2.205,-0.17718181630665902,77.50083263801669,0,60,3.0,1,1.959148274562829e-05
2.21,-0.11494332516451301,77.50166268015035,0,60,3.0,1,3.912188589050161e-05
2.215,-0.061810214049552864,77.5032770278292,0,60,3.0,1,7.710653715762687e-05
2.22,-0.026546104631500547,77.50634895429774,0,60,3.0,1,0.0001493871599467077
2.225,-0.00719600351942686,77.5120590120072,0,60,3.0,1,0.0002837414589929294
2.23,0.0022072757983807078,77.52241562190353,0,60,3.0,1,0.0005274263977302032
2.235,0.006917199873730717,77.54073109806174,0,60,3.0,1,0.0009583787779233182
2.24,0.01004859748264829,77.57229617891642,0,60,3.0,1,0.0017010865627392323
2.245,0.013037082251128167,77.62528706971409,0,60,3.0,1,0.0029479310520962505
2.25,0.01645163937690478,77.7119131132812,0,60,3.0,1,0.004986190900734086
2.255,0.020526639934696615,77.84976424958334,0,60,3.0,1,0.008229747049019874
2.26,0.02539629541761738,78.06324165455797,0,60,3.0,1,0.013252744813128709
2.265,0.031171612185577933,78.38485440731901,0,60,3.0,1,0.020820103701623793
2.27,0.03795853426638131,78.85605110071748,0,60,3.0,1,0.031907084722764226
2.275,0.0458588961882057,79.52715125776614,0,60,3.0,1,0.047697676653320836
2.28,0.054966995891435555,80.45588226229052,0,60,3.0,1,0.06955017087742389
2.285,0.06536491004445595,81.70405544530206,0,60,3.0,1,0.09891895165416613
2.29,0.07711726085088699,83.33206946519013,0,60,3.0,1,0.1372251638868266
2.295,0.09026570629555215,85.39123254573106,0,60,3.0,1,0.1856760598995543
2.3,0.10482339848670268,87.9143369512103,0,60,3.0,1,0.24504322238141887
2.305,0.12076968927580028,90.90544393360824,0,60,3.0,1,0.3154222102025468
2.31,0.13804539501007884,94.33034336266256,0,60,3.0,1,0.396008079121472
2.315,0.15654895051787066,98.10950421064753,0,60,3.0,1,0.4849295108387654
2.32,0.17613378141900526,102.11539119616134,0,60,3.0,1,0.5791856752037963
2.325,0.19660720058055794,106.17568759500095,0,60,3.0,1,0.6747220610588459
2.33,0.21773108748496234,110.08321153763839,0,60,3.0,1,0.7666638008856091
2.335,0.23922453870058807,113.61222628224048,0,60,3.0,1,0.8496994419350702
2.34,0.2607685857914563,116.53961398056285,0,60,3.0,1,0.9185791524838317
2.345,0.2820129681603682,118.66827111065578,0,60,3.0,1,0.9686652026036654
2.35,0.30258482867153996,119.84936740314373,0,60,3.0,1,0.9964557036033819
2.355,0.3220990771751686,120.0,0,60,3.0,1,1.0
2.36,0.3401700499968971,119.11335164043977,0,60,3.0,1,0.9791376856574064
2.365,0.3564239911198326,117.2596422087817,0,60,3.0,1,0.9355209931478047
2.37,0.3705118017738417,114.57771066593102,0,60,3.0,1,0.8724167215513182
2.375,0.3821214567925213,111.25864733544083,0,60,3.0,1,0.7943211137750783
2.38,0.39098947374066967,107.52417358062645,0,60,3.0,1,0.7064511430735636
2.385,0.3969108472035567,103.60317581973628,0,60,3.0,1,0.614192372229089
2.39,0.3997469255491936,99.70982687224779,0,60,3.0,1,0.5225841616999479
2.395,0.3994308076379137,96.02611916232044,0,60,3.0,1,0.43590868617224565
2.4,0.3959699661768434,92.69058107724302,0,60,3.0,1,0.3574254371116006
2.405,0.38944595408114946,89.79371843965717,0,60,3.0,1,0.28926396328605103
2.41,0.38001120995358023,87.37958938048318,0,60,3.0,2,0.2324609265996043
2.415,0.3678831374098315,85.45209135214775,0,60,3.0,2,0.1871080318152411
2.42,0.35333577933796634,83.98411918621723,0,60,3.0,2,0.15256751026393478
2.425,0.33668953221163944,82.92773974008752,0,60,3.0,2,0.12771152329617688
2.43,0.3182994390982644,82.22383282330381,0,60,3.0,2,0.11114900760714845
2.435,0.29854265738230645,81.81013488536829,0,60,3.0,2,0.10141493847925377
2.44,0.2778057157821067,81.62715266498432,0,60,3.0,2,0.09710947447021935
2.445,0.2564721553719815,81.62187846806819,0,60,3.0,2,0.09698537571925152
2.45,0.23491109433464996,81.74957199839405,0,60,3.0,2,0.09998992937397755
2.455,0.21346717185309805,81.9740569196691,0,60,3.0,2,0.10527192752162577
2.46,0.19245222055656455,82.2670305887381,0,60,3.0,2,0.11216542561736693
2.465,0.17213889801761392,82.6068399772209,0,60,3.0,2,0.12016094064049178
2.47,0.15275638501270183,82.97707830332679,0,60,3.0,2,0.12887243066651274
2.475,0.13448814019607322,83.36524231629802,0,60,3.0,2,0.13800570155995348
2.48,0.11747159495449566,83.76158527846451,0,60,3.0,2,0.14733141831681196
2.485,0.10179958433370105,84.15821910240557,0,60,3.0,2,0.156663978880131
2.49,0.08752324394101413,84.54846447631488,0,60,3.0,2,0.16584622297211474
2.495,0.07465606047174059,84.92641729835339,0,60,3.0,2,0.17473923054949142
2.5,0.0631787448609295,85.2866873918496,0,60,3.0,2,0.18321617392587286
2.505,0.05304460019959574,85.6242648120442,0,60,3.0,2,0.19115917204809887
2.51,0.044185078305849994,85.93447459191242,0,60,3.0,2,0.19845822569205693
2.515,0.03651525513023255,86.21298860076058,0,60,3.0,2,0.20501149648848427
2.52,0.0299390014708757,86.45587095455626,0,60,3.0,2,0.21072637540132377
2.525,0.024353677220580638,86.65963999461131,0,60,3.0,2,0.2155209410496779
2.53,0.01965423034339045,86.82133492105665,0,60,3.0,2,0.21932552755427404
2.535,0.015736632374757337,86.93857885017128,0,60,3.0,2,0.2220842082393243
2.54,0.012500627640593535,87.00963266008729,0,60,3.0,2,0.2237560625902892
2.545,0.009851811652115898,87.03343582049601,0,60,3.0,2,0.2243161369528473
2.55,0.007703084175428559,87.00963173891398,0,60,3.0,2,0.2237560409156231
2.555,0.005975544002062424,86.938576193165,0,60,3.0,2,0.22208414572152954
2.56,0.004598905818663047,86.82132827999462,0,60,3.0,2,0.219325371293991
2.565,0.0035115256454839104,86.65962406044066,0,60,3.0,2,0.2155205661280156
2.57,0.002660121266303676,86.45583375264079,0,60,3.0,2,0.21072550006213614
2.575,0.0019992692560877024,86.21290391749133,0,60,3.0,2,0.2050095039409725
2.58,0.0014907520044639367,85.93428659481444,0,60,3.0,2,0.19845380223092796
2.585,0.0011028178277539807,85.62385776540609,0,60,3.0,2,0.1911495944801432
2.59,0.0008094059938923333,85.28582782555713,0,60,3.0,2,0.18319594883663848
2.595,0.0005893771793717645,84.92464695644118,0,60,3.0,2,0.17469757544567482
2.6,0.0004257792353490551,84.54490834692771,0,60,3.0,2,0.1657625493394756
2.605,0.0003051686392901525,84.1512521860989,0,60,3.0,2,0.1565000514376212
2.61,0.00021699992642659966,83.74827318768754,0,60,3.0,2,0.14701819265147165
2.615,0.00015308884054097838,83.34043415451329,0,60,3.0,2,0.13742198010619505
2.62,0.00010714989329311098,82.93198775273756,0,60,3.0,2,0.1278114765350013
2.625,7.440535854020571e-05,82.52690826257488,0,60,3.0,2,0.11828019441352654
2.63,5.1260276743925106e-05,82.12883462523583,0,60,3.0,2,0.10891375588790177
2.635,3.503659887882241e-05,81.74102563739208,0,60,3.0,2,0.09978883852687258
2.64,2.375894748103639e-05,81.36632767600855,0,60,3.0,2,0.09097241590608358
2.645,1.5984413869232557e-05,81.00715488812935,0,60,3.0,2,0.08252129148539646
2.65,1.0669166579899869e-05,80.66548136982472,0,60,3.0,2,0.07448191458411102
2.655,7.06526633560511e-06,80.34284450049499,0,60,3.0,2,0.06689045883517625
2.66,4.641847214699205e-06,80.04035830388436,0,60,3.0,2,0.059773136561984956
2.665,3.025641074479182e-06,79.75873548233507,0,60,3.0,2,0.0531467172314134
2.67,1.9566278676921314e-06,79.4983166189272,0,60,3.0,2,0.04701921456299307
2.675,1.2553456560008793e-06,79.25910496239372,0,60,3.0,2,0.04139070499749932
2.68,7.990660428214668e-07,79.04080519796145,0,60,3.0,2,0.03625423995203405
2.685,5.046221251618276e-07,78.84286465667756,0,60,3.0,2,0.03159681545123677
2.69,3.1616527078858815e-07,78.66451551736972,0,60,3.0,2,0.02740036511458169
2.695,1.9652884407760343e-07,78.50481669878073,0,60,3.0,2,0.023642745853664215
2.7,1.2120002189836396e-07,78.36269431353409,0,60,3.0,2,0.020298689730213936
2.705,7.415549848886236e-08,78.23697974928406,0,60,3.0,2,0.01734069998315436
2.71,4.501406988770349e-08,78.12644464506172,0,60,3.0,2,0.014739874001452335
2.715,0.0,78.02983223281902,0,60,3.0,2,0.012466640772212191
2.72,0.0,77.94588470720849,0,60,3.0,2,0.010491404875493934
2.725,0.0,77.87336646401664,0,60,3.0,2,0.008785093270979788
2.73,0.0,77.81108320437647,0,60,3.0,2,0.00731960480885819
2.735,0.0,77.75789703460497,0,60,3.0,2,0.006068165520116843
2.74,0.0,77.7127377985272,0,60,3.0,2,0.0050055952594635425
2.745,0.0,77.67461096019198,0,60,3.0,2,0.0041084931809878605
2.75,0.0,77.64260241090227,0,60,3.0,2,0.003355350844759307
2.755,0.0,77.61588060740796,0,60,3.0,2,0.0027266025272461
2.76,0.0,77.5936964605813,0,60,3.0,2,0.0022046226019129147
2.765,0.0,77.57538138902093,0,60,3.0,2,0.0017736797416690105
2.77,0.0,77.56034393314094,0,60,3.0,2,0.001419857250375103
2.775,0.0,77.5480652957481,0,60,3.0,2,0.0011309481352494754
2.78,0.0,77.53809413809743,0,60,3.0,2,0.0008963326611161151
2.785,0.0,77.53004091886824,0,60,3.0,2,0.0007068451498408944
2.79,0.0,77.52357201997987,0,60,3.0,2,0.0005546357642321495
2.795,0.0,77.51840385980424,0,60,3.0,2,0.0004330319953938295
2.8,0.0,77.51429715282914,0,60,3.0,2,0.0003364035959798591
2.805,0.0,77.51105143644553,0,60,3.0,2,0.00026003379871828174
2.81,0.0,77.5084999511344,0,60,3.0,2,0.0001999988502210967
2.815,0.0,77.50650493041393,0,60,3.0,2,0.0001530571862100019
2.82,0.0,77.50495333166883,0,60,3.0,2,0.00011654898044305221
2.825,0.0,77.50375301836885,0,60,3.0,2,8.830631456128364e-05
2.83,0.0,77.50282938794548,0,60,3.0,2,6.65738340113448e-05
2.835,0.0,77.5021224273595,0,60,3.0,2,4.9939467282242466e-05
2.84,0.0,77.50158416968905,0,60,3.0,2,3.7274580918900775e-05
2.845,0.0,77.50117651939523,0,60,3.0,2,2.7682809299529468e-05
2.85,0.0,77.5008694107589,0,60,3.0,2,2.0456723738708902e-05
2.855,0.0,77.50063926283588,0,60,3.0,2,1.5041478491184535e-05
2.86,0.0,77.50046769468173,0,60,3.0,2,1.1004580746617542e-05
2.865,0.0,77.50034046614508,0,60,3.0,2,8.010968119432458e-06
2.87,0.0,77.50024661186245,0,60,3.0,2,5.80263205767337e-06
2.875,0.0,77.50017773891317,0,60,3.0,2,4.182092074496027e-06
2.88,0.0,77.5001274616702,0,60,3.0,2,2.9990981224326627e-06
2.885,0.0,77.50009095052647,0,60,3.0,2,2.1400123875323246e-06
2.89,0.0,77.500064574248,0,60,3.0,2,1.5193940705959155e-06
2.895,0.0,77.50004561860754,0,60,3.0,2,1.0733790010336259e-06
2.9,0.0,77.50003206662257,0,60,3.0,2,7.545087662626483e-07
2.905,0.0,77.5000224281237,0,60,3.0,2,5.277205576369263e-07
2.91,0.0,77.50001560850087,0,60,3.0,2,3.6725884409433465e-07
2.915,0.0,77.50001080831444,0,60,3.0,2,2.5431328100132624e-07
2.92,0.001684486749771458,77.50000744703297,0,60,3.0,2,1.7522430519367096e-07
2.925,0.003097557930867117,77.50000510548624,0,60,3.0,2,1.2012908795815533e-07
2.93,0.005475106668887023,77.5000034827273,0,60,3.0,2,8.194652456736282e-08
2.935,0.00930222931468658,77.50000236390684,0,60,3.0,2,5.5621337517496775e-08
2.94,0.01519157517868857,77.50000159650313,0,60,3.0,2,3.7564779417794744e-08
2.945,0.023847336626128316,77.50000107284681,0,60,3.0,2,2.5243454448333496e-08
2.95,0.0359830743700859,77.50000071735509,0,60,3.0,2,1.6878943356727284e-08
2.955,0.05218887796857759,77.50000047726456,0,60,3.0,2,1.1229754443989162e-08
2.96,0.0727577001223134,77.5000003159459,0,60,3.0,2,7.4340211058905185e-09
2.965,0.0974992498694751,77.50000020811088,0,60,3.0,2,4.89672649617954e-09
2.97,0.12558706050443358,77.50000013639716,0,60,3.0,2,3.209344988456852e-09
2.975,0.15549263588878245,77.50000008894969,0,60,3.0,2,2.092933888942592e-09
2.98,0.1850529723539114,77.50000005771811,0,60,3.0,2,1.358073204220786e-09
2.985,0.21169159439317053,77.50000003726561,0,60,3.0,2,8.768378232643419e-10
2.99,0.23277292922115492,77.50000002394049,0,60,3.0,2,5.633055747346267e-10
2.995,0.24602692519491282,77.50000001530334,0,60,3.0,2,3.6007864925041384e-10
3.0,0.24995056064839283,77.50000000973347,0,60,3.0,2,2.2902280333629974e-10
3.005,0.24408826520424054,77.50000000615996,0,60,3.0,2,1.4494035253044465e-10
3.01,0.22911894216865275,77.50000000387898,0,60,3.0,2,9.127013393427821e-11
3.015,0.20672661788705934,77.50000000243044,0,60,3.0,2,5.718681998533772e-11
3.02,0.17928878030241233,77.50000000151523,0,60,3.0,2,3.565252668255091e-11
3.025,0.14946211903866036,77.50000000093995,0,60,3.0,2,2.2116436786531908e-11
3.03,0.1197651512573837,77.50000000058017,0,60,3.0,2,1.3651114225949106e-11
3.035,0.09224675744988023,77.50000000035632,0,60,3.0,2,8.38406990891706e-12
3.04,0.06829565320281596,77.50000000021774,0,60,3.0,2,5.123263904619414e-12
3.045,0.04860224607515734,77.5000000001324,0,60,3.0,2,3.1153537266244016e-12
3.05,0.03324612389699793,77.5000000000801,0,60,3.0,2,1.884860894813969e-12
3.055,0.021859876340472782,77.50000000004822,0,60,3.0,2,1.1345277658513034e-12
3.06,0.01381595518554205,77.50000000002889,0,60,3.0,2,6.797804149648394e-13
3.065,0.008394095110402422,77.50000000001721,0,60,3.0,2,4.049257661202265e-13
3.07,0.0049052535271608,77.5000000000102,0,60,3.0,2,2.4007985142388327e-13
3.075,0.0027671663551903634,77.50000000000603,0,60,3.0,2,1.4177417409989764e-13
3.08,0.0015425553464444616,77.50000000000354,0,60,3.0,2,8.325888997847762e-14
3.085,0.0009638206637011801,77.50000000000206,0,60,3.0,2,4.848409255774801e-14
3.09,0.0009804935156568228,77.5000000000012,0,60,3.0,2,2.808733637828161e-14
3.095,0.0018793744894085216,77.5000000000007,0,60,3.0,2,1.6384279553997603e-14
3.1,0.004535525206900863,77.5000000000004,0,60,3.0,2,9.362445459427202e-15
3.105,0.010832767979632273,77.50000000000023,0,60,3.0,2,5.349968833958401e-15
3.11,0.024208003392322392,77.50000000000013,0,60,3.0,2,3.0093574691016007e-15
3.115,0.0500971897335304,77.50000000000007,0,60,3.0,2,1.6718652606120004e-15
3.12,0.09582894921774403,77.50000000000004,0,60,3.0,2,1.0031191563672002e-15
3.125,0.16937896721820658,77.50000000000003,0,60,3.0,2,6.687461042448002e-16
3.13,0.27661303008991756,77.50000000000001,0,60,3.0,2,3.343730521224001e-16
3.135,0.4173782800009149,77.5,0,60,3.0,2,0.0
3.14,0.5818720934538056,77.5,0,60,3.0,2,0.0
3.145,0.7494718801585675,77.5,0,60,3.0,2,0.0
3.15,0.891813020752378,77.5,0,60,3.0,2,0.0
3.155,0.9800361632936612,77.5,0,60,3.0,2,0.0
3.16,0.993574479225126,77.50000249105273,1,60,3.0,2,5.861300531464889e-08
3.165,0.9263438449375362,77.50000368839028,0,60,3.0,2,8.6785653633449e-08
3.17,0.7873015962290536,77.50000555445335,0,60,3.0,2,1.3069302005586745e-07
3.175,0.5959516244629897,77.50000857814938,0,60,3.0,2,2.0183880886125895e-07
3.18,0.376910120078773,77.50001369945717,0,60,3.0,2,3.223401687163834e-07
3.185,0.15739335672107918,77.50002276128193,0,60,3.0,2,5.355595747272781e-07
3.19,-0.033361226269301235,77.50003940090019,0,60,3.0,2,9.270800045241605e-07
3.195,-0.1680180840843834,77.50007077317657,0,60,3.0,2,1.6652512135137574e-06
3.2,-0.23069703190837854,77.5001308064235,0,60,3.0,2,3.077798199977705e-06
3.205,-0.22587267821131068,77.50024620473216,0,60,3.0,2,5.793052521512971e-06
3.21,-0.17718181630665902,77.50046723069718,0,60,3.0,2,1.0993663463122015e-05
3.215,-0.11494332516451301,77.50088655949897,0,60,3.0,2,2.086022350507686e-05
3.22,-0.061810214049552864,77.50167133369841,0,60,3.0,2,3.932549878614362e-05
3.225,-0.026546104631500547,77.50311609527448,0,60,3.0,2,7.331988881125706e-05
3.23,-0.00719600351942686,77.50572757810811,0,60,3.0,2,0.00013476654372017465
3.235,0.0022072757983807078,77.51035628930016,0,60,3.0,2,0.00024367739529793653
3.24,0.006917199873730717,77.51839396859039,0,60,3.0,2,0.00043279926095030584
3.245,0.01004859748264829,77.53205951613513,0,60,3.0,2,0.0007543415561208214
3.25,0.013037082251128167,77.55479735626218,0,60,3.0,2,0.0012893495591102318
3.255,0.01645163937690478,77.59180935033685,0,60,3.0,2,0.002160220007925773
3.26,0.020526639934696615,77.65073164399156,0,60,3.0,2,0.003546626917448534
3.265,0.02539629541761738,77.74244843426152,0,60,3.0,2,0.0057046690414475
3.27,0.031171612185577933,77.8820033321796,0,60,3.0,2,0.00898831369834337
3.275,0.03795853426638131,78.08952515894424,0,60,3.0,2,0.013871180210452728
3.28,0.0458588961882057,78.3910309371969,0,60,3.0,2,0.020965433816397695
3.285,0.054966995891435555,78.81891093605167,0,60,3.0,2,0.0310331984953333
3.29,0.06536491004445595,79.41185013616811,0,60,3.0,2,0.044984709086308534
3.295,0.07711726085088699,80.2139130892274,0,60,3.0,2,0.06385677857005656
3.3,0.09026570629555215,81.272533060352,0,60,3.0,2,0.08876548377298832
3.305,0.10482339848670268,82.63521855987192,0,60,3.0,2,0.12082867199698626
3.31,0.12076968927580028,84.34493145773052,0,60,3.0,2,0.16105721077013
3.315,0.13804539501007884,86.43429918565216,0,60,3.0,2,0.21021880436828624
3.32,0.15654895051787066,88.91908046331689,0,60,3.0,2,0.2686842461956915
3.325,0.17613378141900526,91.79157216297033,0,60,3.0,2,0.3362722861875371
3.33,0.19660720058055794,95.01487107678413,0,60,3.0,2,0.41211461357139134
3.335,0.21773108748496234,98.51902765789495,0,60,3.0,2,0.4945653566563518
3.34,0.23922453870058807,102.20009410358924,0,60,3.0,2,0.581178684790335
3.345,0.2607685857914563,105.92284248112838,0,60,3.0,2,0.6687727642618443
3.35,0.2820129681603682,109.52751120608181,0,60,3.0,2,0.7535884989666308
3.355,0.30258482867153996,112.84037442058334,0,60,3.0,2,0.8315382216607846
3.36,0.3220990771751686,115.68730426046446,0,60,3.0,2,0.8985248061285754
3.365,0.3401700499968971,117.90892428185623,0,60,3.0,2,0.9507982183966172
3.37,0.3564239911198326,119.3755523691119,0,60,3.0,2,0.9853071145673389
3.375,0.3705118017738417,120.0,0,60,3.0,2,1.0
3.38,0.3821214567925213,119.74648113841707,0,60,3.0,2,0.9940348503156957
3.385,0.39098947374066967,118.63437448880512,0,60,3.0,2,0.9678676350307087
3.39,0.3969108472035567,116.73629940794379,0,60,3.0,2,0.923207044892795
3.395,0.3997469255491936,114.17078105801232,0,60,3.0,2,0.8628419072473488
3.4,0.3994308076379137,111.09054510124496,0,60,3.0,2,0.7903657670881166
3.405,0.3959699661768434,107.66805834287894,0,60,3.0,2,0.7098366668912691
3.41,0.38944595408114946,104.08022269304901,0,60,3.0,2,0.6254170045423296
3.415,0.38001120995358023,100.49410013827166,0,60,3.0,2,0.5410376503122744
3.42,0.3678831374098315,97.05522581786516,0,60,3.0,2,0.46012296042035683
3.425,0.35333577933796634,93.87953842624674,0,60,3.0,2,0.3854009041469821
3.43,0.33668953221163944,91.04933672731988,0,60,3.0,2,0.31880792299576194
3.435,0.3182994390982644,88.61307620740166,0,60,3.0,2,0.26148414605650966
3.44,0.29854265738230645,86.58834757046263,0,60,3.0,2,0.21384347224617956
3.445,0.2778057157821067,84.96708751766239,0,60,3.0,2,0.17569617688617395
3.45,0.2564721553719815,83.7219769761652,0,60,3.0,2,0.14639945826271047
3.455,0.23491109433464996,82.81305889844472,0,60,3.0,2,0.12501315055164053
3.46,0.21346717185309805,82.19380699971077,0,60,3.0,2,0.11044251764025349
3.465,0.19245222055656455,81.81613773496655,0,60,3.0,2,0.10155618199921285
3.47,0.17213889801761392,81.63412349797244,0,60,3.0,2,0.09727349406993974
3.475,0.15275638501270183,81.60639228032515,0,60,3.0,2,0.09662099483118007
3.48,0.13448814019607322,81.69736309616482,0,60,3.0,2,0.09876148461564285
3.485,0.11747159495449566,81.87756056652502,0,60,3.0,2,0.10300142509470635
3.49,0.10179958433370105,82.12328335001891,0,60,3.0,2,0.10878313764750373
3.495,0.08752324394101413,82.41588511952244,0,60,3.0,2,0.11566788516523395
3.5,0.07465606047174059,82.74088182364454,0,60,3.0,2,0.12331486643869512
3.505,0.0631787448609295,83.0870418548042,0,60,3.0,2,0.13145980834833407
3.51,0.05304460019959574,83.44555928303792,0,60,3.0,2,0.13989551254206878
3.515,0.044185078305849994,83.8093624705626,0,60,3.0,2,0.1484555875426495
3.52,0.03651525513023255,84.17257468506841,0,60,3.0,2,0.15700175729572732
3.525,0.0299390014708757,84.53011997766967,0,60,3.0,2,0.1654145877098746
3.53,0.024353677220580638,84.87745475481431,0,60,3.0,2,0.17358717070151317
3.535,0.01965423034339045,85.2104004501258,0,60,3.0,2,0.18142118706178362
3.54,0.015736632374757337,85.52505275149068,0,60,3.0,2,0.18882477062331005
3.545,0.012500627640593535,85.81774566332717,0,60,3.0,2,0.1957116626665217
3.55,0.009851811652115898,86.085052616961,0,60,3.0,2,0.20200123804614104
3.555,0.007703084175428559,86.32381083446128,0,60,3.0,2,0.20761907845791255
3.56,0.005975544002062424,86.5311586540156,0,60,3.0,2,0.21249785068271998
3.565,0.004598905818663047,86.70457833716547,0,60,3.0,2,0.21657831381565817
3.57,0.0035115256454839104,86.84193900787369,0,60,3.0,2,0.21981032959702804
3.575,0.002660121266303676,86.94153592983167,0,60,3.0,2,0.22215378658427465
3.58,0.0019992692560877024,87.00212345173921,0,60,3.0,2,0.22357937533504021
3.585,0.0014907520044639367,87.0229397715895,0,60,3.0,2,0.22406917109622368
3.59,0.0011028178277539807,87.00372229487667,0,60,3.0,2,0.22361699517356864
3.595,0.0008094059938923333,86.94471286249635,0,60,3.0,2,0.2222285379410905
3.6,0.0005893771793717645,86.84665254943691,0,60,3.0,2,0.21992123645733908
3.605,0.0004257792353490551,86.71076611179907,0,60,3.0,2,0.2167239085129194
3.61,0.0003051686392901525,86.53873649925283,0,60,3.0,2,0.21267615292359612
3.615,0.00021699992642659966,86.33267015543511,0,60,3.0,3,0.20782753306906143
3.62,0.00015308884054097838,86.09505409744818,0,60,3.0,3,0.2022365669987808
3.625,0.00010714989329311098,85.82870599260853,0,60,3.0,3,0.1959695527672596
3.63,7.440535854020571e-05,85.53671863058347,0,60,3.0,3,0.18909926189608153
3.635,5.1260276743925106e-05,85.2224003175459,0,60,3.0,3,0.18170353688343305
3.64,3.503659887882241e-05,84.88921279308802,0,60,3.0,3,0.1738638304256005
3.645,2.375894748103639e-05,84.54070828947188,0,60,3.0,3,0.16566372445816188
3.65,1.5984413869232557e-05,84.1804673176195,0,60,3.0,3,0.15718746629692948
3.655,1.0669166579899869e-05,83.81203867840884,0,60,3.0,3,0.14851855713903153
3.66,7.06526633560511e-06,83.43888306661587,0,60,3.0,3,0.13973842509684406
3.665,4.641847214699205e-06,83.06432146510346,0,60,3.0,3,0.13092521094361084
3.67,3.025641074479182e-06,82.69148932672799,0,60,3.0,3,0.12215269004065857
3.675,1.9566278676921314e-06,82.32329731985429,0,60,3.0,3,0.1134893487024539
3.68,1.2553456560008793e-06,81.9623991796588,0,60,3.0,3,0.10499762775667772
3.685,7.990660428214668e-07,81.61116697082156,0,60,3.0,3,0.096733340489919
3.69,5.046221251618276e-07,81.27167383655502,0,60,3.0,3,0.08874526674247116
3.695,3.1616527078858815e-07,80.94568409216123,0,60,3.0,3,0.08107491981555835
3.7,1.9652884407760343e-07,80.63465032529267,0,60,3.0,3,0.07375647824218043
3.705,1.2120002189836396e-07,80.33971699532083,0,60,3.0,3,0.06681687047813713
3.71,7.415549848886236e-08,80.06172988470391,0,60,3.0,3,0.06027599728715078
3.715,4.501406988770349e-08,79.80125064846867,0,60,3.0,3,0.05414707408161569
3.72,0.0,79.55857563483465,0,60,3.0,3,0.04843707376081538
3.725,0.0,79.33375811013762,0,60,3.0,3,0.04314724965029701
3.73,0.0,79.12663301279987,0,60,3.0,3,0.03827371794823227
3.735,0.0,78.93684338132093,0,60,3.0,3,0.033808079560492386
3.74,0.0,78.7638676464423,0,60,3.0,3,0.029738062269230755
3.745,0.0,78.6070470434986,0,60,3.0,3,0.02604816572937874
3.75,0.0,78.46561248287588,0,60,3.0,3,0.02272029371472667
3.755,0.0,78.33871030971717,0,60,3.0,3,0.019734360228639336
3.76,0.0,78.22542648391168,0,60,3.0,3,0.017068858444980607
3.765,0.0,78.12480881364193,0,60,3.0,3,0.01470138385039845
3.77,0.0,78.03588697644554,0,60,3.0,3,0.012609105328130334
3.775,0.0,77.95769015754081,0,60,3.0,3,0.010769180177430827
3.78,0.0,77.88926222335756,0,60,3.0,3,0.009159111137824994
3.785,0.0,77.82967442675768,0,60,3.0,3,0.007757045335474753
3.79,0.0,77.77803570793309,0,60,3.0,3,0.006542016657249071
3.795,0.0,77.73350071066585,0,60,3.0,3,0.005494134368608256
3.8,0.0,77.69527567732716,0,60,3.0,3,0.004594721819462594
3.805,0.0,77.662622417975,0,60,3.0,3,0.0038264098347059084
3.81,0.0,77.63486056988265,0,60,3.0,3,0.0031731898795917058
3.815,0.0,77.61136837480714,0,60,3.0,3,0.0026204323484033494
3.82,0.0,77.59158220352371,0,60,3.0,3,0.002154875377028568
3.825,0.0,77.57499505197755,0,60,3.0,3,0.0017645894582953507
3.83,0.0,77.56115422226135,0,60,3.0,3,0.0014389228767376662
3.835,0.0,77.54965838592453,0,60,3.0,3,0.0011684326099889537
3.84,0.0,77.54015420819475,0,60,3.0,3,0.0009448048986999926
3.845,0.0,77.53233269076719,0,60,3.0,3,0.0007607691945221471
3.85,0.0,77.52592536897006,0,60,3.0,3,0.0006100086816485707
3.855,0.0,77.52070047725961,0,60,3.0,3,0.00048707005316727834
3.86,0.0,77.51645917587848,0,60,3.0,3,0.00038727472655249157
3.865,0.0,77.51303191170103,0,60,3.0,3,0.0003066332164949285
3.87,0.0,77.51027496820146,0,60,3.0,3,0.00024176395768135456
3.875,0.0,77.50806724338192,0,60,3.0,3,0.00018981749133920001
3.88,0.0,77.50630728052805,0,60,3.0,3,0.00014840660065996257
3.885,0.0,77.5049105648481,0,60,3.0,3,0.0001155427023083094
3.89,0.0,77.50380708934438,0,60,3.0,3,8.957857280887873e-05
3.895,0.0,77.50293918553965,0,60,3.0,3,6.915730681518707e-05
3.9,0.0,77.50225960876563,0,60,3.0,3,5.316726507357196e-05
3.905,0.0,77.50172986341735,0,60,3.0,3,4.0702668643595696e-05
3.91,0.0,77.50131875066967,0,60,3.0,3,3.102942752160315e-05
3.915,0.0,77.50100111942234,0,60,3.0,3,2.3555751113904347e-05
3.92,0.0,77.50075680047507,0,60,3.0,3,1.780707000173553e-05
3.925,0.0,77.50056970393622,0,60,3.0,3,1.3404798499336453e-05
3.93,0.0,77.50042706045588,0,60,3.0,3,1.0048481314751211e-05
3.935,0.0,77.50031878788886,0,60,3.0,3,7.500891502545795e-06
3.94,0.0,77.50023696629759,0,60,3.0,3,5.575677590406806e-06
3.945,0.0,77.50017540568608,0,60,3.0,3,4.127192613623265e-06
3.95,0.0,77.5001292924209,0,60,3.0,3,3.042174609270339e-06
3.955,0.0,77.50009490187263,0,60,3.0,3,2.232985238325615e-06
3.96,0.0,77.50006936634507,0,60,3.0,3,1.6321492958414798e-06
3.965,0.0,77.5000504888126,0,60,3.0,3,1.1879720612823267e-06
3.97,0.0,77.50003659433143,0,60,3.0,3,8.610430925540748e-07
3.975,0.0,77.50002641221309,0,60,3.0,3,6.214638373796119e-07
3.98,0.0,77.5000189831414,0,60,3.0,3,4.4666215063336817e-07
3.985,0.0,77.50001358637785,0,60,3.0,3,3.196794787473824e-07
3.99,0.0,77.50000968303739,0,60,3.0,3,2.2783617389583977e-07
3.995,0.0,77.50000687213756,0,60,3.0,3,1.6169735438191255e-07
4.0,0.0,77.50000485673486,0,60,3.0,3,1.1427611438568205e-07
4.005,0.0,77.500003417978,0,60,3.0,3,8.042301160190511e-08
4.01,0.0,77.50000239533601,0,60,3.0,3,5.636084732513529e-08
4.015,0.001684486749771458,77.50000167161376,0,60,3.0,3,3.933208845677762e-08
4.02,0.003097557930867117,77.50000116165656,0,60,3.0,3,2.733309543145879e-08
4.025,0.005475106668887023,77.5000008038812,0,60,3.0,3,1.8914851927868712e-08
4.03,0.00930222931468658,77.5000005539599,0,60,3.0,3,1.3034350425133359e-08
4.035,0.01519157517868857,77.50000038013431,0,60,3.0,3,8.944336701353997e-09
4.04,0.023847336626128316,77.50000025975753,0,60,3.0,3,6.1119418232385e-09
4.045,0.0359830743700859,77.50000017675492,0,60,3.0,3,4.158939378505559e-09
4.05,0.05218887796857759,77.50000011976978,0,60,3.0,3,2.818112467567142e-09
4.055,0.0727577001223134,77.50000008081561,0,60,3.0,3,1.9015437695035122e-09
4.06,0.0974992498694751,77.50000005430196,0,60,3.0,3,1.2776932662210825e-09
4.065,0.12558706050443358,77.50000003633359,0,60,3.0,3,8.549079666408943e-10
4.07,0.15549263588878245,77.5000000242088,0,60,3.0,3,5.696188723317498e-10
4.075,0.1850529723539114,77.5000000160624,0,60,3.0,3,3.779388514564797e-10
4.08,0.21169159439317053,77.50000001061255,0,60,3.0,3,2.497071203405914e-10
4.085,0.23277292922115492,77.50000000698236,0,60,3.0,3,1.6429085542982005e-10
4.09,0.24602692519491282,77.50000000457463,0,60,3.0,3,1.0763836358177393e-10
4.095,0.24995056064839283,77.50000000298458,0,60,3.0,3,7.022536277979859e-11
4.1,0.24408826520424054,77.50000000193901,0,60,3.0,3,4.5623865469893e-11
4.105,0.22911894216865275,77.50000000125445,0,60,3.0,3,2.9516446803052745e-11
4.11,0.20672661788705934,77.50000000080816,0,60,3.0,3,1.901546110114877e-11
4.115,0.17928878030241233,77.50000000051845,0,60,3.0,3,1.2198932060581522e-11
4.12,0.14946211903866036,77.50000000033121,0,60,3.0,3,7.793232725816779e-12
4.125,0.1197651512573837,77.5000000002107,0,60,3.0,3,4.957749243818826e-12
4.13,0.09224675744988023,77.50000000013347,0,60,3.0,3,3.1404317055335818e-12
4.135,0.06829565320281596,77.5000000000842,0,60,3.0,3,1.9811603338252204e-12
4.14,0.04860224607515734,77.50000000005289,0,60,3.0,3,1.2445364999995731e-12
4.145,0.03324612389699793,77.50000000003308,0,60,3.0,3,7.784204653409474e-13
4.15,0.021859876340472782,77.5000000000206,0,60,3.0,3,4.848409255774801e-13
4.155,0.01381595518554205,77.50000000001278,0,60,3.0,3,3.0060137385803767e-13
4.16,0.008394095110402422,77.5000000000079,0,60,3.0,3,1.8591141698005444e-13
4.165,0.0049052535271608,77.50000000000486,0,60,3.0,3,1.1435558382586083e-13
4.17,0.0027671663551903634,77.50000000000297,0,60,3.0,3,6.988396789358162e-14
4.175,0.0015425553464444616,77.50000000000182,0,60,3.0,3,4.279975067166721e-14
4.18,0.0009638206637011801,77.50000000000111,0,60,3.0,3,2.6081098065547206e-14
4.185,0.0009804935156568228,77.50000000000067,0,60,3.0,3,1.5715533449752805e-14
4.19,0.0018793744894085216,77.5000000000004,0,60,3.0,3,9.362445459427202e-15
4.195,0.004535525206900863,77.50000000000024,0,60,3.0,3,5.684341886080802e-15
4.2,0.010832767979632273,77.50000000000014,0,60,3.0,3,3.343730521224001e-15
4.205,0.024208003392322392,77.50000000000009,0,60,3.0,3,2.0062383127344005e-15
4.21,0.0500971897335304,77.50000000000006,0,60,3.0,3,1.3374922084896003e-15
4.215,0.09582894921774403,77.50000000000003,0,60,3.0,3,6.687461042448002e-16
4.22,0.16937896721820658,77.50000000000001,0,60,3.0,3,3.343730521224001e-16
4.225,0.27661303008991756,77.50000000000001,0,60,3.0,3,3.343730521224001e-16
4.23,0.4173782800009149,77.5,0,60,3.0,3,0.0
4.235,0.5818720934538056,77.5,0,60,3.0,3,0.0
4.24,0.7494718801585675,77.5,0,60,3.0,3,0.0
4.245,0.891813020752378,77.5,0,60,3.0,3,0.0
4.25,0.9800361632936612,77.5,0,60,3.0,3,0.0
4.255,0.993574479225126,77.50000249460615,1,60,3.0,3,5.86966152963321e-08
4.26,0.9263438449375362,77.50000372135824,0,60,3.0,3,8.75613703582905e-08
4.265,0.7873015962290536,77.50000565062012,0,60,3.0,3,1.3295576763994177e-07
4.27,0.5959516244629897,77.50000881042637,0,60,3.0,3,2.0730414977312167e-07
4.275,0.376910120078773,77.50001422957038,0,60,3.0,3,3.3481342076329917e-07
4.28,0.15739335672107918,77.50002395205593,0,60,3.0,3,5.635777864988674e-07
4.285,-0.033361226269301235,77.5000420636567,0,60,3.0,3,9.897330986565494e-07
4.29,-0.1680180840843834,77.50007669707328,0,60,3.0,3,1.8046370184145096e-06
4.295,-0.23069703190837854,77.50014385613446,0,60,3.0,3,3.3848502225202324e-06
4.3,-0.22587267821131068,77.50027452450676,0,60,3.0,3,6.459400159161198e-06
4.305,-0.17718181630665902,77.50052752764168,0,60,3.0,3,1.241241509834414e-05
4.31,-0.11494332516451301,77.50101215744053,0,60,3.0,3,2.381546918888275e-05
4.315,-0.061810214049552864,77.50192682085145,0,60,3.0,3,4.533696121063044e-05
4.32,-0.026546104631500547,77.50362308040955,0,60,3.0,3,8.524895081303144e-05
4.325,-0.00719600351942686,77.50670845021435,0,60,3.0,3,0.00015784588739640694
4.33,0.0022072757983807078,77.51220599164661,0,60,3.0,3,0.0002871998034496461
4.335,0.006917199873730717,77.52179350964896,0,60,3.0,3,0.0005127884623284311
4.34,0.01004859748264829,77.53814877820113,0,60,3.0,3,0.0008976183106149031
4.345,0.013037082251128167,77.56542776981523,0,60,3.0,3,0.001539476936828939
4.35,0.01645163937690478,77.60989759869679,0,60,3.0,3,0.002585825851689178
4.355,0.020526639934696615,77.6807315206384,0,60,3.0,3,0.004252506367962429
4.36,0.02539629541761738,77.79094659926142,0,60,3.0,3,0.0068458023355627605
4.365,0.031171612185577933,77.95842333711083,0,60,3.0,3,0.010786431461431288
4.37,0.03795853426638131,78.20689096283934,0,60,3.0,3,0.0166327285373962
4.375,0.0458588961882057,78.56669655777527,0,60,3.0,3,0.025098742535888785
4.38,0.054966995891435555,79.07511066200658,0,60,3.0,3,0.03706142734133129
4.385,0.06536491004445595,79.77587220021896,0,60,3.0,3,0.05354993412279896
4.39,0.07711726085088699,80.71766202080015,0,60,3.0,3,0.07570969460706231
4.395,0.09026570629555215,81.95123894984235,0,60,3.0,3,0.10473503411393761
4.4,0.10482339848670268,83.52509277751652,0,60,3.0,3,0.14176688888274164
4.405,0.12076968927580028,85.47967161003584,0,60,3.0,3,0.18775697905966673
4.41,0.13804539501007884,87.84051510035516,0,60,3.0,3,0.2433062376554156
4.415,0.15654895051787066,90.61093634185639,0,60,3.0,3,0.3084926198083856
4.42,0.17613378141900526,93.76518786395582,0,60,3.0,3,0.38271030268131334
4.425,0.19660720058055794,97.2432506243826,0,60,3.0,3,0.4645470735148846
4.43,0.21773108748496234,100.94842773084399,0,60,3.0,3,0.5517277113139762
4.435,0.23922453870058807,104.74875318118484,0,60,3.0,3,0.6411471336749374
4.44,0.2607685857914563,108.48282317367621,0,60,3.0,3,0.729007604086499
4.445,0.2820129681603682,111.97005664754334,0,60,3.0,3,0.8110601564127846
4.45,0.30258482867153996,115.02467864297884,0,60,3.0,3,0.8829336151289139
4.455,0.3220990771751686,117.47202229769906,0,60,3.0,3,0.9405181717105661
4.46,0.3401700499968971,119.16520707469039,0,60,3.0,3,0.9803578135221267
4.465,0.3564239911198326,120.0,0,60,3.0,3,1.0
4.47,0.3705118017738417,119.92578151822536,0,60,3.0,3,0.9982536827817733
4.475,0.3821214567925213,118.95102289730116,0,60,3.0,3,0.9753181858188508
4.48,0.39098947374066967,117.14246274518496,0,60,3.0,3,0.9327638292984696
4.485,0.3969108472035567,114.61810451972603,0,60,3.0,3,0.8733671651700243
4.49,0.3997469255491936,111.5350680111271,0,60,3.0,3,0.8008251296735787
4.495,0.3994308076379137,108.0740441083796,0,60,3.0,3,0.7193892731383434
4.5,0.3959699661768434,104.42249674272264,0,60,3.0,3,0.633470511593474
4.505,0.38944595408114946,100.75877354497398,0,60,3.0,3,0.5472652598817407
4.51,0.38001120995358023,97.23895250911174,0,60,3.0,3,0.4644459413908645
4.515,0.3678831374098315,93.98765955902843,0,60,3.0,3,0.38794493080066894
4.52,0.35333577933796634,91.09337674826752,0,60,3.0,3,0.3198441587827651
4.525,0.33668953221163944,88.60806578475214,0,60,3.0,3,0.26136625375887396
4.53,0.3182994390982644,86.55037538685598,0,60,3.0,3,0.21295000910249354
4.535,0.29854265738230645,84.91135658494059,0,60,3.0,3,0.17438486082213156
4.54,0.2778057157821067,83.66149701265033,0,60,3.0,3,0.14497640029765482
4.545,0.2564721553719815,82.75797548000064,0,60,3.0,3,0.12371707011766209
4.55,0.23491109433464996,82.1512715900934,0,60,3.0,3,0.1094416844727859
4.555,0.21346717185309805,81.79056899773018,0,60,3.0,3,0.10095456465247474
4.56,0.19245222055656455,81.62769723046279,0,60,3.0,3,0.09712228777559496
4.565,0.17213889801761392,81.61961520483318,0,60,3.0,3,0.09693212246666308
4.57,0.15275638501270183,81.72962172673779,0,60,3.0,3,0.09952051121735976
4.575,0.13448814019607322,81.92757810348637,0,60,3.0,3,0.10417830831732632
4.58,0.11747159495449566,82.18945565966037,0,60,3.0,3,0.11034013316847924
4.585,0.10179958433370105,82.49649588446255,0,60,3.0,3,0.11756460904617758
4.59,0.08752324394101413,82.83421513759593,0,60,3.0,3,0.12551094441402197
4.595,0.07465606047174059,83.19141883220342,0,60,3.0,3,0.13391573722831587
4.6,0.0631787448609295,83.55932610315664,0,60,3.0,3,0.1425723788978032
4.605,0.05304460019959574,83.93085353810575,0,60,3.0,3,0.1513142008966059
4.61,0.044185078305849994,84.30006879848048,0,60,3.0,3,0.16000161878777602
4.615,0.03651525513023255,84.6618013884261,0,60,3.0,3,0.16851297384531996
4.62,0.0299390014708757,85.01138584869369,0,60,3.0,3,0.17673849055749863
4.625,0.024353677220580638,85.34450891949677,0,60,3.0,3,0.18457668045874764
4.63,0.01965423034339045,85.65713355682738,0,60,3.0,3,0.19193255427829117
4.635,0.015736632374757337,85.94547657178403,0,60,3.0,3,0.198717095806683
4.64,0.012500627640593535,86.20602134981468,0,60,3.0,3,0.20484756117211003
4.645,0.009851811652115898,86.43555156926756,0,60,3.0,3,0.21024827221806022
4.65,0.007703084175428559,86.6311955940732,0,60,3.0,3,0.21485166103701658
4.655,0.005975544002062424,86.79047413872193,0,60,3.0,3,0.2185993914993396
4.66,0.004598905818663047,86.91134596731928,0,60,3.0,3,0.22144343452515947
4.665,0.0035115256454839104,86.99224794750238,0,60,3.0,3,0.2233470105294677
4.67,0.002660121266303676,87.0321269017975,0,60,3.0,3,0.22428533886582347
4.675,0.0019992692560877024,87.03046152758272,0,60,3.0,3,0.22424615359018155
4.68,0.0014907520044639367,86.98727330011184,0,60,3.0,3,0.22322996000263148
4.685,0.0011028178277539807,86.90312580335406,0,60,3.0,3,0.22125001890244841
4.69,0.0008094059938923333,86.77911239371997,0,60,3.0,3,0.21833205632282282
4.695,0.0005893771793717645,86.61683251370297,0,60,3.0,3,0.21451370620477586
4.7,0.0004257792353490551,86.41835734354086,0,60,3.0,3,0.20984370220096146
4.705,0.0003051686392901525,86.18618580827722,0,60,3.0,3,0.2043808425476992
4.71,0.00021699992642659966,85.92319223996377,0,60,3.0,3,0.19819275858738278
4.715,0.00015308884054097838,85.63256722375668,0,60,3.0,3,0.1913545229119219
4.72,0.00010714989329311098,85.31775332643326,0,60,3.0,3,0.18394713709254734
4.725,7.440535854020571e-05,84.98237751219715,0,60,3.0,3,0.17605594146346226
4.73,5.1260276743925106e-05,84.63018209168393,0,60,3.0,3,0.16776899039256316
4.735,3.503659887882241e-05,84.26495602656462,0,60,3.0,3,0.1591754359191675
4.74,2.375894748103639e-05,83.89046832741985,0,60,3.0,3,0.15036396064517302
4.745,1.5984413869232557e-05,83.51040514239358,0,60,3.0,3,0.14142129746808424
4.75,1.0669166579899869e-05,83.12831194637964,0,60,3.0,3,0.13243086932657974
4.755,7.06526633560511e-06,82.74754201463752,0,60,3.0,3,0.1234715768150004
4.76,4.641847214699205e-06,82.3712121113783,0,60,3.0,3,0.11461675556184232
4.765,3.025641074479182e-06,82.00216605418971,0,60,3.0,3,0.10593331892211094
4.77,1.9566278676921314e-06,81.64294654037948,0,60,3.0,3,0.09748109506775256
4.775,1.2553456560008793e-06,81.29577535211716,0,60,3.0,3,0.08931236122628615
4.78,7.990660428214668e-07,80.96254180339523,0,60,3.0,3,0.08147157184459355
4.785,5.046221251618276e-07,80.6447990617242,0,60,3.0,3,0.07399527204056941
4.79,3.1616527078858815e-07,80.34376777791057,0,60,3.0,3,0.0669121830096605
4.795,1.9652884407760343e-07,80.06034629321955,0,60,3.0,3,0.06024344219340124
4.8,1.2120002189836396e-07,79.79512656778222,0,60,3.0,3,0.05400297806546398
4.805,7.415549848886236e-08,79.54841488849074,0,60,3.0,3,0.0481979973762527
4.81,4.501406988770349e-08,79.32025636829391,0,60,3.0,3,0.04282956160691556
4.815,0.0,79.11046223965401,0,60,3.0,3,0.0378932291683297
4.82,0.0,78.91863896952484,0,60,3.0,4,0.033379740459407885
4.825,0.0,78.74421827710127,0,60,3.0,4,0.029275724167088662
4.83,0.0,78.58648721358958,0,60,3.0,4,0.02556440502563713
4.835,0.0,78.44461755976289,0,60,3.0,4,0.022226295523832693
4.84,0.0,78.31769390639055,0,60,3.0,4,0.019239856620954003
4.845,0.0,78.20473989921516,0,60,3.0,4,0.016582115275650722
4.85,0.0,78.10474224883049,0,60,3.0,4,0.014229229384246832
4.855,0.0,78.01667222199016,0,60,3.0,4,0.012156993458592068
4.86,0.0,77.93950444065351,0,60,3.0,4,0.010341280956553124
4.865,0.0,77.87223291533377,0,60,3.0,4,0.008758421537265134
4.87,0.0,77.81388432774902,0,60,3.0,4,0.007385513594094645
4.875,0.0,77.76352865288558,0,60,3.0,4,0.0062006741855431275
4.88,0.0,77.72028727161512,0,60,3.0,4,0.005183229920355777
4.885,0.0,77.68333877188556,0,60,3.0,4,0.004313853456130801
4.89,0.0,77.65192266973189,0,60,3.0,4,0.0035746510525150234
4.895,0.0,77.62534130189604,0,60,3.0,4,0.0029492071034363052
4.9,0.0,77.60296015101808,0,60,3.0,4,0.0024225917886607318
4.905,0.0,77.58420686372104,0,60,3.0,4,0.00198133796990673
4.91,0.0,77.5685692131375,0,60,3.0,4,0.0016133932502939655
4.915,0.0,77.55559224223543,0,60,3.0,4,0.0013080527584808056
4.92,0.0,77.54487480436342,0,60,3.0,4,0.001055877749727455
4.925,0.0,77.53606569430985,0,60,3.0,4,0.000848604571996582
4.93,0.0,77.52885953826085,0,60,3.0,4,0.0006790479590787367
4.935,0.0,77.52299258555637,0,60,3.0,4,0.0005410020130909743
4.94,0.0,77.51823852009305,0,60,3.0,4,0.0004291416492482286
4.945,0.0,77.5144043853977,0,60,3.0,4,0.00033892671523992303
4.95,0.0,77.5113266953926,0,60,3.0,4,0.0002665104798258172
4.955,0.0,77.50886778309393,0,60,3.0,4,0.00020865371985725206
4.96,0.0,77.50691242216493,0,60,3.0,4,0.0001626452274101265
4.965,0.0,77.50536474147606,0,60,3.0,4,0.00012622921120135502
4.97,0.0,77.50414544058145,0,60,3.0,4,9.753977838713849e-05
4.975,0.0,77.50318930418436,0,60,3.0,4,7.504245139671184e-05
4.98,0.0,77.50244300605091,0,60,3.0,4,5.7482495315539116e-05
4.985,0.0,77.50186318721106,0,60,3.0,4,4.3839699083705724e-05
4.99,0.0,77.50141478940333,0,60,3.0,4,3.328916243122769e-05
4.995,0.0,77.501069622313,0,60,3.0,4,2.516758383522114e-05
5.0,0.0,77.50080514196202,0,60,3.0,4,1.894451675338239e-05
5.005,0.0,77.50060341738867,0,60,3.0,4,1.4198056204109247e-05
5.01,0.0,77.50045026328183,0,60,3.0,4,1.0594430160809305e-05
5.015,0.0,77.50033451730998,0,60,3.0,4,7.870995528946877e-06
5.02,0.0,77.50024744233824,0,60,3.0,4,5.822172664359053e-06
5.025,0.0,77.50018223541412,0,60,3.0,4,4.2878920968338635e-06
5.03,0.0,77.50013362720881,0,60,3.0,4,3.144169619083507e-06
5.035,0.0,77.5000975574338,0,60,3.0,4,2.295469030688015e-06
5.04,0.0,77.50007091354405,0,60,3.0,4,1.6685539776517544e-06
5.045,0.0,77.50005132173919,0,60,3.0,4,1.207570333944579e-06
5.05,0.0,77.50003698085024,0,60,3.0,4,8.701376527021827e-07
5.055,0.0,77.5000265311314,0,60,3.0,4,6.24261915217015e-07
5.06,0.0,77.50001895125611,0,60,3.0,4,4.4591190845387566e-07
5.065,0.0,77.500013477942,0,60,3.0,4,3.171280471794008e-07
5.07,0.0,77.50000954360634,0,60,3.0,4,2.2455544327011225e-07
5.075,0.0,77.50000672829157,0,60,3.0,4,1.5831274274258999e-07
5.08,0.0,77.50000472280965,0,60,3.0,4,1.1112493292089578e-07
5.085,0.0,77.50000330064967,0,60,3.0,4,7.76623450934387e-08
5.09,0.001684486749771458,77.50000229668679,0,60,3.0,4,5.403968911570487e-08
5.095,0.003097557930867117,77.50000159113661,0,60,3.0,4,3.74385084502565e-08
5.1,0.005475106668887023,77.50000109753029,0,60,3.0,4,2.5824242049352237e-08
5.105,0.00930222931468658,77.50000075375274,0,60,3.0,4,1.7735358677087147e-08
5.11,0.01519157517868857,77.50000051540029,0,60,3.0,4,1.2127065594861907e-08
5.115,0.023847336626128316,77.50000035088415,0,60,3.0,4,8.256097651289618e-09
5.12,0.0359830743700859,77.50000023784072,0,60,3.0,4,5.5962523086183116e-09
5.125,0.05218887796857759,77.50000016051366,0,60,3.0,4,3.776792107815066e-09
5.13,0.0727577001223134,77.50000010785521,0,60,3.0,4,2.537769753818044e-09
5.135,0.0974992498694751,77.5000000721562,0,60,3.0,4,1.6977928814466235e-09
5.14,0.12558706050443358,77.50000004806286,0,60,3.0,4,1.1308907901633682e-09
5.145,0.15549263588878245,77.50000003187489,0,60,3.0,4,7.499974184183349e-10
5.15,0.1850529723539114,77.50000002104706,0,60,3.0,4,4.952248807111412e-10
5.155,0.21169159439317053,77.50000001383685,0,60,3.0,4,3.255730221366428e-10
5.16,0.23277292922115492,77.50000000905705,0,60,3.0,4,2.1310698042832561e-10
5.165,0.24602692519491282,77.50000000590254,0,60,3.0,4,1.3888318469124738e-10
5.17,0.24995056064839283,77.50000000382997,0,60,3.0,4,9.011688127750804e-11
5.175,0.24408826520424054,77.50000000247431,0,60,3.0,4,5.821902959723957e-11
5.18,0.22911894216865275,77.50000000159154,0,60,3.0,4,3.7448109972448196e-11
5.185,0.20672661788705934,77.50000000101926,0,60,3.0,4,2.3982572790427022e-11
5.19,0.17928878030241233,77.5000000006499,0,60,3.0,4,1.5291882792713722e-11
5.195,0.14946211903866036,77.5000000004126,0,60,3.0,4,9.708187195321764e-12
5.2,0.1197651512573837,77.5000000002608,0,60,3.0,4,6.1364142525502864e-12
5.205,0.09224675744988023,77.50000000016412,0,60,3.0,4,3.861674378961599e-12
5.21,0.06829565320281596,77.50000000010284,0,60,3.0,4,2.4198577782098094e-12
5.215,0.04860224607515734,77.50000000006416,0,60,3.0,4,1.5096943303326364e-12
5.22,0.03324612389699793,77.50000000003985,0,60,3.0,4,9.375820381512097e-13
5.225,0.021859876340472782,77.50000000002464,0,60,3.0,4,5.798028723802417e-13
5.23,0.01381595518554205,77.50000000001518,0,60,3.0,4,3.571104196667233e-13
5.235,0.008394095110402422,77.50000000000931,0,60,3.0,4,2.1901434914017206e-13
5.24,0.0049052535271608,77.50000000000568,0,60,3.0,4,1.3374922084896004e-13
5.245,0.0027671663551903634,77.50000000000345,0,60,3.0,4,8.125265166574322e-14
5.25,0.0015425553464444616,77.50000000000209,0,60,3.0,4,4.9152838661992815e-14
5.255,0.0009638206637011801,77.50000000000125,0,60,3.0,4,2.942482858677121e-14
5.26,0.0009804935156568228,77.50000000000075,0,60,3.0,4,1.7721771762487205e-14
5.265,0.0018793744894085216,77.50000000000045,0,60,3.0,4,1.0699937667916803e-14
5.27,0.004535525206900863,77.50000000000027,0,60,3.0,4,6.353087990325602e-15
5.275,0.010832767979632273,77.50000000000016,0,60,3.0,4,3.678103573346401e-15
5.28,0.024208003392322392,77.5000000000001,0,60,3.0,4,2.3406113648568006e-15
5.285,0.0500971897335304,77.50000000000006,0,60,3.0,4,1.3374922084896003e-15
5.29,0.09582894921774403,77.50000000000003,0,60,3.0,4,6.687461042448002e-16
5.295,0.16937896721820658,77.50000000000001,0,60,3.0,4,3.343730521224001e-16
5.3,0.27661303008991756,77.50000000000001,0,60,3.0,4,3.343730521224001e-16
5.305,0.4173782800009149,77.5,0,60,3.0,4,0.0
5.31,0.5818720934538056,77.5,0,60,3.0,4,0.0
5.315,0.7494718801585675,77.5,0,60,3.0,4,0.0
5.32,0.891813020752378,77.5,0,60,3.0,4,0.0
5.325,0.9800361632936612,77.5,0,60,3.0,4,0.0
5.33,0.993574479225126,77.50000249379623,1,60,3.0,4,5.8677558372972485e-08
5.335,0.9263438449375362,77.50000387113866,0,60,3.0,4,9.108561551543329e-08
5.34,0.7873015962290536,77.50000614495686,0,60,3.0,4,1.44587220146979e-07
5.345,0.5959516244629897,77.50001009206693,0,60,3.0,4,2.3746039834590835e-07
5.35,0.376910120078773,77.5000173369902,0,60,3.0,4,4.079291811114458e-07
5.355,0.15739335672107918,77.50003134163862,0,60,3.0,4,7.37450320417231e-07
5.36,-0.033361226269301235,77.50005950089377,0,60,3.0,4,1.4000210298678105e-06
5.365,-0.1680180840843834,77.50011746182723,0,60,3.0,4,2.7638076995331443e-06
5.37,-0.23069703190837854,77.50023776471434,0,60,3.0,4,5.594463866868062e-06
5.375,-0.22587267821131068,77.50048658883156,0,60,3.0,4,1.1449148977964583e-05
5.38,-0.17718181630665902,77.50099513789219,0,60,3.0,4,2.341500922799402e-05
5.385,-0.11494332516451301,77.50201644570332,0,60,3.0,4,4.744578125456321e-05
5.39,-0.061810214049552864,77.50402451354624,0,60,3.0,4,9.469443638214911e-05
5.395,-0.026546104631500547,77.50788085207563,0,60,3.0,4,0.00018543181354422868
5.4,-0.00719600351942686,77.51510323642296,0,60,3.0,4,0.0003553702687755129
5.405,0.0022072757983807078,77.52828124048683,0,60,3.0,4,0.0006654409526313831
5.41,0.006917199873730717,77.55168968563063,0,60,3.0,4,0.001216227897191402
5.415,0.01004859748264829,77.59214923171803,0,60,3.0,4,0.002168217216894712
5.42,0.013037082251128167,77.66016563836381,0,60,3.0,4,0.0037686032556189944
5.425,0.01645163937690478,77.77133735087011,0,60,3.0,4,0.006384408255767352
5.43,0.020526639934696615,77.94794785355886,0,60,3.0,4,0.01053994949550255
5.435,0.02539629541761738,78.22055245920677,0,60,3.0,4,0.01695417551074757
5.44,0.031171612185577933,78.62923630281921,0,60,3.0,4,0.02657026594868726
5.445,0.03795853426638131,79.22408280415199,0,60,3.0,4,0.040566654215340954
5.45,0.0458588961882057,80.06428738171843,0,60,3.0,4,0.06033617368749246
5.455,0.054966995891435555,81.21533054261677,0,60,3.0,4,0.0874195421792181
5.46,0.06536491004445595,82.74374175486754,0,60,3.0,4,0.12338215893805983
5.465,0.07711726085088699,84.70928122426405,0,60,3.0,4,0.16963014645327168
5.47,0.09026570629555215,87.1548465652038,0,60,3.0,4,0.2271728603577364
5.475,0.10482339848670268,90.09502724164179,0,60,3.0,4,0.29635358215627733
5.48,0.12076968927580028,93.50487114298438,0,60,3.0,4,0.3765852033643385
5.485,0.13804539501007884,97.31093238205123,0,60,3.0,4,0.46613958546002904
5.49,0.15654895051787066,101.38685595826713,0,60,3.0,4,0.5620436696062855
5.495,0.17613378141900526,105.55547445391579,0,60,3.0,4,0.6601288106803715
5.5,0.19660720058055794,109.59858538401849,0,60,3.0,4,0.755260832565141
5.505,0.21773108748496234,113.27431955233847,0,60,3.0,4,0.8417486953491404
5.51,0.23922453870058807,116.34051861380365,0,60,3.0,4,0.9138945556189094
5.515,0.2607685857914563,118.58114006736284,0,60,3.0,4,0.9666150604085374
5.52,0.2820129681603682,119.8317565853096,0,60,3.0,4,0.9960413314190495
5.525,0.30258482867153996,120.0,0,60,3.0,4,1.0
5.53,0.3220990771751686,119.07744164457799,0,60,3.0,4,0.9782927445783056
5.535,0.3401700499968971,117.14080910839245,0,60,3.0,4,0.9327249201974693
5.54,0.3564239911198326,114.34232070302158,0,60,3.0,4,0.8668781341887432
5.545,0.3705118017738417,110.89084986176812,0,60,3.0,4,0.7856670555710146
5.55,0.3821214567925213,107.02717543587835,0,60,3.0,4,0.6947570690794905
5.555,0.39098947374066967,102.99739961797562,0,60,3.0,4,0.5999388145406027
5.56,0.3969108472035567,99.02858404930407,0,60,3.0,4,0.5065549188071546
5.565,0.3997469255491936,95.309845089302,0,60,3.0,4,0.4190551785718118
5.57,0.3994308076379137,91.98081845212747,0,60,3.0,4,0.340725140050058
5.575,0.3959699661768434,89.12790132529386,0,60,3.0,4,0.27359767824220854
5.58,0.38944595408114946,86.78734731342963,0,60,3.0,4,0.21852581913952082
5.585,0.38001120995358023,84.9533724015562,0,60,3.0,4,0.17537346827191044
5.59,0.3678831374098315,83.58903512890868,0,60,3.0,4,0.14327141479785122
5.595,0.35333577933796634,82.63774874869135,0,60,3.0,4,0.1208882058515612
5.6,0.33668953221163944,82.0337334377467,0,60,3.0,4,0.10667608088815775
5.605,0.3182994390982644,81.71034347243264,0,60,3.0,4,0.09906690523370919
5.61,0.29854265738230645,81.60583753471548,0,60,3.0,4,0.09660794199330533
5.615,0.2778057157821067,81.66667643687869,0,60,3.0,4,0.0980394455736162
5.62,0.2564721553719815,81.84876988678565,0,60,3.0,4,0.10232399733613286
5.625,0.23491109433464996,82.11724772973115,0,60,3.0,4,0.10864112305249758
5.63,0.21346717185309805,82.44533609838746,0,60,3.0,4,0.11636084937382253
5.635,0.19245222055656455,82.81282786982345,0,60,3.0,4,0.1250077145840812
5.64,0.17213889801761392,83.2045024139376,0,60,3.0,4,0.13422358621029656
5.645,0.15275638501270183,83.60871282730876,0,60,3.0,4,0.14373441946608856
5.65,0.13448814019607322,84.01624472320185,0,60,3.0,4,0.15332340525180826
5.655,0.11747159495449566,84.41946941505593,0,60,3.0,4,0.1628110450601395
5.66,0.10179958433370105,84.81176549258696,0,60,3.0,4,0.17204154100204605
5.665,0.08752324394101413,85.18715992974894,0,60,3.0,4,0.18087435128821044
5.67,0.07465606047174059,85.54013465057005,0,60,3.0,4,0.18917963883694242
5.675,0.0631787448609295,85.86554926666517,0,60,3.0,4,0.1968364533332981
5.68,0.05304460019959574,86.1586397512219,0,60,3.0,4,0.20373270002875055
5.685,0.044185078305849994,86.41506250951961,0,60,3.0,4,0.20976617669457917
5.69,0.03651525513023255,86.6309617919093,0,60,3.0,4,0.2148461598096306
5.695,0.0299390014708757,86.80304503126104,0,60,3.0,4,0.21889517720614202
5.7,0.024353677220580638,86.92865552465399,0,60,3.0,4,0.22185071822715272
5.705,0.01965423034339045,87.00583527328615,0,60,3.0,4,0.22366671231261534
5.71,0.015736632374757337,87.03337316307264,0,60,3.0,4,0.22431466266053268
5.715,0.012500627640593535,87.01083537210316,0,60,3.0,4,0.22378436169654492
5.72,0.009851811652115898,86.938576193165,0,60,3.0,4,0.22208414572152954
5.725,0.007703084175428559,86.81772852740197,0,60,3.0,4,0.2192406712329875
5.73,0.005975544002062424,86.65017423074696,0,60,3.0,4,0.21529821719404602
5.735,0.004598905818663047,86.43849531771997,0,60,3.0,4,0.2103175368875287
5.74,0.0035115256454839104,86.18590775527554,0,60,3.0,4,0.20437430012413027
5.745,0.002660121266303676,85.8961802035904,0,60,3.0,4,0.19755718126095068
5.75,0.0019992692560877024,85.57354056557351,0,60,3.0,4,0.1899656603664355
5.755,0.0014907520044639367,85.22257357723743,0,60,3.0,4,0.1817076135820571
5.76,0.0011028178277539807,84.84811289585821,0,60,3.0,4,0.17289677402019313
5.765,0.0008094059938923333,84.4551312173353,0,60,3.0,4,0.16365014629024252
5.77,0.0005893771793717645,84.04863188079896,0,60,3.0,4,0.15408545601879917
5.775,0.0004257792353490551,83.63354520691325,0,60,3.0,4,0.1443187107509001
5.78,0.0003051686392901525,83.21463248261027,0,60,3.0,4,0.13446194076730048
5.785,0.00021699992642659966,82.79640007066425,0,60,3.0,4,0.12462117813327642
5.79,0.00015308884054097838,82.38302561301214,0,60,3.0,4,0.11489472030616793
5.795,0.00010714989329311098,81.97829773979932,0,60,3.0,4,0.1053717115246898
5.8,7.440535854020571e-05,81.58557012016932,0,60,3.0,4,0.09613106165104288
5.805,5.1260276743925106e-05,81.20773012323724,0,60,3.0,4,0.08724070878205271
5.81,3.503659887882241e-05,80.84718182348887,0,60,3.0,4,0.07875721937620864
5.815,2.375894748103639e-05,80.50584260541186,0,60,3.0,4,0.07072570836263192
5.82,1.5984413869232557e-05,80.18515221437653,0,60,3.0,4,0.06318005210297717
5.825,1.0669166579899869e-05,79.88609277648273,0,60,3.0,4,0.05614335944665239
5.83,7.06526633560511e-06,79.60921807587849,0,60,3.0,4,0.0496286606089056
5.835,4.641847214699205e-06,79.35469023543456,0,60,3.0,4,0.04363977024551907
5.84,3.025641074479182e-06,79.12232189244838,0,60,3.0,4,0.03817227982231489
5.845,1.9566278676921314e-06,78.91162198804986,0,60,3.0,4,0.03321463501293786
5.85,1.2553456560008793e-06,78.72184338679695,0,60,3.0,4,0.02874925615992819
5.855,7.990660428214668e-07,78.55203069891354,0,60,3.0,4,0.024753663503848014
5.86,5.046221251618276e-07,78.4010668777479,0,60,3.0,4,0.021201573594068095
5.865,3.1616527078858815e-07,78.2677173949188,0,60,3.0,4,0.018063938703971872
5.87,1.9652884407760343e-07,78.15067104128426,0,60,3.0,4,0.015309906853747179
5.875,1.2120002189836396e-07,78.04857665043636,0,60,3.0,4,0.012907685892620226
5.88,7.415549848886236e-08,77.96007528166045,0,60,3.0,4,0.010825300744951792
5.885,4.501406988770349e-08,77.88382762196936,0,60,3.0,4,0.009031238163984934
5.89,0.0,77.81853656491259,0,60,3.0,4,0.007494977997943325
5.895,0.0,77.76296509259281,0,60,3.0,4,0.006187413943360177
5.9,0.0,77.71594972407637,0,60,3.0,4,0.005081169978267459
5.905,0.0,77.6764098974902,0,60,3.0,4,0.004150821117416533
5.91,0.0,77.64335372555104,0,60,3.0,4,0.003373028836494996
5.915,0.0,77.61588060740796,0,60,3.0,4,0.0027266025272461
5.92,0.0,77.59318119681424,0,60,3.0,4,0.002192498748570415
5.925,0.0,77.5745352217389,0,60,3.0,4,0.001753769923268197
5.93,0.0,77.55930762785665,0,60,3.0,4,0.0013954735966271582
5.935,0.0,77.54694348223622,0,60,3.0,4,0.001104552523205083
5.94,0.0,77.53696202809876,0,60,3.0,4,0.0008696947787942623
5.945,0.0,77.52895023050213,0,60,3.0,4,0.0006811818941678345
5.95,0.0,77.52255609948452,0,60,3.0,4,0.0005307317525768988
5.955,0.0,77.5174820242859,0,60,3.0,4,0.0004113417479034604
5.96,0.0,77.51347830188524,0,60,3.0,4,0.0003171365149468971
5.965,0.0,77.51033699680363,0,60,3.0,4,0.00024322345420306889
5.97,0.0,77.50788622796446,0,60,3.0,4,0.00018555830504617596
5.975,0.0,77.50598494293993,0,60,3.0,4,0.00014082218682193236
5.98,0.0,77.50451821032726,0,60,3.0,4,0.00010631083122970107
5.985,0.0,77.50339303715964,0,60,3.0,4,7.983616846211268e-05
5.99,0.001684486749771458,77.50253469979884,0,60,3.0,4,5.963999526690767e-05
5.995,0.003097557930867117,77.50188356315793,0,60,3.0,4,4.431913312781516e-05
6.0,0.005475106668887023,77.5013923537419,0,60,3.0,4,3.276126451543646e-05
6.005,0.00930222931468658,77.501023846212,0,60,3.0,4,2.4090499105715722e-05
6.01,0.01519157517868857,77.50074892031576,0,60,3.0,4,1.7621654488413484e-05
6.015,0.023847336626128316,77.5005449444552,0,60,3.0,4,1.2822222475292353e-05
6.02,0.0359830743700859,77.50039444332097,0,60,3.0,4,9.281019316965873e-06
6.025,0.05218887796857759,77.50028400940215,0,60,3.0,5,6.682574168253803e-06
6.03,0.0727577001223134,77.5002034213682,0,60,3.0,5,4.786385134072107e-06
6.035,0.0974992498694751,77.50014493596511,0,60,3.0,5,3.410258002598793e-06
6.04,0.12558706050443358,77.50010272390129,0,60,3.0,5,2.417032971593739e-06
6.045,0.15549263588878245,77.50007242401301,0,60,3.0,5,1.704094423824726e-06
6.05,0.1850529723539114,77.50005079364838,0,60,3.0,5,1.1951446678642029e-06
6.055,0.21169159439317053,77.50003543659405,0,60,3.0,5,8.338022128635417e-07
6.06,0.23277292922115492,77.50002459293042,0,60,3.0,5,5.786571862512681e-07
6.065,0.24602692519491282,77.50001697791406,0,60,3.0,5,3.994803307705297e-07
6.07,0.24995056064839283,77.5000116593442,0,60,3.0,5,2.7433751049155786e-07
6.075,0.24408826520424054,77.50000796488771,0,60,3.0,5,1.874091226989763e-07
6.08,0.22911894216865275,77.5000054125377,0,60,3.0,5,1.2735382831445296e-07
6.085,0.20672661788705934,77.50000365879397,0,60,3.0,5,8.608926992458103e-08
6.09,0.17928878030241233,77.50000246031502,0,60,3.0,5,5.7889765096607495e-08
6.095,0.14946211903866036,77.50000164573241,0,60,3.0,5,3.8723115548076324e-08
6.1,0.1197651512573837,77.500001095074,0,60,3.0,5,2.5766447004785092e-08
6.105,0.09224675744988023,77.50000072484218,0,60,3.0,5,1.7055110139849337e-08
6.11,0.06829565320281596,77.50000047726456,0,60,3.0,5,1.1229754443989162e-08
6.115,0.04860224607515734,77.50000031260122,0,60,3.0,5,7.355322729969938e-09
6.12,0.03324612389699793,77.50000020367507,0,60,3.0,5,4.79235462294395e-09
6.125,0.021859876340472782,77.50000013200818,0,60,3.0,5,3.106074874428005e-09
6.13,0.01381595518554205,77.50000008510979,0,60,3.0,5,2.0025832809016505e-09
6.135,0.008394095110402422,77.50000005458509,0,60,3.0,5,1.284354980538517e-09
6.14,0.0049052535271608,77.50000003482444,0,60,3.0,5,8.193985516246518e-10
6.145,0.0027671663551903634,77.5000000221009,0,60,3.0,5,5.200213175104342e-10
6.15,0.0015425553464444616,77.50000001395249,0,60,3.0,5,3.2829381566176274e-10
6.155,0.0009638206637011801,77.50000000876211,0,60,3.0,5,2.0616740210457733e-10
6.16,0.0009804935156568228,77.50000000547372,0,60,3.0,5,1.2879347784345396e-10
6.165,0.0018793744894085216,77.50000000340151,0,60,3.0,5,8.003553375601768e-11
6.17,0.004535525206900863,77.5000000021027,0,60,3.0,5,4.9475174284238806e-11
6.175,0.010832767979632273,77.50000000129299,0,60,3.0,5,3.0423266520408696e-11
6.18,0.024208003392322392,77.50000000079092,0,60,3.0,5,1.86098665889243e-11
6.185,0.0500971897335304,77.50000000048126,0,60,3.0,5,1.1323877783177202e-11
6.19,0.09582894921774403,77.50000000029131,0,60,3.0,5,6.854313195457079e-12
6.195,0.16937896721820658,77.5000000001754,0,60,3.0,5,4.1271665823467845e-12
6.2,0.27661303008991756,77.50000000010506,0,60,3.0,5,2.4720199743409036e-12
6.205,0.4173782800009149,77.5000000000626,0,60,3.0,5,1.4729132945991723e-12
6.21,0.5818720934538056,77.5000000000371,0,60,3.0,5,8.730480390915867e-13
6.215,0.7494718801585675,77.50000000002187,0,60,3.0,5,5.146001272163737e-13
6.22,0.891813020752378,77.50000000001283,0,60,3.0,5,3.0193886606652727e-13
6.225,0.9800361632936612,77.50000000000749,0,60,3.0,5,1.7621459846850485e-13
6.23,0.993574479225126,77.50000000000435,0,60,3.0,5,1.0231815394945443e-13
6.235,0.9263438449375362,77.5000000000025,0,60,3.0,5,5.884965717354242e-14
6.24,0.7873015962290536,77.50000000000144,0,60,3.0,5,3.377167826436241e-14
6.245,0.5959516244629897,77.50000000000082,0,60,3.0,5,1.9393637023099206e-14
6.25,0.376910120078773,77.50000000000047,0,60,3.0,5,1.1034310720039203e-14
6.255,0.15739335672107918,77.50000000000027,0,60,3.0,5,6.353087990325602e-15
6.26,-0.033361226269301235,77.50000000000014,0,60,3.0,5,3.343730521224001e-15
6.265,-0.1680180840843834,77.50000000000009,0,60,3.0,5,2.0062383127344005e-15
6.27,-0.23069703190837854,77.50000000000004,0,60,3.0,5,1.0031191563672002e-15
6.275,-0.22587267821131068,77.50000000000003,0,60,3.0,5,6.687461042448002e-16
6.28,-0.17718181630665902,77.50000000000001,0,60,3.0,5,3.343730521224001e-16
6.285,-0.11494332516451301,77.5,0,60,3.0,5,0.0
6.29,-0.061810214049552864,77.5,0,60,3.0,5,0.0
6.295,-0.026546104631500547,77.5,0,60,3.0,5,0.0
6.3,-0.00719600351942686,77.5,0,60,3.0,5,0.0
6.305,0.0022072757983807078,77.5,0,60,3.0,5,0.0
6.31,0.006917199873730717,77.50000249060646,1,60,3.0,5,5.860250499769309e-08
6.315,0.01004859748264829,77.50000385734029,0,60,3.0,5,9.076094797552179e-08
6.32,0.013037082251128167,77.50000610730334,0,60,3.0,5,1.437012549425109e-07
6.325,0.01645163937690478,77.50000999976028,0,60,3.0,5,2.3528847718272813e-07
6.33,0.020526639934696615,77.50001711607312,0,60,3.0,5,4.027311323331078e-07
6.335,0.02539629541761738,77.5000308127143,0,60,3.0,5,7.250050423542288e-07
6.34,0.031171612185577933,77.50005823243188,0,60,3.0,5,1.3701748678292514e-06
6.345,0.03795853426638131,77.50011443699209,0,60,3.0,5,2.6926351080526407e-06
6.35,0.0458588961882057,77.50023065316174,0,60,3.0,5,5.427133217327697e-06
6.355,0.054966995891435555,77.50047021644501,0,60,3.0,5,1.106391635316333e-05
6.36,0.06536491004445595,77.5009583966,0,60,3.0,5,2.255050823524631e-05
6.365,0.07711726085088699,77.50193629964134,0,60,3.0,5,4.5559991561022426e-05
6.37,0.09026570629555215,77.50385483894526,0,60,3.0,5,9.07020928296146e-05
6.375,0.10482339848670268,77.50753250751332,0,60,3.0,5,0.0001772354709015979
6.38,0.12076968927580028,77.51440996954433,0,60,3.0,5,0.00033905810692544944
6.385,0.13804539501007884,77.52694391670826,0,60,3.0,5,0.0006339745107826435
6.39,0.15654895051787066,77.54918926053296,0,60,3.0,5,0.0011573943654813025
6.395,0.17613378141900526,77.5876176648087,0,60,3.0,5,0.0020615921131459745
6.4,0.19660720058055794,77.65220482613245,0,60,3.0,5,0.003581290026645815
6.405,0.21773108748496234,77.7577808422973,0,60,3.0,5,0.006065431583465732
6.41,0.23922453870058807,77.92557045679185,0,60,3.0,5,0.010013422512749311
6.415,0.2607685857914563,78.1847502601857,0,60,3.0,5,0.016111770827898695
6.42,0.2820129681603682,78.57372412531626,0,60,3.0,5,0.02526409706626496
6.425,0.30258482867153996,79.14068530680169,0,60,3.0,5,0.038604360160039666
6.43,0.3220990771751686,79.94292800606925,0,60,3.0,5,0.05748065896633534
6.435,0.3401700499968971,81.0443400664048,0,60,3.0,5,0.08339623685658352
6.44,0.3564239911198326,82.51060356247285,0,60,3.0,5,0.11789655441112593
6.445,0.3705118017738417,84.4018923138275,0,60,3.0,5,0.16239746620770595
6.45,0.3821214567925213,86.76329520888174,0,60,3.0,5,0.2179598872678057
6.455,0.39098947374066967,89.61377301640115,0,60,3.0,5,0.28502995332708597
6.46,0.3969108472035567,92.93507670582724,0,60,3.0,5,0.3631782754312292
6.465,0.3997469255491936,96.66256820647882,0,60,3.0,5,0.45088395779950174
6.47,0.3994308076379137,100.68011755916041,0,60,3.0,5,0.5454145308037743
6.475,0.3959699661768434,104.82105425803283,0,60,3.0,5,0.6428483354831255
6.48,0.38944595408114946,108.8764532668383,0,60,3.0,5,0.7382694886314893
6.485,0.38001120995358023,112.61088723201624,0,60,3.0,5,0.8261385231062645
6.49,0.3678831374098315,115.78436216317712,0,60,3.0,5,0.9008085214865205
6.495,0.35333577933796634,118.1777713622895,0,60,3.0,5,0.9571240320538708
6.5,0.33668953221163944,119.61819191512663,0,60,3.0,5,0.9910162803559207
6.505,0.3182994390982644,120.0,0,60,3.0,5,1.0
6.51,0.29854265738230645,119.29824545748835,0,60,3.0,5,0.9834881284114906
6.515,0.2778057157821067,117.5719546188641,0,60,3.0,5,0.9428695204438611
6.52,0.2564721553719815,114.95677661133668,0,60,3.0,5,0.8813359202667453
6.525,0.23491109433464996,111.64826619736436,0,60,3.0,5,0.8034886164085733
6.53,0.21346717185309805,107.87868369700878,0,60,3.0,5,0.7147925575766773
6.535,0.19245222055656455,103.89114672130673,0,60,3.0,5,0.6209681581483936
6.54,0.17213889801761392,99.91511507625712,0,60,3.0,5,0.5274144723825206
6.545,0.15275638501270183,96.14656082953842,0,60,3.0,5,0.4387426077538451
6.55,0.13448814019607322,92.73498319976926,0,60,3.0,5,0.3584701929357473
6.555,0.11747159495449566,89.77799372275705,0,60,3.0,5,0.2888939699472246
6.56,0.10179958433370105,87.32285486110474,0,60,3.0,5,0.23112599673187634
6.565,0.08752324394101413,85.37336529966561,0,60,3.0,5,0.185255654109779
6.57,0.07465606047174059,83.89998207819981,0,60,3.0,5,0.15058781360470147
6.575,0.0631787448609295,82.8510525309259,0,60,3.0,5,0.125907118374727
6.58,0.05304460019959574,82.16338984647568,0,60,3.0,5,0.10972681991707485
6.585,0.044185078305849994,81.7710004035094,0,60,3.0,5,0.10049412714139776
6.59,0.03651525513023255,81.61139076399436,0,60,3.0,5,0.0967386062116321
6.595,0.0299390014708757,81.62941598109197,0,60,3.0,5,0.0971627289668698
6.6,0.024353677220580638,81.7790040818856,0,60,3.0,5,0.1006824489855436
6.605,0.01965423034339045,82.02328621441396,0,60,3.0,5,0.1064302638685637
6.61,0.015736632374757337,82.33370255304422,0,60,3.0,5,0.1137341777186875
6.615,0.012500627640593535,82.68858789463043,0,60,3.0,5,0.12208442105012778
6.62,0.009851811652115898,83.07161944197627,0,60,3.0,5,0.13109692804650042
6.625,0.007703084175428559,83.47037548139828,0,60,3.0,5,0.1404794230917242
6.63,0.005975544002062424,83.87513591955003,0,60,3.0,5,0.1500031981070596
6.635,0.004598905818663047,84.27796761085855,0,60,3.0,5,0.15948159084373068
6.64,0.0035115256454839104,84.67208126420148,0,60,3.0,5,0.16875485327532896
6.645,0.002660121266303676,85.05141767098016,0,60,3.0,5,0.17768041578776841
6.65,0.0019992692560877024,85.41041137477472,0,60,3.0,5,0.18612732646528765
6.655,0.0014907520044639367,85.74388204533,0,60,3.0,5,0.1939736951842352
6.66,0.0011028178277539807,86.0470116192692,0,60,3.0,5,0.20110615574751056
6.665,0.0008094059938923333,86.31537463568876,0,60,3.0,5,0.20742057966326483
6.67,0.0005893771793717645,86.54499785256412,0,60,3.0,5,0.21282347888386172
6.675,0.0004257792353490551,86.73243223546459,0,60,3.0,5,0.21723369965799025
6.68,0.0003051686392901525,86.87482563242001,0,60,3.0,5,0.2205841325275297
6.685,0.00021699992642659966,86.96998815607745,0,60,3.0,5,0.22282325073123407
6.69,0.00015308884054097838,87.01644488029292,0,60,3.0,5,0.22391635012453937
6.695,0.00010714989329311098,87.01347229325384,0,60,3.0,5,0.22384640690009036
6.7,7.440535854020571e-05,86.96111631870204,0,60,3.0,5,0.22261450161651858
6.705,5.1260276743925106e-05,86.86019081224607,0,60,3.0,5,0.22023978381755469
6.71,3.503659887882241e-05,86.7122563730027,0,60,3.0,5,0.21675897348241652
6.715,2.375894748103639e-05,86.51958013614413,0,60,3.0,5,0.21222541496809713
6.72,1.5984413869232557e-05,86.28507794654647,0,60,3.0,5,0.2067077163893286
6.725,1.0669166579899869e-05,86.01224095394758,0,60,3.0,5,0.20028802244582547
6.73,7.06526633560511e-06,85.7050492026738,0,60,3.0,5,0.19305998123938367
6.735,4.641847214699205e-06,85.36787519896696,0,60,3.0,5,0.18512647526981074
6.74,3.025641074479182e-06,85.00538071378118,0,60,3.0,5,0.1765971932654395
6.745,1.9566278676921314e-06,84.6224102114667,0,60,3.0,5,0.1675861226227459
6.75,1.2553456560008793e-06,84.22388428441178,0,60,3.0,5,0.15820904198615957
6.755,7.990660428214668e-07,83.81469632673434,0,60,3.0,5,0.14858109004080788
6.76,5.046221251618276e-07,83.39961540923211,0,60,3.0,5,0.13881448021722617
6.765,3.1616527078858815e-07,82.98319794133803,0,60,3.0,5,0.1290164221491302
6.77,1.9652884407760343e-07,82.5697102464525,0,60,3.0,5,0.11928729991652945
6.775,1.2120002189836396e-07,82.16306366028918,0,60,3.0,5,0.10971914494798077
6.78,7.415549848886236e-08,81.76676321464303,0,60,3.0,5,0.10039442857983612
6.785,4.501406988770349e-08,81.3838704178972,0,60,3.0,5,0.09138518630346351
6.79,0.0,81.01698011357695,0,60,3.0,5,0.08275247326063409
6.795,0.0,80.66821091136433,0,60,3.0,5,0.07454613909092533
6.8,0.0,80.33920825933811,0,60,3.0,5,0.06680490021972017
6.805,0.0,80.03115887537963,0,60,3.0,5,0.059556679420697214
6.81,0.0,79.74481498835964,0,60,3.0,5,0.052819176196697314
6.815,0.0,79.48052665965687,0,60,3.0,5,0.0466006272860441
6.82,0.0,79.23828036186586,0,60,3.0,5,0.0409007143968438
6.825,0.0,79.01774197921334,0,60,3.0,5,0.03571157598149037
6.83,0.0,78.8183024547782,0,60,3.0,5,0.03101888128889895
6.835,0.0,78.6391244320625,0,60,3.0,5,0.02680292781323534
6.84,0.0,78.47918841005006,0,60,3.0,5,0.023039727295295454
6.845,0.0,78.3373371380437,0,60,3.0,5,0.019702050306910437
6.85,0.0,78.21231720572483,0,60,3.0,5,0.016760404840584227
6.855,0.0,78.10281702217611,0,60,3.0,5,0.014183929933555566
6.86,0.0,78.00750061349781,0,60,3.0,5,0.011941190905830849
6.865,0.0,77.92503689230902,0,60,3.0,5,0.010000868054329965
6.87,0.0,77.85412425603842,0,60,3.0,5,0.008332335436198064
6.875,0.0,77.79351054877074,0,60,3.0,5,0.006906130559311537
6.88,0.0,77.74200856992353,0,60,3.0,5,0.005694319292318288
6.885,0.0,77.69850743053568,0,60,3.0,5,0.004670763071427874
6.89,0.0,77.66198014454383,0,60,3.0,5,0.003811297518678416
6.895,0.0,77.63148789963498,0,60,3.0,5,0.0030938329325876754
6.9,0.0,77.60618148274689,0,60,3.0,5,0.0024983878293386064
6.905,0.0,77.58530034248456,0,60,3.0,5,0.0020070668819896047
6.91,0.0,77.56816975854922,0,60,3.0,5,0.0016039943188051143
6.915,0.0,77.55419656084052,0,60,3.0,5,0.0012752131962476116
6.92,0.0,77.542863802236,0,60,3.0,5,0.0010085600526117426
6.925,0.0,77.53372474296843,0,60,3.0,5,0.0007935233639630844
6.93,0.0,77.52639645440267,0,60,3.0,5,0.0006210930447687535
6.935,0.0,77.52055329875957,0,60,3.0,5,0.0004836070296368475
6.94,0.0,77.51592049130771,0,60,3.0,5,0.00037459979547553997
6.945,0.0,77.5122679045549,0,60,3.0,5,0.0002886565777624342
6.95,0.0,77.50940423131003,0,60,3.0,5,0.00022127603082420887
6.955,0.0,77.50717158596277,0,60,3.0,5,0.0001687431991239036
6.96,0.0,77.50544059134097,0,60,3.0,5,0.00012801391390519925
6.965,0.0,77.50410597211048,0,60,3.0,5,9.661110848188561e-05
6.97,0.0,77.50308265466796,0,60,3.0,5,7.253305101090411e-05
6.975,0.0,77.50230235743923,0,60,3.0,5,5.4173116217270946e-05
6.98,0.0,77.50171064389794,0,60,3.0,5,4.025044465733759e-05
6.985,0.0,77.50126440285658,0,60,3.0,5,2.9750655448879117e-05
6.99,0.0,77.50092971602302,0,60,3.0,5,2.1875671129959407e-05
6.995,0.0,77.50068007084202,0,60,3.0,5,1.6001666871127728e-05
7.0,0.0,77.5004948766761,0,60,3.0,5,1.1644157084714715e-05
7.005,0.0,77.50035824390325,0,60,3.0,5,8.429268311762345e-06
7.01,0.0,77.50025798806918,0,60,3.0,5,6.070307510111995e-06
7.015,0.0,77.50018482445232,0,60,3.0,5,4.348810642795798e-06
7.02,0.0,77.50013172197245,0,60,3.0,5,3.0993405282649347e-06
7.025,0.0,77.50009338906223,0,60,3.0,5,2.1973896995110835e-06
7.03,0.0,77.50006586774495,0,60,3.0,5,1.5498292929591758e-06
7.035,0.0,77.50004621559701,0,60,3.0,5,1.0874258119950836e-06
7.04,0.0,77.5000322584378,0,60,3.0,5,7.590220658424669e-07
7.045,0.0,77.5000223994362,0,60,3.0,5,5.270455577534877e-07
7.05,0.0,77.50001547283287,0,60,3.0,5,3.6406665578718223e-07
7.055,0.001684486749771458,77.50001063265135,0,60,3.0,5,2.5018003183878834e-07
7.06,0.003097557930867117,77.50000726862568,0,60,3.0,5,1.7102648658852988e-07
7.065,0.005475106668887023,77.50000494312994,0,60,3.0,5,1.1630893970290987e-07
7.07,0.00930222931468658,77.50000334418844,0,60,3.0,5,7.86867868849667e-08
7.075,0.01519157517868857,77.50000225070433,0,60,3.0,5,5.2957748868506956e-08
7.08,0.023847336626128316,77.50000150690246,0,60,3.0,5,3.545652856808053e-08
7.085,0.0359830743700859,77.50000100366974,0,60,3.0,5,2.3615758530414656e-08
7.09,0.05218887796857759,77.50000066502123,0,60,3.0,5,1.564755841761379e-08
7.095,0.0727577001223134,77.50000043834815,0,60,3.0,5,1.0314074175125022e-08
7.1,0.0974992498694751,77.50000028743645,0,60,3.0,5,6.763210582421915e-09
7.105,0.12558706050443358,77.50000018750096,0,60,3.0,5,4.411787264924736e-09
7.11,0.15549263588878245,77.50000012167578,0,60,3.0,5,2.8629595844369546e-09
7.115,0.1850529723539114,77.50000007854956,0,60,3.0,5,1.8482249769851263e-09
7.12,0.21169159439317053,77.5000000504455,0,60,3.0,5,1.1869527792013661e-09
7.125,0.23277292922115492,77.5000000322285,0,60,3.0,5,7.583176230742965e-10
7.13,0.24602692519491282,77.50000002048314,0,60,3.0,5,4.819562892568202e-10
7.135,0.24995056064839283,77.50000001295066,0,60,3.0,5,3.047215186062899e-10
7.14,0.24408826520424054,77.50000000814568,0,60,3.0,5,1.9166296784961186e-10
7.145,0.22911894216865275,77.50000000509684,0,60,3.0,5,1.1992557012811578e-10
7.15,0.20672661788705934,77.50000000317259,0,60,3.0,5,7.464911825937794e-11
7.155,0.17928878030241233,77.50000000196455,0,60,3.0,5,4.622473384455696e-11
7.16,0.14946211903866036,77.5000000012102,0,60,3.0,5,2.847520911874359e-11
7.165,0.1197651512573837,77.50000000074162,0,60,3.0,5,1.7449926471111694e-11
7.17,0.09224675744988023,77.50000000045212,0,60,3.0,5,1.063807865327416e-11
7.175,0.06829565320281596,77.5000000002742,0,60,3.0,5,6.45172804070171e-12
7.18,0.04860224607515734,77.50000000016543,0,60,3.0,5,3.892436699756859e-12
7.185,0.03324612389699793,77.50000000009929,0,60,3.0,5,2.3362645151792095e-12
7.19,0.021859876340472782,77.50000000005929,0,60,3.0,5,1.3950043734546533e-12
7.195,0.01381595518554205,77.50000000003521,0,60,3.0,5,8.285764231593074e-13
7.2,0.008394095110402422,77.5000000000208,0,60,3.0,5,4.895221483071937e-13
7.205,0.0049052535271608,77.50000000001224,0,60,3.0,5,2.8789519787738646e-13
7.21,0.0027671663551903634,77.50000000000715,0,60,3.0,5,1.6818964521756725e-13
7.215,0.0015425553464444616,77.50000000000416,0,60,3.0,5,9.797130427186323e-14
7.22,0.0009638206637011801,77.5000000000024,0,60,3.0,5,5.6509045808685616e-14
7.225,0.0009804935156568228,77.50000000000138,0,60,3.0,5,3.243418605587281e-14
7.23,0.0018793744894085216,77.5000000000008,0,60,3.0,6,1.8724890918854405e-14
7.235,0.004535525206900863,77.50000000000045,0,60,3.0,6,1.0699937667916803e-14
7.24,0.010832767979632273,77.50000000000026,0,60,3.0,6,6.0187149382032015e-15
7.245,0.024208003392322392,77.50000000000014,0,60,3.0,6,3.343730521224001e-15
7.25,0.0500971897335304,77.50000000000009,0,60,3.0,6,2.0062383127344005e-15
7.255,0.09582894921774403,77.50000000000004,0,60,3.0,6,1.0031191563672002e-15
7.26,0.16937896721820658,77.50000000000003,0,60,3.0,6,6.687461042448002e-16
7.265,0.27661303008991756,77.50000000000001,0,60,3.0,6,3.343730521224001e-16
7.27,0.4173782800009149,77.5,0,60,3.0,6,0.0
7.275,0.5818720934538056,77.5,0,60,3.0,6,0.0
7.28,0.7494718801585675,77.5,0,60,3.0,6,0.0
7.285,0.891813020752378,77.5,0,60,3.0,6,0.0
7.29,0.9800361632936612,77.5,0,60,3.0,6,0.0
7.295,0.993574479225126,77.50000249139023,1,60,3.0,6,5.8620946674636797e-08
7.3,0.9263438449375362,77.50000376052796,0,60,3.0,6,8.848301082680872e-08
7.305,0.7873015962290536,77.50000578513924,0,60,3.0,6,1.3612092322332234e-07
7.31,0.5959516244629897,77.5000091579802,0,60,3.0,6,2.154818870996464e-07
7.315,0.376910120078773,77.50001505836897,0,60,3.0,6,3.543145640726246e-07
7.32,0.15739335672107918,77.50002587869582,0,60,3.0,6,6.089104899461638e-07
7.325,-0.033361226269301235,77.50004649699626,0,60,3.0,6,1.0940469708737725e-06
7.33,-0.1680180840843834,77.50008680317602,0,60,3.0,6,2.0424276710052845e-06
7.335,-0.23069703190837854,77.50016658731606,0,60,3.0,6,3.919701554329603e-06
7.34,-0.22587267821131068,77.50032474291724,0,60,3.0,6,7.641009817488714e-06
7.345,-0.17718181630665902,77.50063610135163,0,60,3.0,6,1.4967090626615734e-05
7.35,-0.11494332516451301,77.50124131258302,0,60,3.0,6,2.9207354894571623e-05
7.355,-0.061810214049552864,77.50239824825009,0,60,3.0,6,5.642937059031497e-05
7.36,-0.026546104631500547,77.50456759257776,0,60,3.0,6,0.00010747276653546577
7.365,-0.00719600351942686,77.50855058142282,0,60,3.0,6,0.0002011901511252745
7.37,0.0022072757983807078,77.51570284384508,0,60,3.0,6,0.00036947867870768436
7.375,0.006917199873730717,77.52825395493905,0,60,3.0,6,0.0006647989397422675
7.38,0.01004859748264829,77.54976569421956,0,60,3.0,6,0.0011709575110484473
7.385,0.013037082251128167,77.5857601339296,0,60,3.0,6,0.002017885504225807
7.39,0.01645163937690478,77.64453758522743,0,60,3.0,6,0.0034008843582923605
7.395,0.020526639934696615,77.73817965091258,0,60,3.0,6,0.005604227080296114
7.4,0.02539629541761738,77.88369031720576,0,60,3.0,6,0.009028007463664982
7.405,0.031171612185577933,78.10416663980739,0,60,3.0,6,0.014215685642526791
7.41,0.03795853426638131,78.42981313776151,0,60,3.0,6,0.021877956182623847
7.415,0.0458588961882057,78.89853018034714,0,60,3.0,6,0.03290659247875617
7.42,0.054966995891435555,79.55573409317718,0,60,3.0,6,0.048370213957110095
7.425,0.06536491004445595,80.45303044725968,0,60,3.0,6,0.06948306934728654
7.43,0.07711726085088699,81.64539097427853,0,60,3.0,6,0.09753861115949476
7.435,0.09026570629555215,83.18660494373995,0,60,3.0,6,0.13380246926446943
7.44,0.10482339848670268,85.12300174645496,0,60,3.0,6,0.17936474697541083
7.445,0.12076968927580028,87.48576495824913,0,60,3.0,6,0.23495917548821493
7.45,0.13804539501007884,90.28254200263947,0,60,3.0,6,0.30076569417975235
7.455,0.15654895051787066,93.48942975254927,0,60,3.0,6,0.37622187653057104
7.46,0.17613378141900526,97.04469433904943,0,60,3.0,6,0.4598751609188101
7.465,0.19660720058055794,100.84566747931606,0,60,3.0,6,0.5493098230427309
7.47,0.21773108748496234,104.75007651205806,0,60,3.0,6,0.6411782708719543
7.475,0.23922453870058807,108.58258275619238,0,60,3.0,6,0.7313548883809972
7.48,0.2607685857914563,112.14656143441806,0,60,3.0,6,0.8152132102216014
7.485,0.2820129681603682,115.24026680811104,0,60,3.0,6,0.888006277837907
7.49,0.30258482867153996,117.67565593817305,0,60,3.0,6,0.9453095514864247
7.495,0.3220990771751686,119.29748398220576,0,60,3.0,6,0.983470211346018
7.5,0.3401700499968971,120.0,0,60,3.0,6,1.0
7.505,0.3564239911198326,119.7387621706832,0,60,3.0,6,0.9938532275454871
7.51,0.3705118017738417,118.53575115235756,0,60,3.0,6,0.965547085937825
7.515,0.3821214567925213,116.47697822420253,0,60,3.0,6,0.9171053699812359
7.52,0.39098947374066967,113.70296361884692,0,60,3.0,6,0.8518344380905158
7.525,0.3969108472035567,110.393563775345,0,60,3.0,6,0.773966206478706
7.53,0.3997469255491936,106.74943620103264,0,60,3.0,6,0.6882220282595914
7.535,0.3994308076379137,102.97279990086051,0,60,3.0,6,0.5993599976673061
7.54,0.3959699661768434,99.25003347332596,0,60,3.0,6,0.5117654934900225
7.545,0.38944595408114946,95.7381145482657,0,60,3.0,6,0.42913210701801646
7.55,0.38001120995358023,92.55608938589815,0,60,3.0,6,0.35426092672701526
7.555,0.3678831374098315,89.7818575440192,0,60,3.0,6,0.28898488338868716
7.56,0.35333577933796634,87.453744354679,0,60,3.0,6,0.23420574952185888
7.565,0.33668953221163944,85.57574792628522,0,60,3.0,6,0.19001759826553452
7.57,0.3182994390982644,84.12505302927431,0,60,3.0,6,0.15588360068880736
7.575,0.29854265738230645,83.0603961912281,0,60,3.0,6,0.1308328515583081
7.58,0.2778057157821067,82.3300836902668,0,60,3.0,6,0.11364902800627774
7.585,0.2564721553719815,81.87881559630338,0,60,3.0,6,0.10303095520713842
7.59,0.23491109433464996,81.6528595246467,0,60,3.0,6,0.09771434175639296
7.595,0.21346717185309805,81.60346956710463,0,60,3.0,6,0.09655222510834412
7.6,0.19245222055656455,81.68871007401282,0,60,3.0,6,0.09855788409441923
7.605,0.17213889801761392,81.8740024653264,0,60,3.0,6,0.1029177050665035
7.61,0.15275638501270183,82.13177315412165,0,60,3.0,6,0.10898289774403873
7.615,0.13448814019607322,82.44056487187486,0,60,3.0,6,0.11624858522058483
7.62,0.11747159495449566,82.78391106045508,0,60,3.0,6,0.12432731906953136
7.625,0.10179958433370105,83.14919058750824,0,60,3.0,6,0.13292213147078222
7.63,0.08752324394101413,83.52659842945575,0,60,3.0,6,0.141802315987194
7.635,0.07465606047174059,83.90829969926973,0,60,3.0,6,0.15078352233575842
7.64,0.0631787448609295,84.28778471462469,0,60,3.0,6,0.159712581520581
7.645,0.05304460019959574,84.6594115909344,0,60,3.0,6,0.16845674331610347
7.65,0.044185078305849994,85.01810688863257,0,60,3.0,6,0.17689663267370762
7.655,0.03651525513023255,85.35918976400232,0,60,3.0,6,0.1849221120941723
7.66,0.0299390014708757,85.67828664677916,0,60,3.0,6,0.1924302740418625
7.665,0.024353677220580638,85.97130833376747,0,60,3.0,6,0.19932490197099922
7.67,0.01965423034339045,86.23446725046394,0,60,3.0,6,0.20551687648150438
7.675,0.015736632374757337,86.46431816357024,0,60,3.0,6,0.21092513326047624
7.68,0.012500627640593535,86.6578102252437,0,60,3.0,6,0.2154778876527928
7.685,0.009851811652115898,86.81234176074898,0,60,3.0,6,0.2191139237823289
7.69,0.007703084175428559,86.92581178965028,0,60,3.0,6,0.22178380681530077
7.695,0.005975544002062424,86.99666410829799,0,60,3.0,6,0.22345092019524687
7.7,0.004598905818663047,87.02392107591099,0,60,3.0,6,0.22409226060967039
7.705,0.0035115256454839104,87.00720521894391,0,60,3.0,6,0.22369894632809198
7.71,0.002660121266303676,86.94674752968146,0,60,3.0,6,0.22227641246309318
7.715,0.0019992692560877024,86.84338196946146,0,60,3.0,6,0.21984428163438732
7.72,0.0014907520044639367,86.6985262420936,0,60,3.0,6,0.2164359115786731
7.725,0.0011028178277539807,86.51414940052827,0,60,3.0,6,0.2120976329536063
7.73,0.0008094059938923333,86.2927272948836,0,60,3.0,6,0.2068877010560848
7.735,0.0005893771793717645,86.03718725870674,0,60,3.0,6,0.20087499432251146
7.74,0.0004257792353490551,85.75084375499246,0,60,3.0,6,0.19413750011746964
7.745,0.0003051686392901525,85.43732695560648,0,60,3.0,6,0.18676063424956424
7.75,0.00021699992642659966,85.10050640050792,0,60,3.0,6,0.17883544471783352
7.755,0.00015308884054097838,84.74441197249001,0,60,3.0,6,0.17045675229388266
7.76,0.00010714989329311098,84.37315442842772,0,60,3.0,6,0.16172128066888763
7.765,7.440535854020571e-05,83.990847652195,0,60,3.0,6,0.1527258271104706
7.77,5.1260276743925106e-05,83.60153464388802,0,60,3.0,6,0.14356552103265918
7.775,3.503659887882241e-05,83.20911904419712,0,60,3.0,6,0.1343322128046382
7.78,2.375894748103639e-05,82.81730372360528,0,60,3.0,6,0.12511302879071243
7.785,1.5984413869232557e-05,82.42953765722115,0,60,3.0,6,0.11598912134637993
7.79,1.0669166579899869e-05,82.04897197215526,0,60,3.0,6,0.10703463463894723
7.795,7.06526633560511e-06,81.67842571032831,0,60,3.0,6,0.09831589906654853
7.8,4.641847214699205e-06,81.32036150986512,0,60,3.0,6,0.08989085905564995
7.805,3.025641074479182e-06,80.9768710860047,0,60,3.0,6,0.08180873143540486
7.81,1.9566278676921314e-06,80.64967009924027,0,60,3.0,6,0.0741098846880063
7.815,1.2553456560008793e-06,80.34010174352517,0,60,3.0,6,0.06682592337706277
7.82,7.990660428214668e-07,80.0491481777292,0,60,3.0,6,0.059979957123039856
7.825,5.046221251618276e-07,79.77744876342132,0,60,3.0,6,0.053587029727560444
7.83,3.1616527078858815e-07,79.52532396325225,0,60,3.0,6,0.047654681488288185
7.835,1.9652884407760343e-07,79.29280369606559,0,60,3.0,6,0.042183616378013884
7.84,1.2120002189836396e-07,79.07965893459514,0,60,3.0,6,0.037168445519885754
7.845,7.415549848886236e-08,78.88543536461921,0,60,3.0,6,0.03259847916751088
7.85,4.501406988770349e-08,78.7094879947671,0,60,3.0,6,0.028458541053343573
7.855,0.0,78.55101570687602,0,60,3.0,6,0.024729781338259177
7.86,0.0,78.40909486042811,0,60,3.0,6,0.02139046730419088
7.865,0.0,78.28271120360175,0,60,3.0,6,0.01841673420239411
7.87,0.0,78.1707894905581,0,60,3.0,6,0.01578328213077899
7.875,0.0,78.07222035303835,0,60,3.0,6,0.013464008306784628
7.88,0.0,77.98588411827141,0,60,3.0,6,0.011432567488739163
7.885,0.0,77.91067139967868,0,60,3.0,6,0.009662856463027685
7.89,0.0,77.84550040808058,0,60,3.0,6,0.008129421366601932
7.895,0.0,77.78933103634455,0,60,3.0,6,0.006807789090459986
7.9,0.0,77.74117585802009,0,60,3.0,6,0.005674726071060831
7.905,0.0,77.70010824983648,0,60,3.0,6,0.004708429407917065
7.91,0.0,77.6652678992138,0,60,3.0,6,0.003888656452089462
7.915,0.0,77.63586399210544,0,60,3.0,6,0.003196799814245691
7.92,0.0,77.61117639506554,0,60,3.0,6,0.0026159151780127425
7.925,0.0,77.59055515033116,0,60,3.0,6,0.0021307094195566045
7.93,0.0,77.57341859609244,0,60,3.0,6,0.0017274963786455962
7.935,0.0,77.55925040826212,0,60,3.0,6,0.001394127253226262
7.94,0.0,77.54759583719981,0,60,3.0,6,0.0011199020517601772
7.945,0.0,77.53805738513302,0,60,3.0,6,0.0008954678854827174
7.95,0.0,77.53029013938476,0,60,3.0,6,0.0007127091619943659
7.955,0.0,77.52399694466563,0,60,3.0,6,0.0005646339921323782
7.96,0.0,77.51892356603511,0,60,3.0,6,0.0004452603772967771
7.965,0.0,77.51485396381696,0,60,3.0,6,0.0003495050309873156
7.97,0.0,77.51160577361915,0,60,3.0,6,0.000273077026332992
7.975,0.0,77.50902605925005,0,60,3.0,6,0.00021237786470698988
7.98,0.0,77.50698738409156,0,60,3.0,6,0.00016440903744844893
7.985,0.0,77.50538422754116,0,60,3.0,6,0.00012668770685074967
7.99,0.0,77.50412975744989,0,60,3.0,6,9.717076352678626e-05
7.995,0.0,77.5031529569217,0,60,3.0,6,7.418722168695774e-05
8.0,0.0,77.50239609415969,0,60,3.0,6,5.637868611041299e-05
8.005,0.0,77.50181251694646,0,60,3.0,6,4.264745756372309e-05
8.01,0.0,77.50136474849062,0,60,3.0,6,3.211172919096123e-05
8.015,0.0,77.50102285841216,0,60,3.0,6,2.40672567566194e-05
8.02,0.0,77.50076308123074,0,60,3.0,6,1.7954852488093607e-05
8.025,0.0,77.50056665454103,0,60,3.0,6,1.333304802428489e-05
8.03,0.0,77.50041884981417,0,60,3.0,6,9.85528974511266e-06
8.035,0.0,77.50030817019447,0,60,3.0,6,7.251063399347485e-06
8.04,0.0,77.50022569154495,0,60,3.0,6,5.310389293058774e-06
8.045,0.0,77.50016452515105,0,60,3.0,6,3.871180024696193e-06
8.05,0.0,77.50011938277196,0,60,3.0,6,2.809006398967326e-06
8.055,0.0,77.50008622701871,0,60,3.0,6,2.0288710285352436e-06
8.06,0.0,77.50006199225503,0,60,3.0,6,1.458641294755794e-06
8.065,0.0,77.50004436330062,0,60,3.0,6,1.0438423674606704e-06
8.07,0.0,77.50003160113035,0,60,3.0,6,7.435560081269025e-07
8.075,0.0,77.5000224064852,0,60,3.0,6,5.272114164841589e-07
8.08,0.0,77.50001581383513,0,60,3.0,6,3.720902384429792e-07
8.085,0.0,77.50001110946202,0,60,3.0,6,2.613991064074927e-07
8.09,0.0,77.50000776857213,0,60,3.0,6,1.8278993252351938e-07
8.095,0.0,77.50000540731573,0,60,3.0,6,1.2723095825522785e-07
8.1,0.001684486749771458,77.50000374640398,0,60,3.0,6,8.815068179715394e-08
8.105,0.003097557930867117,77.50000258368661,0,60,3.0,6,6.079262608610032e-08
8.11,0.005475106668887023,77.50000177360708,0,60,3.0,6,4.1731931332833484e-08
8.115,0.00930222931468658,77.50000121190156,0,60,3.0,6,2.851533087564081e-08
8.12,0.01519157517868857,77.50000082427026,0,60,3.0,6,1.939459433314743e-08
8.125,0.023847336626128316,77.50000055803864,0,60,3.0,6,1.313032084106132e-08
8.13,0.0359830743700859,77.5000003760549,0,60,3.0,6,8.848350569892586e-09
8.135,0.05218887796857759,77.50000025224966,0,60,3.0,6,5.935286186714246e-09
8.14,0.0727577001223134,77.50000016842334,0,60,3.0,6,3.962902142388082e-09
8.145,0.0974992498694751,77.50000011193511,0,60,3.0,6,2.6337672539632287e-09
8.15,0.12558706050443358,77.5000000740496,0,60,3.0,6,1.7423434094192035e-09
8.155,0.15549263588878245,77.50000004876087,0,60,3.0,6,1.1473145257375161e-09
8.16,0.1850529723539114,77.50000003196043,0,60,3.0,6,7.520100098190596e-10
8.165,0.21169159439317053,77.50000002085191,0,60,3.0,6,4.906332699593965e-10
8.17,0.23277292922115492,77.50000001354165,0,60,3.0,6,3.1862709072490415e-10
8.175,0.24602692519491282,77.50000000875366,0,60,3.0,6,2.059684501385645e-10
8.18,0.24995056064839283,77.50000000563249,0,60,3.0,6,1.325290935817654e-10
8.185,0.24408826520424054,77.50000000360747,0,60,3.0,6,8.488160240042763e-11
8.19,0.22911894216865275,77.50000000229984,0,60,3.0,6,5.4113931636332864e-11
8.195,0.20672661788705934,77.50000000145944,0,60,3.0,6,3.433977807991837e-11
8.2,0.17928878030241233,77.50000000092186,0,60,3.0,6,2.1690779891180092e-11
8.205,0.14946211903866036,77.50000000057962,0,60,3.0,6,1.3638073676916333e-11
8.21,0.1197651512573837,77.50000000036275,0,60,3.0,6,8.535206528476385e-12
8.215,0.09224675744988023,77.50000000022598,0,60,3.0,6,5.3172002748504065e-12
8.22,0.06829565320281596,77.50000000014012,0,60,3.0,6,3.296918293926865e-12
8.225,0.04860224607515734,77.50000000008649,0,60,3.0,6,2.0349943952169268e-12
8.23,0.03324612389699793,77.50000000005313,0,60,3.0,6,1.2502208418856538e-12
8.235,0.021859876340472782,77.5000000000325,0,60,3.0,6,7.64711170203929e-13
8.24,0.01381595518554205,77.50000000001978,0,60,3.0,6,4.654472885543809e-13
8.245,0.008394095110402422,77.50000000001198,0,60,3.0,6,2.818764829391833e-13
8.25,0.0049052535271608,77.50000000000723,0,60,3.0,6,1.7019588353030165e-13
8.255,0.0027671663551903634,77.50000000000433,0,60,3.0,6,1.0198378089733203e-13
8.26,0.0015425553464444616,77.50000000000259,0,60,3.0,6,6.085589548627681e-14
8.265,0.0009638206637011801,77.50000000000153,0,60,3.0,6,3.611228962921921e-14
8.27,0.0009804935156568228,77.50000000000091,0,60,3.0,6,2.1399875335833605e-14
8.275,0.0018793744894085216,77.50000000000054,0,60,3.0,6,1.2706175980651204e-14
8.28,0.004535525206900863,77.50000000000031,0,60,3.0,6,7.356207146692803e-15
8.285,0.010832767979632273,77.50000000000018,0,60,3.0,6,4.3468496775912015e-15
8.29,0.024208003392322392,77.5000000000001,0,60,3.0,6,2.3406113648568006e-15
8.295,0.0500971897335304,77.50000000000006,0,60,3.0,6,1.3374922084896003e-15
8.3,0.09582894921774403,77.50000000000003,0,60,3.0,6,6.687461042448002e-16
8.305,0.16937896721820658,77.50000000000001,0,60,3.0,6,3.343730521224001e-16
8.31,0.27661303008991756,77.50000000000001,0,60,3.0,6,3.343730521224001e-16
8.315,0.4173782800009149,77.5,0,60,3.0,6,0.0
8.32,0.5818720934538056,77.5,0,60,3.0,6,0.0
8.325,0.7494718801585675,77.5,0,60,3.0,6,0.0
8.33,0.891813020752378,77.5,0,60,3.0,6,0.0
8.335,0.9800361632936612,77.5,0,60,3.0,6,0.0
8.34,0.993574479225126,77.50000249379623,1,60,3.0,6,5.8677558372972485e-08
8.345,0.9263438449375362,77.50000374914603,0,60,3.0,6,8.821520074942621e-08
8.35,0.7873015962290536,77.50000574205839,0,60,3.0,6,1.3510725626902592e-07
8.355,0.5959516244629897,77.50000904290425,0,60,3.0,6,2.1277421771682224e-07
8.36,0.376910120078773,77.50001477842311,0,60,3.0,6,3.477276025290955e-07
8.365,0.15739335672107918,77.50002521824138,0,60,3.0,6,5.93370385318207e-07
8.37,-0.033361226269301235,77.50004495906866,0,60,3.0,6,1.0578604390582981e-06
8.375,-0.1680180840843834,77.5000832626602,0,60,3.0,6,1.9591214164152276e-06
8.38,-0.23069703190837854,77.50015855775519,0,60,3.0,6,3.730770710235982e-06
8.385,-0.22587267821131068,77.50030687962926,0,60,3.0,6,7.220697159147997e-06
8.39,-0.17718181630665902,77.50059725115638,0,60,3.0,6,1.4052968385372237e-05
8.395,-0.11494332516451301,77.50115890175013,0,60,3.0,6,2.726827647366543e-05
8.4,-0.061810214049552864,77.502227982956,0,60,3.0,6,5.242312837648409e-05
8.405,-0.026546104631500547,77.50422523134473,0,60,3.0,6,9.941720811137683e-05
8.41,-0.00719600351942686,77.50788085207563,0,60,3.0,6,0.00018543181354422868
8.415,0.0022072757983807078,77.51442842473308,0,60,3.0,6,0.0003394923466607773
8.42,0.006917199873730717,77.52589499534879,0,60,3.0,6,0.0006092940082068895
8.425,0.01004859748264829,77.54551806446773,0,60,3.0,6,0.0010710132815936102
8.43,0.013037082251128167,77.57831931533336,0,60,3.0,6,0.001842807419608468
8.435,0.01645163937690478,77.63185613703956,0,60,3.0,7,0.0031024973421073594
8.44,0.020526639934696615,77.71715124028381,0,60,3.0,7,0.005109440947854396
8.445,0.02539629541761738,77.84976424958334,0,60,3.0,7,0.008229747049019874
8.45,0.031171612185577933,78.05091521223822,0,60,3.0,7,0.012962710876193488
8.455,0.03795853426638131,78.34850034697884,0,60,3.0,7,0.0199647140465609
8.46,0.0458588961882057,78.77776263344921,0,60,3.0,7,0.030065003139981505
8.465,0.054966995891435555,79.38130867176919,0,60,3.0,7,0.04426608639456918
8.47,0.06536491004445595,80.20812022232984,0,60,3.0,7,0.06372047581952563
8.475,0.07711726085088699,81.31122000278289,0,60,3.0,7,0.08967576477136209
8.48,0.09026570629555215,82.74374175486754,0,60,3.0,7,0.12338215893805983
8.485,0.10482339848670268,84.5533405253622,0,60,3.0,7,0.16596095353793416
8.49,0.12076968927580028,86.77515893010619,0,60,3.0,7,0.21823903364955735
8.495,0.13804539501007884,89.42391197979815,0,60,3.0,7,0.28056263481877997
8.5,0.15654895051787066,92.48601184868365,0,60,3.0,7,0.3526120434984387
8.505,0.17613378141900526,95.91294646423091,0,60,3.0,7,0.4332457991583744
8.51,0.19660720058055794,99.61726401786359,0,60,3.0,7,0.5204062121850257
8.515,0.21773108748496234,103.4724229370135,0,60,3.0,7,0.6111158338120825
8.52,0.23922453870058807,107.317402683545,0,60,3.0,7,0.7015859454951764
8.525,0.2607685857914563,110.96635024110174,0,60,3.0,7,0.7874435350847467
8.53,0.2820129681603682,114.22274096962201,0,60,3.0,7,0.8640644934028708
8.535,0.30258482867153996,116.8966991332729,0,60,3.0,7,0.9269811560770095
8.54,0.3220990771751686,118.82342375535035,0,60,3.0,7,0.972315853067067
8.545,0.3401700499968971,119.88026396726374,0,60,3.0,7,0.9971826815826763
8.55,0.3564239911198326,120.0,0,60,3.0,7,1.0
8.555,0.3705118017738417,119.1783433081767,0,60,3.0,7,0.9806669013688634
8.56,0.3821214567925213,117.47450566886323,0,60,3.0,7,0.9405766039732525
8.565,0.39098947374066967,115.00474839088832,0,60,3.0,7,0.8824646680209017
8.57,0.3969108472035567,111.92990155349591,0,60,3.0,7,0.810115330670492
8.575,0.3997469255491936,108.43872783044789,0,60,3.0,7,0.7279700665987738
8.58,0.3994308076379137,104.7295305019311,0,60,3.0,7,0.6406948353395552
8.585,0.3959699661768434,100.99248893952765,0,60,3.0,7,0.5527644456359446
8.59,0.38944595408114946,97.39486371458231,0,60,3.0,7,0.4681144403431133
8.595,0.38001120995358023,94.07055139237116,0,60,3.0,7,0.3898953268793214
8.6,0.3678831374098315,91.1146454134743,0,60,3.0,7,0.3203445979641013
8.605,0.35333577933796634,88.5828469468639,0,60,3.0,7,0.260772869337974
8.61,0.33668953221163944,86.49491404388809,0,60,3.0,7,0.21164503632677853
8.615,0.3182994390982644,84.84092970825792,0,60,3.0,7,0.17272775784136277
8.62,0.29854265738230645,83.58903512890866,0,60,3.0,7,0.14327141479785088
8.625,0.2778057157821067,82.69338027079178,0,60,3.0,7,0.12219718284215948
8.63,0.2564721553719815,82.10131785759242,0,60,3.0,7,0.10826630253158635
8.635,0.23491109433464996,81.75922079911874,0,60,3.0,7,0.10021695997926439
8.64,0.21346717185309805,81.61665631936843,0,60,3.0,7,0.09686250163219838
8.645,0.19245222055656455,81.62894315447333,0,60,3.0,7,0.09715160363466667
8.65,0.17213889801761392,81.75831982609262,0,60,3.0,7,0.10019576061394392
8.655,0.15275638501270183,81.9740569196691,0,60,3.0,7,0.10527192752162577
8.66,0.13448814019607322,82.25186848048502,0,60,3.0,7,0.11180867012905918
8.665,0.11747159495449566,82.57294133248891,0,60,3.0,7,0.11936332547032728
8.67,0.10179958433370105,82.92283264526998,0,60,3.0,7,0.12759606224164652
8.675,0.08752324394101413,83.29040798078412,0,60,3.0,7,0.1362448936655088
8.68,0.07465606047174059,83.66692017809487,0,60,3.0,7,0.1451040041904675
8.685,0.0631787448609295,84.04527242910562,0,60,3.0,7,0.1540064100966029
8.69,0.05304460019959574,84.41946941505594,0,60,3.0,7,0.16281104506013983
8.695,0.044185078305849994,84.78423701164296,0,60,3.0,7,0.17139381203865783
8.7,0.03651525513023255,85.13478033273678,0,60,3.0,7,0.1796418901820419
8.705,0.0299390014708757,85.466647720412,0,60,3.0,7,0.18745053459792937
8.71,0.024353677220580638,85.77567108148466,0,60,3.0,7,0.19472167250552141
8.715,0.01965423034339045,86.05795797916235,0,60,3.0,7,0.20136371715676124
8.72,0.015736632374757337,86.30991632969506,0,60,3.0,7,0.20729214893400133
8.725,0.012500627640593535,86.52829745546912,0,60,3.0,7,0.2124305283639792
8.73,0.009851811652115898,86.71024721641409,0,60,3.0,7,0.21671169920974329
8.735,0.007703084175428559,86.85335794517667,0,60,3.0,7,0.22007901047474515
8.74,0.005975544002062424,86.95571609025774,0,60,3.0,7,0.22248743741782911
8.745,0.004598905818663047,87.0159420257872,0,60,3.0,7,0.2239045182538164
8.75,0.0035115256454839104,87.03321960866413,0,60,3.0,7,0.2243110496156265
8.755,0.002660121266303676,87.0073139066997,0,60,3.0,7,0.2237015036870516
8.76,0.0019992692560877024,86.938576193165,0,60,3.0,7,0.22208414572152954
8.765,0.0014907520044639367,86.82793587151944,0,60,3.0,7,0.2194808440357516
8.77,0.0011028178277539807,86.67687949596854,0,60,3.0,7,0.21592657637573023
8.775,0.0008094059938923333,86.4874175045347,0,60,3.0,7,0.21146864716552247
8.78,0.0005893771793717645,86.26203968403271,0,60,3.0,7,0.20616563962429918
8.785,0.0004257792353490551,86.00366073614138,0,60,3.0,7,0.20008613496803257
8.79,0.0003051686392901525,85.71555760321358,0,60,3.0,7,0.19330723772267253
8.795,0.00021699992642659966,85.40130043404575,0,60,3.0,7,0.1859129513893118
8.8,0.00015308884054097838,85.06467921767266,0,60,3.0,7,0.17799245218053322
8.805,0.00010714989329311098,84.70962818415443,0,60,3.0,7,0.16963831021539824
8.81,7.440535854020571e-05,84.34015006520161,0,60,3.0,7,0.16094470741650854
8.815,5.1260276743925106e-05,83.9602422274949,0,60,3.0,7,0.1520056994704683
8.82,3.503659887882241e-05,83.57382654391216,0,60,3.0,7,0.14291356573910968
8.825,2.375894748103639e-05,83.18468466146989,0,60,3.0,7,0.13375728615223265
8.83,1.5984413869232557e-05,82.79640007066425,0,60,3.0,7,0.12462117813327642
8.835,1.0669166579899869e-05,82.41230809162077,0,60,3.0,7,0.11558371980284171
8.84,7.06526633560511e-06,82.03545458144112,0,60,3.0,7,0.10671657838684977
8.845,4.641847214699205e-06,81.66856384791926,0,60,3.0,7,0.09808385524515903
8.85,3.025641074479182e-06,81.31401594043791,0,60,3.0,7,0.08974155153971558
8.855,1.9566278676921314e-06,80.97383319129152,0,60,3.0,7,0.08173725155980044
8.86,1.2553456560008793e-06,80.64967561027302,0,60,3.0,7,0.07411001435936522
8.865,7.990660428214668e-07,80.34284450049499,0,60,3.0,7,0.06689045883517625
8.87,5.046221251618276e-07,80.0542934702713,0,60,3.0,7,0.06010102282991304
8.875,3.1616527078858815e-07,79.78464586832229,0,60,3.0,7,0.05375637337228909
8.88,1.9652884407760343e-07,79.53421756914149,0,60,3.0,7,0.04786394280332916
8.885,1.2120002189836396e-07,79.30304398146892,0,60,3.0,7,0.04242456426985688
8.89,7.415549848886236e-08,79.09091014291228,0,60,3.0,7,0.03743317983323008
8.895,4.501406988770349e-08,78.89738279368821,0,60,3.0,7,0.032879595145604915
8.9,0.0,78.72184338679693,0,60,3.0,7,0.028749256159927856
8.905,0.0,78.56352108441183,0,60,3.0,7,0.025024025515572517
8.91,0.0,78.42152490408645,0,60,3.0,7,0.021682938919681257
8.915,0.0,78.29487430668186,0,60,3.0,7,0.01870292486310264
8.92,0.0,78.18252765403497,0,60,3.0,7,0.016059474212587542
8.925,0.0,78.08340810217774,0,60,3.0,7,0.013727249463005698
8.93,0.0,77.99642662994414,0,60,3.0,7,0.01168062658692092
8.935,0.0,77.92050202852263,0,60,3.0,7,0.009894165377003153
8.94,0.0,77.85457779134715,0,60,3.0,7,0.008343006855227151
8.945,0.0,77.79763594309105,0,60,3.0,7,0.00700319866096593
8.95,0.0,77.7487079298358,0,60,3.0,7,0.0058519512902541785
8.955,0.0,77.70688275903142,0,60,3.0,7,0.004867829624268605
8.96,0.0,77.67131262775425,0,60,3.0,7,0.004030885358923463
8.965,0.0,77.64121631177731,0,60,3.0,7,0.0033227367477014894
8.97,0.0,77.61588060740796,0,60,3.0,7,0.0027266025272461
8.975,0.0,77.59466012461155,0,60,3.0,7,0.0022272970496835433
8.98,0.0,77.57697572556901,0,60,3.0,7,0.0018111935428003242
8.985,0.0,77.56231188956468,0,60,3.0,7,0.0014661621074042962
8.99,0.0,77.5502132650315,0,60,3.0,7,0.0011814885889765158
8.995,0.0,77.54028064465962,0,60,3.0,7,0.0009477798743439374
9.0,0.0,77.53216657151289,0,60,3.0,7,0.0007568605061856167
9.005,0.0,77.52557075468849,0,60,3.0,7,0.0006016648161997129
9.01,0.0,77.52023544355008,0,60,3.0,7,0.0004761280835312471
9.015,0.0,77.5159408810574,0,60,3.0,7,0.0003750795542918481
9.02,0.0,77.51250093004288,0,60,3.0,7,0.0002941395304206066
9.025,0.0,77.50975894204335,0,60,3.0,7,0.00022962216572583363
9.03,0.0,77.50758391686,0,60,3.0,7,0.000178445102588231
9.035,0.0,77.505866982575,0,60,3.0,7,0.00013804664882353362
9.04,0.0,77.50451821032726,0,60,3.0,7,0.00010631083122970107
9.045,0.0,77.50346376564148,0,60,3.0,7,8.150036803492773e-05
9.05,0.0,77.50264338831892,0,60,3.0,7,6.219737220977978e-05
9.055,0.0,77.50200818557703,0,60,3.0,7,4.72514253417825e-05
9.06,0.0,77.50151871796827,0,60,3.0,7,3.5734540429811044e-05
9.065,0.0,77.5011433542997,0,60,3.0,7,2.6902454110581055e-05
9.07,0.0,77.50085686999996,0,60,3.0,7,2.01616470579826e-05
9.075,0.0,77.50063926283588,0,60,3.0,7,1.5041478491184535e-05
9.08,0.0,77.50047476029029,0,60,3.0,7,1.1170830359721068e-05
9.085,0.0,77.50035099402773,0,60,3.0,7,8.258683005338111e-06
9.09,0.0,77.5002583184806,0,60,3.0,7,6.078081896569475e-06
9.095,0.0,77.5001892525059,0,60,3.0,7,4.453000138937569e-06
9.1,0.0,77.50013802514448,0,60,3.0,7,3.2476504583535324e-06
9.105,0.0,77.50010020864568,0,60,3.0,7,2.3578504865059477e-06
9.11,0.0,77.50007242401301,0,60,3.0,7,1.704094423824726e-06
9.115,0.0,77.50005210631836,0,60,3.0,7,1.2260310203306718e-06
9.12,0.0,77.50003731888009,0,60,3.0,7,8.780912962185325e-07
9.125,0.0,77.50002660708068,0,60,3.0,7,6.260489572816689e-07
9.13,0.0,77.5000188840987,0,60,3.0,7,4.443317339684975e-07
9.135,0.0,77.50001334214654,0,60,3.0,7,3.1393285988034384e-07
9.14,0.0,77.50000938394734,0,60,3.0,7,2.2079876102639794e-07
9.145,0.0,77.50000657015823,0,60,3.0,7,1.5459195845537846e-07
9.15,0.0,77.50000457927268,0,60,3.0,7,1.0774759255796466e-07
9.155,0.001684486749771458,77.50000317722223,0,60,3.0,7,7.475817001785104e-08
9.16,0.003097557930867117,77.50000219446719,0,60,3.0,7,5.163452201754005e-08
9.165,0.005475106668887023,77.5000015088324,0,60,3.0,7,3.5501938769170115e-08
9.17,0.00930222931468658,77.50000103272174,0,60,3.0,7,2.4299335082640242e-08
9.175,0.01519157517868857,77.50000070364895,0,60,3.0,7,1.6556445897924062e-08
9.18,0.023847336626128316,77.50000047726456,0,60,3.0,7,1.1229754443989162e-08
9.185,0.0359830743700859,77.50000032224986,0,60,3.0,7,7.58234966055812e-09
9.19,0.05218887796857759,77.50000021659912,0,60,3.0,7,5.0964498608236145e-09
9.195,0.0727577001223134,77.50000014492758,0,60,3.0,7,3.410060772319626e-09
9.2,0.0974992498694751,77.50000009653301,0,60,3.0,7,2.2713650463736165e-09
9.205,0.12558706050443358,77.50000006400752,0,60,3.0,7,1.5060593608830138e-09
9.21,0.15549263588878245,77.50000004224901,0,60,3.0,7,9.940944276904167e-10
9.215,0.1850529723539114,77.50000002776085,0,60,3.0,7,6.531964198289001e-10
9.22,0.21169159439317053,77.50000001815846,0,60,3.0,7,4.2725787352537734e-10
9.225,0.23277292922115492,77.50000001182377,0,60,3.0,7,2.782064043190878e-10
9.23,0.24602692519491282,77.50000000766414,0,60,3.0,7,1.8033273697844433e-10
9.235,0.24995056064839283,77.50000000494539,0,60,3.0,7,1.1636215651164735e-10
9.24,0.24408826520424054,77.50000000317665,0,60,3.0,7,7.474474895228495e-11
9.245,0.22911894216865275,77.50000000203127,0,60,3.0,7,4.779461532427162e-11
9.25,0.20672661788705934,77.50000000129299,0,60,3.0,7,3.0423266520408696e-11
9.255,0.17928878030241233,77.50000000081933,0,60,3.0,7,1.9278278320116976e-11
9.26,0.14946211903866036,77.50000000051682,0,60,3.0,7,1.2160479159587447e-11
9.265,0.1197651512573837,77.50000000032453,0,60,3.0,7,7.636077391319251e-12
9.27,0.09224675744988023,77.50000000020287,0,60,3.0,7,4.773509692099383e-12
9.275,0.06829565320281596,77.50000000012624,0,60,3.0,7,2.97023582200328e-12
9.28,0.04860224607515734,77.5000000000782,0,60,3.0,7,1.8400549058295675e-12
9.285,0.03324612389699793,77.50000000004822,0,60,3.0,7,1.1345277658513034e-12
9.29,0.021859876340472782,77.5000000000296,0,60,3.0,7,6.964990675709594e-13
9.295,0.01381595518554205,77.50000000001809,0,60,3.0,7,4.256568953518153e-13
9.3,0.008394095110402422,77.500000000011,0,60,3.0,7,2.5880474234273766e-13
9.305,0.0049052535271608,77.50000000000666,0,60,3.0,7,1.5682096144540564e-13
9.31,0.0027671663551903634,77.50000000000402,0,60,3.0,7,9.462757375063923e-14
9.315,0.0015425553464444616,77.50000000000242,0,60,3.0,7,5.684341886080802e-14
9.32,0.0009638206637011801,77.50000000000144,0,60,3.0,7,3.377167826436241e-14
9.325,0.0009804935156568228,77.50000000000085,0,60,3.0,7,2.0062383127344007e-14
9.33,0.0018793744894085216,77.50000000000051,0,60,3.0,7,1.2037429876406403e-14
9.335,0.004535525206900863,77.5000000000003,0,60,3.0,7,7.021834094570402e-15
9.34,0.010832767979632273,77.50000000000017,0,60,3.0,7,4.012476625468801e-15
9.345,0.024208003392322392,77.5000000000001,0,60,3.0,7,2.3406113648568006e-15
9.35,0.0500971897335304,77.50000000000006,0,60,3.0,7,1.3374922084896003e-15
9.355,0.09582894921774403,77.50000000000003,0,60,3.0,7,6.687461042448002e-16
9.36,0.16937896721820658,77.50000000000001,0,60,3.0,7,3.343730521224001e-16
9.365,0.27661303008991756,77.50000000000001,0,60,3.0,7,3.343730521224001e-16
9.37,0.4173782800009149,77.5,0,60,3.0,7,0.0
9.375,0.5818720934538056,77.5,0,60,3.0,7,0.0
9.38,0.7494718801585675,77.5,0,60,3.0,7,0.0
9.385,0.891813020752378,77.5,0,60,3.0,7,0.0
9.39,0.9800361632936612,77.5,0,60,3.0,7,0.0
9.395,0.993574479225126,77.50000249606323,1,60,3.0,7,5.8730899568485364e-08
9.4,0.9263438449375362,77.5000038398575,0,60,3.0,7,9.034958820313264e-08
9.405,0.7873015962290536,77.500006033868,0,60,3.0,7,1.4197336480826967e-07
9.41,0.5959516244629897,77.50000979196264,0,60,3.0,7,2.303991209373635e-07
9.415,0.376910120078773,77.50001658325932,0,60,3.0,7,3.9019433703448587e-07
9.42,0.15739335672107918,77.50002948944842,0,60,3.0,7,6.938693746526362e-07
9.425,-0.033361226269301235,77.50005499618474,0,60,3.0,7,1.2940278763300524e-06
9.43,-0.1680180840843834,77.50010664152244,0,60,3.0,7,2.509212292606582e-06
9.435,-0.23069703190837854,77.50021223841208,0,60,3.0,7,4.993844990006919e-06
9.44,-0.22587267821131068,77.50042774487464,0,60,3.0,7,1.006458528569751e-05
9.445,-0.17718181630665902,77.50086306382961,0,60,3.0,7,2.0307384226177473e-05
9.45,-0.11494332516451301,77.50172846110615,0,60,3.0,7,4.0669673085978825e-05
9.455,-0.061810214049552864,77.5034152292072,0,60,3.0,7,8.035833428721162e-05
9.46,-0.026546104631500547,77.5066308676186,0,60,3.0,7,0.00015602041455522073
9.465,-0.00719600351942686,77.51261714788687,0,60,3.0,7,0.0002968740679263834
9.47,0.0022072757983807078,77.5234879390857,0,60,3.0,7,0.000552657390251705
9.475,0.006917199873730717,77.5427303078502,0,60,3.0,7,0.00100541900824015
9.48,0.01004859748264829,77.57591328443115,0,60,3.0,7,0.001786194927791819
9.485,0.013037082251128167,77.63163821024733,0,60,3.0,7,0.0030973696528783824
9.49,0.01645163937690478,77.7227359889992,0,60,3.0,7,0.005240846799981281
9.495,0.020526639934696615,77.86766338596527,0,60,3.0,7,0.008650903199182882
9.5,0.02539629541761738,78.09196918540792,0,60,3.0,7,0.013928686715480447
9.505,0.031171612185577933,78.42959438652437,0,60,3.0,7,0.021872809094691092
9.51,0.03795853426638131,78.9236517302522,0,60,3.0,7,0.03349768777064007
9.515,0.0458588961882057,79.62622444184039,0,60,3.0,7,0.05002881039624453
9.52,0.054966995891435555,80.5966700411891,0,60,3.0,7,0.07286282449856706
9.525,0.06536491004445595,81.89795705296187,0,60,3.0,7,0.10348134242263227
9.53,0.07711726085088699,83.590740736457,0,60,3.0,7,0.14331154674016455
9.535,0.09026570629555215,85.72521884287897,0,60,3.0,7,0.19353456100891703
9.54,0.10482339848670268,88.3312835786459,0,60,3.0,7,0.25485373126225636
9.545,0.12076968927580028,91.40803681418913,0,60,3.0,7,0.32724792503974426
9.55,0.13804539501007884,94.91424919828907,0,60,3.0,7,0.4097470399597428
9.555,0.15654895051787066,98.7616754538298,0,60,3.0,7,0.5002747165607011
9.56,0.17613378141900526,102.81314459839467,0,60,3.0,7,0.5956034023151687
9.565,0.19660720058055794,106.88692793605124,0,60,3.0,7,0.6914571279070879
9.57,0.21773108748496234,110.76804090701927,0,60,3.0,7,0.7827774331063357
9.575,0.23922453870058807,114.22596317855158,0,60,3.0,7,0.8641403100835666
9.58,0.2607685857914563,117.0369802382121,0,60,3.0,7,0.9302818879579317
9.585,0.2820129681603682,119.00824368351186,0,60,3.0,7,0.9766645572591027
9.59,0.30258482867153996,120.0,0,60,3.0,7,1.0
9.595,0.3220990771751686,119.94245116636986,0,60,3.0,7,0.998645909796938
9.6,0.3401700499968971,118.84443995887491,0,60,3.0,7,0.9728103519735274
9.605,0.3564239911198326,116.79247804582917,0,60,3.0,7,0.9245288951959805
9.61,0.3705118017738417,113.94028233815197,0,60,3.0,7,0.857418407956517
9.615,0.3821214567925213,110.4905961503334,0,60,3.0,7,0.7762493211843153
9.62,0.39098947374066967,106.67229771772733,0,60,3.0,7,0.686407005122996
9.625,0.3969108472035567,102.71639188641603,0,60,3.0,7,0.5933268679156714
9.63,0.3997469255491936,98.83435529010902,0,60,3.0,7,0.5019848303555062
9.635,0.3994308076379137,95.20154861737079,0,60,3.0,7,0.4165070262910774
9.64,0.3959699661768434,91.94724589020063,0,60,3.0,8,0.3399351974164855
9.645,0.38944595408114946,89.1515501373611,0,60,3.0,8,0.2741541208790847
9.65,0.38001120995358023,86.84834318674413,0,60,3.0,8,0.21996101615868544
9.655,0.3678831374098315,85.03265064487029,0,60,3.0,8,0.17723883870283028
9.66,0.35333577933796634,83.67047424017679,0,60,3.0,8,0.1451876291806303
9.665,0.33668953221163944,82.70922389874646,0,60,3.0,8,0.12256997408815196
9.67,0.3182994390982644,82.08726133343396,0,60,3.0,8,0.10793556078668136
9.675,0.29854265738230645,81.74159879534122,0,60,3.0,8,0.09980232459626397
9.68,0.2778057157821067,81.61334027722147,0,60,3.0,8,0.09678447711109336
9.685,0.2564721553719815,81.6509036668351,0,60,3.0,8,0.09766832157259073
9.69,0.23491109433464996,81.81136644357802,0,60,3.0,8,0.10144391631948291
9.695,0.21346717185309805,82.06042651697676,0,60,3.0,8,0.10730415334062968
9.7,0.19245222055656455,82.37148928088116,0,60,3.0,8,0.11462327719720386
9.705,0.17213889801761392,82.72432417484066,0,60,3.0,8,0.12292527470213319
9.71,0.15275638501270183,83.10362302191093,0,60,3.0,8,0.13184995345672787
9.715,0.13448814019607322,83.49767392349987,0,60,3.0,8,0.14112173937646763
9.72,0.11747159495449566,83.89726171789964,0,60,3.0,8,0.15052380512705033
9.725,0.10179958433370105,84.29482974674242,0,60,3.0,8,0.15987834698217465
9.73,0.08752324394101413,84.68388923933297,0,60,3.0,8,0.16903268798430518
9.735,0.07465606047174059,85.05863764443257,0,60,3.0,8,0.17785029751606035
9.74,0.0631787448609295,85.41373904216793,0,60,3.0,8,0.18620562452159842
9.745,0.05304460019959574,85.74422176195922,0,60,3.0,8,0.19398168851668762
9.75,0.044185078305849994,86.0454552613927,0,60,3.0,8,0.20106953556218127
9.755,0.03651525513023255,86.31317664893982,0,60,3.0,8,0.20736886232799567
9.76,0.0299390014708757,86.54354497329876,0,60,3.0,8,0.2127892934893827
9.765,0.024353677220580638,86.73320770957436,0,60,3.0,8,0.21725194610763196
9.77,0.01965423034339045,86.87936861096367,0,60,3.0,8,0.22069102614032157
9.775,0.015736632374757337,86.97984948291244,0,60,3.0,8,0.223055281950881
9.78,0.012500627640593535,87.03314081261668,0,60,3.0,8,0.2243091955909807
9.785,0.009851811652115898,87.03843787511315,0,60,3.0,8,0.22443383235560344
9.79,0.007703084175428559,86.99566019345913,0,60,3.0,8,0.2234272986696266
9.795,0.005975544002062424,86.90545322943116,0,60,3.0,8,0.22130478186896846
9.8,0.004598905818663047,86.76917202771214,0,60,3.0,8,0.2180981653579328
9.805,0.0035115256454839104,86.58884728386485,0,60,3.0,8,0.21385523020858474
9.81,0.002660121266303676,86.36713497361453,0,60,3.0,8,0.2086384699674006
9.815,0.0019992692560877024,86.10725126733229,0,60,3.0,8,0.20252355923134793
9.82,0.0014907520044639367,85.81289494876535,0,60,3.0,8,0.19559752820624346
9.825,0.0011028178277539807,85.48815994788507,0,60,3.0,8,0.1879567046561192
9.83,0.0008094059938923333,85.13744087266727,0,60,3.0,8,0.17970449112158282
9.835,0.0005893771793717645,84.76533457621503,0,60,3.0,8,0.17094904885211823
9.84,0.0004257792353490551,84.37654082180066,0,60,3.0,8,0.1618009605129567
9.845,0.0003051686392901525,83.97576501288177,0,60,3.0,8,0.15237094147957095
9.85,0.00021699992642659966,83.5676257473155,0,60,3.0,8,0.14276766464271773
9.855,0.00015308884054097838,83.1565696492459,0,60,3.0,8,0.1330957564528446
9.86,0.00010714989329311098,82.74679554691296,0,60,3.0,8,0.12345401286854031
9.865,7.440535854020571e-05,82.34218962124325,0,60,3.0,8,0.11393387344101764
9.87,5.1260276743925106e-05,81.94627267143458,0,60,3.0,8,0.10461818050434317
9.875,3.503659887882241e-05,81.5621601530088,0,60,3.0,8,0.0955802388943248
9.88,2.375894748103639e-05,81.19253516317026,0,60,3.0,8,0.08688318030988854
9.885,1.5984413869232557e-05,80.83963409787519,0,60,3.0,8,0.07857962583235743
9.89,1.0669166579899869e-05,80.5052443018934,0,60,3.0,8,0.07071163063278585
9.895,7.06526633560511e-06,80.19071269077197,0,60,3.0,8,0.06331088684169352
9.9,4.641847214699205e-06,79.89696405136633,0,60,3.0,8,0.056399154149795884
9.905,3.025641074479182e-06,79.6245275306656,0,60,3.0,8,0.04998888307448477
9.91,1.9566278676921314e-06,79.37356970210506,0,60,3.0,8,0.044083992990707255
9.915,1.2553456560008793e-06,79.14393255178399,0,60,3.0,8,0.03868076592432919
9.92,7.990660428214668e-07,78.93517474813203,0,60,3.0,8,0.03376881760310653
9.925,5.046221251618276e-07,78.74661463915068,0,60,3.0,8,0.029332109156486548
9.93,3.1616527078858815e-07,78.57737355111618,0,60,3.0,8,0.02534996590861604
9.935,1.9652884407760343e-07,78.42641813017309,0,60,3.0,8,0.021798073651131532
9.94,1.2120002189836396e-07,78.29260066180315,0,60,3.0,8,0.01864942733654469
9.945,7.415549848886236e-08,78.17469651121884,0,60,3.0,8,0.0158752120286786
9.95,4.501406988770349e-08,78.07143803963184,0,60,3.0,8,0.013445600932513959
9.955,0.0,77.98154455767332,0,60,3.0,8,0.011330460180548632
9.96,0.0,77.9037480701592,0,60,3.0,8,0.009499954591981082
9.965,0.0,77.83681473981095,0,60,3.0,8,0.00792505270143405
9.97,0.0,77.7795621471775,0,60,3.0,8,0.006577932874764723
9.975,0.0,77.730872547324,0,60,3.0,8,0.005432295231152881
9.98,0.0,77.68970241993146,0,60,3.0,8,0.0044635863513285716
9.985,0.0,77.65508867876439,0,60,3.0,8,0.0036491453826914388
9.99,0.0,77.62615195063168,0,60,3.0,8,0.002968281191333651
9.995,0.0,77.60209735548692,0,60,3.0,8,0.0024022907173392627
10.0,0.0,77.58221322128246,0,60,3.0,8,0.001934428736057846
10.005,0.0,77.56586815304183,0,60,3.0,8,0.001549838895101964
10.01,0.0,77.5525068488899,0,60,3.0,8,0.0012354552679977695
10.015,0.0,77.54164501992928,0,60,3.0,8,0.0009798828218653371
10.02,0.0,77.53286372908609,0,60,3.0,8,0.0007732642137903119
10.025,0.0,77.52580341921859,0,60,3.0,8,0.0006071392757315366
10.03,0.0,77.5201578553129,0,60,3.0,8,0.0004743024779506467
10.035,0.0,77.51566816144691,0,60,3.0,8,0.0003686626222802528
10.04,0.0,77.51211709188321,0,60,3.0,8,0.0002851080443108725
10.045,0.0,77.50932363821491,0,60,3.0,8,0.0002193797227037334
10.05,0.0,77.50713804159365,0,60,3.0,8,0.00016795391985056086
10.055,0.0,77.50543725103012,0,60,3.0,8,0.00012793531835567966
10.06,0.0,77.5041208456039,0,60,3.0,8,9.69610730327772e-05
10.065,0.0,77.5031074199587,0,60,3.0,8,7.311576373400813e-05
10.07,0.0,77.50233141833475,0,60,3.0,8,5.485690199407145e-05
10.075,0.0,77.50174039213948,0,60,3.0,8,4.095040328192066e-05
10.08,0.0,77.501292649158,0,60,3.0,8,3.0415274305957664e-05
10.085,0.0,77.50095525841263,0,60,3.0,8,2.2476668532496712e-05
10.09,0.0,77.50070237286243,0,60,3.0,8,1.6526420292580843e-05
10.095,0.0,77.50051383209139,0,60,3.0,8,1.2090166856135992e-05
10.1,0.0,77.50037400841595,0,60,3.0,8,8.800198022259686e-06
10.105,0.0,77.50027086205799,0,60,3.0,8,6.37322489383758e-06
10.11,0.0,77.50019517384675,0,60,3.0,8,4.5923258058417775e-06
10.115,0.0,77.50013992706306,0,60,3.0,8,3.292401483764372e-06
10.12,0.0,77.50009981331155,0,60,3.0,8,2.348548507063028e-06
10.125,0.0,77.5000708405394,0,60,3.0,8,1.6668362210272307e-06
10.13,0.0,77.50005002440169,0,60,3.0,8,1.177044745592117e-06
10.135,0.0,77.50003514702703,0,60,3.0,8,8.269888714012803e-07
10.14,0.0,77.50002456981785,0,60,3.0,8,5.781133612505501e-07
10.145,0.0,77.50001708920767,0,60,3.0,8,4.0209900409054705e-07
10.15,0.0,77.50001182629116,0,60,3.0,8,2.782656742831879e-07
10.155,0.001684486749771458,77.50000814295163,0,60,3.0,8,1.9159886184805894e-07
10.16,0.003097557930867117,77.50000557855593,0,60,3.0,8,1.312601394896346e-07
10.165,0.005475106668887023,77.5000038024926,0,60,3.0,8,8.947041411535312e-08
10.17,0.00930222931468658,77.50000257882347,0,60,3.0,8,6.067819928081436e-08
10.175,0.01519157517868857,77.5000017401292,0,60,3.0,8,4.0944216634135744e-08
10.18,0.023847336626128316,77.50000116828292,0,60,3.0,8,2.748900990755989e-08
10.185,0.0359830743700859,77.50000078040709,0,60,3.0,8,1.836251980795864e-08
10.19,0.05218887796857759,77.50000051868184,0,60,3.0,8,1.220427868568496e-08
10.195,0.0727577001223134,77.50000034299478,0,60,3.0,8,8.070465435808086e-09
10.2,0.0974992498694751,77.50000022567355,0,60,3.0,8,5.3099657794946855e-09
10.205,0.12558706050443358,77.50000014773399,0,60,3.0,8,3.4760937657719136e-09
10.21,0.15549263588878245,77.50000009622477,0,60,3.0,8,2.2641121605000295e-09
10.215,0.1850529723539114,77.5000000623591,0,60,3.0,8,1.4672730899559718e-09
10.22,0.21169159439317053,77.50000004020866,0,60,3.0,8,9.460861479858388e-10
10.225,0.23277292922115492,77.50000002579563,0,60,3.0,8,6.069559704508933e-10
10.23,0.24602692519491282,77.50000001646566,0,60,3.0,8,3.874273555565571e-10
10.235,0.24995056064839283,77.50000001045728,0,60,3.0,8,2.460537603731021e-10
10.24,0.24408826520424054,77.50000000660792,0,60,3.0,8,1.5548045987944693e-10
10.245,0.22911894216865275,77.50000000415449,0,60,3.0,8,9.775262429577518e-11
10.25,0.20672661788705934,77.50000000259882,0,60,3.0,8,6.114880627993604e-11
10.255,0.17928878030241233,77.5000000016175,0,60,3.0,8,3.80586751656237e-11
10.26,0.14946211903866036,77.50000000100165,0,60,3.0,8,2.356828457884737e-11
10.265,0.1197651512573837,77.50000000061716,0,60,3.0,8,1.4521487280623714e-11
10.27,0.09224675744988023,77.50000000037834,0,60,3.0,8,8.902013766654657e-12
10.275,0.06829565320281596,77.50000000023077,0,60,3.0,8,5.4298839934156554e-12
10.28,0.04860224607515734,77.50000000014005,0,60,3.0,8,3.2952464286662528e-12
10.285,0.03324612389699793,77.50000000008457,0,60,3.0,8,1.989854033180403e-12
10.29,0.021859876340472782,77.5000000000508,0,60,3.0,8,1.1953836613375804e-12
10.295,0.01381595518554205,77.50000000003037,0,60,3.0,8,7.14555212385569e-13
10.3,0.008394095110402422,77.50000000001806,0,60,3.0,8,4.249881492475705e-13
10.305,0.0049052535271608,77.50000000001069,0,60,3.0,8,2.514485351960449e-13
10.31,0.0027671663551903634,77.5000000000063,0,60,3.0,8,1.4812726209022324e-13
10.315,0.0015425553464444616,77.50000000000368,0,60,3.0,8,8.660262049970162e-14
10.32,0.0009638206637011801,77.50000000000215,0,60,3.0,8,5.049033087048241e-14
10.325,0.0009804935156568228,77.50000000000125,0,60,3.0,8,2.942482858677121e-14
10.33,0.0018793744894085216,77.50000000000072,0,60,3.0,8,1.7053025658242404e-14
10.335,0.004535525206900863,77.50000000000041,0,60,3.0,8,9.696818511549603e-15
10.34,0.010832767979632273,77.50000000000024,0,60,3.0,8,5.684341886080802e-15
10.345,0.024208003392322392,77.50000000000013,0,60,3.0,8,3.0093574691016007e-15
10.35,0.0500971897335304,77.50000000000007,0,60,3.0,8,1.6718652606120004e-15
10.355,0.09582894921774403,77.50000000000004,0,60,3.0,8,1.0031191563672002e-15
10.36,0.16937896721820658,77.50000000000003,0,60,3.0,8,6.687461042448002e-16
10.365,0.27661303008991756,77.50000000000001,0,60,3.0,8,3.343730521224001e-16
10.37,0.4173782800009149,77.5,0,60,3.0,8,0.0
10.375,0.5818720934538056,77.5,0,60,3.0,8,0.0
10.38,0.7494718801585675,77.5,0,60,3.0,8,0.0
10.385,0.891813020752378,77.5,0,60,3.0,8,0.0
10.39,0.9800361632936612,77.5,0,60,3.0,8,0.0
10.395,0.993574479225126,77.50000249379623,1,60,3.0,8,5.8677558372972485e-08
10.4,0.9263438449375362,77.50000391718795,0,60,3.0,8,9.216912831909533e-08
10.405,0.7873015962290536,77.50000630150961,0,60,3.0,8,1.4827081446021431e-07
10.41,0.5959516244629897,77.5000105140369,0,60,3.0,8,2.473891035659857e-07
10.415,0.376910120078773,77.50001840698704,0,60,3.0,8,4.331055773785492e-07
10.42,0.15739335672107918,77.50003400964872,0,60,3.0,8,8.002270285888859e-07
10.425,-0.033361226269301235,77.50006609644886,0,60,3.0,8,1.5552105614514243e-06
10.43,-0.1680180840843834,77.50013356232397,0,60,3.0,8,3.1426429168678785e-06
10.435,-0.23069703190837854,77.50027632336332,0,60,3.0,8,6.501726195839343e-06
10.44,-0.22587267821131068,77.50057668790406,0,60,3.0,8,1.3569127154302324e-05
10.445,-0.17718181630665902,77.50119979487688,0,60,3.0,8,2.8230467691347417e-05
10.45,-0.11494332516451301,77.50246734685948,0,60,3.0,8,5.80552202229549e-05
10.455,-0.061810214049552864,77.50498694254254,0,60,3.0,8,0.00011733982453045107
10.46,-0.026546104631500547,77.50986989510379,0,60,3.0,8,0.00023223282597153712
10.465,-0.00719600351942686,77.51908262989394,0,60,3.0,8,0.00044900305632809785
10.47,0.0022072757983807078,77.53598806050526,0,60,3.0,8,0.0008467778942414337
10.475,0.006917199873730717,77.5661388335815,0,60,3.0,8,0.0015562078489765822
10.48,0.01004859748264829,77.61837627811394,0,60,3.0,8,0.0027853241909162854
10.485,0.013037082251128167,77.70625715723415,0,60,3.0,8,0.004853109581979959
10.49,0.01645163937690478,77.84976424958334,0,60,3.0,8,0.008229747049019874
10.495,0.020526639934696615,78.07714907313756,0,60,3.0,8,0.01357997819147205
10.5,0.02539629541761738,78.42660746482035,0,60,3.0,8,0.021802528584008236
10.505,0.031171612185577933,78.94731857168912,0,60,3.0,8,0.034054554627979385
10.51,0.03795853426638131,79.69922288771569,0,60,3.0,8,0.05174642088742804
10.515,0.0458588961882057,80.75083343091529,0,60,3.0,8,0.07649019837447749
10.52,0.054966995891435555,82.17443594424168,0,60,3.0,8,0.10998672809980423
10.525,0.06536491004445595,84.03830214667643,0,60,3.0,8,0.15384240345121009
10.53,0.07711726085088699,86.39604373737505,0,60,3.0,8,0.20931867617353064
10.535,0.09026570629555215,89.2739411348602,0,60,3.0,8,0.277033909055534
10.54,0.10482339848670268,92.6578763804036,0,60,3.0,8,0.3566559148330257
10.545,0.12076968927580028,96.48219417074539,0,60,3.0,8,0.44663986284106794
10.55,0.13804539501007884,100.62317626104648,0,60,3.0,8,0.5440747355540348
10.555,0.15654895051787066,104.89963122754831,0,60,3.0,8,0.6446972053540779
10.56,0.17613378141900526,109.08226138097591,0,60,3.0,8,0.7431120324935507
10.565,0.19660720058055794,112.91202435562403,0,60,3.0,8,0.8332241024852712
10.57,0.21773108748496234,116.12590285572924,0,60,3.0,8,0.908844773075982
10.575,0.23922453870058807,118.48673321912287,0,60,3.0,8,0.964393722802891
10.58,0.2607685857914563,119.81248326881075,0,60,3.0,8,0.9955878416190765
10.585,0.2820129681603682,120.0,0,60,3.0,8,1.0
10.59,0.30258482867153996,119.03895265764984,0,60,3.0,8,0.9773871213564669
10.595,0.3220990771751686,117.01338144972989,0,60,3.0,8,0.9297266223465857
10.6,0.3401700499968971,114.09055937282247,0,60,3.0,8,0.8609543381840581
10.605,0.3564239911198326,110.49924173293033,0,60,3.0,8,0.7764527466571842
10.61,0.3705118017738417,106.501252019056,0,60,3.0,8,0.6823824004483764
10.615,0.3821214567925213,102.3613128393379,0,60,3.0,8,0.5849720668079506
10.62,0.39098947374066967,98.31991189297068,0,60,3.0,8,0.48988027983460425
10.625,0.3969108472035567,94.57291708101874,0,60,3.0,8,0.40171569602397045
10.63,0.3997469255491936,91.2599713216292,0,60,3.0,8,0.3237640310971575
10.635,0.3994308076379137,88.46186297981151,0,60,3.0,8,0.25792618776027093
10.64,0.3959699661768434,86.2055083156022,0,60,3.0,8,0.20483548977887533
10.645,0.38944595408114946,84.47418553637537,0,60,3.0,8,0.1640984832088323
10.65,0.38001120995358023,83.22032439628626,0,60,3.0,8,0.13459586814791197
10.655,0.3678831374098315,82.3784030507939,0,60,3.0,8,0.11478595413632721
10.66,0.35333577933796634,81.87614033165356,0,60,3.0,8,0.10296800780361316
10.665,0.33668953221163944,81.6429627878982,0,60,3.0,8,0.09748147736231057
10.67,0.3182994390982644,81.61546715457652,0,60,3.0,8,0.09683452128415344
10.675,0.29854265738230645,81.74015709851017,0,60,3.0,8,0.09976840231788628
10.68,0.2778057157821067,81.9740569196691,0,60,3.0,8,0.10527192752162577
10.685,0.2564721553719815,82.28391103867587,0,60,3.0,8,0.1125626126747263
10.69,0.23491109433464996,82.64462413530069,0,60,3.0,8,0.12104997965413385
10.695,0.21346717185309805,83.03745309290495,0,60,3.0,8,0.1302930139507048
10.7,0.19245222055656455,83.4482905955028,0,60,3.0,8,0.13995977871771287
10.705,0.17213889801761392,83.86622429212309,0,60,3.0,8,0.14979351275583747
10.71,0.15275638501270183,84.28243683268946,0,60,3.0,8,0.1595867490044578
10.715,0.13448814019607322,84.68943573432038,0,60,3.0,8,0.1691631937487149
10.72,0.11747159495449566,85.08056227854561,0,60,3.0,8,0.1783661712598968
10.725,0.10179958433370105,85.44971522709557,0,60,3.0,8,0.18705212299048393
10.73,0.08752324394101413,85.79122761200028,0,60,3.0,8,0.19508770851765375
10.735,0.07465606047174059,86.09984484761954,0,60,3.0,8,0.2023492905322244
10.74,0.0631787448609295,86.37076438636134,0,60,3.0,8,0.20872386791438458
10.745,0.05304460019959574,86.59970808382359,0,60,3.0,8,0.2141107784429079
10.75,0.044185078305849994,86.7830071632666,0,60,3.0,8,0.2184236979592142
10.755,0.03651525513023255,86.91768606859858,0,60,3.0,8,0.22159261337879022
10.76,0.0299390014708757,87.00153597091433,0,60,3.0,8,0.22356555225680783
10.765,0.024353677220580638,87.03317178450779,0,60,3.0,8,0.22430992434135968
10.77,0.01965423034339045,87.01206873798577,0,60,3.0,8,0.22381338207025345
10.775,0.015736632374757337,86.938576193165,0,60,3.0,8,0.22208414572152954
10.78,0.012500627640593535,86.81390773863106,0,60,3.0,8,0.2191507703207308
10.785,0.009851811652115898,86.64010773261553,0,60,3.0,8,0.21506135841448312
10.79,0.007703084175428559,86.41999548610957,0,60,3.0,8,0.2098822467319899
10.795,0.005975544002062424,86.15708917317427,0,60,3.0,8,0.2036962158393946
10.8,0.004598905818663047,85.85551231983004,0,60,3.0,8,0.1966002898783539
10.805,0.0035115256454839104,85.5198863357969,0,60,3.0,8,0.18870320790110348
10.81,0.002660121266303676,85.15521299527994,0,60,3.0,8,0.18012265871246916
10.815,0.0019992692560877024,84.76675103026113,0,60,3.0,8,0.17098237718261491
10.82,0.0014907520044639367,84.35989106720938,0,60,3.0,8,0.16140920158139707
10.825,0.0011028178277539807,83.94003302017312,0,60,3.0,8,0.15153018870995572
10.83,0.0008094059938923333,83.51246976372725,0,60,3.0,8,0.14146987679358242
10.835,0.0005893771793717645,83.082280470485,0,60,3.0,8,0.13134777577611773
10.84,0.0004257792353490551,82.65423643892917,0,60,3.0,8,0.12127615150421588
10.845,0.0003051686392901525,82.23272159200907,0,60,3.0,9,0.11135815510609579
10.85,0.00021699992642659966,81.8216691316493,0,60,3.0,9,0.10168633250939532
10.855,0.00015308884054097838,81.4245151256355,0,60,3.0,9,0.09234153236789398
10.86,0.00010714989329311098,81.0441691159847,0,60,3.0,9,0.08339221449375767
10.865,7.440535854020571e-05,80.683001202808,0,60,3.0,9,0.07489414594842354
10.87,5.1260276743925106e-05,80.34284450049499,0,60,3.0,9,0.06689045883517625
10.875,3.503659887882241e-05,80.02501140315086,0,60,3.0,9,0.05941203301531426
10.88,2.375894748103639e-05,79.73032174609531,0,60,3.0,9,0.052478158731654435
10.885,1.5984413869232557e-05,79.4591407154507,0,60,3.0,9,0.04609742859884002
10.89,1.0669166579899869e-05,79.21142423740287,0,60,3.0,9,0.04026880558594979
10.895,7.06526633560511e-06,78.9867695657814,0,60,3.0,9,0.03498281331250355
10.9,4.641847214699205e-06,78.78446886954399,0,60,3.0,9,0.030222796930446723
10.905,3.025641074479182e-06,78.60356378533176,0,60,3.0,9,0.025966206713688426
10.91,1.9566278676921314e-06,78.44289912695085,0,60,3.0,9,0.022185861810608203
10.915,1.2553456560008793e-06,78.30117421486159,0,60,3.0,9,0.018851157996743282
10.92,7.990660428214668e-07,78.17699058609722,0,60,3.0,9,0.015929190261111028
10.925,5.046221251618276e-07,78.0688951512295,0,60,3.0,9,0.013385768264223476
10.93,3.1616527078858815e-07,77.97541816475811,0,60,3.0,9,0.011186309759014367
10.935,1.9652884407760343e-07,77.89510565587798,0,60,3.0,9,0.00929660366771727
10.94,1.2120002189836396e-07,77.82654621810562,0,60,3.0,9,0.007683440426014573
10.945,7.415549848886236e-08,77.7683922718456,0,60,3.0,9,0.006315112278719974
10.95,4.501406988770349e-08,77.71937608967772,0,60,3.0,9,0.0051617903453582
10.955,0.0,77.67832100862636,0,60,3.0,9,0.00419578843826718
10.96,0.0,77.64414834790306,0,60,3.0,9,0.0033917258330130634
10.965,0.0,77.61588060740796,0,60,3.0,9,0.0027266025272461
10.97,0.0,77.59264154581128,0,60,3.0,9,0.0021798010779123696
10.975,0.0,77.57365373238999,0,60,3.0,9,0.0017330289974114186
10.98,0.0,77.55823413948939,0,60,3.0,9,0.0013702150468090808
10.985,0.0,77.54578829810711,0,60,3.0,9,0.0010773717201673476
10.99,0.0,77.53580348299825,0,60,3.0,9,0.0008424348940764048
10.995,0.0,77.52784133072689,0,60,3.0,9,0.0006550901347502665
11.0,0.0,77.5215302284374,0,60,3.0,9,0.0005065936102917422
11.005,0.0,77.51655774624525,0,60,3.0,9,0.00038959402930010905
11.01,0.0,77.51266332472912,0,60,3.0,9,0.00029796058186160306
11.015,0.0,77.50963137297701,0,60,3.0,9,0.0002266205406355686
11.02,0.0,77.50728488323819,0,60,3.0,9,0.00017140901736906124
11.025,0.0,77.50547962610095,0,60,3.0,9,0.00012893237884588202
11.03,0.0,77.5040989553958,0,60,3.0,9,9.644600931303959e-05
11.035,0.0,77.50304922446462,0,60,3.0,9,7.174645799101894e-05
11.04,0.0,77.50225579450853,0,60,3.0,9,5.3077517847722284e-05
11.045,0.0,77.50165960070633,0,60,3.0,9,3.904942838430008e-05
11.05,0.0,77.50121423185787,0,60,3.0,9,2.8570161361706006e-05
11.055,0.0,77.50088347359097,0,60,3.0,9,2.0787613905280096e-05
11.06,0.0,77.50063926283588,0,60,3.0,9,1.5041478491184535e-05
11.065,0.0,77.5004600015325,0,60,3.0,9,1.0823565470646452e-05
11.07,0.0,77.5003291796934,0,60,3.0,9,7.745404550472385e-06
11.075,0.0,77.50023426139796,0,60,3.0,9,5.512032893260339e-06
11.08,0.0,77.50016579153834,0,60,3.0,9,3.900977372615992e-06
11.085,0.0,77.50011668577856,0,60,3.0,9,2.7455477309371525e-06
11.09,0.0,77.50008167091697,0,60,3.0,9,1.921668634582495e-06
11.095,0.0,77.5000568474347,0,60,3.0,9,1.3375866989703996e-06
11.1,0.0,77.50003935031812,0,60,3.0,9,9.258898380855552e-07
11.105,0.0,77.50002708816338,0,60,3.0,9,6.373685500741832e-07
11.11,0.001684486749771458,77.50001854405937,0,60,3.0,9,4.3633080876508543e-07
11.115,0.003097557930867117,77.50001262478511,0,60,3.0,9,2.970537673932353e-07
11.12,0.005475106668887023,77.50000854746077,0,60,3.0,9,2.0111672390211263e-07
11.125,0.00930222931468658,77.50000575498471,0,60,3.0,9,1.3541140500659395e-07
11.13,0.01519157517868857,77.50000385340955,0,60,3.0,9,9.066846005493169e-08
11.135,0.023847336626128316,77.50000256590221,0,60,3.0,9,6.037416958005291e-08
11.14,0.0359830743700859,77.50000169913923,0,60,3.0,9,3.997974665574421e-08
11.145,0.05218887796857759,77.50000111895281,0,60,3.0,9,2.6328301400473507e-08
11.15,0.0727577001223134,77.50000073280515,0,60,3.0,9,1.724247407336781e-08
11.155,0.0974992498694751,77.50000047726456,0,60,3.0,9,1.1229754443989162e-08
11.16,0.12558706050443358,77.50000030911765,0,60,3.0,9,7.273356526210966e-09
11.165,0.15549263588878245,77.50000019910509,0,60,3.0,9,4.68482559935022e-09
11.17,0.1850529723539114,77.5000001275366,0,60,3.0,9,3.0008610498471708e-09
11.175,0.21169159439317053,77.50000008124212,0,60,3.0,9,1.9115793079168616e-09
11.18,0.23277292922115492,77.50000005146615,0,60,3.0,9,1.2109681205509012e-09
11.185,0.24602692519491282,77.5000000324232,0,60,3.0,9,7.628988682614256e-10
11.19,0.24995056064839283,77.50000002031346,0,60,3.0,9,4.779638750144787e-10
11.195,0.24408826520424054,77.50000001265629,0,60,3.0,9,2.9779498083157436e-10
11.2,0.22911894216865275,77.50000000784192,0,60,3.0,9,1.8451574386049555e-10
11.205,0.20672661788705934,77.50000000483206,0,60,3.0,9,1.1369553142097122e-10
11.21,0.17928878030241233,77.50000000296099,0,60,3.0,9,6.967030351327541e-11
11.215,0.14946211903866036,77.50000000180441,0,60,3.0,9,4.245668392018963e-11
11.22,0.1197651512573837,77.50000000109351,0,60,3.0,9,2.5729671987766563e-11
11.225,0.09224675744988023,77.50000000065904,0,60,3.0,9,1.5506884665228427e-11
11.23,0.06829565320281596,77.50000000039499,0,60,3.0,9,9.29389898374211e-12
11.235,0.04860224607515734,77.50000000023543,0,60,3.0,9,5.539558354511802e-12
11.24,0.03324612389699793,77.50000000013955,0,60,3.0,9,3.283543371841969e-12
11.245,0.021859876340472782,77.50000000008227,0,60,3.0,9,1.935685598736574e-12
11.25,0.01381595518554205,77.50000000004822,0,60,3.0,9,1.1345277658513034e-12
11.255,0.008394095110402422,77.50000000002811,0,60,3.0,9,6.613898970981073e-13
11.26,0.0049052535271608,77.5000000000163,0,60,3.0,9,3.835258907843929e-13
11.265,0.0027671663551903634,77.5000000000094,0,60,3.0,9,2.2102058745290646e-13
11.27,0.0015425553464444616,77.50000000000539,0,60,3.0,9,1.2672738675438964e-13
11.275,0.0009638206637011801,77.50000000000307,0,60,3.0,9,7.222457925843841e-14
11.28,0.0009804935156568228,77.50000000000175,0,60,3.0,9,4.112788541105521e-14
11.285,0.0018793744894085216,77.50000000000098,0,60,3.0,9,2.3071740596445606e-14
11.29,0.004535525206900863,77.50000000000055,0,60,3.0,9,1.3040549032773603e-14
11.295,0.010832767979632273,77.50000000000031,0,60,3.0,9,7.356207146692803e-15
11.3,0.024208003392322392,77.50000000000017,0,60,3.0,9,4.012476625468801e-15
11.305,0.0500971897335304,77.5000000000001,0,60,3.0,9,2.3406113648568006e-15
11.31,0.09582894921774403,77.50000000000006,0,60,3.0,9,1.3374922084896003e-15
11.315,0.16937896721820658,77.50000000000003,0,60,3.0,9,6.687461042448002e-16
11.32,0.27661303008991756,77.50000000000001,0,60,3.0,9,3.343730521224001e-16
11.325,0.4173782800009149,77.50000000000001,0,60,3.0,9,3.343730521224001e-16
11.33,0.5818720934538056,77.5,0,60,3.0,9,0.0
11.335,0.7494718801585675,77.5,0,60,3.0,9,0.0
11.34,0.891813020752378,77.5,0,60,3.0,9,0.0
11.345,0.9800361632936612,77.5,0,60,3.0,9,0.0
11.35,0.993574479225126,77.5,1,60,3.0,9,0.0
11.355,0.9263438449375362,77.5,0,60,3.0,9,0.0
11.36,0.7873015962290536,77.5,0,60,3.0,9,0.0
11.365,0.5959516244629897,77.5,0,60,3.0,9,0.0
11.37,0.376910120078773,77.5,0,60,3.0,9,0.0
11.375,0.15739335672107918,77.5,0,60,3.0,9,0.0
11.38,-0.033361226269301235,77.5,0,60,3.0,9,0.0
11.385,-0.1680180840843834,77.5,0,60,3.0,9,0.0
11.39,-0.23069703190837854,77.5,0,60,3.0,9,0.0
11.395,-0.22587267821131068,77.5,0,60,3.0,9,0.0
11.4,-0.17718181630665902,77.5,0,60,3.0,9,0.0
11.405,-0.11494332516451301,77.5,0,60,3.0,9,0.0
11.41,-0.061810214049552864,77.5,0,60,3.0,9,0.0
11.415,-0.026546104631500547,77.5,0,60,3.0,9,0.0
11.42,-0.00719600351942686,77.5,0,60,3.0,9,0.0
11.425,0.0022072757983807078,77.5,0,60,3.0,9,0.0
11.43,0.006917199873730717,77.5,0,60,3.0,9,0.0
11.435,0.01004859748264829,77.5,0,60,3.0,9,0.0
11.44,0.013037082251128167,77.5,0,60,3.0,9,0.0
11.445,0.01645163937690478,77.5,0,60,3.0,9,0.0
11.45,0.020526639934696615,77.5,0,60,3.0,9,0.0
11.455,0.02539629541761738,77.5,0,60,3.0,9,0.0
11.46,0.031171612185577933,77.5,0,60,3.0,9,0.0
11.465,0.03795853426638131,77.5,0,60,3.0,9,0.0
11.47,0.0458588961882057,77.5,0,60,3.0,9,0.0
11.475,0.054966995891435555,77.5,0,60,3.0,9,0.0
11.48,0.06536491004445595,77.5,0,60,3.0,9,0.0
11.485,0.07711726085088699,77.5,0,60,3.0,9,0.0
11.49,0.09026570629555215,77.5,0,60,3.0,9,0.0
11.495,0.10482339848670268,77.5,0,60,3.0,9,0.0
11.5,0.12076968927580028,77.5,0,60,3.0,9,0.0
11.505,0.13804539501007884,77.5,0,60,3.0,9,0.0
11.51,0.15654895051787066,77.5,0,60,3.0,9,0.0
11.515,0.17613378141900526,77.5,0,60,3.0,9,0.0
11.52,0.19660720058055794,77.5,0,60,3.0,9,0.0
11.525,0.21773108748496234,77.5,0,60,3.0,9,0.0
11.53,0.23922453870058807,77.5,0,60,3.0,9,0.0
11.535,0.2607685857914563,77.5,0,60,3.0,9,0.0
11.54,0.2820129681603682,77.5,0,60,3.0,9,0.0
11.545,0.30258482867153996,77.5,0,60,3.0,9,0.0
11.55,0.3220990771751686,77.5,0,60,3.0,9,0.0
11.555,0.3401700499968971,77.5,0,60,3.0,9,0.0
11.56,0.3564239911198326,77.5,0,60,3.0,9,0.0
11.565,0.3705118017738417,77.5,0,60,3.0,9,0.0
11.57,0.3821214567925213,77.5,0,60,3.0,9,0.0
11.575,0.39098947374066967,77.5,0,60,3.0,9,0.0
11.58,0.3969108472035567,77.5,0,60,3.0,9,0.0
11.585,0.3997469255491936,77.5,0,60,3.0,9,0.0
11.59,0.3994308076379137,77.5,0,60,3.0,9,0.0
11.595,0.3959699661768434,77.5,0,60,3.0,9,0.0
11.6,0.38944595408114946,77.5,0,60,3.0,9,0.0
11.605,0.38001120995358023,77.5,0,60,3.0,9,0.0
11.61,0.3678831374098315,77.5,0,60,3.0,9,0.0
11.615,0.35333577933796634,77.5,0,60,3.0,9,0.0
11.62,0.33668953221163944,77.5,0,60,3.0,9,0.0
11.625,0.3182994390982644,77.5,0,60,3.0,9,0.0
11.63,0.29854265738230645,77.5,0,60,3.0,9,0.0
11.635,0.2778057157821067,77.5,0,60,3.0,9,0.0
11.64,0.2564721553719815,77.5,0,60,3.0,9,0.0
11.645,0.23491109433464996,77.5,0,60,3.0,9,0.0
11.65,0.21346717185309805,77.5,0,60,3.0,9,0.0
11.655,0.19245222055656455,77.5,0,60,3.0,9,0.0
11.66,0.17213889801761392,77.5,0,60,3.0,9,0.0
11.665,0.15275638501270183,77.5,0,60,3.0,9,0.0
11.67,0.13448814019607322,77.5,0,60,3.0,9,0.0
11.675,0.11747159495449566,77.5,0,60,3.0,9,0.0
11.68,0.10179958433370105,77.5,0,60,3.0,9,0.0
11.685,0.08752324394101413,77.5,0,60,3.0,9,0.0
11.69,0.07465606047174059,77.5,0,60,3.0,9,0.0
11.695,0.0631787448609295,77.5,0,60,3.0,9,0.0
11.7,0.05304460019959574,77.5,0,60,3.0,9,0.0
11.705,0.044185078305849994,77.5,0,60,3.0,9,0.0
11.71,0.03651525513023255,77.5,0,60,3.0,9,0.0
11.715,0.0299390014708757,77.5,0,60,3.0,9,0.0
11.72,0.024353677220580638,77.5,0,60,3.0,9,0.0
11.725,0.01965423034339045,77.5,0,60,3.0,9,0.0
11.73,0.015736632374757337,77.5,0,60,3.0,9,0.0
11.735,0.012500627640593535,77.5,0,60,3.0,9,0.0
11.74,0.009851811652115898,77.5,0,60,3.0,9,0.0
11.745,0.007703084175428559,77.5,0,60,3.0,9,0.0
11.75,0.005975544002062424,77.5,0,60,3.0,9,0.0
11.755,0.004598905818663047,77.5,0,60,3.0,9,0.0
11.76,0.0035115256454839104,77.5,0,60,3.0,9,0.0
11.765,0.002660121266303676,77.5,0,60,3.0,9,0.0
11.77,0.0019992692560877024,77.5,0,60,3.0,9,0.0
11.775,0.0014907520044639367,77.5,0,60,3.0,9,0.0
11.78,0.0011028178277539807,77.5,0,60,3.0,9,0.0
11.785,0.0008094059938923333,77.5,0,60,3.0,9,0.0
11.79,0.0005893771793717645,77.5,0,60,3.0,9,0.0
11.795,0.0004257792353490551,77.5,0,60,3.0,9,0.0
11.8,0.0003051686392901525,77.5,0,60,3.0,9,0.0
11.805,0.00021699992642659966,77.5,0,60,3.0,9,0.0
11.81,0.00015308884054097838,77.5,0,60,3.0,9,0.0
11.815,0.00010714989329311098,77.5,0,60,3.0,9,0.0
11.82,7.440535854020571e-05,77.5,0,60,3.0,9,0.0
11.825,5.1260276743925106e-05,77.5,0,60,3.0,9,0.0
11.83,3.503659887882241e-05,77.5,0,60,3.0,9,0.0
11.835,2.375894748103639e-05,77.5,0,60,3.0,9,0.0
11.84,1.5984413869232557e-05,77.5,0,60,3.0,9,0.0
11.845,1.0669166579899869e-05,77.5,0,60,3.0,9,0.0
11.85,7.06526633560511e-06,77.5,0,60,3.0,9,0.0
11.855,4.641847214699205e-06,77.5,0,60,3.0,9,0.0
11.86,3.025641074479182e-06,77.5,0,60,3.0,9,0.0
11.865,1.9566278676921314e-06,77.5,0,60,3.0,9,0.0
11.87,1.2553456560008793e-06,77.5,0,60,3.0,9,0.0
11.875,7.990660428214668e-07,77.5,0,60,3.0,9,0.0
11.88,5.046221251618276e-07,77.5,0,60,3.0,9,0.0
11.885,3.1616527078858815e-07,77.5,0,60,3.0,9,0.0
11.89,1.9652884407760343e-07,77.5,0,60,3.0,9,0.0
11.895,1.2120002189836396e-07,77.5,0,60,3.0,9,0.0
11.9,7.415549848886236e-08,77.5,0,60,3.0,9,0.0
11.905,4.501406988770349e-08,77.5,0,60,3.0,9,0.0
11.91,0.0,77.5,0,60,3.0,9,0.0
11.915,0.0,77.5,0,60,3.0,9,0.0
11.92,0.0,77.5,0,60,3.0,9,0.0
11.925,0.0,77.5,0,60,3.0,9,0.0
11.93,0.0,77.5,0,60,3.0,9,0.0
11.935,0.0,77.5,0,60,3.0,9,0.0
11.94,0.0,77.5,0,60,3.0,9,0.0
11.945,0.0,77.5,0,60,3.0,9,0.0
11.95,0.0,77.5,0,60,3.0,9,0.0
11.955,0.0,77.5,0,60,3.0,9,0.0
11.96,0.0,77.5,0,60,3.0,9,0.0
11.965,0.0,77.5,0,60,3.0,9,0.0
11.97,0.0,77.5,0,60,3.0,9,0.0
11.975,0.0,77.5,0,60,3.0,9,0.0
11.98,0.0,77.5,0,60,3.0,9,0.0
11.985,0.0,77.5,0,60,3.0,9,0.0
11.99,0.0,77.5,0,60,3.0,9,0.0
11.995,0.0,77.5,0,60,3.0,9,0.0
