Time,ECG,Pressure,R_Peaks,mean_hr,hrv_scale,Phase_Bin,Normalized_Pressure
0.0,0.001684486749771458,77.5,0,60,3.0,0,0.0
0.005,0.003097557930867117,77.5,0,60,3.0,0,0.0
0.01,0.005475106668887023,77.5,0,60,3.0,0,0.0
0.015,0.00930222931468658,77.5,0,60,3.0,0,0.0
0.02,0.01519157517868857,77.5,0,60,3.0,0,0.0
0.025,0.023847336626128316,77.5,0,60,3.0,0,0.0
0.03,0.0359830743700859,77.5,0,60,3.0,0,0.0
0.035,0.05218887796857759,77.5,0,60,3.0,0,0.0
0.04,0.0727577001223134,77.5,0,60,3.0,0,0.0
0.045,0.0974992498694751,77.5,0,60,3.0,0,0.0
0.05,0.12558706050443358,77.5,0,60,3.0,0,0.0
0.055,0.15549263588878245,77.5,0,60,3.0,0,0.0
0.06,0.1850529723539114,77.5,0,60,3.0,0,0.0
0.065,0.21169159439317053,77.5,0,60,3.0,0,0.0
0.07,0.23277292922115492,77.5,0,60,3.0,0,0.0
0.075,0.24602692519491282,77.5,0,60,3.0,0,0.0
0.08,0.24995056064839283,77.5,0,60,3.0,0,0.0
0.085,0.24408826520424054,77.5,0,60,3.0,0,0.0
0.09,0.22911894216865275,77.5,0,60,3.0,0,0.0
0.095,0.20672661788705934,77.5,0,60,3.0,0,0.0
0.1,0.17928878030241233,77.5,0,60,3.0,0,0.0
0.105,0.14946211903866036,77.5,0,60,3.0,0,0.0
0.11,0.1197651512573837,77.5,0,60,3.0,0,0.0
0.115,0.09224675744988023,77.5,0,60,3.0,0,0.0
0.12,0.06829565320281596,77.5,0,60,3.0,0,0.0
0.125,0.04860224607515734,77.5,0,60,3.0,0,0.0
0.13,0.03324612389699793,77.5,0,60,3.0,0,0.0
0.135,0.021859876340472782,77.5,0,60,3.0,0,0.0
0.14,0.01381595518554205,77.5,0,60,3.0,0,0.0
0.145,0.008394095110402422,77.5,0,60,3.0,0,0.0
0.15,0.0049052535271608,77.5,0,60,3.0,0,0.0
0.155,0.0027671663551903634,77.5,0,60,3.0,0,0.0
0.16,0.0015425553464444616,77.5,0,60,3.0,0,0.0
0.165,0.0009638206637011801,77.5,0,60,3.0,0,0.0
0.17,0.0009804935156568228,77.5,0,60,3.0,0,0.0
0.175,0.0018793744894085216,77.5,0,60,3.0,0,0.0
0.18,0.004535525206900863,77.5,0,60,3.0,0,0.0
0.185,0.010832767979632273,77.5,0,60,3.0,0,0.0
0.19,0.024208003392322392,77.5,0,60,3.0,0,0.0
0.195,0.0500971897335304,77.5,0,60,3.0,0,0.0
0.2,0.09582894921774403,77.5,0,60,3.0,0,0.0
0.205,0.16937896721820658,77.5,0,60,3.0,0,0.0
0.21,0.27661303008991756,77.5,0,60,3.0,0,0.0
0.215,0.4173782800009149,77.5,0,60,3.0,0,0.0
0.22,0.5818720934538056,77.5,0,60,3.0,0,0.0
0.225,0.7494718801585675,77.5,0,60,3.0,0,0.0
0.23,0.891813020752378,77.5,0,60,3.0,0,0.0
0.235,0.9800361632936612,77.5,0,60,3.0,0,0.0
0.24,0.993574479225126,77.5,0,60,3.0,0,0.0
0.245,0.9263438449375362,77.5,0,60,3.0,0,0.0
0.25,0.7873015962290536,77.5,0,60,3.0,0,0.0
0.255,0.5959516244629897,77.5,0,60,3.0,0,0.0
0.26,0.376910120078773,77.5,0,60,3.0,0,0.0
0.265,0.15739335672107918,77.5,0,60,3.0,0,0.0
0.27,-0.033361226269301235,77.5,0,60,3.0,0,0.0
0.275,-0.1680180840843834,77.5,0,60,3.0,0,0.0
0.28,-0.23069703190837854,77.5,0,60,3.0,0,0.0
0.285,-0.22587267821131068,77.5,0,60,3.0,0,0.0
0.29,-0.17718181630665902,77.5,0,60,3.0,0,0.0
0.295,-0.11494332516451301,77.5,0,60,3.0,0,0.0
0.3,-0.061810214049552864,77.5,0,60,3.0,0,0.0
0.305,-0.026546104631500547,77.5,0,60,3.0,0,0.0
0.31,-0.00719600351942686,77.5,0,60,3.0,0,0.0
0.315,0.0022072757983807078,77.5,0,60,3.0,0,0.0
0.32,0.006917199873730717,77.5,0,60,3.0,0,0.0
0.325,0.01004859748264829,77.5,0,60,3.0,0,0.0
0.33,0.013037082251128167,77.5,0,60,3.0,0,0.0
0.335,0.01645163937690478,77.5,0,60,3.0,0,0.0
0.34,0.020526639934696615,77.5,0,60,3.0,0,0.0
0.345,0.02539629541761738,77.5,0,60,3.0,0,0.0
0.35,0.031171612185577933,77.5,0,60,3.0,0,0.0
0.355,0.03795853426638131,77.5,0,60,3.0,0,0.0
0.36,0.0458588961882057,77.5,0,60,3.0,0,0.0
0.365,0.054966995891435555,77.5,0,60,3.0,0,0.0
0.37,0.06536491004445595,77.5,0,60,3.0,0,0.0
0.375,0.07711726085088699,77.5,0,60,3.0,0,0.0
0.38,0.09026570629555215,77.5,0,60,3.0,0,0.0
0.385,0.10482339848670268,77.5,0,60,3.0,0,0.0
0.39,0.12076968927580028,77.5,0,60,3.0,0,0.0
0.395,0.13804539501007884,77.5,0,60,3.0,0,0.0
0.4,0.15654895051787066,77.5,0,60,3.0,0,0.0
0.405,0.17613378141900526,77.5,0,60,3.0,0,0.0
0.41,0.19660720058055794,77.5,0,60,3.0,0,0.0
0.415,0.21773108748496234,77.5,0,60,3.0,0,0.0
0.42,0.23922453870058807,77.5,0,60,3.0,0,0.0
0.425,0.2607685857914563,77.5,0,60,3.0,0,0.0
0.43,0.2820129681603682,77.5,0,60,3.0,0,0.0
0.435,0.30258482867153996,77.5,0,60,3.0,0,0.0
0.44,0.3220990771751686,77.5,0,60,3.0,0,0.0
0.445,0.3401700499968971,77.5,0,60,3.0,0,0.0
0.45,0.3564239911198326,77.5,0,60,3.0,0,0.0
0.455,0.3705118017738417,77.5,0,60,3.0,0,0.0
0.46,0.3821214567925213,77.5,0,60,3.0,0,0.0
0.465,0.39098947374066967,77.5,0,60,3.0,0,0.0
0.47,0.3969108472035567,77.5,0,60,3.0,0,0.0
0.475,0.3997469255491936,77.5,0,60,3.0,0,0.0
0.48,0.3994308076379137,77.5,0,60,3.0,0,0.0
0.485,0.3959699661768434,77.5,0,60,3.0,0,0.0
0.49,0.38944595408114946,77.5,0,60,3.0,0,0.0
0.495,0.38001120995358023,77.5,0,60,3.0,0,0.0
0.5,0.3678831374098315,77.5,0,60,3.0,0,0.0
0.505,0.35333577933796634,77.5,0,60,3.0,0,0.0
0.51,0.33668953221163944,77.5,0,60,3.0,0,0.0
0.515,0.3182994390982644,77.5,0,60,3.0,0,0.0
0.52,0.29854265738230645,77.5,0,60,3.0,0,0.0
0.525,0.2778057157821067,77.5,0,60,3.0,0,0.0
0.53,0.2564721553719815,77.5,0,60,3.0,0,0.0
0.535,0.23491109433464996,77.5,0,60,3.0,0,0.0
0.54,0.21346717185309805,77.5,0,60,3.0,0,0.0
0.545,0.19245222055656455,77.5,0,60,3.0,0,0.0
0.55,0.17213889801761392,77.5,0,60,3.0,0,0.0
0.555,0.15275638501270183,77.5,0,60,3.0,0,0.0
0.56,0.13448814019607322,77.5,0,60,3.0,0,0.0
0.565,0.11747159495449566,77.5,0,60,3.0,0,0.0
0.57,0.10179958433370105,77.5,0,60,3.0,0,0.0
0.575,0.08752324394101413,77.5,0,60,3.0,0,0.0
0.58,0.07465606047174059,77.5,0,60,3.0,0,0.0
0.585,0.0631787448609295,77.5,0,60,3.0,0,0.0
0.59,0.05304460019959574,77.5,0,60,3.0,0,0.0
0.595,0.044185078305849994,77.5,0,60,3.0,0,0.0
0.6,0.03651525513023255,77.5,0,60,3.0,0,0.0
0.605,0.0299390014708757,77.5,0,60,3.0,0,0.0
0.61,0.024353677220580638,77.5,0,60,3.0,0,0.0
0.615,0.01965423034339045,77.5,0,60,3.0,0,0.0
0.62,0.015736632374757337,77.5,0,60,3.0,0,0.0
0.625,0.012500627640593535,77.5,0,60,3.0,0,0.0
0.63,0.009851811652115898,77.5,0,60,3.0,0,0.0
0.635,0.007703084175428559,77.5,0,60,3.0,0,0.0
0.64,0.005975544002062424,77.5,0,60,3.0,0,0.0
0.645,0.004598905818663047,77.5,0,60,3.0,0,0.0
0.65,0.0035115256454839104,77.5,0,60,3.0,0,0.0
0.655,0.002660121266303676,77.5,0,60,3.0,0,0.0
0.66,0.0019992692560877024,77.5,0,60,3.0,0,0.0
0.665,0.0014907520044639367,77.5,0,60,3.0,0,0.0
0.67,0.0011028178277539807,77.5,0,60,3.0,0,0.0
0.675,0.0008094059938923333,77.5,0,60,3.0,0,0.0
0.68,0.0005893771793717645,77.5,0,60,3.0,0,0.0
0.685,0.0004257792353490551,77.5,0,60,3.0,0,0.0
0.69,0.0003051686392901525,77.5,0,60,3.0,0,0.0
0.695,0.00021699992642659966,77.5,0,60,3.0,0,0.0
0.7,0.00015308884054097838,77.5,0,60,3.0,0,0.0
0.705,0.00010714989329311098,77.5,0,60,3.0,0,0.0
0.71,7.440535854020571e-05,77.5,0,60,3.0,0,0.0
0.715,5.1260276743925106e-05,77.5,0,60,3.0,0,0.0
0.72,3.503659887882241e-05,77.5,0,60,3.0,0,0.0
0.725,2.375894748103639e-05,77.5,0,60,3.0,0,0.0
0.73,1.5984413869232557e-05,77.5,0,60,3.0,0,0.0
0.735,1.0669166579899869e-05,77.5,0,60,3.0,0,0.0
0.74,7.06526633560511e-06,77.5,0,60,3.0,0,0.0
0.745,4.641847214699205e-06,77.5,0,60,3.0,0,0.0
0.75,3.025641074479182e-06,77.5,0,60,3.0,0,0.0
0.755,1.9566278676921314e-06,77.5,0,60,3.0,0,0.0
0.76,1.2553456560008793e-06,77.5,0,60,3.0,0,0.0
0.765,7.990660428214668e-07,77.5,0,60,3.0,0,0.0
0.77,5.046221251618276e-07,77.5,0,60,3.0,0,0.0
0.775,3.1616527078858815e-07,77.5,0,60,3.0,0,0.0
0.78,1.9652884407760343e-07,77.5,0,60,3.0,0,0.0
0.785,1.2120002189836396e-07,77.5,0,60,3.0,0,0.0
0.79,7.415549848886236e-08,77.5,0,60,3.0,0,0.0
0.795,4.501406988770349e-08,77.5,0,60,3.0,0,0.0
0.8,0.0,77.5,0,60,3.0,0,0.0
0.805,0.0,77.5,0,60,3.0,0,0.0
0.81,0.0,77.5,0,60,3.0,0,0.0
0.815,0.0,77.5,0,60,3.0,0,0.0
0.82,0.0,77.5,0,60,3.0,0,0.0
0.825,0.0,77.5,0,60,3.0,0,0.0
0.83,0.0,77.5,0,60,3.0,0,0.0
0.835,0.0,77.5,0,60,3.0,0,0.0
0.84,0.0,77.5,0,60,3.0,0,0.0
0.845,0.0,77.5,0,60,3.0,0,0.0
0.85,0.0,77.5,0,60,3.0,0,0.0
0.855,0.0,77.5,0,60,3.0,0,0.0
0.86,0.0,77.5,0,60,3.0,0,0.0
0.865,0.0,77.5,0,60,3.0,0,0.0
0.87,0.0,77.5,0,60,3.0,0,0.0
0.875,0.0,77.5,0,60,3.0,0,0.0
0.88,0.0,77.5,0,60,3.0,0,0.0
0.885,0.0,77.5,0,60,3.0,0,0.0
0.89,0.0,77.5,0,60,3.0,0,0.0
0.895,0.0,77.5,0,60,3.0,0,0.0
0.9,0.0,77.5,0,60,3.0,0,0.0
0.905,0.0,77.5,0,60,3.0,0,0.0
0.91,0.0,77.5,0,60,3.0,0,0.0
0.915,0.0,77.5,0,60,3.0,0,0.0
0.92,0.0,77.5,0,60,3.0,0,0.0
0.925,0.0,77.5,0,60,3.0,0,0.0
0.93,0.0,77.5,0,60,3.0,0,0.0
0.935,0.0,77.5,0,60,3.0,0,0.0
0.94,0.0,77.5,0,60,3.0,0,0.0
0.945,0.0,77.5,0,60,3.0,0,0.0
0.95,0.0,77.5,0,60,3.0,0,0.0
0.955,0.0,77.5,0,60,3.0,0,0.0
0.96,0.0,77.5,0,60,3.0,0,0.0
0.965,0.0,77.5,0,60,3.0,0,0.0
0.97,0.0,77.5,0,60,3.0,0,0.0
0.975,0.0,77.5,0,60,3.0,0,0.0
0.98,0.0,77.5,0,60,3.0,0,0.0
0.985,0.0,77.5,0,60,3.0,0,0.0
0.99,0.0,77.5,0,60,3.0,0,0.0
0.995,0.0,77.5,0,60,3.0,0,0.0
1.0,0.0,77.5,0,60,3.0,0,0.0
1.005,0.0,77.5,0,60,3.0,0,0.0
1.01,0.0,77.5,0,60,3.0,0,0.0
1.015,0.0,77.5,0,60,3.0,0,0.0
1.02,0.0,77.5,0,60,3.0,0,0.0
1.025,0.0,77.5,0,60,3.0,0,0.0
1.03,0.001684486749771458,77.5,0,60,3.0,0,0.0
1.035,0.003097557930867117,77.5,0,60,3.0,0,0.0
1.04,0.005475106668887023,77.5,0,60,3.0,0,0.0
1.045,0.00930222931468658,77.5,0,60,3.0,0,0.0
1.05,0.01519157517868857,77.5,0,60,3.0,0,0.0
1.055,0.023847336626128316,77.5,0,60,3.0,0,0.0
1.06,0.0359830743700859,77.5,0,60,3.0,0,0.0
1.065,0.05218887796857759,77.5,0,60,3.0,0,0.0
1.07,0.0727577001223134,77.5,0,60,3.0,0,0.0
1.075,0.0974992498694751,77.5,0,60,3.0,0,0.0
1.08,0.12558706050443358,77.5,0,60,3.0,0,0.0
1.085,0.15549263588878245,77.5,0,60,3.0,0,0.0
1.09,0.1850529723539114,77.5,0,60,3.0,0,0.0
1.095,0.21169159439317053,77.5,0,60,3.0,0,0.0
1.1,0.23277292922115492,77.5,0,60,3.0,0,0.0
1.105,0.24602692519491282,77.5,0,60,3.0,0,0.0
1.11,0.24995056064839283,77.5,0,60,3.0,0,0.0
1.115,0.24408826520424054,77.5,0,60,3.0,0,0.0
1.12,0.22911894216865275,77.5,0,60,3.0,0,0.0
1.125,0.20672661788705934,77.5,0,60,3.0,0,0.0
1.13,0.17928878030241233,77.5,0,60,3.0,0,0.0
1.135,0.14946211903866036,77.5,0,60,3.0,0,0.0
1.14,0.1197651512573837,77.5,0,60,3.0,0,0.0
1.145,0.09224675744988023,77.5,0,60,3.0,0,0.0
1.15,0.06829565320281596,77.5,0,60,3.0,0,0.0
1.155,0.04860224607515734,77.5,0,60,3.0,0,0.0
1.16,0.03324612389699793,77.5,0,60,3.0,0,0.0
1.165,0.021859876340472782,77.5,0,60,3.0,0,0.0
1.17,0.01381595518554205,77.5,0,60,3.0,0,0.0
1.175,0.008394095110402422,77.5,0,60,3.0,0,0.0
1.18,0.0049052535271608,77.5,0,60,3.0,0,0.0
1.185,0.0027671663551903634,77.5,0,60,3.0,0,0.0
1.19,0.0015425553464444616,77.5,0,60,3.0,0,0.0
1.195,0.0009638206637011801,77.5,0,60,3.0,0,0.0
1.2,0.0009804935156568228,77.5,0,60,3.0,0,0.0
1.205,0.0018793744894085216,77.5,0,60,3.0,1,0.0
1.21,0.004535525206900863,77.5,0,60,3.0,1,0.0
1.215,0.010832767979632273,77.5,0,60,3.0,1,0.0
1.22,0.024208003392322392,77.5,0,60,3.0,1,0.0
1.225,0.0500971897335304,77.5,0,60,3.0,1,0.0
1.23,0.09582894921774403,77.5,0,60,3.0,1,0.0
1.235,0.16937896721820658,77.5,0,60,3.0,1,0.0
1.24,0.27661303008991756,77.5,0,60,3.0,1,0.0
1.245,0.4173782800009149,77.5,0,60,3.0,1,0.0
1.25,0.5818720934538056,77.5,0,60,3.0,1,0.0
1.255,0.7494718801585675,77.5,0,60,3.0,1,0.0
1.26,0.891813020752378,77.5,0,60,3.0,1,0.0
1.265,0.9800361632936612,77.5,0,60,3.0,1,0.0
1.27,0.993574479225126,77.50000249074864,1,60,3.0,1,5.8605850400079576e-08
1.275,0.9263438449375362,77.50000373719767,0,60,3.0,1,8.793406289655917e-08
1.28,0.7873015962290536,77.50000571125484,0,60,3.0,1,1.3438246690063405e-07
1.285,0.5959516244629897,77.50000897156823,0,60,3.0,1,2.1109572317607885e-07
1.29,0.376910120078773,77.50001461785887,0,60,3.0,1,3.43949620387588e-07
1.295,0.15739335672107918,77.50002485761756,0,60,3.0,1,5.848851190769304e-07
1.3,-0.033361226269301235,77.5000441468857,0,60,3.0,1,1.0387502517433485e-06
1.305,-0.1680180840843834,77.50008143641718,0,60,3.0,1,1.9161509923753115e-06
1.31,-0.23069703190837854,77.50015448638096,0,60,3.0,1,3.6349736697449024e-06
1.315,-0.22587267821131068,77.50029793771368,0,60,3.0,1,7.0102991454699375e-06
1.32,-0.17718181630665902,77.50057799534659,0,60,3.0,1,1.3599890507975942e-05
1.325,-0.11494332516451301,77.50111837318384,0,60,3.0,1,2.6314663149244498e-05
1.33,-0.061810214049552864,77.5021447712547,0,60,3.0,1,5.046520599307769e-05
1.335,-0.026546104631500547,77.50405875758024,0,60,3.0,1,9.550017835856712e-05
1.34,-0.00719600351942686,77.50755652220829,0,60,3.0,1,0.00017780052254800146
1.345,0.0022072757983807078,77.5138132687215,0,60,3.0,1,0.00032501808756485256
1.35,0.006917199873730717,77.52475921295319,0,60,3.0,1,0.000582569716545536
1.355,0.01004859748264829,77.54347674592255,0,60,3.0,1,0.0010229822570011037
1.36,0.013037082251128167,77.57474787349175,0,60,3.0,1,0.001758773493923413
1.365,0.01645163937690478,77.62577327415069,0,60,3.0,1,0.0029593711564867885
1.37,0.020526639934696615,77.70706537776042,0,60,3.0,1,0.0048721265355391764
1.375,0.02539629541761738,77.83348417583925,0,60,3.0,1,0.007846686490335193
1.38,0.031171612185577933,78.02533403405856,0,60,3.0,1,0.01236080080137787
1.385,0.03795853426638131,78.30937397061481,0,60,3.0,1,0.019044093426230924
1.39,0.0458588961882057,78.71951933566189,0,60,3.0,1,0.02869457260380908
1.395,0.054966995891435555,79.29694287055824,0,60,3.0,1,0.04228100871901742
1.4,0.06536491004445595,80.08923773111762,0,60,3.0,1,0.06092324073217931
1.405,0.07711726085088699,81.14830879222492,0,60,3.0,1,0.08584255981705703
1.41,0.09026570629555215,82.52673576022178,0,60,3.0,1,0.11827613553463018
1.415,0.10482339848670268,84.27251918352495,0,60,3.0,1,0.1593533925535282
1.42,0.12076968927580028,86.42237931349577,0,60,3.0,1,0.2099383367881357
1.425,0.13804539501007884,88.99410554557689,0,60,3.0,1,0.2704495422488679
1.43,0.15654895051787066,91.9788018156371,0,60,3.0,1,0.3406776897796964
1.435,0.17613378141900526,95.334168598068,0,60,3.0,1,0.41962749642512953
1.44,0.19660720058055794,98.98012138918452,0,60,3.0,1,0.5054146209219886
1.445,0.21773108748496234,102.79799284778882,0,60,3.0,1,0.5952468905362075
1.45,0.23922453870058807,106.63425574998296,0,60,3.0,1,0.6855118999995989
1.455,0.2607685857914563,110.3091421021212,0,60,3.0,1,0.7719798141675577
1.46,0.2820129681603682,113.62978726267669,0,60,3.0,1,0.8501126414747455
1.465,0.30258482867153996,116.40672107938641,0,60,3.0,1,0.915452260691445
1.47,0.3220990771751686,118.47182096137549,0,60,3.0,1,0.9640428461500115
1.475,0.3401700499968971,119.6953952366045,0,60,3.0,1,0.9928328290965764
1.48,0.3564239911198326,120.0,0,60,3.0,1,1.0
1.485,0.3705118017738417,119.36895538564825,0,60,3.0,1,0.9851518914270176
1.49,0.3821214567925213,117.8482718652806,0,60,3.0,1,0.9493711027124846
1.495,0.39098947374066967,115.54169086462247,0,60,3.0,1,0.8950986085793522
1.5,0.3969108472035567,112.59959541754621,0,60,3.0,1,0.8258728333540285
1.505,0.3997469255491936,109.20345077779993,0,60,3.0,1,0.7459635477129395
1.51,0.3994308076379137,105.54802170749046,0,60,3.0,1,0.6599534519409521
1.515,0.3959699661768434,101.8237860184662,0,60,3.0,1,0.572324376905087
1.52,0.38944595408114946,98.20171874166881,0,60,3.0,1,0.4870992645098544
1.525,0.38001120995358023,94.82204096605442,0,60,3.0,1,0.407577434495398
1.53,0.3678831374098315,91.78775541635707,0,60,3.0,1,0.3361824803848723
1.535,0.35333577933796634,89.16299261618758,0,60,3.0,1,0.27442335567500187
1.54,0.33668953221163944,86.97551489147115,0,60,3.0,1,0.22295329156402705
1.545,0.3182994390982644,85.22227107932854,0,60,3.0,1,0.18170049598420085
1.55,0.29854265738230645,83.87670192276543,0,60,3.0,1,0.15004004524153963
1.555,0.2778057157821067,82.89654561652101,0,60,3.0,1,0.12697754391814142
1.56,0.2564721553719815,82.23112307730574,0,60,3.0,1,0.11132054299542915
1.565,0.23491109433464996,81.82741116257147,0,60,3.0,1,0.10182143911932859
1.57,0.21346717185309805,81.63455867864775,0,60,3.0,1,0.09728373361524117
1.575,0.19245222055656455,81.60680170223023,0,60,3.0,1,0.09663062828777008
1.58,0.17213889801761392,81.70495430565997,0,60,3.0,1,0.0989401013096463
1.585,0.15275638501270183,81.89677692135083,0,60,3.0,1,0.10345357462001964
1.59,0.13448814019607322,82.15656636018309,0,60,3.0,1,0.1095662672984257
1.595,0.11747159495449566,82.46429012245926,0,60,3.0,1,0.11680682641080613
1.6,0.10179958433370105,82.8045283196595,0,60,3.0,1,0.12481243105081169
1.605,0.08752324394101413,83.16541222644258,0,60,3.0,1,0.13330381709276667
1.61,0.07465606047174059,83.53767634330968,0,60,3.0,1,0.14206297278375726
1.615,0.0631787448609295,83.91388111514495,0,60,3.0,1,0.15091484976811637
1.62,0.05304460019959574,84.28782021906059,0,60,3.0,1,0.15971341691907276
1.625,0.044185078305849994,84.65409926224211,0,60,3.0,1,0.16833174734687326
1.63,0.03651525513023255,85.0078589300795,0,60,3.0,1,0.17665550423716456
1.635,0.0299390014708757,85.34461127744662,0,60,3.0,1,0.18457908888109686
1.64,0.024353677220580638,85.66015930774962,0,60,3.0,1,0.1920037484176382
1.645,0.01965423034339045,85.95057432507056,0,60,3.0,1,0.19883704294283674
1.65,0.015736632374757337,86.21221077831807,0,60,3.0,1,0.2049931947839545
1.655,0.012500627640593535,86.44174327657818,0,60,3.0,1,0.21039395944889835
1.66,0.009851811652115898,86.63621460417082,0,60,3.0,1,0.21496975539225452
1.665,0.007703084175428559,86.79308677227421,0,60,3.0,1,0.21866086522998135
1.67,0.005975544002062424,86.91028950286497,0,60,3.0,1,0.2214185765379993
1.675,0.004598905818663047,86.98626223109395,0,60,3.0,1,0.22320617014338695
1.68,0.0035115256454839104,87.01998692484162,0,60,3.0,1,0.22399969234921455
1.685,0.002660121266303676,87.01100991632812,0,60,3.0,1,0.22378846861948518
1.69,0.0019992692560877024,86.95945163913956,0,60,3.0,1,0.22257533268563667
1.695,0.0014907520044639367,86.86600374296489,0,60,3.0,1,0.22037655865799746
1.7,0.0011028178277539807,86.73191356296712,0,60,3.0,1,0.2172214955992264
1.705,0.0008094059938923333,86.55895637276944,0,60,3.0,1,0.2131519146533987
1.71,0.0005893771793717645,86.34939625601568,0,60,3.0,1,0.20822108837683953
1.715,0.0004257792353490551,86.1059367891027,0,60,3.0,1,0.2024926303318282
1.72,0.0003051686392901525,85.83166303058954,0,60,3.0,1,0.19603913013151855
1.725,0.00021699992642659966,85.52997655357439,0,60,3.0,1,0.18894062478998555
1.73,0.00015308884054097838,85.20452542960692,0,60,3.0,1,0.18128295128486865
1.735,0.00010714989329311098,84.8591311722773,0,60,3.0,1,0.17315602758299534
1.74,7.440535854020571e-05,84.49771467412947,0,60,3.0,1,0.1646521099795169
1.745,5.1260276743925106e-05,84.12422312368471,0,60,3.0,1,0.15586407349846387
1.75,3.503659887882241e-05,83.74255977482709,0,60,3.0,1,0.14688375940769613
1.755,2.375894748103639e-05,83.3565182660101,0,60,3.0,1,0.1378004297884729
1.76,1.5984413869232557e-05,82.9697229613804,0,60,3.0,1,0.12869936379718586
1.765,1.0669166579899869e-05,82.58557652138303,0,60,3.0,1,0.11966062403254193
1.77,7.06526633560511e-06,82.20721561920514,0,60,3.0,1,0.1107580145695328
1.775,4.641847214699205e-06,81.83747541445932,0,60,3.0,1,0.10205824504610164
1.78,3.025641074479182e-06,81.47886308952788,0,60,3.0,1,0.09362030798889123
1.785,1.9566278676921314e-06,81.13354045891697,0,60,3.0,1,0.08549506962157573
1.79,1.2553456560008793e-06,80.80331538843093,0,60,3.0,1,0.07772506796308074
1.795,7.990660428214668e-07,80.48964151788857,0,60,3.0,1,0.07034450630326052
1.8,5.046221251618276e-07,80.1936255753785,0,60,3.0,1,0.06337942530302364
1.805,3.1616527078858815e-07,79.91604140743877,0,60,3.0,1,0.05684803311620633
1.81,1.9652884407760343e-07,79.65734973059041,0,60,3.0,1,0.050761170131539086
1.815,1.2120002189836396e-07,79.41772253577084,0,60,3.0,1,0.04512288319460789
1.82,7.415549848886236e-08,79.19707104686094,0,60,3.0,1,0.039931083455551554
1.825,4.501406988770349e-08,78.99507614445564,0,60,3.0,1,0.035178262222485594
1.83,0.0,78.81122021168667,0,60,3.0,1,0.030852240274980566
1.835,0.0,78.64481943465971,0,60,3.0,1,0.0269369278743461
1.84,0.0,78.49505568965337,0,60,3.0,1,0.023413075050667524
1.845,0.0,78.36100726610847,0,60,3.0,1,0.02025899449666995
1.85,0.0,78.24167780211948,0,60,3.0,1,0.017451242402811363
1.855,0.0,78.13602294148403,0,60,3.0,1,0.014965245681977154
1.86,0.0,78.04297435280705,0,60,3.0,1,0.012775867124871772
1.865,0.0,77.96146087689337,0,60,3.0,1,0.010857902985726335
1.87,0.0,77.89042668477981,0,60,3.0,1,0.009186510230113206
1.875,0.0,77.82884643227335,0,60,3.0,1,0.007737563112314159
1.88,0.0,77.77573748574355,0,60,3.0,1,0.006487940841024657
1.885,0.0,77.73016936702706,0,60,3.0,1,0.0054157498124014
1.89,0.0,77.69127062232624,0,60,3.0,1,0.004500485231205724
1.895,0.0,77.6582333613129,0,60,3.0,1,0.0037231379132445937
1.9,0.0,77.63031573925792,0,60,3.0,1,0.0030662526884217348
1.905,0.0,77.60684266831569,0,60,3.0,1,0.0025139451368398325
1.91,0.0,77.58720504582733,0,60,3.0,1,0.002051883431231344
1.915,0.0,77.57085777957612,0,60,3.0,1,0.001667241872379196
1.92,0.0,77.55731687430486,0,60,3.0,1,0.0013486323365849357
1.925,0.0,77.54615582242496,0,60,3.0,1,0.0010860193511756306
1.93,0.0,77.53700151653213,0,60,3.0,1,0.0008706239184030384
1.935,0.0,77.52952987374293,0,60,3.0,1,0.0006948205586571904
1.94,0.0,77.52346133340869,0,60,3.0,1,0.0005520313743221215
1.945,0.0,77.51855636164399,0,60,3.0,1,0.0004366202739761855
1.95,0.0,77.51461106927293,0,60,3.0,1,0.0003437898652454324
1.955,0.0,77.51145302495763,0,60,3.0,1,0.00026948294017957404
1.96,0.0,77.50893732291566,0,60,3.0,1,0.0002102899509566214
1.965,0.0,77.50694294504625,0,60,3.0,1,0.00016336341285289242
1.97,0.0,77.50536944058639,0,60,3.0,1,0.00012633977850334626
1.975,0.0,77.50413393258488,0,60,3.0,1,9.7269001997133e-05
1.98,0.0,77.50316844938739,0,60,3.0,1,7.455175029148824e-05
1.985,0.0,77.50241757075612,0,60,3.0,1,5.6884017791122355e-05
1.99,0.0,77.50183637194186,0,60,3.0,1,4.320875157324789e-05
1.995,0.0,77.50138864469302,0,60,3.0,1,3.267399277700968e-05
2.0,0.0,77.50104537152076,0,60,3.0,1,2.4596976959066844e-05
2.005,0.0,77.50078342824536,0,60,3.0,1,1.8433605773078158e-05
2.01,0.0,77.5005844896453,0,60,3.0,1,1.3752697536601237e-05
2.015,0.0,77.50043411366167,0,60,3.0,1,1.0214439098089155e-05
2.02,0.0,77.5003209808483,0,60,3.0,1,7.552490548251251e-06
2.025,0.0,77.50023626741132,0,60,3.0,1,5.559233207631062e-06
2.03,0.0,77.50017313208562,0,60,3.0,1,4.073696132255624e-06
2.035,0.0,77.50012629912273,0,60,3.0,1,2.9717440641514474e-06
2.04,0.0,77.50009172170994,0,60,3.0,1,2.1581578808389383e-06
2.045,0.0,77.50006631213128,0,60,3.0,1,1.5602854419097745e-06
2.05,0.0,77.50004772686034,0,60,3.0,1,1.1229849492872958e-06
2.055,0.0,77.5000341965096,0,60,3.0,1,8.046237553571701e-07
2.06,0.0,77.50002439213024,0,60,3.0,1,5.739324762998877e-07
2.065,0.0,77.5000173207509,0,60,3.0,1,4.0754707998423647e-07
2.07,0.0,77.50001224426546,0,60,3.0,1,2.8810036383219996e-07
2.075,0.0,77.50000861683532,0,60,3.0,1,2.0274906626796378e-07
2.08,0.0,77.50000603687084,0,60,3.0,1,1.4204401984042145e-07
2.085,0.0,77.50000421041604,0,60,3.0,1,9.906861263890973e-08
2.09,0.001684486749771458,77.5000029233928,0,60,3.0,1,6.878571291642455e-08
2.095,0.003097557930867117,77.50000202068385,0,60,3.0,1,4.7545502384844656e-08
2.1,0.005475106668887023,77.50000139046033,0,60,3.0,1,3.2716713563144474e-08
2.105,0.00930222931468658,77.50000095250633,0,60,3.0,1,2.2411913558993118e-08
2.11,0.01519157517868857,77.50000064957032,0,60,3.0,1,1.5284007638590135e-08
2.115,0.023847336626128316,77.50000044099485,0,60,3.0,1,1.0376349484217558e-08
2.12,0.0359830743700859,77.50000029805052,0,60,3.0,1,7.012953480679083e-09
2.125,0.05218887796857759,77.50000020053736,0,60,3.0,1,4.71852605615448e-09
2.13,0.0727577001223134,77.5000001343228,0,60,3.0,1,3.1605365540385452e-09
2.135,0.0974992498694751,77.50000008956808,0,60,3.0,1,2.1074841323056984e-09
2.14,0.12558706050443358,77.50000005945738,0,60,3.0,1,1.3989971220700468e-09
2.145,0.15549263588878245,77.50000003929229,0,60,3.0,1,9.24524436092778e-10
2.15,0.1850529723539114,77.50000002584984,0,60,3.0,1,6.082316036447403e-10
2.155,0.21169159439317053,77.50000001693002,0,60,3.0,1,3.983533294077086e-10
2.16,0.23277292922115492,77.5000000110384,0,60,3.0,1,2.5972694322049124e-10
2.165,0.24602692519491282,77.5000000071648,0,60,3.0,1,1.6858353667296744e-10
2.17,0.24995056064839283,77.50000000462967,0,60,3.0,1,1.08933390412644e-10
2.175,0.24408826520424054,77.50000000297815,0,60,3.0,1,7.007422616023926e-11
2.18,0.22911894216865275,77.50000000190718,0,60,3.0,1,4.487486983313883e-11
2.185,0.20672661788705934,77.50000000121587,0,60,3.0,1,2.860862396654043e-11
2.19,0.17928878030241233,77.50000000077166,0,60,3.0,1,1.8156791103298448e-11
2.195,0.14946211903866036,77.50000000048755,0,60,3.0,1,1.1471670672215302e-11
2.2,0.1197651512573837,77.50000000030666,0,60,3.0,1,7.215436091749272e-12
2.205,0.09224675744988023,77.50000000019202,0,60,3.0,1,4.51804868027787e-12
2.21,0.06829565320281596,77.5000000001197,0,60,3.0,1,2.816424218026976e-12
2.215,0.04860224607515734,77.50000000007428,0,60,3.0,1,1.7477679434437852e-12
2.22,0.03324612389699793,77.50000000004589,0,60,3.0,1,1.0796905853032298e-12
2.225,0.021859876340472782,77.50000000002822,0,60,3.0,1,6.640648815150865e-13
2.23,0.01381595518554205,77.50000000001728,0,60,3.0,1,4.0659763138083853e-13
2.235,0.008394095110402422,77.50000000001053,0,60,3.0,1,2.4777043162269844e-13
2.24,0.0049052535271608,77.5000000000064,0,60,3.0,1,1.5046787345508003e-13
2.245,0.0027671663551903634,77.50000000000387,0,60,3.0,1,9.094947017729283e-14
2.25,0.0015425553464444616,77.50000000000232,0,60,3.0,1,5.4502807495951216e-14
2.255,0.0009638206637011801,77.50000000000139,0,60,3.0,1,3.2768559107995206e-14
2.26,0.0009804935156568228,77.50000000000082,0,60,3.0,1,1.9393637023099206e-14
2.265,0.0018793744894085216,77.5000000000005,0,60,3.0,1,1.1703056824284003e-14
2.27,0.004535525206900863,77.50000000000028,0,60,3.0,1,6.687461042448002e-15
2.275,0.010832767979632273,77.50000000000017,0,60,3.0,1,4.012476625468801e-15
2.28,0.024208003392322392,77.5000000000001,0,60,3.0,1,2.3406113648568006e-15
2.285,0.0500971897335304,77.50000000000006,0,60,3.0,1,1.3374922084896003e-15
2.29,0.09582894921774403,77.50000000000003,0,60,3.0,1,6.687461042448002e-16
2.295,0.16937896721820658,77.50000000000001,0,60,3.0,1,3.343730521224001e-16
2.3,0.27661303008991756,77.50000000000001,0,60,3.0,1,3.343730521224001e-16
2.305,0.4173782800009149,77.5,0,60,3.0,1,0.0
2.31,0.5818720934538056,77.5,0,60,3.0,1,0.0
2.315,0.7494718801585675,77.5,0,60,3.0,1,0.0
2.32,0.891813020752378,77.5,0,60,3.0,1,0.0
2.325,0.9800361632936612,77.5,0,60,3.0,1,0.0
2.33,0.993574479225126,77.50000249379623,1,60,3.0,1,5.8677558372972485e-08
2.335,0.9263438449375362,77.5000037873591,0,60,3.0,1,8.911433189282167e-08
2.34,0.7873015962290536,77.50000586643203,0,60,3.0,1,1.3803369490554305e-07
2.345,0.5959516244629897,77.50000936112565,0,60,3.0,1,2.202617799733108e-07
2.35,0.376910120078773,77.50001553885947,0,60,3.0,1,3.656202228713108e-07
2.355,0.15739335672107918,77.5000269987902,0,60,3.0,1,6.352656518682873e-07
2.36,-0.033361226269301235,77.50004909538588,0,60,3.0,1,1.1551855500195362e-06
2.365,-0.1680180840843834,77.5000927881157,0,60,3.0,1,2.1832497810357704e-06
2.37,-0.23069703190837854,77.50018019691618,0,60,3.0,1,4.239927439437665e-06
2.375,-0.22587267821131068,77.50035512985896,0,60,3.0,1,8.355996681409712e-06
2.38,-0.17718181630665902,77.50070244716376,0,60,3.0,1,1.652816855907451e-05
2.385,-0.11494332516451301,77.50138258743117,0,60,3.0,1,3.253146896862049e-05
2.39,-0.061810214049552864,77.50269116678194,0,60,3.0,1,6.332157133984391e-05
2.395,-0.026546104631500547,77.50515844333034,0,60,3.0,1,0.00012137513718458007
2.4,-0.00719600351942686,77.50970954477438,0,60,3.0,1,0.00022845987704426187
2.405,0.0022072757983807078,77.5179131238936,0,60,3.0,1,0.00042148526808486006
2.41,0.006917199873730717,77.5323521823347,0,60,3.0,2,0.0007612278196401188
2.415,0.01004859748264829,77.55715374596484,0,60,3.0,2,0.0013447940227021102
2.42,0.013037082251128167,77.59871019466716,0,60,3.0,2,0.0023225928156979507
2.425,0.01645163937690478,77.66660957566988,0,60,3.0,2,0.00392022530987955
2.43,0.020526639934696615,77.77476004056273,0,60,3.0,2,0.006464942130887654
2.435,0.02539629541761738,77.94264063456316,0,60,3.0,2,0.01041507375442734
2.44,0.031171612185577933,78.1965363540429,0,60,3.0,2,0.016389090683362476
2.445,0.03795853426638131,78.57052498893353,0,60,3.0,2,0.025188823269024184
2.45,0.0458588961882057,79.10689048440082,0,60,3.0,2,0.03780918786825463
2.455,0.054966995891435555,79.85556550877875,0,60,3.0,2,0.05542507079479418
2.46,0.06536491004445595,80.87218550073672,0,60,3.0,2,0.07934554119380517
2.465,0.07711726085088699,82.21440106636989,0,60,3.0,2,0.1109270839145856
2.47,0.09026570629555215,83.93627195484723,0,60,3.0,2,0.1514416930552289
2.475,0.10482339848670268,86.08086244957394,0,60,3.0,2,0.20190264587232806
2.48,0.12076968927580028,88.67155390032357,0,60,3.0,2,0.2628600917723194
2.485,0.13804539501007884,91.70302829420208,0,60,3.0,2,0.33418890104004906
2.49,0.15654895051787066,95.13326660856461,0,60,3.0,2,0.41490039078975555
2.495,0.17613378141900526,98.87813714204108,0,60,3.0,2,0.5030149915774372
2.5,0.19660720058055794,102.81011793964564,0,60,3.0,2,0.5955321868151915
2.505,0.21773108748496234,106.76233734752944,0,60,3.0,2,0.6885255846477515
2.51,0.23922453870058807,110.53842825599659,0,60,3.0,2,0.7773747824940375
2.515,0.2607685857914563,113.92775900036906,0,60,3.0,2,0.8571237411851544
2.52,0.2820129681603682,116.72459033287774,0,60,3.0,2,0.9229315372441821
2.525,0.30258482867153996,118.74882595036786,0,60,3.0,2,0.9705606105968908
2.53,0.3220990771751686,119.8654865137496,0,60,3.0,2,0.9968349767941083
2.535,0.3401700499968971,120.0,0,60,3.0,2,1.0
2.54,0.3564239911198326,119.1469163744074,0,60,3.0,2,0.9799274441037035
2.545,0.3705118017738417,117.37064685570721,0,60,3.0,2,0.9381328671931107
2.55,0.3821214567925213,114.79810695801649,0,60,3.0,2,0.8776025166592115
2.555,0.39098947374066967,111.60444632346429,0,60,3.0,2,0.8024575605521009
2.56,0.3969108472035567,107.99410915756765,0,60,3.0,2,0.7175084507662977
2.565,0.3997469255491936,104.18007944020901,0,60,3.0,2,0.6277665750637414
2.57,0.3994308076379137,100.36422724801442,0,60,3.0,2,0.5379818176003391
2.575,0.3959699661768434,96.7212161790668,0,60,3.0,2,0.45226391009568945
2.58,0.38944595408114946,93.38759728931282,0,60,3.0,2,0.3738258185720664
2.585,0.38001120995358023,90.45670883537264,0,60,3.0,2,0.3048637373028856
2.59,0.3678831374098315,87.9790401462504,0,60,3.0,2,0.24656565050000936
2.595,0.35333577933796634,85.96697701419116,0,60,3.0,2,0.19922298856920373
2.6,0.33668953221163944,84.4024246438112,0,60,3.0,2,0.1624099916190871
2.605,0.3182994390982644,83.24571739115189,0,60,3.0,2,0.13519335038004435
2.61,0.29854265738230645,82.44441592118244,0,60,3.0,2,0.11633919814546917
2.615,0.2778057157821067,81.94096223704659,0,60,3.0,2,0.10449322910697861
2.62,0.2564721553719815,81.67860013199362,0,60,3.0,2,0.09832000310573222
2.625,0.23491109433464996,81.6053774632043,0,60,3.0,2,0.09659711678127779
2.63,0.21346717185309805,81.67636369433883,0,60,3.0,2,0.09826738104326664
2.635,0.19245222055656455,81.85441421730658,0,60,3.0,2,0.10245680511309609
2.64,0.17213889801761392,82.10989597948169,0,60,3.0,2,0.10846814069368688
2.645,0.15275638501270183,82.4197812649522,0,60,3.0,2,0.11575955917534603
2.65,0.13448814019607322,82.76645106571821,0,60,3.0,2,0.123916495663958
2.655,0.11747159495449566,83.13645818712642,0,60,3.0,2,0.13262254557944522
2.66,0.10179958433370105,83.51940780368162,0,60,3.0,2,0.1416331247925086
2.665,0.08752324394101413,83.90703501007195,0,60,3.0,2,0.15075376494286943
2.67,0.07465606047174059,84.29250168132002,0,60,3.0,2,0.15982356897223574
2.675,0.0631787448609295,84.66989887994485,0,60,3.0,2,0.16870350305752596
2.68,0.05304460019959574,85.03392255252196,0,60,3.0,2,0.1772687659416931
2.685,0.044185078305849994,85.37968430795249,0,60,3.0,2,0.1854043366577056
2.69,0.03651525513023255,85.70262077560254,0,60,3.0,2,0.1930028417788833
2.695,0.0299390014708757,85.99847050884269,0,60,3.0,2,0.19996401197276908
2.7,0.024353677220580638,86.26329398177421,0,60,3.0,2,0.2061951525123344
2.705,0.01965423034339045,86.49351840681324,0,60,3.0,2,0.21161219780737028
2.71,0.015736632374757337,86.68599420541278,0,60,3.0,2,0.2161410401273596
2.715,0.012500627640593535,86.83805385632725,0,60,3.0,2,0.2197189142665235
2.72,0.009851811652115898,86.94756666863884,0,60,3.0,2,0.22229568632091393
2.725,0.007703084175428559,87.01298502755421,0,60,3.0,2,0.2238349418248049
2.73,0.005975544002062424,87.03337908862481,0,60,3.0,2,0.2243148020852897
2.735,0.004598905818663047,87.0084579536151,0,60,3.0,2,0.2237284224380025
2.74,0.0035115256454839104,86.938576193165,0,60,3.0,2,0.22208414572152954
2.745,0.002660121266303676,86.82472527864306,0,60,3.0,2,0.2194053006739543
2.75,0.0019992692560877024,86.66851009780702,0,60,3.0,2,0.21572964936016506
2.755,0.0014907520044639367,86.47211127728372,0,60,3.0,2,0.2111085006419698
2.76,0.0011028178277539807,86.23823452311164,0,60,3.0,2,0.2056055181908622
2.765,0.0008094059938923333,85.97004861293706,0,60,3.0,2,0.19929526148087207
2.77,0.0005893771793717645,85.67111402048207,0,60,3.0,2,0.19226150636428388
2.775,0.0004257792353490551,85.34530441514248,0,60,3.0,2,0.18459539800335245
2.78,0.0003051686392901525,84.99672344980459,0,60,3.0,2,0.1763934929365786
2.785,0.00021699992642659966,84.62961932448681,0,60,3.0,2,0.16775574881145436
2.79,0.00015308884054097838,84.248299592624,0,60,3.0,2,0.15878351982644692
2.795,0.00010714989329311098,83.85704856531288,0,60,3.0,2,0.14957761330147953
2.8,7.440535854020571e-05,83.4600494751478,0,60,3.0,2,0.14023645823877173
2.805,5.1260276743925106e-05,83.06131329728954,0,60,3.0,2,0.13085443052445986
2.81,3.503659887882241e-05,82.66461580565927,0,60,3.0,2,0.1215203718978651
2.815,2.375894748103639e-05,82.2734440829479,0,60,3.0,2,0.1123163313634801
2.82,1.5984413869232557e-05,81.89095332165515,0,60,3.0,2,0.10331654874482699
2.825,1.0669166579899869e-05,81.51993436674516,0,60,3.0,2,0.0945866909822391
2.83,7.06526633560511e-06,81.16279207494762,0,60,3.0,2,0.08618334293994394
2.835,4.641847214699205e-06,80.82153421580314,0,60,3.0,2,0.07815374625419154
2.84,3.025641074479182e-06,80.49777032755243,0,60,3.0,2,0.07053577241299837
2.845,1.9566278676921314e-06,80.19271967649756,0,60,3.0,2,0.06335811003523671
2.85,1.2553456560008793e-06,79.9072272581673,0,60,3.0,2,0.05664064136864226
2.855,7.990660428214668e-07,79.64178662610968,0,60,3.0,2,0.05039497943787477
2.86,5.046221251618276e-07,79.39656824009577,0,60,3.0,2,0.04462513506107705
2.865,3.1616527078858815e-07,79.17145198793789,0,60,3.0,2,0.03932828206912672
2.87,1.9652884407760343e-07,78.96606254967222,0,60,3.0,2,0.034495589404052146
2.875,1.2120002189836396e-07,78.77980633332653,0,60,3.0,2,0.03011309019591843
2.88,7.415549848886236e-08,78.61190881032023,0,60,3.0,2,0.026162560242828946
2.885,4.501406988770349e-08,78.46145120731774,0,60,3.0,2,0.022622381348652625
2.89,0.0,78.32740566133431,0,60,3.0,2,0.019468368501983777
2.895,0.0,78.20866810746416,0,60,3.0,2,0.016674543705039135
2.9,0.0,78.10408833568827,0,60,3.0,2,0.014213843192665282
2.905,0.0,78.01249681760311,0,60,3.0,2,0.012058748649484882
2.91,0.0,77.93272805946427,0,60,3.0,2,0.010181836693276877
2.915,0.0,77.86364037977026,0,60,3.0,2,0.008556244229888467
2.92,0.0,77.80413213413297,0,60,3.0,2,0.007156050214893426
2.925,0.0,77.75315451508283,0,60,3.0,2,0.005956576825478271
2.93,0.0,77.70972113863759,0,60,3.0,2,0.004934615026766832
2.935,0.0,77.67291469288736,0,60,3.0,2,0.004068581009114362
2.94,0.0,77.6418909673889,0,60,3.0,2,0.0033386109973859595
2.945,0.0,77.61588060740796,0,60,3.0,2,0.0027266025272461
2.95,0.0,77.59418894611207,0,60,3.0,2,0.002216210496754577
2.955,0.0,77.57619426314615,0,60,3.0,2,0.0017928061916741038
2.96,0.0,77.56134480222934,0,60,3.0,2,0.001443407111278649
2.965,0.0,77.54915485611353,0,60,3.0,2,0.001156584849730159
2.97,0.0,77.53920019694617,0,60,3.0,2,0.0009223575752039725
2.975,0.0,77.53111309607614,0,60,3.0,2,0.0007320728488503605
2.98,0.0,77.52457714164618,0,60,3.0,2,0.0005782856857923862
2.985,0.0,77.51932202662293,0,60,3.0,2,0.00045463592053953804
2.99,0.0,77.51511844558637,0,60,3.0,2,0.00035572813144393184
2.995,0.0,77.51177320666078,0,60,3.0,2,0.0002770166273124045
3.0,0.0,77.50912463613587,0,60,3.0,2,0.00021469732084389816
3.005,0.0,77.50703832803256,0,60,3.0,2,0.00016560771841327818
3.01,0.0,77.50540326930944,0,60,3.0,2,0.00012713574845740956
3.015,0.0,77.50412835357564,0,60,3.0,2,9.713773119147738e-05
3.02,0.0,77.50313928191733,0,60,3.0,2,7.3865456878299e-05
3.025,0.0,77.50237583848272,0,60,3.0,2,5.590208194636194e-05
3.03,0.0,77.50178952045918,0,60,3.0,2,4.2106363745500964e-05
3.035,0.0,77.50134149662578,0,60,3.0,2,3.156462648903738e-05
3.04,0.0,77.5010008653694,0,60,3.0,2,2.3549773397783557e-05
3.045,0.0,77.50074318152002,0,60,3.0,2,1.748662400051912e-05
3.05,0.0,77.50054922121242,0,60,3.0,2,1.2922852057031645e-05
3.055,0.0,77.50040395488503,0,60,3.0,2,9.504820824237387e-06
3.06,0.0,77.50029570017914,0,60,3.0,2,6.957651273818128e-06
3.065,0.0,77.50021542865605,0,60,3.0,2,5.068909554077383e-06
3.07,0.0,77.50015620269332,0,60,3.0,2,3.675357489849857e-06
3.075,0.0,77.50011272149108,0,60,3.0,2,2.652270378308351e-06
3.08,0.0,77.50008095768732,0,60,3.0,2,1.904886760391545e-06
3.085,0.0,77.50005786855301,0,60,3.0,2,1.361613012102894e-06
3.09,0.0,77.50004116805168,0,60,3.0,2,9.686600395418602e-07
3.095,0.0,77.50002914816145,0,60,3.0,2,6.8583909283274e-07
3.1,0.0,77.50002053975126,0,60,3.0,2,4.832882649786958e-07
3.105,0.0,77.50001440496989,0,60,3.0,2,3.3894046797446634e-07
3.11,0.0,77.50001005455123,0,60,3.0,2,2.3657767589129968e-07
3.115,0.0,77.50000698467477,0,60,3.0,2,1.6434528868772116e-07
3.12,0.001684486749771458,77.50000482906273,0,60,3.0,2,1.1362500545681755e-07
3.125,0.003097557930867117,77.50000332286477,0,60,3.0,2,7.8185053432796e-08
3.13,0.005475106668887023,77.50000227559855,0,60,3.0,2,5.354349522188867e-08
3.135,0.00930222931468658,77.50000155099998,0,60,3.0,2,3.6494117239271875e-08
3.14,0.01519157517868857,77.50000105210987,0,60,3.0,2,2.475552625636577e-08
3.145,0.023847336626128316,77.50000071030286,0,60,3.0,2,1.6713008389000177e-08
3.15,0.0359830743700859,77.50000047726456,0,60,3.0,2,1.1229754443989162e-08
3.155,0.05218887796857759,77.50000031915964,0,60,3.0,2,7.509638568508843e-09
3.16,0.0727577001223134,77.50000021241732,0,60,3.0,2,4.99805457152166e-09
3.165,0.0974992498694751,77.50000014070355,0,60,3.0,2,3.3106717263067632e-09
3.17,0.12558706050443358,77.50000009275841,0,60,3.0,2,2.1825508825071773e-09
3.175,0.15549263588878245,77.50000006086039,0,60,3.0,2,1.432009104759987e-09
3.18,0.1850529723539114,77.50000003974196,0,60,3.0,2,9.351050025810872e-10
3.185,0.21169159439317053,77.50000002582837,0,60,3.0,2,6.077263659629834e-10
3.19,0.23277292922115492,77.50000001670621,0,60,3.0,2,3.9308728820983294e-10
3.195,0.24602692519491282,77.50000001075455,0,60,3.0,2,2.5304817587739844e-10
3.2,0.24995056064839283,77.50000000689032,0,60,3.0,2,1.6212512117122327e-10
3.205,0.24408826520424054,77.5000000043936,0,60,3.0,2,1.0337878527078668e-10
3.21,0.22911894216865275,77.50000000278825,0,60,3.0,2,6.560599906472764e-11
3.215,0.20672661788705934,77.50000000176108,0,60,3.0,2,4.143718048426843e-11
3.22,0.17928878030241233,77.50000000110703,0,60,3.0,2,2.6047660760334968e-11
3.225,0.14946211903866036,77.50000000069258,0,60,3.0,2,1.629600506823729e-11
3.23,0.1197651512573837,77.50000000043124,0,60,3.0,2,1.0146884639706353e-11
3.235,0.09224675744988023,77.50000000026724,0,60,3.0,2,6.287885245161734e-12
3.24,0.06829565320281596,77.50000000016482,0,60,3.0,2,3.878058658515596e-12
3.245,0.04860224607515734,77.50000000010117,0,60,3.0,2,2.380401758059366e-12
3.25,0.03324612389699793,77.5000000000618,0,60,3.0,2,1.454188403680318e-12
3.255,0.021859876340472782,77.50000000003757,0,60,3.0,2,8.840823498116258e-13
3.26,0.01381595518554205,77.50000000002274,0,60,3.0,2,5.349968833958402e-13
3.265,0.008394095110402422,77.5000000000137,0,60,3.0,2,3.223356222459937e-13
3.27,0.0049052535271608,77.50000000000821,0,60,3.0,2,1.9326762412674725e-13
3.275,0.0027671663551903634,77.5000000000049,0,60,3.0,2,1.1535870298222802e-13
3.28,0.0015425553464444616,77.50000000000291,0,60,3.0,2,6.854647568509201e-14
3.285,0.0009638206637011801,77.50000000000172,0,60,3.0,2,4.045913930681041e-14
3.29,0.0009804935156568228,77.50000000000101,0,60,3.0,2,2.3740486700690407e-14
3.295,0.0018793744894085216,77.5000000000006,0,60,3.0,2,1.4043668189140804e-14
3.3,0.004535525206900863,77.50000000000034,0,60,3.0,2,8.024953250937602e-15
3.305,0.010832767979632273,77.5000000000002,0,60,3.0,2,4.681222729713601e-15
3.31,0.024208003392322392,77.50000000000011,0,60,3.0,2,2.6749844169792007e-15
3.315,0.0500971897335304,77.50000000000007,0,60,3.0,2,1.6718652606120004e-15
3.32,0.09582894921774403,77.50000000000004,0,60,3.0,2,1.0031191563672002e-15
3.325,0.16937896721820658,77.50000000000001,0,60,3.0,2,3.343730521224001e-16
3.33,0.27661303008991756,77.50000000000001,0,60,3.0,2,3.343730521224001e-16
3.335,0.4173782800009149,77.5,0,60,3.0,2,0.0
3.34,0.5818720934538056,77.5,0,60,3.0,2,0.0
3.345,0.7494718801585675,77.5,0,60,3.0,2,0.0
3.35,0.891813020752378,77.5,0,60,3.0,2,0.0
3.355,0.9800361632936612,77.5,0,60,3.0,2,0.0
3.36,0.993574479225126,77.50000249065474,1,60,3.0,2,5.860364086295115e-08
3.365,0.9263438449375362,77.50000381481783,0,60,3.0,2,8.976041954156244e-08
3.37,0.7873015962290536,77.50000596523532,0,60,3.0,2,1.4035847805323155e-07
3.375,0.5959516244629897,77.50000962503476,0,60,3.0,2,2.2647140620874244e-07
3.38,0.376910120078773,77.50001618917643,0,60,3.0,2,3.809217984700594e-07
3.385,0.15739335672107918,77.5000285614158,0,60,3.0,2,6.720333130140395e-07
3.39,-0.033361226269301235,77.50005280883279,0,60,3.0,2,1.2425607715559796e-06
3.395,-0.1680180840843834,77.50010151190543,0,60,3.0,2,2.388515421818524e-06
3.4,-0.23069703190837854,77.50020036214238,0,60,3.0,2,4.714403350108649e-06
3.405,-0.22587267821131068,77.50040077561245,0,60,3.0,2,9.430014410541202e-06
3.41,-0.17718181630665902,77.50080326727193,0,60,3.0,2,1.8900406398442475e-05
3.415,-0.11494332516451301,77.50159937912407,0,60,3.0,2,3.763244997819182e-05
3.42,-0.061810214049552864,77.50314438198903,0,60,3.0,2,7.398545856544308e-05
3.425,-0.026546104631500547,77.5060789517361,0,60,3.0,2,0.00014303415849647481
3.43,-0.00719600351942686,77.5115253796782,0,60,3.0,2,0.00027118540419304043
3.435,0.0022072757983807078,77.5213917627598,0,60,3.0,2,0.0005033355943483537
3.44,0.006917199873730717,77.53882411894206,0,60,3.0,2,0.0009135086809896406
3.445,0.01004859748264829,77.56884815932884,0,60,3.0,2,0.0016199566900902884
3.45,0.013037082251128167,77.6192346558676,0,60,3.0,2,0.002805521314531782
3.455,0.01645163937690478,77.70159894500465,0,60,3.0,2,0.004743504588344649
3.46,0.020526639934696615,77.83270008287926,0,60,3.0,2,0.007828237244217797
3.465,0.02539629541761738,78.03583465142736,0,60,3.0,2,0.012607874151232115
3.47,0.031171612185577933,78.34212553437393,0,60,3.0,2,0.019814718455857288
3.475,0.03795853426638131,78.79139701937089,0,60,3.0,2,0.030385812220491543
3.48,0.0458588961882057,79.43222533468237,0,60,3.0,2,0.045464125521938153
3.485,0.054966995891435555,80.32069048739088,0,60,3.0,2,0.06636918793860887
3.49,0.06536491004445595,81.5173707975343,0,60,3.0,2,0.09452637170668936
3.495,0.07711726085088699,83.08225427174436,0,60,3.0,2,0.13134715933516145
3.5,0.09026570629555215,85.06751487992965,0,60,3.0,2,0.17805917364540344
3.505,0.10482339848670268,87.50851138218808,0,60,3.0,2,0.23549438546324883
3.51,0.12076968927580028,90.41386466435996,0,60,3.0,2,0.3038556391614109
3.515,0.13804539501007884,93.75596504105044,0,60,3.0,2,0.38249329508353985
3.52,0.15654895051787066,97.4636280918179,0,60,3.0,2,0.4697324256898328
3.525,0.17613378141900526,101.41872257270964,0,60,3.0,2,0.5627934722990504
3.53,0.19660720058055794,105.45833242352343,0,60,3.0,2,0.6578431158476101
3.535,0.21773108748496234,109.38335163215552,0,60,3.0,2,0.7501965089918947
3.54,0.23922453870058807,112.9734084393601,0,60,3.0,2,0.8346684338672965
3.545,0.2607685857914563,116.00683982528938,0,60,3.0,2,0.9060432900068088
3.55,0.2820129681603682,118.28333120453613,0,60,3.0,2,0.9596077930479089
3.555,0.30258482867153996,119.646064803065,0,60,3.0,2,0.9916721130132942
3.56,0.3220990771751686,120.0,0,60,3.0,2,1.0
3.565,0.3401700499968971,119.32334270778719,0,60,3.0,2,0.9840786519479339
3.57,0.3564239911198326,117.6702984466819,0,60,3.0,2,0.9451834928631034
3.575,0.3705118017738417,115.1646448291192,0,60,3.0,2,0.8862269371557459
3.58,0.3821214567925213,111.9851997850634,0,60,3.0,2,0.8114164655309035
3.585,0.39098947374066967,108.34557221481842,0,60,3.0,2,0.7257781697604334
3.59,0.3969108472035567,104.47139174943496,0,60,3.0,2,0.634620982339646
3.595,0.3997469255491936,100.57838099842344,0,60,3.0,2,0.5430207293746692
3.6,0.3994308076379137,96.85417087272945,0,60,3.0,2,0.45539225582892834
3.605,0.3959699661768434,93.44582268957237,0,60,3.0,2,0.37519582798993806
3.61,0.38944595408114946,90.45385471397468,0,60,3.0,2,0.30479658150528655
3.615,0.38001120995358023,87.93243962502166,0,60,3.0,3,0.24546916764756843
3.62,0.3678831374098315,85.89455992933536,0,60,3.0,3,0.19751905716083196
3.625,0.35333577933796634,84.32040601189054,0,60,3.0,3,0.160480141456248
3.63,0.33668953221163944,83.16719725117376,0,60,3.0,3,0.13334581767467674
3.635,0.3182994390982644,82.37883285219493,0,60,3.0,3,0.114796067110469
3.64,0.29854265738230645,81.89421459224894,0,60,3.0,3,0.10339328452350455
3.645,0.2778057157821067,81.65359406235096,0,60,3.0,3,0.09773162499649321
3.65,0.2564721553719815,81.60276811068044,0,60,3.0,3,0.09653572025130455
3.655,0.23491109433464996,81.6953041114732,0,60,3.0,3,0.0987130379170166
3.66,0.21346717185309805,81.89319219750705,0,60,3.0,3,0.10336922817663642
3.665,0.19245222055656455,82.16640283127366,0,60,3.0,3,0.10979771367702724
3.67,0.17213889801761392,82.49180664386697,0,60,3.0,3,0.11745427397334036
3.675,0.15275638501270183,82.85182970057085,0,60,3.0,3,0.12592540471931402
3.68,0.13448814019607322,83.23310877819486,0,60,3.0,3,0.13489667713399672
3.685,0.11747159495449566,83.62530580186197,0,60,3.0,3,0.14412484239675222
3.69,0.10179958433370105,84.02015461343919,0,60,3.0,3,0.15341540266915737
3.695,0.08752324394101413,84.41075278688982,0,60,3.0,3,0.1626059479268192
3.7,0.07465606047174059,84.79107511020709,0,60,3.0,3,0.17155470847546092
3.705,0.0631787448609295,85.15566858139451,0,60,3.0,3,0.18013337838575313
3.71,0.05304460019959574,85.49948511358731,0,60,3.0,3,0.18822317914323086
3.715,0.044185078305849994,85.81781198508382,0,60,3.0,3,0.19571322317844286
3.72,0.03651525513023255,86.1062671685372,0,60,3.0,3,0.2025004039655812
3.725,0.0299390014708757,86.36083432317702,0,60,3.0,3,0.20849021936887097
3.73,0.024353677220580638,86.57791901100559,0,60,3.0,3,0.21359809437660213
3.735,0.01965423034339045,86.75441307651025,0,60,3.0,3,0.21775089591788815
3.74,0.015736632374757337,86.88775811124916,0,60,3.0,3,0.22088842614703896
3.745,0.012500627640593535,86.97600175641713,0,60,3.0,3,0.2229647472098149
3.75,0.009851811652115898,87.017842589161,0,60,3.0,3,0.2239492373920237
3.755,0.007703084175428559,87.012660771883,0,60,3.0,3,0.22382731227960015
3.76,0.005975544002062424,86.96053273007563,0,60,3.0,3,0.22260077011942653
3.765,0.004598905818663047,86.86222900437889,0,60,3.0,3,0.2202877412795033
3.77,0.0035115256454839104,86.719195178689,0,60,3.0,3,0.21692223949856484
3.775,0.002660121266303676,86.53351645798008,0,60,3.0,3,0.21255332842306082
3.78,0.0019992692560877024,86.30786706938648,0,60,3.0,3,0.20724393104438765
3.785,0.0014907520044639367,86.04544618487417,0,60,3.0,3,0.2010693219970392
3.79,0.0011028178277539807,85.74990250322291,0,60,3.0,3,0.19411535301700972
3.795,0.0008094059938923333,85.42524997119911,0,60,3.0,3,0.18647646991056724
3.8,0.0005893771793717645,85.0757773587906,0,60,3.0,3,0.17825358491272006
3.805,0.0004257792353490551,84.70595452519278,0,60,3.0,3,0.1695518711810066
3.81,0.0003051686392901525,84.32033821979824,0,60,3.0,3,0.160478546348194
3.815,0.00021699992642659966,83.92348015988665,0,60,3.0,3,0.1511407096443918
3.82,0.00015308884054097838,83.51983992315786,0,60,3.0,3,0.1416432923095967
3.825,0.00010714989329311098,83.11370490220835,0,60,3.0,3,0.13208717416960833
3.83,7.440535854020571e-05,82.70911920653026,0,60,3.0,3,0.12256751074188849
3.835,5.1260276743925106e-05,82.30982298507394,0,60,3.0,3,0.11317230553115143
3.84,3.503659887882241e-05,81.91920319962112,0,60,3.0,3,0.10398125175579112
3.845,2.375894748103639e-05,81.5402564270607,0,60,3.0,3,0.09506485710731052
3.85,1.5984413869232557e-05,81.1755638270808,0,60,3.0,3,0.0864838547548422
3.855,1.0669166579899869e-05,80.82727799879292,0,60,3.0,3,0.07828889408924523
3.86,7.06526633560511e-06,80.49712108066727,0,60,3.0,3,0.07052049601570047
3.865,4.641847214699205e-06,80.18639313486506,0,60,3.0,3,0.06320925023211899
3.87,3.025641074479182e-06,79.89598960793784,0,60,3.0,3,0.05637622606912554
3.875,1.9566278676921314e-06,79.6264264795071,0,60,3.0,3,0.050033564223696536
3.88,1.2553456560008793e-06,79.37787159987418,0,60,3.0,3,0.04418521411468666
3.885,7.990660428214668e-07,79.15018067413585,0,60,3.0,3,0.03882778056790244
3.89,5.046221251618276e-07,78.94293636900822,0,60,3.0,3,0.03395144397666406
3.895,3.1616527078858815e-07,78.75548909159917,0,60,3.0,3,0.029540919802333494
3.9,1.9652884407760343e-07,78.58699810755667,0,60,3.0,3,0.025576426060156872
3.905,1.2120002189836396e-07,78.43647181909245,0,60,3.0,3,0.022034631037469325
3.91,7.415549848886236e-08,78.30280620070539,0,60,3.0,3,0.018889557663656246
3.915,4.501406988770349e-08,78.18482058158935,0,60,3.0,3,0.01611342544916116
3.92,0.0,78.08129015900583,0,60,3.0,3,0.01367741550601957
3.925,0.0,77.99097481773615,0,60,3.0,3,0.011552348652615178
3.93,0.0,77.91264400989799,0,60,3.0,3,0.00970927082112914
3.935,0.0,77.84509761126496,0,60,3.0,3,0.008119943794469679
3.94,0.0,77.7871828107303,0,60,3.0,3,0.00675724260541883
3.945,0.0,77.73780720624384,0,60,3.0,3,0.005595463676325728
3.95,0.0,77.69594837242065,0,60,3.0,3,0.004610549939309294
3.955,0.0,77.66066023234221,0,60,3.0,3,0.0037802407609931646
3.96,0.0,77.63107661018051,0,60,3.0,3,0.00308415553365916
3.965,0.0,77.60641236432045,0,60,3.0,3,0.0025038203369517225
3.97,0.0,77.58596250536276,0,60,3.0,3,0.002022647185006075
3.975,0.0,77.56909969282334,0,60,3.0,3,0.0016258751252551332
3.98,0.0,77.55527048169948,0,60,3.0,3,0.0013004819223407166
3.985,0.0,77.54399065849753,0,60,3.0,3,0.0010350743175890516
3.99,0.0,77.53483996875943,0,60,3.0,3,0.0008197639708100724
3.995,0.0,77.52745649724005,0,60,3.0,3,0.0006460352291777086
4.0,0.0,77.52153091995265,0,60,3.0,3,0.000506609881238894
4.005,0.0,77.51680080618708,0,60,3.0,3,0.00039531308675477437
4.01,0.0,77.51304510977057,0,60,3.0,3,0.0003069437593076012
4.015,0.0,77.51007895333593,0,60,3.0,3,0.00023715184319846283
4.02,0.0,77.50774877787383,0,60,3.0,3,0.00018232418526655932
4.025,0.0,77.50592790273667,0,60,3.0,3,0.00013948006439230032
4.03,0.0,77.50451251862505,0,60,3.0,3,0.00010617690882467662
4.035,0.0,77.50341811780184,0,60,3.0,3,8.042630121983219e-05
4.04,0.0,77.50257635156204,0,60,3.0,3,6.062003675390984e-05
4.045,0.0,77.50193229444417,0,60,3.0,3,4.5465751627622974e-05
4.05,0.0,77.50144208734422,0,60,3.0,3,3.3931466922735235e-05
4.055,0.0,77.5010709270944,0,60,3.0,3,2.519828457419702e-05
4.06,0.0,77.50079136771336,0,60,3.0,3,1.862041678497703e-05
4.065,0.0,77.50058189795325,0,60,3.0,3,1.3691716547140567e-05
4.07,0.0,77.50042576054396,0,60,3.0,3,1.0017895152045373e-05
4.075,0.0,77.5003099802863,0,60,3.0,3,7.293653795373115e-06
4.08,0.0,77.50022457055825,0,60,3.0,3,5.284013135183962e-06
4.085,0.0,77.5001618906037,0,60,3.0,3,3.809190675450308e-06
4.09,0.0,77.5001161289628,0,60,3.0,3,2.7324461835659724e-06
4.095,0.0,77.50008289141098,0,60,3.0,3,1.950386140780371e-06
4.1,0.0,77.5000588746852,0,60,3.0,3,1.3852867104614074e-06
4.105,0.0,77.50004161000271,0,60,3.0,3,9.7905888731689e-07
4.11,0.0,77.50002926287357,0,60,3.0,3,6.885382015966838e-07
4.115,0.0,77.50002047794057,0,60,3.0,3,4.818338956791943e-07
4.12,0.0,77.50001425954493,0,60,3.0,3,3.3551870414532246e-07
4.125,0.0,77.50000988041381,0,60,3.0,3,2.3248032501963763e-07
4.13,0.001684486749771458,77.5000068123144,0,60,3.0,3,1.6028975049748088e-07
4.135,0.003097557930867117,77.50000467373745,0,60,3.0,3,1.0997029295033237e-07
4.14,0.005475106668887023,77.50000319068567,0,60,3.0,3,7.507495705367012e-08
4.145,0.00930222931468658,77.50000216747358,0,60,3.0,3,5.099937839879524e-08
4.15,0.01519157517868857,77.50000146512164,0,60,3.0,3,3.447345039496534e-08
4.155,0.023847336626128316,77.50000098547052,0,60,3.0,3,2.318754167497579e-08
4.16,0.0359830743700859,77.50000065957421,0,60,3.0,3,1.5519393226735273e-08
4.165,0.05218887796857759,77.50000043927226,0,60,3.0,3,1.0335817785958438e-08
4.17,0.0727577001223134,77.50000029110788,0,60,3.0,3,6.849597197929945e-09
4.175,0.0974992498694751,77.50000019196597,0,60,3.0,3,4.516846274782438e-09
4.18,0.12558706050443358,77.50000012596347,0,60,3.0,3,2.963846287350273e-09
4.185,0.15549263588878245,77.50000008224605,0,60,3.0,3,1.9352010921840486e-09
4.19,0.1850529723539114,77.5000000534362,0,60,3.0,3,1.2573222567666295e-09
4.195,0.21169159439317053,77.50000003454666,0,60,3.0,3,8.128625615748152e-10
4.2,0.23277292922115492,77.50000002222423,0,60,3.0,3,5.229230068567524e-10
4.205,0.24602692519491282,77.50000001422649,0,60,3.0,3,3.3474086247973474e-10
4.21,0.24995056064839283,77.50000000906188,0,60,3.0,3,2.1322066726604723e-10
4.215,0.24408826520424054,77.50000000574367,0,60,3.0,3,1.3514522834157106e-10
4.22,0.22911894216865275,77.50000000362252,0,60,3.0,3,8.523570346262525e-11
4.225,0.20672661788705934,77.50000000227342,0,60,3.0,3,5.349233213243732e-11
4.23,0.17928878030241233,77.50000000141972,0,60,3.0,3,3.3405205399236256e-11
4.235,0.14946211903866036,77.50000000088221,0,60,3.0,3,2.0757879075758598e-11
4.24,0.1197651512573837,77.5000000005455,0,60,3.0,3,1.283524397877045e-11
4.245,0.09224675744988023,77.50000000033563,0,60,3.0,3,7.897222745026846e-12
4.25,0.06829565320281596,77.50000000020549,0,60,3.0,3,4.8350343336899055e-12
4.255,0.04860224607515734,77.50000000012518,0,60,3.0,3,2.9454922161462225e-12
4.26,0.03324612389699793,77.50000000007589,0,60,3.0,3,1.7855520983336164e-12
4.265,0.021859876340472782,77.50000000004577,0,60,3.0,3,1.0770156008862506e-12
4.27,0.01381595518554205,77.50000000002747,0,60,3.0,3,6.463431097525994e-13
4.275,0.008394095110402422,77.50000000001641,0,60,3.0,3,3.862008752013721e-13
4.28,0.0049052535271608,77.50000000000975,0,60,3.0,3,2.2937991375596645e-13
4.285,0.0027671663551903634,77.50000000000577,0,60,3.0,3,1.3575545916169443e-13
4.29,0.0015425553464444616,77.5000000000034,0,60,3.0,3,7.991515945725361e-14
4.295,0.0009638206637011801,77.50000000000199,0,60,3.0,3,4.681222729713601e-14
4.3,0.0009804935156568228,77.50000000000115,0,60,3.0,3,2.7084217221914406e-14
4.305,0.0018793744894085216,77.50000000000067,0,60,3.0,3,1.5715533449752805e-14
4.31,0.004535525206900863,77.50000000000038,0,60,3.0,3,9.028072407304802e-15
4.315,0.010832767979632273,77.50000000000023,0,60,3.0,3,5.349968833958401e-15
4.32,0.024208003392322392,77.50000000000013,0,60,3.0,3,3.0093574691016007e-15
4.325,0.0500971897335304,77.50000000000007,0,60,3.0,3,1.6718652606120004e-15
4.33,0.09582894921774403,77.50000000000004,0,60,3.0,3,1.0031191563672002e-15
4.335,0.16937896721820658,77.50000000000003,0,60,3.0,3,6.687461042448002e-16
4.34,0.27661303008991756,77.50000000000001,0,60,3.0,3,3.343730521224001e-16
4.345,0.4173782800009149,77.5,0,60,3.0,3,0.0
4.35,0.5818720934538056,77.5,0,60,3.0,3,0.0
4.355,0.7494718801585675,77.5,0,60,3.0,3,0.0
4.36,0.891813020752378,77.5,0,60,3.0,3,0.0
4.365,0.9800361632936612,77.5,0,60,3.0,3,0.0
4.37,0.993574479225126,77.50000249065474,1,60,3.0,3,5.860364086295115e-08
4.375,0.9263438449375362,77.50000381481783,0,60,3.0,3,8.976041954156244e-08
4.38,0.7873015962290536,77.50000596523532,0,60,3.0,3,1.4035847805323155e-07
4.385,0.5959516244629897,77.50000962503476,0,60,3.0,3,2.2647140620874244e-07
4.39,0.376910120078773,77.50001618917643,0,60,3.0,3,3.809217984700594e-07
4.395,0.15739335672107918,77.5000285614158,0,60,3.0,3,6.720333130140395e-07
4.4,-0.033361226269301235,77.50005280883279,0,60,3.0,3,1.2425607715559796e-06
4.405,-0.1680180840843834,77.50010151190543,0,60,3.0,3,2.388515421818524e-06
4.41,-0.23069703190837854,77.50020036214238,0,60,3.0,3,4.714403350108649e-06
4.415,-0.22587267821131068,77.50040077561245,0,60,3.0,3,9.430014410541202e-06
4.42,-0.17718181630665902,77.50080326727193,0,60,3.0,3,1.8900406398442475e-05
4.425,-0.11494332516451301,77.50159937912407,0,60,3.0,3,3.763244997819182e-05
4.43,-0.061810214049552864,77.50314438198903,0,60,3.0,3,7.398545856544308e-05
4.435,-0.026546104631500547,77.5060789517361,0,60,3.0,3,0.00014303415849647481
4.44,-0.00719600351942686,77.5115253796782,0,60,3.0,3,0.00027118540419304043
4.445,0.0022072757983807078,77.5213917627598,0,60,3.0,3,0.0005033355943483537
4.45,0.006917199873730717,77.53882411894206,0,60,3.0,3,0.0009135086809896406
4.455,0.01004859748264829,77.56884815932884,0,60,3.0,3,0.0016199566900902884
4.46,0.013037082251128167,77.6192346558676,0,60,3.0,3,0.002805521314531782
4.465,0.01645163937690478,77.70159894500465,0,60,3.0,3,0.004743504588344649
4.47,0.020526639934696615,77.83270008287926,0,60,3.0,3,0.007828237244217797
4.475,0.02539629541761738,78.03583465142736,0,60,3.0,3,0.012607874151232115
4.48,0.031171612185577933,78.34212553437393,0,60,3.0,3,0.019814718455857288
4.485,0.03795853426638131,78.79139701937089,0,60,3.0,3,0.030385812220491543
4.49,0.0458588961882057,79.43222533468237,0,60,3.0,3,0.045464125521938153
4.495,0.054966995891435555,80.32069048739088,0,60,3.0,3,0.06636918793860887
4.5,0.06536491004445595,81.5173707975343,0,60,3.0,3,0.09452637170668936
4.505,0.07711726085088699,83.08225427174436,0,60,3.0,3,0.13134715933516145
4.51,0.09026570629555215,85.06751487992965,0,60,3.0,3,0.17805917364540344
4.515,0.10482339848670268,87.50851138218808,0,60,3.0,3,0.23549438546324883
4.52,0.12076968927580028,90.41386466435996,0,60,3.0,3,0.3038556391614109
4.525,0.13804539501007884,93.75596504105044,0,60,3.0,3,0.38249329508353985
4.53,0.15654895051787066,97.4636280918179,0,60,3.0,3,0.4697324256898328
4.535,0.17613378141900526,101.41872257270964,0,60,3.0,3,0.5627934722990504
4.54,0.19660720058055794,105.45833242352343,0,60,3.0,3,0.6578431158476101
4.545,0.21773108748496234,109.38335163215552,0,60,3.0,3,0.7501965089918947
4.55,0.23922453870058807,112.9734084393601,0,60,3.0,3,0.8346684338672965
4.555,0.2607685857914563,116.00683982528938,0,60,3.0,3,0.9060432900068088
4.56,0.2820129681603682,118.28333120453613,0,60,3.0,3,0.9596077930479089
4.565,0.30258482867153996,119.646064803065,0,60,3.0,3,0.9916721130132942
4.57,0.3220990771751686,120.0,0,60,3.0,3,1.0
4.575,0.3401700499968971,119.32334270778719,0,60,3.0,3,0.9840786519479339
4.58,0.3564239911198326,117.6702984466819,0,60,3.0,3,0.9451834928631034
4.585,0.3705118017738417,115.1646448291192,0,60,3.0,3,0.8862269371557459
4.59,0.3821214567925213,111.9851997850634,0,60,3.0,3,0.8114164655309035
4.595,0.39098947374066967,108.34557221481842,0,60,3.0,3,0.7257781697604334
4.6,0.3969108472035567,104.47139174943496,0,60,3.0,3,0.634620982339646
4.605,0.3997469255491936,100.57838099842344,0,60,3.0,3,0.5430207293746692
4.61,0.3994308076379137,96.85417087272945,0,60,3.0,3,0.45539225582892834
4.615,0.3959699661768434,93.44582268957237,0,60,3.0,3,0.37519582798993806
4.62,0.38944595408114946,90.45385471397468,0,60,3.0,3,0.30479658150528655
4.625,0.38001120995358023,87.93243962502166,0,60,3.0,3,0.24546916764756843
4.63,0.3678831374098315,85.89455992933536,0,60,3.0,3,0.19751905716083196
4.635,0.35333577933796634,84.32040601189054,0,60,3.0,3,0.160480141456248
4.64,0.33668953221163944,83.16719725117376,0,60,3.0,3,0.13334581767467674
4.645,0.3182994390982644,82.37883285219493,0,60,3.0,3,0.114796067110469
4.65,0.29854265738230645,81.89421459224894,0,60,3.0,3,0.10339328452350455
4.655,0.2778057157821067,81.65359406235096,0,60,3.0,3,0.09773162499649321
4.66,0.2564721553719815,81.60276811068044,0,60,3.0,3,0.09653572025130455
4.665,0.23491109433464996,81.6953041114732,0,60,3.0,3,0.0987130379170166
4.67,0.21346717185309805,81.89319219750705,0,60,3.0,3,0.10336922817663642
4.675,0.19245222055656455,82.16640283127366,0,60,3.0,3,0.10979771367702724
4.68,0.17213889801761392,82.49180664386697,0,60,3.0,3,0.11745427397334036
4.685,0.15275638501270183,82.85182970057085,0,60,3.0,3,0.12592540471931402
4.69,0.13448814019607322,83.23310877819486,0,60,3.0,3,0.13489667713399672
4.695,0.11747159495449566,83.62530580186197,0,60,3.0,3,0.14412484239675222
4.7,0.10179958433370105,84.02015461343919,0,60,3.0,3,0.15341540266915737
4.705,0.08752324394101413,84.41075278688982,0,60,3.0,3,0.1626059479268192
4.71,0.07465606047174059,84.79107511020709,0,60,3.0,3,0.17155470847546092
4.715,0.0631787448609295,85.15566858139451,0,60,3.0,3,0.18013337838575313
4.72,0.05304460019959574,85.49948511358731,0,60,3.0,3,0.18822317914323086
4.725,0.044185078305849994,85.81781198508382,0,60,3.0,3,0.19571322317844286
4.73,0.03651525513023255,86.1062671685372,0,60,3.0,3,0.2025004039655812
4.735,0.0299390014708757,86.36083432317702,0,60,3.0,3,0.20849021936887097
4.74,0.024353677220580638,86.57791901100559,0,60,3.0,3,0.21359809437660213
4.745,0.01965423034339045,86.75441307651025,0,60,3.0,3,0.21775089591788815
4.75,0.015736632374757337,86.88775811124916,0,60,3.0,3,0.22088842614703896
4.755,0.012500627640593535,86.97600175641713,0,60,3.0,3,0.2229647472098149
4.76,0.009851811652115898,87.017842589161,0,60,3.0,3,0.2239492373920237
4.765,0.007703084175428559,87.012660771883,0,60,3.0,3,0.22382731227960015
4.77,0.005975544002062424,86.96053273007563,0,60,3.0,3,0.22260077011942653
4.775,0.004598905818663047,86.86222900437889,0,60,3.0,3,0.2202877412795033
4.78,0.0035115256454839104,86.719195178689,0,60,3.0,3,0.21692223949856484
4.785,0.002660121266303676,86.53351645798008,0,60,3.0,3,0.21255332842306082
4.79,0.0019992692560877024,86.30786706938648,0,60,3.0,3,0.20724393104438765
4.795,0.0014907520044639367,86.04544618487417,0,60,3.0,3,0.2010693219970392
4.8,0.0011028178277539807,85.74990250322291,0,60,3.0,3,0.19411535301700972
4.805,0.0008094059938923333,85.42524997119911,0,60,3.0,3,0.18647646991056724
4.81,0.0005893771793717645,85.0757773587906,0,60,3.0,3,0.17825358491272006
4.815,0.0004257792353490551,84.70595452519278,0,60,3.0,3,0.1695518711810066
4.82,0.0003051686392901525,84.32033821979824,0,60,3.0,4,0.160478546348194
4.825,0.00021699992642659966,83.92348015988665,0,60,3.0,4,0.1511407096443918
4.83,0.00015308884054097838,83.51983992315786,0,60,3.0,4,0.1416432923095967
4.835,0.00010714989329311098,83.11370490220835,0,60,3.0,4,0.13208717416960833
4.84,7.440535854020571e-05,82.70911920653026,0,60,3.0,4,0.12256751074188849
4.845,5.1260276743925106e-05,82.30982298507394,0,60,3.0,4,0.11317230553115143
4.85,3.503659887882241e-05,81.91920319962112,0,60,3.0,4,0.10398125175579112
4.855,2.375894748103639e-05,81.5402564270607,0,60,3.0,4,0.09506485710731052
4.86,1.5984413869232557e-05,81.1755638270808,0,60,3.0,4,0.0864838547548422
4.865,1.0669166579899869e-05,80.82727799879292,0,60,3.0,4,0.07828889408924523
4.87,7.06526633560511e-06,80.49712108066727,0,60,3.0,4,0.07052049601570047
4.875,4.641847214699205e-06,80.18639313486506,0,60,3.0,4,0.06320925023211899
4.88,3.025641074479182e-06,79.89598960793784,0,60,3.0,4,0.05637622606912554
4.885,1.9566278676921314e-06,79.6264264795071,0,60,3.0,4,0.050033564223696536
4.89,1.2553456560008793e-06,79.37787159987418,0,60,3.0,4,0.04418521411468666
4.895,7.990660428214668e-07,79.15018067413585,0,60,3.0,4,0.03882778056790244
4.9,5.046221251618276e-07,78.94293636900822,0,60,3.0,4,0.03395144397666406
4.905,3.1616527078858815e-07,78.75548909159917,0,60,3.0,4,0.029540919802333494
4.91,1.9652884407760343e-07,78.58699810755667,0,60,3.0,4,0.025576426060156872
4.915,1.2120002189836396e-07,78.43647181909245,0,60,3.0,4,0.022034631037469325
4.92,7.415549848886236e-08,78.30280620070539,0,60,3.0,4,0.018889557663656246
4.925,4.501406988770349e-08,78.18482058158935,0,60,3.0,4,0.01611342544916116
4.93,0.0,78.08129015900583,0,60,3.0,4,0.01367741550601957
4.935,0.0,77.99097481773615,0,60,3.0,4,0.011552348652615178
4.94,0.0,77.91264400989799,0,60,3.0,4,0.00970927082112914
4.945,0.0,77.84509761126496,0,60,3.0,4,0.008119943794469679
4.95,0.0,77.7871828107303,0,60,3.0,4,0.00675724260541883
4.955,0.0,77.73780720624384,0,60,3.0,4,0.005595463676325728
4.96,0.0,77.69594837242065,0,60,3.0,4,0.004610549939309294
4.965,0.0,77.66066023234221,0,60,3.0,4,0.0037802407609931646
4.97,0.0,77.63107661018051,0,60,3.0,4,0.00308415553365916
4.975,0.0,77.60641236432045,0,60,3.0,4,0.0025038203369517225
4.98,0.0,77.58596250536276,0,60,3.0,4,0.002022647185006075
4.985,0.0,77.56909969282334,0,60,3.0,4,0.0016258751252551332
4.99,0.0,77.55527048169948,0,60,3.0,4,0.0013004819223407166
4.995,0.0,77.54399065849753,0,60,3.0,4,0.0010350743175890516
5.0,0.0,77.53483996875943,0,60,3.0,4,0.0008197639708100724
5.005,0.0,77.52745649724005,0,60,3.0,4,0.0006460352291777086
5.01,0.0,77.52153091995265,0,60,3.0,4,0.000506609881238894
5.015,0.0,77.51680080618708,0,60,3.0,4,0.00039531308675477437
5.02,0.0,77.51304510977057,0,60,3.0,4,0.0003069437593076012
5.025,0.0,77.51007895333593,0,60,3.0,4,0.00023715184319846283
5.03,0.0,77.50774877787383,0,60,3.0,4,0.00018232418526655932
5.035,0.0,77.50592790273667,0,60,3.0,4,0.00013948006439230032
5.04,0.0,77.50451251862505,0,60,3.0,4,0.00010617690882467662
5.045,0.0,77.50341811780184,0,60,3.0,4,8.042630121983219e-05
5.05,0.0,77.50257635156204,0,60,3.0,4,6.062003675390984e-05
5.055,0.0,77.50193229444417,0,60,3.0,4,4.5465751627622974e-05
5.06,0.0,77.50144208734422,0,60,3.0,4,3.3931466922735235e-05
5.065,0.0,77.5010709270944,0,60,3.0,4,2.519828457419702e-05
5.07,0.0,77.50079136771336,0,60,3.0,4,1.862041678497703e-05
5.075,0.0,77.50058189795325,0,60,3.0,4,1.3691716547140567e-05
5.08,0.0,77.50042576054396,0,60,3.0,4,1.0017895152045373e-05
5.085,0.0,77.5003099802863,0,60,3.0,4,7.293653795373115e-06
5.09,0.0,77.50022457055825,0,60,3.0,4,5.284013135183962e-06
5.095,0.0,77.5001618906037,0,60,3.0,4,3.809190675450308e-06
5.1,0.0,77.5001161289628,0,60,3.0,4,2.7324461835659724e-06
5.105,0.0,77.50008289141098,0,60,3.0,4,1.950386140780371e-06
5.11,0.0,77.5000588746852,0,60,3.0,4,1.3852867104614074e-06
5.115,0.0,77.50004161000271,0,60,3.0,4,9.7905888731689e-07
5.12,0.0,77.50002926287357,0,60,3.0,4,6.885382015966838e-07
5.125,0.0,77.50002047794057,0,60,3.0,4,4.818338956791943e-07
5.13,0.0,77.50001425954493,0,60,3.0,4,3.3551870414532246e-07
5.135,0.0,77.50000988041381,0,60,3.0,4,2.3248032501963763e-07
5.14,0.001684486749771458,77.5000068123144,0,60,3.0,4,1.6028975049748088e-07
5.145,0.003097557930867117,77.50000467373745,0,60,3.0,4,1.0997029295033237e-07
5.15,0.005475106668887023,77.50000319068567,0,60,3.0,4,7.507495705367012e-08
5.155,0.00930222931468658,77.50000216747358,0,60,3.0,4,5.099937839879524e-08
5.16,0.01519157517868857,77.50000146512164,0,60,3.0,4,3.447345039496534e-08
5.165,0.023847336626128316,77.50000098547052,0,60,3.0,4,2.318754167497579e-08
5.17,0.0359830743700859,77.50000065957421,0,60,3.0,4,1.5519393226735273e-08
5.175,0.05218887796857759,77.50000043927226,0,60,3.0,4,1.0335817785958438e-08
5.18,0.0727577001223134,77.50000029110788,0,60,3.0,4,6.849597197929945e-09
5.185,0.0974992498694751,77.50000019196597,0,60,3.0,4,4.516846274782438e-09
5.19,0.12558706050443358,77.50000012596347,0,60,3.0,4,2.963846287350273e-09
5.195,0.15549263588878245,77.50000008224605,0,60,3.0,4,1.9352010921840486e-09
5.2,0.1850529723539114,77.5000000534362,0,60,3.0,4,1.2573222567666295e-09
5.205,0.21169159439317053,77.50000003454666,0,60,3.0,4,8.128625615748152e-10
5.21,0.23277292922115492,77.50000002222423,0,60,3.0,4,5.229230068567524e-10
5.215,0.24602692519491282,77.50000001422649,0,60,3.0,4,3.3474086247973474e-10
5.22,0.24995056064839283,77.50000000906188,0,60,3.0,4,2.1322066726604723e-10
5.225,0.24408826520424054,77.50000000574367,0,60,3.0,4,1.3514522834157106e-10
5.23,0.22911894216865275,77.50000000362252,0,60,3.0,4,8.523570346262525e-11
5.235,0.20672661788705934,77.50000000227342,0,60,3.0,4,5.349233213243732e-11
5.24,0.17928878030241233,77.50000000141972,0,60,3.0,4,3.3405205399236256e-11
5.245,0.14946211903866036,77.50000000088221,0,60,3.0,4,2.0757879075758598e-11
5.25,0.1197651512573837,77.5000000005455,0,60,3.0,4,1.283524397877045e-11
5.255,0.09224675744988023,77.50000000033563,0,60,3.0,4,7.897222745026846e-12
5.26,0.06829565320281596,77.50000000020549,0,60,3.0,4,4.8350343336899055e-12
5.265,0.04860224607515734,77.50000000012518,0,60,3.0,4,2.9454922161462225e-12
5.27,0.03324612389699793,77.50000000007589,0,60,3.0,4,1.7855520983336164e-12
5.275,0.021859876340472782,77.50000000004577,0,60,3.0,4,1.0770156008862506e-12
5.28,0.01381595518554205,77.50000000002747,0,60,3.0,4,6.463431097525994e-13
5.285,0.008394095110402422,77.50000000001641,0,60,3.0,4,3.862008752013721e-13
5.29,0.0049052535271608,77.50000000000975,0,60,3.0,4,2.2937991375596645e-13
5.295,0.0027671663551903634,77.50000000000577,0,60,3.0,4,1.3575545916169443e-13
5.3,0.0015425553464444616,77.5000000000034,0,60,3.0,4,7.991515945725361e-14
5.305,0.0009638206637011801,77.50000000000199,0,60,3.0,4,4.681222729713601e-14
5.31,0.0009804935156568228,77.50000000000115,0,60,3.0,4,2.7084217221914406e-14
5.315,0.0018793744894085216,77.50000000000067,0,60,3.0,4,1.5715533449752805e-14
5.32,0.004535525206900863,77.50000000000038,0,60,3.0,4,9.028072407304802e-15
5.325,0.010832767979632273,77.50000000000023,0,60,3.0,4,5.349968833958401e-15
5.33,0.024208003392322392,77.50000000000013,0,60,3.0,4,3.0093574691016007e-15
5.335,0.0500971897335304,77.50000000000007,0,60,3.0,4,1.6718652606120004e-15
5.34,0.09582894921774403,77.50000000000004,0,60,3.0,4,1.0031191563672002e-15
5.345,0.16937896721820658,77.50000000000003,0,60,3.0,4,6.687461042448002e-16
5.35,0.27661303008991756,77.50000000000001,0,60,3.0,4,3.343730521224001e-16
5.355,0.4173782800009149,77.5,0,60,3.0,4,0.0
5.36,0.5818720934538056,77.5,0,60,3.0,4,0.0
5.365,0.7494718801585675,77.5,0,60,3.0,4,0.0
5.37,0.891813020752378,77.5,0,60,3.0,4,0.0
5.375,0.9800361632936612,77.5,0,60,3.0,4,0.0
5.38,0.993574479225126,77.50000249379623,1,60,3.0,4,5.8677558372972485e-08
5.385,0.9263438449375362,77.50000382794776,0,60,3.0,4,9.006935917622125e-08
5.39,0.7873015962290536,77.50000600036053,0,60,3.0,4,1.4118495361050436e-07
5.395,0.5959516244629897,77.50000970943701,0,60,3.0,4,2.2845734138975198e-07
5.4,0.376910120078773,77.5000163868594,0,60,3.0,4,3.8557316235496463e-07
5.405,0.15739335672107918,77.50002902423199,0,60,3.0,4,6.829231056947131e-07
5.41,-0.033361226269301235,77.50005389476512,0,60,3.0,4,1.268112120388811e-06
5.415,-0.1680180840843834,77.50010404947875,0,60,3.0,4,2.4482230294191086e-06
5.42,-0.23069703190837854,77.50020622040319,0,60,3.0,4,4.852244780843595e-06
5.425,-0.22587267821131068,77.50041404783398,0,60,3.0,4,9.742301976115521e-06
5.43,-0.17718181630665902,77.50083263801669,0,60,3.0,4,1.959148274562829e-05
5.435,-0.11494332516451301,77.50166268015035,0,60,3.0,4,3.912188589050161e-05
5.44,-0.061810214049552864,77.5032770278292,0,60,3.0,4,7.710653715762687e-05
5.445,-0.026546104631500547,77.50634895429774,0,60,3.0,4,0.0001493871599467077
5.45,-0.00719600351942686,77.5120590120072,0,60,3.0,4,0.0002837414589929294
5.455,0.0022072757983807078,77.52241562190353,0,60,3.0,4,0.0005274263977302032
5.46,0.006917199873730717,77.54073109806174,0,60,3.0,4,0.0009583787779233182
5.465,0.01004859748264829,77.57229617891642,0,60,3.0,4,0.0017010865627392323
5.47,0.013037082251128167,77.62528706971409,0,60,3.0,4,0.0029479310520962505
5.475,0.01645163937690478,77.7119131132812,0,60,3.0,4,0.004986190900734086
5.48,0.020526639934696615,77.84976424958334,0,60,3.0,4,0.008229747049019874
5.485,0.02539629541761738,78.06324165455797,0,60,3.0,4,0.013252744813128709
5.49,0.031171612185577933,78.38485440731901,0,60,3.0,4,0.020820103701623793
5.495,0.03795853426638131,78.85605110071748,0,60,3.0,4,0.031907084722764226
5.5,0.0458588961882057,79.52715125776614,0,60,3.0,4,0.047697676653320836
5.505,0.054966995891435555,80.45588226229052,0,60,3.0,4,0.06955017087742389
5.51,0.06536491004445595,81.70405544530206,0,60,3.0,4,0.09891895165416613
5.515,0.07711726085088699,83.33206946519013,0,60,3.0,4,0.1372251638868266
5.52,0.09026570629555215,85.39123254573106,0,60,3.0,4,0.1856760598995543
5.525,0.10482339848670268,87.9143369512103,0,60,3.0,4,0.24504322238141887
5.53,0.12076968927580028,90.90544393360824,0,60,3.0,4,0.3154222102025468
5.535,0.13804539501007884,94.33034336266256,0,60,3.0,4,0.396008079121472
5.54,0.15654895051787066,98.10950421064753,0,60,3.0,4,0.4849295108387654
5.545,0.17613378141900526,102.11539119616134,0,60,3.0,4,0.5791856752037963
5.55,0.19660720058055794,106.17568759500095,0,60,3.0,4,0.6747220610588459
5.555,0.21773108748496234,110.08321153763839,0,60,3.0,4,0.7666638008856091
5.56,0.23922453870058807,113.61222628224048,0,60,3.0,4,0.8496994419350702
5.565,0.2607685857914563,116.53961398056285,0,60,3.0,4,0.9185791524838317
5.57,0.2820129681603682,118.66827111065578,0,60,3.0,4,0.9686652026036654
5.575,0.30258482867153996,119.84936740314373,0,60,3.0,4,0.9964557036033819
5.58,0.3220990771751686,120.0,0,60,3.0,4,1.0
5.585,0.3401700499968971,119.11335164043977,0,60,3.0,4,0.9791376856574064
5.59,0.3564239911198326,117.2596422087817,0,60,3.0,4,0.9355209931478047
5.595,0.3705118017738417,114.57771066593102,0,60,3.0,4,0.8724167215513182
5.6,0.3821214567925213,111.25864733544083,0,60,3.0,4,0.7943211137750783
5.605,0.39098947374066967,107.52417358062645,0,60,3.0,4,0.7064511430735636
5.61,0.3969108472035567,103.60317581973628,0,60,3.0,4,0.614192372229089
5.615,0.3997469255491936,99.70982687224779,0,60,3.0,4,0.5225841616999479
5.62,0.3994308076379137,96.02611916232044,0,60,3.0,4,0.43590868617224565
5.625,0.3959699661768434,92.69058107724302,0,60,3.0,4,0.3574254371116006
5.63,0.38944595408114946,89.79371843965717,0,60,3.0,4,0.28926396328605103
5.635,0.38001120995358023,87.37958938048318,0,60,3.0,4,0.2324609265996043
5.64,0.3678831374098315,85.45209135214775,0,60,3.0,4,0.1871080318152411
5.645,0.35333577933796634,83.98411918621723,0,60,3.0,4,0.15256751026393478
5.65,0.33668953221163944,82.92773974008752,0,60,3.0,4,0.12771152329617688
5.655,0.3182994390982644,82.22383282330381,0,60,3.0,4,0.11114900760714845
5.66,0.29854265738230645,81.81013488536829,0,60,3.0,4,0.10141493847925377
5.665,0.2778057157821067,81.62715266498432,0,60,3.0,4,0.09710947447021935
5.67,0.2564721553719815,81.62187846806819,0,60,3.0,4,0.09698537571925152
5.675,0.23491109433464996,81.74957199839405,0,60,3.0,4,0.09998992937397755
5.68,0.21346717185309805,81.9740569196691,0,60,3.0,4,0.10527192752162577
5.685,0.19245222055656455,82.2670305887381,0,60,3.0,4,0.11216542561736693
5.69,0.17213889801761392,82.6068399772209,0,60,3.0,4,0.12016094064049178
5.695,0.15275638501270183,82.97707830332679,0,60,3.0,4,0.12887243066651274
5.7,0.13448814019607322,83.36524231629802,0,60,3.0,4,0.13800570155995348
5.705,0.11747159495449566,83.76158527846451,0,60,3.0,4,0.14733141831681196
5.71,0.10179958433370105,84.15821910240557,0,60,3.0,4,0.156663978880131
5.715,0.08752324394101413,84.54846447631488,0,60,3.0,4,0.16584622297211474
5.72,0.07465606047174059,84.92641729835339,0,60,3.0,4,0.17473923054949142
5.725,0.0631787448609295,85.2866873918496,0,60,3.0,4,0.18321617392587286
5.73,0.05304460019959574,85.6242648120442,0,60,3.0,4,0.19115917204809887
5.735,0.044185078305849994,85.93447459191242,0,60,3.0,4,0.19845822569205693
5.74,0.03651525513023255,86.21298860076058,0,60,3.0,4,0.20501149648848427
5.745,0.0299390014708757,86.45587095455626,0,60,3.0,4,0.21072637540132377
5.75,0.024353677220580638,86.65963999461131,0,60,3.0,4,0.2155209410496779
5.755,0.01965423034339045,86.82133492105665,0,60,3.0,4,0.21932552755427404
5.76,0.015736632374757337,86.93857885017128,0,60,3.0,4,0.2220842082393243
5.765,0.012500627640593535,87.00963266008729,0,60,3.0,4,0.2237560625902892
5.77,0.009851811652115898,87.03343582049601,0,60,3.0,4,0.2243161369528473
5.775,0.007703084175428559,87.00963173891398,0,60,3.0,4,0.2237560409156231
5.78,0.005975544002062424,86.938576193165,0,60,3.0,4,0.22208414572152954
5.785,0.004598905818663047,86.82132827999462,0,60,3.0,4,0.219325371293991
5.79,0.0035115256454839104,86.65962406044066,0,60,3.0,4,0.2155205661280156
5.795,0.002660121266303676,86.45583375264079,0,60,3.0,4,0.21072550006213614
5.8,0.0019992692560877024,86.21290391749133,0,60,3.0,4,0.2050095039409725
5.805,0.0014907520044639367,85.93428659481444,0,60,3.0,4,0.19845380223092796
5.81,0.0011028178277539807,85.62385776540609,0,60,3.0,4,0.1911495944801432
5.815,0.0008094059938923333,85.28582782555713,0,60,3.0,4,0.18319594883663848
5.82,0.0005893771793717645,84.92464695644118,0,60,3.0,4,0.17469757544567482
5.825,0.0004257792353490551,84.54490834692771,0,60,3.0,4,0.1657625493394756
5.83,0.0003051686392901525,84.1512521860989,0,60,3.0,4,0.1565000514376212
5.835,0.00021699992642659966,83.74827318768754,0,60,3.0,4,0.14701819265147165
5.84,0.00015308884054097838,83.34043415451329,0,60,3.0,4,0.13742198010619505
5.845,0.00010714989329311098,82.93198775273756,0,60,3.0,4,0.1278114765350013
5.85,7.440535854020571e-05,82.52690826257488,0,60,3.0,4,0.11828019441352654
5.855,5.1260276743925106e-05,82.12883462523583,0,60,3.0,4,0.10891375588790177
5.86,3.503659887882241e-05,81.74102563739208,0,60,3.0,4,0.09978883852687258
5.865,2.375894748103639e-05,81.36632767600855,0,60,3.0,4,0.09097241590608358
5.87,1.5984413869232557e-05,81.00715488812935,0,60,3.0,4,0.08252129148539646
5.875,1.0669166579899869e-05,80.66548136982472,0,60,3.0,4,0.07448191458411102
5.88,7.06526633560511e-06,80.34284450049499,0,60,3.0,4,0.06689045883517625
5.885,4.641847214699205e-06,80.04035830388436,0,60,3.0,4,0.059773136561984956
5.89,3.025641074479182e-06,79.75873548233507,0,60,3.0,4,0.0531467172314134
5.895,1.9566278676921314e-06,79.4983166189272,0,60,3.0,4,0.04701921456299307
5.9,1.2553456560008793e-06,79.25910496239372,0,60,3.0,4,0.04139070499749932
5.905,7.990660428214668e-07,79.04080519796145,0,60,3.0,4,0.03625423995203405
5.91,5.046221251618276e-07,78.84286465667756,0,60,3.0,4,0.03159681545123677
5.915,3.1616527078858815e-07,78.66451551736972,0,60,3.0,4,0.02740036511458169
5.92,1.9652884407760343e-07,78.50481669878073,0,60,3.0,4,0.023642745853664215
5.925,1.2120002189836396e-07,78.36269431353409,0,60,3.0,4,0.020298689730213936
5.93,7.415549848886236e-08,78.23697974928406,0,60,3.0,4,0.01734069998315436
5.935,4.501406988770349e-08,78.12644464506172,0,60,3.0,4,0.014739874001452335
5.94,0.0,78.02983223281902,0,60,3.0,4,0.012466640772212191
5.945,0.0,77.94588470720849,0,60,3.0,4,0.010491404875493934
5.95,0.0,77.87336646401664,0,60,3.0,4,0.008785093270979788
5.955,0.0,77.81108320437647,0,60,3.0,4,0.00731960480885819
5.96,0.0,77.75789703460497,0,60,3.0,4,0.006068165520116843
5.965,0.0,77.7127377985272,0,60,3.0,4,0.0050055952594635425
5.97,0.0,77.67461096019198,0,60,3.0,4,0.0041084931809878605
5.975,0.0,77.64260241090227,0,60,3.0,4,0.003355350844759307
5.98,0.0,77.61588060740796,0,60,3.0,4,0.0027266025272461
5.985,0.0,77.5936964605813,0,60,3.0,4,0.0022046226019129147
5.99,0.0,77.57538138902093,0,60,3.0,4,0.0017736797416690105
5.995,0.0,77.56034393314094,0,60,3.0,4,0.001419857250375103
6.0,0.0,77.5480652957481,0,60,3.0,4,0.0011309481352494754
6.005,0.0,77.53809413809743,0,60,3.0,4,0.0008963326611161151
6.01,0.0,77.53004091886824,0,60,3.0,4,0.0007068451498408944
6.015,0.0,77.52357201997987,0,60,3.0,4,0.0005546357642321495
6.02,0.0,77.51840385980424,0,60,3.0,4,0.0004330319953938295
6.025,0.0,77.51429715282914,0,60,3.0,5,0.0003364035959798591
6.03,0.0,77.51105143644553,0,60,3.0,5,0.00026003379871828174
6.035,0.0,77.5084999511344,0,60,3.0,5,0.0001999988502210967
6.04,0.0,77.50650493041393,0,60,3.0,5,0.0001530571862100019
6.045,0.0,77.50495333166883,0,60,3.0,5,0.00011654898044305221
6.05,0.0,77.50375301836885,0,60,3.0,5,8.830631456128364e-05
6.055,0.0,77.50282938794548,0,60,3.0,5,6.65738340113448e-05
6.06,0.0,77.5021224273595,0,60,3.0,5,4.9939467282242466e-05
6.065,0.0,77.50158416968905,0,60,3.0,5,3.7274580918900775e-05
6.07,0.0,77.50117651939523,0,60,3.0,5,2.7682809299529468e-05
6.075,0.0,77.5008694107589,0,60,3.0,5,2.0456723738708902e-05
6.08,0.0,77.50063926283588,0,60,3.0,5,1.5041478491184535e-05
6.085,0.0,77.50046769468173,0,60,3.0,5,1.1004580746617542e-05
6.09,0.0,77.50034046614508,0,60,3.0,5,8.010968119432458e-06
6.095,0.0,77.50024661186245,0,60,3.0,5,5.80263205767337e-06
6.1,0.0,77.50017773891317,0,60,3.0,5,4.182092074496027e-06
6.105,0.0,77.5001274616702,0,60,3.0,5,2.9990981224326627e-06
6.11,0.0,77.50009095052647,0,60,3.0,5,2.1400123875323246e-06
6.115,0.0,77.500064574248,0,60,3.0,5,1.5193940705959155e-06
6.12,0.0,77.50004561860754,0,60,3.0,5,1.0733790010336259e-06
6.125,0.0,77.50003206662257,0,60,3.0,5,7.545087662626483e-07
6.13,0.0,77.5000224281237,0,60,3.0,5,5.277205576369263e-07
6.135,0.0,77.50001560850087,0,60,3.0,5,3.6725884409433465e-07
6.14,0.0,77.50001080831444,0,60,3.0,5,2.5431328100132624e-07
6.145,0.001684486749771458,77.50000744703297,0,60,3.0,5,1.7522430519367096e-07
6.15,0.003097557930867117,77.50000510548624,0,60,3.0,5,1.2012908795815533e-07
6.155,0.005475106668887023,77.5000034827273,0,60,3.0,5,8.194652456736282e-08
6.16,0.00930222931468658,77.50000236390684,0,60,3.0,5,5.5621337517496775e-08
6.165,0.01519157517868857,77.50000159650313,0,60,3.0,5,3.7564779417794744e-08
6.17,0.023847336626128316,77.50000107284681,0,60,3.0,5,2.5243454448333496e-08
6.175,0.0359830743700859,77.50000071735509,0,60,3.0,5,1.6878943356727284e-08
6.18,0.05218887796857759,77.50000047726456,0,60,3.0,5,1.1229754443989162e-08
6.185,0.0727577001223134,77.5000003159459,0,60,3.0,5,7.4340211058905185e-09
6.19,0.0974992498694751,77.50000020811088,0,60,3.0,5,4.89672649617954e-09
6.195,0.12558706050443358,77.50000013639716,0,60,3.0,5,3.209344988456852e-09
6.2,0.15549263588878245,77.50000008894969,0,60,3.0,5,2.092933888942592e-09
6.205,0.1850529723539114,77.50000005771811,0,60,3.0,5,1.358073204220786e-09
6.21,0.21169159439317053,77.50000003726561,0,60,3.0,5,8.768378232643419e-10
6.215,0.23277292922115492,77.50000002394049,0,60,3.0,5,5.633055747346267e-10
6.22,0.24602692519491282,77.50000001530334,0,60,3.0,5,3.6007864925041384e-10
6.225,0.24995056064839283,77.50000000973347,0,60,3.0,5,2.2902280333629974e-10
6.23,0.24408826520424054,77.50000000615996,0,60,3.0,5,1.4494035253044465e-10
6.235,0.22911894216865275,77.50000000387898,0,60,3.0,5,9.127013393427821e-11
6.24,0.20672661788705934,77.50000000243044,0,60,3.0,5,5.718681998533772e-11
6.245,0.17928878030241233,77.50000000151523,0,60,3.0,5,3.565252668255091e-11
6.25,0.14946211903866036,77.50000000093995,0,60,3.0,5,2.2116436786531908e-11
6.255,0.1197651512573837,77.50000000058017,0,60,3.0,5,1.3651114225949106e-11
6.26,0.09224675744988023,77.50000000035632,0,60,3.0,5,8.38406990891706e-12
6.265,0.06829565320281596,77.50000000021774,0,60,3.0,5,5.123263904619414e-12
6.27,0.04860224607515734,77.5000000001324,0,60,3.0,5,3.1153537266244016e-12
6.275,0.03324612389699793,77.5000000000801,0,60,3.0,5,1.884860894813969e-12
6.28,0.021859876340472782,77.50000000004822,0,60,3.0,5,1.1345277658513034e-12
6.285,0.01381595518554205,77.50000000002889,0,60,3.0,5,6.797804149648394e-13
6.29,0.008394095110402422,77.50000000001721,0,60,3.0,5,4.049257661202265e-13
6.295,0.0049052535271608,77.5000000000102,0,60,3.0,5,2.4007985142388327e-13
6.3,0.0027671663551903634,77.50000000000603,0,60,3.0,5,1.4177417409989764e-13
6.305,0.0015425553464444616,77.50000000000354,0,60,3.0,5,8.325888997847762e-14
6.31,0.0009638206637011801,77.50000000000206,0,60,3.0,5,4.848409255774801e-14
6.315,0.0009804935156568228,77.5000000000012,0,60,3.0,5,2.808733637828161e-14
6.32,0.0018793744894085216,77.5000000000007,0,60,3.0,5,1.6384279553997603e-14
6.325,0.004535525206900863,77.5000000000004,0,60,3.0,5,9.362445459427202e-15
6.33,0.010832767979632273,77.50000000000023,0,60,3.0,5,5.349968833958401e-15
6.335,0.024208003392322392,77.50000000000013,0,60,3.0,5,3.0093574691016007e-15
6.34,0.0500971897335304,77.50000000000007,0,60,3.0,5,1.6718652606120004e-15
6.345,0.09582894921774403,77.50000000000004,0,60,3.0,5,1.0031191563672002e-15
6.35,0.16937896721820658,77.50000000000003,0,60,3.0,5,6.687461042448002e-16
6.355,0.27661303008991756,77.50000000000001,0,60,3.0,5,3.343730521224001e-16
6.36,0.4173782800009149,77.5,0,60,3.0,5,0.0
6.365,0.5818720934538056,77.5,0,60,3.0,5,0.0
6.37,0.7494718801585675,77.5,0,60,3.0,5,0.0
6.375,0.891813020752378,77.5,0,60,3.0,5,0.0
6.38,0.9800361632936612,77.5,0,60,3.0,5,0.0
6.385,0.993574479225126,77.50000249379623,1,60,3.0,5,5.8677558372972485e-08
6.39,0.9263438449375362,77.50000387113866,0,60,3.0,5,9.108561551543329e-08
6.395,0.7873015962290536,77.50000614495686,0,60,3.0,5,1.44587220146979e-07
6.4,0.5959516244629897,77.50001009206693,0,60,3.0,5,2.3746039834590835e-07
6.405,0.376910120078773,77.5000173369902,0,60,3.0,5,4.079291811114458e-07
6.41,0.15739335672107918,77.50003134163862,0,60,3.0,5,7.37450320417231e-07
6.415,-0.033361226269301235,77.50005950089377,0,60,3.0,5,1.4000210298678105e-06
6.42,-0.1680180840843834,77.50011746182723,0,60,3.0,5,2.7638076995331443e-06
6.425,-0.23069703190837854,77.50023776471434,0,60,3.0,5,5.594463866868062e-06
6.43,-0.22587267821131068,77.50048658883156,0,60,3.0,5,1.1449148977964583e-05
6.435,-0.17718181630665902,77.50099513789219,0,60,3.0,5,2.341500922799402e-05
6.44,-0.11494332516451301,77.50201644570332,0,60,3.0,5,4.744578125456321e-05
6.445,-0.061810214049552864,77.50402451354624,0,60,3.0,5,9.469443638214911e-05
6.45,-0.026546104631500547,77.50788085207563,0,60,3.0,5,0.00018543181354422868
6.455,-0.00719600351942686,77.51510323642296,0,60,3.0,5,0.0003553702687755129
6.46,0.0022072757983807078,77.52828124048683,0,60,3.0,5,0.0006654409526313831
6.465,0.006917199873730717,77.55168968563063,0,60,3.0,5,0.001216227897191402
6.47,0.01004859748264829,77.59214923171803,0,60,3.0,5,0.002168217216894712
6.475,0.013037082251128167,77.66016563836381,0,60,3.0,5,0.0037686032556189944
6.48,0.01645163937690478,77.77133735087011,0,60,3.0,5,0.006384408255767352
6.485,0.020526639934696615,77.94794785355886,0,60,3.0,5,0.01053994949550255
6.49,0.02539629541761738,78.22055245920677,0,60,3.0,5,0.01695417551074757
6.495,0.031171612185577933,78.62923630281921,0,60,3.0,5,0.02657026594868726
6.5,0.03795853426638131,79.22408280415199,0,60,3.0,5,0.040566654215340954
6.505,0.0458588961882057,80.06428738171843,0,60,3.0,5,0.06033617368749246
6.51,0.054966995891435555,81.21533054261677,0,60,3.0,5,0.0874195421792181
6.515,0.06536491004445595,82.74374175486754,0,60,3.0,5,0.12338215893805983
6.52,0.07711726085088699,84.70928122426405,0,60,3.0,5,0.16963014645327168
6.525,0.09026570629555215,87.1548465652038,0,60,3.0,5,0.2271728603577364
6.53,0.10482339848670268,90.09502724164179,0,60,3.0,5,0.29635358215627733
6.535,0.12076968927580028,93.50487114298438,0,60,3.0,5,0.3765852033643385
6.54,0.13804539501007884,97.31093238205123,0,60,3.0,5,0.46613958546002904
6.545,0.15654895051787066,101.38685595826713,0,60,3.0,5,0.5620436696062855
6.55,0.17613378141900526,105.55547445391579,0,60,3.0,5,0.6601288106803715
6.555,0.19660720058055794,109.59858538401849,0,60,3.0,5,0.755260832565141
6.56,0.21773108748496234,113.27431955233847,0,60,3.0,5,0.8417486953491404
6.565,0.23922453870058807,116.34051861380365,0,60,3.0,5,0.9138945556189094
6.57,0.2607685857914563,118.58114006736284,0,60,3.0,5,0.9666150604085374
6.575,0.2820129681603682,119.8317565853096,0,60,3.0,5,0.9960413314190495
6.58,0.30258482867153996,120.0,0,60,3.0,5,1.0
6.585,0.3220990771751686,119.07744164457799,0,60,3.0,5,0.9782927445783056
6.59,0.3401700499968971,117.14080910839245,0,60,3.0,5,0.9327249201974693
6.595,0.3564239911198326,114.34232070302158,0,60,3.0,5,0.8668781341887432
6.6,0.3705118017738417,110.89084986176812,0,60,3.0,5,0.7856670555710146
6.605,0.3821214567925213,107.02717543587835,0,60,3.0,5,0.6947570690794905
6.61,0.39098947374066967,102.99739961797562,0,60,3.0,5,0.5999388145406027
6.615,0.3969108472035567,99.02858404930407,0,60,3.0,5,0.5065549188071546
6.62,0.3997469255491936,95.309845089302,0,60,3.0,5,0.4190551785718118
6.625,0.3994308076379137,91.98081845212747,0,60,3.0,5,0.340725140050058
6.63,0.3959699661768434,89.12790132529386,0,60,3.0,5,0.27359767824220854
6.635,0.38944595408114946,86.78734731342963,0,60,3.0,5,0.21852581913952082
6.64,0.38001120995358023,84.9533724015562,0,60,3.0,5,0.17537346827191044
6.645,0.3678831374098315,83.58903512890868,0,60,3.0,5,0.14327141479785122
6.65,0.35333577933796634,82.63774874869135,0,60,3.0,5,0.1208882058515612
6.655,0.33668953221163944,82.0337334377467,0,60,3.0,5,0.10667608088815775
6.66,0.3182994390982644,81.71034347243264,0,60,3.0,5,0.09906690523370919
6.665,0.29854265738230645,81.60583753471548,0,60,3.0,5,0.09660794199330533
6.67,0.2778057157821067,81.66667643687869,0,60,3.0,5,0.0980394455736162
6.675,0.2564721553719815,81.84876988678565,0,60,3.0,5,0.10232399733613286
6.68,0.23491109433464996,82.11724772973115,0,60,3.0,5,0.10864112305249758
6.685,0.21346717185309805,82.44533609838746,0,60,3.0,5,0.11636084937382253
6.69,0.19245222055656455,82.81282786982345,0,60,3.0,5,0.1250077145840812
6.695,0.17213889801761392,83.2045024139376,0,60,3.0,5,0.13422358621029656
6.7,0.15275638501270183,83.60871282730876,0,60,3.0,5,0.14373441946608856
6.705,0.13448814019607322,84.01624472320185,0,60,3.0,5,0.15332340525180826
6.71,0.11747159495449566,84.41946941505593,0,60,3.0,5,0.1628110450601395
6.715,0.10179958433370105,84.81176549258696,0,60,3.0,5,0.17204154100204605
6.72,0.08752324394101413,85.18715992974894,0,60,3.0,5,0.18087435128821044
6.725,0.07465606047174059,85.54013465057005,0,60,3.0,5,0.18917963883694242
6.73,0.0631787448609295,85.86554926666517,0,60,3.0,5,0.1968364533332981
6.735,0.05304460019959574,86.1586397512219,0,60,3.0,5,0.20373270002875055
6.74,0.044185078305849994,86.41506250951961,0,60,3.0,5,0.20976617669457917
6.745,0.03651525513023255,86.6309617919093,0,60,3.0,5,0.2148461598096306
6.75,0.0299390014708757,86.80304503126104,0,60,3.0,5,0.21889517720614202
6.755,0.024353677220580638,86.92865552465399,0,60,3.0,5,0.22185071822715272
6.76,0.01965423034339045,87.00583527328615,0,60,3.0,5,0.22366671231261534
6.765,0.015736632374757337,87.03337316307264,0,60,3.0,5,0.22431466266053268
6.77,0.012500627640593535,87.01083537210316,0,60,3.0,5,0.22378436169654492
6.775,0.009851811652115898,86.938576193165,0,60,3.0,5,0.22208414572152954
6.78,0.007703084175428559,86.81772852740197,0,60,3.0,5,0.2192406712329875
6.785,0.005975544002062424,86.65017423074696,0,60,3.0,5,0.21529821719404602
6.79,0.004598905818663047,86.43849531771997,0,60,3.0,5,0.2103175368875287
6.795,0.0035115256454839104,86.18590775527554,0,60,3.0,5,0.20437430012413027
6.8,0.002660121266303676,85.8961802035904,0,60,3.0,5,0.19755718126095068
6.805,0.0019992692560877024,85.57354056557351,0,60,3.0,5,0.1899656603664355
6.81,0.0014907520044639367,85.22257357723743,0,60,3.0,5,0.1817076135820571
6.815,0.0011028178277539807,84.84811289585821,0,60,3.0,5,0.17289677402019313
6.82,0.0008094059938923333,84.4551312173353,0,60,3.0,5,0.16365014629024252
6.825,0.0005893771793717645,84.04863188079896,0,60,3.0,5,0.15408545601879917
6.83,0.0004257792353490551,83.63354520691325,0,60,3.0,5,0.1443187107509001
6.835,0.0003051686392901525,83.21463248261027,0,60,3.0,5,0.13446194076730048
6.84,0.00021699992642659966,82.79640007066425,0,60,3.0,5,0.12462117813327642
6.845,0.00015308884054097838,82.38302561301214,0,60,3.0,5,0.11489472030616793
6.85,0.00010714989329311098,81.97829773979932,0,60,3.0,5,0.1053717115246898
6.855,7.440535854020571e-05,81.58557012016932,0,60,3.0,5,0.09613106165104288
6.86,5.1260276743925106e-05,81.20773012323724,0,60,3.0,5,0.08724070878205271
6.865,3.503659887882241e-05,80.84718182348887,0,60,3.0,5,0.07875721937620864
6.87,2.375894748103639e-05,80.50584260541186,0,60,3.0,5,0.07072570836263192
6.875,1.5984413869232557e-05,80.18515221437653,0,60,3.0,5,0.06318005210297717
6.88,1.0669166579899869e-05,79.88609277648273,0,60,3.0,5,0.05614335944665239
6.885,7.06526633560511e-06,79.60921807587849,0,60,3.0,5,0.0496286606089056
6.89,4.641847214699205e-06,79.35469023543456,0,60,3.0,5,0.04363977024551907
6.895,3.025641074479182e-06,79.12232189244838,0,60,3.0,5,0.03817227982231489
6.9,1.9566278676921314e-06,78.91162198804986,0,60,3.0,5,0.03321463501293786
6.905,1.2553456560008793e-06,78.72184338679695,0,60,3.0,5,0.02874925615992819
6.91,7.990660428214668e-07,78.55203069891354,0,60,3.0,5,0.024753663503848014
6.915,5.046221251618276e-07,78.4010668777479,0,60,3.0,5,0.021201573594068095
6.92,3.1616527078858815e-07,78.2677173949188,0,60,3.0,5,0.018063938703971872
6.925,1.9652884407760343e-07,78.15067104128426,0,60,3.0,5,0.015309906853747179
6.93,1.2120002189836396e-07,78.04857665043636,0,60,3.0,5,0.012907685892620226
6.935,7.415549848886236e-08,77.96007528166045,0,60,3.0,5,0.010825300744951792
6.94,4.501406988770349e-08,77.88382762196936,0,60,3.0,5,0.009031238163984934
6.945,0.0,77.81853656491259,0,60,3.0,5,0.007494977997943325
6.95,0.0,77.76296509259281,0,60,3.0,5,0.006187413943360177
6.955,0.0,77.71594972407637,0,60,3.0,5,0.005081169978267459
6.96,0.0,77.6764098974902,0,60,3.0,5,0.004150821117416533
6.965,0.0,77.64335372555104,0,60,3.0,5,0.003373028836494996
6.97,0.0,77.61588060740796,0,60,3.0,5,0.0027266025272461
6.975,0.0,77.59318119681424,0,60,3.0,5,0.002192498748570415
6.98,0.0,77.5745352217389,0,60,3.0,5,0.001753769923268197
6.985,0.0,77.55930762785665,0,60,3.0,5,0.0013954735966271582
6.99,0.0,77.54694348223622,0,60,3.0,5,0.001104552523205083
6.995,0.0,77.53696202809876,0,60,3.0,5,0.0008696947787942623
7.0,0.0,77.52895023050213,0,60,3.0,5,0.0006811818941678345
7.005,0.0,77.52255609948452,0,60,3.0,5,0.0005307317525768988
7.01,0.0,77.5174820242859,0,60,3.0,5,0.0004113417479034604
7.015,0.0,77.51347830188524,0,60,3.0,5,0.0003171365149468971
7.02,0.0,77.51033699680363,0,60,3.0,5,0.00024322345420306889
7.025,0.0,77.50788622796446,0,60,3.0,5,0.00018555830504617596
7.03,0.0,77.50598494293993,0,60,3.0,5,0.00014082218682193236
7.035,0.0,77.50451821032726,0,60,3.0,5,0.00010631083122970107
7.04,0.0,77.50339303715964,0,60,3.0,5,7.983616846211268e-05
7.045,0.0,77.50253469979884,0,60,3.0,5,5.963999526690767e-05
7.05,0.0,77.50188356315793,0,60,3.0,5,4.431913312781516e-05
7.055,0.0,77.5013923537419,0,60,3.0,5,3.276126451543646e-05
7.06,0.0,77.501023846212,0,60,3.0,5,2.4090499105715722e-05
7.065,0.0,77.50074892031576,0,60,3.0,5,1.7621654488413484e-05
7.07,0.0,77.5005449444552,0,60,3.0,5,1.2822222475292353e-05
7.075,0.0,77.50039444332097,0,60,3.0,5,9.281019316965873e-06
7.08,0.0,77.50028400940215,0,60,3.0,5,6.682574168253803e-06
7.085,0.0,77.5002034213682,0,60,3.0,5,4.786385134072107e-06
7.09,0.0,77.50014493596511,0,60,3.0,5,3.410258002598793e-06
7.095,0.0,77.50010272390129,0,60,3.0,5,2.417032971593739e-06
7.1,0.0,77.50007242401301,0,60,3.0,5,1.704094423824726e-06
7.105,0.0,77.50005079364838,0,60,3.0,5,1.1951446678642029e-06
7.11,0.0,77.50003543659405,0,60,3.0,5,8.338022128635417e-07
7.115,0.0,77.50002459293042,0,60,3.0,5,5.786571862512681e-07
7.12,0.0,77.50001697791406,0,60,3.0,5,3.994803307705297e-07
7.125,0.001684486749771458,77.5000116593442,0,60,3.0,5,2.7433751049155786e-07
7.13,0.003097557930867117,77.50000796488771,0,60,3.0,5,1.874091226989763e-07
7.135,0.005475106668887023,77.5000054125377,0,60,3.0,5,1.2735382831445296e-07
7.14,0.00930222931468658,77.50000365879397,0,60,3.0,5,8.608926992458103e-08
7.145,0.01519157517868857,77.50000246031502,0,60,3.0,5,5.7889765096607495e-08
7.15,0.023847336626128316,77.50000164573241,0,60,3.0,5,3.8723115548076324e-08
7.155,0.0359830743700859,77.500001095074,0,60,3.0,5,2.5766447004785092e-08
7.16,0.05218887796857759,77.50000072484218,0,60,3.0,5,1.7055110139849337e-08
7.165,0.0727577001223134,77.50000047726456,0,60,3.0,5,1.1229754443989162e-08
7.17,0.0974992498694751,77.50000031260122,0,60,3.0,5,7.355322729969938e-09
7.175,0.12558706050443358,77.50000020367507,0,60,3.0,5,4.79235462294395e-09
7.18,0.15549263588878245,77.50000013200818,0,60,3.0,5,3.106074874428005e-09
7.185,0.1850529723539114,77.50000008510979,0,60,3.0,5,2.0025832809016505e-09
7.19,0.21169159439317053,77.50000005458509,0,60,3.0,5,1.284354980538517e-09
7.195,0.23277292922115492,77.50000003482444,0,60,3.0,5,8.193985516246518e-10
7.2,0.24602692519491282,77.5000000221009,0,60,3.0,5,5.200213175104342e-10
7.205,0.24995056064839283,77.50000001395249,0,60,3.0,5,3.2829381566176274e-10
7.21,0.24408826520424054,77.50000000876211,0,60,3.0,5,2.0616740210457733e-10
7.215,0.22911894216865275,77.50000000547372,0,60,3.0,5,1.2879347784345396e-10
7.22,0.20672661788705934,77.50000000340151,0,60,3.0,5,8.003553375601768e-11
7.225,0.17928878030241233,77.5000000021027,0,60,3.0,5,4.9475174284238806e-11
7.23,0.14946211903866036,77.50000000129299,0,60,3.0,6,3.0423266520408696e-11
7.235,0.1197651512573837,77.50000000079092,0,60,3.0,6,1.86098665889243e-11
7.24,0.09224675744988023,77.50000000048126,0,60,3.0,6,1.1323877783177202e-11
7.245,0.06829565320281596,77.50000000029131,0,60,3.0,6,6.854313195457079e-12
7.25,0.04860224607515734,77.5000000001754,0,60,3.0,6,4.1271665823467845e-12
7.255,0.03324612389699793,77.50000000010506,0,60,3.0,6,2.4720199743409036e-12
7.26,0.021859876340472782,77.5000000000626,0,60,3.0,6,1.4729132945991723e-12
7.265,0.01381595518554205,77.5000000000371,0,60,3.0,6,8.730480390915867e-13
7.27,0.008394095110402422,77.50000000002187,0,60,3.0,6,5.146001272163737e-13
7.275,0.0049052535271608,77.50000000001283,0,60,3.0,6,3.0193886606652727e-13
7.28,0.0027671663551903634,77.50000000000749,0,60,3.0,6,1.7621459846850485e-13
7.285,0.0015425553464444616,77.50000000000435,0,60,3.0,6,1.0231815394945443e-13
7.29,0.0009638206637011801,77.5000000000025,0,60,3.0,6,5.884965717354242e-14
7.295,0.0009804935156568228,77.50000000000144,0,60,3.0,6,3.377167826436241e-14
7.3,0.0018793744894085216,77.50000000000082,0,60,3.0,6,1.9393637023099206e-14
7.305,0.004535525206900863,77.50000000000047,0,60,3.0,6,1.1034310720039203e-14
7.31,0.010832767979632273,77.50000000000027,0,60,3.0,6,6.353087990325602e-15
7.315,0.024208003392322392,77.50000000000014,0,60,3.0,6,3.343730521224001e-15
7.32,0.0500971897335304,77.50000000000009,0,60,3.0,6,2.0062383127344005e-15
7.325,0.09582894921774403,77.50000000000004,0,60,3.0,6,1.0031191563672002e-15
7.33,0.16937896721820658,77.50000000000003,0,60,3.0,6,6.687461042448002e-16
7.335,0.27661303008991756,77.50000000000001,0,60,3.0,6,3.343730521224001e-16
7.34,0.4173782800009149,77.5,0,60,3.0,6,0.0
7.345,0.5818720934538056,77.5,0,60,3.0,6,0.0
7.35,0.7494718801585675,77.5,0,60,3.0,6,0.0
7.355,0.891813020752378,77.5,0,60,3.0,6,0.0
7.36,0.9800361632936612,77.5,0,60,3.0,6,0.0
7.365,0.993574479225126,77.50000249379623,1,60,3.0,6,5.8677558372972485e-08
7.37,0.9263438449375362,77.50000387113866,0,60,3.0,6,9.108561551543329e-08
7.375,0.7873015962290536,77.50000614495686,0,60,3.0,6,1.44587220146979e-07
7.38,0.5959516244629897,77.50001009206693,0,60,3.0,6,2.3746039834590835e-07
7.385,0.376910120078773,77.5000173369902,0,60,3.0,6,4.079291811114458e-07
7.39,0.15739335672107918,77.50003134163862,0,60,3.0,6,7.37450320417231e-07
7.395,-0.033361226269301235,77.50005950089377,0,60,3.0,6,1.4000210298678105e-06
7.4,-0.1680180840843834,77.50011746182723,0,60,3.0,6,2.7638076995331443e-06
7.405,-0.23069703190837854,77.50023776471434,0,60,3.0,6,5.594463866868062e-06
7.41,-0.22587267821131068,77.50048658883156,0,60,3.0,6,1.1449148977964583e-05
7.415,-0.17718181630665902,77.50099513789219,0,60,3.0,6,2.341500922799402e-05
7.42,-0.11494332516451301,77.50201644570332,0,60,3.0,6,4.744578125456321e-05
7.425,-0.061810214049552864,77.50402451354624,0,60,3.0,6,9.469443638214911e-05
7.43,-0.026546104631500547,77.50788085207563,0,60,3.0,6,0.00018543181354422868
7.435,-0.00719600351942686,77.51510323642296,0,60,3.0,6,0.0003553702687755129
7.44,0.0022072757983807078,77.52828124048683,0,60,3.0,6,0.0006654409526313831
7.445,0.006917199873730717,77.55168968563063,0,60,3.0,6,0.001216227897191402
7.45,0.01004859748264829,77.59214923171803,0,60,3.0,6,0.002168217216894712
7.455,0.013037082251128167,77.66016563836381,0,60,3.0,6,0.0037686032556189944
7.46,0.01645163937690478,77.77133735087011,0,60,3.0,6,0.006384408255767352
7.465,0.020526639934696615,77.94794785355886,0,60,3.0,6,0.01053994949550255
7.47,0.02539629541761738,78.22055245920677,0,60,3.0,6,0.01695417551074757
7.475,0.031171612185577933,78.62923630281921,0,60,3.0,6,0.02657026594868726
7.48,0.03795853426638131,79.22408280415199,0,60,3.0,6,0.040566654215340954
7.485,0.0458588961882057,80.06428738171843,0,60,3.0,6,0.06033617368749246
7.49,0.054966995891435555,81.21533054261677,0,60,3.0,6,0.0874195421792181
7.495,0.06536491004445595,82.74374175486754,0,60,3.0,6,0.12338215893805983
7.5,0.07711726085088699,84.70928122426405,0,60,3.0,6,0.16963014645327168
7.505,0.09026570629555215,87.1548465652038,0,60,3.0,6,0.2271728603577364
7.51,0.10482339848670268,90.09502724164179,0,60,3.0,6,0.29635358215627733
7.515,0.12076968927580028,93.50487114298438,0,60,3.0,6,0.3765852033643385
7.52,0.13804539501007884,97.31093238205123,0,60,3.0,6,0.46613958546002904
7.525,0.15654895051787066,101.38685595826713,0,60,3.0,6,0.5620436696062855
7.53,0.17613378141900526,105.55547445391579,0,60,3.0,6,0.6601288106803715
7.535,0.19660720058055794,109.59858538401849,0,60,3.0,6,0.755260832565141
7.54,0.21773108748496234,113.27431955233847,0,60,3.0,6,0.8417486953491404
7.545,0.23922453870058807,116.34051861380365,0,60,3.0,6,0.9138945556189094
7.55,0.2607685857914563,118.58114006736284,0,60,3.0,6,0.9666150604085374
7.555,0.2820129681603682,119.8317565853096,0,60,3.0,6,0.9960413314190495
7.56,0.30258482867153996,120.0,0,60,3.0,6,1.0
7.565,0.3220990771751686,119.07744164457799,0,60,3.0,6,0.9782927445783056
7.57,0.3401700499968971,117.14080910839245,0,60,3.0,6,0.9327249201974693
7.575,0.3564239911198326,114.34232070302158,0,60,3.0,6,0.8668781341887432
7.58,0.3705118017738417,110.89084986176812,0,60,3.0,6,0.7856670555710146
7.585,0.3821214567925213,107.02717543587835,0,60,3.0,6,0.6947570690794905
7.59,0.39098947374066967,102.99739961797562,0,60,3.0,6,0.5999388145406027
7.595,0.3969108472035567,99.02858404930407,0,60,3.0,6,0.5065549188071546
7.6,0.3997469255491936,95.309845089302,0,60,3.0,6,0.4190551785718118
7.605,0.3994308076379137,91.98081845212747,0,60,3.0,6,0.340725140050058
7.61,0.3959699661768434,89.12790132529386,0,60,3.0,6,0.27359767824220854
7.615,0.38944595408114946,86.78734731342963,0,60,3.0,6,0.21852581913952082
7.62,0.38001120995358023,84.9533724015562,0,60,3.0,6,0.17537346827191044
7.625,0.3678831374098315,83.58903512890868,0,60,3.0,6,0.14327141479785122
7.63,0.35333577933796634,82.63774874869135,0,60,3.0,6,0.1208882058515612
7.635,0.33668953221163944,82.0337334377467,0,60,3.0,6,0.10667608088815775
7.64,0.3182994390982644,81.71034347243264,0,60,3.0,6,0.09906690523370919
7.645,0.29854265738230645,81.60583753471548,0,60,3.0,6,0.09660794199330533
7.65,0.2778057157821067,81.66667643687869,0,60,3.0,6,0.0980394455736162
7.655,0.2564721553719815,81.84876988678565,0,60,3.0,6,0.10232399733613286
7.66,0.23491109433464996,82.11724772973115,0,60,3.0,6,0.10864112305249758
7.665,0.21346717185309805,82.44533609838746,0,60,3.0,6,0.11636084937382253
7.67,0.19245222055656455,82.81282786982345,0,60,3.0,6,0.1250077145840812
7.675,0.17213889801761392,83.2045024139376,0,60,3.0,6,0.13422358621029656
7.68,0.15275638501270183,83.60871282730876,0,60,3.0,6,0.14373441946608856
7.685,0.13448814019607322,84.01624472320185,0,60,3.0,6,0.15332340525180826
7.69,0.11747159495449566,84.41946941505593,0,60,3.0,6,0.1628110450601395
7.695,0.10179958433370105,84.81176549258696,0,60,3.0,6,0.17204154100204605
7.7,0.08752324394101413,85.18715992974894,0,60,3.0,6,0.18087435128821044
7.705,0.07465606047174059,85.54013465057005,0,60,3.0,6,0.18917963883694242
7.71,0.0631787448609295,85.86554926666517,0,60,3.0,6,0.1968364533332981
7.715,0.05304460019959574,86.1586397512219,0,60,3.0,6,0.20373270002875055
7.72,0.044185078305849994,86.41506250951961,0,60,3.0,6,0.20976617669457917
7.725,0.03651525513023255,86.6309617919093,0,60,3.0,6,0.2148461598096306
7.73,0.0299390014708757,86.80304503126104,0,60,3.0,6,0.21889517720614202
7.735,0.024353677220580638,86.92865552465399,0,60,3.0,6,0.22185071822715272
7.74,0.01965423034339045,87.00583527328615,0,60,3.0,6,0.22366671231261534
7.745,0.015736632374757337,87.03337316307264,0,60,3.0,6,0.22431466266053268
7.75,0.012500627640593535,87.01083537210316,0,60,3.0,6,0.22378436169654492
7.755,0.009851811652115898,86.938576193165,0,60,3.0,6,0.22208414572152954
7.76,0.007703084175428559,86.81772852740197,0,60,3.0,6,0.2192406712329875
7.765,0.005975544002062424,86.65017423074696,0,60,3.0,6,0.21529821719404602
7.77,0.004598905818663047,86.43849531771997,0,60,3.0,6,0.2103175368875287
7.775,0.0035115256454839104,86.18590775527554,0,60,3.0,6,0.20437430012413027
7.78,0.002660121266303676,85.8961802035904,0,60,3.0,6,0.19755718126095068
7.785,0.0019992692560877024,85.57354056557351,0,60,3.0,6,0.1899656603664355
7.79,0.0014907520044639367,85.22257357723743,0,60,3.0,6,0.1817076135820571
7.795,0.0011028178277539807,84.84811289585821,0,60,3.0,6,0.17289677402019313
7.8,0.0008094059938923333,84.4551312173353,0,60,3.0,6,0.16365014629024252
7.805,0.0005893771793717645,84.04863188079896,0,60,3.0,6,0.15408545601879917
7.81,0.0004257792353490551,83.63354520691325,0,60,3.0,6,0.1443187107509001
7.815,0.0003051686392901525,83.21463248261027,0,60,3.0,6,0.13446194076730048
7.82,0.00021699992642659966,82.79640007066425,0,60,3.0,6,0.12462117813327642
7.825,0.00015308884054097838,82.38302561301214,0,60,3.0,6,0.11489472030616793
7.83,0.00010714989329311098,81.97829773979932,0,60,3.0,6,0.1053717115246898
7.835,7.440535854020571e-05,81.58557012016932,0,60,3.0,6,0.09613106165104288
7.84,5.1260276743925106e-05,81.20773012323724,0,60,3.0,6,0.08724070878205271
7.845,3.503659887882241e-05,80.84718182348887,0,60,3.0,6,0.07875721937620864
7.85,2.375894748103639e-05,80.50584260541186,0,60,3.0,6,0.07072570836263192
7.855,1.5984413869232557e-05,80.18515221437653,0,60,3.0,6,0.06318005210297717
7.86,1.0669166579899869e-05,79.88609277648273,0,60,3.0,6,0.05614335944665239
7.865,7.06526633560511e-06,79.60921807587849,0,60,3.0,6,0.0496286606089056
7.87,4.641847214699205e-06,79.35469023543456,0,60,3.0,6,0.04363977024551907
7.875,3.025641074479182e-06,79.12232189244838,0,60,3.0,6,0.03817227982231489
7.88,1.9566278676921314e-06,78.91162198804986,0,60,3.0,6,0.03321463501293786
7.885,1.2553456560008793e-06,78.72184338679695,0,60,3.0,6,0.02874925615992819
7.89,7.990660428214668e-07,78.55203069891354,0,60,3.0,6,0.024753663503848014
7.895,5.046221251618276e-07,78.4010668777479,0,60,3.0,6,0.021201573594068095
7.9,3.1616527078858815e-07,78.2677173949188,0,60,3.0,6,0.018063938703971872
7.905,1.9652884407760343e-07,78.15067104128426,0,60,3.0,6,0.015309906853747179
7.91,1.2120002189836396e-07,78.04857665043636,0,60,3.0,6,0.012907685892620226
7.915,7.415549848886236e-08,77.96007528166045,0,60,3.0,6,0.010825300744951792
7.92,4.501406988770349e-08,77.88382762196936,0,60,3.0,6,0.009031238163984934
7.925,0.0,77.81853656491259,0,60,3.0,6,0.007494977997943325
7.93,0.0,77.76296509259281,0,60,3.0,6,0.006187413943360177
7.935,0.0,77.71594972407637,0,60,3.0,6,0.005081169978267459
7.94,0.0,77.6764098974902,0,60,3.0,6,0.004150821117416533
7.945,0.0,77.64335372555104,0,60,3.0,6,0.003373028836494996
7.95,0.0,77.61588060740796,0,60,3.0,6,0.0027266025272461
7.955,0.0,77.59318119681424,0,60,3.0,6,0.002192498748570415
7.96,0.0,77.5745352217389,0,60,3.0,6,0.001753769923268197
7.965,0.0,77.55930762785665,0,60,3.0,6,0.0013954735966271582
7.97,0.0,77.54694348223622,0,60,3.0,6,0.001104552523205083
7.975,0.0,77.53696202809876,0,60,3.0,6,0.0008696947787942623
7.98,0.0,77.52895023050213,0,60,3.0,6,0.0006811818941678345
7.985,0.0,77.52255609948452,0,60,3.0,6,0.0005307317525768988
7.99,0.0,77.5174820242859,0,60,3.0,6,0.0004113417479034604
7.995,0.0,77.51347830188524,0,60,3.0,6,0.0003171365149468971
8.0,0.0,77.51033699680363,0,60,3.0,6,0.00024322345420306889
8.005,0.0,77.50788622796446,0,60,3.0,6,0.00018555830504617596
8.01,0.0,77.50598494293993,0,60,3.0,6,0.00014082218682193236
8.015,0.0,77.50451821032726,0,60,3.0,6,0.00010631083122970107
8.02,0.0,77.50339303715964,0,60,3.0,6,7.983616846211268e-05
8.025,0.0,77.50253469979884,0,60,3.0,6,5.963999526690767e-05
8.03,0.0,77.50188356315793,0,60,3.0,6,4.431913312781516e-05
8.035,0.0,77.5013923537419,0,60,3.0,6,3.276126451543646e-05
8.04,0.0,77.501023846212,0,60,3.0,6,2.4090499105715722e-05
8.045,0.0,77.50074892031576,0,60,3.0,6,1.7621654488413484e-05
8.05,0.0,77.5005449444552,0,60,3.0,6,1.2822222475292353e-05
8.055,0.0,77.50039444332097,0,60,3.0,6,9.281019316965873e-06
8.06,0.0,77.50028400940215,0,60,3.0,6,6.682574168253803e-06
8.065,0.0,77.5002034213682,0,60,3.0,6,4.786385134072107e-06
8.07,0.0,77.50014493596511,0,60,3.0,6,3.410258002598793e-06
8.075,0.0,77.50010272390129,0,60,3.0,6,2.417032971593739e-06
8.08,0.0,77.50007242401301,0,60,3.0,6,1.704094423824726e-06
8.085,0.0,77.50005079364838,0,60,3.0,6,1.1951446678642029e-06
8.09,0.0,77.50003543659405,0,60,3.0,6,8.338022128635417e-07
8.095,0.0,77.50002459293042,0,60,3.0,6,5.786571862512681e-07
8.1,0.0,77.50001697791406,0,60,3.0,6,3.994803307705297e-07
8.105,0.001684486749771458,77.5000116593442,0,60,3.0,6,2.7433751049155786e-07
8.11,0.003097557930867117,77.50000796488771,0,60,3.0,6,1.874091226989763e-07
8.115,0.005475106668887023,77.5000054125377,0,60,3.0,6,1.2735382831445296e-07
8.12,0.00930222931468658,77.50000365879397,0,60,3.0,6,8.608926992458103e-08
8.125,0.01519157517868857,77.50000246031502,0,60,3.0,6,5.7889765096607495e-08
8.13,0.023847336626128316,77.50000164573241,0,60,3.0,6,3.8723115548076324e-08
8.135,0.0359830743700859,77.500001095074,0,60,3.0,6,2.5766447004785092e-08
8.14,0.05218887796857759,77.50000072484218,0,60,3.0,6,1.7055110139849337e-08
8.145,0.0727577001223134,77.50000047726456,0,60,3.0,6,1.1229754443989162e-08
8.15,0.0974992498694751,77.50000031260122,0,60,3.0,6,7.355322729969938e-09
8.155,0.12558706050443358,77.50000020367507,0,60,3.0,6,4.79235462294395e-09
8.16,0.15549263588878245,77.50000013200818,0,60,3.0,6,3.106074874428005e-09
8.165,0.1850529723539114,77.50000008510979,0,60,3.0,6,2.0025832809016505e-09
8.17,0.21169159439317053,77.50000005458509,0,60,3.0,6,1.284354980538517e-09
8.175,0.23277292922115492,77.50000003482444,0,60,3.0,6,8.193985516246518e-10
8.18,0.24602692519491282,77.5000000221009,0,60,3.0,6,5.200213175104342e-10
8.185,0.24995056064839283,77.50000001395249,0,60,3.0,6,3.2829381566176274e-10
8.19,0.24408826520424054,77.50000000876211,0,60,3.0,6,2.0616740210457733e-10
8.195,0.22911894216865275,77.50000000547372,0,60,3.0,6,1.2879347784345396e-10
8.2,0.20672661788705934,77.50000000340151,0,60,3.0,6,8.003553375601768e-11
8.205,0.17928878030241233,77.5000000021027,0,60,3.0,6,4.9475174284238806e-11
8.21,0.14946211903866036,77.50000000129299,0,60,3.0,6,3.0423266520408696e-11
8.215,0.1197651512573837,77.50000000079092,0,60,3.0,6,1.86098665889243e-11
8.22,0.09224675744988023,77.50000000048126,0,60,3.0,6,1.1323877783177202e-11
8.225,0.06829565320281596,77.50000000029131,0,60,3.0,6,6.854313195457079e-12
8.23,0.04860224607515734,77.5000000001754,0,60,3.0,6,4.1271665823467845e-12
8.235,0.03324612389699793,77.50000000010506,0,60,3.0,6,2.4720199743409036e-12
8.24,0.021859876340472782,77.5000000000626,0,60,3.0,6,1.4729132945991723e-12
8.245,0.01381595518554205,77.5000000000371,0,60,3.0,6,8.730480390915867e-13
8.25,0.008394095110402422,77.50000000002187,0,60,3.0,6,5.146001272163737e-13
8.255,0.0049052535271608,77.50000000001283,0,60,3.0,6,3.0193886606652727e-13
8.26,0.0027671663551903634,77.50000000000749,0,60,3.0,6,1.7621459846850485e-13
8.265,0.0015425553464444616,77.50000000000435,0,60,3.0,6,1.0231815394945443e-13
8.27,0.0009638206637011801,77.5000000000025,0,60,3.0,6,5.884965717354242e-14
8.275,0.0009804935156568228,77.50000000000144,0,60,3.0,6,3.377167826436241e-14
8.28,0.0018793744894085216,77.50000000000082,0,60,3.0,6,1.9393637023099206e-14
8.285,0.004535525206900863,77.50000000000047,0,60,3.0,6,1.1034310720039203e-14
8.29,0.010832767979632273,77.50000000000027,0,60,3.0,6,6.353087990325602e-15
8.295,0.024208003392322392,77.50000000000014,0,60,3.0,6,3.343730521224001e-15
8.3,0.0500971897335304,77.50000000000009,0,60,3.0,6,2.0062383127344005e-15
8.305,0.09582894921774403,77.50000000000004,0,60,3.0,6,1.0031191563672002e-15
8.31,0.16937896721820658,77.50000000000003,0,60,3.0,6,6.687461042448002e-16
8.315,0.27661303008991756,77.50000000000001,0,60,3.0,6,3.343730521224001e-16
8.32,0.4173782800009149,77.5,0,60,3.0,6,0.0
8.325,0.5818720934538056,77.5,0,60,3.0,6,0.0
8.33,0.7494718801585675,77.5,0,60,3.0,6,0.0
8.335,0.891813020752378,77.5,0,60,3.0,6,0.0
8.34,0.9800361632936612,77.5,0,60,3.0,6,0.0
8.345,0.993574479225126,77.50000249729354,1,60,3.0,6,5.875984791547286e-08
8.35,0.9263438449375362,77.50000393227262,0,60,3.0,6,9.25240616358197e-08
8.355,0.7873015962290536,77.50000634326607,0,60,3.0,6,1.4925331918354512e-07
8.36,0.5959516244629897,77.50001061853068,0,60,3.0,6,2.498477807180547e-07
8.365,0.376910120078773,77.50001866333935,0,60,3.0,6,4.391373963966651e-07
8.37,0.15739335672107918,77.5000346400049,0,60,3.0,6,8.150589387830277e-07
8.375,-0.033361226269301235,77.50006764856651,0,60,3.0,6,1.5917309767968726e-06
8.38,-0.1680180840843834,77.50013735562356,0,60,3.0,6,3.2318970250558136e-06
8.385,-0.23069703190837854,77.50028544051958,0,60,3.0,6,6.7162475194409665e-06
8.39,-0.22587267821131068,77.500598088742,0,60,3.0,6,1.4072676282239627e-05
8.395,-0.17718181630665902,77.5012486355544,0,60,3.0,6,2.9379660103626627e-05
8.4,-0.11494332516451301,77.50257543369767,0,60,3.0,6,6.0598439945218105e-05
8.405,-0.061810214049552864,77.50521857085394,0,60,3.0,6,0.00012278990244567466
8.41,-0.026546104631500547,77.51035022511448,0,60,3.0,6,0.0002435347085759745
8.415,-0.00719600351942686,77.52004622347734,0,60,3.0,6,0.00047167584652557334
8.42,0.0022072757983807078,77.53785797415782,0,60,3.0,6,0.0008907758625368575
8.425,0.006917199873730717,77.56964902320131,0,60,3.0,6,0.0016388005459131204
8.43,0.01004859748264829,77.62475069237783,0,60,3.0,6,0.0029353104088901253
8.435,0.013037082251128167,77.71745577339965,0,60,3.0,7,0.005116606432932927
8.44,0.01645163937690478,77.86879695371151,0,60,3.0,7,0.008677575381447282
8.445,0.020526639934696615,78.10844035963862,0,60,3.0,7,0.014316243756202846
8.45,0.02539629541761738,78.47636733926622,0,60,3.0,7,0.02297334915920514
8.455,0.031171612185577933,79.02383946781148,0,60,3.0,7,0.03585504630144669
8.46,0.03795853426638131,79.81298480498413,0,60,3.0,7,0.054423171881979426
8.465,0.0458588961882057,80.91427084037524,0,60,3.0,7,0.08033578447941736
8.47,0.054966995891435555,82.40121542205652,0,60,3.0,7,0.11532271581309467
8.475,0.06536491004445595,84.34199522017235,0,60,3.0,7,0.1609881228275847
8.48,0.07711726085088699,86.78816642223576,0,60,3.0,7,0.21854509228790026
8.485,0.09026570629555215,89.7614698877538,0,60,3.0,7,0.2885051738295013
8.49,0.10482339848670268,93.24052207061501,0,60,3.0,7,0.3703652251909415
8.495,0.12076968927580028,97.14988444916018,0,60,3.0,7,0.4623502223331808
8.5,0.13804539501007884,101.35431154880669,0,60,3.0,7,0.5612779187954515
8.505,0.15654895051787066,105.66068807456148,0,60,3.0,7,0.6626044252837995
8.51,0.17613378141900526,109.82918294110652,0,60,3.0,7,0.7606866574378005
8.515,0.19660720058055794,113.59355865930326,0,60,3.0,7,0.8492602037483119
8.52,0.21773108748496234,116.6886667904499,0,60,3.0,7,0.9220862774223506
8.525,0.23922453870058807,118.88137576601841,0,60,3.0,7,0.9736794297886684
8.53,0.2607685857914563,120.0,0,60,3.0,7,1.0
8.535,0.2820129681603682,119.95710897620492,0,60,3.0,7,0.9989907994401158
8.54,0.30258482867153996,118.7615370490011,0,60,3.0,7,0.9708596952706142
8.545,0.3220990771751686,116.51733188460247,0,60,3.0,7,0.9180548678729993
8.55,0.3401700499968971,113.40983908257753,0,60,3.0,7,0.844937390178295
8.555,0.3564239911198326,109.68153227755616,0,60,3.0,7,0.757212524177792
8.56,0.3705118017738417,105.60198566964596,0,60,3.0,7,0.6612231922269637
8.565,0.3821214567925213,101.4371540045614,0,60,3.0,7,0.5632271530485037
8.57,0.39098947374066967,97.422764291288,0,60,3.0,7,0.4687709245008942
8.575,0.3969108472035567,93.74532237651536,0,60,3.0,7,0.38224287944742025
8.58,0.3997469255491936,90.53240175874944,0,60,3.0,7,0.3066447472646928
8.585,0.3994308076379137,87.85199809938081,0,60,3.0,7,0.24357642586778372
8.59,0.3959699661768434,85.71922450867264,0,60,3.0,7,0.1933935178511209
8.595,0.38944595408114946,84.10774793473297,0,60,3.0,7,0.15547642199371695
8.6,0.38001120995358023,82.96318113142691,0,60,3.0,7,0.12854543838651547
8.605,0.3678831374098315,82.21602810766474,0,60,3.0,7,0.11096536723917037
8.61,0.35333577933796634,81.79251012512853,0,60,3.0,7,0.10100023823831834
8.615,0.33668953221163944,81.62242952229444,0,60,3.0,7,0.09699834170104563
8.62,0.3182994390982644,81.64396106938082,0,60,3.0,7,0.09750496633837229
8.625,0.29854265738230645,81.80577806979818,0,60,3.0,7,0.10131242517172187
8.63,0.2778057157821067,82.0671908817687,0,60,3.0,7,0.10746331486514578
8.635,0.2564721553719815,82.3970316464962,0,60,3.0,7,0.11522427403520477
8.64,0.23491109433464996,82.77192809116943,0,60,3.0,7,0.12404536685104538
8.645,0.21346717185309805,83.1744448392447,0,60,3.0,7,0.1335163491586988
8.65,0.19245222055656455,83.59139300208605,0,60,3.0,7,0.1433268941667306
8.655,0.17213889801761392,84.0124564670148,0,60,3.0,7,0.15323426981211294
8.66,0.15275638501270183,84.42917328586134,0,60,3.0,7,0.1630393714320315
8.665,0.13448814019607322,84.83424390403286,0,60,3.0,7,0.1725704448007732
8.67,0.11747159495449566,85.22110653223218,0,60,3.0,7,0.1816730948760514
8.675,0.10179958433370105,85.58371248503667,0,60,3.0,7,0.19020499964792167
8.68,0.08752324394101413,85.91644030794227,0,60,3.0,7,0.19803388959864157
8.685,0.07465606047174059,86.21409913961364,0,60,3.0,7,0.20503762681443852
8.69,0.0631787448609295,86.47198412748827,0,60,3.0,7,0.21110550888207694
8.695,0.05304460019959574,86.68595740280897,0,60,3.0,7,0.2161401741837404
8.7,0.044185078305849994,86.85253634861876,0,60,3.0,7,0.22005967879102956
8.705,0.03651525513023255,86.96897679592873,0,60,3.0,7,0.22279945402185236
8.71,0.0299390014708757,87.03334286760078,0,60,3.0,7,0.2243139498259007
8.715,0.024353677220580638,87.04455801855013,0,60,3.0,7,0.2245778357305914
8.72,0.01965423034339045,87.00243386008354,0,60,3.0,7,0.22358667906078922
8.725,0.015736632374757337,86.90767493113825,0,60,3.0,7,0.22135705720325283
8.73,0.012500627640593535,86.76185888714967,0,60,3.0,7,0.2179260914623452
8.735,0.009851811652115898,86.56739271881541,0,60,3.0,7,0.2133504169133038
8.74,0.007703084175428559,86.32744662507005,0,60,3.0,7,0.20770462647223653
8.745,0.005975544002062424,86.04586804742218,0,60,3.0,7,0.2010792481746394
8.75,0.004598905818663047,85.72707910938607,0,60,3.0,7,0.19357833198555455
8.755,0.0035115256454839104,85.3759612733947,0,60,3.0,7,0.18531673584458103
8.76,0.002660121266303676,84.99773140981047,0,60,3.0,7,0.1764172096425993
8.765,0.0019992692560877024,84.59781365754361,0,60,3.0,7,0.16700738017749672
8.77,0.0014907520044639367,84.1817114421235,0,60,3.0,7,0.1572167398146706
8.775,0.0011028178277539807,83.75488381385719,0,60,3.0,7,0.14717373679663978
8.78,0.0008094059938923333,83.3226298946003,0,60,3.0,7,0.1370030563435364
8.785,0.0005893771793717645,82.88998470356078,0,60,3.0,7,0.12682316949554787
8.79,0.0004257792353490551,82.46162900365687,0,60,3.0,7,0.11674421185074982
8.795,0.0003051686392901525,82.04181510746733,0,60,3.0,7,0.10686623782276068
8.8,0.00021699992642659966,81.63430984453429,0,60,3.0,7,0.09727787869492438
8.805,0.00015308884054097838,81.242355157684,0,60,3.0,7,0.08805541547491771
8.81,0.00010714989329311098,80.86864610012042,0,60,3.0,7,0.07926226117930388
8.815,7.440535854020571e-05,80.51532537751636,0,60,3.0,7,0.07094883241214969
8.82,5.1260276743925106e-05,80.18399304420547,0,60,3.0,7,0.06315277751071682
8.825,3.503659887882241e-05,79.87572953684843,0,60,3.0,7,0.055899518514080586
8.83,2.375894748103639e-05,79.59112992222373,0,60,3.0,7,0.04920305699349951
8.835,1.5984413869232557e-05,79.33034705046295,0,60,3.0,7,0.04306698942265758
8.84,1.0669166579899869e-05,79.09314123688262,0,60,3.0,7,0.037485676161943905
8.845,7.06526633560511e-06,78.87893413465613,0,60,3.0,7,0.032445509050732575
8.85,4.641847214699205e-06,78.68686459254717,0,60,3.0,7,0.02792622570699216
8.855,3.025641074479182e-06,78.51584449930009,0,60,3.0,7,0.023902223512943223
8.86,1.9566278676921314e-06,78.36461287981392,0,60,3.0,7,0.020343832466209855
8.865,1.2553456560008793e-06,78.23178680825401,0,60,3.0,7,0.017218513135388573
8.87,7.990660428214668e-07,78.115908020864,0,60,3.0,7,0.014491953432094066
8.875,5.046221251618276e-07,78.01548442923266,0,60,3.0,7,0.012129045393709582
8.88,3.1616527078858815e-07,77.9290260383968,0,60,3.0,7,0.0100947303152188
8.885,1.9652884407760343e-07,77.85507505159521,0,60,3.0,7,0.008354707096357822
8.89,1.2120002189836396e-07,77.79223018604874,0,60,3.0,7,0.006876004377617432
8.895,7.415549848886236e-08,77.73916542629568,0,60,3.0,7,0.005627421795192584
8.9,4.501406988770349e-08,77.69464360077374,0,60,3.0,7,0.004579849429970462
8.905,0.0,77.65752528354044,0,60,3.0,7,0.0037064772597749894
8.91,0.0,77.62677359845337,0,60,3.0,7,0.002982908198902792
8.915,0.0,77.60145554165466,0,60,3.0,7,0.00238718921540373
8.92,0.0,77.58074044483718,0,60,3.0,7,0.0018997751726394254
8.925,0.0,77.56389618220217,0,60,3.0,7,0.00150343958122756
8.93,0.0,77.55028368416444,0,60,3.0,7,0.001183145509751552
8.935,0.0,77.53935026650197,0,60,3.0,7,0.0009258886235757553
8.94,0.0,77.53062222013041,0,60,3.0,7,0.0007205228265979044
8.945,0.0,77.52369703872787,0,60,3.0,7,0.0005575773818323422
8.95,0.0,77.51823559299608,0,60,3.0,7,0.0004290727763783011
8.955,0.0,77.51395449456273,0,60,3.0,7,0.00032834104853470626
8.96,0.0,77.5106188317357,0,60,3.0,7,0.00024985486436936724
8.965,0.0,77.5080354050833,0,60,3.0,7,0.00018906835490129731
8.97,0.0,77.50604654403189,0,60,3.0,7,0.0001422716242797485
8.975,0.0,77.50452454666993,0,60,3.0,7,0.00010645992164534298
8.98,0.0,77.5033667535964,0,60,3.0,7,7.921773167989908e-05
8.985,0.0,77.50249124248262,0,60,3.0,7,5.861747017928899e-05
8.99,0.0,77.50183311232645,0,60,3.0,7,4.313205474003927e-05
8.995,0.0,77.50134131432361,0,60,3.0,7,3.156033702613486e-05
9.0,0.0,77.50097597895923,0,60,3.0,7,2.296421080546572e-05
9.005,0.0,77.50070618543435,0,60,3.0,7,1.6616127867136504e-05
9.01,0.0,77.50050811903469,0,60,3.0,7,1.1955741992738588e-05
9.015,0.0,77.50036356375567,0,60,3.0,7,8.554441309878016e-06
9.02,0.0,77.5002586807467,0,60,3.0,7,6.086605804632521e-06
9.025,0.0,77.5001830273698,0,60,3.0,7,4.30652634824636e-06
9.03,0.0,77.50012877642952,0,60,3.0,7,3.030033635762747e-06
9.035,0.0,77.50009010007003,0,60,3.0,7,2.120001647654135e-06
9.04,0.0,77.50006268769272,0,60,3.0,7,1.475004534554233e-06
9.045,0.0,77.50004337184035,0,60,3.0,7,1.0205138905535826e-06
9.05,0.0,77.50002984020645,0,60,3.0,7,7.021225047430883e-07
9.055,0.001684486749771458,77.50002041569667,0,60,3.0,7,4.80369333351572e-07
9.06,0.003097557930867117,77.50001388976806,0,60,3.0,7,3.2681807189927736e-07
9.065,0.005475106668887023,77.5000093971074,0,60,3.0,7,2.2110840953192724e-07
9.07,0.00930222931468658,77.50000632210633,0,60,3.0,7,1.487554430589037e-07
9.075,0.01519157517868857,77.5000042295855,0,60,3.0,7,9.951965881448225e-08
9.08,0.023847336626128316,77.50000281385834,0,60,3.0,7,6.620843163652941e-08
9.085,0.0359830743700859,77.50000186155152,0,60,3.0,7,4.380121234081504e-08
9.09,0.05218887796857759,77.50000122466216,0,60,3.0,7,2.8815580154674963e-08
9.095,0.0727577001223134,77.50000080117233,0,60,3.0,7,1.885111373667314e-08
9.1,0.0974992498694751,77.50000052119951,0,60,3.0,7,1.2263517887464225e-08
9.105,0.12558706050443358,77.50000033717119,0,60,3.0,7,7.933439693421378e-09
9.11,0.15549263588878245,77.50000021690289,0,60,3.0,7,5.103597419185783e-09
9.115,0.1850529723539114,77.50000013875498,0,60,3.0,7,3.264823162145844e-09
9.12,0.21169159439317053,77.50000008826738,0,60,3.0,7,2.0768796355910393e-09
9.125,0.23277292922115492,77.50000005583678,0,60,3.0,7,1.313806558969458e-09
9.13,0.24602692519491282,77.5000000351244,0,60,3.0,7,8.264564980088514e-10
9.135,0.24995056064839283,77.5000000219718,0,60,3.0,7,5.169835383319022e-10
9.14,0.24408826520424054,77.50000001366756,0,60,3.0,7,3.215896359667086e-10
9.145,0.22911894216865275,77.50000000845444,0,60,3.0,7,1.9892789115307524e-10
9.15,0.20672661788705934,77.50000000520052,0,60,3.0,7,1.223651559164008e-10
9.155,0.17928878030241233,77.5000000031811,0,60,3.0,7,7.484940771759926e-11
9.16,0.14946211903866036,77.50000000193498,0,60,3.0,7,4.552890352309024e-11
9.165,0.1197651512573837,77.50000000117042,0,60,3.0,7,2.7539298945852995e-11
9.17,0.09224675744988023,77.500000000704,0,60,3.0,7,1.6564841002143702e-11
9.175,0.06829565320281596,77.5000000004211,0,60,3.0,7,9.90814228049096e-12
9.18,0.04860224607515734,77.50000000025047,0,60,3.0,7,5.893325043657301e-12
9.185,0.03324612389699793,77.50000000014815,0,60,3.0,7,3.4858390683760207e-12
9.19,0.021859876340472782,77.50000000008714,0,60,3.0,7,2.0503755556145573e-12
9.195,0.01381595518554205,77.50000000005096,0,60,3.0,7,1.1990617649109267e-12
9.2,0.008394095110402422,77.50000000002964,0,60,3.0,7,6.975021867273266e-13
9.205,0.0049052535271608,77.50000000001714,0,60,3.0,7,4.032539008596145e-13
9.21,0.0027671663551903634,77.50000000000986,0,60,3.0,7,2.3205489817294564e-13
9.215,0.0015425553464444616,77.50000000000564,0,60,3.0,7,1.3274610169259284e-13
9.22,0.0009638206637011801,77.50000000000321,0,60,3.0,7,7.556830977966242e-14
9.225,0.0009804935156568228,77.50000000000182,0,60,3.0,7,4.279975067166721e-14
9.23,0.0018793744894085216,77.50000000000102,0,60,3.0,7,2.4074859752812806e-14
9.235,0.004535525206900863,77.50000000000057,0,60,3.0,7,1.3374922084896003e-14
9.24,0.010832767979632273,77.50000000000031,0,60,3.0,7,7.356207146692803e-15
9.245,0.024208003392322392,77.50000000000017,0,60,3.0,7,4.012476625468801e-15
9.25,0.0500971897335304,77.5000000000001,0,60,3.0,7,2.3406113648568006e-15
9.255,0.09582894921774403,77.50000000000006,0,60,3.0,7,1.3374922084896003e-15
9.26,0.16937896721820658,77.50000000000003,0,60,3.0,7,6.687461042448002e-16
9.265,0.27661303008991756,77.50000000000001,0,60,3.0,7,3.343730521224001e-16
9.27,0.4173782800009149,77.50000000000001,0,60,3.0,7,3.343730521224001e-16
9.275,0.5818720934538056,77.5,0,60,3.0,7,0.0
9.28,0.7494718801585675,77.5,0,60,3.0,7,0.0
9.285,0.891813020752378,77.5,0,60,3.0,7,0.0
9.29,0.9800361632936612,77.5,0,60,3.0,7,0.0
9.295,0.993574479225126,77.50000249379623,1,60,3.0,7,5.8677558372972485e-08
9.3,0.9263438449375362,77.50000391718795,0,60,3.0,7,9.216912831909533e-08
9.305,0.7873015962290536,77.50000630150961,0,60,3.0,7,1.4827081446021431e-07
9.31,0.5959516244629897,77.5000105140369,0,60,3.0,7,2.473891035659857e-07
9.315,0.376910120078773,77.50001840698704,0,60,3.0,7,4.331055773785492e-07
9.32,0.15739335672107918,77.50003400964872,0,60,3.0,7,8.002270285888859e-07
9.325,-0.033361226269301235,77.50006609644886,0,60,3.0,7,1.5552105614514243e-06
9.33,-0.1680180840843834,77.50013356232397,0,60,3.0,7,3.1426429168678785e-06
9.335,-0.23069703190837854,77.50027632336332,0,60,3.0,7,6.501726195839343e-06
9.34,-0.22587267821131068,77.50057668790406,0,60,3.0,7,1.3569127154302324e-05
9.345,-0.17718181630665902,77.50119979487688,0,60,3.0,7,2.8230467691347417e-05
9.35,-0.11494332516451301,77.50246734685948,0,60,3.0,7,5.80552202229549e-05
9.355,-0.061810214049552864,77.50498694254254,0,60,3.0,7,0.00011733982453045107
9.36,-0.026546104631500547,77.50986989510379,0,60,3.0,7,0.00023223282597153712
9.365,-0.00719600351942686,77.51908262989394,0,60,3.0,7,0.00044900305632809785
9.37,0.0022072757983807078,77.53598806050526,0,60,3.0,7,0.0008467778942414337
9.375,0.006917199873730717,77.5661388335815,0,60,3.0,7,0.0015562078489765822
9.38,0.01004859748264829,77.61837627811394,0,60,3.0,7,0.0027853241909162854
9.385,0.013037082251128167,77.70625715723415,0,60,3.0,7,0.004853109581979959
9.39,0.01645163937690478,77.84976424958334,0,60,3.0,7,0.008229747049019874
9.395,0.020526639934696615,78.07714907313756,0,60,3.0,7,0.01357997819147205
9.4,0.02539629541761738,78.42660746482035,0,60,3.0,7,0.021802528584008236
9.405,0.031171612185577933,78.94731857168912,0,60,3.0,7,0.034054554627979385
9.41,0.03795853426638131,79.69922288771569,0,60,3.0,7,0.05174642088742804
9.415,0.0458588961882057,80.75083343091529,0,60,3.0,7,0.07649019837447749
9.42,0.054966995891435555,82.17443594424168,0,60,3.0,7,0.10998672809980423
9.425,0.06536491004445595,84.03830214667643,0,60,3.0,7,0.15384240345121009
9.43,0.07711726085088699,86.39604373737505,0,60,3.0,7,0.20931867617353064
9.435,0.09026570629555215,89.2739411348602,0,60,3.0,7,0.277033909055534
9.44,0.10482339848670268,92.6578763804036,0,60,3.0,7,0.3566559148330257
9.445,0.12076968927580028,96.48219417074539,0,60,3.0,7,0.44663986284106794
9.45,0.13804539501007884,100.62317626104648,0,60,3.0,7,0.5440747355540348
9.455,0.15654895051787066,104.89963122754831,0,60,3.0,7,0.6446972053540779
9.46,0.17613378141900526,109.08226138097591,0,60,3.0,7,0.7431120324935507
9.465,0.19660720058055794,112.91202435562403,0,60,3.0,7,0.8332241024852712
9.47,0.21773108748496234,116.12590285572924,0,60,3.0,7,0.908844773075982
9.475,0.23922453870058807,118.48673321912287,0,60,3.0,7,0.964393722802891
9.48,0.2607685857914563,119.81248326881075,0,60,3.0,7,0.9955878416190765
9.485,0.2820129681603682,120.0,0,60,3.0,7,1.0
9.49,0.30258482867153996,119.03895265764984,0,60,3.0,7,0.9773871213564669
9.495,0.3220990771751686,117.01338144972989,0,60,3.0,7,0.9297266223465857
9.5,0.3401700499968971,114.09055937282247,0,60,3.0,7,0.8609543381840581
9.505,0.3564239911198326,110.49924173293033,0,60,3.0,7,0.7764527466571842
9.51,0.3705118017738417,106.501252019056,0,60,3.0,7,0.6823824004483764
9.515,0.3821214567925213,102.3613128393379,0,60,3.0,7,0.5849720668079506
9.52,0.39098947374066967,98.31991189297068,0,60,3.0,7,0.48988027983460425
9.525,0.3969108472035567,94.57291708101874,0,60,3.0,7,0.40171569602397045
9.53,0.3997469255491936,91.2599713216292,0,60,3.0,7,0.3237640310971575
9.535,0.3994308076379137,88.46186297981151,0,60,3.0,7,0.25792618776027093
9.54,0.3959699661768434,86.2055083156022,0,60,3.0,7,0.20483548977887533
9.545,0.38944595408114946,84.47418553637537,0,60,3.0,7,0.1640984832088323
9.55,0.38001120995358023,83.22032439628626,0,60,3.0,7,0.13459586814791197
9.555,0.3678831374098315,82.3784030507939,0,60,3.0,7,0.11478595413632721
9.56,0.35333577933796634,81.87614033165356,0,60,3.0,7,0.10296800780361316
9.565,0.33668953221163944,81.6429627878982,0,60,3.0,7,0.09748147736231057
9.57,0.3182994390982644,81.61546715457652,0,60,3.0,7,0.09683452128415344
9.575,0.29854265738230645,81.74015709851017,0,60,3.0,7,0.09976840231788628
9.58,0.2778057157821067,81.9740569196691,0,60,3.0,7,0.10527192752162577
9.585,0.2564721553719815,82.28391103867587,0,60,3.0,7,0.1125626126747263
9.59,0.23491109433464996,82.64462413530069,0,60,3.0,7,0.12104997965413385
9.595,0.21346717185309805,83.03745309290495,0,60,3.0,7,0.1302930139507048
9.6,0.19245222055656455,83.4482905955028,0,60,3.0,7,0.13995977871771287
9.605,0.17213889801761392,83.86622429212309,0,60,3.0,7,0.14979351275583747
9.61,0.15275638501270183,84.28243683268946,0,60,3.0,7,0.1595867490044578
9.615,0.13448814019607322,84.68943573432038,0,60,3.0,7,0.1691631937487149
9.62,0.11747159495449566,85.08056227854561,0,60,3.0,7,0.1783661712598968
9.625,0.10179958433370105,85.44971522709557,0,60,3.0,7,0.18705212299048393
9.63,0.08752324394101413,85.79122761200028,0,60,3.0,7,0.19508770851765375
9.635,0.07465606047174059,86.09984484761954,0,60,3.0,7,0.2023492905322244
9.64,0.0631787448609295,86.37076438636134,0,60,3.0,8,0.20872386791438458
9.645,0.05304460019959574,86.59970808382359,0,60,3.0,8,0.2141107784429079
9.65,0.044185078305849994,86.7830071632666,0,60,3.0,8,0.2184236979592142
9.655,0.03651525513023255,86.91768606859858,0,60,3.0,8,0.22159261337879022
9.66,0.0299390014708757,87.00153597091433,0,60,3.0,8,0.22356555225680783
9.665,0.024353677220580638,87.03317178450779,0,60,3.0,8,0.22430992434135968
9.67,0.01965423034339045,87.01206873798577,0,60,3.0,8,0.22381338207025345
9.675,0.015736632374757337,86.938576193165,0,60,3.0,8,0.22208414572152954
9.68,0.012500627640593535,86.81390773863106,0,60,3.0,8,0.2191507703207308
9.685,0.009851811652115898,86.64010773261553,0,60,3.0,8,0.21506135841448312
9.69,0.007703084175428559,86.41999548610957,0,60,3.0,8,0.2098822467319899
9.695,0.005975544002062424,86.15708917317427,0,60,3.0,8,0.2036962158393946
9.7,0.004598905818663047,85.85551231983004,0,60,3.0,8,0.1966002898783539
9.705,0.0035115256454839104,85.5198863357969,0,60,3.0,8,0.18870320790110348
9.71,0.002660121266303676,85.15521299527994,0,60,3.0,8,0.18012265871246916
9.715,0.0019992692560877024,84.76675103026113,0,60,3.0,8,0.17098237718261491
9.72,0.0014907520044639367,84.35989106720938,0,60,3.0,8,0.16140920158139707
9.725,0.0011028178277539807,83.94003302017312,0,60,3.0,8,0.15153018870995572
9.73,0.0008094059938923333,83.51246976372725,0,60,3.0,8,0.14146987679358242
9.735,0.0005893771793717645,83.082280470485,0,60,3.0,8,0.13134777577611773
9.74,0.0004257792353490551,82.65423643892917,0,60,3.0,8,0.12127615150421588
9.745,0.0003051686392901525,82.23272159200907,0,60,3.0,8,0.11135815510609579
9.75,0.00021699992642659966,81.8216691316493,0,60,3.0,8,0.10168633250939532
9.755,0.00015308884054097838,81.4245151256355,0,60,3.0,8,0.09234153236789398
9.76,0.00010714989329311098,81.0441691159847,0,60,3.0,8,0.08339221449375767
9.765,7.440535854020571e-05,80.683001202808,0,60,3.0,8,0.07489414594842354
9.77,5.1260276743925106e-05,80.34284450049499,0,60,3.0,8,0.06689045883517625
9.775,3.503659887882241e-05,80.02501140315086,0,60,3.0,8,0.05941203301531426
9.78,2.375894748103639e-05,79.73032174609531,0,60,3.0,8,0.052478158731654435
9.785,1.5984413869232557e-05,79.4591407154507,0,60,3.0,8,0.04609742859884002
9.79,1.0669166579899869e-05,79.21142423740287,0,60,3.0,8,0.04026880558594979
9.795,7.06526633560511e-06,78.9867695657814,0,60,3.0,8,0.03498281331250355
9.8,4.641847214699205e-06,78.78446886954399,0,60,3.0,8,0.030222796930446723
9.805,3.025641074479182e-06,78.60356378533176,0,60,3.0,8,0.025966206713688426
9.81,1.9566278676921314e-06,78.44289912695085,0,60,3.0,8,0.022185861810608203
9.815,1.2553456560008793e-06,78.30117421486159,0,60,3.0,8,0.018851157996743282
9.82,7.990660428214668e-07,78.17699058609722,0,60,3.0,8,0.015929190261111028
9.825,5.046221251618276e-07,78.0688951512295,0,60,3.0,8,0.013385768264223476
9.83,3.1616527078858815e-07,77.97541816475811,0,60,3.0,8,0.011186309759014367
9.835,1.9652884407760343e-07,77.89510565587798,0,60,3.0,8,0.00929660366771727
9.84,1.2120002189836396e-07,77.82654621810562,0,60,3.0,8,0.007683440426014573
9.845,7.415549848886236e-08,77.7683922718456,0,60,3.0,8,0.006315112278719974
9.85,4.501406988770349e-08,77.71937608967772,0,60,3.0,8,0.0051617903453582
9.855,0.0,77.67832100862636,0,60,3.0,8,0.00419578843826718
9.86,0.0,77.64414834790306,0,60,3.0,8,0.0033917258330130634
9.865,0.0,77.61588060740796,0,60,3.0,8,0.0027266025272461
9.87,0.0,77.59264154581128,0,60,3.0,8,0.0021798010779123696
9.875,0.0,77.57365373238999,0,60,3.0,8,0.0017330289974114186
9.88,0.0,77.55823413948939,0,60,3.0,8,0.0013702150468090808
9.885,0.0,77.54578829810711,0,60,3.0,8,0.0010773717201673476
9.89,0.0,77.53580348299825,0,60,3.0,8,0.0008424348940764048
9.895,0.0,77.52784133072689,0,60,3.0,8,0.0006550901347502665
9.9,0.0,77.5215302284374,0,60,3.0,8,0.0005065936102917422
9.905,0.0,77.51655774624525,0,60,3.0,8,0.00038959402930010905
9.91,0.0,77.51266332472912,0,60,3.0,8,0.00029796058186160306
9.915,0.0,77.50963137297701,0,60,3.0,8,0.0002266205406355686
9.92,0.0,77.50728488323819,0,60,3.0,8,0.00017140901736906124
9.925,0.0,77.50547962610095,0,60,3.0,8,0.00012893237884588202
9.93,0.0,77.5040989553958,0,60,3.0,8,9.644600931303959e-05
9.935,0.0,77.50304922446462,0,60,3.0,8,7.174645799101894e-05
9.94,0.0,77.50225579450853,0,60,3.0,8,5.3077517847722284e-05
9.945,0.0,77.50165960070633,0,60,3.0,8,3.904942838430008e-05
9.95,0.0,77.50121423185787,0,60,3.0,8,2.8570161361706006e-05
9.955,0.0,77.50088347359097,0,60,3.0,8,2.0787613905280096e-05
9.96,0.0,77.50063926283588,0,60,3.0,8,1.5041478491184535e-05
9.965,0.0,77.5004600015325,0,60,3.0,8,1.0823565470646452e-05
9.97,0.0,77.5003291796934,0,60,3.0,8,7.745404550472385e-06
9.975,0.0,77.50023426139796,0,60,3.0,8,5.512032893260339e-06
9.98,0.0,77.50016579153834,0,60,3.0,8,3.900977372615992e-06
9.985,0.0,77.50011668577856,0,60,3.0,8,2.7455477309371525e-06
9.99,0.0,77.50008167091697,0,60,3.0,8,1.921668634582495e-06
9.995,0.0,77.5000568474347,0,60,3.0,8,1.3375866989703996e-06
10.0,0.0,77.50003935031812,0,60,3.0,8,9.258898380855552e-07
10.005,0.0,77.50002708816338,0,60,3.0,8,6.373685500741832e-07
10.01,0.001684486749771458,77.50001854405937,0,60,3.0,8,4.3633080876508543e-07
10.015,0.003097557930867117,77.50001262478511,0,60,3.0,8,2.970537673932353e-07
10.02,0.005475106668887023,77.50000854746077,0,60,3.0,8,2.0111672390211263e-07
10.025,0.00930222931468658,77.50000575498471,0,60,3.0,8,1.3541140500659395e-07
10.03,0.01519157517868857,77.50000385340955,0,60,3.0,8,9.066846005493169e-08
10.035,0.023847336626128316,77.50000256590221,0,60,3.0,8,6.037416958005291e-08
10.04,0.0359830743700859,77.50000169913923,0,60,3.0,8,3.997974665574421e-08
10.045,0.05218887796857759,77.50000111895281,0,60,3.0,8,2.6328301400473507e-08
10.05,0.0727577001223134,77.50000073280515,0,60,3.0,8,1.724247407336781e-08
10.055,0.0974992498694751,77.50000047726456,0,60,3.0,8,1.1229754443989162e-08
10.06,0.12558706050443358,77.50000030911765,0,60,3.0,8,7.273356526210966e-09
10.065,0.15549263588878245,77.50000019910509,0,60,3.0,8,4.68482559935022e-09
10.07,0.1850529723539114,77.5000001275366,0,60,3.0,8,3.0008610498471708e-09
10.075,0.21169159439317053,77.50000008124212,0,60,3.0,8,1.9115793079168616e-09
10.08,0.23277292922115492,77.50000005146615,0,60,3.0,8,1.2109681205509012e-09
10.085,0.24602692519491282,77.5000000324232,0,60,3.0,8,7.628988682614256e-10
10.09,0.24995056064839283,77.50000002031346,0,60,3.0,8,4.779638750144787e-10
10.095,0.24408826520424054,77.50000001265629,0,60,3.0,8,2.9779498083157436e-10
10.1,0.22911894216865275,77.50000000784192,0,60,3.0,8,1.8451574386049555e-10
10.105,0.20672661788705934,77.50000000483206,0,60,3.0,8,1.1369553142097122e-10
10.11,0.17928878030241233,77.50000000296099,0,60,3.0,8,6.967030351327541e-11
10.115,0.14946211903866036,77.50000000180441,0,60,3.0,8,4.245668392018963e-11
10.12,0.1197651512573837,77.50000000109351,0,60,3.0,8,2.5729671987766563e-11
10.125,0.09224675744988023,77.50000000065904,0,60,3.0,8,1.5506884665228427e-11
10.13,0.06829565320281596,77.50000000039499,0,60,3.0,8,9.29389898374211e-12
10.135,0.04860224607515734,77.50000000023543,0,60,3.0,8,5.539558354511802e-12
10.14,0.03324612389699793,77.50000000013955,0,60,3.0,8,3.283543371841969e-12
10.145,0.021859876340472782,77.50000000008227,0,60,3.0,8,1.935685598736574e-12
10.15,0.01381595518554205,77.50000000004822,0,60,3.0,8,1.1345277658513034e-12
10.155,0.008394095110402422,77.50000000002811,0,60,3.0,8,6.613898970981073e-13
10.16,0.0049052535271608,77.5000000000163,0,60,3.0,8,3.835258907843929e-13
10.165,0.0027671663551903634,77.5000000000094,0,60,3.0,8,2.2102058745290646e-13
10.17,0.0015425553464444616,77.50000000000539,0,60,3.0,8,1.2672738675438964e-13
10.175,0.0009638206637011801,77.50000000000307,0,60,3.0,8,7.222457925843841e-14
10.18,0.0009804935156568228,77.50000000000175,0,60,3.0,8,4.112788541105521e-14
10.185,0.0018793744894085216,77.50000000000098,0,60,3.0,8,2.3071740596445606e-14
10.19,0.004535525206900863,77.50000000000055,0,60,3.0,8,1.3040549032773603e-14
10.195,0.010832767979632273,77.50000000000031,0,60,3.0,8,7.356207146692803e-15
10.2,0.024208003392322392,77.50000000000017,0,60,3.0,8,4.012476625468801e-15
10.205,0.0500971897335304,77.5000000000001,0,60,3.0,8,2.3406113648568006e-15
10.21,0.09582894921774403,77.50000000000006,0,60,3.0,8,1.3374922084896003e-15
10.215,0.16937896721820658,77.50000000000003,0,60,3.0,8,6.687461042448002e-16
10.22,0.27661303008991756,77.50000000000001,0,60,3.0,8,3.343730521224001e-16
10.225,0.4173782800009149,77.50000000000001,0,60,3.0,8,3.343730521224001e-16
10.23,0.5818720934538056,77.5,0,60,3.0,8,0.0
10.235,0.7494718801585675,77.5,0,60,3.0,8,0.0
10.24,0.891813020752378,77.5,0,60,3.0,8,0.0
10.245,0.9800361632936612,77.5,0,60,3.0,8,0.0
10.25,0.993574479225126,77.50000249379623,1,60,3.0,8,5.8677558372972485e-08
10.255,0.9263438449375362,77.5000037873591,0,60,3.0,8,8.911433189282167e-08
10.26,0.7873015962290536,77.50000586643203,0,60,3.0,8,1.3803369490554305e-07
10.265,0.5959516244629897,77.50000936112565,0,60,3.0,8,2.202617799733108e-07
10.27,0.376910120078773,77.50001553885947,0,60,3.0,8,3.656202228713108e-07
10.275,0.15739335672107918,77.5000269987902,0,60,3.0,8,6.352656518682873e-07
10.28,-0.033361226269301235,77.50004909538588,0,60,3.0,8,1.1551855500195362e-06
10.285,-0.1680180840843834,77.5000927881157,0,60,3.0,8,2.1832497810357704e-06
10.29,-0.23069703190837854,77.50018019691618,0,60,3.0,8,4.239927439437665e-06
10.295,-0.22587267821131068,77.50035512985896,0,60,3.0,8,8.355996681409712e-06
10.3,-0.17718181630665902,77.50070244716376,0,60,3.0,8,1.652816855907451e-05
10.305,-0.11494332516451301,77.50138258743117,0,60,3.0,8,3.253146896862049e-05
10.31,-0.061810214049552864,77.50269116678194,0,60,3.0,8,6.332157133984391e-05
10.315,-0.026546104631500547,77.50515844333034,0,60,3.0,8,0.00012137513718458007
10.32,-0.00719600351942686,77.50970954477438,0,60,3.0,8,0.00022845987704426187
10.325,0.0022072757983807078,77.5179131238936,0,60,3.0,8,0.00042148526808486006
10.33,0.006917199873730717,77.5323521823347,0,60,3.0,8,0.0007612278196401188
10.335,0.01004859748264829,77.55715374596484,0,60,3.0,8,0.0013447940227021102
10.34,0.013037082251128167,77.59871019466716,0,60,3.0,8,0.0023225928156979507
10.345,0.01645163937690478,77.66660957566988,0,60,3.0,8,0.00392022530987955
10.35,0.020526639934696615,77.77476004056273,0,60,3.0,8,0.006464942130887654
10.355,0.02539629541761738,77.94264063456316,0,60,3.0,8,0.01041507375442734
10.36,0.031171612185577933,78.1965363540429,0,60,3.0,8,0.016389090683362476
10.365,0.03795853426638131,78.57052498893353,0,60,3.0,8,0.025188823269024184
10.37,0.0458588961882057,79.10689048440082,0,60,3.0,8,0.03780918786825463
10.375,0.054966995891435555,79.85556550877875,0,60,3.0,8,0.05542507079479418
10.38,0.06536491004445595,80.87218550073672,0,60,3.0,8,0.07934554119380517
10.385,0.07711726085088699,82.21440106636989,0,60,3.0,8,0.1109270839145856
10.39,0.09026570629555215,83.93627195484723,0,60,3.0,8,0.1514416930552289
10.395,0.10482339848670268,86.08086244957394,0,60,3.0,8,0.20190264587232806
10.4,0.12076968927580028,88.67155390032357,0,60,3.0,8,0.2628600917723194
10.405,0.13804539501007884,91.70302829420208,0,60,3.0,8,0.33418890104004906
10.41,0.15654895051787066,95.13326660856461,0,60,3.0,8,0.41490039078975555
10.415,0.17613378141900526,98.87813714204108,0,60,3.0,8,0.5030149915774372
10.42,0.19660720058055794,102.81011793964564,0,60,3.0,8,0.5955321868151915
10.425,0.21773108748496234,106.76233734752944,0,60,3.0,8,0.6885255846477515
10.43,0.23922453870058807,110.53842825599659,0,60,3.0,8,0.7773747824940375
10.435,0.2607685857914563,113.92775900036906,0,60,3.0,8,0.8571237411851544
10.44,0.2820129681603682,116.72459033287774,0,60,3.0,8,0.9229315372441821
10.445,0.30258482867153996,118.74882595036786,0,60,3.0,8,0.9705606105968908
10.45,0.3220990771751686,119.8654865137496,0,60,3.0,8,0.9968349767941083
10.455,0.3401700499968971,120.0,0,60,3.0,8,1.0
10.46,0.3564239911198326,119.1469163744074,0,60,3.0,8,0.9799274441037035
10.465,0.3705118017738417,117.37064685570721,0,60,3.0,8,0.9381328671931107
10.47,0.3821214567925213,114.79810695801649,0,60,3.0,8,0.8776025166592115
10.475,0.39098947374066967,111.60444632346429,0,60,3.0,8,0.8024575605521009
10.48,0.3969108472035567,107.99410915756765,0,60,3.0,8,0.7175084507662977
10.485,0.3997469255491936,104.18007944020901,0,60,3.0,8,0.6277665750637414
10.49,0.3994308076379137,100.36422724801442,0,60,3.0,8,0.5379818176003391
10.495,0.3959699661768434,96.7212161790668,0,60,3.0,8,0.45226391009568945
10.5,0.38944595408114946,93.38759728931282,0,60,3.0,8,0.3738258185720664
10.505,0.38001120995358023,90.45670883537264,0,60,3.0,8,0.3048637373028856
10.51,0.3678831374098315,87.9790401462504,0,60,3.0,8,0.24656565050000936
10.515,0.35333577933796634,85.96697701419116,0,60,3.0,8,0.19922298856920373
10.52,0.33668953221163944,84.4024246438112,0,60,3.0,8,0.1624099916190871
10.525,0.3182994390982644,83.24571739115189,0,60,3.0,8,0.13519335038004435
10.53,0.29854265738230645,82.44441592118244,0,60,3.0,8,0.11633919814546917
10.535,0.2778057157821067,81.94096223704659,0,60,3.0,8,0.10449322910697861
10.54,0.2564721553719815,81.67860013199362,0,60,3.0,8,0.09832000310573222
10.545,0.23491109433464996,81.6053774632043,0,60,3.0,8,0.09659711678127779
10.55,0.21346717185309805,81.67636369433883,0,60,3.0,8,0.09826738104326664
10.555,0.19245222055656455,81.85441421730658,0,60,3.0,8,0.10245680511309609
10.56,0.17213889801761392,82.10989597948169,0,60,3.0,8,0.10846814069368688
10.565,0.15275638501270183,82.4197812649522,0,60,3.0,8,0.11575955917534603
10.57,0.13448814019607322,82.76645106571821,0,60,3.0,8,0.123916495663958
10.575,0.11747159495449566,83.13645818712642,0,60,3.0,8,0.13262254557944522
10.58,0.10179958433370105,83.51940780368162,0,60,3.0,8,0.1416331247925086
10.585,0.08752324394101413,83.90703501007195,0,60,3.0,8,0.15075376494286943
10.59,0.07465606047174059,84.29250168132002,0,60,3.0,8,0.15982356897223574
10.595,0.0631787448609295,84.66989887994485,0,60,3.0,8,0.16870350305752596
10.6,0.05304460019959574,85.03392255252196,0,60,3.0,8,0.1772687659416931
10.605,0.044185078305849994,85.37968430795249,0,60,3.0,8,0.1854043366577056
10.61,0.03651525513023255,85.70262077560254,0,60,3.0,8,0.1930028417788833
10.615,0.0299390014708757,85.99847050884269,0,60,3.0,8,0.19996401197276908
10.62,0.024353677220580638,86.26329398177421,0,60,3.0,8,0.2061951525123344
10.625,0.01965423034339045,86.49351840681324,0,60,3.0,8,0.21161219780737028
10.63,0.015736632374757337,86.68599420541278,0,60,3.0,8,0.2161410401273596
10.635,0.012500627640593535,86.83805385632725,0,60,3.0,8,0.2197189142665235
10.64,0.009851811652115898,86.94756666863884,0,60,3.0,8,0.22229568632091393
10.645,0.007703084175428559,87.01298502755421,0,60,3.0,8,0.2238349418248049
10.65,0.005975544002062424,87.03337908862481,0,60,3.0,8,0.2243148020852897
10.655,0.004598905818663047,87.0084579536151,0,60,3.0,8,0.2237284224380025
10.66,0.0035115256454839104,86.938576193165,0,60,3.0,8,0.22208414572152954
10.665,0.002660121266303676,86.82472527864306,0,60,3.0,8,0.2194053006739543
10.67,0.0019992692560877024,86.66851009780702,0,60,3.0,8,0.21572964936016506
10.675,0.0014907520044639367,86.47211127728372,0,60,3.0,8,0.2111085006419698
10.68,0.0011028178277539807,86.23823452311164,0,60,3.0,8,0.2056055181908622
10.685,0.0008094059938923333,85.97004861293706,0,60,3.0,8,0.19929526148087207
10.69,0.0005893771793717645,85.67111402048207,0,60,3.0,8,0.19226150636428388
10.695,0.0004257792353490551,85.34530441514248,0,60,3.0,8,0.18459539800335245
10.7,0.0003051686392901525,84.99672344980459,0,60,3.0,8,0.1763934929365786
10.705,0.00021699992642659966,84.62961932448681,0,60,3.0,8,0.16775574881145436
10.71,0.00015308884054097838,84.248299592624,0,60,3.0,8,0.15878351982644692
10.715,0.00010714989329311098,83.85704856531288,0,60,3.0,8,0.14957761330147953
10.72,7.440535854020571e-05,83.4600494751478,0,60,3.0,8,0.14023645823877173
10.725,5.1260276743925106e-05,83.06131329728954,0,60,3.0,8,0.13085443052445986
10.73,3.503659887882241e-05,82.66461580565927,0,60,3.0,8,0.1215203718978651
10.735,2.375894748103639e-05,82.2734440829479,0,60,3.0,8,0.1123163313634801
10.74,1.5984413869232557e-05,81.89095332165515,0,60,3.0,8,0.10331654874482699
10.745,1.0669166579899869e-05,81.51993436674516,0,60,3.0,8,0.0945866909822391
10.75,7.06526633560511e-06,81.16279207494762,0,60,3.0,8,0.08618334293994394
10.755,4.641847214699205e-06,80.82153421580314,0,60,3.0,8,0.07815374625419154
10.76,3.025641074479182e-06,80.49777032755243,0,60,3.0,8,0.07053577241299837
10.765,1.9566278676921314e-06,80.19271967649756,0,60,3.0,8,0.06335811003523671
10.77,1.2553456560008793e-06,79.9072272581673,0,60,3.0,8,0.05664064136864226
10.775,7.990660428214668e-07,79.64178662610968,0,60,3.0,8,0.05039497943787477
10.78,5.046221251618276e-07,79.39656824009577,0,60,3.0,8,0.04462513506107705
10.785,3.1616527078858815e-07,79.17145198793789,0,60,3.0,8,0.03932828206912672
10.79,1.9652884407760343e-07,78.96606254967222,0,60,3.0,8,0.034495589404052146
10.795,1.2120002189836396e-07,78.77980633332653,0,60,3.0,8,0.03011309019591843
10.8,7.415549848886236e-08,78.61190881032023,0,60,3.0,8,0.026162560242828946
10.805,4.501406988770349e-08,78.46145120731774,0,60,3.0,8,0.022622381348652625
10.81,0.0,78.32740566133431,0,60,3.0,8,0.019468368501983777
10.815,0.0,78.20866810746416,0,60,3.0,8,0.016674543705039135
10.82,0.0,78.10408833568827,0,60,3.0,8,0.014213843192665282
10.825,0.0,78.01249681760311,0,60,3.0,8,0.012058748649484882
10.83,0.0,77.93272805946427,0,60,3.0,8,0.010181836693276877
10.835,0.0,77.86364037977026,0,60,3.0,8,0.008556244229888467
10.84,0.0,77.80413213413297,0,60,3.0,8,0.007156050214893426
10.845,0.0,77.75315451508283,0,60,3.0,9,0.005956576825478271
10.85,0.0,77.70972113863759,0,60,3.0,9,0.004934615026766832
10.855,0.0,77.67291469288736,0,60,3.0,9,0.004068581009114362
10.86,0.0,77.6418909673889,0,60,3.0,9,0.0033386109973859595
10.865,0.0,77.61588060740796,0,60,3.0,9,0.0027266025272461
10.87,0.0,77.59418894611207,0,60,3.0,9,0.002216210496754577
10.875,0.0,77.57619426314615,0,60,3.0,9,0.0017928061916741038
10.88,0.0,77.56134480222934,0,60,3.0,9,0.001443407111278649
10.885,0.0,77.54915485611353,0,60,3.0,9,0.001156584849730159
10.89,0.0,77.53920019694617,0,60,3.0,9,0.0009223575752039725
10.895,0.0,77.53111309607614,0,60,3.0,9,0.0007320728488503605
10.9,0.0,77.52457714164618,0,60,3.0,9,0.0005782856857923862
10.905,0.0,77.51932202662293,0,60,3.0,9,0.00045463592053953804
10.91,0.0,77.51511844558637,0,60,3.0,9,0.00035572813144393184
10.915,0.0,77.51177320666078,0,60,3.0,9,0.0002770166273124045
10.92,0.0,77.50912463613587,0,60,3.0,9,0.00021469732084389816
10.925,0.0,77.50703832803256,0,60,3.0,9,0.00016560771841327818
10.93,0.0,77.50540326930944,0,60,3.0,9,0.00012713574845740956
10.935,0.0,77.50412835357564,0,60,3.0,9,9.713773119147738e-05
10.94,0.0,77.50313928191733,0,60,3.0,9,7.3865456878299e-05
10.945,0.0,77.50237583848272,0,60,3.0,9,5.590208194636194e-05
10.95,0.0,77.50178952045918,0,60,3.0,9,4.2106363745500964e-05
10.955,0.0,77.50134149662578,0,60,3.0,9,3.156462648903738e-05
10.96,0.0,77.5010008653694,0,60,3.0,9,2.3549773397783557e-05
10.965,0.0,77.50074318152002,0,60,3.0,9,1.748662400051912e-05
10.97,0.0,77.50054922121242,0,60,3.0,9,1.2922852057031645e-05
10.975,0.0,77.50040395488503,0,60,3.0,9,9.504820824237387e-06
10.98,0.0,77.50029570017914,0,60,3.0,9,6.957651273818128e-06
10.985,0.0,77.50021542865605,0,60,3.0,9,5.068909554077383e-06
10.99,0.0,77.50015620269332,0,60,3.0,9,3.675357489849857e-06
10.995,0.0,77.50011272149108,0,60,3.0,9,2.652270378308351e-06
11.0,0.0,77.50008095768732,0,60,3.0,9,1.904886760391545e-06
11.005,0.0,77.50005786855301,0,60,3.0,9,1.361613012102894e-06
11.01,0.0,77.50004116805168,0,60,3.0,9,9.686600395418602e-07
11.015,0.0,77.50002914816145,0,60,3.0,9,6.8583909283274e-07
11.02,0.0,77.50002053975126,0,60,3.0,9,4.832882649786958e-07
11.025,0.0,77.50001440496989,0,60,3.0,9,3.3894046797446634e-07
11.03,0.0,77.50001005455123,0,60,3.0,9,2.3657767589129968e-07
11.035,0.0,77.50000698467477,0,60,3.0,9,1.6434528868772116e-07
11.04,0.001684486749771458,77.50000482906273,0,60,3.0,9,1.1362500545681755e-07
11.045,0.003097557930867117,77.50000332286477,0,60,3.0,9,7.8185053432796e-08
11.05,0.005475106668887023,77.50000227559855,0,60,3.0,9,5.354349522188867e-08
11.055,0.00930222931468658,77.50000155099998,0,60,3.0,9,3.6494117239271875e-08
11.06,0.01519157517868857,77.50000105210987,0,60,3.0,9,2.475552625636577e-08
11.065,0.023847336626128316,77.50000071030286,0,60,3.0,9,1.6713008389000177e-08
11.07,0.0359830743700859,77.50000047726456,0,60,3.0,9,1.1229754443989162e-08
11.075,0.05218887796857759,77.50000031915964,0,60,3.0,9,7.509638568508843e-09
11.08,0.0727577001223134,77.50000021241732,0,60,3.0,9,4.99805457152166e-09
11.085,0.0974992498694751,77.50000014070355,0,60,3.0,9,3.3106717263067632e-09
11.09,0.12558706050443358,77.50000009275841,0,60,3.0,9,2.1825508825071773e-09
11.095,0.15549263588878245,77.50000006086039,0,60,3.0,9,1.432009104759987e-09
11.1,0.1850529723539114,77.50000003974196,0,60,3.0,9,9.351050025810872e-10
11.105,0.21169159439317053,77.50000002582837,0,60,3.0,9,6.077263659629834e-10
11.11,0.23277292922115492,77.50000001670621,0,60,3.0,9,3.9308728820983294e-10
11.115,0.24602692519491282,77.50000001075455,0,60,3.0,9,2.5304817587739844e-10
11.12,0.24995056064839283,77.50000000689032,0,60,3.0,9,1.6212512117122327e-10
11.125,0.24408826520424054,77.5000000043936,0,60,3.0,9,1.0337878527078668e-10
11.13,0.22911894216865275,77.50000000278825,0,60,3.0,9,6.560599906472764e-11
11.135,0.20672661788705934,77.50000000176108,0,60,3.0,9,4.143718048426843e-11
11.14,0.17928878030241233,77.50000000110703,0,60,3.0,9,2.6047660760334968e-11
11.145,0.14946211903866036,77.50000000069258,0,60,3.0,9,1.629600506823729e-11
11.15,0.1197651512573837,77.50000000043124,0,60,3.0,9,1.0146884639706353e-11
11.155,0.09224675744988023,77.50000000026724,0,60,3.0,9,6.287885245161734e-12
11.16,0.06829565320281596,77.50000000016482,0,60,3.0,9,3.878058658515596e-12
11.165,0.04860224607515734,77.50000000010117,0,60,3.0,9,2.380401758059366e-12
11.17,0.03324612389699793,77.5000000000618,0,60,3.0,9,1.454188403680318e-12
11.175,0.021859876340472782,77.50000000003757,0,60,3.0,9,8.840823498116258e-13
11.18,0.01381595518554205,77.50000000002274,0,60,3.0,9,5.349968833958402e-13
11.185,0.008394095110402422,77.5000000000137,0,60,3.0,9,3.223356222459937e-13
11.19,0.0049052535271608,77.50000000000821,0,60,3.0,9,1.9326762412674725e-13
11.195,0.0027671663551903634,77.5000000000049,0,60,3.0,9,1.1535870298222802e-13
11.2,0.0015425553464444616,77.50000000000291,0,60,3.0,9,6.854647568509201e-14
11.205,0.0009638206637011801,77.50000000000172,0,60,3.0,9,4.045913930681041e-14
11.21,0.0009804935156568228,77.50000000000101,0,60,3.0,9,2.3740486700690407e-14
11.215,0.0018793744894085216,77.5000000000006,0,60,3.0,9,1.4043668189140804e-14
11.22,0.004535525206900863,77.50000000000034,0,60,3.0,9,8.024953250937602e-15
11.225,0.010832767979632273,77.5000000000002,0,60,3.0,9,4.681222729713601e-15
11.23,0.024208003392322392,77.50000000000011,0,60,3.0,9,2.6749844169792007e-15
11.235,0.0500971897335304,77.50000000000007,0,60,3.0,9,1.6718652606120004e-15
11.24,0.09582894921774403,77.50000000000004,0,60,3.0,9,1.0031191563672002e-15
11.245,0.16937896721820658,77.50000000000001,0,60,3.0,9,3.343730521224001e-16
11.25,0.27661303008991756,77.50000000000001,0,60,3.0,9,3.343730521224001e-16
11.255,0.4173782800009149,77.5,0,60,3.0,9,0.0
11.26,0.5818720934538056,77.5,0,60,3.0,9,0.0
11.265,0.7494718801585675,77.5,0,60,3.0,9,0.0
11.27,0.891813020752378,77.5,0,60,3.0,9,0.0
11.275,0.9800361632936612,77.5,0,60,3.0,9,0.0
11.28,0.993574479225126,77.5,1,60,3.0,9,0.0
11.285,0.9263438449375362,77.5,0,60,3.0,9,0.0
11.29,0.7873015962290536,77.5,0,60,3.0,9,0.0
11.295,0.5959516244629897,77.5,0,60,3.0,9,0.0
11.3,0.376910120078773,77.5,0,60,3.0,9,0.0
11.305,0.15739335672107918,77.5,0,60,3.0,9,0.0
11.31,-0.033361226269301235,77.5,0,60,3.0,9,0.0
11.315,-0.1680180840843834,77.5,0,60,3.0,9,0.0
11.32,-0.23069703190837854,77.5,0,60,3.0,9,0.0
11.325,-0.22587267821131068,77.5,0,60,3.0,9,0.0
11.33,-0.17718181630665902,77.5,0,60,3.0,9,0.0
11.335,-0.11494332516451301,77.5,0,60,3.0,9,0.0
11.34,-0.061810214049552864,77.5,0,60,3.0,9,0.0
11.345,-0.026546104631500547,77.5,0,60,3.0,9,0.0
11.35,-0.00719600351942686,77.5,0,60,3.0,9,0.0
11.355,0.0022072757983807078,77.5,0,60,3.0,9,0.0
11.36,0.006917199873730717,77.5,0,60,3.0,9,0.0
11.365,0.01004859748264829,77.5,0,60,3.0,9,0.0
11.37,0.013037082251128167,77.5,0,60,3.0,9,0.0
11.375,0.01645163937690478,77.5,0,60,3.0,9,0.0
11.38,0.020526639934696615,77.5,0,60,3.0,9,0.0
11.385,0.02539629541761738,77.5,0,60,3.0,9,0.0
11.39,0.031171612185577933,77.5,0,60,3.0,9,0.0
11.395,0.03795853426638131,77.5,0,60,3.0,9,0.0
11.4,0.0458588961882057,77.5,0,60,3.0,9,0.0
11.405,0.054966995891435555,77.5,0,60,3.0,9,0.0
11.41,0.06536491004445595,77.5,0,60,3.0,9,0.0
11.415,0.07711726085088699,77.5,0,60,3.0,9,0.0
11.42,0.09026570629555215,77.5,0,60,3.0,9,0.0
11.425,0.10482339848670268,77.5,0,60,3.0,9,0.0
11.43,0.12076968927580028,77.5,0,60,3.0,9,0.0
11.435,0.13804539501007884,77.5,0,60,3.0,9,0.0
11.44,0.15654895051787066,77.5,0,60,3.0,9,0.0
11.445,0.17613378141900526,77.5,0,60,3.0,9,0.0
11.45,0.19660720058055794,77.5,0,60,3.0,9,0.0
11.455,0.21773108748496234,77.5,0,60,3.0,9,0.0
11.46,0.23922453870058807,77.5,0,60,3.0,9,0.0
11.465,0.2607685857914563,77.5,0,60,3.0,9,0.0
11.47,0.2820129681603682,77.5,0,60,3.0,9,0.0
11.475,0.30258482867153996,77.5,0,60,3.0,9,0.0
11.48,0.3220990771751686,77.5,0,60,3.0,9,0.0
11.485,0.3401700499968971,77.5,0,60,3.0,9,0.0
11.49,0.3564239911198326,77.5,0,60,3.0,9,0.0
11.495,0.3705118017738417,77.5,0,60,3.0,9,0.0
11.5,0.3821214567925213,77.5,0,60,3.0,9,0.0
11.505,0.39098947374066967,77.5,0,60,3.0,9,0.0
11.51,0.3969108472035567,77.5,0,60,3.0,9,0.0
11.515,0.3997469255491936,77.5,0,60,3.0,9,0.0
11.52,0.3994308076379137,77.5,0,60,3.0,9,0.0
11.525,0.3959699661768434,77.5,0,60,3.0,9,0.0
11.53,0.38944595408114946,77.5,0,60,3.0,9,0.0
11.535,0.38001120995358023,77.5,0,60,3.0,9,0.0
11.54,0.3678831374098315,77.5,0,60,3.0,9,0.0
11.545,0.35333577933796634,77.5,0,60,3.0,9,0.0
11.55,0.33668953221163944,77.5,0,60,3.0,9,0.0
11.555,0.3182994390982644,77.5,0,60,3.0,9,0.0
11.56,0.29854265738230645,77.5,0,60,3.0,9,0.0
11.565,0.2778057157821067,77.5,0,60,3.0,9,0.0
11.57,0.2564721553719815,77.5,0,60,3.0,9,0.0
11.575,0.23491109433464996,77.5,0,60,3.0,9,0.0
11.58,0.21346717185309805,77.5,0,60,3.0,9,0.0
11.585,0.19245222055656455,77.5,0,60,3.0,9,0.0
11.59,0.17213889801761392,77.5,0,60,3.0,9,0.0
11.595,0.15275638501270183,77.5,0,60,3.0,9,0.0
11.6,0.13448814019607322,77.5,0,60,3.0,9,0.0
11.605,0.11747159495449566,77.5,0,60,3.0,9,0.0
11.61,0.10179958433370105,77.5,0,60,3.0,9,0.0
11.615,0.08752324394101413,77.5,0,60,3.0,9,0.0
11.62,0.07465606047174059,77.5,0,60,3.0,9,0.0
11.625,0.0631787448609295,77.5,0,60,3.0,9,0.0
11.63,0.05304460019959574,77.5,0,60,3.0,9,0.0
11.635,0.044185078305849994,77.5,0,60,3.0,9,0.0
11.64,0.03651525513023255,77.5,0,60,3.0,9,0.0
11.645,0.0299390014708757,77.5,0,60,3.0,9,0.0
11.65,0.024353677220580638,77.5,0,60,3.0,9,0.0
11.655,0.01965423034339045,77.5,0,60,3.0,9,0.0
11.66,0.015736632374757337,77.5,0,60,3.0,9,0.0
11.665,0.012500627640593535,77.5,0,60,3.0,9,0.0
11.67,0.009851811652115898,77.5,0,60,3.0,9,0.0
11.675,0.007703084175428559,77.5,0,60,3.0,9,0.0
11.68,0.005975544002062424,77.5,0,60,3.0,9,0.0
11.685,0.004598905818663047,77.5,0,60,3.0,9,0.0
11.69,0.0035115256454839104,77.5,0,60,3.0,9,0.0
11.695,0.002660121266303676,77.5,0,60,3.0,9,0.0
11.7,0.0019992692560877024,77.5,0,60,3.0,9,0.0
11.705,0.0014907520044639367,77.5,0,60,3.0,9,0.0
11.71,0.0011028178277539807,77.5,0,60,3.0,9,0.0
11.715,0.0008094059938923333,77.5,0,60,3.0,9,0.0
11.72,0.0005893771793717645,77.5,0,60,3.0,9,0.0
11.725,0.0004257792353490551,77.5,0,60,3.0,9,0.0
11.73,0.0003051686392901525,77.5,0,60,3.0,9,0.0
11.735,0.00021699992642659966,77.5,0,60,3.0,9,0.0
11.74,0.00015308884054097838,77.5,0,60,3.0,9,0.0
11.745,0.00010714989329311098,77.5,0,60,3.0,9,0.0
11.75,7.440535854020571e-05,77.5,0,60,3.0,9,0.0
11.755,5.1260276743925106e-05,77.5,0,60,3.0,9,0.0
11.76,3.503659887882241e-05,77.5,0,60,3.0,9,0.0
11.765,2.375894748103639e-05,77.5,0,60,3.0,9,0.0
11.77,1.5984413869232557e-05,77.5,0,60,3.0,9,0.0
11.775,1.0669166579899869e-05,77.5,0,60,3.0,9,0.0
11.78,7.06526633560511e-06,77.5,0,60,3.0,9,0.0
11.785,4.641847214699205e-06,77.5,0,60,3.0,9,0.0
11.79,3.025641074479182e-06,77.5,0,60,3.0,9,0.0
11.795,1.9566278676921314e-06,77.5,0,60,3.0,9,0.0
11.8,1.2553456560008793e-06,77.5,0,60,3.0,9,0.0
11.805,7.990660428214668e-07,77.5,0,60,3.0,9,0.0
11.81,5.046221251618276e-07,77.5,0,60,3.0,9,0.0
11.815,3.1616527078858815e-07,77.5,0,60,3.0,9,0.0
11.82,1.9652884407760343e-07,77.5,0,60,3.0,9,0.0
11.825,1.2120002189836396e-07,77.5,0,60,3.0,9,0.0
11.83,7.415549848886236e-08,77.5,0,60,3.0,9,0.0
11.835,4.501406988770349e-08,77.5,0,60,3.0,9,0.0
11.84,0.0,77.5,0,60,3.0,9,0.0
11.845,0.0,77.5,0,60,3.0,9,0.0
11.85,0.0,77.5,0,60,3.0,9,0.0
11.855,0.0,77.5,0,60,3.0,9,0.0
11.86,0.0,77.5,0,60,3.0,9,0.0
11.865,0.0,77.5,0,60,3.0,9,0.0
11.87,0.0,77.5,0,60,3.0,9,0.0
11.875,0.0,77.5,0,60,3.0,9,0.0
11.88,0.0,77.5,0,60,3.0,9,0.0
11.885,0.0,77.5,0,60,3.0,9,0.0
11.89,0.0,77.5,0,60,3.0,9,0.0
11.895,0.0,77.5,0,60,3.0,9,0.0
11.9,0.0,77.5,0,60,3.0,9,0.0
11.905,0.0,77.5,0,60,3.0,9,0.0
11.91,0.0,77.5,0,60,3.0,9,0.0
11.915,0.0,77.5,0,60,3.0,9,0.0
11.92,0.0,77.5,0,60,3.0,9,0.0
11.925,0.0,77.5,0,60,3.0,9,0.0
11.93,0.0,77.5,0,60,3.0,9,0.0
11.935,0.0,77.5,0,60,3.0,9,0.0
11.94,0.0,77.5,0,60,3.0,9,0.0
11.945,0.0,77.5,0,60,3.0,9,0.0
11.95,0.0,77.5,0,60,3.0,9,0.0
11.955,0.0,77.5,0,60,3.0,9,0.0
11.96,0.0,77.5,0,60,3.0,9,0.0
11.965,0.0,77.5,0,60,3.0,9,0.0
11.97,0.0,77.5,0,60,3.0,9,0.0
11.975,0.0,77.5,0,60,3.0,9,0.0
11.98,0.0,77.5,0,60,3.0,9,0.0
11.985,0.0,77.5,0,60,3.0,9,0.0
11.99,0.0,77.5,0,60,3.0,9,0.0
11.995,0.0,77.5,0,60,3.0,9,0.0
