Time,ECG,Pressure,R_Peaks,mean_hr,hrv_scale,Phase_Bin,Normalized_Pressure
0.0,0.001684486749771458,77.5,0,60,1.0,0,0.0
0.005,0.003097557930867117,77.5,0,60,1.0,0,0.0
0.01,0.005475106668887023,77.5,0,60,1.0,0,0.0
0.015,0.00930222931468658,77.5,0,60,1.0,0,0.0
0.02,0.01519157517868857,77.5,0,60,1.0,0,0.0
0.025,0.023847336626128316,77.5,0,60,1.0,0,0.0
0.03,0.0359830743700859,77.5,0,60,1.0,0,0.0
0.035,0.05218887796857759,77.5,0,60,1.0,0,0.0
0.04,0.0727577001223134,77.5,0,60,1.0,0,0.0
0.045,0.0974992498694751,77.5,0,60,1.0,0,0.0
0.05,0.12558706050443358,77.5,0,60,1.0,0,0.0
0.055,0.15549263588878245,77.5,0,60,1.0,0,0.0
0.06,0.1850529723539114,77.5,0,60,1.0,0,0.0
0.065,0.21169159439317053,77.5,0,60,1.0,0,0.0
0.07,0.23277292922115492,77.5,0,60,1.0,0,0.0
0.075,0.24602692519491282,77.5,0,60,1.0,0,0.0
0.08,0.24995056064839283,77.5,0,60,1.0,0,0.0
0.085,0.24408826520424054,77.5,0,60,1.0,0,0.0
0.09,0.22911894216865275,77.5,0,60,1.0,0,0.0
0.095,0.20672661788705934,77.5,0,60,1.0,0,0.0
0.1,0.17928878030241233,77.5,0,60,1.0,0,0.0
0.105,0.14946211903866036,77.5,0,60,1.0,0,0.0
0.11,0.1197651512573837,77.5,0,60,1.0,0,0.0
0.115,0.09224675744988023,77.5,0,60,1.0,0,0.0
0.12,0.06829565320281596,77.5,0,60,1.0,0,0.0
0.125,0.04860224607515734,77.5,0,60,1.0,0,0.0
0.13,0.03324612389699793,77.5,0,60,1.0,0,0.0
0.135,0.021859876340472782,77.5,0,60,1.0,0,0.0
0.14,0.01381595518554205,77.5,0,60,1.0,0,0.0
0.145,0.008394095110402422,77.5,0,60,1.0,0,0.0
0.15,0.0049052535271608,77.5,0,60,1.0,0,0.0
0.155,0.0027671663551903634,77.5,0,60,1.0,0,0.0
0.16,0.0015425553464444616,77.5,0,60,1.0,0,0.0
0.165,0.0009638206637011801,77.5,0,60,1.0,0,0.0
0.17,0.0009804935156568228,77.5,0,60,1.0,0,0.0
0.175,0.0018793744894085216,77.5,0,60,1.0,0,0.0
0.18,0.004535525206900863,77.5,0,60,1.0,0,0.0
0.185,0.010832767979632273,77.5,0,60,1.0,0,0.0
0.19,0.024208003392322392,77.5,0,60,1.0,0,0.0
0.195,0.0500971897335304,77.5,0,60,1.0,0,0.0
0.2,0.09582894921774403,77.5,0,60,1.0,0,0.0
0.205,0.16937896721820658,77.5,0,60,1.0,0,0.0
0.21,0.27661303008991756,77.5,0,60,1.0,0,0.0
0.215,0.4173782800009149,77.5,0,60,1.0,0,0.0
0.22,0.5818720934538056,77.5,0,60,1.0,0,0.0
0.225,0.7494718801585675,77.5,0,60,1.0,0,0.0
0.23,0.891813020752378,77.5,0,60,1.0,0,0.0
0.235,0.9800361632936612,77.5,0,60,1.0,0,0.0
0.24,0.993574479225126,77.5,0,60,1.0,0,0.0
0.245,0.9263438449375362,77.5,0,60,1.0,0,0.0
0.25,0.7873015962290536,77.5,0,60,1.0,0,0.0
0.255,0.5959516244629897,77.5,0,60,1.0,0,0.0
0.26,0.376910120078773,77.5,0,60,1.0,0,0.0
0.265,0.15739335672107918,77.5,0,60,1.0,0,0.0
0.27,-0.033361226269301235,77.5,0,60,1.0,0,0.0
0.275,-0.1680180840843834,77.5,0,60,1.0,0,0.0
0.28,-0.23069703190837854,77.5,0,60,1.0,0,0.0
0.285,-0.22587267821131068,77.5,0,60,1.0,0,0.0
0.29,-0.17718181630665902,77.5,0,60,1.0,0,0.0
0.295,-0.11494332516451301,77.5,0,60,1.0,0,0.0
0.3,-0.061810214049552864,77.5,0,60,1.0,0,0.0
0.305,-0.026546104631500547,77.5,0,60,1.0,0,0.0
0.31,-0.00719600351942686,77.5,0,60,1.0,0,0.0
0.315,0.0022072757983807078,77.5,0,60,1.0,0,0.0
0.32,0.006917199873730717,77.5,0,60,1.0,0,0.0
0.325,0.01004859748264829,77.5,0,60,1.0,0,0.0
0.33,0.013037082251128167,77.5,0,60,1.0,0,0.0
0.335,0.01645163937690478,77.5,0,60,1.0,0,0.0
0.34,0.020526639934696615,77.5,0,60,1.0,0,0.0
0.345,0.02539629541761738,77.5,0,60,1.0,0,0.0
0.35,0.031171612185577933,77.5,0,60,1.0,0,0.0
0.355,0.03795853426638131,77.5,0,60,1.0,0,0.0
0.36,0.0458588961882057,77.5,0,60,1.0,0,0.0
0.365,0.054966995891435555,77.5,0,60,1.0,0,0.0
0.37,0.06536491004445595,77.5,0,60,1.0,0,0.0
0.375,0.07711726085088699,77.5,0,60,1.0,0,0.0
0.38,0.09026570629555215,77.5,0,60,1.0,0,0.0
0.385,0.10482339848670268,77.5,0,60,1.0,0,0.0
0.39,0.12076968927580028,77.5,0,60,1.0,0,0.0
0.395,0.13804539501007884,77.5,0,60,1.0,0,0.0
0.4,0.15654895051787066,77.5,0,60,1.0,0,0.0
0.405,0.17613378141900526,77.5,0,60,1.0,0,0.0
0.41,0.19660720058055794,77.5,0,60,1.0,0,0.0
0.415,0.21773108748496234,77.5,0,60,1.0,0,0.0
0.42,0.23922453870058807,77.5,0,60,1.0,0,0.0
0.425,0.2607685857914563,77.5,0,60,1.0,0,0.0
0.43,0.2820129681603682,77.5,0,60,1.0,0,0.0
0.435,0.30258482867153996,77.5,0,60,1.0,0,0.0
0.44,0.3220990771751686,77.5,0,60,1.0,0,0.0
0.445,0.3401700499968971,77.5,0,60,1.0,0,0.0
0.45,0.3564239911198326,77.5,0,60,1.0,0,0.0
0.455,0.3705118017738417,77.5,0,60,1.0,0,0.0
0.46,0.3821214567925213,77.5,0,60,1.0,0,0.0
0.465,0.39098947374066967,77.5,0,60,1.0,0,0.0
0.47,0.3969108472035567,77.5,0,60,1.0,0,0.0
0.475,0.3997469255491936,77.5,0,60,1.0,0,0.0
0.48,0.3994308076379137,77.5,0,60,1.0,0,0.0
0.485,0.3959699661768434,77.5,0,60,1.0,0,0.0
0.49,0.38944595408114946,77.5,0,60,1.0,0,0.0
0.495,0.38001120995358023,77.5,0,60,1.0,0,0.0
0.5,0.3678831374098315,77.5,0,60,1.0,0,0.0
0.505,0.35333577933796634,77.5,0,60,1.0,0,0.0
0.51,0.33668953221163944,77.5,0,60,1.0,0,0.0
0.515,0.3182994390982644,77.5,0,60,1.0,0,0.0
0.52,0.29854265738230645,77.5,0,60,1.0,0,0.0
0.525,0.2778057157821067,77.5,0,60,1.0,0,0.0
0.53,0.2564721553719815,77.5,0,60,1.0,0,0.0
0.535,0.23491109433464996,77.5,0,60,1.0,0,0.0
0.54,0.21346717185309805,77.5,0,60,1.0,0,0.0
0.545,0.19245222055656455,77.5,0,60,1.0,0,0.0
0.55,0.17213889801761392,77.5,0,60,1.0,0,0.0
0.555,0.15275638501270183,77.5,0,60,1.0,0,0.0
0.56,0.13448814019607322,77.5,0,60,1.0,0,0.0
0.565,0.11747159495449566,77.5,0,60,1.0,0,0.0
0.57,0.10179958433370105,77.5,0,60,1.0,0,0.0
0.575,0.08752324394101413,77.5,0,60,1.0,0,0.0
0.58,0.07465606047174059,77.5,0,60,1.0,0,0.0
0.585,0.0631787448609295,77.5,0,60,1.0,0,0.0
0.59,0.05304460019959574,77.5,0,60,1.0,0,0.0
0.595,0.044185078305849994,77.5,0,60,1.0,0,0.0
0.6,0.03651525513023255,77.5,0,60,1.0,0,0.0
0.605,0.0299390014708757,77.5,0,60,1.0,0,0.0
0.61,0.024353677220580638,77.5,0,60,1.0,0,0.0
0.615,0.01965423034339045,77.5,0,60,1.0,0,0.0
0.62,0.015736632374757337,77.5,0,60,1.0,0,0.0
0.625,0.012500627640593535,77.5,0,60,1.0,0,0.0
0.63,0.009851811652115898,77.5,0,60,1.0,0,0.0
0.635,0.007703084175428559,77.5,0,60,1.0,0,0.0
0.64,0.005975544002062424,77.5,0,60,1.0,0,0.0
0.645,0.004598905818663047,77.5,0,60,1.0,0,0.0
0.65,0.0035115256454839104,77.5,0,60,1.0,0,0.0
0.655,0.002660121266303676,77.5,0,60,1.0,0,0.0
0.66,0.0019992692560877024,77.5,0,60,1.0,0,0.0
0.665,0.0014907520044639367,77.5,0,60,1.0,0,0.0
0.67,0.0011028178277539807,77.5,0,60,1.0,0,0.0
0.675,0.0008094059938923333,77.5,0,60,1.0,0,0.0
0.68,0.0005893771793717645,77.5,0,60,1.0,0,0.0
0.685,0.0004257792353490551,77.5,0,60,1.0,0,0.0
0.69,0.0003051686392901525,77.5,0,60,1.0,0,0.0
0.695,0.00021699992642659966,77.5,0,60,1.0,0,0.0
0.7,0.00015308884054097838,77.5,0,60,1.0,0,0.0
0.705,0.00010714989329311098,77.5,0,60,1.0,0,0.0
0.71,7.440535854020571e-05,77.5,0,60,1.0,0,0.0
0.715,5.1260276743925106e-05,77.5,0,60,1.0,0,0.0
0.72,3.503659887882241e-05,77.5,0,60,1.0,0,0.0
0.725,2.375894748103639e-05,77.5,0,60,1.0,0,0.0
0.73,1.5984413869232557e-05,77.5,0,60,1.0,0,0.0
0.735,1.0669166579899869e-05,77.5,0,60,1.0,0,0.0
0.74,7.06526633560511e-06,77.5,0,60,1.0,0,0.0
0.745,4.641847214699205e-06,77.5,0,60,1.0,0,0.0
0.75,3.025641074479182e-06,77.5,0,60,1.0,0,0.0
0.755,1.9566278676921314e-06,77.5,0,60,1.0,0,0.0
0.76,1.2553456560008793e-06,77.5,0,60,1.0,0,0.0
0.765,7.990660428214668e-07,77.5,0,60,1.0,0,0.0
0.77,5.046221251618276e-07,77.5,0,60,1.0,0,0.0
0.775,3.1616527078858815e-07,77.5,0,60,1.0,0,0.0
0.78,1.9652884407760343e-07,77.5,0,60,1.0,0,0.0
0.785,1.2120002189836396e-07,77.5,0,60,1.0,0,0.0
0.79,7.415549848886236e-08,77.5,0,60,1.0,0,0.0
0.795,4.501406988770349e-08,77.5,0,60,1.0,0,0.0
0.8,0.0,77.5,0,60,1.0,0,0.0
0.805,0.0,77.5,0,60,1.0,0,0.0
0.81,0.0,77.5,0,60,1.0,0,0.0
0.815,0.0,77.5,0,60,1.0,0,0.0
0.82,0.0,77.5,0,60,1.0,0,0.0
0.825,0.0,77.5,0,60,1.0,0,0.0
0.83,0.0,77.5,0,60,1.0,0,0.0
0.835,0.0,77.5,0,60,1.0,0,0.0
0.84,0.0,77.5,0,60,1.0,0,0.0
0.845,0.0,77.5,0,60,1.0,0,0.0
0.85,0.0,77.5,0,60,1.0,0,0.0
0.855,0.0,77.5,0,60,1.0,0,0.0
0.86,0.0,77.5,0,60,1.0,0,0.0
0.865,0.0,77.5,0,60,1.0,0,0.0
0.87,0.0,77.5,0,60,1.0,0,0.0
0.875,0.0,77.5,0,60,1.0,0,0.0
0.88,0.0,77.5,0,60,1.0,0,0.0
0.885,0.0,77.5,0,60,1.0,0,0.0
0.89,0.0,77.5,0,60,1.0,0,0.0
0.895,0.0,77.5,0,60,1.0,0,0.0
0.9,0.0,77.5,0,60,1.0,0,0.0
0.905,0.0,77.5,0,60,1.0,0,0.0
0.91,0.0,77.5,0,60,1.0,0,0.0
0.915,0.0,77.5,0,60,1.0,0,0.0
0.92,0.0,77.5,0,60,1.0,0,0.0
0.925,0.0,77.5,0,60,1.0,0,0.0
0.93,0.0,77.5,0,60,1.0,0,0.0
0.935,0.0,77.5,0,60,1.0,0,0.0
0.94,0.0,77.5,0,60,1.0,0,0.0
0.945,0.0,77.5,0,60,1.0,0,0.0
0.95,0.0,77.5,0,60,1.0,0,0.0
0.955,0.0,77.5,0,60,1.0,0,0.0
0.96,0.0,77.5,0,60,1.0,0,0.0
0.965,0.0,77.5,0,60,1.0,0,0.0
0.97,0.0,77.5,0,60,1.0,0,0.0
0.975,0.0,77.5,0,60,1.0,0,0.0
0.98,0.0,77.5,0,60,1.0,0,0.0
0.985,0.0,77.5,0,60,1.0,0,0.0
0.99,0.0,77.5,0,60,1.0,0,0.0
0.995,0.0,77.5,0,60,1.0,0,0.0
1.0,0.0,77.5,0,60,1.0,0,0.0
1.005,0.0,77.5,0,60,1.0,0,0.0
1.01,0.0,77.5,0,60,1.0,0,0.0
1.015,0.001684486749771458,77.5,0,60,1.0,0,0.0
1.02,0.003097557930867117,77.5,0,60,1.0,0,0.0
1.025,0.005475106668887023,77.5,0,60,1.0,0,0.0
1.03,0.00930222931468658,77.5,0,60,1.0,0,0.0
1.035,0.01519157517868857,77.5,0,60,1.0,0,0.0
1.04,0.023847336626128316,77.5,0,60,1.0,0,0.0
1.045,0.0359830743700859,77.5,0,60,1.0,0,0.0
1.05,0.05218887796857759,77.5,0,60,1.0,0,0.0
1.055,0.0727577001223134,77.5,0,60,1.0,0,0.0
1.06,0.0974992498694751,77.5,0,60,1.0,0,0.0
1.065,0.12558706050443358,77.5,0,60,1.0,0,0.0
1.07,0.15549263588878245,77.5,0,60,1.0,0,0.0
1.075,0.1850529723539114,77.5,0,60,1.0,0,0.0
1.08,0.21169159439317053,77.5,0,60,1.0,0,0.0
1.085,0.23277292922115492,77.5,0,60,1.0,0,0.0
1.09,0.24602692519491282,77.5,0,60,1.0,0,0.0
1.095,0.24995056064839283,77.5,0,60,1.0,0,0.0
1.1,0.24408826520424054,77.5,0,60,1.0,0,0.0
1.105,0.22911894216865275,77.5,0,60,1.0,0,0.0
1.11,0.20672661788705934,77.5,0,60,1.0,0,0.0
1.115,0.17928878030241233,77.5,0,60,1.0,0,0.0
1.12,0.14946211903866036,77.5,0,60,1.0,0,0.0
1.125,0.1197651512573837,77.5,0,60,1.0,0,0.0
1.13,0.09224675744988023,77.5,0,60,1.0,0,0.0
1.135,0.06829565320281596,77.5,0,60,1.0,0,0.0
1.14,0.04860224607515734,77.5,0,60,1.0,0,0.0
1.145,0.03324612389699793,77.5,0,60,1.0,0,0.0
1.15,0.021859876340472782,77.5,0,60,1.0,0,0.0
1.155,0.01381595518554205,77.5,0,60,1.0,0,0.0
1.16,0.008394095110402422,77.5,0,60,1.0,0,0.0
1.165,0.0049052535271608,77.5,0,60,1.0,0,0.0
1.17,0.0027671663551903634,77.5,0,60,1.0,0,0.0
1.175,0.0015425553464444616,77.5,0,60,1.0,0,0.0
1.18,0.0009638206637011801,77.5,0,60,1.0,0,0.0
1.185,0.0009804935156568228,77.5,0,60,1.0,0,0.0
1.19,0.0018793744894085216,77.5,0,60,1.0,0,0.0
1.195,0.004535525206900863,77.5,0,60,1.0,0,0.0
1.2,0.010832767979632273,77.5,0,60,1.0,0,0.0
1.205,0.024208003392322392,77.5,0,60,1.0,1,0.0
1.21,0.0500971897335304,77.5,0,60,1.0,1,0.0
1.215,0.09582894921774403,77.5,0,60,1.0,1,0.0
1.22,0.16937896721820658,77.5,0,60,1.0,1,0.0
1.225,0.27661303008991756,77.5,0,60,1.0,1,0.0
1.23,0.4173782800009149,77.5,0,60,1.0,1,0.0
1.235,0.5818720934538056,77.5,0,60,1.0,1,0.0
1.24,0.7494718801585675,77.5,0,60,1.0,1,0.0
1.245,0.891813020752378,77.5,0,60,1.0,1,0.0
1.25,0.9800361632936612,77.5,0,60,1.0,1,0.0
1.255,0.993574479225126,77.50000249060646,1,60,1.0,1,5.860250499769309e-08
1.26,0.9263438449375362,77.50000385734029,0,60,1.0,1,9.076094797552179e-08
1.265,0.7873015962290536,77.50000610730334,0,60,1.0,1,1.437012549425109e-07
1.27,0.5959516244629897,77.50000999976028,0,60,1.0,1,2.3528847718272813e-07
1.275,0.376910120078773,77.50001711607312,0,60,1.0,1,4.027311323331078e-07
1.28,0.15739335672107918,77.5000308127143,0,60,1.0,1,7.250050423542288e-07
1.285,-0.033361226269301235,77.50005823243188,0,60,1.0,1,1.3701748678292514e-06
1.29,-0.1680180840843834,77.50011443699209,0,60,1.0,1,2.6926351080526407e-06
1.295,-0.23069703190837854,77.50023065316174,0,60,1.0,1,5.427133217327697e-06
1.3,-0.22587267821131068,77.50047021644501,0,60,1.0,1,1.106391635316333e-05
1.305,-0.17718181630665902,77.5009583966,0,60,1.0,1,2.255050823524631e-05
1.31,-0.11494332516451301,77.50193629964134,0,60,1.0,1,4.5559991561022426e-05
1.315,-0.061810214049552864,77.50385483894526,0,60,1.0,1,9.07020928296146e-05
1.32,-0.026546104631500547,77.50753250751332,0,60,1.0,1,0.0001772354709015979
1.325,-0.00719600351942686,77.51440996954433,0,60,1.0,1,0.00033905810692544944
1.33,0.0022072757983807078,77.52694391670826,0,60,1.0,1,0.0006339745107826435
1.335,0.006917199873730717,77.54918926053296,0,60,1.0,1,0.0011573943654813025
1.34,0.01004859748264829,77.5876176648087,0,60,1.0,1,0.0020615921131459745
1.345,0.013037082251128167,77.65220482613245,0,60,1.0,1,0.003581290026645815
1.35,0.01645163937690478,77.7577808422973,0,60,1.0,1,0.006065431583465732
1.355,0.020526639934696615,77.92557045679185,0,60,1.0,1,0.010013422512749311
1.36,0.02539629541761738,78.1847502601857,0,60,1.0,1,0.016111770827898695
1.365,0.031171612185577933,78.57372412531626,0,60,1.0,1,0.02526409706626496
1.37,0.03795853426638131,79.14068530680169,0,60,1.0,1,0.038604360160039666
1.375,0.0458588961882057,79.94292800606925,0,60,1.0,1,0.05748065896633534
1.38,0.054966995891435555,81.0443400664048,0,60,1.0,1,0.08339623685658352
1.385,0.06536491004445595,82.51060356247285,0,60,1.0,1,0.11789655441112593
1.39,0.07711726085088699,84.4018923138275,0,60,1.0,1,0.16239746620770595
1.395,0.09026570629555215,86.76329520888174,0,60,1.0,1,0.2179598872678057
1.4,0.10482339848670268,89.61377301640115,0,60,1.0,1,0.28502995332708597
1.405,0.12076968927580028,92.93507670582724,0,60,1.0,1,0.3631782754312292
1.41,0.13804539501007884,96.66256820647882,0,60,1.0,1,0.45088395779950174
1.415,0.15654895051787066,100.68011755916041,0,60,1.0,1,0.5454145308037743
1.42,0.17613378141900526,104.82105425803283,0,60,1.0,1,0.6428483354831255
1.425,0.19660720058055794,108.8764532668383,0,60,1.0,1,0.7382694886314893
1.43,0.21773108748496234,112.61088723201624,0,60,1.0,1,0.8261385231062645
1.435,0.23922453870058807,115.78436216317712,0,60,1.0,1,0.9008085214865205
1.44,0.2607685857914563,118.1777713622895,0,60,1.0,1,0.9571240320538708
1.445,0.2820129681603682,119.61819191512663,0,60,1.0,1,0.9910162803559207
1.45,0.30258482867153996,120.0,0,60,1.0,1,1.0
1.455,0.3220990771751686,119.29824545748835,0,60,1.0,1,0.9834881284114906
1.46,0.3401700499968971,117.5719546188641,0,60,1.0,1,0.9428695204438611
1.465,0.3564239911198326,114.95677661133668,0,60,1.0,1,0.8813359202667453
1.47,0.3705118017738417,111.64826619736436,0,60,1.0,1,0.8034886164085733
1.475,0.3821214567925213,107.87868369700878,0,60,1.0,1,0.7147925575766773
1.48,0.39098947374066967,103.89114672130673,0,60,1.0,1,0.6209681581483936
1.485,0.3969108472035567,99.91511507625712,0,60,1.0,1,0.5274144723825206
1.49,0.3997469255491936,96.14656082953842,0,60,1.0,1,0.4387426077538451
1.495,0.3994308076379137,92.73498319976926,0,60,1.0,1,0.3584701929357473
1.5,0.3959699661768434,89.77799372275705,0,60,1.0,1,0.2888939699472246
1.505,0.38944595408114946,87.32285486110474,0,60,1.0,1,0.23112599673187634
1.51,0.38001120995358023,85.37336529966561,0,60,1.0,1,0.185255654109779
1.515,0.3678831374098315,83.89998207819981,0,60,1.0,1,0.15058781360470147
1.52,0.35333577933796634,82.8510525309259,0,60,1.0,1,0.125907118374727
1.525,0.33668953221163944,82.16338984647568,0,60,1.0,1,0.10972681991707485
1.53,0.3182994390982644,81.7710004035094,0,60,1.0,1,0.10049412714139776
1.535,0.29854265738230645,81.61139076399436,0,60,1.0,1,0.0967386062116321
1.54,0.2778057157821067,81.62941598109197,0,60,1.0,1,0.0971627289668698
1.545,0.2564721553719815,81.7790040818856,0,60,1.0,1,0.1006824489855436
1.55,0.23491109433464996,82.02328621441396,0,60,1.0,1,0.1064302638685637
1.555,0.21346717185309805,82.33370255304422,0,60,1.0,1,0.1137341777186875
1.56,0.19245222055656455,82.68858789463043,0,60,1.0,1,0.12208442105012778
1.565,0.17213889801761392,83.07161944197627,0,60,1.0,1,0.13109692804650042
1.57,0.15275638501270183,83.47037548139828,0,60,1.0,1,0.1404794230917242
1.575,0.13448814019607322,83.87513591955003,0,60,1.0,1,0.1500031981070596
1.58,0.11747159495449566,84.27796761085855,0,60,1.0,1,0.15948159084373068
1.585,0.10179958433370105,84.67208126420148,0,60,1.0,1,0.16875485327532896
1.59,0.08752324394101413,85.05141767098016,0,60,1.0,1,0.17768041578776841
1.595,0.07465606047174059,85.41041137477472,0,60,1.0,1,0.18612732646528765
1.6,0.0631787448609295,85.74388204533,0,60,1.0,1,0.1939736951842352
1.605,0.05304460019959574,86.0470116192692,0,60,1.0,1,0.20110615574751056
1.61,0.044185078305849994,86.31537463568876,0,60,1.0,1,0.20742057966326483
1.615,0.03651525513023255,86.54499785256412,0,60,1.0,1,0.21282347888386172
1.62,0.0299390014708757,86.73243223546459,0,60,1.0,1,0.21723369965799025
1.625,0.024353677220580638,86.87482563242001,0,60,1.0,1,0.2205841325275297
1.63,0.01965423034339045,86.96998815607745,0,60,1.0,1,0.22282325073123407
1.635,0.015736632374757337,87.01644488029292,0,60,1.0,1,0.22391635012453937
1.64,0.012500627640593535,87.01347229325384,0,60,1.0,1,0.22384640690009036
1.645,0.009851811652115898,86.96111631870204,0,60,1.0,1,0.22261450161651858
1.65,0.007703084175428559,86.86019081224607,0,60,1.0,1,0.22023978381755469
1.655,0.005975544002062424,86.7122563730027,0,60,1.0,1,0.21675897348241652
1.66,0.004598905818663047,86.51958013614413,0,60,1.0,1,0.21222541496809713
1.665,0.0035115256454839104,86.28507794654647,0,60,1.0,1,0.2067077163893286
1.67,0.002660121266303676,86.01224095394758,0,60,1.0,1,0.20028802244582547
1.675,0.0019992692560877024,85.7050492026738,0,60,1.0,1,0.19305998123938367
1.68,0.0014907520044639367,85.36787519896696,0,60,1.0,1,0.18512647526981074
1.685,0.0011028178277539807,85.00538071378118,0,60,1.0,1,0.1765971932654395
1.69,0.0008094059938923333,84.6224102114667,0,60,1.0,1,0.1675861226227459
1.695,0.0005893771793717645,84.22388428441178,0,60,1.0,1,0.15820904198615957
1.7,0.0004257792353490551,83.81469632673434,0,60,1.0,1,0.14858109004080788
1.705,0.0003051686392901525,83.39961540923211,0,60,1.0,1,0.13881448021722617
1.71,0.00021699992642659966,82.98319794133803,0,60,1.0,1,0.1290164221491302
1.715,0.00015308884054097838,82.5697102464525,0,60,1.0,1,0.11928729991652945
1.72,0.00010714989329311098,82.16306366028918,0,60,1.0,1,0.10971914494798077
1.725,7.440535854020571e-05,81.76676321464303,0,60,1.0,1,0.10039442857983612
1.73,5.1260276743925106e-05,81.3838704178972,0,60,1.0,1,0.09138518630346351
1.735,3.503659887882241e-05,81.01698011357695,0,60,1.0,1,0.08275247326063409
1.74,2.375894748103639e-05,80.66821091136433,0,60,1.0,1,0.07454613909092533
1.745,1.5984413869232557e-05,80.33920825933811,0,60,1.0,1,0.06680490021972017
1.75,1.0669166579899869e-05,80.03115887537963,0,60,1.0,1,0.059556679420697214
1.755,7.06526633560511e-06,79.74481498835964,0,60,1.0,1,0.052819176196697314
1.76,4.641847214699205e-06,79.48052665965687,0,60,1.0,1,0.0466006272860441
1.765,3.025641074479182e-06,79.23828036186586,0,60,1.0,1,0.0409007143968438
1.77,1.9566278676921314e-06,79.01774197921334,0,60,1.0,1,0.03571157598149037
1.775,1.2553456560008793e-06,78.8183024547782,0,60,1.0,1,0.03101888128889895
1.78,7.990660428214668e-07,78.6391244320625,0,60,1.0,1,0.02680292781323534
1.785,5.046221251618276e-07,78.47918841005006,0,60,1.0,1,0.023039727295295454
1.79,3.1616527078858815e-07,78.3373371380437,0,60,1.0,1,0.019702050306910437
1.795,1.9652884407760343e-07,78.21231720572483,0,60,1.0,1,0.016760404840584227
1.8,1.2120002189836396e-07,78.10281702217611,0,60,1.0,1,0.014183929933555566
1.805,7.415549848886236e-08,78.00750061349781,0,60,1.0,1,0.011941190905830849
1.81,4.501406988770349e-08,77.92503689230902,0,60,1.0,1,0.010000868054329965
1.815,0.0,77.85412425603842,0,60,1.0,1,0.008332335436198064
1.82,0.0,77.79351054877074,0,60,1.0,1,0.006906130559311537
1.825,0.0,77.74200856992353,0,60,1.0,1,0.005694319292318288
1.83,0.0,77.69850743053568,0,60,1.0,1,0.004670763071427874
1.835,0.0,77.66198014454383,0,60,1.0,1,0.003811297518678416
1.84,0.0,77.63148789963498,0,60,1.0,1,0.0030938329325876754
1.845,0.0,77.60618148274689,0,60,1.0,1,0.0024983878293386064
1.85,0.0,77.58530034248456,0,60,1.0,1,0.0020070668819896047
1.855,0.0,77.56816975854922,0,60,1.0,1,0.0016039943188051143
1.86,0.0,77.55419656084052,0,60,1.0,1,0.0012752131962476116
1.865,0.0,77.542863802236,0,60,1.0,1,0.0010085600526117426
1.87,0.0,77.53372474296843,0,60,1.0,1,0.0007935233639630844
1.875,0.0,77.52639645440267,0,60,1.0,1,0.0006210930447687535
1.88,0.0,77.52055329875957,0,60,1.0,1,0.0004836070296368475
1.885,0.0,77.51592049130771,0,60,1.0,1,0.00037459979547553997
1.89,0.0,77.5122679045549,0,60,1.0,1,0.0002886565777624342
1.895,0.0,77.50940423131003,0,60,1.0,1,0.00022127603082420887
1.9,0.0,77.50717158596277,0,60,1.0,1,0.0001687431991239036
1.905,0.0,77.50544059134097,0,60,1.0,1,0.00012801391390519925
1.91,0.0,77.50410597211048,0,60,1.0,1,9.661110848188561e-05
1.915,0.0,77.50308265466796,0,60,1.0,1,7.253305101090411e-05
1.92,0.0,77.50230235743923,0,60,1.0,1,5.4173116217270946e-05
1.925,0.0,77.50171064389794,0,60,1.0,1,4.025044465733759e-05
1.93,0.0,77.50126440285658,0,60,1.0,1,2.9750655448879117e-05
1.935,0.0,77.50092971602302,0,60,1.0,1,2.1875671129959407e-05
1.94,0.0,77.50068007084202,0,60,1.0,1,1.6001666871127728e-05
1.945,0.0,77.5004948766761,0,60,1.0,1,1.1644157084714715e-05
1.95,0.0,77.50035824390325,0,60,1.0,1,8.429268311762345e-06
1.955,0.0,77.50025798806918,0,60,1.0,1,6.070307510111995e-06
1.96,0.0,77.50018482445232,0,60,1.0,1,4.348810642795798e-06
1.965,0.0,77.50013172197245,0,60,1.0,1,3.0993405282649347e-06
1.97,0.0,77.50009338906223,0,60,1.0,1,2.1973896995110835e-06
1.975,0.0,77.50006586774495,0,60,1.0,1,1.5498292929591758e-06
1.98,0.0,77.50004621559701,0,60,1.0,1,1.0874258119950836e-06
1.985,0.0,77.5000322584378,0,60,1.0,1,7.590220658424669e-07
1.99,0.0,77.5000223994362,0,60,1.0,1,5.270455577534877e-07
1.995,0.0,77.50001547283287,0,60,1.0,1,3.6406665578718223e-07
2.0,0.001684486749771458,77.50001063265135,0,60,1.0,1,2.5018003183878834e-07
2.005,0.003097557930867117,77.50000726862568,0,60,1.0,1,1.7102648658852988e-07
2.01,0.005475106668887023,77.50000494312994,0,60,1.0,1,1.1630893970290987e-07
2.015,0.00930222931468658,77.50000334418844,0,60,1.0,1,7.86867868849667e-08
2.02,0.01519157517868857,77.50000225070433,0,60,1.0,1,5.2957748868506956e-08
2.025,0.023847336626128316,77.50000150690246,0,60,1.0,1,3.545652856808053e-08
2.03,0.0359830743700859,77.50000100366974,0,60,1.0,1,2.3615758530414656e-08
2.035,0.05218887796857759,77.50000066502123,0,60,1.0,1,1.564755841761379e-08
2.04,0.0727577001223134,77.50000043834815,0,60,1.0,1,1.0314074175125022e-08
2.045,0.0974992498694751,77.50000028743645,0,60,1.0,1,6.763210582421915e-09
2.05,0.12558706050443358,77.50000018750096,0,60,1.0,1,4.411787264924736e-09
2.055,0.15549263588878245,77.50000012167578,0,60,1.0,1,2.8629595844369546e-09
2.06,0.1850529723539114,77.50000007854956,0,60,1.0,1,1.8482249769851263e-09
2.065,0.21169159439317053,77.5000000504455,0,60,1.0,1,1.1869527792013661e-09
2.07,0.23277292922115492,77.5000000322285,0,60,1.0,1,7.583176230742965e-10
2.075,0.24602692519491282,77.50000002048314,0,60,1.0,1,4.819562892568202e-10
2.08,0.24995056064839283,77.50000001295066,0,60,1.0,1,3.047215186062899e-10
2.085,0.24408826520424054,77.50000000814568,0,60,1.0,1,1.9166296784961186e-10
2.09,0.22911894216865275,77.50000000509684,0,60,1.0,1,1.1992557012811578e-10
2.095,0.20672661788705934,77.50000000317259,0,60,1.0,1,7.464911825937794e-11
2.1,0.17928878030241233,77.50000000196455,0,60,1.0,1,4.622473384455696e-11
2.105,0.14946211903866036,77.5000000012102,0,60,1.0,1,2.847520911874359e-11
2.11,0.1197651512573837,77.50000000074162,0,60,1.0,1,1.7449926471111694e-11
2.115,0.09224675744988023,77.50000000045212,0,60,1.0,1,1.063807865327416e-11
2.12,0.06829565320281596,77.5000000002742,0,60,1.0,1,6.45172804070171e-12
2.125,0.04860224607515734,77.50000000016543,0,60,1.0,1,3.892436699756859e-12
2.13,0.03324612389699793,77.50000000009929,0,60,1.0,1,2.3362645151792095e-12
2.135,0.021859876340472782,77.50000000005929,0,60,1.0,1,1.3950043734546533e-12
2.14,0.01381595518554205,77.50000000003521,0,60,1.0,1,8.285764231593074e-13
2.145,0.008394095110402422,77.5000000000208,0,60,1.0,1,4.895221483071937e-13
2.15,0.0049052535271608,77.50000000001224,0,60,1.0,1,2.8789519787738646e-13
2.155,0.0027671663551903634,77.50000000000715,0,60,1.0,1,1.6818964521756725e-13
2.16,0.0015425553464444616,77.50000000000416,0,60,1.0,1,9.797130427186323e-14
2.165,0.0009638206637011801,77.5000000000024,0,60,1.0,1,5.6509045808685616e-14
2.17,0.0009804935156568228,77.50000000000138,0,60,1.0,1,3.243418605587281e-14
2.175,0.0018793744894085216,77.5000000000008,0,60,1.0,1,1.8724890918854405e-14
2.18,0.004535525206900863,77.50000000000045,0,60,1.0,1,1.0699937667916803e-14
2.185,0.010832767979632273,77.50000000000026,0,60,1.0,1,6.0187149382032015e-15
2.19,0.024208003392322392,77.50000000000014,0,60,1.0,1,3.343730521224001e-15
2.195,0.0500971897335304,77.50000000000009,0,60,1.0,1,2.0062383127344005e-15
2.2,0.09582894921774403,77.50000000000004,0,60,1.0,1,1.0031191563672002e-15
2.205,0.16937896721820658,77.50000000000003,0,60,1.0,1,6.687461042448002e-16
2.21,0.27661303008991756,77.50000000000001,0,60,1.0,1,3.343730521224001e-16
2.215,0.4173782800009149,77.5,0,60,1.0,1,0.0
2.22,0.5818720934538056,77.5,0,60,1.0,1,0.0
2.225,0.7494718801585675,77.5,0,60,1.0,1,0.0
2.23,0.891813020752378,77.5,0,60,1.0,1,0.0
2.235,0.9800361632936612,77.5,0,60,1.0,1,0.0
2.24,0.993574479225126,77.50000249065474,1,60,1.0,1,5.860364086295115e-08
2.245,0.9263438449375362,77.50000381481783,0,60,1.0,1,8.976041954156244e-08
2.25,0.7873015962290536,77.50000596523532,0,60,1.0,1,1.4035847805323155e-07
2.255,0.5959516244629897,77.50000962503476,0,60,1.0,1,2.2647140620874244e-07
2.26,0.376910120078773,77.50001618917643,0,60,1.0,1,3.809217984700594e-07
2.265,0.15739335672107918,77.5000285614158,0,60,1.0,1,6.720333130140395e-07
2.27,-0.033361226269301235,77.50005280883279,0,60,1.0,1,1.2425607715559796e-06
2.275,-0.1680180840843834,77.50010151190543,0,60,1.0,1,2.388515421818524e-06
2.28,-0.23069703190837854,77.50020036214238,0,60,1.0,1,4.714403350108649e-06
2.285,-0.22587267821131068,77.50040077561245,0,60,1.0,1,9.430014410541202e-06
2.29,-0.17718181630665902,77.50080326727193,0,60,1.0,1,1.8900406398442475e-05
2.295,-0.11494332516451301,77.50159937912407,0,60,1.0,1,3.763244997819182e-05
2.3,-0.061810214049552864,77.50314438198903,0,60,1.0,1,7.398545856544308e-05
2.305,-0.026546104631500547,77.5060789517361,0,60,1.0,1,0.00014303415849647481
2.31,-0.00719600351942686,77.5115253796782,0,60,1.0,1,0.00027118540419304043
2.315,0.0022072757983807078,77.5213917627598,0,60,1.0,1,0.0005033355943483537
2.32,0.006917199873730717,77.53882411894206,0,60,1.0,1,0.0009135086809896406
2.325,0.01004859748264829,77.56884815932884,0,60,1.0,1,0.0016199566900902884
2.33,0.013037082251128167,77.6192346558676,0,60,1.0,1,0.002805521314531782
2.335,0.01645163937690478,77.70159894500465,0,60,1.0,1,0.004743504588344649
2.34,0.020526639934696615,77.83270008287926,0,60,1.0,1,0.007828237244217797
2.345,0.02539629541761738,78.03583465142736,0,60,1.0,1,0.012607874151232115
2.35,0.031171612185577933,78.34212553437393,0,60,1.0,1,0.019814718455857288
2.355,0.03795853426638131,78.79139701937089,0,60,1.0,1,0.030385812220491543
2.36,0.0458588961882057,79.43222533468237,0,60,1.0,1,0.045464125521938153
2.365,0.054966995891435555,80.32069048739088,0,60,1.0,1,0.06636918793860887
2.37,0.06536491004445595,81.5173707975343,0,60,1.0,1,0.09452637170668936
2.375,0.07711726085088699,83.08225427174436,0,60,1.0,1,0.13134715933516145
2.38,0.09026570629555215,85.06751487992965,0,60,1.0,1,0.17805917364540344
2.385,0.10482339848670268,87.50851138218808,0,60,1.0,1,0.23549438546324883
2.39,0.12076968927580028,90.41386466435996,0,60,1.0,1,0.3038556391614109
2.395,0.13804539501007884,93.75596504105044,0,60,1.0,1,0.38249329508353985
2.4,0.15654895051787066,97.4636280918179,0,60,1.0,1,0.4697324256898328
2.405,0.17613378141900526,101.41872257270964,0,60,1.0,1,0.5627934722990504
2.41,0.19660720058055794,105.45833242352343,0,60,1.0,2,0.6578431158476101
2.415,0.21773108748496234,109.38335163215552,0,60,1.0,2,0.7501965089918947
2.42,0.23922453870058807,112.9734084393601,0,60,1.0,2,0.8346684338672965
2.425,0.2607685857914563,116.00683982528938,0,60,1.0,2,0.9060432900068088
2.43,0.2820129681603682,118.28333120453613,0,60,1.0,2,0.9596077930479089
2.435,0.30258482867153996,119.646064803065,0,60,1.0,2,0.9916721130132942
2.44,0.3220990771751686,120.0,0,60,1.0,2,1.0
2.445,0.3401700499968971,119.32334270778719,0,60,1.0,2,0.9840786519479339
2.45,0.3564239911198326,117.6702984466819,0,60,1.0,2,0.9451834928631034
2.455,0.3705118017738417,115.1646448291192,0,60,1.0,2,0.8862269371557459
2.46,0.3821214567925213,111.9851997850634,0,60,1.0,2,0.8114164655309035
2.465,0.39098947374066967,108.34557221481842,0,60,1.0,2,0.7257781697604334
2.47,0.3969108472035567,104.47139174943496,0,60,1.0,2,0.634620982339646
2.475,0.3997469255491936,100.57838099842344,0,60,1.0,2,0.5430207293746692
2.48,0.3994308076379137,96.85417087272945,0,60,1.0,2,0.45539225582892834
2.485,0.3959699661768434,93.44582268957237,0,60,1.0,2,0.37519582798993806
2.49,0.38944595408114946,90.45385471397468,0,60,1.0,2,0.30479658150528655
2.495,0.38001120995358023,87.93243962502166,0,60,1.0,2,0.24546916764756843
2.5,0.3678831374098315,85.89455992933536,0,60,1.0,2,0.19751905716083196
2.505,0.35333577933796634,84.32040601189054,0,60,1.0,2,0.160480141456248
2.51,0.33668953221163944,83.16719725117376,0,60,1.0,2,0.13334581767467674
2.515,0.3182994390982644,82.37883285219493,0,60,1.0,2,0.114796067110469
2.52,0.29854265738230645,81.89421459224894,0,60,1.0,2,0.10339328452350455
2.525,0.2778057157821067,81.65359406235096,0,60,1.0,2,0.09773162499649321
2.53,0.2564721553719815,81.60276811068044,0,60,1.0,2,0.09653572025130455
2.535,0.23491109433464996,81.6953041114732,0,60,1.0,2,0.0987130379170166
2.54,0.21346717185309805,81.89319219750705,0,60,1.0,2,0.10336922817663642
2.545,0.19245222055656455,82.16640283127366,0,60,1.0,2,0.10979771367702724
2.55,0.17213889801761392,82.49180664386697,0,60,1.0,2,0.11745427397334036
2.555,0.15275638501270183,82.85182970057085,0,60,1.0,2,0.12592540471931402
2.56,0.13448814019607322,83.23310877819486,0,60,1.0,2,0.13489667713399672
2.565,0.11747159495449566,83.62530580186197,0,60,1.0,2,0.14412484239675222
2.57,0.10179958433370105,84.02015461343919,0,60,1.0,2,0.15341540266915737
2.575,0.08752324394101413,84.41075278688982,0,60,1.0,2,0.1626059479268192
2.58,0.07465606047174059,84.79107511020709,0,60,1.0,2,0.17155470847546092
2.585,0.0631787448609295,85.15566858139451,0,60,1.0,2,0.18013337838575313
2.59,0.05304460019959574,85.49948511358731,0,60,1.0,2,0.18822317914323086
2.595,0.044185078305849994,85.81781198508382,0,60,1.0,2,0.19571322317844286
2.6,0.03651525513023255,86.1062671685372,0,60,1.0,2,0.2025004039655812
2.605,0.0299390014708757,86.36083432317702,0,60,1.0,2,0.20849021936887097
2.61,0.024353677220580638,86.57791901100559,0,60,1.0,2,0.21359809437660213
2.615,0.01965423034339045,86.75441307651025,0,60,1.0,2,0.21775089591788815
2.62,0.015736632374757337,86.88775811124916,0,60,1.0,2,0.22088842614703896
2.625,0.012500627640593535,86.97600175641713,0,60,1.0,2,0.2229647472098149
2.63,0.009851811652115898,87.017842589161,0,60,1.0,2,0.2239492373920237
2.635,0.007703084175428559,87.012660771883,0,60,1.0,2,0.22382731227960015
2.64,0.005975544002062424,86.96053273007563,0,60,1.0,2,0.22260077011942653
2.645,0.004598905818663047,86.86222900437889,0,60,1.0,2,0.2202877412795033
2.65,0.0035115256454839104,86.719195178689,0,60,1.0,2,0.21692223949856484
2.655,0.002660121266303676,86.53351645798008,0,60,1.0,2,0.21255332842306082
2.66,0.0019992692560877024,86.30786706938648,0,60,1.0,2,0.20724393104438765
2.665,0.0014907520044639367,86.04544618487417,0,60,1.0,2,0.2010693219970392
2.67,0.0011028178277539807,85.74990250322291,0,60,1.0,2,0.19411535301700972
2.675,0.0008094059938923333,85.42524997119911,0,60,1.0,2,0.18647646991056724
2.68,0.0005893771793717645,85.0757773587906,0,60,1.0,2,0.17825358491272006
2.685,0.0004257792353490551,84.70595452519278,0,60,1.0,2,0.1695518711810066
2.69,0.0003051686392901525,84.32033821979824,0,60,1.0,2,0.160478546348194
2.695,0.00021699992642659966,83.92348015988665,0,60,1.0,2,0.1511407096443918
2.7,0.00015308884054097838,83.51983992315786,0,60,1.0,2,0.1416432923095967
2.705,0.00010714989329311098,83.11370490220835,0,60,1.0,2,0.13208717416960833
2.71,7.440535854020571e-05,82.70911920653026,0,60,1.0,2,0.12256751074188849
2.715,5.1260276743925106e-05,82.30982298507394,0,60,1.0,2,0.11317230553115143
2.72,3.503659887882241e-05,81.91920319962112,0,60,1.0,2,0.10398125175579112
2.725,2.375894748103639e-05,81.5402564270607,0,60,1.0,2,0.09506485710731052
2.73,1.5984413869232557e-05,81.1755638270808,0,60,1.0,2,0.0864838547548422
2.735,1.0669166579899869e-05,80.82727799879292,0,60,1.0,2,0.07828889408924523
2.74,7.06526633560511e-06,80.49712108066727,0,60,1.0,2,0.07052049601570047
2.745,4.641847214699205e-06,80.18639313486506,0,60,1.0,2,0.06320925023211899
2.75,3.025641074479182e-06,79.89598960793784,0,60,1.0,2,0.05637622606912554
2.755,1.9566278676921314e-06,79.6264264795071,0,60,1.0,2,0.050033564223696536
2.76,1.2553456560008793e-06,79.37787159987418,0,60,1.0,2,0.04418521411468666
2.765,7.990660428214668e-07,79.15018067413585,0,60,1.0,2,0.03882778056790244
2.77,5.046221251618276e-07,78.94293636900822,0,60,1.0,2,0.03395144397666406
2.775,3.1616527078858815e-07,78.75548909159917,0,60,1.0,2,0.029540919802333494
2.78,1.9652884407760343e-07,78.58699810755667,0,60,1.0,2,0.025576426060156872
2.785,1.2120002189836396e-07,78.43647181909245,0,60,1.0,2,0.022034631037469325
2.79,7.415549848886236e-08,78.30280620070539,0,60,1.0,2,0.018889557663656246
2.795,4.501406988770349e-08,78.18482058158935,0,60,1.0,2,0.01611342544916116
2.8,0.0,78.08129015900583,0,60,1.0,2,0.01367741550601957
2.805,0.0,77.99097481773615,0,60,1.0,2,0.011552348652615178
2.81,0.0,77.91264400989799,0,60,1.0,2,0.00970927082112914
2.815,0.0,77.84509761126496,0,60,1.0,2,0.008119943794469679
2.82,0.0,77.7871828107303,0,60,1.0,2,0.00675724260541883
2.825,0.0,77.73780720624384,0,60,1.0,2,0.005595463676325728
2.83,0.0,77.69594837242065,0,60,1.0,2,0.004610549939309294
2.835,0.0,77.66066023234221,0,60,1.0,2,0.0037802407609931646
2.84,0.0,77.63107661018051,0,60,1.0,2,0.00308415553365916
2.845,0.0,77.60641236432045,0,60,1.0,2,0.0025038203369517225
2.85,0.0,77.58596250536276,0,60,1.0,2,0.002022647185006075
2.855,0.0,77.56909969282334,0,60,1.0,2,0.0016258751252551332
2.86,0.0,77.55527048169948,0,60,1.0,2,0.0013004819223407166
2.865,0.0,77.54399065849753,0,60,1.0,2,0.0010350743175890516
2.87,0.0,77.53483996875943,0,60,1.0,2,0.0008197639708100724
2.875,0.0,77.52745649724005,0,60,1.0,2,0.0006460352291777086
2.88,0.0,77.52153091995265,0,60,1.0,2,0.000506609881238894
2.885,0.0,77.51680080618708,0,60,1.0,2,0.00039531308675477437
2.89,0.0,77.51304510977057,0,60,1.0,2,0.0003069437593076012
2.895,0.0,77.51007895333593,0,60,1.0,2,0.00023715184319846283
2.9,0.0,77.50774877787383,0,60,1.0,2,0.00018232418526655932
2.905,0.0,77.50592790273667,0,60,1.0,2,0.00013948006439230032
2.91,0.0,77.50451251862505,0,60,1.0,2,0.00010617690882467662
2.915,0.0,77.50341811780184,0,60,1.0,2,8.042630121983219e-05
2.92,0.0,77.50257635156204,0,60,1.0,2,6.062003675390984e-05
2.925,0.0,77.50193229444417,0,60,1.0,2,4.5465751627622974e-05
2.93,0.0,77.50144208734422,0,60,1.0,2,3.3931466922735235e-05
2.935,0.0,77.5010709270944,0,60,1.0,2,2.519828457419702e-05
2.94,0.0,77.50079136771336,0,60,1.0,2,1.862041678497703e-05
2.945,0.0,77.50058189795325,0,60,1.0,2,1.3691716547140567e-05
2.95,0.0,77.50042576054396,0,60,1.0,2,1.0017895152045373e-05
2.955,0.0,77.5003099802863,0,60,1.0,2,7.293653795373115e-06
2.96,0.0,77.50022457055825,0,60,1.0,2,5.284013135183962e-06
2.965,0.0,77.5001618906037,0,60,1.0,2,3.809190675450308e-06
2.97,0.0,77.5001161289628,0,60,1.0,2,2.7324461835659724e-06
2.975,0.0,77.50008289141098,0,60,1.0,2,1.950386140780371e-06
2.98,0.0,77.5000588746852,0,60,1.0,2,1.3852867104614074e-06
2.985,0.0,77.50004161000271,0,60,1.0,2,9.7905888731689e-07
2.99,0.0,77.50002926287357,0,60,1.0,2,6.885382015966838e-07
2.995,0.0,77.50002047794057,0,60,1.0,2,4.818338956791943e-07
3.0,0.0,77.50001425954493,0,60,1.0,2,3.3551870414532246e-07
3.005,0.0,77.50000988041381,0,60,1.0,2,2.3248032501963763e-07
3.01,0.001684486749771458,77.5000068123144,0,60,1.0,2,1.6028975049748088e-07
3.015,0.003097557930867117,77.50000467373745,0,60,1.0,2,1.0997029295033237e-07
3.02,0.005475106668887023,77.50000319068567,0,60,1.0,2,7.507495705367012e-08
3.025,0.00930222931468658,77.50000216747358,0,60,1.0,2,5.099937839879524e-08
3.03,0.01519157517868857,77.50000146512164,0,60,1.0,2,3.447345039496534e-08
3.035,0.023847336626128316,77.50000098547052,0,60,1.0,2,2.318754167497579e-08
3.04,0.0359830743700859,77.50000065957421,0,60,1.0,2,1.5519393226735273e-08
3.045,0.05218887796857759,77.50000043927226,0,60,1.0,2,1.0335817785958438e-08
3.05,0.0727577001223134,77.50000029110788,0,60,1.0,2,6.849597197929945e-09
3.055,0.0974992498694751,77.50000019196597,0,60,1.0,2,4.516846274782438e-09
3.06,0.12558706050443358,77.50000012596347,0,60,1.0,2,2.963846287350273e-09
3.065,0.15549263588878245,77.50000008224605,0,60,1.0,2,1.9352010921840486e-09
3.07,0.1850529723539114,77.5000000534362,0,60,1.0,2,1.2573222567666295e-09
3.075,0.21169159439317053,77.50000003454666,0,60,1.0,2,8.128625615748152e-10
3.08,0.23277292922115492,77.50000002222423,0,60,1.0,2,5.229230068567524e-10
3.085,0.24602692519491282,77.50000001422649,0,60,1.0,2,3.3474086247973474e-10
3.09,0.24995056064839283,77.50000000906188,0,60,1.0,2,2.1322066726604723e-10
3.095,0.24408826520424054,77.50000000574367,0,60,1.0,2,1.3514522834157106e-10
3.1,0.22911894216865275,77.50000000362252,0,60,1.0,2,8.523570346262525e-11
3.105,0.20672661788705934,77.50000000227342,0,60,1.0,2,5.349233213243732e-11
3.11,0.17928878030241233,77.50000000141972,0,60,1.0,2,3.3405205399236256e-11
3.115,0.14946211903866036,77.50000000088221,0,60,1.0,2,2.0757879075758598e-11
3.12,0.1197651512573837,77.5000000005455,0,60,1.0,2,1.283524397877045e-11
3.125,0.09224675744988023,77.50000000033563,0,60,1.0,2,7.897222745026846e-12
3.13,0.06829565320281596,77.50000000020549,0,60,1.0,2,4.8350343336899055e-12
3.135,0.04860224607515734,77.50000000012518,0,60,1.0,2,2.9454922161462225e-12
3.14,0.03324612389699793,77.50000000007589,0,60,1.0,2,1.7855520983336164e-12
3.145,0.021859876340472782,77.50000000004577,0,60,1.0,2,1.0770156008862506e-12
3.15,0.01381595518554205,77.50000000002747,0,60,1.0,2,6.463431097525994e-13
3.155,0.008394095110402422,77.50000000001641,0,60,1.0,2,3.862008752013721e-13
3.16,0.0049052535271608,77.50000000000975,0,60,1.0,2,2.2937991375596645e-13
3.165,0.0027671663551903634,77.50000000000577,0,60,1.0,2,1.3575545916169443e-13
3.17,0.0015425553464444616,77.5000000000034,0,60,1.0,2,7.991515945725361e-14
3.175,0.0009638206637011801,77.50000000000199,0,60,1.0,2,4.681222729713601e-14
3.18,0.0009804935156568228,77.50000000000115,0,60,1.0,2,2.7084217221914406e-14
3.185,0.0018793744894085216,77.50000000000067,0,60,1.0,2,1.5715533449752805e-14
3.19,0.004535525206900863,77.50000000000038,0,60,1.0,2,9.028072407304802e-15
3.195,0.010832767979632273,77.50000000000023,0,60,1.0,2,5.349968833958401e-15
3.2,0.024208003392322392,77.50000000000013,0,60,1.0,2,3.0093574691016007e-15
3.205,0.0500971897335304,77.50000000000007,0,60,1.0,2,1.6718652606120004e-15
3.21,0.09582894921774403,77.50000000000004,0,60,1.0,2,1.0031191563672002e-15
3.215,0.16937896721820658,77.50000000000003,0,60,1.0,2,6.687461042448002e-16
3.22,0.27661303008991756,77.50000000000001,0,60,1.0,2,3.343730521224001e-16
3.225,0.4173782800009149,77.5,0,60,1.0,2,0.0
3.23,0.5818720934538056,77.5,0,60,1.0,2,0.0
3.235,0.7494718801585675,77.5,0,60,1.0,2,0.0
3.24,0.891813020752378,77.5,0,60,1.0,2,0.0
3.245,0.9800361632936612,77.5,0,60,1.0,2,0.0
3.25,0.993574479225126,77.50000249005134,1,60,1.0,2,5.8589443383158035e-08
3.255,0.9263438449375362,77.50000394038275,0,60,1.0,2,9.271488833666595e-08
3.26,0.7873015962290536,77.50000639218067,0,60,1.0,2,1.504042509569605e-07
3.265,0.5959516244629897,77.50001077235028,0,60,1.0,2,2.534670653965483e-07
3.27,0.376910120078773,77.50001908666758,0,60,1.0,2,4.490980606586912e-07
3.275,0.15739335672107918,77.5000357548629,0,60,1.0,2,8.412908919260243e-07
3.28,-0.033361226269301235,77.5000705175213,0,60,1.0,2,1.659235795159475e-06
3.285,-0.1680180840843834,77.5001445789881,0,60,1.0,2,3.401858543504525e-06
3.29,-0.23069703190837854,77.5003031686916,0,60,1.0,2,7.133380978864486e-06
3.295,-0.22587267821131068,77.5006403428687,0,60,1.0,2,1.5066891028388508e-05
3.3,-0.17718181630665902,77.50134618528463,0,60,1.0,2,3.167494787369244e-05
3.305,-0.11494332516451301,77.50279324668047,0,60,1.0,2,6.572345130514216e-05
3.31,-0.061810214049552864,77.5056885995389,0,60,1.0,2,0.0001338494009152836
3.315,-0.026546104631500547,77.51133023532057,0,60,1.0,2,0.00026659377224873157
3.32,-0.00719600351942686,77.52202043086514,0,60,1.0,2,0.0005181277850621267
3.325,0.0022072757983807078,77.54170079619027,0,60,1.0,2,0.000981195204476936
3.33,0.006917199873730717,77.57687766493112,0,60,1.0,2,0.0018088862336733602
3.335,0.01004859748264829,77.63789263572853,0,60,1.0,2,0.003244532605377264
3.34,0.013037082251128167,77.74054920623045,0,60,1.0,2,0.0056599813230695205
3.345,0.01645163937690478,77.90802055981457,0,60,1.0,2,0.009600483760342914
3.35,0.020526639934696615,78.17282908364092,0,60,1.0,2,0.015831272556256944
3.355,0.02539629541761738,78.57851124527741,0,60,1.0,2,0.025376735182997916
3.36,0.031171612185577933,79.1803885212917,0,60,1.0,2,0.03953855344215774
3.365,0.03795853426638131,80.0447076348371,0,60,1.0,2,0.059875473760872835
3.37,0.0458588961882057,81.24536512508388,0,60,1.0,2,0.08812623823726774
3.375,0.054966995891435555,82.85757412646959,0,60,1.0,2,0.12606056768163731
3.38,0.06536491004445595,84.94822898129785,0,60,1.0,2,0.17525244661877282
3.385,0.07711726085088699,87.56338750820743,0,60,1.0,2,0.23678558842841005
3.39,0.09026570629555215,90.7141492895029,0,60,1.0,2,0.3109211597530094
3.395,0.10482339848670268,94.3630917299998,0,60,1.0,2,0.39677862894117166
3.4,0.12076968927580028,98.41408530862822,0,60,1.0,2,0.4920961249088992
3.405,0.13804539501007884,102.70847428298099,0,60,1.0,2,0.5931405713642585
3.41,0.15654895051787066,107.03007195676986,0,60,1.0,2,0.694825222512232
3.415,0.17613378141900526,111.12012910549245,0,60,1.0,2,0.7910618613057048
3.42,0.19660720058055794,114.70155663171694,0,60,1.0,2,0.8753307442756927
3.425,0.21773108748496234,117.50960206611181,0,60,1.0,2,0.941402401555572
3.43,0.23922453870058807,119.32441468611549,0,60,1.0,2,0.9841038749674232
3.435,0.2607685857914563,120.0,0,60,1.0,2,1.0
3.44,0.2820129681603682,119.48430356356428,0,60,1.0,2,0.9878659662015126
3.445,0.30258482867153996,117.826618813132,0,60,1.0,2,0.9488616191325177
3.45,0.3220990771751686,115.17088635739287,0,60,1.0,2,0.8863737966445382
3.455,0.3401700499968971,111.73617728815637,0,60,1.0,2,0.8055571126625028
3.46,0.3564239911198326,107.78805988304259,0,60,1.0,2,0.7126602325421787
3.465,0.3705118017738417,103.60606181643028,0,60,1.0,2,0.6142602780336537
3.47,0.3821214567925213,99.45274455247792,0,60,1.0,2,0.5165351659406571
3.475,0.39098947374066967,95.54902758884025,0,60,1.0,2,0.42468300209035875
3.48,0.3969108472035567,92.05866703799698,0,60,1.0,2,0.342556871482282
3.485,0.3997469255491936,89.08271495386987,0,60,1.0,2,0.2725344695028204
3.49,0.3994308076379137,86.66288698908318,0,60,1.0,2,0.21559734091960414
3.495,0.3959699661768434,84.7914392365105,0,60,1.0,2,0.1715632761531882
3.5,0.38944595408114946,83.42457875378753,0,60,1.0,2,0.1394018530302948
3.505,0.38001120995358023,82.49656511278434,0,60,1.0,2,0.11756623794786679
3.51,0.3678831374098315,81.93230111406058,0,60,1.0,2,0.10428943797789597
3.515,0.35333577933796634,81.65708944599176,0,60,1.0,2,0.09781386931745313
3.52,0.33668953221163944,81.60309706988252,0,60,1.0,2,0.09654346046782407
3.525,0.3182994390982644,81.71274607711119,0,60,1.0,2,0.09912343710849862
3.53,0.29854265738230645,81.93966161579142,0,60,1.0,2,0.10446262625391582
3.535,0.2778057157821067,82.2479621143257,0,60,1.0,2,0.11171675563119299
3.54,0.2564721553719815,82.6106363930207,0,60,1.0,2,0.12025026807107525
3.545,0.23491109433464996,83.00759804884157,0,60,1.0,2,0.12959054232568407
3.55,0.21346717185309805,83.42381432070776,0,60,1.0,2,0.1393838663695944
3.555,0.19245222055656455,83.84772730242526,0,60,1.0,2,0.14935828946882954
3.56,0.17213889801761392,84.2700476135659,0,60,1.0,2,0.1592952379662563
3.565,0.15275638501270183,84.68291151017121,0,60,1.0,2,0.16900968259226373
3.57,0.13448814019607322,85.07934584035235,0,60,1.0,2,0.17833754918476108
3.575,0.11747159495449566,85.45296939810551,0,60,1.0,2,0.18712869172012964
3.58,0.10179958433370105,85.79786185623578,0,60,1.0,2,0.19524380838201844
3.585,0.08752324394101413,86.10854277553481,0,60,1.0,2,0.2025539476596427
3.59,0.07465606047174059,86.38001673381514,0,60,1.0,2,0.20894157020741505
3.595,0.0631787448609295,86.60785292524119,0,60,1.0,2,0.21430242177038095
3.6,0.05304460019959574,86.78827731415377,0,60,1.0,2,0.21854770150950056
3.605,0.044185078305849994,86.91826250749796,0,60,1.0,2,0.22160617664701074
3.61,0.03651525513023255,86.99560542459125,0,60,1.0,2,0.22342600999038228
3.615,0.0299390014708757,87.0189862207937,0,60,1.0,3,0.22397614637161664
3.62,0.024353677220580638,86.98800431460441,0,60,1.0,3,0.22324716034363318
3.625,0.01965423034339045,86.90318917628503,0,60,1.0,3,0.22125151003023588
3.63,0.015736632374757337,86.76598501082319,0,60,1.0,3,0.21802317672525146
3.635,0.012500627640593535,86.57870974203561,0,60,1.0,3,0.21361669981260267
3.64,0.009851811652115898,86.34448983173559,0,60,1.0,3,0.20810564309966087
3.645,0.007703084175428559,86.06717345510422,0,60,1.0,3,0.20158055188480528
3.65,0.005975544002062424,85.75122538441936,0,60,1.0,3,0.19414647963339662
3.655,0.004598905818663047,85.40160758432508,0,60,1.0,3,0.1859201784547077
3.66,0.0035115256454839104,85.02364997133708,0,60,1.0,3,0.17702705814910774
3.665,0.002660121266303676,84.62291602458168,0,60,1.0,3,0.16759802410780433
3.67,0.0019992692560877024,84.20506795077087,0,60,1.0,3,0.15776630472402042
3.675,0.0014907520044639367,83.77573591248671,0,60,1.0,3,0.147664374411452
3.68,0.0011028178277539807,83.34039544429893,0,60,1.0,3,0.137421069277622
3.685,0.0008094059938923333,82.90425663486596,0,60,1.0,3,0.1271589796439049
3.69,0.0005893771793717645,82.47216798110777,0,60,1.0,3,0.11699218779077114
3.695,0.0004257792353490551,82.04853706370281,0,60,1.0,3,0.10702440149888964
3.7,0.0003051686392901525,81.63726939449548,0,60,1.0,3,0.09734751516459944
3.705,0.00021699992642659966,81.2417259881692,0,60,1.0,3,0.08804061148633396
3.71,0.00015308884054097838,80.8646994518398,0,60,1.0,3,0.07916939886681876
3.715,0.00010714989329311098,80.50840770089148,0,60,1.0,3,0.0707860635503878
3.72,7.440535854020571e-05,80.17450382440545,0,60,1.0,3,0.06292950175071643
3.725,5.1260276743925106e-05,79.86410015805667,0,60,1.0,3,0.055625886071921704
3.73,3.503659887882241e-05,79.57780428725738,0,60,1.0,3,0.0488895126413501
3.735,2.375894748103639e-05,79.31576450138492,0,60,1.0,3,0.04272387062082163
3.74,1.5984413869232557e-05,79.07772214650204,0,60,1.0,3,0.037122874035342125
3.745,1.0669166579899869e-05,78.86306836805602,0,60,1.0,3,0.03207219689543576
3.75,7.06526633560511e-06,78.6709028806394,0,60,1.0,3,0.027550656015044778
3.755,4.641847214699205e-06,78.5000926295495,0,60,1.0,3,0.023531591283517627
3.76,3.025641074479182e-06,78.34932849723454,0,60,1.0,3,0.0199841999349303
3.765,1.9566278676921314e-06,78.21717853497664,0,60,1.0,3,0.01687478905827387
3.77,1.2553456560008793e-06,78.10213654545474,0,60,1.0,3,0.014167918716582134
3.775,7.990660428214668e-07,78.00266518625371,0,60,1.0,3,0.011827416147146068
3.78,5.046221251618276e-07,77.91723309183077,0,60,1.0,3,0.009817249219547448
3.785,3.1616527078858815e-07,77.84434580911395,0,60,1.0,3,0.008102254332092851
3.79,1.9652884407760343e-07,77.78257060052039,0,60,1.0,3,0.006648720012244399
3.795,1.2120002189836396e-07,77.73055538198753,0,60,1.0,3,0.005424832517353613
3.8,7.415549848886236e-08,77.68704223011872,0,60,1.0,3,0.0044009936498522455
3.805,4.501406988770349e-08,77.65087601213253,0,60,1.0,3,0.003550023814883014
3.81,0.0,77.62100876770332,0,60,1.0,3,0.00284726512243096
3.815,0.0,77.59650050750213,0,60,1.0,3,0.002270600176520662
3.82,0.0,77.57651709501268,0,60,1.0,3,0.001800402235592374
3.825,0.0,77.56032585238711,0,60,1.0,3,0.001419431820873155
3.83,0.0,77.547289484281,0,60,1.0,3,0.0011126937477881176
3.835,0.0,77.5368588520975,0,60,1.0,3,0.0008672671081763597
3.84,0.0,77.52856506068116,0,60,1.0,3,0.0006721190748508246
3.845,0.0,77.52201124528382,0,60,1.0,3,0.0005179116537369603
3.85,0.0,77.51686437276233,0,60,1.0,3,0.00039680877087829795
3.855,0.0,77.51284730072327,0,60,1.0,3,0.00030228942878272175
3.86,0.0,77.50973127407018,0,60,1.0,3,0.00022897115459239318
3.865,0.0,77.50732898167006,0,60,1.0,3,0.000172446627530743
3.87,0.0,77.50548824744804,0,60,1.0,3,0.00012913523407158156
3.875,0.0,77.50408639034983,0,60,1.0,3,9.615036117238293e-05
3.88,0.0,77.50302525601475,0,60,1.0,3,7.118249446474532e-05
3.885,0.0,77.50222689906738,0,60,1.0,3,5.2397625114843e-05
3.89,0.0,77.50162987782451,0,60,1.0,3,3.835006645912846e-05
3.895,0.0,77.50118611196181,0,60,1.0,3,2.7908516748579237e-05
3.9,0.0,77.50085824728407,0,60,1.0,3,2.019405374285805e-05
3.905,0.0,77.50061746921084,0,60,1.0,3,1.4528687313820816e-05
3.91,0.0,77.5004417070119,0,60,1.0,3,1.0393106162395911e-05
3.915,0.0,77.50031417338934,0,60,1.0,3,7.392315043328862e-06
3.92,0.0,77.50022218800947,0,60,1.0,3,5.227953164087333e-06
3.925,0.0,77.50015623846248,0,60,1.0,3,3.6761991171876133e-06
3.93,0.0,77.50010923741436,0,60,1.0,3,2.570292102679078e-06
3.935,0.0,77.50007594006851,0,60,1.0,3,1.7868251414738017e-06
3.94,0.0,77.50005249122094,0,60,1.0,3,1.2350875515628158e-06
3.945,0.0,77.50003607600858,0,60,1.0,3,8.488472608004325e-07
3.95,0.001684486749771458,77.50002465280872,0,60,1.0,3,5.80066087503142e-07
3.955,0.003097557930867117,77.50001675060308,0,60,1.0,3,3.9413183719047726e-07
3.96,0.005475106668887023,77.50001131646036,0,60,1.0,3,2.6626965550616765e-07
3.965,0.00930222931468658,77.50000760163272,0,60,1.0,3,1.7886194628398002e-07
3.97,0.01519157517868857,77.5000050771416,0,60,1.0,3,1.194621551589722e-07
3.975,0.023847336626128316,77.50000337169115,0,60,1.0,3,7.93339094183038e-08
3.98,0.0359830743700859,77.50000222634475,0,60,1.0,3,5.238458229809219e-08
3.985,0.05218887796857759,77.50000146168287,0,60,1.0,3,3.439253813506666e-08
3.99,0.0727577001223134,77.50000095417937,0,60,1.0,3,2.2451279298419488e-08
3.995,0.0974992498694751,77.50000061933126,0,60,1.0,3,1.4572500236574663e-08
4.0,0.12558706050443358,77.50000039969811,0,60,1.0,3,9.404661394749863e-09
4.005,0.15549263588878245,77.50000025648225,0,60,1.0,3,6.034876525304486e-09
4.01,0.1850529723539114,77.50000016364345,0,60,1.0,3,3.850434094441452e-09
4.015,0.21169159439317053,77.50000010381405,0,60,1.0,3,2.442683420239893e-09
4.02,0.23277292922115492,77.50000006548316,0,60,1.0,3,1.5407803242423516e-09
4.025,0.24602692519491282,77.5000000410695,0,60,1.0,3,9.663411299912053e-10
4.03,0.24995056064839283,77.50000002561092,0,60,1.0,3,6.026097895194065e-10
4.035,0.24408826520424054,77.50000001587988,0,60,1.0,3,3.736441639750196e-10
4.04,0.22911894216865275,77.50000000979006,0,60,1.0,3,2.3035427682985114e-10
4.045,0.20672661788705934,77.50000000600122,0,60,1.0,3,1.412050711651853e-10
4.05,0.17928878030241233,77.50000000365772,0,60,1.0,3,8.606394551273243e-11
4.055,0.14946211903866036,77.50000000221664,0,60,1.0,3,5.215617741615621e-11
4.06,0.1197651512573837,77.50000000133566,0,60,1.0,3,3.142738879593226e-11
4.065,0.09224675744988023,77.50000000080023,0,60,1.0,3,1.8828880938064472e-11
4.07,0.06829565320281596,77.5000000004767,0,60,1.0,3,1.121654403344591e-11
4.075,0.04860224607515734,77.50000000028236,0,60,1.0,3,6.643658172619967e-12
4.08,0.03324612389699793,77.5000000001663,0,60,1.0,3,3.9128334559363255e-12
4.085,0.021859876340472782,77.50000000009737,0,60,1.0,3,2.2911241531426853e-12
4.09,0.01381595518554205,77.5000000000567,0,60,1.0,3,1.3341484779683763e-12
4.095,0.008394095110402422,77.50000000003283,0,60,1.0,3,7.724017504027442e-13
4.1,0.0049052535271608,77.50000000001889,0,60,1.0,3,4.443817862706697e-13
4.105,0.0027671663551903634,77.50000000001081,0,60,1.0,3,2.5445789266514647e-13
4.11,0.0015425553464444616,77.50000000000615,0,60,1.0,3,1.4478353156899923e-13
4.115,0.0009638206637011801,77.50000000000348,0,60,1.0,3,8.192139776998802e-14
4.12,0.0009804935156568228,77.50000000000196,0,60,1.0,3,4.614348119289121e-14
4.125,0.0018793744894085216,77.5000000000011,0,60,1.0,3,2.5746725013424807e-14
4.13,0.004535525206900863,77.50000000000061,0,60,1.0,3,1.4378041241263203e-14
4.135,0.010832767979632273,77.50000000000034,0,60,1.0,3,8.024953250937602e-15
4.14,0.024208003392322392,77.50000000000018,0,60,1.0,3,4.3468496775912015e-15
4.145,0.0500971897335304,77.5000000000001,0,60,1.0,3,2.3406113648568006e-15
4.15,0.09582894921774403,77.50000000000006,0,60,1.0,3,1.3374922084896003e-15
4.155,0.16937896721820658,77.50000000000003,0,60,1.0,3,6.687461042448002e-16
4.16,0.27661303008991756,77.50000000000001,0,60,1.0,3,3.343730521224001e-16
4.165,0.4173782800009149,77.50000000000001,0,60,1.0,3,3.343730521224001e-16
4.17,0.5818720934538056,77.5,0,60,1.0,3,0.0
4.175,0.7494718801585675,77.5,0,60,1.0,3,0.0
4.18,0.891813020752378,77.5,0,60,1.0,3,0.0
4.185,0.9800361632936612,77.5,0,60,1.0,3,0.0
4.19,0.993574479225126,77.50000249181176,1,60,1.0,3,5.863086484810885e-08
4.195,0.9263438449375362,77.50000384183856,0,60,1.0,3,9.039620147846375e-08
4.2,0.7873015962290536,77.50000605203118,0,60,1.0,3,1.4240073369364837e-07
4.205,0.5959516244629897,77.5000098502643,0,60,1.0,3,2.317709248365966e-07
4.21,0.376910120078773,77.50001674040978,0,60,1.0,3,3.9389199474392037e-07
4.215,0.15739335672107918,77.50002988936268,0,60,1.0,3,7.032791218615089e-07
4.22,-0.033361226269301235,77.50005598658028,0,60,1.0,3,1.3173313006705832e-06
4.225,-0.1680180840843834,77.50010904250446,0,60,1.0,3,2.565705987348445e-06
4.23,-0.23069703190837854,77.50021792763697,0,60,1.0,3,5.127709105114691e-06
4.235,-0.22587267821131068,77.50044088337641,0,60,1.0,3,1.0373726503838256e-05
4.24,-0.17718181630665902,77.50089256449868,0,60,1.0,3,2.1001517616107722e-05
4.245,-0.11494332516451301,77.50179276579377,0,60,1.0,3,4.218272455920455e-05
4.25,-0.061810214049552864,77.50355118942913,0,60,1.0,3,8.355739833251285e-05
4.255,-0.026546104631500547,77.50690959240086,0,60,1.0,3,0.00016257864472610142
4.26,-0.00719600351942686,77.51317112223475,0,60,1.0,3,0.00030990875846475104
4.265,0.0022072757983807078,77.52455545137923,0,60,1.0,3,0.0005777753265700834
4.27,0.006917199873730717,77.54472497706796,0,60,1.0,3,0.0010523524015990033
4.275,0.01004859748264829,77.57952766654348,0,60,1.0,3,0.001871239212787861
4.28,0.013037082251128167,77.63799012210991,0,60,1.0,3,0.0032468264025861597
4.285,0.01645163937690478,77.7335629797193,0,60,1.0,3,0.005495599522806943
4.29,0.020526639934696615,77.88556318136334,0,60,1.0,3,0.009072074855607954
4.295,0.02539629541761738,78.12067063847793,0,60,1.0,3,0.014604015023010173
4.3,0.031171612185577933,78.47422412231587,0,60,1.0,3,0.022922920525079396
4.305,0.03795853426638131,78.99093771170499,0,60,1.0,3,0.03508088733423499
4.31,0.0458588961882057,79.72455313644113,0,60,1.0,3,0.05234242673979131
4.315,0.054966995891435555,80.7358957043249,0,60,1.0,3,0.07613872245470361
4.32,0.06536491004445595,82.08885917455554,0,60,1.0,3,0.10797315704836559
4.325,0.07711726085088699,83.84404871167135,0,60,1.0,3,0.149271734392267
4.33,0.09026570629555215,86.05017854498587,0,60,1.0,3,0.20118067164672632
4.335,0.10482339848670268,88.73382931864452,0,60,1.0,3,0.26432539573281233
4.34,0.12076968927580028,91.88874480991677,0,60,1.0,3,0.33855870140980643
4.345,0.13804539501007884,95.46636445671342,0,60,1.0,3,0.4227379872167864
4.35,0.15654895051787066,99.36959295544153,0,60,1.0,3,0.5145786577750949
4.355,0.17613378141900526,103.45175485582882,0,60,1.0,3,0.6106295260195017
4.36,0.19660720058055794,107.5221797930646,0,60,1.0,3,0.7064042304250493
4.365,0.21773108748496234,111.35892106398657,0,60,1.0,3,0.7966804956232134
4.37,0.23922453870058807,114.72785713078791,0,60,1.0,3,0.8759495795479508
4.375,0.2607685857914563,117.40610393874456,0,60,1.0,3,0.9389671514998721
4.38,0.2820129681603682,119.20657953132158,0,60,1.0,3,0.9813312830899196
4.385,0.30258482867153996,120.0,0,60,1.0,3,1.0
4.39,0.3220990771751686,119.73073626244305,0,60,1.0,3,0.9936643826457188
4.395,0.3401700499968971,118.4238494759471,0,60,1.0,3,0.9629141053164022
4.4,0.3564239911198326,116.18208945321945,0,60,1.0,3,0.910166810663987
4.405,0.3705118017738417,113.1733745291447,0,60,1.0,3,0.8393735183328164
4.41,0.3821214567925213,109.61089082664786,0,60,1.0,3,0.7555503723917144
4.415,0.39098947374066967,105.7291023657552,0,60,1.0,3,0.6642141733118869
4.42,0.3969108472035567,101.75942264604797,0,60,1.0,3,0.5708099446128934
4.425,0.3997469255491936,97.90901232617857,0,60,1.0,3,0.4802120547336134
4.43,0.3994308076379137,94.34526416670559,0,60,1.0,3,0.39635915686366097
4.435,0.3959699661768434,91.18727314888353,0,60,1.0,3,0.3220534858560832
4.44,0.38944595408114946,88.50427463175579,0,60,1.0,3,0.2589241089824892
4.445,0.38001120995358023,86.3199414541806,0,60,1.0,3,0.20752803421601396
4.45,0.3678831374098315,84.62074135275094,0,60,1.0,3,0.16754685535884564
4.455,0.35333577933796634,83.36632600348436,0,60,1.0,3,0.13803120008198494
4.46,0.33668953221163944,82.5000975498113,0,60,1.0,3,0.11764935411320708
4.465,0.3182994390982644,81.95854814001777,0,60,1.0,3,0.1049070150592416
4.47,0.29854265738230645,81.67853656537754,0,60,1.0,3,0.09831850742064803
4.475,0.2778057157821067,81.60221366217804,0,60,1.0,3,0.09652267440418928
4.48,0.2564721553719815,81.67973868879486,0,60,1.0,3,0.09834679267752602
4.485,0.23491109433464996,81.87019922391292,0,60,1.0,3,0.10282821703324517
4.49,0.21346717185309805,82.14126026801704,0,60,1.0,3,0.109206123953342
4.495,0.19245222055656455,82.46805768409277,0,60,1.0,3,0.11689547491982988
4.5,0.17213889801761392,82.83176315010746,0,60,1.0,3,0.12545325059076384
4.505,0.15275638501270183,83.21812687136497,0,60,1.0,3,0.13454416167917582
4.51,0.13448814019607322,83.61618424954153,0,60,1.0,3,0.14391021763627135
4.515,0.11747159495449566,84.01721373745077,0,60,1.0,3,0.15334620558707704
4.52,0.10179958433370105,84.41396310723198,0,60,1.0,3,0.16268148487604656
4.525,0.08752324394101413,84.80011942466255,0,60,1.0,3,0.17176751587441305
4.53,0.07465606047174059,85.1699784655929,0,60,1.0,3,0.18047008154336247
4.535,0.0631787448609295,85.51826494996435,0,60,1.0,3,0.18866505764621994
4.54,0.05304460019959574,85.840059253804,0,60,1.0,3,0.1962366883248
4.545,0.044185078305849994,86.13079426679849,0,60,1.0,3,0.20307751215996445
4.55,0.03651525513023255,86.38629466659549,0,60,1.0,3,0.20908928627283505
4.555,0.0299390014708757,86.60283845793114,0,60,1.0,3,0.21418443430426218
4.56,0.024353677220580638,86.77722659458583,0,60,1.0,3,0.21828768457849004
4.565,0.01965423034339045,86.90685088831356,0,60,1.0,3,0.22133766796031898
4.57,0.015736632374757337,86.98975350722205,0,60,1.0,3,0.22328831781698935
4.575,0.012500627640593535,87.02467353697683,0,60,1.0,3,0.22410996557592552
4.58,0.009851811652115898,87.0110776394444,0,60,1.0,3,0.223790062104574
4.585,0.007703084175428559,86.94917303121116,0,60,1.0,3,0.2223334830873214
4.59,0.005975544002062424,86.83990197261397,0,60,1.0,3,0.2197623993556229
4.595,0.004598905818663047,86.68491779355341,0,60,1.0,3,0.21611571278949201
4.6,0.0035115256454839104,86.4865432253902,0,60,1.0,3,0.21144807589153394
4.605,0.002660121266303676,86.2477124690008,0,60,1.0,3,0.20582852868237184
4.61,0.0019992692560877024,85.9718990017495,0,60,1.0,3,0.19933880004116483
4.615,0.0014907520044639367,85.66303159799958,0,60,1.0,3,0.1920713317176371
4.62,0.0011028178277539807,85.32540139533346,0,60,1.0,3,0.1841270916549049
4.625,0.0008094059938923333,84.96356307129537,0,60,1.0,3,0.1756132487363616
4.63,0.0005893771793717645,84.58223329764274,0,60,1.0,3,0.16664078347394692
4.635,0.0004257792353490551,84.18618961118601,0,60,1.0,3,0.15732210849849432
4.64,0.0003051686392901525,83.78017268883372,0,60,1.0,3,0.14776876914902862
4.645,0.00021699992642659966,83.36879475167348,0,60,1.0,3,0.13808928827467004
4.65,0.00015308884054097838,82.95645646592097,0,60,1.0,3,0.12838721096284625
4.655,0.00010714989329311098,82.5472742782177,0,60,1.0,3,0.11875939478159292
4.66,7.440535854020571e-05,82.1450196423469,0,60,1.0,3,0.10929457981992695
4.665,5.1260276743925106e-05,81.75307108830053,0,60,1.0,3,0.10007226090118894
4.67,3.503659887882241e-05,81.37437957677281,0,60,1.0,3,0.09116187239465436
4.675,2.375894748103639e-05,81.01144709498455,0,60,1.0,3,0.08262228458787169
4.68,1.5984413869232557e-05,80.66631800298667,0,60,1.0,3,0.0745016000702746
4.685,1.0669166579899869e-05,80.34058224944994,0,60,1.0,3,0.06683722939882206
4.69,7.06526633560511e-06,80.03538925452028,0,60,1.0,3,0.059656217753418415
4.695,4.641847214699205e-06,79.75147101231343,0,60,1.0,3,0.0529757885250219
4.7,3.025641074479182e-06,79.4891728003454,0,60,1.0,3,0.046804065890480015
4.705,1.9566278676921314e-06,79.24848979680112,0,60,1.0,3,0.041140936395320564
4.71,1.2553456560008793e-06,79.02910789449058,0,60,1.0,3,0.035979009282131276
4.715,7.990660428214668e-07,78.8304470550233,0,60,1.0,3,0.03130463658878351
4.72,5.046221251618276e-07,78.65170565820313,0,60,1.0,3,0.027098956663602996
4.725,3.1616527078858815e-07,78.49190445841805,0,60,1.0,3,0.02333892843336584
4.73,1.9652884407760343e-07,78.34992894961812,0,60,1.0,3,0.01999832822630865
4.735,1.2120002189836396e-07,78.22456915105091,0,60,1.0,3,0.017048685907080346
4.74,7.415549848886236e-08,78.11455604558064,0,60,1.0,3,0.014460142248956278
4.745,4.501406988770349e-08,78.018594120612,0,60,1.0,3,0.01220221460263514
4.75,0.0,77.93538966935525,0,60,1.0,3,0.010244462808358723
4.755,0.0,77.86367470016516,0,60,1.0,3,0.008557051768592066
4.76,0.0,77.80222646861542,0,60,1.0,3,0.00711121102624508
4.765,0.0,77.74988278736755,0,60,1.0,3,0.0058795949968836175
4.77,0.0,77.70555338106993,0,60,1.0,3,0.004836550142821954
4.775,0.0,77.66822763736607,0,60,1.0,3,0.0039582973497899465
4.78,0.0,77.63697916182198,0,60,1.0,3,0.0032230391016937307
4.785,0.0,77.61096757646521,0,60,1.0,3,0.0026110017991815017
4.79,0.0,77.58943801168321,0,60,1.0,3,0.002104423804310914
4.795,0.0,77.57171873294385,0,60,1.0,3,0.0016874995986788288
4.8,0.0,77.55721732087633,0,60,1.0,3,0.0013462899029725443
4.805,0.0,77.54541578936765,0,60,1.0,3,0.0010686068086506431
4.81,0.0,77.53586498497702,0,60,1.0,3,0.0008438819994594001
4.815,0.0,77.52817856529884,0,60,1.0,3,0.0006630250658551685
4.82,0.0,77.52202680664169,0,60,1.0,4,0.0005182778033338978
4.825,0.0,77.5171304447848,0,60,1.0,4,0.0004030692890540542
4.83,0.0,77.51325470838246,0,60,1.0,4,0.0003118754913520447
4.835,0.0,77.51020366409061,0,60,1.0,4,0.00024008621389672204
4.84,0.0,77.50781495653038,0,60,1.0,4,0.00018388133012663008
4.845,0.0,77.50595499523384,0,60,1.0,4,0.00014011753491378358
4.85,0.0,77.50451461486995,0,60,1.0,4,0.00010622623223405433
4.855,0.0,77.50340521419459,0,60,1.0,4,8.012268693144452e-05
4.86,0.0,77.50255536298914,0,60,1.0,4,6.012618797981037e-05
4.865,0.0,77.50190785429267,0,60,1.0,4,4.489068923924285e-05
4.87,0.0,77.50141717096078,0,60,1.0,4,3.334519907712895e-05
4.875,0.0,77.50104733043376,0,60,1.0,4,2.4643069029734227e-05
4.88,0.0,77.50077006899966,0,60,1.0,4,1.811927058016034e-05
4.885,0.0,77.50056332625815,0,60,1.0,4,1.3254735485776002e-05
4.89,0.0,77.50040999143872,0,60,1.0,4,9.646857381540031e-06
4.895,0.0,77.50029687526775,0,60,1.0,4,6.985300417655333e-06
4.9,0.0,77.50021387384992,0,60,1.0,4,5.032325880366068e-06
4.905,0.0,77.50015329422482,0,60,1.0,4,3.6069229368502634e-06
4.91,0.0,77.50010931464227,0,60,1.0,4,2.5721092299590965e-06
4.915,0.0,77.50007755598538,0,60,1.0,4,1.824846714939935e-06
4.92,0.0,77.50005474402688,0,60,1.0,4,1.288094750193255e-06
4.925,0.0,77.50003844524194,0,60,1.0,4,9.045939280253258e-07
4.93,0.0,77.50002686166287,0,60,1.0,4,6.320391264580394e-07
4.935,0.0,77.50001867272185,0,60,1.0,4,4.393581611887331e-07
4.94,0.0,77.50001291417894,0,60,1.0,4,3.0386303385111047e-07
4.945,0.001684486749771458,77.5000088860839,0,60,1.0,4,2.0908432715901547e-07
4.95,0.003097557930867117,77.50000608328911,0,60,1.0,4,1.431362143060088e-07
4.955,0.005475106668887023,77.50000414334353,0,60,1.0,4,9.7490436032518e-08
4.96,0.00930222931468658,77.50000280768167,0,60,1.0,4,6.606309806128968e-08
4.965,0.01519157517868857,77.50000189290678,0,60,1.0,4,4.453898307420947e-08
4.97,0.023847336626128316,77.50000126968219,0,60,1.0,4,2.9874874986917885e-08
4.975,0.0359830743700859,77.50000084731572,0,60,1.0,4,1.9936840424313284e-08
4.98,0.05218887796857759,77.50000056257437,0,60,1.0,4,1.3237044025599436e-08
4.985,0.0727577001223134,77.50000037161998,0,60,1.0,4,8.743999427786228e-09
4.99,0.0974992498694751,77.50000024423203,0,60,1.0,4,5.7466359200642566e-09
4.995,0.12558706050443358,77.50000015969474,0,60,1.0,4,3.757523191940409e-09
5.0,0.15549263588878245,77.50000010388743,0,60,1.0,4,2.444410122681053e-09
5.005,0.1850529723539114,77.50000006723879,0,60,1.0,4,1.5820891054746051e-09
5.01,0.21169159439317053,77.50000004329733,0,60,1.0,4,1.018760793372434e-09
5.015,0.23277292922115492,77.50000002773875,0,60,1.0,4,6.526764697328498e-10
5.02,0.24602692519491282,77.5000000176806,0,60,1.0,4,4.1601424527470956e-10
5.025,0.24995056064839283,77.50000001121222,0,60,1.0,4,2.6381699439405244e-10
5.03,0.24408826520424054,77.50000000707409,0,60,1.0,4,1.6644923348127014e-10
5.035,0.22911894216865275,77.50000000444052,0,60,1.0,4,1.0448288508889484e-10
5.04,0.20672661788705934,77.5000000027732,0,60,1.0,4,6.525189800253001e-11
5.045,0.17928878030241233,77.50000000172311,0,60,1.0,4,4.054373568899738e-11
5.05,0.14946211903866036,77.5000000010652,0,60,1.0,4,2.5063600867938744e-11
5.055,0.1197651512573837,77.50000000065513,0,60,1.0,4,1.5414932075894767e-11
5.06,0.09224675744988023,77.50000000040089,0,60,1.0,4,9.432663800372906e-12
5.065,0.06829565320281596,77.50000000024406,0,60,1.0,4,5.7425227971500995e-12
5.07,0.04860224607515734,77.50000000014782,0,60,1.0,4,3.4781484881772057e-12
5.075,0.03324612389699793,77.50000000008907,0,60,1.0,4,2.0958502907032036e-12
5.08,0.021859876340472782,77.5000000000534,0,60,1.0,4,1.2565739298759795e-12
5.085,0.01381595518554205,77.50000000003186,0,60,1.0,4,7.49664382858421e-13
5.09,0.008394095110402422,77.5000000000189,0,60,1.0,4,4.447161593227921e-13
5.095,0.0049052535271608,77.50000000001116,0,60,1.0,4,2.6248284591608404e-13
5.1,0.0027671663551903634,77.50000000000655,0,60,1.0,4,1.5414597702842645e-13
5.105,0.0015425553464444616,77.50000000000384,0,60,1.0,4,9.028072407304802e-14
5.11,0.0009638206637011801,77.50000000000223,0,60,1.0,4,5.2496569183216817e-14
5.115,0.0009804935156568228,77.5000000000013,0,60,1.0,4,3.042794774313841e-14
5.12,0.0018793744894085216,77.50000000000074,0,60,1.0,4,1.7387398710364806e-14
5.125,0.004535525206900863,77.50000000000043,0,60,1.0,4,1.0031191563672003e-14
5.13,0.010832767979632273,77.50000000000024,0,60,1.0,4,5.684341886080802e-15
5.135,0.024208003392322392,77.50000000000014,0,60,1.0,4,3.343730521224001e-15
5.14,0.0500971897335304,77.50000000000007,0,60,1.0,4,1.6718652606120004e-15
5.145,0.09582894921774403,77.50000000000004,0,60,1.0,4,1.0031191563672002e-15
5.15,0.16937896721820658,77.50000000000003,0,60,1.0,4,6.687461042448002e-16
5.155,0.27661303008991756,77.50000000000001,0,60,1.0,4,3.343730521224001e-16
5.16,0.4173782800009149,77.5,0,60,1.0,4,0.0
5.165,0.5818720934538056,77.5,0,60,1.0,4,0.0
5.17,0.7494718801585675,77.5,0,60,1.0,4,0.0
5.175,0.891813020752378,77.5,0,60,1.0,4,0.0
5.18,0.9800361632936612,77.5,0,60,1.0,4,0.0
5.185,0.993574479225126,77.50000249055736,1,60,1.0,4,5.860134973879801e-08
5.19,0.9263438449375362,77.50000390266074,0,60,1.0,4,9.182731145408659e-08
5.195,0.7873015962290536,77.5000062610317,0,60,1.0,4,1.4731839294600993e-07
5.2,0.5959516244629897,77.5000104126822,0,60,1.0,4,2.4500428708051913e-07
5.205,0.376910120078773,77.50001815880528,0,60,1.0,4,4.2726600648112414e-07
5.21,0.15739335672107918,77.5000334012751,0,60,1.0,4,7.859123553878496e-07
5.215,-0.033361226269301235,77.50006460378755,0,60,1.0,4,1.5200891188188132e-06
5.22,-0.1680180840843834,77.50012992730984,0,60,1.0,4,3.057113172765051e-06
5.225,-0.23069703190837854,77.50026761566144,0,60,1.0,4,6.296839092770182e-06
5.23,-0.22587267821131068,77.50055630925912,0,60,1.0,4,1.3089629626459581e-05
5.235,-0.17718181630665902,77.50115340923121,0,60,1.0,4,2.713904073429523e-05
5.24,-0.11494332516451301,77.50236492593112,0,60,1.0,4,5.564531602631713e-05
5.245,-0.061810214049552864,77.50476787701339,0,60,1.0,4,0.00011218534149159441
5.25,-0.026546104631500547,77.50941633263068,0,60,1.0,4,0.00022156076778066884
5.255,-0.00719600351942686,77.5181738644655,0,60,1.0,4,0.00042762034036460296
5.26,0.0022072757983807078,77.5342261502554,0,60,1.0,4,0.0008053211824801565
5.265,0.006917199873730717,77.56283330869695,0,60,1.0,4,0.001478430792869457
5.27,0.01004859748264829,77.61237503104077,0,60,1.0,4,0.0026441183774298838
5.275,0.013037082251128167,77.6957132392228,0,60,1.0,4,0.00460501739347759
5.28,0.01645163937690478,77.83183666400365,0,60,1.0,4,0.007807921505968138
5.285,0.020526639934696615,78.04765202417518,0,60,1.0,4,0.012885929980592436
5.29,0.02539629541761738,78.37964807981832,0,60,1.0,4,0.02069760187807821
5.295,0.031171612185577933,78.87499658157523,0,60,1.0,4,0.03235286074294663
5.3,0.03795853426638131,79.591501931469,0,60,1.0,4,0.049211810152211696
5.305,0.0458588961882057,80.59572263286991,0,60,1.0,4,0.07284053253811548
5.31,0.054966995891435555,81.95862818810917,0,60,1.0,4,0.10490889854374526
5.315,0.06536491004445595,83.74838670535817,0,60,1.0,4,0.1470208636554864
5.32,0.07711726085088699,86.02033399330428,0,60,1.0,4,0.2004784469012771
5.325,0.09026570629555215,88.8048315443595,0,60,1.0,4,0.2659960363378706
5.33,0.10482339848670268,92.09448096566497,0,60,1.0,4,0.34339955213329343
5.335,0.12076968927580028,95.83285417186961,0,60,1.0,4,0.4313612746322262
5.34,0.13804539501007884,99.90730401880838,0,60,1.0,4,0.5272306827954912
5.345,0.15654895051787066,104.14833129667961,0,60,1.0,4,0.6270195599218733
5.35,0.17613378141900526,108.33727604108216,0,60,1.0,4,0.7255829656725215
5.355,0.19660720058055794,112.22279730887875,0,60,1.0,4,0.8170069955030295
5.36,0.21773108748496234,115.54490959056277,0,60,1.0,4,0.8951743433073592
5.365,0.23922453870058807,118.06361697299218,0,60,1.0,4,0.9544380464233454
5.37,0.2607685857914563,119.58786456364993,0,60,1.0,4,0.9903026956152925
5.375,0.2820129681603682,120.0,0,60,1.0,4,1.0
5.38,0.30258482867153996,119.27142299958258,0,60,1.0,4,0.9828570117548843
5.385,0.3220990771751686,117.46655828444447,0,60,1.0,4,0.9403896066928111
5.39,0.3401700499968971,114.73441248783143,0,60,1.0,4,0.8761038232430925
5.395,0.3564239911198326,111.28927580351457,0,60,1.0,4,0.7950417836121075
5.4,0.3705118017738417,107.38406102338513,0,60,1.0,4,0.7031543770208266
5.405,0.3821214567925213,103.28089833002707,0,60,1.0,4,0.6066093724712252
5.41,0.39098947374066967,99.22371126121679,0,60,1.0,4,0.5111461473227481
5.415,0.3969108472035567,95.41664685863836,0,60,1.0,4,0.4215681613797261
5.42,0.3997469255491936,92.0107136810468,0,60,1.0,4,0.34142855720110105
5.425,0.3994308076379137,89.09921702002791,0,60,1.0,4,0.27292275341242134
5.43,0.3959699661768434,86.72099306384327,0,60,1.0,4,0.2169645426786651
5.435,0.38944595408114946,84.86934322745678,0,60,1.0,4,0.1733963112342772
5.44,0.38001120995358023,83.50409389992826,0,60,1.0,4,0.14127279764537093
5.445,0.3678831374098315,82.5643187163182,0,60,1.0,4,0.1191604403839576
5.45,0.35333577933796634,81.97979641551007,0,60,1.0,4,0.10540697448258979
5.455,0.33668953221163944,81.68001798316348,0,60,1.0,4,0.09835336430972896
5.46,0.3182994390982644,81.60029568688363,0,60,1.0,4,0.09647754557373239
5.465,0.29854265738230645,81.68511720481757,0,60,1.0,4,0.09847334599570759
5.47,0.2778057157821067,81.8892611786442,0,60,1.0,4,0.10327673361515775
5.475,0.2564721553719815,82.17734651540148,0,60,1.0,4,0.11005521212709368
5.48,0.23491109433464996,82.52247317147288,0,60,1.0,4,0.1181758393287737
5.485,0.21346717185309805,82.90449269890502,0,60,1.0,4,0.12716453409188275
5.49,0.19245222055656455,83.30828526471531,0,60,1.0,4,0.13666553564036021
5.495,0.17213889801761392,83.72226285659941,0,60,1.0,4,0.1464061848611627
5.5,0.15275638501270183,84.13719258266862,0,60,1.0,4,0.1561692372392616
5.505,0.13448814019607322,84.54534839222734,0,60,1.0,4,0.16577290334652564
5.51,0.11747159495449566,84.93995127272836,0,60,1.0,4,0.17505767700537328
5.515,0.10179958433370105,85.31483813156787,0,60,1.0,4,0.1838785442721851
5.52,0.08752324394101413,85.66429795931882,0,60,1.0,4,0.19210112845456037
5.525,0.07465606047174059,85.98302177258904,0,60,1.0,4,0.19960051229621273
5.53,0.0631787448609295,86.2661241010189,0,60,1.0,4,0.20626174355338595
5.535,0.05304460019959574,86.509204811254,0,60,1.0,4,0.21198128967656457
5.54,0.044185078305849994,86.70842921313016,0,60,1.0,4,0.21666892266188612
5.545,0.03651525513023255,86.86061128456899,0,60,1.0,4,0.2202496772839762
5.55,0.0299390014708757,86.96328974342804,0,60,1.0,4,0.2226656410218361
5.555,0.024353677220580638,87.0147900798478,0,60,1.0,4,0.22387741364347763
5.56,0.01965423034339045,87.01426803196546,0,60,1.0,4,0.22386513016389312
5.565,0.015736632374757337,86.9617317279995,0,60,1.0,4,0.2226289818352825
5.57,0.012500627640593535,86.85804109034562,0,60,1.0,4,0.22018920212577936
5.575,0.009851811652115898,86.70488425603972,0,60,1.0,4,0.2165855119068169
5.58,0.007703084175428559,86.50473178744132,0,60,1.0,4,0.2118760420574427
5.585,0.005975544002062424,86.26077035135903,0,60,1.0,4,0.2061357729731536
5.59,0.004598905818663047,85.97681832982333,0,60,1.0,4,0.19945454893701955
5.595,0.0035115256454839104,85.6572264743845,0,60,1.0,4,0.19193474057375295
5.6,0.002660121266303676,85.30676720877216,0,60,1.0,4,0.1836886402064037
5.605,0.0019992692560877024,84.93051650632438,0,60,1.0,4,0.17483568250175013
5.61,0.0014907520044639367,84.53373241029662,0,60,1.0,4,0.1654995861246264
5.615,0.0011028178277539807,84.12173422728785,0,60,1.0,4,0.15580551123030226
5.62,0.0008094059938923333,83.69978621594157,0,60,1.0,4,0.145877322728037
5.625,0.0005893771793717645,83.27298923259978,0,60,1.0,4,0.13583504076705374
5.63,0.0004257792353490551,82.84618330765194,0,60,1.0,4,0.1257925484153398
5.635,0.0003051686392901525,82.42386354125402,0,60,1.0,4,0.11585561273538875
5.64,0.00021699992642659966,82.01011105855213,0,60,1.0,4,0.10612026020122652
5.645,0.00015308884054097838,81.60854008739086,0,60,1.0,4,0.09667153146802032
5.65,0.00010714989329311098,81.22226154968438,0,60,1.0,4,0.0875826246984559
5.655,7.440535854020571e-05,80.85386292236346,0,60,1.0,4,0.07891442170266968
5.66,5.1260276743925106e-05,80.50540355191389,0,60,1.0,4,0.07071537769209145
5.665,3.503659887882241e-05,80.17842411927857,0,60,1.0,4,0.06302174398302528
5.67,2.375894748103639e-05,79.8739685643194,0,60,1.0,4,0.055858083866338774
5.675,1.5984413869232557e-05,79.59261649957682,0,60,1.0,4,0.04923803528416048
5.68,1.0669166579899869e-05,79.33452397376828,0,60,1.0,4,0.04316526997101846
5.685,7.06526633560511e-06,79.09947038249331,0,60,1.0,4,0.037634597235136666
5.69,4.641847214699205e-06,78.88690935809102,0,60,1.0,4,0.03263316136684747
5.695,3.025641074479182e-06,78.6960215896651,0,60,1.0,4,0.028141684462708087
5.7,1.9566278676921314e-06,78.5257677122978,0,60,1.0,4,0.02413571087759545
5.705,1.2553456560008793e-06,78.37493964417503,0,60,1.0,4,0.020586815157059513
5.71,7.990660428214668e-07,78.2422090240731,0,60,1.0,4,0.017463741742896593
5.715,5.046221251618276e-07,78.12617169236393,0,60,1.0,4,0.014733451585033542
5.72,3.1616527078858815e-07,78.025387450806,0,60,1.0,4,0.012362057666023381
5.725,1.9652884407760343e-07,77.93841461647177,0,60,1.0,4,0.010315638034629995
5.73,1.2120002189836396e-07,77.8638391423511,0,60,1.0,4,0.008560920996496394
5.735,7.415549848886236e-08,77.80029830339164,0,60,1.0,4,0.007065842432744523
5.74,4.501406988770349e-08,77.74649913671861,0,60,1.0,4,0.005799979687496743
5.745,0.0,77.70123197589588,0,60,1.0,4,0.00473487002107952
5.75,0.0,77.66337953109218,0,60,1.0,4,0.003844224260992365
5.755,0.0,77.63192204162286,0,60,1.0,4,0.0031040480381848818
5.76,0.0,77.60593906782344,0,60,1.0,4,0.0024926839487868753
5.765,0.0,77.5846084999467,0,60,1.0,4,0.001990788234039923
5.77,0.0,77.56720334779462,0,60,1.0,4,0.0015812552422262878
5.775,0.0,77.55308684140455,0,60,1.0,4,0.0012491021506952941
5.78,0.0,77.54170632554015,0,60,1.0,4,0.0009813253068269954
5.785,0.0,77.53258637389288,0,60,1.0,4,0.0007667382092443083
5.79,0.0,77.5253214871494,0,60,1.0,4,0.000595799697632896
5.795,0.0,77.5195686761332,0,60,1.0,4,0.00046043943842833225
5.8,0.0,77.51504017008224,0,60,1.0,4,0.00035388635487633484
5.805,0.0,77.51149643304234,0,60,1.0,4,0.0002705043068785659
5.81,0.0,77.50873961991796,0,60,1.0,4,0.00020563811571672457
5.815,0.0,77.50660755888478,0,60,1.0,4,0.00015547197375955125
5.82,0.0,77.50496830905382,0,60,1.0,4,0.00011690138950170342
5.825,0.0,77.5037153114783,0,60,1.0,4,8.741909360711522e-05
5.83,0.0,77.50276312746773,0,60,1.0,4,6.501476394659863e-05
5.835,0.0,77.50204374014463,0,60,1.0,4,4.808800340302856e-05
5.84,0.0,77.50150338251946,0,60,1.0,4,3.537370634021767e-05
5.845,0.0,77.50109984727075,0,60,1.0,4,2.587875931179523e-05
5.85,0.0,77.50080022908391,0,60,1.0,4,1.8828919621348497e-05
5.855,0.0,77.50057904904067,0,60,1.0,4,1.3624683309805785e-05
5.86,0.0,77.50041671144271,0,60,1.0,4,9.804975122599845e-06
5.865,0.0,77.50029824596082,0,60,1.0,4,7.017552019306095e-06
5.87,0.0,77.50021229158524,0,60,1.0,4,4.995096123352863e-06
5.875,0.0,77.50015028306859,0,60,1.0,4,3.536072202169795e-06
5.88,0.0,77.50010580504913,0,60,1.0,4,2.4895305677867272e-06
5.885,0.0,77.50007408355204,0,60,1.0,4,1.7431424008490842e-06
5.89,0.0,77.50005158889975,0,60,1.0,4,1.213856464734336e-06
5.895,0.0,77.50003572808994,0,60,1.0,4,8.406609397832868e-07
5.9,0.0,77.50002460834446,0,60,1.0,4,5.790198696665946e-07
5.905,0.001684486749771458,77.50001685675832,0,60,1.0,4,3.9662960756793514e-07
5.91,0.003097557930867117,77.500011483778,0,60,1.0,4,2.7020654108448924e-07
5.915,0.005475106668887023,77.50000778062673,0,60,1.0,4,1.830735701493241e-07
5.92,0.00930222931468658,77.50000524280178,0,60,1.0,4,1.233600418051056e-07
5.925,0.01519157517868857,77.50000351343044,0,60,1.0,4,8.266895159014145e-08
5.93,0.023847336626128316,77.5000023416304,0,60,1.0,4,5.5097186024046524e-08
5.935,0.0359830743700859,77.5000015521168,0,60,1.0,4,3.652039528306512e-08
5.94,0.05218887796857759,77.50000102317405,0,60,1.0,4,2.4074683538214337e-08
5.945,0.0727577001223134,77.500000670801,0,60,1.0,4,1.5783552953507752e-08
5.95,0.0974992498694751,77.500000437378,0,60,1.0,4,1.029124719560273e-08
5.955,0.12558706050443358,77.50000028362157,0,60,1.0,4,6.6734488053257606e-09
5.96,0.15549263588878245,77.50000018291134,0,60,1.0,4,4.303796137772973e-09
5.965,0.1850529723539114,77.50000011731703,0,60,1.0,4,2.760400681889972e-09
5.97,0.21169159439317053,77.50000007483428,0,60,1.0,4,1.7608064862382462e-09
5.975,0.23277292922115492,77.50000004747436,0,60,1.0,4,1.1170437333288752e-09
5.98,0.24602692519491282,77.50000002995276,0,60,1.0,4,7.047707881343633e-10
5.985,0.24995056064839283,77.50000001879462,0,60,1.0,4,4.4222641757668874e-10
5.99,0.24408826520424054,77.50000001172869,0,60,1.0,4,2.759691142273368e-10
5.995,0.22911894216865275,77.50000000727921,0,60,1.0,4,1.7127557411560487e-10
6.0,0.20672661788705934,77.50000000449302,0,60,1.0,4,1.0571805914343499e-10
6.005,0.17928878030241233,77.5000000027581,0,60,1.0,4,6.48964594481239e-11
6.01,0.14946211903866036,77.50000000168384,0,60,1.0,4,3.9619862945983186e-11
6.015,0.1197651512573837,77.50000000102239,0,60,1.0,4,2.405613486189395e-11
6.02,0.09224675744988023,77.50000000061736,0,60,1.0,4,1.4526168503353428e-11
6.025,0.06829565320281596,77.50000000037076,0,60,1.0,5,8.723792929873418e-12
6.03,0.04860224607515734,77.50000000022145,0,60,1.0,5,5.210535271223361e-12
6.035,0.03324612389699793,77.50000000013154,0,60,1.0,5,3.094956970444935e-12
6.04,0.021859876340472782,77.5000000000777,0,60,1.0,5,1.8283518490052836e-12
6.045,0.01381595518554205,77.50000000004566,0,60,1.0,5,1.0743406164692714e-12
6.05,0.008394095110402422,77.50000000002667,0,60,1.0,5,6.27618218833745e-13
6.055,0.0049052535271608,77.5000000000155,0,60,1.0,5,3.648009998655385e-13
6.06,0.0027671663551903634,77.50000000000895,0,60,1.0,5,2.1065502283711206e-13
6.065,0.0015425553464444616,77.50000000000514,0,60,1.0,5,1.2104304486830883e-13
6.07,0.0009638206637011801,77.50000000000294,0,60,1.0,5,6.921522178933681e-14
6.075,0.0009804935156568228,77.50000000000168,0,60,1.0,5,3.945602015044321e-14
6.08,0.0018793744894085216,77.50000000000095,0,60,1.0,5,2.2402994492200805e-14
6.085,0.004535525206900863,77.50000000000053,0,60,1.0,5,1.2371802928528803e-14
6.09,0.010832767979632273,77.5000000000003,0,60,1.0,5,7.021834094570402e-15
6.095,0.024208003392322392,77.50000000000017,0,60,1.0,5,4.012476625468801e-15
6.1,0.0500971897335304,77.50000000000009,0,60,1.0,5,2.0062383127344005e-15
6.105,0.09582894921774403,77.50000000000004,0,60,1.0,5,1.0031191563672002e-15
6.11,0.16937896721820658,77.50000000000003,0,60,1.0,5,6.687461042448002e-16
6.115,0.27661303008991756,77.50000000000001,0,60,1.0,5,3.343730521224001e-16
6.12,0.4173782800009149,77.50000000000001,0,60,1.0,5,3.343730521224001e-16
6.125,0.5818720934538056,77.5,0,60,1.0,5,0.0
6.13,0.7494718801585675,77.5,0,60,1.0,5,0.0
6.135,0.891813020752378,77.5,0,60,1.0,5,0.0
6.14,0.9800361632936612,77.5,0,60,1.0,5,0.0
6.145,0.993574479225126,77.50000249553136,1,60,1.0,5,5.871838498826358e-08
6.15,0.9263438449375362,77.5000037979206,0,60,1.0,5,8.936283761078598e-08
6.155,0.7873015962290536,77.50000589651982,0,60,1.0,5,1.387416429064187e-07
6.16,0.5959516244629897,77.5000094348155,0,60,1.0,5,2.2199565872891553e-07
6.165,0.376910120078773,77.50001571195249,0,60,1.0,5,3.6969299966425324e-07
6.17,0.15739335672107918,77.50002740197677,0,60,1.0,5,6.447523944911261e-07
6.175,-0.033361226269301235,77.5000500328844,0,60,1.0,5,1.177244338885644e-06
6.18,-0.1680180840843834,77.50009495573708,0,60,1.0,5,2.234252637248681e-06
6.185,-0.23069703190837854,77.50018514752661,0,60,1.0,5,4.356412390774601e-06
6.19,-0.22587267821131068,77.50036623180388,0,60,1.0,5,8.617218914838198e-06
6.195,-0.17718181630665902,77.50072678709442,0,60,1.0,5,1.710087280992625e-05
6.2,-0.11494332516451301,77.50143461155861,0,60,1.0,5,3.3755566084892054e-05
6.205,-0.061810214049552864,77.5027993939534,0,60,1.0,5,6.58680930210748e-05
6.21,-0.026546104631500547,77.50537738125638,0,60,1.0,5,0.0001265266177971866
6.215,-0.00719600351942686,77.5101400375162,0,60,1.0,5,0.0002385891180281038
6.22,0.0022072757983807078,77.51873573170647,0,60,1.0,5,0.00044084074603460975
6.225,0.006917199873730717,77.53387969714991,0,60,1.0,5,0.0007971693447038486
6.23,0.01004859748264829,77.55991023047092,0,60,1.0,5,0.0014096524816686858
6.235,0.013037082251128167,77.60354438392822,0,60,1.0,5,0.00243633844536997
6.24,0.01645163937690478,77.67484918417814,0,60,1.0,5,0.004114098451250423
6.245,0.020526639934696615,77.7884093308522,0,60,1.0,5,0.0067861019024047994
6.25,0.02539629541761738,77.96461536956245,0,60,1.0,5,0.01093212634264593
6.255,0.031171612185577933,78.23091721059663,0,60,1.0,5,0.017198052014038345
6.26,0.03795853426638131,78.6227928599652,0,60,1.0,5,0.02641865552859298
6.265,0.0458588961882057,79.18408665755831,0,60,1.0,5,0.03962556841313672
6.27,0.054966995891435555,79.96630039667855,0,60,1.0,5,0.058030597568907015
6.275,0.06536491004445595,81.02640747170874,0,60,1.0,5,0.08297429345197027
6.28,0.07711726085088699,82.42283947403011,0,60,1.0,5,0.11583151703600265
6.285,0.09026570629555215,84.20949296015137,0,60,1.0,5,0.15787042259179684
6.29,0.10482339848670268,86.42792724167438,0,60,1.0,5,0.21006887627469134
6.295,0.12076968927580028,89.09834551335945,0,60,1.0,5,0.2729022473731635
6.3,0.13804539501007884,92.21040668051529,0,60,1.0,5,0.3461272160121245
6.305,0.15654895051787066,95.71530488045332,0,60,1.0,5,0.4285954089518428
6.31,0.17613378141900526,99.52076142138833,0,60,1.0,5,0.518135562856196
6.315,0.19660720058055794,103.49049392863455,0,60,1.0,5,0.6115410336149306
6.32,0.21773108748496234,107.44929879905975,0,60,1.0,5,0.7046893835072882
6.325,0.23922453870058807,111.1941190293451,0,60,1.0,5,0.792802800690473
6.33,0.2607685857914563,114.51047262775617,0,60,1.0,5,0.8708346500648512
6.335,0.2820129681603682,117.1925695932531,0,60,1.0,5,0.9339428139588964
6.34,0.30258482867153996,119.06457506308963,0,60,1.0,5,0.977990001484462
6.345,0.3220990771751686,120.0,0,60,1.0,5,1.0
6.35,0.3401700499968971,119.93626626357627,0,60,1.0,5,0.9985003826723828
6.355,0.3564239911198326,118.88213103465766,0,60,1.0,5,0.9736972008154744
6.36,0.3705118017738417,116.91676286621725,0,60,1.0,5,0.9274532439109943
6.365,0.3821214567925213,114.18061934032266,0,60,1.0,5,0.8630733962428863
6.37,0.39098947374066967,110.85960266710498,0,60,1.0,5,0.7849318274612936
6.375,0.3969108472035567,107.16499075378253,0,60,1.0,5,0.6979997824419419
6.38,0.3997469255491936,103.31215997547778,0,60,1.0,5,0.6073449405994773
6.385,0.3994308076379137,99.50105733238124,0,60,1.0,5,0.5176719372324997
6.39,0.3959699661768434,95.90080270694628,0,60,1.0,5,0.43296006369285367
6.395,0.38944595408114946,92.63987384862794,0,60,1.0,5,0.35623232585006925
6.4,0.38001120995358023,89.80227211535595,0,60,1.0,5,0.2894652262436693
6.405,0.3678831374098315,87.429107562273,0,60,1.0,5,0.23362606028877655
6.41,0.35333577933796634,85.52434499291017,0,60,1.0,5,0.18880811748023937
6.415,0.33668953221163944,84.06310121889615,0,60,1.0,5,0.1544259110328506
6.42,0.3182994390982644,83.00087339718817,0,60,1.0,5,0.129432315227957
6.425,0.29854265738230645,82.28233533973716,0,60,1.0,5,0.11252553740558022
6.43,0.2778057157821067,81.84875222780497,0,60,1.0,5,0.10232358183070507
6.435,0.2564721553719815,81.64351943719842,0,60,1.0,5,0.09749457499290402
6.44,0.23491109433464996,81.61573561778272,0,60,1.0,5,0.09684083806547572
6.445,0.21346717185309805,81.7220173312601,0,60,1.0,5,0.09934158426494365
6.45,0.19245222055656455,81.92693369355118,0,60,1.0,5,0.10416314573061594
6.455,0.17213889801761392,82.20249593298601,0,60,1.0,5,0.1106469631290826
6.46,0.15275638501270183,82.52710789170109,0,60,1.0,5,0.11828489156943747
6.465,0.13448814019607322,82.88430441935833,0,60,1.0,5,0.12668951574960777
6.47,0.11747159495449566,83.26150706007847,0,60,1.0,5,0.1355648720018464
6.475,0.10179958433370105,83.64893355810317,0,60,1.0,5,0.14468078960242745
6.48,0.08752324394101413,84.03872273042094,0,60,1.0,5,0.1538522995393163
6.485,0.07465606047174059,84.42428381662813,0,60,1.0,5,0.16292432509713253
6.49,0.0631787448609295,84.79984820751459,0,60,1.0,5,0.17176113429446085
6.495,0.05304460019959574,85.16018700493531,0,60,1.0,5,0.18023969423377198
6.5,0.044185078305849994,85.50045479613394,0,60,1.0,5,0.18824599520315147
6.505,0.03651525513023255,85.81612348054294,0,60,1.0,5,0.1956734936598339
6.51,0.0299390014708757,86.10297630590426,0,60,1.0,5,0.20242297190362973
6.515,0.024353677220580638,86.35713909920837,0,60,1.0,5,0.20840327292254984
6.52,0.01965423034339045,86.5751317625649,0,60,1.0,5,0.21353251206035045
6.525,0.015736632374757337,86.75392796721998,0,60,1.0,5,0.21773948158164658
6.53,0.012500627640593535,86.89101460585793,0,60,1.0,5,0.22096504954959842
6.535,0.009851811652115898,86.98444515996042,0,60,1.0,5,0.22316341552848037
6.54,0.007703084175428559,87.0328829744056,0,60,1.0,5,0.22430312880954342
6.545,0.005975544002062424,87.03563175280645,0,60,1.0,5,0.22436780594838712
6.55,0.004598905818663047,86.99265158497569,0,60,1.0,5,0.22335650788178094
6.555,0.0035115256454839104,86.90455962174919,0,60,1.0,5,0.2212837558058632
6.56,0.002660121266303676,86.7726151996039,0,60,1.0,5,0.2181791811671507
6.565,0.0019992692560877024,86.5986898271919,0,60,1.0,5,0.21408681946333893
6.57,0.0014907520044639367,86.38522299196607,0,60,1.0,5,0.20906407039920175
6.575,0.0011028178277539807,86.13516522658897,0,60,1.0,5,0.20318035827268158
6.58,0.0008094059938923333,85.85191028364954,0,60,1.0,5,0.19651553608587163
6.585,0.0005893771793717645,85.53921859307545,0,60,1.0,5,0.1891580845429517
6.59,0.0004257792353490551,85.20113441032936,0,60,1.0,5,0.18120316259598493
6.595,0.0003051686392901525,84.84189919885794,0,60,1.0,5,0.17275056938489283
6.6,0.00021699992642659966,84.4658638252098,0,60,1.0,5,0.16390267824023047
6.605,0.00015308884054097838,84.07740208207215,0,60,1.0,5,0.15476240193110952
6.61,0.00010714989329311098,83.68082789985633,0,60,1.0,5,0.14543124470250177
6.615,7.440535854020571e-05,83.28031837196917,0,60,1.0,5,0.136007491105157
6.62,5.1260276743925106e-05,82.87984441636587,0,60,1.0,5,0.12658457450272637
6.625,3.503659887882241e-05,82.48311054260569,0,60,1.0,5,0.11724965982601615
6.63,2.375894748103639e-05,82.09350480709807,0,60,1.0,5,0.10808246604936639
6.635,1.5984413869232557e-05,81.71405963766578,0,60,1.0,5,0.09915434441566551
6.64,1.0669166579899869e-05,81.34742380962653,0,60,1.0,5,0.09052761905003609
6.645,7.06526633560511e-06,80.99584547562104,0,60,1.0,5,0.0822551876616715
6.65,4.641847214699205e-06,80.66116580464649,0,60,1.0,5,0.07438037187403498
6.655,3.025641074479182e-06,80.34482248380725,0,60,1.0,5,0.0669369996189941
6.66,1.9566278676921314e-06,80.04786208778954,0,60,1.0,5,0.05994969618328328
6.665,1.2553456560008793e-06,79.77096013143739,0,60,1.0,5,0.05343435603382097
6.67,7.990660428214668e-07,79.51444749231865,0,60,1.0,5,0.04739876452514476
6.675,5.046221251618276e-07,79.278341822098,0,60,1.0,5,0.041843336990541165
6.68,3.1616527078858815e-07,79.06238255449453,0,60,1.0,5,0.0367619424586949
6.685,1.9652884407760343e-07,78.86606815798669,0,60,1.0,5,0.03214278018792209
6.69,1.2120002189836396e-07,78.68869436592169,0,60,1.0,5,0.027969279198157438
6.695,7.415549848886236e-08,78.52939223681737,0,60,1.0,5,0.02422099380746759
6.7,4.501406988770349e-08,78.38716504432811,0,60,1.0,5,0.020874471631249742
6.705,0.0,78.26092316041584,0,60,1.0,5,0.017904074362725703
6.71,0.0,78.14951626792161,0,60,1.0,5,0.01528273571580264
6.715,0.0,78.05176241193382,0,60,1.0,5,0.012982644986678171
6.72,0.0,77.96647356610181,0,60,1.0,5,0.010975848614160268
6.725,0.0,77.89247754460511,0,60,1.0,5,0.009234765755414454
6.73,0.0,77.8286362284681,0,60,1.0,5,0.00773261714042586
6.735,0.0,77.77386019328746,0,60,1.0,5,0.0064437692538226255
6.74,0.0,77.72711992251153,0,60,1.0,5,0.005343998176741974
6.745,0.0,77.68745386566955,0,60,1.0,5,0.004410679192224787
6.75,0.0,77.65397365492345,0,60,1.0,5,0.003622909527610532
6.755,0.0,77.62586682737643,0,60,1.0,5,0.00296157240885711
6.76,0.0,77.60239741673563,0,60,1.0,5,0.0024093509820147575
6.765,0.0,77.58290477863605,0,60,1.0,5,0.0019507006737893896
6.77,0.0,77.56680100188535,0,60,1.0,5,0.0015717882796553462
6.775,0.0,77.55356723584703,0,60,1.0,5,0.0012604055493418
6.78,0.0,77.54274923483845,0,60,1.0,5,0.001005864349140077
6.785,0.0,77.5339523862881,0,60,1.0,5,0.000798879677367214
6.79,0.0,77.52683645271036,0,60,1.0,5,0.0006314459461260172
6.795,0.0,77.52111022023206,0,60,1.0,5,0.0004967110642837725
6.8,0.0,77.51652621000613,0,60,1.0,5,0.0003888520001443313
6.805,0.0,77.51287557458264,0,60,1.0,5,0.0003029546960620417
6.81,0.0,77.50998327004963,0,60,1.0,5,0.00023490047175601724
6.815,0.0,77.50770356706387,0,60,1.0,5,0.0001812604015028415
6.82,0.0,77.50591594005692,0,60,1.0,5,0.0001391985895746556
6.825,0.0,77.5045213539901,0,60,1.0,5,0.00010638479976705639
6.83,0.0,77.50343895192604,0,60,1.0,5,8.091651590689253e-05
6.835,0.0,77.50260313413699,0,60,1.0,5,6.125021498800218e-05
6.84,0.0,77.50196101013708,0,60,1.0,5,4.614141499012155e-05
6.845,0.0,77.50147019851048,0,60,1.0,5,3.459290612882422e-05
6.85,0.0,77.50109694528726,0,60,1.0,5,2.581047734726299e-05
6.855,0.0,77.50081452947285,0,60,1.0,5,1.9165399361126593e-05
6.86,0.0,77.50060192376263,0,60,1.0,5,1.4162912061893247e-05
6.865,0.0,77.50044267910418,0,60,1.0,5,1.041597892193589e-05
6.87,0.0,77.50032400327848,0,60,1.0,5,7.623606552442652e-06
6.875,0.0,77.5002360057779,0,60,1.0,5,5.553077126893079e-06
6.88,0.0,77.50017108373179,0,60,1.0,5,4.025499571432246e-06
6.885,0.0,77.50012342628081,0,60,1.0,5,2.9041477837247786e-06
6.89,0.0,77.50008861748469,0,60,1.0,5,2.0851172868841626e-06
6.895,0.0,77.50006332045746,0,60,1.0,5,1.4898931166338597e-06
6.9,0.0,77.50004502788177,0,60,1.0,5,1.0594795710136062e-06
6.905,0.0,77.50003186631457,0,60,1.0,5,7.49795636987555e-07
6.91,0.0,77.50002244372865,0,60,1.0,5,5.28087733019835e-07
6.915,0.0,77.50001573153237,0,60,1.0,5,3.701537028679441e-07
6.92,0.0,77.50001097387214,0,60,1.0,5,2.5820875614900773e-07
6.925,0.0,77.50000761836212,0,60,1.0,5,1.7925557926901092e-07
6.93,0.001684486749771458,77.50000526351877,0,60,1.0,5,1.2384750053730815e-07
6.935,0.003097557930867117,77.50000361912504,0,60,1.0,5,8.51558832651148e-08
6.94,0.005475106668887023,77.50000247653146,0,60,1.0,5,5.827132855194898e-08
6.945,0.00930222931468658,77.50000168654122,0,60,1.0,5,3.9683322938799394e-08
6.95,0.01519157517868857,77.50000114304392,0,60,1.0,5,2.6895150995187578e-08
6.955,0.023847336626128316,77.50000077097754,0,60,1.0,5,1.814064790671503e-08
6.96,0.0359830743700859,77.50000051752744,0,60,1.0,5,1.2177116225168849e-08
6.965,0.05218887796857759,77.50000034573065,0,60,1.0,5,8.134838935802691e-09
6.97,0.0727577001223134,77.50000022985567,0,60,1.0,5,5.408368759376839e-09
6.975,0.0974992498694751,77.50000015208467,0,60,1.0,5,3.5784627444252904e-09
6.98,0.12558706050443358,77.50000010014482,0,60,1.0,5,2.3563486325549412e-09
6.985,0.15549263588878245,77.50000006562728,0,60,1.0,5,1.544171201363925e-09
6.99,0.1850529723539114,77.50000004280092,0,60,1.0,5,1.0070804739156944e-09
6.995,0.21169159439317053,77.50000002778016,0,60,1.0,5,6.536508328067344e-10
7.0,0.23277292922115492,77.50000001794442,0,60,1.0,5,4.222215466143098e-10
7.005,0.24602692519491282,77.5000000115355,0,60,1.0,5,2.714236469567849e-10
7.01,0.24995056064839283,77.50000000738001,0,60,1.0,5,1.7364728217430907e-10
7.015,0.24408826520424054,77.50000000469883,0,60,1.0,5,1.1056078405732371e-10
7.02,0.22911894216865275,77.50000000297739,0,60,1.0,5,7.005617001542466e-11
7.025,0.20672661788705934,77.50000000187757,0,60,1.0,5,4.417803639251575e-11
7.03,0.17928878030241233,77.50000000117832,0,60,1.0,5,2.7725210362833048e-11
7.035,0.14946211903866036,77.50000000073595,0,60,1.0,5,1.7316511623314855e-11
7.04,0.1197651512573837,77.50000000045745,0,60,1.0,5,1.0763468547820058e-11
7.045,0.09224675744988023,77.50000000028298,0,60,1.0,5,6.658370586913353e-12
7.05,0.06829565320281596,77.50000000017421,0,60,1.0,5,4.0990792459685025e-12
7.055,0.04860224607515734,77.50000000010674,0,60,1.0,5,2.511475994491347e-12
7.06,0.03324612389699793,77.50000000006509,0,60,1.0,5,1.5314285787205924e-12
7.065,0.021859876340472782,77.50000000003949,0,60,1.0,5,9.292227118481499e-13
7.07,0.01381595518554205,77.50000000002385,0,60,1.0,5,5.610779814613874e-13
7.075,0.008394095110402422,77.50000000001434,0,60,1.0,5,3.373824095915017e-13
7.08,0.0049052535271608,77.50000000000857,0,60,1.0,5,2.0162695042980724e-13
7.085,0.0027671663551903634,77.5000000000051,0,60,1.0,5,1.2003992571194163e-13
7.09,0.0015425553464444616,77.50000000000303,0,60,1.0,5,7.122146010207122e-14
7.095,0.0009638206637011801,77.50000000000178,0,60,1.0,5,4.1796631515300014e-14
7.1,0.0009804935156568228,77.50000000000105,0,60,1.0,5,2.4743605857057607e-14
7.105,0.0018793744894085216,77.50000000000061,0,60,1.0,5,1.4378041241263203e-14
7.11,0.004535525206900863,77.50000000000036,0,60,1.0,5,8.359326303060002e-15
7.115,0.010832767979632273,77.5000000000002,0,60,1.0,5,4.681222729713601e-15
7.12,0.024208003392322392,77.50000000000011,0,60,1.0,5,2.6749844169792007e-15
7.125,0.0500971897335304,77.50000000000007,0,60,1.0,5,1.6718652606120004e-15
7.13,0.09582894921774403,77.50000000000004,0,60,1.0,5,1.0031191563672002e-15
7.135,0.16937896721820658,77.50000000000001,0,60,1.0,5,3.343730521224001e-16
7.14,0.27661303008991756,77.50000000000001,0,60,1.0,5,3.343730521224001e-16
7.145,0.4173782800009149,77.5,0,60,1.0,5,0.0
7.15,0.5818720934538056,77.5,0,60,1.0,5,0.0
7.155,0.7494718801585675,77.5,0,60,1.0,5,0.0
7.16,0.891813020752378,77.5,0,60,1.0,5,0.0
7.165,0.9800361632936612,77.5,0,60,1.0,5,0.0
7.17,0.993574479225126,77.50000249606323,1,60,1.0,5,5.8730899568485364e-08
7.175,0.9263438449375362,77.5000038398575,0,60,1.0,5,9.034958820313264e-08
7.18,0.7873015962290536,77.500006033868,0,60,1.0,5,1.4197336480826967e-07
7.185,0.5959516244629897,77.50000979196264,0,60,1.0,5,2.303991209373635e-07
7.19,0.376910120078773,77.50001658325932,0,60,1.0,5,3.9019433703448587e-07
7.195,0.15739335672107918,77.50002948944842,0,60,1.0,5,6.938693746526362e-07
7.2,-0.033361226269301235,77.50005499618474,0,60,1.0,5,1.2940278763300524e-06
7.205,-0.1680180840843834,77.50010664152244,0,60,1.0,5,2.509212292606582e-06
7.21,-0.23069703190837854,77.50021223841208,0,60,1.0,5,4.993844990006919e-06
7.215,-0.22587267821131068,77.50042774487464,0,60,1.0,5,1.006458528569751e-05
7.22,-0.17718181630665902,77.50086306382961,0,60,1.0,5,2.0307384226177473e-05
7.225,-0.11494332516451301,77.50172846110615,0,60,1.0,5,4.0669673085978825e-05
7.23,-0.061810214049552864,77.5034152292072,0,60,1.0,6,8.035833428721162e-05
7.235,-0.026546104631500547,77.5066308676186,0,60,1.0,6,0.00015602041455522073
7.24,-0.00719600351942686,77.51261714788687,0,60,1.0,6,0.0002968740679263834
7.245,0.0022072757983807078,77.5234879390857,0,60,1.0,6,0.000552657390251705
7.25,0.006917199873730717,77.5427303078502,0,60,1.0,6,0.00100541900824015
7.255,0.01004859748264829,77.57591328443115,0,60,1.0,6,0.001786194927791819
7.26,0.013037082251128167,77.63163821024733,0,60,1.0,6,0.0030973696528783824
7.265,0.01645163937690478,77.7227359889992,0,60,1.0,6,0.005240846799981281
7.27,0.020526639934696615,77.86766338596527,0,60,1.0,6,0.008650903199182882
7.275,0.02539629541761738,78.09196918540792,0,60,1.0,6,0.013928686715480447
7.28,0.031171612185577933,78.42959438652437,0,60,1.0,6,0.021872809094691092
7.285,0.03795853426638131,78.9236517302522,0,60,1.0,6,0.03349768777064007
7.29,0.0458588961882057,79.62622444184039,0,60,1.0,6,0.05002881039624453
7.295,0.054966995891435555,80.5966700411891,0,60,1.0,6,0.07286282449856706
7.3,0.06536491004445595,81.89795705296187,0,60,1.0,6,0.10348134242263227
7.305,0.07711726085088699,83.590740736457,0,60,1.0,6,0.14331154674016455
7.31,0.09026570629555215,85.72521884287897,0,60,1.0,6,0.19353456100891703
7.315,0.10482339848670268,88.3312835786459,0,60,1.0,6,0.25485373126225636
7.32,0.12076968927580028,91.40803681418913,0,60,1.0,6,0.32724792503974426
7.325,0.13804539501007884,94.91424919828907,0,60,1.0,6,0.4097470399597428
7.33,0.15654895051787066,98.7616754538298,0,60,1.0,6,0.5002747165607011
7.335,0.17613378141900526,102.81314459839467,0,60,1.0,6,0.5956034023151687
7.34,0.19660720058055794,106.88692793605124,0,60,1.0,6,0.6914571279070879
7.345,0.21773108748496234,110.76804090701927,0,60,1.0,6,0.7827774331063357
7.35,0.23922453870058807,114.22596317855158,0,60,1.0,6,0.8641403100835666
7.355,0.2607685857914563,117.0369802382121,0,60,1.0,6,0.9302818879579317
7.36,0.2820129681603682,119.00824368351186,0,60,1.0,6,0.9766645572591027
7.365,0.30258482867153996,120.0,0,60,1.0,6,1.0
7.37,0.3220990771751686,119.94245116636986,0,60,1.0,6,0.998645909796938
7.375,0.3401700499968971,118.84443995887491,0,60,1.0,6,0.9728103519735274
7.38,0.3564239911198326,116.79247804582917,0,60,1.0,6,0.9245288951959805
7.385,0.3705118017738417,113.94028233815197,0,60,1.0,6,0.857418407956517
7.39,0.3821214567925213,110.4905961503334,0,60,1.0,6,0.7762493211843153
7.395,0.39098947374066967,106.67229771772733,0,60,1.0,6,0.686407005122996
7.4,0.3969108472035567,102.71639188641603,0,60,1.0,6,0.5933268679156714
7.405,0.3997469255491936,98.83435529010902,0,60,1.0,6,0.5019848303555062
7.41,0.3994308076379137,95.20154861737079,0,60,1.0,6,0.4165070262910774
7.415,0.3959699661768434,91.94724589020063,0,60,1.0,6,0.3399351974164855
7.42,0.38944595408114946,89.1515501373611,0,60,1.0,6,0.2741541208790847
7.425,0.38001120995358023,86.84834318674413,0,60,1.0,6,0.21996101615868544
7.43,0.3678831374098315,85.03265064487029,0,60,1.0,6,0.17723883870283028
7.435,0.35333577933796634,83.67047424017679,0,60,1.0,6,0.1451876291806303
7.44,0.33668953221163944,82.70922389874646,0,60,1.0,6,0.12256997408815196
7.445,0.3182994390982644,82.08726133343396,0,60,1.0,6,0.10793556078668136
7.45,0.29854265738230645,81.74159879534122,0,60,1.0,6,0.09980232459626397
7.455,0.2778057157821067,81.61334027722147,0,60,1.0,6,0.09678447711109336
7.46,0.2564721553719815,81.6509036668351,0,60,1.0,6,0.09766832157259073
7.465,0.23491109433464996,81.81136644357802,0,60,1.0,6,0.10144391631948291
7.47,0.21346717185309805,82.06042651697676,0,60,1.0,6,0.10730415334062968
7.475,0.19245222055656455,82.37148928088116,0,60,1.0,6,0.11462327719720386
7.48,0.17213889801761392,82.72432417484066,0,60,1.0,6,0.12292527470213319
7.485,0.15275638501270183,83.10362302191093,0,60,1.0,6,0.13184995345672787
7.49,0.13448814019607322,83.49767392349987,0,60,1.0,6,0.14112173937646763
7.495,0.11747159495449566,83.89726171789964,0,60,1.0,6,0.15052380512705033
7.5,0.10179958433370105,84.29482974674242,0,60,1.0,6,0.15987834698217465
7.505,0.08752324394101413,84.68388923933297,0,60,1.0,6,0.16903268798430518
7.51,0.07465606047174059,85.05863764443257,0,60,1.0,6,0.17785029751606035
7.515,0.0631787448609295,85.41373904216793,0,60,1.0,6,0.18620562452159842
7.52,0.05304460019959574,85.74422176195922,0,60,1.0,6,0.19398168851668762
7.525,0.044185078305849994,86.0454552613927,0,60,1.0,6,0.20106953556218127
7.53,0.03651525513023255,86.31317664893982,0,60,1.0,6,0.20736886232799567
7.535,0.0299390014708757,86.54354497329876,0,60,1.0,6,0.2127892934893827
7.54,0.024353677220580638,86.73320770957436,0,60,1.0,6,0.21725194610763196
7.545,0.01965423034339045,86.87936861096367,0,60,1.0,6,0.22069102614032157
7.55,0.015736632374757337,86.97984948291244,0,60,1.0,6,0.223055281950881
7.555,0.012500627640593535,87.03314081261668,0,60,1.0,6,0.2243091955909807
7.56,0.009851811652115898,87.03843787511315,0,60,1.0,6,0.22443383235560344
7.565,0.007703084175428559,86.99566019345913,0,60,1.0,6,0.2234272986696266
7.57,0.005975544002062424,86.90545322943116,0,60,1.0,6,0.22130478186896846
7.575,0.004598905818663047,86.76917202771214,0,60,1.0,6,0.2180981653579328
7.58,0.0035115256454839104,86.58884728386485,0,60,1.0,6,0.21385523020858474
7.585,0.002660121266303676,86.36713497361453,0,60,1.0,6,0.2086384699674006
7.59,0.0019992692560877024,86.10725126733229,0,60,1.0,6,0.20252355923134793
7.595,0.0014907520044639367,85.81289494876535,0,60,1.0,6,0.19559752820624346
7.6,0.0011028178277539807,85.48815994788507,0,60,1.0,6,0.1879567046561192
7.605,0.0008094059938923333,85.13744087266727,0,60,1.0,6,0.17970449112158282
7.61,0.0005893771793717645,84.76533457621503,0,60,1.0,6,0.17094904885211823
7.615,0.0004257792353490551,84.37654082180066,0,60,1.0,6,0.1618009605129567
7.62,0.0003051686392901525,83.97576501288177,0,60,1.0,6,0.15237094147957095
7.625,0.00021699992642659966,83.5676257473155,0,60,1.0,6,0.14276766464271773
7.63,0.00015308884054097838,83.1565696492459,0,60,1.0,6,0.1330957564528446
7.635,0.00010714989329311098,82.74679554691296,0,60,1.0,6,0.12345401286854031
7.64,7.440535854020571e-05,82.34218962124325,0,60,1.0,6,0.11393387344101764
7.645,5.1260276743925106e-05,81.94627267143458,0,60,1.0,6,0.10461818050434317
7.65,3.503659887882241e-05,81.5621601530088,0,60,1.0,6,0.0955802388943248
7.655,2.375894748103639e-05,81.19253516317026,0,60,1.0,6,0.08688318030988854
7.66,1.5984413869232557e-05,80.83963409787519,0,60,1.0,6,0.07857962583235743
7.665,1.0669166579899869e-05,80.5052443018934,0,60,1.0,6,0.07071163063278585
7.67,7.06526633560511e-06,80.19071269077197,0,60,1.0,6,0.06331088684169352
7.675,4.641847214699205e-06,79.89696405136633,0,60,1.0,6,0.056399154149795884
7.68,3.025641074479182e-06,79.6245275306656,0,60,1.0,6,0.04998888307448477
7.685,1.9566278676921314e-06,79.37356970210506,0,60,1.0,6,0.044083992990707255
7.69,1.2553456560008793e-06,79.14393255178399,0,60,1.0,6,0.03868076592432919
7.695,7.990660428214668e-07,78.93517474813203,0,60,1.0,6,0.03376881760310653
7.7,5.046221251618276e-07,78.74661463915068,0,60,1.0,6,0.029332109156486548
7.705,3.1616527078858815e-07,78.57737355111618,0,60,1.0,6,0.02534996590861604
7.71,1.9652884407760343e-07,78.42641813017309,0,60,1.0,6,0.021798073651131532
7.715,1.2120002189836396e-07,78.29260066180315,0,60,1.0,6,0.01864942733654469
7.72,7.415549848886236e-08,78.17469651121884,0,60,1.0,6,0.0158752120286786
7.725,4.501406988770349e-08,78.07143803963184,0,60,1.0,6,0.013445600932513959
7.73,0.0,77.98154455767332,0,60,1.0,6,0.011330460180548632
7.735,0.0,77.9037480701592,0,60,1.0,6,0.009499954591981082
7.74,0.0,77.83681473981095,0,60,1.0,6,0.00792505270143405
7.745,0.0,77.7795621471775,0,60,1.0,6,0.006577932874764723
7.75,0.0,77.730872547324,0,60,1.0,6,0.005432295231152881
7.755,0.0,77.68970241993146,0,60,1.0,6,0.0044635863513285716
7.76,0.0,77.65508867876439,0,60,1.0,6,0.0036491453826914388
7.765,0.0,77.62615195063168,0,60,1.0,6,0.002968281191333651
7.77,0.0,77.60209735548692,0,60,1.0,6,0.0024022907173392627
7.775,0.0,77.58221322128246,0,60,1.0,6,0.001934428736057846
7.78,0.0,77.56586815304183,0,60,1.0,6,0.001549838895101964
7.785,0.0,77.5525068488899,0,60,1.0,6,0.0012354552679977695
7.79,0.0,77.54164501992928,0,60,1.0,6,0.0009798828218653371
7.795,0.0,77.53286372908609,0,60,1.0,6,0.0007732642137903119
7.8,0.0,77.52580341921859,0,60,1.0,6,0.0006071392757315366
7.805,0.0,77.5201578553129,0,60,1.0,6,0.0004743024779506467
7.81,0.0,77.51566816144691,0,60,1.0,6,0.0003686626222802528
7.815,0.0,77.51211709188321,0,60,1.0,6,0.0002851080443108725
7.82,0.0,77.50932363821491,0,60,1.0,6,0.0002193797227037334
7.825,0.0,77.50713804159365,0,60,1.0,6,0.00016795391985056086
7.83,0.0,77.50543725103012,0,60,1.0,6,0.00012793531835567966
7.835,0.0,77.5041208456039,0,60,1.0,6,9.69610730327772e-05
7.84,0.0,77.5031074199587,0,60,1.0,6,7.311576373400813e-05
7.845,0.0,77.50233141833475,0,60,1.0,6,5.485690199407145e-05
7.85,0.0,77.50174039213948,0,60,1.0,6,4.095040328192066e-05
7.855,0.0,77.501292649158,0,60,1.0,6,3.0415274305957664e-05
7.86,0.0,77.50095525841263,0,60,1.0,6,2.2476668532496712e-05
7.865,0.0,77.50070237286243,0,60,1.0,6,1.6526420292580843e-05
7.87,0.0,77.50051383209139,0,60,1.0,6,1.2090166856135992e-05
7.875,0.0,77.50037400841595,0,60,1.0,6,8.800198022259686e-06
7.88,0.0,77.50027086205799,0,60,1.0,6,6.37322489383758e-06
7.885,0.0,77.50019517384675,0,60,1.0,6,4.5923258058417775e-06
7.89,0.0,77.50013992706306,0,60,1.0,6,3.292401483764372e-06
7.895,0.0,77.50009981331155,0,60,1.0,6,2.348548507063028e-06
7.9,0.0,77.5000708405394,0,60,1.0,6,1.6668362210272307e-06
7.905,0.0,77.50005002440169,0,60,1.0,6,1.177044745592117e-06
7.91,0.0,77.50003514702703,0,60,1.0,6,8.269888714012803e-07
7.915,0.0,77.50002456981785,0,60,1.0,6,5.781133612505501e-07
7.92,0.0,77.50001708920767,0,60,1.0,6,4.0209900409054705e-07
7.925,0.0,77.50001182629116,0,60,1.0,6,2.782656742831879e-07
7.93,0.001684486749771458,77.50000814295163,0,60,1.0,6,1.9159886184805894e-07
7.935,0.003097557930867117,77.50000557855593,0,60,1.0,6,1.312601394896346e-07
7.94,0.005475106668887023,77.5000038024926,0,60,1.0,6,8.947041411535312e-08
7.945,0.00930222931468658,77.50000257882347,0,60,1.0,6,6.067819928081436e-08
7.95,0.01519157517868857,77.5000017401292,0,60,1.0,6,4.0944216634135744e-08
7.955,0.023847336626128316,77.50000116828292,0,60,1.0,6,2.748900990755989e-08
7.96,0.0359830743700859,77.50000078040709,0,60,1.0,6,1.836251980795864e-08
7.965,0.05218887796857759,77.50000051868184,0,60,1.0,6,1.220427868568496e-08
7.97,0.0727577001223134,77.50000034299478,0,60,1.0,6,8.070465435808086e-09
7.975,0.0974992498694751,77.50000022567355,0,60,1.0,6,5.3099657794946855e-09
7.98,0.12558706050443358,77.50000014773399,0,60,1.0,6,3.4760937657719136e-09
7.985,0.15549263588878245,77.50000009622477,0,60,1.0,6,2.2641121605000295e-09
7.99,0.1850529723539114,77.5000000623591,0,60,1.0,6,1.4672730899559718e-09
7.995,0.21169159439317053,77.50000004020866,0,60,1.0,6,9.460861479858388e-10
8.0,0.23277292922115492,77.50000002579563,0,60,1.0,6,6.069559704508933e-10
8.005,0.24602692519491282,77.50000001646566,0,60,1.0,6,3.874273555565571e-10
8.01,0.24995056064839283,77.50000001045728,0,60,1.0,6,2.460537603731021e-10
8.015,0.24408826520424054,77.50000000660792,0,60,1.0,6,1.5548045987944693e-10
8.02,0.22911894216865275,77.50000000415449,0,60,1.0,6,9.775262429577518e-11
8.025,0.20672661788705934,77.50000000259882,0,60,1.0,6,6.114880627993604e-11
8.03,0.17928878030241233,77.5000000016175,0,60,1.0,6,3.80586751656237e-11
8.035,0.14946211903866036,77.50000000100165,0,60,1.0,6,2.356828457884737e-11
8.04,0.1197651512573837,77.50000000061716,0,60,1.0,6,1.4521487280623714e-11
8.045,0.09224675744988023,77.50000000037834,0,60,1.0,6,8.902013766654657e-12
8.05,0.06829565320281596,77.50000000023077,0,60,1.0,6,5.4298839934156554e-12
8.055,0.04860224607515734,77.50000000014005,0,60,1.0,6,3.2952464286662528e-12
8.06,0.03324612389699793,77.50000000008457,0,60,1.0,6,1.989854033180403e-12
8.065,0.021859876340472782,77.5000000000508,0,60,1.0,6,1.1953836613375804e-12
8.07,0.01381595518554205,77.50000000003037,0,60,1.0,6,7.14555212385569e-13
8.075,0.008394095110402422,77.50000000001806,0,60,1.0,6,4.249881492475705e-13
8.08,0.0049052535271608,77.50000000001069,0,60,1.0,6,2.514485351960449e-13
8.085,0.0027671663551903634,77.5000000000063,0,60,1.0,6,1.4812726209022324e-13
8.09,0.0015425553464444616,77.50000000000368,0,60,1.0,6,8.660262049970162e-14
8.095,0.0009638206637011801,77.50000000000215,0,60,1.0,6,5.049033087048241e-14
8.1,0.0009804935156568228,77.50000000000125,0,60,1.0,6,2.942482858677121e-14
8.105,0.0018793744894085216,77.50000000000072,0,60,1.0,6,1.7053025658242404e-14
8.11,0.004535525206900863,77.50000000000041,0,60,1.0,6,9.696818511549603e-15
8.115,0.010832767979632273,77.50000000000024,0,60,1.0,6,5.684341886080802e-15
8.12,0.024208003392322392,77.50000000000013,0,60,1.0,6,3.0093574691016007e-15
8.125,0.0500971897335304,77.50000000000007,0,60,1.0,6,1.6718652606120004e-15
8.13,0.09582894921774403,77.50000000000004,0,60,1.0,6,1.0031191563672002e-15
8.135,0.16937896721820658,77.50000000000003,0,60,1.0,6,6.687461042448002e-16
8.14,0.27661303008991756,77.50000000000001,0,60,1.0,6,3.343730521224001e-16
8.145,0.4173782800009149,77.5,0,60,1.0,6,0.0
8.15,0.5818720934538056,77.5,0,60,1.0,6,0.0
8.155,0.7494718801585675,77.5,0,60,1.0,6,0.0
8.16,0.891813020752378,77.5,0,60,1.0,6,0.0
8.165,0.9800361632936612,77.5,0,60,1.0,6,0.0
8.17,0.993574479225126,77.50000249233909,1,60,1.0,6,5.864327276332701e-08
8.175,0.9263438449375362,77.50000393417172,0,60,1.0,6,9.256874624738617e-08
8.18,0.7873015962290536,77.5000063640856,0,60,1.0,6,1.4974319075169179e-07
8.185,0.5959516244629897,77.50001068889715,0,60,1.0,6,2.5150346232294397e-07
8.19,0.376910120078773,77.500018862235,0,60,1.0,6,4.438172940059731e-07
8.195,0.15739335672107918,77.50003517035837,0,60,1.0,6,8.275378440751357e-07
8.2,-0.033361226269301235,77.5000690217564,0,60,1.0,6,1.6240413271241457e-06
8.205,-0.1680180840843834,77.50014082332336,0,60,1.0,6,3.3134899614892407e-06
8.21,-0.23069703190837854,77.50029396273561,0,60,1.0,6,6.916770249678366e-06
8.215,-0.22587267821131068,77.5006184111326,0,60,1.0,6,1.4550850178974382e-05
8.22,-0.17718181630665902,77.50129555570794,0,60,1.0,6,3.0483663716254607e-05
8.225,-0.11494332516451301,77.50268018361174,0,60,1.0,6,6.30631438057475e-05
8.23,-0.061810214049552864,77.50544456390197,0,60,1.0,6,0.0001281073859288159
8.235,-0.026546104631500547,77.51082130963708,0,60,1.0,6,0.00025461905028424447
8.24,-0.00719600351942686,77.52099502457159,0,60,1.0,6,0.0004940005781550634
8.245,0.0022072757983807078,77.53970458895728,0,60,1.0,6,0.0009342256225241887
8.25,0.006917199873730717,77.57312250061958,0,60,1.0,6,0.0017205294263429576
8.255,0.01004859748264829,77.63106598202572,0,60,1.0,6,0.0030839054594286393
8.26,0.013037082251128167,77.72855510062294,0,60,1.0,6,0.005377767073480968
8.265,0.01645163937690478,77.88765436303515,0,60,1.0,6,0.009121279130238904
8.27,0.020526639934696615,78.13940920963522,0,60,1.0,6,0.015044922579652193
8.275,0.02539629541761738,78.52552201584362,0,60,1.0,6,0.02412992978455577
8.28,0.031171612185577933,79.09922671308908,0,60,1.0,6,0.03762886383739014
8.285,0.03795853426638131,79.9246635323784,0,60,1.0,6,0.05705090664419773
8.29,0.0458588961882057,81.07399391584457,0,60,1.0,6,0.08409397449046042
8.295,0.054966995891435555,82.6216083176575,0,60,1.0,6,0.12050843100370598
8.3,0.06536491004445595,84.63513056756528,0,60,1.0,6,0.16788542511918314
8.305,0.07711726085088699,87.16353032455919,0,60,1.0,6,0.22737718410727506
8.31,0.09026570629555215,90.22346244534107,0,60,1.0,6,0.29937558694920163
8.315,0.10482339848670268,93.78580951149479,0,60,1.0,6,0.3831955179175245
8.32,0.12076968927580028,97.76508286953606,0,60,1.0,6,0.4768254792832014
8.325,0.13804539501007884,102.01457924490444,0,60,1.0,6,0.5768136292918692
8.33,0.15654895051787066,106.32978301415727,0,60,1.0,6,0.6783478356272299
8.335,0.17613378141900526,110.46137267563913,0,60,1.0,6,0.7755617100150383
8.34,0.19660720058055794,114.13745816212113,0,60,1.0,6,0.8620578391087326
8.345,0.21773108748496234,117.09267748946532,0,60,1.0,6,0.9315924115168309
8.35,0.23922453870058807,119.09999799759018,0,60,1.0,6,0.9788234822962395
8.355,0.2607685857914563,120.0,0,60,1.0,6,1.0
8.36,0.2820129681603682,119.72243372512452,0,60,1.0,6,0.9934690288264593
8.365,0.30258482867153996,118.29603160172158,0,60,1.0,6,0.9599066259228607
8.37,0.3220990771751686,115.84470275181431,0,60,1.0,6,0.9022283000426896
8.375,0.3401700499968971,112.57083642722209,0,60,1.0,6,0.8251961512287551
8.38,0.3564239911198326,108.72886356162313,0,60,1.0,6,0.7347967896852501
8.385,0.3705118017738417,104.59389055380377,0,60,1.0,6,0.6375033071483241
8.39,0.3821214567925213,100.43076744786238,0,60,1.0,6,0.5395474693614678
8.395,0.39098947374066967,96.46833802487183,0,60,1.0,6,0.4463138358793371
8.4,0.3969108472035567,92.88209965938944,0,60,1.0,6,0.3619317566915162
8.405,0.3997469255491936,89.78653510091544,0,60,1.0,6,0.2890949435509516
8.41,0.3994308076379137,87.23647516247385,0,60,1.0,6,0.22909353323467888
8.415,0.3959699661768434,85.23542274613382,0,60,1.0,6,0.1820099469678546
8.42,0.38944595408114946,83.7480359009732,0,60,1.0,6,0.14701260943466368
8.425,0.38001120995358023,82.71393906157272,0,60,1.0,6,0.12268091909582862
8.43,0.3678831374098315,82.0605463396646,0,60,1.0,6,0.10730697269799053
8.435,0.35333577933796634,81.71339014822254,0,60,1.0,7,0.09913859172288339
8.44,0.33668953221163944,81.60330224871552,0,60,1.0,7,0.09654828820507111
8.445,0.3182994390982644,81.67050408627944,0,60,1.0,7,0.09812950791245732
8.45,0.29854265738230645,81.86613091207013,0,60,1.0,7,0.10273249204870902
8.455,0.2778057157821067,82.1519274595226,0,60,1.0,7,0.10945711669464933
8.46,0.2564721553719815,82.49885971724305,0,60,1.0,7,0.11762022864101294
8.465,0.23491109433464996,82.88526295110748,0,60,1.0,7,0.126712069437823
8.47,0.21346717185309805,83.29496538915102,0,60,1.0,7,0.13635212680355333
8.475,0.19245222055656455,83.7156469530013,0,60,1.0,7,0.146250516541207
8.48,0.17213889801761392,84.13754643739647,0,60,1.0,7,0.15617756323285803
8.485,0.15275638501270183,84.5525306173559,0,60,1.0,7,0.16594189687896232
8.49,0.13448814019607322,84.95348219733201,0,60,1.0,7,0.1753760517019296
8.495,0.11747159495449566,85.33394014028497,0,60,1.0,7,0.18432800330082272
8.5,0.10179958433370105,85.68792381231977,0,60,1.0,7,0.19265703087811215
8.505,0.08752324394101413,86.00988131489132,0,60,1.0,7,0.2002325015268545
8.51,0.07465606047174059,86.29471515826697,0,60,1.0,7,0.20693447431216394
8.515,0.0631787448609295,86.53785088067508,0,60,1.0,7,0.21265531483941366
8.52,0.05304460019959574,86.73532447507341,0,60,1.0,7,0.21730175235466853
8.525,0.044185078305849994,86.88387214505582,0,60,1.0,7,0.2207969916483722
8.53,0.03651525513023255,86.98101130529216,0,60,1.0,7,0.22308261894805073
8.535,0.0299390014708757,87.02510545252406,0,60,1.0,7,0.22412012829468375
8.54,0.024353677220580638,87.01540812527156,0,60,1.0,7,0.22389195588874267
8.545,0.01965423034339045,86.95208308020867,0,60,1.0,7,0.22240195482843922
8.55,0.015736632374757337,86.8361993292412,0,60,1.0,7,0.219675278335087
8.555,0.012500627640593535,86.66970096816668,0,60,1.0,7,0.215757669839216
8.56,0.009851811652115898,86.4553528615175,0,60,1.0,7,0.21071418497688227
8.565,0.007703084175428559,86.19666424964625,0,60,1.0,7,0.20462739410932346
8.57,0.005975544002062424,85.8977932043951,0,60,1.0,7,0.19759513422106117
8.575,0.004598905818663047,85.5634355576622,0,60,1.0,7,0.18972789547440477
8.58,0.0035115256454839104,85.19870244066831,0,60,1.0,7,0.1811459397804309
8.585,0.002660121266303676,84.80899088419606,0,60,1.0,7,0.1719762560987309
8.59,0.0019992692560877024,84.39985203416522,0,60,1.0,7,0.16234945962741695
8.595,0.0014907520044639367,83.97686143592856,0,60,1.0,7,0.15239673966890718
8.6,0.0011028178277539807,83.54549554860398,0,60,1.0,7,0.14224695408479954
8.605,0.0008094059938923333,83.11101819122497,0,60,1.0,7,0.13202395744058756
8.61,0.0005893771793717645,82.67838002700184,0,60,1.0,7,0.12184423592945497
8.615,0.0004257792353490551,82.25213349766712,0,60,1.0,7,0.11181490582746158
8.62,0.0003051686392901525,81.83636486694634,0,60,1.0,7,0.10203211451638447
8.625,0.00021699992642659966,81.43464426137449,0,60,1.0,7,0.09257986497351733
8.63,0.00015308884054097838,81.04999384673864,0,60,1.0,7,0.08352926698208575
8.635,0.00010714989329311098,80.68487358404445,0,60,1.0,7,0.07493820197751655
8.64,7.440535854020571e-05,80.34118339892207,0,60,1.0,7,0.06685137409228399
8.645,5.1260276743925106e-05,80.02028009462396,0,60,1.0,7,0.05930070810879897
8.65,3.503659887882241e-05,79.72300695535046,0,60,1.0,7,0.05230604600824603
8.655,2.375894748103639e-05,79.4497337299169,0,60,1.0,7,0.045876087762750595
8.66,1.5984413869232557e-05,79.20040455471387,0,60,1.0,7,0.040009518934444
8.665,1.0669166579899869e-05,78.97459136193396,0,60,1.0,7,0.0346962673396226
8.67,7.06526633560511e-06,78.77155041118107,0,60,1.0,7,0.02991883320426041
8.675,4.641847214699205e-06,78.59027976286526,0,60,1.0,7,0.025653641479182705
8.68,3.025641074479182e-06,78.42957576068818,0,60,1.0,7,0.0218723708397219
8.685,1.9566278676921314e-06,78.28808688740368,0,60,1.0,7,0.018543220880086572
8.69,1.2553456560008793e-06,78.16436368248169,0,60,1.0,7,0.015632086646628053
8.695,7.990660428214668e-07,78.05690374325727,0,60,1.0,7,0.013103617488406251
8.7,5.046221251618276e-07,77.9641911558218,0,60,1.0,7,0.010922144842865744
8.705,3.1616527078858815e-07,77.88473000441364,0,60,1.0,7,0.009052470692085656
8.71,1.9652884407760343e-07,77.8170718777431,0,60,1.0,7,0.007460514770425962
8.715,1.2120002189836396e-07,77.75983752025475,0,60,1.0,7,0.0061138240059940875
8.72,7.415549848886236e-08,77.71173296173248,0,60,1.0,7,0.004981952040764233
8.725,4.501406988770349e-08,77.67156059876946,0,60,1.0,7,0.004036719971046121
8.73,0.0,77.63822579784403,0,60,1.0,7,0.003252371713977161
8.735,0.0,77.61073964544266,0,60,1.0,7,0.0026056387162979636
8.74,0.0,77.5882184906858,0,60,1.0,7,0.002075729192607161
8.745,0.0,77.56988091599175,0,60,1.0,7,0.0016442568468646105
8.75,0.0,77.55504273763573,0,60,1.0,7,0.0012951232384877773
8.755,0.0,77.54311058680572,0,60,1.0,7,0.0010143667483699867
8.76,0.0,77.53357455876296,0,60,1.0,7,0.0007899896179521072
8.765,0.0,77.52600034823041,0,60,1.0,7,0.0006117728995390922
8.77,0.0,77.52002121764062,0,60,1.0,7,0.00047108747389690026
8.775,0.0,77.51533007501172,0,60,1.0,7,0.00036070764733454674
8.78,0.0,77.51167187275792,0,60,1.0,7,0.0002746323001862466
8.785,0.0,77.50883647961976,0,60,1.0,7,0.00020791716752375364
8.79,0.0,77.50665212631242,0,60,1.0,7,0.00015652061911570106
8.795,0.0,77.50497948198337,0,60,1.0,7,0.00011716428196163018
8.8,0.0,77.50370638316724,0,60,1.0,7,8.720901569979426e-05
8.805,0.0,77.50274320924372,0,60,1.0,7,6.454609985218989e-05
8.81,0.0,77.50201887777688,0,60,1.0,7,4.7503006514743364e-05
8.815,0.0,77.50147741869665,0,60,1.0,7,3.476279286239921e-05
8.82,0.0,77.50107507713466,0,60,1.0,7,2.529593258018662e-05
8.825,0.0,77.50077788989661,0,60,1.0,7,1.830329168496171e-05
8.83,0.0,77.50055967912361,0,60,1.0,7,1.3168920555565766e-05
8.835,0.0,77.50040040782481,0,60,1.0,7,9.421360583834992e-06
8.84,0.0,77.5002848449179,0,60,1.0,7,6.70223336234866e-06
8.845,0.0,77.5002014915631,0,60,1.0,7,4.740977955380539e-06
8.85,0.0,77.50014172541191,0,60,1.0,7,3.334715574296484e-06
8.855,0.0,77.50009912451172,0,60,1.0,7,2.3323414522484895e-06
8.86,0.0,77.50006893771202,0,60,1.0,7,1.6220638121253347e-06
8.865,0.0,77.50004767329185,0,60,1.0,7,1.121724514017414e-06
8.87,0.0,77.50003278203336,0,60,1.0,7,7.713419613671302e-07
8.875,0.001684486749771458,77.50002241501873,0,60,1.0,7,5.274122054957201e-07
8.88,0.003097557930867117,77.50001523999399,0,60,1.0,7,3.5858809376483857e-07
8.885,0.005475106668887023,77.5000103032196,0,60,1.0,7,2.4242869639077554e-07
8.89,0.00930222931468658,77.50000692633651,0,60,1.0,7,1.6297262377787882e-07
8.895,0.01519157517868857,77.50000462995416,0,60,1.0,7,1.0894009793606956e-07
8.9,0.023847336626128316,77.50000307745893,0,60,1.0,7,7.241079829862642e-08
8.905,0.0359830743700859,77.500002033997,0,60,1.0,7,4.785875309126448e-08
8.91,0.05218887796857759,77.50000133675195,0,60,1.0,7,3.145298705931055e-08
8.915,0.0727577001223134,77.50000087356216,0,60,1.0,7,2.055440371109666e-08
8.92,0.0974992498694751,77.50000056764821,0,60,1.0,7,1.3356428580129217e-08
8.925,0.12558706050443358,77.50000036678132,0,60,1.0,7,8.63014874726907e-09
8.93,0.15549263588878245,77.50000023565552,0,60,1.0,7,5.5448357643934505e-09
8.935,0.1850529723539114,77.50000015055338,0,60,1.0,7,3.5424323761938413e-09
8.94,0.21169159439317053,77.50000009564138,0,60,1.0,7,2.2503854779643005e-09
8.945,0.23277292922115492,77.50000006041483,0,60,1.0,7,1.4215255064567934e-09
8.95,0.24602692519491282,77.50000003794757,0,60,1.0,7,8.928840516626438e-10
8.955,0.24995056064839283,77.500000023701,0,60,1.0,7,5.576707200602601e-10
8.96,0.24408826520424054,77.50000001471946,0,60,1.0,7,3.463402636578608e-10
8.965,0.22911894216865275,77.50000000908992,0,60,1.0,7,2.1388038529788472e-10
8.97,0.20672661788705934,77.50000000558174,0,60,1.0,7,1.313350474126363e-10
8.975,0.17928878030241233,77.50000000340818,0,60,1.0,7,8.019235471746309e-11
8.98,0.14946211903866036,77.50000000206927,0,60,1.0,7,4.868872886564692e-11
8.985,0.1197651512573837,77.50000000124926,0,60,1.0,7,2.939440063902807e-11
8.99,0.09224675744988023,77.50000000074995,0,60,1.0,7,1.764586907965542e-11
8.995,0.06829565320281596,77.50000000044767,0,60,1.0,7,1.0533419887959848e-11
9.0,0.04860224607515734,77.50000000026571,0,60,1.0,7,6.252107328584637e-12
9.005,0.03324612389699793,77.50000000015683,0,60,1.0,7,3.6901410032228076e-12
9.01,0.021859876340472782,77.50000000009204,0,60,1.0,7,2.1657342585967854e-12
9.015,0.01381595518554205,77.50000000005372,0,60,1.0,7,1.2639301370226723e-12
9.02,0.008394095110402422,77.50000000003116,0,60,1.0,7,7.332801033044234e-13
9.025,0.0049052535271608,77.50000000001798,0,60,1.0,7,4.229819109348361e-13
9.03,0.0027671663551903634,77.50000000001032,0,60,1.0,7,2.4275483584086246e-13
9.035,0.0015425553464444616,77.50000000000588,0,60,1.0,7,1.3843044357867362e-13
9.04,0.0009638206637011801,77.50000000000334,0,60,1.0,7,7.857766724876402e-14
9.045,0.0009804935156568228,77.50000000000189,0,60,1.0,7,4.447161593227921e-14
9.05,0.0018793744894085216,77.50000000000105,0,60,1.0,7,2.4743605857057607e-14
9.055,0.004535525206900863,77.50000000000058,0,60,1.0,7,1.3709295137018404e-14
9.06,0.010832767979632273,77.50000000000033,0,60,1.0,7,7.690580198815202e-15
9.065,0.024208003392322392,77.50000000000018,0,60,1.0,7,4.3468496775912015e-15
9.07,0.0500971897335304,77.5000000000001,0,60,1.0,7,2.3406113648568006e-15
9.075,0.09582894921774403,77.50000000000006,0,60,1.0,7,1.3374922084896003e-15
9.08,0.16937896721820658,77.50000000000003,0,60,1.0,7,6.687461042448002e-16
9.085,0.27661303008991756,77.50000000000001,0,60,1.0,7,3.343730521224001e-16
9.09,0.4173782800009149,77.50000000000001,0,60,1.0,7,3.343730521224001e-16
9.095,0.5818720934538056,77.5,0,60,1.0,7,0.0
9.1,0.7494718801585675,77.5,0,60,1.0,7,0.0
9.105,0.891813020752378,77.5,0,60,1.0,7,0.0
9.11,0.9800361632936612,77.5,0,60,1.0,7,0.0
9.115,0.993574479225126,77.50000249158927,1,60,1.0,7,5.8625629903604824e-08
9.12,0.9263438449375362,77.50000379993156,0,60,1.0,7,8.941015440701877e-08
9.125,0.7873015962290536,77.50000591356006,0,60,1.0,7,1.3914258963321865e-07
9.13,0.5959516244629897,77.50000948821413,0,60,1.0,7,2.232520972377054e-07
9.135,0.376910120078773,77.50001585275675,0,60,1.0,7,3.730060410923804e-07
9.14,0.15739335672107918,77.50002775258693,0,60,1.0,7,6.530020454299708e-07
9.145,-0.033361226269301235,77.50005088320476,0,60,1.0,7,1.1972518768074865e-06
9.15,-0.1680180840843834,77.50009697753961,0,60,1.0,7,2.2818244614801885e-06
9.155,-0.23069703190837854,77.50018985514251,0,60,1.0,7,4.4671798237312244e-06
9.16,-0.22587267821131068,77.50037693597443,0,60,1.0,7,8.86908175128637e-06
9.165,-0.17718181630665902,77.5007504971461,0,60,1.0,7,1.7658756378830946e-05
9.17,-0.11494332516451301,77.50148568815435,0,60,1.0,7,3.495736833756649e-05
9.175,-0.061810214049552864,77.5029063011008,0,60,1.0,7,6.838355531278787e-05
9.18,-0.026546104631500547,77.50559469328022,0,60,1.0,7,0.0001316398418874301
9.185,-0.00719600351942686,77.51056896157553,0,60,1.0,7,0.00024868144883598953
9.19,0.0022072757983807078,77.51955777873579,0,60,1.0,7,0.00046018302907735713
9.195,0.006917199873730717,77.53540961162948,0,60,1.0,7,0.0008331673324582479
9.2,0.01004859748264829,77.56267550080591,0,60,1.0,7,0.0014747176660213936
9.205,0.013037082251128167,77.60839895060144,0,60,1.0,7,0.0025505635435633047
9.21,0.01645163937690478,77.68312739222574,0,60,1.0,7,0.004308879817076291
9.215,0.020526639934696615,77.80212156747965,0,60,1.0,7,0.007108742764226944
9.22,0.02539629541761738,77.98667804053113,0,60,1.0,7,0.011451248012497217
9.225,0.031171612185577933,78.2653960540608,0,60,1.0,7,0.018009318919077675
9.23,0.03795853426638131,78.67512045415272,0,60,1.0,7,0.0276498930388875
9.235,0.0458588961882057,79.26119444970924,0,60,1.0,7,0.04143986940492322
9.24,0.054966995891435555,80.07658695093733,0,60,1.0,7,0.060625575316172374
9.245,0.06536491004445595,81.17945433275491,0,60,1.0,7,0.08657539606482152
9.25,0.07711726085088699,82.62879178438199,0,60,1.0,7,0.12067745375016443
9.255,0.09026570629555215,84.47805091356526,0,60,1.0,7,0.16418943326035895
9.26,0.10482339848670268,86.76695055985479,0,60,1.0,7,0.2180458955259951
9.265,0.12076968927580028,89.51215426574176,0,60,1.0,7,0.28263892389980605
9.27,0.13804539501007884,92.69795756330784,0,60,1.0,7,0.35759900148959617
9.275,0.15654895051787066,96.26851367759303,0,60,1.0,7,0.44161208653160083
9.28,0.17613378141900526,100.12330495994888,0,60,1.0,7,0.5323130578811501
9.285,0.19660720058055794,104.11743307542135,0,60,1.0,7,0.6262925429510905
9.29,0.21773108748496234,108.0677995687299,0,60,1.0,7,0.7192423427936446
9.295,0.23922453870058807,111.76540786080702,0,60,1.0,7,0.806244890842518
9.3,0.2607685857914563,114.99296001198383,0,60,1.0,7,0.8821872943996194
9.305,0.2820129681603682,117.54584870617109,0,60,1.0,7,0.9422552636746138
9.31,0.30258482867153996,119.2537975193284,0,60,1.0,7,0.9824422945724329
9.315,0.3220990771751686,120.0,0,60,1.0,7,1.0
9.32,0.3401700499968971,119.73478616852705,0,60,1.0,7,0.9937596745535777
9.325,0.3564239911198326,118.48161074436288,0,60,1.0,7,0.964273193985009
9.33,0.3705118017738417,116.33437700317083,0,60,1.0,7,0.9137500471334312
9.335,0.3821214567925213,113.44653664567393,0,60,1.0,7,0.8458008622511513
9.34,0.39098947374066967,110.0137397798626,0,60,1.0,7,0.7650291712908848
9.345,0.3969108472035567,106.25277411123389,0,60,1.0,7,0.6765358614407975
9.35,0.3997469255491936,102.379945660435,0,60,1.0,7,0.5854104861278823
9.355,0.3994308076379137,98.59186644889243,0,60,1.0,7,0.4962792105621749
9.36,0.3959699661768434,95.05091722544557,0,60,1.0,7,0.4129627582457782
9.365,0.38944595408114946,91.87663925411117,0,60,1.0,7,0.33827386480261573
9.37,0.38001120995358023,89.14321850764775,0,60,1.0,7,0.2739580825328881
9.375,0.3678831374098315,86.88228150405848,0,60,1.0,7,0.22075956480137607
9.38,0.35333577933796634,85.08958077085171,0,60,1.0,7,0.1785783710788638
9.385,0.33668953221163944,83.73387384780025,0,60,1.0,7,0.1466793846541236
9.39,0.3182994390982644,82.76636774511343,0,60,1.0,7,0.12391453517913947
9.395,0.29854265738230645,82.12942061521238,0,60,1.0,7,0.10892754388735017
9.4,0.2778057157821067,81.76364371168687,0,60,1.0,7,0.10032102851027924
9.405,0.2564721553719815,81.61301314306044,0,60,1.0,7,0.09677677983671629
9.41,0.23491109433464996,81.62799466338542,0,60,1.0,7,0.09712928619730406
9.415,0.21346717185309805,81.76695761370226,0,60,1.0,7,0.10039900267534729
9.42,0.19245222055656455,81.99629623494059,0,60,1.0,7,0.10579520552801382
9.425,0.17213889801761392,82.28970640800449,0,60,1.0,7,0.11269897430598803
9.43,0.15275638501270183,82.62701710307833,0,60,1.0,7,0.12063569654301953
9.435,0.13448814019607322,82.99288504130256,0,60,1.0,7,0.12924435391300135
9.44,0.11747159495449566,83.37555924692441,0,60,1.0,7,0.13824845286880966
9.445,0.10179958433370105,83.76583043233612,0,60,1.0,7,0.14743130429026158
9.45,0.08752324394101413,84.15620940218066,0,60,1.0,7,0.15661669181601562
9.455,0.07465606047174059,84.54033150564439,0,60,1.0,7,0.16565485895633855
9.46,0.0631787448609295,84.91255790226458,0,60,1.0,7,0.1744131271121078
9.465,0.05304460019959574,85.26773383409369,0,60,1.0,7,0.182770207861028
9.47,0.044185078305849994,85.60106363445495,0,60,1.0,7,0.19061326198717518
9.475,0.03651525513023255,85.90806713082313,0,60,1.0,7,0.19783687366642652
9.48,0.0299390014708757,86.18458904516632,0,60,1.0,7,0.2043432716509722
9.485,0.024353677220580638,86.42683991565524,0,60,1.0,7,0.21004329213306439
9.49,0.01965423034339045,86.63145296320879,0,60,1.0,7,0.2148577167813832
9.495,0.015736632374757337,86.79554590696114,0,60,1.0,7,0.218718727222615
9.5,0.012500627640593535,86.91678008455858,0,60,1.0,7,0.22157129610726076
9.505,0.009851811652115898,86.9934116100258,0,60,1.0,7,0.22337439082413652
9.51,0.007703084175428559,87.0243309843258,0,60,1.0,7,0.22410190551354825
9.515,0.005975544002062424,87.00908880101858,0,60,1.0,7,0.2237432659063195
9.52,0.004598905818663047,86.94790613701386,0,60,1.0,7,0.22230367381209082
9.525,0.0035115256454839104,86.84166899981275,0,60,1.0,7,0.21980397646618244
9.53,0.002660121266303676,86.6919068819151,0,60,1.0,7,0.21628016192741417
9.535,0.0019992692560877024,86.50075607951777,0,60,1.0,7,0.21178249598865342
9.54,0.0014907520044639367,86.27090897359844,0,60,1.0,7,0.20637432879055148
9.545,0.0011028178277539807,86.00555094222749,0,60,1.0,7,0.20013061040535263
9.55,0.0008094059938923333,85.7082869635257,0,60,1.0,7,0.19313616384766338
9.555,0.0005893771793717645,85.38306026845892,0,60,1.0,7,0.1854837710225628
9.56,0.0004257792353490551,85.03406560313258,0,60,1.0,7,0.17727213183841353
9.565,0.0003051686392901525,84.66565975665422,0,60,1.0,7,0.16860375898009933
9.57,0.00021699992642659966,84.2822720027081,0,60,1.0,7,0.15958287065195523
9.575,0.00015308884054097838,83.88831699514871,0,60,1.0,7,0.15031334106232266
9.58,0.00010714989329311098,83.48811245900696,0,60,1.0,7,0.14089676374134014
9.585,7.440535854020571e-05,83.0858037409954,0,60,1.0,7,0.13143067625871535
9.59,5.1260276743925106e-05,82.68529694362411,0,60,1.0,7,0.12200698690880259
9.595,3.503659887882241e-05,82.29020198220566,0,60,1.0,7,0.11271063487542726
9.6,2.375894748103639e-05,81.90378649321408,0,60,1.0,7,0.10361850572268436
9.605,1.5984413869232557e-05,81.52894110457248,0,60,1.0,7,0.09479861422523486
9.61,1.0669166579899869e-05,81.16815617144748,0,60,1.0,7,0.08630955697523478
9.615,7.06526633560511e-06,80.82350970120721,0,60,1.0,7,0.07820022826369917
9.62,4.641847214699205e-06,80.49666585205212,0,60,1.0,7,0.07050978475416748
9.625,3.025641074479182e-06,80.18888310217035,0,60,1.0,7,0.06326783769812591
9.63,1.9566278676921314e-06,79.90103095754084,0,60,1.0,7,0.05649484605978447
9.635,1.2553456560008793e-06,79.63361390077021,0,60,1.0,7,0.05020268001812269
9.64,7.990660428214668e-07,79.38680118140502,0,60,1.0,8,0.04439532191541221
9.645,5.046221251618276e-07,79.16046100780952,0,60,1.0,8,0.03906967077198862
9.65,3.1616527078858815e-07,78.95419771716094,0,60,1.0,8,0.034216416874375
9.655,1.9652884407760343e-07,78.76739056652946,0,60,1.0,8,0.029820954506575455
9.66,1.2120002189836396e-07,78.59923289601649,0,60,1.0,8,0.02586430343568208
9.665,7.415549848886236e-08,78.44877055523571,0,60,1.0,8,0.022324013064369676
9.67,4.501406988770349e-08,78.31493864740304,0,60,1.0,8,0.019175026997718572
9.675,0.0,78.19659582148978,0,60,1.0,8,0.01639048991740658
9.68,0.0,78.09255552344018,0,60,1.0,8,0.013942482904474886
9.685,0.0,78.00161379448677,0,60,1.0,8,0.011802677517335818
9.69,0.0,77.92257337147358,0,60,1.0,8,0.009942902858201772
9.695,0.0,77.85426399556034,0,60,1.0,8,0.00833562342494929
9.7,0.0,77.79555896792559,0,60,1.0,8,0.006954328657072625
9.705,0.0,77.74538810172116,0,60,1.0,8,0.005773837687556739
9.71,0.0,77.70274730749595,0,60,1.0,8,0.004770524882257753
9.715,0.0,77.66670511470362,0,60,1.0,8,0.003922473287143943
9.72,0.0,77.63640647582612,0,60,1.0,8,0.003209564137085194
9.725,0.0,77.61107422393171,0,60,1.0,8,0.002613511151334331
9.73,0.0,77.59000856154358,0,60,1.0,8,0.0021178485069078628
9.735,0.0,77.57258495126403,0,60,1.0,8,0.0017078812062125588
9.74,0.0,77.55825075956768,0,60,1.0,8,0.001370606107474928
9.745,0.0,77.54652097741523,0,60,1.0,8,0.001094611233299461
9.75,0.0,77.53697330756953,0,60,1.0,8,0.0008699601781064731
9.755,0.0,77.52924287118194,0,60,1.0,8,0.000688067557222011
9.76,0.0,77.52301674750609,0,60,1.0,8,0.0005415705295550812
9.765,0.0,77.51802852227003,0,60,1.0,8,0.00042420052400068606
9.77,0.0,77.51405298370467,0,60,1.0,8,0.00033065844010994784
9.775,0.0,77.51090107153125,0,60,1.0,8,0.00025649580073531175
9.78,0.0,77.50841515405568,0,60,1.0,8,0.00019800362483960379
9.785,0.0,77.50646468230802,0,60,1.0,8,0.00015211017195343522
9.79,0.0,77.50494224804716,0,60,1.0,8,0.00011628818934488716
9.795,0.0,77.50376005436644,0,60,1.0,8,8.847186744560531e-05
9.8,0.0,77.50284679336629,0,60,1.0,8,6.698337332442647e-05
9.805,0.0,77.50214491457672,0,60,1.0,8,5.046857827571383e-05
9.81,0.0,77.50160826011297,0,60,1.0,8,3.7841414422914834e-05
9.815,0.0,77.50120003749603,0,60,1.0,8,2.823617637726356e-05
9.82,0.0,77.50089109821971,0,60,1.0,8,2.0967016934371393e-05
9.825,0.0,77.50065848907005,0,60,1.0,8,1.5493860471719124e-05
9.83,0.0,77.50048424350034,0,60,1.0,8,1.1393964713841556e-05
9.835,0.0,77.5003543816815,0,60,1.0,8,8.338392505974673e-06
9.84,0.0,77.5002580898728,0,60,1.0,8,6.072702889442178e-06
9.845,0.0,77.50018705223314,0,60,1.0,8,4.401229015162672e-06
9.85,0.0,77.50013491090827,0,60,1.0,8,3.1743743122928316e-06
9.855,0.0,77.5000968330184,0,60,1.0,8,2.2784239624396672e-06
9.86,0.0,77.50006916591201,0,60,1.0,8,1.627433223749155e-06
9.865,0.0,77.50004916465329,0,60,1.0,8,1.1568153715469474e-06
9.87,0.0,77.50003477811896,0,60,1.0,8,8.183086813861497e-07
9.875,0.0,77.50002448225581,0,60,1.0,8,5.760530778870281e-07
9.88,0.0,77.5000171509827,0,60,1.0,8,4.035525341136878e-07
9.885,0.0,77.50001195690616,0,60,1.0,8,2.81338968561078e-07
9.89,0.0,77.50000829546754,0,60,1.0,8,1.9518747147712395e-07
9.895,0.001684486749771458,77.5000057273688,0,60,1.0,8,1.3476161885752363e-07
9.9,0.003097557930867117,77.5000039351534,0,60,1.0,8,9.259184473782678e-08
9.905,0.005475106668887023,77.50000269066989,0,60,1.0,8,6.33098797125593e-08
9.91,0.00930222931468658,77.50000183084427,0,60,1.0,8,4.3078688684224345e-08
9.915,0.01519157517868857,77.50000123975146,0,60,1.0,8,2.917062247701431e-08
9.92,0.023847336626128316,77.50000083543003,0,60,1.0,8,1.96571771566061e-08
9.925,0.0359830743700859,77.50000056024471,0,60,1.0,8,1.3182228579299751e-08
9.93,0.05218887796857759,77.5000003738847,0,60,1.0,8,8.797287123610765e-09
9.935,0.0727577001223134,77.50000024830751,0,60,1.0,8,5.8425297645632836e-09
9.94,0.0974992498694751,77.5000001641097,0,60,1.0,8,3.861404539908536e-09
9.945,0.12558706050443358,77.50000010793714,0,60,1.0,8,2.53969741446353e-09
9.95,0.15549263588878245,77.50000007064799,0,60,1.0,8,1.662305535051821e-09
9.955,0.1850529723539114,77.50000004601726,0,60,1.0,8,1.082759126802557e-09
9.96,0.21169159439317053,77.50000002982868,0,60,1.0,8,7.018513770162827e-10
9.965,0.23277292922115492,77.50000001924154,0,60,1.0,8,4.5274211569288607e-10
9.97,0.24602692519491282,77.500000012352,0,60,1.0,8,2.906353850395295e-10
9.975,0.24995056064839283,77.50000000789092,0,60,1.0,8,1.856686621442136e-10
9.98,0.24408826520424054,77.5000000050166,0,60,1.0,8,1.180376998758327e-10
9.985,0.22911894216865275,77.50000000317384,0,60,1.0,8,7.467854308796471e-11
9.99,0.20672661788705934,77.50000000199826,0,60,1.0,8,4.701786672419129e-11
9.995,0.17928878030241233,77.50000000125202,0,60,1.0,8,2.9459269011139815e-11
10.0,0.14946211903866036,77.50000000078066,0,60,1.0,8,1.8368449245291926e-11
10.005,0.1197651512573837,77.5000000004844,0,60,1.0,8,1.1397774227696251e-11
10.01,0.09224675744988023,77.50000000029911,0,60,1.0,8,7.037884001072277e-12
10.015,0.06829565320281596,77.5000000001838,0,60,1.0,8,4.3247810561511225e-12
10.02,0.04860224607515734,77.50000000011241,0,60,1.0,8,2.6448908422881848e-12
10.025,0.03324612389699793,77.50000000006841,0,60,1.0,8,1.609671872917234e-12
10.03,0.021859876340472782,77.50000000004142,0,60,1.0,8,9.746974469367963e-13
10.035,0.01381595518554205,77.50000000002497,0,60,1.0,8,5.87493452579057e-13
10.04,0.008394095110402422,77.50000000001498,0,60,1.0,8,3.524291969370097e-13
10.045,0.0049052535271608,77.50000000000894,0,60,1.0,8,2.1032064978498967e-13
10.05,0.0027671663551903634,77.50000000000531,0,60,1.0,8,1.2505552149377764e-13
10.055,0.0015425553464444616,77.50000000000314,0,60,1.0,8,7.389644451905042e-14
10.06,0.0009638206637011801,77.50000000000185,0,60,1.0,8,4.346849677591201e-14
10.065,0.0009804935156568228,77.50000000000108,0,60,1.0,8,2.5412351961302408e-14
10.07,0.0018793744894085216,77.50000000000063,0,60,1.0,8,1.4712414293385605e-14
10.075,0.004535525206900863,77.50000000000037,0,60,1.0,8,8.693699355182403e-15
10.08,0.010832767979632273,77.50000000000021,0,60,1.0,8,5.015595781836002e-15
10.085,0.024208003392322392,77.50000000000011,0,60,1.0,8,2.6749844169792007e-15
10.09,0.0500971897335304,77.50000000000007,0,60,1.0,8,1.6718652606120004e-15
10.095,0.09582894921774403,77.50000000000004,0,60,1.0,8,1.0031191563672002e-15
10.1,0.16937896721820658,77.50000000000003,0,60,1.0,8,6.687461042448002e-16
10.105,0.27661303008991756,77.50000000000001,0,60,1.0,8,3.343730521224001e-16
10.11,0.4173782800009149,77.5,0,60,1.0,8,0.0
10.115,0.5818720934538056,77.5,0,60,1.0,8,0.0
10.12,0.7494718801585675,77.5,0,60,1.0,8,0.0
10.125,0.891813020752378,77.5,0,60,1.0,8,0.0
10.13,0.9800361632936612,77.5,0,60,1.0,8,0.0
10.135,0.993574479225126,77.5000024899223,1,60,1.0,8,5.858640694147171e-08
10.14,0.9263438449375362,77.50000376594136,0,60,1.0,8,8.86103848910459e-08
10.145,0.7873015962290536,77.50000580655897,0,60,1.0,8,1.366249170373254e-07
10.15,0.5959516244629897,77.50000921610113,0,60,1.0,8,2.1684943844240265e-07
10.155,0.376910120078773,77.50001520125163,0,60,1.0,8,3.5767650889711684e-07
10.16,0.15739335672107918,77.50002621870189,0,60,1.0,8,6.169106327166339e-07
10.165,-0.033361226269301235,77.5000472946736,0,60,1.0,8,1.1128158495707526e-06
10.17,-0.1680180840843834,77.50008865159667,0,60,1.0,8,2.085919921642819e-06
10.175,-0.23069703190837854,77.50017080335597,0,60,1.0,8,4.018902493432024e-06
10.18,-0.22587267821131068,77.50033416889595,0,60,1.0,8,7.862797551685136e-06
10.185,-0.17718181630665902,77.50065668969144,0,60,1.0,8,1.5451522151512537e-05
10.19,-0.11494332516451301,77.50128514742521,0,60,1.0,8,3.023876294605543e-05
10.195,-0.061810214049552864,77.50248910111931,0,60,1.0,8,5.8567085160214394e-05
10.2,-0.026546104631500547,77.50475076687931,0,60,1.0,8,0.00011178275010145038
10.205,-0.00719600351942686,77.50890971075603,0,60,1.0,8,0.00020964025308303996
10.21,0.0022072757983807078,77.51638746319077,0,60,1.0,8,0.0003855873691945282
10.215,0.006917199873730717,77.52952295821818,0,60,1.0,8,0.0006946578404277742
10.22,0.01004859748264829,77.55205296713095,0,60,1.0,8,0.0012247756971987655
10.225,0.013037082251128167,77.58976923193298,0,60,1.0,8,0.0021122172219523853
10.23,0.01645163937690478,77.65137158913011,0,60,1.0,8,0.0035616844501201767
10.235,0.020526639934696615,77.74950933960535,0,60,1.0,8,0.005870807990714197
10.24,0.02539629541761738,77.90195754734947,0,60,1.0,8,0.009457824643516901
10.245,0.031171612185577933,78.13280954845649,0,60,1.0,8,0.014889636434270414
10.25,0.03795853426638131,78.47348539969117,0,60,1.0,8,0.022905538816262845
10.255,0.0458588961882057,78.96326918151414,0,60,1.0,8,0.03442986309445025
10.26,0.054966995891435555,79.64901532307513,0,60,1.0,8,0.050565066425297255
10.265,0.06536491004445595,80.58363230643764,0,60,1.0,8,0.07255605426912085
10.27,0.07711726085088699,81.82299164268099,0,60,1.0,8,0.10171745041602327
10.275,0.09026570629555215,83.42104740979093,0,60,1.0,8,0.139318762583316
10.28,0.10482339848670268,85.42319949161549,0,60,1.0,8,0.18642822333212922
10.285,0.12076968927580028,87.85828024175694,0,60,1.0,8,0.24372424098251633
10.29,0.13804539501007884,90.72994635140763,0,60,1.0,8,0.31129285532723844
10.295,0.15654895051787066,94.00864020707704,0,60,1.0,8,0.38843859310769496
10.3,0.17613378141900526,97.62555096793857,0,60,1.0,8,0.47354237571620156
10.305,0.19660720058055794,101.4700561076917,0,60,1.0,8,0.5640013201809813
10.31,0.21773108748496234,105.39188588857056,0,60,1.0,8,0.656279667966366
10.315,0.23922453870058807,109.20870606171526,0,60,1.0,8,0.7460872014521238
10.32,0.2607685857914563,112.7190103692385,0,60,1.0,8,0.828682596923259
10.325,0.2820129681603682,115.71928120045192,0,60,1.0,8,0.8992772047165157
10.33,0.30258482867153996,118.02349647615935,0,60,1.0,8,0.9534940347331612
10.335,0.3220990771751686,119.48243235510543,0,60,1.0,8,0.9878219377671866
10.34,0.3401700499968971,120.0,0,60,1.0,8,1.0
10.345,0.3564239911198326,119.54414514623332,0,60,1.0,8,0.989274003440784
10.35,0.3705118017738417,118.15060626577718,0,60,1.0,8,0.9564848533124044
10.355,0.3821214567925213,115.9189340023266,0,60,1.0,8,0.9039749177018022
10.36,0.39098947374066967,113.0014023537604,0,60,1.0,8,0.835327114206127
10.365,0.3969108472035567,109.58654217728734,0,60,1.0,8,0.7549774629949962
10.37,0.3997469255491936,105.87978274020551,0,60,1.0,8,0.6677595938871885
10.375,0.3994308076379137,102.08396338043309,0,60,1.0,8,0.5784461971866609
10.38,0.3959699661768434,98.38225280045256,0,60,1.0,8,0.49134712471653086
10.385,0.38944595408114946,94.92537560220612,0,60,1.0,8,0.41000883769896745
10.39,0.38001120995358023,91.82416132737285,0,60,1.0,8,0.3370390900558317
10.395,0.3678831374098315,89.14749954500232,0,60,1.0,8,0.27405881282358396
10.4,0.35333577933796634,86.92498677093954,0,60,1.0,8,0.2217643946103421
10.405,0.33668953221163944,85.15301231421464,0,60,1.0,8,0.18007087798152083
10.41,0.3182994390982644,83.802800714477,0,60,1.0,8,0.1483011932818118
10.415,0.29854265738230645,82.82898633651617,0,60,1.0,8,0.1253879138003804
10.42,0.2778057157821067,82.17756644157681,0,60,1.0,8,0.11006038686063094
10.425,0.2564721553719815,81.79246348760998,0,60,1.0,8,0.10099914088494068
10.43,0.23491109433464996,81.6203288855974,0,60,1.0,8,0.096948914955233
10.435,0.21346717185309805,81.61356473758555,0,60,1.0,8,0.09678975853142467
10.44,0.19245222055656455,81.73178486073043,0,60,1.0,8,0.09957140848777479
10.445,0.17213889801761392,81.9420707420853,0,60,1.0,8,0.1045193115784778
10.45,0.15275638501270183,82.21841509548847,0,60,1.0,8,0.11102153165855216
10.455,0.13448814019607322,82.54071215799348,0,60,1.0,8,0.11860499195278781
10.46,0.11747159495449566,82.89358016634176,0,60,1.0,8,0.1269077686198062
10.465,0.10179958433370105,83.26521429635454,0,60,1.0,8,0.13565210109069512
10.47,0.08752324394101413,83.64638683025535,0,60,1.0,8,0.14462086659424359
10.475,0.07465606047174059,84.02964611158836,0,60,1.0,8,0.15363873203737324
10.48,0.0631787448609295,84.40872047275327,0,60,1.0,8,0.16255812877066525
10.485,0.05304460019959574,84.77810639599608,0,60,1.0,8,0.1712495622587312
10.49,0.044185078305849994,85.13280774851903,0,60,1.0,8,0.17959547643574184
10.495,0.03651525513023255,85.46819036181611,0,60,1.0,8,0.18748683204273206
10.5,0.0299390014708757,85.77991932370172,0,60,1.0,8,0.1948216311459228
10.505,0.024353677220580638,86.06395196190566,0,60,1.0,8,0.20150475204483903
10.51,0.01965423034339045,86.31656557761202,0,60,1.0,8,0.20744860182616529
10.515,0.015736632374757337,86.53440443454016,0,60,1.0,8,0.21257422198918033
10.52,0.012500627640593535,86.71453489258448,0,60,1.0,8,0.21681258570787015
10.525,0.009851811652115898,86.85450086784542,0,60,1.0,8,0.22010590277283335
10.53,0.007703084175428559,86.95237417392687,0,60,1.0,8,0.22240880409239694
10.535,0.005975544002062424,87.0067959844984,0,60,1.0,8,0.2236893172823152
10.54,0.004598905818663047,87.01700687163441,0,60,1.0,8,0.22392957345022135
10.545,0.0035115256454839104,86.98286378900848,0,60,1.0,8,0.22312620680019946
10.55,0.002660121266303676,86.90484310169278,0,60,1.0,8,0.22129042592218298
10.555,0.0019992692560877024,86.78402938747664,0,60,1.0,8,0.21844775029356792
10.56,0.0014907520044639367,86.62209028632776,0,60,1.0,8,0.21463741850182969
10.565,0.0011028178277539807,86.42123816980182,0,60,1.0,8,0.20991148634827822
10.57,0.0008094059938923333,86.18417984182693,0,60,1.0,8,0.20433364333710427
10.575,0.0005893771793717645,85.91405586012334,0,60,1.0,8,0.1979777849440786
10.58,0.0004257792353490551,85.61437137477117,0,60,1.0,8,0.19092638528873335
10.585,0.0003051686392901525,85.28892060876314,0,60,1.0,8,0.18326872020619142
10.59,0.00021699992642659966,84.94170724870098,0,60,1.0,8,0.17509899408708185
10.595,0.00015308884054097838,84.57686306932412,0,60,1.0,8,0.16651442516056753
10.6,0.00010714989329311098,84.19856708424052,0,60,1.0,8,0.15761334315860054
10.605,7.440535854020571e-05,83.81096740174658,0,60,1.0,8,0.1484933506293313
10.61,5.1260276743925106e-05,83.41810777713161,0,60,1.0,8,0.13924959475603788
10.615,3.503659887882241e-05,83.02386060247123,0,60,1.0,8,0.1299731906463819
10.62,2.375894748103639e-05,82.63186777501524,0,60,1.0,8,0.12074983000035854
10.625,1.5984413869232557e-05,82.24549055077581,0,60,1.0,8,0.11165860119472501
10.63,1.0669166579899869e-05,81.86776913642002,0,60,1.0,8,0.10277103850400053
10.635,7.06526633560511e-06,81.50139241554777,0,60,1.0,8,0.09415040977759458
10.64,4.641847214699205e-06,81.14867785950845,0,60,1.0,8,0.08585124375314007
10.645,3.025641074479182e-06,80.81156135115772,0,60,1.0,8,0.07791909061547579
10.65,1.9566278676921314e-06,80.49159636340788,0,60,1.0,8,0.07039050266842069
10.655,1.2553456560008793e-06,80.18996169166836,0,60,1.0,8,0.0632932162745496
10.66,7.990660428214668e-07,79.90747674623394,0,60,1.0,8,0.05664651167609269
10.665,5.046221251618276e-07,79.64462327056756,0,60,1.0,8,0.05046172401335445
10.67,3.1616527078858815e-07,79.40157226481837,0,60,1.0,8,0.04474287681925576
10.675,1.9652884407760343e-07,79.17821485897923,0,60,1.0,8,0.03948740844657015
10.68,1.2120002189836396e-07,78.97419589290332,0,60,1.0,8,0.034686962185960575
10.685,7.415549848886236e-08,78.78894901536232,0,60,1.0,8,0.030328212126172236
10.69,4.501406988770349e-08,78.62173220460336,0,60,1.0,8,0.0263936989318438
10.695,0.0,78.4716627308444,0,60,1.0,8,0.022862652490456478
10.7,0.0,78.33775071891439,0,60,1.0,8,0.019711781621515122
10.705,0.0,78.21893061897777,0,60,1.0,8,0.016916014564182714
10.71,0.0,78.11409004761917,0,60,1.0,8,0.014449177591039334
10.715,0.0,78.02209561389758,0,60,1.0,8,0.012284602679942977
10.72,0.0,77.94181548966863,0,60,1.0,8,0.010395658580438293
10.725,0.0,77.87213861598158,0,60,1.0,8,0.008756202728978438
10.73,0.0,77.81199055431146,0,60,1.0,8,0.0073409542190932715
10.735,0.0,77.76034609057041,0,60,1.0,8,0.006125790366362547
10.74,0.0,77.7162387801301,0,60,1.0,8,0.0050879712971787765
10.745,0.0,77.67876768333062,0,60,1.0,8,0.00420629843130869
10.75,0.0,77.64710158383804,0,60,1.0,8,0.00346121373736557
10.755,0.0,77.62048100809753,0,60,1.0,8,0.0028348472493535956
10.76,0.0,77.59821837486274,0,60,1.0,8,0.0023110205850056286
10.765,0.0,77.57969660154583,0,60,1.0,8,0.001875214154019619
10.77,0.0,77.56436648127566,0,60,1.0,8,0.0015145054417801287
10.775,0.0,77.55174312345649,0,60,1.0,8,0.0012174852577997546
10.78,0.0,77.54140172358554,0,60,1.0,8,0.0009741582020126316
10.785,0.0,77.53297289723739,0,60,1.0,8,0.0007758328761737817
10.79,0.0,77.52613778034294,0,60,1.0,8,0.0006150065963043637
10.795,0.0,77.52062306478282,0,60,1.0,8,0.0004852485831252927
10.8,0.0,77.51619610618371,0,60,1.0,8,0.0003810848513814883
10.805,0.0,77.51266021065541,0,60,1.0,8,0.0002978873095390982
10.81,0.0,77.50985017975476,0,60,1.0,8,0.00023176893540621408
10.815,0.0,77.50762816866609,0,60,1.0,8,0.00017948632155500544
10.82,0.0,77.50587989168099,0,60,1.0,8,0.0001383503924938957
10.825,0.0,77.50451119158359,0,60,1.0,8,0.0001061456843197394
10.83,0.0,77.50344497539443,0,60,1.0,8,8.105824457482627e-05
10.835,0.0,77.50261850787646,0,60,1.0,8,6.161195003441582e-05
10.84,0.0,77.50198104596413,0,60,1.0,8,4.6612846214804236e-05
10.845,0.0,77.5014917914954,0,60,1.0,9,3.510097636228024e-05
10.85,0.0,77.50111813594486,0,60,1.0,9,2.63090810556284e-05
10.855,0.0,77.50083416890804,0,60,1.0,9,1.962750371864572e-05
10.86,0.0,77.5006194215277,0,60,1.0,9,1.4574624181223578e-05
10.865,0.0,77.50045781656114,0,60,1.0,9,1.0772154379711698e-05
10.87,0.0,77.50033679808233,0,60,1.0,9,7.924660760703345e-06
10.875,0.0,77.50024661564738,0,60,1.0,9,5.802721114926445e-06
10.88,0.0,77.50017973992418,0,60,1.0,9,4.229174686543047e-06
10.885,0.0,77.50013038912986,0,60,1.0,9,3.0679795262291437e-06
10.89,0.0,77.50009414800623,0,60,1.0,9,2.2152472053328573e-06
10.895,0.0,77.50006766339348,0,60,1.0,9,1.5920798465926697e-06
10.9,0.0,77.5000484026712,0,60,1.0,9,1.1388863811134798e-06
10.905,0.0,77.5000344633739,0,60,1.0,9,8.109029151375366e-07
10.91,0.0,77.50002442413327,0,60,1.0,9,5.74685488760117e-07
10.915,0.0,77.50001722873685,0,60,1.0,9,4.053820435621995e-07
10.92,0.0,77.50001209652484,0,60,1.0,9,2.8462411391421267e-07
10.925,0.0,77.50000845358089,0,60,1.0,9,1.9890778563582418e-07
10.93,0.0,77.50000588022185,0,60,1.0,9,1.383581611528772e-07
10.935,0.001684486749771458,77.50000407117355,0,60,1.0,9,9.579231880921083e-08
10.94,0.003097557930867117,77.5000028055527,0,60,1.0,9,6.601300463123206e-08
10.945,0.005475106668887023,77.50000192437696,0,60,1.0,9,4.527945788247641e-08
10.95,0.00930222931468658,77.5000013138167,0,60,1.0,9,3.09133340311639e-08
10.955,0.01519157517868857,77.50000089279615,0,60,1.0,9,2.1006968274698867e-08
10.96,0.023847336626128316,77.50000060386903,0,60,1.0,9,1.4208682962228468e-08
10.965,0.0359830743700859,77.50000040654264,0,60,1.0,9,9.565709165947149e-09
10.97,0.05218887796857759,77.50000027242211,0,60,1.0,9,6.4099320779325135e-09
10.975,0.0727577001223134,77.50000018169858,0,60,1.0,9,4.2752607415048475e-09
10.98,0.0974992498694751,77.50000012062397,0,60,1.0,9,2.8382109629841153e-09
10.985,0.12558706050443358,77.50000007970556,0,60,1.0,9,1.875424887283075e-09
10.99,0.15549263588878245,77.50000005242235,0,60,1.0,9,1.233467080109061e-09
10.995,0.1850529723539114,77.50000003431762,0,60,1.0,9,8.074734710937585e-10
11.0,0.21169159439317053,77.50000002236098,0,60,1.0,9,5.261406787373262e-10
11.005,0.23277292922115492,77.50000001450232,0,60,1.0,9,3.412310434214305e-10
11.01,0.24602692519491282,77.50000000936176,0,60,1.0,9,2.202766074119341e-10
11.015,0.24995056064839283,77.50000000601518,0,60,1.0,9,1.4153375987542164e-10
11.02,0.24408826520424054,77.50000000384694,0,60,1.0,9,9.05161227017422e-11
11.025,0.22911894216865275,77.5000000024488,0,60,1.0,9,5.761882996867986e-11
11.03,0.20672661788705934,77.50000000155154,0,60,1.0,9,3.650684983072364e-11
11.035,0.17928878030241233,77.50000000097847,0,60,1.0,9,2.3022922130835734e-11
11.04,0.14946211903866036,77.5000000006142,0,60,1.0,9,1.4451603312730133e-11
11.045,0.1197651512573837,77.50000000038374,0,60,1.0,9,9.02907552646117e-12
11.05,0.09224675744988023,77.50000000023864,0,60,1.0,9,5.615126664291465e-12
11.055,0.06829565320281596,77.50000000014771,0,60,1.0,9,3.4754735037602265e-12
11.06,0.04860224607515734,77.500000000091,0,60,1.0,9,2.1413250257918502e-12
11.065,0.03324612389699793,77.5000000000558,0,60,1.0,9,1.3130829756846652e-12
11.07,0.021859876340472782,77.50000000003406,0,60,1.0,9,8.01492205937393e-13
11.075,0.01381595518554205,77.50000000002069,0,60,1.0,9,4.868471638902145e-13
11.08,0.008394095110402422,77.50000000001252,0,60,1.0,9,2.945826589198345e-13
11.085,0.0049052535271608,77.50000000000753,0,60,1.0,9,1.7721771762487205e-13
11.09,0.0027671663551903634,77.5000000000045,0,60,1.0,9,1.0599625752280083e-13
11.095,0.0015425553464444616,77.50000000000269,0,60,1.0,9,6.319650685113362e-14
11.1,0.0009638206637011801,77.50000000000159,0,60,1.0,9,3.744978183770881e-14
11.105,0.0009804935156568228,77.50000000000094,0,60,1.0,9,2.2068621440078406e-14
11.11,0.0018793744894085216,77.50000000000055,0,60,1.0,9,1.3040549032773603e-14
11.115,0.004535525206900863,77.50000000000033,0,60,1.0,9,7.690580198815202e-15
11.12,0.010832767979632273,77.50000000000018,0,60,1.0,9,4.3468496775912015e-15
11.125,0.024208003392322392,77.50000000000011,0,60,1.0,9,2.6749844169792007e-15
11.13,0.0500971897335304,77.50000000000006,0,60,1.0,9,1.3374922084896003e-15
11.135,0.09582894921774403,77.50000000000004,0,60,1.0,9,1.0031191563672002e-15
11.14,0.16937896721820658,77.50000000000001,0,60,1.0,9,3.343730521224001e-16
11.145,0.27661303008991756,77.50000000000001,0,60,1.0,9,3.343730521224001e-16
11.15,0.4173782800009149,77.5,0,60,1.0,9,0.0
11.155,0.5818720934538056,77.5,0,60,1.0,9,0.0
11.16,0.7494718801585675,77.5,0,60,1.0,9,0.0
11.165,0.891813020752378,77.5,0,60,1.0,9,0.0
11.17,0.9800361632936612,77.5,0,60,1.0,9,0.0
11.175,0.993574479225126,77.5,1,60,1.0,9,0.0
11.18,0.9263438449375362,77.5,0,60,1.0,9,0.0
11.185,0.7873015962290536,77.5,0,60,1.0,9,0.0
11.19,0.5959516244629897,77.5,0,60,1.0,9,0.0
11.195,0.376910120078773,77.5,0,60,1.0,9,0.0
11.2,0.15739335672107918,77.5,0,60,1.0,9,0.0
11.205,-0.033361226269301235,77.5,0,60,1.0,9,0.0
11.21,-0.1680180840843834,77.5,0,60,1.0,9,0.0
11.215,-0.23069703190837854,77.5,0,60,1.0,9,0.0
11.22,-0.22587267821131068,77.5,0,60,1.0,9,0.0
11.225,-0.17718181630665902,77.5,0,60,1.0,9,0.0
11.23,-0.11494332516451301,77.5,0,60,1.0,9,0.0
11.235,-0.061810214049552864,77.5,0,60,1.0,9,0.0
11.24,-0.026546104631500547,77.5,0,60,1.0,9,0.0
11.245,-0.00719600351942686,77.5,0,60,1.0,9,0.0
11.25,0.0022072757983807078,77.5,0,60,1.0,9,0.0
11.255,0.006917199873730717,77.5,0,60,1.0,9,0.0
11.26,0.01004859748264829,77.5,0,60,1.0,9,0.0
11.265,0.013037082251128167,77.5,0,60,1.0,9,0.0
11.27,0.01645163937690478,77.5,0,60,1.0,9,0.0
11.275,0.020526639934696615,77.5,0,60,1.0,9,0.0
11.28,0.02539629541761738,77.5,0,60,1.0,9,0.0
11.285,0.031171612185577933,77.5,0,60,1.0,9,0.0
11.29,0.03795853426638131,77.5,0,60,1.0,9,0.0
11.295,0.0458588961882057,77.5,0,60,1.0,9,0.0
11.3,0.054966995891435555,77.5,0,60,1.0,9,0.0
11.305,0.06536491004445595,77.5,0,60,1.0,9,0.0
11.31,0.07711726085088699,77.5,0,60,1.0,9,0.0
11.315,0.09026570629555215,77.5,0,60,1.0,9,0.0
11.32,0.10482339848670268,77.5,0,60,1.0,9,0.0
11.325,0.12076968927580028,77.5,0,60,1.0,9,0.0
11.33,0.13804539501007884,77.5,0,60,1.0,9,0.0
11.335,0.15654895051787066,77.5,0,60,1.0,9,0.0
11.34,0.17613378141900526,77.5,0,60,1.0,9,0.0
11.345,0.19660720058055794,77.5,0,60,1.0,9,0.0
11.35,0.21773108748496234,77.5,0,60,1.0,9,0.0
11.355,0.23922453870058807,77.5,0,60,1.0,9,0.0
11.36,0.2607685857914563,77.5,0,60,1.0,9,0.0
11.365,0.2820129681603682,77.5,0,60,1.0,9,0.0
11.37,0.30258482867153996,77.5,0,60,1.0,9,0.0
11.375,0.3220990771751686,77.5,0,60,1.0,9,0.0
11.38,0.3401700499968971,77.5,0,60,1.0,9,0.0
11.385,0.3564239911198326,77.5,0,60,1.0,9,0.0
11.39,0.3705118017738417,77.5,0,60,1.0,9,0.0
11.395,0.3821214567925213,77.5,0,60,1.0,9,0.0
11.4,0.39098947374066967,77.5,0,60,1.0,9,0.0
11.405,0.3969108472035567,77.5,0,60,1.0,9,0.0
11.41,0.3997469255491936,77.5,0,60,1.0,9,0.0
11.415,0.3994308076379137,77.5,0,60,1.0,9,0.0
11.42,0.3959699661768434,77.5,0,60,1.0,9,0.0
11.425,0.38944595408114946,77.5,0,60,1.0,9,0.0
11.43,0.38001120995358023,77.5,0,60,1.0,9,0.0
11.435,0.3678831374098315,77.5,0,60,1.0,9,0.0
11.44,0.35333577933796634,77.5,0,60,1.0,9,0.0
11.445,0.33668953221163944,77.5,0,60,1.0,9,0.0
11.45,0.3182994390982644,77.5,0,60,1.0,9,0.0
11.455,0.29854265738230645,77.5,0,60,1.0,9,0.0
11.46,0.2778057157821067,77.5,0,60,1.0,9,0.0
11.465,0.2564721553719815,77.5,0,60,1.0,9,0.0
11.47,0.23491109433464996,77.5,0,60,1.0,9,0.0
11.475,0.21346717185309805,77.5,0,60,1.0,9,0.0
11.48,0.19245222055656455,77.5,0,60,1.0,9,0.0
11.485,0.17213889801761392,77.5,0,60,1.0,9,0.0
11.49,0.15275638501270183,77.5,0,60,1.0,9,0.0
11.495,0.13448814019607322,77.5,0,60,1.0,9,0.0
11.5,0.11747159495449566,77.5,0,60,1.0,9,0.0
11.505,0.10179958433370105,77.5,0,60,1.0,9,0.0
11.51,0.08752324394101413,77.5,0,60,1.0,9,0.0
11.515,0.07465606047174059,77.5,0,60,1.0,9,0.0
11.52,0.0631787448609295,77.5,0,60,1.0,9,0.0
11.525,0.05304460019959574,77.5,0,60,1.0,9,0.0
11.53,0.044185078305849994,77.5,0,60,1.0,9,0.0
11.535,0.03651525513023255,77.5,0,60,1.0,9,0.0
11.54,0.0299390014708757,77.5,0,60,1.0,9,0.0
11.545,0.024353677220580638,77.5,0,60,1.0,9,0.0
11.55,0.01965423034339045,77.5,0,60,1.0,9,0.0
11.555,0.015736632374757337,77.5,0,60,1.0,9,0.0
11.56,0.012500627640593535,77.5,0,60,1.0,9,0.0
11.565,0.009851811652115898,77.5,0,60,1.0,9,0.0
11.57,0.007703084175428559,77.5,0,60,1.0,9,0.0
11.575,0.005975544002062424,77.5,0,60,1.0,9,0.0
11.58,0.004598905818663047,77.5,0,60,1.0,9,0.0
11.585,0.0035115256454839104,77.5,0,60,1.0,9,0.0
11.59,0.002660121266303676,77.5,0,60,1.0,9,0.0
11.595,0.0019992692560877024,77.5,0,60,1.0,9,0.0
11.6,0.0014907520044639367,77.5,0,60,1.0,9,0.0
11.605,0.0011028178277539807,77.5,0,60,1.0,9,0.0
11.61,0.0008094059938923333,77.5,0,60,1.0,9,0.0
11.615,0.0005893771793717645,77.5,0,60,1.0,9,0.0
11.62,0.0004257792353490551,77.5,0,60,1.0,9,0.0
11.625,0.0003051686392901525,77.5,0,60,1.0,9,0.0
11.63,0.00021699992642659966,77.5,0,60,1.0,9,0.0
11.635,0.00015308884054097838,77.5,0,60,1.0,9,0.0
11.64,0.00010714989329311098,77.5,0,60,1.0,9,0.0
11.645,7.440535854020571e-05,77.5,0,60,1.0,9,0.0
11.65,5.1260276743925106e-05,77.5,0,60,1.0,9,0.0
11.655,3.503659887882241e-05,77.5,0,60,1.0,9,0.0
11.66,2.375894748103639e-05,77.5,0,60,1.0,9,0.0
11.665,1.5984413869232557e-05,77.5,0,60,1.0,9,0.0
11.67,1.0669166579899869e-05,77.5,0,60,1.0,9,0.0
11.675,7.06526633560511e-06,77.5,0,60,1.0,9,0.0
11.68,4.641847214699205e-06,77.5,0,60,1.0,9,0.0
11.685,3.025641074479182e-06,77.5,0,60,1.0,9,0.0
11.69,1.9566278676921314e-06,77.5,0,60,1.0,9,0.0
11.695,1.2553456560008793e-06,77.5,0,60,1.0,9,0.0
11.7,7.990660428214668e-07,77.5,0,60,1.0,9,0.0
11.705,5.046221251618276e-07,77.5,0,60,1.0,9,0.0
11.71,3.1616527078858815e-07,77.5,0,60,1.0,9,0.0
11.715,1.9652884407760343e-07,77.5,0,60,1.0,9,0.0
11.72,1.2120002189836396e-07,77.5,0,60,1.0,9,0.0
11.725,7.415549848886236e-08,77.5,0,60,1.0,9,0.0
11.73,4.501406988770349e-08,77.5,0,60,1.0,9,0.0
11.735,0.0,77.5,0,60,1.0,9,0.0
11.74,0.0,77.5,0,60,1.0,9,0.0
11.745,0.0,77.5,0,60,1.0,9,0.0
11.75,0.0,77.5,0,60,1.0,9,0.0
11.755,0.0,77.5,0,60,1.0,9,0.0
11.76,0.0,77.5,0,60,1.0,9,0.0
11.765,0.0,77.5,0,60,1.0,9,0.0
11.77,0.0,77.5,0,60,1.0,9,0.0
11.775,0.0,77.5,0,60,1.0,9,0.0
11.78,0.0,77.5,0,60,1.0,9,0.0
11.785,0.0,77.5,0,60,1.0,9,0.0
11.79,0.0,77.5,0,60,1.0,9,0.0
11.795,0.0,77.5,0,60,1.0,9,0.0
11.8,0.0,77.5,0,60,1.0,9,0.0
11.805,0.0,77.5,0,60,1.0,9,0.0
11.81,0.0,77.5,0,60,1.0,9,0.0
11.815,0.0,77.5,0,60,1.0,9,0.0
11.82,0.0,77.5,0,60,1.0,9,0.0
11.825,0.0,77.5,0,60,1.0,9,0.0
11.83,0.0,77.5,0,60,1.0,9,0.0
11.835,0.0,77.5,0,60,1.0,9,0.0
11.84,0.0,77.5,0,60,1.0,9,0.0
11.845,0.0,77.5,0,60,1.0,9,0.0
11.85,0.0,77.5,0,60,1.0,9,0.0
11.855,0.0,77.5,0,60,1.0,9,0.0
11.86,0.0,77.5,0,60,1.0,9,0.0
11.865,0.0,77.5,0,60,1.0,9,0.0
11.87,0.0,77.5,0,60,1.0,9,0.0
11.875,0.0,77.5,0,60,1.0,9,0.0
11.88,0.0,77.5,0,60,1.0,9,0.0
11.885,0.0,77.5,0,60,1.0,9,0.0
11.89,0.0,77.5,0,60,1.0,9,0.0
11.895,0.0,77.5,0,60,1.0,9,0.0
11.9,0.0,77.5,0,60,1.0,9,0.0
11.905,0.0,77.5,0,60,1.0,9,0.0
11.91,0.0,77.5,0,60,1.0,9,0.0
11.915,0.0,77.5,0,60,1.0,9,0.0
11.92,0.0,77.5,0,60,1.0,9,0.0
11.925,0.0,77.5,0,60,1.0,9,0.0
11.93,0.0,77.5,0,60,1.0,9,0.0
11.935,0.0,77.5,0,60,1.0,9,0.0
11.94,0.0,77.5,0,60,1.0,9,0.0
11.945,0.0,77.5,0,60,1.0,9,0.0
11.95,0.0,77.5,0,60,1.0,9,0.0
11.955,0.0,77.5,0,60,1.0,9,0.0
11.96,0.0,77.5,0,60,1.0,9,0.0
11.965,0.0,77.5,0,60,1.0,9,0.0
11.97,0.0,77.5,0,60,1.0,9,0.0
11.975,0.0,77.5,0,60,1.0,9,0.0
11.98,0.0,77.5,0,60,1.0,9,0.0
11.985,0.0,77.5,0,60,1.0,9,0.0
11.99,0.0,77.5,0,60,1.0,9,0.0
11.995,0.0,77.5,0,60,1.0,9,0.0
