Time,ECG,Pressure,R_Peaks,mean_hr,hrv_scale,Phase_Bin,Normalized_Pressure
0.0,0.001684486749771458,77.5,0,60,3.0,0,0.0
0.005,0.003097557930867117,77.5,0,60,3.0,0,0.0
0.01,0.005475106668887023,77.5,0,60,3.0,0,0.0
0.015,0.00930222931468658,77.5,0,60,3.0,0,0.0
0.02,0.01519157517868857,77.5,0,60,3.0,0,0.0
0.025,0.023847336626128316,77.5,0,60,3.0,0,0.0
0.03,0.0359830743700859,77.5,0,60,3.0,0,0.0
0.035,0.05218887796857759,77.5,0,60,3.0,0,0.0
0.04,0.0727577001223134,77.5,0,60,3.0,0,0.0
0.045,0.0974992498694751,77.5,0,60,3.0,0,0.0
0.05,0.12558706050443358,77.5,0,60,3.0,0,0.0
0.055,0.15549263588878245,77.5,0,60,3.0,0,0.0
0.06,0.1850529723539114,77.5,0,60,3.0,0,0.0
0.065,0.21169159439317053,77.5,0,60,3.0,0,0.0
0.07,0.23277292922115492,77.5,0,60,3.0,0,0.0
0.075,0.24602692519491282,77.5,0,60,3.0,0,0.0
0.08,0.24995056064839283,77.5,0,60,3.0,0,0.0
0.085,0.24408826520424054,77.5,0,60,3.0,0,0.0
0.09,0.22911894216865275,77.5,0,60,3.0,0,0.0
0.095,0.20672661788705934,77.5,0,60,3.0,0,0.0
0.1,0.17928878030241233,77.5,0,60,3.0,0,0.0
0.105,0.14946211903866036,77.5,0,60,3.0,0,0.0
0.11,0.1197651512573837,77.5,0,60,3.0,0,0.0
0.115,0.09224675744988023,77.5,0,60,3.0,0,0.0
0.12,0.06829565320281596,77.5,0,60,3.0,0,0.0
0.125,0.04860224607515734,77.5,0,60,3.0,0,0.0
0.13,0.03324612389699793,77.5,0,60,3.0,0,0.0
0.135,0.021859876340472782,77.5,0,60,3.0,0,0.0
0.14,0.01381595518554205,77.5,0,60,3.0,0,0.0
0.145,0.008394095110402422,77.5,0,60,3.0,0,0.0
0.15,0.0049052535271608,77.5,0,60,3.0,0,0.0
0.155,0.0027671663551903634,77.5,0,60,3.0,0,0.0
0.16,0.0015425553464444616,77.5,0,60,3.0,0,0.0
0.165,0.0009638206637011801,77.5,0,60,3.0,0,0.0
0.17,0.0009804935156568228,77.5,0,60,3.0,0,0.0
0.175,0.0018793744894085216,77.5,0,60,3.0,0,0.0
0.18,0.004535525206900863,77.5,0,60,3.0,0,0.0
0.185,0.010832767979632273,77.5,0,60,3.0,0,0.0
0.19,0.024208003392322392,77.5,0,60,3.0,0,0.0
0.195,0.0500971897335304,77.5,0,60,3.0,0,0.0
0.2,0.09582894921774403,77.5,0,60,3.0,0,0.0
0.205,0.16937896721820658,77.5,0,60,3.0,0,0.0
0.21,0.27661303008991756,77.5,0,60,3.0,0,0.0
0.215,0.4173782800009149,77.5,0,60,3.0,0,0.0
0.22,0.5818720934538056,77.5,0,60,3.0,0,0.0
0.225,0.7494718801585675,77.5,0,60,3.0,0,0.0
0.23,0.891813020752378,77.5,0,60,3.0,0,0.0
0.235,0.9800361632936612,77.5,0,60,3.0,0,0.0
0.24,0.993574479225126,77.5,0,60,3.0,0,0.0
0.245,0.9263438449375362,77.5,0,60,3.0,0,0.0
0.25,0.7873015962290536,77.5,0,60,3.0,0,0.0
0.255,0.5959516244629897,77.5,0,60,3.0,0,0.0
0.26,0.376910120078773,77.5,0,60,3.0,0,0.0
0.265,0.15739335672107918,77.5,0,60,3.0,0,0.0
0.27,-0.033361226269301235,77.5,0,60,3.0,0,0.0
0.275,-0.1680180840843834,77.5,0,60,3.0,0,0.0
0.28,-0.23069703190837854,77.5,0,60,3.0,0,0.0
0.285,-0.22587267821131068,77.5,0,60,3.0,0,0.0
0.29,-0.17718181630665902,77.5,0,60,3.0,0,0.0
0.295,-0.11494332516451301,77.5,0,60,3.0,0,0.0
0.3,-0.061810214049552864,77.5,0,60,3.0,0,0.0
0.305,-0.026546104631500547,77.5,0,60,3.0,0,0.0
0.31,-0.00719600351942686,77.5,0,60,3.0,0,0.0
0.315,0.0022072757983807078,77.5,0,60,3.0,0,0.0
0.32,0.006917199873730717,77.5,0,60,3.0,0,0.0
0.325,0.01004859748264829,77.5,0,60,3.0,0,0.0
0.33,0.013037082251128167,77.5,0,60,3.0,0,0.0
0.335,0.01645163937690478,77.5,0,60,3.0,0,0.0
0.34,0.020526639934696615,77.5,0,60,3.0,0,0.0
0.345,0.02539629541761738,77.5,0,60,3.0,0,0.0
0.35,0.031171612185577933,77.5,0,60,3.0,0,0.0
0.355,0.03795853426638131,77.5,0,60,3.0,0,0.0
0.36,0.0458588961882057,77.5,0,60,3.0,0,0.0
0.365,0.054966995891435555,77.5,0,60,3.0,0,0.0
0.37,0.06536491004445595,77.5,0,60,3.0,0,0.0
0.375,0.07711726085088699,77.5,0,60,3.0,0,0.0
0.38,0.09026570629555215,77.5,0,60,3.0,0,0.0
0.385,0.10482339848670268,77.5,0,60,3.0,0,0.0
0.39,0.12076968927580028,77.5,0,60,3.0,0,0.0
0.395,0.13804539501007884,77.5,0,60,3.0,0,0.0
0.4,0.15654895051787066,77.5,0,60,3.0,0,0.0
0.405,0.17613378141900526,77.5,0,60,3.0,0,0.0
0.41,0.19660720058055794,77.5,0,60,3.0,0,0.0
0.415,0.21773108748496234,77.5,0,60,3.0,0,0.0
0.42,0.23922453870058807,77.5,0,60,3.0,0,0.0
0.425,0.2607685857914563,77.5,0,60,3.0,0,0.0
0.43,0.2820129681603682,77.5,0,60,3.0,0,0.0
0.435,0.30258482867153996,77.5,0,60,3.0,0,0.0
0.44,0.3220990771751686,77.5,0,60,3.0,0,0.0
0.445,0.3401700499968971,77.5,0,60,3.0,0,0.0
0.45,0.3564239911198326,77.5,0,60,3.0,0,0.0
0.455,0.3705118017738417,77.5,0,60,3.0,0,0.0
0.46,0.3821214567925213,77.5,0,60,3.0,0,0.0
0.465,0.39098947374066967,77.5,0,60,3.0,0,0.0
0.47,0.3969108472035567,77.5,0,60,3.0,0,0.0
0.475,0.3997469255491936,77.5,0,60,3.0,0,0.0
0.48,0.3994308076379137,77.5,0,60,3.0,0,0.0
0.485,0.3959699661768434,77.5,0,60,3.0,0,0.0
0.49,0.38944595408114946,77.5,0,60,3.0,0,0.0
0.495,0.38001120995358023,77.5,0,60,3.0,0,0.0
0.5,0.3678831374098315,77.5,0,60,3.0,0,0.0
0.505,0.35333577933796634,77.5,0,60,3.0,0,0.0
0.51,0.33668953221163944,77.5,0,60,3.0,0,0.0
0.515,0.3182994390982644,77.5,0,60,3.0,0,0.0
0.52,0.29854265738230645,77.5,0,60,3.0,0,0.0
0.525,0.2778057157821067,77.5,0,60,3.0,0,0.0
0.53,0.2564721553719815,77.5,0,60,3.0,0,0.0
0.535,0.23491109433464996,77.5,0,60,3.0,0,0.0
0.54,0.21346717185309805,77.5,0,60,3.0,0,0.0
0.545,0.19245222055656455,77.5,0,60,3.0,0,0.0
0.55,0.17213889801761392,77.5,0,60,3.0,0,0.0
0.555,0.15275638501270183,77.5,0,60,3.0,0,0.0
0.56,0.13448814019607322,77.5,0,60,3.0,0,0.0
0.565,0.11747159495449566,77.5,0,60,3.0,0,0.0
0.57,0.10179958433370105,77.5,0,60,3.0,0,0.0
0.575,0.08752324394101413,77.5,0,60,3.0,0,0.0
0.58,0.07465606047174059,77.5,0,60,3.0,0,0.0
0.585,0.0631787448609295,77.5,0,60,3.0,0,0.0
0.59,0.05304460019959574,77.5,0,60,3.0,0,0.0
0.595,0.044185078305849994,77.5,0,60,3.0,0,0.0
0.6,0.03651525513023255,77.5,0,60,3.0,0,0.0
0.605,0.0299390014708757,77.5,0,60,3.0,0,0.0
0.61,0.024353677220580638,77.5,0,60,3.0,0,0.0
0.615,0.01965423034339045,77.5,0,60,3.0,0,0.0
0.62,0.015736632374757337,77.5,0,60,3.0,0,0.0
0.625,0.012500627640593535,77.5,0,60,3.0,0,0.0
0.63,0.009851811652115898,77.5,0,60,3.0,0,0.0
0.635,0.007703084175428559,77.5,0,60,3.0,0,0.0
0.64,0.005975544002062424,77.5,0,60,3.0,0,0.0
0.645,0.004598905818663047,77.5,0,60,3.0,0,0.0
0.65,0.0035115256454839104,77.5,0,60,3.0,0,0.0
0.655,0.002660121266303676,77.5,0,60,3.0,0,0.0
0.66,0.0019992692560877024,77.5,0,60,3.0,0,0.0
0.665,0.0014907520044639367,77.5,0,60,3.0,0,0.0
0.67,0.0011028178277539807,77.5,0,60,3.0,0,0.0
0.675,0.0008094059938923333,77.5,0,60,3.0,0,0.0
0.68,0.0005893771793717645,77.5,0,60,3.0,0,0.0
0.685,0.0004257792353490551,77.5,0,60,3.0,0,0.0
0.69,0.0003051686392901525,77.5,0,60,3.0,0,0.0
0.695,0.00021699992642659966,77.5,0,60,3.0,0,0.0
0.7,0.00015308884054097838,77.5,0,60,3.0,0,0.0
0.705,0.00010714989329311098,77.5,0,60,3.0,0,0.0
0.71,7.440535854020571e-05,77.5,0,60,3.0,0,0.0
0.715,5.1260276743925106e-05,77.5,0,60,3.0,0,0.0
0.72,3.503659887882241e-05,77.5,0,60,3.0,0,0.0
0.725,2.375894748103639e-05,77.5,0,60,3.0,0,0.0
0.73,1.5984413869232557e-05,77.5,0,60,3.0,0,0.0
0.735,1.0669166579899869e-05,77.5,0,60,3.0,0,0.0
0.74,7.06526633560511e-06,77.5,0,60,3.0,0,0.0
0.745,4.641847214699205e-06,77.5,0,60,3.0,0,0.0
0.75,3.025641074479182e-06,77.5,0,60,3.0,0,0.0
0.755,1.9566278676921314e-06,77.5,0,60,3.0,0,0.0
0.76,1.2553456560008793e-06,77.5,0,60,3.0,0,0.0
0.765,7.990660428214668e-07,77.5,0,60,3.0,0,0.0
0.77,5.046221251618276e-07,77.5,0,60,3.0,0,0.0
0.775,3.1616527078858815e-07,77.5,0,60,3.0,0,0.0
0.78,1.9652884407760343e-07,77.5,0,60,3.0,0,0.0
0.785,1.2120002189836396e-07,77.5,0,60,3.0,0,0.0
0.79,7.415549848886236e-08,77.5,0,60,3.0,0,0.0
0.795,4.501406988770349e-08,77.5,0,60,3.0,0,0.0
0.8,0.0,77.5,0,60,3.0,0,0.0
0.805,0.0,77.5,0,60,3.0,0,0.0
0.81,0.0,77.5,0,60,3.0,0,0.0
0.815,0.0,77.5,0,60,3.0,0,0.0
0.82,0.0,77.5,0,60,3.0,0,0.0
0.825,0.0,77.5,0,60,3.0,0,0.0
0.83,0.0,77.5,0,60,3.0,0,0.0
0.835,0.0,77.5,0,60,3.0,0,0.0
0.84,0.0,77.5,0,60,3.0,0,0.0
0.845,0.0,77.5,0,60,3.0,0,0.0
0.85,0.0,77.5,0,60,3.0,0,0.0
0.855,0.0,77.5,0,60,3.0,0,0.0
0.86,0.0,77.5,0,60,3.0,0,0.0
0.865,0.0,77.5,0,60,3.0,0,0.0
0.87,0.0,77.5,0,60,3.0,0,0.0
0.875,0.0,77.5,0,60,3.0,0,0.0
0.88,0.0,77.5,0,60,3.0,0,0.0
0.885,0.0,77.5,0,60,3.0,0,0.0
0.89,0.0,77.5,0,60,3.0,0,0.0
0.895,0.0,77.5,0,60,3.0,0,0.0
0.9,0.0,77.5,0,60,3.0,0,0.0
0.905,0.0,77.5,0,60,3.0,0,0.0
0.91,0.0,77.5,0,60,3.0,0,0.0
0.915,0.0,77.5,0,60,3.0,0,0.0
0.92,0.0,77.5,0,60,3.0,0,0.0
0.925,0.0,77.5,0,60,3.0,0,0.0
0.93,0.0,77.5,0,60,3.0,0,0.0
0.935,0.0,77.5,0,60,3.0,0,0.0
0.94,0.0,77.5,0,60,3.0,0,0.0
0.945,0.0,77.5,0,60,3.0,0,0.0
0.95,0.0,77.5,0,60,3.0,0,0.0
0.955,0.0,77.5,0,60,3.0,0,0.0
0.96,0.0,77.5,0,60,3.0,0,0.0
0.965,0.0,77.5,0,60,3.0,0,0.0
0.97,0.0,77.5,0,60,3.0,0,0.0
0.975,0.0,77.5,0,60,3.0,0,0.0
0.98,0.0,77.5,0,60,3.0,0,0.0
0.985,0.0,77.5,0,60,3.0,0,0.0
0.99,0.0,77.5,0,60,3.0,0,0.0
0.995,0.0,77.5,0,60,3.0,0,0.0
1.0,0.0,77.5,0,60,3.0,0,0.0
1.005,0.0,77.5,0,60,3.0,0,0.0
1.01,0.0,77.5,0,60,3.0,0,0.0
1.015,0.0,77.5,0,60,3.0,0,0.0
1.02,0.0,77.5,0,60,3.0,0,0.0
1.025,0.0,77.5,0,60,3.0,0,0.0
1.03,0.0,77.5,0,60,3.0,0,0.0
1.035,0.0,77.5,0,60,3.0,0,0.0
1.04,0.0,77.5,0,60,3.0,0,0.0
1.045,0.0,77.5,0,60,3.0,0,0.0
1.05,0.0,77.5,0,60,3.0,0,0.0
1.055,0.0,77.5,0,60,3.0,0,0.0
1.06,0.0,77.5,0,60,3.0,0,0.0
1.065,0.0,77.5,0,60,3.0,0,0.0
1.07,0.0,77.5,0,60,3.0,0,0.0
1.075,0.0,77.5,0,60,3.0,0,0.0
1.08,0.001684486749771458,77.5,0,60,3.0,0,0.0
1.085,0.003097557930867117,77.5,0,60,3.0,0,0.0
1.09,0.005475106668887023,77.5,0,60,3.0,0,0.0
1.095,0.00930222931468658,77.5,0,60,3.0,0,0.0
1.1,0.01519157517868857,77.5,0,60,3.0,0,0.0
1.105,0.023847336626128316,77.5,0,60,3.0,0,0.0
1.11,0.0359830743700859,77.5,0,60,3.0,0,0.0
1.115,0.05218887796857759,77.5,0,60,3.0,0,0.0
1.12,0.0727577001223134,77.5,0,60,3.0,0,0.0
1.125,0.0974992498694751,77.5,0,60,3.0,0,0.0
1.13,0.12558706050443358,77.5,0,60,3.0,0,0.0
1.135,0.15549263588878245,77.5,0,60,3.0,0,0.0
1.14,0.1850529723539114,77.5,0,60,3.0,0,0.0
1.145,0.21169159439317053,77.5,0,60,3.0,0,0.0
1.15,0.23277292922115492,77.5,0,60,3.0,0,0.0
1.155,0.24602692519491282,77.5,0,60,3.0,0,0.0
1.16,0.24995056064839283,77.5,0,60,3.0,0,0.0
1.165,0.24408826520424054,77.5,0,60,3.0,0,0.0
1.17,0.22911894216865275,77.5,0,60,3.0,0,0.0
1.175,0.20672661788705934,77.5,0,60,3.0,0,0.0
1.18,0.17928878030241233,77.5,0,60,3.0,0,0.0
1.185,0.14946211903866036,77.5,0,60,3.0,0,0.0
1.19,0.1197651512573837,77.5,0,60,3.0,0,0.0
1.195,0.09224675744988023,77.5,0,60,3.0,0,0.0
1.2,0.06829565320281596,77.5,0,60,3.0,0,0.0
1.205,0.04860224607515734,77.5,0,60,3.0,1,0.0
1.21,0.03324612389699793,77.5,0,60,3.0,1,0.0
1.215,0.021859876340472782,77.5,0,60,3.0,1,0.0
1.22,0.01381595518554205,77.5,0,60,3.0,1,0.0
1.225,0.008394095110402422,77.5,0,60,3.0,1,0.0
1.23,0.0049052535271608,77.5,0,60,3.0,1,0.0
1.235,0.0027671663551903634,77.5,0,60,3.0,1,0.0
1.24,0.0015425553464444616,77.5,0,60,3.0,1,0.0
1.245,0.0009638206637011801,77.5,0,60,3.0,1,0.0
1.25,0.0009804935156568228,77.5,0,60,3.0,1,0.0
1.255,0.0018793744894085216,77.5,0,60,3.0,1,0.0
1.26,0.004535525206900863,77.5,0,60,3.0,1,0.0
1.265,0.010832767979632273,77.5,0,60,3.0,1,0.0
1.27,0.024208003392322392,77.5,0,60,3.0,1,0.0
1.275,0.0500971897335304,77.5,0,60,3.0,1,0.0
1.28,0.09582894921774403,77.5,0,60,3.0,1,0.0
1.285,0.16937896721820658,77.5,0,60,3.0,1,0.0
1.29,0.27661303008991756,77.5,0,60,3.0,1,0.0
1.295,0.4173782800009149,77.5,0,60,3.0,1,0.0
1.3,0.5818720934538056,77.5,0,60,3.0,1,0.0
1.305,0.7494718801585675,77.5,0,60,3.0,1,0.0
1.31,0.891813020752378,77.5,0,60,3.0,1,0.0
1.315,0.9800361632936612,77.5,0,60,3.0,1,0.0
1.32,0.993574479225126,77.5000024950473,1,60,3.0,1,5.8706995238989134e-08
1.325,0.9263438449375362,77.50000375849318,0,60,3.0,1,8.843513362134057e-08
1.33,0.7873015962290536,77.50000576910975,0,60,3.0,1,1.3574375877985458e-07
1.335,0.5959516244629897,77.50000910888895,0,60,3.0,1,2.1432679873482008e-07
1.34,0.376910120078773,77.50001493160252,0,60,3.0,1,3.5133182403596413e-07
1.345,0.15739335672107918,77.5000255695211,0,60,3.0,1,6.016357905777755e-07
1.35,-0.033361226269301235,77.50004576207117,0,60,3.0,1,1.076754615697235e-06
1.355,-0.1680180840843834,77.50008508819586,0,60,3.0,1,2.002075196702101e-06
1.36,-0.23069703190837854,77.50016266149757,0,60,3.0,1,3.827329354568492e-06
1.365,-0.22587267821131068,77.50031595083036,0,60,3.0,1,7.434137184833055e-06
1.37,-0.17718181630665902,77.50061688523299,0,60,3.0,1,1.4514946658503986e-05
1.375,-0.11494332516451301,77.50120039677721,0,60,3.0,1,2.824463005193887e-05
1.38,-0.061810214049552864,77.50231346534846,0,60,3.0,1,5.443447878740378e-05
1.385,-0.026546104631500547,77.50439671869992,0,60,3.0,1,0.00010345220470405954
1.39,-0.00719600351942686,77.50821569935404,0,60,3.0,1,0.00019331057303622188
1.395,0.0022072757983807078,77.51506467288199,0,60,3.0,1,0.00035446289134095904
1.4,0.006917199873730717,77.52707136715546,0,60,3.0,1,0.0006369733448342926
1.405,0.01004859748264829,77.54763451316305,0,60,3.0,1,0.0011208120744246276
1.41,0.013037082251128167,77.58202471776275,0,60,3.0,1,0.0019299933591235138
1.415,0.01645163937690478,77.63816929854207,0,60,3.0,1,0.0032510423186368717
1.42,0.020526639934696615,77.72761899891924,0,60,3.0,1,0.005355741151040949
1.425,0.02539629541761738,77.86665519753228,0,60,3.0,1,0.008627181118406631
1.43,0.031171612185577933,78.07743861114501,0,60,3.0,1,0.013586790850470888
1.435,0.03795853426638131,78.38902695888922,0,60,3.0,1,0.02091828138562866
1.44,0.0458588961882057,78.83800818984425,0,60,3.0,1,0.03148254564339401
1.445,0.054966995891435555,79.46842379043065,0,60,3.0,1,0.046315853892485846
1.45,0.06536491004445595,80.33061667635269,0,60,3.0,1,0.06660274532594565
1.455,0.07711726085088699,81.478657744938,0,60,3.0,1,0.09361547635148246
1.46,0.09026570629555215,82.96611002699977,0,60,3.0,1,0.12861435357646522
1.465,0.10482339848670268,84.84009485117352,0,60,3.0,1,0.17270811414525924
1.47,0.12076968927580028,87.13392597640826,0,60,3.0,1,0.22668061120960623
1.475,0.13804539501007884,89.85894336803423,0,60,3.0,1,0.2907986674831584
1.48,0.15654895051787066,92.99654686910407,0,60,3.0,1,0.3646246322142133
1.485,0.17613378141900526,96.4917169559891,0,60,3.0,1,0.44686392837621425
1.49,0.19660720058055794,100.24942305018932,0,60,3.0,1,0.5352805423573957
1.495,0.21773108748496234,104.13518312180872,0,60,3.0,1,0.6267101911013817
1.5,0.23922453870058807,107.9806163769576,0,60,3.0,1,0.7171909735754729
1.505,0.2607685857914563,111.59415000783865,0,60,3.0,1,0.8022152943020858
1.51,0.2820129681603682,114.77619649389209,0,60,3.0,1,0.8770869763268726
1.515,0.30258482867153996,117.33726280597426,0,60,3.0,1,0.9373473601405709
1.52,0.3220990771751686,119.11676822855112,0,60,3.0,1,0.9792180759659088
1.525,0.3401700499968971,120.0,0,60,3.0,1,1.0
1.53,0.3564239911198326,119.9307331115752,0,60,3.0,1,0.9983701908605928
1.535,0.3705118017738417,118.9175974986838,0,60,3.0,1,0.9745317058513836
1.54,0.3821214567925213,117.03320410260207,0,60,3.0,1,0.930193037708284
1.545,0.39098947374066967,114.40616519711772,0,60,3.0,1,0.8683803575792404
1.55,0.3969108472035567,111.20724128607212,0,60,3.0,1,0.7931115596722852
1.555,0.3997469255491936,107.63170063411125,0,60,3.0,1,0.708981191390853
1.56,0.3994308076379137,103.88043014450193,0,60,3.0,1,0.6207160034000454
1.565,0.3959699661768434,100.14232342849641,0,60,3.0,1,0.5327605512587391
1.57,0.38944595408114946,96.580032392726,0,60,3.0,1,0.4489419386523764
1.575,0.38001120995358023,93.32042761436257,0,60,3.0,1,0.3722453556320605
1.58,0.3678831374098315,90.45024438360306,0,60,3.0,1,0.3047116325553662
1.585,0.35333577933796634,88.0165735885304,0,60,3.0,1,0.2474487903183625
1.59,0.33668953221163944,86.03123100878861,0,60,3.0,1,0.20073484726561433
1.595,0.3182994390982644,84.47768427158562,0,60,3.0,1,0.1641808063902498
1.6,0.29854265738230645,83.31914425655404,0,60,3.0,1,0.13692104133068328
1.605,0.2778057157821067,82.50659004090923,0,60,3.0,1,0.11780211860962896
1.61,0.2564721553719815,81.98581116195565,0,60,3.0,1,0.10554849792836829
1.615,0.23491109433464996,81.70292592125253,0,60,3.0,1,0.09889237461770656
1.62,0.21346717185309805,81.60818956190883,0,60,3.0,1,0.09666328380961953
1.625,0.19245222055656455,81.65818681746455,0,60,3.0,1,0.09783968982269538
1.63,0.17213889801761392,81.81668455993696,0,60,3.0,1,0.10156904846910493
1.635,0.15275638501270183,82.05450301165449,0,60,3.0,1,0.10716477674481151
1.64,0.13448814019607322,82.34876686016689,0,60,3.0,1,0.11408863200392683
1.645,0.11747159495449566,82.68184745982325,0,60,3.0,1,0.12192582258407636
1.65,0.10179958433370105,83.04023106346655,0,60,3.0,1,0.1303583779639188
1.655,0.08752324394101413,83.41346746591435,0,60,3.0,1,0.1391404109626906
1.66,0.07465606047174059,83.79328285470342,0,60,3.0,1,0.14807724364008049
1.665,0.0631787448609295,84.1728870216122,0,60,3.0,1,0.15700910639087523
1.67,0.05304460019959574,84.5464696298717,0,60,3.0,1,0.16579928540874575
1.675,0.044185078305849994,84.90886059231357,0,60,3.0,1,0.17432613158384877
1.68,0.03651525513023255,85.25532179626946,0,60,3.0,1,0.1824781599122225
1.685,0.0299390014708757,85.58143722891543,0,60,3.0,1,0.1901514642097749
1.69,0.024353677220580638,85.88307248935271,0,60,3.0,1,0.19724876445535797
1.695,0.01965423034339045,86.15638018885323,0,60,3.0,1,0.20367953385537022
1.7,0.015736632374757337,86.39783327928087,0,60,3.0,1,0.20936078304190292
1.705,0.012500627640593535,86.60427312857465,0,60,3.0,1,0.21421819126057992
1.71,0.009851811652115898,86.77296292498974,0,60,3.0,1,0.2181873629409351
1.715,0.007703084175428559,86.90163978459339,0,60,3.0,1,0.22121505375513847
1.72,0.005975544002062424,86.9885609412461,0,60,3.0,1,0.22326025744108485
1.725,0.004598905818663047,87.0325408276639,0,60,3.0,1,0.22429507829797396
1.73,0.0035115256454839104,87.03297689853875,0,60,3.0,1,0.22430533878914702
1.735,0.002660121266303676,86.98986284516437,0,60,3.0,1,0.22329089047445572
1.74,0.0019992692560877024,86.90378850197658,0,60,3.0,1,0.2212656118112136
1.745,0.0014907520044639367,86.77592630638017,0,60,3.0,1,0.21825708956188639
1.75,0.0011028178277539807,86.60800467318072,0,60,3.0,1,0.2143059923101345
1.755,0.0008094059938923333,86.40226909402966,0,60,3.0,1,0.20946515515363912
1.76,0.0005893771793717645,86.1614321695787,0,60,3.0,1,0.2037984039900871
1.765,0.0004257792353490551,85.88861412108902,0,60,3.0,1,0.19737915579032989
1.77,0.0003051686392901525,85.58727560093486,0,60,3.0,1,0.19028883766905552
1.775,0.00021699992642659966,85.26114482043914,0,60,3.0,1,0.18261517224562687
1.78,0.00015308884054097838,84.91414113369896,0,60,3.0,1,0.17445037961644616
1.785,0.00010714989329311098,84.55029725548142,0,60,3.0,1,0.16588934718779824
1.79,7.440535854020571e-05,84.17368225126495,0,60,3.0,1,0.15702781767682233
1.795,5.1260276743925106e-05,83.78832732279227,0,60,3.0,1,0.1479606428892299
1.8,3.503659887882241e-05,83.3981562308963,0,60,3.0,1,0.13878014660932483
1.805,2.375894748103639e-05,83.00692195925262,0,60,3.0,1,0.12957463433535582
1.81,1.5984413869232557e-05,82.6181509404913,0,60,3.0,1,0.12042708095273658
1.815,1.0669166579899869e-05,82.23509585343183,0,60,3.0,1,0.11141402008074892
1.82,7.06526633560511e-06,81.86069767131502,0,60,3.0,1,0.10260465108976526
1.825,4.641847214699205e-06,81.49755730985156,0,60,3.0,1,0.09406017199650725
1.83,3.025641074479182e-06,81.14791690391355,0,60,3.0,1,0.08583333891561304
1.835,1.9566278676921314e-06,80.81365044457142,0,60,3.0,1,0.0779682457546217
1.84,1.2553456560008793e-06,80.49626324385221,0,60,3.0,1,0.07050031162005205
1.845,7.990660428214668e-07,80.19689947078584,0,60,3.0,1,0.06345645813613734
1.85,5.046221251618276e-07,79.91635682432248,0,60,3.0,1,0.056855454689940646
1.855,3.1616527078858815e-07,79.65510727941233,0,60,3.0,1,0.050708406574407866
1.86,1.9652884407760343e-07,79.41332276242515,0,60,3.0,1,0.045019359115885955
1.865,1.2120002189836396e-07,79.19090457947316,0,60,3.0,1,0.03978599010525072
1.87,7.415549848886236e-08,78.98751543252128,0,60,3.0,1,0.035000363118147707
1.875,4.501406988770349e-08,78.80261290834281,0,60,3.0,1,0.030649715490419033
1.88,0.0,78.63548340820051,0,60,3.0,1,0.026717256663541508
1.885,0.0,78.4852755946948,0,60,3.0,1,0.023182955169289365
1.89,0.0,78.35103255931459,0,60,3.0,1,0.020024295513284454
1.895,0.0,78.23172205271597,0,60,3.0,1,0.017216989475669794
1.9,0.0,78.12626426290419,0,60,3.0,1,0.01473562971539262
1.905,0.0,78.03355676823388,0,60,3.0,1,0.012554276899620685
1.91,0.0,77.95249642725605,0,60,3.0,1,0.010646974758965906
1.915,0.0,77.88199809170625,0,60,3.0,1,0.008988190393088256
1.92,0.0,77.82101013916764,0,60,3.0,1,0.007553179745120949
1.925,0.0,77.76852691602545,0,60,3.0,1,0.006318280377069427
1.93,0.0,77.72359825811775,0,60,3.0,1,0.005261135485123452
1.935,0.0,77.68533631573966,0,60,3.0,1,0.004360854487992035
1.94,0.0,77.65291995190405,0,60,3.0,1,0.003598116515389486
1.945,0.0,77.62559700915529,0,60,3.0,1,0.0029552237448302442
1.95,0.0,77.60268475239863,0,60,3.0,1,0.002416111821144247
1.955,0.0,77.58356879509424,0,60,3.0,1,0.00196632459045264
1.96,0.0,77.56770080589084,0,60,3.0,1,0.0015929601386079305
1.965,0.0,77.55459527451477,0,60,3.0,1,0.0012845946944651133
1.97,0.0,77.54382559159987,0,60,3.0,1,0.0010311903905851657
1.975,0.0,77.53501966911314,0,60,3.0,1,0.0008239922144268268
1.98,0.0,77.52785529786952,0,60,3.0,1,0.00065541877340051
1.985,0.0,77.52205540785289,0,60,3.0,1,0.000518950773009157
1.99,0.0,77.51738336692351,0,60,3.0,1,0.00040902039820025495
1.995,0.0,77.51363842497241,0,60,3.0,1,0.00032090411699795473
2.0,0.0,77.51065138439854,0,60,3.0,1,0.00025062080937747103
2.005,0.0,77.50828055441168,0,60,3.0,1,0.00019483657439255854
2.01,0.0,77.5064080263656,0,60,3.0,1,0.00015077709095541702
2.015,0.0,77.50493629018625,0,60,3.0,1,0.00011614800438237313
2.02,0.0,77.50378519791671,0,60,3.0,1,8.906348039324578e-05
2.025,0.0,77.50288926928084,0,60,3.0,1,6.798280660806246e-05
2.03,0.0,77.50219532571992,0,60,3.0,1,5.165472282174853e-05
2.035,0.0,77.50166043327717,0,60,3.0,1,3.9069018286267345e-05
2.04,0.0,77.50125013066801,0,60,3.0,1,2.941483924734498e-05
2.045,0.0,77.50093691654406,0,60,3.0,1,2.204509515442677e-05
2.05,0.0,77.50069896901469,0,60,3.0,1,1.644632975746711e-05
2.055,0.0,77.50051907063157,0,60,3.0,1,1.2213426625147109e-05
2.06,0.0,77.50038371299648,0,60,3.0,1,9.028541093665112e-06
2.065,0.0,77.50028235668749,0,60,3.0,1,6.643686764525281e-06
2.07,0.0,77.50020682411044,0,60,3.0,1,4.866449657302998e-06
2.075,0.0,77.50015080500992,0,60,3.0,1,3.5483531746649534e-06
2.08,0.0,77.50010945658438,0,60,3.0,1,2.575449044303134e-06
2.085,0.0,77.50007908234369,0,60,3.0,1,1.8607610279693344e-06
2.09,0.0,77.50005687595332,0,60,3.0,1,1.3382577251644868e-06
2.095,0.0,77.50004071827436,0,60,3.0,1,9.580770438333276e-07
2.1,0.0,77.5000290176045,0,60,3.0,1,6.827671648031409e-07
2.105,0.0,77.5000205847344,0,60,3.0,1,4.843466917784955e-07
2.11,0.0,77.50001453585212,0,60,3.0,1,3.420200498032286e-07
2.115,0.0,77.50001021756106,0,60,3.0,1,2.4041320129446617e-07
2.12,0.0,77.50000714933266,0,60,3.0,1,1.6821959200248838e-07
2.125,0.0,77.5000049796095,0,60,3.0,1,1.1716728234954216e-07
2.13,0.001684486749771458,77.50000345252305,0,60,3.0,1,8.123583637932503e-08
2.135,0.003097557930867117,77.50000238280994,0,60,3.0,1,5.606611620458031e-08
2.14,0.005475106668887023,77.50000163701907,0,60,3.0,1,3.851809571428663e-08
2.145,0.00930222931468658,77.50000111951415,0,60,3.0,1,2.6341509470405393e-08
2.15,0.01519157517868857,77.50000076210877,0,60,3.0,1,1.7931971034854273e-08
2.155,0.023847336626128316,77.50000051643521,0,60,3.0,1,1.2151416646755773e-08
2.16,0.0359830743700859,77.50000034835837,0,60,3.0,1,8.196667522497591e-09
2.165,0.05218887796857759,77.50000023390967,0,60,3.0,1,5.503757031821057e-09
2.17,0.0727577001223134,77.50000015634414,0,60,3.0,1,3.678685716830146e-09
2.175,0.0974992498694751,77.50000010402233,0,60,3.0,1,2.4475843260648508e-09
2.18,0.12558706050443358,77.50000006889427,0,60,3.0,1,1.621041559808552e-09
2.185,0.15549263588878245,77.5000000454204,0,60,3.0,1,1.0687154586134164e-09
2.19,0.1850529723539114,77.50000002980784,0,60,3.0,1,7.013608517488191e-10
2.195,0.21169159439317053,77.5000000194725,0,60,3.0,1,4.5817634653597934e-10
2.2,0.23277292922115492,77.50000001266264,0,60,3.0,1,2.9794444558587306e-10
2.205,0.24602692519491282,77.50000000819668,0,60,3.0,1,1.9286303273367915e-10
2.21,0.24995056064839283,77.50000000528158,0,60,3.0,1,1.2427241980570696e-10
2.215,0.24408826520424054,77.50000000338767,0,60,3.0,1,7.970985440325047e-11
2.22,0.22911894216865275,77.50000000216296,0,60,3.0,1,5.089325039828991e-11
2.225,0.20672661788705934,77.5000000013747,0,60,3.0,1,3.234591157011249e-11
2.23,0.17928878030241233,77.50000000086972,0,60,3.0,1,2.0463965162943007e-11
2.235,0.14946211903866036,77.50000000054773,0,60,3.0,1,1.2887740547953666e-11
2.24,0.1197651512573837,77.50000000034336,0,60,3.0,1,8.07912168538143e-12
2.245,0.09224675744988023,77.50000000021427,0,60,3.0,1,5.041676879901548e-12
2.25,0.06829565320281596,77.5000000001331,0,60,3.0,1,3.131738006178399e-12
2.255,0.04860224607515734,77.5000000000823,0,60,3.0,1,1.9363543448408188e-12
2.26,0.03324612389699793,77.50000000005066,0,60,3.0,1,1.1920399308163562e-12
2.265,0.021859876340472782,77.50000000003104,0,60,3.0,1,7.302707458353218e-13
2.27,0.01381595518554205,77.50000000001893,0,60,3.0,1,4.453849054270369e-13
2.275,0.008394095110402422,77.5000000000115,0,60,3.0,1,2.7050779916702167e-13
2.28,0.0049052535271608,77.50000000000695,0,60,3.0,1,1.6350842248785364e-13
2.285,0.0027671663551903634,77.50000000000418,0,60,3.0,1,9.830567732398563e-14
2.29,0.0015425553464444616,77.5000000000025,0,60,3.0,1,5.884965717354242e-14
2.295,0.0009638206637011801,77.50000000000149,0,60,3.0,1,3.510917047285201e-14
2.3,0.0009804935156568228,77.50000000000088,0,60,3.0,1,2.0731129231588804e-14
2.305,0.0018793744894085216,77.50000000000053,0,60,3.0,1,1.2371802928528803e-14
2.31,0.004535525206900863,77.50000000000031,0,60,3.0,1,7.356207146692803e-15
2.315,0.010832767979632273,77.50000000000018,0,60,3.0,1,4.3468496775912015e-15
2.32,0.024208003392322392,77.5000000000001,0,60,3.0,1,2.3406113648568006e-15
2.325,0.0500971897335304,77.50000000000006,0,60,3.0,1,1.3374922084896003e-15
2.33,0.09582894921774403,77.50000000000003,0,60,3.0,1,6.687461042448002e-16
2.335,0.16937896721820658,77.50000000000001,0,60,3.0,1,3.343730521224001e-16
2.34,0.27661303008991756,77.50000000000001,0,60,3.0,1,3.343730521224001e-16
2.345,0.4173782800009149,77.5,0,60,3.0,1,0.0
2.35,0.5818720934538056,77.5,0,60,3.0,1,0.0
2.355,0.7494718801585675,77.5,0,60,3.0,1,0.0
2.36,0.891813020752378,77.5,0,60,3.0,1,0.0
2.365,0.9800361632936612,77.5,0,60,3.0,1,0.0
2.37,0.993574479225126,77.50000249121213,1,60,3.0,1,5.861675597717455e-08
2.375,0.9263438449375362,77.50000372341158,0,60,3.0,1,8.76096842549647e-08
2.38,0.7873015962290536,77.50000566573632,0,60,3.0,1,1.3331144293046877e-07
2.385,0.5959516244629897,77.50000885571517,0,60,3.0,1,2.0836976860289938e-07
2.39,0.376910120078773,77.5000143442108,0,60,3.0,1,3.375108422808219e-07
2.395,0.15739335672107918,77.50002422617413,0,60,3.0,1,5.700276266693169e-07
2.4,-0.033361226269301235,77.5000427028138,0,60,3.0,1,1.004772089425601e-06
2.405,-0.1680180840843834,77.50007816180982,0,60,3.0,1,1.8391014076341355e-06
2.41,-0.23069703190837854,77.50014715410653,0,60,3.0,2,3.462449565377563e-06
2.415,-0.22587267821131068,77.50028180178532,0,60,3.0,2,6.630630242826181e-06
2.42,-0.17718181630665902,77.50054322550362,0,60,3.0,2,1.278177655575853e-05
2.425,-0.11494332516451301,77.50104519934338,0,60,3.0,2,2.4592925726598396e-05
2.43,-0.061810214049552864,77.5019946069251,0,60,3.0,2,4.6931927649291755e-05
2.435,-0.026546104631500547,77.5037585332353,0,60,3.0,2,8.84360761246813e-05
2.44,-0.00719600351942686,77.50697200898993,0,60,3.0,2,0.0001640472703513751
2.445,0.0022072757983807078,77.51270529927623,0,60,3.0,2,0.0002989482182643395
2.45,0.006917199873730717,77.52271452958749,0,60,3.0,2,0.0005344595197056258
2.455,0.01004859748264829,77.53980306848347,0,60,3.0,2,0.0009365427878462389
2.46,0.013037082251128167,77.56832134239289,0,60,3.0,2,0.0016075609974798093
2.465,0.01645163937690478,77.61482673961324,0,60,3.0,2,0.0027018056379584806
2.47,0.020526639934696615,77.68890950334405,0,60,3.0,2,0.00444492949044823
2.475,0.02539629541761738,77.80416164410791,0,60,3.0,2,0.007156744567244874
2.48,0.031171612185577933,77.97922176091217,0,60,3.0,2,0.01127580613910983
2.485,0.03795853426638131,78.23876984767003,0,60,3.0,2,0.01738281994517713
2.49,0.0458588961882057,78.61427774417872,0,60,3.0,2,0.026218299863028746
2.495,0.054966995891435555,79.14425377773641,0,60,3.0,2,0.03868832418203316
2.5,0.06536491004445595,79.87367141614877,0,60,3.0,2,0.055851092144676866
2.505,0.07711726085088699,80.85226321841371,0,60,3.0,2,0.07887678160973437
2.51,0.09026570629555215,82.13141577006257,0,60,3.0,2,0.10897448870735468
2.515,0.10482339848670268,83.75953624114675,0,60,3.0,2,0.14728320567404113
2.52,0.12076968927580028,85.77598170873861,0,60,3.0,2,0.194728981382085
2.525,0.13804539501007884,88.20393375867974,0,60,3.0,2,0.2518572649101115
2.53,0.15654895051787066,91.04292460747617,0,60,3.0,2,0.3186570495876745
2.535,0.17613378141900526,94.26201607275954,0,60,3.0,2,0.39440037818257734
2.54,0.19660720058055794,97.79482424498563,0,60,3.0,2,0.47752527635260317
2.545,0.21773108748496234,101.53759738630791,0,60,3.0,2,0.5655905267366567
2.55,0.23922453870058807,105.3513407407053,0,60,3.0,2,0.6553256644871834
2.555,0.2607685857914563,109.06852903363313,0,60,3.0,2,0.7427889184384265
2.56,0.2820129681603682,112.50429888557557,0,60,3.0,2,0.8236305620135427
2.565,0.30258482867153996,115.47126720378189,0,60,3.0,2,0.8934415812654563
2.57,0.3220990771751686,117.7964161312735,0,60,3.0,2,0.9481509677946707
2.575,0.3401700499968971,119.33797080523625,0,60,3.0,2,0.9844228424761471
2.58,0.3564239911198326,120.0,0,60,3.0,2,1.0
2.585,0.3705118017738417,119.7426611812198,0,60,3.0,2,0.9939449689698777
2.59,0.3821214567925213,118.58658020872706,0,60,3.0,2,0.9667430637347543
2.595,0.39098947374066967,116.61070850950588,0,60,3.0,2,0.9202519649295502
2.6,0.3969108472035567,113.9439788386618,0,60,3.0,2,0.8575053844391013
2.605,0.3997469255491936,110.75199740591255,0,60,3.0,2,0.7823999389626481
2.61,0.3994308076379137,107.2206921691615,0,60,3.0,2,0.6993104039802704
2.615,0.3959699661768434,103.53916545558414,0,60,3.0,2,0.6126862460137444
2.62,0.38944595408114946,99.8839337575341,0,60,3.0,2,0.5266807942949199
2.625,0.38001120995358023,96.40632192670691,0,60,3.0,2,0.44485463356957433
2.63,0.3678831374098315,93.22412349368534,0,60,3.0,2,0.369979376322008
2.635,0.35333577933796634,90.41788995743916,0,60,3.0,2,0.3039503519397449
2.64,0.33668953221163944,88.03151588330014,0,60,3.0,2,0.24780037372470928
2.645,0.3182994390982644,86.07625796361283,0,60,3.0,2,0.20179430502618428
2.65,0.29854265738230645,84.5370279224049,0,60,3.0,2,0.1655771275859977
2.655,0.2778057157821067,83.37973857390041,0,60,3.0,2,0.13834678997412733
2.66,0.2564721553719815,82.55862010723355,0,60,3.0,2,0.11902635546431885
2.665,0.23491109433464996,82.02269163308073,0,60,3.0,2,0.10641627371954648
2.67,0.21346717185309805,81.7208947594175,0,60,3.0,2,0.09931517080982363
2.675,0.19245222055656455,81.60570426339612,0,60,3.0,2,0.09660480619755576
2.68,0.17213889801761392,81.63527895285004,0,60,3.0,2,0.09730068124353045
2.685,0.15275638501270183,81.77438082247657,0,60,3.0,2,0.10057366641121349
2.69,0.13448814019607322,81.99437146551553,0,60,3.0,2,0.10574991683565947
2.695,0.11747159495449566,82.27260550161496,0,60,3.0,2,0.1122966000379991
2.7,0.10179958433370105,82.59150327402068,0,60,3.0,2,0.11980007703578073
2.705,0.08752324394101413,82.93752194051363,0,60,3.0,2,0.12794169271796785
2.71,0.07465606047174059,83.30017433941072,0,60,3.0,2,0.1364746903390757
2.715,0.0631787448609295,83.67118175636352,0,60,3.0,2,0.1452042766203182
2.72,0.05304460019959574,84.04379693864932,0,60,3.0,2,0.1539716926741017
2.725,0.044185078305849994,84.41229937549842,0,60,3.0,2,0.16264233824702168
2.73,0.03651525513023255,84.77164460601541,0,60,3.0,2,0.17109752014153914
2.735,0.0299390014708757,85.11724003927537,0,60,3.0,2,0.17922917739471467
2.74,0.024353677220580638,85.44481795636241,0,60,3.0,2,0.18693689309088032
2.745,0.01965423034339045,85.75037887725323,0,60,3.0,2,0.19412656181772298
2.75,0.015736632374757337,86.03018294186066,0,60,3.0,2,0.20071018686730963
2.755,0.012500627640593535,86.28077181906679,0,60,3.0,2,0.2066063957427479
2.76,0.009851811652115898,86.49900806230578,0,60,3.0,2,0.21174136617190062
2.765,0.007703084175428559,86.6821224211215,0,60,3.0,2,0.216049939320506
2.77,0.005975544002062424,86.82776235320729,0,60,3.0,2,0.21947676125193624
2.775,0.004598905818663047,86.93403697818069,0,60,3.0,2,0.22197734066307495
2.78,0.0035115256454839104,86.9995551458528,0,60,3.0,2,0.22351894460830107
2.785,0.002660121266303676,87.02345432694817,0,60,3.0,2,0.2240812782811334
2.79,0.0019992692560877024,87.00541881040031,0,60,3.0,2,0.22365691318588976
2.795,0.0014907520044639367,86.94568630692714,0,60,3.0,2,0.2222514425159328
2.8,0.0011028178277539807,86.84504257667551,0,60,3.0,2,0.21988335474530613
2.805,0.0008094059938923333,86.70480415477111,0,60,3.0,2,0.21658362717108495
2.81,0.0005893771793717645,86.52678965868259,0,60,3.0,2,0.2123950507925315
2.815,0.0004257792353490551,86.31328052916109,0,60,3.0,2,0.20737130656849626
2.82,0.0003051686392901525,86.06697237901106,0,60,3.0,2,0.20157582068261323
2.825,0.00021699992642659966,85.79091839488574,0,60,3.0,2,0.19508043282084084
2.83,0.00015308884054097838,85.48846645000259,0,60,3.0,2,0.1879639164706492
2.835,0.00010714989329311098,85.16319173460023,0,60,3.0,2,0.1803103937552996
2.84,7.440535854020571e-05,84.81882679268512,0,60,3.0,2,0.17220768923964977
2.845,5.1260276743925106e-05,84.45919086732634,0,60,3.0,2,0.16374566746650215
2.85,3.503659887882241e-05,84.08812040440279,0,60,3.0,2,0.1550145977506538
2.855,2.375894748103639e-05,83.70940245092062,0,60,3.0,2,0.14610358708048518
2.86,1.5984413869232557e-05,83.3267125158391,0,60,3.0,2,0.13709911801974364
2.865,1.0669166579899869e-05,82.9435582478008,0,60,3.0,2,0.12808372347766575
2.87,7.06526633560511e-06,82.56323003577715,0,60,3.0,2,0.11913482437122712
2.875,4.641847214699205e-06,82.18875936685065,0,60,3.0,2,0.11032374980825052
2.88,3.025641074479182e-06,81.82288549193832,0,60,3.0,2,0.10171495275148994
2.885,1.9566278676921314e-06,81.46803066676559,0,60,3.0,2,0.09336542745330789
2.89,1.2553456560008793e-06,81.1262839626152,0,60,3.0,2,0.08532432853212246
2.895,7.990660428214668e-07,80.79939338889601,0,60,3.0,2,0.07763278562108253
2.9,5.046221251618276e-07,80.48876584542448,0,60,3.0,2,0.07032390224528191
2.905,3.1616527078858815e-07,80.19547423270582,0,60,3.0,2,0.06342292312248989
2.91,1.9652884407760343e-07,79.9202708976926,0,60,3.0,2,0.056947550533943604
2.915,1.2120002189836396e-07,79.6636064827602,0,60,3.0,2,0.0509083878296518
2.92,7.415549848886236e-08,79.42565317731419,0,60,3.0,2,0.04530948652503974
2.925,4.501406988770349e-08,79.20633134313105,0,60,3.0,2,0.04014897277955423
2.93,0.0,79.0053384932931,0,60,3.0,2,0.03541972925395519
2.935,0.0,78.8221796462389,0,60,3.0,2,0.031110109323268086
2.94,0.0,78.65619814591867,0,60,3.0,2,0.027204662256909776
2.945,0.0,78.50660613063378,0,60,3.0,2,0.02368485013255963
2.95,0.0,78.37251394090141,0,60,3.0,2,0.02052973978591561
2.955,0.0,78.25295787470216,0,60,3.0,2,0.017716655875344982
2.96,0.0,78.1469258211184,0,60,3.0,2,0.015221784026315324
2.965,0.0,78.05338042554777,0,60,3.0,2,0.013020715895241692
2.97,0.0,77.97127955695117,0,60,3.0,2,0.011088930751792332
2.975,0.0,77.89959395632401,0,60,3.0,2,0.009402210737035562
2.98,0.0,77.83732204296959,0,60,3.0,2,0.007936989246343274
2.985,0.0,77.78350193925876,0,60,3.0,2,0.006670633864911893
2.99,0.0,77.73722084425567,0,60,3.0,2,0.005581666923662919
2.995,0.0,77.69762194149929,0,60,3.0,2,0.004649928035277472
3.0,0.0,77.66390906663102,0,60,3.0,2,0.003856683920729906
3.005,0.0,77.63534938726814,0,60,3.0,2,0.0031846914651326
3.01,0.0,77.61127436177995,0,60,3.0,2,0.0026182202771752494
3.015,0.0,77.5910792469617,0,60,3.0,2,0.0021430411049811267
3.02,0.0,77.57422141874044,0,60,3.0,2,0.0017463863233043706
3.025,0.0,77.56021775677608,0,60,3.0,2,0.0014168883947313722
3.03,0.0,77.54864132491808,0,60,3.0,2,0.0011445017627783514
3.035,0.0,77.53911755662756,0,60,3.0,2,0.0009204130971190406
3.04,0.0,77.5313201292124,0,60,3.0,2,0.0007369442167624343
3.045,0.0,77.52496668439925,0,60,3.0,2,0.0005874513976293121
3.05,0.0,77.51981452651602,0,60,3.0,2,0.00046622415331800017
3.055,0.0,77.51565640430015,0,60,3.0,2,0.0003683859835328295
3.06,0.0,77.5123164587779,0,60,3.0,2,0.00028979903006830574
3.065,0.0,77.50964639827288,0,60,3.0,2,0.00022697407700889016
3.07,0.0,77.50752194270535,0,60,3.0,2,0.00017698688718476607
3.075,0.0,77.50583956308617,0,60,3.0,2,0.00013740148438046162
3.08,0.0,77.50451352850199,0,60,3.0,2,0.00010620067063501559
3.085,0.0,77.50347326184257,0,60,3.0,2,8.172380806052067e-05
3.09,0.0,77.50266099686111,0,60,3.0,2,6.261169084964155e-05
3.095,0.0,77.50202972266136,0,60,3.0,2,4.775818026734455e-05
3.1,0.0,77.50154139710868,0,60,3.0,2,3.626816726309431e-05
3.105,0.0,77.50116540769321,0,60,3.0,2,2.7421357487235263e-05
3.11,0.0,77.50087725675803,0,60,3.0,2,2.06413354830789e-05
3.115,0.0,77.50065744748079,0,60,3.0,2,1.5469352489189452e-05
3.12,0.0,77.50049054732276,0,60,3.0,2,1.154228994718163e-05
3.125,0.0,77.5003644066177,0,60,3.0,2,8.574273357787794e-06
3.13,0.0,77.50026951137633,0,60,3.0,2,6.34144414896261e-06
3.135,0.0,77.50019845107221,0,60,3.0,2,4.669436993133465e-06
3.14,0.0,77.50014548402194,0,60,3.0,2,3.4231534574674323e-06
3.145,0.0,77.50010618487227,0,60,3.0,2,2.498467582721359e-06
3.15,0.0,77.50007716058299,0,60,3.0,2,1.8155431291688728e-06
3.155,0.0,77.50005582308748,0,60,3.0,2,1.3134844112648673e-06
3.16,0.0,77.50004020848472,0,60,3.0,2,9.460819934006662e-07
3.165,0.0,77.5000288341439,0,60,3.0,2,6.784504448125303e-07
3.17,0.0,77.50002058647162,0,60,3.0,2,4.843875675466253e-07
3.175,0.0,77.50001463329997,0,60,3.0,2,3.443129404492057e-07
3.18,0.0,77.50001035590681,0,60,3.0,2,2.4366839551583005e-07
3.185,0.0,77.50000729658244,0,60,3.0,2,1.7168429267525532e-07
3.19,0.0,77.50000511842512,0,60,3.0,2,1.2043353228150142e-07
3.195,0.0,77.50000357469273,0,60,3.0,2,8.41104170991885e-08
3.2,0.001684486749771458,77.50000248557333,0,60,3.0,2,5.848407842195764e-08
3.205,0.003097557930867117,77.50000172067934,0,60,3.0,2,4.048657260949874e-08
3.21,0.005475106668887023,77.50000118592934,0,60,3.0,2,2.7904219651271192e-08
3.215,0.00930222931468658,77.50000081377281,0,60,3.0,2,1.914759563452903e-08
3.22,0.01519157517868857,77.50000055594656,0,60,3.0,2,1.3081095443447019e-08
3.225,0.023847336626128316,77.50000037813633,0,60,3.0,2,8.897325522090849e-09
3.23,0.0359830743700859,77.50000025606445,0,60,3.0,2,6.025045957572087e-09
3.235,0.05218887796857759,77.50000017263771,0,60,3.0,2,4.062063814725501e-09
3.24,0.0727577001223134,77.50000011587974,0,60,3.0,2,2.7265821913983124e-09
3.245,0.0974992498694751,77.50000007743992,0,60,3.0,2,1.822115791583201e-09
3.25,0.12558706050443358,77.50000005152378,0,60,3.0,2,1.2123243376503096e-09
3.255,0.15549263588878245,77.50000003412998,0,60,3.0,2,8.030584093135344e-10
3.26,0.1850529723539114,77.50000002250869,0,60,3.0,2,5.296161522410865e-10
3.265,0.21169159439317053,77.50000001477915,0,60,3.0,2,3.477446304767749e-10
3.27,0.23277292922115492,77.50000000966128,0,60,3.0,2,2.2732418823151794e-10
3.275,0.24602692519491282,77.50000000628789,0,60,3.0,2,1.479503787456505e-10
3.28,0.24995056064839283,77.50000000407437,0,60,3.0,2,9.586742902790908e-11
3.285,0.24408826520424054,77.50000000262847,0,60,3.0,2,6.184630846666336e-11
3.29,0.22911894216865275,77.50000000168822,0,60,3.0,2,3.972284984603688e-11
3.295,0.20672661788705934,77.50000000107954,0,60,3.0,2,2.5400983277530246e-11
3.3,0.17928878030241233,77.5000000006873,0,60,3.0,2,1.6171618292847758e-11
3.305,0.14946211903866036,77.50000000043563,0,60,3.0,2,1.0250205912812174e-11
3.31,0.1197651512573837,77.50000000027491,0,60,3.0,2,6.46844669330783e-12
3.315,0.09224675744988023,77.50000000017272,0,60,3.0,2,4.063970075495651e-12
3.32,0.06829565320281596,77.50000000010805,0,60,3.0,2,2.542238315286608e-12
3.325,0.04860224607515734,77.50000000006729,0,60,3.0,2,1.5832564017995643e-12
3.33,0.03324612389699793,77.50000000004172,0,60,3.0,2,9.817192810313666e-13
3.335,0.021859876340472782,77.50000000002575,0,60,3.0,2,6.058839704457889e-13
3.34,0.01381595518554205,77.50000000001583,0,60,3.0,2,3.724915800643537e-13
3.345,0.008394095110402422,77.50000000000968,0,60,3.0,2,2.2770804849535446e-13
3.35,0.0049052535271608,77.5000000000059,0,60,3.0,2,1.3876481663079605e-13
3.355,0.0027671663551903634,77.50000000000358,0,60,3.0,2,8.426200913484483e-14
3.36,0.0015425553464444616,77.50000000000216,0,60,3.0,2,5.0824703922604816e-14
3.365,0.0009638206637011801,77.5000000000013,0,60,3.0,2,3.042794774313841e-14
3.37,0.0009804935156568228,77.50000000000078,0,60,3.0,2,1.8390517866732006e-14
3.375,0.0018793744894085216,77.50000000000047,0,60,3.0,2,1.1034310720039203e-14
3.38,0.004535525206900863,77.50000000000027,0,60,3.0,2,6.353087990325602e-15
3.385,0.010832767979632273,77.50000000000016,0,60,3.0,2,3.678103573346401e-15
3.39,0.024208003392322392,77.5000000000001,0,60,3.0,2,2.3406113648568006e-15
3.395,0.0500971897335304,77.50000000000006,0,60,3.0,2,1.3374922084896003e-15
3.4,0.09582894921774403,77.50000000000003,0,60,3.0,2,6.687461042448002e-16
3.405,0.16937896721820658,77.50000000000001,0,60,3.0,2,3.343730521224001e-16
3.41,0.27661303008991756,77.50000000000001,0,60,3.0,2,3.343730521224001e-16
3.415,0.4173782800009149,77.5,0,60,3.0,2,0.0
3.42,0.5818720934538056,77.5,0,60,3.0,2,0.0
3.425,0.7494718801585675,77.5,0,60,3.0,2,0.0
3.43,0.891813020752378,77.5,0,60,3.0,2,0.0
3.435,0.9800361632936612,77.5,0,60,3.0,2,0.0
3.44,0.993574479225126,77.50000248994282,1,60,3.0,2,5.8586889776158976e-08
3.445,0.9263438449375362,77.50000380552395,0,60,3.0,2,8.954173989984744e-08
3.45,0.7873015962290536,77.50000593638781,0,60,3.0,2,1.39679713129226e-07
3.455,0.5959516244629897,77.50000955146527,0,60,3.0,2,2.2474035925851614e-07
3.46,0.376910120078773,77.50001601150335,0,60,3.0,2,3.7674125524865623e-07
3.465,0.15739335672107918,77.50002813833666,0,60,3.0,2,6.62078509642871e-07
3.47,-0.033361226269301235,77.50005180683414,0,60,3.0,2,1.2189843326215102e-06
3.475,-0.1680180840843834,77.50009915896051,0,60,3.0,2,2.3331520119828543e-06
3.48,-0.23069703190837854,77.5001949173451,0,60,3.0,2,4.586290472897257e-06
3.485,-0.22587267821131068,77.50038842890842,0,60,3.0,2,9.13950372759085e-06
3.49,-0.17718181630665902,77.50077594134726,0,60,3.0,2,1.8257443464870662e-05
3.495,-0.11494332516451301,77.50154050202146,0,60,3.0,2,3.6247106387196145e-05
3.5,-0.061810214049552864,77.50302106429805,0,60,3.0,2,7.108386583655267e-05
3.505,-0.026546104631500547,77.50582806699363,0,60,3.0,2,0.00013713098808539945
3.51,-0.00719600351942686,77.5110297722934,0,60,3.0,2,0.00025952405396230247
3.515,0.0022072757983807078,77.52044123887686,0,60,3.0,2,0.00048097032651425893
3.52,0.006917199873730717,77.53705421595274,0,60,3.0,2,0.0008718639047702602
3.525,0.01004859748264829,77.5656483921687,0,60,3.0,2,0.0015446680510281647
3.53,0.013037082251128167,77.61361778133262,0,60,3.0,2,0.002673359560767561
3.535,0.01645163937690478,77.69202488768812,0,60,3.0,2,0.004518232651485184
3.54,0.020526639934696615,77.81685387265462,0,60,3.0,2,0.007455385238932208
3.545,0.02539629541761738,78.01036829501618,0,60,3.0,2,0.012008665765086548
3.55,0.031171612185577933,78.30238982620193,0,60,3.0,2,0.018879760616516035
3.555,0.03795853426638131,78.73121019613063,0,60,3.0,2,0.02896965167366194
3.56,0.0458588961882057,79.34374842619829,0,60,3.0,2,0.043382315910547975
3.565,0.054966995891435555,80.19449891225777,0,60,3.0,2,0.0633999744060652
3.57,0.06536491004445595,81.34282055819683,0,60,3.0,2,0.09041930725169021
3.575,0.07711726085088699,82.84823024479076,0,60,3.0,2,0.12584071164213542
3.58,0.09026570629555215,84.76361058293982,0,60,3.0,2,0.17090848430446634
3.585,0.10482339848670268,87.12662098861364,0,60,3.0,2,0.2265087291438503
3.59,0.12076968927580028,89.95007326204762,0,60,3.0,2,0.29294290028347353
3.595,0.13804539501007884,93.21251614850307,0,60,3.0,2,0.3697062623177193
3.6,0.15654895051787066,96.85065144980784,0,60,3.0,2,0.45530944587783156
3.605,0.17613378141900526,100.75534889717845,0,60,3.0,2,0.5471846799336106
3.61,0.19660720058055794,104.77283232444243,0,60,3.0,2,0.6417137017515867
3.615,0.21773108748496234,108.71203014349793,0,60,3.0,3,0.7344007092587748
3.62,0.23922453870058807,112.35816304783853,0,60,3.0,3,0.8201920717138478
3.625,0.2607685857914563,115.49152435431921,0,60,3.0,3,0.8939182201016285
3.63,0.2820129681603682,117.90931557476307,0,60,3.0,3,0.9508074252885428
3.635,0.30258482867153996,119.44758504432397,0,60,3.0,3,0.987002001042917
3.64,0.3220990771751686,120.0,0,60,3.0,3,1.0
3.645,0.3401700499968971,119.53048331157143,0,60,3.0,3,0.9889525485075631
3.65,0.3564239911198326,118.07764512178605,0,60,3.0,3,0.954768120512613
3.655,0.3705118017738417,115.75027089627324,0,60,3.0,3,0.9000063740299585
3.66,0.3821214567925213,112.71461532107598,0,60,3.0,3,0.8285791840253173
3.665,0.39098947374066967,109.17558029645926,0,60,3.0,3,0.7453077716813943
3.67,0.3969108472035567,105.35475009686118,0,60,3.0,3,0.6554058846320278
3.675,0.3997469255491936,101.46855261644002,0,60,3.0,3,0.5639659439162358
3.68,0.3994308076379137,97.70949370222844,0,60,3.0,3,0.47551749887596334
3.685,0.3959699661768434,94.23259379733645,0,60,3.0,3,0.3937080893490929
3.69,0.38944595408114946,91.14806229054459,0,60,3.0,3,0.3211308774245785
3.695,0.38001120995358023,88.5201284436027,0,60,3.0,3,0.25929713984947533
3.7,0.3678831374098315,86.37103019757335,0,60,3.0,3,0.20873012229584345
3.705,0.35333577933796634,84.68858588314299,0,60,3.0,3,0.16914319725042332
3.71,0.33668953221163944,83.43558240598455,0,60,3.0,3,0.13966076249375406
3.715,0.3182994390982644,82.5593606642362,0,60,3.0,3,0.11904378033496929
3.72,0.29854265738230645,82.00035857665452,0,60,3.0,3,0.10589079003892989
3.725,0.2778057157821067,81.69885586979706,0,60,3.0,3,0.09879660870110724
3.73,0.2564721553719815,81.59963653358932,0,60,3.0,3,0.09646203608445456
3.735,0.23491109433464996,81.65466301792299,0,60,3.0,3,0.09775677689230552
3.74,0.21346717185309805,81.82410177142309,0,60,3.0,3,0.10174357109230794
3.745,0.19245222055656455,82.07615171988677,0,60,3.0,3,0.10767415811498274
3.75,0.17213889801761392,82.3861310312197,0,60,3.0,3,0.1149677889698754
3.755,0.15275638501270183,82.73521037592705,0,60,3.0,3,0.12318142061004832
3.76,0.13448814019607322,83.10908026135901,0,60,3.0,3,0.13197835909080027
3.765,0.11747159495449566,83.4967355800674,0,60,3.0,3,0.1410996607074681
3.77,0.10179958433370105,83.8894711137067,0,60,3.0,3,0.15034049679309894
3.775,0.08752324394101413,84.28011585858825,0,60,3.0,3,0.1595321378491352
3.78,0.07465606047174059,84.66249236323388,0,60,3.0,3,0.1685292320760913
3.785,0.0631787448609295,85.03106583868113,0,60,3.0,3,0.17720154914543834
3.79,0.05304460019959574,85.38074083876755,0,60,3.0,3,0.1854291962062953
3.795,0.044185078305849994,85.70676514941869,0,60,3.0,3,0.19310035645691026
3.8,0.03651525513023255,86.00470666351954,0,60,3.0,3,0.20011074502398923
3.805,0.0299390014708757,86.27047640104377,0,60,3.0,3,0.20636415061279448
3.81,0.024353677220580638,86.50037773141064,0,60,3.0,3,0.21177359368025028
3.815,0.01965423034339045,86.69116751454428,0,60,3.0,3,0.2162627650481006
3.82,0.015736632374757337,86.84011916090118,0,60,3.0,3,0.2197675096682631
3.825,0.012500627640593535,86.94508069587606,0,60,3.0,3,0.22223719284414253
3.83,0.009851811652115898,87.00452308891684,0,60,3.0,3,0.2236358373862786
3.835,0.007703084175428559,87.01757565612239,0,60,3.0,3,0.22394295661464445
3.84,0.005975544002062424,86.98404649438511,0,60,3.0,3,0.22315403516200263
3.845,0.004598905818663047,86.9044268139302,0,60,3.0,3,0.22128063091600472
3.85,0.0035115256454839104,86.77987880203669,0,60,3.0,3,0.21835008945968687
3.855,0.002660121266303676,86.61220732526297,0,60,3.0,3,0.2144048782414817
3.86,0.0019992692560877024,86.40381638099026,0,60,3.0,3,0.20950156190565328
3.865,0.0014907520044639367,86.15765174322021,0,60,3.0,3,0.2037094527816521
3.87,0.0011028178277539807,85.87713170445551,0,60,3.0,3,0.19710898128130605
3.875,0.0008094059938923333,85.56606818397677,0,60,3.0,3,0.18978983962298276
3.88,0.0005893771793717645,85.22858074240006,0,60,3.0,3,0.18184895864470718
3.885,0.0004257792353490551,84.86900620562017,0,60,3.0,3,0.17338838130870982
3.89,0.0003051686392901525,84.49180665504765,0,60,3.0,3,0.16451309776582715
3.895,0.00021699992642659966,84.10147848725309,0,60,3.0,3,0.15532890558242562
3.9,0.00015308884054097838,83.70246509143067,0,60,3.0,3,0.1459403550924863
3.905,0.00010714989329311098,83.29907544860849,0,60,3.0,3,0.13644883408490566
3.91,7.440535854020571e-05,82.89541063710034,0,60,3.0,3,0.12695083852000802
3.915,5.1260276743925106e-05,82.49529985192366,0,60,3.0,3,0.11753646710408615
3.92,3.503659887882241e-05,82.10224713113755,0,60,3.0,3,0.10828816779147166
3.925,2.375894748103639e-05,81.71938954924038,0,60,3.0,3,0.09927975409977353
3.93,1.5984413869232557e-05,81.34946720642466,0,60,3.0,3,0.09057569897469794
3.935,1.0669166579899869e-05,80.99480493070575,0,60,3.0,3,0.0822307042519001
3.94,7.06526633560511e-06,80.65730523356406,0,60,3.0,3,0.07428953490738964
3.945,4.641847214699205e-06,80.33845173171007,0,60,3.0,3,0.06678709956964861
3.95,3.025641074479182e-06,80.03932197752341,0,60,3.0,3,0.059748752412315635
3.955,1.9566278676921314e-06,79.7606084347192,0,60,3.0,3,0.05319078669927535
3.96,1.2553456560008793e-06,79.50264619642017,0,60,3.0,3,0.0471210869745923
3.965,7.990660428214668e-07,79.26544596930036,0,60,3.0,3,0.04153990516000844
3.97,5.046221251618276e-07,79.04873083608925,0,60,3.0,3,0.03644072555504114
3.975,3.1616527078858815e-07,78.85197535329688,0,60,3.0,3,0.03181118478345598
3.98,1.9652884407760343e-07,78.67444563345711,0,60,3.0,3,0.027634014904873203
3.985,1.2120002189836396e-07,78.51523919213612,0,60,3.0,3,0.023887980991438153
3.99,7.415549848886236e-08,78.37332349940569,0,60,3.0,3,0.020548788221310253
3.995,4.501406988770349e-08,78.24757235335397,0,60,3.0,3,0.01758993772597585
4.0,0.0,78.13679937985393,0,60,3.0,3,0.014983514820092376
4.005,0.0,78.03978814945174,0,60,3.0,3,0.012700897634158537
4.01,0.0,77.95531858127889,0,60,3.0,3,0.010713378383032665
4.015,0.0,77.88218946913811,0,60,3.0,3,0.008992693391484983
4.02,0.0,77.81923711168028,0,60,3.0,3,0.007511461451300714
4.025,0.0,77.7653501537141,0,60,3.0,3,0.006243533028566952
4.03,0.0,77.71948084745911,0,60,3.0,3,0.005164255234331998
4.035,0.0,77.68065302056385,0,60,3.0,3,0.004250659307384761
4.04,0.0,77.647967092686,0,60,3.0,3,0.0034815786514353505
4.045,0.0,77.62060251599861,0,60,3.0,3,0.0028377062587908847
4.05,0.0,77.59781802945105,0,60,3.0,3,0.0023016006929658353
4.055,0.0,77.57895011472735,0,60,3.0,3,0.0018576497582905498
4.06,0.0,77.56341002660088,0,60,3.0,3,0.001492000625902994
4.065,0.0,77.55067974482027,0,60,3.0,3,0.0011924645840063958
4.07,0.0,77.54030716171373,0,60,3.0,3,0.0009484038050288745
4.075,0.0,77.53190078207007,0,60,3.0,3,0.0007506066369427679
4.08,0.0,77.52512417193833,0,60,3.0,3,0.0005911569867842392
4.085,0.0,77.51969035280118,0,60,3.0,3,0.0004633024188512322
4.09,0.0,77.515356298754,0,60,3.0,3,0.00036132467656470373
4.095,0.0,77.5119176580947,0,60,3.0,3,0.0002804154845812397
4.1,0.0,77.50920378796964,0,60,3.0,3,0.00021655971693268624
4.105,0.0,77.50707316196097,0,60,3.0,3,0.0001664273402582239
4.11,0.0,77.5054091859877,0,60,3.0,3,0.00012727496441651537
4.115,0.0,77.50411643763564,0,60,3.0,3,9.685735613281983e-05
4.12,0.0,77.50311732785518,0,60,3.0,3,7.334889071009511e-05
4.125,0.0,77.50234917155994,0,60,3.0,3,5.527462493981094e-05
4.13,0.0,77.50176164462405,0,60,3.0,3,4.1450461742442714e-05
4.135,0.0,77.50131459866044,0,60,3.0,3,3.0931733186889686e-05
4.14,0.0,77.50097620130107,0,60,3.0,3,2.296944237815189e-05
4.145,0.0,77.50072136803325,0,60,3.0,3,1.6973365488330967e-05
4.15,0.0,77.50053045154435,0,60,3.0,3,1.2481212808231303e-05
4.155,0.0,77.50038815560109,0,60,3.0,3,9.133072966746756e-06
4.16,0.0,77.50028264239916,0,60,3.0,3,6.650409391915994e-06
4.165,0.0,77.50020480477525,0,60,3.0,3,4.818935888258292e-06
4.17,0.0,77.50014767744172,0,60,3.0,3,3.4747633345191655e-06
4.175,0.0,77.50010596429578,0,60,3.0,3,2.4932775478619614e-06
4.18,0.0,77.50007566172987,0,60,3.0,3,1.7802759968537216e-06
4.185,0.0,77.50005376062273,0,60,3.0,3,1.2649558290350423e-06
4.19,0.0,77.50003801225458,0,60,3.0,3,8.94405990065399e-07
4.195,0.0,77.50002674571927,0,60,3.0,3,6.293110415941449e-07
4.2,0.0,77.50001872648421,0,60,3.0,3,4.4062315797579207e-07
4.205,0.0,77.50001304756682,0,60,3.0,3,3.070015723364229e-07
4.21,0.0,77.50000904636538,0,60,3.0,3,2.128556559455319e-07
4.215,0.001684486749771458,77.50000624151522,0,60,3.0,3,1.4685918171487762e-07
4.22,0.003097557930867117,77.5000042852608,0,60,3.0,3,1.0082966589246045e-07
4.225,0.005475106668887023,77.50000292776217,0,60,3.0,3,6.888852159564147e-08
4.23,0.00930222931468658,77.50000199051588,0,60,3.0,3,4.683566785120895e-08
4.235,0.01519157517868857,77.50000134668745,0,60,3.0,3,3.168676364432887e-08
4.24,0.023847336626128316,77.50000090664922,0,60,3.0,3,2.133292281648798e-08
4.245,0.0359830743700859,77.50000060741161,0,60,3.0,3,1.4292037817272906e-08
4.25,0.05218887796857759,77.50000040494702,0,60,3.0,3,9.528165090908741e-09
4.255,0.0727577001223134,77.50000026864862,0,60,3.0,3,6.32114399516414e-09
4.26,0.0974992498694751,77.50000017735456,0,60,3.0,3,4.173048583812916e-09
4.265,0.12558706050443358,77.5000001165122,0,60,3.0,3,2.74146346408302e-09
4.27,0.15549263588878245,77.50000007616786,0,60,3.0,3,1.7921850565685685e-09
4.275,0.1850529723539114,77.50000004954998,0,60,3.0,3,1.1658819269488209e-09
4.28,0.21169159439317053,77.50000003207646,0,60,3.0,3,7.547401657896391e-10
4.285,0.23277292922115492,77.50000002066335,0,60,3.0,3,4.861964739307843e-10
4.29,0.24602692519491282,77.50000001324605,0,60,3.0,3,3.116717968677061e-10
4.295,0.24995056064839283,77.50000000844973,0,60,3.0,3,1.9881721367282272e-10
4.3,0.24408826520424054,77.50000000536379,0,60,3.0,3,1.2620676791223507e-10
4.305,0.22911894216865275,77.50000000338821,0,60,3.0,3,7.972256057923112e-11
4.31,0.20672661788705934,77.50000000212981,0,60,3.0,3,5.011315806768835e-11
4.315,0.17928878030241233,77.50000000133224,0,60,3.0,3,3.1346804890370766e-11
4.32,0.14946211903866036,77.50000000082927,0,60,3.0,3,1.9512339456602656e-11
4.325,0.1197651512573837,77.50000000051367,0,60,3.0,3,1.2086248342016274e-11
4.33,0.09224675744988023,77.50000000031662,0,60,3.0,3,7.449831601287074e-12
4.335,0.06829565320281596,77.5000000001942,0,60,3.0,3,4.56954213030472e-12
4.34,0.04860224607515734,77.50000000011853,0,60,3.0,3,2.789005627752939e-12
4.345,0.03324612389699793,77.500000000072,0,60,3.0,3,1.6942682551042012e-12
4.35,0.021859876340472782,77.50000000004351,0,60,3.0,3,1.023850285598789e-12
4.355,0.01381595518554205,77.50000000002618,0,60,3.0,3,6.15915162009461e-13
4.36,0.008394095110402422,77.50000000001566,0,60,3.0,3,3.684791034388849e-13
4.365,0.0049052535271608,77.50000000000934,0,60,3.0,3,2.1968309524441686e-13
4.37,0.0027671663551903634,77.50000000000553,0,60,3.0,3,1.3007111727561363e-13
4.375,0.0015425553464444616,77.50000000000325,0,60,3.0,3,7.657142893602963e-14
4.38,0.0009638206637011801,77.50000000000192,0,60,3.0,3,4.514036203652401e-14
4.385,0.0009804935156568228,77.50000000000112,0,60,3.0,3,2.6415471117669608e-14
4.39,0.0018793744894085216,77.50000000000065,0,60,3.0,3,1.5381160397630403e-14
4.395,0.004535525206900863,77.50000000000037,0,60,3.0,3,8.693699355182403e-15
4.4,0.010832767979632273,77.50000000000021,0,60,3.0,3,5.015595781836002e-15
4.405,0.024208003392322392,77.50000000000013,0,60,3.0,3,3.0093574691016007e-15
4.41,0.0500971897335304,77.50000000000007,0,60,3.0,3,1.6718652606120004e-15
4.415,0.09582894921774403,77.50000000000004,0,60,3.0,3,1.0031191563672002e-15
4.42,0.16937896721820658,77.50000000000003,0,60,3.0,3,6.687461042448002e-16
4.425,0.27661303008991756,77.50000000000001,0,60,3.0,3,3.343730521224001e-16
4.43,0.4173782800009149,77.5,0,60,3.0,3,0.0
4.435,0.5818720934538056,77.5,0,60,3.0,3,0.0
4.44,0.7494718801585675,77.5,0,60,3.0,3,0.0
4.445,0.891813020752378,77.5,0,60,3.0,3,0.0
4.45,0.9800361632936612,77.5,0,60,3.0,3,0.0
4.455,0.993574479225126,77.50000249005134,1,60,3.0,3,5.8589443383158035e-08
4.46,0.9263438449375362,77.50000394038275,0,60,3.0,3,9.271488833666595e-08
4.465,0.7873015962290536,77.50000639218067,0,60,3.0,3,1.504042509569605e-07
4.47,0.5959516244629897,77.50001077235028,0,60,3.0,3,2.534670653965483e-07
4.475,0.376910120078773,77.50001908666758,0,60,3.0,3,4.490980606586912e-07
4.48,0.15739335672107918,77.5000357548629,0,60,3.0,3,8.412908919260243e-07
4.485,-0.033361226269301235,77.5000705175213,0,60,3.0,3,1.659235795159475e-06
4.49,-0.1680180840843834,77.5001445789881,0,60,3.0,3,3.401858543504525e-06
4.495,-0.23069703190837854,77.5003031686916,0,60,3.0,3,7.133380978864486e-06
4.5,-0.22587267821131068,77.5006403428687,0,60,3.0,3,1.5066891028388508e-05
4.505,-0.17718181630665902,77.50134618528463,0,60,3.0,3,3.167494787369244e-05
4.51,-0.11494332516451301,77.50279324668047,0,60,3.0,3,6.572345130514216e-05
4.515,-0.061810214049552864,77.5056885995389,0,60,3.0,3,0.0001338494009152836
4.52,-0.026546104631500547,77.51133023532057,0,60,3.0,3,0.00026659377224873157
4.525,-0.00719600351942686,77.52202043086514,0,60,3.0,3,0.0005181277850621267
4.53,0.0022072757983807078,77.54170079619027,0,60,3.0,3,0.000981195204476936
4.535,0.006917199873730717,77.57687766493112,0,60,3.0,3,0.0018088862336733602
4.54,0.01004859748264829,77.63789263572853,0,60,3.0,3,0.003244532605377264
4.545,0.013037082251128167,77.74054920623045,0,60,3.0,3,0.0056599813230695205
4.55,0.01645163937690478,77.90802055981457,0,60,3.0,3,0.009600483760342914
4.555,0.020526639934696615,78.17282908364092,0,60,3.0,3,0.015831272556256944
4.56,0.02539629541761738,78.57851124527741,0,60,3.0,3,0.025376735182997916
4.565,0.031171612185577933,79.1803885212917,0,60,3.0,3,0.03953855344215774
4.57,0.03795853426638131,80.0447076348371,0,60,3.0,3,0.059875473760872835
4.575,0.0458588961882057,81.24536512508388,0,60,3.0,3,0.08812623823726774
4.58,0.054966995891435555,82.85757412646959,0,60,3.0,3,0.12606056768163731
4.585,0.06536491004445595,84.94822898129785,0,60,3.0,3,0.17525244661877282
4.59,0.07711726085088699,87.56338750820743,0,60,3.0,3,0.23678558842841005
4.595,0.09026570629555215,90.7141492895029,0,60,3.0,3,0.3109211597530094
4.6,0.10482339848670268,94.3630917299998,0,60,3.0,3,0.39677862894117166
4.605,0.12076968927580028,98.41408530862822,0,60,3.0,3,0.4920961249088992
4.61,0.13804539501007884,102.70847428298099,0,60,3.0,3,0.5931405713642585
4.615,0.15654895051787066,107.03007195676986,0,60,3.0,3,0.694825222512232
4.62,0.17613378141900526,111.12012910549245,0,60,3.0,3,0.7910618613057048
4.625,0.19660720058055794,114.70155663171694,0,60,3.0,3,0.8753307442756927
4.63,0.21773108748496234,117.50960206611181,0,60,3.0,3,0.941402401555572
4.635,0.23922453870058807,119.32441468611549,0,60,3.0,3,0.9841038749674232
4.64,0.2607685857914563,120.0,0,60,3.0,3,1.0
4.645,0.2820129681603682,119.48430356356428,0,60,3.0,3,0.9878659662015126
4.65,0.30258482867153996,117.826618813132,0,60,3.0,3,0.9488616191325177
4.655,0.3220990771751686,115.17088635739287,0,60,3.0,3,0.8863737966445382
4.66,0.3401700499968971,111.73617728815637,0,60,3.0,3,0.8055571126625028
4.665,0.3564239911198326,107.78805988304259,0,60,3.0,3,0.7126602325421787
4.67,0.3705118017738417,103.60606181643028,0,60,3.0,3,0.6142602780336537
4.675,0.3821214567925213,99.45274455247792,0,60,3.0,3,0.5165351659406571
4.68,0.39098947374066967,95.54902758884025,0,60,3.0,3,0.42468300209035875
4.685,0.3969108472035567,92.05866703799698,0,60,3.0,3,0.342556871482282
4.69,0.3997469255491936,89.08271495386987,0,60,3.0,3,0.2725344695028204
4.695,0.3994308076379137,86.66288698908318,0,60,3.0,3,0.21559734091960414
4.7,0.3959699661768434,84.7914392365105,0,60,3.0,3,0.1715632761531882
4.705,0.38944595408114946,83.42457875378753,0,60,3.0,3,0.1394018530302948
4.71,0.38001120995358023,82.49656511278434,0,60,3.0,3,0.11756623794786679
4.715,0.3678831374098315,81.93230111406058,0,60,3.0,3,0.10428943797789597
4.72,0.35333577933796634,81.65708944599176,0,60,3.0,3,0.09781386931745313
4.725,0.33668953221163944,81.60309706988252,0,60,3.0,3,0.09654346046782407
4.73,0.3182994390982644,81.71274607711119,0,60,3.0,3,0.09912343710849862
4.735,0.29854265738230645,81.93966161579142,0,60,3.0,3,0.10446262625391582
4.74,0.2778057157821067,82.2479621143257,0,60,3.0,3,0.11171675563119299
4.745,0.2564721553719815,82.6106363930207,0,60,3.0,3,0.12025026807107525
4.75,0.23491109433464996,83.00759804884157,0,60,3.0,3,0.12959054232568407
4.755,0.21346717185309805,83.42381432070776,0,60,3.0,3,0.1393838663695944
4.76,0.19245222055656455,83.84772730242526,0,60,3.0,3,0.14935828946882954
4.765,0.17213889801761392,84.2700476135659,0,60,3.0,3,0.1592952379662563
4.77,0.15275638501270183,84.68291151017121,0,60,3.0,3,0.16900968259226373
4.775,0.13448814019607322,85.07934584035235,0,60,3.0,3,0.17833754918476108
4.78,0.11747159495449566,85.45296939810551,0,60,3.0,3,0.18712869172012964
4.785,0.10179958433370105,85.79786185623578,0,60,3.0,3,0.19524380838201844
4.79,0.08752324394101413,86.10854277553481,0,60,3.0,3,0.2025539476596427
4.795,0.07465606047174059,86.38001673381514,0,60,3.0,3,0.20894157020741505
4.8,0.0631787448609295,86.60785292524119,0,60,3.0,3,0.21430242177038095
4.805,0.05304460019959574,86.78827731415377,0,60,3.0,3,0.21854770150950056
4.81,0.044185078305849994,86.91826250749796,0,60,3.0,3,0.22160617664701074
4.815,0.03651525513023255,86.99560542459125,0,60,3.0,3,0.22342600999038228
4.82,0.0299390014708757,87.0189862207937,0,60,3.0,4,0.22397614637161664
4.825,0.024353677220580638,86.98800431460441,0,60,3.0,4,0.22324716034363318
4.83,0.01965423034339045,86.90318917628503,0,60,3.0,4,0.22125151003023588
4.835,0.015736632374757337,86.76598501082319,0,60,3.0,4,0.21802317672525146
4.84,0.012500627640593535,86.57870974203561,0,60,3.0,4,0.21361669981260267
4.845,0.009851811652115898,86.34448983173559,0,60,3.0,4,0.20810564309966087
4.85,0.007703084175428559,86.06717345510422,0,60,3.0,4,0.20158055188480528
4.855,0.005975544002062424,85.75122538441936,0,60,3.0,4,0.19414647963339662
4.86,0.004598905818663047,85.40160758432508,0,60,3.0,4,0.1859201784547077
4.865,0.0035115256454839104,85.02364997133708,0,60,3.0,4,0.17702705814910774
4.87,0.002660121266303676,84.62291602458168,0,60,3.0,4,0.16759802410780433
4.875,0.0019992692560877024,84.20506795077087,0,60,3.0,4,0.15776630472402042
4.88,0.0014907520044639367,83.77573591248671,0,60,3.0,4,0.147664374411452
4.885,0.0011028178277539807,83.34039544429893,0,60,3.0,4,0.137421069277622
4.89,0.0008094059938923333,82.90425663486596,0,60,3.0,4,0.1271589796439049
4.895,0.0005893771793717645,82.47216798110777,0,60,3.0,4,0.11699218779077114
4.9,0.0004257792353490551,82.04853706370281,0,60,3.0,4,0.10702440149888964
4.905,0.0003051686392901525,81.63726939449548,0,60,3.0,4,0.09734751516459944
4.91,0.00021699992642659966,81.2417259881692,0,60,3.0,4,0.08804061148633396
4.915,0.00015308884054097838,80.8646994518398,0,60,3.0,4,0.07916939886681876
4.92,0.00010714989329311098,80.50840770089148,0,60,3.0,4,0.0707860635503878
4.925,7.440535854020571e-05,80.17450382440545,0,60,3.0,4,0.06292950175071643
4.93,5.1260276743925106e-05,79.86410015805667,0,60,3.0,4,0.055625886071921704
4.935,3.503659887882241e-05,79.57780428725738,0,60,3.0,4,0.0488895126413501
4.94,2.375894748103639e-05,79.31576450138492,0,60,3.0,4,0.04272387062082163
4.945,1.5984413869232557e-05,79.07772214650204,0,60,3.0,4,0.037122874035342125
4.95,1.0669166579899869e-05,78.86306836805602,0,60,3.0,4,0.03207219689543576
4.955,7.06526633560511e-06,78.6709028806394,0,60,3.0,4,0.027550656015044778
4.96,4.641847214699205e-06,78.5000926295495,0,60,3.0,4,0.023531591283517627
4.965,3.025641074479182e-06,78.34932849723454,0,60,3.0,4,0.0199841999349303
4.97,1.9566278676921314e-06,78.21717853497664,0,60,3.0,4,0.01687478905827387
4.975,1.2553456560008793e-06,78.10213654545474,0,60,3.0,4,0.014167918716582134
4.98,7.990660428214668e-07,78.00266518625371,0,60,3.0,4,0.011827416147146068
4.985,5.046221251618276e-07,77.91723309183077,0,60,3.0,4,0.009817249219547448
4.99,3.1616527078858815e-07,77.84434580911395,0,60,3.0,4,0.008102254332092851
4.995,1.9652884407760343e-07,77.78257060052039,0,60,3.0,4,0.006648720012244399
5.0,1.2120002189836396e-07,77.73055538198753,0,60,3.0,4,0.005424832517353613
5.005,7.415549848886236e-08,77.68704223011872,0,60,3.0,4,0.0044009936498522455
5.01,4.501406988770349e-08,77.65087601213253,0,60,3.0,4,0.003550023814883014
5.015,0.0,77.62100876770332,0,60,3.0,4,0.00284726512243096
5.02,0.0,77.59650050750213,0,60,3.0,4,0.002270600176520662
5.025,0.0,77.57651709501268,0,60,3.0,4,0.001800402235592374
5.03,0.0,77.56032585238711,0,60,3.0,4,0.001419431820873155
5.035,0.0,77.547289484281,0,60,3.0,4,0.0011126937477881176
5.04,0.0,77.5368588520975,0,60,3.0,4,0.0008672671081763597
5.045,0.0,77.52856506068116,0,60,3.0,4,0.0006721190748508246
5.05,0.0,77.52201124528382,0,60,3.0,4,0.0005179116537369603
5.055,0.0,77.51686437276233,0,60,3.0,4,0.00039680877087829795
5.06,0.0,77.51284730072327,0,60,3.0,4,0.00030228942878272175
5.065,0.0,77.50973127407018,0,60,3.0,4,0.00022897115459239318
5.07,0.0,77.50732898167006,0,60,3.0,4,0.000172446627530743
5.075,0.0,77.50548824744804,0,60,3.0,4,0.00012913523407158156
5.08,0.0,77.50408639034983,0,60,3.0,4,9.615036117238293e-05
5.085,0.0,77.50302525601475,0,60,3.0,4,7.118249446474532e-05
5.09,0.0,77.50222689906738,0,60,3.0,4,5.2397625114843e-05
5.095,0.0,77.50162987782451,0,60,3.0,4,3.835006645912846e-05
5.1,0.0,77.50118611196181,0,60,3.0,4,2.7908516748579237e-05
5.105,0.0,77.50085824728407,0,60,3.0,4,2.019405374285805e-05
5.11,0.0,77.50061746921084,0,60,3.0,4,1.4528687313820816e-05
5.115,0.0,77.5004417070119,0,60,3.0,4,1.0393106162395911e-05
5.12,0.0,77.50031417338934,0,60,3.0,4,7.392315043328862e-06
5.125,0.0,77.50022218800947,0,60,3.0,4,5.227953164087333e-06
5.13,0.0,77.50015623846248,0,60,3.0,4,3.6761991171876133e-06
5.135,0.0,77.50010923741436,0,60,3.0,4,2.570292102679078e-06
5.14,0.0,77.50007594006851,0,60,3.0,4,1.7868251414738017e-06
5.145,0.0,77.50005249122094,0,60,3.0,4,1.2350875515628158e-06
5.15,0.0,77.50003607600858,0,60,3.0,4,8.488472608004325e-07
5.155,0.001684486749771458,77.50002465280872,0,60,3.0,4,5.80066087503142e-07
5.16,0.003097557930867117,77.50001675060308,0,60,3.0,4,3.9413183719047726e-07
5.165,0.005475106668887023,77.50001131646036,0,60,3.0,4,2.6626965550616765e-07
5.17,0.00930222931468658,77.50000760163272,0,60,3.0,4,1.7886194628398002e-07
5.175,0.01519157517868857,77.5000050771416,0,60,3.0,4,1.194621551589722e-07
5.18,0.023847336626128316,77.50000337169115,0,60,3.0,4,7.93339094183038e-08
5.185,0.0359830743700859,77.50000222634475,0,60,3.0,4,5.238458229809219e-08
5.19,0.05218887796857759,77.50000146168287,0,60,3.0,4,3.439253813506666e-08
5.195,0.0727577001223134,77.50000095417937,0,60,3.0,4,2.2451279298419488e-08
5.2,0.0974992498694751,77.50000061933126,0,60,3.0,4,1.4572500236574663e-08
5.205,0.12558706050443358,77.50000039969811,0,60,3.0,4,9.404661394749863e-09
5.21,0.15549263588878245,77.50000025648225,0,60,3.0,4,6.034876525304486e-09
5.215,0.1850529723539114,77.50000016364345,0,60,3.0,4,3.850434094441452e-09
5.22,0.21169159439317053,77.50000010381405,0,60,3.0,4,2.442683420239893e-09
5.225,0.23277292922115492,77.50000006548316,0,60,3.0,4,1.5407803242423516e-09
5.23,0.24602692519491282,77.5000000410695,0,60,3.0,4,9.663411299912053e-10
5.235,0.24995056064839283,77.50000002561092,0,60,3.0,4,6.026097895194065e-10
5.24,0.24408826520424054,77.50000001587988,0,60,3.0,4,3.736441639750196e-10
5.245,0.22911894216865275,77.50000000979006,0,60,3.0,4,2.3035427682985114e-10
5.25,0.20672661788705934,77.50000000600122,0,60,3.0,4,1.412050711651853e-10
5.255,0.17928878030241233,77.50000000365772,0,60,3.0,4,8.606394551273243e-11
5.26,0.14946211903866036,77.50000000221664,0,60,3.0,4,5.215617741615621e-11
5.265,0.1197651512573837,77.50000000133566,0,60,3.0,4,3.142738879593226e-11
5.27,0.09224675744988023,77.50000000080023,0,60,3.0,4,1.8828880938064472e-11
5.275,0.06829565320281596,77.5000000004767,0,60,3.0,4,1.121654403344591e-11
5.28,0.04860224607515734,77.50000000028236,0,60,3.0,4,6.643658172619967e-12
5.285,0.03324612389699793,77.5000000001663,0,60,3.0,4,3.9128334559363255e-12
5.29,0.021859876340472782,77.50000000009737,0,60,3.0,4,2.2911241531426853e-12
5.295,0.01381595518554205,77.5000000000567,0,60,3.0,4,1.3341484779683763e-12
5.3,0.008394095110402422,77.50000000003283,0,60,3.0,4,7.724017504027442e-13
5.305,0.0049052535271608,77.50000000001889,0,60,3.0,4,4.443817862706697e-13
5.31,0.0027671663551903634,77.50000000001081,0,60,3.0,4,2.5445789266514647e-13
5.315,0.0015425553464444616,77.50000000000615,0,60,3.0,4,1.4478353156899923e-13
5.32,0.0009638206637011801,77.50000000000348,0,60,3.0,4,8.192139776998802e-14
5.325,0.0009804935156568228,77.50000000000196,0,60,3.0,4,4.614348119289121e-14
5.33,0.0018793744894085216,77.5000000000011,0,60,3.0,4,2.5746725013424807e-14
5.335,0.004535525206900863,77.50000000000061,0,60,3.0,4,1.4378041241263203e-14
5.34,0.010832767979632273,77.50000000000034,0,60,3.0,4,8.024953250937602e-15
5.345,0.024208003392322392,77.50000000000018,0,60,3.0,4,4.3468496775912015e-15
5.35,0.0500971897335304,77.5000000000001,0,60,3.0,4,2.3406113648568006e-15
5.355,0.09582894921774403,77.50000000000006,0,60,3.0,4,1.3374922084896003e-15
5.36,0.16937896721820658,77.50000000000003,0,60,3.0,4,6.687461042448002e-16
5.365,0.27661303008991756,77.50000000000001,0,60,3.0,4,3.343730521224001e-16
5.37,0.4173782800009149,77.50000000000001,0,60,3.0,4,3.343730521224001e-16
5.375,0.5818720934538056,77.5,0,60,3.0,4,0.0
5.38,0.7494718801585675,77.5,0,60,3.0,4,0.0
5.385,0.891813020752378,77.5,0,60,3.0,4,0.0
5.39,0.9800361632936612,77.5,0,60,3.0,4,0.0
5.395,0.993574479225126,77.50000249606323,1,60,3.0,4,5.8730899568485364e-08
5.4,0.9263438449375362,77.5000038398575,0,60,3.0,4,9.034958820313264e-08
5.405,0.7873015962290536,77.500006033868,0,60,3.0,4,1.4197336480826967e-07
5.41,0.5959516244629897,77.50000979196264,0,60,3.0,4,2.303991209373635e-07
5.415,0.376910120078773,77.50001658325932,0,60,3.0,4,3.9019433703448587e-07
5.42,0.15739335672107918,77.50002948944842,0,60,3.0,4,6.938693746526362e-07
5.425,-0.033361226269301235,77.50005499618474,0,60,3.0,4,1.2940278763300524e-06
5.43,-0.1680180840843834,77.50010664152244,0,60,3.0,4,2.509212292606582e-06
5.435,-0.23069703190837854,77.50021223841208,0,60,3.0,4,4.993844990006919e-06
5.44,-0.22587267821131068,77.50042774487464,0,60,3.0,4,1.006458528569751e-05
5.445,-0.17718181630665902,77.50086306382961,0,60,3.0,4,2.0307384226177473e-05
5.45,-0.11494332516451301,77.50172846110615,0,60,3.0,4,4.0669673085978825e-05
5.455,-0.061810214049552864,77.5034152292072,0,60,3.0,4,8.035833428721162e-05
5.46,-0.026546104631500547,77.5066308676186,0,60,3.0,4,0.00015602041455522073
5.465,-0.00719600351942686,77.51261714788687,0,60,3.0,4,0.0002968740679263834
5.47,0.0022072757983807078,77.5234879390857,0,60,3.0,4,0.000552657390251705
5.475,0.006917199873730717,77.5427303078502,0,60,3.0,4,0.00100541900824015
5.48,0.01004859748264829,77.57591328443115,0,60,3.0,4,0.001786194927791819
5.485,0.013037082251128167,77.63163821024733,0,60,3.0,4,0.0030973696528783824
5.49,0.01645163937690478,77.7227359889992,0,60,3.0,4,0.005240846799981281
5.495,0.020526639934696615,77.86766338596527,0,60,3.0,4,0.008650903199182882
5.5,0.02539629541761738,78.09196918540792,0,60,3.0,4,0.013928686715480447
5.505,0.031171612185577933,78.42959438652437,0,60,3.0,4,0.021872809094691092
5.51,0.03795853426638131,78.9236517302522,0,60,3.0,4,0.03349768777064007
5.515,0.0458588961882057,79.62622444184039,0,60,3.0,4,0.05002881039624453
5.52,0.054966995891435555,80.5966700411891,0,60,3.0,4,0.07286282449856706
5.525,0.06536491004445595,81.89795705296187,0,60,3.0,4,0.10348134242263227
5.53,0.07711726085088699,83.590740736457,0,60,3.0,4,0.14331154674016455
5.535,0.09026570629555215,85.72521884287897,0,60,3.0,4,0.19353456100891703
5.54,0.10482339848670268,88.3312835786459,0,60,3.0,4,0.25485373126225636
5.545,0.12076968927580028,91.40803681418913,0,60,3.0,4,0.32724792503974426
5.55,0.13804539501007884,94.91424919828907,0,60,3.0,4,0.4097470399597428
5.555,0.15654895051787066,98.7616754538298,0,60,3.0,4,0.5002747165607011
5.56,0.17613378141900526,102.81314459839467,0,60,3.0,4,0.5956034023151687
5.565,0.19660720058055794,106.88692793605124,0,60,3.0,4,0.6914571279070879
5.57,0.21773108748496234,110.76804090701927,0,60,3.0,4,0.7827774331063357
5.575,0.23922453870058807,114.22596317855158,0,60,3.0,4,0.8641403100835666
5.58,0.2607685857914563,117.0369802382121,0,60,3.0,4,0.9302818879579317
5.585,0.2820129681603682,119.00824368351186,0,60,3.0,4,0.9766645572591027
5.59,0.30258482867153996,120.0,0,60,3.0,4,1.0
5.595,0.3220990771751686,119.94245116636986,0,60,3.0,4,0.998645909796938
5.6,0.3401700499968971,118.84443995887491,0,60,3.0,4,0.9728103519735274
5.605,0.3564239911198326,116.79247804582917,0,60,3.0,4,0.9245288951959805
5.61,0.3705118017738417,113.94028233815197,0,60,3.0,4,0.857418407956517
5.615,0.3821214567925213,110.4905961503334,0,60,3.0,4,0.7762493211843153
5.62,0.39098947374066967,106.67229771772733,0,60,3.0,4,0.686407005122996
5.625,0.3969108472035567,102.71639188641603,0,60,3.0,4,0.5933268679156714
5.63,0.3997469255491936,98.83435529010902,0,60,3.0,4,0.5019848303555062
5.635,0.3994308076379137,95.20154861737079,0,60,3.0,4,0.4165070262910774
5.64,0.3959699661768434,91.94724589020063,0,60,3.0,4,0.3399351974164855
5.645,0.38944595408114946,89.1515501373611,0,60,3.0,4,0.2741541208790847
5.65,0.38001120995358023,86.84834318674413,0,60,3.0,4,0.21996101615868544
5.655,0.3678831374098315,85.03265064487029,0,60,3.0,4,0.17723883870283028
5.66,0.35333577933796634,83.67047424017679,0,60,3.0,4,0.1451876291806303
5.665,0.33668953221163944,82.70922389874646,0,60,3.0,4,0.12256997408815196
5.67,0.3182994390982644,82.08726133343396,0,60,3.0,4,0.10793556078668136
5.675,0.29854265738230645,81.74159879534122,0,60,3.0,4,0.09980232459626397
5.68,0.2778057157821067,81.61334027722147,0,60,3.0,4,0.09678447711109336
5.685,0.2564721553719815,81.6509036668351,0,60,3.0,4,0.09766832157259073
5.69,0.23491109433464996,81.81136644357802,0,60,3.0,4,0.10144391631948291
5.695,0.21346717185309805,82.06042651697676,0,60,3.0,4,0.10730415334062968
5.7,0.19245222055656455,82.37148928088116,0,60,3.0,4,0.11462327719720386
5.705,0.17213889801761392,82.72432417484066,0,60,3.0,4,0.12292527470213319
5.71,0.15275638501270183,83.10362302191093,0,60,3.0,4,0.13184995345672787
5.715,0.13448814019607322,83.49767392349987,0,60,3.0,4,0.14112173937646763
5.72,0.11747159495449566,83.89726171789964,0,60,3.0,4,0.15052380512705033
5.725,0.10179958433370105,84.29482974674242,0,60,3.0,4,0.15987834698217465
5.73,0.08752324394101413,84.68388923933297,0,60,3.0,4,0.16903268798430518
5.735,0.07465606047174059,85.05863764443257,0,60,3.0,4,0.17785029751606035
5.74,0.0631787448609295,85.41373904216793,0,60,3.0,4,0.18620562452159842
5.745,0.05304460019959574,85.74422176195922,0,60,3.0,4,0.19398168851668762
5.75,0.044185078305849994,86.0454552613927,0,60,3.0,4,0.20106953556218127
5.755,0.03651525513023255,86.31317664893982,0,60,3.0,4,0.20736886232799567
5.76,0.0299390014708757,86.54354497329876,0,60,3.0,4,0.2127892934893827
5.765,0.024353677220580638,86.73320770957436,0,60,3.0,4,0.21725194610763196
5.77,0.01965423034339045,86.87936861096367,0,60,3.0,4,0.22069102614032157
5.775,0.015736632374757337,86.97984948291244,0,60,3.0,4,0.223055281950881
5.78,0.012500627640593535,87.03314081261668,0,60,3.0,4,0.2243091955909807
5.785,0.009851811652115898,87.03843787511315,0,60,3.0,4,0.22443383235560344
5.79,0.007703084175428559,86.99566019345913,0,60,3.0,4,0.2234272986696266
5.795,0.005975544002062424,86.90545322943116,0,60,3.0,4,0.22130478186896846
5.8,0.004598905818663047,86.76917202771214,0,60,3.0,4,0.2180981653579328
5.805,0.0035115256454839104,86.58884728386485,0,60,3.0,4,0.21385523020858474
5.81,0.002660121266303676,86.36713497361453,0,60,3.0,4,0.2086384699674006
5.815,0.0019992692560877024,86.10725126733229,0,60,3.0,4,0.20252355923134793
5.82,0.0014907520044639367,85.81289494876535,0,60,3.0,4,0.19559752820624346
5.825,0.0011028178277539807,85.48815994788507,0,60,3.0,4,0.1879567046561192
5.83,0.0008094059938923333,85.13744087266727,0,60,3.0,4,0.17970449112158282
5.835,0.0005893771793717645,84.76533457621503,0,60,3.0,4,0.17094904885211823
5.84,0.0004257792353490551,84.37654082180066,0,60,3.0,4,0.1618009605129567
5.845,0.0003051686392901525,83.97576501288177,0,60,3.0,4,0.15237094147957095
5.85,0.00021699992642659966,83.5676257473155,0,60,3.0,4,0.14276766464271773
5.855,0.00015308884054097838,83.1565696492459,0,60,3.0,4,0.1330957564528446
5.86,0.00010714989329311098,82.74679554691296,0,60,3.0,4,0.12345401286854031
5.865,7.440535854020571e-05,82.34218962124325,0,60,3.0,4,0.11393387344101764
5.87,5.1260276743925106e-05,81.94627267143458,0,60,3.0,4,0.10461818050434317
5.875,3.503659887882241e-05,81.5621601530088,0,60,3.0,4,0.0955802388943248
5.88,2.375894748103639e-05,81.19253516317026,0,60,3.0,4,0.08688318030988854
5.885,1.5984413869232557e-05,80.83963409787519,0,60,3.0,4,0.07857962583235743
5.89,1.0669166579899869e-05,80.5052443018934,0,60,3.0,4,0.07071163063278585
5.895,7.06526633560511e-06,80.19071269077197,0,60,3.0,4,0.06331088684169352
5.9,4.641847214699205e-06,79.89696405136633,0,60,3.0,4,0.056399154149795884
5.905,3.025641074479182e-06,79.6245275306656,0,60,3.0,4,0.04998888307448477
5.91,1.9566278676921314e-06,79.37356970210506,0,60,3.0,4,0.044083992990707255
5.915,1.2553456560008793e-06,79.14393255178399,0,60,3.0,4,0.03868076592432919
5.92,7.990660428214668e-07,78.93517474813203,0,60,3.0,4,0.03376881760310653
5.925,5.046221251618276e-07,78.74661463915068,0,60,3.0,4,0.029332109156486548
5.93,3.1616527078858815e-07,78.57737355111618,0,60,3.0,4,0.02534996590861604
5.935,1.9652884407760343e-07,78.42641813017309,0,60,3.0,4,0.021798073651131532
5.94,1.2120002189836396e-07,78.29260066180315,0,60,3.0,4,0.01864942733654469
5.945,7.415549848886236e-08,78.17469651121884,0,60,3.0,4,0.0158752120286786
5.95,4.501406988770349e-08,78.07143803963184,0,60,3.0,4,0.013445600932513959
5.955,0.0,77.98154455767332,0,60,3.0,4,0.011330460180548632
5.96,0.0,77.9037480701592,0,60,3.0,4,0.009499954591981082
5.965,0.0,77.83681473981095,0,60,3.0,4,0.00792505270143405
5.97,0.0,77.7795621471775,0,60,3.0,4,0.006577932874764723
5.975,0.0,77.730872547324,0,60,3.0,4,0.005432295231152881
5.98,0.0,77.68970241993146,0,60,3.0,4,0.0044635863513285716
5.985,0.0,77.65508867876439,0,60,3.0,4,0.0036491453826914388
5.99,0.0,77.62615195063168,0,60,3.0,4,0.002968281191333651
5.995,0.0,77.60209735548692,0,60,3.0,4,0.0024022907173392627
6.0,0.0,77.58221322128246,0,60,3.0,4,0.001934428736057846
6.005,0.0,77.56586815304183,0,60,3.0,4,0.001549838895101964
6.01,0.0,77.5525068488899,0,60,3.0,4,0.0012354552679977695
6.015,0.0,77.54164501992928,0,60,3.0,4,0.0009798828218653371
6.02,0.0,77.53286372908609,0,60,3.0,4,0.0007732642137903119
6.025,0.0,77.52580341921859,0,60,3.0,5,0.0006071392757315366
6.03,0.0,77.5201578553129,0,60,3.0,5,0.0004743024779506467
6.035,0.0,77.51566816144691,0,60,3.0,5,0.0003686626222802528
6.04,0.0,77.51211709188321,0,60,3.0,5,0.0002851080443108725
6.045,0.0,77.50932363821491,0,60,3.0,5,0.0002193797227037334
6.05,0.0,77.50713804159365,0,60,3.0,5,0.00016795391985056086
6.055,0.0,77.50543725103012,0,60,3.0,5,0.00012793531835567966
6.06,0.0,77.5041208456039,0,60,3.0,5,9.69610730327772e-05
6.065,0.0,77.5031074199587,0,60,3.0,5,7.311576373400813e-05
6.07,0.0,77.50233141833475,0,60,3.0,5,5.485690199407145e-05
6.075,0.0,77.50174039213948,0,60,3.0,5,4.095040328192066e-05
6.08,0.0,77.501292649158,0,60,3.0,5,3.0415274305957664e-05
6.085,0.0,77.50095525841263,0,60,3.0,5,2.2476668532496712e-05
6.09,0.0,77.50070237286243,0,60,3.0,5,1.6526420292580843e-05
6.095,0.0,77.50051383209139,0,60,3.0,5,1.2090166856135992e-05
6.1,0.0,77.50037400841595,0,60,3.0,5,8.800198022259686e-06
6.105,0.0,77.50027086205799,0,60,3.0,5,6.37322489383758e-06
6.11,0.0,77.50019517384675,0,60,3.0,5,4.5923258058417775e-06
6.115,0.0,77.50013992706306,0,60,3.0,5,3.292401483764372e-06
6.12,0.0,77.50009981331155,0,60,3.0,5,2.348548507063028e-06
6.125,0.0,77.5000708405394,0,60,3.0,5,1.6668362210272307e-06
6.13,0.0,77.50005002440169,0,60,3.0,5,1.177044745592117e-06
6.135,0.0,77.50003514702703,0,60,3.0,5,8.269888714012803e-07
6.14,0.0,77.50002456981785,0,60,3.0,5,5.781133612505501e-07
6.145,0.0,77.50001708920767,0,60,3.0,5,4.0209900409054705e-07
6.15,0.0,77.50001182629116,0,60,3.0,5,2.782656742831879e-07
6.155,0.001684486749771458,77.50000814295163,0,60,3.0,5,1.9159886184805894e-07
6.16,0.003097557930867117,77.50000557855593,0,60,3.0,5,1.312601394896346e-07
6.165,0.005475106668887023,77.5000038024926,0,60,3.0,5,8.947041411535312e-08
6.17,0.00930222931468658,77.50000257882347,0,60,3.0,5,6.067819928081436e-08
6.175,0.01519157517868857,77.5000017401292,0,60,3.0,5,4.0944216634135744e-08
6.18,0.023847336626128316,77.50000116828292,0,60,3.0,5,2.748900990755989e-08
6.185,0.0359830743700859,77.50000078040709,0,60,3.0,5,1.836251980795864e-08
6.19,0.05218887796857759,77.50000051868184,0,60,3.0,5,1.220427868568496e-08
6.195,0.0727577001223134,77.50000034299478,0,60,3.0,5,8.070465435808086e-09
6.2,0.0974992498694751,77.50000022567355,0,60,3.0,5,5.3099657794946855e-09
6.205,0.12558706050443358,77.50000014773399,0,60,3.0,5,3.4760937657719136e-09
6.21,0.15549263588878245,77.50000009622477,0,60,3.0,5,2.2641121605000295e-09
6.215,0.1850529723539114,77.5000000623591,0,60,3.0,5,1.4672730899559718e-09
6.22,0.21169159439317053,77.50000004020866,0,60,3.0,5,9.460861479858388e-10
6.225,0.23277292922115492,77.50000002579563,0,60,3.0,5,6.069559704508933e-10
6.23,0.24602692519491282,77.50000001646566,0,60,3.0,5,3.874273555565571e-10
6.235,0.24995056064839283,77.50000001045728,0,60,3.0,5,2.460537603731021e-10
6.24,0.24408826520424054,77.50000000660792,0,60,3.0,5,1.5548045987944693e-10
6.245,0.22911894216865275,77.50000000415449,0,60,3.0,5,9.775262429577518e-11
6.25,0.20672661788705934,77.50000000259882,0,60,3.0,5,6.114880627993604e-11
6.255,0.17928878030241233,77.5000000016175,0,60,3.0,5,3.80586751656237e-11
6.26,0.14946211903866036,77.50000000100165,0,60,3.0,5,2.356828457884737e-11
6.265,0.1197651512573837,77.50000000061716,0,60,3.0,5,1.4521487280623714e-11
6.27,0.09224675744988023,77.50000000037834,0,60,3.0,5,8.902013766654657e-12
6.275,0.06829565320281596,77.50000000023077,0,60,3.0,5,5.4298839934156554e-12
6.28,0.04860224607515734,77.50000000014005,0,60,3.0,5,3.2952464286662528e-12
6.285,0.03324612389699793,77.50000000008457,0,60,3.0,5,1.989854033180403e-12
6.29,0.021859876340472782,77.5000000000508,0,60,3.0,5,1.1953836613375804e-12
6.295,0.01381595518554205,77.50000000003037,0,60,3.0,5,7.14555212385569e-13
6.3,0.008394095110402422,77.50000000001806,0,60,3.0,5,4.249881492475705e-13
6.305,0.0049052535271608,77.50000000001069,0,60,3.0,5,2.514485351960449e-13
6.31,0.0027671663551903634,77.5000000000063,0,60,3.0,5,1.4812726209022324e-13
6.315,0.0015425553464444616,77.50000000000368,0,60,3.0,5,8.660262049970162e-14
6.32,0.0009638206637011801,77.50000000000215,0,60,3.0,5,5.049033087048241e-14
6.325,0.0009804935156568228,77.50000000000125,0,60,3.0,5,2.942482858677121e-14
6.33,0.0018793744894085216,77.50000000000072,0,60,3.0,5,1.7053025658242404e-14
6.335,0.004535525206900863,77.50000000000041,0,60,3.0,5,9.696818511549603e-15
6.34,0.010832767979632273,77.50000000000024,0,60,3.0,5,5.684341886080802e-15
6.345,0.024208003392322392,77.50000000000013,0,60,3.0,5,3.0093574691016007e-15
6.35,0.0500971897335304,77.50000000000007,0,60,3.0,5,1.6718652606120004e-15
6.355,0.09582894921774403,77.50000000000004,0,60,3.0,5,1.0031191563672002e-15
6.36,0.16937896721820658,77.50000000000003,0,60,3.0,5,6.687461042448002e-16
6.365,0.27661303008991756,77.50000000000001,0,60,3.0,5,3.343730521224001e-16
6.37,0.4173782800009149,77.5,0,60,3.0,5,0.0
6.375,0.5818720934538056,77.5,0,60,3.0,5,0.0
6.38,0.7494718801585675,77.5,0,60,3.0,5,0.0
6.385,0.891813020752378,77.5,0,60,3.0,5,0.0
6.39,0.9800361632936612,77.5,0,60,3.0,5,0.0
6.395,0.993574479225126,77.5000024966485,1,60,3.0,5,5.874467072263702e-08
6.4,0.9263438449375362,77.50000388454893,0,60,3.0,5,9.140115132729132e-08
6.405,0.7873015962290536,77.50000618232913,0,60,3.0,5,1.454665677743726e-07
6.41,0.5959516244629897,77.5000101847726,0,60,3.0,5,2.396417083700191e-07
6.415,0.376910120078773,77.50001756083037,0,60,3.0,5,4.1319600875474007e-07
6.42,0.15739335672107918,77.50003188149957,0,60,3.0,5,7.501529309780274e-07
6.425,-0.033361226269301235,77.50006080365405,0,60,3.0,5,1.4306742129707239e-06
6.43,-0.1680180840843834,77.50012058486693,0,60,3.0,5,2.8372909866902773e-06
6.435,-0.23069703190837854,77.50024513995355,0,60,3.0,5,5.7679989070306076e-06
6.44,-0.22587267821131068,77.50050363241509,0,60,3.0,5,1.1850174472690068e-05
6.445,-0.17718181630665902,77.50103350758017,0,60,3.0,5,2.4317825415878626e-05
6.45,-0.11494332516451301,77.50210036935763,0,60,3.0,5,4.942045547375742e-05
6.455,-0.061810214049552864,77.50420258594323,0,60,3.0,5,9.888437513489087e-05
6.46,-0.026546104631500547,77.50824711533218,0,60,3.0,5,0.00019404977252192754
6.465,-0.00719600351942686,77.51583324529174,0,60,3.0,5,0.0003725469480410565
6.47,0.0022072757983807078,77.52969102922935,0,60,3.0,5,0.0006986124524554029
6.475,0.006917199873730717,77.55432766935884,0,60,3.0,5,0.0012782981025609656
6.48,0.01004859748264829,77.5969322368778,0,60,3.0,5,0.0022807585147718865
6.485,0.013037082251128167,77.66856909864642,0,60,3.0,5,0.003966331732856829
6.49,0.01645163937690478,77.78564441251984,0,60,3.0,5,0.006721045000466909
6.495,0.020526639934696615,77.97155076923681,0,60,3.0,5,0.011095312217336789
6.5,0.02539629541761738,78.2582808201053,0,60,3.0,5,0.017841901649536432
6.505,0.031171612185577933,78.68766052792253,0,60,3.0,5,0.027944953598177214
6.51,0.03795853426638131,79.31171075246023,0,60,3.0,5,0.04262848829318186
6.515,0.0458588961882057,80.19154347445966,0,60,3.0,5,0.06333043469316856
6.52,0.054966995891435555,81.39419054317591,0,60,3.0,5,0.09162801278060964
6.525,0.06536491004445595,82.9869047835598,0,60,3.0,5,0.1291036419661128
6.53,0.07711726085088699,85.02880519220997,0,60,3.0,5,0.17714835746376406
6.535,0.09026570629555215,87.56025991780172,0,60,3.0,5,0.23671199806592272
6.54,0.10482339848670268,90.59105402879193,0,60,3.0,5,0.3080248006774572
6.545,0.12076968927580028,94.08904924277502,0,60,3.0,5,0.3903305704182357
6.55,0.13804539501007884,97.97153364558193,0,60,3.0,5,0.48168314460192774
6.555,0.15654895051787066,102.10159121830677,0,60,3.0,5,0.5788609698425121
6.56,0.17613378141900526,106.29144711748273,0,60,3.0,5,0.6774458145290054
6.565,0.19660720058055794,110.31382182199403,0,60,3.0,5,0.7720899252233888
6.57,0.21773108748496234,113.92095766616347,0,60,3.0,5,0.8569637097920817
6.575,0.23922453870058807,116.86941633089845,0,60,3.0,5,0.9263392077858458
6.58,0.2607685857914563,118.94734075580467,0,60,3.0,5,0.9752315471954041
6.585,0.2820129681603682,120.0,0,60,3.0,5,1.0
6.59,0.30258482867153996,119.94936806517826,0,60,3.0,5,0.9988086603571356
6.595,0.3220990771751686,118.80431883209974,0,60,3.0,5,0.9718663254611704
6.6,0.3401700499968971,116.65961054384493,0,60,3.0,5,0.9214026010316455
6.605,0.3564239911198326,113.6838413525704,0,60,3.0,5,0.8513845024134211
6.61,0.3705118017738417,110.09852371838782,0,60,3.0,5,0.7670240874914782
6.615,0.3821214567925213,106.15190294941635,0,60,3.0,5,0.6741624223392083
6.62,0.39098947374066967,102.09182171295444,0,60,3.0,5,0.5786310991283398
6.625,0.3969108472035567,98.14171008969322,0,60,3.0,5,0.48568729622807577
6.63,0.3997469255491936,94.48278858522536,0,60,3.0,5,0.39959502553471443
6.635,0.3994308076379137,91.24411073570738,0,60,3.0,5,0.32339084084017367
6.64,0.3959699661768434,88.50051791606685,0,60,3.0,5,0.2588357156721613
6.645,0.38944595408114946,86.27727400892925,0,60,3.0,5,0.20652409432774715
6.65,0.38001120995358023,84.55931872476093,0,60,3.0,5,0.1661016170531983
6.655,0.3678831374098315,83.3028005744429,0,60,3.0,5,0.13653648410453878
6.66,0.35333577933796634,82.44675842842192,0,60,3.0,5,0.1163943159628686
6.665,0.33668953221163944,81.9233555217599,0,60,3.0,5,0.10407895345317417
6.67,0.3182994390982644,81.6657405782961,0,60,3.0,5,0.09801742537167282
6.675,0.29854265738230645,81.61324823680155,0,60,3.0,5,0.0967823114541542
6.68,0.2778057157821067,81.71414190823803,0,60,3.0,5,0.09915628019383609
6.685,0.2564721553719815,81.92639917335062,0,60,3.0,5,0.10415056878472041
6.69,0.23491109433464996,82.21715152529522,0,60,3.0,5,0.1109918005951817
6.695,0.21346717185309805,82.56136080468661,0,60,3.0,5,0.11909084246321447
6.7,0.19245222055656455,82.94020128362216,0,60,3.0,5,0.12800473608522728
6.705,0.17213889801761392,83.33947177339249,0,60,3.0,5,0.13739933584452915
6.71,0.15275638501270183,83.74822470521731,0,60,3.0,5,0.14701705188746614
6.715,0.13448814019607322,84.1576901961562,0,60,3.0,5,0.1566515340272046
6.72,0.11747159495449566,84.56049942906901,0,60,3.0,5,0.16612939833103557
6.725,0.10179958433370105,84.95017025612171,0,60,3.0,5,0.17529812367345196
6.73,0.08752324394101413,85.32080099438407,0,60,3.0,5,0.18401884692668405
6.735,0.07465606047174059,85.66691715781909,0,60,3.0,5,0.19216275665456672
6.74,0.0631787448609295,85.98342289070791,0,60,3.0,5,0.19960995036959797
6.745,0.05304460019959574,86.26561884786955,0,60,3.0,5,0.20624985524398934
6.75,0.044185078305849994,86.50925808244908,0,60,3.0,5,0.21198254311644893
6.755,0.03651525513023255,86.71061970560895,0,60,3.0,5,0.21672046366138703
6.76,0.0299390014708757,86.86658630913784,0,60,3.0,5,0.22039026609736104
6.765,0.024353677220580638,86.97471559675341,0,60,3.0,5,0.22293448462949206
6.77,0.01965423034339045,87.03329977142683,0,60,3.0,5,0.22431293579827827
6.775,0.015736632374757337,87.04140840180983,0,60,3.0,5,0.2245037271014078
6.78,0.012500627640593535,86.99891208474476,0,60,3.0,5,0.2235038137587002
6.785,0.009851811652115898,86.90648547061232,0,60,3.0,5,0.22132906989676057
6.79,0.007703084175428559,86.76558926724239,0,60,3.0,5,0.21801386511158566
6.795,0.005975544002062424,86.5784317591195,0,60,3.0,5,0.2136101590381058
6.8,0.004598905818663047,86.34791119812435,0,60,3.0,5,0.20818614583822
6.805,0.0035115256454839104,86.07754113966531,0,60,3.0,5,0.20182449740388975
6.81,0.002660121266303676,85.77136140052126,0,60,3.0,5,0.19462026824755901
6.815,0.0019992692560877024,85.43383778522907,0,60,3.0,5,0.18667853612303703
6.82,0.0014907520044639367,85.06975405182008,0,60,3.0,5,0.1781118600428255
6.825,0.0011028178277539807,84.68409975610096,0,60,3.0,5,0.16903764132002266
6.83,0.0008094059938923333,84.2819576246531,0,60,3.0,5,0.15957547352124948
6.835,0.0005893771793717645,83.86839396614698,0,60,3.0,5,0.14984456390934076
6.84,0.0004257792353490551,83.44835535165316,0,60,3.0,5,0.13996130239183913
6.845,0.0003051686392901525,83.02657439701731,0,60,3.0,5,0.13003704463570148
6.85,0.00021699992642659966,82.6074869887465,0,60,3.0,5,0.12017616444109415
6.855,0.00015308884054097838,82.19516273734413,0,60,3.0,5,0.11047441734927374
6.86,0.00010714989329311098,81.7932498483948,0,60,3.0,5,0.1010176434916422
6.865,7.440535854020571e-05,81.40493500158567,0,60,3.0,5,0.09188082356672166
6.87,5.1260276743925106e-05,81.03291824914021,0,60,3.0,5,0.08312748821506374
6.875,3.503659887882241e-05,80.6794024125245,0,60,3.0,5,0.07480946852998814
6.88,2.375894748103639e-05,80.34609599014749,0,60,3.0,5,0.06696696447405857
6.885,1.5984413869232557e-05,80.03422820440662,0,60,3.0,5,0.05962889892721451
6.89,1.0669166579899869e-05,79.74457452363798,0,60,3.0,5,0.05281351820324657
6.895,7.06526633560511e-06,79.4774907976045,0,60,3.0,5,0.04652919523775301
6.9,4.641847214699205e-06,79.23295404316598,0,60,3.0,5,0.04077538925096412
6.905,3.025641074479182e-06,79.01060790415472,0,60,3.0,5,0.035543715391875876
6.91,1.9566278676921314e-06,78.80981087682954,0,60,3.0,5,0.030819079454812815
6.915,1.2553456560008793e-06,78.62968552729907,0,60,3.0,5,0.0265808359364488
6.92,7.990660428214668e-07,78.4691671158064,0,60,3.0,5,0.022803932136621168
6.925,5.046221251618276e-07,78.32705026967079,0,60,3.0,5,0.01946000634519511
6.93,3.1616527078858815e-07,78.2020325969465,0,60,3.0,5,0.01651841404579988
6.935,1.9652884407760343e-07,78.0927543922857,0,60,3.0,5,0.013947162171428197
6.94,1.2120002189836396e-07,77.99783384238104,0,60,3.0,5,0.011713737467789209
6.945,7.415549848886236e-08,77.91589737998032,0,60,3.0,5,0.009785820705419343
6.95,4.501406988770349e-08,77.84560505434425,0,60,3.0,5,0.008131883631629347
6.955,0.0,77.78567097606587,0,60,3.0,5,0.006721670025079367
6.96,0.0,77.73487905164139,0,60,3.0,5,0.0055265659209737805
6.965,0.0,77.69209434649721,0,60,3.0,5,0.004519866976405036
6.97,0.0,77.65627050466959,0,60,3.0,5,0.0036769530510492344
6.975,0.0,77.62645371089663,0,60,3.0,5,0.0029753814328618024
6.98,0.0,77.60178370962433,0,60,3.0,5,0.0023949108146900794
6.985,0.0,77.58149239927823,0,60,3.0,5,0.0019174682183113552
6.99,0.0,77.5649005035173,0,60,3.0,5,0.001527070670995138
6.995,0.0,77.55141278863067,0,60,3.0,5,0.001209712673662847
7.0,0.0,77.5405122522104,0,60,3.0,5,0.0009532294637742379
7.005,0.0,77.53175365686594,0,60,3.0,5,0.0007471448674339974
7.01,0.0,77.5247567276939,0,60,3.0,5,0.0005825112398564242
7.015,0.0,77.51919927656837,0,60,3.0,5,0.0004517476839616981
7.02,0.0,77.51481046255032,0,60,3.0,5,0.0003484814717721212
7.025,0.0,77.51136434769356,0,60,3.0,5,0.0002673964163190088
7.03,0.0,77.50867386254117,0,60,3.0,5,0.00020409088332170916
7.035,0.0,77.50658525642717,0,60,3.0,5,0.0001549472100511112
7.04,0.0,77.50497307465665,0,60,3.0,5,0.00011701352133286491
7.045,0.0,77.50373567769842,0,60,3.0,5,8.78982987862454e-05
7.05,0.0,77.50279129638474,0,60,3.0,5,6.567756199394674e-05
7.055,0.0,77.50207460126839,0,60,3.0,5,4.88141474915317e-05
7.06,0.0,77.50153375311476,0,60,3.0,5,3.608830858250739e-05
7.065,0.0,77.50112789431837,0,60,3.0,5,2.653868984406044e-05
7.07,0.0,77.50082503712781,0,60,3.0,5,1.9412638301432976e-05
7.075,0.0,77.50060030327039,0,60,3.0,5,1.4124782832676133e-05
7.08,0.0,77.50043447026465,0,60,3.0,5,1.022282975648469e-05
7.085,0.0,77.50031278184728,0,60,3.0,5,7.35957287728899e-06
7.09,0.0,77.50022398305025,0,60,3.0,5,5.270189417588507e-06
7.095,0.0,77.50015954415629,0,60,3.0,5,3.753980147995903e-06
7.1,0.0,77.50011304172635,0,60,3.0,5,2.659805325907548e-06
7.105,0.0,77.50007966889501,0,60,3.0,5,1.8745622355709203e-06
7.11,0.0,77.50005585099808,0,60,3.0,5,1.3141411313079194e-06
7.115,0.0,77.50003894621133,0,60,3.0,5,9.163814431357263e-07
7.12,0.0,77.50002701416986,0,60,3.0,5,6.356275261008276e-07
7.125,0.0,77.50001863846614,0,60,3.0,5,4.3855214458102745e-07
7.13,0.001684486749771458,77.50001279148142,0,60,3.0,5,3.00976033512972e-07
7.135,0.003097557930867117,77.50000873219956,0,60,3.0,5,2.0546351907689635e-07
7.14,0.005475106668887023,77.5000059295071,0,60,3.0,5,1.3951781404423802e-07
7.145,0.00930222931468658,77.50000400502901,0,60,3.0,5,9.42359767631227e-08
7.15,0.01519157517868857,77.50000269082139,0,60,3.0,5,6.331344446366797e-08
7.155,0.023847336626128316,77.50000179827543,0,60,3.0,5,4.231236316092477e-08
7.16,0.0359830743700859,77.5000011954177,0,60,3.0,5,2.8127475188204484e-08
7.165,0.05218887796857759,77.50000079045161,0,60,3.0,5,1.8598861368659796e-08
7.17,0.0727577001223134,77.50000051990384,0,60,3.0,5,1.2233031424436965e-08
7.175,0.0974992498694751,77.50000034014406,0,60,3.0,5,8.003389532806229e-09
7.18,0.12558706050443358,77.50000022135784,0,60,3.0,5,5.208419692922582e-09
7.185,0.15549263588878245,77.50000014329103,0,60,3.0,5,3.3715537028911058e-09
7.19,0.1850529723539114,77.50000009226464,0,60,3.0,5,2.170932756438132e-09
7.195,0.21169159439317053,77.50000005909403,0,60,3.0,5,1.3904478718733812e-09
7.2,0.23277292922115492,77.5000000376482,0,60,3.0,5,8.858401489466333e-10
7.205,0.24602692519491282,77.50000002385815,0,60,3.0,5,5.613682172706296e-10
7.21,0.24995056064839283,77.50000001503909,0,60,3.0,5,3.538609823461978e-10
7.215,0.24408826520424054,77.50000000942971,0,60,3.0,5,2.2187557934718345e-10
7.22,0.22911894216865275,77.50000000588122,0,60,3.0,5,1.3838162511306377e-10
7.225,0.20672661788705934,77.50000000364862,0,60,3.0,5,8.58499467593741e-11
7.23,0.17928878030241233,77.50000000225155,0,60,3.0,6,5.297773200522095e-11
7.235,0.14946211903866036,77.50000000138206,0,60,3.0,6,3.25191168111119e-11
7.24,0.1197651512573837,77.50000000084385,0,60,3.0,6,1.985540620808024e-11
7.245,0.09224675744988023,77.5000000005125,0,60,3.0,6,1.2058829751742238e-11
7.25,0.06829565320281596,77.50000000030961,0,60,3.0,6,7.28498568659073e-12
7.255,0.04860224607515734,77.50000000018605,0,60,3.0,6,4.377611998386462e-12
7.26,0.03324612389699793,77.50000000011121,0,60,3.0,6,2.6168035059099033e-12
7.265,0.021859876340472782,77.50000000006612,0,60,3.0,6,1.5558378115255276e-12
7.27,0.01381595518554205,77.50000000003911,0,60,3.0,6,9.20194639440845e-13
7.275,0.008394095110402422,77.50000000002301,0,60,3.0,6,5.413499713861657e-13
7.28,0.0049052535271608,77.50000000001346,0,60,3.0,6,3.1665128035991287e-13
7.285,0.0027671663551903634,77.50000000000783,0,60,3.0,6,1.8423955171944245e-13
7.29,0.0015425553464444616,77.50000000000453,0,60,3.0,6,1.0666500362704563e-13
7.295,0.0009638206637011801,77.50000000000261,0,60,3.0,6,6.152464159052161e-14
7.3,0.0009804935156568228,77.50000000000149,0,60,3.0,6,3.510917047285201e-14
7.305,0.0018793744894085216,77.50000000000085,0,60,3.0,6,2.0062383127344007e-14
7.31,0.004535525206900863,77.50000000000048,0,60,3.0,6,1.1368683772161604e-14
7.315,0.010832767979632273,77.50000000000027,0,60,3.0,6,6.353087990325602e-15
7.32,0.024208003392322392,77.50000000000016,0,60,3.0,6,3.678103573346401e-15
7.325,0.0500971897335304,77.50000000000009,0,60,3.0,6,2.0062383127344005e-15
7.33,0.09582894921774403,77.50000000000004,0,60,3.0,6,1.0031191563672002e-15
7.335,0.16937896721820658,77.50000000000003,0,60,3.0,6,6.687461042448002e-16
7.34,0.27661303008991756,77.50000000000001,0,60,3.0,6,3.343730521224001e-16
7.345,0.4173782800009149,77.50000000000001,0,60,3.0,6,3.343730521224001e-16
7.35,0.5818720934538056,77.5,0,60,3.0,6,0.0
7.355,0.7494718801585675,77.5,0,60,3.0,6,0.0
7.36,0.891813020752378,77.5,0,60,3.0,6,0.0
7.365,0.9800361632936612,77.5,0,60,3.0,6,0.0
7.37,0.993574479225126,77.50000249060646,1,60,3.0,6,5.860250499769309e-08
7.375,0.9263438449375362,77.50000385734029,0,60,3.0,6,9.076094797552179e-08
7.38,0.7873015962290536,77.50000610730334,0,60,3.0,6,1.437012549425109e-07
7.385,0.5959516244629897,77.50000999976028,0,60,3.0,6,2.3528847718272813e-07
7.39,0.376910120078773,77.50001711607312,0,60,3.0,6,4.027311323331078e-07
7.395,0.15739335672107918,77.5000308127143,0,60,3.0,6,7.250050423542288e-07
7.4,-0.033361226269301235,77.50005823243188,0,60,3.0,6,1.3701748678292514e-06
7.405,-0.1680180840843834,77.50011443699209,0,60,3.0,6,2.6926351080526407e-06
7.41,-0.23069703190837854,77.50023065316174,0,60,3.0,6,5.427133217327697e-06
7.415,-0.22587267821131068,77.50047021644501,0,60,3.0,6,1.106391635316333e-05
7.42,-0.17718181630665902,77.5009583966,0,60,3.0,6,2.255050823524631e-05
7.425,-0.11494332516451301,77.50193629964134,0,60,3.0,6,4.5559991561022426e-05
7.43,-0.061810214049552864,77.50385483894526,0,60,3.0,6,9.07020928296146e-05
7.435,-0.026546104631500547,77.50753250751332,0,60,3.0,6,0.0001772354709015979
7.44,-0.00719600351942686,77.51440996954433,0,60,3.0,6,0.00033905810692544944
7.445,0.0022072757983807078,77.52694391670826,0,60,3.0,6,0.0006339745107826435
7.45,0.006917199873730717,77.54918926053296,0,60,3.0,6,0.0011573943654813025
7.455,0.01004859748264829,77.5876176648087,0,60,3.0,6,0.0020615921131459745
7.46,0.013037082251128167,77.65220482613245,0,60,3.0,6,0.003581290026645815
7.465,0.01645163937690478,77.7577808422973,0,60,3.0,6,0.006065431583465732
7.47,0.020526639934696615,77.92557045679185,0,60,3.0,6,0.010013422512749311
7.475,0.02539629541761738,78.1847502601857,0,60,3.0,6,0.016111770827898695
7.48,0.031171612185577933,78.57372412531626,0,60,3.0,6,0.02526409706626496
7.485,0.03795853426638131,79.14068530680169,0,60,3.0,6,0.038604360160039666
7.49,0.0458588961882057,79.94292800606925,0,60,3.0,6,0.05748065896633534
7.495,0.054966995891435555,81.0443400664048,0,60,3.0,6,0.08339623685658352
7.5,0.06536491004445595,82.51060356247285,0,60,3.0,6,0.11789655441112593
7.505,0.07711726085088699,84.4018923138275,0,60,3.0,6,0.16239746620770595
7.51,0.09026570629555215,86.76329520888174,0,60,3.0,6,0.2179598872678057
7.515,0.10482339848670268,89.61377301640115,0,60,3.0,6,0.28502995332708597
7.52,0.12076968927580028,92.93507670582724,0,60,3.0,6,0.3631782754312292
7.525,0.13804539501007884,96.66256820647882,0,60,3.0,6,0.45088395779950174
7.53,0.15654895051787066,100.68011755916041,0,60,3.0,6,0.5454145308037743
7.535,0.17613378141900526,104.82105425803283,0,60,3.0,6,0.6428483354831255
7.54,0.19660720058055794,108.8764532668383,0,60,3.0,6,0.7382694886314893
7.545,0.21773108748496234,112.61088723201624,0,60,3.0,6,0.8261385231062645
7.55,0.23922453870058807,115.78436216317712,0,60,3.0,6,0.9008085214865205
7.555,0.2607685857914563,118.1777713622895,0,60,3.0,6,0.9571240320538708
7.56,0.2820129681603682,119.61819191512663,0,60,3.0,6,0.9910162803559207
7.565,0.30258482867153996,120.0,0,60,3.0,6,1.0
7.57,0.3220990771751686,119.29824545748835,0,60,3.0,6,0.9834881284114906
7.575,0.3401700499968971,117.5719546188641,0,60,3.0,6,0.9428695204438611
7.58,0.3564239911198326,114.95677661133668,0,60,3.0,6,0.8813359202667453
7.585,0.3705118017738417,111.64826619736436,0,60,3.0,6,0.8034886164085733
7.59,0.3821214567925213,107.87868369700878,0,60,3.0,6,0.7147925575766773
7.595,0.39098947374066967,103.89114672130673,0,60,3.0,6,0.6209681581483936
7.6,0.3969108472035567,99.91511507625712,0,60,3.0,6,0.5274144723825206
7.605,0.3997469255491936,96.14656082953842,0,60,3.0,6,0.4387426077538451
7.61,0.3994308076379137,92.73498319976926,0,60,3.0,6,0.3584701929357473
7.615,0.3959699661768434,89.77799372275705,0,60,3.0,6,0.2888939699472246
7.62,0.38944595408114946,87.32285486110474,0,60,3.0,6,0.23112599673187634
7.625,0.38001120995358023,85.37336529966561,0,60,3.0,6,0.185255654109779
7.63,0.3678831374098315,83.89998207819981,0,60,3.0,6,0.15058781360470147
7.635,0.35333577933796634,82.8510525309259,0,60,3.0,6,0.125907118374727
7.64,0.33668953221163944,82.16338984647568,0,60,3.0,6,0.10972681991707485
7.645,0.3182994390982644,81.7710004035094,0,60,3.0,6,0.10049412714139776
7.65,0.29854265738230645,81.61139076399436,0,60,3.0,6,0.0967386062116321
7.655,0.2778057157821067,81.62941598109197,0,60,3.0,6,0.0971627289668698
7.66,0.2564721553719815,81.7790040818856,0,60,3.0,6,0.1006824489855436
7.665,0.23491109433464996,82.02328621441396,0,60,3.0,6,0.1064302638685637
7.67,0.21346717185309805,82.33370255304422,0,60,3.0,6,0.1137341777186875
7.675,0.19245222055656455,82.68858789463043,0,60,3.0,6,0.12208442105012778
7.68,0.17213889801761392,83.07161944197627,0,60,3.0,6,0.13109692804650042
7.685,0.15275638501270183,83.47037548139828,0,60,3.0,6,0.1404794230917242
7.69,0.13448814019607322,83.87513591955003,0,60,3.0,6,0.1500031981070596
7.695,0.11747159495449566,84.27796761085855,0,60,3.0,6,0.15948159084373068
7.7,0.10179958433370105,84.67208126420148,0,60,3.0,6,0.16875485327532896
7.705,0.08752324394101413,85.05141767098016,0,60,3.0,6,0.17768041578776841
7.71,0.07465606047174059,85.41041137477472,0,60,3.0,6,0.18612732646528765
7.715,0.0631787448609295,85.74388204533,0,60,3.0,6,0.1939736951842352
7.72,0.05304460019959574,86.0470116192692,0,60,3.0,6,0.20110615574751056
7.725,0.044185078305849994,86.31537463568876,0,60,3.0,6,0.20742057966326483
7.73,0.03651525513023255,86.54499785256412,0,60,3.0,6,0.21282347888386172
7.735,0.0299390014708757,86.73243223546459,0,60,3.0,6,0.21723369965799025
7.74,0.024353677220580638,86.87482563242001,0,60,3.0,6,0.2205841325275297
7.745,0.01965423034339045,86.96998815607745,0,60,3.0,6,0.22282325073123407
7.75,0.015736632374757337,87.01644488029292,0,60,3.0,6,0.22391635012453937
7.755,0.012500627640593535,87.01347229325384,0,60,3.0,6,0.22384640690009036
7.76,0.009851811652115898,86.96111631870204,0,60,3.0,6,0.22261450161651858
7.765,0.007703084175428559,86.86019081224607,0,60,3.0,6,0.22023978381755469
7.77,0.005975544002062424,86.7122563730027,0,60,3.0,6,0.21675897348241652
7.775,0.004598905818663047,86.51958013614413,0,60,3.0,6,0.21222541496809713
7.78,0.0035115256454839104,86.28507794654647,0,60,3.0,6,0.2067077163893286
7.785,0.002660121266303676,86.01224095394758,0,60,3.0,6,0.20028802244582547
7.79,0.0019992692560877024,85.7050492026738,0,60,3.0,6,0.19305998123938367
7.795,0.0014907520044639367,85.36787519896696,0,60,3.0,6,0.18512647526981074
7.8,0.0011028178277539807,85.00538071378118,0,60,3.0,6,0.1765971932654395
7.805,0.0008094059938923333,84.6224102114667,0,60,3.0,6,0.1675861226227459
7.81,0.0005893771793717645,84.22388428441178,0,60,3.0,6,0.15820904198615957
7.815,0.0004257792353490551,83.81469632673434,0,60,3.0,6,0.14858109004080788
7.82,0.0003051686392901525,83.39961540923211,0,60,3.0,6,0.13881448021722617
7.825,0.00021699992642659966,82.98319794133803,0,60,3.0,6,0.1290164221491302
7.83,0.00015308884054097838,82.5697102464525,0,60,3.0,6,0.11928729991652945
7.835,0.00010714989329311098,82.16306366028918,0,60,3.0,6,0.10971914494798077
7.84,7.440535854020571e-05,81.76676321464303,0,60,3.0,6,0.10039442857983612
7.845,5.1260276743925106e-05,81.3838704178972,0,60,3.0,6,0.09138518630346351
7.85,3.503659887882241e-05,81.01698011357695,0,60,3.0,6,0.08275247326063409
7.855,2.375894748103639e-05,80.66821091136433,0,60,3.0,6,0.07454613909092533
7.86,1.5984413869232557e-05,80.33920825933811,0,60,3.0,6,0.06680490021972017
7.865,1.0669166579899869e-05,80.03115887537963,0,60,3.0,6,0.059556679420697214
7.87,7.06526633560511e-06,79.74481498835964,0,60,3.0,6,0.052819176196697314
7.875,4.641847214699205e-06,79.48052665965687,0,60,3.0,6,0.0466006272860441
7.88,3.025641074479182e-06,79.23828036186586,0,60,3.0,6,0.0409007143968438
7.885,1.9566278676921314e-06,79.01774197921334,0,60,3.0,6,0.03571157598149037
7.89,1.2553456560008793e-06,78.8183024547782,0,60,3.0,6,0.03101888128889895
7.895,7.990660428214668e-07,78.6391244320625,0,60,3.0,6,0.02680292781323534
7.9,5.046221251618276e-07,78.47918841005006,0,60,3.0,6,0.023039727295295454
7.905,3.1616527078858815e-07,78.3373371380437,0,60,3.0,6,0.019702050306910437
7.91,1.9652884407760343e-07,78.21231720572483,0,60,3.0,6,0.016760404840584227
7.915,1.2120002189836396e-07,78.10281702217611,0,60,3.0,6,0.014183929933555566
7.92,7.415549848886236e-08,78.00750061349781,0,60,3.0,6,0.011941190905830849
7.925,4.501406988770349e-08,77.92503689230902,0,60,3.0,6,0.010000868054329965
7.93,0.0,77.85412425603842,0,60,3.0,6,0.008332335436198064
7.935,0.0,77.79351054877074,0,60,3.0,6,0.006906130559311537
7.94,0.0,77.74200856992353,0,60,3.0,6,0.005694319292318288
7.945,0.0,77.69850743053568,0,60,3.0,6,0.004670763071427874
7.95,0.0,77.66198014454383,0,60,3.0,6,0.003811297518678416
7.955,0.0,77.63148789963498,0,60,3.0,6,0.0030938329325876754
7.96,0.0,77.60618148274689,0,60,3.0,6,0.0024983878293386064
7.965,0.0,77.58530034248456,0,60,3.0,6,0.0020070668819896047
7.97,0.0,77.56816975854922,0,60,3.0,6,0.0016039943188051143
7.975,0.0,77.55419656084052,0,60,3.0,6,0.0012752131962476116
7.98,0.0,77.542863802236,0,60,3.0,6,0.0010085600526117426
7.985,0.0,77.53372474296843,0,60,3.0,6,0.0007935233639630844
7.99,0.0,77.52639645440267,0,60,3.0,6,0.0006210930447687535
7.995,0.0,77.52055329875957,0,60,3.0,6,0.0004836070296368475
8.0,0.0,77.51592049130771,0,60,3.0,6,0.00037459979547553997
8.005,0.0,77.5122679045549,0,60,3.0,6,0.0002886565777624342
8.01,0.0,77.50940423131003,0,60,3.0,6,0.00022127603082420887
8.015,0.0,77.50717158596277,0,60,3.0,6,0.0001687431991239036
8.02,0.0,77.50544059134097,0,60,3.0,6,0.00012801391390519925
8.025,0.0,77.50410597211048,0,60,3.0,6,9.661110848188561e-05
8.03,0.0,77.50308265466796,0,60,3.0,6,7.253305101090411e-05
8.035,0.0,77.50230235743923,0,60,3.0,6,5.4173116217270946e-05
8.04,0.0,77.50171064389794,0,60,3.0,6,4.025044465733759e-05
8.045,0.0,77.50126440285658,0,60,3.0,6,2.9750655448879117e-05
8.05,0.0,77.50092971602302,0,60,3.0,6,2.1875671129959407e-05
8.055,0.0,77.50068007084202,0,60,3.0,6,1.6001666871127728e-05
8.06,0.0,77.5004948766761,0,60,3.0,6,1.1644157084714715e-05
8.065,0.0,77.50035824390325,0,60,3.0,6,8.429268311762345e-06
8.07,0.0,77.50025798806918,0,60,3.0,6,6.070307510111995e-06
8.075,0.0,77.50018482445232,0,60,3.0,6,4.348810642795798e-06
8.08,0.0,77.50013172197245,0,60,3.0,6,3.0993405282649347e-06
8.085,0.0,77.50009338906223,0,60,3.0,6,2.1973896995110835e-06
8.09,0.0,77.50006586774495,0,60,3.0,6,1.5498292929591758e-06
8.095,0.0,77.50004621559701,0,60,3.0,6,1.0874258119950836e-06
8.1,0.0,77.5000322584378,0,60,3.0,6,7.590220658424669e-07
8.105,0.0,77.5000223994362,0,60,3.0,6,5.270455577534877e-07
8.11,0.0,77.50001547283287,0,60,3.0,6,3.6406665578718223e-07
8.115,0.001684486749771458,77.50001063265135,0,60,3.0,6,2.5018003183878834e-07
8.12,0.003097557930867117,77.50000726862568,0,60,3.0,6,1.7102648658852988e-07
8.125,0.005475106668887023,77.50000494312994,0,60,3.0,6,1.1630893970290987e-07
8.13,0.00930222931468658,77.50000334418844,0,60,3.0,6,7.86867868849667e-08
8.135,0.01519157517868857,77.50000225070433,0,60,3.0,6,5.2957748868506956e-08
8.14,0.023847336626128316,77.50000150690246,0,60,3.0,6,3.545652856808053e-08
8.145,0.0359830743700859,77.50000100366974,0,60,3.0,6,2.3615758530414656e-08
8.15,0.05218887796857759,77.50000066502123,0,60,3.0,6,1.564755841761379e-08
8.155,0.0727577001223134,77.50000043834815,0,60,3.0,6,1.0314074175125022e-08
8.16,0.0974992498694751,77.50000028743645,0,60,3.0,6,6.763210582421915e-09
8.165,0.12558706050443358,77.50000018750096,0,60,3.0,6,4.411787264924736e-09
8.17,0.15549263588878245,77.50000012167578,0,60,3.0,6,2.8629595844369546e-09
8.175,0.1850529723539114,77.50000007854956,0,60,3.0,6,1.8482249769851263e-09
8.18,0.21169159439317053,77.5000000504455,0,60,3.0,6,1.1869527792013661e-09
8.185,0.23277292922115492,77.5000000322285,0,60,3.0,6,7.583176230742965e-10
8.19,0.24602692519491282,77.50000002048314,0,60,3.0,6,4.819562892568202e-10
8.195,0.24995056064839283,77.50000001295066,0,60,3.0,6,3.047215186062899e-10
8.2,0.24408826520424054,77.50000000814568,0,60,3.0,6,1.9166296784961186e-10
8.205,0.22911894216865275,77.50000000509684,0,60,3.0,6,1.1992557012811578e-10
8.21,0.20672661788705934,77.50000000317259,0,60,3.0,6,7.464911825937794e-11
8.215,0.17928878030241233,77.50000000196455,0,60,3.0,6,4.622473384455696e-11
8.22,0.14946211903866036,77.5000000012102,0,60,3.0,6,2.847520911874359e-11
8.225,0.1197651512573837,77.50000000074162,0,60,3.0,6,1.7449926471111694e-11
8.23,0.09224675744988023,77.50000000045212,0,60,3.0,6,1.063807865327416e-11
8.235,0.06829565320281596,77.5000000002742,0,60,3.0,6,6.45172804070171e-12
8.24,0.04860224607515734,77.50000000016543,0,60,3.0,6,3.892436699756859e-12
8.245,0.03324612389699793,77.50000000009929,0,60,3.0,6,2.3362645151792095e-12
8.25,0.021859876340472782,77.50000000005929,0,60,3.0,6,1.3950043734546533e-12
8.255,0.01381595518554205,77.50000000003521,0,60,3.0,6,8.285764231593074e-13
8.26,0.008394095110402422,77.5000000000208,0,60,3.0,6,4.895221483071937e-13
8.265,0.0049052535271608,77.50000000001224,0,60,3.0,6,2.8789519787738646e-13
8.27,0.0027671663551903634,77.50000000000715,0,60,3.0,6,1.6818964521756725e-13
8.275,0.0015425553464444616,77.50000000000416,0,60,3.0,6,9.797130427186323e-14
8.28,0.0009638206637011801,77.5000000000024,0,60,3.0,6,5.6509045808685616e-14
8.285,0.0009804935156568228,77.50000000000138,0,60,3.0,6,3.243418605587281e-14
8.29,0.0018793744894085216,77.5000000000008,0,60,3.0,6,1.8724890918854405e-14
8.295,0.004535525206900863,77.50000000000045,0,60,3.0,6,1.0699937667916803e-14
8.3,0.010832767979632273,77.50000000000026,0,60,3.0,6,6.0187149382032015e-15
8.305,0.024208003392322392,77.50000000000014,0,60,3.0,6,3.343730521224001e-15
8.31,0.0500971897335304,77.50000000000009,0,60,3.0,6,2.0062383127344005e-15
8.315,0.09582894921774403,77.50000000000004,0,60,3.0,6,1.0031191563672002e-15
8.32,0.16937896721820658,77.50000000000003,0,60,3.0,6,6.687461042448002e-16
8.325,0.27661303008991756,77.50000000000001,0,60,3.0,6,3.343730521224001e-16
8.33,0.4173782800009149,77.5,0,60,3.0,6,0.0
8.335,0.5818720934538056,77.5,0,60,3.0,6,0.0
8.34,0.7494718801585675,77.5,0,60,3.0,6,0.0
8.345,0.891813020752378,77.5,0,60,3.0,6,0.0
8.35,0.9800361632936612,77.5,0,60,3.0,6,0.0
8.355,0.993574479225126,77.50000249553136,1,60,3.0,6,5.871838498826358e-08
8.36,0.9263438449375362,77.5000037979206,0,60,3.0,6,8.936283761078598e-08
8.365,0.7873015962290536,77.50000589651982,0,60,3.0,6,1.387416429064187e-07
8.37,0.5959516244629897,77.5000094348155,0,60,3.0,6,2.2199565872891553e-07
8.375,0.376910120078773,77.50001571195249,0,60,3.0,6,3.6969299966425324e-07
8.38,0.15739335672107918,77.50002740197677,0,60,3.0,6,6.447523944911261e-07
8.385,-0.033361226269301235,77.5000500328844,0,60,3.0,6,1.177244338885644e-06
8.39,-0.1680180840843834,77.50009495573708,0,60,3.0,6,2.234252637248681e-06
8.395,-0.23069703190837854,77.50018514752661,0,60,3.0,6,4.356412390774601e-06
8.4,-0.22587267821131068,77.50036623180388,0,60,3.0,6,8.617218914838198e-06
8.405,-0.17718181630665902,77.50072678709442,0,60,3.0,6,1.710087280992625e-05
8.41,-0.11494332516451301,77.50143461155861,0,60,3.0,6,3.3755566084892054e-05
8.415,-0.061810214049552864,77.5027993939534,0,60,3.0,6,6.58680930210748e-05
8.42,-0.026546104631500547,77.50537738125638,0,60,3.0,6,0.0001265266177971866
8.425,-0.00719600351942686,77.5101400375162,0,60,3.0,6,0.0002385891180281038
8.43,0.0022072757983807078,77.51873573170647,0,60,3.0,6,0.00044084074603460975
8.435,0.006917199873730717,77.53387969714991,0,60,3.0,7,0.0007971693447038486
8.44,0.01004859748264829,77.55991023047092,0,60,3.0,7,0.0014096524816686858
8.445,0.013037082251128167,77.60354438392822,0,60,3.0,7,0.00243633844536997
8.45,0.01645163937690478,77.67484918417814,0,60,3.0,7,0.004114098451250423
8.455,0.020526639934696615,77.7884093308522,0,60,3.0,7,0.0067861019024047994
8.46,0.02539629541761738,77.96461536956245,0,60,3.0,7,0.01093212634264593
8.465,0.031171612185577933,78.23091721059663,0,60,3.0,7,0.017198052014038345
8.47,0.03795853426638131,78.6227928599652,0,60,3.0,7,0.02641865552859298
8.475,0.0458588961882057,79.18408665755831,0,60,3.0,7,0.03962556841313672
8.48,0.054966995891435555,79.96630039667855,0,60,3.0,7,0.058030597568907015
8.485,0.06536491004445595,81.02640747170874,0,60,3.0,7,0.08297429345197027
8.49,0.07711726085088699,82.42283947403011,0,60,3.0,7,0.11583151703600265
8.495,0.09026570629555215,84.20949296015137,0,60,3.0,7,0.15787042259179684
8.5,0.10482339848670268,86.42792724167438,0,60,3.0,7,0.21006887627469134
8.505,0.12076968927580028,89.09834551335945,0,60,3.0,7,0.2729022473731635
8.51,0.13804539501007884,92.21040668051529,0,60,3.0,7,0.3461272160121245
8.515,0.15654895051787066,95.71530488045332,0,60,3.0,7,0.4285954089518428
8.52,0.17613378141900526,99.52076142138833,0,60,3.0,7,0.518135562856196
8.525,0.19660720058055794,103.49049392863455,0,60,3.0,7,0.6115410336149306
8.53,0.21773108748496234,107.44929879905975,0,60,3.0,7,0.7046893835072882
8.535,0.23922453870058807,111.1941190293451,0,60,3.0,7,0.792802800690473
8.54,0.2607685857914563,114.51047262775617,0,60,3.0,7,0.8708346500648512
8.545,0.2820129681603682,117.1925695932531,0,60,3.0,7,0.9339428139588964
8.55,0.30258482867153996,119.06457506308963,0,60,3.0,7,0.977990001484462
8.555,0.3220990771751686,120.0,0,60,3.0,7,1.0
8.56,0.3401700499968971,119.93626626357627,0,60,3.0,7,0.9985003826723828
8.565,0.3564239911198326,118.88213103465766,0,60,3.0,7,0.9736972008154744
8.57,0.3705118017738417,116.91676286621725,0,60,3.0,7,0.9274532439109943
8.575,0.3821214567925213,114.18061934032266,0,60,3.0,7,0.8630733962428863
8.58,0.39098947374066967,110.85960266710498,0,60,3.0,7,0.7849318274612936
8.585,0.3969108472035567,107.16499075378253,0,60,3.0,7,0.6979997824419419
8.59,0.3997469255491936,103.31215997547778,0,60,3.0,7,0.6073449405994773
8.595,0.3994308076379137,99.50105733238124,0,60,3.0,7,0.5176719372324997
8.6,0.3959699661768434,95.90080270694628,0,60,3.0,7,0.43296006369285367
8.605,0.38944595408114946,92.63987384862794,0,60,3.0,7,0.35623232585006925
8.61,0.38001120995358023,89.80227211535595,0,60,3.0,7,0.2894652262436693
8.615,0.3678831374098315,87.429107562273,0,60,3.0,7,0.23362606028877655
8.62,0.35333577933796634,85.52434499291017,0,60,3.0,7,0.18880811748023937
8.625,0.33668953221163944,84.06310121889615,0,60,3.0,7,0.1544259110328506
8.63,0.3182994390982644,83.00087339718817,0,60,3.0,7,0.129432315227957
8.635,0.29854265738230645,82.28233533973716,0,60,3.0,7,0.11252553740558022
8.64,0.2778057157821067,81.84875222780497,0,60,3.0,7,0.10232358183070507
8.645,0.2564721553719815,81.64351943719842,0,60,3.0,7,0.09749457499290402
8.65,0.23491109433464996,81.61573561778272,0,60,3.0,7,0.09684083806547572
8.655,0.21346717185309805,81.7220173312601,0,60,3.0,7,0.09934158426494365
8.66,0.19245222055656455,81.92693369355118,0,60,3.0,7,0.10416314573061594
8.665,0.17213889801761392,82.20249593298601,0,60,3.0,7,0.1106469631290826
8.67,0.15275638501270183,82.52710789170109,0,60,3.0,7,0.11828489156943747
8.675,0.13448814019607322,82.88430441935833,0,60,3.0,7,0.12668951574960777
8.68,0.11747159495449566,83.26150706007847,0,60,3.0,7,0.1355648720018464
8.685,0.10179958433370105,83.64893355810317,0,60,3.0,7,0.14468078960242745
8.69,0.08752324394101413,84.03872273042094,0,60,3.0,7,0.1538522995393163
8.695,0.07465606047174059,84.42428381662813,0,60,3.0,7,0.16292432509713253
8.7,0.0631787448609295,84.79984820751459,0,60,3.0,7,0.17176113429446085
8.705,0.05304460019959574,85.16018700493531,0,60,3.0,7,0.18023969423377198
8.71,0.044185078305849994,85.50045479613394,0,60,3.0,7,0.18824599520315147
8.715,0.03651525513023255,85.81612348054294,0,60,3.0,7,0.1956734936598339
8.72,0.0299390014708757,86.10297630590426,0,60,3.0,7,0.20242297190362973
8.725,0.024353677220580638,86.35713909920837,0,60,3.0,7,0.20840327292254984
8.73,0.01965423034339045,86.5751317625649,0,60,3.0,7,0.21353251206035045
8.735,0.015736632374757337,86.75392796721998,0,60,3.0,7,0.21773948158164658
8.74,0.012500627640593535,86.89101460585793,0,60,3.0,7,0.22096504954959842
8.745,0.009851811652115898,86.98444515996042,0,60,3.0,7,0.22316341552848037
8.75,0.007703084175428559,87.0328829744056,0,60,3.0,7,0.22430312880954342
8.755,0.005975544002062424,87.03563175280645,0,60,3.0,7,0.22436780594838712
8.76,0.004598905818663047,86.99265158497569,0,60,3.0,7,0.22335650788178094
8.765,0.0035115256454839104,86.90455962174919,0,60,3.0,7,0.2212837558058632
8.77,0.002660121266303676,86.7726151996039,0,60,3.0,7,0.2181791811671507
8.775,0.0019992692560877024,86.5986898271919,0,60,3.0,7,0.21408681946333893
8.78,0.0014907520044639367,86.38522299196607,0,60,3.0,7,0.20906407039920175
8.785,0.0011028178277539807,86.13516522658897,0,60,3.0,7,0.20318035827268158
8.79,0.0008094059938923333,85.85191028364954,0,60,3.0,7,0.19651553608587163
8.795,0.0005893771793717645,85.53921859307545,0,60,3.0,7,0.1891580845429517
8.8,0.0004257792353490551,85.20113441032936,0,60,3.0,7,0.18120316259598493
8.805,0.0003051686392901525,84.84189919885794,0,60,3.0,7,0.17275056938489283
8.81,0.00021699992642659966,84.4658638252098,0,60,3.0,7,0.16390267824023047
8.815,0.00015308884054097838,84.07740208207215,0,60,3.0,7,0.15476240193110952
8.82,0.00010714989329311098,83.68082789985633,0,60,3.0,7,0.14543124470250177
8.825,7.440535854020571e-05,83.28031837196917,0,60,3.0,7,0.136007491105157
8.83,5.1260276743925106e-05,82.87984441636587,0,60,3.0,7,0.12658457450272637
8.835,3.503659887882241e-05,82.48311054260569,0,60,3.0,7,0.11724965982601615
8.84,2.375894748103639e-05,82.09350480709807,0,60,3.0,7,0.10808246604936639
8.845,1.5984413869232557e-05,81.71405963766578,0,60,3.0,7,0.09915434441566551
8.85,1.0669166579899869e-05,81.34742380962653,0,60,3.0,7,0.09052761905003609
8.855,7.06526633560511e-06,80.99584547562104,0,60,3.0,7,0.0822551876616715
8.86,4.641847214699205e-06,80.66116580464649,0,60,3.0,7,0.07438037187403498
8.865,3.025641074479182e-06,80.34482248380725,0,60,3.0,7,0.0669369996189941
8.87,1.9566278676921314e-06,80.04786208778954,0,60,3.0,7,0.05994969618328328
8.875,1.2553456560008793e-06,79.77096013143739,0,60,3.0,7,0.05343435603382097
8.88,7.990660428214668e-07,79.51444749231865,0,60,3.0,7,0.04739876452514476
8.885,5.046221251618276e-07,79.278341822098,0,60,3.0,7,0.041843336990541165
8.89,3.1616527078858815e-07,79.06238255449453,0,60,3.0,7,0.0367619424586949
8.895,1.9652884407760343e-07,78.86606815798669,0,60,3.0,7,0.03214278018792209
8.9,1.2120002189836396e-07,78.68869436592169,0,60,3.0,7,0.027969279198157438
8.905,7.415549848886236e-08,78.52939223681737,0,60,3.0,7,0.02422099380746759
8.91,4.501406988770349e-08,78.38716504432811,0,60,3.0,7,0.020874471631249742
8.915,0.0,78.26092316041584,0,60,3.0,7,0.017904074362725703
8.92,0.0,78.14951626792161,0,60,3.0,7,0.01528273571580264
8.925,0.0,78.05176241193382,0,60,3.0,7,0.012982644986678171
8.93,0.0,77.96647356610181,0,60,3.0,7,0.010975848614160268
8.935,0.0,77.89247754460511,0,60,3.0,7,0.009234765755414454
8.94,0.0,77.8286362284681,0,60,3.0,7,0.00773261714042586
8.945,0.0,77.77386019328746,0,60,3.0,7,0.0064437692538226255
8.95,0.0,77.72711992251153,0,60,3.0,7,0.005343998176741974
8.955,0.0,77.68745386566955,0,60,3.0,7,0.004410679192224787
8.96,0.0,77.65397365492345,0,60,3.0,7,0.003622909527610532
8.965,0.0,77.62586682737643,0,60,3.0,7,0.00296157240885711
8.97,0.0,77.60239741673563,0,60,3.0,7,0.0024093509820147575
8.975,0.0,77.58290477863605,0,60,3.0,7,0.0019507006737893896
8.98,0.0,77.56680100188535,0,60,3.0,7,0.0015717882796553462
8.985,0.0,77.55356723584703,0,60,3.0,7,0.0012604055493418
8.99,0.0,77.54274923483845,0,60,3.0,7,0.001005864349140077
8.995,0.0,77.5339523862881,0,60,3.0,7,0.000798879677367214
9.0,0.0,77.52683645271036,0,60,3.0,7,0.0006314459461260172
9.005,0.0,77.52111022023206,0,60,3.0,7,0.0004967110642837725
9.01,0.0,77.51652621000613,0,60,3.0,7,0.0003888520001443313
9.015,0.0,77.51287557458264,0,60,3.0,7,0.0003029546960620417
9.02,0.0,77.50998327004963,0,60,3.0,7,0.00023490047175601724
9.025,0.0,77.50770356706387,0,60,3.0,7,0.0001812604015028415
9.03,0.0,77.50591594005692,0,60,3.0,7,0.0001391985895746556
9.035,0.0,77.5045213539901,0,60,3.0,7,0.00010638479976705639
9.04,0.0,77.50343895192604,0,60,3.0,7,8.091651590689253e-05
9.045,0.0,77.50260313413699,0,60,3.0,7,6.125021498800218e-05
9.05,0.0,77.50196101013708,0,60,3.0,7,4.614141499012155e-05
9.055,0.0,77.50147019851048,0,60,3.0,7,3.459290612882422e-05
9.06,0.0,77.50109694528726,0,60,3.0,7,2.581047734726299e-05
9.065,0.0,77.50081452947285,0,60,3.0,7,1.9165399361126593e-05
9.07,0.0,77.50060192376263,0,60,3.0,7,1.4162912061893247e-05
9.075,0.0,77.50044267910418,0,60,3.0,7,1.041597892193589e-05
9.08,0.0,77.50032400327848,0,60,3.0,7,7.623606552442652e-06
9.085,0.0,77.5002360057779,0,60,3.0,7,5.553077126893079e-06
9.09,0.0,77.50017108373179,0,60,3.0,7,4.025499571432246e-06
9.095,0.0,77.50012342628081,0,60,3.0,7,2.9041477837247786e-06
9.1,0.0,77.50008861748469,0,60,3.0,7,2.0851172868841626e-06
9.105,0.0,77.50006332045746,0,60,3.0,7,1.4898931166338597e-06
9.11,0.0,77.50004502788177,0,60,3.0,7,1.0594795710136062e-06
9.115,0.0,77.50003186631457,0,60,3.0,7,7.49795636987555e-07
9.12,0.0,77.50002244372865,0,60,3.0,7,5.28087733019835e-07
9.125,0.0,77.50001573153237,0,60,3.0,7,3.701537028679441e-07
9.13,0.0,77.50001097387214,0,60,3.0,7,2.5820875614900773e-07
9.135,0.0,77.50000761836212,0,60,3.0,7,1.7925557926901092e-07
9.14,0.001684486749771458,77.50000526351877,0,60,3.0,7,1.2384750053730815e-07
9.145,0.003097557930867117,77.50000361912504,0,60,3.0,7,8.51558832651148e-08
9.15,0.005475106668887023,77.50000247653146,0,60,3.0,7,5.827132855194898e-08
9.155,0.00930222931468658,77.50000168654122,0,60,3.0,7,3.9683322938799394e-08
9.16,0.01519157517868857,77.50000114304392,0,60,3.0,7,2.6895150995187578e-08
9.165,0.023847336626128316,77.50000077097754,0,60,3.0,7,1.814064790671503e-08
9.17,0.0359830743700859,77.50000051752744,0,60,3.0,7,1.2177116225168849e-08
9.175,0.05218887796857759,77.50000034573065,0,60,3.0,7,8.134838935802691e-09
9.18,0.0727577001223134,77.50000022985567,0,60,3.0,7,5.408368759376839e-09
9.185,0.0974992498694751,77.50000015208467,0,60,3.0,7,3.5784627444252904e-09
9.19,0.12558706050443358,77.50000010014482,0,60,3.0,7,2.3563486325549412e-09
9.195,0.15549263588878245,77.50000006562728,0,60,3.0,7,1.544171201363925e-09
9.2,0.1850529723539114,77.50000004280092,0,60,3.0,7,1.0070804739156944e-09
9.205,0.21169159439317053,77.50000002778016,0,60,3.0,7,6.536508328067344e-10
9.21,0.23277292922115492,77.50000001794442,0,60,3.0,7,4.222215466143098e-10
9.215,0.24602692519491282,77.5000000115355,0,60,3.0,7,2.714236469567849e-10
9.22,0.24995056064839283,77.50000000738001,0,60,3.0,7,1.7364728217430907e-10
9.225,0.24408826520424054,77.50000000469883,0,60,3.0,7,1.1056078405732371e-10
9.23,0.22911894216865275,77.50000000297739,0,60,3.0,7,7.005617001542466e-11
9.235,0.20672661788705934,77.50000000187757,0,60,3.0,7,4.417803639251575e-11
9.24,0.17928878030241233,77.50000000117832,0,60,3.0,7,2.7725210362833048e-11
9.245,0.14946211903866036,77.50000000073595,0,60,3.0,7,1.7316511623314855e-11
9.25,0.1197651512573837,77.50000000045745,0,60,3.0,7,1.0763468547820058e-11
9.255,0.09224675744988023,77.50000000028298,0,60,3.0,7,6.658370586913353e-12
9.26,0.06829565320281596,77.50000000017421,0,60,3.0,7,4.0990792459685025e-12
9.265,0.04860224607515734,77.50000000010674,0,60,3.0,7,2.511475994491347e-12
9.27,0.03324612389699793,77.50000000006509,0,60,3.0,7,1.5314285787205924e-12
9.275,0.021859876340472782,77.50000000003949,0,60,3.0,7,9.292227118481499e-13
9.28,0.01381595518554205,77.50000000002385,0,60,3.0,7,5.610779814613874e-13
9.285,0.008394095110402422,77.50000000001434,0,60,3.0,7,3.373824095915017e-13
9.29,0.0049052535271608,77.50000000000857,0,60,3.0,7,2.0162695042980724e-13
9.295,0.0027671663551903634,77.5000000000051,0,60,3.0,7,1.2003992571194163e-13
9.3,0.0015425553464444616,77.50000000000303,0,60,3.0,7,7.122146010207122e-14
9.305,0.0009638206637011801,77.50000000000178,0,60,3.0,7,4.1796631515300014e-14
9.31,0.0009804935156568228,77.50000000000105,0,60,3.0,7,2.4743605857057607e-14
9.315,0.0018793744894085216,77.50000000000061,0,60,3.0,7,1.4378041241263203e-14
9.32,0.004535525206900863,77.50000000000036,0,60,3.0,7,8.359326303060002e-15
9.325,0.010832767979632273,77.5000000000002,0,60,3.0,7,4.681222729713601e-15
9.33,0.024208003392322392,77.50000000000011,0,60,3.0,7,2.6749844169792007e-15
9.335,0.0500971897335304,77.50000000000007,0,60,3.0,7,1.6718652606120004e-15
9.34,0.09582894921774403,77.50000000000004,0,60,3.0,7,1.0031191563672002e-15
9.345,0.16937896721820658,77.50000000000001,0,60,3.0,7,3.343730521224001e-16
9.35,0.27661303008991756,77.50000000000001,0,60,3.0,7,3.343730521224001e-16
9.355,0.4173782800009149,77.5,0,60,3.0,7,0.0
9.36,0.5818720934538056,77.5,0,60,3.0,7,0.0
9.365,0.7494718801585675,77.5,0,60,3.0,7,0.0
9.37,0.891813020752378,77.5,0,60,3.0,7,0.0
9.375,0.9800361632936612,77.5,0,60,3.0,7,0.0
9.38,0.993574479225126,77.50000249379623,1,60,3.0,7,5.8677558372972485e-08
9.385,0.9263438449375362,77.50000371310736,0,60,3.0,7,8.736723202673602e-08
9.39,0.7873015962290536,77.50000562627369,0,60,3.0,7,1.3238291036460022e-07
9.395,0.5959516244629897,77.5000087511904,0,60,3.0,7,2.0591036251757674e-07
9.4,0.376910120078773,77.5000140934995,0,60,3.0,7,3.316117529801191e-07
9.405,0.15739335672107918,77.50002364449583,0,60,3.0,7,5.563410782622882e-07
9.41,-0.033361226269301235,77.50004137181452,0,60,3.0,7,9.73454459252774e-07
9.415,-0.1680180840843834,77.50007514943844,0,60,3.0,7,1.7682220810483533e-06
9.42,-0.23069703190837854,77.50014042988848,0,60,3.0,7,3.304232670001618e-06
9.425,-0.22587267821131068,77.50026705614039,0,60,3.0,7,6.283673891469816e-06
9.43,-0.17718181630665902,77.50051156443334,0,60,3.0,7,1.2036810196203827e-05
9.435,-0.11494332516451301,77.50097879298076,0,60,3.0,7,2.3030423076708007e-05
9.44,-0.061810214049552864,77.50185875140316,0,60,3.0,7,4.3735327133229956e-05
9.445,-0.026546104631500547,77.50348766141926,0,60,3.0,7,8.2062621629575e-05
9.45,-0.00719600351942686,77.50644589001304,0,60,3.0,7,0.0001516680003068332
9.455,0.0022072757983807078,77.51170998236095,0,60,3.0,7,0.00027552899672835283
9.46,0.006917199873730717,77.52088060651761,0,60,3.0,7,0.000491308388649593
9.465,0.01004859748264829,77.53651183281147,0,60,3.0,7,0.0008591019485051862
9.47,0.013037082251128167,77.56256797061407,0,60,3.0,7,0.0014721875438604402
9.475,0.01645163937690478,77.60502961351479,0,60,3.0,7,0.002471285023877352
9.48,0.020526639934696615,77.67265748363043,0,60,3.0,7,0.004062529026598373
9.485,0.02539629541761738,77.7778979671949,0,60,3.0,7,0.006538775698703603
9.49,0.031171612185577933,77.93787565680515,0,60,3.0,7,0.010302956630709344
9.495,0.03795853426638131,78.17536576495824,0,60,3.0,7,0.015890959175488086
9.5,0.0458588961882057,78.51957673070166,0,60,3.0,7,0.023990040722391956
9.505,0.054966995891435555,79.0065095952289,0,60,3.0,7,0.03544728459362131
9.51,0.06536491004445595,79.67861030014265,0,60,3.0,7,0.05126141882688591
9.515,0.07711726085088699,80.583413191849,0,60,3.0,7,0.07255089863174129
9.52,0.09026570629555215,81.770909690586,0,60,3.0,7,0.10049199271967048
9.525,0.10482339848670268,83.28948302588473,0,60,3.0,7,0.1362231300208173
9.53,0.12076968927580028,85.18043606390114,0,60,3.0,7,0.18071614268002684
9.535,0.13804539501007884,87.47139603662693,0,60,3.0,7,0.23462108321475122
9.54,0.15654895051787066,90.16917788985415,0,60,3.0,7,0.298098303290686
9.545,0.17613378141900526,93.25297620840644,0,60,3.0,7,0.3706582637272103
9.55,0.19660720058055794,96.66896811655616,0,60,3.0,7,0.4510345439189684
9.555,0.21773108748496234,100.32747708878084,0,60,3.0,7,0.5371171079713138
9.56,0.23922453870058807,104.10371536095293,0,60,3.0,7,0.6259697731988926
9.565,0.2607685857914563,107.8427681069032,0,60,3.0,7,0.7139474848683104
9.57,0.2820129681603682,111.3689295226379,0,60,3.0,7,0.7969159887679506
9.575,0.30258482867153996,114.49882389526589,0,60,3.0,7,0.8705605622415502
9.58,0.3220990771751686,117.05706020345401,0,60,3.0,7,0.9307543577283297
9.585,0.3401700499968971,118.89261395270162,0,60,3.0,7,0.9739438577106264
9.59,0.3564239911198326,119.89383197940776,0,60,3.0,7,0.9975019289272415
9.595,0.3705118017738417,120.0,0,60,3.0,7,1.0
9.6,0.3821214567925213,119.20781712323583,0,60,3.0,7,0.9813604028996665
9.605,0.39098947374066967,117.57182841066907,0,60,3.0,7,0.9428665508392723
9.61,0.3969108472035567,115.19875085728864,0,60,3.0,7,0.8870294319362034
9.615,0.3997469255491936,112.23652459998749,0,60,3.0,7,0.817329990587941
9.62,0.3994308076379137,108.85966169694655,0,60,3.0,7,0.7378743928693305
9.625,0.3959699661768434,105.25291686491005,0,60,3.0,7,0.6530098085861188
9.63,0.38944595408114946,101.59539975130696,0,60,3.0,7,0.5669505823836931
9.635,0.38001120995358023,98.046994513594,0,60,3.0,7,0.4834586944375059
9.64,0.3678831374098315,94.73842668064955,0,60,3.0,8,0.4056100395446954
9.645,0.35333577933796634,91.76564263663703,0,60,3.0,8,0.33566217968557704
9.65,0.33668953221163944,89.1884813150608,0,60,3.0,8,0.27502308976613643
9.655,0.3182994390982644,87.03304183777908,0,60,3.0,8,0.22430686677127248
9.66,0.29854265738230645,85.29676605786437,0,60,3.0,8,0.1834533190085735
9.665,0.2778057157821067,83.95509214592867,0,60,3.0,8,0.15188452108067468
9.67,0.2564721553719815,82.96857780231035,0,60,3.0,8,0.12867241887789058
9.675,0.23491109433464996,82.2895879749729,0,60,3.0,8,0.11269618764642125
9.68,0.21346717185309805,81.86792389416388,0,60,3.0,8,0.10277467986267953
9.685,0.19245222055656455,81.65507035906586,0,60,3.0,8,0.09776636138978494
9.69,0.17213889801761392,81.60700307937672,0,60,3.0,8,0.09663536657356998
9.695,0.15275638501270183,81.68569485609977,0,60,3.0,8,0.09848693779058287
9.7,0.13448814019607322,81.85957721600595,0,60,3.0,8,0.10257828743543401
9.705,0.11747159495449566,82.10325877975752,0,60,3.0,8,0.10831197128841234
9.71,0.10179958433370105,82.39678990787849,0,60,3.0,8,0.11521858606772907
9.715,0.08752324394101413,82.72471591586576,0,60,3.0,8,0.12293449213801784
9.72,0.07465606047174059,83.0750980840331,0,60,3.0,8,0.13117877844783768
9.725,0.0631787448609295,83.43861809671415,0,60,3.0,8,0.1397321905109212
9.73,0.05304460019959574,83.80782710831417,0,60,3.0,8,0.14841946137209816
9.735,0.044185078305849994,84.1765597863547,0,60,3.0,8,0.1570955243848165
9.74,0.03651525513023255,84.53950687343875,0,60,3.0,8,0.16563545584561773
9.745,0.0299390014708757,84.89192503755136,0,60,3.0,8,0.17392764794238494
9.75,0.024353677220580638,85.22945696518013,0,60,3.0,8,0.18186957565129727
9.755,0.01965423034339045,85.54803464270317,0,60,3.0,8,0.18936552100478052
9.76,0.015736632374757337,85.8438419228408,0,60,3.0,8,0.19632569230213637
9.765,0.012500627640593535,86.11331687109802,0,60,3.0,8,0.20266627931995346
9.77,0.009851811652115898,86.35317883633277,0,60,3.0,8,0.20831009026665348
9.775,0.007703084175428559,86.5604690721408,0,60,3.0,8,0.21318750757978364
9.78,0.005975544002062424,86.73259683336974,0,60,3.0,8,0.21723757254987625
9.785,0.004598905818663047,86.86738520254923,0,60,3.0,8,0.22040906358939363
9.79,0.0035115256454839104,86.96311259415502,0,60,3.0,8,0.22266147280364756
9.795,0.002660121266303676,87.0185471014982,0,60,3.0,8,0.22396581415289882
9.8,0.0019992692560877024,87.03297173965144,0,60,3.0,8,0.22430521740356338
9.805,0.0014907520044639367,87.00619931441834,0,60,3.0,8,0.22367527798631387
9.81,0.0011028178277539807,86.938576193165,0,60,3.0,8,0.22208414572152954
9.815,0.0008094059938923333,86.83097471915907,0,60,3.0,8,0.21955234633315465
9.82,0.0005893771793717645,86.6847744245018,0,60,3.0,8,0.21611233940004226
9.825,0.0004257792353490551,86.5018325694372,0,60,3.0,8,0.21180782516322819
9.83,0.0003051686392901525,86.2844448694949,0,60,3.0,8,0.20669282045870366
9.835,0.00021699992642659966,86.03529756288438,0,60,3.0,8,0.20083053089139719
9.84,0.00015308884054097838,85.75741221291156,0,60,3.0,8,0.1942920520685073
9.845,0.00010714989329311098,85.45408482792658,0,60,3.0,8,0.18715493712768422
9.85,7.440535854020571e-05,85.12882100966529,0,60,3.0,8,0.17950167081565382
9.855,5.1260276743925106e-05,84.78526890705466,0,60,3.0,8,0.17141809193069782
9.86,3.503659887882241e-05,84.42715175625374,0,60,3.0,8,0.16299180602949967
9.865,2.375894748103639e-05,84.05820173103909,0,60,3.0,8,0.15431062896562567
9.87,1.5984413869232557e-05,83.68209671515643,0,60,3.0,8,0.14546109918015138
9.875,1.0669166579899869e-05,83.30240144661882,0,60,3.0,8,0.1365270928616192
9.88,7.06526633560511e-06,82.9225142815584,0,60,3.0,8,0.12758857133078602
9.885,4.641847214699205e-06,82.54562059184003,0,60,3.0,8,0.11872048451388316
9.89,3.025641074479182e-06,82.17465355671058,0,60,3.0,8,0.10999184839319014
9.895,1.9566278676921314e-06,81.81226284502976,0,60,3.0,8,0.10146500811834738
9.9,1.2553456560008793e-06,81.46079142159974,0,60,3.0,8,0.09319509227293499
9.905,7.990660428214668e-07,81.12226045856244,0,60,3.0,8,0.08522965784852793
9.91,5.046221251618276e-07,80.79836209943107,0,60,3.0,8,0.07760851998661351
9.915,3.1616527078858815e-07,80.4904596163087,0,60,3.0,8,0.07036375567785172
9.92,1.9652884407760343e-07,80.19959432581324,0,60,3.0,8,0.06351986648972323
9.925,1.2120002189836396e-07,79.92649848999746,0,60,3.0,8,0.05709408211758721
9.93,7.415549848886236e-08,79.67161332714937,0,60,3.0,8,0.05109678416822055
9.935,4.501406988770349e-08,79.43511119407728,0,60,3.0,8,0.04553202809593599
9.94,0.0,79.21692097503066,0,60,3.0,8,0.04039814058895672
9.945,0.0,79.0167557201136,0,60,3.0,8,0.03568836988502573
9.95,0.0,78.83414161411602,0,60,3.0,8,0.0313915673909652
9.955,0.0,78.6684474204912,0,60,3.0,8,0.027492880482146
9.96,0.0,78.51891362957194,0,60,3.0,8,0.023974438342869196
9.965,0.0,78.38468063962051,0,60,3.0,8,0.02081601504989441
9.97,0.0,78.2648154085449,0,60,3.0,8,0.017995656671644825
9.975,0.0,78.15833612793499,0,60,3.0,8,0.015490261833764406
9.98,0.0,78.06423458478562,0,60,3.0,8,0.013276107877308785
9.985,0.0,77.98149598578297,0,60,3.0,8,0.011329317312540485
9.99,0.0,77.90911612095131,0,60,3.0,8,0.009626261669442596
9.995,0.0,77.84611583516397,0,60,3.0,8,0.008143902003858143
10.0,0.0,77.7915528556587,0,60,3.0,8,0.006860067191969258
10.005,0.0,77.74453109015609,0,60,3.0,8,0.005753672709554996
10.01,0.0,77.70420756303575,0,60,3.0,8,0.004804883836135332
10.015,0.0,77.6697971964561,0,60,3.0,8,0.003995228151908283
10.02,0.0,77.6405756699941,0,60,3.0,8,0.003307662823390742
10.025,0.0,77.61588060740796,0,60,3.0,8,0.0027266025272461
10.03,0.0,77.59511134385208,0,60,3.0,8,0.0022379139729901665
10.035,0.0,77.57772752284674,0,60,3.0,8,0.0018288828905116026
10.04,0.0,77.56324676115003,0,60,3.0,8,0.0014881590858829654
10.045,0.0,77.55124160302906,0,60,3.0,8,0.0012056847771542405
10.05,0.0,77.54133596483507,0,60,3.0,8,0.0009726109372957795
10.055,0.0,77.53320124768963,0,60,3.0,8,0.0007812058279913505
10.06,0.0,77.52655227175329,0,60,3.0,8,0.0006247593353715034
10.065,0.0,77.52114316105768,0,60,3.0,8,0.0004974861425336365
10.07,0.0,77.51676328411979,0,60,3.0,8,0.00039443021458329414
10.075,0.0,77.51323333320644,0,60,3.0,8,0.0003113725460339618
10.08,0.0,77.51040160467674,0,60,3.0,8,0.0002447436394528027
10.085,0.0,77.50814052462084,0,60,3.0,8,0.00019154175578451566
10.09,0.0,77.50634344820935,0,60,3.0,8,0.0001492576049258787
10.095,0.0,77.50492174781154,0,60,3.0,8,0.00011580583085968583
10.1,0.0,77.5038021939754,0,60,3.0,8,8.946338765654485e-05
10.105,0.0,77.50292462464927,0,60,3.0,8,6.88146976298252e-05
10.11,0.0,77.5022398913712,0,60,3.0,8,5.270332638126681e-05
10.115,0.0,77.50170806632899,0,60,3.0,8,4.0189795976175445e-05
10.12,0.0,77.50129689095249,0,60,3.0,8,3.0515081235026787e-05
10.125,0.0,77.5009804447911,0,60,3.0,8,2.3069289202272985e-05
10.13,0.0,77.50073801260706,0,60,3.0,8,1.7365002519026722e-05
10.135,0.0,77.50055312765413,0,60,3.0,8,1.3014768332448726e-05
10.14,0.0,77.50041276980228,0,60,3.0,8,9.712230641913694e-06
10.145,0.0,77.50030669833396,0,60,3.0,8,7.216431387244965e-06
10.15,0.0,77.50022690071813,0,60,3.0,8,5.338840426649018e-06
10.155,0.0,77.50016714033877,0,60,3.0,8,3.932713853520695e-06
10.16,0.0,77.50012258790974,0,60,3.0,8,2.8844214057244244e-06
10.165,0.0,77.5000895230677,0,60,3.0,8,2.106425122359296e-06
10.17,0.0,77.50006509433967,0,60,3.0,8,1.5316315217633554e-06
10.175,0.0,77.50004712728817,0,60,3.0,8,1.1088773686985995e-06
10.18,0.0,77.50003397211833,0,60,3.0,8,7.993439607269144e-07
10.185,0.0,77.50002438337178,0,60,3.0,8,5.737263948316574e-07
10.19,0.0,77.50001742552402,0,60,3.0,8,4.1001232990739107e-07
10.195,0.0,77.5000123993491,0,60,3.0,8,2.9174939065930685e-07
10.2,0.0,77.5000087848203,0,60,3.0,8,2.0670165400481304e-07
10.205,0.0,77.50000619709039,0,60,3.0,8,1.4581389142917676e-07
10.21,0.0,77.5000043527501,0,60,3.0,8,1.0241764932609786e-07
10.215,0.0,77.50000304411175,0,60,3.0,8,7.162615882888905e-08
10.22,0.001684486749771458,77.50000211971954,0,60,3.0,8,4.9875753869427546e-08
10.225,0.003097557930867117,77.50000146966099,0,60,3.0,8,3.4580258510258695e-08
10.23,0.005475106668887023,77.50000101455801,0,60,3.0,8,2.3871953156712525e-08
10.235,0.00930222931468658,77.50000069736085,0,60,3.0,8,1.640849050358263e-08
10.24,0.01519157517868857,77.50000047726456,0,60,3.0,8,1.1229754443989162e-08
10.245,0.023847336626128316,77.50000032522338,0,60,3.0,8,7.652314881103367e-09
10.25,0.0359830743700859,77.50000022066085,0,60,3.0,8,5.192020032208187e-09
10.255,0.05218887796857759,77.50000014906985,0,60,3.0,8,3.5075258357905757e-09
10.26,0.0727577001223134,77.50000010027098,0,60,3.0,8,2.3593171965116842e-09
10.265,0.0974992498694751,77.50000006715551,0,60,3.0,8,1.5801296793891679e-09
10.27,0.12558706050443358,77.50000004478257,0,60,3.0,8,1.0537074585419545e-09
10.275,0.15549263588878245,77.50000002973427,0,60,3.0,8,6.996298024579814e-10
10.28,0.1850529723539114,77.50000001965742,0,60,3.0,8,4.6252754306324813e-10
10.285,0.21169159439317053,77.50000001293948,0,60,3.0,8,3.044583670142696e-10
10.29,0.23277292922115492,77.50000000848063,0,60,3.0,8,1.9954414068813683e-10
10.295,0.24602692519491282,77.50000000553426,0,60,3.0,8,1.3021790704549538e-10
10.3,0.24995056064839283,77.50000000359594,0,60,3.0,8,8.461042585515636e-11
10.305,0.24408826520424054,77.50000000232642,0,60,3.0,8,5.473920924380175e-11
10.31,0.22911894216865275,77.50000000149859,0,60,3.0,8,3.526097583851558e-11
10.315,0.20672661788705934,77.50000000096117,0,60,3.0,8,2.2615655753350653e-11
10.32,0.17928878030241233,77.50000000061381,0,60,3.0,8,1.4442575240322826e-11
10.325,0.14946211903866036,77.5000000003903,0,60,3.0,8,9.183555876541719e-12
10.33,0.1197651512573837,77.5000000002471,0,60,3.0,8,5.814078630304293e-12
10.335,0.09224675744988023,77.50000000015577,0,60,3.0,8,3.665063024313627e-12
10.34,0.06829565320281596,77.50000000009777,0,60,3.0,8,2.3004865986021125e-12
10.345,0.04860224607515734,77.50000000006109,0,60,3.0,8,1.437469751074198e-12
10.35,0.03324612389699793,77.50000000003801,0,60,3.0,8,8.944479144274202e-13
10.355,0.021859876340472782,77.50000000002355,0,60,3.0,8,5.540561473668169e-13
10.36,0.01381595518554205,77.50000000001452,0,60,3.0,8,3.417292592690929e-13
10.365,0.008394095110402422,77.50000000000892,0,60,3.0,8,2.0998627673286727e-13
10.37,0.0049052535271608,77.50000000000546,0,60,3.0,8,1.2839925201500163e-13
10.375,0.0027671663551903634,77.50000000000333,0,60,3.0,8,7.824329419664162e-14
10.38,0.0015425553464444616,77.50000000000202,0,60,3.0,8,4.7480973401380814e-14
10.385,0.0009638206637011801,77.50000000000122,0,60,3.0,8,2.8756082482526406e-14
10.39,0.0009804935156568228,77.50000000000072,0,60,3.0,8,1.7053025658242404e-14
10.395,0.0018793744894085216,77.50000000000044,0,60,3.0,8,1.0365564615794402e-14
10.4,0.004535525206900863,77.50000000000026,0,60,3.0,8,6.0187149382032015e-15
10.405,0.010832767979632273,77.50000000000016,0,60,3.0,8,3.678103573346401e-15
10.41,0.024208003392322392,77.50000000000009,0,60,3.0,8,2.0062383127344005e-15
10.415,0.0500971897335304,77.50000000000006,0,60,3.0,8,1.3374922084896003e-15
10.42,0.09582894921774403,77.50000000000003,0,60,3.0,8,6.687461042448002e-16
10.425,0.16937896721820658,77.50000000000001,0,60,3.0,8,3.343730521224001e-16
10.43,0.27661303008991756,77.50000000000001,0,60,3.0,8,3.343730521224001e-16
10.435,0.4173782800009149,77.5,0,60,3.0,8,0.0
10.44,0.5818720934538056,77.5,0,60,3.0,8,0.0
10.445,0.7494718801585675,77.5,0,60,3.0,8,0.0
10.45,0.891813020752378,77.5,0,60,3.0,8,0.0
10.455,0.9800361632936612,77.5,0,60,3.0,8,0.0
10.46,0.993574479225126,77.50000249010722,1,60,3.0,8,5.859075813799898e-08
10.465,0.9263438449375362,77.50000399163918,0,60,3.0,8,9.392092177971362e-08
10.47,0.7873015962290536,77.50000657096535,0,60,3.0,8,1.546109495072468e-07
10.475,0.5959516244629897,77.50001126974868,0,60,3.0,8,2.6517055724017317e-07
10.48,0.376910120078773,77.50002039428047,0,60,3.0,8,4.798654227964588e-07
10.485,0.15739335672107918,77.50003914082407,0,60,3.0,8,9.209605663914665e-07
10.49,-0.033361226269301235,77.50007920029995,0,60,3.0,8,1.8635364694198548e-06
10.495,-0.1680180840843834,77.50016650152685,0,60,3.0,8,3.917682984673079e-06
10.5,-0.23069703190837854,77.50035727180848,0,60,3.0,8,8.406395493707083e-06
10.505,-0.22587267821131068,77.50077012988875,0,60,3.0,8,1.8120703264698666e-05
10.51,-0.17718181630665902,77.50164775318775,0,60,3.0,8,3.87706632412734e-05
10.515,-0.11494332516451301,77.50347061635955,0,60,3.0,8,8.166156140117998e-05
10.52,-0.061810214049552864,77.50715795071476,0,60,3.0,8,0.00016842236975896734
10.525,-0.026546104631500547,77.5144070811006,0,60,3.0,8,0.00033899014354353633
10.53,-0.00719600351942686,77.5282394047068,0,60,3.0,8,0.0006644565813363602
10.535,0.0022072757983807078,77.55383408336586,0,60,3.0,8,0.0012666843144907435
10.54,0.006917199873730717,77.59972940848522,0,60,3.0,8,0.0023465743172992274
10.545,0.01004859748264829,77.67944280833049,0,60,3.0,8,0.0042221837254233455
10.55,0.013037082251128167,77.81348721906859,0,60,3.0,8,0.0073761698604374384
10.555,0.01645163937690478,78.03163023176374,0,60,3.0,8,0.012508946629735111
10.56,0.020526639934696615,78.37505027511166,0,60,3.0,8,0.020589418237921445
10.565,0.02539629541761738,78.89780996475343,0,60,3.0,8,0.032889646229492586
10.57,0.031171612185577933,79.66684044473594,0,60,3.0,8,0.05098448105261034
10.575,0.03795853426638131,80.75949503280015,0,60,3.0,8,0.07669400077176813
10.58,0.0458588961882057,82.25779073232891,0,60,3.0,8,0.11194801723126856
10.585,0.054966995891435555,84.23881071354275,0,60,3.0,8,0.15856025208335878
10.59,0.06536491004445595,86.761438403634,0,60,3.0,8,0.21791619773256476
10.595,0.07711726085088699,89.85058638348076,0,60,3.0,8,0.29060203255248845
10.6,0.09026570629555215,93.48119551005387,0,60,3.0,8,0.37602812964832627
10.605,0.10482339848670268,97.56521644662017,0,60,3.0,8,0.4721227399204746
10.61,0.12076968927580028,101.9451924877681,0,60,3.0,8,0.5751809997121905
10.615,0.13804539501007884,106.39763376371725,0,60,3.0,8,0.6799443238521706
10.62,0.15654895051787066,110.64798059253941,0,60,3.0,8,0.779952484530339
10.625,0.17613378141900526,114.39674727457296,0,60,3.0,8,0.8681587594017167
10.63,0.19660720058055794,117.35386468352375,0,60,3.0,8,0.9377379925535001
10.635,0.21773108748496234,119.275959098321,0,60,3.0,8,0.9829637434899058
10.64,0.23922453870058807,120.0,0,60,3.0,8,1.0
10.645,0.2607685857914563,119.46690363747315,0,60,3.0,8,0.9874565561758388
10.65,0.2820129681603682,117.73038700594088,0,60,3.0,8,0.9465973413162561
10.655,0.30258482867153996,114.9492684905429,0,60,3.0,8,0.8811592586010095
10.66,0.3220990771751686,111.36478020898221,0,60,3.0,8,0.7968183578584049
10.665,0.3401700499968971,107.26741995506956,0,60,3.0,8,0.7004098812957542
10.67,0.3564239911198326,102.9596819088704,0,60,3.0,8,0.5990513390322446
10.675,0.3705118017738417,98.72127373241781,0,60,3.0,8,0.4993240878215956
10.68,0.3821214567925213,94.7822159773761,0,60,3.0,8,0.40664037593826113
10.685,0.39098947374066967,91.30698776473659,0,60,3.0,8,0.3248703003467433
10.69,0.3969108472035567,88.39030770032856,0,60,3.0,8,0.25624253412537795
10.695,0.3997469255491936,86.06288839070756,0,60,3.0,8,0.2014797268401778
10.7,0.3994308076379137,84.30404383436624,0,60,3.0,8,0.16009514904391153
10.705,0.3959699661768434,83.05753269632442,0,60,3.0,8,0.1307654752076333
10.71,0.38944595408114946,82.24737630134176,0,60,3.0,8,0.1117029717962767
10.715,0.38001120995358023,81.7913011449563,0,60,3.0,8,0.10097179164603043
10.72,0.3678831374098315,81.610566645603,0,60,3.0,8,0.09671921519065885
10.725,0.35333577933796634,81.63594764226887,0,60,3.0,8,0.09731641511220882
10.73,0.33668953221163944,81.81036294392507,0,60,3.0,8,0.10142030456294285
10.735,0.3182994390982644,82.08901958525325,0,60,3.0,8,0.10797693141772363
10.74,0.29854265738230645,82.43802057793512,0,60,3.0,8,0.11618871948082636
10.745,0.2778057157821067,82.83225838471738,0,60,3.0,8,0.12546490316982065
10.75,0.2564721553719815,83.25319276688843,0,60,3.0,8,0.13536924157384547
10.755,0.23491109433464996,83.686875206475,0,60,3.0,8,0.14557353426999986
10.76,0.21346717185309805,84.12238505385845,0,60,3.0,8,0.15582082479666945
10.765,0.19245222055656455,84.55070577299286,0,60,3.0,8,0.1658989593645378
10.77,0.17213889801761392,84.96399161125699,0,60,3.0,8,0.17562333202957614
10.775,0.15275638501270183,85.35514243552747,0,60,3.0,8,0.18482688083594045
10.78,0.13448814019607322,85.71760100195645,0,60,3.0,8,0.193355317693093
10.785,0.11747159495449566,86.0452983913444,0,60,3.0,8,0.20106584450222126
10.79,0.10179958433370105,86.3326898491463,0,60,3.0,8,0.20782799645050132
10.795,0.08752324394101413,86.57483918302297,0,60,3.0,8,0.21352562783583467
10.8,0.07465606047174059,86.76752278036646,0,60,3.0,8,0.2180593595380344
10.805,0.0631787448609295,86.90733378218441,0,60,3.0,8,0.22134903016904492
10.81,0.05304460019959574,86.9917735126748,0,60,3.0,8,0.22333584735705406
10.815,0.044185078305849994,87.01932172692784,0,60,3.0,8,0.22398404063359628
10.82,0.03651525513023255,86.98948034984315,0,60,3.0,8,0.22328189058454467
10.825,0.0299390014708757,86.90278769019186,0,60,3.0,8,0.22124206329863194
10.83,0.024353677220580638,86.76080197318645,0,60,3.0,8,0.2179012228985046
10.835,0.01965423034339045,86.56605462876595,0,60,3.0,8,0.21331893244155187
10.84,0.015736632374757337,86.32197517674452,0,60,3.0,8,0.20757588651163567
10.845,0.012500627640593535,86.03279077482928,0,60,3.0,9,0.2007715476430419
10.85,0.009851811652115898,85.70340452029305,0,60,3.0,9,0.19302128283042466
10.855,0.007703084175428559,85.33925738981765,0,60,3.0,9,0.18445311505453285
10.86,0.005975544002062424,84.94617923708564,0,60,3.0,9,0.17520421734319164
10.865,0.004598905818663047,84.53023452733424,0,60,3.0,9,0.16541728299609987
10.87,0.0035115256454839104,84.09756846997738,0,60,3.0,9,0.15523690517593824
10.875,0.002660121266303676,83.6542589276253,0,60,3.0,9,0.1448060924147131
10.88,0.0019992692560877024,83.20617895994317,0,60,3.0,9,0.13426303435160408
10.885,0.0014907520044639367,82.75887414363407,0,60,3.0,9,0.12373821514433116
10.89,0.0011028178277539807,82.31745794442939,0,60,3.0,9,0.11335195163363276
10.895,0.0008094059938923333,81.8865274579051,0,60,3.0,9,0.10321241077423772
10.9,0.0005893771793717645,81.47010083954896,0,60,3.0,9,0.09341413740115205
10.905,0.0004257792353490551,81.07157676517897,0,60,3.0,9,0.08403710035715235
10.91,0.0003051686392901525,80.69371534973111,0,60,3.0,9,0.07514624352308488
10.915,0.00021699992642659966,80.33863914687039,0,60,3.0,9,0.06679150933812687
10.92,0.00015308884054097838,80.00785218530105,0,60,3.0,9,0.05900828671296582
10.925,0.00010714989329311098,79.70227449064905,0,60,3.0,9,0.051818223309389316
10.93,7.440535854020571e-05,79.4222892038462,0,60,3.0,9,0.045230334208146
10.935,5.1260276743925106e-05,79.16779923698448,0,60,3.0,9,0.03924233498787009
10.94,3.503659887882241e-05,78.93829039520759,0,60,3.0,9,0.03384212694606089
10.945,2.375894748103639e-05,78.73289802028908,0,60,3.0,9,0.02900936518327258
10.95,1.5984413869232557e-05,78.55047445441544,0,60,3.0,9,0.02471704598624556
10.955,1.0669166579899869e-05,78.38965495417689,0,60,3.0,9,0.0209330577453386
10.96,7.06526633560511e-06,78.24892007634156,0,60,3.0,9,0.017621648855095588
10.965,4.641847214699205e-06,78.12665298069128,0,60,3.0,9,0.014744776016265311
10.97,3.025641074479182e-06,78.02119052526635,0,60,3.0,9,0.012263306476855258
10.975,1.9566278676921314e-06,77.93086744348022,0,60,3.0,9,0.010138057493652335
10.98,1.2553456560008793e-06,77.85405327268292,0,60,3.0,9,0.00833066523959808
10.985,7.990660428214668e-07,77.78918203653959,0,60,3.0,9,0.006804283212696138
10.99,5.046221251618276e-07,77.7347749604743,0,60,3.0,9,0.005524116717042288
10.995,3.1616527078858815e-07,77.68945671631874,0,60,3.0,9,0.004457805089852814
11.0,1.9652884407760343e-07,77.65196584908803,0,60,3.0,9,0.0035756670373653858
11.005,1.2120002189836396e-07,77.62116013864468,0,60,3.0,9,0.0028508267916396
11.01,7.415549848886236e-08,77.59601769757931,0,60,3.0,9,0.002259239943042664
11.015,4.501406988770349e-08,77.57563461130631,0,60,3.0,9,0.00177963791308972
11.02,0.0,77.55921989546478,0,60,3.0,9,0.0013934093050536108
11.025,0.0,77.54608848781899,0,60,3.0,9,0.0010844350075056835
11.03,0.0,77.53565291526658,0,60,3.0,9,0.0008388921239195631
11.035,0.0,77.52741418887024,0,60,3.0,9,0.0006450397381232666
11.04,0.0,77.52095238759824,0,60,3.0,9,0.0004929973552527693
11.045,0.0,77.51591730008352,0,60,3.0,9,0.0003745247078474195
11.05,0.0,77.5120194073441,0,60,3.0,9,0.00028280958456702247
11.055,0.0,77.50902141100669,0,60,3.0,9,0.0002122684942749482
11.06,0.0,77.50673044299404,0,60,3.0,9,0.0001583633645656632
11.065,0.0,77.50499103478336,0,60,3.0,9,0.00011743611254961948
11.07,0.0,77.5036788773436,0,60,3.0,9,8.656181984948115e-05
11.075,0.0,77.50269536624779,0,60,3.0,9,6.342038230099314e-05
11.08,0.0,77.5019628993377,0,60,3.0,9,4.618586676937251e-05
11.085,0.0,77.50142087553571,0,60,3.0,9,3.343236554622522e-05
11.09,0.0,77.50102233166015,0,60,3.0,9,2.4054862591824263e-05
11.095,0.0,77.50073114808981,0,60,3.0,9,1.7203484466175294e-05
11.1,0.0,77.5005197525807,0,60,3.0,9,1.2229472487072544e-05
11.105,0.0,77.50036725331495,0,60,3.0,9,8.641254469373107e-06
11.11,0.0,77.50025793635609,0,60,3.0,9,6.069090731590918e-06
11.115,0.0,77.50018006825722,0,60,3.0,9,4.236900169938535e-06
11.12,0.0,77.50012495094008,0,60,3.0,9,2.9400221194464394e-06
11.125,0.0,77.5000861826135,0,60,3.0,9,2.0278262000187275e-06
11.13,0.0,77.50005908504322,0,60,3.0,9,1.3902363110339458e-06
11.135,0.001684486749771458,77.50004026365725,0,60,3.0,9,9.473801706944334e-07
11.14,0.003097557930867117,77.50002727260667,0,60,3.0,9,6.417083922957211e-07
11.145,0.005475106668887023,77.50001836190953,0,60,3.0,9,4.320449300073104e-07
11.15,0.00930222931468658,77.50001228815844,0,60,3.0,9,2.891331398720521e-07
11.155,0.01519157517868857,77.50000817397918,0,60,3.0,9,1.9232892193887144e-07
11.16,0.023847336626128316,77.50000540453107,0,60,3.0,9,1.271654368525453e-07
11.165,0.0359830743700859,77.50000355189627,0,60,3.0,9,8.357402989264194e-08
11.17,0.05218887796857759,77.50000232027946,0,60,3.0,9,5.4594810909988796e-08
11.175,0.0727577001223134,77.50000150660041,0,60,3.0,9,3.544942146885767e-08
11.18,0.0974992498694751,77.50000097237466,0,60,3.0,9,2.2879403866895968e-08
11.185,0.12558706050443358,77.50000062380226,0,60,3.0,9,1.4677700351860361e-08
11.19,0.15549263588878245,77.50000039777551,0,60,3.0,9,9.359423730155173e-09
11.195,0.1850529723539114,77.50000025211976,0,60,3.0,9,5.932229682644795e-09
11.2,0.21169159439317053,77.50000015883766,0,60,3.0,9,3.737356818793855e-09
11.205,0.23277292922115492,77.50000009946673,0,60,3.0,9,2.340393687999869e-09
11.21,0.24602692519491282,77.50000006191274,0,60,3.0,9,1.4567704323888072e-09
11.215,0.24995056064839283,77.50000003830539,0,60,3.0,9,9.013032307420336e-10
11.22,0.24408826520424054,77.50000002355686,0,60,3.0,9,5.542791741925826e-10
11.225,0.22911894216865275,77.50000001439969,0,60,3.0,9,3.3881620123900256e-10
11.23,0.20672661788705934,77.50000000874915,0,60,3.0,9,2.058624538810417e-10
11.235,0.17928878030241233,77.50000000528394,0,60,3.0,9,1.2432792573235928e-10
11.24,0.14946211903866036,77.50000000317195,0,60,3.0,9,7.463407147203244e-11
11.245,0.1197651512573837,77.50000000189266,0,60,3.0,9,4.453314057386973e-11
11.25,0.09224675744988023,77.50000000112253,0,60,3.0,9,2.6412461760200504e-11
11.255,0.06829565320281596,77.50000000066176,0,60,3.0,9,1.5570749918183806e-11
11.26,0.04860224607515734,77.50000000038777,0,60,3.0,9,9.12403747326393e-12
11.265,0.03324612389699793,77.50000000022585,0,60,3.0,9,5.314190917381304e-12
11.27,0.021859876340472782,77.50000000013075,0,60,3.0,9,3.0765664525782033e-12
11.275,0.01381595518554205,77.50000000007525,0,60,3.0,9,1.7705053109881085e-12
11.28,0.008394095110402422,77.50000000004304,0,60,3.0,9,1.0128159748787498e-12
11.285,0.0049052535271608,77.50000000002447,0,60,3.0,9,5.757903957547729e-13
11.29,0.0027671663551903634,77.50000000001383,0,60,3.0,9,3.253449797150953e-13
11.295,0.0015425553464444616,77.50000000000777,0,60,3.0,9,1.8290205951095285e-13
11.3,0.0009638206637011801,77.50000000000433,0,60,3.0,9,1.0198378089733203e-13
11.305,0.0009804935156568228,77.5000000000024,0,60,3.0,9,5.6509045808685616e-14
11.31,0.0018793744894085216,77.50000000000132,0,60,3.0,9,3.109669384738321e-14
11.315,0.004535525206900863,77.50000000000072,0,60,3.0,9,1.7053025658242404e-14
11.32,0.010832767979632273,77.5000000000004,0,60,3.0,9,9.362445459427202e-15
11.325,0.024208003392322392,77.50000000000021,0,60,3.0,9,5.015595781836002e-15
11.33,0.0500971897335304,77.50000000000011,0,60,3.0,9,2.6749844169792007e-15
11.335,0.09582894921774403,77.50000000000006,0,60,3.0,9,1.3374922084896003e-15
11.34,0.16937896721820658,77.50000000000003,0,60,3.0,9,6.687461042448002e-16
11.345,0.27661303008991756,77.50000000000001,0,60,3.0,9,3.343730521224001e-16
11.35,0.4173782800009149,77.50000000000001,0,60,3.0,9,3.343730521224001e-16
11.355,0.5818720934538056,77.5,0,60,3.0,9,0.0
11.36,0.7494718801585675,77.5,0,60,3.0,9,0.0
11.365,0.891813020752378,77.5,0,60,3.0,9,0.0
11.37,0.9800361632936612,77.5,0,60,3.0,9,0.0
11.375,0.993574479225126,77.5,1,60,3.0,9,0.0
11.38,0.9263438449375362,77.5,0,60,3.0,9,0.0
11.385,0.7873015962290536,77.5,0,60,3.0,9,0.0
11.39,0.5959516244629897,77.5,0,60,3.0,9,0.0
11.395,0.376910120078773,77.5,0,60,3.0,9,0.0
11.4,0.15739335672107918,77.5,0,60,3.0,9,0.0
11.405,-0.033361226269301235,77.5,0,60,3.0,9,0.0
11.41,-0.1680180840843834,77.5,0,60,3.0,9,0.0
11.415,-0.23069703190837854,77.5,0,60,3.0,9,0.0
11.42,-0.22587267821131068,77.5,0,60,3.0,9,0.0
11.425,-0.17718181630665902,77.5,0,60,3.0,9,0.0
11.43,-0.11494332516451301,77.5,0,60,3.0,9,0.0
11.435,-0.061810214049552864,77.5,0,60,3.0,9,0.0
11.44,-0.026546104631500547,77.5,0,60,3.0,9,0.0
11.445,-0.00719600351942686,77.5,0,60,3.0,9,0.0
11.45,0.0022072757983807078,77.5,0,60,3.0,9,0.0
11.455,0.006917199873730717,77.5,0,60,3.0,9,0.0
11.46,0.01004859748264829,77.5,0,60,3.0,9,0.0
11.465,0.013037082251128167,77.5,0,60,3.0,9,0.0
11.47,0.01645163937690478,77.5,0,60,3.0,9,0.0
11.475,0.020526639934696615,77.5,0,60,3.0,9,0.0
11.48,0.02539629541761738,77.5,0,60,3.0,9,0.0
11.485,0.031171612185577933,77.5,0,60,3.0,9,0.0
11.49,0.03795853426638131,77.5,0,60,3.0,9,0.0
11.495,0.0458588961882057,77.5,0,60,3.0,9,0.0
11.5,0.054966995891435555,77.5,0,60,3.0,9,0.0
11.505,0.06536491004445595,77.5,0,60,3.0,9,0.0
11.51,0.07711726085088699,77.5,0,60,3.0,9,0.0
11.515,0.09026570629555215,77.5,0,60,3.0,9,0.0
11.52,0.10482339848670268,77.5,0,60,3.0,9,0.0
11.525,0.12076968927580028,77.5,0,60,3.0,9,0.0
11.53,0.13804539501007884,77.5,0,60,3.0,9,0.0
11.535,0.15654895051787066,77.5,0,60,3.0,9,0.0
11.54,0.17613378141900526,77.5,0,60,3.0,9,0.0
11.545,0.19660720058055794,77.5,0,60,3.0,9,0.0
11.55,0.21773108748496234,77.5,0,60,3.0,9,0.0
11.555,0.23922453870058807,77.5,0,60,3.0,9,0.0
11.56,0.2607685857914563,77.5,0,60,3.0,9,0.0
11.565,0.2820129681603682,77.5,0,60,3.0,9,0.0
11.57,0.30258482867153996,77.5,0,60,3.0,9,0.0
11.575,0.3220990771751686,77.5,0,60,3.0,9,0.0
11.58,0.3401700499968971,77.5,0,60,3.0,9,0.0
11.585,0.3564239911198326,77.5,0,60,3.0,9,0.0
11.59,0.3705118017738417,77.5,0,60,3.0,9,0.0
11.595,0.3821214567925213,77.5,0,60,3.0,9,0.0
11.6,0.39098947374066967,77.5,0,60,3.0,9,0.0
11.605,0.3969108472035567,77.5,0,60,3.0,9,0.0
11.61,0.3997469255491936,77.5,0,60,3.0,9,0.0
11.615,0.3994308076379137,77.5,0,60,3.0,9,0.0
11.62,0.3959699661768434,77.5,0,60,3.0,9,0.0
11.625,0.38944595408114946,77.5,0,60,3.0,9,0.0
11.63,0.38001120995358023,77.5,0,60,3.0,9,0.0
11.635,0.3678831374098315,77.5,0,60,3.0,9,0.0
11.64,0.35333577933796634,77.5,0,60,3.0,9,0.0
11.645,0.33668953221163944,77.5,0,60,3.0,9,0.0
11.65,0.3182994390982644,77.5,0,60,3.0,9,0.0
11.655,0.29854265738230645,77.5,0,60,3.0,9,0.0
11.66,0.2778057157821067,77.5,0,60,3.0,9,0.0
11.665,0.2564721553719815,77.5,0,60,3.0,9,0.0
11.67,0.23491109433464996,77.5,0,60,3.0,9,0.0
11.675,0.21346717185309805,77.5,0,60,3.0,9,0.0
11.68,0.19245222055656455,77.5,0,60,3.0,9,0.0
11.685,0.17213889801761392,77.5,0,60,3.0,9,0.0
11.69,0.15275638501270183,77.5,0,60,3.0,9,0.0
11.695,0.13448814019607322,77.5,0,60,3.0,9,0.0
11.7,0.11747159495449566,77.5,0,60,3.0,9,0.0
11.705,0.10179958433370105,77.5,0,60,3.0,9,0.0
11.71,0.08752324394101413,77.5,0,60,3.0,9,0.0
11.715,0.07465606047174059,77.5,0,60,3.0,9,0.0
11.72,0.0631787448609295,77.5,0,60,3.0,9,0.0
11.725,0.05304460019959574,77.5,0,60,3.0,9,0.0
11.73,0.044185078305849994,77.5,0,60,3.0,9,0.0
11.735,0.03651525513023255,77.5,0,60,3.0,9,0.0
11.74,0.0299390014708757,77.5,0,60,3.0,9,0.0
11.745,0.024353677220580638,77.5,0,60,3.0,9,0.0
11.75,0.01965423034339045,77.5,0,60,3.0,9,0.0
11.755,0.015736632374757337,77.5,0,60,3.0,9,0.0
11.76,0.012500627640593535,77.5,0,60,3.0,9,0.0
11.765,0.009851811652115898,77.5,0,60,3.0,9,0.0
11.77,0.007703084175428559,77.5,0,60,3.0,9,0.0
11.775,0.005975544002062424,77.5,0,60,3.0,9,0.0
11.78,0.004598905818663047,77.5,0,60,3.0,9,0.0
11.785,0.0035115256454839104,77.5,0,60,3.0,9,0.0
11.79,0.002660121266303676,77.5,0,60,3.0,9,0.0
11.795,0.0019992692560877024,77.5,0,60,3.0,9,0.0
11.8,0.0014907520044639367,77.5,0,60,3.0,9,0.0
11.805,0.0011028178277539807,77.5,0,60,3.0,9,0.0
11.81,0.0008094059938923333,77.5,0,60,3.0,9,0.0
11.815,0.0005893771793717645,77.5,0,60,3.0,9,0.0
11.82,0.0004257792353490551,77.5,0,60,3.0,9,0.0
11.825,0.0003051686392901525,77.5,0,60,3.0,9,0.0
11.83,0.00021699992642659966,77.5,0,60,3.0,9,0.0
11.835,0.00015308884054097838,77.5,0,60,3.0,9,0.0
11.84,0.00010714989329311098,77.5,0,60,3.0,9,0.0
11.845,7.440535854020571e-05,77.5,0,60,3.0,9,0.0
11.85,5.1260276743925106e-05,77.5,0,60,3.0,9,0.0
11.855,3.503659887882241e-05,77.5,0,60,3.0,9,0.0
11.86,2.375894748103639e-05,77.5,0,60,3.0,9,0.0
11.865,1.5984413869232557e-05,77.5,0,60,3.0,9,0.0
11.87,1.0669166579899869e-05,77.5,0,60,3.0,9,0.0
11.875,7.06526633560511e-06,77.5,0,60,3.0,9,0.0
11.88,4.641847214699205e-06,77.5,0,60,3.0,9,0.0
11.885,3.025641074479182e-06,77.5,0,60,3.0,9,0.0
11.89,1.9566278676921314e-06,77.5,0,60,3.0,9,0.0
11.895,1.2553456560008793e-06,77.5,0,60,3.0,9,0.0
11.9,7.990660428214668e-07,77.5,0,60,3.0,9,0.0
11.905,5.046221251618276e-07,77.5,0,60,3.0,9,0.0
11.91,3.1616527078858815e-07,77.5,0,60,3.0,9,0.0
11.915,1.9652884407760343e-07,77.5,0,60,3.0,9,0.0
11.92,1.2120002189836396e-07,77.5,0,60,3.0,9,0.0
11.925,7.415549848886236e-08,77.5,0,60,3.0,9,0.0
11.93,4.501406988770349e-08,77.5,0,60,3.0,9,0.0
11.935,0.0,77.5,0,60,3.0,9,0.0
11.94,0.0,77.5,0,60,3.0,9,0.0
11.945,0.0,77.5,0,60,3.0,9,0.0
11.95,0.0,77.5,0,60,3.0,9,0.0
11.955,0.0,77.5,0,60,3.0,9,0.0
11.96,0.0,77.5,0,60,3.0,9,0.0
11.965,0.0,77.5,0,60,3.0,9,0.0
11.97,0.0,77.5,0,60,3.0,9,0.0
11.975,0.0,77.5,0,60,3.0,9,0.0
11.98,0.0,77.5,0,60,3.0,9,0.0
11.985,0.0,77.5,0,60,3.0,9,0.0
11.99,0.0,77.5,0,60,3.0,9,0.0
11.995,0.0,77.5,0,60,3.0,9,0.0
