Time,ECG,Pressure,R_Peaks,mean_hr,hrv_scale,Phase_Bin,Normalized_Pressure
0.0,0.001684486749771458,77.5,0,90,3.0,0,0.0
0.005,0.004172395771277602,77.5,0,90,3.0,0,0.0
0.01,0.009438687428818865,77.5,0,90,3.0,0,0.0
0.015,0.019500507867137046,77.5,0,90,3.0,0,0.0
0.02,0.03679496976339974,77.5,0,90,3.0,0,0.0
0.025,0.06340728953298436,77.5,0,90,3.0,0,0.0
0.03,0.09979255396093453,77.5,0,90,3.0,0,0.0
0.035,0.14343835518453557,77.5,0,90,3.0,0,0.0
0.04,0.18829581417209276,77.5,0,90,3.0,0,0.0
0.045,0.2257481735193119,77.5,0,90,3.0,0,0.0
0.05,0.24718154073554727,77.5,0,90,3.0,0,0.0
0.055,0.24718154074102772,77.5,0,90,3.0,0,0.0
0.06,0.22574817354072055,77.5,0,90,3.0,0,0.0
0.065,0.18829581422840957,77.5,0,90,3.0,0,0.0
0.07,0.14343835532456656,77.5,0,90,3.0,0,0.0
0.075,0.09979255431561854,77.5,0,90,3.0,0,0.0
0.08,0.06340729067170194,77.5,0,90,3.0,0,0.0
0.085,0.03679497683410042,77.5,0,90,3.0,0,0.0
0.09,0.019500578284482293,77.5,0,90,3.0,0,0.0
0.095,0.009439396781978427,77.5,0,90,3.0,0,0.0
0.1,0.004178588733610924,77.5,0,90,3.0,0,0.0
0.105,0.0017299316936037381,77.5,0,90,3.0,0,0.0
0.11,0.0008997325756988589,77.5,0,90,3.0,0,0.0
0.115,0.001634769674224814,77.5,0,90,3.0,0,0.0
0.12,0.00614904736476635,77.5,0,90,3.0,0,0.0
0.125,0.02168080359963608,77.5,0,90,3.0,0,0.0
0.13,0.06433400338904088,77.5,0,90,3.0,0,0.0
0.135,0.1593410769217493,77.5,0,90,3.0,0,0.0
0.14,0.3291989194808569,77.5,0,90,3.0,0,0.0
0.145,0.5672906802982638,77.5,0,90,3.0,0,0.0
0.15,0.815339152120446,77.5,0,90,3.0,0,0.0
0.155,0.9768711246313155,77.5,0,90,3.0,0,0.0
0.16,0.9726380909165361,77.5,0,90,3.0,0,0.0
0.165,0.7921091683291741,77.5,0,90,3.0,0,0.0
0.17,0.49139090102639077,77.5,0,90,3.0,0,0.0
0.175,0.15739335672107918,77.5,0,90,3.0,0,0.0
0.18,-0.11102342218909485,77.5,0,90,3.0,0,0.0
0.185,-0.2314207883647528,77.5,0,90,3.0,0,0.0
0.19,-0.2029124434754801,77.5,0,90,3.0,0,0.0
0.195,-0.11151350554305876,77.5,0,90,3.0,0,0.0
0.2,-0.039430666652076896,77.5,0,90,3.0,0,0.0
0.205,-0.006087703519843621,77.5,0,90,3.0,0,0.0
0.21,0.005350271385530551,77.5,0,90,3.0,0,0.0
0.215,0.010381647827441833,77.5,0,90,3.0,0,0.0
0.22,0.015115203303506243,77.5,0,90,3.0,0,0.0
0.225,0.021170964062928475,77.5,0,90,3.0,0,0.0
0.23,0.029082821134029553,77.5,0,90,3.0,0,0.0
0.235,0.03923107061708144,77.5,0,90,3.0,0,0.0
0.24,0.051969043308817596,77.5,0,90,3.0,0,0.0
0.245,0.06760532616283861,77.5,0,90,3.0,0,0.0
0.25,0.08636519236693461,77.5,0,90,3.0,0,0.0
0.255,0.10834733138818661,77.5,0,90,3.0,0,0.0
0.26,0.1334809643017884,77.5,0,90,3.0,0,0.0
0.265,0.16148868344343945,77.5,0,90,3.0,0,0.0
0.27,0.191860907532018,77.5,0,90,3.0,0,0.0
0.275,0.22384764873847726,77.5,0,90,3.0,0,0.0
0.28,0.25647215537198226,77.5,0,90,3.0,0,0.0
0.285,0.2885689161419028,77.5,0,90,3.0,0,0.0
0.29,0.31884566517832524,77.5,0,90,3.0,0,0.0
0.295,0.3459657668955683,77.5,0,90,3.0,0,0.0
0.3,0.3686441789190902,77.5,0,90,3.0,0,0.0
0.305,0.3857476379544367,77.5,0,90,3.0,0,0.0
0.31,0.3963882865005728,77.5,0,90,3.0,0,0.0
0.315,0.4,77.5,0,90,3.0,0,0.0
0.32,0.39638828650057273,77.5,0,90,3.0,0,0.0
0.325,0.38574763795443656,77.5,0,90,3.0,0,0.0
0.33,0.36864417891908974,77.5,0,90,3.0,0,0.0
0.335,0.345965766895568,77.5,0,90,3.0,0,0.0
0.34,0.3188456651783249,77.5,0,90,3.0,0,0.0
0.345,0.28856891614190205,77.5,0,90,3.0,0,0.0
0.35,0.2564721553719815,77.5,0,90,3.0,0,0.0
0.355,0.22384764873847685,77.5,0,90,3.0,0,0.0
0.36,0.19186090753201765,77.5,0,90,3.0,0,0.0
0.365,0.16148868344343878,77.5,0,90,3.0,0,0.0
0.37,0.1334809643017881,77.5,0,90,3.0,0,0.0
0.375,0.10834733138818531,77.5,0,90,3.0,0,0.0
0.38,0.08636519236690572,77.5,0,90,3.0,0,0.0
0.385,0.06760532616242629,77.5,0,90,3.0,0,0.0
0.39,0.05196904332202373,77.5,0,90,3.0,0,0.0
0.395,0.03923107185803287,77.5,0,90,3.0,0,0.0
0.4,0.02908287038705761,77.5,0,90,3.0,0,0.0
0.405,0.02117220077308346,77.5,0,90,3.0,0,0.0
0.41,0.0151361834125735,77.5,0,90,3.0,0,0.0
0.415,0.010626454858290009,77.5,0,90,3.0,0,0.0
0.42,0.007326255555493652,77.5,0,90,3.0,0,0.0
0.425,0.004960179211183015,77.5,0,90,3.0,0,0.0
0.43,0.0032978759379303545,77.5,0,90,3.0,0,0.0
0.435,0.002153242296767213,77.5,0,90,3.0,0,0.0
0.44,0.001380616732225004,77.5,0,90,3.0,0,0.0
0.445,0.0008693106590991584,77.5,0,90,3.0,0,0.0
0.45,0.000537524815942247,77.5,0,90,3.0,0,0.0
0.455,0.0003263951340288585,77.5,0,90,3.0,0,0.0
0.46,0.00019463030985187395,77.5,0,90,3.0,0,0.0
0.465,0.00011397219555062695,77.5,0,90,3.0,0,0.0
0.47,6.55403863487943e-05,77.5,0,90,3.0,0,0.0
0.475,3.701184389455385e-05,77.5,0,90,3.0,0,0.0
0.48,2.0525516217290957e-05,77.5,0,90,3.0,0,0.0
0.485,1.1178128483661116e-05,77.5,0,90,3.0,0,0.0
0.49,5.978135409912517e-06,77.5,0,90,3.0,0,0.0
0.495,3.1396702713238487e-06,77.5,0,90,3.0,0,0.0
0.5,1.6192875458531019e-06,77.5,0,90,3.0,0,0.0
0.505,8.201353897972012e-07,77.5,0,90,3.0,0,0.0
0.51,4.0791415086824765e-07,77.5,0,90,3.0,0,0.0
0.515,1.9923866938774793e-07,77.5,0,90,3.0,0,0.0
0.52,9.556527981051257e-08,77.5,0,90,3.0,0,0.0
0.525,4.501406988770349e-08,77.5,0,90,3.0,0,0.0
0.53,0.0,77.5,0,90,3.0,0,0.0
0.535,0.0,77.5,0,90,3.0,0,0.0
0.54,0.0,77.5,0,90,3.0,0,0.0
0.545,0.0,77.5,0,90,3.0,0,0.0
0.55,0.0,77.5,0,90,3.0,0,0.0
0.555,0.0,77.5,0,90,3.0,0,0.0
0.56,0.0,77.5,0,90,3.0,0,0.0
0.565,0.0,77.5,0,90,3.0,0,0.0
0.57,0.0,77.5,0,90,3.0,0,0.0
0.575,0.0,77.5,0,90,3.0,0,0.0
0.58,0.0,77.5,0,90,3.0,0,0.0
0.585,0.0,77.5,0,90,3.0,0,0.0
0.59,0.0,77.5,0,90,3.0,0,0.0
0.595,0.0,77.5,0,90,3.0,0,0.0
0.6,0.0,77.5,0,90,3.0,0,0.0
0.605,0.0,77.5,0,90,3.0,0,0.0
0.61,0.001684486749771458,77.5,0,90,3.0,0,0.0
0.615,0.004172395771277602,77.5,0,90,3.0,0,0.0
0.62,0.009438687428818865,77.5,0,90,3.0,0,0.0
0.625,0.019500507867137046,77.5,0,90,3.0,0,0.0
0.63,0.03679496976339974,77.5,0,90,3.0,0,0.0
0.635,0.06340728953298436,77.5,0,90,3.0,0,0.0
0.64,0.09979255396093453,77.5,0,90,3.0,0,0.0
0.645,0.14343835518453557,77.5,0,90,3.0,0,0.0
0.65,0.18829581417209276,77.5,0,90,3.0,0,0.0
0.655,0.2257481735193119,77.5,0,90,3.0,0,0.0
0.66,0.24718154073554727,77.5,0,90,3.0,0,0.0
0.665,0.24718154074102772,77.5,0,90,3.0,0,0.0
0.67,0.22574817354072055,77.5,0,90,3.0,0,0.0
0.675,0.18829581422840957,77.5,0,90,3.0,0,0.0
0.68,0.14343835532456656,77.5,0,90,3.0,0,0.0
0.685,0.09979255431561854,77.5,0,90,3.0,0,0.0
0.69,0.06340729067170194,77.5,0,90,3.0,0,0.0
0.695,0.03679497683410042,77.5,0,90,3.0,0,0.0
0.7,0.019500578284482293,77.5,0,90,3.0,0,0.0
0.705,0.009439396781978427,77.5,0,90,3.0,0,0.0
0.71,0.004178588733610924,77.5,0,90,3.0,0,0.0
0.715,0.0017299316936037381,77.5,0,90,3.0,0,0.0
0.72,0.0008997325756988589,77.5,0,90,3.0,0,0.0
0.725,0.001634769674224814,77.5,0,90,3.0,0,0.0
0.73,0.00614904736476635,77.5,0,90,3.0,0,0.0
0.735,0.02168080359963608,77.5,0,90,3.0,0,0.0
0.74,0.06433400338904088,77.5,0,90,3.0,0,0.0
0.745,0.1593410769217493,77.5,0,90,3.0,0,0.0
0.75,0.3291989194808569,77.5,0,90,3.0,0,0.0
0.755,0.5672906802982638,77.5,0,90,3.0,0,0.0
0.76,0.815339152120446,77.5,0,90,3.0,0,0.0
0.765,0.9768711246313155,77.50000284586159,1,90,3.0,0,5.8677558500516847e-08
0.77,0.9726380909165361,77.5000058771435,0,90,3.0,0,1.211782163638943e-07
0.775,0.7921091683291741,77.50001312492641,0,90,3.0,0,2.70617039411929e-07
0.78,0.49139090102639077,77.50003312177063,0,90,3.0,0,6.829231057222902e-07
0.785,0.15739335672107918,77.5000950173887,0,90,3.0,0,1.9591214165358773e-06
0.79,-0.11102342218909485,77.50029664213184,0,90,3.0,0,6.116332615326344e-06
0.795,-0.2314207883647528,77.50095018691317,0,90,3.0,0,1.9591482745824776e-05
0.8,-0.2029124434754801,77.50298788734874,0,90,3.0,0,6.160592471624066e-05
0.805,-0.11151350554305876,77.50899344295689,0,90,3.0,0,0.0001854318135441804
0.81,-0.039430666652076896,77.52558018028991,0,90,3.0,0,0.0005274263977300445
0.815,-0.006087703519843621,77.56832060951243,0,90,3.0,0,0.0014086723610809535
0.82,0.005350271385530551,77.67081240295971,0,90,3.0,0,0.003521905215664156
0.825,0.010381647827441833,77.89914273187748,0,90,3.0,0,0.008229747049020112
0.83,0.015115203303506243,78.37101968805803,0,90,3.0,0,0.0179591688259387
0.835,0.021170964062928475,79.2743219620393,0,90,3.0,0,0.03658395798019165
0.84,0.029082821134029553,80.87318328755507,0,90,3.0,0,0.06955017087742402
0.845,0.03923107061708144,83.4840347084959,0,90,3.0,0,0.12338215893805975
0.85,0.051969043308817596,87.4052161989753,0,90,3.0,0,0.20423126183454218
0.855,0.06760532616283861,92.79797719482352,0,90,3.0,0,0.31542221020254674
0.86,0.08636519236693461,99.54446405638612,0,90,3.0,0,0.45452503209043543
0.865,0.10834733138818661,107.13911793988598,0,90,3.0,0,0.611115833812082
0.87,0.1334809643017884,114.68319434295202,0,90,3.0,0,0.7666638008856087
0.875,0.16148868344343945,121.0286071131232,0,90,3.0,0,0.8974970538788288
0.88,0.191860907532018,125.05606361041474,0,90,3.0,0,0.9805373940291698
0.885,0.22384764873847726,126.0,0,90,3.0,0,1.0
0.89,0.25647215537198226,123.69218447622228,0,90,3.0,0,0.9524161747674696
0.895,0.2885689161419028,118.61841981945244,0,90,3.0,0,0.847802470504174
0.9,0.31884566517832524,111.76288043906783,0,90,3.0,0,0.7064511430735635
0.905,0.3459657668955683,104.30907561334334,0,90,3.0,0,0.5527644456359452
0.91,0.3686441789190902,97.32237373483679,0,90,3.0,0,0.40870873680075853
0.915,0.3857476379544367,91.52930221937348,0,90,3.0,0,0.2892639632860511
0.92,0.3963882865005728,87.24754941146844,0,90,3.0,0,0.2009804002364627
0.925,0.4,84.44866361769579,0,90,3.0,0,0.14327141479785124
0.93,0.39638828650057273,82.8907268689467,0,90,3.0,0,0.11114900760714846
0.935,0.38574763795443656,82.25407737271877,0,90,3.0,0,0.09802221387049007
0.94,0.36864417891908974,82.23774027159104,0,90,3.0,0,0.09768536642455745
0.945,0.345965766895568,82.60568848479885,0,90,3.0,0,0.10527192752162572
0.95,0.3188456651783249,83.19386752249686,0,90,3.0,0,0.11739933036075999
0.955,0.28856891614190205,83.89629740654941,0,90,3.0,0,0.13188242075359605
0.96,0.2564721553719815,84.64557378836538,0,90,3.0,0,0.147331418316812
0.965,0.22384764873847685,85.39633568541677,0,90,3.0,0,0.16281104506013966
0.97,0.19186090753201765,86.11442913867897,0,90,3.0,0,0.1776170956428654
0.975,0.16148868344343878,86.77121984433278,0,90,3.0,0,0.19115917204809849
0.98,0.1334809643017881,87.3414191722754,0,90,3.0,0,0.20291585922217306
0.985,0.10834733138818531,87.80288062565299,0,90,3.0,0,0.21243052836397916
0.99,0.08636519236690572,88.13728808638228,0,90,3.0,0,0.2193255275542739
0.995,0.06760532616242629,88.33108854836723,0,90,3.0,0,0.22332141336839656
1.0,0.05196904332202373,88.3763108939206,0,90,3.0,0,0.22425383286434233
1.005,0.03923107185803287,88.27108106749418,0,90,3.0,0,0.22208414572152949
1.01,0.02908287038705761,88.01974268743409,0,90,3.0,0,0.21690191108111523
1.015,0.02117220077308346,87.63255742288636,0,90,3.0,0,0.20891870975023433
1.02,0.0151361834125735,87.1250094082,0,90,3.0,0,0.19845380223092784
1.025,0.010626454858290009,86.51677814238163,0,90,3.0,0,0.18591295138931185
1.03,0.007326255555493652,85.83047446527023,0,90,3.0,0,0.1717623601086645
1.035,0.004960179211183015,85.09025249472462,0,90,3.0,0,0.1565000514376211
1.04,0.0032978759379303545,84.32041563244263,0,90,3.0,0,0.14062712644211614
1.045,0.002153242296767213,83.54412713946391,0,90,3.0,0,0.1246211781332765
1.05,0.001380616732225004,82.78231716056324,0,90,3.0,0,0.10891375588790182
1.055,0.0008693106590991584,82.0528515297851,0,90,3.0,0,0.09387322741824952
1.06,0.000537524815942247,81.36999705672466,0,90,3.0,0,0.07979375374690013
1.065,0.0003263951340288585,80.74418725350604,0,90,3.0,0,0.06689045883517611
1.07,0.00019463030985187395,80.18206515992516,0,90,3.0,0,0.05530031257577647
1.075,0.00011397219555062695,79.6867587248306,0,90,3.0,0,0.04508780875939374
1.08,6.55403863487943e-05,79.25833063767365,0,90,3.0,0,0.036254239952034056
1.085,3.701184389455385e-05,78.89433892375651,0,90,3.0,0,0.02874925615992798
1.09,2.0525516217290957e-05,78.59044631947289,0,90,3.0,0,0.022483429267482247
1.095,1.1178128483661116e-05,78.34102394918298,0,90,3.0,0,0.017340699983154285
1.1,5.978135409912517e-06,78.1397062108974,0,90,3.0,0,0.013189818781389716
1.105,3.1396702713238487e-06,77.97986702078465,0,90,3.0,0,0.009894165377003149
1.11,1.6192875458531019e-06,77.85500083322964,0,90,3.0,0,0.007319604808858528
1.115,8.201353897972012e-07,77.75900370298082,0,90,3.0,0,0.005340282535687012
1.12,4.0791415086824765e-07,77.68635914371603,0,90,3.0,0,0.0038424565714645846
1.125,1.9923866938774793e-07,77.63224022257143,0,90,3.0,0,0.0027266025272458896
1.13,9.556527981051257e-08,77.59254321199653,0,90,3.0,0,0.0019081074638459367
1.135,4.501406988770349e-08,77.56386952680471,0,90,3.0,0,0.001316897459890901
1.14,0.0,77.54347213406413,0,90,3.0,0,0.0008963326611161186
1.145,0.0,77.52918074358568,0,90,3.0,0,0.000601664816199668
1.15,0.0,77.5193174537281,0,90,3.0,0,0.00039829801501250865
1.155,0.0,77.51261163923783,0,90,3.0,0,0.00026003379871818866
1.16,0.0,77.50812009910234,0,90,3.0,0,0.00016742472375963377
1.165,0.0,77.50515607531464,0,90,3.0,0,0.00010631083122978725
1.17,0.0,77.50322883094955,0,90,3.0,0,6.65738340113965e-05
1.175,0.0,77.50199406584419,0,90,3.0,0,4.111475967395507e-05
1.18,0.0,77.50121451201069,0,90,3.0,0,2.504148475651098e-05
1.185,0.0,77.50072951170684,0,90,3.0,0,1.5041478491477542e-05
1.19,0.0,77.50043214635019,0,90,3.0,0,8.91023402458551e-06
1.195,0.0,77.5002524628993,0,90,3.0,0,5.205420604067147e-06
1.2,0.0,77.50014545625893,0,90,3.0,0,2.9990981223602727e-06
1.205,0.0,77.50008264857955,0,90,3.0,1,1.7040944237109704e-06
1.21,0.0,77.5000463133831,0,90,3.0,1,9.54915115356663e-07
1.215,0.001684486749771458,77.50002559444704,0,90,3.0,1,5.277205574886991e-07
1.22,0.004172395771277602,77.50001394932292,0,90,3.0,1,2.876149055643425e-07
1.225,0.009438687428818865,77.50000749770997,0,90,3.0,1,1.5459195820373688e-07
1.23,0.019500507867137046,77.50000397440645,0,90,3.0,1,8.194652481900438e-08
1.235,0.03679496976339974,77.5000020777058,0,90,3.0,1,4.283929486978336e-08
1.24,0.06340728953298436,77.5000010711837,0,90,3.0,1,2.2086261928164923e-08
1.245,0.09979255396093453,77.50000054464309,0,90,3.0,1,1.1229754354363397e-08
1.25,0.14343835518453557,77.50000027310406,0,90,3.0,1,5.631011624911442e-09
1.255,0.18829581417209276,77.50000013505556,0,90,3.0,1,2.78465067728491e-09
1.26,0.2257481735193119,77.50000006586654,0,90,3.0,1,1.358073076676426e-09
1.265,0.24718154073554727,77.50000003168002,0,90,3.0,1,6.531962233416427e-10
1.27,0.24718154074102772,77.50000001502707,0,90,3.0,1,3.09836481786069e-10
1.275,0.22574817354072055,77.50000000702961,0,90,3.0,1,1.449404628390804e-10
1.28,0.18829581422840957,77.50000000324307,0,90,3.0,1,6.686749207032917e-11
1.285,0.14343835532456656,77.50000000147553,0,90,3.0,1,3.0423242390394625e-11
1.29,0.09979255431561854,77.50000000066208,0,90,3.0,1,1.3651210746005388e-11
1.295,0.06340729067170194,77.50000000029299,0,90,3.0,1,6.040931786872571e-12
1.3,0.03679497683410042,77.50000000012786,0,90,3.0,1,2.6361868014984006e-12
1.305,0.019500578284482293,77.50000000005502,0,90,3.0,1,1.1345243187064363e-12
1.31,0.009439396781978427,77.50000000002336,0,90,3.0,1,4.817040237482906e-13
1.315,0.004178588733610924,77.50000000000978,0,90,3.0,1,2.015890318362676e-13
1.32,0.0017299316936037381,77.50000000000404,0,90,3.0,1,8.321407709520348e-14
1.325,0.0008997325756988589,77.50000000000165,0,90,3.0,1,3.3988848390998606e-14
1.33,0.001634769674224814,77.50000000000065,0,90,3.0,1,1.347833643091324e-14
1.335,0.00614904736476635,77.50000000000026,0,90,3.0,1,5.274131646879094e-15
1.34,0.02168080359963608,77.5000000000001,0,90,3.0,1,2.0510511960085364e-15
1.345,0.06433400338904088,77.50000000000004,0,90,3.0,1,8.790219411465157e-16
1.35,0.1593410769217493,77.50000000000001,0,90,3.0,1,2.9300731371550523e-16
1.355,0.3291989194808569,77.5,0,90,3.0,1,0.0
1.36,0.5672906802982638,77.5,0,90,3.0,1,0.0
1.365,0.815339152120446,77.5,0,90,3.0,1,0.0
1.37,0.9768711246313155,77.50000285188469,1,90,3.0,1,5.88017461343474e-08
1.375,0.9726380909165361,77.500005472104,0,90,3.0,1,1.1282688645449e-07
1.38,0.7921091683291741,77.50001114553572,0,90,3.0,1,2.2980486026370402e-07
1.385,0.49139090102639077,77.50002494746741,0,90,3.0,1,5.143807713241201e-07
1.39,0.15739335672107918,77.50006223014493,0,90,3.0,1,1.283095771835169e-06
1.395,-0.11102342218909485,77.5001692753466,0,90,3.0,1,3.4902133318178834e-06
1.4,-0.2314207883647528,77.50048103204684,0,90,3.0,1,9.918186532683284e-06
1.405,-0.2029124434754801,77.50137207546508,0,90,3.0,1,2.8290215774943847e-05
1.41,-0.11151350554305876,77.50382388761822,0,90,3.0,1,7.884304367473877e-05
1.415,-0.039430666652076896,77.51025255192553,0,90,3.0,1,0.00021139282320685189
1.42,-0.006087703519843621,77.52622730260188,0,90,3.0,1,0.0005407691258119953
1.425,0.005350271385530551,77.56373480349473,0,90,3.0,1,0.0013141196596850547
1.43,0.010381647827441833,77.64679192528084,0,90,3.0,1,0.0030266376346564368
1.435,0.015115203303506243,77.82003264790949,0,90,3.0,1,0.006598611297102794
1.44,0.021170964062928475,78.16002289075324,0,90,3.0,1,0.013608719396974014
1.445,0.029082821134029553,78.78715565839514,0,90,3.0,1,0.026539291925672906
1.45,0.03923107061708144,79.87309703665223,0,90,3.0,1,0.04892983580726239
1.455,0.051969043308817596,81.6357728352696,0,90,3.0,1,0.08527366670658981
1.46,0.06760532616283861,84.31274116702575,0,90,3.0,1,0.14046889004176802
1.465,0.08636519236693461,88.10699478553131,0,90,3.0,1,0.21870092341301678
1.47,0.10834733138818661,93.10840244452054,0,90,3.0,1,0.3218227308148564
1.475,0.1334809643017884,99.20787973600085,0,90,3.0,1,0.44758514919589376
1.48,0.16148868344343945,106.03465479272373,0,90,3.0,1,0.5883433977881181
1.485,0.191860907532018,112.95149073900936,0,90,3.0,1,0.7309585719383372
1.49,0.22384764873847726,119.13158563547512,0,90,3.0,1,0.8583832089788684
1.495,0.25647215537198226,123.71388588995438,0,90,3.0,1,0.9528636265969976
1.5,0.2885689161419028,126.0,0,90,3.0,1,1.0
1.505,0.31884566517832524,125.63168033832994,0,90,3.0,1,0.9924057801717514
1.51,0.3459657668955683,122.68717513676035,0,90,3.0,1,0.9316943327167081
1.515,0.3686441789190902,117.66114684156429,0,90,3.0,1,0.8280648833312224
1.52,0.3857476379544367,111.33557350136091,0,90,3.0,1,0.6976406907497096
1.525,0.3963882865005728,104.5882963007817,0,90,3.0,1,0.5585215732119939
1.53,0.4,98.20380090084146,0,90,3.0,1,0.4268824928008548
1.535,0.39638828650057273,92.74127363349305,0,90,3.0,1,0.31425306460810415
1.54,0.38574763795443656,88.48579720411917,0,90,3.0,1,0.22651128255915806
1.545,0.36864417891908974,85.47562070635212,0,90,3.0,1,0.16444578775983748
1.55,0.345965766895568,83.57616312899322,0,90,3.0,1,0.1252817139998601
1.555,0.3188456651783249,82.5659171942369,0,90,3.0,1,0.10445190091210109
1.56,0.28856891614190205,82.2077740060747,0,90,3.0,1,0.09706750527989073
1.565,0.2564721553719815,82.29359471173308,0,90,3.0,1,0.09883700436563048
1.57,0.22384764873847685,82.66255827345258,0,90,3.0,1,0.10644450048355825
1.575,0.19186090753201765,83.20095515387028,0,90,3.0,1,0.11754546709010891
1.58,0.16148868344343878,83.83258540626372,0,90,3.0,1,0.13056877126316943
1.585,0.1334809643017881,84.50688720883298,0,90,3.0,1,0.1444719012130511
1.59,0.10834733138818531,85.18879930614817,0,90,3.0,1,0.1585319444566633
1.595,0.08636519236690572,85.85174343024126,0,90,3.0,1,0.1722008954688919
1.6,0.06760532616242629,86.47356190947447,0,90,3.0,1,0.1850218950407107
1.605,0.05196904332202373,87.0346351717773,0,90,3.0,1,0.19659041591293394
1.61,0.03923107185803287,87.51735949791845,0,90,3.0,1,0.20654349480244225
1.615,0.02908287038705761,87.90635065364523,0,90,3.0,1,0.2145639310029945
1.62,0.02117220077308346,88.1889541011337,0,90,3.0,1,0.22039080620894233
1.625,0.0151361834125735,88.35580849564253,0,90,3.0,1,0.22383110300293885
1.63,0.010626454858290009,88.4013164549309,0,90,3.0,1,0.22476941144187437
1.635,0.007326255555493652,88.32394120303454,0,90,3.0,1,0.2231740454233925
1.64,0.004960179211183015,88.12628788072502,0,90,3.0,1,0.21909871919020651
1.645,0.0032978759379303545,87.8149564468404,0,90,3.0,1,0.21267951436784327
1.65,0.002153242296767213,87.40017534035806,0,90,3.0,1,0.20412732660532085
1.655,0.001380616732225004,86.89524350085946,0,90,3.0,1,0.1937163608424632
1.66,0.0008693106590991584,86.31582296936395,0,90,3.0,1,0.18176954576008145
1.665,0.000537524815942247,85.67913444059066,0,90,3.0,1,0.16864194722867337
1.67,0.0003263951340288585,85.00311320618148,0,90,3.0,1,0.15470336507590685
1.675,0.00019463030985187395,84.3055827268295,0,90,3.0,1,0.1403212933366907
1.68,0.00011397219555062695,83.60349793607864,0,90,3.0,1,0.12584531826966266
1.685,6.55403863487943e-05,82.91230113964602,0,90,3.0,1,0.11159383793084575
1.69,3.701184389455385e-05,82.24542123587032,0,90,3.0,1,0.09784373682206855
1.695,2.0525516217290957e-05,81.613933357956,0,90,3.0,1,0.08482336820527836
1.7,1.1178128483661116e-05,81.0263823663777,0,90,3.0,1,0.07270891477067429
1.705,5.978135409912517e-06,80.48876119719017,0,90,3.0,1,0.06162394221010664
1.71,3.1396702713238487e-06,80.00462491990231,0,90,3.0,1,0.05164175092582087
1.715,1.6192875458531019e-06,79.57531413717051,0,90,3.0,1,0.042789982209701205
1.72,8.201353897972012e-07,79.20025733794617,0,90,3.0,1,0.035056852328787
1.725,4.0791415086824765e-07,78.8773208986497,0,90,3.0,1,0.028398369044323704
1.73,1.9923866938774793e-07,78.60317721354771,0,90,3.0,1,0.02274592192881876
1.735,9.556527981051257e-08,78.37366531514834,0,90,3.0,1,0.01801371783811018
1.74,4.501406988770349e-08,78.18412359953327,0,90,3.0,1,0.014105641227490006
1.745,0.0,78.02968017202754,0,90,3.0,1,0.010921240660361643
1.75,0.0,77.90549221983429,0,90,3.0,1,0.008360664326480135
1.755,0.0,77.80693117491525,0,90,3.0,1,0.0063284778333041036
1.76,0.0,77.72971488846713,0,90,3.0,1,0.00473638945293049
1.765,0.0,77.66999140059843,0,90,3.0,1,0.003504977331926474
1.77,0.0,77.624381109498,0,90,3.0,1,0.002564558958721715
1.775,0.0,77.58998529958369,0,90,3.0,1,0.001855367001725527
1.78,0.0,77.56436923879633,0,90,3.0,1,0.001327200799924356
1.785,0.0,77.54552760933194,0,90,3.0,1,0.0009387135944730149
1.79,0.0,77.53183911478689,0,90,3.0,1,0.0006564765935441408
1.795,0.0,77.52201591751752,0,90,3.0,1,0.0004539364436602307
1.8,0.0,77.51505227902882,0,90,3.0,1,0.00031035626863550747
1.805,0.0,77.51017553839584,0,90,3.0,1,0.00020980491537818461
1.81,0.0,77.50680146081736,0,90,3.0,1,0.0001402363055125154
1.815,0.0,77.5044950721781,0,90,3.0,1,9.268190057942428e-05
1.82,0.0,77.50293738454126,0,90,3.0,1,6.056462971659852e-05
1.825,0.0,77.5018979055961,0,90,3.0,1,3.9132074146298636e-05
1.83,0.0,77.50121248974423,0,90,3.0,1,2.499978854089444e-05
1.835,0.0,77.50076589847964,0,90,3.0,1,1.5791721229734977e-05
1.84,0.0,77.50047835906365,0,90,3.0,1,9.863073477303842e-06
1.845,0.0,77.50029541087085,0,90,3.0,1,6.090945790679284e-06
1.85,0.0,77.50018038009229,0,90,3.0,1,3.7191771605897154e-06
1.855,0.0,77.50010890314022,0,90,3.0,1,2.2454255714627526e-06
1.86,0.0,77.5000650102546,0,90,3.0,1,1.3404176206560017e-06
1.865,0.0,77.50003837187288,0,90,3.0,1,7.911726366100336e-07
1.87,0.0,77.50002239410928,0,90,3.0,1,4.617342119555482e-07
1.875,0.0,77.500012922432,0,90,3.0,1,2.6644189703577083e-07
1.88,0.0,77.50000737300255,0,90,3.0,1,1.520206710571899e-07
1.885,0.001684486749771458,77.50000415943343,0,90,3.0,1,8.576151403242865e-08
1.89,0.004172395771277602,77.50000232013706,0,90,3.0,1,4.783787745772006e-08
1.895,0.009438687428818865,77.50000127962515,0,90,3.0,1,2.6384023763010605e-08
1.9,0.019500507867137046,77.50000069781701,0,90,3.0,1,1.4387979687394222e-08
1.905,0.03679496976339974,77.50000037626171,0,90,3.0,1,7.75797339771351e-09
1.91,0.06340728953298436,77.5000002005987,0,90,3.0,1,4.136055786523112e-09
1.915,0.09979255396093453,77.50000010574405,0,90,3.0,1,2.1802896899129167e-09
1.92,0.14343835518453557,77.50000005511545,0,90,3.0,1,1.1364010305507842e-09
1.925,0.18829581417209276,77.50000002840406,0,90,3.0,1,5.856507123473758e-10
1.93,0.2257481735193119,77.50000001447363,0,90,3.0,1,2.984253119534186e-10
1.935,0.24718154073554727,77.50000000729229,0,90,3.0,1,1.503564100257978e-10
1.94,0.24718154074102772,77.50000000363279,0,90,3.0,1,7.490292464166318e-11
1.945,0.22574817354072055,77.50000000178939,0,90,3.0,1,3.689460192111527e-11
1.95,0.18829581422840957,77.50000000087148,0,90,3.0,1,1.7968673513603357e-11
1.955,0.14343835532456656,77.50000000041966,0,90,3.0,1,8.652798981332584e-12
1.96,0.09979255431561854,77.50000000019982,0,90,3.0,1,4.119975838153719e-12
1.965,0.06340729067170194,77.50000000009408,0,90,3.0,1,1.9397084167966446e-12
1.97,0.03679497683410042,77.50000000004378,0,90,3.0,1,9.027555335574716e-13
1.975,0.019500578284482293,77.50000000002015,0,90,3.0,1,4.154843708485864e-13
1.98,0.009439396781978427,77.50000000000917,0,90,3.0,1,1.8898971734650088e-13
1.985,0.004178588733610924,77.50000000000412,0,90,3.0,1,8.497212097749652e-14
1.99,0.0017299316936037381,77.50000000000183,0,90,3.0,1,3.779794346930017e-14
1.995,0.0008997325756988589,77.50000000000081,0,90,3.0,1,1.67014168817838e-14
2.0,0.001634769674224814,77.50000000000036,0,90,3.0,1,7.32518284288763e-15
2.005,0.00614904736476635,77.50000000000016,0,90,3.0,1,3.2230804508705575e-15
2.01,0.02168080359963608,77.50000000000006,0,90,3.0,1,1.172029254862021e-15
2.015,0.06433400338904088,77.50000000000003,0,90,3.0,1,5.860146274310105e-16
2.02,0.1593410769217493,77.50000000000001,0,90,3.0,1,2.9300731371550523e-16
2.025,0.3291989194808569,77.5,0,90,3.0,1,0.0
2.03,0.5672906802982638,77.5,0,90,3.0,1,0.0
2.035,0.815339152120446,77.5,0,90,3.0,1,0.0
2.04,0.9768711246313155,77.50000284586159,1,90,3.0,1,5.8677558500516847e-08
2.045,0.9726380909165361,77.5000058771435,0,90,3.0,1,1.211782163638943e-07
2.05,0.7921091683291741,77.50001312492641,0,90,3.0,1,2.70617039411929e-07
2.055,0.49139090102639077,77.50003312177063,0,90,3.0,1,6.829231057222902e-07
2.06,0.15739335672107918,77.5000950173887,0,90,3.0,1,1.9591214165358773e-06
2.065,-0.11102342218909485,77.50029664213184,0,90,3.0,1,6.116332615326344e-06
2.07,-0.2314207883647528,77.50095018691317,0,90,3.0,1,1.9591482745824776e-05
2.075,-0.2029124434754801,77.50298788734874,0,90,3.0,1,6.160592471624066e-05
2.08,-0.11151350554305876,77.50899344295689,0,90,3.0,1,0.0001854318135441804
2.085,-0.039430666652076896,77.52558018028991,0,90,3.0,1,0.0005274263977300445
2.09,-0.006087703519843621,77.56832060951243,0,90,3.0,1,0.0014086723610809535
2.095,0.005350271385530551,77.67081240295971,0,90,3.0,1,0.003521905215664156
2.1,0.010381647827441833,77.89914273187748,0,90,3.0,1,0.008229747049020112
2.105,0.015115203303506243,78.37101968805803,0,90,3.0,1,0.0179591688259387
2.11,0.021170964062928475,79.2743219620393,0,90,3.0,1,0.03658395798019165
2.115,0.029082821134029553,80.87318328755507,0,90,3.0,1,0.06955017087742402
2.12,0.03923107061708144,83.4840347084959,0,90,3.0,1,0.12338215893805975
2.125,0.051969043308817596,87.4052161989753,0,90,3.0,1,0.20423126183454218
2.13,0.06760532616283861,92.79797719482352,0,90,3.0,1,0.31542221020254674
2.135,0.08636519236693461,99.54446405638612,0,90,3.0,1,0.45452503209043543
2.14,0.10834733138818661,107.13911793988598,0,90,3.0,1,0.611115833812082
2.145,0.1334809643017884,114.68319434295202,0,90,3.0,1,0.7666638008856087
2.15,0.16148868344343945,121.0286071131232,0,90,3.0,1,0.8974970538788288
2.155,0.191860907532018,125.05606361041474,0,90,3.0,1,0.9805373940291698
2.16,0.22384764873847726,126.0,0,90,3.0,1,1.0
2.165,0.25647215537198226,123.69218447622228,0,90,3.0,1,0.9524161747674696
2.17,0.2885689161419028,118.61841981945244,0,90,3.0,1,0.847802470504174
2.175,0.31884566517832524,111.76288043906783,0,90,3.0,1,0.7064511430735635
2.18,0.3459657668955683,104.30907561334334,0,90,3.0,1,0.5527644456359452
2.185,0.3686441789190902,97.32237373483679,0,90,3.0,1,0.40870873680075853
2.19,0.3857476379544367,91.52930221937348,0,90,3.0,1,0.2892639632860511
2.195,0.3963882865005728,87.24754941146844,0,90,3.0,1,0.2009804002364627
2.2,0.4,84.44866361769579,0,90,3.0,1,0.14327141479785124
2.205,0.39638828650057273,82.8907268689467,0,90,3.0,1,0.11114900760714846
2.21,0.38574763795443656,82.25407737271877,0,90,3.0,1,0.09802221387049007
2.215,0.36864417891908974,82.23774027159104,0,90,3.0,1,0.09768536642455745
2.22,0.345965766895568,82.60568848479885,0,90,3.0,1,0.10527192752162572
2.225,0.3188456651783249,83.19386752249686,0,90,3.0,1,0.11739933036075999
2.23,0.28856891614190205,83.89629740654941,0,90,3.0,1,0.13188242075359605
2.235,0.2564721553719815,84.64557378836538,0,90,3.0,1,0.147331418316812
2.24,0.22384764873847685,85.39633568541677,0,90,3.0,1,0.16281104506013966
2.245,0.19186090753201765,86.11442913867897,0,90,3.0,1,0.1776170956428654
2.25,0.16148868344343878,86.77121984433278,0,90,3.0,1,0.19115917204809849
2.255,0.1334809643017881,87.3414191722754,0,90,3.0,1,0.20291585922217306
2.26,0.10834733138818531,87.80288062565299,0,90,3.0,1,0.21243052836397916
2.265,0.08636519236690572,88.13728808638228,0,90,3.0,1,0.2193255275542739
2.27,0.06760532616242629,88.33108854836723,0,90,3.0,1,0.22332141336839656
2.275,0.05196904332202373,88.3763108939206,0,90,3.0,1,0.22425383286434233
2.28,0.03923107185803287,88.27108106749418,0,90,3.0,1,0.22208414572152949
2.285,0.02908287038705761,88.01974268743409,0,90,3.0,1,0.21690191108111523
2.29,0.02117220077308346,87.63255742288636,0,90,3.0,1,0.20891870975023433
2.295,0.0151361834125735,87.1250094082,0,90,3.0,1,0.19845380223092784
2.3,0.010626454858290009,86.51677814238163,0,90,3.0,1,0.18591295138931185
2.305,0.007326255555493652,85.83047446527023,0,90,3.0,1,0.1717623601086645
2.31,0.004960179211183015,85.09025249472462,0,90,3.0,1,0.1565000514376211
2.315,0.0032978759379303545,84.32041563244263,0,90,3.0,1,0.14062712644211614
2.32,0.002153242296767213,83.54412713946391,0,90,3.0,1,0.1246211781332765
2.325,0.001380616732225004,82.78231716056324,0,90,3.0,1,0.10891375588790182
2.33,0.0008693106590991584,82.0528515297851,0,90,3.0,1,0.09387322741824952
2.335,0.000537524815942247,81.36999705672466,0,90,3.0,1,0.07979375374690013
2.34,0.0003263951340288585,80.74418725350604,0,90,3.0,1,0.06689045883517611
2.345,0.00019463030985187395,80.18206515992516,0,90,3.0,1,0.05530031257577647
2.35,0.00011397219555062695,79.6867587248306,0,90,3.0,1,0.04508780875939374
2.355,6.55403863487943e-05,79.25833063767365,0,90,3.0,1,0.036254239952034056
2.36,3.701184389455385e-05,78.89433892375651,0,90,3.0,1,0.02874925615992798
2.365,2.0525516217290957e-05,78.59044631947289,0,90,3.0,1,0.022483429267482247
2.37,1.1178128483661116e-05,78.34102394918298,0,90,3.0,1,0.017340699983154285
2.375,5.978135409912517e-06,78.1397062108974,0,90,3.0,1,0.013189818781389716
2.38,3.1396702713238487e-06,77.97986702078465,0,90,3.0,1,0.009894165377003149
2.385,1.6192875458531019e-06,77.85500083322964,0,90,3.0,1,0.007319604808858528
2.39,8.201353897972012e-07,77.75900370298082,0,90,3.0,1,0.005340282535687012
2.395,4.0791415086824765e-07,77.68635914371603,0,90,3.0,1,0.0038424565714645846
2.4,1.9923866938774793e-07,77.63224022257143,0,90,3.0,1,0.0027266025272458896
2.405,9.556527981051257e-08,77.59254321199653,0,90,3.0,1,0.0019081074638459367
2.41,4.501406988770349e-08,77.56386952680471,0,90,3.0,2,0.001316897459890901
2.415,0.0,77.54347213406413,0,90,3.0,2,0.0008963326611161186
2.42,0.0,77.52918074358568,0,90,3.0,2,0.000601664816199668
2.425,0.0,77.5193174537281,0,90,3.0,2,0.00039829801501250865
2.43,0.0,77.51261163923783,0,90,3.0,2,0.00026003379871818866
2.435,0.0,77.50812009910234,0,90,3.0,2,0.00016742472375963377
2.44,0.0,77.50515607531464,0,90,3.0,2,0.00010631083122978725
2.445,0.0,77.50322883094955,0,90,3.0,2,6.65738340113965e-05
2.45,0.0,77.50199406584419,0,90,3.0,2,4.111475967395507e-05
2.455,0.0,77.50121451201069,0,90,3.0,2,2.504148475651098e-05
2.46,0.0,77.50072951170684,0,90,3.0,2,1.5041478491477542e-05
2.465,0.0,77.50043214635019,0,90,3.0,2,8.91023402458551e-06
2.47,0.0,77.5002524628993,0,90,3.0,2,5.205420604067147e-06
2.475,0.0,77.50014545625893,0,90,3.0,2,2.9990981223602727e-06
2.48,0.0,77.50008264857955,0,90,3.0,2,1.7040944237109704e-06
2.485,0.0,77.5000463133831,0,90,3.0,2,9.54915115356663e-07
2.49,0.001684486749771458,77.50002559444704,0,90,3.0,2,5.277205574886991e-07
2.495,0.004172395771277602,77.50001394932292,0,90,3.0,2,2.876149055643425e-07
2.5,0.009438687428818865,77.50000749770997,0,90,3.0,2,1.5459195820373688e-07
2.505,0.019500507867137046,77.50000397440645,0,90,3.0,2,8.194652481900438e-08
2.51,0.03679496976339974,77.5000020777058,0,90,3.0,2,4.283929486978336e-08
2.515,0.06340728953298436,77.5000010711837,0,90,3.0,2,2.2086261928164923e-08
2.52,0.09979255396093453,77.50000054464309,0,90,3.0,2,1.1229754354363397e-08
2.525,0.14343835518453557,77.50000027310406,0,90,3.0,2,5.631011624911442e-09
2.53,0.18829581417209276,77.50000013505556,0,90,3.0,2,2.78465067728491e-09
2.535,0.2257481735193119,77.50000006586654,0,90,3.0,2,1.358073076676426e-09
2.54,0.24718154073554727,77.50000003168002,0,90,3.0,2,6.531962233416427e-10
2.545,0.24718154074102772,77.50000001502707,0,90,3.0,2,3.09836481786069e-10
2.55,0.22574817354072055,77.50000000702961,0,90,3.0,2,1.449404628390804e-10
2.555,0.18829581422840957,77.50000000324307,0,90,3.0,2,6.686749207032917e-11
2.56,0.14343835532456656,77.50000000147553,0,90,3.0,2,3.0423242390394625e-11
2.565,0.09979255431561854,77.50000000066208,0,90,3.0,2,1.3651210746005388e-11
2.57,0.06340729067170194,77.50000000029299,0,90,3.0,2,6.040931786872571e-12
2.575,0.03679497683410042,77.50000000012786,0,90,3.0,2,2.6361868014984006e-12
2.58,0.019500578284482293,77.50000000005502,0,90,3.0,2,1.1345243187064363e-12
2.585,0.009439396781978427,77.50000000002336,0,90,3.0,2,4.817040237482906e-13
2.59,0.004178588733610924,77.50000000000978,0,90,3.0,2,2.015890318362676e-13
2.595,0.0017299316936037381,77.50000000000404,0,90,3.0,2,8.321407709520348e-14
2.6,0.0008997325756988589,77.50000000000165,0,90,3.0,2,3.3988848390998606e-14
2.605,0.001634769674224814,77.50000000000065,0,90,3.0,2,1.347833643091324e-14
2.61,0.00614904736476635,77.50000000000026,0,90,3.0,2,5.274131646879094e-15
2.615,0.02168080359963608,77.5000000000001,0,90,3.0,2,2.0510511960085364e-15
2.62,0.06433400338904088,77.50000000000004,0,90,3.0,2,8.790219411465157e-16
2.625,0.1593410769217493,77.50000000000001,0,90,3.0,2,2.9300731371550523e-16
2.63,0.3291989194808569,77.5,0,90,3.0,2,0.0
2.635,0.5672906802982638,77.5,0,90,3.0,2,0.0
2.64,0.815339152120446,77.5,0,90,3.0,2,0.0
2.645,0.9768711246313155,77.50000285188469,1,90,3.0,2,5.88017461343474e-08
2.65,0.9726380909165361,77.500005472104,0,90,3.0,2,1.1282688645449e-07
2.655,0.7921091683291741,77.50001114553572,0,90,3.0,2,2.2980486026370402e-07
2.66,0.49139090102639077,77.50002494746741,0,90,3.0,2,5.143807713241201e-07
2.665,0.15739335672107918,77.50006223014493,0,90,3.0,2,1.283095771835169e-06
2.67,-0.11102342218909485,77.5001692753466,0,90,3.0,2,3.4902133318178834e-06
2.675,-0.2314207883647528,77.50048103204684,0,90,3.0,2,9.918186532683284e-06
2.68,-0.2029124434754801,77.50137207546508,0,90,3.0,2,2.8290215774943847e-05
2.685,-0.11151350554305876,77.50382388761822,0,90,3.0,2,7.884304367473877e-05
2.69,-0.039430666652076896,77.51025255192553,0,90,3.0,2,0.00021139282320685189
2.695,-0.006087703519843621,77.52622730260188,0,90,3.0,2,0.0005407691258119953
2.7,0.005350271385530551,77.56373480349473,0,90,3.0,2,0.0013141196596850547
2.705,0.010381647827441833,77.64679192528084,0,90,3.0,2,0.0030266376346564368
2.71,0.015115203303506243,77.82003264790949,0,90,3.0,2,0.006598611297102794
2.715,0.021170964062928475,78.16002289075324,0,90,3.0,2,0.013608719396974014
2.72,0.029082821134029553,78.78715565839514,0,90,3.0,2,0.026539291925672906
2.725,0.03923107061708144,79.87309703665223,0,90,3.0,2,0.04892983580726239
2.73,0.051969043308817596,81.6357728352696,0,90,3.0,2,0.08527366670658981
2.735,0.06760532616283861,84.31274116702575,0,90,3.0,2,0.14046889004176802
2.74,0.08636519236693461,88.10699478553131,0,90,3.0,2,0.21870092341301678
2.745,0.10834733138818661,93.10840244452054,0,90,3.0,2,0.3218227308148564
2.75,0.1334809643017884,99.20787973600085,0,90,3.0,2,0.44758514919589376
2.755,0.16148868344343945,106.03465479272373,0,90,3.0,2,0.5883433977881181
2.76,0.191860907532018,112.95149073900936,0,90,3.0,2,0.7309585719383372
2.765,0.22384764873847726,119.13158563547512,0,90,3.0,2,0.8583832089788684
2.77,0.25647215537198226,123.71388588995438,0,90,3.0,2,0.9528636265969976
2.775,0.2885689161419028,126.0,0,90,3.0,2,1.0
2.78,0.31884566517832524,125.63168033832994,0,90,3.0,2,0.9924057801717514
2.785,0.3459657668955683,122.68717513676035,0,90,3.0,2,0.9316943327167081
2.79,0.3686441789190902,117.66114684156429,0,90,3.0,2,0.8280648833312224
2.795,0.3857476379544367,111.33557350136091,0,90,3.0,2,0.6976406907497096
2.8,0.3963882865005728,104.5882963007817,0,90,3.0,2,0.5585215732119939
2.805,0.4,98.20380090084146,0,90,3.0,2,0.4268824928008548
2.81,0.39638828650057273,92.74127363349305,0,90,3.0,2,0.31425306460810415
2.815,0.38574763795443656,88.48579720411917,0,90,3.0,2,0.22651128255915806
2.82,0.36864417891908974,85.47562070635212,0,90,3.0,2,0.16444578775983748
2.825,0.345965766895568,83.57616312899322,0,90,3.0,2,0.1252817139998601
2.83,0.3188456651783249,82.5659171942369,0,90,3.0,2,0.10445190091210109
2.835,0.28856891614190205,82.2077740060747,0,90,3.0,2,0.09706750527989073
2.84,0.2564721553719815,82.29359471173308,0,90,3.0,2,0.09883700436563048
2.845,0.22384764873847685,82.66255827345258,0,90,3.0,2,0.10644450048355825
2.85,0.19186090753201765,83.20095515387028,0,90,3.0,2,0.11754546709010891
2.855,0.16148868344343878,83.83258540626372,0,90,3.0,2,0.13056877126316943
2.86,0.1334809643017881,84.50688720883298,0,90,3.0,2,0.1444719012130511
2.865,0.10834733138818531,85.18879930614817,0,90,3.0,2,0.1585319444566633
2.87,0.08636519236690572,85.85174343024126,0,90,3.0,2,0.1722008954688919
2.875,0.06760532616242629,86.47356190947447,0,90,3.0,2,0.1850218950407107
2.88,0.05196904332202373,87.0346351717773,0,90,3.0,2,0.19659041591293394
2.885,0.03923107185803287,87.51735949791845,0,90,3.0,2,0.20654349480244225
2.89,0.02908287038705761,87.90635065364523,0,90,3.0,2,0.2145639310029945
2.895,0.02117220077308346,88.1889541011337,0,90,3.0,2,0.22039080620894233
2.9,0.0151361834125735,88.35580849564253,0,90,3.0,2,0.22383110300293885
2.905,0.010626454858290009,88.4013164549309,0,90,3.0,2,0.22476941144187437
2.91,0.007326255555493652,88.32394120303454,0,90,3.0,2,0.2231740454233925
2.915,0.004960179211183015,88.12628788072502,0,90,3.0,2,0.21909871919020651
2.92,0.0032978759379303545,87.8149564468404,0,90,3.0,2,0.21267951436784327
2.925,0.002153242296767213,87.40017534035806,0,90,3.0,2,0.20412732660532085
2.93,0.001380616732225004,86.89524350085946,0,90,3.0,2,0.1937163608424632
2.935,0.0008693106590991584,86.31582296936395,0,90,3.0,2,0.18176954576008145
2.94,0.000537524815942247,85.67913444059066,0,90,3.0,2,0.16864194722867337
2.945,0.0003263951340288585,85.00311320618148,0,90,3.0,2,0.15470336507590685
2.95,0.00019463030985187395,84.3055827268295,0,90,3.0,2,0.1403212933366907
2.955,0.00011397219555062695,83.60349793607864,0,90,3.0,2,0.12584531826966266
2.96,6.55403863487943e-05,82.91230113964602,0,90,3.0,2,0.11159383793084575
2.965,3.701184389455385e-05,82.24542123587032,0,90,3.0,2,0.09784373682206855
2.97,2.0525516217290957e-05,81.613933357956,0,90,3.0,2,0.08482336820527836
2.975,1.1178128483661116e-05,81.0263823663777,0,90,3.0,2,0.07270891477067429
2.98,5.978135409912517e-06,80.48876119719017,0,90,3.0,2,0.06162394221010664
2.985,3.1396702713238487e-06,80.00462491990231,0,90,3.0,2,0.05164175092582087
2.99,1.6192875458531019e-06,79.57531413717051,0,90,3.0,2,0.042789982209701205
2.995,8.201353897972012e-07,79.20025733794617,0,90,3.0,2,0.035056852328787
3.0,4.0791415086824765e-07,78.8773208986497,0,90,3.0,2,0.028398369044323704
3.005,1.9923866938774793e-07,78.60317721354771,0,90,3.0,2,0.02274592192881876
3.01,9.556527981051257e-08,78.37366531514834,0,90,3.0,2,0.01801371783811018
3.015,4.501406988770349e-08,78.18412359953327,0,90,3.0,2,0.014105641227490006
3.02,0.0,78.02968017202754,0,90,3.0,2,0.010921240660361643
3.025,0.0,77.90549221983429,0,90,3.0,2,0.008360664326480135
3.03,0.0,77.80693117491525,0,90,3.0,2,0.0063284778333041036
3.035,0.0,77.72971488846713,0,90,3.0,2,0.00473638945293049
3.04,0.0,77.66999140059843,0,90,3.0,2,0.003504977331926474
3.045,0.0,77.624381109498,0,90,3.0,2,0.002564558958721715
3.05,0.0,77.58998529958369,0,90,3.0,2,0.001855367001725527
3.055,0.0,77.56436923879633,0,90,3.0,2,0.001327200799924356
3.06,0.0,77.54552760933194,0,90,3.0,2,0.0009387135944730149
3.065,0.0,77.53183911478689,0,90,3.0,2,0.0006564765935441408
3.07,0.0,77.52201591751752,0,90,3.0,2,0.0004539364436602307
3.075,0.0,77.51505227902882,0,90,3.0,2,0.00031035626863550747
3.08,0.0,77.51017553839584,0,90,3.0,2,0.00020980491537818461
3.085,0.0,77.50680146081736,0,90,3.0,2,0.0001402363055125154
3.09,0.0,77.5044950721781,0,90,3.0,2,9.268190057942428e-05
3.095,0.0,77.50293738454126,0,90,3.0,2,6.056462971659852e-05
3.1,0.0,77.5018979055961,0,90,3.0,2,3.9132074146298636e-05
3.105,0.0,77.50121248974423,0,90,3.0,2,2.499978854089444e-05
3.11,0.0,77.50076589847964,0,90,3.0,2,1.5791721229734977e-05
3.115,0.0,77.50047835906365,0,90,3.0,2,9.863073477303842e-06
3.12,0.0,77.50029541087085,0,90,3.0,2,6.090945790679284e-06
3.125,0.0,77.50018038009229,0,90,3.0,2,3.7191771605897154e-06
3.13,0.0,77.50010890314022,0,90,3.0,2,2.2454255714627526e-06
3.135,0.0,77.5000650102546,0,90,3.0,2,1.3404176206560017e-06
3.14,0.0,77.50003837187288,0,90,3.0,2,7.911726366100336e-07
3.145,0.0,77.50002239410928,0,90,3.0,2,4.617342119555482e-07
3.15,0.0,77.500012922432,0,90,3.0,2,2.6644189703577083e-07
3.155,0.0,77.50000737300255,0,90,3.0,2,1.520206710571899e-07
3.16,0.001684486749771458,77.50000415943343,0,90,3.0,2,8.576151403242865e-08
3.165,0.004172395771277602,77.50000232013706,0,90,3.0,2,4.783787745772006e-08
3.17,0.009438687428818865,77.50000127962515,0,90,3.0,2,2.6384023763010605e-08
3.175,0.019500507867137046,77.50000069781701,0,90,3.0,2,1.4387979687394222e-08
3.18,0.03679496976339974,77.50000037626171,0,90,3.0,2,7.75797339771351e-09
3.185,0.06340728953298436,77.5000002005987,0,90,3.0,2,4.136055786523112e-09
3.19,0.09979255396093453,77.50000010574405,0,90,3.0,2,2.1802896899129167e-09
3.195,0.14343835518453557,77.50000005511545,0,90,3.0,2,1.1364010305507842e-09
3.2,0.18829581417209276,77.50000002840406,0,90,3.0,2,5.856507123473758e-10
3.205,0.2257481735193119,77.50000001447363,0,90,3.0,2,2.984253119534186e-10
3.21,0.24718154073554727,77.50000000729229,0,90,3.0,2,1.503564100257978e-10
3.215,0.24718154074102772,77.50000000363279,0,90,3.0,2,7.490292464166318e-11
3.22,0.22574817354072055,77.50000000178939,0,90,3.0,2,3.689460192111527e-11
3.225,0.18829581422840957,77.50000000087148,0,90,3.0,2,1.7968673513603357e-11
3.23,0.14343835532456656,77.50000000041966,0,90,3.0,2,8.652798981332584e-12
3.235,0.09979255431561854,77.50000000019982,0,90,3.0,2,4.119975838153719e-12
3.24,0.06340729067170194,77.50000000009408,0,90,3.0,2,1.9397084167966446e-12
3.245,0.03679497683410042,77.50000000004378,0,90,3.0,2,9.027555335574716e-13
3.25,0.019500578284482293,77.50000000002015,0,90,3.0,2,4.154843708485864e-13
3.255,0.009439396781978427,77.50000000000917,0,90,3.0,2,1.8898971734650088e-13
3.26,0.004178588733610924,77.50000000000412,0,90,3.0,2,8.497212097749652e-14
3.265,0.0017299316936037381,77.50000000000183,0,90,3.0,2,3.779794346930017e-14
3.27,0.0008997325756988589,77.50000000000081,0,90,3.0,2,1.67014168817838e-14
3.275,0.001634769674224814,77.50000000000036,0,90,3.0,2,7.32518284288763e-15
3.28,0.00614904736476635,77.50000000000016,0,90,3.0,2,3.2230804508705575e-15
3.285,0.02168080359963608,77.50000000000006,0,90,3.0,2,1.172029254862021e-15
3.29,0.06433400338904088,77.50000000000003,0,90,3.0,2,5.860146274310105e-16
3.295,0.1593410769217493,77.50000000000001,0,90,3.0,2,2.9300731371550523e-16
3.3,0.3291989194808569,77.5,0,90,3.0,2,0.0
3.305,0.5672906802982638,77.5,0,90,3.0,2,0.0
3.31,0.815339152120446,77.5,0,90,3.0,2,0.0
3.315,0.9768711246313155,77.5000028495992,1,90,3.0,2,5.8754622647104476e-08
3.32,0.9726380909165361,77.50000521622965,0,90,3.0,2,1.075511268589759e-07
3.325,0.7921091683291741,77.50001003184255,0,90,3.0,2,2.06842114423744e-07
3.33,0.49139090102639077,77.50002086143309,0,90,3.0,2,4.30132640946054e-07
3.335,0.15739335672107918,77.5000476593659,0,90,3.0,2,9.826673382361047e-07
3.34,-0.11102342218909485,77.5001183364054,0,90,3.0,2,2.4399258843904763e-06
3.345,-0.2314207883647528,77.50030933544511,0,90,3.0,2,6.378050414630557e-06
3.35,-0.2029124434754801,77.50082200342337,0,90,3.0,2,1.6948524193111617e-05
3.355,-0.11151350554305876,77.50216205965356,0,90,3.0,2,4.457854955787588e-05
3.36,-0.039430666652076896,77.50553489210309,0,90,3.0,2,0.0001141214866615578
3.365,-0.006087703519843621,77.51365844030069,0,90,3.0,2,0.0002816173257873785
3.37,0.005350271385530551,77.53231627301004,0,90,3.0,2,0.0006663149074234897
3.375,0.010381647827441833,77.57309621159689,0,90,3.0,2,0.001507138383441046
3.38,0.015115203303506243,77.657803469981,0,90,3.0,2,0.0032536797934227773
3.385,0.021170964062928475,77.82485509900845,0,90,3.0,2,0.006698043278524646
3.39,0.029082821134029553,78.13736293559109,0,90,3.0,2,0.01314150382662031
3.395,0.03923107061708144,78.69144684397986,0,90,3.0,2,0.024565914308863117
3.4,0.051969043308817596,79.62164981828742,0,90,3.0,2,0.0437453570780912
3.405,0.06760532616283861,81.09861679088165,0,90,3.0,2,0.07419828434807525
3.41,0.08636519236693461,83.31340846938576,0,90,3.0,2,0.11986409215228377
3.415,0.10834733138818661,86.44420204955951,0,90,3.0,2,0.18441653710431974
3.42,0.1334809643017884,90.60562721106557,0,90,3.0,2,0.2702191177539292
3.425,0.16148868344343945,95.78836983257673,0,90,3.0,2,0.3770797903624069
3.43,0.191860907532018,101.80487465023725,0,90,3.0,2,0.501131436087366
3.435,0.22384764873847726,108.26223981649645,0,90,3.0,2,0.6342729859071432
3.44,0.25647215537198226,114.58168257095079,0,90,3.0,2,0.7645707746587792
3.445,0.2885689161419028,120.0732287599271,0,90,3.0,2,0.8777985311325176
3.45,0.31884566517832524,124.05651257188923,0,90,3.0,2,0.9599280942657573
3.455,0.3459657668955683,126.0,0,90,3.0,2,1.0
3.46,0.3686441789190902,125.63979154071257,0,90,3.0,2,0.9925730214579911
3.465,0.3857476379544367,123.04159744781288,0,90,3.0,2,0.9390020092332552
3.47,0.3963882865005728,118.58602852218327,0,90,3.0,2,0.8471346087048097
3.475,0.4,112.88194313968907,0,90,3.0,2,0.7295246008183314
3.48,0.39638828650057273,106.63524700178176,0,90,3.0,2,0.6007267423047786
3.485,0.38574763795443656,100.51222268984526,0,90,3.0,2,0.4744788183473249
3.49,0.36864417891908974,95.03342954567974,0,90,3.0,2,0.3615140112511286
3.495,0.345965766895568,90.51937551821848,0,90,3.0,2,0.2684407323344017
3.5,0.3188456651783249,87.0899623785511,0,90,3.0,2,0.1977311830629094
3.505,0.28856891614190205,84.70403859301403,0,90,3.0,2,0.1485368782064749
3.51,0.2564721553719815,83.21803786777781,0,90,3.0,2,0.11789768799541875
3.515,0.22384764873847685,82.44396448813953,0,90,3.0,2,0.1019374121265882
3.52,0.19186090753201765,82.19384441375703,0,90,3.0,2,0.09678029719086668
3.525,0.16148868344343878,82.30602436330493,0,90,3.0,2,0.09909328584133872
3.53,0.1334809643017881,82.65514723512985,0,90,3.0,2,0.10629169556968754
3.535,0.10834733138818531,83.15091306925933,0,90,3.0,2,0.11651367153112024
3.54,0.08636519236690572,83.73116053721081,0,90,3.0,2,0.12847753684970747
3.545,0.06760532616242629,84.35352751412901,0,90,3.0,2,0.1413098456521446
3.55,0.05196904332202373,84.988162019471,0,90,3.0,2,0.1543950931849692
3.555,0.03923107185803287,85.61243627372812,0,90,3.0,2,0.16726672729336334
3.56,0.02908287038705761,86.20766235021242,0,90,3.0,2,0.17953942990128693
3.565,0.02117220077308346,86.75737840114627,0,90,3.0,2,0.19087378146693337
3.57,0.0151361834125735,87.24669041211017,0,90,3.0,2,0.200962688909488
3.575,0.010626454858290009,87.66223561673164,0,90,3.0,2,0.20953063127281724
3.58,0.007326255555493652,87.99245861796106,0,90,3.0,2,0.21633935294765078
3.585,0.004960179211183015,88.22800094208027,0,90,3.0,2,0.22119589571299528
3.59,0.0032978759379303545,88.36208251802232,0,90,3.0,2,0.22396046428911998
3.595,0.002153242296767213,88.3908031202982,0,90,3.0,2,0.22455264165563302
3.6,0.001380616732225004,88.313322569792,0,90,3.0,2,0.22295510453179396
3.605,0.0008693106590991584,88.13189872855499,0,90,3.0,2,0.21921440677432963
3.61,0.000537524815942247,87.85177727674194,0,90,3.0,2,0.21343870673694726
3.615,0.0003263951340288585,87.48093946488271,0,90,3.0,3,0.20579256628624143
3.62,0.00019463030985187395,87.02972432038673,0,90,3.0,3,0.1964891612450873
3.625,0.00011397219555062695,86.51035011571695,0,90,3.0,3,0.18578041475705043
3.63,6.55403863487943e-05,85.93636593813538,0,90,3.0,3,0.17394568944609035
3.635,3.701184389455385e-05,85.3220676178811,0,90,3.0,3,0.16127974469857945
3.64,2.0525516217290957e-05,84.6819129313368,0,90,3.0,3,0.148080678996635
3.645,1.1178128483661116e-05,84.02996899291153,0,90,3.0,3,0.1346385359363203
3.65,5.978135409912517e-06,83.37942041297052,0,90,3.0,3,0.1212251631540313
3.655,3.1396702713238487e-06,82.74216065154886,0,90,3.0,3,0.10808578662987335
3.66,1.6192875458531019e-06,82.1284816903293,0,90,3.0,3,0.09543261217173804
3.665,8.201353897972012e-07,81.54686938374624,0,90,3.0,3,0.08344060585043796
3.67,4.0791415086824765e-07,81.00390431750586,0,90,3.0,3,0.07224544984548158
3.675,1.9923866938774793e-07,80.50426129419272,0,90,3.0,3,0.061943531839025075
3.68,9.556527981051257e-08,80.0507951370098,0,90,3.0,3,0.05259371416515051
3.685,4.501406988770349e-08,79.64469664134593,0,90,3.0,3,0.04422054930610166
3.69,0.0,79.28570032014531,0,90,3.0,3,0.036818563301965146
3.695,0.0,78.97232502831886,0,90,3.0,3,0.03035721707873945
3.7,0.0,78.70212942204091,0,90,3.0,3,0.024786173650328078
3.705,0.0,78.47196622074313,0,90,3.0,3,0.020040540633878907
3.71,0.0,78.27822204797289,0,90,3.0,3,0.016045815422121426
3.715,0.0,78.11703287434221,0,90,3.0,3,0.012722327306025044
3.72,0.0,77.98446843779352,0,90,3.0,3,0.009989039954505645
3.725,0.0,77.87668219124409,0,90,3.0,3,0.007766643118434765
3.73,0.0,77.79002611222023,0,90,3.0,3,0.005979919839592419
3.735,0.0,77.72113196608001,0,90,3.0,3,0.0045594219810311054
3.74,0.0,77.66696228011871,0,90,3.0,3,0.003442521239561037
3.745,0.0,77.62483536066372,0,90,3.0,3,0.0025739249621386353
3.75,0.0,77.59242921979414,0,90,3.0,3,0.0019057571091575505
3.755,0.0,77.5677693573691,0,90,3.0,3,0.0013973063375072496
3.76,0.0,77.54920507081805,0,90,3.0,3,0.0010145375426401475
3.765,0.0,77.53537844729509,0,90,3.0,3,0.0007294525215482013
3.77,0.0,77.52518953144987,0,90,3.0,3,0.0005193717824715101
3.775,0.0,77.51776044419957,0,90,3.0,3,0.0003661947257642661
3.78,0.0,77.51240052211861,0,90,3.0,3,0.00025568086842496865
3.785,0.0,77.50857390234358,0,90,3.0,3,0.00017678149162030733
3.79,0.0,77.50587042450613,0,90,3.0,3,0.0001210396805387185
3.795,0.0,77.50398027332128,0,90,3.0,3,8.20674911603147e-05
3.8,0.0,77.50267244451638,0,90,3.0,3,5.510194879129766e-05
3.805,0.0,77.5017768751459,0,90,3.0,3,3.6636600946249204e-05
3.81,0.0,77.50116992370694,0,90,3.0,3,2.4122138287409434e-05
3.815,0.0,77.50076279982322,0,90,3.0,3,1.5727831406616835e-05
3.82,0.0,77.50049251111884,0,90,3.0,3,1.015486842960076e-05
3.825,0.0,77.50031490090498,0,90,3.0,3,6.492802164579301e-06
3.83,0.0,77.50019938119357,0,90,3.0,3,4.110952444694028e-06
3.835,0.0,77.50012501061386,0,90,3.0,3,2.5775384300424175e-06
3.84,0.0,77.50007761791949,0,90,3.0,3,1.6003694739636784e-06
3.845,0.0,77.50004772319603,0,90,3.0,3,9.839834233647257e-07
3.85,0.0,77.50002905691196,0,90,3.0,3,5.991115867144208e-07
3.855,0.0,77.50001751950404,0,90,3.0,3,3.6122688744895996e-07
3.86,0.0,77.50001046035855,0,90,3.0,3,2.1567749593149407e-07
3.865,0.0,77.50000618477277,0,90,3.0,3,1.275210880854483e-07
3.87,0.0,77.5000036212069,0,90,3.0,3,7.466405980539065e-08
3.875,0.0,77.5000020995941,0,90,3.0,3,4.329059997074829e-08
3.88,0.001684486749771458,77.50000120550708,0,90,3.0,3,2.4855815989625268e-08
3.885,0.004172395771277602,77.50000068541972,0,90,3.0,3,1.4132365381040462e-08
3.89,0.009438687428818865,77.50000038591871,0,90,3.0,3,7.957086810756194e-09
3.895,0.019500507867137046,77.50000021517286,0,90,3.0,3,4.436553832213754e-09
3.9,0.03679496976339974,77.50000011880414,0,90,3.0,3,2.4495698573783677e-09
3.905,0.06340728953298436,77.5000000649573,0,90,3.0,3,1.3393258827302806e-09
3.91,0.09979255396093453,77.50000003517037,0,90,3.0,3,7.251623356779353e-10
3.915,0.14343835518453557,77.50000001885725,0,90,3.0,3,3.8880927801524053e-10
3.92,0.18829581417209276,77.50000001001226,0,90,3.0,3,2.064383028782592e-10
3.925,0.2257481735193119,77.50000000526427,0,90,3.0,3,1.0854162929277176e-10
3.93,0.24718154073554727,77.50000000274092,0,90,3.0,3,5.651378563287807e-11
3.935,0.24718154074102772,77.50000000141321,0,90,3.0,3,2.913840531975213e-11
3.94,0.22574817354072055,77.50000000072156,0,90,3.0,3,1.487744635390478e-11
3.945,0.18829581422840957,77.50000000036482,0,90,3.0,3,7.52208375770445e-12
3.95,0.14343835532456656,77.50000000018267,0,90,3.0,3,3.766316010499104e-12
3.955,0.09979255431561854,77.50000000009057,0,90,3.0,3,1.8673356103089148e-12
3.96,0.06340729067170194,77.50000000004447,0,90,3.0,3,9.16819884615816e-13
3.965,0.03679497683410042,77.50000000002161,0,90,3.0,3,4.4566412416128344e-13
3.97,0.019500578284482293,77.5000000000104,0,90,3.0,3,2.1448135363974982e-13
3.975,0.009439396781978427,77.50000000000496,0,90,3.0,3,1.0225955248671133e-13
3.98,0.004178588733610924,77.50000000000234,0,90,3.0,3,4.834620676305836e-14
3.985,0.0017299316936037381,77.5000000000011,0,90,3.0,3,2.25615631560939e-14
3.99,0.0008997325756988589,77.50000000000051,0,90,3.0,3,1.0548263293758189e-14
3.995,0.001634769674224814,77.50000000000023,0,90,3.0,3,4.688117019448084e-15
4.0,0.00614904736476635,77.5000000000001,0,90,3.0,3,2.0510511960085364e-15
4.005,0.02168080359963608,77.50000000000004,0,90,3.0,3,8.790219411465157e-16
4.01,0.06433400338904088,77.50000000000001,0,90,3.0,3,2.9300731371550523e-16
4.015,0.1593410769217493,77.50000000000001,0,90,3.0,3,2.9300731371550523e-16
4.02,0.3291989194808569,77.5,0,90,3.0,3,0.0
4.025,0.5672906802982638,77.5,0,90,3.0,3,0.0
4.03,0.815339152120446,77.5,0,90,3.0,3,0.0
4.035,0.9768711246313155,77.50000284586159,1,90,3.0,3,5.8677558500516847e-08
4.04,0.9726380909165361,77.50000527961552,0,90,3.0,3,1.0885805199295553e-07
4.045,0.7921091683291741,77.50001031954956,0,90,3.0,3,2.1277421772716367e-07
4.05,0.49139090102639077,77.5000219076864,0,90,3.0,3,4.517048742836215e-07
4.055,0.15739335672107918,77.5000513062313,0,90,3.0,3,1.0578604391548184e-06
4.06,-0.11102342218909485,77.50013076005604,0,90,3.0,3,2.6960836296509407e-06
4.065,-0.2314207883647528,77.50035020381222,0,90,3.0,3,7.220697159130761e-06
4.07,-0.2029124434754801,77.50095018691317,0,90,3.0,3,1.9591482745824776e-05
4.075,-0.11151350554305876,77.50254252172627,0,90,3.0,3,5.242312837668747e-05
4.08,-0.039430666652076896,77.50659976740856,0,90,3.0,3,0.00013607767852699768
4.085,-0.006087703519843621,77.51646537881305,0,90,3.0,3,0.00033949234666087036
4.09,0.005350271385530551,77.53928253215116,0,90,3.0,3,0.00080994911651881
4.095,0.010381647827441833,77.58937615985101,0,90,3.0,3,0.0018428074196085336
4.1,0.015115203303506243,77.69363594416527,0,90,3.0,3,0.003992493694129186
4.105,0.021170964062928475,77.89914273187748,0,90,3.0,3,0.008229747049020112
4.11,0.029082821134029553,78.28242166935907,0,90,3.0,3,0.016132405553795196
4.115,0.03923107061708144,78.95815265228912,0,90,3.0,3,0.03006500313998176
4.12,0.051969043308817596,80.08310908029944,0,90,3.0,3,0.05325998103710179
4.125,0.06760532616283861,81.84927459141106,0,90,3.0,3,0.08967576477136206
4.13,0.08636519236693461,84.45983730743244,0,90,3.0,3,0.14350180015324612
4.135,0.10834733138818661,88.08459313200352,0,90,3.0,3,0.2182390336495571
4.14,0.1334809643017884,92.79797719482352,0,90,3.0,3,0.31542221020254674
4.145,0.16148868344343945,98.51242125918112,0,90,3.0,3,0.4332457991583737
4.15,0.191860907532018,104.92855626497301,0,90,3.0,3,0.5655372425767631
4.155,0.22384764873847726,111.52691835651606,0,90,3.0,3,0.7015859454951766
4.16,0.25647215537198226,117.61903404505797,0,90,3.0,3,0.827196578248618
4.165,0.2885689161419028,122.45858606973496,0,90,3.0,3,0.9269811560770096
4.17,0.31884566517832524,125.39083977274626,0,90,3.0,3,0.9874399953143559
4.175,0.3459657668955683,126.0,0,90,3.0,3,1.0
4.18,0.3686441789190902,124.20909158519541,0,90,3.0,3,0.9630740533029981
4.185,0.3857476379544367,120.29953639901376,0,90,3.0,3,0.8824646680209023
4.19,0.3963882865005728,114.84382327361675,0,90,3.0,3,0.7699757376003453
4.195,0.4,108.57369951396845,0,90,3.0,3,0.6406948353395556
4.2,0.39638828650057273,102.2258821880279,0,90,3.0,3,0.5098120038768639
4.205,0.38574763795443656,96.40992335364712,0,90,3.0,3,0.389895326879322
4.21,0.36864417891908974,91.52930221937348,0,90,3.0,3,0.2892639632860511
4.215,0.345965766895568,87.76478426184879,0,90,3.0,3,0.21164503632677914
4.22,0.3188456651783249,85.10862158827653,0,90,3.0,3,0.15687879563456772
4.225,0.28856891614190205,83.42656336784474,0,90,3.0,3,0.1221971828421595
4.23,0.2564721553719815,82.52378753042284,0,90,3.0,3,0.1035832480499554
4.235,0.22384764873847685,82.19783132916163,0,90,3.0,3,0.09686250163219856
4.24,0.19186090753201765,82.27134594925722,0,90,3.0,3,0.09837826699499432
4.245,0.16148868344343878,82.60568848479885,0,90,3.0,3,0.10527192752162572
4.25,0.1334809643017881,83.10088201483204,0,90,3.0,3,0.11548210339859873
4.255,0.10834733138818531,83.68840901871987,0,90,3.0,3,0.12759606224164674
4.26,0.08636519236690572,84.32197791292448,0,90,3.0,3,0.14065933841081404
4.265,0.06760532616242629,84.96931088968523,0,90,3.0,3,0.15400641009660274
4.27,0.05196904332202373,85.60616534397113,0,90,3.0,3,0.16713742977260057
4.275,0.03923107185803287,86.21263167382902,0,90,3.0,3,0.1796418901820417
4.28,0.02908287038705761,86.77121984433278,0,90,3.0,3,0.19115917204809849
4.285,0.02117220077308346,87.26614028210291,0,90,3.0,3,0.20136371715676102
4.29,0.0151361834125735,87.68327944307798,0,90,3.0,3,0.20996452459954595
4.295,0.010626454858290009,88.01051741167255,0,90,3.0,3,0.21671169920974334
4.3,0.007326255555493652,88.23816273562356,0,90,3.0,3,0.22140541722935178
4.305,0.004960179211183015,88.35936913531009,0,90,3.0,3,0.22390451825381627
4.31,0.0032978759379303545,88.3704549759066,0,90,3.0,3,0.22413309228673395
4.315,0.002153242296767213,88.27108106749418,0,90,3.0,3,0.22208414572152949
4.32,0.001380616732225004,88.06426526041847,0,90,3.0,3,0.2178199022766694
4.325,0.0008693106590991584,87.75622938752784,0,90,3.0,3,0.21146864716552244
4.33,0.000537524815942247,87.35608811985259,0,90,3.0,3,0.20321831174953786
4.335,0.0003263951340288585,86.87540102954962,0,90,3.0,3,0.1933072377226726
4.34,0.00019463030985187395,86.32761843902698,0,90,3.0,3,0.18201275132014386
4.345,0.00011397219555062695,85.72745804544682,0,90,3.0,3,0.16963831021539844
4.35,6.55403863487943e-05,85.09025249472462,0,90,3.0,3,0.1565000514376211
4.355,3.701184389455385e-05,84.43130793834682,0,90,3.0,3,0.14291356573910968
4.36,2.0525516217290957e-05,83.7653103417945,0,90,3.0,3,0.12918165653184543
4.365,1.1178128483661116e-05,83.10581041043784,0,90,3.0,3,0.11558371980284206
4.37,5.978135409912517e-06,82.46481016288601,0,90,3.0,3,0.1023672198533198
4.375,3.1396702713238487e-06,81.85246524967621,0,90,3.0,3,0.08974155153971576
4.38,1.6192875458531019e-06,81.276907956434,0,90,3.0,3,0.07787439085430932
4.385,8.201353897972012e-07,80.74418725350604,0,90,3.0,3,0.06689045883517611
4.39,4.0791415086824765e-07,80.25831492720756,0,90,3.0,3,0.056872472725929164
4.395,1.9923866938774793e-07,79.82140122596148,0,90,3.0,3,0.04786394280332949
4.4,9.556527981051257e-08,79.43385983225944,0,90,3.0,3,0.039873398603287494
4.405,4.501406988770349e-08,79.09466036456183,0,90,3.0,3,0.03287959514560479
4.41,0.0,78.80160686539986,0,90,3.0,3,0.026837254956698177
4.415,0.0,78.55162253760456,0,90,3.0,3,0.021682938919681614
4.42,0.0,78.34102394918298,0,90,3.0,3,0.017340699983154285
4.425,0.0,78.16577159895577,0,90,3.0,3,0.0137272494630056
4.43,0.0,78.02168769123986,0,90,3.0,3,0.010756447242059007
4.435,0.0,77.90463583247852,0,90,3.0,3,0.008343006855227193
4.44,0.0,77.81066083961933,0,90,3.0,3,0.006405378136481049
4.445,0.0,77.73608973677702,0,90,3.0,3,0.004867829624268409
4.45,0.0,77.67759720552577,0,90,3.0,3,0.003661798052077754
4.455,0.0,77.63224022257143,0,90,3.0,3,0.0027266025272458896
4.46,0.0,77.59746741293033,0,90,3.0,3,0.0020096373800067655
4.465,0.0,77.57110886220912,0,90,3.0,3,0.001466162107404441
4.47,0.0,77.55135189140306,0,90,3.0,3,0.0010588018845991423
4.475,0.0,77.53670773455,0,90,3.0,3,0.0007568605061856994
4.48,0.0,77.52597330075044,0,90,3.0,3,0.0005355319742358057
4.485,0.0,77.51819135838316,0,90,3.0,3,0.00037507955429202044
4.49,0.0,77.51261163923783,0,90,3.0,3,0.00026003379871818866
4.495,0.0,77.50865458747553,0,90,3.0,3,0.00017844510258831027
4.5,0.0,77.50587881276304,0,90,3.0,3,0.00012121263428955844
4.505,0.0,77.5039527678497,0,90,3.0,3,8.150036803498289e-05
4.51,0.0,77.5026307611049,0,90,3.0,3,5.424249700817218e-05
4.515,0.0,77.50173312521085,0,90,3.0,3,3.5734540429848964e-05
4.52,0.0,77.50113017810872,0,90,3.0,3,2.3302641416991072e-05
4.525,0.0,77.50072951170684,0,90,3.0,3,1.5041478491477542e-05
4.53,0.0,77.50046610747096,0,90,3.0,3,9.610463318680203e-06
4.535,0.0,77.50029478697198,0,90,3.0,3,6.078081896445378e-06
4.54,0.0,77.50018454357595,0,90,3.0,3,3.805022184636626e-06
4.545,0.0,77.5001143557486,0,90,3.0,3,2.357850486457688e-06
4.55,0.0,77.50007014318696,0,90,3.0,3,1.446251277527444e-06
4.555,0.0,77.50004258742786,0,90,3.0,3,8.780912960048095e-07
4.56,0.0,77.50002559444704,0,90,3.0,3,5.277205574886991e-07
4.565,0.0,77.50001522574371,0,90,3.0,3,3.139328599872053e-07
4.57,0.0,77.5000089656071,0,90,3.0,3,1.8485787822822944e-07
4.575,0.0,77.50000522575824,0,90,3.0,3,1.0774759265793186e-07
4.58,0.0,77.50000301500023,0,90,3.0,3,6.21649532309e-08
4.585,0.001684486749771458,77.50000172184403,0,90,3.0,3,3.5501938745040105e-08
4.59,0.004172395771277602,77.50000097334923,0,90,3.0,3,2.0069056299970978e-08
4.595,0.009438687428818865,77.50000054464309,0,90,3.0,3,1.1229754354363397e-08
4.6,0.019500507867137046,77.50000030166417,0,90,3.0,3,6.219879850570728e-09
4.605,0.03679496976339974,77.50000016538796,0,90,3.0,3,3.410061017066911e-09
4.61,0.06340728953298436,77.50000008975371,0,90,3.0,3,1.850592000373956e-09
4.615,0.09979255396093453,77.5000000482136,0,90,3.0,3,9.940947034620061e-10
4.62,0.14343835518453557,77.50000002563627,0,90,3.0,3,5.285828498842617e-10
4.625,0.18829581417209276,77.50000001349301,0,90,3.0,3,2.782063422704802e-10
4.63,0.2257481735193119,77.50000000702961,0,90,3.0,3,1.449404628390804e-10
4.635,0.24718154073554727,77.50000000362512,0,90,3.0,3,7.474470069225681e-11
4.64,0.24718154074102772,77.50000000185047,0,90,3.0,3,3.8153947355464515e-11
4.645,0.22574817354072055,77.50000000093499,0,90,3.0,3,1.927812319859795e-11
4.65,0.18829581422840957,77.50000000046764,0,90,3.0,3,9.641991672436131e-12
4.655,0.14343835532456656,77.50000000023151,0,90,3.0,3,4.773382147739296e-12
4.66,0.09979255431561854,77.50000000011345,0,90,3.0,3,2.3390773853908783e-12
4.665,0.06340729067170194,77.50000000005502,0,90,3.0,3,1.1345243187064363e-12
4.67,0.03679497683410042,77.50000000002642,0,90,3.0,3,5.447005961971242e-13
4.675,0.019500578284482293,77.50000000001256,0,90,3.0,3,2.590184653245066e-13
4.68,0.009439396781978427,77.50000000000591,0,90,3.0,3,1.2189104250565017e-13
4.685,0.004178588733610924,77.50000000000276,0,90,3.0,3,5.684341886080802e-14
4.69,0.0017299316936037381,77.50000000000126,0,90,3.0,3,2.6077650920679964e-14
4.695,0.0008997325756988589,77.50000000000058,0,90,3.0,3,1.2013299862335714e-14
4.7,0.001634769674224814,77.50000000000026,0,90,3.0,3,5.274131646879094e-15
4.705,0.00614904736476635,77.50000000000011,0,90,3.0,3,2.344058509724042e-15
4.71,0.02168080359963608,77.50000000000006,0,90,3.0,3,1.172029254862021e-15
4.715,0.06433400338904088,77.50000000000003,0,90,3.0,3,5.860146274310105e-16
4.72,0.1593410769217493,77.50000000000001,0,90,3.0,3,2.9300731371550523e-16
4.725,0.3291989194808569,77.5,0,90,3.0,3,0.0
4.73,0.5672906802982638,77.5,0,90,3.0,3,0.0
4.735,0.815339152120446,77.5,0,90,3.0,3,0.0
4.74,0.9768711246313155,77.5000028559769,1,90,3.0,3,5.888612169243417e-08
4.745,0.9726380909165361,77.50000532279577,0,90,3.0,3,1.0974836643597264e-07
4.75,0.7921091683291741,77.50001046219916,0,90,3.0,3,2.1571544653177382e-07
4.755,0.49139090102639077,77.50002236973569,0,90,3.0,3,4.612316636845095e-07
4.76,0.15739335672107918,77.50005283830866,0,90,3.0,3,1.0894496631291197e-06
4.765,-0.11102342218909485,77.50013587363745,0,90,3.0,3,2.8015182978772817e-06
4.77,-0.2314207883647528,77.5003669090899,0,90,3.0,3,7.5651358743344485e-06
4.775,-0.2029124434754801,77.50100252957115,0,90,3.0,3,2.0670712807275814e-05
4.78,-0.11151350554305876,77.50269808759987,0,90,3.0,3,5.563067216221545e-05
4.785,-0.039430666652076896,77.50703606177477,0,90,3.0,3,0.00014507343865504256
4.79,-0.006087703519843621,77.51761760128413,0,90,3.0,3,0.0003632495110129813
4.795,0.005350271385530551,77.54214594810216,0,90,3.0,3,0.0008689886206630927
4.8,0.010381647827441833,77.59607148804095,0,90,3.0,3,0.001980855423524708
4.805,0.015115203303506243,77.70836641529843,0,90,3.0,3,0.004296214748421203
4.81,0.021170964062928475,77.9296371645962,0,90,3.0,3,0.00885849823909693
4.815,0.029082821134029553,78.34181317749781,0,90,3.0,3,0.017356972731913653
4.82,0.03923107061708144,79.06694003244453,0,90,3.0,4,0.032308041906072886
4.825,0.051969043308817596,80.27039973466908,0,90,3.0,4,0.05712164401379555
4.83,0.06760532616283861,82.15204812412557,0,90,3.0,4,0.09591851802320765
4.835,0.08636519236693461,84.91878188632971,0,90,3.0,4,0.15296457497587032
4.84,0.10834733138818661,88.73551809123555,0,90,3.0,4,0.23166016682959892
4.845,0.1334809643017884,93.65914328335853,0,90,3.0,4,0.33317821202801096
4.85,0.16148868344343945,99.57021109016665,0,90,3.0,4,0.4550558987663227
4.855,0.191860907532018,106.12601860410251,0,90,3.0,4,0.5902271877134538
4.86,0.22384764873847726,112.76070620171899,0,90,3.0,4,0.7270248701385359
4.865,0.25647215537198226,118.74904589712469,0,90,3.0,4,0.8504957916932926
4.87,0.2885689161419028,123.33095343606797,0,90,3.0,4,0.9449681120838758
4.875,0.31884566517832524,125.86982346258154,0,90,3.0,4,0.9973159476820935
4.88,0.3459657668955683,126.0,0,90,3.0,4,1.0
4.885,0.3686441789190902,123.71659365765862,0,90,3.0,4,0.9529194568589406
4.89,0.3857476379544367,119.37750327034487,0,90,3.0,4,0.8634536756772139
4.895,0.3963882865005728,113.61693373312906,0,90,3.0,4,0.7446790460438981
4.9,0.4,107.1994396772741,0,90,3.0,4,0.6123595809747238
4.905,0.39638828650057273,100.86092501705839,0,90,3.0,4,0.48166855705275036
4.91,0.38574763795443656,95.1817546936844,0,90,3.0,4,0.3645722617254515
4.915,0.36864417891908974,90.51987078315264,0,90,3.0,4,0.26845094398252867
4.92,0.345965766895568,87.00790995248987,0,90,3.0,4,0.1960393804637086
4.925,0.3188456651783249,84.59832904861847,0,90,3.0,4,0.14635729997151478
4.93,0.28856891614190205,83.1310525189016,0,90,3.0,4,0.11610417564745562
4.935,0.2564721553719815,82.3997557140502,0,90,3.0,4,0.10102589101134435
4.94,0.22384764873847685,82.20156942287257,0,90,3.0,4,0.09693957572933126
4.945,0.19186090753201765,82.36525669130226,0,90,3.0,4,0.10031457095468585
4.95,0.16148868344343878,82.7606535757584,0,90,3.0,4,0.1084670840362556
4.955,0.1334809643017881,83.29581260087586,0,90,3.0,4,0.11950129073970851
4.96,0.10834733138818531,83.90842695672737,0,90,3.0,4,0.1321325145716983
4.965,0.08636519236690572,84.5563214845295,0,90,3.0,4,0.14549116462947434
4.97,0.06760532616242629,85.20957635581584,0,90,3.0,4,0.15896033723331632
4.975,0.05196904332202373,85.84509877246532,0,90,3.0,4,0.1720638922157798
4.98,0.03923107185803287,86.44344703944434,0,90,3.0,4,0.18440096988545024
4.985,0.02908287038705761,86.9873203919718,0,90,3.0,4,0.19561485344271767
4.99,0.02117220077308346,87.46110737664404,0,90,3.0,4,0.2053836572503925
4.995,0.0151361834125735,87.85101771835403,0,90,3.0,4,0.21342304573925833
5.0,0.010626454858290009,88.14547665780357,0,90,3.0,4,0.21949436407842413
5.005,0.007326255555493652,88.33558265324804,0,90,3.0,4,0.22341407532470184
5.01,0.004960179211183015,88.4155104714467,0,90,3.0,4,0.2250620715762205
5.015,0.0032978759379303545,88.38279169046189,0,90,3.0,4,0.22438745753529662
5.02,0.002153242296767213,88.23843584842453,0,90,3.0,4,0.22141104842112433
5.025,0.001380616732225004,87.98687694430782,0,90,3.0,4,0.21622426689294483
5.03,0.0008693106590991584,87.63574669193319,0,90,3.0,4,0.20898446787491118
5.035,0.000537524815942247,87.19548983856592,0,90,3.0,4,0.1999070069807406
5.04,0.0003263951340288585,86.67884832356206,0,90,3.0,4,0.18925460460952712
5.045,0.00019463030985187395,86.10024972200065,0,90,3.0,4,0.17732473653609598
5.05,0.00011397219555062695,85.47514083173311,0,90,3.0,4,0.16443589343779616
5.055,6.55403863487943e-05,84.8193091416906,0,90,3.0,4,0.15091359055032155
5.06,3.701184389455385e-05,84.14823329326723,0,90,3.0,4,0.13707697511891184
5.065,2.0525516217290957e-05,83.4764988703321,0,90,3.0,4,0.12322678083158957
5.07,1.1178128483661116e-05,82.81730856425602,0,90,3.0,4,0.10963522812899018
5.075,5.978135409912517e-06,82.18210679415621,0,90,3.0,4,0.096538284415592
5.08,3.1396702713238487e-06,81.58032915007796,0,90,3.0,4,0.0841304979397517
5.085,1.6192875458531019e-06,81.01927748638333,0,90,3.0,4,0.07256242239965631
5.09,8.201353897972012e-07,80.50411293388099,0,90,3.0,4,0.06194047286352556
5.095,4.0791415086824765e-07,80.0379521490593,0,90,3.0,4,0.05232891028988234
5.1,1.9923866938774793e-07,79.62204717610366,0,90,3.0,4,0.043753550022755945
5.105,9.556527981051257e-08,79.25602651946383,0,90,3.0,4,0.03620673236007898
5.11,4.501406988770349e-08,78.93817434270727,0,90,3.0,4,0.029653079231077746
5.115,0.0,78.66572586716714,0,90,3.0,4,0.024035584890044124
5.12,0.0,78.4351596525627,0,90,3.0,4,0.019281642320880477
5.125,0.0,78.24247104050093,0,90,3.0,4,0.01530868124744187
5.13,0.0,78.08341515681951,0,90,3.0,4,0.01202917849112397
5.135,0.0,77.9537120638225,0,90,3.0,4,0.009354887913865843
5.14,0.0,77.84921056697603,0,90,3.0,4,0.007200217875794358
5.145,0.0,77.7660105476462,0,90,3.0,4,0.005484753559715538
5.15,0.0,77.70054635288413,0,90,3.0,4,0.004134976348126429
5.155,0.0,77.64963566223828,0,90,3.0,4,0.003085271386356329
5.16,0.0,77.61049939044275,0,90,3.0,4,0.002278337947273288
5.165,0.0,77.58075865645289,0,90,3.0,4,0.0016651269371729105
5.17,0.0,77.55841477639846,0,90,3.0,4,0.0012044283793497855
5.175,0.0,77.5418177616279,0,90,3.0,4,0.0008622218892349844
5.18,0.0,77.52962806422242,0,90,3.0,4,0.00061088792211179
5.185,0.0,77.52077543867118,0,90,3.0,4,0.0004283595602305116
5.19,0.0,77.51441788504393,0,90,3.0,4,0.000297275980287135
5.195,0.0,77.50990278488175,0,90,3.0,4,0.00020418113158238505
5.2,0.0,77.50673158853434,0,90,3.0,4,0.00013879563988322056
5.205,0.0,77.50452879027938,0,90,3.0,4,9.337711916247929e-05
5.21,0.0,77.50301544414165,0,90,3.0,4,6.217410601345935e-05
5.215,0.0,77.50198712321371,0,90,3.0,4,4.097161265379787e-05
5.22,0.0,77.50129599324023,0,90,3.0,4,2.6721510107915127e-05
5.225,0.0,77.5008365369072,0,90,3.0,4,1.724818365362845e-05
5.23,0.0,77.50053440671559,0,90,3.0,4,1.1018695166751864e-05
5.235,0.0,77.50033788050787,0,90,3.0,4,6.966608409713219e-06
5.24,0.0,77.50021142619804,0,90,3.0,4,4.359303052273596e-06
5.245,0.0,77.5001309359467,0,90,3.0,4,2.6997102412392965e-06
5.25,0.0,77.50008025339538,0,90,3.0,4,1.6547091831267307e-06
5.255,0.0,77.5000486824436,0,90,3.0,4,1.0037617238191797e-06
5.26,0.0,77.50002922710189,0,90,3.0,4,6.026206575398581e-07
5.265,0.0,77.50001736615083,0,90,3.0,4,3.580649655356593e-07
5.27,0.0,77.5000102123529,0,90,3.0,4,2.1056397741565739e-07
5.275,0.0,77.5000059436399,0,90,3.0,4,1.2254927640373652e-07
5.28,0.0,77.50000342360457,0,90,3.0,4,7.058978490397177e-08
5.285,0.001684486749771458,77.50000195172728,0,90,3.0,4,4.024179968406109e-08
5.29,0.004172395771277602,77.500001101182,0,90,3.0,4,2.270478337299416e-08
5.295,0.009438687428818865,77.5000006148986,0,90,3.0,4,1.2678321567851602e-08
5.3,0.019500507867137046,77.50000033982265,0,90,3.0,4,7.006652541096309e-09
5.305,0.03679496976339974,77.50000018586842,0,90,3.0,4,3.832338469476678e-09
5.31,0.06340728953298436,77.50000010061513,0,90,3.0,4,2.0745386622759717e-09
5.315,0.09979255396093453,77.50000005390454,0,90,3.0,4,1.1114338773490858e-09
5.32,0.14343835518453557,77.50000002858195,0,90,3.0,4,5.893185779004665e-10
5.325,0.18829581417209276,77.50000001499902,0,90,3.0,4,3.092580853487946e-10
5.33,0.2257481735193119,77.50000000779002,0,90,3.0,4,1.6061899118868336e-10
5.335,0.24718154073554727,77.50000000400422,0,90,3.0,4,8.256125680024534e-11
5.34,0.24718154074102772,77.50000000203705,0,90,3.0,4,4.20011333845491e-11
5.345,0.22574817354072055,77.50000000102563,0,90,3.0,4,2.1146923845475444e-11
5.35,0.18829581422840957,77.50000000051108,0,90,3.0,4,1.053771503046443e-11
5.355,0.14343835532456656,77.50000000025204,0,90,3.0,4,5.196777716058201e-12
5.36,0.09979255431561854,77.50000000012302,0,90,3.0,4,2.5365643148351288e-12
5.365,0.06340729067170194,77.50000000005943,0,90,3.0,4,1.225356585958243e-12
5.37,0.03679497683410042,77.50000000002841,0,90,3.0,4,5.85721620117295e-13
5.375,0.019500578284482293,77.50000000001344,0,90,3.0,4,2.7718491877486797e-13
5.38,0.009439396781978427,77.5000000000063,0,90,3.0,4,1.298022399759688e-13
5.385,0.004178588733610924,77.50000000000291,0,90,3.0,4,6.006649931167857e-14
5.39,0.0017299316936037381,77.50000000000134,0,90,3.0,4,2.7542687489257492e-14
5.395,0.0008997325756988589,77.50000000000061,0,90,3.0,4,1.2599314489766724e-14
5.4,0.001634769674224814,77.50000000000027,0,90,3.0,4,5.567138960594599e-15
5.405,0.00614904736476635,77.50000000000011,0,90,3.0,4,2.344058509724042e-15
5.41,0.02168080359963608,77.50000000000006,0,90,3.0,4,1.172029254862021e-15
5.415,0.06433400338904088,77.50000000000003,0,90,3.0,4,5.860146274310105e-16
5.42,0.1593410769217493,77.50000000000001,0,90,3.0,4,2.9300731371550523e-16
5.425,0.3291989194808569,77.5,0,90,3.0,4,0.0
5.43,0.5672906802982638,77.5,0,90,3.0,4,0.0
5.435,0.815339152120446,77.5,0,90,3.0,4,0.0
5.44,0.9768711246313155,77.5000028548974,1,90,3.0,4,5.88638639778624e-08
5.445,0.9726380909165361,77.50000578823352,0,90,3.0,4,1.1934502108675757e-07
5.45,0.7921091683291741,77.50001262810264,0,90,3.0,4,2.6037325027310855e-07
5.455,0.49139090102639077,77.50003090820933,0,90,3.0,4,6.372826665005257e-07
5.46,0.15739335672107918,77.50008560358823,0,90,3.0,4,1.7650224377768008e-06
5.465,-0.11102342218909485,77.50025836716078,0,90,3.0,4,5.327157954274505e-06
5.47,-0.2314207883647528,77.5008041613645,0,90,3.0,4,1.6580646690703568e-05
5.475,-0.2029124434754801,77.50247126404172,0,90,3.0,4,5.0953897767348064e-05
5.48,-0.11151350554305876,77.50730689455214,0,90,3.0,4,0.0001506576196318386
5.485,-0.039430666652076896,77.5205069404445,0,90,3.0,4,0.00042282351431970137
5.49,-0.006087703519843621,77.55425950392804,0,90,3.0,4,0.001118752658310044
5.495,0.005350271385530551,77.63489185005264,0,90,3.0,4,0.002781275258817309
5.5,0.010381647827441833,77.81454523632031,0,90,3.0,4,0.0064854687901095545
5.505,0.015115203303506243,78.18735131558363,0,90,3.0,4,0.014172192073889204
5.51,0.021170964062928475,78.90690312906386,0,90,3.0,4,0.0290083119394611
5.515,0.029082821134029553,80.19665089621222,0,90,3.0,4,0.05560104940643751
5.52,0.03923107061708144,82.3394503302051,0,90,3.0,4,0.09978248103515663
5.525,0.051969043308817596,85.63096269117817,0,90,3.0,4,0.1676487152820241
5.53,0.06760532616283861,90.289192542138,0,90,3.0,4,0.26369469159047415
5.535,0.08636519236693461,96.33177188866492,0,90,3.0,4,0.3882839564673179
5.54,0.10834733138818661,103.45891681158211,0,90,3.0,4,0.5352353981769508
5.545,0.1334809643017884,110.9995176060252,0,90,3.0,4,0.6907117032170143
5.55,0.16148868344343945,117.97323238137338,0,90,3.0,4,0.834499636729348
5.555,0.191860907532018,123.28391354021267,0,90,3.0,4,0.9439982173239725
5.56,0.22384764873847726,126.0,0,90,3.0,4,1.0
5.565,0.25647215537198226,125.62557935056012,0,90,3.0,4,0.9922799866094869
5.57,0.2885689161419028,122.25455536305012,0,90,3.0,4,0.9227743373824766
5.575,0.31884566517832524,116.54276293749618,0,90,3.0,4,0.8050054213916737
5.58,0.3459657668955683,109.50994041521005,0,90,3.0,4,0.65999877144763
5.585,0.3686441789190902,102.2541023356066,0,90,3.0,4,0.5103938625898269
5.59,0.3857476379544367,95.68811801633842,0,90,3.0,4,0.3750127426049159
5.595,0.3963882865005728,90.38254464538694,0,90,3.0,4,0.26561947722447304
5.6,0.4,86.54087148351628,0,90,3.0,4,0.1864097213096141
5.605,0.39638828650057273,84.07769605408464,0,90,3.0,4,0.13562259905329155
5.61,0.38574763795443656,82.74233353126162,0,90,3.0,4,0.10808935116003343
5.615,0.36864417891908974,82.23438029234443,0,90,3.0,4,0.09761608850194692
5.62,0.345965766895568,82.28110027391507,0,90,3.0,4,0.09857938709103242
5.625,0.3188456651783249,82.67183539468127,0,90,3.0,4,0.10663578133363437
5.63,0.28856891614190205,83.26062007974744,0,90,3.0,4,0.1187756717473699
5.635,0.2564721553719815,83.95261614042626,0,90,3.0,4,0.13304363176136613
5.64,0.22384764873847685,84.68676847196683,0,90,3.0,4,0.14818079323642946
5.645,0.19186090753201765,85.4214071227837,0,90,3.0,4,0.16332798191306608
5.65,0.16148868344343878,86.12483294458869,0,90,3.0,4,0.17783160710492144
5.655,0.1334809643017881,86.77033771939087,0,90,3.0,4,0.1911409839049663
5.66,0.10834733138818531,87.33426160838053,0,90,3.0,4,0.20276828058516555
5.665,0.08636519236690572,87.79577796985475,0,90,3.0,4,0.21228408185267533
5.67,0.06760532616242629,88.13748090634361,0,90,3.0,4,0.21932950322357964
5.675,0.05196904332202373,88.3462121999223,0,90,3.0,4,0.22363324123551145
5.68,0.03923107185803287,88.41381036420395,0,90,3.0,4,0.22502701781863824
5.685,0.02908287038705761,88.33761061002141,0,90,3.0,4,0.22345588886642093
5.69,0.02117220077308346,88.12061034529336,0,90,3.0,4,0.21898165660398675
5.695,0.0151361834125735,87.77127109249729,0,90,3.0,4,0.21177878541231518
5.7,0.010626454858290009,87.30297037121758,0,90,3.0,4,0.20212310043747594
5.705,0.007326255555493652,86.73315167105918,0,90,3.0,4,0.19037426125895207
5.71,0.004960179211183015,86.082247419666,0,90,3.0,4,0.17695355504465987
5.715,0.0032978759379303545,85.37246744218815,0,90,3.0,4,0.16231891633377635
5.72,0.002153242296767213,84.62655263484623,0,90,3.0,4,0.14693922958445843
5.725,0.001380616732225004,83.86659028643527,0,90,3.0,4,0.13126990281309833
5.73,0.0008693106590991584,83.11297475506075,0,90,3.0,4,0.11573143824867521
5.735,0.000537524815942247,82.38357719417918,0,90,3.0,4,0.10069231328204499
5.74,0.0003263951340288585,81.69316359266416,0,90,3.0,4,0.0864569812920446
5.745,0.00019463030985187395,81.0530746913213,0,90,3.0,4,0.07325927198600617
5.75,0.00011397219555062695,80.47115732979627,0,90,3.0,4,0.06126097587208804
5.755,6.55403863487943e-05,79.95191687655013,0,90,3.0,4,0.05055498714536349
5.76,3.701184389455385e-05,79.4968462077652,0,90,3.0,4,0.0411720867580454
5.765,2.0525516217290957e-05,79.10487892570814,0,90,3.0,4,0.03309028712800279
5.77,1.1178128483661116e-05,78.7729129708691,0,90,3.0,4,0.02624562826534228
5.775,5.978135409912517e-06,78.49635460193645,0,90,3.0,4,0.020543393854359708
5.78,3.1396702713238487e-06,78.26964053277798,0,90,3.0,4,0.01586887696449452
5.785,1.6192875458531019e-06,78.08670624839122,0,90,3.0,4,0.012097036049303579
5.79,8.201353897972012e-07,77.94137962031026,0,90,3.0,4,0.009100610728046552
5.795,4.0791415086824765e-07,77.82768957220783,0,90,3.0,4,0.006756486024903727
5.8,1.9923866938774793e-07,77.74008871515312,0,90,3.0,4,0.004950282786662284
5.805,9.556527981051257e-08,77.67359597640825,0,90,3.0,4,0.0035792984826443475
5.81,4.501406988770349e-08,77.62387005880147,0,90,3.0,4,0.002554021830958191
5.815,0.0,77.58722717633347,0,90,3.0,4,0.0017984984811024924
5.82,0.0,77.56061722705192,0,90,3.0,4,0.0012498397330292983
5.825,0.0,77.54157182578224,0,90,3.0,4,0.0008571510470565349
5.83,0.0,77.5281359065581,0,90,3.0,4,0.0005801217847032107
5.835,0.0,77.5187923680159,0,90,3.0,4,0.0003874715054823622
5.84,0.0,77.51238685021202,0,90,3.0,4,0.00025539897344380554
5.845,0.0,77.50805747644297,0,90,3.0,4,0.00016613353490662431
5.85,0.0,77.50517244622698,0,90,3.0,4,0.00010664837581399748
5.855,0.0,77.50327681336077,0,90,3.0,4,6.756316207773912e-05
5.86,0.0,77.50204864264317,0,90,3.0,4,4.2240054498443365e-05
5.865,0.0,77.50126397793481,0,90,3.0,4,2.606140071777387e-05
5.87,0.0,77.50076961151682,0,90,3.0,4,1.5868278697234457e-05
5.875,0.0,77.50046244746694,0,90,3.0,4,9.534999318435607e-06
5.88,0.0,77.5002742281496,0,90,3.0,4,5.654188651688039e-06
5.885,0.0,77.50016047982528,0,90,3.0,4,3.308862376964489e-06
5.89,0.0,77.50009268034331,0,90,3.0,4,1.910934913702167e-06
5.895,0.0,77.50005282184985,0,90,3.0,4,1.089110306160477e-06
5.9,0.0,77.50002970970641,0,90,3.0,4,6.125712661976406e-07
5.905,0.001684486749771458,77.50001649080649,0,90,3.0,4,3.400166286075884e-07
5.91,0.004172395771277602,77.50000903325379,0,90,3.0,4,1.8625265545207306e-07
5.915,0.009438687428818865,77.50000488320897,0,90,3.0,4,1.0068472109656027e-07
5.92,0.019500507867137046,77.50000260510474,0,90,3.0,4,5.371349979232599e-08
5.925,0.03679496976339974,77.50000137152539,0,90,3.0,4,2.827887393210666e-08
5.93,0.06340728953298436,77.50000071259257,0,90,3.0,4,1.4692630232734841e-08
5.935,0.09979255396093453,77.5000003653739,0,90,3.0,4,7.53348232822261e-09
5.94,0.14343835518453557,77.5000001848811,0,90,3.0,4,3.811981493348979e-09
5.945,0.18829581417209276,77.50000009232224,0,90,3.0,4,1.903551314284151e-09
5.95,0.2257481735193119,77.50000004549659,0,90,3.0,4,9.380740491381112e-10
5.955,0.24718154073554727,77.50000002212637,0,90,3.0,4,4.5621385249161023e-10
5.96,0.24718154074102772,77.5000000106194,0,90,3.0,4,2.1895674734944046e-10
5.965,0.22574817354072055,77.50000000502978,0,90,3.0,4,1.0370671560915221e-10
5.97,0.18829581422840957,77.50000000235103,0,90,3.0,4,4.847483697377947e-11
5.975,0.14343835532456656,77.50000000108449,0,90,3.0,4,2.2360560138885067e-11
5.98,0.09979255431561854,77.50000000049369,0,90,3.0,4,1.0179074078476652e-11
5.985,0.06340729067170194,77.50000000022179,0,90,3.0,4,4.57296514515789e-12
5.99,0.03679497683410042,77.50000000009832,0,90,3.0,4,2.0273176035975807e-12
5.995,0.019500578284482293,77.50000000004302,0,90,3.0,4,8.869331386168343e-13
6.0,0.009439396781978427,77.50000000001857,0,90,3.0,4,3.8296055902616534e-13
6.005,0.004178588733610924,77.50000000000792,0,90,3.0,4,1.6320507373953641e-13
6.01,0.0017299316936037381,77.50000000000333,0,90,3.0,4,6.856371140942822e-14
6.015,0.0008997325756988589,77.50000000000138,0,90,3.0,4,2.842170943040401e-14
6.02,0.001634769674224814,77.50000000000057,0,90,3.0,4,1.1720292548620209e-14
6.025,0.00614904736476635,77.50000000000023,0,90,3.0,5,4.688117019448084e-15
6.03,0.02168080359963608,77.50000000000009,0,90,3.0,5,1.7580438822930315e-15
6.035,0.06433400338904088,77.50000000000003,0,90,3.0,5,5.860146274310105e-16
6.04,0.1593410769217493,77.50000000000001,0,90,3.0,5,2.9300731371550523e-16
6.045,0.3291989194808569,77.5,0,90,3.0,5,0.0
6.05,0.5672906802982638,77.5,0,90,3.0,5,0.0
6.055,0.815339152120446,77.5,0,90,3.0,5,0.0
6.06,0.9768711246313155,77.50000284586159,1,90,3.0,5,5.8677558500516847e-08
6.065,0.9726380909165361,77.50000554640805,0,90,3.0,5,1.1435892881458993e-07
6.07,0.7921091683291741,77.50001151682932,0,90,3.0,5,2.374603983045426e-07
6.075,0.49139090102639077,77.50002643002445,0,90,3.0,5,5.449489576934416e-07
6.08,0.15739335672107918,77.50006790101995,0,90,3.0,5,1.4000210298195504e-06
6.085,-0.11102342218909485,77.50019028911501,0,90,3.0,5,3.923486907442379e-06
6.09,-0.2314207883647528,77.50055528372543,0,90,3.0,5,1.1449148977995606e-05
6.095,-0.2029124434754801,77.5016191003873,0,90,3.0,5,3.338351314024416e-05
6.1,-0.11151350554305876,77.50459268016454,0,90,3.0,5,9.469443638216635e-05
6.105,-0.039430666652076896,77.51248521717368,0,90,3.0,5,0.00025742715822012853
6.11,-0.006087703519843621,77.53227388620262,0,90,3.0,5,0.0006654409526312796
6.115,0.005350271385530551,77.57900721106344,0,90,3.0,5,0.0016290146611018807
6.12,0.010381647827441833,77.68277725789753,0,90,3.0,5,0.003768603255619115
6.125,0.015115203303506243,77.89914273187748,0,90,3.0,5,0.008229747049020112
6.13,0.021170964062928475,78.32227751227126,0,90,3.0,5,0.01695417551074755
6.135,0.029082821134029553,79.09751100293126,0,90,3.0,5,0.03293837119445889
6.14,0.03923107061708144,80.42630442384339,0,90,3.0,5,0.06033617368749259
6.145,0.051969043308817596,82.55354337917821,0,90,3.0,5,0.10419677070470533
6.15,0.06760532616283861,85.72706210298368,0,90,3.0,5,0.16963014645327176
6.155,0.08636519236693461,90.12554414875623,0,90,3.0,5,0.26032049791249967
6.16,0.10834733138818661,95.76438236317041,0,90,3.0,5,0.3765852033643384
6.165,0.1334809643017884,102.40631247838554,0,90,3.0,5,0.5135322160491865
6.17,0.16148868344343945,109.51624731799802,0,90,3.0,5,0.6601288106803715
6.175,0.191860907532018,116.29749655462248,0,90,3.0,5,0.7999483825695357
6.18,0.22384764873847726,121.82388594751711,0,90,3.0,5,0.9138945556189095
6.185,0.25647215537198226,125.24436869130892,0,90,3.0,5,0.9844199730166788
6.19,0.2885689161419028,126.0,0,90,3.0,5,1.0
6.195,0.31884566517832524,123.97778706854874,0,90,3.0,5,0.9583048880113142
6.2,0.3459657668955683,119.54358950815404,0,90,3.0,5,0.8668781341887432
6.205,0.3686441789190902,113.44132554854066,0,90,3.0,5,0.7410582587327972
6.21,0.3857476379544367,106.59703250521925,0,90,3.0,5,0.599938814540603
6.215,0.3963882865005728,99.89899699454637,0,90,3.0,5,0.46183498957827557
6.22,0.4,94.02516929242782,0,90,3.0,5,0.3407251400500581
6.225,0.39638828650057273,89.3603322958374,0,90,3.0,5,0.24454293393479165
6.23,0.38574763795443656,86.00561321118767,0,90,3.0,5,0.1753734682719106
6.235,0.36864417891908974,83.85152120488316,0,90,3.0,5,0.13095920010068363
6.24,0.345965766895568,82.67378992307566,0,90,3.0,5,0.10667608088815793
6.245,0.3188456651783249,82.21795644486333,0,90,3.0,5,0.09727745247140893
6.25,0.28856891614190205,82.25491311032039,0,90,3.0,5,0.09803944557361624
6.255,0.2564721553719815,82.60568848479885,0,90,3.0,5,0.10527192752162572
6.26,0.22384764873847685,83.14350119463039,0,90,3.0,5,0.11636084937382245
6.265,0.19186090753201765,83.78381880877807,0,90,3.0,5,0.12956327440779516
6.27,0.16148868344343878,84.47111934410529,0,90,3.0,5,0.14373441946608845
6.275,0.1334809643017881,85.16736816282359,0,90,3.0,5,0.15809006521285757
6.28,0.10834733138818531,85.84401473859923,0,90,3.0,5,0.17204154100204594
6.285,0.08636519236690572,86.47738375513784,0,90,3.0,5,0.18510069598222342
6.29,0.06760532616242629,87.04656798666497,0,90,3.0,5,0.1968364533332983
6.295,0.05196904332202373,87.53286735530213,0,90,3.0,5,0.2068632444392192
6.3,0.03923107185803287,87.92003875076709,0,90,3.0,5,0.21484615980963073
6.305,0.02908287038705761,88.1948762403954,0,90,3.0,5,0.22051291217310107
6.31,0.02117220077308346,88.34783554716185,0,90,3.0,5,0.22366671231261545
6.315,0.0151361834125735,88.37354028569607,0,90,3.0,5,0.22419670692156837
6.32,0.010626454858290009,88.27108106749418,0,90,3.0,5,0.22208414572152949
6.325,0.007326255555493652,88.04406438191086,0,90,3.0,5,0.21740338931774963
6.33,0.004960179211183015,87.70040053904515,0,90,3.0,5,0.21031753688752883
6.335,0.0032978759379303545,87.25184573884796,0,90,3.0,5,0.20106898430614353
6.34,0.002153242296767213,86.71333452777212,0,90,3.0,5,0.18996566036643545
6.345,0.001380616732225004,86.10215528685912,0,90,3.0,5,0.17736402653317765
6.35,0.0008693106590991584,85.43703209507676,0,90,3.0,5,0.16365014629024247
6.355,0.000537524815942247,84.73718067857484,0,90,3.0,5,0.14922022017680092
6.36,0.0003263951340288585,84.02140412721407,0,90,3.0,5,0.1344619407673004
6.365,0.00019463030985187395,83.30728624532938,0,90,3.0,5,0.11973786072844081
6.37,0.00011397219555062695,82.61052800894745,0,90,3.0,5,0.10537171152468978
6.375,6.55403863487943e-05,81.94445724555983,0,90,3.0,5,0.09163829372288314
6.38,3.701184389455385e-05,81.31972513974611,0,90,3.0,5,0.07875721937620848
6.385,2.0525516217290957e-05,80.74418725350604,0,90,3.0,5,0.06689045883517611
6.39,1.1178128483661116e-05,80.22295293316265,0,90,3.0,5,0.056143359446652476
6.395,5.978135409912517e-06,79.75857634759942,0,90,3.0,5,0.046568584486585886
6.4,3.1396702713238487e-06,79.35135557138227,0,90,3.0,5,0.038172279822314865
6.405,1.6192875458531019e-06,78.9997032039245,0,90,3.0,5,0.030921715544834992
6.41,8.201353897972012e-07,78.70055267993662,0,90,3.0,5,0.02475366350384785
6.415,4.0791415086824765e-07,78.44976802421002,0,90,3.0,5,0.01958284586000033
6.42,1.9923866938774793e-07,78.24253048240675,0,90,3.0,5,0.015309906853747415
6.425,9.556527981051257e-08,78.07368229950097,0,90,3.0,5,0.011828501020638621
6.43,4.501406988770349e-08,77.93801505095327,0,90,3.0,5,0.009031238163984913
6.435,0.0,77.8304966317818,0,90,3.0,5,0.006814363541892754
6.44,0.0,77.74643674394598,0,90,3.0,5,0.005081169978267584
6.445,0.0,77.68159517563214,0,90,3.0,5,0.0037442304254049416
6.45,0.0,77.63224022257143,0,90,3.0,5,0.0027266025272458896
6.455,0.0,77.59516631581924,0,90,3.0,5,0.0019621920787472524
6.46,0.0,77.56768046943643,0,90,3.0,5,0.0013954735966273202
6.465,0.0,77.54756679479637,0,90,3.0,5,0.0009807586555951992
6.47,0.0,77.53303732186714,0,90,3.0,5,0.0006811818941678587
6.475,0.0,77.52267598708985,0,90,3.0,5,0.00046754612556401535
6.48,0.0,77.51538112097494,0,90,3.0,5,0.0003171365149471419
6.485,0.0,77.51031027372,0,90,3.0,5,0.00021258296329886004
6.49,0.0,77.50682987606086,0,90,3.0,5,0.00014082218682191167
6.495,0.0,77.50447111531227,0,90,3.0,5,9.218794458289717e-05
6.5,0.0,77.50289253977044,0,90,3.0,5,5.963999526685941e-05
6.505,0.0,77.50184928236199,0,90,3.0,5,3.812953323686604e-05
6.51,0.0,77.50116838920664,0,90,3.0,5,2.4090499105981152e-05
6.515,0.0,77.50072951170684,0,90,3.0,5,1.5041478491477542e-05
6.52,0.0,77.50045012943687,0,90,3.0,5,9.281019316924508e-06
6.525,0.0,77.50027447512092,0,90,3.0,5,5.659280843666547e-06
6.53,0.0,77.50016539751311,0,90,3.0,5,3.4102580023678343e-06
6.535,0.0,77.50009849527245,0,90,3.0,5,2.03083035986901e-06
6.54,0.0,77.50005796451639,0,90,3.0,5,1.1951446677676826e-06
6.545,0.0,77.50003371083174,0,90,3.0,5,6.950686957497027e-07
6.55,0.0,77.50001937479605,0,90,3.0,5,3.9948033100493557e-07
6.555,0.0,77.50001100437119,0,90,3.0,5,2.2689425130939178e-07
6.56,0.001684486749771458,77.50000617666068,0,90,3.0,5,1.2735382837650157e-07
6.565,0.004172395771277602,77.50000342612084,0,90,3.0,5,7.064166682998944e-08
6.57,0.009438687428818865,77.5000018780711,0,90,3.0,5,3.872311552739345e-08
6.575,0.019500507867137046,77.50000101737673,0,90,3.0,5,2.097683983903181e-08
6.58,0.03679496976339974,77.50000054464309,0,90,3.0,5,1.1229754354363397e-08
6.585,0.06340728953298436,77.50000028813938,0,90,3.0,5,5.941018050939466e-09
6.59,0.09979255396093453,77.50000015064462,0,90,3.0,5,3.106074719306486e-09
6.595,0.14343835518453557,77.50000007783323,0,90,3.0,5,1.6048089684172924e-09
6.6,0.18829581417209276,77.50000003974084,0,90,3.0,5,8.193987619004887e-10
6.605,0.2257481735193119,77.50000002005254,0,90,3.0,5,4.134544161791654e-10
6.61,0.24718154073554727,77.50000000999913,0,90,3.0,5,2.061675641203861e-10
6.615,0.24718154074102772,77.50000000492737,0,90,3.0,5,1.0159530490651828e-10
6.62,0.22574817354072055,77.50000000239955,0,90,3.0,5,4.94751639428042e-11
6.625,0.18829581422840957,77.50000000115479,0,90,3.0,5,2.381006731983567e-11
6.63,0.14343835532456656,77.5000000005492,0,90,3.0,5,1.132385365316313e-11
6.635,0.09979255431561854,77.50000000025813,0,90,3.0,5,5.322184846328437e-12
6.64,0.06340729067170194,77.5000000001199,0,90,3.0,5,2.4721027058177174e-12
6.645,0.03679497683410042,77.50000000005502,0,90,3.0,5,1.1345243187064363e-12
6.65,0.019500578284482293,77.50000000002495,0,90,3.0,5,5.145208428844272e-13
6.655,0.009439396781978427,77.50000000001118,0,90,3.0,5,2.305967558941026e-13
6.66,0.004178588733610924,77.50000000000496,0,90,3.0,5,1.0225955248671133e-13
6.665,0.0017299316936037381,77.50000000000217,0,90,3.0,5,4.48301189984723e-14
6.67,0.0008997325756988589,77.50000000000094,0,90,3.0,5,1.9338482705223346e-14
6.675,0.001634769674224814,77.5000000000004,0,90,3.0,5,8.204204784034146e-15
6.68,0.00614904736476635,77.50000000000017,0,90,3.0,5,3.516087764586063e-15
6.685,0.02168080359963608,77.50000000000007,0,90,3.0,5,1.465036568577526e-15
6.69,0.06433400338904088,77.50000000000003,0,90,3.0,5,5.860146274310105e-16
6.695,0.1593410769217493,77.50000000000001,0,90,3.0,5,2.9300731371550523e-16
6.7,0.3291989194808569,77.5,0,90,3.0,5,0.0
6.705,0.5672906802982638,77.5,0,90,3.0,5,0.0
6.71,0.815339152120446,77.5,0,90,3.0,5,0.0
6.715,0.9768711246313155,77.50000284784167,1,90,3.0,5,5.871838496758071e-08
6.72,0.9726380909165361,77.50000672896968,0,90,3.0,5,1.3874164288918296e-07
6.725,0.7921091683291741,77.50001793011047,0,90,3.0,5,3.696929994574245e-07
6.73,0.49139090102639077,77.50005709635045,0,90,3.0,5,1.1772443390890254e-06
6.735,0.15739335672107918,77.50021128600096,0,90,3.0,5,4.356412390964194e-06
6.74,-0.11102342218909485,77.50082939233127,0,90,3.0,5,1.710087280967461e-05
6.745,-0.2314207883647528,77.50319460251153,0,90,3.0,5,6.586809302118512e-05
6.75,-0.2029124434754801,77.51157157222437,0,90,3.0,5,0.00023858911802823133
6.755,-0.11151350554305876,77.53866271321813,0,90,3.0,5,0.0007971693447037176
6.76,-0.039430666652076896,77.61816241460043,0,90,3.0,5,0.0024363384453697703
6.765,-0.006087703519843621,77.82912594226663,0,90,3.0,5,0.006786101902404714
6.77,0.005350271385530551,78.33410552268086,0,90,3.0,5,0.017198052014038304
6.775,0.010381647827441833,79.42184006803714,0,90,3.0,5,0.03962556841313694
6.78,0.015115203303506243,81.52425323242056,0,90,3.0,5,0.08297429345197037
6.785,0.021170964062928475,85.15671549570214,0,90,3.0,5,0.1578704225917968
6.79,0.029082821134029553,90.73575899759842,0,90,3.0,5,0.2729022473731634
6.795,0.03923107061708144,98.28687733416436,0,90,3.0,5,0.42859540895184245
6.8,0.051969043308817596,107.15974013032414,0,90,3.0,5,0.6115410336149307
6.805,0.06760532616283861,115.95093583348793,0,90,3.0,5,0.7928028006904728
6.81,0.08636519236693461,122.79622647700648,0,90,3.0,5,0.9339428139588966
6.815,0.10834733138818661,126.0,0,90,3.0,5,1.0
6.82,0.1334809643017884,124.72431423955051,0,90,3.0,5,0.9736972008154744
6.825,0.16148868344343945,119.35905971777999,0,90,3.0,5,0.8630733962428863
6.83,0.191860907532018,111.35298944843419,0,90,3.0,5,0.6979997824419419
6.835,0.22384764873847726,102.60708895577622,0,90,3.0,5,0.5176719372324994
6.84,0.25647215537198226,94.77726780372836,0,90,3.0,5,0.35623232585006936
6.845,0.2885689161419028,88.83086392400567,0,90,3.0,5,0.2336260602887767
6.85,0.31884566517832524,84.98965668509327,0,90,3.0,5,0.15442591103285083
6.855,0.3459657668955683,82.95748856417065,0,90,3.0,5,0.11252553740558033
6.86,0.3686441789190902,82.22848688715584,0,90,3.0,5,0.0974945749929039
6.865,0.3857476379544367,82.31806683684977,0,90,3.0,5,0.09934158426494363
6.87,0.3963882865005728,82.86637771176049,0,90,3.0,5,0.11064696312908232
6.875,0.4,83.64444151385598,0,90,3.0,5,0.12668951574960785
6.88,0.39638828650057273,84.51701829571773,0,90,3.0,5,0.1446807896024275
6.885,0.38574763795443656,85.40182976721093,0,90,3.0,5,0.1629243250971325
6.89,0.36864417891908974,86.24162517033795,0,90,3.0,5,0.18023969423377226
6.895,0.345965766895568,86.99016444250194,0,90,3.0,5,0.19567349365983372
6.9,0.3188456651783249,87.60755873674367,0,90,3.0,5,0.2084032729225499
6.905,0.28856891614190205,88.06036485670985,0,90,3.0,5,0.21773948158164647
6.91,0.2564721553719815,88.3234256531313,0,90,3.0,5,0.22316341552848032
6.915,0.22384764873847685,88.38183858849678,0,90,3.0,5,0.22436780594838715
6.92,0.19186090753201765,88.23226215658437,0,90,3.0,5,0.2212837558058633
6.925,0.16148868344343878,87.88321074397193,0,90,3.0,5,0.21408681946333874
6.93,0.1334809643017881,87.35424737622505,0,90,3.0,5,0.20318035827268138
6.935,0.10834733138818531,86.67416710033316,0,90,3.0,5,0.18915808454295185
6.94,0.08636519236690572,85.8784026151673,0,90,3.0,5,0.17275056938489286
6.945,0.06760532616242629,85.00597649365882,0,90,3.0,5,0.1547624019311097
6.95,0.05196904332202373,84.09636331860011,0,90,3.0,5,0.13600749110515695
6.955,0.03923107185803287,83.18660850156178,0,90,3.0,5,0.11724965982601605
6.96,0.02908287038705761,82.30898570415978,0,90,3.0,5,0.09915434441566559
6.965,0.02117220077308346,81.48937660159106,0,90,3.0,5,0.08225518766167136
6.97,0.0151361834125735,80.74644448152122,0,90,3.0,5,0.0669369996189943
6.975,0.010626454858290009,80.09156626764032,0,90,3.0,5,0.053434356033820976
6.98,0.007326255555493652,79.52940184404125,0,90,3.0,5,0.04184333699054115
6.985,0.004960179211183015,79.05892483911421,0,90,3.0,5,0.032142780187921896
6.99,0.0032978759379303545,78.67471819966217,0,90,3.0,5,0.024220993807467346
6.995,0.002153242296767213,78.3683476065922,0,90,3.0,5,0.01790407436272567
7.0,0.001380616732225004,78.12965828185389,0,90,3.0,5,0.012982644986678192
7.005,0.0008693106590991584,77.9478861391376,0,90,3.0,5,0.009234765755414317
7.01,0.000537524815942247,77.8125228088104,0,90,3.0,5,0.006443769253822671
7.015,0.0003263951340288585,77.71391794082291,0,90,3.0,5,0.004410679192224942
7.02,0.00019463030985187395,77.64363626182957,0,90,3.0,5,0.0029615724088571205
7.025,0.00011397219555062695,77.59460898267879,0,90,3.0,5,0.001950700673789538
7.03,6.55403863487943e-05,77.56112966914309,0,90,3.0,5,0.001260405549341962
7.035,3.701184389455385e-05,77.53874566435232,0,90,3.0,5,0.0007988796773674105
7.04,2.0525516217290957e-05,77.52409048661777,0,90,3.0,5,0.000496711064283831
7.045,1.1178128483661116e-05,77.514693302759,0,90,3.0,5,0.00030295469606184523
7.05,5.978135409912517e-06,77.50879112947288,0,90,3.0,5,0.00018126040150273466
7.055,3.1396702713238487e-06,77.50515966278871,0,90,3.0,5,0.0001063847997672908
7.06,1.6192875458531019e-06,77.50297063542692,0,90,3.0,5,6.125021498802976e-05
7.065,8.201353897972012e-07,77.50167775594724,0,90,3.0,5,3.459290612869323e-05
7.07,4.0791415086824765e-07,77.50092952186903,0,90,3.0,5,1.9165399361350657e-05
7.075,0.001684486749771458,77.50050517497772,0,90,3.0,5,1.0415978922022068e-05
7.08,0.004172395771277602,77.50026932424066,0,90,3.0,5,5.553077127055094e-06
7.085,0.009438687428818865,77.5001408511675,0,90,3.0,5,2.904147783524844e-06
7.09,0.019500507867137046,77.50007225981616,0,90,3.0,5,1.4898931167924285e-06
7.095,0.03679496976339974,77.50003636508839,0,90,3.0,5,7.497956369324007e-07
7.1,0.06340728953298436,77.50001795245458,0,90,3.0,5,3.701537027679769e-07
7.105,0.09979255396093453,77.50000869389558,0,90,3.0,5,1.7925557897600362e-07
7.11,0.14343835518453557,77.50000413006035,0,90,3.0,5,8.515588344436633e-08
7.115,0.18829581417209276,77.50000192464115,0,90,3.0,5,3.9683322762995006e-08
7.12,0.2257481735193119,77.50000087982143,0,90,3.0,5,1.8140648003235087e-08
7.125,0.24718154073554727,77.50000039453968,0,90,3.0,5,8.134838818599764e-09
7.13,0.24718154074102772,77.50000017355545,0,90,3.0,5,3.578462868522506e-09
7.135,0.22574817354072055,77.5000000748923,0,90,3.0,5,1.5441711048438687e-09
7.14,0.18829581422840957,77.50000003170206,0,90,3.0,5,6.536506776852154e-10
7.145,0.14343835532456656,77.50000001316404,0,90,3.0,5,2.7142351596528e-10
7.15,0.09979255431561854,77.5000000053622,0,90,3.0,5,1.1056074269158531e-10
7.155,0.06340729067170194,77.50000000214263,0,90,3.0,5,4.417788471814158e-11
7.16,0.03679497683410042,77.50000000083985,0,90,3.0,5,1.7316439233272643e-11
7.165,0.019500578284482293,77.50000000032293,0,90,3.0,5,6.658298196871141e-12
7.17,0.009439396781978427,77.5000000001218,0,90,3.0,5,2.511365685855595e-12
7.175,0.004178588733610924,77.50000000004506,0,90,3.0,5,9.291261917918671e-13
7.18,0.0017299316936037381,77.50000000001636,0,90,3.0,5,3.3725141808654653e-13
7.185,0.0008997325756988589,77.50000000000583,0,90,3.0,5,1.2013299862335715e-13
7.19,0.001634769674224814,77.50000000000203,0,90,3.0,5,4.190004586131725e-14
7.195,0.00614904736476635,77.5000000000007,0,90,3.0,5,1.4357358372059756e-14
7.2,0.02168080359963608,77.50000000000023,0,90,3.0,5,4.688117019448084e-15
7.205,0.06433400338904088,77.50000000000007,0,90,3.0,5,1.465036568577526e-15
7.21,0.1593410769217493,77.50000000000003,0,90,3.0,5,5.860146274310105e-16
7.215,0.3291989194808569,77.50000000000001,0,90,3.0,5,2.9300731371550523e-16
7.22,0.5672906802982638,77.5,0,90,3.0,5,0.0
7.225,0.815339152120446,77.5,0,90,3.0,5,0.0
7.23,0.9768711246313155,77.5000028575978,1,90,3.0,6,5.8919542399643876e-08
7.235,0.9726380909165361,77.50000575945259,0,90,3.0,6,1.1875159982045045e-07
7.24,0.7921091683291741,77.50001247170877,0,90,3.0,6,2.571486344639141e-07
7.245,0.49139090102639077,77.5000302285082,0,90,3.0,6,6.232682101925974e-07
7.25,0.15739335672107918,77.50008277928515,0,90,3.0,6,1.7067893845565196e-06
7.255,-0.11102342218909485,77.50024711032393,0,90,3.0,6,5.095058225275896e-06
7.26,-0.2314207883647528,77.500761906128,0,90,3.0,6,1.570940470114036e-05
7.265,-0.2029124434754801,77.50232367895711,0,90,3.0,6,4.791090633219581e-05
7.27,-0.11151350554305876,77.50682980175638,0,90,3.0,6,0.00014082065477076134
7.275,-0.039430666652076896,77.5190818325946,0,90,3.0,6,0.00039343984731121776
7.28,-0.006087703519843621,77.55032658431828,0,90,3.0,6,0.0010376615323357632
7.285,0.005350271385530551,77.62486111399137,0,90,3.0,6,0.00257445595858499
7.29,0.010381647827441833,77.79089628192624,0,90,3.0,6,0.0059978614830151974
7.295,0.015115203303506243,78.13581030968653,0,90,3.0,6,0.013109490921371826
7.3,0.021170964062928475,78.80310418498046,0,90,3.0,6,0.02686812752537021
7.305,0.029082821134029553,80.0036503319219,0,90,3.0,6,0.05162165632828667
7.31,0.03923107061708144,82.00862464608667,0,90,3.0,6,0.09296133290900357
7.315,0.051969043308817596,85.1094351581589,0,90,3.0,6,0.15689557027131756
7.32,0.06760532616283861,89.53588442832962,0,90,3.0,6,0.24816256553256955
7.325,0.08636519236693461,95.34067984553826,0,90,3.0,6,0.36784906898017034
7.33,0.10834733138818661,102.2828802504138,0,90,3.0,6,0.5109872216580165
7.335,0.1334809643017884,109.76314796610146,0,90,3.0,6,0.6652195456928135
7.34,0.16148868344343945,116.8635603773981,0,90,3.0,6,0.8116198015958371
7.345,0.191860907532018,122.51408790040378,0,90,3.0,6,0.9281255237196656
7.35,0.22384764873847726,125.75350534267997,0,90,3.0,6,0.9949176359315458
7.355,0.25647215537198226,126.0,0,90,3.0,6,1.0
7.36,0.2885689161419028,123.22762570772198,0,90,3.0,6,0.9428376434581852
7.365,0.31884566517832524,117.97571147104895,0,90,3.0,6,0.8345507519803907
7.37,0.3459657668955683,111.18720976466966,0,90,3.0,6,0.6945816446323642
7.375,0.3686441789190902,103.94297749733238,0,90,3.0,6,0.5452160308728325
7.38,0.3857476379544367,97.19497900171685,0,90,3.0,6,0.4060820412725123
7.385,0.3963882865005728,91.58715852017986,0,90,3.0,6,0.2904568767047393
7.39,0.4,87.40231943688003,0,90,3.0,6,0.20417153478103164
7.395,0.39638828650057273,84.61776733767618,0,90,3.0,6,0.14675808943662236
7.4,0.38574763795443656,83.01870255620567,0,90,3.0,6,0.11378768157125088
7.405,0.36864417891908974,82.31532374904685,0,90,3.0,6,0.09928502575354338
7.41,0.345965766895568,82.22852513749818,0,90,3.0,6,0.0974953636597563
7.415,0.3188456651783249,82.53379724975913,0,90,3.0,6,0.10378963401565221
7.42,0.28856891614190205,83.07090796955741,0,90,3.0,6,0.11486408184654455
7.425,0.2564721553719815,83.73393365366984,0,90,3.0,6,0.12853471450865642
7.43,0.22384764873847685,84.45472567769907,0,90,3.0,6,0.1433964057257541
7.435,0.19186090753201765,85.18779931345597,0,90,3.0,6,0.15851132605063853
7.44,0.16148868344343878,85.89973780936282,0,90,3.0,6,0.1731904702961406
7.445,0.1334809643017881,86.56315147784285,0,90,3.0,6,0.18686910263593506
7.45,0.10834733138818531,87.15399280259183,0,90,3.0,6,0.1990513979915841
7.455,0.08636519236690572,87.65090403830237,0,90,3.0,6,0.20929699048046127
7.46,0.06760532616242629,88.03559075757407,0,90,3.0,6,0.21722867541389834
7.465,0.05196904332202373,88.2935803580661,0,90,3.0,6,0.22254804861991948
7.47,0.03923107185803287,88.41499512294472,0,90,3.0,6,0.22505144583391168
7.475,0.02908287038705761,88.3951361310454,0,90,3.0,6,0.2246419820834104
7.48,0.02117220077308346,88.23477150863336,0,90,3.0,6,0.22133549502336822
7.485,0.0151361834125735,87.94008324256698,0,90,3.0,6,0.2152594483003502
7.49,0.010626454858290009,87.52227066579813,0,90,3.0,6,0.20664475599583776
7.495,0.007326255555493652,86.99684394559772,0,90,3.0,6,0.19581121537314883
7.5,0.004960179211183015,86.38266910719653,0,90,3.0,6,0.18314781664322752
7.505,0.0032978759379303545,85.70084635302014,0,90,3.0,6,0.16908961552618845
7.51,0.002153242296767213,84.97351438020993,0,90,3.0,6,0.15409308000432853
7.515,0.001380616732225004,84.22267447021218,0,90,3.0,6,0.13861184474664295
7.52,0.0008693106590991584,83.46911983680923,0,90,3.0,6,0.12307463581049953
7.525,0.000537524815942247,82.73153966075022,0,90,3.0,6,0.10786679712887041
7.53,0.0003263951340288585,82.02584581584142,0,90,3.0,6,0.09331640857404992
7.535,0.00019463030985187395,81.36474634664565,0,90,3.0,6,0.07968549168341538
7.54,0.00011397219555062695,80.75756615651035,0,90,3.0,6,0.06716631250536804
7.545,6.55403863487943e-05,80.21029461204587,0,90,3.0,6,0.05588236313496642
7.55,3.701184389455385e-05,79.72582372581968,0,90,3.0,6,0.04589327269731299
7.555,2.0525516217290957e-05,79.30433029623575,0,90,3.0,6,0.037202686520324685
7.56,1.1178128483661116e-05,78.94375108500397,0,90,3.0,6,0.02976806360832922
7.565,5.978135409912517e-06,78.6403012861791,0,90,3.0,6,0.023511366725342178
7.57,3.1396702713238487e-06,78.38899212332203,0,90,3.0,6,0.01832973450148508
7.575,1.6192875458531019e-06,78.18411201851102,0,90,3.0,6,0.014105402443526096
7.58,8.201353897972012e-07,78.01964593661293,0,90,3.0,6,0.010714349208514058
7.585,4.0791415086824765e-07,77.88961786250023,0,90,3.0,6,0.008033357989695478
7.59,1.9923866938774793e-07,77.78835082046433,0,90,3.0,6,0.00594537774153259
7.595,9.556527981051257e-08,77.71064663791375,0,90,3.0,6,0.004343229647706275
7.6,4.501406988770349e-08,77.65189339194916,0,90,3.0,6,0.003131822514415644
7.605,0.0,77.60811208361164,0,90,3.0,6,0.002229115126013279
7.61,0.0,77.57595574061222,0,90,3.0,6,0.0015660977445817639
7.615,0.0,77.55267420338132,0,90,3.0,6,0.0010860660490992786
7.62,0.0,77.53605673168623,0,90,3.0,6,0.0007434377667263946
7.625,0.0,77.5243627185632,0,90,3.0,6,0.0005023240940865256
7.63,0.0,77.5162486074524,0,90,3.0,6,0.00033502283407003855
7.635,0.0,77.51069689058352,0,90,3.0,6,0.00022055444502097765
7.64,0.0,77.50695104289521,0,90,3.0,6,0.00014332047206618516
7.645,0.0,77.50445854743928,0,90,3.0,6,9.192881318112667e-05
7.65,0.0,77.50282285014478,0,90,3.0,6,5.820309576868745e-05
7.655,0.0,77.50176414087863,0,90,3.0,6,3.6374038734734734e-05
7.66,0.0,77.50108825259593,0,90,3.0,6,2.243819785432147e-05
7.665,0.0,77.50066263926765,0,90,3.0,6,1.3662665312272252e-05
7.67,0.0,77.5003982682018,0,90,3.0,6,8.21171550115913e-06
7.675,0.0,77.50023627899034,0,90,3.0,6,4.871731759648515e-06
7.68,0.0,77.50013836478986,0,90,3.0,6,2.8528822651972487e-06
7.685,0.0,77.50007997920402,0,90,3.0,6,1.6490557529262322e-06
7.69,0.0,77.50004563305828,0,90,3.0,6,9.408877995437504e-07
7.695,0.0,77.50002569999755,0,90,3.0,6,5.298968567120065e-07
7.7,0.001684486749771458,77.50001428688657,0,90,3.0,6,2.9457498078382865e-07
7.705,0.004172395771277602,77.50000783958583,0,90,3.0,6,1.6164094502753344e-07
7.71,0.009438687428818865,77.50000424619222,0,90,3.0,6,8.755035503444439e-08
7.715,0.019500507867137046,77.50000227016378,0,90,3.0,6,4.68075005376226e-08
7.72,0.03679496976339974,77.5000011980246,0,90,3.0,6,2.4701538262720017e-08
7.725,0.06340728953298436,77.50000062405849,0,90,3.0,6,1.2867185292053205e-08
7.73,0.09979255396093453,77.50000032087499,0,90,3.0,6,6.61597915055121e-09
7.735,0.14343835518453557,77.50000016285362,0,90,3.0,6,3.3578066787535154e-09
7.74,0.18829581417209276,77.50000008158494,0,90,3.0,6,1.682163778260127e-09
7.745,0.2257481735193119,77.50000004034351,0,90,3.0,6,8.318249090678495e-10
7.75,0.24718154073554727,77.50000001969192,0,90,3.0,6,4.060190625863207e-10
7.755,0.24718154074102772,77.50000000948755,0,90,3.0,6,1.956195938339416e-10
7.76,0.22574817354072055,77.50000000451202,0,90,3.0,6,9.303128714124149e-11
7.765,0.18829581422840957,77.50000000211806,0,90,3.0,6,4.367127507272748e-11
7.77,0.14343835532456656,77.50000000098143,0,90,3.0,6,2.0235671099820222e-11
7.775,0.09979255431561854,77.50000000044888,0,90,3.0,6,9.255222018331663e-12
7.78,0.06340729067170194,77.50000000020265,0,90,3.0,6,4.178284293583105e-12
7.785,0.03679497683410042,77.50000000009031,0,90,3.0,6,1.862061478662036e-12
7.79,0.019500578284482293,77.50000000003972,0,90,3.0,6,8.189554418348371e-13
7.795,0.009439396781978427,77.50000000001725,0,90,3.0,6,3.5571087885062335e-13
7.8,0.004178588733610924,77.50000000000739,0,90,3.0,6,1.523638031320627e-13
7.805,0.0017299316936037381,77.50000000000313,0,90,3.0,6,6.446160901741115e-14
7.81,0.0008997325756988589,77.50000000000131,0,90,3.0,6,2.695667286182648e-14
7.815,0.001634769674224814,77.50000000000054,0,90,3.0,6,1.1134277921189199e-14
7.82,0.00614904736476635,77.50000000000021,0,90,3.0,6,4.395109705732579e-15
7.825,0.02168080359963608,77.50000000000009,0,90,3.0,6,1.7580438822930315e-15
7.83,0.06433400338904088,77.50000000000003,0,90,3.0,6,5.860146274310105e-16
7.835,0.1593410769217493,77.50000000000001,0,90,3.0,6,2.9300731371550523e-16
7.84,0.3291989194808569,77.5,0,90,3.0,6,0.0
7.845,0.5672906802982638,77.5,0,90,3.0,6,0.0
7.85,0.815339152120446,77.5,0,90,3.0,6,0.0
7.855,0.9768711246313155,77.50000284586159,1,90,3.0,6,5.8677558500516847e-08
7.86,0.9726380909165361,77.50000527961552,0,90,3.0,6,1.0885805199295553e-07
7.865,0.7921091683291741,77.50001031954956,0,90,3.0,6,2.1277421772716367e-07
7.87,0.49139090102639077,77.5000219076864,0,90,3.0,6,4.517048742836215e-07
7.875,0.15739335672107918,77.5000513062313,0,90,3.0,6,1.0578604391548184e-06
7.88,-0.11102342218909485,77.50013076005604,0,90,3.0,6,2.6960836296509407e-06
7.885,-0.2314207883647528,77.50035020381222,0,90,3.0,6,7.220697159130761e-06
7.89,-0.2029124434754801,77.50095018691317,0,90,3.0,6,1.9591482745824776e-05
7.895,-0.11151350554305876,77.50254252172627,0,90,3.0,6,5.242312837668747e-05
7.9,-0.039430666652076896,77.50659976740856,0,90,3.0,6,0.00013607767852699768
7.905,-0.006087703519843621,77.51646537881305,0,90,3.0,6,0.00033949234666087036
7.91,0.005350271385530551,77.53928253215116,0,90,3.0,6,0.00080994911651881
7.915,0.010381647827441833,77.58937615985101,0,90,3.0,6,0.0018428074196085336
7.92,0.015115203303506243,77.69363594416527,0,90,3.0,6,0.003992493694129186
7.925,0.021170964062928475,77.89914273187748,0,90,3.0,6,0.008229747049020112
7.93,0.029082821134029553,78.28242166935907,0,90,3.0,6,0.016132405553795196
7.935,0.03923107061708144,78.95815265228912,0,90,3.0,6,0.03006500313998176
7.94,0.051969043308817596,80.08310908029944,0,90,3.0,6,0.05325998103710179
7.945,0.06760532616283861,81.84927459141106,0,90,3.0,6,0.08967576477136206
7.95,0.08636519236693461,84.45983730743244,0,90,3.0,6,0.14350180015324612
7.955,0.10834733138818661,88.08459313200352,0,90,3.0,6,0.2182390336495571
7.96,0.1334809643017884,92.79797719482352,0,90,3.0,6,0.31542221020254674
7.965,0.16148868344343945,98.51242125918112,0,90,3.0,6,0.4332457991583737
7.97,0.191860907532018,104.92855626497301,0,90,3.0,6,0.5655372425767631
7.975,0.22384764873847726,111.52691835651606,0,90,3.0,6,0.7015859454951766
7.98,0.25647215537198226,117.61903404505797,0,90,3.0,6,0.827196578248618
7.985,0.2885689161419028,122.45858606973496,0,90,3.0,6,0.9269811560770096
7.99,0.31884566517832524,125.39083977274626,0,90,3.0,6,0.9874399953143559
7.995,0.3459657668955683,126.0,0,90,3.0,6,1.0
8.0,0.3686441789190902,124.20909158519541,0,90,3.0,6,0.9630740533029981
8.005,0.3857476379544367,120.29953639901376,0,90,3.0,6,0.8824646680209023
8.01,0.3963882865005728,114.84382327361675,0,90,3.0,6,0.7699757376003453
8.015,0.4,108.57369951396845,0,90,3.0,6,0.6406948353395556
8.02,0.39638828650057273,102.2258821880279,0,90,3.0,6,0.5098120038768639
8.025,0.38574763795443656,96.40992335364712,0,90,3.0,6,0.389895326879322
8.03,0.36864417891908974,91.52930221937348,0,90,3.0,6,0.2892639632860511
8.035,0.345965766895568,87.76478426184879,0,90,3.0,6,0.21164503632677914
8.04,0.3188456651783249,85.10862158827653,0,90,3.0,6,0.15687879563456772
8.045,0.28856891614190205,83.42656336784474,0,90,3.0,6,0.1221971828421595
8.05,0.2564721553719815,82.52378753042284,0,90,3.0,6,0.1035832480499554
8.055,0.22384764873847685,82.19783132916163,0,90,3.0,6,0.09686250163219856
8.06,0.19186090753201765,82.27134594925722,0,90,3.0,6,0.09837826699499432
8.065,0.16148868344343878,82.60568848479885,0,90,3.0,6,0.10527192752162572
8.07,0.1334809643017881,83.10088201483204,0,90,3.0,6,0.11548210339859873
8.075,0.10834733138818531,83.68840901871987,0,90,3.0,6,0.12759606224164674
8.08,0.08636519236690572,84.32197791292448,0,90,3.0,6,0.14065933841081404
8.085,0.06760532616242629,84.96931088968523,0,90,3.0,6,0.15400641009660274
8.09,0.05196904332202373,85.60616534397113,0,90,3.0,6,0.16713742977260057
8.095,0.03923107185803287,86.21263167382902,0,90,3.0,6,0.1796418901820417
8.1,0.02908287038705761,86.77121984433278,0,90,3.0,6,0.19115917204809849
8.105,0.02117220077308346,87.26614028210291,0,90,3.0,6,0.20136371715676102
8.11,0.0151361834125735,87.68327944307798,0,90,3.0,6,0.20996452459954595
8.115,0.010626454858290009,88.01051741167255,0,90,3.0,6,0.21671169920974334
8.12,0.007326255555493652,88.23816273562356,0,90,3.0,6,0.22140541722935178
8.125,0.004960179211183015,88.35936913531009,0,90,3.0,6,0.22390451825381627
8.13,0.0032978759379303545,88.3704549759066,0,90,3.0,6,0.22413309228673395
8.135,0.002153242296767213,88.27108106749418,0,90,3.0,6,0.22208414572152949
8.14,0.001380616732225004,88.06426526041847,0,90,3.0,6,0.2178199022766694
8.145,0.0008693106590991584,87.75622938752784,0,90,3.0,6,0.21146864716552244
8.15,0.000537524815942247,87.35608811985259,0,90,3.0,6,0.20321831174953786
8.155,0.0003263951340288585,86.87540102954962,0,90,3.0,6,0.1933072377226726
8.16,0.00019463030985187395,86.32761843902698,0,90,3.0,6,0.18201275132014386
8.165,0.00011397219555062695,85.72745804544682,0,90,3.0,6,0.16963831021539844
8.17,6.55403863487943e-05,85.09025249472462,0,90,3.0,6,0.1565000514376211
8.175,3.701184389455385e-05,84.43130793834682,0,90,3.0,6,0.14291356573910968
8.18,2.0525516217290957e-05,83.7653103417945,0,90,3.0,6,0.12918165653184543
8.185,1.1178128483661116e-05,83.10581041043784,0,90,3.0,6,0.11558371980284206
8.19,5.978135409912517e-06,82.46481016288601,0,90,3.0,6,0.1023672198533198
8.195,3.1396702713238487e-06,81.85246524967621,0,90,3.0,6,0.08974155153971576
8.2,1.6192875458531019e-06,81.276907956434,0,90,3.0,6,0.07787439085430932
8.205,8.201353897972012e-07,80.74418725350604,0,90,3.0,6,0.06689045883517611
8.21,4.0791415086824765e-07,80.25831492720756,0,90,3.0,6,0.056872472725929164
8.215,1.9923866938774793e-07,79.82140122596148,0,90,3.0,6,0.04786394280332949
8.22,9.556527981051257e-08,79.43385983225944,0,90,3.0,6,0.039873398603287494
8.225,4.501406988770349e-08,79.09466036456183,0,90,3.0,6,0.03287959514560479
8.23,0.0,78.80160686539986,0,90,3.0,6,0.026837254956698177
8.235,0.0,78.55162253760456,0,90,3.0,6,0.021682938919681614
8.24,0.0,78.34102394918298,0,90,3.0,6,0.017340699983154285
8.245,0.0,78.16577159895577,0,90,3.0,6,0.0137272494630056
8.25,0.0,78.02168769123986,0,90,3.0,6,0.010756447242059007
8.255,0.0,77.90463583247852,0,90,3.0,6,0.008343006855227193
8.26,0.0,77.81066083961933,0,90,3.0,6,0.006405378136481049
8.265,0.0,77.73608973677702,0,90,3.0,6,0.004867829624268409
8.27,0.0,77.67759720552577,0,90,3.0,6,0.003661798052077754
8.275,0.0,77.63224022257143,0,90,3.0,6,0.0027266025272458896
8.28,0.0,77.59746741293033,0,90,3.0,6,0.0020096373800067655
8.285,0.0,77.57110886220912,0,90,3.0,6,0.001466162107404441
8.29,0.0,77.55135189140306,0,90,3.0,6,0.0010588018845991423
8.295,0.0,77.53670773455,0,90,3.0,6,0.0007568605061856994
8.3,0.0,77.52597330075044,0,90,3.0,6,0.0005355319742358057
8.305,0.0,77.51819135838316,0,90,3.0,6,0.00037507955429202044
8.31,0.0,77.51261163923783,0,90,3.0,6,0.00026003379871818866
8.315,0.0,77.50865458747553,0,90,3.0,6,0.00017844510258831027
8.32,0.0,77.50587881276304,0,90,3.0,6,0.00012121263428955844
8.325,0.0,77.5039527678497,0,90,3.0,6,8.150036803498289e-05
8.33,0.0,77.5026307611049,0,90,3.0,6,5.424249700817218e-05
8.335,0.0,77.50173312521085,0,90,3.0,6,3.5734540429848964e-05
8.34,0.0,77.50113017810872,0,90,3.0,6,2.3302641416991072e-05
8.345,0.0,77.50072951170684,0,90,3.0,6,1.5041478491477542e-05
8.35,0.0,77.50046610747096,0,90,3.0,6,9.610463318680203e-06
8.355,0.0,77.50029478697198,0,90,3.0,6,6.078081896445378e-06
8.36,0.0,77.50018454357595,0,90,3.0,6,3.805022184636626e-06
8.365,0.0,77.5001143557486,0,90,3.0,6,2.357850486457688e-06
8.37,0.0,77.50007014318696,0,90,3.0,6,1.446251277527444e-06
8.375,0.0,77.50004258742786,0,90,3.0,6,8.780912960048095e-07
8.38,0.0,77.50002559444704,0,90,3.0,6,5.277205574886991e-07
8.385,0.0,77.50001522574371,0,90,3.0,6,3.139328599872053e-07
8.39,0.0,77.5000089656071,0,90,3.0,6,1.8485787822822944e-07
8.395,0.0,77.50000522575824,0,90,3.0,6,1.0774759265793186e-07
8.4,0.0,77.50000301500023,0,90,3.0,6,6.21649532309e-08
8.405,0.001684486749771458,77.50000172184403,0,90,3.0,6,3.5501938745040105e-08
8.41,0.004172395771277602,77.50000097334923,0,90,3.0,6,2.0069056299970978e-08
8.415,0.009438687428818865,77.50000054464309,0,90,3.0,6,1.1229754354363397e-08
8.42,0.019500507867137046,77.50000030166417,0,90,3.0,6,6.219879850570728e-09
8.425,0.03679496976339974,77.50000016538796,0,90,3.0,6,3.410061017066911e-09
8.43,0.06340728953298436,77.50000008975371,0,90,3.0,6,1.850592000373956e-09
8.435,0.09979255396093453,77.5000000482136,0,90,3.0,7,9.940947034620061e-10
8.44,0.14343835518453557,77.50000002563627,0,90,3.0,7,5.285828498842617e-10
8.445,0.18829581417209276,77.50000001349301,0,90,3.0,7,2.782063422704802e-10
8.45,0.2257481735193119,77.50000000702961,0,90,3.0,7,1.449404628390804e-10
8.455,0.24718154073554727,77.50000000362512,0,90,3.0,7,7.474470069225681e-11
8.46,0.24718154074102772,77.50000000185047,0,90,3.0,7,3.8153947355464515e-11
8.465,0.22574817354072055,77.50000000093499,0,90,3.0,7,1.927812319859795e-11
8.47,0.18829581422840957,77.50000000046764,0,90,3.0,7,9.641991672436131e-12
8.475,0.14343835532456656,77.50000000023151,0,90,3.0,7,4.773382147739296e-12
8.48,0.09979255431561854,77.50000000011345,0,90,3.0,7,2.3390773853908783e-12
8.485,0.06340729067170194,77.50000000005502,0,90,3.0,7,1.1345243187064363e-12
8.49,0.03679497683410042,77.50000000002642,0,90,3.0,7,5.447005961971242e-13
8.495,0.019500578284482293,77.50000000001256,0,90,3.0,7,2.590184653245066e-13
8.5,0.009439396781978427,77.50000000000591,0,90,3.0,7,1.2189104250565017e-13
8.505,0.004178588733610924,77.50000000000276,0,90,3.0,7,5.684341886080802e-14
8.51,0.0017299316936037381,77.50000000000126,0,90,3.0,7,2.6077650920679964e-14
8.515,0.0008997325756988589,77.50000000000058,0,90,3.0,7,1.2013299862335714e-14
8.52,0.001634769674224814,77.50000000000026,0,90,3.0,7,5.274131646879094e-15
8.525,0.00614904736476635,77.50000000000011,0,90,3.0,7,2.344058509724042e-15
8.53,0.02168080359963608,77.50000000000006,0,90,3.0,7,1.172029254862021e-15
8.535,0.06433400338904088,77.50000000000003,0,90,3.0,7,5.860146274310105e-16
8.54,0.1593410769217493,77.50000000000001,0,90,3.0,7,2.9300731371550523e-16
8.545,0.3291989194808569,77.5,0,90,3.0,7,0.0
8.55,0.5672906802982638,77.5,0,90,3.0,7,0.0
8.555,0.815339152120446,77.5,0,90,3.0,7,0.0
8.56,0.9768711246313155,77.50000284586159,1,90,3.0,7,5.8677558500516847e-08
8.565,0.9726380909165361,77.50000527961552,0,90,3.0,7,1.0885805199295553e-07
8.57,0.7921091683291741,77.50001031954956,0,90,3.0,7,2.1277421772716367e-07
8.575,0.49139090102639077,77.5000219076864,0,90,3.0,7,4.517048742836215e-07
8.58,0.15739335672107918,77.5000513062313,0,90,3.0,7,1.0578604391548184e-06
8.585,-0.11102342218909485,77.50013076005604,0,90,3.0,7,2.6960836296509407e-06
8.59,-0.2314207883647528,77.50035020381222,0,90,3.0,7,7.220697159130761e-06
8.595,-0.2029124434754801,77.50095018691317,0,90,3.0,7,1.9591482745824776e-05
8.6,-0.11151350554305876,77.50254252172627,0,90,3.0,7,5.242312837668747e-05
8.605,-0.039430666652076896,77.50659976740856,0,90,3.0,7,0.00013607767852699768
8.61,-0.006087703519843621,77.51646537881305,0,90,3.0,7,0.00033949234666087036
8.615,0.005350271385530551,77.53928253215116,0,90,3.0,7,0.00080994911651881
8.62,0.010381647827441833,77.58937615985101,0,90,3.0,7,0.0018428074196085336
8.625,0.015115203303506243,77.69363594416527,0,90,3.0,7,0.003992493694129186
8.63,0.021170964062928475,77.89914273187748,0,90,3.0,7,0.008229747049020112
8.635,0.029082821134029553,78.28242166935907,0,90,3.0,7,0.016132405553795196
8.64,0.03923107061708144,78.95815265228912,0,90,3.0,7,0.03006500313998176
8.645,0.051969043308817596,80.08310908029944,0,90,3.0,7,0.05325998103710179
8.65,0.06760532616283861,81.84927459141106,0,90,3.0,7,0.08967576477136206
8.655,0.08636519236693461,84.45983730743244,0,90,3.0,7,0.14350180015324612
8.66,0.10834733138818661,88.08459313200352,0,90,3.0,7,0.2182390336495571
8.665,0.1334809643017884,92.79797719482352,0,90,3.0,7,0.31542221020254674
8.67,0.16148868344343945,98.51242125918112,0,90,3.0,7,0.4332457991583737
8.675,0.191860907532018,104.92855626497301,0,90,3.0,7,0.5655372425767631
8.68,0.22384764873847726,111.52691835651606,0,90,3.0,7,0.7015859454951766
8.685,0.25647215537198226,117.61903404505797,0,90,3.0,7,0.827196578248618
8.69,0.2885689161419028,122.45858606973496,0,90,3.0,7,0.9269811560770096
8.695,0.31884566517832524,125.39083977274626,0,90,3.0,7,0.9874399953143559
8.7,0.3459657668955683,126.0,0,90,3.0,7,1.0
8.705,0.3686441789190902,124.20909158519541,0,90,3.0,7,0.9630740533029981
8.71,0.3857476379544367,120.29953639901376,0,90,3.0,7,0.8824646680209023
8.715,0.3963882865005728,114.84382327361675,0,90,3.0,7,0.7699757376003453
8.72,0.4,108.57369951396845,0,90,3.0,7,0.6406948353395556
8.725,0.39638828650057273,102.2258821880279,0,90,3.0,7,0.5098120038768639
8.73,0.38574763795443656,96.40992335364712,0,90,3.0,7,0.389895326879322
8.735,0.36864417891908974,91.52930221937348,0,90,3.0,7,0.2892639632860511
8.74,0.345965766895568,87.76478426184879,0,90,3.0,7,0.21164503632677914
8.745,0.3188456651783249,85.10862158827653,0,90,3.0,7,0.15687879563456772
8.75,0.28856891614190205,83.42656336784474,0,90,3.0,7,0.1221971828421595
8.755,0.2564721553719815,82.52378753042284,0,90,3.0,7,0.1035832480499554
8.76,0.22384764873847685,82.19783132916163,0,90,3.0,7,0.09686250163219856
8.765,0.19186090753201765,82.27134594925722,0,90,3.0,7,0.09837826699499432
8.77,0.16148868344343878,82.60568848479885,0,90,3.0,7,0.10527192752162572
8.775,0.1334809643017881,83.10088201483204,0,90,3.0,7,0.11548210339859873
8.78,0.10834733138818531,83.68840901871987,0,90,3.0,7,0.12759606224164674
8.785,0.08636519236690572,84.32197791292448,0,90,3.0,7,0.14065933841081404
8.79,0.06760532616242629,84.96931088968523,0,90,3.0,7,0.15400641009660274
8.795,0.05196904332202373,85.60616534397113,0,90,3.0,7,0.16713742977260057
8.8,0.03923107185803287,86.21263167382902,0,90,3.0,7,0.1796418901820417
8.805,0.02908287038705761,86.77121984433278,0,90,3.0,7,0.19115917204809849
8.81,0.02117220077308346,87.26614028210291,0,90,3.0,7,0.20136371715676102
8.815,0.0151361834125735,87.68327944307798,0,90,3.0,7,0.20996452459954595
8.82,0.010626454858290009,88.01051741167255,0,90,3.0,7,0.21671169920974334
8.825,0.007326255555493652,88.23816273562356,0,90,3.0,7,0.22140541722935178
8.83,0.004960179211183015,88.35936913531009,0,90,3.0,7,0.22390451825381627
8.835,0.0032978759379303545,88.3704549759066,0,90,3.0,7,0.22413309228673395
8.84,0.002153242296767213,88.27108106749418,0,90,3.0,7,0.22208414572152949
8.845,0.001380616732225004,88.06426526041847,0,90,3.0,7,0.2178199022766694
8.85,0.0008693106590991584,87.75622938752784,0,90,3.0,7,0.21146864716552244
8.855,0.000537524815942247,87.35608811985259,0,90,3.0,7,0.20321831174953786
8.86,0.0003263951340288585,86.87540102954962,0,90,3.0,7,0.1933072377226726
8.865,0.00019463030985187395,86.32761843902698,0,90,3.0,7,0.18201275132014386
8.87,0.00011397219555062695,85.72745804544682,0,90,3.0,7,0.16963831021539844
8.875,6.55403863487943e-05,85.09025249472462,0,90,3.0,7,0.1565000514376211
8.88,3.701184389455385e-05,84.43130793834682,0,90,3.0,7,0.14291356573910968
8.885,2.0525516217290957e-05,83.7653103417945,0,90,3.0,7,0.12918165653184543
8.89,1.1178128483661116e-05,83.10581041043784,0,90,3.0,7,0.11558371980284206
8.895,5.978135409912517e-06,82.46481016288601,0,90,3.0,7,0.1023672198533198
8.9,3.1396702713238487e-06,81.85246524967621,0,90,3.0,7,0.08974155153971576
8.905,1.6192875458531019e-06,81.276907956434,0,90,3.0,7,0.07787439085430932
8.91,8.201353897972012e-07,80.74418725350604,0,90,3.0,7,0.06689045883517611
8.915,4.0791415086824765e-07,80.25831492720756,0,90,3.0,7,0.056872472725929164
8.92,1.9923866938774793e-07,79.82140122596148,0,90,3.0,7,0.04786394280332949
8.925,9.556527981051257e-08,79.43385983225944,0,90,3.0,7,0.039873398603287494
8.93,4.501406988770349e-08,79.09466036456183,0,90,3.0,7,0.03287959514560479
8.935,0.0,78.80160686539986,0,90,3.0,7,0.026837254956698177
8.94,0.0,78.55162253760456,0,90,3.0,7,0.021682938919681614
8.945,0.0,78.34102394918298,0,90,3.0,7,0.017340699983154285
8.95,0.0,78.16577159895577,0,90,3.0,7,0.0137272494630056
8.955,0.0,78.02168769123986,0,90,3.0,7,0.010756447242059007
8.96,0.0,77.90463583247852,0,90,3.0,7,0.008343006855227193
8.965,0.0,77.81066083961933,0,90,3.0,7,0.006405378136481049
8.97,0.0,77.73608973677702,0,90,3.0,7,0.004867829624268409
8.975,0.0,77.67759720552577,0,90,3.0,7,0.003661798052077754
8.98,0.0,77.63224022257143,0,90,3.0,7,0.0027266025272458896
8.985,0.0,77.59746741293033,0,90,3.0,7,0.0020096373800067655
8.99,0.0,77.57110886220912,0,90,3.0,7,0.001466162107404441
8.995,0.0,77.55135189140306,0,90,3.0,7,0.0010588018845991423
9.0,0.0,77.53670773455,0,90,3.0,7,0.0007568605061856994
9.005,0.0,77.52597330075044,0,90,3.0,7,0.0005355319742358057
9.01,0.0,77.51819135838316,0,90,3.0,7,0.00037507955429202044
9.015,0.0,77.51261163923783,0,90,3.0,7,0.00026003379871818866
9.02,0.0,77.50865458747553,0,90,3.0,7,0.00017844510258831027
9.025,0.0,77.50587881276304,0,90,3.0,7,0.00012121263428955844
9.03,0.0,77.5039527678497,0,90,3.0,7,8.150036803498289e-05
9.035,0.0,77.5026307611049,0,90,3.0,7,5.424249700817218e-05
9.04,0.0,77.50173312521085,0,90,3.0,7,3.5734540429848964e-05
9.045,0.0,77.50113017810872,0,90,3.0,7,2.3302641416991072e-05
9.05,0.0,77.50072951170684,0,90,3.0,7,1.5041478491477542e-05
9.055,0.0,77.50046610747096,0,90,3.0,7,9.610463318680203e-06
9.06,0.0,77.50029478697198,0,90,3.0,7,6.078081896445378e-06
9.065,0.0,77.50018454357595,0,90,3.0,7,3.805022184636626e-06
9.07,0.0,77.5001143557486,0,90,3.0,7,2.357850486457688e-06
9.075,0.0,77.50007014318696,0,90,3.0,7,1.446251277527444e-06
9.08,0.0,77.50004258742786,0,90,3.0,7,8.780912960048095e-07
9.085,0.0,77.50002559444704,0,90,3.0,7,5.277205574886991e-07
9.09,0.0,77.50001522574371,0,90,3.0,7,3.139328599872053e-07
9.095,0.0,77.5000089656071,0,90,3.0,7,1.8485787822822944e-07
9.1,0.0,77.50000522575824,0,90,3.0,7,1.0774759265793186e-07
9.105,0.0,77.50000301500023,0,90,3.0,7,6.21649532309e-08
9.11,0.001684486749771458,77.50000172184403,0,90,3.0,7,3.5501938745040105e-08
9.115,0.004172395771277602,77.50000097334923,0,90,3.0,7,2.0069056299970978e-08
9.12,0.009438687428818865,77.50000054464309,0,90,3.0,7,1.1229754354363397e-08
9.125,0.019500507867137046,77.50000030166417,0,90,3.0,7,6.219879850570728e-09
9.13,0.03679496976339974,77.50000016538796,0,90,3.0,7,3.410061017066911e-09
9.135,0.06340728953298436,77.50000008975371,0,90,3.0,7,1.850592000373956e-09
9.14,0.09979255396093453,77.5000000482136,0,90,3.0,7,9.940947034620061e-10
9.145,0.14343835518453557,77.50000002563627,0,90,3.0,7,5.285828498842617e-10
9.15,0.18829581417209276,77.50000001349301,0,90,3.0,7,2.782063422704802e-10
9.155,0.2257481735193119,77.50000000702961,0,90,3.0,7,1.449404628390804e-10
9.16,0.24718154073554727,77.50000000362512,0,90,3.0,7,7.474470069225681e-11
9.165,0.24718154074102772,77.50000000185047,0,90,3.0,7,3.8153947355464515e-11
9.17,0.22574817354072055,77.50000000093499,0,90,3.0,7,1.927812319859795e-11
9.175,0.18829581422840957,77.50000000046764,0,90,3.0,7,9.641991672436131e-12
9.18,0.14343835532456656,77.50000000023151,0,90,3.0,7,4.773382147739296e-12
9.185,0.09979255431561854,77.50000000011345,0,90,3.0,7,2.3390773853908783e-12
9.19,0.06340729067170194,77.50000000005502,0,90,3.0,7,1.1345243187064363e-12
9.195,0.03679497683410042,77.50000000002642,0,90,3.0,7,5.447005961971242e-13
9.2,0.019500578284482293,77.50000000001256,0,90,3.0,7,2.590184653245066e-13
9.205,0.009439396781978427,77.50000000000591,0,90,3.0,7,1.2189104250565017e-13
9.21,0.004178588733610924,77.50000000000276,0,90,3.0,7,5.684341886080802e-14
9.215,0.0017299316936037381,77.50000000000126,0,90,3.0,7,2.6077650920679964e-14
9.22,0.0008997325756988589,77.50000000000058,0,90,3.0,7,1.2013299862335714e-14
9.225,0.001634769674224814,77.50000000000026,0,90,3.0,7,5.274131646879094e-15
9.23,0.00614904736476635,77.50000000000011,0,90,3.0,7,2.344058509724042e-15
9.235,0.02168080359963608,77.50000000000006,0,90,3.0,7,1.172029254862021e-15
9.24,0.06433400338904088,77.50000000000003,0,90,3.0,7,5.860146274310105e-16
9.245,0.1593410769217493,77.50000000000001,0,90,3.0,7,2.9300731371550523e-16
9.25,0.3291989194808569,77.5,0,90,3.0,7,0.0
9.255,0.5672906802982638,77.5,0,90,3.0,7,0.0
9.26,0.815339152120446,77.5,0,90,3.0,7,0.0
9.265,0.9768711246313155,77.50000284586159,1,90,3.0,7,5.8677558500516847e-08
9.27,0.9726380909165361,77.5000058771435,0,90,3.0,7,1.211782163638943e-07
9.275,0.7921091683291741,77.50001312492641,0,90,3.0,7,2.70617039411929e-07
9.28,0.49139090102639077,77.50003312177063,0,90,3.0,7,6.829231057222902e-07
9.285,0.15739335672107918,77.5000950173887,0,90,3.0,7,1.9591214165358773e-06
9.29,-0.11102342218909485,77.50029664213184,0,90,3.0,7,6.116332615326344e-06
9.295,-0.2314207883647528,77.50095018691317,0,90,3.0,7,1.9591482745824776e-05
9.3,-0.2029124434754801,77.50298788734874,0,90,3.0,7,6.160592471624066e-05
9.305,-0.11151350554305876,77.50899344295689,0,90,3.0,7,0.0001854318135441804
9.31,-0.039430666652076896,77.52558018028991,0,90,3.0,7,0.0005274263977300445
9.315,-0.006087703519843621,77.56832060951243,0,90,3.0,7,0.0014086723610809535
9.32,0.005350271385530551,77.67081240295971,0,90,3.0,7,0.003521905215664156
9.325,0.010381647827441833,77.89914273187748,0,90,3.0,7,0.008229747049020112
9.33,0.015115203303506243,78.37101968805803,0,90,3.0,7,0.0179591688259387
9.335,0.021170964062928475,79.2743219620393,0,90,3.0,7,0.03658395798019165
9.34,0.029082821134029553,80.87318328755507,0,90,3.0,7,0.06955017087742402
9.345,0.03923107061708144,83.4840347084959,0,90,3.0,7,0.12338215893805975
9.35,0.051969043308817596,87.4052161989753,0,90,3.0,7,0.20423126183454218
9.355,0.06760532616283861,92.79797719482352,0,90,3.0,7,0.31542221020254674
9.36,0.08636519236693461,99.54446405638612,0,90,3.0,7,0.45452503209043543
9.365,0.10834733138818661,107.13911793988598,0,90,3.0,7,0.611115833812082
9.37,0.1334809643017884,114.68319434295202,0,90,3.0,7,0.7666638008856087
9.375,0.16148868344343945,121.0286071131232,0,90,3.0,7,0.8974970538788288
9.38,0.191860907532018,125.05606361041474,0,90,3.0,7,0.9805373940291698
9.385,0.22384764873847726,126.0,0,90,3.0,7,1.0
9.39,0.25647215537198226,123.69218447622228,0,90,3.0,7,0.9524161747674696
9.395,0.2885689161419028,118.61841981945244,0,90,3.0,7,0.847802470504174
9.4,0.31884566517832524,111.76288043906783,0,90,3.0,7,0.7064511430735635
9.405,0.3459657668955683,104.30907561334334,0,90,3.0,7,0.5527644456359452
9.41,0.3686441789190902,97.32237373483679,0,90,3.0,7,0.40870873680075853
9.415,0.3857476379544367,91.52930221937348,0,90,3.0,7,0.2892639632860511
9.42,0.3963882865005728,87.24754941146844,0,90,3.0,7,0.2009804002364627
9.425,0.4,84.44866361769579,0,90,3.0,7,0.14327141479785124
9.43,0.39638828650057273,82.8907268689467,0,90,3.0,7,0.11114900760714846
9.435,0.38574763795443656,82.25407737271877,0,90,3.0,7,0.09802221387049007
9.44,0.36864417891908974,82.23774027159104,0,90,3.0,7,0.09768536642455745
9.445,0.345965766895568,82.60568848479885,0,90,3.0,7,0.10527192752162572
9.45,0.3188456651783249,83.19386752249686,0,90,3.0,7,0.11739933036075999
9.455,0.28856891614190205,83.89629740654941,0,90,3.0,7,0.13188242075359605
9.46,0.2564721553719815,84.64557378836538,0,90,3.0,7,0.147331418316812
9.465,0.22384764873847685,85.39633568541677,0,90,3.0,7,0.16281104506013966
9.47,0.19186090753201765,86.11442913867897,0,90,3.0,7,0.1776170956428654
9.475,0.16148868344343878,86.77121984433278,0,90,3.0,7,0.19115917204809849
9.48,0.1334809643017881,87.3414191722754,0,90,3.0,7,0.20291585922217306
9.485,0.10834733138818531,87.80288062565299,0,90,3.0,7,0.21243052836397916
9.49,0.08636519236690572,88.13728808638228,0,90,3.0,7,0.2193255275542739
9.495,0.06760532616242629,88.33108854836723,0,90,3.0,7,0.22332141336839656
9.5,0.05196904332202373,88.3763108939206,0,90,3.0,7,0.22425383286434233
9.505,0.03923107185803287,88.27108106749418,0,90,3.0,7,0.22208414572152949
9.51,0.02908287038705761,88.01974268743409,0,90,3.0,7,0.21690191108111523
9.515,0.02117220077308346,87.63255742288636,0,90,3.0,7,0.20891870975023433
9.52,0.0151361834125735,87.1250094082,0,90,3.0,7,0.19845380223092784
9.525,0.010626454858290009,86.51677814238163,0,90,3.0,7,0.18591295138931185
9.53,0.007326255555493652,85.83047446527023,0,90,3.0,7,0.1717623601086645
9.535,0.004960179211183015,85.09025249472462,0,90,3.0,7,0.1565000514376211
9.54,0.0032978759379303545,84.32041563244263,0,90,3.0,7,0.14062712644211614
9.545,0.002153242296767213,83.54412713946391,0,90,3.0,7,0.1246211781332765
9.55,0.001380616732225004,82.78231716056324,0,90,3.0,7,0.10891375588790182
9.555,0.0008693106590991584,82.0528515297851,0,90,3.0,7,0.09387322741824952
9.56,0.000537524815942247,81.36999705672466,0,90,3.0,7,0.07979375374690013
9.565,0.0003263951340288585,80.74418725350604,0,90,3.0,7,0.06689045883517611
9.57,0.00019463030985187395,80.18206515992516,0,90,3.0,7,0.05530031257577647
9.575,0.00011397219555062695,79.6867587248306,0,90,3.0,7,0.04508780875939374
9.58,6.55403863487943e-05,79.25833063767365,0,90,3.0,7,0.036254239952034056
9.585,3.701184389455385e-05,78.89433892375651,0,90,3.0,7,0.02874925615992798
9.59,2.0525516217290957e-05,78.59044631947289,0,90,3.0,7,0.022483429267482247
9.595,1.1178128483661116e-05,78.34102394918298,0,90,3.0,7,0.017340699983154285
9.6,5.978135409912517e-06,78.1397062108974,0,90,3.0,7,0.013189818781389716
9.605,3.1396702713238487e-06,77.97986702078465,0,90,3.0,7,0.009894165377003149
9.61,1.6192875458531019e-06,77.85500083322964,0,90,3.0,7,0.007319604808858528
9.615,8.201353897972012e-07,77.75900370298082,0,90,3.0,7,0.005340282535687012
9.62,4.0791415086824765e-07,77.68635914371603,0,90,3.0,7,0.0038424565714645846
9.625,1.9923866938774793e-07,77.63224022257143,0,90,3.0,7,0.0027266025272458896
9.63,9.556527981051257e-08,77.59254321199653,0,90,3.0,7,0.0019081074638459367
9.635,4.501406988770349e-08,77.56386952680471,0,90,3.0,7,0.001316897459890901
9.64,0.0,77.54347213406413,0,90,3.0,8,0.0008963326611161186
9.645,0.0,77.52918074358568,0,90,3.0,8,0.000601664816199668
9.65,0.0,77.5193174537281,0,90,3.0,8,0.00039829801501250865
9.655,0.0,77.51261163923783,0,90,3.0,8,0.00026003379871818866
9.66,0.0,77.50812009910234,0,90,3.0,8,0.00016742472375963377
9.665,0.0,77.50515607531464,0,90,3.0,8,0.00010631083122978725
9.67,0.0,77.50322883094955,0,90,3.0,8,6.65738340113965e-05
9.675,0.0,77.50199406584419,0,90,3.0,8,4.111475967395507e-05
9.68,0.0,77.50121451201069,0,90,3.0,8,2.504148475651098e-05
9.685,0.0,77.50072951170684,0,90,3.0,8,1.5041478491477542e-05
9.69,0.0,77.50043214635019,0,90,3.0,8,8.91023402458551e-06
9.695,0.0,77.5002524628993,0,90,3.0,8,5.205420604067147e-06
9.7,0.0,77.50014545625893,0,90,3.0,8,2.9990981223602727e-06
9.705,0.0,77.50008264857955,0,90,3.0,8,1.7040944237109704e-06
9.71,0.0,77.5000463133831,0,90,3.0,8,9.54915115356663e-07
9.715,0.001684486749771458,77.50002559444704,0,90,3.0,8,5.277205574886991e-07
9.72,0.004172395771277602,77.50001394932292,0,90,3.0,8,2.876149055643425e-07
9.725,0.009438687428818865,77.50000749770997,0,90,3.0,8,1.5459195820373688e-07
9.73,0.019500507867137046,77.50000397440645,0,90,3.0,8,8.194652481900438e-08
9.735,0.03679496976339974,77.5000020777058,0,90,3.0,8,4.283929486978336e-08
9.74,0.06340728953298436,77.5000010711837,0,90,3.0,8,2.2086261928164923e-08
9.745,0.09979255396093453,77.50000054464309,0,90,3.0,8,1.1229754354363397e-08
9.75,0.14343835518453557,77.50000027310406,0,90,3.0,8,5.631011624911442e-09
9.755,0.18829581417209276,77.50000013505556,0,90,3.0,8,2.78465067728491e-09
9.76,0.2257481735193119,77.50000006586654,0,90,3.0,8,1.358073076676426e-09
9.765,0.24718154073554727,77.50000003168002,0,90,3.0,8,6.531962233416427e-10
9.77,0.24718154074102772,77.50000001502707,0,90,3.0,8,3.09836481786069e-10
9.775,0.22574817354072055,77.50000000702961,0,90,3.0,8,1.449404628390804e-10
9.78,0.18829581422840957,77.50000000324307,0,90,3.0,8,6.686749207032917e-11
9.785,0.14343835532456656,77.50000000147553,0,90,3.0,8,3.0423242390394625e-11
9.79,0.09979255431561854,77.50000000066208,0,90,3.0,8,1.3651210746005388e-11
9.795,0.06340729067170194,77.50000000029299,0,90,3.0,8,6.040931786872571e-12
9.8,0.03679497683410042,77.50000000012786,0,90,3.0,8,2.6361868014984006e-12
9.805,0.019500578284482293,77.50000000005502,0,90,3.0,8,1.1345243187064363e-12
9.81,0.009439396781978427,77.50000000002336,0,90,3.0,8,4.817040237482906e-13
9.815,0.004178588733610924,77.50000000000978,0,90,3.0,8,2.015890318362676e-13
9.82,0.0017299316936037381,77.50000000000404,0,90,3.0,8,8.321407709520348e-14
9.825,0.0008997325756988589,77.50000000000165,0,90,3.0,8,3.3988848390998606e-14
9.83,0.001634769674224814,77.50000000000065,0,90,3.0,8,1.347833643091324e-14
9.835,0.00614904736476635,77.50000000000026,0,90,3.0,8,5.274131646879094e-15
9.84,0.02168080359963608,77.5000000000001,0,90,3.0,8,2.0510511960085364e-15
9.845,0.06433400338904088,77.50000000000004,0,90,3.0,8,8.790219411465157e-16
9.85,0.1593410769217493,77.50000000000001,0,90,3.0,8,2.9300731371550523e-16
9.855,0.3291989194808569,77.5,0,90,3.0,8,0.0
9.86,0.5672906802982638,77.5,0,90,3.0,8,0.0
9.865,0.815339152120446,77.5,0,90,3.0,8,0.0
9.87,0.9768711246313155,77.5000028495992,1,90,3.0,8,5.8754622647104476e-08
9.875,0.9726380909165361,77.50000521622965,0,90,3.0,8,1.075511268589759e-07
9.88,0.7921091683291741,77.50001003184255,0,90,3.0,8,2.06842114423744e-07
9.885,0.49139090102639077,77.50002086143309,0,90,3.0,8,4.30132640946054e-07
9.89,0.15739335672107918,77.5000476593659,0,90,3.0,8,9.826673382361047e-07
9.895,-0.11102342218909485,77.5001183364054,0,90,3.0,8,2.4399258843904763e-06
9.9,-0.2314207883647528,77.50030933544511,0,90,3.0,8,6.378050414630557e-06
9.905,-0.2029124434754801,77.50082200342337,0,90,3.0,8,1.6948524193111617e-05
9.91,-0.11151350554305876,77.50216205965356,0,90,3.0,8,4.457854955787588e-05
9.915,-0.039430666652076896,77.50553489210309,0,90,3.0,8,0.0001141214866615578
9.92,-0.006087703519843621,77.51365844030069,0,90,3.0,8,0.0002816173257873785
9.925,0.005350271385530551,77.53231627301004,0,90,3.0,8,0.0006663149074234897
9.93,0.010381647827441833,77.57309621159689,0,90,3.0,8,0.001507138383441046
9.935,0.015115203303506243,77.657803469981,0,90,3.0,8,0.0032536797934227773
9.94,0.021170964062928475,77.82485509900845,0,90,3.0,8,0.006698043278524646
9.945,0.029082821134029553,78.13736293559109,0,90,3.0,8,0.01314150382662031
9.95,0.03923107061708144,78.69144684397986,0,90,3.0,8,0.024565914308863117
9.955,0.051969043308817596,79.62164981828742,0,90,3.0,8,0.0437453570780912
9.96,0.06760532616283861,81.09861679088165,0,90,3.0,8,0.07419828434807525
9.965,0.08636519236693461,83.31340846938576,0,90,3.0,8,0.11986409215228377
9.97,0.10834733138818661,86.44420204955951,0,90,3.0,8,0.18441653710431974
9.975,0.1334809643017884,90.60562721106557,0,90,3.0,8,0.2702191177539292
9.98,0.16148868344343945,95.78836983257673,0,90,3.0,8,0.3770797903624069
9.985,0.191860907532018,101.80487465023725,0,90,3.0,8,0.501131436087366
9.99,0.22384764873847726,108.26223981649645,0,90,3.0,8,0.6342729859071432
9.995,0.25647215537198226,114.58168257095079,0,90,3.0,8,0.7645707746587792
10.0,0.2885689161419028,120.0732287599271,0,90,3.0,8,0.8777985311325176
10.005,0.31884566517832524,124.05651257188923,0,90,3.0,8,0.9599280942657573
10.01,0.3459657668955683,126.0,0,90,3.0,8,1.0
10.015,0.3686441789190902,125.63979154071257,0,90,3.0,8,0.9925730214579911
10.02,0.3857476379544367,123.04159744781288,0,90,3.0,8,0.9390020092332552
10.025,0.3963882865005728,118.58602852218327,0,90,3.0,8,0.8471346087048097
10.03,0.4,112.88194313968907,0,90,3.0,8,0.7295246008183314
10.035,0.39638828650057273,106.63524700178176,0,90,3.0,8,0.6007267423047786
10.04,0.38574763795443656,100.51222268984526,0,90,3.0,8,0.4744788183473249
10.045,0.36864417891908974,95.03342954567974,0,90,3.0,8,0.3615140112511286
10.05,0.345965766895568,90.51937551821848,0,90,3.0,8,0.2684407323344017
10.055,0.3188456651783249,87.0899623785511,0,90,3.0,8,0.1977311830629094
10.06,0.28856891614190205,84.70403859301403,0,90,3.0,8,0.1485368782064749
10.065,0.2564721553719815,83.21803786777781,0,90,3.0,8,0.11789768799541875
10.07,0.22384764873847685,82.44396448813953,0,90,3.0,8,0.1019374121265882
10.075,0.19186090753201765,82.19384441375703,0,90,3.0,8,0.09678029719086668
10.08,0.16148868344343878,82.30602436330493,0,90,3.0,8,0.09909328584133872
10.085,0.1334809643017881,82.65514723512985,0,90,3.0,8,0.10629169556968754
10.09,0.10834733138818531,83.15091306925933,0,90,3.0,8,0.11651367153112024
10.095,0.08636519236690572,83.73116053721081,0,90,3.0,8,0.12847753684970747
10.1,0.06760532616242629,84.35352751412901,0,90,3.0,8,0.1413098456521446
10.105,0.05196904332202373,84.988162019471,0,90,3.0,8,0.1543950931849692
10.11,0.03923107185803287,85.61243627372812,0,90,3.0,8,0.16726672729336334
10.115,0.02908287038705761,86.20766235021242,0,90,3.0,8,0.17953942990128693
10.12,0.02117220077308346,86.75737840114627,0,90,3.0,8,0.19087378146693337
10.125,0.0151361834125735,87.24669041211017,0,90,3.0,8,0.200962688909488
10.13,0.010626454858290009,87.66223561673164,0,90,3.0,8,0.20953063127281724
10.135,0.007326255555493652,87.99245861796106,0,90,3.0,8,0.21633935294765078
10.14,0.004960179211183015,88.22800094208027,0,90,3.0,8,0.22119589571299528
10.145,0.0032978759379303545,88.36208251802232,0,90,3.0,8,0.22396046428911998
10.15,0.002153242296767213,88.3908031202982,0,90,3.0,8,0.22455264165563302
10.155,0.001380616732225004,88.313322569792,0,90,3.0,8,0.22295510453179396
10.16,0.0008693106590991584,88.13189872855499,0,90,3.0,8,0.21921440677432963
10.165,0.000537524815942247,87.85177727674194,0,90,3.0,8,0.21343870673694726
10.17,0.0003263951340288585,87.48093946488271,0,90,3.0,8,0.20579256628624143
10.175,0.00019463030985187395,87.02972432038673,0,90,3.0,8,0.1964891612450873
10.18,0.00011397219555062695,86.51035011571695,0,90,3.0,8,0.18578041475705043
10.185,6.55403863487943e-05,85.93636593813538,0,90,3.0,8,0.17394568944609035
10.19,3.701184389455385e-05,85.3220676178811,0,90,3.0,8,0.16127974469857945
10.195,2.0525516217290957e-05,84.6819129313368,0,90,3.0,8,0.148080678996635
10.2,1.1178128483661116e-05,84.02996899291153,0,90,3.0,8,0.1346385359363203
10.205,5.978135409912517e-06,83.37942041297052,0,90,3.0,8,0.1212251631540313
10.21,3.1396702713238487e-06,82.74216065154886,0,90,3.0,8,0.10808578662987335
10.215,1.6192875458531019e-06,82.1284816903293,0,90,3.0,8,0.09543261217173804
10.22,8.201353897972012e-07,81.54686938374624,0,90,3.0,8,0.08344060585043796
10.225,4.0791415086824765e-07,81.00390431750586,0,90,3.0,8,0.07224544984548158
10.23,1.9923866938774793e-07,80.50426129419272,0,90,3.0,8,0.061943531839025075
10.235,9.556527981051257e-08,80.0507951370098,0,90,3.0,8,0.05259371416515051
10.24,4.501406988770349e-08,79.64469664134593,0,90,3.0,8,0.04422054930610166
10.245,0.0,79.28570032014531,0,90,3.0,8,0.036818563301965146
10.25,0.0,78.97232502831886,0,90,3.0,8,0.03035721707873945
10.255,0.0,78.70212942204091,0,90,3.0,8,0.024786173650328078
10.26,0.0,78.47196622074313,0,90,3.0,8,0.020040540633878907
10.265,0.0,78.27822204797289,0,90,3.0,8,0.016045815422121426
10.27,0.0,78.11703287434221,0,90,3.0,8,0.012722327306025044
10.275,0.0,77.98446843779352,0,90,3.0,8,0.009989039954505645
10.28,0.0,77.87668219124409,0,90,3.0,8,0.007766643118434765
10.285,0.0,77.79002611222023,0,90,3.0,8,0.005979919839592419
10.29,0.0,77.72113196608001,0,90,3.0,8,0.0045594219810311054
10.295,0.0,77.66696228011871,0,90,3.0,8,0.003442521239561037
10.3,0.0,77.62483536066372,0,90,3.0,8,0.0025739249621386353
10.305,0.0,77.59242921979414,0,90,3.0,8,0.0019057571091575505
10.31,0.0,77.5677693573691,0,90,3.0,8,0.0013973063375072496
10.315,0.0,77.54920507081805,0,90,3.0,8,0.0010145375426401475
10.32,0.0,77.53537844729509,0,90,3.0,8,0.0007294525215482013
10.325,0.0,77.52518953144987,0,90,3.0,8,0.0005193717824715101
10.33,0.0,77.51776044419957,0,90,3.0,8,0.0003661947257642661
10.335,0.0,77.51240052211861,0,90,3.0,8,0.00025568086842496865
10.34,0.0,77.50857390234358,0,90,3.0,8,0.00017678149162030733
10.345,0.0,77.50587042450613,0,90,3.0,8,0.0001210396805387185
10.35,0.0,77.50398027332128,0,90,3.0,8,8.20674911603147e-05
10.355,0.0,77.50267244451638,0,90,3.0,8,5.510194879129766e-05
10.36,0.0,77.5017768751459,0,90,3.0,8,3.6636600946249204e-05
10.365,0.0,77.50116992370694,0,90,3.0,8,2.4122138287409434e-05
10.37,0.0,77.50076279982322,0,90,3.0,8,1.5727831406616835e-05
10.375,0.0,77.50049251111884,0,90,3.0,8,1.015486842960076e-05
10.38,0.0,77.50031490090498,0,90,3.0,8,6.492802164579301e-06
10.385,0.0,77.50019938119357,0,90,3.0,8,4.110952444694028e-06
10.39,0.0,77.50012501061386,0,90,3.0,8,2.5775384300424175e-06
10.395,0.0,77.50007761791949,0,90,3.0,8,1.6003694739636784e-06
10.4,0.0,77.50004772319603,0,90,3.0,8,9.839834233647257e-07
10.405,0.0,77.50002905691196,0,90,3.0,8,5.991115867144208e-07
10.41,0.0,77.50001751950404,0,90,3.0,8,3.6122688744895996e-07
10.415,0.0,77.50001046035855,0,90,3.0,8,2.1567749593149407e-07
10.42,0.0,77.50000618477277,0,90,3.0,8,1.275210880854483e-07
10.425,0.0,77.5000036212069,0,90,3.0,8,7.466405980539065e-08
10.43,0.0,77.5000020995941,0,90,3.0,8,4.329059997074829e-08
10.435,0.001684486749771458,77.50000120550708,0,90,3.0,8,2.4855815989625268e-08
10.44,0.004172395771277602,77.50000068541972,0,90,3.0,8,1.4132365381040462e-08
10.445,0.009438687428818865,77.50000038591871,0,90,3.0,8,7.957086810756194e-09
10.45,0.019500507867137046,77.50000021517286,0,90,3.0,8,4.436553832213754e-09
10.455,0.03679496976339974,77.50000011880414,0,90,3.0,8,2.4495698573783677e-09
10.46,0.06340728953298436,77.5000000649573,0,90,3.0,8,1.3393258827302806e-09
10.465,0.09979255396093453,77.50000003517037,0,90,3.0,8,7.251623356779353e-10
10.47,0.14343835518453557,77.50000001885725,0,90,3.0,8,3.8880927801524053e-10
10.475,0.18829581417209276,77.50000001001226,0,90,3.0,8,2.064383028782592e-10
10.48,0.2257481735193119,77.50000000526427,0,90,3.0,8,1.0854162929277176e-10
10.485,0.24718154073554727,77.50000000274092,0,90,3.0,8,5.651378563287807e-11
10.49,0.24718154074102772,77.50000000141321,0,90,3.0,8,2.913840531975213e-11
10.495,0.22574817354072055,77.50000000072156,0,90,3.0,8,1.487744635390478e-11
10.5,0.18829581422840957,77.50000000036482,0,90,3.0,8,7.52208375770445e-12
10.505,0.14343835532456656,77.50000000018267,0,90,3.0,8,3.766316010499104e-12
10.51,0.09979255431561854,77.50000000009057,0,90,3.0,8,1.8673356103089148e-12
10.515,0.06340729067170194,77.50000000004447,0,90,3.0,8,9.16819884615816e-13
10.52,0.03679497683410042,77.50000000002161,0,90,3.0,8,4.4566412416128344e-13
10.525,0.019500578284482293,77.5000000000104,0,90,3.0,8,2.1448135363974982e-13
10.53,0.009439396781978427,77.50000000000496,0,90,3.0,8,1.0225955248671133e-13
10.535,0.004178588733610924,77.50000000000234,0,90,3.0,8,4.834620676305836e-14
10.54,0.0017299316936037381,77.5000000000011,0,90,3.0,8,2.25615631560939e-14
10.545,0.0008997325756988589,77.50000000000051,0,90,3.0,8,1.0548263293758189e-14
10.55,0.001634769674224814,77.50000000000023,0,90,3.0,8,4.688117019448084e-15
10.555,0.00614904736476635,77.5000000000001,0,90,3.0,8,2.0510511960085364e-15
10.56,0.02168080359963608,77.50000000000004,0,90,3.0,8,8.790219411465157e-16
10.565,0.06433400338904088,77.50000000000001,0,90,3.0,8,2.9300731371550523e-16
10.57,0.1593410769217493,77.50000000000001,0,90,3.0,8,2.9300731371550523e-16
10.575,0.3291989194808569,77.5,0,90,3.0,8,0.0
10.58,0.5672906802982638,77.5,0,90,3.0,8,0.0
10.585,0.815339152120446,77.5,0,90,3.0,8,0.0
10.59,0.9768711246313155,77.5000028575978,1,90,3.0,8,5.8919542399643876e-08
10.595,0.9726380909165361,77.50000575945259,0,90,3.0,8,1.1875159982045045e-07
10.6,0.7921091683291741,77.50001247170877,0,90,3.0,8,2.571486344639141e-07
10.605,0.49139090102639077,77.5000302285082,0,90,3.0,8,6.232682101925974e-07
10.61,0.15739335672107918,77.50008277928515,0,90,3.0,8,1.7067893845565196e-06
10.615,-0.11102342218909485,77.50024711032393,0,90,3.0,8,5.095058225275896e-06
10.62,-0.2314207883647528,77.500761906128,0,90,3.0,8,1.570940470114036e-05
10.625,-0.2029124434754801,77.50232367895711,0,90,3.0,8,4.791090633219581e-05
10.63,-0.11151350554305876,77.50682980175638,0,90,3.0,8,0.00014082065477076134
10.635,-0.039430666652076896,77.5190818325946,0,90,3.0,8,0.00039343984731121776
10.64,-0.006087703519843621,77.55032658431828,0,90,3.0,8,0.0010376615323357632
10.645,0.005350271385530551,77.62486111399137,0,90,3.0,8,0.00257445595858499
10.65,0.010381647827441833,77.79089628192624,0,90,3.0,8,0.0059978614830151974
10.655,0.015115203303506243,78.13581030968653,0,90,3.0,8,0.013109490921371826
10.66,0.021170964062928475,78.80310418498046,0,90,3.0,8,0.02686812752537021
10.665,0.029082821134029553,80.0036503319219,0,90,3.0,8,0.05162165632828667
10.67,0.03923107061708144,82.00862464608667,0,90,3.0,8,0.09296133290900357
10.675,0.051969043308817596,85.1094351581589,0,90,3.0,8,0.15689557027131756
10.68,0.06760532616283861,89.53588442832962,0,90,3.0,8,0.24816256553256955
10.685,0.08636519236693461,95.34067984553826,0,90,3.0,8,0.36784906898017034
10.69,0.10834733138818661,102.2828802504138,0,90,3.0,8,0.5109872216580165
10.695,0.1334809643017884,109.76314796610146,0,90,3.0,8,0.6652195456928135
10.7,0.16148868344343945,116.8635603773981,0,90,3.0,8,0.8116198015958371
10.705,0.191860907532018,122.51408790040378,0,90,3.0,8,0.9281255237196656
10.71,0.22384764873847726,125.75350534267997,0,90,3.0,8,0.9949176359315458
10.715,0.25647215537198226,126.0,0,90,3.0,8,1.0
10.72,0.2885689161419028,123.22762570772198,0,90,3.0,8,0.9428376434581852
10.725,0.31884566517832524,117.97571147104895,0,90,3.0,8,0.8345507519803907
10.73,0.3459657668955683,111.18720976466966,0,90,3.0,8,0.6945816446323642
10.735,0.3686441789190902,103.94297749733238,0,90,3.0,8,0.5452160308728325
10.74,0.3857476379544367,97.19497900171685,0,90,3.0,8,0.4060820412725123
10.745,0.3963882865005728,91.58715852017986,0,90,3.0,8,0.2904568767047393
10.75,0.4,87.40231943688003,0,90,3.0,8,0.20417153478103164
10.755,0.39638828650057273,84.61776733767618,0,90,3.0,8,0.14675808943662236
10.76,0.38574763795443656,83.01870255620567,0,90,3.0,8,0.11378768157125088
10.765,0.36864417891908974,82.31532374904685,0,90,3.0,8,0.09928502575354338
10.77,0.345965766895568,82.22852513749818,0,90,3.0,8,0.0974953636597563
10.775,0.3188456651783249,82.53379724975913,0,90,3.0,8,0.10378963401565221
10.78,0.28856891614190205,83.07090796955741,0,90,3.0,8,0.11486408184654455
10.785,0.2564721553719815,83.73393365366984,0,90,3.0,8,0.12853471450865642
10.79,0.22384764873847685,84.45472567769907,0,90,3.0,8,0.1433964057257541
10.795,0.19186090753201765,85.18779931345597,0,90,3.0,8,0.15851132605063853
10.8,0.16148868344343878,85.89973780936282,0,90,3.0,8,0.1731904702961406
10.805,0.1334809643017881,86.56315147784285,0,90,3.0,8,0.18686910263593506
10.81,0.10834733138818531,87.15399280259183,0,90,3.0,8,0.1990513979915841
10.815,0.08636519236690572,87.65090403830237,0,90,3.0,8,0.20929699048046127
10.82,0.06760532616242629,88.03559075757407,0,90,3.0,8,0.21722867541389834
10.825,0.05196904332202373,88.2935803580661,0,90,3.0,8,0.22254804861991948
10.83,0.03923107185803287,88.41499512294472,0,90,3.0,8,0.22505144583391168
10.835,0.02908287038705761,88.3951361310454,0,90,3.0,8,0.2246419820834104
10.84,0.02117220077308346,88.23477150863336,0,90,3.0,8,0.22133549502336822
10.845,0.0151361834125735,87.94008324256698,0,90,3.0,9,0.2152594483003502
10.85,0.010626454858290009,87.52227066579813,0,90,3.0,9,0.20664475599583776
10.855,0.007326255555493652,86.99684394559772,0,90,3.0,9,0.19581121537314883
10.86,0.004960179211183015,86.38266910719653,0,90,3.0,9,0.18314781664322752
10.865,0.0032978759379303545,85.70084635302014,0,90,3.0,9,0.16908961552618845
10.87,0.002153242296767213,84.97351438020993,0,90,3.0,9,0.15409308000432853
10.875,0.001380616732225004,84.22267447021218,0,90,3.0,9,0.13861184474664295
10.88,0.0008693106590991584,83.46911983680923,0,90,3.0,9,0.12307463581049953
10.885,0.000537524815942247,82.73153966075022,0,90,3.0,9,0.10786679712887041
10.89,0.0003263951340288585,82.02584581584142,0,90,3.0,9,0.09331640857404992
10.895,0.00019463030985187395,81.36474634664565,0,90,3.0,9,0.07968549168341538
10.9,0.00011397219555062695,80.75756615651035,0,90,3.0,9,0.06716631250536804
10.905,6.55403863487943e-05,80.21029461204587,0,90,3.0,9,0.05588236313496642
10.91,3.701184389455385e-05,79.72582372581968,0,90,3.0,9,0.04589327269731299
10.915,2.0525516217290957e-05,79.30433029623575,0,90,3.0,9,0.037202686520324685
10.92,1.1178128483661116e-05,78.94375108500397,0,90,3.0,9,0.02976806360832922
10.925,5.978135409912517e-06,78.6403012861791,0,90,3.0,9,0.023511366725342178
10.93,3.1396702713238487e-06,78.38899212332203,0,90,3.0,9,0.01832973450148508
10.935,1.6192875458531019e-06,78.18411201851102,0,90,3.0,9,0.014105402443526096
10.94,8.201353897972012e-07,78.01964593661293,0,90,3.0,9,0.010714349208514058
10.945,4.0791415086824765e-07,77.88961786250023,0,90,3.0,9,0.008033357989695478
10.95,1.9923866938774793e-07,77.78835082046433,0,90,3.0,9,0.00594537774153259
10.955,9.556527981051257e-08,77.71064663791375,0,90,3.0,9,0.004343229647706275
10.96,4.501406988770349e-08,77.65189339194916,0,90,3.0,9,0.003131822514415644
10.965,0.0,77.60811208361164,0,90,3.0,9,0.002229115126013279
10.97,0.0,77.57595574061222,0,90,3.0,9,0.0015660977445817639
10.975,0.0,77.55267420338132,0,90,3.0,9,0.0010860660490992786
10.98,0.0,77.53605673168623,0,90,3.0,9,0.0007434377667263946
10.985,0.0,77.5243627185632,0,90,3.0,9,0.0005023240940865256
10.99,0.0,77.5162486074524,0,90,3.0,9,0.00033502283407003855
10.995,0.0,77.51069689058352,0,90,3.0,9,0.00022055444502097765
11.0,0.0,77.50695104289521,0,90,3.0,9,0.00014332047206618516
11.005,0.0,77.50445854743928,0,90,3.0,9,9.192881318112667e-05
11.01,0.0,77.50282285014478,0,90,3.0,9,5.820309576868745e-05
11.015,0.0,77.50176414087863,0,90,3.0,9,3.6374038734734734e-05
11.02,0.0,77.50108825259593,0,90,3.0,9,2.243819785432147e-05
11.025,0.0,77.50066263926765,0,90,3.0,9,1.3662665312272252e-05
11.03,0.0,77.5003982682018,0,90,3.0,9,8.21171550115913e-06
11.035,0.0,77.50023627899034,0,90,3.0,9,4.871731759648515e-06
11.04,0.0,77.50013836478986,0,90,3.0,9,2.8528822651972487e-06
11.045,0.0,77.50007997920402,0,90,3.0,9,1.6490557529262322e-06
11.05,0.0,77.50004563305828,0,90,3.0,9,9.408877995437504e-07
11.055,0.0,77.50002569999755,0,90,3.0,9,5.298968567120065e-07
11.06,0.001684486749771458,77.50001428688657,0,90,3.0,9,2.9457498078382865e-07
11.065,0.004172395771277602,77.50000783958583,0,90,3.0,9,1.6164094502753344e-07
11.07,0.009438687428818865,77.50000424619222,0,90,3.0,9,8.755035503444439e-08
11.075,0.019500507867137046,77.50000227016378,0,90,3.0,9,4.68075005376226e-08
11.08,0.03679496976339974,77.5000011980246,0,90,3.0,9,2.4701538262720017e-08
11.085,0.06340728953298436,77.50000062405849,0,90,3.0,9,1.2867185292053205e-08
11.09,0.09979255396093453,77.50000032087499,0,90,3.0,9,6.61597915055121e-09
11.095,0.14343835518453557,77.50000016285362,0,90,3.0,9,3.3578066787535154e-09
11.1,0.18829581417209276,77.50000008158494,0,90,3.0,9,1.682163778260127e-09
11.105,0.2257481735193119,77.50000004034351,0,90,3.0,9,8.318249090678495e-10
11.11,0.24718154073554727,77.50000001969192,0,90,3.0,9,4.060190625863207e-10
11.115,0.24718154074102772,77.50000000948755,0,90,3.0,9,1.956195938339416e-10
11.12,0.22574817354072055,77.50000000451202,0,90,3.0,9,9.303128714124149e-11
11.125,0.18829581422840957,77.50000000211806,0,90,3.0,9,4.367127507272748e-11
11.13,0.14343835532456656,77.50000000098143,0,90,3.0,9,2.0235671099820222e-11
11.135,0.09979255431561854,77.50000000044888,0,90,3.0,9,9.255222018331663e-12
11.14,0.06340729067170194,77.50000000020265,0,90,3.0,9,4.178284293583105e-12
11.145,0.03679497683410042,77.50000000009031,0,90,3.0,9,1.862061478662036e-12
11.15,0.019500578284482293,77.50000000003972,0,90,3.0,9,8.189554418348371e-13
11.155,0.009439396781978427,77.50000000001725,0,90,3.0,9,3.5571087885062335e-13
11.16,0.004178588733610924,77.50000000000739,0,90,3.0,9,1.523638031320627e-13
11.165,0.0017299316936037381,77.50000000000313,0,90,3.0,9,6.446160901741115e-14
11.17,0.0008997325756988589,77.50000000000131,0,90,3.0,9,2.695667286182648e-14
11.175,0.001634769674224814,77.50000000000054,0,90,3.0,9,1.1134277921189199e-14
11.18,0.00614904736476635,77.50000000000021,0,90,3.0,9,4.395109705732579e-15
11.185,0.02168080359963608,77.50000000000009,0,90,3.0,9,1.7580438822930315e-15
11.19,0.06433400338904088,77.50000000000003,0,90,3.0,9,5.860146274310105e-16
11.195,0.1593410769217493,77.50000000000001,0,90,3.0,9,2.9300731371550523e-16
11.2,0.3291989194808569,77.5,0,90,3.0,9,0.0
11.205,0.5672906802982638,77.5,0,90,3.0,9,0.0
11.21,0.815339152120446,77.5,0,90,3.0,9,0.0
11.215,0.9768711246313155,77.5,1,90,3.0,9,0.0
11.22,0.9726380909165361,77.5,0,90,3.0,9,0.0
11.225,0.7921091683291741,77.5,0,90,3.0,9,0.0
11.23,0.49139090102639077,77.5,0,90,3.0,9,0.0
11.235,0.15739335672107918,77.5,0,90,3.0,9,0.0
11.24,-0.11102342218909485,77.5,0,90,3.0,9,0.0
11.245,-0.2314207883647528,77.5,0,90,3.0,9,0.0
11.25,-0.2029124434754801,77.5,0,90,3.0,9,0.0
11.255,-0.11151350554305876,77.5,0,90,3.0,9,0.0
11.26,-0.039430666652076896,77.5,0,90,3.0,9,0.0
11.265,-0.006087703519843621,77.5,0,90,3.0,9,0.0
11.27,0.005350271385530551,77.5,0,90,3.0,9,0.0
11.275,0.010381647827441833,77.5,0,90,3.0,9,0.0
11.28,0.015115203303506243,77.5,0,90,3.0,9,0.0
11.285,0.021170964062928475,77.5,0,90,3.0,9,0.0
11.29,0.029082821134029553,77.5,0,90,3.0,9,0.0
11.295,0.03923107061708144,77.5,0,90,3.0,9,0.0
11.3,0.051969043308817596,77.5,0,90,3.0,9,0.0
11.305,0.06760532616283861,77.5,0,90,3.0,9,0.0
11.31,0.08636519236693461,77.5,0,90,3.0,9,0.0
11.315,0.10834733138818661,77.5,0,90,3.0,9,0.0
11.32,0.1334809643017884,77.5,0,90,3.0,9,0.0
11.325,0.16148868344343945,77.5,0,90,3.0,9,0.0
11.33,0.191860907532018,77.5,0,90,3.0,9,0.0
11.335,0.22384764873847726,77.5,0,90,3.0,9,0.0
11.34,0.25647215537198226,77.5,0,90,3.0,9,0.0
11.345,0.2885689161419028,77.5,0,90,3.0,9,0.0
11.35,0.31884566517832524,77.5,0,90,3.0,9,0.0
11.355,0.3459657668955683,77.5,0,90,3.0,9,0.0
11.36,0.3686441789190902,77.5,0,90,3.0,9,0.0
11.365,0.3857476379544367,77.5,0,90,3.0,9,0.0
11.37,0.3963882865005728,77.5,0,90,3.0,9,0.0
11.375,0.4,77.5,0,90,3.0,9,0.0
11.38,0.39638828650057273,77.5,0,90,3.0,9,0.0
11.385,0.38574763795443656,77.5,0,90,3.0,9,0.0
11.39,0.36864417891908974,77.5,0,90,3.0,9,0.0
11.395,0.345965766895568,77.5,0,90,3.0,9,0.0
11.4,0.3188456651783249,77.5,0,90,3.0,9,0.0
11.405,0.28856891614190205,77.5,0,90,3.0,9,0.0
11.41,0.2564721553719815,77.5,0,90,3.0,9,0.0
11.415,0.22384764873847685,77.5,0,90,3.0,9,0.0
11.42,0.19186090753201765,77.5,0,90,3.0,9,0.0
11.425,0.16148868344343878,77.5,0,90,3.0,9,0.0
11.43,0.1334809643017881,77.5,0,90,3.0,9,0.0
11.435,0.10834733138818531,77.5,0,90,3.0,9,0.0
11.44,0.08636519236690572,77.5,0,90,3.0,9,0.0
11.445,0.06760532616242629,77.5,0,90,3.0,9,0.0
11.45,0.05196904332202373,77.5,0,90,3.0,9,0.0
11.455,0.03923107185803287,77.5,0,90,3.0,9,0.0
11.46,0.02908287038705761,77.5,0,90,3.0,9,0.0
11.465,0.02117220077308346,77.5,0,90,3.0,9,0.0
11.47,0.0151361834125735,77.5,0,90,3.0,9,0.0
11.475,0.010626454858290009,77.5,0,90,3.0,9,0.0
11.48,0.007326255555493652,77.5,0,90,3.0,9,0.0
11.485,0.004960179211183015,77.5,0,90,3.0,9,0.0
11.49,0.0032978759379303545,77.5,0,90,3.0,9,0.0
11.495,0.002153242296767213,77.5,0,90,3.0,9,0.0
11.5,0.001380616732225004,77.5,0,90,3.0,9,0.0
11.505,0.0008693106590991584,77.5,0,90,3.0,9,0.0
11.51,0.000537524815942247,77.5,0,90,3.0,9,0.0
11.515,0.0003263951340288585,77.5,0,90,3.0,9,0.0
11.52,0.00019463030985187395,77.5,0,90,3.0,9,0.0
11.525,0.00011397219555062695,77.5,0,90,3.0,9,0.0
11.53,6.55403863487943e-05,77.5,0,90,3.0,9,0.0
11.535,3.701184389455385e-05,77.5,0,90,3.0,9,0.0
11.54,2.0525516217290957e-05,77.5,0,90,3.0,9,0.0
11.545,1.1178128483661116e-05,77.5,0,90,3.0,9,0.0
11.55,5.978135409912517e-06,77.5,0,90,3.0,9,0.0
11.555,3.1396702713238487e-06,77.5,0,90,3.0,9,0.0
11.56,1.6192875458531019e-06,77.5,0,90,3.0,9,0.0
11.565,8.201353897972012e-07,77.5,0,90,3.0,9,0.0
11.57,4.0791415086824765e-07,77.5,0,90,3.0,9,0.0
11.575,1.9923866938774793e-07,77.5,0,90,3.0,9,0.0
11.58,9.556527981051257e-08,77.5,0,90,3.0,9,0.0
11.585,4.501406988770349e-08,77.5,0,90,3.0,9,0.0
11.59,0.0,77.5,0,90,3.0,9,0.0
11.595,0.0,77.5,0,90,3.0,9,0.0
11.6,0.0,77.5,0,90,3.0,9,0.0
11.605,0.0,77.5,0,90,3.0,9,0.0
11.61,0.0,77.5,0,90,3.0,9,0.0
11.615,0.0,77.5,0,90,3.0,9,0.0
11.62,0.0,77.5,0,90,3.0,9,0.0
11.625,0.0,77.5,0,90,3.0,9,0.0
11.63,0.0,77.5,0,90,3.0,9,0.0
11.635,0.0,77.5,0,90,3.0,9,0.0
11.64,0.0,77.5,0,90,3.0,9,0.0
11.645,0.0,77.5,0,90,3.0,9,0.0
11.65,0.0,77.5,0,90,3.0,9,0.0
11.655,0.0,77.5,0,90,3.0,9,0.0
11.66,0.0,77.5,0,90,3.0,9,0.0
11.665,0.0,77.5,0,90,3.0,9,0.0
11.67,0.0,77.5,0,90,3.0,9,0.0
11.675,0.0,77.5,0,90,3.0,9,0.0
11.68,0.0,77.5,0,90,3.0,9,0.0
11.685,0.0,77.5,0,90,3.0,9,0.0
11.69,0.0,77.5,0,90,3.0,9,0.0
11.695,0.0,77.5,0,90,3.0,9,0.0
11.7,0.0,77.5,0,90,3.0,9,0.0
11.705,0.0,77.5,0,90,3.0,9,0.0
11.71,0.0,77.5,0,90,3.0,9,0.0
11.715,0.0,77.5,0,90,3.0,9,0.0
11.72,0.0,77.5,0,90,3.0,9,0.0
11.725,0.0,77.5,0,90,3.0,9,0.0
11.73,0.0,77.5,0,90,3.0,9,0.0
11.735,0.0,77.5,0,90,3.0,9,0.0
11.74,0.0,77.5,0,90,3.0,9,0.0
11.745,0.0,77.5,0,90,3.0,9,0.0
11.75,0.0,77.5,0,90,3.0,9,0.0
11.755,0.0,77.5,0,90,3.0,9,0.0
11.76,0.0,77.5,0,90,3.0,9,0.0
11.765,0.0,77.5,0,90,3.0,9,0.0
11.77,0.0,77.5,0,90,3.0,9,0.0
11.775,0.0,77.5,0,90,3.0,9,0.0
11.78,0.0,77.5,0,90,3.0,9,0.0
11.785,0.0,77.5,0,90,3.0,9,0.0
11.79,0.0,77.5,0,90,3.0,9,0.0
11.795,0.0,77.5,0,90,3.0,9,0.0
11.8,0.0,77.5,0,90,3.0,9,0.0
11.805,0.0,77.5,0,90,3.0,9,0.0
11.81,0.0,77.5,0,90,3.0,9,0.0
11.815,0.0,77.5,0,90,3.0,9,0.0
11.82,0.0,77.5,0,90,3.0,9,0.0
11.825,0.0,77.5,0,90,3.0,9,0.0
11.83,0.0,77.5,0,90,3.0,9,0.0
11.835,0.0,77.5,0,90,3.0,9,0.0
11.84,0.0,77.5,0,90,3.0,9,0.0
11.845,0.0,77.5,0,90,3.0,9,0.0
11.85,0.0,77.5,0,90,3.0,9,0.0
11.855,0.0,77.5,0,90,3.0,9,0.0
11.86,0.0,77.5,0,90,3.0,9,0.0
11.865,0.0,77.5,0,90,3.0,9,0.0
11.87,0.0,77.5,0,90,3.0,9,0.0
11.875,0.0,77.5,0,90,3.0,9,0.0
11.88,0.0,77.5,0,90,3.0,9,0.0
11.885,0.0,77.5,0,90,3.0,9,0.0
11.89,0.0,77.5,0,90,3.0,9,0.0
11.895,0.0,77.5,0,90,3.0,9,0.0
11.9,0.0,77.5,0,90,3.0,9,0.0
11.905,0.0,77.5,0,90,3.0,9,0.0
11.91,0.0,77.5,0,90,3.0,9,0.0
11.915,0.0,77.5,0,90,3.0,9,0.0
11.92,0.0,77.5,0,90,3.0,9,0.0
11.925,0.0,77.5,0,90,3.0,9,0.0
11.93,0.0,77.5,0,90,3.0,9,0.0
11.935,0.0,77.5,0,90,3.0,9,0.0
11.94,0.0,77.5,0,90,3.0,9,0.0
11.945,0.0,77.5,0,90,3.0,9,0.0
11.95,0.0,77.5,0,90,3.0,9,0.0
11.955,0.0,77.5,0,90,3.0,9,0.0
11.96,0.0,77.5,0,90,3.0,9,0.0
11.965,0.0,77.5,0,90,3.0,9,0.0
11.97,0.0,77.5,0,90,3.0,9,0.0
11.975,0.0,77.5,0,90,3.0,9,0.0
11.98,0.0,77.5,0,90,3.0,9,0.0
11.985,0.0,77.5,0,90,3.0,9,0.0
11.99,0.0,77.5,0,90,3.0,9,0.0
11.995,0.0,77.5,0,90,3.0,9,0.0
