Time,ECG,Pressure,R_Peaks,mean_hr,hrv_scale,Phase_Bin,Normalized_Pressure
0.0,0.001684486749771458,77.5,0,90,3.0,0,0.0
0.005,0.004172395771277602,77.5,0,90,3.0,0,0.0
0.01,0.009438687428818865,77.5,0,90,3.0,0,0.0
0.015,0.019500507867137046,77.5,0,90,3.0,0,0.0
0.02,0.03679496976339974,77.5,0,90,3.0,0,0.0
0.025,0.06340728953298436,77.5,0,90,3.0,0,0.0
0.03,0.09979255396093453,77.5,0,90,3.0,0,0.0
0.035,0.14343835518453557,77.5,0,90,3.0,0,0.0
0.04,0.18829581417209276,77.5,0,90,3.0,0,0.0
0.045,0.2257481735193119,77.5,0,90,3.0,0,0.0
0.05,0.24718154073554727,77.5,0,90,3.0,0,0.0
0.055,0.24718154074102772,77.5,0,90,3.0,0,0.0
0.06,0.22574817354072055,77.5,0,90,3.0,0,0.0
0.065,0.18829581422840957,77.5,0,90,3.0,0,0.0
0.07,0.14343835532456656,77.5,0,90,3.0,0,0.0
0.075,0.09979255431561854,77.5,0,90,3.0,0,0.0
0.08,0.06340729067170194,77.5,0,90,3.0,0,0.0
0.085,0.03679497683410042,77.5,0,90,3.0,0,0.0
0.09,0.019500578284482293,77.5,0,90,3.0,0,0.0
0.095,0.009439396781978427,77.5,0,90,3.0,0,0.0
0.1,0.004178588733610924,77.5,0,90,3.0,0,0.0
0.105,0.0017299316936037381,77.5,0,90,3.0,0,0.0
0.11,0.0008997325756988589,77.5,0,90,3.0,0,0.0
0.115,0.001634769674224814,77.5,0,90,3.0,0,0.0
0.12,0.00614904736476635,77.5,0,90,3.0,0,0.0
0.125,0.02168080359963608,77.5,0,90,3.0,0,0.0
0.13,0.06433400338904088,77.5,0,90,3.0,0,0.0
0.135,0.1593410769217493,77.5,0,90,3.0,0,0.0
0.14,0.3291989194808569,77.5,0,90,3.0,0,0.0
0.145,0.5672906802982638,77.5,0,90,3.0,0,0.0
0.15,0.815339152120446,77.5,0,90,3.0,0,0.0
0.155,0.9768711246313155,77.5,0,90,3.0,0,0.0
0.16,0.9726380909165361,77.5,0,90,3.0,0,0.0
0.165,0.7921091683291741,77.5,0,90,3.0,0,0.0
0.17,0.49139090102639077,77.5,0,90,3.0,0,0.0
0.175,0.15739335672107918,77.5,0,90,3.0,0,0.0
0.18,-0.11102342218909485,77.5,0,90,3.0,0,0.0
0.185,-0.2314207883647528,77.5,0,90,3.0,0,0.0
0.19,-0.2029124434754801,77.5,0,90,3.0,0,0.0
0.195,-0.11151350554305876,77.5,0,90,3.0,0,0.0
0.2,-0.039430666652076896,77.5,0,90,3.0,0,0.0
0.205,-0.006087703519843621,77.5,0,90,3.0,0,0.0
0.21,0.005350271385530551,77.5,0,90,3.0,0,0.0
0.215,0.010381647827441833,77.5,0,90,3.0,0,0.0
0.22,0.015115203303506243,77.5,0,90,3.0,0,0.0
0.225,0.021170964062928475,77.5,0,90,3.0,0,0.0
0.23,0.029082821134029553,77.5,0,90,3.0,0,0.0
0.235,0.03923107061708144,77.5,0,90,3.0,0,0.0
0.24,0.051969043308817596,77.5,0,90,3.0,0,0.0
0.245,0.06760532616283861,77.5,0,90,3.0,0,0.0
0.25,0.08636519236693461,77.5,0,90,3.0,0,0.0
0.255,0.10834733138818661,77.5,0,90,3.0,0,0.0
0.26,0.1334809643017884,77.5,0,90,3.0,0,0.0
0.265,0.16148868344343945,77.5,0,90,3.0,0,0.0
0.27,0.191860907532018,77.5,0,90,3.0,0,0.0
0.275,0.22384764873847726,77.5,0,90,3.0,0,0.0
0.28,0.25647215537198226,77.5,0,90,3.0,0,0.0
0.285,0.2885689161419028,77.5,0,90,3.0,0,0.0
0.29,0.31884566517832524,77.5,0,90,3.0,0,0.0
0.295,0.3459657668955683,77.5,0,90,3.0,0,0.0
0.3,0.3686441789190902,77.5,0,90,3.0,0,0.0
0.305,0.3857476379544367,77.5,0,90,3.0,0,0.0
0.31,0.3963882865005728,77.5,0,90,3.0,0,0.0
0.315,0.4,77.5,0,90,3.0,0,0.0
0.32,0.39638828650057273,77.5,0,90,3.0,0,0.0
0.325,0.38574763795443656,77.5,0,90,3.0,0,0.0
0.33,0.36864417891908974,77.5,0,90,3.0,0,0.0
0.335,0.345965766895568,77.5,0,90,3.0,0,0.0
0.34,0.3188456651783249,77.5,0,90,3.0,0,0.0
0.345,0.28856891614190205,77.5,0,90,3.0,0,0.0
0.35,0.2564721553719815,77.5,0,90,3.0,0,0.0
0.355,0.22384764873847685,77.5,0,90,3.0,0,0.0
0.36,0.19186090753201765,77.5,0,90,3.0,0,0.0
0.365,0.16148868344343878,77.5,0,90,3.0,0,0.0
0.37,0.1334809643017881,77.5,0,90,3.0,0,0.0
0.375,0.10834733138818531,77.5,0,90,3.0,0,0.0
0.38,0.08636519236690572,77.5,0,90,3.0,0,0.0
0.385,0.06760532616242629,77.5,0,90,3.0,0,0.0
0.39,0.05196904332202373,77.5,0,90,3.0,0,0.0
0.395,0.03923107185803287,77.5,0,90,3.0,0,0.0
0.4,0.02908287038705761,77.5,0,90,3.0,0,0.0
0.405,0.02117220077308346,77.5,0,90,3.0,0,0.0
0.41,0.0151361834125735,77.5,0,90,3.0,0,0.0
0.415,0.010626454858290009,77.5,0,90,3.0,0,0.0
0.42,0.007326255555493652,77.5,0,90,3.0,0,0.0
0.425,0.004960179211183015,77.5,0,90,3.0,0,0.0
0.43,0.0032978759379303545,77.5,0,90,3.0,0,0.0
0.435,0.002153242296767213,77.5,0,90,3.0,0,0.0
0.44,0.001380616732225004,77.5,0,90,3.0,0,0.0
0.445,0.0008693106590991584,77.5,0,90,3.0,0,0.0
0.45,0.000537524815942247,77.5,0,90,3.0,0,0.0
0.455,0.0003263951340288585,77.5,0,90,3.0,0,0.0
0.46,0.00019463030985187395,77.5,0,90,3.0,0,0.0
0.465,0.00011397219555062695,77.5,0,90,3.0,0,0.0
0.47,6.55403863487943e-05,77.5,0,90,3.0,0,0.0
0.475,3.701184389455385e-05,77.5,0,90,3.0,0,0.0
0.48,2.0525516217290957e-05,77.5,0,90,3.0,0,0.0
0.485,1.1178128483661116e-05,77.5,0,90,3.0,0,0.0
0.49,5.978135409912517e-06,77.5,0,90,3.0,0,0.0
0.495,3.1396702713238487e-06,77.5,0,90,3.0,0,0.0
0.5,1.6192875458531019e-06,77.5,0,90,3.0,0,0.0
0.505,8.201353897972012e-07,77.5,0,90,3.0,0,0.0
0.51,4.0791415086824765e-07,77.5,0,90,3.0,0,0.0
0.515,1.9923866938774793e-07,77.5,0,90,3.0,0,0.0
0.52,9.556527981051257e-08,77.5,0,90,3.0,0,0.0
0.525,4.501406988770349e-08,77.5,0,90,3.0,0,0.0
0.53,0.0,77.5,0,90,3.0,0,0.0
0.535,0.0,77.5,0,90,3.0,0,0.0
0.54,0.0,77.5,0,90,3.0,0,0.0
0.545,0.0,77.5,0,90,3.0,0,0.0
0.55,0.0,77.5,0,90,3.0,0,0.0
0.555,0.0,77.5,0,90,3.0,0,0.0
0.56,0.0,77.5,0,90,3.0,0,0.0
0.565,0.0,77.5,0,90,3.0,0,0.0
0.57,0.0,77.5,0,90,3.0,0,0.0
0.575,0.0,77.5,0,90,3.0,0,0.0
0.58,0.0,77.5,0,90,3.0,0,0.0
0.585,0.0,77.5,0,90,3.0,0,0.0
0.59,0.0,77.5,0,90,3.0,0,0.0
0.595,0.0,77.5,0,90,3.0,0,0.0
0.6,0.0,77.5,0,90,3.0,0,0.0
0.605,0.0,77.5,0,90,3.0,0,0.0
0.61,0.0,77.5,0,90,3.0,0,0.0
0.615,0.0,77.5,0,90,3.0,0,0.0
0.62,0.0,77.5,0,90,3.0,0,0.0
0.625,0.001684486749771458,77.5,0,90,3.0,0,0.0
0.63,0.004172395771277602,77.5,0,90,3.0,0,0.0
0.635,0.009438687428818865,77.5,0,90,3.0,0,0.0
0.64,0.019500507867137046,77.5,0,90,3.0,0,0.0
0.645,0.03679496976339974,77.5,0,90,3.0,0,0.0
0.65,0.06340728953298436,77.5,0,90,3.0,0,0.0
0.655,0.09979255396093453,77.5,0,90,3.0,0,0.0
0.66,0.14343835518453557,77.5,0,90,3.0,0,0.0
0.665,0.18829581417209276,77.5,0,90,3.0,0,0.0
0.67,0.2257481735193119,77.5,0,90,3.0,0,0.0
0.675,0.24718154073554727,77.5,0,90,3.0,0,0.0
0.68,0.24718154074102772,77.5,0,90,3.0,0,0.0
0.685,0.22574817354072055,77.5,0,90,3.0,0,0.0
0.69,0.18829581422840957,77.5,0,90,3.0,0,0.0
0.695,0.14343835532456656,77.5,0,90,3.0,0,0.0
0.7,0.09979255431561854,77.5,0,90,3.0,0,0.0
0.705,0.06340729067170194,77.5,0,90,3.0,0,0.0
0.71,0.03679497683410042,77.5,0,90,3.0,0,0.0
0.715,0.019500578284482293,77.5,0,90,3.0,0,0.0
0.72,0.009439396781978427,77.5,0,90,3.0,0,0.0
0.725,0.004178588733610924,77.5,0,90,3.0,0,0.0
0.73,0.0017299316936037381,77.5,0,90,3.0,0,0.0
0.735,0.0008997325756988589,77.5,0,90,3.0,0,0.0
0.74,0.001634769674224814,77.5,0,90,3.0,0,0.0
0.745,0.00614904736476635,77.5,0,90,3.0,0,0.0
0.75,0.02168080359963608,77.5,0,90,3.0,0,0.0
0.755,0.06433400338904088,77.5,0,90,3.0,0,0.0
0.76,0.1593410769217493,77.5,0,90,3.0,0,0.0
0.765,0.3291989194808569,77.5,0,90,3.0,0,0.0
0.77,0.5672906802982638,77.5,0,90,3.0,0,0.0
0.775,0.815339152120446,77.5,0,90,3.0,0,0.0
0.78,0.9768711246313155,77.50000285188469,1,90,3.0,0,5.88017461343474e-08
0.785,0.9726380909165361,77.500005472104,0,90,3.0,0,1.1282688645449e-07
0.79,0.7921091683291741,77.50001114553572,0,90,3.0,0,2.2980486026370402e-07
0.795,0.49139090102639077,77.50002494746741,0,90,3.0,0,5.143807713241201e-07
0.8,0.15739335672107918,77.50006223014493,0,90,3.0,0,1.283095771835169e-06
0.805,-0.11102342218909485,77.5001692753466,0,90,3.0,0,3.4902133318178834e-06
0.81,-0.2314207883647528,77.50048103204684,0,90,3.0,0,9.918186532683284e-06
0.815,-0.2029124434754801,77.50137207546508,0,90,3.0,0,2.8290215774943847e-05
0.82,-0.11151350554305876,77.50382388761822,0,90,3.0,0,7.884304367473877e-05
0.825,-0.039430666652076896,77.51025255192553,0,90,3.0,0,0.00021139282320685189
0.83,-0.006087703519843621,77.52622730260188,0,90,3.0,0,0.0005407691258119953
0.835,0.005350271385530551,77.56373480349473,0,90,3.0,0,0.0013141196596850547
0.84,0.010381647827441833,77.64679192528084,0,90,3.0,0,0.0030266376346564368
0.845,0.015115203303506243,77.82003264790949,0,90,3.0,0,0.006598611297102794
0.85,0.021170964062928475,78.16002289075324,0,90,3.0,0,0.013608719396974014
0.855,0.029082821134029553,78.78715565839514,0,90,3.0,0,0.026539291925672906
0.86,0.03923107061708144,79.87309703665223,0,90,3.0,0,0.04892983580726239
0.865,0.051969043308817596,81.6357728352696,0,90,3.0,0,0.08527366670658981
0.87,0.06760532616283861,84.31274116702575,0,90,3.0,0,0.14046889004176802
0.875,0.08636519236693461,88.10699478553131,0,90,3.0,0,0.21870092341301678
0.88,0.10834733138818661,93.10840244452054,0,90,3.0,0,0.3218227308148564
0.885,0.1334809643017884,99.20787973600085,0,90,3.0,0,0.44758514919589376
0.89,0.16148868344343945,106.03465479272373,0,90,3.0,0,0.5883433977881181
0.895,0.191860907532018,112.95149073900936,0,90,3.0,0,0.7309585719383372
0.9,0.22384764873847726,119.13158563547512,0,90,3.0,0,0.8583832089788684
0.905,0.25647215537198226,123.71388588995438,0,90,3.0,0,0.9528636265969976
0.91,0.2885689161419028,126.0,0,90,3.0,0,1.0
0.915,0.31884566517832524,125.63168033832994,0,90,3.0,0,0.9924057801717514
0.92,0.3459657668955683,122.68717513676035,0,90,3.0,0,0.9316943327167081
0.925,0.3686441789190902,117.66114684156429,0,90,3.0,0,0.8280648833312224
0.93,0.3857476379544367,111.33557350136091,0,90,3.0,0,0.6976406907497096
0.935,0.3963882865005728,104.5882963007817,0,90,3.0,0,0.5585215732119939
0.94,0.4,98.20380090084146,0,90,3.0,0,0.4268824928008548
0.945,0.39638828650057273,92.74127363349305,0,90,3.0,0,0.31425306460810415
0.95,0.38574763795443656,88.48579720411917,0,90,3.0,0,0.22651128255915806
0.955,0.36864417891908974,85.47562070635212,0,90,3.0,0,0.16444578775983748
0.96,0.345965766895568,83.57616312899322,0,90,3.0,0,0.1252817139998601
0.965,0.3188456651783249,82.5659171942369,0,90,3.0,0,0.10445190091210109
0.97,0.28856891614190205,82.2077740060747,0,90,3.0,0,0.09706750527989073
0.975,0.2564721553719815,82.29359471173308,0,90,3.0,0,0.09883700436563048
0.98,0.22384764873847685,82.66255827345258,0,90,3.0,0,0.10644450048355825
0.985,0.19186090753201765,83.20095515387028,0,90,3.0,0,0.11754546709010891
0.99,0.16148868344343878,83.83258540626372,0,90,3.0,0,0.13056877126316943
0.995,0.1334809643017881,84.50688720883298,0,90,3.0,0,0.1444719012130511
1.0,0.10834733138818531,85.18879930614817,0,90,3.0,0,0.1585319444566633
1.005,0.08636519236690572,85.85174343024126,0,90,3.0,0,0.1722008954688919
1.01,0.06760532616242629,86.47356190947447,0,90,3.0,0,0.1850218950407107
1.015,0.05196904332202373,87.0346351717773,0,90,3.0,0,0.19659041591293394
1.02,0.03923107185803287,87.51735949791845,0,90,3.0,0,0.20654349480244225
1.025,0.02908287038705761,87.90635065364523,0,90,3.0,0,0.2145639310029945
1.03,0.02117220077308346,88.1889541011337,0,90,3.0,0,0.22039080620894233
1.035,0.0151361834125735,88.35580849564253,0,90,3.0,0,0.22383110300293885
1.04,0.010626454858290009,88.4013164549309,0,90,3.0,0,0.22476941144187437
1.045,0.007326255555493652,88.32394120303454,0,90,3.0,0,0.2231740454233925
1.05,0.004960179211183015,88.12628788072502,0,90,3.0,0,0.21909871919020651
1.055,0.0032978759379303545,87.8149564468404,0,90,3.0,0,0.21267951436784327
1.06,0.002153242296767213,87.40017534035806,0,90,3.0,0,0.20412732660532085
1.065,0.001380616732225004,86.89524350085946,0,90,3.0,0,0.1937163608424632
1.07,0.0008693106590991584,86.31582296936395,0,90,3.0,0,0.18176954576008145
1.075,0.000537524815942247,85.67913444059066,0,90,3.0,0,0.16864194722867337
1.08,0.0003263951340288585,85.00311320618148,0,90,3.0,0,0.15470336507590685
1.085,0.00019463030985187395,84.3055827268295,0,90,3.0,0,0.1403212933366907
1.09,0.00011397219555062695,83.60349793607864,0,90,3.0,0,0.12584531826966266
1.095,6.55403863487943e-05,82.91230113964602,0,90,3.0,0,0.11159383793084575
1.1,3.701184389455385e-05,82.24542123587032,0,90,3.0,0,0.09784373682206855
1.105,2.0525516217290957e-05,81.613933357956,0,90,3.0,0,0.08482336820527836
1.11,1.1178128483661116e-05,81.0263823663777,0,90,3.0,0,0.07270891477067429
1.115,5.978135409912517e-06,80.48876119719017,0,90,3.0,0,0.06162394221010664
1.12,3.1396702713238487e-06,80.00462491990231,0,90,3.0,0,0.05164175092582087
1.125,1.6192875458531019e-06,79.57531413717051,0,90,3.0,0,0.042789982209701205
1.13,8.201353897972012e-07,79.20025733794617,0,90,3.0,0,0.035056852328787
1.135,4.0791415086824765e-07,78.8773208986497,0,90,3.0,0,0.028398369044323704
1.14,1.9923866938774793e-07,78.60317721354771,0,90,3.0,0,0.02274592192881876
1.145,9.556527981051257e-08,78.37366531514834,0,90,3.0,0,0.01801371783811018
1.15,4.501406988770349e-08,78.18412359953327,0,90,3.0,0,0.014105641227490006
1.155,0.0,78.02968017202754,0,90,3.0,0,0.010921240660361643
1.16,0.0,77.90549221983429,0,90,3.0,0,0.008360664326480135
1.165,0.0,77.80693117491525,0,90,3.0,0,0.0063284778333041036
1.17,0.0,77.72971488846713,0,90,3.0,0,0.00473638945293049
1.175,0.0,77.66999140059843,0,90,3.0,0,0.003504977331926474
1.18,0.0,77.624381109498,0,90,3.0,0,0.002564558958721715
1.185,0.0,77.58998529958369,0,90,3.0,0,0.001855367001725527
1.19,0.0,77.56436923879633,0,90,3.0,0,0.001327200799924356
1.195,0.0,77.54552760933194,0,90,3.0,0,0.0009387135944730149
1.2,0.0,77.53183911478689,0,90,3.0,0,0.0006564765935441408
1.205,0.0,77.52201591751752,0,90,3.0,1,0.0004539364436602307
1.21,0.0,77.51505227902882,0,90,3.0,1,0.00031035626863550747
1.215,0.0,77.51017553839584,0,90,3.0,1,0.00020980491537818461
1.22,0.0,77.50680146081736,0,90,3.0,1,0.0001402363055125154
1.225,0.0,77.5044950721781,0,90,3.0,1,9.268190057942428e-05
1.23,0.0,77.50293738454126,0,90,3.0,1,6.056462971659852e-05
1.235,0.0,77.5018979055961,0,90,3.0,1,3.9132074146298636e-05
1.24,0.0,77.50121248974423,0,90,3.0,1,2.499978854089444e-05
1.245,0.0,77.50076589847964,0,90,3.0,1,1.5791721229734977e-05
1.25,0.0,77.50047835906365,0,90,3.0,1,9.863073477303842e-06
1.255,0.0,77.50029541087085,0,90,3.0,1,6.090945790679284e-06
1.26,0.0,77.50018038009229,0,90,3.0,1,3.7191771605897154e-06
1.265,0.0,77.50010890314022,0,90,3.0,1,2.2454255714627526e-06
1.27,0.0,77.5000650102546,0,90,3.0,1,1.3404176206560017e-06
1.275,0.0,77.50003837187288,0,90,3.0,1,7.911726366100336e-07
1.28,0.0,77.50002239410928,0,90,3.0,1,4.617342119555482e-07
1.285,0.0,77.500012922432,0,90,3.0,1,2.6644189703577083e-07
1.29,0.0,77.50000737300255,0,90,3.0,1,1.520206710571899e-07
1.295,0.001684486749771458,77.50000415943343,0,90,3.0,1,8.576151403242865e-08
1.3,0.004172395771277602,77.50000232013706,0,90,3.0,1,4.783787745772006e-08
1.305,0.009438687428818865,77.50000127962515,0,90,3.0,1,2.6384023763010605e-08
1.31,0.019500507867137046,77.50000069781701,0,90,3.0,1,1.4387979687394222e-08
1.315,0.03679496976339974,77.50000037626171,0,90,3.0,1,7.75797339771351e-09
1.32,0.06340728953298436,77.5000002005987,0,90,3.0,1,4.136055786523112e-09
1.325,0.09979255396093453,77.50000010574405,0,90,3.0,1,2.1802896899129167e-09
1.33,0.14343835518453557,77.50000005511545,0,90,3.0,1,1.1364010305507842e-09
1.335,0.18829581417209276,77.50000002840406,0,90,3.0,1,5.856507123473758e-10
1.34,0.2257481735193119,77.50000001447363,0,90,3.0,1,2.984253119534186e-10
1.345,0.24718154073554727,77.50000000729229,0,90,3.0,1,1.503564100257978e-10
1.35,0.24718154074102772,77.50000000363279,0,90,3.0,1,7.490292464166318e-11
1.355,0.22574817354072055,77.50000000178939,0,90,3.0,1,3.689460192111527e-11
1.36,0.18829581422840957,77.50000000087148,0,90,3.0,1,1.7968673513603357e-11
1.365,0.14343835532456656,77.50000000041966,0,90,3.0,1,8.652798981332584e-12
1.37,0.09979255431561854,77.50000000019982,0,90,3.0,1,4.119975838153719e-12
1.375,0.06340729067170194,77.50000000009408,0,90,3.0,1,1.9397084167966446e-12
1.38,0.03679497683410042,77.50000000004378,0,90,3.0,1,9.027555335574716e-13
1.385,0.019500578284482293,77.50000000002015,0,90,3.0,1,4.154843708485864e-13
1.39,0.009439396781978427,77.50000000000917,0,90,3.0,1,1.8898971734650088e-13
1.395,0.004178588733610924,77.50000000000412,0,90,3.0,1,8.497212097749652e-14
1.4,0.0017299316936037381,77.50000000000183,0,90,3.0,1,3.779794346930017e-14
1.405,0.0008997325756988589,77.50000000000081,0,90,3.0,1,1.67014168817838e-14
1.41,0.001634769674224814,77.50000000000036,0,90,3.0,1,7.32518284288763e-15
1.415,0.00614904736476635,77.50000000000016,0,90,3.0,1,3.2230804508705575e-15
1.42,0.02168080359963608,77.50000000000006,0,90,3.0,1,1.172029254862021e-15
1.425,0.06433400338904088,77.50000000000003,0,90,3.0,1,5.860146274310105e-16
1.43,0.1593410769217493,77.50000000000001,0,90,3.0,1,2.9300731371550523e-16
1.435,0.3291989194808569,77.5,0,90,3.0,1,0.0
1.44,0.5672906802982638,77.5,0,90,3.0,1,0.0
1.445,0.815339152120446,77.5,0,90,3.0,1,0.0
1.45,0.9768711246313155,77.50000284586159,1,90,3.0,1,5.8677558500516847e-08
1.455,0.9726380909165361,77.50000516474043,0,90,3.0,1,1.0648949338368784e-07
1.46,0.7921091683291741,77.50000983043871,0,90,3.0,1,2.0268945801485502e-07
1.465,0.49139090102639077,77.50002017526417,0,90,3.0,1,4.1598482821943446e-07
1.47,0.15739335672107918,77.50004536729918,0,90,3.0,1,9.354082305069767e-07
1.475,-0.11102342218909485,77.50011076651302,0,90,3.0,1,2.2838456292325625e-06
1.48,-0.2314207883647528,77.5002850110043,0,90,3.0,1,5.8765155524584185e-06
1.485,-0.2029124434754801,77.50074708028492,0,90,3.0,1,1.5403717214929802e-05
1.49,-0.11151350554305876,77.50194280599986,0,90,3.0,1,4.005785566722263e-05
1.495,-0.039430666652076896,77.5049279313996,0,90,3.0,1,0.00010160683298158099
1.5,-0.006087703519843621,77.51207173356352,0,90,3.0,1,0.0002489017229590993
1.505,0.005350271385530551,77.52840128290548,0,90,3.0,1,0.000585593461968606
1.51,0.010381647827441833,77.56397906014128,0,90,3.0,1,0.0013191558792016167
1.515,0.015115203303506243,77.63776147081478,0,90,3.0,1,0.0028404426972119647
1.52,0.021170964062928475,77.78326220135963,0,90,3.0,1,0.005840457759992444
1.525,0.029082821134029553,78.05587747145417,0,90,3.0,1,0.011461391164003442
1.53,0.03923107061708144,78.54077600300882,0,90,3.0,1,0.0214592990311096
1.535,0.051969043308817596,79.35882370017484,0,90,3.0,1,0.03832626185927501
1.54,0.06760532616283861,80.66643122157606,0,90,3.0,1,0.06528724168198065
1.545,0.08636519236693461,82.64423704518795,0,90,3.0,1,0.10606674319975154
1.55,0.10834733138818661,85.47024105151274,0,90,3.0,1,0.16433486704149988
1.555,0.1334809643017884,89.27633401919208,0,90,3.0,1,0.24281101070499128
1.56,0.16148868344343945,94.09324311547192,0,90,3.0,1,0.3421287240303489
1.565,0.191860907532018,99.79635432434684,0,90,3.0,1,0.45971864586282135
1.57,0.22384764873847726,106.0707181121124,0,90,3.0,1,0.5890869713837609
1.575,0.25647215537198226,112.414152102772,0,90,3.0,1,0.7198794247994226
1.58,0.2885689161419028,118.19021013965265,0,90,3.0,1,0.8389734049412917
1.585,0.31884566517832524,122.72842191489322,0,90,3.0,1,0.9325447817503756
1.59,0.3459657668955683,125.45198838957337,0,90,3.0,1,0.9887007915375953
1.595,0.3686441789190902,126.0,0,90,3.0,1,1.0
1.6,0.3857476379544367,124.30867485172185,0,90,3.0,1,0.9651273165303473
1.605,0.3963882865005728,120.62657779142631,0,90,3.0,1,0.8892077895139446
1.61,0.4,115.45901429383217,0,90,3.0,1,0.782660088532622
1.615,0.39638828650057273,109.45894164673679,0,90,3.0,1,0.6589472504481813
1.62,0.38574763795443656,103.29703058022503,0,90,3.0,1,0.5318975377365985
1.625,0.36864417891908974,97.5464345552443,0,90,3.0,1,0.4133285475308104
1.63,0.345965766895568,92.6085121379603,0,90,3.0,1,0.31151571418474855
1.635,0.3188456651783249,88.68935253270487,0,90,3.0,1,0.23070829964339945
1.64,0.28856891614190205,85.82066001567553,0,90,3.0,1,0.17156000032320678
1.645,0.2564721553719815,83.90809160368029,0,90,3.0,1,0.13212560007588228
1.65,0.22384764873847685,82.78766537950541,0,90,3.0,1,0.10902402844341057
1.655,0.19186090753201765,82.27493168545303,0,90,3.0,1,0.0984521997000624
1.66,0.16148868344343878,82.19880493003672,0,90,3.0,1,0.09688257587704567
1.665,0.1334809643017881,82.4188702080318,0,90,3.0,1,0.10142000428931557
1.67,0.10834733138818531,82.82952231745624,0,90,3.0,1,0.10988705809188119
1.675,0.08636519236690572,83.35601376271482,0,90,3.0,1,0.12074255180855306
1.68,0.06760532616242629,83.9470769430105,0,90,3.0,1,0.13292942150537115
1.685,0.05196904332202373,84.56733781891765,0,90,3.0,1,0.1457183055446938
1.69,0.03923107185803287,85.19117318822897,0,90,3.0,1,0.15858089047894788
1.695,0.02908287038705761,85.79848598049588,0,90,3.0,1,0.1711028037215646
1.7,0.02117220077308346,86.372206845233,0,90,3.0,1,0.18293209990171125
1.705,0.0151361834125735,86.89707692639371,0,90,3.0,1,0.19375416343079813
1.71,0.010626454858290009,87.35925877048336,0,90,3.0,1,0.20328368598934773
1.715,0.007326255555493652,87.74641728003608,0,90,3.0,1,0.2112663356708471
1.72,0.004960179211183015,88.04802380897954,0,90,3.0,1,0.2174850269892688
1.725,0.0032978759379303545,88.25572651055214,0,90,3.0,1,0.22176755691860076
1.73,0.002153242296767213,88.36369161710158,0,90,3.0,1,0.2239936415897233
1.735,0.001380616732225004,88.36885916056198,0,90,3.0,1,0.22410018887756664
1.74,0.0008693106590991584,88.27108106749418,0,90,3.0,1,0.22208414572152949
1.745,0.000537524815942247,88.07312615119709,0,90,3.0,1,0.21800260105561003
1.75,0.0003263951340288585,87.78054918031154,0,90,3.0,1,0.21197008619199048
1.755,0.00019463030985187395,87.40143171379235,0,90,3.0,1,0.20415323121221338
1.76,0.00011397219555062695,86.94601125277715,0,90,3.0,1,0.19476311861396195
1.765,6.55403863487943e-05,86.42622234909373,0,90,3.0,1,0.18404582163079866
1.77,3.701184389455385e-05,85.85517831781087,0,90,3.0,1,0.17227171789300758
1.775,2.0525516217290957e-05,85.24662486818843,0,90,3.0,1,0.15972422408635945
1.78,1.1178128483661116e-05,84.61439720084722,0,90,3.0,1,0.14668860207932416
1.785,5.978135409912517e-06,83.97191003197823,0,90,3.0,1,0.13344144395831392
1.79,3.1396702713238487e-06,83.33170590892841,0,90,3.0,1,0.12024135894697759
1.795,1.6192875458531019e-06,82.70508154656905,0,90,3.0,1,0.10732126900142366
1.8,8.201353897972012e-07,82.10180531548804,0,90,3.0,1,0.09488258382449559
1.805,4.0791415086824765e-07,81.52993206595734,0,90,3.0,1,0.08309138280324412
1.81,1.9923866938774793e-07,80.99571476651627,0,90,3.0,1,0.07207659312404685
1.815,9.556527981051257e-08,80.50360648407369,0,90,3.0,1,0.06193003059945743
1.82,4.501406988770349e-08,80.05634142369696,0,90,3.0,1,0.05270807059168997
1.825,0.0,79.65508032520124,0,90,3.0,1,0.04443464588043794
1.83,0.0,79.29960357294775,0,90,3.0,1,0.03710522830820094
1.835,0.0,78.98853486620382,0,90,3.0,1,0.030691440540284973
1.84,0.0,78.71957905375766,0,90,3.0,1,0.025145959871291867
1.845,0.0,78.48975950713555,0,90,3.0,1,0.02040741251825867
1.85,0.0,78.2956428924812,0,90,3.0,1,0.016405008092395822
1.855,0.0,78.13354209041512,0,90,3.0,1,0.013062723513713799
1.86,0.0,77.99969101352993,0,90,3.0,1,0.010302907495462392
1.865,0.0,77.8903879331648,0,90,3.0,1,0.008049235735356758
1.87,0.0,77.80210645967149,0,90,3.0,1,0.006228999168484375
1.875,0.0,77.73157539738591,0,90,3.0,1,0.00477475046156516
1.88,0.0,77.67583025447672,0,90,3.0,1,0.0036253660716849866
1.885,0.0,77.63224022257143,0,90,3.0,1,0.0027266025272458896
1.89,0.0,77.59851499022419,0,90,3.0,1,0.002031236911838941
1.895,0.0,77.57269588798313,0,90,3.0,1,0.0014988842883119607
1.9,0.0,77.55313566904915,0,90,3.0,1,0.0010955808051372144
1.905,0.0,77.53847080207267,0,90,3.0,1,0.000793212413869408
1.91,0.0,77.52758958124467,0,90,3.0,1,0.0005688573452509103
1.915,0.0,77.51959872218865,0,90,3.0,1,0.00040409736471436886
1.92,0.0,77.51379047372285,0,90,3.0,1,0.0002843396643886512
1.925,0.0,77.50961168199261,0,90,3.0,1,0.00019817901015689758
1.93,0.0,77.50663572503977,0,90,3.0,1,0.0001368190729849794
1.935,0.0,77.50453780836098,0,90,3.0,1,9.35630589892589e-05
1.94,0.0,77.50307377943045,0,90,3.0,1,6.337689547322465e-05
1.945,0.0,77.50206237686946,0,90,3.0,1,4.2523234421866724e-05
1.95,0.0,77.50137066757361,0,90,3.0,1,2.826118708474768e-05
1.955,0.0,77.50090232923444,0,90,3.0,1,1.8604726483200586e-05
1.96,0.0,77.50058839191706,0,90,3.0,1,1.213179210438837e-05
1.965,0.0,77.50038004685945,0,90,3.0,1,7.836017720571185e-06
1.97,0.0,77.50024315117817,0,90,3.0,1,5.013426353978915e-06
1.975,0.0,77.50015409352449,0,90,3.0,1,3.177186071879237e-06
1.98,0.0,77.50009672999809,0,90,3.0,1,1.994432950338246e-06
1.985,0.0,77.50006014600001,0,90,3.0,1,1.240123711542446e-06
1.99,0.0,77.50003704427512,0,90,3.0,1,7.63799486961587e-07
1.995,0.0,77.50002259978108,0,90,3.0,1,4.6597486754397267e-07
2.0,0.0,77.50001365702623,0,90,3.0,1,2.815881696888121e-07
2.005,0.0,77.50000817479433,0,90,3.0,1,1.6855246043792484e-07
2.01,0.0,77.50000484692508,0,90,3.0,1,9.993659958680152e-08
2.015,0.0,77.50000284658763,0,90,3.0,1,5.8692528537181886e-08
2.02,0.0,77.50000165596667,0,90,3.0,1,3.414364268979794e-08
2.025,0.001684486749771458,77.50000095421755,0,90,3.0,1,1.967458875772058e-08
2.03,0.004172395771277602,77.50000054464309,0,90,3.0,1,1.1229754354363397e-08
2.035,0.009438687428818865,77.50000030792529,0,90,3.0,1,6.348975063898701e-09
2.04,0.019500507867137046,77.50000017244378,0,90,3.0,1,3.555541785392483e-09
2.045,0.03679496976339974,77.50000009565737,0,90,3.0,1,1.9723169077327295e-09
2.05,0.06340728953298436,77.50000005256034,0,90,3.0,1,1.0837183155447362e-09
2.055,0.09979255396093453,77.50000002860662,0,90,3.0,1,5.898272385970766e-10
2.06,0.14343835518453557,77.50000001542212,0,90,3.0,1,3.1798179210004633e-10
2.065,0.18829581417209276,77.5000000082355,0,90,3.0,1,1.6980418445903701e-10
2.07,0.2257481735193119,77.50000000435617,0,90,3.0,1,8.981787593172354e-11
2.075,0.24718154073554727,77.50000000228238,0,90,3.0,1,4.705931864121986e-11
2.08,0.24718154074102772,77.50000000118452,0,90,3.0,1,2.4423038620128507e-11
2.085,0.22574817354072055,77.50000000060892,0,90,3.0,1,1.2555070385395684e-11
2.09,0.18829581422840957,77.50000000031007,0,90,3.0,1,6.393126577958609e-12
2.095,0.14343835532456656,77.50000000015639,0,90,3.0,1,3.224545487439135e-12
2.1,0.09979255431561854,77.50000000007813,0,90,3.0,1,1.6109542108078477e-12
2.105,0.06340729067170194,77.50000000003867,0,90,3.0,1,7.972729006198897e-13
2.11,0.03679497683410042,77.50000000001896,0,90,3.0,1,3.90871756496484e-13
2.115,0.019500578284482293,77.50000000000921,0,90,3.0,1,1.898687392876474e-13
2.12,0.009439396781978427,77.50000000000442,0,90,3.0,1,9.112527456552213e-14
2.125,0.004178588733610924,77.5000000000021,0,90,3.0,1,4.336508242989477e-14
2.13,0.0017299316936037381,77.500000000001,0,90,3.0,1,2.0510511960085366e-14
2.135,0.0008997325756988589,77.50000000000047,0,90,3.0,1,9.669241352611673e-15
2.14,0.001634769674224814,77.50000000000021,0,90,3.0,1,4.395109705732579e-15
2.145,0.00614904736476635,77.5000000000001,0,90,3.0,1,2.0510511960085364e-15
2.15,0.02168080359963608,77.50000000000004,0,90,3.0,1,8.790219411465157e-16
2.155,0.06433400338904088,77.50000000000001,0,90,3.0,1,2.9300731371550523e-16
2.16,0.1593410769217493,77.50000000000001,0,90,3.0,1,2.9300731371550523e-16
2.165,0.3291989194808569,77.5,0,90,3.0,1,0.0
2.17,0.5672906802982638,77.5,0,90,3.0,1,0.0
2.175,0.815339152120446,77.5,0,90,3.0,1,0.0
2.18,0.9768711246313155,77.5000028564677,1,90,3.0,1,5.889624128602796e-08
2.185,0.9726380909165361,77.50000545335169,0,90,3.0,1,1.1244024103548654e-07
2.19,0.7921091683291741,77.50001103870419,0,90,3.0,1,2.2760214818910904e-07
2.195,0.49139090102639077,77.50002451145392,0,90,3.0,1,5.053908023807342e-07
2.2,0.15739335672107918,77.50006056508865,0,90,3.0,1,1.2487647143423357e-06
2.205,-0.11102342218909485,77.500163159277,0,90,3.0,1,3.364108803999002e-06
2.21,-0.2314207883647528,77.50045963921588,0,90,3.0,1,9.477097234556608e-06
2.215,-0.2029124434754801,77.50130157200853,0,90,3.0,1,2.6836536258334144e-05
2.22,-0.11151350554305876,77.50360621062502,0,90,3.0,1,7.435485824789184e-05
2.225,-0.039430666652076896,77.50962435840236,0,90,3.0,1,0.0001984403794301553
2.23,-0.006087703519843621,77.5245336611205,0,90,3.0,1,0.0005058486828969172
2.235,0.005350271385530551,77.55946841825335,0,90,3.0,1,0.0012261529536772287
2.24,0.010381647827441833,77.63674715233715,0,90,3.0,1,0.002819528914168054
2.245,0.015115203303506243,77.79792448353166,0,90,3.0,1,0.006142772856322871
2.25,0.021170964062928475,78.11453494517251,0,90,3.0,1,0.012670823611804292
2.255,0.029082821134029553,78.69968859351175,0,90,3.0,1,0.0247358472889021
2.26,0.03923107061708144,79.71601941372563,0,90,3.0,1,0.04569112193248727
2.265,0.051969043308817596,81.3726112396058,0,90,3.0,1,0.07984765442486191
2.27,0.06760532616283861,83.90214348528451,0,90,3.0,1,0.13200295845947446
2.275,0.08636519236693461,87.51194056320449,0,90,3.0,1,0.2064317641897833
2.28,0.10834733138818661,92.31057839827544,0,90,3.0,1,0.305372750479906
2.285,0.1334809643017884,98.22445209684186,0,90,3.0,1,0.42730829065653314
2.29,0.16148868344343945,104.93176617201091,0,90,3.0,1,0.5656034262270291
2.295,0.191860907532018,111.84734002058431,0,90,3.0,1,0.7081925777440065
2.3,0.22384764873847726,118.18353745375319,0,90,3.0,1,0.8388358237887256
2.305,0.25647215537198226,123.08912705128517,0,90,3.0,1,0.9399820010574262
2.31,0.2885689161419028,125.83623498218132,0,90,3.0,1,0.9966234016944603
2.315,0.31884566517832524,126.0,0,90,3.0,1,1.0
2.32,0.3459657668955683,123.57027949337669,0,90,3.0,1,0.9499026699665296
2.325,0.3686441789190902,118.95531468006659,0,90,3.0,1,0.8547487562900329
2.33,0.3857476379544367,112.8759914170416,0,90,3.0,1,0.7294018848874557
2.335,0.3963882865005728,106.18868862199935,0,90,3.0,1,0.5915193530309144
2.34,0.4,99.69679952472116,0,90,3.0,1,0.45766596958187955
2.345,0.39638828650057273,94.00737257354771,0,90,3.0,1,0.3403581973927363
2.35,0.38574763795443656,89.46469600444867,0,90,3.0,1,0.24669476297832307
2.355,0.36864417891908974,86.1609302263463,0,90,3.0,1,0.1785758809555937
2.36,0.345965766895568,83.99956239812894,0,90,3.0,1,0.1340115958377102
2.365,0.3188456651783249,82.77835198542279,0,90,3.0,1,0.10883199969943892
2.37,0.28856891614190205,82.26364992927617,0,90,3.0,1,0.09821958617064268
2.375,0.2564721553719815,82.24082003149722,0,90,3.0,1,0.0977488666288087
2.38,0.22384764873847685,82.53843885242503,0,90,3.0,1,0.1038853371634027
2.385,0.19186090753201765,83.03228371198631,0,90,3.0,1,0.11406770540177957
2.39,0.16148868344343878,83.63787548612598,0,90,3.0,1,0.12655413373455623
2.395,0.1334809643017881,84.29912711951967,0,90,3.0,1,0.14018818803133334
2.4,0.10834733138818531,84.97779720332112,0,90,3.0,1,0.15418138563548694
2.405,0.08636519236690572,85.64573159835365,0,90,3.0,1,0.167953228832034
2.41,0.06760532616242629,86.28008889382897,0,90,3.0,2,0.18103276069750462
2.415,0.05196904332202373,86.86092112745918,0,90,3.0,2,0.19300868304039542
2.42,0.03923107185803287,87.37030590214425,0,90,3.0,2,0.2035114618998815
2.425,0.02908287038705761,87.79235702367464,0,90,3.0,2,0.2122135468798895
2.43,0.02117220077308346,88.11364773149214,0,90,3.0,2,0.2188380975565389
2.435,0.0151361834125735,88.32375687702194,0,90,3.0,2,0.22317024488705023
2.44,0.010626454858290009,88.41576824699521,0,90,3.0,2,0.2250673865359838
2.445,0.007326255555493652,88.38662664092895,0,90,3.0,2,0.22446652867894748
2.45,0.004960179211183015,88.2372990391203,0,90,3.0,2,0.22138760905402685
2.455,0.0032978759379303545,87.97271905935307,0,90,3.0,2,0.21593235173923853
2.46,0.002153242296767213,87.60151563015489,0,90,3.0,2,0.20827867278669882
2.465,0.001380616732225004,87.1355455413843,0,90,3.0,2,0.19867104209039801
2.47,0.0008693106590991584,86.58926483861305,0,90,3.0,2,0.18740752244562983
2.475,0.000537524815942247,85.97898542150867,0,90,3.0,2,0.17482444168059108
2.48,0.0003263951340288585,85.32207004119032,0,90,3.0,2,0.16127979466371783
2.485,0.00019463030985187395,84.63612080609002,0,90,3.0,2,0.1471365114657736
2.49,0.00011397219555062695,83.93821340240603,0,90,3.0,2,0.1327466680908461
2.495,6.55403863487943e-05,83.24422209684201,0,90,3.0,2,0.11843756900705173
2.5,3.701184389455385e-05,82.5682702000534,0,90,3.0,2,0.10450041649594649
2.505,2.0525516217290957e-05,81.92232827693294,0,90,3.0,2,0.09118202632851431
2.51,1.1178128483661116e-05,81.31596934262296,0,90,3.0,2,0.0786797802602673
2.515,5.978135409912517e-06,80.7562778662365,0,90,3.0,2,0.06713974981930931
2.52,3.1396702713238487e-06,80.24789870051464,0,90,3.0,2,0.056657705165250295
2.525,1.6192875458531019e-06,79.79320384552783,0,90,3.0,2,0.047282553516037676
2.53,8.201353897972012e-07,79.39254966509434,0,90,3.0,2,0.03902164257926466
2.535,4.0791415086824765e-07,79.04459487797472,0,90,3.0,2,0.03184731707164365
2.54,1.9923866938774793e-07,78.74665010120292,0,90,3.0,2,0.025704125797998287
2.545,9.556527981051257e-08,78.4950324497986,0,90,3.0,2,0.02051613298553815
2.55,4.501406988770349e-08,78.28540306685832,0,90,3.0,2,0.0161938776671819
2.555,0.0,78.11307078741693,0,90,3.0,2,0.012640634792101656
2.56,0.0,77.97325077488534,0,90,3.0,2,0.00975774793578028
2.565,0.0,77.86127235160261,0,90,3.0,2,0.007448914466033154
2.57,0.0,77.7727349529587,0,90,3.0,2,0.005623401091931963
2.575,0.0,77.70361489944557,0,90,3.0,2,0.004198245349393168
2.58,0.0,77.65032838439267,0,90,3.0,2,0.0030995543173745416
2.585,0.0,77.60975772765077,0,90,3.0,2,0.002263045930943784
2.59,0.0,77.57924865595666,0,90,3.0,2,0.0016339929063229112
2.595,0.0,77.55658631135569,0,90,3.0,2,0.001166728069189428
2.6,0.0,77.53995706181816,0,90,3.0,2,0.0008238569447042692
2.605,0.0,77.5279021961484,0,90,3.0,2,0.000575303013369142
2.61,0.0,77.5192684114055,0,90,3.0,2,0.00039728683310320627
2.615,0.0,77.51315879480705,0,90,3.0,2,0.000271315356846487
2.62,0.0,77.50888687354049,0,90,3.0,2,0.00018323450598948688
2.625,0.0,77.50593532585206,0,90,3.0,2,0.0001223778526198859
2.63,0.0,77.50392015117043,0,90,3.0,2,8.082785918419439e-05
2.635,0.0,77.5025604938901,0,90,3.0,2,5.279368845569395e-05
2.64,0.0,77.50165389279071,0,90,3.0,2,3.4100882282752264e-05
2.645,0.0,77.5010564614286,0,90,3.0,2,2.1782709868122447e-05
2.65,0.0,77.5006673637583,0,90,3.0,2,1.3760077490646321e-05
2.655,0.0,77.50041690228181,0,90,3.0,2,8.595923336355385e-06
2.66,0.0,77.50025755418267,0,90,3.0,2,5.310395518912647e-06
2.665,0.0,77.50015734959284,0,90,3.0,2,3.2443215018505274e-06
2.67,0.0,77.5000950660219,0,90,3.0,2,1.9601241628662914e-06
2.675,0.0,77.5000567999168,0,90,3.0,2,1.1711323052683848e-06
2.68,0.0,77.50003356083515,0,90,3.0,2,6.91975982456909e-07
2.685,0.0,77.50001961013126,0,90,3.0,2,4.0433260332084156e-07
2.69,0.0,77.50001133159184,0,90,3.0,2,2.3364106877378027e-07
2.695,0.0,77.50000647536162,0,90,3.0,2,1.3351261063502365e-07
2.7,0.001684486749771458,77.50000365931513,0,90,3.0,2,7.544979642205494e-08
2.705,0.004172395771277602,77.50000204502338,0,90,3.0,2,4.216543049654685e-08
2.71,0.009438687428818865,77.50000113021072,0,90,3.0,2,2.3303313807830526e-08
2.715,0.019500507867137046,77.50000061770804,0,90,3.0,2,1.2736248234751216e-08
2.72,0.03679496976339974,77.50000033386414,0,90,3.0,2,6.8837966255065934e-09
2.725,0.06340728953298436,77.50000017845099,0,90,3.0,2,3.6794018370463013e-09
2.73,0.09979255396093453,77.50000009432587,0,90,3.0,2,1.9448632944668417e-09
2.735,0.14343835518453557,77.50000004930664,0,90,3.0,2,1.0166316540037479e-09
2.74,0.18829581417209276,77.5000000254884,0,90,3.0,2,5.255341087850519e-10
2.745,0.2257481735193119,77.50000001302995,0,90,3.0,2,2.686586989530605e-10
2.75,0.24718154073554727,77.50000000658727,0,90,3.0,2,1.3582002418505787e-10
2.755,0.24718154074102772,77.5000000032933,0,90,3.0,2,6.790297991699976e-11
2.76,0.22574817354072055,77.50000000162824,0,90,3.0,2,3.3571898983581445e-11
2.765,0.18829581422840957,77.5000000007961,0,90,3.0,2,1.6414562721656317e-11
2.77,0.14343835532456656,77.50000000038493,0,90,3.0,2,7.936689106611891e-12
2.775,0.09979255431561854,77.50000000018406,0,90,3.0,2,3.795030727243224e-12
2.78,0.06340729067170194,77.50000000008704,0,90,3.0,2,1.7946697965074695e-12
2.785,0.03679497683410042,77.5000000000407,0,90,3.0,2,8.39172946481207e-13
2.79,0.019500578284482293,77.50000000001882,0,90,3.0,2,3.879416833593289e-13
2.795,0.009439396781978427,77.50000000000861,0,90,3.0,2,1.7756243211159617e-13
2.8,0.004178588733610924,77.5000000000039,0,90,3.0,2,8.028400395804844e-14
2.805,0.0017299316936037381,77.50000000000173,0,90,3.0,2,3.574689227329164e-14
2.81,0.0008997325756988589,77.50000000000077,0,90,3.0,2,1.5822394940637283e-14
2.815,0.001634769674224814,77.50000000000034,0,90,3.0,2,7.032175529172126e-15
2.82,0.00614904736476635,77.50000000000014,0,90,3.0,2,2.930073137155052e-15
2.825,0.02168080359963608,77.50000000000006,0,90,3.0,2,1.172029254862021e-15
2.83,0.06433400338904088,77.50000000000003,0,90,3.0,2,5.860146274310105e-16
2.835,0.1593410769217493,77.50000000000001,0,90,3.0,2,2.9300731371550523e-16
2.84,0.3291989194808569,77.5,0,90,3.0,2,0.0
2.845,0.5672906802982638,77.5,0,90,3.0,2,0.0
2.85,0.815339152120446,77.5,0,90,3.0,2,0.0
2.855,0.9768711246313155,77.50000284170193,1,90,3.0,2,5.859179232971918e-08
2.86,0.9726380909165361,77.50000503285692,0,90,3.0,2,1.0377024574791932e-07
2.865,0.7921091683291741,77.50000930409628,0,90,3.0,2,1.9183703672105056e-07
2.87,0.49139090102639077,77.50001840464809,0,90,3.0,2,3.7947728016951796e-07
2.875,0.15739335672107918,77.50003958615409,0,90,3.0,2,8.162093626403297e-07
2.88,-0.11102342218909485,77.5000921414233,0,90,3.0,2,1.8998231607182197e-06
2.885,-0.2314207883647528,77.50022652678895,0,90,3.0,2,4.6706554422650425e-06
2.89,-0.2029124434754801,77.50057050667888,0,90,3.0,2,1.1763024306875786e-05
2.895,-0.11151350554305876,77.5014346633525,0,90,3.0,2,2.958068768037068e-05
2.9,-0.039430666652076896,77.5035402483488,0,90,3.0,2,7.299481131543328e-05
2.905,-0.006087703519843621,77.5084824168074,0,90,3.0,2,0.00017489519190508197
2.91,0.005350271385530551,77.51961353181807,0,90,3.0,2,0.00040440271789827993
2.915,0.010381647827441833,77.54361522582357,0,90,3.0,2,0.0008992830066715927
2.92,0.015115203303506243,77.59309207295647,0,90,3.0,2,0.0019194241846694053
2.925,0.021170964062928475,77.69049761660041,0,90,3.0,2,0.003927785909286813
2.93,0.029082821134029553,77.8734934172902,0,90,3.0,2,0.0077008952018599135
2.935,0.03923107061708144,78.20133133287578,0,90,3.0,2,0.014460439853108902
2.94,0.051969043308817596,78.76097869260391,0,90,3.0,2,0.02599956067224564
2.945,0.06760532616283861,79.67056732260144,0,90,3.0,2,0.044753965414462735
2.95,0.08636519236693461,81.07668200469112,0,90,3.0,2,0.07374602071528087
2.955,0.10834733138818661,83.14162477864075,0,90,3.0,2,0.1163221603843453
2.96,0.1334809643017884,86.01784071349742,0,90,3.0,2,0.1756255817215963
2.965,0.16148868344343945,89.80969422797408,0,90,3.0,2,0.25380812841183664
2.97,0.191860907532018,94.52758547167707,0,90,3.0,2,0.35108423652942417
2.975,0.22384764873847726,100.04479939843002,0,90,3.0,2,0.46484122470989725
2.98,0.25647215537198226,106.07132404484602,0,90,3.0,2,0.589099464842186
2.985,0.2885689161419028,112.15872126191934,0,90,3.0,2,0.7146128095241101
2.99,0.31884566517832524,117.74445800121651,0,90,3.0,2,0.8297826392003405
2.995,0.3459657668955683,122.23346230346327,0,90,3.0,2,0.922339428937387
3.0,0.3686441789190902,125.10210180274234,0,90,3.0,2,0.9814866351080894
3.005,0.3857476379544367,126.0,0,90,3.0,2,1.0
3.01,0.3963882865005728,124.82253010733184,0,90,3.0,2,0.9757222702542648
3.015,0.4,121.73341154269684,0,90,3.0,2,0.9120291039731308
3.02,0.39638828650057273,117.13081994280068,0,90,3.0,2,0.8171303080989832
3.025,0.38574763795443656,111.56683901662487,0,90,3.0,2,0.7024090518891726
3.03,0.36864417891908974,105.64288097089806,0,90,3.0,2,0.580265587028826
3.035,0.345965766895568,99.90843683080504,0,90,3.0,2,0.4620296253774236
3.04,0.3188456651783249,94.78620717559241,0,90,3.0,2,0.3564166427957198
3.045,0.28856891614190205,90.53591316349355,0,90,3.0,2,0.26878171471120715
3.05,0.2564721553719815,87.25656497713105,0,90,3.0,2,0.20116628818826904
3.055,0.22384764873847685,84.91716751525064,0,90,3.0,2,0.15293128897424
3.06,0.19186090753201765,83.40133290066056,0,90,3.0,2,0.12167696702392913
3.065,0.16148868344343878,82.55210677419915,0,90,3.0,2,0.10416714998348754
3.07,0.1334809643017881,82.20768344907756,0,90,3.0,2,0.09706563812531059
3.075,0.10834733138818531,82.22411640343044,0,90,3.0,2,0.0974044619264009
3.08,0.08636519236690572,82.48562548468695,0,90,3.0,2,0.10279640174612266
3.085,0.06760532616242629,82.90569019111014,0,90,3.0,2,0.11145752971361111
3.09,0.05196904332202373,83.42281838807591,0,90,3.0,2,0.12211996676445176
3.095,0.03923107185803287,83.99429823516142,0,90,3.0,2,0.1339030563950809
3.1,0.02908287038705761,84.59011548964331,0,90,3.0,2,0.14618794824006826
3.105,0.02117220077308346,85.18811147604099,0,90,3.0,2,0.15851776239259768
3.11,0.0151361834125735,85.77065412755941,0,90,3.0,2,0.1705289510836992
3.115,0.010626454858290009,86.32264810961959,0,90,3.0,2,0.1819102703014349
3.12,0.007326255555493652,86.830542901149,0,90,3.0,2,0.19238232785874232
3.125,0.004960179211183015,87.28199626292012,0,90,3.0,2,0.20169064459629107
3.13,0.0032978759379303545,87.66591973310685,0,90,3.0,2,0.20960659243519272
3.135,0.002153242296767213,87.97271414579524,0,90,3.0,2,0.21593225042876776
3.14,0.001380616732225004,88.19457042241281,0,90,3.0,2,0.2205066066476868
3.145,0.0008693106590991584,88.32575807551892,0,90,3.0,2,0.2232115067117303
3.15,0.000537524815942247,88.36285431258266,0,90,3.0,2,0.22397637757902383
3.155,0.0003263951340288585,88.30488598470359,0,90,3.0,2,0.22278115432378534
3.16,0.00019463030985187395,88.15336966408535,0,90,3.0,2,0.21965710647598652
3.165,0.00011397219555062695,87.91224489901583,0,90,3.0,2,0.21468546183537798
3.17,6.55403863487943e-05,87.58770372647423,0,90,3.0,2,0.20799389126750992
3.175,3.701184389455385e-05,87.18792637142545,0,90,3.0,2,0.19975105920464842
3.18,2.0525516217290957e-05,86.72273875212919,0,90,3.0,2,0.1901595618995709
3.185,1.1178128483661116e-05,86.20321175685625,0,90,3.0,2,0.17944766508981955
3.19,5.978135409912517e-06,85.64122505394732,0,90,3.0,2,0.16786031039066646
3.195,3.1396702713238487e-06,85.04901931930311,0,90,3.0,2,0.15564988287222914
3.2,1.6192875458531019e-06,84.4387602126974,0,90,3.0,2,0.14306722088035884
3.205,8.201353897972012e-07,83.82213533947811,0,90,3.0,2,0.1303533059686208
3.21,4.0791415086824765e-07,83.2100020492971,0,90,3.0,2,0.1177320010164351
3.215,1.9923866938774793e-07,82.61209959132367,0,90,3.0,2,0.10540411528502412
3.22,9.556527981051257e-08,82.03683426260197,0,90,3.0,2,0.09354297448663858
3.225,4.501406988770349e-08,81.49114116317358,0,90,3.0,2,0.08229157037471299
3.23,0.0,80.98042139400573,0,90,3.0,2,0.07176126585578826
3.235,0.0,80.50854933008819,0,90,3.0,2,0.06203194495027189
3.24,0.0,80.07794121862382,0,90,3.0,2,0.05315342718812001
3.245,0.0,79.68967394383145,0,90,3.0,2,0.04514791636765879
3.25,0.0,79.343641421038,0,90,3.0,2,0.038013225176041256
3.255,0.0,79.03873569877285,0,90,3.0,2,0.031726509253048533
3.26,0.0,78.7730403484588,0,90,3.0,2,0.026248254607398075
3.265,0.0,78.54402494176766,0,90,3.0,2,0.021526287459127005
3.27,0.0,78.34873115785241,0,90,3.0,2,0.017499611502111604
3.275,0.0,78.18394311820627,0,90,3.0,2,0.014101919963015928
3.28,0.0,78.04633671698512,0,90,3.0,2,0.011264674577012863
3.285,0.0,77.9326048255094,0,90,3.0,2,0.008919687123905172
3.29,0.0,77.83955716327065,0,90,3.0,2,0.007001178624137214
3.295,0.0,77.76419524710677,0,90,3.0,2,0.005447324682613807
3.3,0.0,77.70376409986814,0,90,3.0,2,0.004201321646765737
3.305,0.0,77.6557833026171,0,90,3.0,2,0.003212026858084441
3.31,0.0,77.61806052479223,0,90,3.0,2,0.002434237624582006
3.315,0.0,77.58869090336411,0,90,3.0,2,0.0018286784198785638
3.32,0.0,77.56604561884642,0,90,3.0,2,0.0013617653370395194
3.325,0.0,77.54875279463894,0,90,3.0,2,0.001005212260596772
3.33,0.0,77.53567348873486,0,90,3.0,2,0.0007355358502032573
3.335,0.0,77.52587511080905,0,90,3.0,2,0.0005335074393619296
3.34,0.0,77.51860413229706,0,90,3.0,2,0.0003835903566403445
3.345,0.0,77.51325950118392,0,90,3.0,2,0.0002733917769881293
3.35,0.0,77.50936775491698,0,90,3.0,2,0.00019314958591710763
3.355,0.0,77.50656046193507,0,90,3.0,2,0.00013526725639312456
3.36,0.0,77.50455432360889,0,90,3.0,2,9.390357956466144e-05
3.365,0.0,77.50313403555388,0,90,3.0,2,6.461928977081388e-05
3.37,0.0,77.50213783664955,0,90,3.0,2,4.4079106176341905e-05
3.375,0.0,77.50144555853898,0,90,3.0,2,2.98053307005244e-05
3.38,0.0,77.50096891887269,0,90,3.0,2,1.99777087151894e-05
3.385,0.0,77.50064376848633,0,90,3.0,2,1.3273577037674016e-05
3.39,0.0,77.50042399679897,0,90,3.0,2,8.742202040657129e-06
3.395,0.0,77.50027681269826,0,90,3.0,2,5.7074783146430326e-06
3.4,0.0,77.50017914306727,0,90,3.0,2,3.6936714901251614e-06
3.405,0.0,77.50011492236888,0,90,3.0,2,2.369533378966771e-06
3.41,0.0,77.50007308019532,0,90,3.0,2,1.5068081509492838e-06
3.415,0.0,77.50004606651895,0,90,3.0,2,9.498251329463079e-07
3.42,0.0,77.50002878469674,0,90,3.0,2,5.934989018179604e-07
3.425,0.0,77.50001782906168,0,90,3.0,2,3.6760951909095593e-07
3.43,0.0,77.50001094676722,0,90,3.0,2,2.2570654059610703e-07
3.435,0.0,77.50000666244819,0,90,3.0,2,1.3737006569143203e-07
3.44,0.0,77.50000401950314,0,90,3.0,2,8.287635334932723e-08
3.445,0.0,77.50000240381736,0,90,3.0,2,4.9563244578372907e-08
3.45,0.0,77.50000142502056,0,90,3.0,2,2.9381867147769542e-08
3.455,0.0,77.50000083739691,0,90,3.0,2,1.7265915689161365e-08
3.46,0.001684486749771458,77.50000048778917,0,90,3.0,2,1.0057508567096539e-08
3.465,0.004172395771277602,77.50000028165891,0,90,3.0,2,5.807400269724294e-09
3.47,0.009438687428818865,77.500000161215,0,90,3.0,2,3.324020591423608e-09
3.475,0.019500507867137046,77.50000009146984,0,90,3.0,2,1.8859761495928676e-09
3.48,0.03679496976339974,77.50000005144474,0,90,3.0,2,1.060716362396128e-09
3.485,0.06340728953298436,77.50000002868101,0,90,3.0,2,5.913611318843773e-10
3.49,0.09979255396093453,77.50000001585035,0,90,3.0,2,3.2681127449154937e-10
3.495,0.14343835518453557,77.50000000868307,0,90,3.0,2,1.7903244980450685e-10
3.5,0.18829581417209276,77.50000000471519,0,90,3.0,2,9.722041270543207e-11
3.505,0.2257481735193119,77.50000000253813,0,90,3.0,2,5.2332571266157815e-11
3.51,0.24718154073554727,77.50000000135432,0,90,3.0,2,2.792418301171508e-11
3.515,0.24718154074102772,77.50000000071634,0,90,3.0,2,1.4769912669771188e-11
3.52,0.22574817354072055,77.50000000037558,0,90,3.0,2,7.743890294187087e-12
3.525,0.18829581422840957,77.5000000001952,0,90,3.0,2,4.02474846119618e-12
3.53,0.14343835532456656,77.50000000010057,0,90,3.0,2,2.0736127591646305e-12
3.535,0.09979255431561854,77.50000000005136,0,90,3.0,2,1.058928431767836e-12
3.54,0.06340729067170194,77.50000000002599,0,90,3.0,2,5.359103767856591e-13
3.545,0.03679497683410042,77.50000000001305,0,90,3.0,2,2.689807139908338e-13
3.55,0.019500578284482293,77.5000000000065,0,90,3.0,2,1.339043423679859e-13
3.555,0.009439396781978427,77.5000000000032,0,90,3.0,2,6.592664558598868e-14
3.56,0.004178588733610924,77.50000000000156,0,90,3.0,2,3.2230804508705575e-14
3.565,0.0017299316936037381,77.50000000000075,0,90,3.0,2,1.5529387626921776e-14
3.57,0.0008997325756988589,77.50000000000037,0,90,3.0,2,7.618190156603136e-15
3.575,0.001634769674224814,77.50000000000017,0,90,3.0,2,3.516087764586063e-15
3.58,0.00614904736476635,77.50000000000009,0,90,3.0,2,1.7580438822930315e-15
3.585,0.02168080359963608,77.50000000000004,0,90,3.0,2,8.790219411465157e-16
3.59,0.06433400338904088,77.50000000000001,0,90,3.0,2,2.9300731371550523e-16
3.595,0.1593410769217493,77.50000000000001,0,90,3.0,2,2.9300731371550523e-16
3.6,0.3291989194808569,77.5,0,90,3.0,2,0.0
3.605,0.5672906802982638,77.5,0,90,3.0,2,0.0
3.61,0.815339152120446,77.5,0,90,3.0,2,0.0
3.615,0.9768711246313155,77.50000284455477,1,90,3.0,3,5.865061384095488e-08
3.62,0.9726380909165361,77.50000580215873,0,90,3.0,3,1.1963213866046006e-07
3.625,0.7921091683291741,77.50001275539046,0,90,3.0,3,2.6299774139467264e-07
3.63,0.49139090102639077,77.50003153289097,0,90,3.0,3,6.501627004562926e-07
3.635,0.15739335672107918,77.50008834514392,0,90,3.0,3,1.8215493592205602e-06
3.64,-0.11102342218909485,77.50026962696381,0,90,3.0,3,5.559318841517676e-06
3.645,-0.2314207883647528,77.50084721852477,0,90,3.0,3,1.746842319109944e-05
3.65,-0.2029124434754801,77.50262352697138,0,90,3.0,3,5.4093339616011907e-05
3.655,-0.11151350554305876,77.5078033638614,0,90,3.0,3,0.00016089410023502665
3.66,-0.039430666652076896,77.52199868923158,0,90,3.0,3,0.00045358122126969516
3.665,-0.006087703519843621,77.55839158559259,0,90,3.0,3,0.0012039502184038775
3.67,0.005350271385530551,77.64544907945715,0,90,3.0,3,0.0029989500919000256
3.675,0.010381647827441833,77.83943363242335,0,90,3.0,3,0.006998631596357746
3.68,0.015115203303506243,78.24149114478274,0,90,3.0,3,0.015288477212015301
3.685,0.021170964062928475,79.01552596208309,0,90,3.0,3,0.03124795798109462
3.69,0.029082821134029553,80.39745622062914,0,90,3.0,3,0.059741365373796665
3.695,0.03923107061708144,82.68089569707755,0,90,3.0,3,0.10682259169232053
3.7,0.051969043308817596,86.16349000922408,0,90,3.0,3,0.1786286599840016
3.705,0.06760532616283861,91.04761566539297,0,90,3.0,3,0.27933228176067976
3.71,0.08636519236693461,97.31105705610833,0,90,3.0,3,0.40847540321872833
3.715,0.10834733138818661,104.59124514857123,0,90,3.0,3,0.558582374197345
3.72,0.1334809643017884,112.14479230420652,0,90,3.0,3,0.714325614519722
3.725,0.16148868344343945,118.93414437414808,0,90,3.0,3,0.8543122551370738
3.73,0.191860907532018,123.84829352749307,0,90,3.0,3,0.9556349180926406
3.735,0.22384764873847726,126.0,0,90,3.0,3,1.0
3.74,0.25647215537198226,124.99217715523251,0,90,3.0,3,0.9792201475305672
3.745,0.2885689161419028,121.04437142658236,0,90,3.0,3,0.8978220912697393
3.75,0.31884566517832524,114.92472257434005,0,90,3.0,3,0.7716437644193825
3.755,0.3459657668955683,107.71690768839707,0,90,3.0,3,0.6230290245030324
3.76,0.3686441789190902,100.51955294559312,0,90,3.0,3,0.4746299576410952
3.765,0.3857476379544367,94.19220054499121,0,90,3.0,3,0.3441690834018806
3.77,0.3963882865005728,89.22431615738736,0,90,3.0,3,0.2417384774719044
3.775,0.4,85.7397757016038,0,90,3.0,3,0.16989228250729493
3.78,0.39638828650057273,83.59551274299349,0,90,3.0,3,0.1256806751132679
3.785,0.38574763795443656,82.51202148824075,0,90,3.0,3,0.10334064924207728
3.79,0.36864417891908974,82.18453997599953,0,90,3.0,3,0.09658845311339231
3.795,0.345965766895568,82.35069195328542,0,90,3.0,3,0.10001426707804989
3.8,0.3188456651783249,82.81534105407329,0,90,3.0,3,0.10959466090872755
3.805,0.28856891614190205,83.44684964319964,0,90,3.0,3,0.12261545656081735
3.81,0.2564721553719815,84.16077579935893,0,90,3.0,3,0.1373355834919367
3.815,0.22384764873847685,84.90235137585982,0,90,3.0,3,0.15262580156412006
3.82,0.19186090753201765,85.6331163605077,0,90,3.0,3,0.1676931208352103
3.825,0.16148868344343878,86.32276772136484,0,90,3.0,3,0.1819127365229864
3.83,0.1334809643017881,86.94520055538263,0,90,3.0,3,0.1947464032037655
3.835,0.10834733138818531,87.47723188509201,0,90,3.0,3,0.2057161213421033
3.84,0.08636519236690572,87.89875236903507,0,90,3.0,3,0.2144072653409292
3.845,0.06760532616242629,88.19347427941852,0,90,3.0,3,0.2204840057612067
3.85,0.05196904332202373,88.34978775287364,0,90,3.0,3,0.22370696397677606
3.855,0.03923107185803287,88.36145639506222,0,90,3.0,3,0.22394755453736537
3.86,0.02908287038705761,88.22801050891252,0,90,3.0,3,0.22119609296726842
3.865,0.02117220077308346,87.95477284458106,0,90,3.0,3,0.21556232669239295
3.87,0.0151361834125735,87.55250483419901,0,90,3.0,3,0.20726814091131984
3.875,0.010626454858290009,87.03670299958162,0,90,3.0,3,0.1966330515377654
3.88,0.007326255555493652,86.42660878786413,0,90,3.0,3,0.18405378944049744
3.885,0.004960179211183015,85.74401975485523,0,90,3.0,3,0.16997978875990166
3.89,0.0032978759379303545,85.01200421327506,0,90,3.0,3,0.15488668480979512
3.895,0.002153242296767213,84.25362432761578,0,90,3.0,3,0.13924998613640788
3.9,0.001380616732225004,83.4907645732292,0,90,3.0,3,0.1235209190356536
3.905,0.0008693106590991584,82.74314518763843,0,90,3.0,3,0.10810608634306047
3.91,0.000537524815942247,82.02757644937837,0,90,3.0,3,0.09335209173976027
3.915,0.0003263951340288585,81.35748261877617,0,90,3.0,3,0.07953572409847783
3.92,0.00019463030985187395,80.74269753063376,0,90,3.0,3,0.0668597428996652
3.925,0.00011397219555062695,80.18951010980362,0,90,3.0,3,0.05545381669698187
3.93,6.55403863487943e-05,79.70091970511072,0,90,3.0,3,0.045379787734241665
3.935,3.701184389455385e-05,79.27704937041982,0,90,3.0,3,0.036640193204532316
3.94,2.0525516217290957e-05,78.91566034163318,0,90,3.0,3,0.029188873023364634
3.945,1.1178128483661116e-05,78.61271236828955,0,90,3.0,3,0.022942523057516498
3.95,5.978135409912517e-06,78.36292100843355,0,90,3.0,3,0.017792185740897845
3.955,3.1396702713238487e-06,78.16027286034101,0,90,3.0,3,0.013613873409092989
3.96,1.6192875458531019e-06,77.99847126514554,0,90,3.0,3,0.01027775804423793
3.965,8.201353897972012e-07,77.87129669790625,0,90,3.0,3,0.0076556020186854794
3.97,4.0791415086824765e-07,77.7728766174986,0,90,3.0,3,0.005626322010280338
3.975,1.9923866938774793e-07,77.69786812413626,0,90,3.0,3,0.004079755136830178
3.98,9.556527981051257e-08,77.64156295752402,0,90,3.0,3,0.0029188238664745575
3.985,4.501406988770349e-08,77.59992811506405,0,90,3.0,3,0.0020603735064751677
3.99,0.0,77.56959692327771,0,90,3.0,3,0.0014349881088188555
3.995,0.0,77.54782518554492,0,90,3.0,3,0.0009860862998953192
4.0,0.0,77.53242556585776,0,90,3.0,3,0.0006685683682013222
4.005,0.0,77.52169115816386,0,90,3.0,3,0.000447240374512603
4.01,0.0,77.51431667597406,0,90,3.0,3,0.0002951891953414032
4.015,0.0,77.50932321990186,0,90,3.0,3,0.00019223133818265347
4.02,0.001684486749771458,77.5059903739918,0,90,3.0,3,0.000123512865810454
4.025,0.004172395771277602,77.503797573812,0,90,3.0,3,7.830049096894785e-05
4.03,0.009438687428818865,77.50237532362256,0,90,3.0,3,4.897574479502613e-05
4.035,0.019500507867137046,77.50146589758421,0,90,3.0,3,3.02246924579589e-05
4.04,0.03679496976339974,77.5008925832809,0,90,3.0,3,1.840377898765462e-05
4.045,0.06340728953298436,77.50053623868786,0,90,3.0,3,1.1056467790873172e-05
4.05,0.09979255396093453,77.50031785702697,0,90,3.0,3,6.553753133424103e-06
4.055,0.14343835518453557,77.50018589588124,0,90,3.0,3,3.832904767934976e-06
4.06,0.18829581417209276,77.50010726844758,0,90,3.0,3,2.211720568632784e-06
4.065,0.2257481735193119,77.50006107148786,0,90,3.0,3,1.2592059353252255e-06
4.07,0.24718154073554727,77.5000343059368,0,90,3.0,3,7.073389029596677e-07
4.075,0.24718154074102772,77.50001901359956,0,90,3.0,3,3.920329805206381e-07
4.08,0.22574817354072055,77.50001039737434,0,90,3.0,3,2.143788523562293e-07
4.085,0.18829581422840957,77.50000560979892,0,90,3.0,3,1.1566595708714398e-07
4.09,0.14343835532456656,77.50000298631205,0,90,3.0,3,6.157344442332952e-08
4.095,0.09979255431561854,77.50000156851023,0,90,3.0,3,3.2340417079729975e-08
4.1,0.06340729067170194,77.50000081283763,0,90,3.0,3,1.6759538691554346e-08
4.105,0.03679497683410042,77.5000004156086,0,90,3.0,3,8.569249410863177e-09
4.11,0.019500578284482293,77.50000020966674,0,90,3.0,3,4.323025511448859e-09
4.115,0.009439396781978427,77.50000010436113,0,90,3.0,3,2.151775976186006e-09
4.12,0.004178588733610924,77.50000005125219,0,90,3.0,3,1.0567461132952828e-09
4.125,0.0017299316936037381,77.5000000248342,0,90,3.0,3,5.120452240908449e-10
4.13,0.0008997325756988589,77.50000001187277,0,90,3.0,3,2.447994064045206e-10
4.135,0.001634769674224814,77.5000000056004,0,90,3.0,3,1.1547213128408461e-10
4.14,0.00614904736476635,77.50000000260646,0,90,3.0,3,5.374135043050196e-11
4.145,0.02168080359963608,77.50000000119687,0,90,3.0,3,2.467766197574728e-11
4.15,0.06433400338904088,77.50000000054226,0,90,3.0,3,1.1180573076756249e-11
4.155,0.1593410769217493,77.5000000002424,0,90,3.0,3,4.997825750045373e-12
4.16,0.3291989194808569,77.50000000010691,0,90,3.0,3,2.204294021081746e-12
4.165,0.5672906802982638,77.50000000004653,0,90,3.0,3,9.593059451045642e-13
4.17,0.815339152120446,77.50000000001998,0,90,3.0,3,4.1196828308400036e-13
4.175,0.9768711246313155,77.50000000000846,0,90,3.0,3,1.7433935166072562e-13
4.18,0.9726380909165361,77.50000000000354,0,90,3.0,3,7.295882111516081e-14
4.185,0.7921091683291741,77.50000000000146,0,90,3.0,3,3.017975331269704e-14
4.19,0.49139090102639077,77.5000000000006,0,90,3.0,3,1.230630717605122e-14
4.195,0.15739335672107918,77.50000000000024,0,90,3.0,3,4.9811243331635886e-15
4.2,-0.11102342218909485,77.5000000000001,0,90,3.0,3,2.0510511960085364e-15
4.205,-0.2314207883647528,77.50000000000004,0,90,3.0,3,8.790219411465157e-16
4.21,-0.2029124434754801,77.50000000000001,0,90,3.0,3,2.9300731371550523e-16
4.215,-0.11151350554305876,77.5,0,90,3.0,3,0.0
4.22,-0.039430666652076896,77.5,0,90,3.0,3,0.0
4.225,-0.006087703519843621,77.5,0,90,3.0,3,0.0
4.23,0.005350271385530551,77.50000284455477,1,90,3.0,3,5.865061384095488e-08
4.235,0.010381647827441833,77.50000580215873,0,90,3.0,3,1.1963213866046006e-07
4.24,0.015115203303506243,77.50001275539046,0,90,3.0,3,2.6299774139467264e-07
4.245,0.021170964062928475,77.50003153289097,0,90,3.0,3,6.501627004562926e-07
4.25,0.029082821134029553,77.50008834514392,0,90,3.0,3,1.8215493592205602e-06
4.255,0.03923107061708144,77.50026962696381,0,90,3.0,3,5.559318841517676e-06
4.26,0.051969043308817596,77.50084721852477,0,90,3.0,3,1.746842319109944e-05
4.265,0.06760532616283861,77.50262352697138,0,90,3.0,3,5.4093339616011907e-05
4.27,0.08636519236693461,77.5078033638614,0,90,3.0,3,0.00016089410023502665
4.275,0.10834733138818661,77.52199868923158,0,90,3.0,3,0.00045358122126969516
4.28,0.1334809643017884,77.55839158559259,0,90,3.0,3,0.0012039502184038775
4.285,0.16148868344343945,77.64544907945715,0,90,3.0,3,0.0029989500919000256
4.29,0.191860907532018,77.83943363242335,0,90,3.0,3,0.006998631596357746
4.295,0.22384764873847726,78.24149114478274,0,90,3.0,3,0.015288477212015301
4.3,0.25647215537198226,79.01552596208309,0,90,3.0,3,0.03124795798109462
4.305,0.2885689161419028,80.39745622062914,0,90,3.0,3,0.059741365373796665
4.31,0.31884566517832524,82.68089569707755,0,90,3.0,3,0.10682259169232053
4.315,0.3459657668955683,86.16349000922408,0,90,3.0,3,0.1786286599840016
4.32,0.3686441789190902,91.04761566539297,0,90,3.0,3,0.27933228176067976
4.325,0.3857476379544367,97.31105705610833,0,90,3.0,3,0.40847540321872833
4.33,0.3963882865005728,104.59124514857123,0,90,3.0,3,0.558582374197345
4.335,0.4,112.14479230420652,0,90,3.0,3,0.714325614519722
4.34,0.39638828650057273,118.93414437414808,0,90,3.0,3,0.8543122551370738
4.345,0.38574763795443656,123.84829352749307,0,90,3.0,3,0.9556349180926406
4.35,0.36864417891908974,126.0,0,90,3.0,3,1.0
4.355,0.345965766895568,124.99217715523251,0,90,3.0,3,0.9792201475305672
4.36,0.3188456651783249,121.04437142658236,0,90,3.0,3,0.8978220912697393
4.365,0.28856891614190205,114.92472257434005,0,90,3.0,3,0.7716437644193825
4.37,0.2564721553719815,107.71690768839707,0,90,3.0,3,0.6230290245030324
4.375,0.22384764873847685,100.51955294559312,0,90,3.0,3,0.4746299576410952
4.38,0.19186090753201765,94.19220054499121,0,90,3.0,3,0.3441690834018806
4.385,0.16148868344343878,89.22431615738736,0,90,3.0,3,0.2417384774719044
4.39,0.1334809643017881,85.7397757016038,0,90,3.0,3,0.16989228250729493
4.395,0.10834733138818531,83.59551274299349,0,90,3.0,3,0.1256806751132679
4.4,0.08636519236690572,82.51202148824075,0,90,3.0,3,0.10334064924207728
4.405,0.06760532616242629,82.18453997599953,0,90,3.0,3,0.09658845311339231
4.41,0.05196904332202373,82.35069195328542,0,90,3.0,3,0.10001426707804989
4.415,0.03923107185803287,82.81534105407329,0,90,3.0,3,0.10959466090872755
4.42,0.02908287038705761,83.44684964319964,0,90,3.0,3,0.12261545656081735
4.425,0.02117220077308346,84.16077579935893,0,90,3.0,3,0.1373355834919367
4.43,0.0151361834125735,84.90235137585982,0,90,3.0,3,0.15262580156412006
4.435,0.010626454858290009,85.6331163605077,0,90,3.0,3,0.1676931208352103
4.44,0.007326255555493652,86.32276772136484,0,90,3.0,3,0.1819127365229864
4.445,0.004960179211183015,86.94520055538263,0,90,3.0,3,0.1947464032037655
4.45,0.0032978759379303545,87.47723188509201,0,90,3.0,3,0.2057161213421033
4.455,0.002153242296767213,87.89875236903507,0,90,3.0,3,0.2144072653409292
4.46,0.001380616732225004,88.19347427941852,0,90,3.0,3,0.2204840057612067
4.465,0.0008693106590991584,88.34978775287364,0,90,3.0,3,0.22370696397677606
4.47,0.000537524815942247,88.36145639506222,0,90,3.0,3,0.22394755453736537
4.475,0.0003263951340288585,88.22801050891252,0,90,3.0,3,0.22119609296726842
4.48,0.00019463030985187395,87.95477284458106,0,90,3.0,3,0.21556232669239295
4.485,0.00011397219555062695,87.55250483419901,0,90,3.0,3,0.20726814091131984
4.49,6.55403863487943e-05,87.03670299958162,0,90,3.0,3,0.1966330515377654
4.495,3.701184389455385e-05,86.42660878786413,0,90,3.0,3,0.18405378944049744
4.5,2.0525516217290957e-05,85.74401975485523,0,90,3.0,3,0.16997978875990166
4.505,1.1178128483661116e-05,85.01200421327506,0,90,3.0,3,0.15488668480979512
4.51,5.978135409912517e-06,84.25362432761578,0,90,3.0,3,0.13924998613640788
4.515,3.1396702713238487e-06,83.4907645732292,0,90,3.0,3,0.1235209190356536
4.52,1.6192875458531019e-06,82.74314518763843,0,90,3.0,3,0.10810608634306047
4.525,8.201353897972012e-07,82.02757644937837,0,90,3.0,3,0.09335209173976027
4.53,4.0791415086824765e-07,81.35748261877617,0,90,3.0,3,0.07953572409847783
4.535,1.9923866938774793e-07,80.74269753063376,0,90,3.0,3,0.0668597428996652
4.54,9.556527981051257e-08,80.18951010980362,0,90,3.0,3,0.05545381669698187
4.545,4.501406988770349e-08,79.70091970511072,0,90,3.0,3,0.045379787734241665
4.55,0.0,79.27704937041982,0,90,3.0,3,0.036640193204532316
4.555,0.0,78.91566034163318,0,90,3.0,3,0.029188873023364634
4.56,0.0,78.61271236828955,0,90,3.0,3,0.022942523057516498
4.565,0.0,78.36292100843355,0,90,3.0,3,0.017792185740897845
4.57,0.0,78.16027286034101,0,90,3.0,3,0.013613873409092989
4.575,0.0,77.99847126514554,0,90,3.0,3,0.01027775804423793
4.58,0.0,77.87129669790625,0,90,3.0,3,0.0076556020186854794
4.585,0.0,77.7728766174986,0,90,3.0,3,0.005626322010280338
4.59,0.0,77.69786812413626,0,90,3.0,3,0.004079755136830178
4.595,0.0,77.64156295752402,0,90,3.0,3,0.0029188238664745575
4.6,0.0,77.59992811506405,0,90,3.0,3,0.0020603735064751677
4.605,0.0,77.56959692327771,0,90,3.0,3,0.0014349881088188555
4.61,0.0,77.54782518554492,0,90,3.0,3,0.0009860862998953192
4.615,0.0,77.53242556585776,0,90,3.0,3,0.0006685683682013222
4.62,0.0,77.52169115816386,0,90,3.0,3,0.000447240374512603
4.625,0.0,77.51431667597406,0,90,3.0,3,0.0002951891953414032
4.63,0.0,77.50932321990186,0,90,3.0,3,0.00019223133818265347
4.635,0.0,77.5059903739918,0,90,3.0,3,0.000123512865810454
4.64,0.0,77.503797573812,0,90,3.0,3,7.830049096894785e-05
4.645,0.0,77.50237532362256,0,90,3.0,3,4.897574479502613e-05
4.65,0.0,77.50146589758421,0,90,3.0,3,3.02246924579589e-05
4.655,0.0,77.5008925832809,0,90,3.0,3,1.840377898765462e-05
4.66,0.0,77.50053623868786,0,90,3.0,3,1.1056467790873172e-05
4.665,0.0,77.50031785702697,0,90,3.0,3,6.553753133424103e-06
4.67,0.0,77.50018589588124,0,90,3.0,3,3.832904767934976e-06
4.675,0.0,77.50010726844758,0,90,3.0,3,2.211720568632784e-06
4.68,0.0,77.50006107148786,0,90,3.0,3,1.2592059353252255e-06
4.685,0.0,77.5000343059368,0,90,3.0,3,7.073389029596677e-07
4.69,0.001684486749771458,77.50001901359956,0,90,3.0,3,3.920329805206381e-07
4.695,0.004172395771277602,77.50001039737434,0,90,3.0,3,2.143788523562293e-07
4.7,0.009438687428818865,77.50000560979892,0,90,3.0,3,1.1566595708714398e-07
4.705,0.019500507867137046,77.50000298631205,0,90,3.0,3,6.157344442332952e-08
4.71,0.03679496976339974,77.50000156851023,0,90,3.0,3,3.2340417079729975e-08
4.715,0.06340728953298436,77.50000081283763,0,90,3.0,3,1.6759538691554346e-08
4.72,0.09979255396093453,77.5000004156086,0,90,3.0,3,8.569249410863177e-09
4.725,0.14343835518453557,77.50000020966674,0,90,3.0,3,4.323025511448859e-09
4.73,0.18829581417209276,77.50000010436113,0,90,3.0,3,2.151775976186006e-09
4.735,0.2257481735193119,77.50000005125219,0,90,3.0,3,1.0567461132952828e-09
4.74,0.24718154073554727,77.5000000248342,0,90,3.0,3,5.120452240908449e-10
4.745,0.24718154074102772,77.50000001187277,0,90,3.0,3,2.447994064045206e-10
4.75,0.22574817354072055,77.5000000056004,0,90,3.0,3,1.1547213128408461e-10
4.755,0.18829581422840957,77.50000000260646,0,90,3.0,3,5.374135043050196e-11
4.76,0.14343835532456656,77.50000000119687,0,90,3.0,3,2.467766197574728e-11
4.765,0.09979255431561854,77.50000000054226,0,90,3.0,3,1.1180573076756249e-11
4.77,0.06340729067170194,77.5000000002424,0,90,3.0,3,4.997825750045373e-12
4.775,0.03679497683410042,77.50000000010691,0,90,3.0,3,2.204294021081746e-12
4.78,0.019500578284482293,77.50000000004653,0,90,3.0,3,9.593059451045642e-13
4.785,0.009439396781978427,77.50000000001998,0,90,3.0,3,4.1196828308400036e-13
4.79,0.004178588733610924,77.50000000000846,0,90,3.0,3,1.7433935166072562e-13
4.795,0.0017299316936037381,77.50000000000354,0,90,3.0,3,7.295882111516081e-14
4.8,0.0008997325756988589,77.50000000000146,0,90,3.0,3,3.017975331269704e-14
4.805,0.001634769674224814,77.5000000000006,0,90,3.0,3,1.230630717605122e-14
4.81,0.00614904736476635,77.50000000000024,0,90,3.0,3,4.9811243331635886e-15
4.815,0.02168080359963608,77.5000000000001,0,90,3.0,3,2.0510511960085364e-15
4.82,0.06433400338904088,77.50000000000004,0,90,3.0,4,8.790219411465157e-16
4.825,0.1593410769217493,77.50000000000001,0,90,3.0,4,2.9300731371550523e-16
4.83,0.3291989194808569,77.5,0,90,3.0,4,0.0
4.835,0.5672906802982638,77.5,0,90,3.0,4,0.0
4.84,0.815339152120446,77.5,0,90,3.0,4,0.0
4.845,0.9768711246313155,77.50000284784167,1,90,3.0,4,5.871838496758071e-08
4.85,0.9726380909165361,77.50000672896968,0,90,3.0,4,1.3874164288918296e-07
4.855,0.7921091683291741,77.50001793011047,0,90,3.0,4,3.696929994574245e-07
4.86,0.49139090102639077,77.50005709635045,0,90,3.0,4,1.1772443390890254e-06
4.865,0.15739335672107918,77.50021128600096,0,90,3.0,4,4.356412390964194e-06
4.87,-0.11102342218909485,77.50082939233127,0,90,3.0,4,1.710087280967461e-05
4.875,-0.2314207883647528,77.50319460251153,0,90,3.0,4,6.586809302118512e-05
4.88,-0.2029124434754801,77.51157157222437,0,90,3.0,4,0.00023858911802823133
4.885,-0.11151350554305876,77.53866271321813,0,90,3.0,4,0.0007971693447037176
4.89,-0.039430666652076896,77.61816241460043,0,90,3.0,4,0.0024363384453697703
4.895,-0.006087703519843621,77.82912594226663,0,90,3.0,4,0.006786101902404714
4.9,0.005350271385530551,78.33410552268086,0,90,3.0,4,0.017198052014038304
4.905,0.010381647827441833,79.42184006803714,0,90,3.0,4,0.03962556841313694
4.91,0.015115203303506243,81.52425323242056,0,90,3.0,4,0.08297429345197037
4.915,0.021170964062928475,85.15671549570214,0,90,3.0,4,0.1578704225917968
4.92,0.029082821134029553,90.73575899759842,0,90,3.0,4,0.2729022473731634
4.925,0.03923107061708144,98.28687733416436,0,90,3.0,4,0.42859540895184245
4.93,0.051969043308817596,107.15974013032414,0,90,3.0,4,0.6115410336149307
4.935,0.06760532616283861,115.95093583348793,0,90,3.0,4,0.7928028006904728
4.94,0.08636519236693461,122.79622647700648,0,90,3.0,4,0.9339428139588966
4.945,0.10834733138818661,126.0,0,90,3.0,4,1.0
4.95,0.1334809643017884,124.72431423955051,0,90,3.0,4,0.9736972008154744
4.955,0.16148868344343945,119.35905971777999,0,90,3.0,4,0.8630733962428863
4.96,0.191860907532018,111.35298944843419,0,90,3.0,4,0.6979997824419419
4.965,0.22384764873847726,102.60708895577622,0,90,3.0,4,0.5176719372324994
4.97,0.25647215537198226,94.77726780372836,0,90,3.0,4,0.35623232585006936
4.975,0.2885689161419028,88.83086392400567,0,90,3.0,4,0.2336260602887767
4.98,0.31884566517832524,84.98965668509327,0,90,3.0,4,0.15442591103285083
4.985,0.3459657668955683,82.95748856417065,0,90,3.0,4,0.11252553740558033
4.99,0.3686441789190902,82.22848688715584,0,90,3.0,4,0.0974945749929039
4.995,0.3857476379544367,82.31806683684977,0,90,3.0,4,0.09934158426494363
5.0,0.3963882865005728,82.86637771176049,0,90,3.0,4,0.11064696312908232
5.005,0.4,83.64444151385598,0,90,3.0,4,0.12668951574960785
5.01,0.39638828650057273,84.51701829571773,0,90,3.0,4,0.1446807896024275
5.015,0.38574763795443656,85.40182976721093,0,90,3.0,4,0.1629243250971325
5.02,0.36864417891908974,86.24162517033795,0,90,3.0,4,0.18023969423377226
5.025,0.345965766895568,86.99016444250194,0,90,3.0,4,0.19567349365983372
5.03,0.3188456651783249,87.60755873674367,0,90,3.0,4,0.2084032729225499
5.035,0.28856891614190205,88.06036485670985,0,90,3.0,4,0.21773948158164647
5.04,0.2564721553719815,88.3234256531313,0,90,3.0,4,0.22316341552848032
5.045,0.22384764873847685,88.38183858849678,0,90,3.0,4,0.22436780594838715
5.05,0.19186090753201765,88.23226215658437,0,90,3.0,4,0.2212837558058633
5.055,0.16148868344343878,87.88321074397193,0,90,3.0,4,0.21408681946333874
5.06,0.1334809643017881,87.35424737622505,0,90,3.0,4,0.20318035827268138
5.065,0.10834733138818531,86.67416710033316,0,90,3.0,4,0.18915808454295185
5.07,0.08636519236690572,85.8784026151673,0,90,3.0,4,0.17275056938489286
5.075,0.06760532616242629,85.00597649365882,0,90,3.0,4,0.1547624019311097
5.08,0.05196904332202373,84.09636331860011,0,90,3.0,4,0.13600749110515695
5.085,0.03923107185803287,83.18660850156178,0,90,3.0,4,0.11724965982601605
5.09,0.02908287038705761,82.30898570415978,0,90,3.0,4,0.09915434441566559
5.095,0.02117220077308346,81.48937660159106,0,90,3.0,4,0.08225518766167136
5.1,0.0151361834125735,80.74644448152122,0,90,3.0,4,0.0669369996189943
5.105,0.010626454858290009,80.09156626764032,0,90,3.0,4,0.053434356033820976
5.11,0.007326255555493652,79.52940184404125,0,90,3.0,4,0.04184333699054115
5.115,0.004960179211183015,79.05892483911421,0,90,3.0,4,0.032142780187921896
5.12,0.0032978759379303545,78.67471819966217,0,90,3.0,4,0.024220993807467346
5.125,0.002153242296767213,78.3683476065922,0,90,3.0,4,0.01790407436272567
5.13,0.001380616732225004,78.12965828185389,0,90,3.0,4,0.012982644986678192
5.135,0.0008693106590991584,77.9478861391376,0,90,3.0,4,0.009234765755414317
5.14,0.000537524815942247,77.8125228088104,0,90,3.0,4,0.006443769253822671
5.145,0.0003263951340288585,77.71391794082291,0,90,3.0,4,0.004410679192224942
5.15,0.00019463030985187395,77.64363626182957,0,90,3.0,4,0.0029615724088571205
5.155,0.00011397219555062695,77.59460898267879,0,90,3.0,4,0.001950700673789538
5.16,6.55403863487943e-05,77.56112966914309,0,90,3.0,4,0.001260405549341962
5.165,3.701184389455385e-05,77.53874566435232,0,90,3.0,4,0.0007988796773674105
5.17,2.0525516217290957e-05,77.52409048661777,0,90,3.0,4,0.000496711064283831
5.175,1.1178128483661116e-05,77.514693302759,0,90,3.0,4,0.00030295469606184523
5.18,5.978135409912517e-06,77.50879112947288,0,90,3.0,4,0.00018126040150273466
5.185,3.1396702713238487e-06,77.50515966278871,0,90,3.0,4,0.0001063847997672908
5.19,1.6192875458531019e-06,77.50297063542692,0,90,3.0,4,6.125021498802976e-05
5.195,8.201353897972012e-07,77.50167775594724,0,90,3.0,4,3.459290612869323e-05
5.2,4.0791415086824765e-07,77.50092952186903,0,90,3.0,4,1.9165399361350657e-05
5.205,0.001684486749771458,77.50050517497772,0,90,3.0,4,1.0415978922022068e-05
5.21,0.004172395771277602,77.50026932424066,0,90,3.0,4,5.553077127055094e-06
5.215,0.009438687428818865,77.5001408511675,0,90,3.0,4,2.904147783524844e-06
5.22,0.019500507867137046,77.50007225981616,0,90,3.0,4,1.4898931167924285e-06
5.225,0.03679496976339974,77.50003636508839,0,90,3.0,4,7.497956369324007e-07
5.23,0.06340728953298436,77.50001795245458,0,90,3.0,4,3.701537027679769e-07
5.235,0.09979255396093453,77.50000869389558,0,90,3.0,4,1.7925557897600362e-07
5.24,0.14343835518453557,77.50000413006035,0,90,3.0,4,8.515588344436633e-08
5.245,0.18829581417209276,77.50000192464115,0,90,3.0,4,3.9683322762995006e-08
5.25,0.2257481735193119,77.50000087982143,0,90,3.0,4,1.8140648003235087e-08
5.255,0.24718154073554727,77.50000039453968,0,90,3.0,4,8.134838818599764e-09
5.26,0.24718154074102772,77.50000017355545,0,90,3.0,4,3.578462868522506e-09
5.265,0.22574817354072055,77.5000000748923,0,90,3.0,4,1.5441711048438687e-09
5.27,0.18829581422840957,77.50000003170206,0,90,3.0,4,6.536506776852154e-10
5.275,0.14343835532456656,77.50000001316404,0,90,3.0,4,2.7142351596528e-10
5.28,0.09979255431561854,77.5000000053622,0,90,3.0,4,1.1056074269158531e-10
5.285,0.06340729067170194,77.50000000214263,0,90,3.0,4,4.417788471814158e-11
5.29,0.03679497683410042,77.50000000083985,0,90,3.0,4,1.7316439233272643e-11
5.295,0.019500578284482293,77.50000000032293,0,90,3.0,4,6.658298196871141e-12
5.3,0.009439396781978427,77.5000000001218,0,90,3.0,4,2.511365685855595e-12
5.305,0.004178588733610924,77.50000000004506,0,90,3.0,4,9.291261917918671e-13
5.31,0.0017299316936037381,77.50000000001636,0,90,3.0,4,3.3725141808654653e-13
5.315,0.0008997325756988589,77.50000000000583,0,90,3.0,4,1.2013299862335715e-13
5.32,0.001634769674224814,77.50000000000203,0,90,3.0,4,4.190004586131725e-14
5.325,0.00614904736476635,77.5000000000007,0,90,3.0,4,1.4357358372059756e-14
5.33,0.02168080359963608,77.50000000000023,0,90,3.0,4,4.688117019448084e-15
5.335,0.06433400338904088,77.50000000000007,0,90,3.0,4,1.465036568577526e-15
5.34,0.1593410769217493,77.50000000000003,0,90,3.0,4,5.860146274310105e-16
5.345,0.3291989194808569,77.50000000000001,0,90,3.0,4,2.9300731371550523e-16
5.35,0.5672906802982638,77.5,0,90,3.0,4,0.0
5.355,0.815339152120446,77.5,0,90,3.0,4,0.0
5.36,0.9768711246313155,77.5000028564677,1,90,3.0,4,5.889624128602796e-08
5.365,0.9726380909165361,77.50000545335169,0,90,3.0,4,1.1244024103548654e-07
5.37,0.7921091683291741,77.50001103870419,0,90,3.0,4,2.2760214818910904e-07
5.375,0.49139090102639077,77.50002451145392,0,90,3.0,4,5.053908023807342e-07
5.38,0.15739335672107918,77.50006056508865,0,90,3.0,4,1.2487647143423357e-06
5.385,-0.11102342218909485,77.500163159277,0,90,3.0,4,3.364108803999002e-06
5.39,-0.2314207883647528,77.50045963921588,0,90,3.0,4,9.477097234556608e-06
5.395,-0.2029124434754801,77.50130157200853,0,90,3.0,4,2.6836536258334144e-05
5.4,-0.11151350554305876,77.50360621062502,0,90,3.0,4,7.435485824789184e-05
5.405,-0.039430666652076896,77.50962435840236,0,90,3.0,4,0.0001984403794301553
5.41,-0.006087703519843621,77.5245336611205,0,90,3.0,4,0.0005058486828969172
5.415,0.005350271385530551,77.55946841825335,0,90,3.0,4,0.0012261529536772287
5.42,0.010381647827441833,77.63674715233715,0,90,3.0,4,0.002819528914168054
5.425,0.015115203303506243,77.79792448353166,0,90,3.0,4,0.006142772856322871
5.43,0.021170964062928475,78.11453494517251,0,90,3.0,4,0.012670823611804292
5.435,0.029082821134029553,78.69968859351175,0,90,3.0,4,0.0247358472889021
5.44,0.03923107061708144,79.71601941372563,0,90,3.0,4,0.04569112193248727
5.445,0.051969043308817596,81.3726112396058,0,90,3.0,4,0.07984765442486191
5.45,0.06760532616283861,83.90214348528451,0,90,3.0,4,0.13200295845947446
5.455,0.08636519236693461,87.51194056320449,0,90,3.0,4,0.2064317641897833
5.46,0.10834733138818661,92.31057839827544,0,90,3.0,4,0.305372750479906
5.465,0.1334809643017884,98.22445209684186,0,90,3.0,4,0.42730829065653314
5.47,0.16148868344343945,104.93176617201091,0,90,3.0,4,0.5656034262270291
5.475,0.191860907532018,111.84734002058431,0,90,3.0,4,0.7081925777440065
5.48,0.22384764873847726,118.18353745375319,0,90,3.0,4,0.8388358237887256
5.485,0.25647215537198226,123.08912705128517,0,90,3.0,4,0.9399820010574262
5.49,0.2885689161419028,125.83623498218132,0,90,3.0,4,0.9966234016944603
5.495,0.31884566517832524,126.0,0,90,3.0,4,1.0
5.5,0.3459657668955683,123.57027949337669,0,90,3.0,4,0.9499026699665296
5.505,0.3686441789190902,118.95531468006659,0,90,3.0,4,0.8547487562900329
5.51,0.3857476379544367,112.8759914170416,0,90,3.0,4,0.7294018848874557
5.515,0.3963882865005728,106.18868862199935,0,90,3.0,4,0.5915193530309144
5.52,0.4,99.69679952472116,0,90,3.0,4,0.45766596958187955
5.525,0.39638828650057273,94.00737257354771,0,90,3.0,4,0.3403581973927363
5.53,0.38574763795443656,89.46469600444867,0,90,3.0,4,0.24669476297832307
5.535,0.36864417891908974,86.1609302263463,0,90,3.0,4,0.1785758809555937
5.54,0.345965766895568,83.99956239812894,0,90,3.0,4,0.1340115958377102
5.545,0.3188456651783249,82.77835198542279,0,90,3.0,4,0.10883199969943892
5.55,0.28856891614190205,82.26364992927617,0,90,3.0,4,0.09821958617064268
5.555,0.2564721553719815,82.24082003149722,0,90,3.0,4,0.0977488666288087
5.56,0.22384764873847685,82.53843885242503,0,90,3.0,4,0.1038853371634027
5.565,0.19186090753201765,83.03228371198631,0,90,3.0,4,0.11406770540177957
5.57,0.16148868344343878,83.63787548612598,0,90,3.0,4,0.12655413373455623
5.575,0.1334809643017881,84.29912711951967,0,90,3.0,4,0.14018818803133334
5.58,0.10834733138818531,84.97779720332112,0,90,3.0,4,0.15418138563548694
5.585,0.08636519236690572,85.64573159835365,0,90,3.0,4,0.167953228832034
5.59,0.06760532616242629,86.28008889382897,0,90,3.0,4,0.18103276069750462
5.595,0.05196904332202373,86.86092112745918,0,90,3.0,4,0.19300868304039542
5.6,0.03923107185803287,87.37030590214425,0,90,3.0,4,0.2035114618998815
5.605,0.02908287038705761,87.79235702367464,0,90,3.0,4,0.2122135468798895
5.61,0.02117220077308346,88.11364773149214,0,90,3.0,4,0.2188380975565389
5.615,0.0151361834125735,88.32375687702194,0,90,3.0,4,0.22317024488705023
5.62,0.010626454858290009,88.41576824699521,0,90,3.0,4,0.2250673865359838
5.625,0.007326255555493652,88.38662664092895,0,90,3.0,4,0.22446652867894748
5.63,0.004960179211183015,88.2372990391203,0,90,3.0,4,0.22138760905402685
5.635,0.0032978759379303545,87.97271905935307,0,90,3.0,4,0.21593235173923853
5.64,0.002153242296767213,87.60151563015489,0,90,3.0,4,0.20827867278669882
5.645,0.001380616732225004,87.1355455413843,0,90,3.0,4,0.19867104209039801
5.65,0.0008693106590991584,86.58926483861305,0,90,3.0,4,0.18740752244562983
5.655,0.000537524815942247,85.97898542150867,0,90,3.0,4,0.17482444168059108
5.66,0.0003263951340288585,85.32207004119032,0,90,3.0,4,0.16127979466371783
5.665,0.00019463030985187395,84.63612080609002,0,90,3.0,4,0.1471365114657736
5.67,0.00011397219555062695,83.93821340240603,0,90,3.0,4,0.1327466680908461
5.675,6.55403863487943e-05,83.24422209684201,0,90,3.0,4,0.11843756900705173
5.68,3.701184389455385e-05,82.5682702000534,0,90,3.0,4,0.10450041649594649
5.685,2.0525516217290957e-05,81.92232827693294,0,90,3.0,4,0.09118202632851431
5.69,1.1178128483661116e-05,81.31596934262296,0,90,3.0,4,0.0786797802602673
5.695,5.978135409912517e-06,80.7562778662365,0,90,3.0,4,0.06713974981930931
5.7,3.1396702713238487e-06,80.24789870051464,0,90,3.0,4,0.056657705165250295
5.705,1.6192875458531019e-06,79.79320384552783,0,90,3.0,4,0.047282553516037676
5.71,8.201353897972012e-07,79.39254966509434,0,90,3.0,4,0.03902164257926466
5.715,4.0791415086824765e-07,79.04459487797472,0,90,3.0,4,0.03184731707164365
5.72,1.9923866938774793e-07,78.74665010120292,0,90,3.0,4,0.025704125797998287
5.725,9.556527981051257e-08,78.4950324497986,0,90,3.0,4,0.02051613298553815
5.73,4.501406988770349e-08,78.28540306685832,0,90,3.0,4,0.0161938776671819
5.735,0.0,78.11307078741693,0,90,3.0,4,0.012640634792101656
5.74,0.0,77.97325077488534,0,90,3.0,4,0.00975774793578028
5.745,0.0,77.86127235160261,0,90,3.0,4,0.007448914466033154
5.75,0.0,77.7727349529587,0,90,3.0,4,0.005623401091931963
5.755,0.0,77.70361489944557,0,90,3.0,4,0.004198245349393168
5.76,0.0,77.65032838439267,0,90,3.0,4,0.0030995543173745416
5.765,0.0,77.60975772765077,0,90,3.0,4,0.002263045930943784
5.77,0.0,77.57924865595666,0,90,3.0,4,0.0016339929063229112
5.775,0.0,77.55658631135569,0,90,3.0,4,0.001166728069189428
5.78,0.0,77.53995706181816,0,90,3.0,4,0.0008238569447042692
5.785,0.0,77.5279021961484,0,90,3.0,4,0.000575303013369142
5.79,0.0,77.5192684114055,0,90,3.0,4,0.00039728683310320627
5.795,0.0,77.51315879480705,0,90,3.0,4,0.000271315356846487
5.8,0.0,77.50888687354049,0,90,3.0,4,0.00018323450598948688
5.805,0.0,77.50593532585206,0,90,3.0,4,0.0001223778526198859
5.81,0.0,77.50392015117043,0,90,3.0,4,8.082785918419439e-05
5.815,0.0,77.5025604938901,0,90,3.0,4,5.279368845569395e-05
5.82,0.0,77.50165389279071,0,90,3.0,4,3.4100882282752264e-05
5.825,0.0,77.5010564614286,0,90,3.0,4,2.1782709868122447e-05
5.83,0.0,77.5006673637583,0,90,3.0,4,1.3760077490646321e-05
5.835,0.0,77.50041690228181,0,90,3.0,4,8.595923336355385e-06
5.84,0.0,77.50025755418267,0,90,3.0,4,5.310395518912647e-06
5.845,0.0,77.50015734959284,0,90,3.0,4,3.2443215018505274e-06
5.85,0.0,77.5000950660219,0,90,3.0,4,1.9601241628662914e-06
5.855,0.0,77.5000567999168,0,90,3.0,4,1.1711323052683848e-06
5.86,0.0,77.50003356083515,0,90,3.0,4,6.91975982456909e-07
5.865,0.0,77.50001961013126,0,90,3.0,4,4.0433260332084156e-07
5.87,0.0,77.50001133159184,0,90,3.0,4,2.3364106877378027e-07
5.875,0.0,77.50000647536162,0,90,3.0,4,1.3351261063502365e-07
5.88,0.001684486749771458,77.50000365931513,0,90,3.0,4,7.544979642205494e-08
5.885,0.004172395771277602,77.50000204502338,0,90,3.0,4,4.216543049654685e-08
5.89,0.009438687428818865,77.50000113021072,0,90,3.0,4,2.3303313807830526e-08
5.895,0.019500507867137046,77.50000061770804,0,90,3.0,4,1.2736248234751216e-08
5.9,0.03679496976339974,77.50000033386414,0,90,3.0,4,6.8837966255065934e-09
5.905,0.06340728953298436,77.50000017845099,0,90,3.0,4,3.6794018370463013e-09
5.91,0.09979255396093453,77.50000009432587,0,90,3.0,4,1.9448632944668417e-09
5.915,0.14343835518453557,77.50000004930664,0,90,3.0,4,1.0166316540037479e-09
5.92,0.18829581417209276,77.5000000254884,0,90,3.0,4,5.255341087850519e-10
5.925,0.2257481735193119,77.50000001302995,0,90,3.0,4,2.686586989530605e-10
5.93,0.24718154073554727,77.50000000658727,0,90,3.0,4,1.3582002418505787e-10
5.935,0.24718154074102772,77.5000000032933,0,90,3.0,4,6.790297991699976e-11
5.94,0.22574817354072055,77.50000000162824,0,90,3.0,4,3.3571898983581445e-11
5.945,0.18829581422840957,77.5000000007961,0,90,3.0,4,1.6414562721656317e-11
5.95,0.14343835532456656,77.50000000038493,0,90,3.0,4,7.936689106611891e-12
5.955,0.09979255431561854,77.50000000018406,0,90,3.0,4,3.795030727243224e-12
5.96,0.06340729067170194,77.50000000008704,0,90,3.0,4,1.7946697965074695e-12
5.965,0.03679497683410042,77.5000000000407,0,90,3.0,4,8.39172946481207e-13
5.97,0.019500578284482293,77.50000000001882,0,90,3.0,4,3.879416833593289e-13
5.975,0.009439396781978427,77.50000000000861,0,90,3.0,4,1.7756243211159617e-13
5.98,0.004178588733610924,77.5000000000039,0,90,3.0,4,8.028400395804844e-14
5.985,0.0017299316936037381,77.50000000000173,0,90,3.0,4,3.574689227329164e-14
5.99,0.0008997325756988589,77.50000000000077,0,90,3.0,4,1.5822394940637283e-14
5.995,0.001634769674224814,77.50000000000034,0,90,3.0,4,7.032175529172126e-15
6.0,0.00614904736476635,77.50000000000014,0,90,3.0,4,2.930073137155052e-15
6.005,0.02168080359963608,77.50000000000006,0,90,3.0,4,1.172029254862021e-15
6.01,0.06433400338904088,77.50000000000003,0,90,3.0,4,5.860146274310105e-16
6.015,0.1593410769217493,77.50000000000001,0,90,3.0,4,2.9300731371550523e-16
6.02,0.3291989194808569,77.5,0,90,3.0,4,0.0
6.025,0.5672906802982638,77.5,0,90,3.0,5,0.0
6.03,0.815339152120446,77.5,0,90,3.0,5,0.0
6.035,0.9768711246313155,77.50000285700571,1,90,3.0,5,5.890733424991792e-08
6.04,0.9726380909165361,77.5000055981037,0,90,3.0,5,1.1542481851411701e-07
6.045,0.7921091683291741,77.50001170193522,0,90,3.0,5,2.412770148805872e-07
6.05,0.49139090102639077,77.5000270882034,0,90,3.0,5,5.585196576478281e-07
6.055,0.15739335672107918,77.50007030382385,0,90,3.0,5,1.4495633782883385e-06
6.06,-0.11102342218909485,77.50019904185636,0,90,3.0,5,4.1039558012827685e-06
6.065,-0.2314207883647528,77.50058607134292,0,90,3.0,5,1.2083945214904703e-05
6.07,-0.2029124434754801,77.50172157287263,0,90,3.0,5,3.549634788918851e-05
6.075,-0.11151350554305876,77.50491227303426,0,90,3.0,5,0.00010128398008792904
6.08,-0.039430666652076896,77.51341548520728,0,90,3.0,5,0.00027660794241804996
6.085,-0.006087703519843621,77.53479767151332,0,90,3.0,5,0.0007174777631611781
6.09,0.005350271385530551,77.58538694566,0,90,3.0,5,0.001760555580618663
6.095,0.010381647827441833,77.69780421918405,0,90,3.0,5,0.004078437508949487
6.1,0.015115203303506243,77.93212374321509,0,90,3.0,5,0.008909767901341991
6.105,0.021170964062928475,78.38971621807644,0,90,3.0,5,0.018344664290235957
6.11,0.029082821134029553,79.22592550239746,0,90,3.0,5,0.035586092832937295
6.115,0.03923107061708144,80.65382694330745,0,90,3.0,5,0.06502735965582372
6.12,0.051969043308817596,82.92814688244911,0,90,3.0,5,0.1119205542773013
6.125,0.06760532616283861,86.29905479142072,0,90,3.0,5,0.1814238101323859
6.13,0.08636519236693461,90.93310591840898,0,90,3.0,5,0.27697125604966977
6.135,0.10834733138818661,96.81375736041753,0,90,3.0,5,0.3982218012457222
6.14,0.1334809643017884,103.65218979533569,0,90,3.0,5,0.5392204081512513
6.145,0.16148868344343945,110.85098906485283,0,90,3.0,5,0.6876492590691304
6.15,0.191860907532018,117.55776115670236,0,90,3.0,5,0.8259332197258218
6.155,0.22384764873847726,122.81835656489098,0,90,3.0,5,0.9343991044307418
6.16,0.25647215537198226,125.79775358536652,0,90,3.0,5,0.9958299708322994
6.165,0.2885689161419028,126.0,0,90,3.0,5,1.0
6.17,0.31884566517832524,123.40809829602208,0,90,3.0,5,0.9465587277530325
6.175,0.3459657668955683,118.49003065599916,0,90,3.0,5,0.8451552712577147
6.18,0.3686441789190902,112.06852813875727,0,90,3.0,5,0.71275315750015
6.185,0.3857476379544367,105.10477932098621,0,90,3.0,5,0.5691707076492002
6.19,0.3963882865005728,98.47443100842273,0,90,3.0,5,0.4324624950190253
6.195,0.4,92.8066072912793,0,90,3.0,5,0.3156001503356558
6.2,0.39638828650057273,88.42148372327156,0,90,3.0,5,0.2251852314076611
6.205,0.38574763795443656,85.35990241659837,0,90,3.0,5,0.16205984364120357
6.21,0.36864417891908974,83.46944358620377,0,90,3.0,5,0.12308131105574777
6.215,0.345965766895568,82.50409108932574,0,90,3.0,5,0.1031771358623864
6.22,0.3188456651783249,82.20538889595129,0,90,3.0,5,0.09701832775157294
6.225,0.28856891614190205,82.35118221387862,0,90,3.0,5,0.10002437554388899
6.23,0.2564721553719815,82.77370137387766,0,90,3.0,5,0.10873611080160117
6.235,0.22384764873847685,83.35697885227354,0,90,3.0,5,0.12076245056234107
6.24,0.19186090753201765,84.0246919330554,0,90,3.0,5,0.13452973057846174
6.245,0.16148868344343878,84.72653191551647,0,90,3.0,5,0.1490006580518861
6.25,0.1334809643017881,85.42725699479512,0,90,3.0,5,0.16344859783082713
6.255,0.10834733138818531,86.09955203844497,0,90,3.0,5,0.17731035130814368
6.26,0.08636519236690572,86.72019234262434,0,90,3.0,5,0.1901070586108112
6.265,0.06760532616242629,87.26848870696234,0,90,3.0,5,0.20141213828788337
6.27,0.05196904332202373,87.72606423286395,0,90,3.0,5,0.21084668521368966
6.275,0.03923107185803287,88.07728034294114,0,90,3.0,5,0.2180882544936317
6.28,0.02908287038705761,88.30988433026353,0,90,3.0,5,0.22288421299512431
6.285,0.02117220077308346,88.41562988670005,0,90,3.0,5,0.2250645337463927
6.29,0.0151361834125735,88.39073171494468,0,90,3.0,5,0.22455116938030265
6.295,0.010626454858290009,88.23608061227844,0,90,3.0,5,0.2213624868511019
6.3,0.007326255555493652,87.95718762032197,0,90,3.0,5,0.2156121158829273
6.305,0.004960179211183015,87.56385719193653,0,90,3.0,5,0.20750221014302134
6.31,0.0032978759379303545,87.06961485035202,0,90,3.0,5,0.19731164639901083
6.315,0.002153242296767213,86.49093547163766,0,90,3.0,5,0.18538011281727124
6.32,0.001380616732225004,85.84633343081921,0,90,3.0,5,0.17208934908905596
6.325,0.0008693106590991584,85.15538449808108,0,90,3.0,5,0.15784297934187785
6.33,0.000537524815942247,84.43775108996621,0,90,3.0,5,0.14304641422610748
6.335,0.0003263951340288585,83.71227751571944,0,90,3.0,5,0.12808819620040074
6.34,0.00019463030985187395,82.99621117057644,0,90,3.0,5,0.11332394166136998
6.345,0.00011397219555062695,82.30459074772966,0,90,3.0,5,0.09906372675731262
6.35,6.55403863487943e-05,81.64982534565863,0,90,3.0,5,0.08556340918883767
6.355,3.701184389455385e-05,81.04147079905813,0,90,3.0,5,0.0730200164754254
6.36,2.0525516217290957e-05,80.4861934573874,0,90,3.0,5,0.06157099912138971
6.365,1.1178128483661116e-05,79.98789840738041,0,90,3.0,5,0.05129687437897759
6.37,5.978135409912517e-06,79.54798972143004,0,90,3.0,5,0.04222659219443386
6.375,3.1396702713238487e-06,79.1657251050575,0,90,3.0,5,0.03434484752695885
6.38,1.6192875458531019e-06,78.83862619104653,0,90,3.0,5,0.027600540021577923
6.385,8.201353897972012e-07,78.5629081394647,0,90,3.0,5,0.021915631741540122
6.39,4.0791415086824765e-07,78.33389731528789,0,90,3.0,5,0.017193759078100723
6.395,1.9923866938774793e-07,78.14641264967727,0,90,3.0,5,0.013328095869634505
6.4,9.556527981051257e-08,77.9950938659425,0,90,3.0,5,0.010208120947267908
6.405,4.501406988770349e-08,77.87466719823882,0,90,3.0,5,0.007725096870903608
6.41,0.0,77.78014587226397,0,90,3.0,5,0.00577620355183448
6.415,0.0,77.7069680038797,0,90,3.0,5,0.004267381523292672
6.42,0.0,77.651078485453,0,90,3.0,5,0.0031150203186185305
6.425,0.0,77.6089638555516,0,90,3.0,5,0.0022466774340534693
6.43,0.0,77.57765022693218,0,90,3.0,5,0.0016010356068490341
6.435,0.0,77.55467432434818,0,90,3.0,5,0.0011273056566635917
6.44,0.0,77.53803685039938,0,90,3.0,5,0.0007842649566882334
6.445,0.0,77.52614605077103,0,90,3.0,5,0.0005390938303305668
6.45,0.0,77.5177577558228,0,90,3.0,5,0.0003661392953154532
6.455,0.0,77.51191654857978,0,90,3.0,5,0.000245702032572712
6.46,0.0,77.507901204888,0,90,3.0,5,0.0001629114409896965
6.465,0.0,77.5051762660216,0,90,3.0,5,0.00010672713446612442
6.47,0.0,77.50335058222204,0,90,3.0,5,6.908416952660915e-05
6.475,0.0,77.50214291231161,0,90,3.0,5,4.4183759002311787e-05
6.48,0.0,77.50135415677913,0,90,3.0,5,2.792075833256313e-05
6.485,0.0,77.50084550060859,0,90,3.0,5,1.7433002238989895e-05
6.49,0.0,77.50052160209725,0,90,3.0,5,1.075468241754972e-05
6.495,0.0,77.50031793999378,0,90,3.0,5,6.555463789233549e-06
6.5,0.0,77.50019148352861,0,90,3.0,5,3.948113991960669e-06
6.505,0.0,77.50011394574456,0,90,3.0,5,2.3493967950292517e-06
6.51,0.0,77.50006699543745,0,90,3.0,5,1.381349225776202e-06
6.515,0.0,77.50003891999467,0,90,3.0,5,8.024741168107361e-07
6.52,0.0,77.50002233987531,0,90,3.0,5,4.6061598587565985e-07
6.525,0.0,77.5000126697821,0,90,3.0,5,2.6123262050673147e-07
6.53,0.001684486749771458,77.50000709966693,0,90,3.0,5,1.4638488517110878e-07
6.535,0.004172395771277602,77.50000393085688,0,90,3.0,5,8.104859540891112e-08
6.54,0.009438687428818865,77.50000215038844,0,90,3.0,5,4.433790597441029e-08
6.545,0.019500507867137046,77.50000116232353,0,90,3.0,5,2.3965433568911375e-08
6.55,0.03679496976339974,77.50000062075121,0,90,3.0,5,1.2798993992939508e-08
6.555,0.06340728953298436,77.50000032755825,0,90,3.0,5,6.7537784391404165e-09
6.56,0.09979255396093453,77.50000017078115,0,90,3.0,5,3.52126080870971e-09
6.565,0.14343835518453557,77.50000008797753,0,90,3.0,5,1.8139696022472824e-09
6.57,0.18829581417209276,77.50000004478,0,90,3.0,5,9.232988623366931e-10
6.575,0.2257481735193119,77.50000002252042,0,90,3.0,5,4.6433865229362745e-10
6.58,0.24718154073554727,77.50000001119051,0,90,3.0,5,2.3073212527303918e-10
6.585,0.24718154074102772,77.50000000549419,0,90,3.0,5,1.1328219462137492e-10
6.59,0.22574817354072055,77.50000000266525,0,90,3.0,5,5.495352168734301e-11
6.595,0.18829581422840957,77.50000000127747,0,90,3.0,5,2.6339599459141628e-11
6.6,0.14343835532456656,77.50000000060498,0,90,3.0,5,1.247390735949649e-11
6.605,0.09979255431561854,77.5000000002831,0,90,3.0,5,5.83699869652658e-12
6.61,0.06340729067170194,77.50000000013088,0,90,3.0,5,2.698597359319803e-12
6.615,0.03679497683410042,77.50000000005979,0,90,3.0,5,1.2326817688011305e-12
6.62,0.019500578284482293,77.50000000002699,0,90,3.0,5,5.564208887457445e-13
6.625,0.009439396781978427,77.50000000001204,0,90,3.0,5,2.481771947170329e-13
6.63,0.004178588733610924,77.5000000000053,0,90,3.0,5,1.0929172801588345e-13
6.635,0.0017299316936037381,77.5000000000023,0,90,3.0,5,4.746718482191185e-14
6.64,0.0008997325756988589,77.500000000001,0,90,3.0,5,2.0510511960085366e-14
6.645,0.001634769674224814,77.50000000000043,0,90,3.0,5,8.790219411465157e-15
6.65,0.00614904736476635,77.50000000000017,0,90,3.0,5,3.516087764586063e-15
6.655,0.02168080359963608,77.50000000000007,0,90,3.0,5,1.465036568577526e-15
6.66,0.06433400338904088,77.50000000000003,0,90,3.0,5,5.860146274310105e-16
6.665,0.1593410769217493,77.50000000000001,0,90,3.0,5,2.9300731371550523e-16
6.67,0.3291989194808569,77.5,0,90,3.0,5,0.0
6.675,0.5672906802982638,77.5,0,90,3.0,5,0.0
6.68,0.815339152120446,77.5,0,90,3.0,5,0.0
6.685,0.9768711246313155,77.5000028575978,1,90,3.0,5,5.8919542399643876e-08
6.69,0.9726380909165361,77.50000575945259,0,90,3.0,5,1.1875159982045045e-07
6.695,0.7921091683291741,77.50001247170877,0,90,3.0,5,2.571486344639141e-07
6.7,0.49139090102639077,77.5000302285082,0,90,3.0,5,6.232682101925974e-07
6.705,0.15739335672107918,77.50008277928515,0,90,3.0,5,1.7067893845565196e-06
6.71,-0.11102342218909485,77.50024711032393,0,90,3.0,5,5.095058225275896e-06
6.715,-0.2314207883647528,77.500761906128,0,90,3.0,5,1.570940470114036e-05
6.72,-0.2029124434754801,77.50232367895711,0,90,3.0,5,4.791090633219581e-05
6.725,-0.11151350554305876,77.50682980175638,0,90,3.0,5,0.00014082065477076134
6.73,-0.039430666652076896,77.5190818325946,0,90,3.0,5,0.00039343984731121776
6.735,-0.006087703519843621,77.55032658431828,0,90,3.0,5,0.0010376615323357632
6.74,0.005350271385530551,77.62486111399137,0,90,3.0,5,0.00257445595858499
6.745,0.010381647827441833,77.79089628192624,0,90,3.0,5,0.0059978614830151974
6.75,0.015115203303506243,78.13581030968653,0,90,3.0,5,0.013109490921371826
6.755,0.021170964062928475,78.80310418498046,0,90,3.0,5,0.02686812752537021
6.76,0.029082821134029553,80.0036503319219,0,90,3.0,5,0.05162165632828667
6.765,0.03923107061708144,82.00862464608667,0,90,3.0,5,0.09296133290900357
6.77,0.051969043308817596,85.1094351581589,0,90,3.0,5,0.15689557027131756
6.775,0.06760532616283861,89.53588442832962,0,90,3.0,5,0.24816256553256955
6.78,0.08636519236693461,95.34067984553826,0,90,3.0,5,0.36784906898017034
6.785,0.10834733138818661,102.2828802504138,0,90,3.0,5,0.5109872216580165
6.79,0.1334809643017884,109.76314796610146,0,90,3.0,5,0.6652195456928135
6.795,0.16148868344343945,116.8635603773981,0,90,3.0,5,0.8116198015958371
6.8,0.191860907532018,122.51408790040378,0,90,3.0,5,0.9281255237196656
6.805,0.22384764873847726,125.75350534267997,0,90,3.0,5,0.9949176359315458
6.81,0.25647215537198226,126.0,0,90,3.0,5,1.0
6.815,0.2885689161419028,123.22762570772198,0,90,3.0,5,0.9428376434581852
6.82,0.31884566517832524,117.97571147104895,0,90,3.0,5,0.8345507519803907
6.825,0.3459657668955683,111.18720976466966,0,90,3.0,5,0.6945816446323642
6.83,0.3686441789190902,103.94297749733238,0,90,3.0,5,0.5452160308728325
6.835,0.3857476379544367,97.19497900171685,0,90,3.0,5,0.4060820412725123
6.84,0.3963882865005728,91.58715852017986,0,90,3.0,5,0.2904568767047393
6.845,0.4,87.40231943688003,0,90,3.0,5,0.20417153478103164
6.85,0.39638828650057273,84.61776733767618,0,90,3.0,5,0.14675808943662236
6.855,0.38574763795443656,83.01870255620567,0,90,3.0,5,0.11378768157125088
6.86,0.36864417891908974,82.31532374904685,0,90,3.0,5,0.09928502575354338
6.865,0.345965766895568,82.22852513749818,0,90,3.0,5,0.0974953636597563
6.87,0.3188456651783249,82.53379724975913,0,90,3.0,5,0.10378963401565221
6.875,0.28856891614190205,83.07090796955741,0,90,3.0,5,0.11486408184654455
6.88,0.2564721553719815,83.73393365366984,0,90,3.0,5,0.12853471450865642
6.885,0.22384764873847685,84.45472567769907,0,90,3.0,5,0.1433964057257541
6.89,0.19186090753201765,85.18779931345597,0,90,3.0,5,0.15851132605063853
6.895,0.16148868344343878,85.89973780936282,0,90,3.0,5,0.1731904702961406
6.9,0.1334809643017881,86.56315147784285,0,90,3.0,5,0.18686910263593506
6.905,0.10834733138818531,87.15399280259183,0,90,3.0,5,0.1990513979915841
6.91,0.08636519236690572,87.65090403830237,0,90,3.0,5,0.20929699048046127
6.915,0.06760532616242629,88.03559075757407,0,90,3.0,5,0.21722867541389834
6.92,0.05196904332202373,88.2935803580661,0,90,3.0,5,0.22254804861991948
6.925,0.03923107185803287,88.41499512294472,0,90,3.0,5,0.22505144583391168
6.93,0.02908287038705761,88.3951361310454,0,90,3.0,5,0.2246419820834104
6.935,0.02117220077308346,88.23477150863336,0,90,3.0,5,0.22133549502336822
6.94,0.0151361834125735,87.94008324256698,0,90,3.0,5,0.2152594483003502
6.945,0.010626454858290009,87.52227066579813,0,90,3.0,5,0.20664475599583776
6.95,0.007326255555493652,86.99684394559772,0,90,3.0,5,0.19581121537314883
6.955,0.004960179211183015,86.38266910719653,0,90,3.0,5,0.18314781664322752
6.96,0.0032978759379303545,85.70084635302014,0,90,3.0,5,0.16908961552618845
6.965,0.002153242296767213,84.97351438020993,0,90,3.0,5,0.15409308000432853
6.97,0.001380616732225004,84.22267447021218,0,90,3.0,5,0.13861184474664295
6.975,0.0008693106590991584,83.46911983680923,0,90,3.0,5,0.12307463581049953
6.98,0.000537524815942247,82.73153966075022,0,90,3.0,5,0.10786679712887041
6.985,0.0003263951340288585,82.02584581584142,0,90,3.0,5,0.09331640857404992
6.99,0.00019463030985187395,81.36474634664565,0,90,3.0,5,0.07968549168341538
6.995,0.00011397219555062695,80.75756615651035,0,90,3.0,5,0.06716631250536804
7.0,6.55403863487943e-05,80.21029461204587,0,90,3.0,5,0.05588236313496642
7.005,3.701184389455385e-05,79.72582372581968,0,90,3.0,5,0.04589327269731299
7.01,2.0525516217290957e-05,79.30433029623575,0,90,3.0,5,0.037202686520324685
7.015,1.1178128483661116e-05,78.94375108500397,0,90,3.0,5,0.02976806360832922
7.02,5.978135409912517e-06,78.6403012861791,0,90,3.0,5,0.023511366725342178
7.025,3.1396702713238487e-06,78.38899212332203,0,90,3.0,5,0.01832973450148508
7.03,1.6192875458531019e-06,78.18411201851102,0,90,3.0,5,0.014105402443526096
7.035,8.201353897972012e-07,78.01964593661293,0,90,3.0,5,0.010714349208514058
7.04,4.0791415086824765e-07,77.88961786250023,0,90,3.0,5,0.008033357989695478
7.045,1.9923866938774793e-07,77.78835082046433,0,90,3.0,5,0.00594537774153259
7.05,9.556527981051257e-08,77.71064663791375,0,90,3.0,5,0.004343229647706275
7.055,4.501406988770349e-08,77.65189339194916,0,90,3.0,5,0.003131822514415644
7.06,0.0,77.60811208361164,0,90,3.0,5,0.002229115126013279
7.065,0.0,77.57595574061222,0,90,3.0,5,0.0015660977445817639
7.07,0.0,77.55267420338132,0,90,3.0,5,0.0010860660490992786
7.075,0.0,77.53605673168623,0,90,3.0,5,0.0007434377667263946
7.08,0.0,77.5243627185632,0,90,3.0,5,0.0005023240940865256
7.085,0.0,77.5162486074524,0,90,3.0,5,0.00033502283407003855
7.09,0.0,77.51069689058352,0,90,3.0,5,0.00022055444502097765
7.095,0.0,77.50695104289521,0,90,3.0,5,0.00014332047206618516
7.1,0.0,77.50445854743928,0,90,3.0,5,9.192881318112667e-05
7.105,0.0,77.50282285014478,0,90,3.0,5,5.820309576868745e-05
7.11,0.0,77.50176414087863,0,90,3.0,5,3.6374038734734734e-05
7.115,0.0,77.50108825259593,0,90,3.0,5,2.243819785432147e-05
7.12,0.0,77.50066263926765,0,90,3.0,5,1.3662665312272252e-05
7.125,0.0,77.5003982682018,0,90,3.0,5,8.21171550115913e-06
7.13,0.0,77.50023627899034,0,90,3.0,5,4.871731759648515e-06
7.135,0.0,77.50013836478986,0,90,3.0,5,2.8528822651972487e-06
7.14,0.0,77.50007997920402,0,90,3.0,5,1.6490557529262322e-06
7.145,0.0,77.50004563305828,0,90,3.0,5,9.408877995437504e-07
7.15,0.0,77.50002569999755,0,90,3.0,5,5.298968567120065e-07
7.155,0.001684486749771458,77.50001428688657,0,90,3.0,5,2.9457498078382865e-07
7.16,0.004172395771277602,77.50000783958583,0,90,3.0,5,1.6164094502753344e-07
7.165,0.009438687428818865,77.50000424619222,0,90,3.0,5,8.755035503444439e-08
7.17,0.019500507867137046,77.50000227016378,0,90,3.0,5,4.68075005376226e-08
7.175,0.03679496976339974,77.5000011980246,0,90,3.0,5,2.4701538262720017e-08
7.18,0.06340728953298436,77.50000062405849,0,90,3.0,5,1.2867185292053205e-08
7.185,0.09979255396093453,77.50000032087499,0,90,3.0,5,6.61597915055121e-09
7.19,0.14343835518453557,77.50000016285362,0,90,3.0,5,3.3578066787535154e-09
7.195,0.18829581417209276,77.50000008158494,0,90,3.0,5,1.682163778260127e-09
7.2,0.2257481735193119,77.50000004034351,0,90,3.0,5,8.318249090678495e-10
7.205,0.24718154073554727,77.50000001969192,0,90,3.0,5,4.060190625863207e-10
7.21,0.24718154074102772,77.50000000948755,0,90,3.0,5,1.956195938339416e-10
7.215,0.22574817354072055,77.50000000451202,0,90,3.0,5,9.303128714124149e-11
7.22,0.18829581422840957,77.50000000211806,0,90,3.0,5,4.367127507272748e-11
7.225,0.14343835532456656,77.50000000098143,0,90,3.0,5,2.0235671099820222e-11
7.23,0.09979255431561854,77.50000000044888,0,90,3.0,6,9.255222018331663e-12
7.235,0.06340729067170194,77.50000000020265,0,90,3.0,6,4.178284293583105e-12
7.24,0.03679497683410042,77.50000000009031,0,90,3.0,6,1.862061478662036e-12
7.245,0.019500578284482293,77.50000000003972,0,90,3.0,6,8.189554418348371e-13
7.25,0.009439396781978427,77.50000000001725,0,90,3.0,6,3.5571087885062335e-13
7.255,0.004178588733610924,77.50000000000739,0,90,3.0,6,1.523638031320627e-13
7.26,0.0017299316936037381,77.50000000000313,0,90,3.0,6,6.446160901741115e-14
7.265,0.0008997325756988589,77.50000000000131,0,90,3.0,6,2.695667286182648e-14
7.27,0.001634769674224814,77.50000000000054,0,90,3.0,6,1.1134277921189199e-14
7.275,0.00614904736476635,77.50000000000021,0,90,3.0,6,4.395109705732579e-15
7.28,0.02168080359963608,77.50000000000009,0,90,3.0,6,1.7580438822930315e-15
7.285,0.06433400338904088,77.50000000000003,0,90,3.0,6,5.860146274310105e-16
7.29,0.1593410769217493,77.50000000000001,0,90,3.0,6,2.9300731371550523e-16
7.295,0.3291989194808569,77.5,0,90,3.0,6,0.0
7.3,0.5672906802982638,77.5,0,90,3.0,6,0.0
7.305,0.815339152120446,77.5,0,90,3.0,6,0.0
7.31,0.9768711246313155,77.50000284159387,1,90,3.0,6,5.8589564302105686e-08
7.315,0.9726380909165361,77.50000524787401,0,90,3.0,6,1.0820358792696744e-07
7.32,0.7921091683291741,77.50001020135224,0,90,3.0,6,2.1033715957508826e-07
7.325,0.49139090102639077,77.50002150542502,0,90,3.0,6,4.434108252529974e-07
7.33,0.15739335672107918,77.50004994250548,0,90,3.0,6,1.029742381114815e-06
7.335,-0.11102342218909485,77.50012616702794,0,90,3.0,6,2.6013820194499933e-06
7.34,-0.2314207883647528,77.50033515612391,0,90,3.0,6,6.91043554453601e-06
7.345,-0.2029124434754801,77.50090303081406,0,90,3.0,6,1.8619192042434434e-05
7.35,-0.11151350554305876,77.50240249680841,0,90,3.0,6,4.953601666834777e-05
7.355,-0.039430666652076896,77.50620751786776,0,90,3.0,6,0.0001279900591291654
7.36,-0.006087703519843621,77.5154305665507,0,90,3.0,6,0.0003181560113547483
7.365,0.005350271385530551,77.53671277936931,0,90,3.0,6,0.0007569645230785578
7.37,0.010381647827441833,77.58336925368212,0,90,3.0,6,0.0017189536841674593
7.375,0.015115203303506243,77.68041720673176,0,90,3.0,6,0.0037199424068404302
7.38,0.021170964062928475,77.87175652575355,0,90,3.0,6,0.0076650830052279175
7.385,0.029082821134029553,78.22901047082749,0,90,3.0,6,0.015031143728401848
7.39,0.03923107061708144,78.86012402198301,0,90,3.0,6,0.028043794267690964
7.395,0.051969043308817596,79.91389549240841,0,90,3.0,6,0.049771041080585866
7.4,0.06760532616283861,81.57482242680061,0,90,3.0,6,0.0840169572536208
7.405,0.08636519236693461,84.0421715252154,0,90,3.0,6,0.1348901345405236
7.41,0.10834733138818661,87.48945991030922,0,90,3.0,6,0.20596824557338603
7.415,0.1334809643017884,92.00641812482755,0,90,3.0,6,0.2991014046356195
7.42,0.16148868344343945,97.53425909127935,0,90,3.0,6,0.41307750703668766
7.425,0.191860907532018,103.81376504638375,0,90,3.0,6,0.5425518566264691
7.43,0.22384764873847726,110.36973877181947,0,90,3.0,6,0.6777265726148345
7.435,0.25647215537198226,116.55051103954558,0,90,3.0,6,0.8051651760731048
7.44,0.2885689161419028,121.62632944907975,0,90,3.0,6,0.9098212257542216
7.445,0.31884566517832524,124.92946092995325,0,90,3.0,6,0.9779270294835722
7.45,0.3459657668955683,126.0,0,90,3.0,6,1.0
7.455,0.3686441789190902,124.6938252063791,0,90,3.0,6,0.9730685609562701
7.46,0.3857476379544367,121.217996840846,0,90,3.0,6,0.9014019967184742
7.465,0.3963882865005728,116.0818526852693,0,90,3.0,6,0.7955021172220473
7.47,0.4,109.9799438267282,0,90,3.0,6,0.6696895634376949
7.475,0.39638828650057273,103.64408632484154,0,90,3.0,6,0.5390533262853925
7.48,0.38574763795443656,97.70790999607995,0,90,3.0,6,0.4166579380635041
7.485,0.36864417891908974,92.61737317677957,0,90,3.0,6,0.3116984160160735
7.49,0.345965766895568,88.60086034957897,0,90,3.0,6,0.22888371854801992
7.495,0.3188456651783249,85.69201554683798,0,90,3.0,6,0.16890753704820574
7.5,0.28856891614190205,83.78511991060593,0,90,3.0,6,0.12959010124960677
7.505,0.2564721553719815,82.69962175115714,0,90,3.0,6,0.10720869590014719
7.51,0.22384764873847685,82.23556131460678,0,90,3.0,6,0.09764043947642853
7.515,0.19186090753201765,82.2106215981608,0,90,3.0,6,0.09712621851877935
7.52,0.16148868344343878,82.47796263165895,0,90,3.0,6,0.10263840477647328
7.525,0.1334809643017881,82.92928438636176,0,90,3.0,6,0.11194400796622181
7.53,0.10834733138818531,83.48930152774871,0,90,3.0,6,0.1234907531494579
7.535,0.08636519236690572,84.10702158041188,0,90,3.0,6,0.13622724908065736
7.54,0.06760532616242629,84.74732780110544,0,90,3.0,6,0.14942943919805035
7.545,0.05196904332202373,85.38449416816793,0,90,3.0,6,0.16256689006531821
7.55,0.03923107185803287,85.99794855016432,0,90,3.0,6,0.1752154340240067
7.555,0.02908287038705761,86.56992629687204,0,90,3.0,6,0.18700878962622763
7.56,0.02117220077308346,87.08445158300941,0,90,3.0,6,0.19761755841256518
7.565,0.0151361834125735,87.52713026604603,0,90,3.0,6,0.2067449539390934
7.57,0.010626454858290009,87.88537120331262,0,90,3.0,6,0.21413136501675498
7.575,0.007326255555493652,88.1487839356451,0,90,3.0,6,0.21956255537412575
7.58,0.004960179211183015,88.30959800302992,0,90,3.0,6,0.22287830934082306
7.585,0.0032978759379303545,88.36301228718621,0,90,3.0,6,0.2239796347873445
7.59,0.002153242296767213,88.30742168835918,0,90,3.0,6,0.22283343687338525
7.595,0.001380616732225004,88.14449333257545,0,90,3.0,6,0.2194740893314526
7.6,0.0008693106590991584,87.8790822595265,0,90,3.0,6,0.2140016960727113
7.605,0.000537524815942247,87.51899071950872,0,90,3.0,6,0.20657712823729324
7.61,0.0003263951340288585,87.0745871119695,0,90,3.0,6,0.19741416725710323
7.615,0.00019463030985187395,86.55831033385357,0,90,3.0,6,0.18676928523409422
7.62,0.00011397219555062695,85.98409251928744,0,90,3.0,6,0.17492974266572048
7.625,6.55403863487943e-05,85.36673745743582,0,90,3.0,6,0.1622007723182643
7.63,3.701184389455385e-05,84.72129317056762,0,90,3.0,6,0.14889264269211588
7.635,2.0525516217290957e-05,84.06245528666152,0,90,3.0,6,0.13530835642601066
7.64,1.1178128483661116e-05,83.40403329311125,0,90,3.0,6,0.12173264521878875
7.645,5.978135409912517e-06,82.75850508583088,0,90,3.0,6,0.10842278527486343
7.65,3.1396702713238487e-06,82.13667716646533,0,90,3.0,6,0.09560159106114088
7.655,1.6192875458531019e-06,81.54745919615713,0,90,3.0,6,0.08345276693107495
7.66,8.201353897972012e-07,80.99775317592832,0,90,3.0,6,0.07211862218408915
7.665,4.0791415086824765e-07,80.49244998191267,0,90,3.0,6,0.06169999962706538
7.67,1.9923866938774793e-07,80.03451987045568,0,90,3.0,6,0.05225814165888004
7.675,9.556527981051257e-08,79.62517922034833,0,90,3.0,6,0.043818128254604724
7.68,4.501406988770349e-08,79.26411332828589,0,90,3.0,6,0.036373470686306954
7.685,0.0,78.9497344579457,0,90,3.0,6,0.02989143212259165
7.69,0.0,78.67945534241619,0,90,3.0,6,0.024318666853942073
7.695,0.0,78.44996061991971,0,90,3.0,6,0.01958681690556098
7.7,0.0,78.2574618470744,0,90,3.0,6,0.015617770042771045
7.705,0.0,78.0979253726538,0,90,3.0,6,0.01232835819904752
7.71,0.0,77.96726608808848,0,90,3.0,6,0.009634352331721219
7.715,0.0,77.86150358080003,0,90,3.0,6,0.007453682078351193
7.72,0.0,77.77688026614771,0,90,3.0,6,0.005708871466963173
7.725,0.0,77.70994351493611,0,90,3.0,6,0.004328732266724004
7.73,0.0,77.65759556235399,0,90,3.0,6,0.0032493930382265926
7.735,0.0,77.61711608993805,0,90,3.0,6,0.0024147647409907425
7.74,0.0,77.58616287958085,0,90,3.0,6,0.0017765542181619428
7.745,0.0,77.56275594951525,0,90,3.0,6,0.0012939371034072094
7.75,0.0,77.54525021688922,0,90,3.0,6,0.0009329941626642323
7.755,0.0,77.53230111287208,0,90,3.0,6,0.000666002327259309
7.76,0.0,77.52282681744146,0,90,3.0,6,0.0004706560297207259
7.765,0.0,77.5159699775533,0,90,3.0,6,0.0003292778876968474
7.77,0.0,77.51106099779811,0,90,3.0,6,0.00022806181027033642
7.775,0.0,77.50758429760151,0,90,3.0,6,0.00015637727013424795
7.78,0.0,77.50514834315162,0,90,3.0,6,0.00010615140518798961
7.785,0.0,77.50345979738647,0,90,3.0,6,7.133602858699334e-05
7.79,0.0,77.50230178579928,0,90,3.0,6,4.745950101599042e-05
7.795,0.0,77.5015160384165,0,90,3.0,6,3.1258524051487987e-05
7.8,0.0,77.50098852251757,0,90,3.0,6,2.0381907578837984e-05
7.805,0.0,77.50063810770203,0,90,3.0,6,1.3156859835685891e-05
7.81,0.0,77.50040778614562,0,90,3.0,6,8.407961765264303e-06
7.815,0.0,77.50025798948569,0,90,3.0,6,5.3193708389553834e-06
7.82,0.0,77.50016158558198,0,90,3.0,6,3.3316614840798852e-06
7.825,0.0,77.50010019228165,0,90,3.0,6,2.06582024020463e-06
7.83,0.0,77.50006150309721,0,90,3.0,6,1.2681050971999884e-06
7.835,0.0,77.50003737582321,0,90,3.0,6,7.706355301341262e-07
7.84,0.0,77.50002248617606,0,90,3.0,6,4.63632496170361e-07
7.845,0.0,77.50001339280381,0,90,3.0,6,2.761402847048997e-07
7.85,0.0,77.50000789693324,0,90,3.0,6,1.6282336578677638e-07
7.855,0.0,77.50000460974059,0,90,3.0,6,9.50461976431471e-08
7.86,0.0,77.50000266394692,0,90,3.0,6,5.49267405258621e-08
7.865,0.001684486749771458,77.50000152407277,0,90,3.0,6,3.1424180865683086e-08
7.87,0.004172395771277602,77.50000086321089,0,90,3.0,6,1.779816259550364e-08
7.875,0.009438687428818865,77.50000048401539,0,90,3.0,6,9.979698716895505e-09
7.88,0.019500507867137046,77.50000026867824,0,90,3.0,6,5.539757427127885e-09
7.885,0.03679496976339974,77.50000014765116,0,90,3.0,6,3.0443539007015697e-09
7.89,0.06340728953298436,77.50000008032899,0,90,3.0,6,1.6562677918739506e-09
7.895,0.09979255396093453,77.5000000432652,0,90,3.0,6,8.920660407385026e-10
7.9,0.14343835518453557,77.5000000230694,0,90,3.0,6,4.756578178297711e-10
7.905,0.18829581417209276,77.5000000121777,0,90,3.0,6,2.510864643349142e-10
7.91,0.2257481735193119,77.50000000636392,0,90,3.0,6,1.3121482823539128e-10
7.915,0.24718154073554727,77.50000000329243,0,90,3.0,6,6.788510647086312e-11
7.92,0.24718154074102772,77.5000000016863,0,90,3.0,6,3.4769126867423e-11
7.925,0.22574817354072055,77.50000000085505,0,90,3.0,6,1.7629957058948234e-11
7.93,0.18829581422840957,77.50000000042921,0,90,3.0,6,8.849699896149405e-12
7.935,0.14343835532456656,77.5000000002133,0,90,3.0,6,4.3980397788697334e-12
7.94,0.09979255431561854,77.50000000010493,0,90,3.0,6,2.1635660044752906e-12
7.945,0.06340729067170194,77.50000000005112,0,90,3.0,6,1.0539473074346723e-12
7.95,0.03679497683410042,77.50000000002464,0,90,3.0,6,5.080746819826861e-13
7.955,0.019500578284482293,77.50000000001177,0,90,3.0,6,2.4261005575643833e-13
7.96,0.009439396781978427,77.50000000000556,0,90,3.0,6,1.1456585966276254e-13
7.965,0.004178588733610924,77.5000000000026,0,90,3.0,6,5.3620338409937456e-14
7.97,0.0017299316936037381,77.50000000000121,0,90,3.0,6,2.4905621665817945e-14
7.975,0.0008997325756988589,77.50000000000055,0,90,3.0,6,1.1427285234904704e-14
7.98,0.001634769674224814,77.50000000000026,0,90,3.0,6,5.274131646879094e-15
7.985,0.00614904736476635,77.50000000000011,0,90,3.0,6,2.344058509724042e-15
7.99,0.02168080359963608,77.50000000000004,0,90,3.0,6,8.790219411465157e-16
7.995,0.06433400338904088,77.50000000000003,0,90,3.0,6,5.860146274310105e-16
8.0,0.1593410769217493,77.50000000000001,0,90,3.0,6,2.9300731371550523e-16
8.005,0.3291989194808569,77.5,0,90,3.0,6,0.0
8.01,0.5672906802982638,77.5,0,90,3.0,6,0.0
8.015,0.815339152120446,77.5,0,90,3.0,6,0.0
8.02,0.9768711246313155,77.50000284403532,1,90,3.0,6,5.8639903544616635e-08
8.025,0.9726380909165361,77.50000563434857,0,90,3.0,6,1.161721354257923e-07
8.03,0.7921091683291741,77.50001194034442,0,90,3.0,6,2.4619266848754496e-07
8.035,0.49139090102639077,77.50002813743002,0,90,3.0,6,5.801531963196297e-07
8.04,0.15739335672107918,77.50007456926916,0,90,3.0,6,1.5375107043195215e-06
8.045,-0.11102342218909485,77.50021555237494,0,90,3.0,6,4.444378864730322e-06
8.05,-0.2314207883647528,77.50064634651709,0,90,3.0,6,1.332673231106653e-05
8.055,-0.2029124434754801,77.50192715835341,0,90,3.0,6,3.973522378166224e-05
8.06,-0.11151350554305876,77.50556436458237,0,90,3.0,6,0.00011472916664678985
8.065,-0.039430666652076896,77.5153360380951,0,90,3.0,6,0.0003162069710329893
8.07,-0.006087703519843621,77.54004933030063,0,90,3.0,6,0.0008257593876419144
8.075,0.005350271385530551,77.59872426259801,0,90,3.0,6,0.002035551806144569
8.08,0.010381647827441833,77.72927397114614,0,90,3.0,6,0.004727298374147262
8.085,0.015115203303506243,78.0011213460085,0,90,3.0,6,0.01033239888677326
8.09,0.021170964062928475,78.53026214977955,0,90,3.0,6,0.02124251855215558
8.095,0.029082821134029553,79.49175422945842,0,90,3.0,6,0.041067097514606646
8.1,0.03923107061708144,81.12018821167895,0,90,3.0,6,0.0746430559109062
8.105,0.051969043308817596,83.68572301825407,0,90,3.0,6,0.12754068078874364
8.11,0.06760532616283861,87.43548636982642,0,90,3.0,6,0.204855389068586
8.115,0.08636519236693461,92.5008021671065,0,90,3.0,6,0.30929489004343297
8.12,0.10834733138818661,98.78935026029112,0,90,3.0,6,0.4389556754699199
8.125,0.1334809643017884,105.90117170753103,0,90,3.0,6,0.585591169227444
8.13,0.16148868344343945,113.11621193300405,0,90,3.0,6,0.7343548852165784
8.135,0.191860907532018,119.48749438013431,0,90,3.0,6,0.8657215336110167
8.14,0.22384764873847726,124.03653874510518,0,90,3.0,6,0.9595162627856737
8.145,0.25647215537198226,126.0,0,90,3.0,6,1.0
8.15,0.2885689161419028,125.04326482741723,0,90,3.0,6,0.9802735015962316
8.155,0.31884566517832524,121.35937653466117,0,90,3.0,6,0.9043170419517766
8.16,0.3459657668955683,115.61360140385835,0,90,3.0,6,0.7858474516259455
8.165,0.3686441789190902,108.75594891707162,0,90,3.0,6,0.6444525549911674
8.17,0.3857476379544367,101.77461151529064,0,90,3.0,6,0.5005074539235185
8.175,0.3963882865005728,95.47810717617381,0,90,3.0,6,0.37068262218915066
8.18,0.4,90.36949924832,0,90,3.0,6,0.26535049996536075
8.185,0.39638828650057273,86.62992216347705,0,90,3.0,6,0.18824581780365046
8.19,0.38574763795443656,84.18612234560806,0,90,3.0,6,0.1378581926929496
8.195,0.36864417891908974,82.81567309579101,0,90,3.0,6,0.1096015071297116
8.2,0.345965766895568,82.24668045311486,0,90,3.0,6,0.09786970006422396
8.205,0.3188456651783249,82.22677563441158,0,90,3.0,6,0.09745929143116662
8.21,0.28856891614190205,82.55618463062414,0,90,3.0,6,0.10425122949740505
8.215,0.2564721553719815,83.09295775268306,0,90,3.0,6,0.11531871655016625
8.22,0.22384764873847685,83.74288099322293,0,90,3.0,6,0.12871919573655516
8.225,0.19186090753201765,84.44470761789947,0,90,3.0,6,0.1431898477917416
8.23,0.16148868344343878,85.15701212826306,0,90,3.0,6,0.15787653872707344
8.235,0.1334809643017881,85.84902108131057,0,90,3.0,6,0.17214476456310449
8.24,0.10834733138818531,86.49535961413758,0,90,3.0,6,0.18547133225025947
8.245,0.08636519236690572,87.07368281210313,0,90,3.0,6,0.1973955218990336
8.25,0.06760532616242629,87.56407233300035,0,90,3.0,6,0.2075066460412444
8.255,0.05196904332202373,87.94934169797176,0,90,3.0,6,0.21545034428807755
8.26,0.03923107185803287,88.21569761819234,0,90,3.0,6,0.22094221893180077
8.265,0.02908287038705761,88.35343302302121,0,90,3.0,6,0.22378212418600435
8.27,0.02117220077308346,88.35747043745516,0,90,3.0,6,0.22386536984443636
8.275,0.0151361834125735,88.22765859398775,0,90,3.0,6,0.22118883698943825
8.28,0.010626454858290009,87.96877763919233,0,90,3.0,6,0.21585108534417166
8.285,0.007326255555493652,87.59024579975109,0,90,3.0,6,0.20804630514950698
8.29,0.004960179211183015,87.10555038207744,0,90,3.0,6,0.19805258519747296
8.295,0.0032978759379303545,86.53145038403952,0,90,3.0,6,0.18621547183586631
8.3,0.002153242296767213,85.88701624442398,0,90,3.0,6,0.17292816998812321
8.305,0.001380616732225004,85.1925832624303,0,90,3.0,6,0.1586099641738207
8.31,0.0008693106590991584,84.46869833167638,0,90,3.0,6,0.14368450168404903
8.315,0.000537524815942247,83.73513500639436,0,90,3.0,6,0.1285594846679249
8.32,0.0003263951340288585,83.0100405618299,0,90,3.0,6,0.11360908374907003
8.325,0.00019463030985187395,82.30926233944837,0,90,3.0,6,0.09916004823604879
8.33,0.00011397219555062695,81.6458814331628,0,90,3.0,6,0.08548209140541854
8.335,6.55403863487943e-05,81.02996195780577,0,90,3.0,6,0.07278272077950036
8.34,3.701184389455385e-05,80.46850585648903,0,90,3.0,6,0.06120630631936147
8.345,2.0525516217290957e-05,79.96558814237727,0,90,3.0,6,0.05083686891499528
8.35,1.1178128483661116e-05,79.52263674653703,0,90,3.0,6,0.04170385044406251
8.355,5.978135409912517e-06,79.13881522901951,0,90,3.0,6,0.03379000472205183
8.36,3.1396702713238487e-06,78.81146536827063,0,90,3.0,6,0.02704052305712643
8.365,1.6192875458531019e-06,78.53656943790337,0,90,3.0,6,0.02137256572996633
8.37,8.201353897972012e-07,78.30919783276481,0,90,3.0,6,0.016684491397212564
8.375,4.0791415086824765e-07,78.12391547782335,0,90,3.0,6,0.012864236656151455
8.38,1.9923866938774793e-07,77.97512900761184,0,90,3.0,6,0.009796474383749296
8.385,9.556527981051257e-08,77.85736504432592,0,90,3.0,6,0.007368351429400348
8.39,4.501406988770349e-08,77.76547726284619,0,90,3.0,6,0.005473757996828657
8.395,0.0,77.69478581665143,0,90,3.0,6,0.00401620240518417
8.4,0.0,77.6411568854654,0,90,3.0,6,0.00291045124670941
8.405,0.0,77.60103260291042,0,90,3.0,6,0.002083146451761279
8.41,0.0,77.57142261616407,0,90,3.0,6,0.0014726312611148655
8.415,0.0,77.54986831612662,0,90,3.0,6,0.0010282127036416499
8.42,0.0,77.53438970032784,0,90,3.0,6,0.0007090659861409428
8.425,0.0,77.52342323181401,0,90,3.0,6,0.00048295323327850095
8.43,0.0,77.5157572338132,0,90,3.0,6,0.0003248914188289516
8.435,0.0,77.5104695467323,0,90,3.0,7,0.0002158669429339278
8.44,0.0,77.50687053439142,0,90,3.0,7,0.0001416605029159711
8.445,0.0,77.50445315583923,0,90,3.0,7,9.18176461696771e-05
8.45,0.0,77.50285075573734,0,90,3.0,7,5.8778468811167315e-05
8.455,0.0,77.50180246507347,0,90,3.0,7,3.7164228318914934e-05
8.46,0.0,77.50112561130648,0,90,3.0,7,2.320848054592744e-05
8.465,0.0,77.50069426420308,0,90,3.0,7,1.4314725836628867e-05
8.47,0.0,77.50042293715272,0,90,3.0,7,8.720353664334793e-06
8.475,0.0,77.50025447295847,0,90,3.0,7,5.246865123178123e-06
8.48,0.0,77.5001512245073,0,90,3.0,7,3.1180310784715326e-06
8.485,0.0,77.50008876003304,0,90,3.0,7,1.8301037739641372e-06
8.49,0.0,77.50005145498665,0,90,3.0,7,1.0609275597237956e-06
8.495,0.0,77.50002946132142,0,90,3.0,7,6.074499261445715e-07
8.5,0.0,77.50001666064122,0,90,3.0,7,3.4351837571521924e-07
8.505,0.001684486749771458,77.50000930563341,0,90,3.0,7,1.9186873015014592e-07
8.51,0.004172395771277602,77.50000513351583,0,90,3.0,7,1.0584568716572885e-07
8.515,0.009438687428818865,77.50000279703956,0,90,3.0,7,5.767091868891811e-08
8.52,0.019500507867137046,77.50000150520984,0,90,3.0,7,3.103525438474236e-08
8.525,0.03679496976339974,77.50000080003728,0,90,3.0,7,1.649561411176899e-08
8.53,0.06340728953298436,77.50000041998922,0,90,3.0,7,8.659571552381805e-09
8.535,0.09979255396093453,77.50000021776135,0,90,3.0,7,4.48992482139972e-09
8.54,0.14343835518453557,77.50000011151626,0,90,3.0,7,2.2993042796198217e-09
8.545,0.18829581417209276,77.50000005640405,0,90,3.0,7,1.162970054736565e-09
8.55,0.2257481735193119,77.50000002817715,0,90,3.0,7,5.809722645692803e-10
8.555,0.24718154073554727,77.50000001390269,0,90,3.0,7,2.866534501175845e-10
8.56,0.24718154074102772,77.5000000067751,0,90,3.0,7,1.396927018504357e-10
8.565,0.22574817354072055,77.50000000326096,0,90,3.0,7,6.723638827829698e-11
8.57,0.18829581422840957,77.50000000155022,0,90,3.0,7,3.196328883128332e-11
8.575,0.14343835532456656,77.50000000072787,0,90,3.0,7,1.5007541601194463e-11
8.58,0.09979255431561854,77.50000000033754,0,90,3.0,7,6.9595097153706806e-12
8.585,0.06340729067170194,77.5000000001546,0,90,3.0,7,3.1876265659109813e-12
8.59,0.03679497683410042,77.50000000006995,0,90,3.0,7,1.4421819981077167e-12
8.595,0.019500578284482293,77.50000000003125,0,90,3.0,7,6.44323082860396e-13
8.6,0.009439396781978427,77.50000000001378,0,90,3.0,7,2.8421709430404007e-13
8.605,0.004178588733610924,77.50000000000601,0,90,3.0,7,1.239420937016587e-13
8.61,0.0017299316936037381,77.50000000000259,0,90,3.0,7,5.332733109622195e-14
8.615,0.0008997325756988589,77.5000000000011,0,90,3.0,7,2.25615631560939e-14
8.62,0.001634769674224814,77.50000000000045,0,90,3.0,7,9.376234038896167e-15
8.625,0.00614904736476635,77.50000000000018,0,90,3.0,7,3.809095078301568e-15
8.63,0.02168080359963608,77.50000000000007,0,90,3.0,7,1.465036568577526e-15
8.635,0.06433400338904088,77.50000000000003,0,90,3.0,7,5.860146274310105e-16
8.64,0.1593410769217493,77.50000000000001,0,90,3.0,7,2.9300731371550523e-16
8.645,0.3291989194808569,77.5,0,90,3.0,7,0.0
8.65,0.5672906802982638,77.5,0,90,3.0,7,0.0
8.655,0.815339152120446,77.5,0,90,3.0,7,0.0
8.66,0.9768711246313155,77.50000284403532,1,90,3.0,7,5.8639903544616635e-08
8.665,0.9726380909165361,77.50000563434857,0,90,3.0,7,1.161721354257923e-07
8.67,0.7921091683291741,77.50001194034442,0,90,3.0,7,2.4619266848754496e-07
8.675,0.49139090102639077,77.50002813743002,0,90,3.0,7,5.801531963196297e-07
8.68,0.15739335672107918,77.50007456926916,0,90,3.0,7,1.5375107043195215e-06
8.685,-0.11102342218909485,77.50021555237494,0,90,3.0,7,4.444378864730322e-06
8.69,-0.2314207883647528,77.50064634651709,0,90,3.0,7,1.332673231106653e-05
8.695,-0.2029124434754801,77.50192715835341,0,90,3.0,7,3.973522378166224e-05
8.7,-0.11151350554305876,77.50556436458237,0,90,3.0,7,0.00011472916664678985
8.705,-0.039430666652076896,77.5153360380951,0,90,3.0,7,0.0003162069710329893
8.71,-0.006087703519843621,77.54004933030063,0,90,3.0,7,0.0008257593876419144
8.715,0.005350271385530551,77.59872426259801,0,90,3.0,7,0.002035551806144569
8.72,0.010381647827441833,77.72927397114614,0,90,3.0,7,0.004727298374147262
8.725,0.015115203303506243,78.0011213460085,0,90,3.0,7,0.01033239888677326
8.73,0.021170964062928475,78.53026214977955,0,90,3.0,7,0.02124251855215558
8.735,0.029082821134029553,79.49175422945842,0,90,3.0,7,0.041067097514606646
8.74,0.03923107061708144,81.12018821167895,0,90,3.0,7,0.0746430559109062
8.745,0.051969043308817596,83.68572301825407,0,90,3.0,7,0.12754068078874364
8.75,0.06760532616283861,87.43548636982642,0,90,3.0,7,0.204855389068586
8.755,0.08636519236693461,92.5008021671065,0,90,3.0,7,0.30929489004343297
8.76,0.10834733138818661,98.78935026029112,0,90,3.0,7,0.4389556754699199
8.765,0.1334809643017884,105.90117170753103,0,90,3.0,7,0.585591169227444
8.77,0.16148868344343945,113.11621193300405,0,90,3.0,7,0.7343548852165784
8.775,0.191860907532018,119.48749438013431,0,90,3.0,7,0.8657215336110167
8.78,0.22384764873847726,124.03653874510518,0,90,3.0,7,0.9595162627856737
8.785,0.25647215537198226,126.0,0,90,3.0,7,1.0
8.79,0.2885689161419028,125.04326482741723,0,90,3.0,7,0.9802735015962316
8.795,0.31884566517832524,121.35937653466117,0,90,3.0,7,0.9043170419517766
8.8,0.3459657668955683,115.61360140385835,0,90,3.0,7,0.7858474516259455
8.805,0.3686441789190902,108.75594891707162,0,90,3.0,7,0.6444525549911674
8.81,0.3857476379544367,101.77461151529064,0,90,3.0,7,0.5005074539235185
8.815,0.3963882865005728,95.47810717617381,0,90,3.0,7,0.37068262218915066
8.82,0.4,90.36949924832,0,90,3.0,7,0.26535049996536075
8.825,0.39638828650057273,86.62992216347705,0,90,3.0,7,0.18824581780365046
8.83,0.38574763795443656,84.18612234560806,0,90,3.0,7,0.1378581926929496
8.835,0.36864417891908974,82.81567309579101,0,90,3.0,7,0.1096015071297116
8.84,0.345965766895568,82.24668045311486,0,90,3.0,7,0.09786970006422396
8.845,0.3188456651783249,82.22677563441158,0,90,3.0,7,0.09745929143116662
8.85,0.28856891614190205,82.55618463062414,0,90,3.0,7,0.10425122949740505
8.855,0.2564721553719815,83.09295775268306,0,90,3.0,7,0.11531871655016625
8.86,0.22384764873847685,83.74288099322293,0,90,3.0,7,0.12871919573655516
8.865,0.19186090753201765,84.44470761789947,0,90,3.0,7,0.1431898477917416
8.87,0.16148868344343878,85.15701212826306,0,90,3.0,7,0.15787653872707344
8.875,0.1334809643017881,85.84902108131057,0,90,3.0,7,0.17214476456310449
8.88,0.10834733138818531,86.49535961413758,0,90,3.0,7,0.18547133225025947
8.885,0.08636519236690572,87.07368281210313,0,90,3.0,7,0.1973955218990336
8.89,0.06760532616242629,87.56407233300035,0,90,3.0,7,0.2075066460412444
8.895,0.05196904332202373,87.94934169797176,0,90,3.0,7,0.21545034428807755
8.9,0.03923107185803287,88.21569761819234,0,90,3.0,7,0.22094221893180077
8.905,0.02908287038705761,88.35343302302121,0,90,3.0,7,0.22378212418600435
8.91,0.02117220077308346,88.35747043745516,0,90,3.0,7,0.22386536984443636
8.915,0.0151361834125735,88.22765859398775,0,90,3.0,7,0.22118883698943825
8.92,0.010626454858290009,87.96877763919233,0,90,3.0,7,0.21585108534417166
8.925,0.007326255555493652,87.59024579975109,0,90,3.0,7,0.20804630514950698
8.93,0.004960179211183015,87.10555038207744,0,90,3.0,7,0.19805258519747296
8.935,0.0032978759379303545,86.53145038403952,0,90,3.0,7,0.18621547183586631
8.94,0.002153242296767213,85.88701624442398,0,90,3.0,7,0.17292816998812321
8.945,0.001380616732225004,85.1925832624303,0,90,3.0,7,0.1586099641738207
8.95,0.0008693106590991584,84.46869833167638,0,90,3.0,7,0.14368450168404903
8.955,0.000537524815942247,83.73513500639436,0,90,3.0,7,0.1285594846679249
8.96,0.0003263951340288585,83.0100405618299,0,90,3.0,7,0.11360908374907003
8.965,0.00019463030985187395,82.30926233944837,0,90,3.0,7,0.09916004823604879
8.97,0.00011397219555062695,81.6458814331628,0,90,3.0,7,0.08548209140541854
8.975,6.55403863487943e-05,81.02996195780577,0,90,3.0,7,0.07278272077950036
8.98,3.701184389455385e-05,80.46850585648903,0,90,3.0,7,0.06120630631936147
8.985,2.0525516217290957e-05,79.96558814237727,0,90,3.0,7,0.05083686891499528
8.99,1.1178128483661116e-05,79.52263674653703,0,90,3.0,7,0.04170385044406251
8.995,5.978135409912517e-06,79.13881522901951,0,90,3.0,7,0.03379000472205183
9.0,3.1396702713238487e-06,78.81146536827063,0,90,3.0,7,0.02704052305712643
9.005,1.6192875458531019e-06,78.53656943790337,0,90,3.0,7,0.02137256572996633
9.01,8.201353897972012e-07,78.30919783276481,0,90,3.0,7,0.016684491397212564
9.015,4.0791415086824765e-07,78.12391547782335,0,90,3.0,7,0.012864236656151455
9.02,1.9923866938774793e-07,77.97512900761184,0,90,3.0,7,0.009796474383749296
9.025,9.556527981051257e-08,77.85736504432592,0,90,3.0,7,0.007368351429400348
9.03,4.501406988770349e-08,77.76547726284619,0,90,3.0,7,0.005473757996828657
9.035,0.0,77.69478581665143,0,90,3.0,7,0.00401620240518417
9.04,0.0,77.6411568854654,0,90,3.0,7,0.00291045124670941
9.045,0.0,77.60103260291042,0,90,3.0,7,0.002083146451761279
9.05,0.0,77.57142261616407,0,90,3.0,7,0.0014726312611148655
9.055,0.0,77.54986831612662,0,90,3.0,7,0.0010282127036416499
9.06,0.0,77.53438970032784,0,90,3.0,7,0.0007090659861409428
9.065,0.0,77.52342323181401,0,90,3.0,7,0.00048295323327850095
9.07,0.0,77.5157572338132,0,90,3.0,7,0.0003248914188289516
9.075,0.0,77.5104695467323,0,90,3.0,7,0.0002158669429339278
9.08,0.0,77.50687053439142,0,90,3.0,7,0.0001416605029159711
9.085,0.0,77.50445315583923,0,90,3.0,7,9.18176461696771e-05
9.09,0.0,77.50285075573734,0,90,3.0,7,5.8778468811167315e-05
9.095,0.0,77.50180246507347,0,90,3.0,7,3.7164228318914934e-05
9.1,0.0,77.50112561130648,0,90,3.0,7,2.320848054592744e-05
9.105,0.0,77.50069426420308,0,90,3.0,7,1.4314725836628867e-05
9.11,0.0,77.50042293715272,0,90,3.0,7,8.720353664334793e-06
9.115,0.0,77.50025447295847,0,90,3.0,7,5.246865123178123e-06
9.12,0.0,77.5001512245073,0,90,3.0,7,3.1180310784715326e-06
9.125,0.0,77.50008876003304,0,90,3.0,7,1.8301037739641372e-06
9.13,0.0,77.50005145498665,0,90,3.0,7,1.0609275597237956e-06
9.135,0.0,77.50002946132142,0,90,3.0,7,6.074499261445715e-07
9.14,0.0,77.50001666064122,0,90,3.0,7,3.4351837571521924e-07
9.145,0.001684486749771458,77.50000930563341,0,90,3.0,7,1.9186873015014592e-07
9.15,0.004172395771277602,77.50000513351583,0,90,3.0,7,1.0584568716572885e-07
9.155,0.009438687428818865,77.50000279703956,0,90,3.0,7,5.767091868891811e-08
9.16,0.019500507867137046,77.50000150520984,0,90,3.0,7,3.103525438474236e-08
9.165,0.03679496976339974,77.50000080003728,0,90,3.0,7,1.649561411176899e-08
9.17,0.06340728953298436,77.50000041998922,0,90,3.0,7,8.659571552381805e-09
9.175,0.09979255396093453,77.50000021776135,0,90,3.0,7,4.48992482139972e-09
9.18,0.14343835518453557,77.50000011151626,0,90,3.0,7,2.2993042796198217e-09
9.185,0.18829581417209276,77.50000005640405,0,90,3.0,7,1.162970054736565e-09
9.19,0.2257481735193119,77.50000002817715,0,90,3.0,7,5.809722645692803e-10
9.195,0.24718154073554727,77.50000001390269,0,90,3.0,7,2.866534501175845e-10
9.2,0.24718154074102772,77.5000000067751,0,90,3.0,7,1.396927018504357e-10
9.205,0.22574817354072055,77.50000000326096,0,90,3.0,7,6.723638827829698e-11
9.21,0.18829581422840957,77.50000000155022,0,90,3.0,7,3.196328883128332e-11
9.215,0.14343835532456656,77.50000000072787,0,90,3.0,7,1.5007541601194463e-11
9.22,0.09979255431561854,77.50000000033754,0,90,3.0,7,6.9595097153706806e-12
9.225,0.06340729067170194,77.5000000001546,0,90,3.0,7,3.1876265659109813e-12
9.23,0.03679497683410042,77.50000000006995,0,90,3.0,7,1.4421819981077167e-12
9.235,0.019500578284482293,77.50000000003125,0,90,3.0,7,6.44323082860396e-13
9.24,0.009439396781978427,77.50000000001378,0,90,3.0,7,2.8421709430404007e-13
9.245,0.004178588733610924,77.50000000000601,0,90,3.0,7,1.239420937016587e-13
9.25,0.0017299316936037381,77.50000000000259,0,90,3.0,7,5.332733109622195e-14
9.255,0.0008997325756988589,77.5000000000011,0,90,3.0,7,2.25615631560939e-14
9.26,0.001634769674224814,77.50000000000045,0,90,3.0,7,9.376234038896167e-15
9.265,0.00614904736476635,77.50000000000018,0,90,3.0,7,3.809095078301568e-15
9.27,0.02168080359963608,77.50000000000007,0,90,3.0,7,1.465036568577526e-15
9.275,0.06433400338904088,77.50000000000003,0,90,3.0,7,5.860146274310105e-16
9.28,0.1593410769217493,77.50000000000001,0,90,3.0,7,2.9300731371550523e-16
9.285,0.3291989194808569,77.5,0,90,3.0,7,0.0
9.29,0.5672906802982638,77.5,0,90,3.0,7,0.0
9.295,0.815339152120446,77.5,0,90,3.0,7,0.0
9.3,0.9768711246313155,77.50000284586159,1,90,3.0,7,5.8677558500516847e-08
9.305,0.9726380909165361,77.50000516474043,0,90,3.0,7,1.0648949338368784e-07
9.31,0.7921091683291741,77.50000983043871,0,90,3.0,7,2.0268945801485502e-07
9.315,0.49139090102639077,77.50002017526417,0,90,3.0,7,4.1598482821943446e-07
9.32,0.15739335672107918,77.50004536729918,0,90,3.0,7,9.354082305069767e-07
9.325,-0.11102342218909485,77.50011076651302,0,90,3.0,7,2.2838456292325625e-06
9.33,-0.2314207883647528,77.5002850110043,0,90,3.0,7,5.8765155524584185e-06
9.335,-0.2029124434754801,77.50074708028492,0,90,3.0,7,1.5403717214929802e-05
9.34,-0.11151350554305876,77.50194280599986,0,90,3.0,7,4.005785566722263e-05
9.345,-0.039430666652076896,77.5049279313996,0,90,3.0,7,0.00010160683298158099
9.35,-0.006087703519843621,77.51207173356352,0,90,3.0,7,0.0002489017229590993
9.355,0.005350271385530551,77.52840128290548,0,90,3.0,7,0.000585593461968606
9.36,0.010381647827441833,77.56397906014128,0,90,3.0,7,0.0013191558792016167
9.365,0.015115203303506243,77.63776147081478,0,90,3.0,7,0.0028404426972119647
9.37,0.021170964062928475,77.78326220135963,0,90,3.0,7,0.005840457759992444
9.375,0.029082821134029553,78.05587747145417,0,90,3.0,7,0.011461391164003442
9.38,0.03923107061708144,78.54077600300882,0,90,3.0,7,0.0214592990311096
9.385,0.051969043308817596,79.35882370017484,0,90,3.0,7,0.03832626185927501
9.39,0.06760532616283861,80.66643122157606,0,90,3.0,7,0.06528724168198065
9.395,0.08636519236693461,82.64423704518795,0,90,3.0,7,0.10606674319975154
9.4,0.10834733138818661,85.47024105151274,0,90,3.0,7,0.16433486704149988
9.405,0.1334809643017884,89.27633401919208,0,90,3.0,7,0.24281101070499128
9.41,0.16148868344343945,94.09324311547192,0,90,3.0,7,0.3421287240303489
9.415,0.191860907532018,99.79635432434684,0,90,3.0,7,0.45971864586282135
9.42,0.22384764873847726,106.0707181121124,0,90,3.0,7,0.5890869713837609
9.425,0.25647215537198226,112.414152102772,0,90,3.0,7,0.7198794247994226
9.43,0.2885689161419028,118.19021013965265,0,90,3.0,7,0.8389734049412917
9.435,0.31884566517832524,122.72842191489322,0,90,3.0,7,0.9325447817503756
9.44,0.3459657668955683,125.45198838957337,0,90,3.0,7,0.9887007915375953
9.445,0.3686441789190902,126.0,0,90,3.0,7,1.0
9.45,0.3857476379544367,124.30867485172185,0,90,3.0,7,0.9651273165303473
9.455,0.3963882865005728,120.62657779142631,0,90,3.0,7,0.8892077895139446
9.46,0.4,115.45901429383217,0,90,3.0,7,0.782660088532622
9.465,0.39638828650057273,109.45894164673679,0,90,3.0,7,0.6589472504481813
9.47,0.38574763795443656,103.29703058022503,0,90,3.0,7,0.5318975377365985
9.475,0.36864417891908974,97.5464345552443,0,90,3.0,7,0.4133285475308104
9.48,0.345965766895568,92.6085121379603,0,90,3.0,7,0.31151571418474855
9.485,0.3188456651783249,88.68935253270487,0,90,3.0,7,0.23070829964339945
9.49,0.28856891614190205,85.82066001567553,0,90,3.0,7,0.17156000032320678
9.495,0.2564721553719815,83.90809160368029,0,90,3.0,7,0.13212560007588228
9.5,0.22384764873847685,82.78766537950541,0,90,3.0,7,0.10902402844341057
9.505,0.19186090753201765,82.27493168545303,0,90,3.0,7,0.0984521997000624
9.51,0.16148868344343878,82.19880493003672,0,90,3.0,7,0.09688257587704567
9.515,0.1334809643017881,82.4188702080318,0,90,3.0,7,0.10142000428931557
9.52,0.10834733138818531,82.82952231745624,0,90,3.0,7,0.10988705809188119
9.525,0.08636519236690572,83.35601376271482,0,90,3.0,7,0.12074255180855306
9.53,0.06760532616242629,83.9470769430105,0,90,3.0,7,0.13292942150537115
9.535,0.05196904332202373,84.56733781891765,0,90,3.0,7,0.1457183055446938
9.54,0.03923107185803287,85.19117318822897,0,90,3.0,7,0.15858089047894788
9.545,0.02908287038705761,85.79848598049588,0,90,3.0,7,0.1711028037215646
9.55,0.02117220077308346,86.372206845233,0,90,3.0,7,0.18293209990171125
9.555,0.0151361834125735,86.89707692639371,0,90,3.0,7,0.19375416343079813
9.56,0.010626454858290009,87.35925877048336,0,90,3.0,7,0.20328368598934773
9.565,0.007326255555493652,87.74641728003608,0,90,3.0,7,0.2112663356708471
9.57,0.004960179211183015,88.04802380897954,0,90,3.0,7,0.2174850269892688
9.575,0.0032978759379303545,88.25572651055214,0,90,3.0,7,0.22176755691860076
9.58,0.002153242296767213,88.36369161710158,0,90,3.0,7,0.2239936415897233
9.585,0.001380616732225004,88.36885916056198,0,90,3.0,7,0.22410018887756664
9.59,0.0008693106590991584,88.27108106749418,0,90,3.0,7,0.22208414572152949
9.595,0.000537524815942247,88.07312615119709,0,90,3.0,7,0.21800260105561003
9.6,0.0003263951340288585,87.78054918031154,0,90,3.0,7,0.21197008619199048
9.605,0.00019463030985187395,87.40143171379235,0,90,3.0,7,0.20415323121221338
9.61,0.00011397219555062695,86.94601125277715,0,90,3.0,7,0.19476311861396195
9.615,6.55403863487943e-05,86.42622234909373,0,90,3.0,7,0.18404582163079866
9.62,3.701184389455385e-05,85.85517831781087,0,90,3.0,7,0.17227171789300758
9.625,2.0525516217290957e-05,85.24662486818843,0,90,3.0,7,0.15972422408635945
9.63,1.1178128483661116e-05,84.61439720084722,0,90,3.0,7,0.14668860207932416
9.635,5.978135409912517e-06,83.97191003197823,0,90,3.0,7,0.13344144395831392
9.64,3.1396702713238487e-06,83.33170590892841,0,90,3.0,8,0.12024135894697759
9.645,1.6192875458531019e-06,82.70508154656905,0,90,3.0,8,0.10732126900142366
9.65,8.201353897972012e-07,82.10180531548804,0,90,3.0,8,0.09488258382449559
9.655,4.0791415086824765e-07,81.52993206595734,0,90,3.0,8,0.08309138280324412
9.66,1.9923866938774793e-07,80.99571476651627,0,90,3.0,8,0.07207659312404685
9.665,9.556527981051257e-08,80.50360648407369,0,90,3.0,8,0.06193003059945743
9.67,4.501406988770349e-08,80.05634142369696,0,90,3.0,8,0.05270807059168997
9.675,0.0,79.65508032520124,0,90,3.0,8,0.04443464588043794
9.68,0.0,79.29960357294775,0,90,3.0,8,0.03710522830820094
9.685,0.0,78.98853486620382,0,90,3.0,8,0.030691440540284973
9.69,0.0,78.71957905375766,0,90,3.0,8,0.025145959871291867
9.695,0.0,78.48975950713555,0,90,3.0,8,0.02040741251825867
9.7,0.0,78.2956428924812,0,90,3.0,8,0.016405008092395822
9.705,0.0,78.13354209041512,0,90,3.0,8,0.013062723513713799
9.71,0.0,77.99969101352993,0,90,3.0,8,0.010302907495462392
9.715,0.0,77.8903879331648,0,90,3.0,8,0.008049235735356758
9.72,0.0,77.80210645967149,0,90,3.0,8,0.006228999168484375
9.725,0.0,77.73157539738591,0,90,3.0,8,0.00477475046156516
9.73,0.0,77.67583025447672,0,90,3.0,8,0.0036253660716849866
9.735,0.0,77.63224022257143,0,90,3.0,8,0.0027266025272458896
9.74,0.0,77.59851499022419,0,90,3.0,8,0.002031236911838941
9.745,0.0,77.57269588798313,0,90,3.0,8,0.0014988842883119607
9.75,0.0,77.55313566904915,0,90,3.0,8,0.0010955808051372144
9.755,0.0,77.53847080207267,0,90,3.0,8,0.000793212413869408
9.76,0.0,77.52758958124467,0,90,3.0,8,0.0005688573452509103
9.765,0.0,77.51959872218865,0,90,3.0,8,0.00040409736471436886
9.77,0.0,77.51379047372285,0,90,3.0,8,0.0002843396643886512
9.775,0.0,77.50961168199261,0,90,3.0,8,0.00019817901015689758
9.78,0.0,77.50663572503977,0,90,3.0,8,0.0001368190729849794
9.785,0.0,77.50453780836098,0,90,3.0,8,9.35630589892589e-05
9.79,0.0,77.50307377943045,0,90,3.0,8,6.337689547322465e-05
9.795,0.0,77.50206237686946,0,90,3.0,8,4.2523234421866724e-05
9.8,0.0,77.50137066757361,0,90,3.0,8,2.826118708474768e-05
9.805,0.0,77.50090232923444,0,90,3.0,8,1.8604726483200586e-05
9.81,0.0,77.50058839191706,0,90,3.0,8,1.213179210438837e-05
9.815,0.0,77.50038004685945,0,90,3.0,8,7.836017720571185e-06
9.82,0.0,77.50024315117817,0,90,3.0,8,5.013426353978915e-06
9.825,0.0,77.50015409352449,0,90,3.0,8,3.177186071879237e-06
9.83,0.0,77.50009672999809,0,90,3.0,8,1.994432950338246e-06
9.835,0.0,77.50006014600001,0,90,3.0,8,1.240123711542446e-06
9.84,0.0,77.50003704427512,0,90,3.0,8,7.63799486961587e-07
9.845,0.0,77.50002259978108,0,90,3.0,8,4.6597486754397267e-07
9.85,0.0,77.50001365702623,0,90,3.0,8,2.815881696888121e-07
9.855,0.0,77.50000817479433,0,90,3.0,8,1.6855246043792484e-07
9.86,0.0,77.50000484692508,0,90,3.0,8,9.993659958680152e-08
9.865,0.0,77.50000284658763,0,90,3.0,8,5.8692528537181886e-08
9.87,0.0,77.50000165596667,0,90,3.0,8,3.414364268979794e-08
9.875,0.001684486749771458,77.50000095421755,0,90,3.0,8,1.967458875772058e-08
9.88,0.004172395771277602,77.50000054464309,0,90,3.0,8,1.1229754354363397e-08
9.885,0.009438687428818865,77.50000030792529,0,90,3.0,8,6.348975063898701e-09
9.89,0.019500507867137046,77.50000017244378,0,90,3.0,8,3.555541785392483e-09
9.895,0.03679496976339974,77.50000009565737,0,90,3.0,8,1.9723169077327295e-09
9.9,0.06340728953298436,77.50000005256034,0,90,3.0,8,1.0837183155447362e-09
9.905,0.09979255396093453,77.50000002860662,0,90,3.0,8,5.898272385970766e-10
9.91,0.14343835518453557,77.50000001542212,0,90,3.0,8,3.1798179210004633e-10
9.915,0.18829581417209276,77.5000000082355,0,90,3.0,8,1.6980418445903701e-10
9.92,0.2257481735193119,77.50000000435617,0,90,3.0,8,8.981787593172354e-11
9.925,0.24718154073554727,77.50000000228238,0,90,3.0,8,4.705931864121986e-11
9.93,0.24718154074102772,77.50000000118452,0,90,3.0,8,2.4423038620128507e-11
9.935,0.22574817354072055,77.50000000060892,0,90,3.0,8,1.2555070385395684e-11
9.94,0.18829581422840957,77.50000000031007,0,90,3.0,8,6.393126577958609e-12
9.945,0.14343835532456656,77.50000000015639,0,90,3.0,8,3.224545487439135e-12
9.95,0.09979255431561854,77.50000000007813,0,90,3.0,8,1.6109542108078477e-12
9.955,0.06340729067170194,77.50000000003867,0,90,3.0,8,7.972729006198897e-13
9.96,0.03679497683410042,77.50000000001896,0,90,3.0,8,3.90871756496484e-13
9.965,0.019500578284482293,77.50000000000921,0,90,3.0,8,1.898687392876474e-13
9.97,0.009439396781978427,77.50000000000442,0,90,3.0,8,9.112527456552213e-14
9.975,0.004178588733610924,77.5000000000021,0,90,3.0,8,4.336508242989477e-14
9.98,0.0017299316936037381,77.500000000001,0,90,3.0,8,2.0510511960085366e-14
9.985,0.0008997325756988589,77.50000000000047,0,90,3.0,8,9.669241352611673e-15
9.99,0.001634769674224814,77.50000000000021,0,90,3.0,8,4.395109705732579e-15
9.995,0.00614904736476635,77.5000000000001,0,90,3.0,8,2.0510511960085364e-15
10.0,0.02168080359963608,77.50000000000004,0,90,3.0,8,8.790219411465157e-16
10.005,0.06433400338904088,77.50000000000001,0,90,3.0,8,2.9300731371550523e-16
10.01,0.1593410769217493,77.50000000000001,0,90,3.0,8,2.9300731371550523e-16
10.015,0.3291989194808569,77.5,0,90,3.0,8,0.0
10.02,0.5672906802982638,77.5,0,90,3.0,8,0.0
10.025,0.815339152120446,77.5,0,90,3.0,8,0.0
10.03,0.9768711246313155,77.50000284586159,1,90,3.0,8,5.8677558500516847e-08
10.035,0.9726380909165361,77.50000527961552,0,90,3.0,8,1.0885805199295553e-07
10.04,0.7921091683291741,77.50001031954956,0,90,3.0,8,2.1277421772716367e-07
10.045,0.49139090102639077,77.5000219076864,0,90,3.0,8,4.517048742836215e-07
10.05,0.15739335672107918,77.5000513062313,0,90,3.0,8,1.0578604391548184e-06
10.055,-0.11102342218909485,77.50013076005604,0,90,3.0,8,2.6960836296509407e-06
10.06,-0.2314207883647528,77.50035020381222,0,90,3.0,8,7.220697159130761e-06
10.065,-0.2029124434754801,77.50095018691317,0,90,3.0,8,1.9591482745824776e-05
10.07,-0.11151350554305876,77.50254252172627,0,90,3.0,8,5.242312837668747e-05
10.075,-0.039430666652076896,77.50659976740856,0,90,3.0,8,0.00013607767852699768
10.08,-0.006087703519843621,77.51646537881305,0,90,3.0,8,0.00033949234666087036
10.085,0.005350271385530551,77.53928253215116,0,90,3.0,8,0.00080994911651881
10.09,0.010381647827441833,77.58937615985101,0,90,3.0,8,0.0018428074196085336
10.095,0.015115203303506243,77.69363594416527,0,90,3.0,8,0.003992493694129186
10.1,0.021170964062928475,77.89914273187748,0,90,3.0,8,0.008229747049020112
10.105,0.029082821134029553,78.28242166935907,0,90,3.0,8,0.016132405553795196
10.11,0.03923107061708144,78.95815265228912,0,90,3.0,8,0.03006500313998176
10.115,0.051969043308817596,80.08310908029944,0,90,3.0,8,0.05325998103710179
10.12,0.06760532616283861,81.84927459141106,0,90,3.0,8,0.08967576477136206
10.125,0.08636519236693461,84.45983730743244,0,90,3.0,8,0.14350180015324612
10.13,0.10834733138818661,88.08459313200352,0,90,3.0,8,0.2182390336495571
10.135,0.1334809643017884,92.79797719482352,0,90,3.0,8,0.31542221020254674
10.14,0.16148868344343945,98.51242125918112,0,90,3.0,8,0.4332457991583737
10.145,0.191860907532018,104.92855626497301,0,90,3.0,8,0.5655372425767631
10.15,0.22384764873847726,111.52691835651606,0,90,3.0,8,0.7015859454951766
10.155,0.25647215537198226,117.61903404505797,0,90,3.0,8,0.827196578248618
10.16,0.2885689161419028,122.45858606973496,0,90,3.0,8,0.9269811560770096
10.165,0.31884566517832524,125.39083977274626,0,90,3.0,8,0.9874399953143559
10.17,0.3459657668955683,126.0,0,90,3.0,8,1.0
10.175,0.3686441789190902,124.20909158519541,0,90,3.0,8,0.9630740533029981
10.18,0.3857476379544367,120.29953639901376,0,90,3.0,8,0.8824646680209023
10.185,0.3963882865005728,114.84382327361675,0,90,3.0,8,0.7699757376003453
10.19,0.4,108.57369951396845,0,90,3.0,8,0.6406948353395556
10.195,0.39638828650057273,102.2258821880279,0,90,3.0,8,0.5098120038768639
10.2,0.38574763795443656,96.40992335364712,0,90,3.0,8,0.389895326879322
10.205,0.36864417891908974,91.52930221937348,0,90,3.0,8,0.2892639632860511
10.21,0.345965766895568,87.76478426184879,0,90,3.0,8,0.21164503632677914
10.215,0.3188456651783249,85.10862158827653,0,90,3.0,8,0.15687879563456772
10.22,0.28856891614190205,83.42656336784474,0,90,3.0,8,0.1221971828421595
10.225,0.2564721553719815,82.52378753042284,0,90,3.0,8,0.1035832480499554
10.23,0.22384764873847685,82.19783132916163,0,90,3.0,8,0.09686250163219856
10.235,0.19186090753201765,82.27134594925722,0,90,3.0,8,0.09837826699499432
10.24,0.16148868344343878,82.60568848479885,0,90,3.0,8,0.10527192752162572
10.245,0.1334809643017881,83.10088201483204,0,90,3.0,8,0.11548210339859873
10.25,0.10834733138818531,83.68840901871987,0,90,3.0,8,0.12759606224164674
10.255,0.08636519236690572,84.32197791292448,0,90,3.0,8,0.14065933841081404
10.26,0.06760532616242629,84.96931088968523,0,90,3.0,8,0.15400641009660274
10.265,0.05196904332202373,85.60616534397113,0,90,3.0,8,0.16713742977260057
10.27,0.03923107185803287,86.21263167382902,0,90,3.0,8,0.1796418901820417
10.275,0.02908287038705761,86.77121984433278,0,90,3.0,8,0.19115917204809849
10.28,0.02117220077308346,87.26614028210291,0,90,3.0,8,0.20136371715676102
10.285,0.0151361834125735,87.68327944307798,0,90,3.0,8,0.20996452459954595
10.29,0.010626454858290009,88.01051741167255,0,90,3.0,8,0.21671169920974334
10.295,0.007326255555493652,88.23816273562356,0,90,3.0,8,0.22140541722935178
10.3,0.004960179211183015,88.35936913531009,0,90,3.0,8,0.22390451825381627
10.305,0.0032978759379303545,88.3704549759066,0,90,3.0,8,0.22413309228673395
10.31,0.002153242296767213,88.27108106749418,0,90,3.0,8,0.22208414572152949
10.315,0.001380616732225004,88.06426526041847,0,90,3.0,8,0.2178199022766694
10.32,0.0008693106590991584,87.75622938752784,0,90,3.0,8,0.21146864716552244
10.325,0.000537524815942247,87.35608811985259,0,90,3.0,8,0.20321831174953786
10.33,0.0003263951340288585,86.87540102954962,0,90,3.0,8,0.1933072377226726
10.335,0.00019463030985187395,86.32761843902698,0,90,3.0,8,0.18201275132014386
10.34,0.00011397219555062695,85.72745804544682,0,90,3.0,8,0.16963831021539844
10.345,6.55403863487943e-05,85.09025249472462,0,90,3.0,8,0.1565000514376211
10.35,3.701184389455385e-05,84.43130793834682,0,90,3.0,8,0.14291356573910968
10.355,2.0525516217290957e-05,83.7653103417945,0,90,3.0,8,0.12918165653184543
10.36,1.1178128483661116e-05,83.10581041043784,0,90,3.0,8,0.11558371980284206
10.365,5.978135409912517e-06,82.46481016288601,0,90,3.0,8,0.1023672198533198
10.37,3.1396702713238487e-06,81.85246524967621,0,90,3.0,8,0.08974155153971576
10.375,1.6192875458531019e-06,81.276907956434,0,90,3.0,8,0.07787439085430932
10.38,8.201353897972012e-07,80.74418725350604,0,90,3.0,8,0.06689045883517611
10.385,4.0791415086824765e-07,80.25831492720756,0,90,3.0,8,0.056872472725929164
10.39,1.9923866938774793e-07,79.82140122596148,0,90,3.0,8,0.04786394280332949
10.395,9.556527981051257e-08,79.43385983225944,0,90,3.0,8,0.039873398603287494
10.4,4.501406988770349e-08,79.09466036456183,0,90,3.0,8,0.03287959514560479
10.405,0.0,78.80160686539986,0,90,3.0,8,0.026837254956698177
10.41,0.0,78.55162253760456,0,90,3.0,8,0.021682938919681614
10.415,0.0,78.34102394918298,0,90,3.0,8,0.017340699983154285
10.42,0.0,78.16577159895577,0,90,3.0,8,0.0137272494630056
10.425,0.0,78.02168769123986,0,90,3.0,8,0.010756447242059007
10.43,0.0,77.90463583247852,0,90,3.0,8,0.008343006855227193
10.435,0.0,77.81066083961933,0,90,3.0,8,0.006405378136481049
10.44,0.0,77.73608973677702,0,90,3.0,8,0.004867829624268409
10.445,0.0,77.67759720552577,0,90,3.0,8,0.003661798052077754
10.45,0.0,77.63224022257143,0,90,3.0,8,0.0027266025272458896
10.455,0.0,77.59746741293033,0,90,3.0,8,0.0020096373800067655
10.46,0.0,77.57110886220912,0,90,3.0,8,0.001466162107404441
10.465,0.0,77.55135189140306,0,90,3.0,8,0.0010588018845991423
10.47,0.0,77.53670773455,0,90,3.0,8,0.0007568605061856994
10.475,0.0,77.52597330075044,0,90,3.0,8,0.0005355319742358057
10.48,0.0,77.51819135838316,0,90,3.0,8,0.00037507955429202044
10.485,0.0,77.51261163923783,0,90,3.0,8,0.00026003379871818866
10.49,0.0,77.50865458747553,0,90,3.0,8,0.00017844510258831027
10.495,0.0,77.50587881276304,0,90,3.0,8,0.00012121263428955844
10.5,0.0,77.5039527678497,0,90,3.0,8,8.150036803498289e-05
10.505,0.0,77.5026307611049,0,90,3.0,8,5.424249700817218e-05
10.51,0.0,77.50173312521085,0,90,3.0,8,3.5734540429848964e-05
10.515,0.0,77.50113017810872,0,90,3.0,8,2.3302641416991072e-05
10.52,0.0,77.50072951170684,0,90,3.0,8,1.5041478491477542e-05
10.525,0.0,77.50046610747096,0,90,3.0,8,9.610463318680203e-06
10.53,0.0,77.50029478697198,0,90,3.0,8,6.078081896445378e-06
10.535,0.0,77.50018454357595,0,90,3.0,8,3.805022184636626e-06
10.54,0.0,77.5001143557486,0,90,3.0,8,2.357850486457688e-06
10.545,0.0,77.50007014318696,0,90,3.0,8,1.446251277527444e-06
10.55,0.0,77.50004258742786,0,90,3.0,8,8.780912960048095e-07
10.555,0.0,77.50002559444704,0,90,3.0,8,5.277205574886991e-07
10.56,0.0,77.50001522574371,0,90,3.0,8,3.139328599872053e-07
10.565,0.0,77.5000089656071,0,90,3.0,8,1.8485787822822944e-07
10.57,0.0,77.50000522575824,0,90,3.0,8,1.0774759265793186e-07
10.575,0.0,77.50000301500023,0,90,3.0,8,6.21649532309e-08
10.58,0.001684486749771458,77.50000172184403,0,90,3.0,8,3.5501938745040105e-08
10.585,0.004172395771277602,77.50000097334923,0,90,3.0,8,2.0069056299970978e-08
10.59,0.009438687428818865,77.50000054464309,0,90,3.0,8,1.1229754354363397e-08
10.595,0.019500507867137046,77.50000030166417,0,90,3.0,8,6.219879850570728e-09
10.6,0.03679496976339974,77.50000016538796,0,90,3.0,8,3.410061017066911e-09
10.605,0.06340728953298436,77.50000008975371,0,90,3.0,8,1.850592000373956e-09
10.61,0.09979255396093453,77.5000000482136,0,90,3.0,8,9.940947034620061e-10
10.615,0.14343835518453557,77.50000002563627,0,90,3.0,8,5.285828498842617e-10
10.62,0.18829581417209276,77.50000001349301,0,90,3.0,8,2.782063422704802e-10
10.625,0.2257481735193119,77.50000000702961,0,90,3.0,8,1.449404628390804e-10
10.63,0.24718154073554727,77.50000000362512,0,90,3.0,8,7.474470069225681e-11
10.635,0.24718154074102772,77.50000000185047,0,90,3.0,8,3.8153947355464515e-11
10.64,0.22574817354072055,77.50000000093499,0,90,3.0,8,1.927812319859795e-11
10.645,0.18829581422840957,77.50000000046764,0,90,3.0,8,9.641991672436131e-12
10.65,0.14343835532456656,77.50000000023151,0,90,3.0,8,4.773382147739296e-12
10.655,0.09979255431561854,77.50000000011345,0,90,3.0,8,2.3390773853908783e-12
10.66,0.06340729067170194,77.50000000005502,0,90,3.0,8,1.1345243187064363e-12
10.665,0.03679497683410042,77.50000000002642,0,90,3.0,8,5.447005961971242e-13
10.67,0.019500578284482293,77.50000000001256,0,90,3.0,8,2.590184653245066e-13
10.675,0.009439396781978427,77.50000000000591,0,90,3.0,8,1.2189104250565017e-13
10.68,0.004178588733610924,77.50000000000276,0,90,3.0,8,5.684341886080802e-14
10.685,0.0017299316936037381,77.50000000000126,0,90,3.0,8,2.6077650920679964e-14
10.69,0.0008997325756988589,77.50000000000058,0,90,3.0,8,1.2013299862335714e-14
10.695,0.001634769674224814,77.50000000000026,0,90,3.0,8,5.274131646879094e-15
10.7,0.00614904736476635,77.50000000000011,0,90,3.0,8,2.344058509724042e-15
10.705,0.02168080359963608,77.50000000000006,0,90,3.0,8,1.172029254862021e-15
10.71,0.06433400338904088,77.50000000000003,0,90,3.0,8,5.860146274310105e-16
10.715,0.1593410769217493,77.50000000000001,0,90,3.0,8,2.9300731371550523e-16
10.72,0.3291989194808569,77.5,0,90,3.0,8,0.0
10.725,0.5672906802982638,77.5,0,90,3.0,8,0.0
10.73,0.815339152120446,77.5,0,90,3.0,8,0.0
10.735,0.9768711246313155,77.50000285700571,1,90,3.0,8,5.890733424991792e-08
10.74,0.9726380909165361,77.5000055981037,0,90,3.0,8,1.1542481851411701e-07
10.745,0.7921091683291741,77.50001170193522,0,90,3.0,8,2.412770148805872e-07
10.75,0.49139090102639077,77.5000270882034,0,90,3.0,8,5.585196576478281e-07
10.755,0.15739335672107918,77.50007030382385,0,90,3.0,8,1.4495633782883385e-06
10.76,-0.11102342218909485,77.50019904185636,0,90,3.0,8,4.1039558012827685e-06
10.765,-0.2314207883647528,77.50058607134292,0,90,3.0,8,1.2083945214904703e-05
10.77,-0.2029124434754801,77.50172157287263,0,90,3.0,8,3.549634788918851e-05
10.775,-0.11151350554305876,77.50491227303426,0,90,3.0,8,0.00010128398008792904
10.78,-0.039430666652076896,77.51341548520728,0,90,3.0,8,0.00027660794241804996
10.785,-0.006087703519843621,77.53479767151332,0,90,3.0,8,0.0007174777631611781
10.79,0.005350271385530551,77.58538694566,0,90,3.0,8,0.001760555580618663
10.795,0.010381647827441833,77.69780421918405,0,90,3.0,8,0.004078437508949487
10.8,0.015115203303506243,77.93212374321509,0,90,3.0,8,0.008909767901341991
10.805,0.021170964062928475,78.38971621807644,0,90,3.0,8,0.018344664290235957
10.81,0.029082821134029553,79.22592550239746,0,90,3.0,8,0.035586092832937295
10.815,0.03923107061708144,80.65382694330745,0,90,3.0,8,0.06502735965582372
10.82,0.051969043308817596,82.92814688244911,0,90,3.0,8,0.1119205542773013
10.825,0.06760532616283861,86.29905479142072,0,90,3.0,8,0.1814238101323859
10.83,0.08636519236693461,90.93310591840898,0,90,3.0,8,0.27697125604966977
10.835,0.10834733138818661,96.81375736041753,0,90,3.0,8,0.3982218012457222
10.84,0.1334809643017884,103.65218979533569,0,90,3.0,8,0.5392204081512513
10.845,0.16148868344343945,110.85098906485283,0,90,3.0,9,0.6876492590691304
10.85,0.191860907532018,117.55776115670236,0,90,3.0,9,0.8259332197258218
10.855,0.22384764873847726,122.81835656489098,0,90,3.0,9,0.9343991044307418
10.86,0.25647215537198226,125.79775358536652,0,90,3.0,9,0.9958299708322994
10.865,0.2885689161419028,126.0,0,90,3.0,9,1.0
10.87,0.31884566517832524,123.40809829602208,0,90,3.0,9,0.9465587277530325
10.875,0.3459657668955683,118.49003065599916,0,90,3.0,9,0.8451552712577147
10.88,0.3686441789190902,112.06852813875727,0,90,3.0,9,0.71275315750015
10.885,0.3857476379544367,105.10477932098621,0,90,3.0,9,0.5691707076492002
10.89,0.3963882865005728,98.47443100842273,0,90,3.0,9,0.4324624950190253
10.895,0.4,92.8066072912793,0,90,3.0,9,0.3156001503356558
10.9,0.39638828650057273,88.42148372327156,0,90,3.0,9,0.2251852314076611
10.905,0.38574763795443656,85.35990241659837,0,90,3.0,9,0.16205984364120357
10.91,0.36864417891908974,83.46944358620377,0,90,3.0,9,0.12308131105574777
10.915,0.345965766895568,82.50409108932574,0,90,3.0,9,0.1031771358623864
10.92,0.3188456651783249,82.20538889595129,0,90,3.0,9,0.09701832775157294
10.925,0.28856891614190205,82.35118221387862,0,90,3.0,9,0.10002437554388899
10.93,0.2564721553719815,82.77370137387766,0,90,3.0,9,0.10873611080160117
10.935,0.22384764873847685,83.35697885227354,0,90,3.0,9,0.12076245056234107
10.94,0.19186090753201765,84.0246919330554,0,90,3.0,9,0.13452973057846174
10.945,0.16148868344343878,84.72653191551647,0,90,3.0,9,0.1490006580518861
10.95,0.1334809643017881,85.42725699479512,0,90,3.0,9,0.16344859783082713
10.955,0.10834733138818531,86.09955203844497,0,90,3.0,9,0.17731035130814368
10.96,0.08636519236690572,86.72019234262434,0,90,3.0,9,0.1901070586108112
10.965,0.06760532616242629,87.26848870696234,0,90,3.0,9,0.20141213828788337
10.97,0.05196904332202373,87.72606423286395,0,90,3.0,9,0.21084668521368966
10.975,0.03923107185803287,88.07728034294114,0,90,3.0,9,0.2180882544936317
10.98,0.02908287038705761,88.30988433026353,0,90,3.0,9,0.22288421299512431
10.985,0.02117220077308346,88.41562988670005,0,90,3.0,9,0.2250645337463927
10.99,0.0151361834125735,88.39073171494468,0,90,3.0,9,0.22455116938030265
10.995,0.010626454858290009,88.23608061227844,0,90,3.0,9,0.2213624868511019
11.0,0.007326255555493652,87.95718762032197,0,90,3.0,9,0.2156121158829273
11.005,0.004960179211183015,87.56385719193653,0,90,3.0,9,0.20750221014302134
11.01,0.0032978759379303545,87.06961485035202,0,90,3.0,9,0.19731164639901083
11.015,0.002153242296767213,86.49093547163766,0,90,3.0,9,0.18538011281727124
11.02,0.001380616732225004,85.84633343081921,0,90,3.0,9,0.17208934908905596
11.025,0.0008693106590991584,85.15538449808108,0,90,3.0,9,0.15784297934187785
11.03,0.000537524815942247,84.43775108996621,0,90,3.0,9,0.14304641422610748
11.035,0.0003263951340288585,83.71227751571944,0,90,3.0,9,0.12808819620040074
11.04,0.00019463030985187395,82.99621117057644,0,90,3.0,9,0.11332394166136998
11.045,0.00011397219555062695,82.30459074772966,0,90,3.0,9,0.09906372675731262
11.05,6.55403863487943e-05,81.64982534565863,0,90,3.0,9,0.08556340918883767
11.055,3.701184389455385e-05,81.04147079905813,0,90,3.0,9,0.0730200164754254
11.06,2.0525516217290957e-05,80.4861934573874,0,90,3.0,9,0.06157099912138971
11.065,1.1178128483661116e-05,79.98789840738041,0,90,3.0,9,0.05129687437897759
11.07,5.978135409912517e-06,79.54798972143004,0,90,3.0,9,0.04222659219443386
11.075,3.1396702713238487e-06,79.1657251050575,0,90,3.0,9,0.03434484752695885
11.08,1.6192875458531019e-06,78.83862619104653,0,90,3.0,9,0.027600540021577923
11.085,8.201353897972012e-07,78.5629081394647,0,90,3.0,9,0.021915631741540122
11.09,4.0791415086824765e-07,78.33389731528789,0,90,3.0,9,0.017193759078100723
11.095,1.9923866938774793e-07,78.14641264967727,0,90,3.0,9,0.013328095869634505
11.1,9.556527981051257e-08,77.9950938659425,0,90,3.0,9,0.010208120947267908
11.105,4.501406988770349e-08,77.87466719823882,0,90,3.0,9,0.007725096870903608
11.11,0.0,77.78014587226397,0,90,3.0,9,0.00577620355183448
11.115,0.0,77.7069680038797,0,90,3.0,9,0.004267381523292672
11.12,0.0,77.651078485453,0,90,3.0,9,0.0031150203186185305
11.125,0.0,77.6089638555516,0,90,3.0,9,0.0022466774340534693
11.13,0.0,77.57765022693218,0,90,3.0,9,0.0016010356068490341
11.135,0.0,77.55467432434818,0,90,3.0,9,0.0011273056566635917
11.14,0.0,77.53803685039938,0,90,3.0,9,0.0007842649566882334
11.145,0.0,77.52614605077103,0,90,3.0,9,0.0005390938303305668
11.15,0.0,77.5177577558228,0,90,3.0,9,0.0003661392953154532
11.155,0.0,77.51191654857978,0,90,3.0,9,0.000245702032572712
11.16,0.0,77.507901204888,0,90,3.0,9,0.0001629114409896965
11.165,0.0,77.5051762660216,0,90,3.0,9,0.00010672713446612442
11.17,0.0,77.50335058222204,0,90,3.0,9,6.908416952660915e-05
11.175,0.0,77.50214291231161,0,90,3.0,9,4.4183759002311787e-05
11.18,0.0,77.50135415677913,0,90,3.0,9,2.792075833256313e-05
11.185,0.0,77.50084550060859,0,90,3.0,9,1.7433002238989895e-05
11.19,0.0,77.50052160209725,0,90,3.0,9,1.075468241754972e-05
11.195,0.0,77.50031793999378,0,90,3.0,9,6.555463789233549e-06
11.2,0.0,77.50019148352861,0,90,3.0,9,3.948113991960669e-06
11.205,0.0,77.50011394574456,0,90,3.0,9,2.3493967950292517e-06
11.21,0.0,77.50006699543745,0,90,3.0,9,1.381349225776202e-06
11.215,0.0,77.50003891999467,0,90,3.0,9,8.024741168107361e-07
11.22,0.0,77.50002233987531,0,90,3.0,9,4.6061598587565985e-07
11.225,0.0,77.5000126697821,0,90,3.0,9,2.6123262050673147e-07
11.23,0.001684486749771458,77.50000709966693,0,90,3.0,9,1.4638488517110878e-07
11.235,0.004172395771277602,77.50000393085688,0,90,3.0,9,8.104859540891112e-08
11.24,0.009438687428818865,77.50000215038844,0,90,3.0,9,4.433790597441029e-08
11.245,0.019500507867137046,77.50000116232353,0,90,3.0,9,2.3965433568911375e-08
11.25,0.03679496976339974,77.50000062075121,0,90,3.0,9,1.2798993992939508e-08
11.255,0.06340728953298436,77.50000032755825,0,90,3.0,9,6.7537784391404165e-09
11.26,0.09979255396093453,77.50000017078115,0,90,3.0,9,3.52126080870971e-09
11.265,0.14343835518453557,77.50000008797753,0,90,3.0,9,1.8139696022472824e-09
11.27,0.18829581417209276,77.50000004478,0,90,3.0,9,9.232988623366931e-10
11.275,0.2257481735193119,77.50000002252042,0,90,3.0,9,4.6433865229362745e-10
11.28,0.24718154073554727,77.50000001119051,0,90,3.0,9,2.3073212527303918e-10
11.285,0.24718154074102772,77.50000000549419,0,90,3.0,9,1.1328219462137492e-10
11.29,0.22574817354072055,77.50000000266525,0,90,3.0,9,5.495352168734301e-11
11.295,0.18829581422840957,77.50000000127747,0,90,3.0,9,2.6339599459141628e-11
11.3,0.14343835532456656,77.50000000060498,0,90,3.0,9,1.247390735949649e-11
11.305,0.09979255431561854,77.5000000002831,0,90,3.0,9,5.83699869652658e-12
11.31,0.06340729067170194,77.50000000013088,0,90,3.0,9,2.698597359319803e-12
11.315,0.03679497683410042,77.50000000005979,0,90,3.0,9,1.2326817688011305e-12
11.32,0.019500578284482293,77.50000000002699,0,90,3.0,9,5.564208887457445e-13
11.325,0.009439396781978427,77.50000000001204,0,90,3.0,9,2.481771947170329e-13
11.33,0.004178588733610924,77.5000000000053,0,90,3.0,9,1.0929172801588345e-13
11.335,0.0017299316936037381,77.5000000000023,0,90,3.0,9,4.746718482191185e-14
11.34,0.0008997325756988589,77.500000000001,0,90,3.0,9,2.0510511960085366e-14
11.345,0.001634769674224814,77.50000000000043,0,90,3.0,9,8.790219411465157e-15
11.35,0.00614904736476635,77.50000000000017,0,90,3.0,9,3.516087764586063e-15
11.355,0.02168080359963608,77.50000000000007,0,90,3.0,9,1.465036568577526e-15
11.36,0.06433400338904088,77.50000000000003,0,90,3.0,9,5.860146274310105e-16
11.365,0.1593410769217493,77.50000000000001,0,90,3.0,9,2.9300731371550523e-16
11.37,0.3291989194808569,77.5,0,90,3.0,9,0.0
11.375,0.5672906802982638,77.5,0,90,3.0,9,0.0
11.38,0.815339152120446,77.5,0,90,3.0,9,0.0
11.385,0.9768711246313155,77.5,1,90,3.0,9,0.0
11.39,0.9726380909165361,77.5,0,90,3.0,9,0.0
11.395,0.7921091683291741,77.5,0,90,3.0,9,0.0
11.4,0.49139090102639077,77.5,0,90,3.0,9,0.0
11.405,0.15739335672107918,77.5,0,90,3.0,9,0.0
11.41,-0.11102342218909485,77.5,0,90,3.0,9,0.0
11.415,-0.2314207883647528,77.5,0,90,3.0,9,0.0
11.42,-0.2029124434754801,77.5,0,90,3.0,9,0.0
11.425,-0.11151350554305876,77.5,0,90,3.0,9,0.0
11.43,-0.039430666652076896,77.5,0,90,3.0,9,0.0
11.435,-0.006087703519843621,77.5,0,90,3.0,9,0.0
11.44,0.005350271385530551,77.5,0,90,3.0,9,0.0
11.445,0.010381647827441833,77.5,0,90,3.0,9,0.0
11.45,0.015115203303506243,77.5,0,90,3.0,9,0.0
11.455,0.021170964062928475,77.5,0,90,3.0,9,0.0
11.46,0.029082821134029553,77.5,0,90,3.0,9,0.0
11.465,0.03923107061708144,77.5,0,90,3.0,9,0.0
11.47,0.051969043308817596,77.5,0,90,3.0,9,0.0
11.475,0.06760532616283861,77.5,0,90,3.0,9,0.0
11.48,0.08636519236693461,77.5,0,90,3.0,9,0.0
11.485,0.10834733138818661,77.5,0,90,3.0,9,0.0
11.49,0.1334809643017884,77.5,0,90,3.0,9,0.0
11.495,0.16148868344343945,77.5,0,90,3.0,9,0.0
11.5,0.191860907532018,77.5,0,90,3.0,9,0.0
11.505,0.22384764873847726,77.5,0,90,3.0,9,0.0
11.51,0.25647215537198226,77.5,0,90,3.0,9,0.0
11.515,0.2885689161419028,77.5,0,90,3.0,9,0.0
11.52,0.31884566517832524,77.5,0,90,3.0,9,0.0
11.525,0.3459657668955683,77.5,0,90,3.0,9,0.0
11.53,0.3686441789190902,77.5,0,90,3.0,9,0.0
11.535,0.3857476379544367,77.5,0,90,3.0,9,0.0
11.54,0.3963882865005728,77.5,0,90,3.0,9,0.0
11.545,0.4,77.5,0,90,3.0,9,0.0
11.55,0.39638828650057273,77.5,0,90,3.0,9,0.0
11.555,0.38574763795443656,77.5,0,90,3.0,9,0.0
11.56,0.36864417891908974,77.5,0,90,3.0,9,0.0
11.565,0.345965766895568,77.5,0,90,3.0,9,0.0
11.57,0.3188456651783249,77.5,0,90,3.0,9,0.0
11.575,0.28856891614190205,77.5,0,90,3.0,9,0.0
11.58,0.2564721553719815,77.5,0,90,3.0,9,0.0
11.585,0.22384764873847685,77.5,0,90,3.0,9,0.0
11.59,0.19186090753201765,77.5,0,90,3.0,9,0.0
11.595,0.16148868344343878,77.5,0,90,3.0,9,0.0
11.6,0.1334809643017881,77.5,0,90,3.0,9,0.0
11.605,0.10834733138818531,77.5,0,90,3.0,9,0.0
11.61,0.08636519236690572,77.5,0,90,3.0,9,0.0
11.615,0.06760532616242629,77.5,0,90,3.0,9,0.0
11.62,0.05196904332202373,77.5,0,90,3.0,9,0.0
11.625,0.03923107185803287,77.5,0,90,3.0,9,0.0
11.63,0.02908287038705761,77.5,0,90,3.0,9,0.0
11.635,0.02117220077308346,77.5,0,90,3.0,9,0.0
11.64,0.0151361834125735,77.5,0,90,3.0,9,0.0
11.645,0.010626454858290009,77.5,0,90,3.0,9,0.0
11.65,0.007326255555493652,77.5,0,90,3.0,9,0.0
11.655,0.004960179211183015,77.5,0,90,3.0,9,0.0
11.66,0.0032978759379303545,77.5,0,90,3.0,9,0.0
11.665,0.002153242296767213,77.5,0,90,3.0,9,0.0
11.67,0.001380616732225004,77.5,0,90,3.0,9,0.0
11.675,0.0008693106590991584,77.5,0,90,3.0,9,0.0
11.68,0.000537524815942247,77.5,0,90,3.0,9,0.0
11.685,0.0003263951340288585,77.5,0,90,3.0,9,0.0
11.69,0.00019463030985187395,77.5,0,90,3.0,9,0.0
11.695,0.00011397219555062695,77.5,0,90,3.0,9,0.0
11.7,6.55403863487943e-05,77.5,0,90,3.0,9,0.0
11.705,3.701184389455385e-05,77.5,0,90,3.0,9,0.0
11.71,2.0525516217290957e-05,77.5,0,90,3.0,9,0.0
11.715,1.1178128483661116e-05,77.5,0,90,3.0,9,0.0
11.72,5.978135409912517e-06,77.5,0,90,3.0,9,0.0
11.725,3.1396702713238487e-06,77.5,0,90,3.0,9,0.0
11.73,1.6192875458531019e-06,77.5,0,90,3.0,9,0.0
11.735,8.201353897972012e-07,77.5,0,90,3.0,9,0.0
11.74,4.0791415086824765e-07,77.5,0,90,3.0,9,0.0
11.745,1.9923866938774793e-07,77.5,0,90,3.0,9,0.0
11.75,9.556527981051257e-08,77.5,0,90,3.0,9,0.0
11.755,4.501406988770349e-08,77.5,0,90,3.0,9,0.0
11.76,0.0,77.5,0,90,3.0,9,0.0
11.765,0.0,77.5,0,90,3.0,9,0.0
11.77,0.0,77.5,0,90,3.0,9,0.0
11.775,0.0,77.5,0,90,3.0,9,0.0
11.78,0.0,77.5,0,90,3.0,9,0.0
11.785,0.0,77.5,0,90,3.0,9,0.0
11.79,0.0,77.5,0,90,3.0,9,0.0
11.795,0.0,77.5,0,90,3.0,9,0.0
11.8,0.0,77.5,0,90,3.0,9,0.0
11.805,0.0,77.5,0,90,3.0,9,0.0
11.81,0.0,77.5,0,90,3.0,9,0.0
11.815,0.0,77.5,0,90,3.0,9,0.0
11.82,0.0,77.5,0,90,3.0,9,0.0
11.825,0.0,77.5,0,90,3.0,9,0.0
11.83,0.0,77.5,0,90,3.0,9,0.0
11.835,0.0,77.5,0,90,3.0,9,0.0
11.84,0.0,77.5,0,90,3.0,9,0.0
11.845,0.0,77.5,0,90,3.0,9,0.0
11.85,0.0,77.5,0,90,3.0,9,0.0
11.855,0.0,77.5,0,90,3.0,9,0.0
11.86,0.0,77.5,0,90,3.0,9,0.0
11.865,0.0,77.5,0,90,3.0,9,0.0
11.87,0.0,77.5,0,90,3.0,9,0.0
11.875,0.0,77.5,0,90,3.0,9,0.0
11.88,0.0,77.5,0,90,3.0,9,0.0
11.885,0.0,77.5,0,90,3.0,9,0.0
11.89,0.0,77.5,0,90,3.0,9,0.0
11.895,0.0,77.5,0,90,3.0,9,0.0
11.9,0.0,77.5,0,90,3.0,9,0.0
11.905,0.0,77.5,0,90,3.0,9,0.0
11.91,0.0,77.5,0,90,3.0,9,0.0
11.915,0.0,77.5,0,90,3.0,9,0.0
11.92,0.0,77.5,0,90,3.0,9,0.0
11.925,0.0,77.5,0,90,3.0,9,0.0
11.93,0.0,77.5,0,90,3.0,9,0.0
11.935,0.0,77.5,0,90,3.0,9,0.0
11.94,0.0,77.5,0,90,3.0,9,0.0
11.945,0.0,77.5,0,90,3.0,9,0.0
11.95,0.0,77.5,0,90,3.0,9,0.0
11.955,0.0,77.5,0,90,3.0,9,0.0
11.96,0.0,77.5,0,90,3.0,9,0.0
11.965,0.0,77.5,0,90,3.0,9,0.0
11.97,0.0,77.5,0,90,3.0,9,0.0
11.975,0.0,77.5,0,90,3.0,9,0.0
11.98,0.0,77.5,0,90,3.0,9,0.0
11.985,0.0,77.5,0,90,3.0,9,0.0
11.99,0.0,77.5,0,90,3.0,9,0.0
11.995,0.0,77.5,0,90,3.0,9,0.0
