Time,ECG,Pressure,R_Peaks,mean_hr,hrv_scale,Phase_Bin,Normalized_Pressure
0.0,0.001684486749771458,77.5,0,90,3.0,0,0.0
0.005,0.004172395771277602,77.5,0,90,3.0,0,0.0
0.01,0.009438687428818865,77.5,0,90,3.0,0,0.0
0.015,0.019500507867137046,77.5,0,90,3.0,0,0.0
0.02,0.03679496976339974,77.5,0,90,3.0,0,0.0
0.025,0.06340728953298436,77.5,0,90,3.0,0,0.0
0.03,0.09979255396093453,77.5,0,90,3.0,0,0.0
0.035,0.14343835518453557,77.5,0,90,3.0,0,0.0
0.04,0.18829581417209276,77.5,0,90,3.0,0,0.0
0.045,0.2257481735193119,77.5,0,90,3.0,0,0.0
0.05,0.24718154073554727,77.5,0,90,3.0,0,0.0
0.055,0.24718154074102772,77.5,0,90,3.0,0,0.0
0.06,0.22574817354072055,77.5,0,90,3.0,0,0.0
0.065,0.18829581422840957,77.5,0,90,3.0,0,0.0
0.07,0.14343835532456656,77.5,0,90,3.0,0,0.0
0.075,0.09979255431561854,77.5,0,90,3.0,0,0.0
0.08,0.06340729067170194,77.5,0,90,3.0,0,0.0
0.085,0.03679497683410042,77.5,0,90,3.0,0,0.0
0.09,0.019500578284482293,77.5,0,90,3.0,0,0.0
0.095,0.009439396781978427,77.5,0,90,3.0,0,0.0
0.1,0.004178588733610924,77.5,0,90,3.0,0,0.0
0.105,0.0017299316936037381,77.5,0,90,3.0,0,0.0
0.11,0.0008997325756988589,77.5,0,90,3.0,0,0.0
0.115,0.001634769674224814,77.5,0,90,3.0,0,0.0
0.12,0.00614904736476635,77.5,0,90,3.0,0,0.0
0.125,0.02168080359963608,77.5,0,90,3.0,0,0.0
0.13,0.06433400338904088,77.5,0,90,3.0,0,0.0
0.135,0.1593410769217493,77.5,0,90,3.0,0,0.0
0.14,0.3291989194808569,77.5,0,90,3.0,0,0.0
0.145,0.5672906802982638,77.5,0,90,3.0,0,0.0
0.15,0.815339152120446,77.5,0,90,3.0,0,0.0
0.155,0.9768711246313155,77.5,0,90,3.0,0,0.0
0.16,0.9726380909165361,77.5,0,90,3.0,0,0.0
0.165,0.7921091683291741,77.5,0,90,3.0,0,0.0
0.17,0.49139090102639077,77.5,0,90,3.0,0,0.0
0.175,0.15739335672107918,77.5,0,90,3.0,0,0.0
0.18,-0.11102342218909485,77.5,0,90,3.0,0,0.0
0.185,-0.2314207883647528,77.5,0,90,3.0,0,0.0
0.19,-0.2029124434754801,77.5,0,90,3.0,0,0.0
0.195,-0.11151350554305876,77.5,0,90,3.0,0,0.0
0.2,-0.039430666652076896,77.5,0,90,3.0,0,0.0
0.205,-0.006087703519843621,77.5,0,90,3.0,0,0.0
0.21,0.005350271385530551,77.5,0,90,3.0,0,0.0
0.215,0.010381647827441833,77.5,0,90,3.0,0,0.0
0.22,0.015115203303506243,77.5,0,90,3.0,0,0.0
0.225,0.021170964062928475,77.5,0,90,3.0,0,0.0
0.23,0.029082821134029553,77.5,0,90,3.0,0,0.0
0.235,0.03923107061708144,77.5,0,90,3.0,0,0.0
0.24,0.051969043308817596,77.5,0,90,3.0,0,0.0
0.245,0.06760532616283861,77.5,0,90,3.0,0,0.0
0.25,0.08636519236693461,77.5,0,90,3.0,0,0.0
0.255,0.10834733138818661,77.5,0,90,3.0,0,0.0
0.26,0.1334809643017884,77.5,0,90,3.0,0,0.0
0.265,0.16148868344343945,77.5,0,90,3.0,0,0.0
0.27,0.191860907532018,77.5,0,90,3.0,0,0.0
0.275,0.22384764873847726,77.5,0,90,3.0,0,0.0
0.28,0.25647215537198226,77.5,0,90,3.0,0,0.0
0.285,0.2885689161419028,77.5,0,90,3.0,0,0.0
0.29,0.31884566517832524,77.5,0,90,3.0,0,0.0
0.295,0.3459657668955683,77.5,0,90,3.0,0,0.0
0.3,0.3686441789190902,77.5,0,90,3.0,0,0.0
0.305,0.3857476379544367,77.5,0,90,3.0,0,0.0
0.31,0.3963882865005728,77.5,0,90,3.0,0,0.0
0.315,0.4,77.5,0,90,3.0,0,0.0
0.32,0.39638828650057273,77.5,0,90,3.0,0,0.0
0.325,0.38574763795443656,77.5,0,90,3.0,0,0.0
0.33,0.36864417891908974,77.5,0,90,3.0,0,0.0
0.335,0.345965766895568,77.5,0,90,3.0,0,0.0
0.34,0.3188456651783249,77.5,0,90,3.0,0,0.0
0.345,0.28856891614190205,77.5,0,90,3.0,0,0.0
0.35,0.2564721553719815,77.5,0,90,3.0,0,0.0
0.355,0.22384764873847685,77.5,0,90,3.0,0,0.0
0.36,0.19186090753201765,77.5,0,90,3.0,0,0.0
0.365,0.16148868344343878,77.5,0,90,3.0,0,0.0
0.37,0.1334809643017881,77.5,0,90,3.0,0,0.0
0.375,0.10834733138818531,77.5,0,90,3.0,0,0.0
0.38,0.08636519236690572,77.5,0,90,3.0,0,0.0
0.385,0.06760532616242629,77.5,0,90,3.0,0,0.0
0.39,0.05196904332202373,77.5,0,90,3.0,0,0.0
0.395,0.03923107185803287,77.5,0,90,3.0,0,0.0
0.4,0.02908287038705761,77.5,0,90,3.0,0,0.0
0.405,0.02117220077308346,77.5,0,90,3.0,0,0.0
0.41,0.0151361834125735,77.5,0,90,3.0,0,0.0
0.415,0.010626454858290009,77.5,0,90,3.0,0,0.0
0.42,0.007326255555493652,77.5,0,90,3.0,0,0.0
0.425,0.004960179211183015,77.5,0,90,3.0,0,0.0
0.43,0.0032978759379303545,77.5,0,90,3.0,0,0.0
0.435,0.002153242296767213,77.5,0,90,3.0,0,0.0
0.44,0.001380616732225004,77.5,0,90,3.0,0,0.0
0.445,0.0008693106590991584,77.5,0,90,3.0,0,0.0
0.45,0.000537524815942247,77.5,0,90,3.0,0,0.0
0.455,0.0003263951340288585,77.5,0,90,3.0,0,0.0
0.46,0.00019463030985187395,77.5,0,90,3.0,0,0.0
0.465,0.00011397219555062695,77.5,0,90,3.0,0,0.0
0.47,6.55403863487943e-05,77.5,0,90,3.0,0,0.0
0.475,3.701184389455385e-05,77.5,0,90,3.0,0,0.0
0.48,2.0525516217290957e-05,77.5,0,90,3.0,0,0.0
0.485,1.1178128483661116e-05,77.5,0,90,3.0,0,0.0
0.49,5.978135409912517e-06,77.5,0,90,3.0,0,0.0
0.495,3.1396702713238487e-06,77.5,0,90,3.0,0,0.0
0.5,1.6192875458531019e-06,77.5,0,90,3.0,0,0.0
0.505,8.201353897972012e-07,77.5,0,90,3.0,0,0.0
0.51,4.0791415086824765e-07,77.5,0,90,3.0,0,0.0
0.515,1.9923866938774793e-07,77.5,0,90,3.0,0,0.0
0.52,9.556527981051257e-08,77.5,0,90,3.0,0,0.0
0.525,4.501406988770349e-08,77.5,0,90,3.0,0,0.0
0.53,0.0,77.5,0,90,3.0,0,0.0
0.535,0.0,77.5,0,90,3.0,0,0.0
0.54,0.0,77.5,0,90,3.0,0,0.0
0.545,0.0,77.5,0,90,3.0,0,0.0
0.55,0.0,77.5,0,90,3.0,0,0.0
0.555,0.0,77.5,0,90,3.0,0,0.0
0.56,0.0,77.5,0,90,3.0,0,0.0
0.565,0.0,77.5,0,90,3.0,0,0.0
0.57,0.0,77.5,0,90,3.0,0,0.0
0.575,0.0,77.5,0,90,3.0,0,0.0
0.58,0.0,77.5,0,90,3.0,0,0.0
0.585,0.0,77.5,0,90,3.0,0,0.0
0.59,0.0,77.5,0,90,3.0,0,0.0
0.595,0.0,77.5,0,90,3.0,0,0.0
0.6,0.0,77.5,0,90,3.0,0,0.0
0.605,0.0,77.5,0,90,3.0,0,0.0
0.61,0.0,77.5,0,90,3.0,0,0.0
0.615,0.0,77.5,0,90,3.0,0,0.0
0.62,0.001684486749771458,77.5,0,90,3.0,0,0.0
0.625,0.004172395771277602,77.5,0,90,3.0,0,0.0
0.63,0.009438687428818865,77.5,0,90,3.0,0,0.0
0.635,0.019500507867137046,77.5,0,90,3.0,0,0.0
0.64,0.03679496976339974,77.5,0,90,3.0,0,0.0
0.645,0.06340728953298436,77.5,0,90,3.0,0,0.0
0.65,0.09979255396093453,77.5,0,90,3.0,0,0.0
0.655,0.14343835518453557,77.5,0,90,3.0,0,0.0
0.66,0.18829581417209276,77.5,0,90,3.0,0,0.0
0.665,0.2257481735193119,77.5,0,90,3.0,0,0.0
0.67,0.24718154073554727,77.5,0,90,3.0,0,0.0
0.675,0.24718154074102772,77.5,0,90,3.0,0,0.0
0.68,0.22574817354072055,77.5,0,90,3.0,0,0.0
0.685,0.18829581422840957,77.5,0,90,3.0,0,0.0
0.69,0.14343835532456656,77.5,0,90,3.0,0,0.0
0.695,0.09979255431561854,77.5,0,90,3.0,0,0.0
0.7,0.06340729067170194,77.5,0,90,3.0,0,0.0
0.705,0.03679497683410042,77.5,0,90,3.0,0,0.0
0.71,0.019500578284482293,77.5,0,90,3.0,0,0.0
0.715,0.009439396781978427,77.5,0,90,3.0,0,0.0
0.72,0.004178588733610924,77.5,0,90,3.0,0,0.0
0.725,0.0017299316936037381,77.5,0,90,3.0,0,0.0
0.73,0.0008997325756988589,77.5,0,90,3.0,0,0.0
0.735,0.001634769674224814,77.5,0,90,3.0,0,0.0
0.74,0.00614904736476635,77.5,0,90,3.0,0,0.0
0.745,0.02168080359963608,77.5,0,90,3.0,0,0.0
0.75,0.06433400338904088,77.5,0,90,3.0,0,0.0
0.755,0.1593410769217493,77.5,0,90,3.0,0,0.0
0.76,0.3291989194808569,77.5,0,90,3.0,0,0.0
0.765,0.5672906802982638,77.5,0,90,3.0,0,0.0
0.77,0.815339152120446,77.5,0,90,3.0,0,0.0
0.775,0.9768711246313155,77.50000284154457,1,90,3.0,0,5.8588547859734405e-08
0.78,0.9726380909165361,77.5000053717146,0,90,3.0,0,1.1075700192038508e-07
0.785,0.7921091683291741,77.50001074298208,0,90,3.0,0,2.2150478524466606e-07
0.79,0.49139090102639077,77.50002348679206,0,90,3.0,0,4.842637538073627e-07
0.795,0.15739335672107918,77.50005697009982,0,90,3.0,0,1.1746412333992601e-06
0.8,-0.11102342218909485,77.50015058918197,0,90,3.0,0,3.1049315870189172e-06
0.805,-0.2314207883647528,77.50041701098533,0,90,3.0,0,8.598164645990409e-06
0.81,-0.2029124434754801,77.50116397212096,0,90,3.0,0,2.3999425174501196e-05
0.815,-0.11151350554305876,77.50318753865302,0,90,3.0,0,6.572244645408506e-05
0.82,-0.039430666652076896,77.5084286730719,0,90,3.0,0,0.00017378707364751163
0.825,-0.006087703519843621,77.52133349932207,0,90,3.0,0,0.0004398659654034723
0.83,0.005350271385530551,77.55144481044628,0,90,3.0,0,0.001060717741160502
0.835,0.010381647827441833,77.61790113559184,0,90,3.0,0,0.002430951249316211
0.84,0.015115203303506243,77.75645242828497,0,90,3.0,0,0.005287678933710787
0.845,0.021170964062928475,78.02903573913586,0,90,3.0,0,0.010907953384244619
0.85,0.029082821134029553,78.53459389389398,0,90,3.0,0,0.02133183286379348
0.855,0.03923107061708144,79.41759052329515,0,90,3.0,0,0.03953794893392055
0.86,0.051969043308817596,80.86806634460993,0,90,3.0,0,0.0694446668991738
0.865,0.06760532616283861,83.10540651559467,0,90,3.0,0,0.11557539207411682
0.87,0.08636519236693461,86.3392095926369,0,90,3.0,0,0.18225174417808052
0.875,0.10834733138818661,90.70649228025296,0,90,3.0,0,0.27229880990212285
0.88,0.1334809643017884,96.1949399697833,0,90,3.0,0,0.3854626797893465
0.885,0.16148868344343945,102.57400864906828,0,90,3.0,0,0.5169898690529542
0.89,0.191860907532018,109.36346526476575,0,90,3.0,0,0.656978665252902
0.895,0.22384764873847726,115.86591368470812,0,90,3.0,0,0.7910497666950127
0.9,0.25647215537198226,121.27294452158014,0,90,3.0,0,0.9025349385892814
0.905,0.2885689161419028,124.82763298613727,0,90,3.0,0,0.9758274842502531
0.91,0.31884566517832524,126.0,0,90,3.0,0,1.0
0.915,0.3459657668955683,124.61989252433693,0,90,3.0,0,0.9715441757595243
0.92,0.3686441789190902,120.92169697246845,0,90,3.0,0,0.8952927210818238
0.925,0.3857476379544367,115.48501558588413,0,90,3.0,0,0.7831961976470954
0.93,0.3963882865005728,109.09225998185437,0,90,3.0,0,0.6513868037495746
0.935,0.4,102.5515725266867,0,90,3.0,0,0.5165272685914784
0.94,0.39638828650057273,96.54013006952228,0,90,3.0,0,0.392580001433449
0.945,0.38574763795443656,91.50802050032742,0,90,3.0,0,0.2888251649552045
0.95,0.36864417891908974,87.65583209467765,0,90,3.0,0,0.2093985998902608
0.955,0.345965766895568,84.9730956654149,0,90,3.0,0,0.15408444670958563
0.96,0.3188456651783249,83.30975988570115,0,90,3.0,0,0.11978886362270422
0.965,0.28856891614190205,82.45172028278404,0,90,3.0,0,0.10209732541822758
0.97,0.2564721553719815,82.18025697684484,0,90,3.0,0,0.09650014385247103
0.975,0.22384764873847685,82.30741319769757,0,90,3.0,0,0.09912192160201176
0.98,0.19186090753201765,82.68926270610598,0,90,3.0,0,0.1069951073423913
0.985,0.16148868344343878,83.2241320744651,0,90,3.0,0,0.11802334174154852
0.99,0.1334809643017881,83.8435168279006,0,90,3.0,0,0.13079416140001238
0.995,0.10834733138818531,84.50150236715587,0,90,3.0,0,0.14436087354960547
1.0,0.08636519236690572,85.16587686988788,0,90,3.0,0,0.15805931690490477
1.005,0.06760532616242629,85.81199492104422,0,90,3.0,0,0.1713813385782313
1.01,0.05196904332202373,86.41920641796344,0,90,3.0,0,0.18390116325697808
1.015,0.03923107185803287,86.96917992923366,0,90,3.0,0,0.19524082328316827
1.02,0.02908287038705761,87.44541920646472,0,90,3.0,0,0.20506018982401486
1.025,0.02117220077308346,87.83342707600346,0,90,3.0,0,0.21306035208254556
1.03,0.0151361834125735,88.1211518756908,0,90,3.0,0,0.21899282217919175
1.035,0.010626454858290009,88.29949305211028,0,90,3.0,0,0.22266995983732535
1.04,0.007326255555493652,88.36273532154763,0,90,3.0,0,0.22397392415562128
1.045,0.004960179211183015,88.30883732354,0,90,3.0,0,0.22286262522762895
1.05,0.0032978759379303545,88.13953589889951,0,90,3.0,0,0.2193718742041136
1.055,0.002153242296767213,87.86025153974062,0,90,3.0,0,0.21361343380908487
1.06,0.001380616732225004,87.47979971200948,0,90,3.0,0,0.2057690662269996
1.065,0.0008693106590991584,87.00992868416755,0,90,3.0,0,0.19608100379726903
1.07,0.000537524815942247,86.46471740998916,0,90,3.0,0,0.18483953422658067
1.075,0.0003263951340288585,85.85987641344444,0,90,3.0,0,0.17236858584421524
1.08,0.00019463030985187395,85.21199997402755,0,90,3.0,0,0.15901030874283606
1.085,0.00011397219555062695,84.53781895883367,0,90,3.0,0,0.14510966925430244
1.09,6.55403863487943e-05,83.85350054309895,0,90,3.0,0,0.1310000111979164
1.095,3.701184389455385e-05,83.17403435574212,0,90,3.0,0,0.11699039908746645
1.1,2.0525516217290957e-05,82.51273515971924,0,90,3.0,0,0.10335536411792251
1.105,1.1178128483661116e-05,81.88088111637717,0,90,3.0,0,0.09032744569849831
1.11,5.978135409912517e-06,81.28749514724962,0,90,3.0,0,0.07809268344844567
1.115,3.1396702713238487e-06,80.73926599081013,0,90,3.0,0,0.0667889895012397
1.12,1.6192875458531019e-06,80.24059617216766,0,90,3.0,0,0.05650713757046714
1.125,8.201353897972012e-07,79.79375691779815,0,90,3.0,0,0.047293957068003066
1.13,4.0791415086824765e-07,79.39912541232576,0,90,3.0,0,0.039157224996407405
1.135,1.9923866938774793e-07,79.05547776723587,0,90,3.0,0,0.032071706540945794
1.14,9.556527981051257e-08,78.76031144478318,0,90,3.0,0,0.025985802985220293
1.145,4.501406988770349e-08,78.51017324373844,0,90,3.0,0,0.02082831430388527
1.15,0.0,78.30097276926729,0,90,3.0,0,0.016514902459119376
1.155,0.0,78.12826599064017,0,90,3.0,0,0.01295393795134378
1.16,0.0,77.98749847302761,0,90,3.0,0,0.010051514907785854
1.165,0.0,77.87420266617133,0,90,3.0,0,0.007715518890130479
1.17,0.0,77.78414786970576,0,90,3.0,0,0.005858718963005411
1.175,0.0,77.71344492859065,0,90,3.0,0,0.004400926362693753
1.18,0.0,77.6586102266577,0,90,3.0,0,0.0032703139517051565
1.185,0.0,77.61659513782196,0,90,3.0,0,0.0024040234602466038
1.19,0.0,77.58478784625699,0,90,3.0,0,0.0017482030156079722
1.195,0.0,77.56099450010981,0,90,3.0,0,0.001257618558965237
1.2,0.0,77.54340618910628,0,90,3.0,0,0.000894972971263469
1.205,0.0,77.53055741054968,0,90,3.0,1,0.0006300497020551748
1.21,0.0,77.521280672553,0,90,3.0,1,0.0004387767536701931
1.215,0.0,77.51466081314214,0,90,3.0,1,0.0003022848070544963
1.22,0.0,77.50999159166291,0,90,3.0,1,0.0002060121992352594
1.225,0.0,77.5067362035906,0,90,3.0,1,0.00013889079568259346
1.23,0.0,77.50449261953548,0,90,3.0,1,9.263133062852165e-05
1.235,0.0,77.50296406680117,0,90,3.0,1,6.11147794055557e-05
1.24,0.0,77.50193455126167,0,90,3.0,1,3.988765487978404e-05
1.245,0.0,77.5012490401714,0,90,3.0,1,2.5753405595913737e-05
1.25,0.0,77.50079776775692,0,90,3.0,1,1.644881973034083e-05
1.255,0.0,77.50050405794217,0,90,3.0,1,1.0392947261154929e-05
1.26,0.0,77.50031505643443,0,90,3.0,1,6.496008957339617e-06
1.265,0.0,77.5001948050246,0,90,3.0,1,4.016598445477752e-06
1.27,0.0,77.5001191559859,0,90,3.0,1,2.456824451536301e-06
1.275,0.0,77.5000721000363,0,90,3.0,1,1.4865986867166095e-06
1.28,0.0,77.50004315777153,0,90,3.0,1,8.898509593601591e-07
1.285,0.0,77.5000255556216,0,90,3.0,1,5.269200330859189e-07
1.29,0.0,77.50001496986195,0,90,3.0,1,3.086569474418735e-07
1.295,0.0,77.50000867467178,0,90,3.0,1,1.788592118673384e-07
1.3,0.0,77.5000049726995,0,90,3.0,1,1.0252988660148421e-07
1.305,0.001684486749771458,77.50000281991028,0,90,3.0,1,5.8142479971494826e-08
1.31,0.004172395771277602,77.50000158191183,0,90,3.0,1,3.261673879895864e-08
1.315,0.009438687428818865,77.50000087787598,0,90,3.0,1,1.810053559499475e-08
1.32,0.019500507867137046,77.50000048193445,0,90,3.0,1,9.936792776926202e-09
1.325,0.03679496976339974,77.50000026172589,0,90,3.0,1,5.3964100450534765e-09
1.33,0.06340728953298436,77.50000014060777,0,90,3.0,1,2.899129220768185e-09
1.335,0.09979255396093453,77.5000000747267,0,90,3.0,1,1.540756690617142e-09
1.34,0.14343835518453557,77.50000003928676,0,90,3.0,1,8.100362992053372e-10
1.345,0.18829581417209276,77.50000002043245,0,90,3.0,1,4.212876737040357e-10
1.35,0.2257481735193119,77.50000001051232,0,90,3.0,1,2.1674893724059412e-10
1.355,0.24718154073554727,77.50000000535033,0,90,3.0,1,1.1031608158463286e-10
1.36,0.24718154074102772,77.50000000269381,0,90,3.0,1,5.5542466387911174e-11
1.365,0.22574817354072055,77.5000000013417,0,90,3.0,1,2.766399251713571e-11
1.37,0.18829581422840957,77.50000000066107,0,90,3.0,1,1.3630407226731589e-11
1.375,0.14343835532456656,77.50000000032222,0,90,3.0,1,6.643647831185366e-12
1.38,0.09979255431561854,77.50000000015537,0,90,3.0,1,3.2034489608516187e-12
1.385,0.06340729067170194,77.50000000007411,0,90,3.0,1,1.5280331410263597e-12
1.39,0.03679497683410042,77.50000000003497,0,90,3.0,1,7.210909990538583e-13
1.395,0.019500578284482293,77.50000000001633,0,90,3.0,1,3.3666540345911553e-13
1.4,0.009439396781978427,77.50000000000753,0,90,3.0,1,1.5529387626921778e-13
1.405,0.004178588733610924,77.50000000000344,0,90,3.0,1,7.090776991915227e-14
1.41,0.0017299316936037381,77.50000000000155,0,90,3.0,1,3.193779719499007e-14
1.415,0.0008997325756988589,77.5000000000007,0,90,3.0,1,1.4357358372059756e-14
1.42,0.001634769674224814,77.50000000000031,0,90,3.0,1,6.446160901741115e-15
1.425,0.00614904736476635,77.50000000000013,0,90,3.0,1,2.637065823439547e-15
1.43,0.02168080359963608,77.50000000000006,0,90,3.0,1,1.172029254862021e-15
1.435,0.06433400338904088,77.50000000000003,0,90,3.0,1,5.860146274310105e-16
1.44,0.1593410769217493,77.50000000000001,0,90,3.0,1,2.9300731371550523e-16
1.445,0.3291989194808569,77.5,0,90,3.0,1,0.0
1.45,0.5672906802982638,77.5,0,90,3.0,1,0.0
1.455,0.815339152120446,77.5,0,90,3.0,1,0.0
1.46,0.9768711246313155,77.50000285328441,1,90,3.0,1,5.883060647572643e-08
1.465,0.9726380909165361,77.50000562140409,0,90,3.0,1,1.1590523887282392e-07
1.47,0.7921091683291741,77.50001183073464,0,90,3.0,1,2.4393267289710397e-07
1.475,0.49139090102639077,77.50002762917026,0,90,3.0,1,5.696736136471992e-07
1.48,0.15739335672107918,77.50007245443882,0,90,3.0,1,1.4939059550923367e-06
1.485,-0.11102342218909485,77.50020725996767,0,90,3.0,1,4.273401395187075e-06
1.49,-0.2314207883647528,77.50061582704151,0,90,3.0,1,1.269746477348854e-05
1.495,-0.2029124434754801,77.50182248868452,0,90,3.0,1,3.757708627885804e-05
1.5,-0.11151350554305876,77.5052310715901,0,90,3.0,1,0.00010785714618768954
1.505,-0.039430666652076896,77.51435172175279,0,90,3.0,1,0.0002959117887172917
1.51,-0.006087703519843621,77.53735285072946,0,90,3.0,1,0.0007701618707105621
1.515,0.005350271385530551,77.5918691803079,0,90,3.0,1,0.0018942099032555814
1.52,0.010381647827441833,77.71309481986977,0,90,3.0,1,0.004393707626180756
1.525,0.015115203303506243,77.96566482587883,0,90,3.0,1,0.009601336616058397
1.53,0.021170964062928475,78.45812550344493,0,90,3.0,1,0.01975516501948315
1.535,0.029082821134029553,79.35558674678168,0,90,3.0,1,0.03825952055219964
1.54,0.03923107061708144,80.88198151748664,0,90,3.0,1,0.06973157768013682
1.545,0.051969043308817596,83.30025257051231,0,90,3.0,1,0.11959283650540853
1.55,0.06760532616283861,86.86014114836432,0,90,3.0,1,0.19299260099720247
1.555,0.08636519236693461,91.71228864363101,0,90,3.0,1,0.29303687925012395
1.56,0.10834733138818661,97.80423612993579,0,90,3.0,1,0.4186440439162018
1.565,0.1334809643017884,104.79307462662686,0,90,3.0,1,0.5627438067345745
1.57,0.16148868344343945,112.02004978372179,0,90,3.0,1,0.7117536037880781
1.575,0.191860907532018,118.58316466468419,0,90,3.0,1,0.8470755600965812
1.58,0.22384764873847726,123.51148828718976,0,90,3.0,1,0.9486904801482425
1.585,0.25647215537198226,126.0,0,90,3.0,1,1.0
1.59,0.2885689161419028,125.62830221298329,0,90,3.0,1,0.9923361281027482
1.595,0.31884566517832524,122.48203243932362,0,90,3.0,1,0.9274645863778066
1.6,0.3459657668955683,117.12925074937131,0,90,3.0,1,0.8170979535952847
1.605,0.3686441789190902,110.46116941721593,0,90,3.0,1,0.6796117405611531
1.61,0.3857476379544367,103.45897551850818,0,90,3.0,1,0.5352366086290347
1.615,0.3963882865005728,96.97065636772538,0,90,3.0,1,0.4014568323242347
1.62,0.4,91.56589466519785,0,90,3.0,1,0.29001844670511023
1.625,0.39638828650057273,87.49604796974954,0,90,3.0,1,0.206104081850506
1.63,0.38574763795443656,84.74329427423734,0,90,3.0,1,0.14934627369561532
1.635,0.36864417891908974,83.11746244254847,0,90,3.0,1,0.11582396788759737
1.64,0.345965766895568,82.3568848664176,0,90,3.0,1,0.10014195600861034
1.645,0.3188456651783249,82.20419486948393,0,90,3.0,1,0.09699370864915315
1.65,0.28856891614190205,82.4474226772088,0,90,3.0,1,0.102008714993996
1.655,0.2564721553719815,82.93146838815557,0,90,3.0,1,0.11198903893104258
1.66,0.22384764873847685,83.55144100802794,0,90,3.0,1,0.12477197954696775
1.665,0.19186090753201765,84.23890517799641,0,90,3.0,1,0.13894649851539
1.67,0.16148868344343878,84.94831218827366,0,90,3.0,1,0.15357344718090024
1.675,0.1334809643017881,85.64686744660881,0,90,3.0,1,0.16797664838368678
1.68,0.10834733138818531,86.30832747591782,0,90,3.0,1,0.18161499950346022
1.685,0.08636519236690572,86.90992131114385,0,90,3.0,1,0.19401899610605872
1.69,0.06760532616242629,87.43130093518502,0,90,3.0,1,0.20476909144711383
1.695,0.05196904332202373,87.85460739278714,0,90,3.0,1,0.21349705964509577
1.7,0.03923107185803287,88.16503318602679,0,90,3.0,1,0.21989759146446988
1.705,0.02908287038705761,88.35150634707973,0,90,3.0,1,0.2237423989088605
1.71,0.02117220077308346,88.40728293523891,0,90,3.0,1,0.22489243165441053
1.715,0.0151361834125735,88.33033092317498,0,90,3.0,1,0.22330579223041203
1.72,0.010626454858290009,88.12344658788109,0,90,3.0,1,0.21904013583259982
1.725,0.007326255555493652,87.79408397232552,0,90,3.0,1,0.2122491540685675
1.73,0.004960179211183015,87.35390857822988,0,90,3.0,1,0.20317337274700778
1.735,0.0032978759379303545,86.81811153597118,0,90,3.0,1,0.19212601105095226
1.74,0.002153242296767213,86.20454017631614,0,90,3.0,1,0.17947505518177614
1.745,0.001380616732225004,85.5327142396845,0,90,3.0,1,0.1656229740141133
1.75,0.0008693106590991584,84.82280306012088,0,90,3.0,1,0.15098563010558508
1.755,0.000537524815942247,84.09463776038064,0,90,3.0,1,0.13597191258516775
1.76,0.0003263951340288585,83.36682439710084,0,90,3.0,1,0.1209654514866153
1.765,0.00019463030985187395,82.65601043153745,0,90,3.0,1,0.10630949343376192
1.77,0.00011397219555062695,81.97633972309383,0,90,3.0,1,0.09229566439368721
1.775,6.55403863487943e-05,81.33911255053565,0,90,3.0,1,0.07915695980485868
1.78,3.701184389455385e-05,80.75264902476607,0,90,3.0,1,0.0670649283456922
1.785,2.0525516217290957e-05,80.22233844465784,0,90,3.0,1,0.05613068958057395
1.79,1.1178128483661116e-05,79.75084496649728,0,90,3.0,1,0.04640917456695429
1.795,5.978135409912517e-06,79.33843213578254,0,90,3.0,1,0.03790581723262969
1.8,3.1396702713238487e-06,78.9833655092204,0,90,3.0,1,0.030584855860214546
1.805,1.6192875458531019e-06,78.682353399043,0,90,3.0,1,0.02437842059882464
1.81,8.201353897972012e-07,78.43098993416538,0,90,3.0,1,0.019195668745677973
1.815,4.0791415086824765e-07,78.22417115200214,0,90,3.0,1,0.014931363958807063
1.82,1.9923866938774793e-07,78.05646263625866,0,90,3.0,1,0.011473456417704288
1.825,9.556527981051257e-08,77.92240529264143,0,90,3.0,1,0.008709387477142862
1.83,4.501406988770349e-08,77.81675337219069,0,90,3.0,1,0.006530997364756479
1.835,0.0,77.73464521201578,0,90,3.0,1,0.004838045608572738
1.84,0.0,77.6717120211314,0,90,3.0,1,0.0035404540439463563
1.845,0.0,77.62413328746686,0,90,3.0,1,0.002559449226120855
1.85,0.0,77.58864910755129,0,90,3.0,1,0.0018278166505420771
1.855,0.0,77.56254016636984,0,90,3.0,1,0.0012894879663885074
1.86,0.0,77.54358552186387,0,90,3.0,1,0.0008986705538943297
1.865,0.0,77.53000709975734,0,90,3.0,1,0.0006187030877802349
1.87,0.0,77.52040818335705,0,90,3.0,1,0.00042078728571233844
1.875,0.0,77.51371144502332,0,90,3.0,1,0.00028271020666635973
1.88,0.0,77.50910040372447,0,90,3.0,1,0.00018763719019534853
1.885,0.0,77.50596673357165,0,90,3.0,1,0.00012302543446709286
1.89,0.0,77.5038646590576,0,90,3.0,1,7.968369190923545e-05
1.895,0.0,77.50247277317126,0,90,3.0,1,5.098501384047511e-05
1.9,0.0,77.50156298902219,0,90,3.0,1,3.222657777711771e-05
1.905,0.0,77.50097594676535,0,90,3.0,1,2.0122613718576384e-05
1.91,0.0,77.50060199777202,0,90,3.0,1,1.2412325196347533e-05
1.915,0.0,77.50036682775895,0,90,3.0,1,7.563458947475906e-06
1.92,0.0,77.50022081473722,0,90,3.0,1,4.552881179766775e-06
1.925,0.0,77.50013130838836,0,90,3.0,1,2.707389450754996e-06
1.93,0.0,77.50007713570277,0,90,3.0,1,1.5904268611824797e-06
1.935,0.0,77.50004476277108,0,90,3.0,1,9.229437336633748e-07
1.94,0.0,77.5000256612047,0,90,3.0,1,5.290970041749967e-07
1.945,0.0,77.50001453234408,0,90,3.0,1,2.996359604512503e-07
1.95,0.001684486749771458,77.50000813004326,0,90,3.0,1,1.6762975784547157e-07
1.955,0.004172395771277602,77.50000449312597,0,90,3.0,1,9.264177259462213e-08
1.96,0.009438687428818865,77.50000245303015,0,90,3.0,1,5.057794121207688e-08
1.965,0.019500507867137046,77.50000132298747,0,90,3.0,1,2.7278092215731037e-08
1.97,0.03679496976339974,77.50000070486692,0,90,3.0,1,1.4533338564677289e-08
1.975,0.06340728953298436,77.50000037098563,0,90,3.0,1,7.64918827934304e-09
1.98,0.09979255396093453,77.50000019288817,0,90,3.0,1,3.97707558524004e-09
1.985,0.14343835518453557,77.5000000990724,0,90,3.0,1,2.042729788299016e-09
1.99,0.18829581417209276,77.50000005026877,0,90,3.0,1,1.0364694211715425e-09
1.995,0.2257481735193119,77.50000002519663,0,90,3.0,1,5.195180826198451e-10
2.0,0.24718154073554727,77.50000001247628,0,90,3.0,1,2.572428410033907e-10
2.005,0.24718154074102772,77.50000000610277,0,90,3.0,1,1.2583023283124142e-10
2.01,0.22574817354072055,77.50000000294894,0,90,3.0,1,6.080282669104563e-11
2.015,0.18829581422840957,77.50000000140768,0,90,3.0,1,2.90244254747168e-11
2.02,0.14343835532456656,77.5000000006638,0,90,3.0,1,1.3686664630964965e-11
2.025,0.09979255431561854,77.50000000030923,0,90,3.0,1,6.375839146449394e-12
2.03,0.06340729067170194,77.50000000014231,0,90,3.0,1,2.9341752395470693e-12
2.035,0.03679497683410042,77.50000000006469,0,90,3.0,1,1.3337692920329797e-12
2.04,0.019500578284482293,77.50000000002905,0,90,3.0,1,5.989069492344927e-13
2.045,0.009439396781978427,77.50000000001289,0,90,3.0,1,2.6575763353996326e-13
2.05,0.004178588733610924,77.50000000000564,0,90,3.0,1,1.1632390354505557e-13
2.055,0.0017299316936037381,77.50000000000244,0,90,3.0,1,5.03972579590669e-14
2.06,0.0008997325756988589,77.50000000000105,0,90,3.0,1,2.1682541214947386e-14
2.065,0.001634769674224814,77.50000000000044,0,90,3.0,1,9.083226725180661e-15
2.07,0.00614904736476635,77.50000000000018,0,90,3.0,1,3.809095078301568e-15
2.075,0.02168080359963608,77.50000000000007,0,90,3.0,1,1.465036568577526e-15
2.08,0.06433400338904088,77.50000000000003,0,90,3.0,1,5.860146274310105e-16
2.085,0.1593410769217493,77.50000000000001,0,90,3.0,1,2.9300731371550523e-16
2.09,0.3291989194808569,77.5,0,90,3.0,1,0.0
2.095,0.5672906802982638,77.5,0,90,3.0,1,0.0
2.1,0.815339152120446,77.5,0,90,3.0,1,0.0
2.105,0.9768711246313155,77.50000284586159,1,90,3.0,1,5.8677558500516847e-08
2.11,0.9726380909165361,77.50000570245213,0,90,3.0,1,1.1757633254176457e-07
2.115,0.7921091683291741,77.50001225806744,0,90,3.0,1,2.527436586159141e-07
2.12,0.49139090102639077,77.50002942758579,0,90,3.0,1,6.067543461202937e-07
2.125,0.15739335672107918,77.50007969525397,0,90,3.0,1,1.6432011128453615e-06
2.13,-0.11102342218909485,77.50023533387187,0,90,3.0,1,4.8522447808367e-06
2.135,-0.2314207883647528,77.50071883774795,0,90,3.0,1,1.4821396865024148e-05
2.14,-0.2029124434754801,77.50217579271153,0,90,3.0,1,4.4861705392288955e-05
2.145,-0.11151350554305876,77.50635725002037,0,90,3.0,1,0.00013107732000766818
2.15,-0.039430666652076896,77.51768141331813,0,90,3.0,1,0.0003645652230542177
2.155,-0.006087703519843621,77.54648137072928,0,90,3.0,1,0.0009583787779233389
2.16,0.005350271385530551,77.61508024410816,0,90,3.0,1,0.002372788538312508
2.165,0.010381647827441833,77.76784731218491,0,90,3.0,1,0.005522624993503347
2.17,0.015115203303506243,78.08549326951349,0,90,3.0,1,0.012072026175535917
2.175,0.021170964062928475,78.70138007120593,0,90,3.0,1,0.024770723117648087
2.18,0.029082821134029553,79.81333731768606,0,90,3.0,1,0.047697676653320885
2.185,0.03923107061708144,81.67953161509834,0,90,3.0,1,0.08617590958965651
2.19,0.051969043308817596,84.58445788628454,0,90,3.0,1,0.1460712966244235
2.195,0.06760532616283861,88.76559186610127,0,90,3.0,1,0.23228024466188196
2.2,0.08636519236693461,94.30580224572596,0,90,3.0,1,0.34651138650981356
2.205,0.10834733138818661,101.01908127568012,0,90,3.0,1,0.4849295108387654
2.21,0.1334809643017884,108.37758909741606,0,90,3.0,1,0.6366513215962075
2.215,0.16148868344343945,115.53155299925712,0,90,3.0,1,0.7841557319434457
2.22,0.191860907532018,121.44932005335616,0,90,3.0,1,0.9061715474918796
2.225,0.22384764873847726,125.15631195469562,0,90,3.0,1,0.9826043701999098
2.23,0.25647215537198226,126.0,0,90,3.0,1,1.0
2.235,0.2885689161419028,123.8427949295679,0,90,3.0,1,0.9555215449395443
2.24,0.31884566517832524,119.10508764276156,0,90,3.0,1,0.8578368586136405
2.245,0.3459657668955683,112.64051130847515,0,90,3.0,1,0.7245466249170135
2.25,0.3686441789190902,105.4947173494078,0,90,3.0,1,0.5772106669980989
2.255,0.3857476379544367,98.64157127935391,0,90,3.0,1,0.4359086861722456
2.26,0.3963882865005728,92.7872202864701,0,90,3.0,1,0.3152004182777341
2.265,0.4,88.29055850091387,0,90,3.0,1,0.222485742286884
2.27,0.39638828650057273,85.19499150634792,0,90,3.0,1,0.15865961868758593
2.275,0.38574763795443656,83.32841126591062,0,90,3.0,1,0.1201734281631055
2.28,0.36864417891908974,82.41862451624381,0,90,3.0,1,0.10141493847925381
2.285,0.345965766895568,82.1853521137011,0,90,3.0,1,0.09660519822064124
2.29,0.3188456651783249,82.39306572658664,0,90,3.0,1,0.10088795312549777
2.295,0.28856891614190205,82.86818610804693,0,90,3.0,1,0.11068424965045211
2.3,0.2564721553719815,83.49352503596295,0,90,3.0,1,0.12357783579305044
2.305,0.22384764873847685,84.19327652565775,0,90,3.0,1,0.13800570155995362
2.31,0.19186090753201765,84.91762339581283,0,90,3.0,1,0.1529406885734603
2.315,0.16148868344343878,85.63113017574868,0,90,3.0,1,0.16765216857213774
2.32,0.1334809643017881,86.30565243766684,0,90,3.0,1,0.18155984407560488
2.325,0.10834733138818531,86.91685513029627,0,90,3.0,1,0.19416196144940762
2.33,0.08636519236690572,87.44305757969148,0,90,3.0,1,0.2050114964884842
2.335,0.06760532616242629,87.86533772288807,0,90,3.0,1,0.2137183035647025
2.34,0.05196904332202373,88.16817973634383,0,90,3.0,1,0.21996246879059445
2.345,0.03923107185803287,88.3402384667518,0,90,3.0,1,0.22351007147941854
2.35,0.02908287038705761,88.37498162664085,0,90,3.0,1,0.22422642529156384
2.355,0.02117220077308346,88.27108106749418,0,90,3.0,1,0.22208414572152949
2.36,0.0151361834125735,88.03249098378444,0,90,3.0,1,0.21716476255225653
2.365,0.010626454858290009,87.66819648788929,0,90,3.0,1,0.20965353583276886
2.37,0.007326255555493652,87.19165162443677,0,90,3.0,1,0.1998278685450881
2.375,0.004960179211183015,86.61995488836745,0,90,3.0,1,0.18804030697664836
2.38,0.0032978759379303545,85.97283240911523,0,90,3.0,1,0.1746975754456748
2.385,0.002153242296767213,85.27151291372265,0,90,3.0,1,0.16023737966438445
2.39,0.001380616732225004,84.53758349445417,0,90,3.0,1,0.14510481431864264
2.395,0.0008693106590991584,83.79191110989592,0,90,3.0,1,0.1297301259772355
2.4,0.000537524815942247,83.05370269529314,0,90,3.0,1,0.11450933392356989
2.405,0.0003263951340288585,82.33975866855332,0,90,3.0,1,0.09978883852687248
2.41,0.00019463030985187395,81.66395297564524,0,90,3.0,2,0.08585470052876794
2.415,0.00011397219555062695,81.03695029627794,0,90,3.0,2,0.07292681023253478
2.42,6.55403863487943e-05,80.46615012462807,0,90,3.0,2,0.06115773452841386
2.425,3.701184389455385e-05,79.95583016691808,0,90,3.0,2,0.05063567354470261
2.43,2.0525516217290957e-05,79.50744919237871,0,90,3.0,2,0.04139070499749928
2.435,1.1178128483661116e-05,79.12006270877623,0,90,3.0,2,0.03340335482012848
2.44,5.978135409912517e-06,78.7908034547283,0,90,3.0,2,0.02661450422120217
2.445,3.1396702713238487e-06,78.51538196065025,0,90,3.0,2,0.020935710528871037
2.45,1.6192875458531019e-06,78.28856917829346,0,90,3.0,2,0.016259158315329016
2.455,8.201353897972012e-07,78.1046320774523,0,90,3.0,2,0.012466640772212247
2.46,4.0791415086824765e-07,77.95770283268605,0,90,3.0,2,0.009437171807959853
2.465,1.9923866938774793e-07,77.8420716221398,0,90,3.0,2,0.007053023136903054
2.47,9.556527981051257e-08,77.75240126350023,0,90,3.0,2,0.005204149762891385
2.475,4.501406988770349e-08,77.68386837283725,0,90,3.0,2,0.0037911004708711957
2.48,0.0,77.63224022257143,0,90,3.0,2,0.0027266025272458896
2.485,0.0,77.593899037566,0,90,3.0,2,0.0019360626302268875
2.49,0.0,77.56582634489853,0,90,3.0,2,0.0013572442247118605
2.495,0.0,77.54555954431204,0,90,3.0,2,0.0009393720476709601
2.5,0.0,77.53113149901236,0,90,3.0,2,0.0006418865775744446
2.505,0.0,77.5210020517766,0,90,3.0,2,0.00043303199539392604
2.51,0.0,77.51398828420264,0,90,3.0,2,0.0002884182309822584
2.515,0.0,77.50919831335803,0,90,3.0,2,0.00018965594552633241
2.52,0.0,77.50597163128171,0,90,3.0,2,0.0001231264181795915
2.525,0.0,77.50382753172264,0,90,3.0,2,7.891817984814552e-05
2.53,0.0,77.50242206416318,0,90,3.0,2,4.9939467282149394e-05
2.535,0.0,77.50151319019876,0,90,3.0,2,3.119979791266787e-05
2.54,0.0,77.5009333454743,0,90,3.0,2,1.9244236583388782e-05
2.545,0.0,77.50056837159171,0,90,3.0,2,1.171900189095928e-05
2.55,0.0,77.50034171443933,0,90,3.0,2,7.045658542878787e-06
2.555,0.0,77.50020283146561,0,90,3.0,2,4.182092074523604e-06
2.56,0.0,77.50011886345717,0,90,3.0,2,2.450792931437352e-06
2.565,0.0,77.50006877053725,0,90,3.0,2,1.4179492217356982e-06
2.57,0.0,77.50003928235421,0,90,3.0,2,8.099454475996026e-07
2.575,0.0,77.50002215305511,0,90,3.0,2,4.567640229483398e-07
2.58,0.001684486749771458,77.50001233419412,0,90,3.0,2,2.5431328092204194e-07
2.585,0.004172395771277602,77.50000677998857,0,90,3.0,2,1.39793578701409e-07
2.59,0.009438687428818865,77.50000367949464,0,90,3.0,2,7.586586885858215e-08
2.595,0.019500507867137046,77.50000197146203,0,90,3.0,2,4.064870157768363e-08
2.6,0.03679496976339974,77.50000104286885,0,90,3.0,2,2.150245042272574e-08
2.605,0.06340728953298436,77.50000054464309,0,90,3.0,2,1.1229754354363397e-08
2.61,0.09979255396093453,77.50000028082472,0,90,3.0,2,5.7902004474018806e-09
2.615,0.14343835518453557,77.50000014295512,0,90,3.0,2,2.9475281688477126e-09
2.62,0.18829581417209276,77.50000007184642,0,90,3.0,2,1.481369382258656e-09
2.625,0.2257481735193119,77.50000003564934,0,90,3.0,2,7.350378541794027e-10
2.63,0.24718154073554727,77.5000000174638,0,90,3.0,2,3.6007844586886665e-10
2.635,0.24718154074102772,77.50000000844632,0,90,3.0,2,1.7415094795800654e-10
2.64,0.22574817354072055,77.50000000403308,0,90,3.0,2,8.315635465440153e-11
2.645,0.18829581422840957,77.50000000190128,0,90,3.0,2,3.920174150931116e-11
2.65,0.14343835532456656,77.50000000088491,0,90,3.0,2,1.824556542506451e-11
2.655,0.09979255431561854,77.50000000040662,0,90,3.0,2,8.383818267341751e-12
2.66,0.06340729067170194,77.50000000018447,0,90,3.0,2,3.803527939340973e-12
2.665,0.03679497683410042,77.50000000008262,0,90,3.0,2,1.7035445219419474e-12
2.67,0.019500578284482293,77.50000000003654,0,90,3.0,2,7.53321803562564e-13
2.675,0.009439396781978427,77.50000000001594,0,90,3.0,2,3.2875420598879686e-13
2.68,0.004178588733610924,77.50000000000688,0,90,3.0,2,1.4181553983830453e-13
2.685,0.0017299316936037381,77.50000000000293,0,90,3.0,2,6.035950662539408e-14
2.69,0.0008997325756988589,77.50000000000122,0,90,3.0,2,2.519862897953345e-14
2.695,0.001634769674224814,77.50000000000051,0,90,3.0,2,1.0548263293758189e-14
2.7,0.00614904736476635,77.50000000000021,0,90,3.0,2,4.395109705732579e-15
2.705,0.02168080359963608,77.50000000000009,0,90,3.0,2,1.7580438822930315e-15
2.71,0.06433400338904088,77.50000000000003,0,90,3.0,2,5.860146274310105e-16
2.715,0.1593410769217493,77.50000000000001,0,90,3.0,2,2.9300731371550523e-16
2.72,0.3291989194808569,77.5,0,90,3.0,2,0.0
2.725,0.5672906802982638,77.5,0,90,3.0,2,0.0
2.73,0.815339152120446,77.5,0,90,3.0,2,0.0
2.735,0.9768711246313155,77.50000284140944,1,90,3.0,2,5.8585761653188285e-08
2.74,0.9726380909165361,77.50000624047017,0,90,3.0,2,1.2866948805850305e-07
2.745,0.7921091683291741,77.50001508858848,0,90,3.0,2,3.1110491718631164e-07
2.75,0.49139090102639077,77.50004227361512,0,90,3.0,2,8.71620930354897e-07
2.755,0.15739335672107918,77.50013637428471,0,90,3.0,2,2.8118409218058866e-06
2.76,-0.11102342218909485,77.50047474480621,0,90,3.0,2,9.78855270540004e-06
2.765,-0.2314207883647528,77.50166351776937,0,90,3.0,2,3.429933545098767e-05
2.77,-0.2029124434754801,77.50561148440373,0,90,3.0,2,0.0001157007093552496
2.775,-0.11151350554305876,77.51781275632236,0,90,3.0,2,0.000367273326234163
2.78,-0.039430666652076896,77.55264407318468,0,90,3.0,2,0.0010854448079315557
2.785,-0.006087703519843621,77.64414026848333,0,90,3.0,2,0.0029719642986252865
2.79,0.005350271385530551,77.86477619552042,0,90,3.0,2,0.007521158670524129
2.795,0.010381647827441833,78.35227752127317,0,90,3.0,2,0.017572732397384865
2.8,0.015115203303506243,79.3373907378371,0,90,3.0,2,0.037884345110043245
2.805,0.021170964062928475,81.15392433879045,0,90,3.0,2,0.07533864616062776
2.81,0.029082821134029553,84.20173470104923,0,90,3.0,2,0.13818009692885017
2.815,0.03923107061708144,88.83572566302102,0,90,3.0,2,0.23372630233033037
2.82,0.051969043308817596,95.18194480197897,0,90,3.0,2,0.36457618148410254
2.825,0.06760532616283861,102.93474695673623,0,90,3.0,2,0.5244277723038399
2.83,0.08636519236693461,111.24060052096075,0,90,3.0,2,0.695682484968263
2.835,0.10834733138818661,118.77952087633975,0,90,3.0,2,0.8511241417802009
2.84,0.1334809643017884,124.08316297048097,0,90,3.0,2,0.9604775870202262
2.845,0.16148868344343945,126.0,0,90,3.0,2,1.0
2.85,0.191860907532018,124.10962198738031,0,90,3.0,2,0.9610231337604187
2.855,0.22384764873847726,118.88370386444795,0,90,3.0,2,0.8532722446277928
2.86,0.25647215537198226,111.51068451715449,0,90,3.0,2,0.7012512271578245
2.865,0.2885689161419028,103.47423011451701,0,90,3.0,2,0.5355511363817941
2.87,0.31884566517832524,96.0904911842452,0,90,3.0,2,0.38330909658237516
2.875,0.3459657668955683,90.19903242048868,0,90,3.0,2,0.2618357200100758
2.88,0.3686441789190902,86.09107949796025,0,90,3.0,2,0.17713565975175777
2.885,0.3857476379544367,83.63133458544986,0,90,3.0,2,0.12641926980308996
2.89,0.3963882865005728,82.46113051712301,0,90,3.0,2,0.10229135086851567
2.895,0.4,82.1790730422656,0,90,3.0,2,0.09647573283021856
2.9,0.39638828650057273,82.44789158215907,0,90,3.0,2,0.10201838313730048
2.905,0.38574763795443656,83.0283679632163,0,90,3.0,2,0.11398696831373809
2.91,0.36864417891908974,83.76795200805101,0,90,3.0,2,0.12923612387734046
2.915,0.345965766895568,84.57316822466989,0,90,3.0,2,0.14583852009628628
2.92,0.3188456651783249,85.38398243915515,0,90,3.0,2,0.16255633895165253
2.925,0.28856891614190205,86.15676076589948,0,90,3.0,2,0.1784899126989583
2.93,0.2564721553719815,86.8555311301984,0,90,3.0,2,0.19289754907625567
2.935,0.22384764873847685,87.44885559561429,0,90,3.0,2,0.20513104320854206
2.94,0.19186090753201765,87.90970826045645,0,90,3.0,2,0.21463316000941143
2.945,0.16148868344343878,88.21659402182175,0,90,3.0,2,0.2209607014808608
2.95,0.1334809643017881,88.35490121368132,0,90,3.0,2,0.22381239615837764
2.955,0.10834733138818531,88.31796122224216,0,90,3.0,2,0.22305074685035384
2.96,0.08636519236690572,88.10755576729073,0,90,3.0,2,0.21871249004723162
2.965,0.06760532616242629,87.73376801564476,0,90,3.0,2,0.21100552609576817
2.97,0.05196904332202373,87.21418007699647,0,90,3.0,2,0.2002923727215767
2.975,0.03923107185803287,86.57250192891283,0,90,3.0,2,0.18706189544150162
2.98,0.02908287038705761,85.83677970383917,0,90,3.0,2,0.17189236502761177
2.985,0.02117220077308346,85.03737146338243,0,90,3.0,2,0.15540972089448304
2.99,0.0151361834125735,84.20489297128238,0,90,3.0,2,0.13824521590272942
2.995,0.010626454858290009,83.36832445223675,0,90,3.0,2,0.12099638045848966
3.0,0.007326255555493652,82.55343544603448,0,90,3.0,2,0.10419454527906154
3.005,0.004960179211183015,81.78163522041825,0,90,3.0,2,0.08828113856532478
3.01,0.0032978759379303545,81.06929910697848,0,90,3.0,2,0.07359379602017478
3.015,0.002153242296767213,80.4275650885664,0,90,3.0,2,0.06036216677456487
3.02,0.001380616732225004,79.8625473036111,0,90,3.0,2,0.04871231553837309
3.025,0.0008693106590991584,79.37587892080018,0,90,3.0,2,0.03867791589278713
3.03,0.000537524815942247,78.96547843091247,0,90,3.0,2,0.030216050121906583
3.035,0.0003263951340288585,78.62643048516432,0,90,3.0,2,0.023225370828130316
3.04,0.00019463030985187395,78.35188250105482,0,90,3.0,2,0.017564587650614784
3.045,0.00011397219555062695,78.13387749966321,0,90,3.0,2,0.01306963916831369
3.05,6.55403863487943e-05,77.96406766842644,0,90,3.0,2,0.009568405534565727
3.055,3.701184389455385e-05,77.83427786932897,0,90,3.0,2,0.006892327202659209
3.06,2.0525516217290957e-05,77.73691048160109,0,90,3.0,2,0.004884752197960538
3.065,1.1178128483661116e-05,77.66520046406161,0,90,3.0,2,0.0034061951352909836
3.07,5.978135409912517e-06,77.61334140382878,0,90,3.0,2,0.0023369361614182242
3.075,3.1396702713238487e-06,77.57650965595369,0,90,3.0,2,0.0015775186794574382
3.08,1.6192875458531019e-06,77.55081527120305,0,90,3.0,2,0.0010477375505783383
3.085,8.201353897972012e-07,77.53320646029314,0,90,3.0,2,0.0006846692843947194
3.09,4.0791415086824765e-07,77.52135016602443,0,90,3.0,2,0.0004402096087512019
3.095,1.9923866938774793e-07,77.51350610950676,0,90,3.0,2,0.0002784764846755488
3.1,9.556527981051257e-08,77.50840639153574,0,90,3.0,2,0.0001733276605307896
3.105,4.501406988770349e-08,77.5051480090076,0,90,3.0,2,0.00010614451562058505
3.11,0.0,77.50310183948147,0,90,3.0,2,6.395545322626164e-05
3.115,0.0,77.50183886428592,0,90,3.0,2,3.791472754464052e-05
3.12,0.0,77.50107258167736,0,90,3.0,2,2.2115086131193914e-05
3.125,0.0,77.50061554726575,0,90,3.0,2,1.2691696201082992e-05
3.13,0.0,77.50034757039417,0,90,3.0,2,7.166399879770793e-06
3.135,0.0,77.50019309653621,0,90,3.0,2,3.9813718805732805e-06
3.14,0.001684486749771458,77.50010554958439,0,90,3.0,2,2.1762800905158543e-06
3.145,0.004172395771277602,77.5000567660805,0,90,3.0,2,1.1704346495802964e-06
3.15,0.009438687428818865,77.50003003804248,0,90,3.0,2,6.193410820990899e-07
3.155,0.019500507867137046,77.50001563884527,0,90,3.0,2,3.224504179268047e-07
3.16,0.03679496976339974,77.50000801102478,0,90,3.0,2,1.651757685587804e-07
3.165,0.06340728953298436,77.50000403758618,0,90,3.0,2,8.324919958889125e-08
3.17,0.09979255396093453,77.50000200219269,0,90,3.0,2,4.1282323447432514e-08
3.175,0.14343835518453557,77.50000097687789,0,90,3.0,2,2.0141812067017735e-08
3.18,0.18829581417209276,77.50000046894836,0,90,3.0,2,9.669038298543268e-09
3.185,0.2257481735193119,77.50000022149304,0,90,3.0,2,4.566866783937529e-09
3.19,0.24718154073554727,77.50000010293084,0,90,3.0,2,2.122285376075168e-09
3.195,0.24718154074102772,77.50000004706318,0,90,3.0,2,9.703748823947948e-10
3.2,0.22574817354072055,77.50000002117227,0,90,3.0,2,4.365416344560649e-10
3.205,0.18829581422840957,77.50000000937139,0,90,3.0,2,1.9322455205163106e-10
3.21,0.14343835532456656,77.50000000408123,0,90,3.0,2,8.414906343326967e-11
3.215,0.09979255431561854,77.50000000174875,0,90,3.0,2,3.605660100388893e-11
3.22,0.06340729067170194,77.50000000073724,0,90,3.0,2,1.5200926428246694e-11
3.225,0.03679497683410042,77.5000000003058,0,90,3.0,2,6.305224383843957e-12
3.23,0.019500578284482293,77.5000000001248,0,90,3.0,2,2.573190229049567e-12
3.235,0.009439396781978427,77.50000000005012,0,90,3.0,2,1.033436795474587e-12
3.24,0.004178588733610924,77.5000000000198,0,90,3.0,2,4.081591880056988e-13
3.245,0.0017299316936037381,77.5000000000077,0,90,3.0,2,1.5880996403380383e-13
3.25,0.0008997325756988589,77.50000000000294,0,90,3.0,2,6.065251393910958e-14
3.255,0.001634769674224814,77.50000000000111,0,90,3.0,2,2.285457046980941e-14
3.26,0.00614904736476635,77.50000000000041,0,90,3.0,2,8.497212097749651e-15
3.265,0.02168080359963608,77.50000000000014,0,90,3.0,2,2.930073137155052e-15
3.27,0.06433400338904088,77.50000000000006,0,90,3.0,2,1.172029254862021e-15
3.275,0.1593410769217493,77.50000000000001,0,90,3.0,2,2.9300731371550523e-16
3.28,0.3291989194808569,77.5,0,90,3.0,2,0.0
3.285,0.5672906802982638,77.5,0,90,3.0,2,0.0
3.29,0.815339152120446,77.5,0,90,3.0,2,0.0
3.295,0.9768711246313155,77.50000285897886,1,90,3.0,2,5.894801772941269e-08
3.3,0.9726380909165361,77.50000614453576,0,90,3.0,2,1.2669145897318943e-07
3.305,0.7921091683291741,77.50001444353748,0,90,3.0,2,2.9780489650931356e-07
3.31,0.49139090102639077,77.50003898990036,0,90,3.0,2,8.039154713561899e-07
3.315,0.15739335672107918,77.50012070385672,0,90,3.0,2,2.4887393138768174e-06
3.32,-0.11102342218909485,77.50040470579712,0,90,3.0,2,8.344449425226465e-06
3.325,-0.2314207883647528,77.50137548855909,0,90,3.0,2,2.8360588847243487e-05
3.33,-0.2029124434754801,77.50453174328379,0,90,3.0,2,9.343800585137961e-05
3.335,-0.11151350554305876,77.51413418674395,0,90,3.0,2,0.00029142653080299104
3.34,-0.039430666652076896,77.54125802371964,0,90,3.0,2,0.0008506809014357765
3.345,-0.006087703519843621,77.61210736873977,0,90,3.0,2,0.002311492138964353
3.35,0.005350271385530551,77.78283132630509,0,90,3.0,2,0.005831573738249194
3.355,0.010381647827441833,78.16166472477155,0,90,3.0,2,0.013642571644774325
3.36,0.015115203303506243,78.93445276874564,0,90,3.0,2,0.029576345747332856
3.365,0.021170964062928475,80.38088618620897,0,90,3.0,2,0.05939971517956636
3.37,0.029082821134029553,82.85894367064454,0,90,3.0,2,0.11049368393081517
3.375,0.03923107061708144,86.73216528683604,0,90,3.0,2,0.19035392343991828
3.38,0.051969043308817596,92.22917113772701,0,90,3.0,2,0.30369425026241254
3.385,0.06760532616283861,99.26187897741403,0,90,3.0,2,0.4486985356167841
3.39,0.08636519236693461,107.27573191072807,0,90,3.0,2,0.6139326167160427
3.395,0.10834733138818661,115.23064556690574,0,90,3.0,2,0.7779514549877471
3.4,0.1334809643017884,121.78214229497175,0,90,3.0,2,0.9130338617519949
3.405,0.16148868344343945,125.64318630496122,0,90,3.0,2,0.9926430165971385
3.41,0.191860907532018,126.0,0,90,3.0,2,1.0
3.415,0.22384764873847726,122.79958008872546,0,90,3.0,2,0.9340119605922776
3.42,0.25647215537198226,116.77096041565245,0,90,3.0,2,0.8097105240340712
3.425,0.2885689161419028,109.16966383512262,0,90,3.0,2,0.6529827594870643
3.43,0.31884566517832524,101.3687055279163,0,90,3.0,2,0.4921382583075527
3.435,0.3459657668955683,94.4785949744984,0,90,3.0,2,0.35007412318553416
3.44,0.3686441789190902,89.13586560571589,0,90,3.0,2,0.2399147547570287
3.445,0.3857476379544367,85.49546039006052,0,90,3.0,2,0.16485485340330958
3.45,0.3963882865005728,83.36711879202038,0,90,3.0,2,0.12097152148495624
3.455,0.4,82.397383350607,0,90,3.0,2,0.10097697630117528
3.46,0.39638828650057273,82.21812148520974,0,90,3.0,2,0.09728085536514919
3.465,0.38574763795443656,82.52849205346938,0,90,3.0,2,0.10368024852514182
3.47,0.36864417891908974,83.1170073238305,0,90,3.0,2,0.1158145839965053
3.475,0.345965766895568,83.84833797225733,0,90,3.0,2,0.1308935664382954
3.48,0.3188456651783249,84.63851827658883,0,90,3.0,2,0.1471859438471923
3.485,0.28856891614190205,85.43273183510229,0,90,3.0,2,0.16356148113612964
3.49,0.2564721553719815,86.19063277946553,0,90,3.0,2,0.17918830473124805
3.495,0.22384764873847685,86.87876076635808,0,90,3.0,2,0.19337651064655845
3.5,0.19186090753201765,87.46776361536577,0,90,3.0,2,0.20552089928589215
3.505,0.16148868344343878,87.9322368778187,0,90,3.0,2,0.21509766758389062
3.51,0.1334809643017881,88.25168002672568,0,90,3.0,2,0.22168412426238515
3.515,0.10834733138818531,88.41169788711872,0,90,3.0,2,0.2249834615900767
3.52,0.08636519236690572,88.40498215532484,0,90,3.0,2,0.22484499289329576
3.525,0.06760532616242629,88.2318378584108,0,90,3.0,2,0.22127500738991338
3.53,0.05196904332202373,87.90015330080516,0,90,3.0,2,0.2144361505320651
3.535,0.03923107185803287,87.42480243267377,0,90,3.0,2,0.20463510170461385
3.54,0.02908287038705761,86.82653855096866,0,90,3.0,2,0.19229976393749823
3.545,0.02117220077308346,86.13049289069025,0,90,3.0,2,0.1779483070245412
3.55,0.0151361834125735,85.36442904650744,0,90,3.0,2,0.16215317621664824
3.555,0.010626454858290009,84.55692152401166,0,90,3.0,2,0.14550353657755993
3.56,0.007326255555493652,83.73562324397813,0,90,3.0,2,0.1285695514222294
3.565,0.004960179211183015,82.92576446077157,0,90,3.0,2,0.11187143218085721
3.57,0.0032978759379303545,82.14898875641488,0,90,3.0,2,0.09585543827659547
3.575,0.002153242296767213,81.42258664230904,0,90,3.0,2,0.08087807509915551
3.58,0.001380616732225004,80.75914050898942,0,90,3.0,2,0.06719877338122511
3.585,0.0008693106590991584,80.16655234546778,0,90,3.0,2,0.054980460731294395
3.59,0.000537524815942247,79.64839252486908,0,90,3.0,2,0.04429675309008414
3.595,0.0003263951340288585,79.20448679782768,0,90,3.0,2,0.035144057687168745
3.6,0.00019463030985187395,78.83165014531542,0,90,3.0,2,0.027456704027122098
3.605,0.00011397219555062695,78.52447916347201,0,90,3.0,2,0.021123281721072345
3.61,6.55403863487943e-05,78.27612667276375,0,90,3.0,2,0.016002611809561897
3.615,3.701184389455385e-05,78.07900001884325,0,90,3.0,3,0.01193814471841744
3.62,2.0525516217290957e-05,77.92534471092672,0,90,3.0,3,0.008769994039726243
3.625,1.1178128483661116e-05,77.80769467880476,0,90,3.0,3,0.006344220181541546
3.63,5.978135409912517e-06,77.71918731901174,0,90,3.0,3,0.004519326165190469
3.635,3.1396702713238487e-06,77.65375432941046,0,90,3.0,3,0.0031701923589785744
3.64,1.6192875458531019e-06,77.60620764333622,0,90,3.0,3,0.002189848316210708
3.645,8.201353897972012e-07,77.57224381654018,0,90,3.0,3,0.0014895632276325723
3.65,4.0791415086824765e-07,77.54839071953941,0,90,3.0,3,0.0009977467946270604
3.655,1.9923866938774793e-07,77.53191831589113,0,90,3.0,3,0.0006581096060027406
3.66,9.556527981051257e-08,77.52073167286392,0,90,3.0,3,0.00042745717245189864
3.665,4.501406988770349e-08,77.51326005165612,0,90,3.0,3,0.00027340312693027464
3.67,0.0,77.50835165555509,0,90,3.0,3,0.00017219908361007537
3.675,0.0,77.50517984093156,0,90,3.0,3,0.00010680084394970876
3.68,0.0,77.50316356499717,0,90,3.0,3,6.522814427146785e-05
3.685,0.0,77.50190262671414,0,90,3.0,3,3.922941678641897e-05
3.69,0.0,77.5011268001827,0,90,3.0,3,2.3232993457801884e-05
3.695,0.0,77.5006571382051,0,90,3.0,3,1.354924134225304e-05
3.7,0.0,77.50037738359354,0,90,3.0,3,7.78110502154181e-06
3.705,0.0,77.5002134154242,0,90,3.0,3,4.400318024713717e-06
3.71,0.0,77.50011884614042,0,90,3.0,3,2.4504358850311656e-06
3.715,0.001684486749771458,77.50006517197028,0,90,3.0,3,1.3437519644811022e-06
3.72,0.004172395771277602,77.50003519274227,0,90,3.0,3,7.25623552044294e-07
3.725,0.009438687428818865,77.50001871379455,0,90,3.0,3,3.858514339378988e-07
3.73,0.019500507867137046,77.50000979912043,0,90,3.0,3,2.02043720292684e-07
3.735,0.03679496976339974,77.50000505276178,0,90,3.0,3,1.0418065523209435e-07
3.74,0.06340728953298436,77.50000256558874,0,90,3.0,3,5.289873699214311e-08
3.745,0.09979255396093453,77.50000128280827,0,90,3.0,3,2.6449655057224366e-08
3.75,0.14343835518453557,77.50000063161575,0,90,3.0,3,1.3023005116450541e-08
3.755,0.18829581417209276,77.5000003062391,0,90,3.0,3,6.314208281089788e-09
3.76,0.2257481735193119,77.5000001462126,0,90,3.0,3,3.014692770334149e-09
3.765,0.24718154073554727,77.50000006874252,0,90,3.0,3,1.4173716038188562e-09
3.77,0.24718154074102772,77.50000003182605,0,90,3.0,3,6.562071664973832e-10
3.775,0.22574817354072055,77.50000001450962,0,90,3.0,3,2.9916749947906e-10
3.78,0.18829581422840957,77.50000000651399,0,90,3.0,3,1.34308985468227e-10
3.785,0.14343835532456656,77.50000000287974,0,90,3.0,3,5.937617408056484e-11
3.79,0.09979255431561854,77.50000000125365,0,90,3.0,3,2.5848519201354442e-11
3.795,0.06340729067170194,77.50000000053743,0,90,3.0,3,1.1080950590092977e-11
3.8,0.03679497683410042,77.50000000022686,0,90,3.0,3,4.6775687561543255e-12
3.805,0.019500578284482293,77.5000000000943,0,90,3.0,3,1.9443965338160927e-12
3.81,0.009439396781978427,77.5000000000386,0,90,3.0,3,7.958078640513122e-13
3.815,0.004178588733610924,77.50000000001556,0,90,3.0,3,3.2084300851847825e-13
3.82,0.0017299316936037381,77.50000000000618,0,90,3.0,3,1.2745818146624478e-13
3.825,0.0008997325756988589,77.50000000000242,0,90,3.0,3,4.981124333163589e-14
3.83,0.001634769674224814,77.50000000000092,0,90,3.0,3,1.904547539150784e-14
3.835,0.00614904736476635,77.50000000000036,0,90,3.0,3,7.32518284288763e-15
3.84,0.02168080359963608,77.50000000000013,0,90,3.0,3,2.637065823439547e-15
3.845,0.06433400338904088,77.50000000000004,0,90,3.0,3,8.790219411465157e-16
3.85,0.1593410769217493,77.50000000000001,0,90,3.0,3,2.9300731371550523e-16
3.855,0.3291989194808569,77.5,0,90,3.0,3,0.0
3.86,0.5672906802982638,77.5,0,90,3.0,3,0.0
3.865,0.815339152120446,77.5,0,90,3.0,3,0.0
3.87,0.9768711246313155,77.50000284403532,1,90,3.0,3,5.8639903544616635e-08
3.875,0.9726380909165361,77.50000563434857,0,90,3.0,3,1.161721354257923e-07
3.88,0.7921091683291741,77.50001194034442,0,90,3.0,3,2.4619266848754496e-07
3.885,0.49139090102639077,77.50002813743002,0,90,3.0,3,5.801531963196297e-07
3.89,0.15739335672107918,77.50007456926916,0,90,3.0,3,1.5375107043195215e-06
3.895,-0.11102342218909485,77.50021555237494,0,90,3.0,3,4.444378864730322e-06
3.9,-0.2314207883647528,77.50064634651709,0,90,3.0,3,1.332673231106653e-05
3.905,-0.2029124434754801,77.50192715835341,0,90,3.0,3,3.973522378166224e-05
3.91,-0.11151350554305876,77.50556436458237,0,90,3.0,3,0.00011472916664678985
3.915,-0.039430666652076896,77.5153360380951,0,90,3.0,3,0.0003162069710329893
3.92,-0.006087703519843621,77.54004933030063,0,90,3.0,3,0.0008257593876419144
3.925,0.005350271385530551,77.59872426259801,0,90,3.0,3,0.002035551806144569
3.93,0.010381647827441833,77.72927397114614,0,90,3.0,3,0.004727298374147262
3.935,0.015115203303506243,78.0011213460085,0,90,3.0,3,0.01033239888677326
3.94,0.021170964062928475,78.53026214977955,0,90,3.0,3,0.02124251855215558
3.945,0.029082821134029553,79.49175422945842,0,90,3.0,3,0.041067097514606646
3.95,0.03923107061708144,81.12018821167895,0,90,3.0,3,0.0746430559109062
3.955,0.051969043308817596,83.68572301825407,0,90,3.0,3,0.12754068078874364
3.96,0.06760532616283861,87.43548636982642,0,90,3.0,3,0.204855389068586
3.965,0.08636519236693461,92.5008021671065,0,90,3.0,3,0.30929489004343297
3.97,0.10834733138818661,98.78935026029112,0,90,3.0,3,0.4389556754699199
3.975,0.1334809643017884,105.90117170753103,0,90,3.0,3,0.585591169227444
3.98,0.16148868344343945,113.11621193300405,0,90,3.0,3,0.7343548852165784
3.985,0.191860907532018,119.48749438013431,0,90,3.0,3,0.8657215336110167
3.99,0.22384764873847726,124.03653874510518,0,90,3.0,3,0.9595162627856737
3.995,0.25647215537198226,126.0,0,90,3.0,3,1.0
4.0,0.2885689161419028,125.04326482741723,0,90,3.0,3,0.9802735015962316
4.005,0.31884566517832524,121.35937653466117,0,90,3.0,3,0.9043170419517766
4.01,0.3459657668955683,115.61360140385835,0,90,3.0,3,0.7858474516259455
4.015,0.3686441789190902,108.75594891707162,0,90,3.0,3,0.6444525549911674
4.02,0.3857476379544367,101.77461151529064,0,90,3.0,3,0.5005074539235185
4.025,0.3963882865005728,95.47810717617381,0,90,3.0,3,0.37068262218915066
4.03,0.4,90.36949924832,0,90,3.0,3,0.26535049996536075
4.035,0.39638828650057273,86.62992216347705,0,90,3.0,3,0.18824581780365046
4.04,0.38574763795443656,84.18612234560806,0,90,3.0,3,0.1378581926929496
4.045,0.36864417891908974,82.81567309579101,0,90,3.0,3,0.1096015071297116
4.05,0.345965766895568,82.24668045311486,0,90,3.0,3,0.09786970006422396
4.055,0.3188456651783249,82.22677563441158,0,90,3.0,3,0.09745929143116662
4.06,0.28856891614190205,82.55618463062414,0,90,3.0,3,0.10425122949740505
4.065,0.2564721553719815,83.09295775268306,0,90,3.0,3,0.11531871655016625
4.07,0.22384764873847685,83.74288099322293,0,90,3.0,3,0.12871919573655516
4.075,0.19186090753201765,84.44470761789947,0,90,3.0,3,0.1431898477917416
4.08,0.16148868344343878,85.15701212826306,0,90,3.0,3,0.15787653872707344
4.085,0.1334809643017881,85.84902108131057,0,90,3.0,3,0.17214476456310449
4.09,0.10834733138818531,86.49535961413758,0,90,3.0,3,0.18547133225025947
4.095,0.08636519236690572,87.07368281210313,0,90,3.0,3,0.1973955218990336
4.1,0.06760532616242629,87.56407233300035,0,90,3.0,3,0.2075066460412444
4.105,0.05196904332202373,87.94934169797176,0,90,3.0,3,0.21545034428807755
4.11,0.03923107185803287,88.21569761819234,0,90,3.0,3,0.22094221893180077
4.115,0.02908287038705761,88.35343302302121,0,90,3.0,3,0.22378212418600435
4.12,0.02117220077308346,88.35747043745516,0,90,3.0,3,0.22386536984443636
4.125,0.0151361834125735,88.22765859398775,0,90,3.0,3,0.22118883698943825
4.13,0.010626454858290009,87.96877763919233,0,90,3.0,3,0.21585108534417166
4.135,0.007326255555493652,87.59024579975109,0,90,3.0,3,0.20804630514950698
4.14,0.004960179211183015,87.10555038207744,0,90,3.0,3,0.19805258519747296
4.145,0.0032978759379303545,86.53145038403952,0,90,3.0,3,0.18621547183586631
4.15,0.002153242296767213,85.88701624442398,0,90,3.0,3,0.17292816998812321
4.155,0.001380616732225004,85.1925832624303,0,90,3.0,3,0.1586099641738207
4.16,0.0008693106590991584,84.46869833167638,0,90,3.0,3,0.14368450168404903
4.165,0.000537524815942247,83.73513500639436,0,90,3.0,3,0.1285594846679249
4.17,0.0003263951340288585,83.0100405618299,0,90,3.0,3,0.11360908374907003
4.175,0.00019463030985187395,82.30926233944837,0,90,3.0,3,0.09916004823604879
4.18,0.00011397219555062695,81.6458814331628,0,90,3.0,3,0.08548209140541854
4.185,6.55403863487943e-05,81.02996195780577,0,90,3.0,3,0.07278272077950036
4.19,3.701184389455385e-05,80.46850585648903,0,90,3.0,3,0.06120630631936147
4.195,2.0525516217290957e-05,79.96558814237727,0,90,3.0,3,0.05083686891499528
4.2,1.1178128483661116e-05,79.52263674653703,0,90,3.0,3,0.04170385044406251
4.205,5.978135409912517e-06,79.13881522901951,0,90,3.0,3,0.03379000472205183
4.21,3.1396702713238487e-06,78.81146536827063,0,90,3.0,3,0.02704052305712643
4.215,1.6192875458531019e-06,78.53656943790337,0,90,3.0,3,0.02137256572996633
4.22,8.201353897972012e-07,78.30919783276481,0,90,3.0,3,0.016684491397212564
4.225,4.0791415086824765e-07,78.12391547782335,0,90,3.0,3,0.012864236656151455
4.23,1.9923866938774793e-07,77.97512900761184,0,90,3.0,3,0.009796474383749296
4.235,9.556527981051257e-08,77.85736504432592,0,90,3.0,3,0.007368351429400348
4.24,4.501406988770349e-08,77.76547726284619,0,90,3.0,3,0.005473757996828657
4.245,0.0,77.69478581665143,0,90,3.0,3,0.00401620240518417
4.25,0.0,77.6411568854654,0,90,3.0,3,0.00291045124670941
4.255,0.0,77.60103260291042,0,90,3.0,3,0.002083146451761279
4.26,0.0,77.57142261616407,0,90,3.0,3,0.0014726312611148655
4.265,0.0,77.54986831612662,0,90,3.0,3,0.0010282127036416499
4.27,0.0,77.53438970032784,0,90,3.0,3,0.0007090659861409428
4.275,0.0,77.52342323181401,0,90,3.0,3,0.00048295323327850095
4.28,0.0,77.5157572338132,0,90,3.0,3,0.0003248914188289516
4.285,0.0,77.5104695467323,0,90,3.0,3,0.0002158669429339278
4.29,0.0,77.50687053439142,0,90,3.0,3,0.0001416605029159711
4.295,0.0,77.50445315583923,0,90,3.0,3,9.18176461696771e-05
4.3,0.0,77.50285075573734,0,90,3.0,3,5.8778468811167315e-05
4.305,0.0,77.50180246507347,0,90,3.0,3,3.7164228318914934e-05
4.31,0.0,77.50112561130648,0,90,3.0,3,2.320848054592744e-05
4.315,0.0,77.50069426420308,0,90,3.0,3,1.4314725836628867e-05
4.32,0.0,77.50042293715272,0,90,3.0,3,8.720353664334793e-06
4.325,0.0,77.50025447295847,0,90,3.0,3,5.246865123178123e-06
4.33,0.0,77.5001512245073,0,90,3.0,3,3.1180310784715326e-06
4.335,0.0,77.50008876003304,0,90,3.0,3,1.8301037739641372e-06
4.34,0.0,77.50005145498665,0,90,3.0,3,1.0609275597237956e-06
4.345,0.0,77.50002946132142,0,90,3.0,3,6.074499261445715e-07
4.35,0.0,77.50001666064122,0,90,3.0,3,3.4351837571521924e-07
4.355,0.001684486749771458,77.50000930563341,0,90,3.0,3,1.9186873015014592e-07
4.36,0.004172395771277602,77.50000513351583,0,90,3.0,3,1.0584568716572885e-07
4.365,0.009438687428818865,77.50000279703956,0,90,3.0,3,5.767091868891811e-08
4.37,0.019500507867137046,77.50000150520984,0,90,3.0,3,3.103525438474236e-08
4.375,0.03679496976339974,77.50000080003728,0,90,3.0,3,1.649561411176899e-08
4.38,0.06340728953298436,77.50000041998922,0,90,3.0,3,8.659571552381805e-09
4.385,0.09979255396093453,77.50000021776135,0,90,3.0,3,4.48992482139972e-09
4.39,0.14343835518453557,77.50000011151626,0,90,3.0,3,2.2993042796198217e-09
4.395,0.18829581417209276,77.50000005640405,0,90,3.0,3,1.162970054736565e-09
4.4,0.2257481735193119,77.50000002817715,0,90,3.0,3,5.809722645692803e-10
4.405,0.24718154073554727,77.50000001390269,0,90,3.0,3,2.866534501175845e-10
4.41,0.24718154074102772,77.5000000067751,0,90,3.0,3,1.396927018504357e-10
4.415,0.22574817354072055,77.50000000326096,0,90,3.0,3,6.723638827829698e-11
4.42,0.18829581422840957,77.50000000155022,0,90,3.0,3,3.196328883128332e-11
4.425,0.14343835532456656,77.50000000072787,0,90,3.0,3,1.5007541601194463e-11
4.43,0.09979255431561854,77.50000000033754,0,90,3.0,3,6.9595097153706806e-12
4.435,0.06340729067170194,77.5000000001546,0,90,3.0,3,3.1876265659109813e-12
4.44,0.03679497683410042,77.50000000006995,0,90,3.0,3,1.4421819981077167e-12
4.445,0.019500578284482293,77.50000000003125,0,90,3.0,3,6.44323082860396e-13
4.45,0.009439396781978427,77.50000000001378,0,90,3.0,3,2.8421709430404007e-13
4.455,0.004178588733610924,77.50000000000601,0,90,3.0,3,1.239420937016587e-13
4.46,0.0017299316936037381,77.50000000000259,0,90,3.0,3,5.332733109622195e-14
4.465,0.0008997325756988589,77.5000000000011,0,90,3.0,3,2.25615631560939e-14
4.47,0.001634769674224814,77.50000000000045,0,90,3.0,3,9.376234038896167e-15
4.475,0.00614904736476635,77.50000000000018,0,90,3.0,3,3.809095078301568e-15
4.48,0.02168080359963608,77.50000000000007,0,90,3.0,3,1.465036568577526e-15
4.485,0.06433400338904088,77.50000000000003,0,90,3.0,3,5.860146274310105e-16
4.49,0.1593410769217493,77.50000000000001,0,90,3.0,3,2.9300731371550523e-16
4.495,0.3291989194808569,77.5,0,90,3.0,3,0.0
4.5,0.5672906802982638,77.5,0,90,3.0,3,0.0
4.505,0.815339152120446,77.5,0,90,3.0,3,0.0
4.51,0.9768711246313155,77.50000285825222,1,90,3.0,3,5.8933035386440475e-08
4.515,0.9726380909165361,77.50000594036287,0,90,3.0,3,1.224817086241864e-07
4.52,0.7921091683291741,77.50001337402189,0,90,3.0,3,2.757530286586545e-07
4.525,0.49139090102639077,77.50003411114669,0,90,3.0,3,7.033226121545818e-07
4.53,0.15739335672107918,77.50009905101307,0,90,3.0,3,2.0422889292017928e-06
4.535,-0.11102342218909485,77.50031282604864,0,90,3.0,3,6.450021621485013e-06
4.54,-0.2314207883647528,77.50101180394222,0,90,3.0,3,2.0861936952980576e-05
4.545,-0.2029124434754801,77.50320628067372,0,90,3.0,3,6.610887987057675e-05
4.55,-0.11151350554305876,77.5097083342598,0,90,3.0,3,0.0002001718404082131
4.555,-0.039430666652076896,77.52773550414375,0,90,3.0,3,0.0005718660648195631
4.56,-0.006087703519843621,77.57430149812981,0,90,3.0,3,0.0015319896521610954
4.565,0.005350271385530551,77.68608776188607,0,90,3.0,3,0.0038368610698159018
4.57,0.010381647827441833,77.93505151613147,0,90,3.0,3,0.008970134353226106
4.575,0.015115203303506243,78.44869900131016,0,90,3.0,3,0.019560804150724958
4.58,0.021170964062928475,79.42886553050614,0,90,3.0,3,0.03977042330940503
4.585,0.029082821134029553,81.15564224728983,0,90,3.0,3,0.07537406695442955
4.59,0.03923107061708144,83.95743100629066,0,90,3.0,3,0.1331429073461992
4.595,0.051969043308817596,88.13067751083202,0,90,3.0,3,0.21918922702746424
4.6,0.06760532616283861,93.80996484958598,0,90,3.0,3,0.3362879350430099
4.605,0.08636519236693461,100.82021919530587,0,90,3.0,3,0.48082926175888385
4.61,0.10834733138818661,108.5746424352862,0,90,3.0,3,0.6407142770162102
4.615,0.1334809643017884,116.09149675272828,0,90,3.0,3,0.7957009639737789
4.62,0.16148868344343945,122.1708699381281,0,90,3.0,3,0.9210488647036723
4.625,0.191860907532018,125.70242168485359,0,90,3.0,3,0.9938643646361565
4.63,0.22384764873847726,126.0,0,90,3.0,3,1.0
4.635,0.25647215537198226,123.02595539656775,0,90,3.0,3,0.9386794927127372
4.64,0.2885689161419028,117.40540703112458,0,90,3.0,3,0.8227918975489604
4.645,0.31884566517832524,110.22390458902505,0,90,3.0,3,0.6747196822479392
4.65,0.3459657668955683,102.6988702200439,0,90,3.0,3,0.5195643344338948
4.655,0.3686441789190902,95.86131478539745,0,90,3.0,3,0.3785838100081949
4.66,0.3857476379544367,90.35920588711383,0,90,3.0,3,0.2651382657136872
4.665,0.3963882865005728,86.42147190082585,0,90,3.0,3,0.18394787424383197
4.67,0.4,83.94856219402728,0,90,3.0,3,0.13296004523767577
4.675,0.39638828650057273,82.65797428518042,0,90,3.0,3,0.10634998526145187
4.68,0.38574763795443656,82.2182852697095,0,90,3.0,3,0.09728423236514427
4.685,0.36864417891908974,82.33567972165656,0,90,3.0,3,0.09970473652900126
4.69,0.345965766895568,82.78912793599538,0,90,3.0,3,0.10905418424732745
4.695,0.3188456651783249,83.42948059532878,0,90,3.0,3,0.12225733186244914
4.7,0.28856891614190205,84.16183548499009,0,90,3.0,3,0.13735743268020809
4.705,0.2564721553719815,84.9254687356599,0,90,3.0,3,0.1531024481579362
4.71,0.22384764873847685,85.67831436291021,0,90,3.0,3,0.16862503841051987
4.715,0.19186090753201765,86.38751009403914,0,90,3.0,3,0.18324763080493078
4.72,0.16148868344343878,87.02485660821559,0,90,3.0,3,0.19638879604568218
4.725,0.1334809643017881,87.56539713454409,0,90,3.0,3,0.20753396153699144
4.73,0.10834733138818531,87.98762906708204,0,90,3.0,3,0.2162397745790111
4.735,0.08636519236690572,88.2743731604016,0,90,3.0,3,0.22215202392580607
4.74,0.06760532616242629,88.41373774873865,0,90,3.0,3,0.22502552059254957
4.745,0.05196904332202373,88.39987340594568,0,90,3.0,3,0.2247396578545502
4.75,0.03923107185803287,88.23336128795665,0,90,3.0,3,0.22130641830838463
4.755,0.02908287038705761,87.9211675222714,0,90,3.0,3,0.21486943344889492
4.76,0.02117220077308346,87.4761584369445,0,90,3.0,3,0.2056939883906083
4.765,0.0151361834125735,86.91622069331245,0,90,3.0,3,0.19414888027448357
4.77,0.010626454858290009,86.26306937829109,0,90,3.0,3,0.18068184285136274
4.775,0.007326255555493652,85.54085446501574,0,90,3.0,3,0.16579081371166476
4.78,0.004960179211183015,84.77468987273289,0,90,3.0,3,0.14999360562335862
4.785,0.0032978759379303545,83.98922893361755,0,90,3.0,3,0.133798534713764
4.79,0.002153242296767213,83.20739642000936,0,90,3.0,3,0.11767827670122391
4.795,0.001380616732225004,82.44936304617364,0,90,3.0,3,0.10204872260151844
4.8,0.0008693106590991584,81.73181734819437,0,90,3.0,3,0.08725396594215193
4.805,0.000537524815942247,81.06755640391896,0,90,3.0,3,0.073557863998329
4.81,0.0003263951340288585,80.46538517467127,0,90,3.0,3,0.06114196236435606
4.815,0.00019463030985187395,79.93028779670026,0,90,3.0,3,0.05010902673608775
4.82,0.00011397219555062695,79.46381526096127,0,90,3.0,4,0.04049103630847977
4.825,6.55403863487943e-05,79.06462363170958,0,90,3.0,4,0.032260281066176906
4.83,3.701184389455385e-05,78.72909505266246,0,90,3.0,4,0.025342166034277493
4.835,2.0525516217290957e-05,78.45197903888902,0,90,3.0,4,0.019628433791526217
4.84,1.1178128483661116e-05,78.22700204374355,0,90,3.0,4,0.014989732860691822
4.845,5.978135409912517e-06,78.04740682497273,0,90,3.0,4,0.01128673865923145
4.85,3.1396702713238487e-06,77.90639758097078,0,90,3.0,4,0.008379331566407744
4.855,1.6192875458531019e-06,77.79748039597577,0,90,3.0,4,0.006133616411871504
4.86,8.201353897972012e-07,77.71469993745711,0,90,3.0,4,0.004426802834167265
4.865,4.0791415086824765e-07,77.6527818678595,0,90,3.0,4,0.003150141605350568
4.87,1.9923866938774793e-07,77.60719586742373,0,90,3.0,4,0.0022102240705923
4.875,9.556527981051257e-08,77.5741567351036,0,90,3.0,4,0.0015290048474969002
4.88,4.501406988770349e-08,77.5505812420148,0,90,3.0,4,0.0010429122064907301
4.885,0.0,77.534016898,0,90,3.0,4,0.0007013793402062764
4.89,0.0,77.5225562166196,0,90,3.0,4,0.0004650766313320744
4.895,0.0,77.5147470154736,0,90,3.0,4,0.0003040621747134575
4.9,0.0,77.50950623060861,0,90,3.0,4,0.00019600475481665525
4.905,0.0,77.50604197446326,0,90,3.0,4,0.00012457679305687155
4.91,0.0,77.50378630640013,0,90,3.0,4,7.806817319855673e-05
4.915,0.0,77.50233947794905,0,90,3.0,4,4.8236658743303216e-05
4.92,0.0,77.50142524158959,0,90,3.0,4,2.9386424527562676e-05
4.925,0.0,77.50085609970625,0,90,3.0,4,1.765154033514544e-05
4.93,0.0,77.50050702169113,0,90,3.0,4,1.045405548731801e-05
4.935,0.0,77.50029607044829,0,90,3.0,4,6.104545325483413e-06
4.94,0.0,77.500170462916,0,90,3.0,4,3.5146992990327638e-06
4.945,0.0,77.50009676785085,0,90,3.0,4,1.9952134195624316e-06
4.95,0.0,77.50005416248834,0,90,3.0,4,1.1167523369004277e-06
4.955,0.001684486749771458,77.50002989044987,0,90,3.0,4,6.162979353885208e-07
4.96,0.004172395771277602,77.50001626419696,0,90,3.0,4,3.353442671774134e-07
4.965,0.009438687428818865,77.50000872567692,0,90,3.0,4,1.7991086434149204e-07
4.97,0.019500507867137046,77.50000461564036,0,90,3.0,4,9.516784255950923e-08
4.975,0.03679496976339974,77.50000240730505,0,90,3.0,4,4.963515560533422e-08
4.98,0.06340728953298436,77.50000123793151,0,90,3.0,4,2.5524361108088584e-08
4.985,0.09979255396093453,77.50000062766577,0,90,3.0,4,1.2941562268566748e-08
4.99,0.14343835518453557,77.50000031378097,0,90,3.0,4,6.469710778566371e-09
4.995,0.18829581417209276,77.50000015466466,0,90,3.0,4,3.1889620932468966e-09
5.0,0.2257481735193119,77.50000007516608,0,90,3.0,4,1.5498161837499115e-09
5.005,0.24718154073554727,77.50000003601795,0,90,3.0,4,7.426381708898692e-10
5.01,0.24718154074102772,77.50000001701699,0,90,3.0,4,3.5086570991102377e-10
5.015,0.22574817354072055,77.50000000792706,0,90,3.0,4,1.6344446071484199e-10
5.02,0.18829581422840957,77.50000000364089,0,90,3.0,4,7.506993881048102e-11
5.025,0.14343835532456656,77.50000000164881,0,90,3.0,4,3.399617357384149e-11
5.03,0.09979255431561854,77.50000000073621,0,90,3.0,4,1.5179536894345465e-11
5.035,0.06340729067170194,77.5000000003241,0,90,3.0,4,6.682617803909528e-12
5.04,0.03679497683410042,77.50000000014069,0,90,3.0,4,2.900772405783502e-12
5.045,0.019500578284482293,77.50000000006021,0,90,3.0,4,1.2414719882125956e-12
5.05,0.009439396781978427,77.50000000002541,0,90,3.0,4,5.238970769233233e-13
5.055,0.004178588733610924,77.50000000001057,0,90,3.0,4,2.179974414043359e-13
5.06,0.0017299316936037381,77.50000000000433,0,90,3.0,4,8.936723068322909e-14
5.065,0.0008997325756988589,77.50000000000175,0,90,3.0,4,3.603989958700714e-14
5.07,0.001634769674224814,77.5000000000007,0,90,3.0,4,1.4357358372059756e-14
5.075,0.00614904736476635,77.50000000000027,0,90,3.0,4,5.567138960594599e-15
5.08,0.02168080359963608,77.5000000000001,0,90,3.0,4,2.0510511960085364e-15
5.085,0.06433400338904088,77.50000000000004,0,90,3.0,4,8.790219411465157e-16
5.09,0.1593410769217493,77.50000000000001,0,90,3.0,4,2.9300731371550523e-16
5.095,0.3291989194808569,77.5,0,90,3.0,4,0.0
5.1,0.5672906802982638,77.5,0,90,3.0,4,0.0
5.105,0.815339152120446,77.5,0,90,3.0,4,0.0
5.11,0.9768711246313155,77.5000028564677,1,90,3.0,4,5.889624128602796e-08
5.115,0.9726380909165361,77.50000545335169,0,90,3.0,4,1.1244024103548654e-07
5.12,0.7921091683291741,77.50001103870419,0,90,3.0,4,2.2760214818910904e-07
5.125,0.49139090102639077,77.50002451145392,0,90,3.0,4,5.053908023807342e-07
5.13,0.15739335672107918,77.50006056508865,0,90,3.0,4,1.2487647143423357e-06
5.135,-0.11102342218909485,77.500163159277,0,90,3.0,4,3.364108803999002e-06
5.14,-0.2314207883647528,77.50045963921588,0,90,3.0,4,9.477097234556608e-06
5.145,-0.2029124434754801,77.50130157200853,0,90,3.0,4,2.6836536258334144e-05
5.15,-0.11151350554305876,77.50360621062502,0,90,3.0,4,7.435485824789184e-05
5.155,-0.039430666652076896,77.50962435840236,0,90,3.0,4,0.0001984403794301553
5.16,-0.006087703519843621,77.5245336611205,0,90,3.0,4,0.0005058486828969172
5.165,0.005350271385530551,77.55946841825335,0,90,3.0,4,0.0012261529536772287
5.17,0.010381647827441833,77.63674715233715,0,90,3.0,4,0.002819528914168054
5.175,0.015115203303506243,77.79792448353166,0,90,3.0,4,0.006142772856322871
5.18,0.021170964062928475,78.11453494517251,0,90,3.0,4,0.012670823611804292
5.185,0.029082821134029553,78.69968859351175,0,90,3.0,4,0.0247358472889021
5.19,0.03923107061708144,79.71601941372563,0,90,3.0,4,0.04569112193248727
5.195,0.051969043308817596,81.3726112396058,0,90,3.0,4,0.07984765442486191
5.2,0.06760532616283861,83.90214348528451,0,90,3.0,4,0.13200295845947446
5.205,0.08636519236693461,87.51194056320449,0,90,3.0,4,0.2064317641897833
5.21,0.10834733138818661,92.31057839827544,0,90,3.0,4,0.305372750479906
5.215,0.1334809643017884,98.22445209684186,0,90,3.0,4,0.42730829065653314
5.22,0.16148868344343945,104.93176617201091,0,90,3.0,4,0.5656034262270291
5.225,0.191860907532018,111.84734002058431,0,90,3.0,4,0.7081925777440065
5.23,0.22384764873847726,118.18353745375319,0,90,3.0,4,0.8388358237887256
5.235,0.25647215537198226,123.08912705128517,0,90,3.0,4,0.9399820010574262
5.24,0.2885689161419028,125.83623498218132,0,90,3.0,4,0.9966234016944603
5.245,0.31884566517832524,126.0,0,90,3.0,4,1.0
5.25,0.3459657668955683,123.57027949337669,0,90,3.0,4,0.9499026699665296
5.255,0.3686441789190902,118.95531468006659,0,90,3.0,4,0.8547487562900329
5.26,0.3857476379544367,112.8759914170416,0,90,3.0,4,0.7294018848874557
5.265,0.3963882865005728,106.18868862199935,0,90,3.0,4,0.5915193530309144
5.27,0.4,99.69679952472116,0,90,3.0,4,0.45766596958187955
5.275,0.39638828650057273,94.00737257354771,0,90,3.0,4,0.3403581973927363
5.28,0.38574763795443656,89.46469600444867,0,90,3.0,4,0.24669476297832307
5.285,0.36864417891908974,86.1609302263463,0,90,3.0,4,0.1785758809555937
5.29,0.345965766895568,83.99956239812894,0,90,3.0,4,0.1340115958377102
5.295,0.3188456651783249,82.77835198542279,0,90,3.0,4,0.10883199969943892
5.3,0.28856891614190205,82.26364992927617,0,90,3.0,4,0.09821958617064268
5.305,0.2564721553719815,82.24082003149722,0,90,3.0,4,0.0977488666288087
5.31,0.22384764873847685,82.53843885242503,0,90,3.0,4,0.1038853371634027
5.315,0.19186090753201765,83.03228371198631,0,90,3.0,4,0.11406770540177957
5.32,0.16148868344343878,83.63787548612598,0,90,3.0,4,0.12655413373455623
5.325,0.1334809643017881,84.29912711951967,0,90,3.0,4,0.14018818803133334
5.33,0.10834733138818531,84.97779720332112,0,90,3.0,4,0.15418138563548694
5.335,0.08636519236690572,85.64573159835365,0,90,3.0,4,0.167953228832034
5.34,0.06760532616242629,86.28008889382897,0,90,3.0,4,0.18103276069750462
5.345,0.05196904332202373,86.86092112745918,0,90,3.0,4,0.19300868304039542
5.35,0.03923107185803287,87.37030590214425,0,90,3.0,4,0.2035114618998815
5.355,0.02908287038705761,87.79235702367464,0,90,3.0,4,0.2122135468798895
5.36,0.02117220077308346,88.11364773149214,0,90,3.0,4,0.2188380975565389
5.365,0.0151361834125735,88.32375687702194,0,90,3.0,4,0.22317024488705023
5.37,0.010626454858290009,88.41576824699521,0,90,3.0,4,0.2250673865359838
5.375,0.007326255555493652,88.38662664092895,0,90,3.0,4,0.22446652867894748
5.38,0.004960179211183015,88.2372990391203,0,90,3.0,4,0.22138760905402685
5.385,0.0032978759379303545,87.97271905935307,0,90,3.0,4,0.21593235173923853
5.39,0.002153242296767213,87.60151563015489,0,90,3.0,4,0.20827867278669882
5.395,0.001380616732225004,87.1355455413843,0,90,3.0,4,0.19867104209039801
5.4,0.0008693106590991584,86.58926483861305,0,90,3.0,4,0.18740752244562983
5.405,0.000537524815942247,85.97898542150867,0,90,3.0,4,0.17482444168059108
5.41,0.0003263951340288585,85.32207004119032,0,90,3.0,4,0.16127979466371783
5.415,0.00019463030985187395,84.63612080609002,0,90,3.0,4,0.1471365114657736
5.42,0.00011397219555062695,83.93821340240603,0,90,3.0,4,0.1327466680908461
5.425,6.55403863487943e-05,83.24422209684201,0,90,3.0,4,0.11843756900705173
5.43,3.701184389455385e-05,82.5682702000534,0,90,3.0,4,0.10450041649594649
5.435,2.0525516217290957e-05,81.92232827693294,0,90,3.0,4,0.09118202632851431
5.44,1.1178128483661116e-05,81.31596934262296,0,90,3.0,4,0.0786797802602673
5.445,5.978135409912517e-06,80.7562778662365,0,90,3.0,4,0.06713974981930931
5.45,3.1396702713238487e-06,80.24789870051464,0,90,3.0,4,0.056657705165250295
5.455,1.6192875458531019e-06,79.79320384552783,0,90,3.0,4,0.047282553516037676
5.46,8.201353897972012e-07,79.39254966509434,0,90,3.0,4,0.03902164257926466
5.465,4.0791415086824765e-07,79.04459487797472,0,90,3.0,4,0.03184731707164365
5.47,1.9923866938774793e-07,78.74665010120292,0,90,3.0,4,0.025704125797998287
5.475,9.556527981051257e-08,78.4950324497986,0,90,3.0,4,0.02051613298553815
5.48,4.501406988770349e-08,78.28540306685832,0,90,3.0,4,0.0161938776671819
5.485,0.0,78.11307078741693,0,90,3.0,4,0.012640634792101656
5.49,0.0,77.97325077488534,0,90,3.0,4,0.00975774793578028
5.495,0.0,77.86127235160261,0,90,3.0,4,0.007448914466033154
5.5,0.0,77.7727349529587,0,90,3.0,4,0.005623401091931963
5.505,0.0,77.70361489944557,0,90,3.0,4,0.004198245349393168
5.51,0.0,77.65032838439267,0,90,3.0,4,0.0030995543173745416
5.515,0.0,77.60975772765077,0,90,3.0,4,0.002263045930943784
5.52,0.0,77.57924865595666,0,90,3.0,4,0.0016339929063229112
5.525,0.0,77.55658631135569,0,90,3.0,4,0.001166728069189428
5.53,0.0,77.53995706181816,0,90,3.0,4,0.0008238569447042692
5.535,0.0,77.5279021961484,0,90,3.0,4,0.000575303013369142
5.54,0.0,77.5192684114055,0,90,3.0,4,0.00039728683310320627
5.545,0.0,77.51315879480705,0,90,3.0,4,0.000271315356846487
5.55,0.0,77.50888687354049,0,90,3.0,4,0.00018323450598948688
5.555,0.0,77.50593532585206,0,90,3.0,4,0.0001223778526198859
5.56,0.0,77.50392015117043,0,90,3.0,4,8.082785918419439e-05
5.565,0.0,77.5025604938901,0,90,3.0,4,5.279368845569395e-05
5.57,0.0,77.50165389279071,0,90,3.0,4,3.4100882282752264e-05
5.575,0.0,77.5010564614286,0,90,3.0,4,2.1782709868122447e-05
5.58,0.0,77.5006673637583,0,90,3.0,4,1.3760077490646321e-05
5.585,0.0,77.50041690228181,0,90,3.0,4,8.595923336355385e-06
5.59,0.0,77.50025755418267,0,90,3.0,4,5.310395518912647e-06
5.595,0.0,77.50015734959284,0,90,3.0,4,3.2443215018505274e-06
5.6,0.0,77.5000950660219,0,90,3.0,4,1.9601241628662914e-06
5.605,0.0,77.5000567999168,0,90,3.0,4,1.1711323052683848e-06
5.61,0.0,77.50003356083515,0,90,3.0,4,6.91975982456909e-07
5.615,0.0,77.50001961013126,0,90,3.0,4,4.0433260332084156e-07
5.62,0.0,77.50001133159184,0,90,3.0,4,2.3364106877378027e-07
5.625,0.0,77.50000647536162,0,90,3.0,4,1.3351261063502365e-07
5.63,0.001684486749771458,77.50000365931513,0,90,3.0,4,7.544979642205494e-08
5.635,0.004172395771277602,77.50000204502338,0,90,3.0,4,4.216543049654685e-08
5.64,0.009438687428818865,77.50000113021072,0,90,3.0,4,2.3303313807830526e-08
5.645,0.019500507867137046,77.50000061770804,0,90,3.0,4,1.2736248234751216e-08
5.65,0.03679496976339974,77.50000033386414,0,90,3.0,4,6.8837966255065934e-09
5.655,0.06340728953298436,77.50000017845099,0,90,3.0,4,3.6794018370463013e-09
5.66,0.09979255396093453,77.50000009432587,0,90,3.0,4,1.9448632944668417e-09
5.665,0.14343835518453557,77.50000004930664,0,90,3.0,4,1.0166316540037479e-09
5.67,0.18829581417209276,77.5000000254884,0,90,3.0,4,5.255341087850519e-10
5.675,0.2257481735193119,77.50000001302995,0,90,3.0,4,2.686586989530605e-10
5.68,0.24718154073554727,77.50000000658727,0,90,3.0,4,1.3582002418505787e-10
5.685,0.24718154074102772,77.5000000032933,0,90,3.0,4,6.790297991699976e-11
5.69,0.22574817354072055,77.50000000162824,0,90,3.0,4,3.3571898983581445e-11
5.695,0.18829581422840957,77.5000000007961,0,90,3.0,4,1.6414562721656317e-11
5.7,0.14343835532456656,77.50000000038493,0,90,3.0,4,7.936689106611891e-12
5.705,0.09979255431561854,77.50000000018406,0,90,3.0,4,3.795030727243224e-12
5.71,0.06340729067170194,77.50000000008704,0,90,3.0,4,1.7946697965074695e-12
5.715,0.03679497683410042,77.5000000000407,0,90,3.0,4,8.39172946481207e-13
5.72,0.019500578284482293,77.50000000001882,0,90,3.0,4,3.879416833593289e-13
5.725,0.009439396781978427,77.50000000000861,0,90,3.0,4,1.7756243211159617e-13
5.73,0.004178588733610924,77.5000000000039,0,90,3.0,4,8.028400395804844e-14
5.735,0.0017299316936037381,77.50000000000173,0,90,3.0,4,3.574689227329164e-14
5.74,0.0008997325756988589,77.50000000000077,0,90,3.0,4,1.5822394940637283e-14
5.745,0.001634769674224814,77.50000000000034,0,90,3.0,4,7.032175529172126e-15
5.75,0.00614904736476635,77.50000000000014,0,90,3.0,4,2.930073137155052e-15
5.755,0.02168080359963608,77.50000000000006,0,90,3.0,4,1.172029254862021e-15
5.76,0.06433400338904088,77.50000000000003,0,90,3.0,4,5.860146274310105e-16
5.765,0.1593410769217493,77.50000000000001,0,90,3.0,4,2.9300731371550523e-16
5.77,0.3291989194808569,77.5,0,90,3.0,4,0.0
5.775,0.5672906802982638,77.5,0,90,3.0,4,0.0
5.78,0.815339152120446,77.5,0,90,3.0,4,0.0
5.785,0.9768711246313155,77.50000284455477,1,90,3.0,4,5.865061384095488e-08
5.79,0.9726380909165361,77.50000580215873,0,90,3.0,4,1.1963213866046006e-07
5.795,0.7921091683291741,77.50001275539046,0,90,3.0,4,2.6299774139467264e-07
5.8,0.49139090102639077,77.50003153289097,0,90,3.0,4,6.501627004562926e-07
5.805,0.15739335672107918,77.50008834514392,0,90,3.0,4,1.8215493592205602e-06
5.81,-0.11102342218909485,77.50026962696381,0,90,3.0,4,5.559318841517676e-06
5.815,-0.2314207883647528,77.50084721852477,0,90,3.0,4,1.746842319109944e-05
5.82,-0.2029124434754801,77.50262352697138,0,90,3.0,4,5.4093339616011907e-05
5.825,-0.11151350554305876,77.5078033638614,0,90,3.0,4,0.00016089410023502665
5.83,-0.039430666652076896,77.52199868923158,0,90,3.0,4,0.00045358122126969516
5.835,-0.006087703519843621,77.55839158559259,0,90,3.0,4,0.0012039502184038775
5.84,0.005350271385530551,77.64544907945715,0,90,3.0,4,0.0029989500919000256
5.845,0.010381647827441833,77.83943363242335,0,90,3.0,4,0.006998631596357746
5.85,0.015115203303506243,78.24149114478274,0,90,3.0,4,0.015288477212015301
5.855,0.021170964062928475,79.01552596208309,0,90,3.0,4,0.03124795798109462
5.86,0.029082821134029553,80.39745622062914,0,90,3.0,4,0.059741365373796665
5.865,0.03923107061708144,82.68089569707755,0,90,3.0,4,0.10682259169232053
5.87,0.051969043308817596,86.16349000922408,0,90,3.0,4,0.1786286599840016
5.875,0.06760532616283861,91.04761566539297,0,90,3.0,4,0.27933228176067976
5.88,0.08636519236693461,97.31105705610833,0,90,3.0,4,0.40847540321872833
5.885,0.10834733138818661,104.59124514857123,0,90,3.0,4,0.558582374197345
5.89,0.1334809643017884,112.14479230420652,0,90,3.0,4,0.714325614519722
5.895,0.16148868344343945,118.93414437414808,0,90,3.0,4,0.8543122551370738
5.9,0.191860907532018,123.84829352749307,0,90,3.0,4,0.9556349180926406
5.905,0.22384764873847726,126.0,0,90,3.0,4,1.0
5.91,0.25647215537198226,124.99217715523251,0,90,3.0,4,0.9792201475305672
5.915,0.2885689161419028,121.04437142658236,0,90,3.0,4,0.8978220912697393
5.92,0.31884566517832524,114.92472257434005,0,90,3.0,4,0.7716437644193825
5.925,0.3459657668955683,107.71690768839707,0,90,3.0,4,0.6230290245030324
5.93,0.3686441789190902,100.51955294559312,0,90,3.0,4,0.4746299576410952
5.935,0.3857476379544367,94.19220054499121,0,90,3.0,4,0.3441690834018806
5.94,0.3963882865005728,89.22431615738736,0,90,3.0,4,0.2417384774719044
5.945,0.4,85.7397757016038,0,90,3.0,4,0.16989228250729493
5.95,0.39638828650057273,83.59551274299349,0,90,3.0,4,0.1256806751132679
5.955,0.38574763795443656,82.51202148824075,0,90,3.0,4,0.10334064924207728
5.96,0.36864417891908974,82.18453997599953,0,90,3.0,4,0.09658845311339231
5.965,0.345965766895568,82.35069195328542,0,90,3.0,4,0.10001426707804989
5.97,0.3188456651783249,82.81534105407329,0,90,3.0,4,0.10959466090872755
5.975,0.28856891614190205,83.44684964319964,0,90,3.0,4,0.12261545656081735
5.98,0.2564721553719815,84.16077579935893,0,90,3.0,4,0.1373355834919367
5.985,0.22384764873847685,84.90235137585982,0,90,3.0,4,0.15262580156412006
5.99,0.19186090753201765,85.6331163605077,0,90,3.0,4,0.1676931208352103
5.995,0.16148868344343878,86.32276772136484,0,90,3.0,4,0.1819127365229864
6.0,0.1334809643017881,86.94520055538263,0,90,3.0,4,0.1947464032037655
6.005,0.10834733138818531,87.47723188509201,0,90,3.0,4,0.2057161213421033
6.01,0.08636519236690572,87.89875236903507,0,90,3.0,4,0.2144072653409292
6.015,0.06760532616242629,88.19347427941852,0,90,3.0,4,0.2204840057612067
6.02,0.05196904332202373,88.34978775287364,0,90,3.0,4,0.22370696397677606
6.025,0.03923107185803287,88.36145639506222,0,90,3.0,5,0.22394755453736537
6.03,0.02908287038705761,88.22801050891252,0,90,3.0,5,0.22119609296726842
6.035,0.02117220077308346,87.95477284458106,0,90,3.0,5,0.21556232669239295
6.04,0.0151361834125735,87.55250483419901,0,90,3.0,5,0.20726814091131984
6.045,0.010626454858290009,87.03670299958162,0,90,3.0,5,0.1966330515377654
6.05,0.007326255555493652,86.42660878786413,0,90,3.0,5,0.18405378944049744
6.055,0.004960179211183015,85.74401975485523,0,90,3.0,5,0.16997978875990166
6.06,0.0032978759379303545,85.01200421327506,0,90,3.0,5,0.15488668480979512
6.065,0.002153242296767213,84.25362432761578,0,90,3.0,5,0.13924998613640788
6.07,0.001380616732225004,83.4907645732292,0,90,3.0,5,0.1235209190356536
6.075,0.0008693106590991584,82.74314518763843,0,90,3.0,5,0.10810608634306047
6.08,0.000537524815942247,82.02757644937837,0,90,3.0,5,0.09335209173976027
6.085,0.0003263951340288585,81.35748261877617,0,90,3.0,5,0.07953572409847783
6.09,0.00019463030985187395,80.74269753063376,0,90,3.0,5,0.0668597428996652
6.095,0.00011397219555062695,80.18951010980362,0,90,3.0,5,0.05545381669698187
6.1,6.55403863487943e-05,79.70091970511072,0,90,3.0,5,0.045379787734241665
6.105,3.701184389455385e-05,79.27704937041982,0,90,3.0,5,0.036640193204532316
6.11,2.0525516217290957e-05,78.91566034163318,0,90,3.0,5,0.029188873023364634
6.115,1.1178128483661116e-05,78.61271236828955,0,90,3.0,5,0.022942523057516498
6.12,5.978135409912517e-06,78.36292100843355,0,90,3.0,5,0.017792185740897845
6.125,3.1396702713238487e-06,78.16027286034101,0,90,3.0,5,0.013613873409092989
6.13,1.6192875458531019e-06,77.99847126514554,0,90,3.0,5,0.01027775804423793
6.135,8.201353897972012e-07,77.87129669790625,0,90,3.0,5,0.0076556020186854794
6.14,4.0791415086824765e-07,77.7728766174986,0,90,3.0,5,0.005626322010280338
6.145,1.9923866938774793e-07,77.69786812413626,0,90,3.0,5,0.004079755136830178
6.15,9.556527981051257e-08,77.64156295752402,0,90,3.0,5,0.0029188238664745575
6.155,4.501406988770349e-08,77.59992811506405,0,90,3.0,5,0.0020603735064751677
6.16,0.0,77.56959692327771,0,90,3.0,5,0.0014349881088188555
6.165,0.0,77.54782518554492,0,90,3.0,5,0.0009860862998953192
6.17,0.0,77.53242556585776,0,90,3.0,5,0.0006685683682013222
6.175,0.0,77.52169115816386,0,90,3.0,5,0.000447240374512603
6.18,0.0,77.51431667597406,0,90,3.0,5,0.0002951891953414032
6.185,0.0,77.50932321990186,0,90,3.0,5,0.00019223133818265347
6.19,0.0,77.5059903739918,0,90,3.0,5,0.000123512865810454
6.195,0.0,77.503797573812,0,90,3.0,5,7.830049096894785e-05
6.2,0.0,77.50237532362256,0,90,3.0,5,4.897574479502613e-05
6.205,0.0,77.50146589758421,0,90,3.0,5,3.02246924579589e-05
6.21,0.0,77.5008925832809,0,90,3.0,5,1.840377898765462e-05
6.215,0.0,77.50053623868786,0,90,3.0,5,1.1056467790873172e-05
6.22,0.0,77.50031785702697,0,90,3.0,5,6.553753133424103e-06
6.225,0.0,77.50018589588124,0,90,3.0,5,3.832904767934976e-06
6.23,0.0,77.50010726844758,0,90,3.0,5,2.211720568632784e-06
6.235,0.0,77.50006107148786,0,90,3.0,5,1.2592059353252255e-06
6.24,0.0,77.5000343059368,0,90,3.0,5,7.073389029596677e-07
6.245,0.001684486749771458,77.50001901359956,0,90,3.0,5,3.920329805206381e-07
6.25,0.004172395771277602,77.50001039737434,0,90,3.0,5,2.143788523562293e-07
6.255,0.009438687428818865,77.50000560979892,0,90,3.0,5,1.1566595708714398e-07
6.26,0.019500507867137046,77.50000298631205,0,90,3.0,5,6.157344442332952e-08
6.265,0.03679496976339974,77.50000156851023,0,90,3.0,5,3.2340417079729975e-08
6.27,0.06340728953298436,77.50000081283763,0,90,3.0,5,1.6759538691554346e-08
6.275,0.09979255396093453,77.5000004156086,0,90,3.0,5,8.569249410863177e-09
6.28,0.14343835518453557,77.50000020966674,0,90,3.0,5,4.323025511448859e-09
6.285,0.18829581417209276,77.50000010436113,0,90,3.0,5,2.151775976186006e-09
6.29,0.2257481735193119,77.50000005125219,0,90,3.0,5,1.0567461132952828e-09
6.295,0.24718154073554727,77.5000000248342,0,90,3.0,5,5.120452240908449e-10
6.3,0.24718154074102772,77.50000001187277,0,90,3.0,5,2.447994064045206e-10
6.305,0.22574817354072055,77.5000000056004,0,90,3.0,5,1.1547213128408461e-10
6.31,0.18829581422840957,77.50000000260646,0,90,3.0,5,5.374135043050196e-11
6.315,0.14343835532456656,77.50000000119687,0,90,3.0,5,2.467766197574728e-11
6.32,0.09979255431561854,77.50000000054226,0,90,3.0,5,1.1180573076756249e-11
6.325,0.06340729067170194,77.5000000002424,0,90,3.0,5,4.997825750045373e-12
6.33,0.03679497683410042,77.50000000010691,0,90,3.0,5,2.204294021081746e-12
6.335,0.019500578284482293,77.50000000004653,0,90,3.0,5,9.593059451045642e-13
6.34,0.009439396781978427,77.50000000001998,0,90,3.0,5,4.1196828308400036e-13
6.345,0.004178588733610924,77.50000000000846,0,90,3.0,5,1.7433935166072562e-13
6.35,0.0017299316936037381,77.50000000000354,0,90,3.0,5,7.295882111516081e-14
6.355,0.0008997325756988589,77.50000000000146,0,90,3.0,5,3.017975331269704e-14
6.36,0.001634769674224814,77.5000000000006,0,90,3.0,5,1.230630717605122e-14
6.365,0.00614904736476635,77.50000000000024,0,90,3.0,5,4.9811243331635886e-15
6.37,0.02168080359963608,77.5000000000001,0,90,3.0,5,2.0510511960085364e-15
6.375,0.06433400338904088,77.50000000000004,0,90,3.0,5,8.790219411465157e-16
6.38,0.1593410769217493,77.50000000000001,0,90,3.0,5,2.9300731371550523e-16
6.385,0.3291989194808569,77.5,0,90,3.0,5,0.0
6.39,0.5672906802982638,77.5,0,90,3.0,5,0.0
6.395,0.815339152120446,77.5,0,90,3.0,5,0.0
6.4,0.9768711246313155,77.50000284586159,1,90,3.0,5,5.8677558500516847e-08
6.405,0.9726380909165361,77.50000570245213,0,90,3.0,5,1.1757633254176457e-07
6.41,0.7921091683291741,77.50001225806744,0,90,3.0,5,2.527436586159141e-07
6.415,0.49139090102639077,77.50002942758579,0,90,3.0,5,6.067543461202937e-07
6.42,0.15739335672107918,77.50007969525397,0,90,3.0,5,1.6432011128453615e-06
6.425,-0.11102342218909485,77.50023533387187,0,90,3.0,5,4.8522447808367e-06
6.43,-0.2314207883647528,77.50071883774795,0,90,3.0,5,1.4821396865024148e-05
6.435,-0.2029124434754801,77.50217579271153,0,90,3.0,5,4.4861705392288955e-05
6.44,-0.11151350554305876,77.50635725002037,0,90,3.0,5,0.00013107732000766818
6.445,-0.039430666652076896,77.51768141331813,0,90,3.0,5,0.0003645652230542177
6.45,-0.006087703519843621,77.54648137072928,0,90,3.0,5,0.0009583787779233389
6.455,0.005350271385530551,77.61508024410816,0,90,3.0,5,0.002372788538312508
6.46,0.010381647827441833,77.76784731218491,0,90,3.0,5,0.005522624993503347
6.465,0.015115203303506243,78.08549326951349,0,90,3.0,5,0.012072026175535917
6.47,0.021170964062928475,78.70138007120593,0,90,3.0,5,0.024770723117648087
6.475,0.029082821134029553,79.81333731768606,0,90,3.0,5,0.047697676653320885
6.48,0.03923107061708144,81.67953161509834,0,90,3.0,5,0.08617590958965651
6.485,0.051969043308817596,84.58445788628454,0,90,3.0,5,0.1460712966244235
6.49,0.06760532616283861,88.76559186610127,0,90,3.0,5,0.23228024466188196
6.495,0.08636519236693461,94.30580224572596,0,90,3.0,5,0.34651138650981356
6.5,0.10834733138818661,101.01908127568012,0,90,3.0,5,0.4849295108387654
6.505,0.1334809643017884,108.37758909741606,0,90,3.0,5,0.6366513215962075
6.51,0.16148868344343945,115.53155299925712,0,90,3.0,5,0.7841557319434457
6.515,0.191860907532018,121.44932005335616,0,90,3.0,5,0.9061715474918796
6.52,0.22384764873847726,125.15631195469562,0,90,3.0,5,0.9826043701999098
6.525,0.25647215537198226,126.0,0,90,3.0,5,1.0
6.53,0.2885689161419028,123.8427949295679,0,90,3.0,5,0.9555215449395443
6.535,0.31884566517832524,119.10508764276156,0,90,3.0,5,0.8578368586136405
6.54,0.3459657668955683,112.64051130847515,0,90,3.0,5,0.7245466249170135
6.545,0.3686441789190902,105.4947173494078,0,90,3.0,5,0.5772106669980989
6.55,0.3857476379544367,98.64157127935391,0,90,3.0,5,0.4359086861722456
6.555,0.3963882865005728,92.7872202864701,0,90,3.0,5,0.3152004182777341
6.56,0.4,88.29055850091387,0,90,3.0,5,0.222485742286884
6.565,0.39638828650057273,85.19499150634792,0,90,3.0,5,0.15865961868758593
6.57,0.38574763795443656,83.32841126591062,0,90,3.0,5,0.1201734281631055
6.575,0.36864417891908974,82.41862451624381,0,90,3.0,5,0.10141493847925381
6.58,0.345965766895568,82.1853521137011,0,90,3.0,5,0.09660519822064124
6.585,0.3188456651783249,82.39306572658664,0,90,3.0,5,0.10088795312549777
6.59,0.28856891614190205,82.86818610804693,0,90,3.0,5,0.11068424965045211
6.595,0.2564721553719815,83.49352503596295,0,90,3.0,5,0.12357783579305044
6.6,0.22384764873847685,84.19327652565775,0,90,3.0,5,0.13800570155995362
6.605,0.19186090753201765,84.91762339581283,0,90,3.0,5,0.1529406885734603
6.61,0.16148868344343878,85.63113017574868,0,90,3.0,5,0.16765216857213774
6.615,0.1334809643017881,86.30565243766684,0,90,3.0,5,0.18155984407560488
6.62,0.10834733138818531,86.91685513029627,0,90,3.0,5,0.19416196144940762
6.625,0.08636519236690572,87.44305757969148,0,90,3.0,5,0.2050114964884842
6.63,0.06760532616242629,87.86533772288807,0,90,3.0,5,0.2137183035647025
6.635,0.05196904332202373,88.16817973634383,0,90,3.0,5,0.21996246879059445
6.64,0.03923107185803287,88.3402384667518,0,90,3.0,5,0.22351007147941854
6.645,0.02908287038705761,88.37498162664085,0,90,3.0,5,0.22422642529156384
6.65,0.02117220077308346,88.27108106749418,0,90,3.0,5,0.22208414572152949
6.655,0.0151361834125735,88.03249098378444,0,90,3.0,5,0.21716476255225653
6.66,0.010626454858290009,87.66819648788929,0,90,3.0,5,0.20965353583276886
6.665,0.007326255555493652,87.19165162443677,0,90,3.0,5,0.1998278685450881
6.67,0.004960179211183015,86.61995488836745,0,90,3.0,5,0.18804030697664836
6.675,0.0032978759379303545,85.97283240911523,0,90,3.0,5,0.1746975754456748
6.68,0.002153242296767213,85.27151291372265,0,90,3.0,5,0.16023737966438445
6.685,0.001380616732225004,84.53758349445417,0,90,3.0,5,0.14510481431864264
6.69,0.0008693106590991584,83.79191110989592,0,90,3.0,5,0.1297301259772355
6.695,0.000537524815942247,83.05370269529314,0,90,3.0,5,0.11450933392356989
6.7,0.0003263951340288585,82.33975866855332,0,90,3.0,5,0.09978883852687248
6.705,0.00019463030985187395,81.66395297564524,0,90,3.0,5,0.08585470052876794
6.71,0.00011397219555062695,81.03695029627794,0,90,3.0,5,0.07292681023253478
6.715,6.55403863487943e-05,80.46615012462807,0,90,3.0,5,0.06115773452841386
6.72,3.701184389455385e-05,79.95583016691808,0,90,3.0,5,0.05063567354470261
6.725,2.0525516217290957e-05,79.50744919237871,0,90,3.0,5,0.04139070499749928
6.73,1.1178128483661116e-05,79.12006270877623,0,90,3.0,5,0.03340335482012848
6.735,5.978135409912517e-06,78.7908034547283,0,90,3.0,5,0.02661450422120217
6.74,3.1396702713238487e-06,78.51538196065025,0,90,3.0,5,0.020935710528871037
6.745,1.6192875458531019e-06,78.28856917829346,0,90,3.0,5,0.016259158315329016
6.75,8.201353897972012e-07,78.1046320774523,0,90,3.0,5,0.012466640772212247
6.755,4.0791415086824765e-07,77.95770283268605,0,90,3.0,5,0.009437171807959853
6.76,1.9923866938774793e-07,77.8420716221398,0,90,3.0,5,0.007053023136903054
6.765,9.556527981051257e-08,77.75240126350023,0,90,3.0,5,0.005204149762891385
6.77,4.501406988770349e-08,77.68386837283725,0,90,3.0,5,0.0037911004708711957
6.775,0.0,77.63224022257143,0,90,3.0,5,0.0027266025272458896
6.78,0.0,77.593899037566,0,90,3.0,5,0.0019360626302268875
6.785,0.0,77.56582634489853,0,90,3.0,5,0.0013572442247118605
6.79,0.0,77.54555954431204,0,90,3.0,5,0.0009393720476709601
6.795,0.0,77.53113149901236,0,90,3.0,5,0.0006418865775744446
6.8,0.0,77.5210020517766,0,90,3.0,5,0.00043303199539392604
6.805,0.0,77.51398828420264,0,90,3.0,5,0.0002884182309822584
6.81,0.0,77.50919831335803,0,90,3.0,5,0.00018965594552633241
6.815,0.0,77.50597163128171,0,90,3.0,5,0.0001231264181795915
6.82,0.0,77.50382753172264,0,90,3.0,5,7.891817984814552e-05
6.825,0.0,77.50242206416318,0,90,3.0,5,4.9939467282149394e-05
6.83,0.0,77.50151319019876,0,90,3.0,5,3.119979791266787e-05
6.835,0.0,77.5009333454743,0,90,3.0,5,1.9244236583388782e-05
6.84,0.0,77.50056837159171,0,90,3.0,5,1.171900189095928e-05
6.845,0.0,77.50034171443933,0,90,3.0,5,7.045658542878787e-06
6.85,0.0,77.50020283146561,0,90,3.0,5,4.182092074523604e-06
6.855,0.0,77.50011886345717,0,90,3.0,5,2.450792931437352e-06
6.86,0.0,77.50006877053725,0,90,3.0,5,1.4179492217356982e-06
6.865,0.0,77.50003928235421,0,90,3.0,5,8.099454475996026e-07
6.87,0.0,77.50002215305511,0,90,3.0,5,4.567640229483398e-07
6.875,0.001684486749771458,77.50001233419412,0,90,3.0,5,2.5431328092204194e-07
6.88,0.004172395771277602,77.50000677998857,0,90,3.0,5,1.39793578701409e-07
6.885,0.009438687428818865,77.50000367949464,0,90,3.0,5,7.586586885858215e-08
6.89,0.019500507867137046,77.50000197146203,0,90,3.0,5,4.064870157768363e-08
6.895,0.03679496976339974,77.50000104286885,0,90,3.0,5,2.150245042272574e-08
6.9,0.06340728953298436,77.50000054464309,0,90,3.0,5,1.1229754354363397e-08
6.905,0.09979255396093453,77.50000028082472,0,90,3.0,5,5.7902004474018806e-09
6.91,0.14343835518453557,77.50000014295512,0,90,3.0,5,2.9475281688477126e-09
6.915,0.18829581417209276,77.50000007184642,0,90,3.0,5,1.481369382258656e-09
6.92,0.2257481735193119,77.50000003564934,0,90,3.0,5,7.350378541794027e-10
6.925,0.24718154073554727,77.5000000174638,0,90,3.0,5,3.6007844586886665e-10
6.93,0.24718154074102772,77.50000000844632,0,90,3.0,5,1.7415094795800654e-10
6.935,0.22574817354072055,77.50000000403308,0,90,3.0,5,8.315635465440153e-11
6.94,0.18829581422840957,77.50000000190128,0,90,3.0,5,3.920174150931116e-11
6.945,0.14343835532456656,77.50000000088491,0,90,3.0,5,1.824556542506451e-11
6.95,0.09979255431561854,77.50000000040662,0,90,3.0,5,8.383818267341751e-12
6.955,0.06340729067170194,77.50000000018447,0,90,3.0,5,3.803527939340973e-12
6.96,0.03679497683410042,77.50000000008262,0,90,3.0,5,1.7035445219419474e-12
6.965,0.019500578284482293,77.50000000003654,0,90,3.0,5,7.53321803562564e-13
6.97,0.009439396781978427,77.50000000001594,0,90,3.0,5,3.2875420598879686e-13
6.975,0.004178588733610924,77.50000000000688,0,90,3.0,5,1.4181553983830453e-13
6.98,0.0017299316936037381,77.50000000000293,0,90,3.0,5,6.035950662539408e-14
6.985,0.0008997325756988589,77.50000000000122,0,90,3.0,5,2.519862897953345e-14
6.99,0.001634769674224814,77.50000000000051,0,90,3.0,5,1.0548263293758189e-14
6.995,0.00614904736476635,77.50000000000021,0,90,3.0,5,4.395109705732579e-15
7.0,0.02168080359963608,77.50000000000009,0,90,3.0,5,1.7580438822930315e-15
7.005,0.06433400338904088,77.50000000000003,0,90,3.0,5,5.860146274310105e-16
7.01,0.1593410769217493,77.50000000000001,0,90,3.0,5,2.9300731371550523e-16
7.015,0.3291989194808569,77.5,0,90,3.0,5,0.0
7.02,0.5672906802982638,77.5,0,90,3.0,5,0.0
7.025,0.815339152120446,77.5,0,90,3.0,5,0.0
7.03,0.9768711246313155,77.50000285700571,1,90,3.0,5,5.890733424991792e-08
7.035,0.9726380909165361,77.5000055981037,0,90,3.0,5,1.1542481851411701e-07
7.04,0.7921091683291741,77.50001170193522,0,90,3.0,5,2.412770148805872e-07
7.045,0.49139090102639077,77.5000270882034,0,90,3.0,5,5.585196576478281e-07
7.05,0.15739335672107918,77.50007030382385,0,90,3.0,5,1.4495633782883385e-06
7.055,-0.11102342218909485,77.50019904185636,0,90,3.0,5,4.1039558012827685e-06
7.06,-0.2314207883647528,77.50058607134292,0,90,3.0,5,1.2083945214904703e-05
7.065,-0.2029124434754801,77.50172157287263,0,90,3.0,5,3.549634788918851e-05
7.07,-0.11151350554305876,77.50491227303426,0,90,3.0,5,0.00010128398008792904
7.075,-0.039430666652076896,77.51341548520728,0,90,3.0,5,0.00027660794241804996
7.08,-0.006087703519843621,77.53479767151332,0,90,3.0,5,0.0007174777631611781
7.085,0.005350271385530551,77.58538694566,0,90,3.0,5,0.001760555580618663
7.09,0.010381647827441833,77.69780421918405,0,90,3.0,5,0.004078437508949487
7.095,0.015115203303506243,77.93212374321509,0,90,3.0,5,0.008909767901341991
7.1,0.021170964062928475,78.38971621807644,0,90,3.0,5,0.018344664290235957
7.105,0.029082821134029553,79.22592550239746,0,90,3.0,5,0.035586092832937295
7.11,0.03923107061708144,80.65382694330745,0,90,3.0,5,0.06502735965582372
7.115,0.051969043308817596,82.92814688244911,0,90,3.0,5,0.1119205542773013
7.12,0.06760532616283861,86.29905479142072,0,90,3.0,5,0.1814238101323859
7.125,0.08636519236693461,90.93310591840898,0,90,3.0,5,0.27697125604966977
7.13,0.10834733138818661,96.81375736041753,0,90,3.0,5,0.3982218012457222
7.135,0.1334809643017884,103.65218979533569,0,90,3.0,5,0.5392204081512513
7.14,0.16148868344343945,110.85098906485283,0,90,3.0,5,0.6876492590691304
7.145,0.191860907532018,117.55776115670236,0,90,3.0,5,0.8259332197258218
7.15,0.22384764873847726,122.81835656489098,0,90,3.0,5,0.9343991044307418
7.155,0.25647215537198226,125.79775358536652,0,90,3.0,5,0.9958299708322994
7.16,0.2885689161419028,126.0,0,90,3.0,5,1.0
7.165,0.31884566517832524,123.40809829602208,0,90,3.0,5,0.9465587277530325
7.17,0.3459657668955683,118.49003065599916,0,90,3.0,5,0.8451552712577147
7.175,0.3686441789190902,112.06852813875727,0,90,3.0,5,0.71275315750015
7.18,0.3857476379544367,105.10477932098621,0,90,3.0,5,0.5691707076492002
7.185,0.3963882865005728,98.47443100842273,0,90,3.0,5,0.4324624950190253
7.19,0.4,92.8066072912793,0,90,3.0,5,0.3156001503356558
7.195,0.39638828650057273,88.42148372327156,0,90,3.0,5,0.2251852314076611
7.2,0.38574763795443656,85.35990241659837,0,90,3.0,5,0.16205984364120357
7.205,0.36864417891908974,83.46944358620377,0,90,3.0,5,0.12308131105574777
7.21,0.345965766895568,82.50409108932574,0,90,3.0,5,0.1031771358623864
7.215,0.3188456651783249,82.20538889595129,0,90,3.0,5,0.09701832775157294
7.22,0.28856891614190205,82.35118221387862,0,90,3.0,5,0.10002437554388899
7.225,0.2564721553719815,82.77370137387766,0,90,3.0,5,0.10873611080160117
7.23,0.22384764873847685,83.35697885227354,0,90,3.0,6,0.12076245056234107
7.235,0.19186090753201765,84.0246919330554,0,90,3.0,6,0.13452973057846174
7.24,0.16148868344343878,84.72653191551647,0,90,3.0,6,0.1490006580518861
7.245,0.1334809643017881,85.42725699479512,0,90,3.0,6,0.16344859783082713
7.25,0.10834733138818531,86.09955203844497,0,90,3.0,6,0.17731035130814368
7.255,0.08636519236690572,86.72019234262434,0,90,3.0,6,0.1901070586108112
7.26,0.06760532616242629,87.26848870696234,0,90,3.0,6,0.20141213828788337
7.265,0.05196904332202373,87.72606423286395,0,90,3.0,6,0.21084668521368966
7.27,0.03923107185803287,88.07728034294114,0,90,3.0,6,0.2180882544936317
7.275,0.02908287038705761,88.30988433026353,0,90,3.0,6,0.22288421299512431
7.28,0.02117220077308346,88.41562988670005,0,90,3.0,6,0.2250645337463927
7.285,0.0151361834125735,88.39073171494468,0,90,3.0,6,0.22455116938030265
7.29,0.010626454858290009,88.23608061227844,0,90,3.0,6,0.2213624868511019
7.295,0.007326255555493652,87.95718762032197,0,90,3.0,6,0.2156121158829273
7.3,0.004960179211183015,87.56385719193653,0,90,3.0,6,0.20750221014302134
7.305,0.0032978759379303545,87.06961485035202,0,90,3.0,6,0.19731164639901083
7.31,0.002153242296767213,86.49093547163766,0,90,3.0,6,0.18538011281727124
7.315,0.001380616732225004,85.84633343081921,0,90,3.0,6,0.17208934908905596
7.32,0.0008693106590991584,85.15538449808108,0,90,3.0,6,0.15784297934187785
7.325,0.000537524815942247,84.43775108996621,0,90,3.0,6,0.14304641422610748
7.33,0.0003263951340288585,83.71227751571944,0,90,3.0,6,0.12808819620040074
7.335,0.00019463030985187395,82.99621117057644,0,90,3.0,6,0.11332394166136998
7.34,0.00011397219555062695,82.30459074772966,0,90,3.0,6,0.09906372675731262
7.345,6.55403863487943e-05,81.64982534565863,0,90,3.0,6,0.08556340918883767
7.35,3.701184389455385e-05,81.04147079905813,0,90,3.0,6,0.0730200164754254
7.355,2.0525516217290957e-05,80.4861934573874,0,90,3.0,6,0.06157099912138971
7.36,1.1178128483661116e-05,79.98789840738041,0,90,3.0,6,0.05129687437897759
7.365,5.978135409912517e-06,79.54798972143004,0,90,3.0,6,0.04222659219443386
7.37,3.1396702713238487e-06,79.1657251050575,0,90,3.0,6,0.03434484752695885
7.375,1.6192875458531019e-06,78.83862619104653,0,90,3.0,6,0.027600540021577923
7.38,8.201353897972012e-07,78.5629081394647,0,90,3.0,6,0.021915631741540122
7.385,4.0791415086824765e-07,78.33389731528789,0,90,3.0,6,0.017193759078100723
7.39,1.9923866938774793e-07,78.14641264967727,0,90,3.0,6,0.013328095869634505
7.395,9.556527981051257e-08,77.9950938659425,0,90,3.0,6,0.010208120947267908
7.4,4.501406988770349e-08,77.87466719823882,0,90,3.0,6,0.007725096870903608
7.405,0.0,77.78014587226397,0,90,3.0,6,0.00577620355183448
7.41,0.0,77.7069680038797,0,90,3.0,6,0.004267381523292672
7.415,0.0,77.651078485453,0,90,3.0,6,0.0031150203186185305
7.42,0.0,77.6089638555516,0,90,3.0,6,0.0022466774340534693
7.425,0.0,77.57765022693218,0,90,3.0,6,0.0016010356068490341
7.43,0.0,77.55467432434818,0,90,3.0,6,0.0011273056566635917
7.435,0.0,77.53803685039938,0,90,3.0,6,0.0007842649566882334
7.44,0.0,77.52614605077103,0,90,3.0,6,0.0005390938303305668
7.445,0.0,77.5177577558228,0,90,3.0,6,0.0003661392953154532
7.45,0.0,77.51191654857978,0,90,3.0,6,0.000245702032572712
7.455,0.0,77.507901204888,0,90,3.0,6,0.0001629114409896965
7.46,0.0,77.5051762660216,0,90,3.0,6,0.00010672713446612442
7.465,0.0,77.50335058222204,0,90,3.0,6,6.908416952660915e-05
7.47,0.0,77.50214291231161,0,90,3.0,6,4.4183759002311787e-05
7.475,0.0,77.50135415677913,0,90,3.0,6,2.792075833256313e-05
7.48,0.0,77.50084550060859,0,90,3.0,6,1.7433002238989895e-05
7.485,0.0,77.50052160209725,0,90,3.0,6,1.075468241754972e-05
7.49,0.0,77.50031793999378,0,90,3.0,6,6.555463789233549e-06
7.495,0.0,77.50019148352861,0,90,3.0,6,3.948113991960669e-06
7.5,0.0,77.50011394574456,0,90,3.0,6,2.3493967950292517e-06
7.505,0.0,77.50006699543745,0,90,3.0,6,1.381349225776202e-06
7.51,0.0,77.50003891999467,0,90,3.0,6,8.024741168107361e-07
7.515,0.0,77.50002233987531,0,90,3.0,6,4.6061598587565985e-07
7.52,0.0,77.5000126697821,0,90,3.0,6,2.6123262050673147e-07
7.525,0.001684486749771458,77.50000709966693,0,90,3.0,6,1.4638488517110878e-07
7.53,0.004172395771277602,77.50000393085688,0,90,3.0,6,8.104859540891112e-08
7.535,0.009438687428818865,77.50000215038844,0,90,3.0,6,4.433790597441029e-08
7.54,0.019500507867137046,77.50000116232353,0,90,3.0,6,2.3965433568911375e-08
7.545,0.03679496976339974,77.50000062075121,0,90,3.0,6,1.2798993992939508e-08
7.55,0.06340728953298436,77.50000032755825,0,90,3.0,6,6.7537784391404165e-09
7.555,0.09979255396093453,77.50000017078115,0,90,3.0,6,3.52126080870971e-09
7.56,0.14343835518453557,77.50000008797753,0,90,3.0,6,1.8139696022472824e-09
7.565,0.18829581417209276,77.50000004478,0,90,3.0,6,9.232988623366931e-10
7.57,0.2257481735193119,77.50000002252042,0,90,3.0,6,4.6433865229362745e-10
7.575,0.24718154073554727,77.50000001119051,0,90,3.0,6,2.3073212527303918e-10
7.58,0.24718154074102772,77.50000000549419,0,90,3.0,6,1.1328219462137492e-10
7.585,0.22574817354072055,77.50000000266525,0,90,3.0,6,5.495352168734301e-11
7.59,0.18829581422840957,77.50000000127747,0,90,3.0,6,2.6339599459141628e-11
7.595,0.14343835532456656,77.50000000060498,0,90,3.0,6,1.247390735949649e-11
7.6,0.09979255431561854,77.5000000002831,0,90,3.0,6,5.83699869652658e-12
7.605,0.06340729067170194,77.50000000013088,0,90,3.0,6,2.698597359319803e-12
7.61,0.03679497683410042,77.50000000005979,0,90,3.0,6,1.2326817688011305e-12
7.615,0.019500578284482293,77.50000000002699,0,90,3.0,6,5.564208887457445e-13
7.62,0.009439396781978427,77.50000000001204,0,90,3.0,6,2.481771947170329e-13
7.625,0.004178588733610924,77.5000000000053,0,90,3.0,6,1.0929172801588345e-13
7.63,0.0017299316936037381,77.5000000000023,0,90,3.0,6,4.746718482191185e-14
7.635,0.0008997325756988589,77.500000000001,0,90,3.0,6,2.0510511960085366e-14
7.64,0.001634769674224814,77.50000000000043,0,90,3.0,6,8.790219411465157e-15
7.645,0.00614904736476635,77.50000000000017,0,90,3.0,6,3.516087764586063e-15
7.65,0.02168080359963608,77.50000000000007,0,90,3.0,6,1.465036568577526e-15
7.655,0.06433400338904088,77.50000000000003,0,90,3.0,6,5.860146274310105e-16
7.66,0.1593410769217493,77.50000000000001,0,90,3.0,6,2.9300731371550523e-16
7.665,0.3291989194808569,77.5,0,90,3.0,6,0.0
7.67,0.5672906802982638,77.5,0,90,3.0,6,0.0
7.675,0.815339152120446,77.5,0,90,3.0,6,0.0
7.68,0.9768711246313155,77.50000284586159,1,90,3.0,6,5.8677558500516847e-08
7.685,0.9726380909165361,77.50000527961552,0,90,3.0,6,1.0885805199295553e-07
7.69,0.7921091683291741,77.50001031954956,0,90,3.0,6,2.1277421772716367e-07
7.695,0.49139090102639077,77.5000219076864,0,90,3.0,6,4.517048742836215e-07
7.7,0.15739335672107918,77.5000513062313,0,90,3.0,6,1.0578604391548184e-06
7.705,-0.11102342218909485,77.50013076005604,0,90,3.0,6,2.6960836296509407e-06
7.71,-0.2314207883647528,77.50035020381222,0,90,3.0,6,7.220697159130761e-06
7.715,-0.2029124434754801,77.50095018691317,0,90,3.0,6,1.9591482745824776e-05
7.72,-0.11151350554305876,77.50254252172627,0,90,3.0,6,5.242312837668747e-05
7.725,-0.039430666652076896,77.50659976740856,0,90,3.0,6,0.00013607767852699768
7.73,-0.006087703519843621,77.51646537881305,0,90,3.0,6,0.00033949234666087036
7.735,0.005350271385530551,77.53928253215116,0,90,3.0,6,0.00080994911651881
7.74,0.010381647827441833,77.58937615985101,0,90,3.0,6,0.0018428074196085336
7.745,0.015115203303506243,77.69363594416527,0,90,3.0,6,0.003992493694129186
7.75,0.021170964062928475,77.89914273187748,0,90,3.0,6,0.008229747049020112
7.755,0.029082821134029553,78.28242166935907,0,90,3.0,6,0.016132405553795196
7.76,0.03923107061708144,78.95815265228912,0,90,3.0,6,0.03006500313998176
7.765,0.051969043308817596,80.08310908029944,0,90,3.0,6,0.05325998103710179
7.77,0.06760532616283861,81.84927459141106,0,90,3.0,6,0.08967576477136206
7.775,0.08636519236693461,84.45983730743244,0,90,3.0,6,0.14350180015324612
7.78,0.10834733138818661,88.08459313200352,0,90,3.0,6,0.2182390336495571
7.785,0.1334809643017884,92.79797719482352,0,90,3.0,6,0.31542221020254674
7.79,0.16148868344343945,98.51242125918112,0,90,3.0,6,0.4332457991583737
7.795,0.191860907532018,104.92855626497301,0,90,3.0,6,0.5655372425767631
7.8,0.22384764873847726,111.52691835651606,0,90,3.0,6,0.7015859454951766
7.805,0.25647215537198226,117.61903404505797,0,90,3.0,6,0.827196578248618
7.81,0.2885689161419028,122.45858606973496,0,90,3.0,6,0.9269811560770096
7.815,0.31884566517832524,125.39083977274626,0,90,3.0,6,0.9874399953143559
7.82,0.3459657668955683,126.0,0,90,3.0,6,1.0
7.825,0.3686441789190902,124.20909158519541,0,90,3.0,6,0.9630740533029981
7.83,0.3857476379544367,120.29953639901376,0,90,3.0,6,0.8824646680209023
7.835,0.3963882865005728,114.84382327361675,0,90,3.0,6,0.7699757376003453
7.84,0.4,108.57369951396845,0,90,3.0,6,0.6406948353395556
7.845,0.39638828650057273,102.2258821880279,0,90,3.0,6,0.5098120038768639
7.85,0.38574763795443656,96.40992335364712,0,90,3.0,6,0.389895326879322
7.855,0.36864417891908974,91.52930221937348,0,90,3.0,6,0.2892639632860511
7.86,0.345965766895568,87.76478426184879,0,90,3.0,6,0.21164503632677914
7.865,0.3188456651783249,85.10862158827653,0,90,3.0,6,0.15687879563456772
7.87,0.28856891614190205,83.42656336784474,0,90,3.0,6,0.1221971828421595
7.875,0.2564721553719815,82.52378753042284,0,90,3.0,6,0.1035832480499554
7.88,0.22384764873847685,82.19783132916163,0,90,3.0,6,0.09686250163219856
7.885,0.19186090753201765,82.27134594925722,0,90,3.0,6,0.09837826699499432
7.89,0.16148868344343878,82.60568848479885,0,90,3.0,6,0.10527192752162572
7.895,0.1334809643017881,83.10088201483204,0,90,3.0,6,0.11548210339859873
7.9,0.10834733138818531,83.68840901871987,0,90,3.0,6,0.12759606224164674
7.905,0.08636519236690572,84.32197791292448,0,90,3.0,6,0.14065933841081404
7.91,0.06760532616242629,84.96931088968523,0,90,3.0,6,0.15400641009660274
7.915,0.05196904332202373,85.60616534397113,0,90,3.0,6,0.16713742977260057
7.92,0.03923107185803287,86.21263167382902,0,90,3.0,6,0.1796418901820417
7.925,0.02908287038705761,86.77121984433278,0,90,3.0,6,0.19115917204809849
7.93,0.02117220077308346,87.26614028210291,0,90,3.0,6,0.20136371715676102
7.935,0.0151361834125735,87.68327944307798,0,90,3.0,6,0.20996452459954595
7.94,0.010626454858290009,88.01051741167255,0,90,3.0,6,0.21671169920974334
7.945,0.007326255555493652,88.23816273562356,0,90,3.0,6,0.22140541722935178
7.95,0.004960179211183015,88.35936913531009,0,90,3.0,6,0.22390451825381627
7.955,0.0032978759379303545,88.3704549759066,0,90,3.0,6,0.22413309228673395
7.96,0.002153242296767213,88.27108106749418,0,90,3.0,6,0.22208414572152949
7.965,0.001380616732225004,88.06426526041847,0,90,3.0,6,0.2178199022766694
7.97,0.0008693106590991584,87.75622938752784,0,90,3.0,6,0.21146864716552244
7.975,0.000537524815942247,87.35608811985259,0,90,3.0,6,0.20321831174953786
7.98,0.0003263951340288585,86.87540102954962,0,90,3.0,6,0.1933072377226726
7.985,0.00019463030985187395,86.32761843902698,0,90,3.0,6,0.18201275132014386
7.99,0.00011397219555062695,85.72745804544682,0,90,3.0,6,0.16963831021539844
7.995,6.55403863487943e-05,85.09025249472462,0,90,3.0,6,0.1565000514376211
8.0,3.701184389455385e-05,84.43130793834682,0,90,3.0,6,0.14291356573910968
8.005,2.0525516217290957e-05,83.7653103417945,0,90,3.0,6,0.12918165653184543
8.01,1.1178128483661116e-05,83.10581041043784,0,90,3.0,6,0.11558371980284206
8.015,5.978135409912517e-06,82.46481016288601,0,90,3.0,6,0.1023672198533198
8.02,3.1396702713238487e-06,81.85246524967621,0,90,3.0,6,0.08974155153971576
8.025,1.6192875458531019e-06,81.276907956434,0,90,3.0,6,0.07787439085430932
8.03,8.201353897972012e-07,80.74418725350604,0,90,3.0,6,0.06689045883517611
8.035,4.0791415086824765e-07,80.25831492720756,0,90,3.0,6,0.056872472725929164
8.04,1.9923866938774793e-07,79.82140122596148,0,90,3.0,6,0.04786394280332949
8.045,9.556527981051257e-08,79.43385983225944,0,90,3.0,6,0.039873398603287494
8.05,4.501406988770349e-08,79.09466036456183,0,90,3.0,6,0.03287959514560479
8.055,0.0,78.80160686539986,0,90,3.0,6,0.026837254956698177
8.06,0.0,78.55162253760456,0,90,3.0,6,0.021682938919681614
8.065,0.0,78.34102394918298,0,90,3.0,6,0.017340699983154285
8.07,0.0,78.16577159895577,0,90,3.0,6,0.0137272494630056
8.075,0.0,78.02168769123986,0,90,3.0,6,0.010756447242059007
8.08,0.0,77.90463583247852,0,90,3.0,6,0.008343006855227193
8.085,0.0,77.81066083961933,0,90,3.0,6,0.006405378136481049
8.09,0.0,77.73608973677702,0,90,3.0,6,0.004867829624268409
8.095,0.0,77.67759720552577,0,90,3.0,6,0.003661798052077754
8.1,0.0,77.63224022257143,0,90,3.0,6,0.0027266025272458896
8.105,0.0,77.59746741293033,0,90,3.0,6,0.0020096373800067655
8.11,0.0,77.57110886220912,0,90,3.0,6,0.001466162107404441
8.115,0.0,77.55135189140306,0,90,3.0,6,0.0010588018845991423
8.12,0.0,77.53670773455,0,90,3.0,6,0.0007568605061856994
8.125,0.0,77.52597330075044,0,90,3.0,6,0.0005355319742358057
8.13,0.0,77.51819135838316,0,90,3.0,6,0.00037507955429202044
8.135,0.0,77.51261163923783,0,90,3.0,6,0.00026003379871818866
8.14,0.0,77.50865458747553,0,90,3.0,6,0.00017844510258831027
8.145,0.0,77.50587881276304,0,90,3.0,6,0.00012121263428955844
8.15,0.0,77.5039527678497,0,90,3.0,6,8.150036803498289e-05
8.155,0.0,77.5026307611049,0,90,3.0,6,5.424249700817218e-05
8.16,0.0,77.50173312521085,0,90,3.0,6,3.5734540429848964e-05
8.165,0.0,77.50113017810872,0,90,3.0,6,2.3302641416991072e-05
8.17,0.0,77.50072951170684,0,90,3.0,6,1.5041478491477542e-05
8.175,0.0,77.50046610747096,0,90,3.0,6,9.610463318680203e-06
8.18,0.0,77.50029478697198,0,90,3.0,6,6.078081896445378e-06
8.185,0.0,77.50018454357595,0,90,3.0,6,3.805022184636626e-06
8.19,0.0,77.5001143557486,0,90,3.0,6,2.357850486457688e-06
8.195,0.0,77.50007014318696,0,90,3.0,6,1.446251277527444e-06
8.2,0.0,77.50004258742786,0,90,3.0,6,8.780912960048095e-07
8.205,0.0,77.50002559444704,0,90,3.0,6,5.277205574886991e-07
8.21,0.0,77.50001522574371,0,90,3.0,6,3.139328599872053e-07
8.215,0.0,77.5000089656071,0,90,3.0,6,1.8485787822822944e-07
8.22,0.0,77.50000522575824,0,90,3.0,6,1.0774759265793186e-07
8.225,0.0,77.50000301500023,0,90,3.0,6,6.21649532309e-08
8.23,0.001684486749771458,77.50000172184403,0,90,3.0,6,3.5501938745040105e-08
8.235,0.004172395771277602,77.50000097334923,0,90,3.0,6,2.0069056299970978e-08
8.24,0.009438687428818865,77.50000054464309,0,90,3.0,6,1.1229754354363397e-08
8.245,0.019500507867137046,77.50000030166417,0,90,3.0,6,6.219879850570728e-09
8.25,0.03679496976339974,77.50000016538796,0,90,3.0,6,3.410061017066911e-09
8.255,0.06340728953298436,77.50000008975371,0,90,3.0,6,1.850592000373956e-09
8.26,0.09979255396093453,77.5000000482136,0,90,3.0,6,9.940947034620061e-10
8.265,0.14343835518453557,77.50000002563627,0,90,3.0,6,5.285828498842617e-10
8.27,0.18829581417209276,77.50000001349301,0,90,3.0,6,2.782063422704802e-10
8.275,0.2257481735193119,77.50000000702961,0,90,3.0,6,1.449404628390804e-10
8.28,0.24718154073554727,77.50000000362512,0,90,3.0,6,7.474470069225681e-11
8.285,0.24718154074102772,77.50000000185047,0,90,3.0,6,3.8153947355464515e-11
8.29,0.22574817354072055,77.50000000093499,0,90,3.0,6,1.927812319859795e-11
8.295,0.18829581422840957,77.50000000046764,0,90,3.0,6,9.641991672436131e-12
8.3,0.14343835532456656,77.50000000023151,0,90,3.0,6,4.773382147739296e-12
8.305,0.09979255431561854,77.50000000011345,0,90,3.0,6,2.3390773853908783e-12
8.31,0.06340729067170194,77.50000000005502,0,90,3.0,6,1.1345243187064363e-12
8.315,0.03679497683410042,77.50000000002642,0,90,3.0,6,5.447005961971242e-13
8.32,0.019500578284482293,77.50000000001256,0,90,3.0,6,2.590184653245066e-13
8.325,0.009439396781978427,77.50000000000591,0,90,3.0,6,1.2189104250565017e-13
8.33,0.004178588733610924,77.50000000000276,0,90,3.0,6,5.684341886080802e-14
8.335,0.0017299316936037381,77.50000000000126,0,90,3.0,6,2.6077650920679964e-14
8.34,0.0008997325756988589,77.50000000000058,0,90,3.0,6,1.2013299862335714e-14
8.345,0.001634769674224814,77.50000000000026,0,90,3.0,6,5.274131646879094e-15
8.35,0.00614904736476635,77.50000000000011,0,90,3.0,6,2.344058509724042e-15
8.355,0.02168080359963608,77.50000000000006,0,90,3.0,6,1.172029254862021e-15
8.36,0.06433400338904088,77.50000000000003,0,90,3.0,6,5.860146274310105e-16
8.365,0.1593410769217493,77.50000000000001,0,90,3.0,6,2.9300731371550523e-16
8.37,0.3291989194808569,77.5,0,90,3.0,6,0.0
8.375,0.5672906802982638,77.5,0,90,3.0,6,0.0
8.38,0.815339152120446,77.5,0,90,3.0,6,0.0
8.385,0.9768711246313155,77.5000028564677,1,90,3.0,6,5.889624128602796e-08
8.39,0.9726380909165361,77.50000545335169,0,90,3.0,6,1.1244024103548654e-07
8.395,0.7921091683291741,77.50001103870419,0,90,3.0,6,2.2760214818910904e-07
8.4,0.49139090102639077,77.50002451145392,0,90,3.0,6,5.053908023807342e-07
8.405,0.15739335672107918,77.50006056508865,0,90,3.0,6,1.2487647143423357e-06
8.41,-0.11102342218909485,77.500163159277,0,90,3.0,6,3.364108803999002e-06
8.415,-0.2314207883647528,77.50045963921588,0,90,3.0,6,9.477097234556608e-06
8.42,-0.2029124434754801,77.50130157200853,0,90,3.0,6,2.6836536258334144e-05
8.425,-0.11151350554305876,77.50360621062502,0,90,3.0,6,7.435485824789184e-05
8.43,-0.039430666652076896,77.50962435840236,0,90,3.0,6,0.0001984403794301553
8.435,-0.006087703519843621,77.5245336611205,0,90,3.0,7,0.0005058486828969172
8.44,0.005350271385530551,77.55946841825335,0,90,3.0,7,0.0012261529536772287
8.445,0.010381647827441833,77.63674715233715,0,90,3.0,7,0.002819528914168054
8.45,0.015115203303506243,77.79792448353166,0,90,3.0,7,0.006142772856322871
8.455,0.021170964062928475,78.11453494517251,0,90,3.0,7,0.012670823611804292
8.46,0.029082821134029553,78.69968859351175,0,90,3.0,7,0.0247358472889021
8.465,0.03923107061708144,79.71601941372563,0,90,3.0,7,0.04569112193248727
8.47,0.051969043308817596,81.3726112396058,0,90,3.0,7,0.07984765442486191
8.475,0.06760532616283861,83.90214348528451,0,90,3.0,7,0.13200295845947446
8.48,0.08636519236693461,87.51194056320449,0,90,3.0,7,0.2064317641897833
8.485,0.10834733138818661,92.31057839827544,0,90,3.0,7,0.305372750479906
8.49,0.1334809643017884,98.22445209684186,0,90,3.0,7,0.42730829065653314
8.495,0.16148868344343945,104.93176617201091,0,90,3.0,7,0.5656034262270291
8.5,0.191860907532018,111.84734002058431,0,90,3.0,7,0.7081925777440065
8.505,0.22384764873847726,118.18353745375319,0,90,3.0,7,0.8388358237887256
8.51,0.25647215537198226,123.08912705128517,0,90,3.0,7,0.9399820010574262
8.515,0.2885689161419028,125.83623498218132,0,90,3.0,7,0.9966234016944603
8.52,0.31884566517832524,126.0,0,90,3.0,7,1.0
8.525,0.3459657668955683,123.57027949337669,0,90,3.0,7,0.9499026699665296
8.53,0.3686441789190902,118.95531468006659,0,90,3.0,7,0.8547487562900329
8.535,0.3857476379544367,112.8759914170416,0,90,3.0,7,0.7294018848874557
8.54,0.3963882865005728,106.18868862199935,0,90,3.0,7,0.5915193530309144
8.545,0.4,99.69679952472116,0,90,3.0,7,0.45766596958187955
8.55,0.39638828650057273,94.00737257354771,0,90,3.0,7,0.3403581973927363
8.555,0.38574763795443656,89.46469600444867,0,90,3.0,7,0.24669476297832307
8.56,0.36864417891908974,86.1609302263463,0,90,3.0,7,0.1785758809555937
8.565,0.345965766895568,83.99956239812894,0,90,3.0,7,0.1340115958377102
8.57,0.3188456651783249,82.77835198542279,0,90,3.0,7,0.10883199969943892
8.575,0.28856891614190205,82.26364992927617,0,90,3.0,7,0.09821958617064268
8.58,0.2564721553719815,82.24082003149722,0,90,3.0,7,0.0977488666288087
8.585,0.22384764873847685,82.53843885242503,0,90,3.0,7,0.1038853371634027
8.59,0.19186090753201765,83.03228371198631,0,90,3.0,7,0.11406770540177957
8.595,0.16148868344343878,83.63787548612598,0,90,3.0,7,0.12655413373455623
8.6,0.1334809643017881,84.29912711951967,0,90,3.0,7,0.14018818803133334
8.605,0.10834733138818531,84.97779720332112,0,90,3.0,7,0.15418138563548694
8.61,0.08636519236690572,85.64573159835365,0,90,3.0,7,0.167953228832034
8.615,0.06760532616242629,86.28008889382897,0,90,3.0,7,0.18103276069750462
8.62,0.05196904332202373,86.86092112745918,0,90,3.0,7,0.19300868304039542
8.625,0.03923107185803287,87.37030590214425,0,90,3.0,7,0.2035114618998815
8.63,0.02908287038705761,87.79235702367464,0,90,3.0,7,0.2122135468798895
8.635,0.02117220077308346,88.11364773149214,0,90,3.0,7,0.2188380975565389
8.64,0.0151361834125735,88.32375687702194,0,90,3.0,7,0.22317024488705023
8.645,0.010626454858290009,88.41576824699521,0,90,3.0,7,0.2250673865359838
8.65,0.007326255555493652,88.38662664092895,0,90,3.0,7,0.22446652867894748
8.655,0.004960179211183015,88.2372990391203,0,90,3.0,7,0.22138760905402685
8.66,0.0032978759379303545,87.97271905935307,0,90,3.0,7,0.21593235173923853
8.665,0.002153242296767213,87.60151563015489,0,90,3.0,7,0.20827867278669882
8.67,0.001380616732225004,87.1355455413843,0,90,3.0,7,0.19867104209039801
8.675,0.0008693106590991584,86.58926483861305,0,90,3.0,7,0.18740752244562983
8.68,0.000537524815942247,85.97898542150867,0,90,3.0,7,0.17482444168059108
8.685,0.0003263951340288585,85.32207004119032,0,90,3.0,7,0.16127979466371783
8.69,0.00019463030985187395,84.63612080609002,0,90,3.0,7,0.1471365114657736
8.695,0.00011397219555062695,83.93821340240603,0,90,3.0,7,0.1327466680908461
8.7,6.55403863487943e-05,83.24422209684201,0,90,3.0,7,0.11843756900705173
8.705,3.701184389455385e-05,82.5682702000534,0,90,3.0,7,0.10450041649594649
8.71,2.0525516217290957e-05,81.92232827693294,0,90,3.0,7,0.09118202632851431
8.715,1.1178128483661116e-05,81.31596934262296,0,90,3.0,7,0.0786797802602673
8.72,5.978135409912517e-06,80.7562778662365,0,90,3.0,7,0.06713974981930931
8.725,3.1396702713238487e-06,80.24789870051464,0,90,3.0,7,0.056657705165250295
8.73,1.6192875458531019e-06,79.79320384552783,0,90,3.0,7,0.047282553516037676
8.735,8.201353897972012e-07,79.39254966509434,0,90,3.0,7,0.03902164257926466
8.74,4.0791415086824765e-07,79.04459487797472,0,90,3.0,7,0.03184731707164365
8.745,1.9923866938774793e-07,78.74665010120292,0,90,3.0,7,0.025704125797998287
8.75,9.556527981051257e-08,78.4950324497986,0,90,3.0,7,0.02051613298553815
8.755,4.501406988770349e-08,78.28540306685832,0,90,3.0,7,0.0161938776671819
8.76,0.0,78.11307078741693,0,90,3.0,7,0.012640634792101656
8.765,0.0,77.97325077488534,0,90,3.0,7,0.00975774793578028
8.77,0.0,77.86127235160261,0,90,3.0,7,0.007448914466033154
8.775,0.0,77.7727349529587,0,90,3.0,7,0.005623401091931963
8.78,0.0,77.70361489944557,0,90,3.0,7,0.004198245349393168
8.785,0.0,77.65032838439267,0,90,3.0,7,0.0030995543173745416
8.79,0.0,77.60975772765077,0,90,3.0,7,0.002263045930943784
8.795,0.0,77.57924865595666,0,90,3.0,7,0.0016339929063229112
8.8,0.0,77.55658631135569,0,90,3.0,7,0.001166728069189428
8.805,0.0,77.53995706181816,0,90,3.0,7,0.0008238569447042692
8.81,0.0,77.5279021961484,0,90,3.0,7,0.000575303013369142
8.815,0.0,77.5192684114055,0,90,3.0,7,0.00039728683310320627
8.82,0.0,77.51315879480705,0,90,3.0,7,0.000271315356846487
8.825,0.0,77.50888687354049,0,90,3.0,7,0.00018323450598948688
8.83,0.0,77.50593532585206,0,90,3.0,7,0.0001223778526198859
8.835,0.0,77.50392015117043,0,90,3.0,7,8.082785918419439e-05
8.84,0.0,77.5025604938901,0,90,3.0,7,5.279368845569395e-05
8.845,0.0,77.50165389279071,0,90,3.0,7,3.4100882282752264e-05
8.85,0.0,77.5010564614286,0,90,3.0,7,2.1782709868122447e-05
8.855,0.0,77.5006673637583,0,90,3.0,7,1.3760077490646321e-05
8.86,0.0,77.50041690228181,0,90,3.0,7,8.595923336355385e-06
8.865,0.0,77.50025755418267,0,90,3.0,7,5.310395518912647e-06
8.87,0.0,77.50015734959284,0,90,3.0,7,3.2443215018505274e-06
8.875,0.0,77.5000950660219,0,90,3.0,7,1.9601241628662914e-06
8.88,0.0,77.5000567999168,0,90,3.0,7,1.1711323052683848e-06
8.885,0.0,77.50003356083515,0,90,3.0,7,6.91975982456909e-07
8.89,0.0,77.50001961013126,0,90,3.0,7,4.0433260332084156e-07
8.895,0.0,77.50001133159184,0,90,3.0,7,2.3364106877378027e-07
8.9,0.0,77.50000647536162,0,90,3.0,7,1.3351261063502365e-07
8.905,0.001684486749771458,77.50000365931513,0,90,3.0,7,7.544979642205494e-08
8.91,0.004172395771277602,77.50000204502338,0,90,3.0,7,4.216543049654685e-08
8.915,0.009438687428818865,77.50000113021072,0,90,3.0,7,2.3303313807830526e-08
8.92,0.019500507867137046,77.50000061770804,0,90,3.0,7,1.2736248234751216e-08
8.925,0.03679496976339974,77.50000033386414,0,90,3.0,7,6.8837966255065934e-09
8.93,0.06340728953298436,77.50000017845099,0,90,3.0,7,3.6794018370463013e-09
8.935,0.09979255396093453,77.50000009432587,0,90,3.0,7,1.9448632944668417e-09
8.94,0.14343835518453557,77.50000004930664,0,90,3.0,7,1.0166316540037479e-09
8.945,0.18829581417209276,77.5000000254884,0,90,3.0,7,5.255341087850519e-10
8.95,0.2257481735193119,77.50000001302995,0,90,3.0,7,2.686586989530605e-10
8.955,0.24718154073554727,77.50000000658727,0,90,3.0,7,1.3582002418505787e-10
8.96,0.24718154074102772,77.5000000032933,0,90,3.0,7,6.790297991699976e-11
8.965,0.22574817354072055,77.50000000162824,0,90,3.0,7,3.3571898983581445e-11
8.97,0.18829581422840957,77.5000000007961,0,90,3.0,7,1.6414562721656317e-11
8.975,0.14343835532456656,77.50000000038493,0,90,3.0,7,7.936689106611891e-12
8.98,0.09979255431561854,77.50000000018406,0,90,3.0,7,3.795030727243224e-12
8.985,0.06340729067170194,77.50000000008704,0,90,3.0,7,1.7946697965074695e-12
8.99,0.03679497683410042,77.5000000000407,0,90,3.0,7,8.39172946481207e-13
8.995,0.019500578284482293,77.50000000001882,0,90,3.0,7,3.879416833593289e-13
9.0,0.009439396781978427,77.50000000000861,0,90,3.0,7,1.7756243211159617e-13
9.005,0.004178588733610924,77.5000000000039,0,90,3.0,7,8.028400395804844e-14
9.01,0.0017299316936037381,77.50000000000173,0,90,3.0,7,3.574689227329164e-14
9.015,0.0008997325756988589,77.50000000000077,0,90,3.0,7,1.5822394940637283e-14
9.02,0.001634769674224814,77.50000000000034,0,90,3.0,7,7.032175529172126e-15
9.025,0.00614904736476635,77.50000000000014,0,90,3.0,7,2.930073137155052e-15
9.03,0.02168080359963608,77.50000000000006,0,90,3.0,7,1.172029254862021e-15
9.035,0.06433400338904088,77.50000000000003,0,90,3.0,7,5.860146274310105e-16
9.04,0.1593410769217493,77.50000000000001,0,90,3.0,7,2.9300731371550523e-16
9.045,0.3291989194808569,77.5,0,90,3.0,7,0.0
9.05,0.5672906802982638,77.5,0,90,3.0,7,0.0
9.055,0.815339152120446,77.5,0,90,3.0,7,0.0
9.06,0.9768711246313155,77.50000285700571,1,90,3.0,7,5.890733424991792e-08
9.065,0.9726380909165361,77.5000055981037,0,90,3.0,7,1.1542481851411701e-07
9.07,0.7921091683291741,77.50001170193522,0,90,3.0,7,2.412770148805872e-07
9.075,0.49139090102639077,77.5000270882034,0,90,3.0,7,5.585196576478281e-07
9.08,0.15739335672107918,77.50007030382385,0,90,3.0,7,1.4495633782883385e-06
9.085,-0.11102342218909485,77.50019904185636,0,90,3.0,7,4.1039558012827685e-06
9.09,-0.2314207883647528,77.50058607134292,0,90,3.0,7,1.2083945214904703e-05
9.095,-0.2029124434754801,77.50172157287263,0,90,3.0,7,3.549634788918851e-05
9.1,-0.11151350554305876,77.50491227303426,0,90,3.0,7,0.00010128398008792904
9.105,-0.039430666652076896,77.51341548520728,0,90,3.0,7,0.00027660794241804996
9.11,-0.006087703519843621,77.53479767151332,0,90,3.0,7,0.0007174777631611781
9.115,0.005350271385530551,77.58538694566,0,90,3.0,7,0.001760555580618663
9.12,0.010381647827441833,77.69780421918405,0,90,3.0,7,0.004078437508949487
9.125,0.015115203303506243,77.93212374321509,0,90,3.0,7,0.008909767901341991
9.13,0.021170964062928475,78.38971621807644,0,90,3.0,7,0.018344664290235957
9.135,0.029082821134029553,79.22592550239746,0,90,3.0,7,0.035586092832937295
9.14,0.03923107061708144,80.65382694330745,0,90,3.0,7,0.06502735965582372
9.145,0.051969043308817596,82.92814688244911,0,90,3.0,7,0.1119205542773013
9.15,0.06760532616283861,86.29905479142072,0,90,3.0,7,0.1814238101323859
9.155,0.08636519236693461,90.93310591840898,0,90,3.0,7,0.27697125604966977
9.16,0.10834733138818661,96.81375736041753,0,90,3.0,7,0.3982218012457222
9.165,0.1334809643017884,103.65218979533569,0,90,3.0,7,0.5392204081512513
9.17,0.16148868344343945,110.85098906485283,0,90,3.0,7,0.6876492590691304
9.175,0.191860907532018,117.55776115670236,0,90,3.0,7,0.8259332197258218
9.18,0.22384764873847726,122.81835656489098,0,90,3.0,7,0.9343991044307418
9.185,0.25647215537198226,125.79775358536652,0,90,3.0,7,0.9958299708322994
9.19,0.2885689161419028,126.0,0,90,3.0,7,1.0
9.195,0.31884566517832524,123.40809829602208,0,90,3.0,7,0.9465587277530325
9.2,0.3459657668955683,118.49003065599916,0,90,3.0,7,0.8451552712577147
9.205,0.3686441789190902,112.06852813875727,0,90,3.0,7,0.71275315750015
9.21,0.3857476379544367,105.10477932098621,0,90,3.0,7,0.5691707076492002
9.215,0.3963882865005728,98.47443100842273,0,90,3.0,7,0.4324624950190253
9.22,0.4,92.8066072912793,0,90,3.0,7,0.3156001503356558
9.225,0.39638828650057273,88.42148372327156,0,90,3.0,7,0.2251852314076611
9.23,0.38574763795443656,85.35990241659837,0,90,3.0,7,0.16205984364120357
9.235,0.36864417891908974,83.46944358620377,0,90,3.0,7,0.12308131105574777
9.24,0.345965766895568,82.50409108932574,0,90,3.0,7,0.1031771358623864
9.245,0.3188456651783249,82.20538889595129,0,90,3.0,7,0.09701832775157294
9.25,0.28856891614190205,82.35118221387862,0,90,3.0,7,0.10002437554388899
9.255,0.2564721553719815,82.77370137387766,0,90,3.0,7,0.10873611080160117
9.26,0.22384764873847685,83.35697885227354,0,90,3.0,7,0.12076245056234107
9.265,0.19186090753201765,84.0246919330554,0,90,3.0,7,0.13452973057846174
9.27,0.16148868344343878,84.72653191551647,0,90,3.0,7,0.1490006580518861
9.275,0.1334809643017881,85.42725699479512,0,90,3.0,7,0.16344859783082713
9.28,0.10834733138818531,86.09955203844497,0,90,3.0,7,0.17731035130814368
9.285,0.08636519236690572,86.72019234262434,0,90,3.0,7,0.1901070586108112
9.29,0.06760532616242629,87.26848870696234,0,90,3.0,7,0.20141213828788337
9.295,0.05196904332202373,87.72606423286395,0,90,3.0,7,0.21084668521368966
9.3,0.03923107185803287,88.07728034294114,0,90,3.0,7,0.2180882544936317
9.305,0.02908287038705761,88.30988433026353,0,90,3.0,7,0.22288421299512431
9.31,0.02117220077308346,88.41562988670005,0,90,3.0,7,0.2250645337463927
9.315,0.0151361834125735,88.39073171494468,0,90,3.0,7,0.22455116938030265
9.32,0.010626454858290009,88.23608061227844,0,90,3.0,7,0.2213624868511019
9.325,0.007326255555493652,87.95718762032197,0,90,3.0,7,0.2156121158829273
9.33,0.004960179211183015,87.56385719193653,0,90,3.0,7,0.20750221014302134
9.335,0.0032978759379303545,87.06961485035202,0,90,3.0,7,0.19731164639901083
9.34,0.002153242296767213,86.49093547163766,0,90,3.0,7,0.18538011281727124
9.345,0.001380616732225004,85.84633343081921,0,90,3.0,7,0.17208934908905596
9.35,0.0008693106590991584,85.15538449808108,0,90,3.0,7,0.15784297934187785
9.355,0.000537524815942247,84.43775108996621,0,90,3.0,7,0.14304641422610748
9.36,0.0003263951340288585,83.71227751571944,0,90,3.0,7,0.12808819620040074
9.365,0.00019463030985187395,82.99621117057644,0,90,3.0,7,0.11332394166136998
9.37,0.00011397219555062695,82.30459074772966,0,90,3.0,7,0.09906372675731262
9.375,6.55403863487943e-05,81.64982534565863,0,90,3.0,7,0.08556340918883767
9.38,3.701184389455385e-05,81.04147079905813,0,90,3.0,7,0.0730200164754254
9.385,2.0525516217290957e-05,80.4861934573874,0,90,3.0,7,0.06157099912138971
9.39,1.1178128483661116e-05,79.98789840738041,0,90,3.0,7,0.05129687437897759
9.395,5.978135409912517e-06,79.54798972143004,0,90,3.0,7,0.04222659219443386
9.4,3.1396702713238487e-06,79.1657251050575,0,90,3.0,7,0.03434484752695885
9.405,1.6192875458531019e-06,78.83862619104653,0,90,3.0,7,0.027600540021577923
9.41,8.201353897972012e-07,78.5629081394647,0,90,3.0,7,0.021915631741540122
9.415,4.0791415086824765e-07,78.33389731528789,0,90,3.0,7,0.017193759078100723
9.42,1.9923866938774793e-07,78.14641264967727,0,90,3.0,7,0.013328095869634505
9.425,9.556527981051257e-08,77.9950938659425,0,90,3.0,7,0.010208120947267908
9.43,4.501406988770349e-08,77.87466719823882,0,90,3.0,7,0.007725096870903608
9.435,0.0,77.78014587226397,0,90,3.0,7,0.00577620355183448
9.44,0.0,77.7069680038797,0,90,3.0,7,0.004267381523292672
9.445,0.0,77.651078485453,0,90,3.0,7,0.0031150203186185305
9.45,0.0,77.6089638555516,0,90,3.0,7,0.0022466774340534693
9.455,0.0,77.57765022693218,0,90,3.0,7,0.0016010356068490341
9.46,0.0,77.55467432434818,0,90,3.0,7,0.0011273056566635917
9.465,0.0,77.53803685039938,0,90,3.0,7,0.0007842649566882334
9.47,0.0,77.52614605077103,0,90,3.0,7,0.0005390938303305668
9.475,0.0,77.5177577558228,0,90,3.0,7,0.0003661392953154532
9.48,0.0,77.51191654857978,0,90,3.0,7,0.000245702032572712
9.485,0.0,77.507901204888,0,90,3.0,7,0.0001629114409896965
9.49,0.0,77.5051762660216,0,90,3.0,7,0.00010672713446612442
9.495,0.0,77.50335058222204,0,90,3.0,7,6.908416952660915e-05
9.5,0.0,77.50214291231161,0,90,3.0,7,4.4183759002311787e-05
9.505,0.0,77.50135415677913,0,90,3.0,7,2.792075833256313e-05
9.51,0.0,77.50084550060859,0,90,3.0,7,1.7433002238989895e-05
9.515,0.0,77.50052160209725,0,90,3.0,7,1.075468241754972e-05
9.52,0.0,77.50031793999378,0,90,3.0,7,6.555463789233549e-06
9.525,0.0,77.50019148352861,0,90,3.0,7,3.948113991960669e-06
9.53,0.0,77.50011394574456,0,90,3.0,7,2.3493967950292517e-06
9.535,0.0,77.50006699543745,0,90,3.0,7,1.381349225776202e-06
9.54,0.0,77.50003891999467,0,90,3.0,7,8.024741168107361e-07
9.545,0.0,77.50002233987531,0,90,3.0,7,4.6061598587565985e-07
9.55,0.0,77.5000126697821,0,90,3.0,7,2.6123262050673147e-07
9.555,0.001684486749771458,77.50000709966693,0,90,3.0,7,1.4638488517110878e-07
9.56,0.004172395771277602,77.50000393085688,0,90,3.0,7,8.104859540891112e-08
9.565,0.009438687428818865,77.50000215038844,0,90,3.0,7,4.433790597441029e-08
9.57,0.019500507867137046,77.50000116232353,0,90,3.0,7,2.3965433568911375e-08
9.575,0.03679496976339974,77.50000062075121,0,90,3.0,7,1.2798993992939508e-08
9.58,0.06340728953298436,77.50000032755825,0,90,3.0,7,6.7537784391404165e-09
9.585,0.09979255396093453,77.50000017078115,0,90,3.0,7,3.52126080870971e-09
9.59,0.14343835518453557,77.50000008797753,0,90,3.0,7,1.8139696022472824e-09
9.595,0.18829581417209276,77.50000004478,0,90,3.0,7,9.232988623366931e-10
9.6,0.2257481735193119,77.50000002252042,0,90,3.0,7,4.6433865229362745e-10
9.605,0.24718154073554727,77.50000001119051,0,90,3.0,7,2.3073212527303918e-10
9.61,0.24718154074102772,77.50000000549419,0,90,3.0,7,1.1328219462137492e-10
9.615,0.22574817354072055,77.50000000266525,0,90,3.0,7,5.495352168734301e-11
9.62,0.18829581422840957,77.50000000127747,0,90,3.0,7,2.6339599459141628e-11
9.625,0.14343835532456656,77.50000000060498,0,90,3.0,7,1.247390735949649e-11
9.63,0.09979255431561854,77.5000000002831,0,90,3.0,7,5.83699869652658e-12
9.635,0.06340729067170194,77.50000000013088,0,90,3.0,7,2.698597359319803e-12
9.64,0.03679497683410042,77.50000000005979,0,90,3.0,8,1.2326817688011305e-12
9.645,0.019500578284482293,77.50000000002699,0,90,3.0,8,5.564208887457445e-13
9.65,0.009439396781978427,77.50000000001204,0,90,3.0,8,2.481771947170329e-13
9.655,0.004178588733610924,77.5000000000053,0,90,3.0,8,1.0929172801588345e-13
9.66,0.0017299316936037381,77.5000000000023,0,90,3.0,8,4.746718482191185e-14
9.665,0.0008997325756988589,77.500000000001,0,90,3.0,8,2.0510511960085366e-14
9.67,0.001634769674224814,77.50000000000043,0,90,3.0,8,8.790219411465157e-15
9.675,0.00614904736476635,77.50000000000017,0,90,3.0,8,3.516087764586063e-15
9.68,0.02168080359963608,77.50000000000007,0,90,3.0,8,1.465036568577526e-15
9.685,0.06433400338904088,77.50000000000003,0,90,3.0,8,5.860146274310105e-16
9.69,0.1593410769217493,77.50000000000001,0,90,3.0,8,2.9300731371550523e-16
9.695,0.3291989194808569,77.5,0,90,3.0,8,0.0
9.7,0.5672906802982638,77.5,0,90,3.0,8,0.0
9.705,0.815339152120446,77.5,0,90,3.0,8,0.0
9.71,0.9768711246313155,77.5000028548974,1,90,3.0,8,5.88638639778624e-08
9.715,0.9726380909165361,77.50000578823352,0,90,3.0,8,1.1934502108675757e-07
9.72,0.7921091683291741,77.50001262810264,0,90,3.0,8,2.6037325027310855e-07
9.725,0.49139090102639077,77.50003090820933,0,90,3.0,8,6.372826665005257e-07
9.73,0.15739335672107918,77.50008560358823,0,90,3.0,8,1.7650224377768008e-06
9.735,-0.11102342218909485,77.50025836716078,0,90,3.0,8,5.327157954274505e-06
9.74,-0.2314207883647528,77.5008041613645,0,90,3.0,8,1.6580646690703568e-05
9.745,-0.2029124434754801,77.50247126404172,0,90,3.0,8,5.0953897767348064e-05
9.75,-0.11151350554305876,77.50730689455214,0,90,3.0,8,0.0001506576196318386
9.755,-0.039430666652076896,77.5205069404445,0,90,3.0,8,0.00042282351431970137
9.76,-0.006087703519843621,77.55425950392804,0,90,3.0,8,0.001118752658310044
9.765,0.005350271385530551,77.63489185005264,0,90,3.0,8,0.002781275258817309
9.77,0.010381647827441833,77.81454523632031,0,90,3.0,8,0.0064854687901095545
9.775,0.015115203303506243,78.18735131558363,0,90,3.0,8,0.014172192073889204
9.78,0.021170964062928475,78.90690312906386,0,90,3.0,8,0.0290083119394611
9.785,0.029082821134029553,80.19665089621222,0,90,3.0,8,0.05560104940643751
9.79,0.03923107061708144,82.3394503302051,0,90,3.0,8,0.09978248103515663
9.795,0.051969043308817596,85.63096269117817,0,90,3.0,8,0.1676487152820241
9.8,0.06760532616283861,90.289192542138,0,90,3.0,8,0.26369469159047415
9.805,0.08636519236693461,96.33177188866492,0,90,3.0,8,0.3882839564673179
9.81,0.10834733138818661,103.45891681158211,0,90,3.0,8,0.5352353981769508
9.815,0.1334809643017884,110.9995176060252,0,90,3.0,8,0.6907117032170143
9.82,0.16148868344343945,117.97323238137338,0,90,3.0,8,0.834499636729348
9.825,0.191860907532018,123.28391354021267,0,90,3.0,8,0.9439982173239725
9.83,0.22384764873847726,126.0,0,90,3.0,8,1.0
9.835,0.25647215537198226,125.62557935056012,0,90,3.0,8,0.9922799866094869
9.84,0.2885689161419028,122.25455536305012,0,90,3.0,8,0.9227743373824766
9.845,0.31884566517832524,116.54276293749618,0,90,3.0,8,0.8050054213916737
9.85,0.3459657668955683,109.50994041521005,0,90,3.0,8,0.65999877144763
9.855,0.3686441789190902,102.2541023356066,0,90,3.0,8,0.5103938625898269
9.86,0.3857476379544367,95.68811801633842,0,90,3.0,8,0.3750127426049159
9.865,0.3963882865005728,90.38254464538694,0,90,3.0,8,0.26561947722447304
9.87,0.4,86.54087148351628,0,90,3.0,8,0.1864097213096141
9.875,0.39638828650057273,84.07769605408464,0,90,3.0,8,0.13562259905329155
9.88,0.38574763795443656,82.74233353126162,0,90,3.0,8,0.10808935116003343
9.885,0.36864417891908974,82.23438029234443,0,90,3.0,8,0.09761608850194692
9.89,0.345965766895568,82.28110027391507,0,90,3.0,8,0.09857938709103242
9.895,0.3188456651783249,82.67183539468127,0,90,3.0,8,0.10663578133363437
9.9,0.28856891614190205,83.26062007974744,0,90,3.0,8,0.1187756717473699
9.905,0.2564721553719815,83.95261614042626,0,90,3.0,8,0.13304363176136613
9.91,0.22384764873847685,84.68676847196683,0,90,3.0,8,0.14818079323642946
9.915,0.19186090753201765,85.4214071227837,0,90,3.0,8,0.16332798191306608
9.92,0.16148868344343878,86.12483294458869,0,90,3.0,8,0.17783160710492144
9.925,0.1334809643017881,86.77033771939087,0,90,3.0,8,0.1911409839049663
9.93,0.10834733138818531,87.33426160838053,0,90,3.0,8,0.20276828058516555
9.935,0.08636519236690572,87.79577796985475,0,90,3.0,8,0.21228408185267533
9.94,0.06760532616242629,88.13748090634361,0,90,3.0,8,0.21932950322357964
9.945,0.05196904332202373,88.3462121999223,0,90,3.0,8,0.22363324123551145
9.95,0.03923107185803287,88.41381036420395,0,90,3.0,8,0.22502701781863824
9.955,0.02908287038705761,88.33761061002141,0,90,3.0,8,0.22345588886642093
9.96,0.02117220077308346,88.12061034529336,0,90,3.0,8,0.21898165660398675
9.965,0.0151361834125735,87.77127109249729,0,90,3.0,8,0.21177878541231518
9.97,0.010626454858290009,87.30297037121758,0,90,3.0,8,0.20212310043747594
9.975,0.007326255555493652,86.73315167105918,0,90,3.0,8,0.19037426125895207
9.98,0.004960179211183015,86.082247419666,0,90,3.0,8,0.17695355504465987
9.985,0.0032978759379303545,85.37246744218815,0,90,3.0,8,0.16231891633377635
9.99,0.002153242296767213,84.62655263484623,0,90,3.0,8,0.14693922958445843
9.995,0.001380616732225004,83.86659028643527,0,90,3.0,8,0.13126990281309833
10.0,0.0008693106590991584,83.11297475506075,0,90,3.0,8,0.11573143824867521
10.005,0.000537524815942247,82.38357719417918,0,90,3.0,8,0.10069231328204499
10.01,0.0003263951340288585,81.69316359266416,0,90,3.0,8,0.0864569812920446
10.015,0.00019463030985187395,81.0530746913213,0,90,3.0,8,0.07325927198600617
10.02,0.00011397219555062695,80.47115732979627,0,90,3.0,8,0.06126097587208804
10.025,6.55403863487943e-05,79.95191687655013,0,90,3.0,8,0.05055498714536349
10.03,3.701184389455385e-05,79.4968462077652,0,90,3.0,8,0.0411720867580454
10.035,2.0525516217290957e-05,79.10487892570814,0,90,3.0,8,0.03309028712800279
10.04,1.1178128483661116e-05,78.7729129708691,0,90,3.0,8,0.02624562826534228
10.045,5.978135409912517e-06,78.49635460193645,0,90,3.0,8,0.020543393854359708
10.05,3.1396702713238487e-06,78.26964053277798,0,90,3.0,8,0.01586887696449452
10.055,1.6192875458531019e-06,78.08670624839122,0,90,3.0,8,0.012097036049303579
10.06,8.201353897972012e-07,77.94137962031026,0,90,3.0,8,0.009100610728046552
10.065,4.0791415086824765e-07,77.82768957220783,0,90,3.0,8,0.006756486024903727
10.07,1.9923866938774793e-07,77.74008871515312,0,90,3.0,8,0.004950282786662284
10.075,9.556527981051257e-08,77.67359597640825,0,90,3.0,8,0.0035792984826443475
10.08,4.501406988770349e-08,77.62387005880147,0,90,3.0,8,0.002554021830958191
10.085,0.0,77.58722717633347,0,90,3.0,8,0.0017984984811024924
10.09,0.0,77.56061722705192,0,90,3.0,8,0.0012498397330292983
10.095,0.0,77.54157182578224,0,90,3.0,8,0.0008571510470565349
10.1,0.0,77.5281359065581,0,90,3.0,8,0.0005801217847032107
10.105,0.0,77.5187923680159,0,90,3.0,8,0.0003874715054823622
10.11,0.0,77.51238685021202,0,90,3.0,8,0.00025539897344380554
10.115,0.0,77.50805747644297,0,90,3.0,8,0.00016613353490662431
10.12,0.0,77.50517244622698,0,90,3.0,8,0.00010664837581399748
10.125,0.0,77.50327681336077,0,90,3.0,8,6.756316207773912e-05
10.13,0.0,77.50204864264317,0,90,3.0,8,4.2240054498443365e-05
10.135,0.0,77.50126397793481,0,90,3.0,8,2.606140071777387e-05
10.14,0.0,77.50076961151682,0,90,3.0,8,1.5868278697234457e-05
10.145,0.0,77.50046244746694,0,90,3.0,8,9.534999318435607e-06
10.15,0.0,77.5002742281496,0,90,3.0,8,5.654188651688039e-06
10.155,0.0,77.50016047982528,0,90,3.0,8,3.308862376964489e-06
10.16,0.0,77.50009268034331,0,90,3.0,8,1.910934913702167e-06
10.165,0.0,77.50005282184985,0,90,3.0,8,1.089110306160477e-06
10.17,0.0,77.50002970970641,0,90,3.0,8,6.125712661976406e-07
10.175,0.001684486749771458,77.50001649080649,0,90,3.0,8,3.400166286075884e-07
10.18,0.004172395771277602,77.50000903325379,0,90,3.0,8,1.8625265545207306e-07
10.185,0.009438687428818865,77.50000488320897,0,90,3.0,8,1.0068472109656027e-07
10.19,0.019500507867137046,77.50000260510474,0,90,3.0,8,5.371349979232599e-08
10.195,0.03679496976339974,77.50000137152539,0,90,3.0,8,2.827887393210666e-08
10.2,0.06340728953298436,77.50000071259257,0,90,3.0,8,1.4692630232734841e-08
10.205,0.09979255396093453,77.5000003653739,0,90,3.0,8,7.53348232822261e-09
10.21,0.14343835518453557,77.5000001848811,0,90,3.0,8,3.811981493348979e-09
10.215,0.18829581417209276,77.50000009232224,0,90,3.0,8,1.903551314284151e-09
10.22,0.2257481735193119,77.50000004549659,0,90,3.0,8,9.380740491381112e-10
10.225,0.24718154073554727,77.50000002212637,0,90,3.0,8,4.5621385249161023e-10
10.23,0.24718154074102772,77.5000000106194,0,90,3.0,8,2.1895674734944046e-10
10.235,0.22574817354072055,77.50000000502978,0,90,3.0,8,1.0370671560915221e-10
10.24,0.18829581422840957,77.50000000235103,0,90,3.0,8,4.847483697377947e-11
10.245,0.14343835532456656,77.50000000108449,0,90,3.0,8,2.2360560138885067e-11
10.25,0.09979255431561854,77.50000000049369,0,90,3.0,8,1.0179074078476652e-11
10.255,0.06340729067170194,77.50000000022179,0,90,3.0,8,4.57296514515789e-12
10.26,0.03679497683410042,77.50000000009832,0,90,3.0,8,2.0273176035975807e-12
10.265,0.019500578284482293,77.50000000004302,0,90,3.0,8,8.869331386168343e-13
10.27,0.009439396781978427,77.50000000001857,0,90,3.0,8,3.8296055902616534e-13
10.275,0.004178588733610924,77.50000000000792,0,90,3.0,8,1.6320507373953641e-13
10.28,0.0017299316936037381,77.50000000000333,0,90,3.0,8,6.856371140942822e-14
10.285,0.0008997325756988589,77.50000000000138,0,90,3.0,8,2.842170943040401e-14
10.29,0.001634769674224814,77.50000000000057,0,90,3.0,8,1.1720292548620209e-14
10.295,0.00614904736476635,77.50000000000023,0,90,3.0,8,4.688117019448084e-15
10.3,0.02168080359963608,77.50000000000009,0,90,3.0,8,1.7580438822930315e-15
10.305,0.06433400338904088,77.50000000000003,0,90,3.0,8,5.860146274310105e-16
10.31,0.1593410769217493,77.50000000000001,0,90,3.0,8,2.9300731371550523e-16
10.315,0.3291989194808569,77.5,0,90,3.0,8,0.0
10.32,0.5672906802982638,77.5,0,90,3.0,8,0.0
10.325,0.815339152120446,77.5,0,90,3.0,8,0.0
10.33,0.9768711246313155,77.50000284866415,1,90,3.0,8,5.873534335187662e-08
10.335,0.9726380909165361,77.5000051058168,0,90,3.0,8,1.0527457313222953e-07
10.34,0.7921091683291741,77.50000957430125,0,90,3.0,8,1.9740827309592016e-07
10.345,0.49139090102639077,77.5000192818472,0,90,3.0,8,3.975638598261604e-07
10.35,0.15739335672107918,77.50004238154852,0,90,3.0,8,8.738463613375756e-07
10.355,-0.11102342218909485,77.50010098393257,0,90,3.0,8,2.0821429395662974e-06
10.36,-0.2314207883647528,77.50025390098935,0,90,3.0,8,5.235071945353224e-06
10.365,-0.2029124434754801,77.50065223244145,0,90,3.0,8,1.344809157635656e-05
10.37,-0.11151350554305876,77.50166776507878,0,90,3.0,8,3.438690884079208e-05
10.375,-0.039430666652076896,77.50417234055165,0,90,3.0,8,8.602764024016155e-05
10.38,-0.006087703519843621,77.510108421842,0,90,3.0,8,0.00020842106890733104
10.385,0.005350271385530551,77.52357843699788,0,90,3.0,8,0.00048615334016247844
10.39,0.010381647827441833,77.55277848453393,0,90,3.0,8,0.001088216175957344
10.395,0.015115203303506243,77.61316496400357,0,90,3.0,8,0.002333298226877799
10.4,0.021170964062928475,77.73218082230103,0,90,3.0,8,0.004787233449505819
10.405,0.029082821134029553,77.95555095968672,0,90,3.0,8,0.009392803292509654
10.41,0.03923107061708144,78.35445356436101,0,90,3.0,8,0.017617599265175442
10.415,0.051969043308817596,79.03174778384424,0,90,3.0,8,0.031582428532870896
10.42,0.06760532616283861,80.1240736075666,0,90,3.0,8,0.054104610465290734
10.425,0.08636519236693461,81.79555386436334,0,90,3.0,8,0.08856812091470807
10.43,0.10834733138818661,84.21884563394231,0,90,3.0,8,0.13853289966891358
10.435,0.1334809643017884,87.54128128862234,0,90,3.0,8,0.20703672760046068
10.44,0.16148868344343945,91.83821872914966,0,90,3.0,8,0.2956333758587559
10.445,0.191860907532018,97.06185531965835,0,90,3.0,8,0.40333722308573916
10.45,0.22384764873847726,102.99968719500932,0,90,3.0,8,0.5257667462888519
10.455,0.25647215537198226,109.25960362410099,0,90,3.0,8,0.6548371881257936
10.46,0.2885689161419028,115.29561625128811,0,90,3.0,8,0.7792910567275899
10.465,0.31884566517832524,120.47858111676223,0,90,3.0,8,0.8861563116858191
10.47,0.3459657668955683,124.20209954602316,0,90,3.0,8,0.9629298875468694
10.475,0.3686441789190902,126.0,0,90,3.0,8,1.0
10.48,0.3857476379544367,125.64429828531888,0,90,3.0,8,0.9926659440271934
10.485,0.3963882865005728,123.19538595966438,0,90,3.0,8,0.9421729063848325
10.49,0.4,118.98936513146,0,90,3.0,8,0.8554508274527836
10.495,0.39638828650057273,113.56635473578643,0,90,3.0,8,0.7436361801193079
10.5,0.38574763795443656,107.56103062609117,0,90,3.0,8,0.619815064455488
10.505,0.36864417891908974,101.5861011068479,0,90,3.0,8,0.49662064137830736
10.51,0.345965766895568,96.13795660346761,0,90,3.0,8,0.3842877650199508
10.515,0.3188456651783249,91.54311810108527,0,90,3.0,8,0.2895488268265004
10.52,0.28856891614190205,87.94947025429984,0,90,3.0,8,0.21545299493401732
10.525,0.2564721553719815,85.35341671541337,0,90,3.0,8,0.16192611784357472
10.53,0.22384764873847685,83.646989167333,0,90,3.0,8,0.12674204468727843
10.535,0.19186090753201765,82.66846492619491,0,90,3.0,8,0.10656628713803948
10.54,0.16148868344343878,82.24444734995778,0,90,3.0,8,0.09782365670016044
10.545,0.1334809643017881,82.21768642245108,0,90,3.0,8,0.09727188499899135
10.55,0.10834733138818531,82.46052458609033,0,90,3.0,8,0.10227885744516144
10.555,0.08636519236690572,82.8773024464563,0,90,3.0,8,0.1108722153908515
10.56,0.06760532616242629,83.40018792324622,0,90,3.0,8,0.12165335924219013
10.565,0.05196904332202373,83.98236408595713,0,90,3.0,8,0.13365699146303361
10.57,0.03923107185803287,84.5912275051745,0,90,3.0,8,0.14621087639535055
10.575,0.02908287038705761,85.20293090826489,0,90,3.0,8,0.1588233176961833
10.58,0.02117220077308346,85.79863121407236,0,90,3.0,8,0.17110579822829605
10.585,0.0151361834125735,86.36225875809158,0,90,3.0,8,0.1827269847029193
10.59,0.010626454858290009,86.87941776141984,0,90,3.0,8,0.19339005693649164
10.595,0.007326255555493652,87.3370239424003,0,90,3.0,8,0.20282523592577925
10.6,0.004960179211183015,87.72336626402566,0,90,3.0,8,0.21079105699021972
10.605,0.0032978759379303545,88.0283749476411,0,90,3.0,8,0.2170798958276515
10.61,0.002153242296767213,88.24395573178634,0,90,3.0,8,0.22152486044920294
10.615,0.001380616732225004,88.3643042981417,0,90,3.0,8,0.22400627418848873
10.62,0.0008693106590991584,88.38614919940129,0,90,3.0,8,0.2244566845237379
10.625,0.000537524815942247,88.30889337910872,0,90,3.0,8,0.22286378101255103
10.63,0.0003263951340288585,88.13463907974494,0,90,3.0,8,0.21927090886072048
10.635,0.00019463030985187395,87.86809205042462,0,90,3.0,8,0.21377509382318807
10.64,0.00011397219555062695,87.51635015716049,0,90,3.0,8,0.20652268365279358
10.645,6.55403863487943e-05,87.08858930151122,0,90,3.0,8,0.19770287219610763
10.65,3.701184389455385e-05,86.59566592728085,0,90,3.0,8,0.18753950365527522
10.655,2.0525516217290957e-05,86.04966009546001,0,90,3.0,8,0.17628165145278377
10.66,1.1178128483661116e-05,85.46338590027543,0,90,3.0,8,0.1641935237170191
10.665,5.978135409912517e-06,84.84989676778528,0,90,3.0,8,0.15154426325330478
10.67,3.1396702713238487e-06,84.2220119679011,0,90,3.0,8,0.13859818490517725
10.675,1.6192875458531019e-06,83.59188768943814,0,90,3.0,8,0.12560593174099255
10.68,8.201353897972012e-07,82.97065162366658,0,90,3.0,8,0.11279694069415636
10.685,4.0791415086824765e-07,82.36811462175282,0,90,3.0,8,0.10037349735572833
10.69,1.9923866938774793e-07,81.79256713225858,0,90,3.0,8,0.08850653880945532
10.695,9.556527981051257e-08,81.25066228233223,0,90,3.0,8,0.07733324293468513
10.7,4.501406988770349e-08,80.74738208861933,0,90,3.0,8,0.06695633172410995
10.705,0.0,80.28607873446397,0,90,3.0,8,0.05744492236008186
10.71,0.0,79.86857938189709,0,90,3.0,8,0.048836688286537984
10.715,0.0,79.49534073235793,0,90,3.0,8,0.04114104602799858
10.72,0.0,79.16563852258219,0,90,3.0,8,0.03434306232128217
10.725,0.0,78.87777725057971,0,90,3.0,8,0.028407778362468283
10.73,0.0,78.62930649821172,0,90,3.0,8,0.023284670066221005
10.735,0.0,78.41723202445405,0,90,3.0,8,0.018912000504207247
10.74,0.0,78.23821209460424,0,90,3.0,8,0.015220867929984254
10.745,0.0,78.08873203469501,0,90,3.0,8,0.01213880483907244
10.75,0.0,77.96525253041911,0,90,3.0,8,0.00959283567874448
10.755,0.0,77.86432953928083,0,90,3.0,8,0.007511949263522293
10.76,0.0,77.78270571628579,0,90,3.0,8,0.005828983840944119
10.765,0.0,77.71737488236141,0,90,3.0,8,0.004481956337348699
10.77,0.0,77.66562225546049,0,90,3.0,8,0.003414891865164761
10.775,0.0,77.62504392401856,0,90,3.0,8,0.0025782252374959933
10.78,0.0,77.59354941106356,0,90,3.0,8,0.001928853836362125
10.785,0.0,77.56935121694374,0,90,3.0,8,0.001429921998840083
10.79,0.0,77.55094501323765,0,90,3.0,8,0.0010504126440752874
10.795,0.0,77.53708376644407,0,90,3.0,8,0.0007646137411148447
10.8,0.0,77.52674856940591,0,90,3.0,8,0.000551516894967225
10.805,0.0,77.51911841333184,0,90,3.0,8,0.00039419408931626234
10.81,0.0,77.51354059343424,0,90,3.0,8,0.00027918749348954564
10.815,0.0,77.509502942787,0,90,3.0,8,0.00019593696468030093
10.82,0.0,77.50660865522913,0,90,3.0,8,0.00013626093255937252
10.825,0.0,77.50455410082121,0,90,3.0,8,9.38989860043252e-05
10.83,0.0,77.50310975912758,0,90,3.0,8,6.411874489860575e-05
10.835,0.0,77.50210419229508,0,90,3.0,8,4.338540814595119e-05
10.84,0.0,77.5014108429276,0,90,3.0,8,2.908954489892485e-05
10.845,0.0,77.5009373601135,0,90,3.0,9,1.932701264941785e-05
10.85,0.0,77.5006171188869,0,90,3.0,9,1.2724100760686775e-05
10.855,0.0,77.50040259258478,0,90,3.0,9,8.30087803663999e-06
10.86,0.0,77.50026025391386,0,90,3.0,9,5.3660600796901395e-06
10.865,0.0,77.50016671064509,0,90,3.0,9,3.437332888444365e-06
10.87,0.0,77.50010581907459,0,90,3.0,9,2.181836589501866e-06
10.875,0.0,77.50006655782953,0,90,3.0,9,1.372326381998232e-06
10.88,0.0,77.50004148288069,0,90,3.0,9,8.553171276209056e-07
10.885,0.0,77.50002561965213,0,90,3.0,9,5.282402502036779e-07
10.89,0.0,77.50001567877452,0,90,3.0,9,3.232737013796705e-07
10.895,0.0,77.500009507921,0,90,3.0,9,1.9603960839086754e-07
10.9,0.0,77.50000571338617,0,90,3.0,9,1.1780177676404698e-07
10.905,0.0,77.50000340201449,0,90,3.0,9,7.014462856148515e-08
10.91,0.0,77.50000200730472,0,90,3.0,9,4.138772608937345e-08
10.915,0.0,77.50000117361327,0,90,3.0,9,2.419821176425609e-08
10.92,0.001684486749771458,77.50000067994108,0,90,3.0,9,1.4019403736420292e-08
10.925,0.004172395771277602,77.50000039034815,0,90,3.0,9,8.048415432397436e-09
10.93,0.009438687428818865,77.50000022205856,0,90,3.0,9,4.5785270099868375e-09
10.935,0.019500507867137046,77.50000012517496,0,90,3.0,9,2.5809270871682247e-09
10.94,0.03679496976339974,77.50000006992009,0,90,3.0,9,1.441651361862578e-09
10.945,0.06340728953298436,77.5000000387009,0,90,3.0,9,7.979567796901017e-10
10.95,0.09979255396093453,77.50000002122633,0,90,3.0,9,4.376562342774387e-10
10.955,0.14343835518453557,77.5000000115362,0,90,3.0,9,2.3785982118648256e-10
10.96,0.18829581417209276,77.50000000621277,0,90,3.0,9,1.2809840244671315e-10
10.965,0.2257481735193119,77.50000000331545,0,90,3.0,9,6.835977831908223e-11
10.97,0.24718154073554727,77.50000000175321,0,90,3.0,9,3.61486053003956e-11
10.975,0.24718154074102772,77.50000000091867,0,90,3.0,9,1.8941750802452552e-11
10.98,0.22574817354072055,77.500000000477,0,90,3.0,9,9.835083492174649e-12
10.985,0.18829581422840957,77.50000000024542,0,90,3.0,9,5.060236307866776e-12
10.99,0.14343835532456656,77.50000000012513,0,90,3.0,9,2.5799293972650234e-12
10.995,0.09979255431561854,77.50000000006321,0,90,3.0,9,1.3032965314065673e-12
11.0,0.06340729067170194,77.50000000003165,0,90,3.0,9,6.525272876444302e-13
11.005,0.03679497683410042,77.5000000000157,0,90,3.0,9,3.237730816556333e-13
11.01,0.019500578284482293,77.50000000000772,0,90,3.0,9,1.5910297134751933e-13
11.015,0.009439396781978427,77.50000000000375,0,90,3.0,9,7.735393082089338e-14
11.02,0.004178588733610924,77.50000000000182,0,90,3.0,9,3.750493615558467e-14
11.025,0.0017299316936037381,77.50000000000087,0,90,3.0,9,1.787344613664582e-14
11.03,0.0008997325756988589,77.50000000000041,0,90,3.0,9,8.497212097749651e-15
11.035,0.001634769674224814,77.5000000000002,0,90,3.0,9,4.102102392017073e-15
11.04,0.00614904736476635,77.50000000000009,0,90,3.0,9,1.7580438822930315e-15
11.045,0.02168080359963608,77.50000000000004,0,90,3.0,9,8.790219411465157e-16
11.05,0.06433400338904088,77.50000000000001,0,90,3.0,9,2.9300731371550523e-16
11.055,0.1593410769217493,77.50000000000001,0,90,3.0,9,2.9300731371550523e-16
11.06,0.3291989194808569,77.5,0,90,3.0,9,0.0
11.065,0.5672906802982638,77.5,0,90,3.0,9,0.0
11.07,0.815339152120446,77.5,0,90,3.0,9,0.0
11.075,0.9768711246313155,77.5,1,90,3.0,9,0.0
11.08,0.9726380909165361,77.5,0,90,3.0,9,0.0
11.085,0.7921091683291741,77.5,0,90,3.0,9,0.0
11.09,0.49139090102639077,77.5,0,90,3.0,9,0.0
11.095,0.15739335672107918,77.5,0,90,3.0,9,0.0
11.1,-0.11102342218909485,77.5,0,90,3.0,9,0.0
11.105,-0.2314207883647528,77.5,0,90,3.0,9,0.0
11.11,-0.2029124434754801,77.5,0,90,3.0,9,0.0
11.115,-0.11151350554305876,77.5,0,90,3.0,9,0.0
11.12,-0.039430666652076896,77.5,0,90,3.0,9,0.0
11.125,-0.006087703519843621,77.5,0,90,3.0,9,0.0
11.13,0.005350271385530551,77.5,0,90,3.0,9,0.0
11.135,0.010381647827441833,77.5,0,90,3.0,9,0.0
11.14,0.015115203303506243,77.5,0,90,3.0,9,0.0
11.145,0.021170964062928475,77.5,0,90,3.0,9,0.0
11.15,0.029082821134029553,77.5,0,90,3.0,9,0.0
11.155,0.03923107061708144,77.5,0,90,3.0,9,0.0
11.16,0.051969043308817596,77.5,0,90,3.0,9,0.0
11.165,0.06760532616283861,77.5,0,90,3.0,9,0.0
11.17,0.08636519236693461,77.5,0,90,3.0,9,0.0
11.175,0.10834733138818661,77.5,0,90,3.0,9,0.0
11.18,0.1334809643017884,77.5,0,90,3.0,9,0.0
11.185,0.16148868344343945,77.5,0,90,3.0,9,0.0
11.19,0.191860907532018,77.5,0,90,3.0,9,0.0
11.195,0.22384764873847726,77.5,0,90,3.0,9,0.0
11.2,0.25647215537198226,77.5,0,90,3.0,9,0.0
11.205,0.2885689161419028,77.5,0,90,3.0,9,0.0
11.21,0.31884566517832524,77.5,0,90,3.0,9,0.0
11.215,0.3459657668955683,77.5,0,90,3.0,9,0.0
11.22,0.3686441789190902,77.5,0,90,3.0,9,0.0
11.225,0.3857476379544367,77.5,0,90,3.0,9,0.0
11.23,0.3963882865005728,77.5,0,90,3.0,9,0.0
11.235,0.4,77.5,0,90,3.0,9,0.0
11.24,0.39638828650057273,77.5,0,90,3.0,9,0.0
11.245,0.38574763795443656,77.5,0,90,3.0,9,0.0
11.25,0.36864417891908974,77.5,0,90,3.0,9,0.0
11.255,0.345965766895568,77.5,0,90,3.0,9,0.0
11.26,0.3188456651783249,77.5,0,90,3.0,9,0.0
11.265,0.28856891614190205,77.5,0,90,3.0,9,0.0
11.27,0.2564721553719815,77.5,0,90,3.0,9,0.0
11.275,0.22384764873847685,77.5,0,90,3.0,9,0.0
11.28,0.19186090753201765,77.5,0,90,3.0,9,0.0
11.285,0.16148868344343878,77.5,0,90,3.0,9,0.0
11.29,0.1334809643017881,77.5,0,90,3.0,9,0.0
11.295,0.10834733138818531,77.5,0,90,3.0,9,0.0
11.3,0.08636519236690572,77.5,0,90,3.0,9,0.0
11.305,0.06760532616242629,77.5,0,90,3.0,9,0.0
11.31,0.05196904332202373,77.5,0,90,3.0,9,0.0
11.315,0.03923107185803287,77.5,0,90,3.0,9,0.0
11.32,0.02908287038705761,77.5,0,90,3.0,9,0.0
11.325,0.02117220077308346,77.5,0,90,3.0,9,0.0
11.33,0.0151361834125735,77.5,0,90,3.0,9,0.0
11.335,0.010626454858290009,77.5,0,90,3.0,9,0.0
11.34,0.007326255555493652,77.5,0,90,3.0,9,0.0
11.345,0.004960179211183015,77.5,0,90,3.0,9,0.0
11.35,0.0032978759379303545,77.5,0,90,3.0,9,0.0
11.355,0.002153242296767213,77.5,0,90,3.0,9,0.0
11.36,0.001380616732225004,77.5,0,90,3.0,9,0.0
11.365,0.0008693106590991584,77.5,0,90,3.0,9,0.0
11.37,0.000537524815942247,77.5,0,90,3.0,9,0.0
11.375,0.0003263951340288585,77.5,0,90,3.0,9,0.0
11.38,0.00019463030985187395,77.5,0,90,3.0,9,0.0
11.385,0.00011397219555062695,77.5,0,90,3.0,9,0.0
11.39,6.55403863487943e-05,77.5,0,90,3.0,9,0.0
11.395,3.701184389455385e-05,77.5,0,90,3.0,9,0.0
11.4,2.0525516217290957e-05,77.5,0,90,3.0,9,0.0
11.405,1.1178128483661116e-05,77.5,0,90,3.0,9,0.0
11.41,5.978135409912517e-06,77.5,0,90,3.0,9,0.0
11.415,3.1396702713238487e-06,77.5,0,90,3.0,9,0.0
11.42,1.6192875458531019e-06,77.5,0,90,3.0,9,0.0
11.425,8.201353897972012e-07,77.5,0,90,3.0,9,0.0
11.43,4.0791415086824765e-07,77.5,0,90,3.0,9,0.0
11.435,1.9923866938774793e-07,77.5,0,90,3.0,9,0.0
11.44,9.556527981051257e-08,77.5,0,90,3.0,9,0.0
11.445,4.501406988770349e-08,77.5,0,90,3.0,9,0.0
11.45,0.0,77.5,0,90,3.0,9,0.0
11.455,0.0,77.5,0,90,3.0,9,0.0
11.46,0.0,77.5,0,90,3.0,9,0.0
11.465,0.0,77.5,0,90,3.0,9,0.0
11.47,0.0,77.5,0,90,3.0,9,0.0
11.475,0.0,77.5,0,90,3.0,9,0.0
11.48,0.0,77.5,0,90,3.0,9,0.0
11.485,0.0,77.5,0,90,3.0,9,0.0
11.49,0.0,77.5,0,90,3.0,9,0.0
11.495,0.0,77.5,0,90,3.0,9,0.0
11.5,0.0,77.5,0,90,3.0,9,0.0
11.505,0.0,77.5,0,90,3.0,9,0.0
11.51,0.0,77.5,0,90,3.0,9,0.0
11.515,0.0,77.5,0,90,3.0,9,0.0
11.52,0.0,77.5,0,90,3.0,9,0.0
11.525,0.0,77.5,0,90,3.0,9,0.0
11.53,0.0,77.5,0,90,3.0,9,0.0
11.535,0.0,77.5,0,90,3.0,9,0.0
11.54,0.0,77.5,0,90,3.0,9,0.0
11.545,0.0,77.5,0,90,3.0,9,0.0
11.55,0.0,77.5,0,90,3.0,9,0.0
11.555,0.0,77.5,0,90,3.0,9,0.0
11.56,0.0,77.5,0,90,3.0,9,0.0
11.565,0.0,77.5,0,90,3.0,9,0.0
11.57,0.0,77.5,0,90,3.0,9,0.0
11.575,0.0,77.5,0,90,3.0,9,0.0
11.58,0.0,77.5,0,90,3.0,9,0.0
11.585,0.0,77.5,0,90,3.0,9,0.0
11.59,0.0,77.5,0,90,3.0,9,0.0
11.595,0.0,77.5,0,90,3.0,9,0.0
11.6,0.0,77.5,0,90,3.0,9,0.0
11.605,0.0,77.5,0,90,3.0,9,0.0
11.61,0.0,77.5,0,90,3.0,9,0.0
11.615,0.0,77.5,0,90,3.0,9,0.0
11.62,0.0,77.5,0,90,3.0,9,0.0
11.625,0.0,77.5,0,90,3.0,9,0.0
11.63,0.0,77.5,0,90,3.0,9,0.0
11.635,0.0,77.5,0,90,3.0,9,0.0
11.64,0.0,77.5,0,90,3.0,9,0.0
11.645,0.0,77.5,0,90,3.0,9,0.0
11.65,0.0,77.5,0,90,3.0,9,0.0
11.655,0.0,77.5,0,90,3.0,9,0.0
11.66,0.0,77.5,0,90,3.0,9,0.0
11.665,0.0,77.5,0,90,3.0,9,0.0
11.67,0.0,77.5,0,90,3.0,9,0.0
11.675,0.0,77.5,0,90,3.0,9,0.0
11.68,0.0,77.5,0,90,3.0,9,0.0
11.685,0.0,77.5,0,90,3.0,9,0.0
11.69,0.0,77.5,0,90,3.0,9,0.0
11.695,0.0,77.5,0,90,3.0,9,0.0
11.7,0.0,77.5,0,90,3.0,9,0.0
11.705,0.0,77.5,0,90,3.0,9,0.0
11.71,0.0,77.5,0,90,3.0,9,0.0
11.715,0.0,77.5,0,90,3.0,9,0.0
11.72,0.0,77.5,0,90,3.0,9,0.0
11.725,0.0,77.5,0,90,3.0,9,0.0
11.73,0.0,77.5,0,90,3.0,9,0.0
11.735,0.0,77.5,0,90,3.0,9,0.0
11.74,0.0,77.5,0,90,3.0,9,0.0
11.745,0.0,77.5,0,90,3.0,9,0.0
11.75,0.0,77.5,0,90,3.0,9,0.0
11.755,0.0,77.5,0,90,3.0,9,0.0
11.76,0.0,77.5,0,90,3.0,9,0.0
11.765,0.0,77.5,0,90,3.0,9,0.0
11.77,0.0,77.5,0,90,3.0,9,0.0
11.775,0.0,77.5,0,90,3.0,9,0.0
11.78,0.0,77.5,0,90,3.0,9,0.0
11.785,0.0,77.5,0,90,3.0,9,0.0
11.79,0.0,77.5,0,90,3.0,9,0.0
11.795,0.0,77.5,0,90,3.0,9,0.0
11.8,0.0,77.5,0,90,3.0,9,0.0
11.805,0.0,77.5,0,90,3.0,9,0.0
11.81,0.0,77.5,0,90,3.0,9,0.0
11.815,0.0,77.5,0,90,3.0,9,0.0
11.82,0.0,77.5,0,90,3.0,9,0.0
11.825,0.0,77.5,0,90,3.0,9,0.0
11.83,0.0,77.5,0,90,3.0,9,0.0
11.835,0.0,77.5,0,90,3.0,9,0.0
11.84,0.0,77.5,0,90,3.0,9,0.0
11.845,0.0,77.5,0,90,3.0,9,0.0
11.85,0.0,77.5,0,90,3.0,9,0.0
11.855,0.0,77.5,0,90,3.0,9,0.0
11.86,0.0,77.5,0,90,3.0,9,0.0
11.865,0.0,77.5,0,90,3.0,9,0.0
11.87,0.0,77.5,0,90,3.0,9,0.0
11.875,0.0,77.5,0,90,3.0,9,0.0
11.88,0.0,77.5,0,90,3.0,9,0.0
11.885,0.0,77.5,0,90,3.0,9,0.0
11.89,0.0,77.5,0,90,3.0,9,0.0
11.895,0.0,77.5,0,90,3.0,9,0.0
11.9,0.0,77.5,0,90,3.0,9,0.0
11.905,0.0,77.5,0,90,3.0,9,0.0
11.91,0.0,77.5,0,90,3.0,9,0.0
11.915,0.0,77.5,0,90,3.0,9,0.0
11.92,0.0,77.5,0,90,3.0,9,0.0
11.925,0.0,77.5,0,90,3.0,9,0.0
11.93,0.0,77.5,0,90,3.0,9,0.0
11.935,0.0,77.5,0,90,3.0,9,0.0
11.94,0.0,77.5,0,90,3.0,9,0.0
11.945,0.0,77.5,0,90,3.0,9,0.0
11.95,0.0,77.5,0,90,3.0,9,0.0
11.955,0.0,77.5,0,90,3.0,9,0.0
11.96,0.0,77.5,0,90,3.0,9,0.0
11.965,0.0,77.5,0,90,3.0,9,0.0
11.97,0.0,77.5,0,90,3.0,9,0.0
11.975,0.0,77.5,0,90,3.0,9,0.0
11.98,0.0,77.5,0,90,3.0,9,0.0
11.985,0.0,77.5,0,90,3.0,9,0.0
11.99,0.0,77.5,0,90,3.0,9,0.0
11.995,0.0,77.5,0,90,3.0,9,0.0
