Time,ECG,Pressure,R_Peaks,mean_hr,hrv_scale,Phase_Bin,Normalized_Pressure
0.0,0.001684486749771458,77.5,0,90,1.0,0,0.0
0.005,0.004172395771277602,77.5,0,90,1.0,0,0.0
0.01,0.009438687428818865,77.5,0,90,1.0,0,0.0
0.015,0.019500507867137046,77.5,0,90,1.0,0,0.0
0.02,0.03679496976339974,77.5,0,90,1.0,0,0.0
0.025,0.06340728953298436,77.5,0,90,1.0,0,0.0
0.03,0.09979255396093453,77.5,0,90,1.0,0,0.0
0.035,0.14343835518453557,77.5,0,90,1.0,0,0.0
0.04,0.18829581417209276,77.5,0,90,1.0,0,0.0
0.045,0.2257481735193119,77.5,0,90,1.0,0,0.0
0.05,0.24718154073554727,77.5,0,90,1.0,0,0.0
0.055,0.24718154074102772,77.5,0,90,1.0,0,0.0
0.06,0.22574817354072055,77.5,0,90,1.0,0,0.0
0.065,0.18829581422840957,77.5,0,90,1.0,0,0.0
0.07,0.14343835532456656,77.5,0,90,1.0,0,0.0
0.075,0.09979255431561854,77.5,0,90,1.0,0,0.0
0.08,0.06340729067170194,77.5,0,90,1.0,0,0.0
0.085,0.03679497683410042,77.5,0,90,1.0,0,0.0
0.09,0.019500578284482293,77.5,0,90,1.0,0,0.0
0.095,0.009439396781978427,77.5,0,90,1.0,0,0.0
0.1,0.004178588733610924,77.5,0,90,1.0,0,0.0
0.105,0.0017299316936037381,77.5,0,90,1.0,0,0.0
0.11,0.0008997325756988589,77.5,0,90,1.0,0,0.0
0.115,0.001634769674224814,77.5,0,90,1.0,0,0.0
0.12,0.00614904736476635,77.5,0,90,1.0,0,0.0
0.125,0.02168080359963608,77.5,0,90,1.0,0,0.0
0.13,0.06433400338904088,77.5,0,90,1.0,0,0.0
0.135,0.1593410769217493,77.5,0,90,1.0,0,0.0
0.14,0.3291989194808569,77.5,0,90,1.0,0,0.0
0.145,0.5672906802982638,77.5,0,90,1.0,0,0.0
0.15,0.815339152120446,77.5,0,90,1.0,0,0.0
0.155,0.9768711246313155,77.5,0,90,1.0,0,0.0
0.16,0.9726380909165361,77.5,0,90,1.0,0,0.0
0.165,0.7921091683291741,77.5,0,90,1.0,0,0.0
0.17,0.49139090102639077,77.5,0,90,1.0,0,0.0
0.175,0.15739335672107918,77.5,0,90,1.0,0,0.0
0.18,-0.11102342218909485,77.5,0,90,1.0,0,0.0
0.185,-0.2314207883647528,77.5,0,90,1.0,0,0.0
0.19,-0.2029124434754801,77.5,0,90,1.0,0,0.0
0.195,-0.11151350554305876,77.5,0,90,1.0,0,0.0
0.2,-0.039430666652076896,77.5,0,90,1.0,0,0.0
0.205,-0.006087703519843621,77.5,0,90,1.0,0,0.0
0.21,0.005350271385530551,77.5,0,90,1.0,0,0.0
0.215,0.010381647827441833,77.5,0,90,1.0,0,0.0
0.22,0.015115203303506243,77.5,0,90,1.0,0,0.0
0.225,0.021170964062928475,77.5,0,90,1.0,0,0.0
0.23,0.029082821134029553,77.5,0,90,1.0,0,0.0
0.235,0.03923107061708144,77.5,0,90,1.0,0,0.0
0.24,0.051969043308817596,77.5,0,90,1.0,0,0.0
0.245,0.06760532616283861,77.5,0,90,1.0,0,0.0
0.25,0.08636519236693461,77.5,0,90,1.0,0,0.0
0.255,0.10834733138818661,77.5,0,90,1.0,0,0.0
0.26,0.1334809643017884,77.5,0,90,1.0,0,0.0
0.265,0.16148868344343945,77.5,0,90,1.0,0,0.0
0.27,0.191860907532018,77.5,0,90,1.0,0,0.0
0.275,0.22384764873847726,77.5,0,90,1.0,0,0.0
0.28,0.25647215537198226,77.5,0,90,1.0,0,0.0
0.285,0.2885689161419028,77.5,0,90,1.0,0,0.0
0.29,0.31884566517832524,77.5,0,90,1.0,0,0.0
0.295,0.3459657668955683,77.5,0,90,1.0,0,0.0
0.3,0.3686441789190902,77.5,0,90,1.0,0,0.0
0.305,0.3857476379544367,77.5,0,90,1.0,0,0.0
0.31,0.3963882865005728,77.5,0,90,1.0,0,0.0
0.315,0.4,77.5,0,90,1.0,0,0.0
0.32,0.39638828650057273,77.5,0,90,1.0,0,0.0
0.325,0.38574763795443656,77.5,0,90,1.0,0,0.0
0.33,0.36864417891908974,77.5,0,90,1.0,0,0.0
0.335,0.345965766895568,77.5,0,90,1.0,0,0.0
0.34,0.3188456651783249,77.5,0,90,1.0,0,0.0
0.345,0.28856891614190205,77.5,0,90,1.0,0,0.0
0.35,0.2564721553719815,77.5,0,90,1.0,0,0.0
0.355,0.22384764873847685,77.5,0,90,1.0,0,0.0
0.36,0.19186090753201765,77.5,0,90,1.0,0,0.0
0.365,0.16148868344343878,77.5,0,90,1.0,0,0.0
0.37,0.1334809643017881,77.5,0,90,1.0,0,0.0
0.375,0.10834733138818531,77.5,0,90,1.0,0,0.0
0.38,0.08636519236690572,77.5,0,90,1.0,0,0.0
0.385,0.06760532616242629,77.5,0,90,1.0,0,0.0
0.39,0.05196904332202373,77.5,0,90,1.0,0,0.0
0.395,0.03923107185803287,77.5,0,90,1.0,0,0.0
0.4,0.02908287038705761,77.5,0,90,1.0,0,0.0
0.405,0.02117220077308346,77.5,0,90,1.0,0,0.0
0.41,0.0151361834125735,77.5,0,90,1.0,0,0.0
0.415,0.010626454858290009,77.5,0,90,1.0,0,0.0
0.42,0.007326255555493652,77.5,0,90,1.0,0,0.0
0.425,0.004960179211183015,77.5,0,90,1.0,0,0.0
0.43,0.0032978759379303545,77.5,0,90,1.0,0,0.0
0.435,0.002153242296767213,77.5,0,90,1.0,0,0.0
0.44,0.001380616732225004,77.5,0,90,1.0,0,0.0
0.445,0.0008693106590991584,77.5,0,90,1.0,0,0.0
0.45,0.000537524815942247,77.5,0,90,1.0,0,0.0
0.455,0.0003263951340288585,77.5,0,90,1.0,0,0.0
0.46,0.00019463030985187395,77.5,0,90,1.0,0,0.0
0.465,0.00011397219555062695,77.5,0,90,1.0,0,0.0
0.47,6.55403863487943e-05,77.5,0,90,1.0,0,0.0
0.475,3.701184389455385e-05,77.5,0,90,1.0,0,0.0
0.48,2.0525516217290957e-05,77.5,0,90,1.0,0,0.0
0.485,1.1178128483661116e-05,77.5,0,90,1.0,0,0.0
0.49,5.978135409912517e-06,77.5,0,90,1.0,0,0.0
0.495,3.1396702713238487e-06,77.5,0,90,1.0,0,0.0
0.5,1.6192875458531019e-06,77.5,0,90,1.0,0,0.0
0.505,8.201353897972012e-07,77.5,0,90,1.0,0,0.0
0.51,4.0791415086824765e-07,77.5,0,90,1.0,0,0.0
0.515,1.9923866938774793e-07,77.5,0,90,1.0,0,0.0
0.52,9.556527981051257e-08,77.5,0,90,1.0,0,0.0
0.525,4.501406988770349e-08,77.5,0,90,1.0,0,0.0
0.53,0.0,77.5,0,90,1.0,0,0.0
0.535,0.0,77.5,0,90,1.0,0,0.0
0.54,0.0,77.5,0,90,1.0,0,0.0
0.545,0.0,77.5,0,90,1.0,0,0.0
0.55,0.0,77.5,0,90,1.0,0,0.0
0.555,0.0,77.5,0,90,1.0,0,0.0
0.56,0.0,77.5,0,90,1.0,0,0.0
0.565,0.0,77.5,0,90,1.0,0,0.0
0.57,0.0,77.5,0,90,1.0,0,0.0
0.575,0.0,77.5,0,90,1.0,0,0.0
0.58,0.0,77.5,0,90,1.0,0,0.0
0.585,0.0,77.5,0,90,1.0,0,0.0
0.59,0.0,77.5,0,90,1.0,0,0.0
0.595,0.0,77.5,0,90,1.0,0,0.0
0.6,0.0,77.5,0,90,1.0,0,0.0
0.605,0.0,77.5,0,90,1.0,0,0.0
0.61,0.0,77.5,0,90,1.0,0,0.0
0.615,0.0,77.5,0,90,1.0,0,0.0
0.62,0.001684486749771458,77.5,0,90,1.0,0,0.0
0.625,0.004172395771277602,77.5,0,90,1.0,0,0.0
0.63,0.009438687428818865,77.5,0,90,1.0,0,0.0
0.635,0.019500507867137046,77.5,0,90,1.0,0,0.0
0.64,0.03679496976339974,77.5,0,90,1.0,0,0.0
0.645,0.06340728953298436,77.5,0,90,1.0,0,0.0
0.65,0.09979255396093453,77.5,0,90,1.0,0,0.0
0.655,0.14343835518453557,77.5,0,90,1.0,0,0.0
0.66,0.18829581417209276,77.5,0,90,1.0,0,0.0
0.665,0.2257481735193119,77.5,0,90,1.0,0,0.0
0.67,0.24718154073554727,77.5,0,90,1.0,0,0.0
0.675,0.24718154074102772,77.5,0,90,1.0,0,0.0
0.68,0.22574817354072055,77.5,0,90,1.0,0,0.0
0.685,0.18829581422840957,77.5,0,90,1.0,0,0.0
0.69,0.14343835532456656,77.5,0,90,1.0,0,0.0
0.695,0.09979255431561854,77.5,0,90,1.0,0,0.0
0.7,0.06340729067170194,77.5,0,90,1.0,0,0.0
0.705,0.03679497683410042,77.5,0,90,1.0,0,0.0
0.71,0.019500578284482293,77.5,0,90,1.0,0,0.0
0.715,0.009439396781978427,77.5,0,90,1.0,0,0.0
0.72,0.004178588733610924,77.5,0,90,1.0,0,0.0
0.725,0.0017299316936037381,77.5,0,90,1.0,0,0.0
0.73,0.0008997325756988589,77.5,0,90,1.0,0,0.0
0.735,0.001634769674224814,77.5,0,90,1.0,0,0.0
0.74,0.00614904736476635,77.5,0,90,1.0,0,0.0
0.745,0.02168080359963608,77.5,0,90,1.0,0,0.0
0.75,0.06433400338904088,77.5,0,90,1.0,0,0.0
0.755,0.1593410769217493,77.5,0,90,1.0,0,0.0
0.76,0.3291989194808569,77.5,0,90,1.0,0,0.0
0.765,0.5672906802982638,77.5,0,90,1.0,0,0.0
0.77,0.815339152120446,77.5,0,90,1.0,0,0.0
0.775,0.9768711246313155,77.50000284322633,1,90,1.0,0,5.862322322426144e-08
0.78,0.9726380909165361,77.50000534910116,0,90,1.0,0,1.102907455352232e-07
0.785,0.7921091683291741,77.50001063505204,0,90,1.0,0,2.1927942341171353e-07
0.79,0.49139090102639077,77.50002307583767,0,90,1.0,0,4.757904675148218e-07
0.795,0.15739335672107918,77.5000554713907,0,90,1.0,0,1.143740014331155e-06
0.8,-0.11102342218909485,77.50014526993121,0,90,1.0,0,2.9952563136014092e-06
0.805,-0.2314207883647528,77.5003988898635,0,90,1.0,0,8.224533268130659e-06
0.81,-0.2029124434754801,77.5011054659756,0,90,1.0,0,2.279311289893738e-05
0.815,-0.11151350554305876,77.50300976888175,0,90,1.0,0,6.205709034543127e-05
0.82,-0.039430666652076896,77.50792185780857,0,90,1.0,0,0.00016333727440347813
0.825,-0.006087703519843621,77.51997904089026,0,90,1.0,0,0.0004119389874281015
0.83,0.005350271385530551,77.54805187102536,0,90,1.0,0,0.000990760227327109
0.835,0.010381647827441833,77.60993273918042,0,90,1.0,0,0.0022666544160911822
0.84,0.015115203303506243,77.73890414692885,0,90,1.0,0,0.0049258586995638304
0.845,0.021170964062928475,77.99279598451152,0,90,1.0,0,0.01016074194869107
0.85,0.029082821134029553,78.46442565053172,0,90,1.0,0,0.01988506495941697
0.855,0.03923107061708144,79.29027244272471,0,90,1.0,0,0.03691283387061265
0.86,0.051969043308817596,80.65176405432197,0,90,1.0,0,0.06498482586230872
0.865,0.06760532616283861,82.76179436299392,0,90,1.0,0,0.10849060542255515
0.87,0.08636519236693461,85.82984126010565,0,90,1.0,0,0.1717493043320753
0.875,0.10834733138818661,90.00401066771741,0,90,1.0,0,0.257814652942627
0.88,0.1334809643017884,95.29777724070067,0,90,1.0,0,0.3669644791897045
0.885,0.16148868344343945,101.52070486511198,0,90,1.0,0,0.4952722652600408
0.89,0.191860907532018,108.24076061437154,0,90,1.0,0,0.633830115760238
0.895,0.22384764873847726,114.80477932285345,0,90,1.0,0,0.7691707076877
0.9,0.25647215537198226,120.42962228136281,0,90,1.0,0,0.8851468511621198
0.905,0.2885689161419028,124.35209848293255,0,90,1.0,0,0.9660226491326298
0.91,0.31884566517832524,126.0,0,90,1.0,0,1.0
0.915,0.3459657668955683,125.13199699060715,0,90,1.0,0,0.982103030734168
0.92,0.3686441789190902,121.89956504594475,0,90,1.0,0,0.9154549494009228
0.925,0.3857476379544367,116.80934959217932,0,90,1.0,0,0.8105020534469962
0.93,0.3963882865005728,110.59911497723489,0,90,1.0,0,0.6824559789120596
0.935,0.4,104.06935062625563,0,90,1.0,0,0.5478216623970232
0.94,0.39638828650057273,97.92347769263611,0,90,1.0,0,0.421102632837858
0.945,0.38574763795443656,92.65949215512845,0,90,1.0,0,0.3125668485593494
0.95,0.36864417891908974,88.53181629485155,0,90,1.0,0,0.22746012979075364
0.955,0.345965766895568,85.57626122980984,0,90,1.0,0,0.16652085009917206
0.96,0.3188456651783249,83.67383914290984,0,90,1.0,0,0.12729565243113075
0.965,0.28856891614190205,82.62499201165721,0,90,1.0,0,0.1056699383846848
0.97,0.2564721553719815,82.2123239726345,0,90,1.0,0,0.09716131902339162
0.975,0.22384764873847685,82.24122011682826,0,90,1.0,0,0.09775711581089194
0.98,0.19186090753201765,82.5580522820505,0,90,1.0,0,0.10428973777423704
0.985,0.16148868344343878,83.05182219454407,0,90,1.0,0,0.11447056071224893
0.99,0.1334809643017881,83.64676889072895,0,90,1.0,0,0.12673750290162783
0.995,0.10834733138818531,84.29215130262087,0,90,1.0,0,0.1400443567550694
1.0,0.08636519236690572,84.95297587109219,0,90,1.0,0,0.15366960558952975
1.005,0.06760532616242629,85.6032141410097,0,90,1.0,0,0.16707658022700414
1.01,0.05196904332202373,86.22161625213593,0,90,1.0,0,0.17982713921929755
1.015,0.03923107185803287,86.78956826301784,0,90,1.0,0,0.19153748995913075
1.02,0.02908287038705761,87.29030500025087,0,90,1.0,0,0.20186195876805912
1.025,0.02117220077308346,87.70890109634271,0,90,1.0,0,0.21049280611015905
1.03,0.0151361834125735,88.03263653005703,0,90,1.0,0,0.21716776350633057
1.035,0.010626454858290009,88.25148247455117,0,90,1.0,0,0.22168005102167357
1.04,0.007326255555493652,88.35855638009744,0,90,1.0,0,0.22388776041438022
1.045,0.004960179211183015,88.35045923154104,0,90,1.0,0,0.22372080889775336
1.05,0.0032978759379303545,88.22744713680183,0,90,1.0,0,0.2211844770474604
1.055,0.002153242296767213,87.99341542663203,0,90,1.0,0,0.21635908096148507
1.06,0.001380616732225004,87.65569305578572,0,90,1.0,0,0.20939573310898388
1.065,0.0008693106590991584,87.22466123620943,0,90,1.0,0,0.20050847909710162
1.07,0.000537524815942247,86.71322360224083,0,90,1.0,0,0.189963373242079
1.075,0.0003263951340288585,86.13616550482689,0,90,1.0,0,0.17806526814076065
1.08,0.00019463030985187395,85.50944672085147,0,90,1.0,0,0.1651432313577623
1.085,0.00011397219555062695,84.84947457720351,0,90,1.0,0,0.15153555829285587
1.09,6.55403863487943e-05,84.17240320268115,0,90,1.0,0,0.1375753237666217
1.095,3.701184389455385e-05,83.49349969202193,0,90,1.0,0,0.12357731323756552
1.1,2.0525516217290957e-05,82.8266100918151,0,90,1.0,0,0.10982701220237316
1.105,1.1178128483661116e-05,82.18374823881719,0,90,1.0,0,0.09657212863540593
1.11,5.978135409912517e-06,81.57481966179543,0,90,1.0,0,0.08401690024320475
1.115,3.1396702713238487e-06,81.00748205938964,0,90,1.0,0,0.07231921771937412
1.12,1.6192875458531019e-06,80.48713423047259,0,90,1.0,0,0.061590396504589515
1.125,8.201353897972012e-07,80.01701749313209,0,90,1.0,0,0.051897267899630665
1.13,4.0791415086824765e-07,79.59840805263835,0,90,1.0,0,0.04326614541522367
1.135,1.9923866938774793e-07,79.23087565482302,0,90,1.0,0,0.03568815783140255
1.14,9.556527981051257e-08,78.91258311223406,0,90,1.0,0,0.029125424994516702
1.145,4.501406988770349e-08,78.64060262096777,0,90,1.0,0,0.023517579813768435
1.15,0.0,78.41122774696173,0,90,1.0,0,0.018788200968283056
1.155,0.0,78.22026402057521,0,90,1.0,0,0.01485080454794257
1.16,0.0,78.06328569392375,0,90,1.0,0,0.0116141380190463
1.165,0.0,77.93585088962875,0,90,1.0,0,0.00898661628100522
1.17,0.0,77.83367169477451,0,90,1.0,0,0.006879828758237296
1.175,0.0,77.75273943637394,0,90,1.0,0,0.005211122399462747
1.18,0.0,77.68940824197168,0,90,1.0,0,0.0039053245767356024
1.185,0.0,77.64044198158881,0,90,1.0,0,0.0028957109605939712
1.19,0.0,77.60303083963844,0,90,1.0,0,0.00212434720903991
1.195,0.0,77.57478418147271,0,90,1.0,0,0.0015419418860352196
1.2,0.0,77.55370620498225,0,90,1.0,0,0.001107344432623672
1.205,0.0,77.53816026664151,0,90,1.0,1,0.0007868096214744733
1.21,0.0,77.5268269037557,0,90,1.0,1,0.0005531320362000976
1.215,0.0,77.51865958225872,0,90,1.0,1,0.00038473365481898506
1.22,0.0,77.51284119666562,0,90,1.0,1,0.00026476694155915014
1.225,0.0,77.50874341903805,0,90,1.0,1,0.00018027668119700757
1.23,0.0,77.505890189993,0,90,1.0,1,0.00012144721635044119
1.235,0.0,77.50392599307456,0,90,1.0,1,8.09483108156721e-05
1.24,0.0,77.50258905913398,0,90,1.0,1,5.338266255632296e-05
1.245,0.0,77.5016892993909,0,90,1.0,1,3.483091527636903e-05
1.25,0.0,77.50109054476202,0,90,1.0,1,2.2485459010757733e-05
1.255,0.0,77.50069655045753,0,90,1.0,1,1.436186510378067e-05
1.26,0.0,77.50044018362493,0,90,1.0,1,9.075951029515017e-06
1.265,0.0,77.50027522469445,0,90,1.0,1,5.674735968003793e-06
1.27,0.0,77.50017026019599,0,90,1.0,1,3.510519504872493e-06
1.275,0.0,77.50010421040284,0,90,1.0,1,2.1486680997647275e-06
1.28,0.0,77.50006310753771,0,90,1.0,1,1.3011863445954827e-06
1.285,0.0,77.5000378114743,0,90,1.0,1,7.796180268049977e-07
1.29,0.0,77.50002241497207,0,90,1.0,1,4.6216437247672616e-07
1.295,0.0,77.5000131469499,0,90,1.0,1,2.710711318914693e-07
1.3,0.0,77.50000762928833,0,90,1.0,1,1.57304914093458e-07
1.305,0.0,77.50000438041506,0,90,1.0,1,9.031783636216751e-08
1.31,0.001684486749771458,77.50000248839153,0,90,1.0,1,5.1307041859058467e-08
1.315,0.004172395771277602,77.50000139860276,0,90,1.0,1,2.8837170360667496e-08
1.32,0.009438687428818865,77.50000077775401,0,90,1.0,1,1.6036165165526644e-08
1.325,0.019500507867137046,77.50000042791977,0,90,1.0,1,8.823088092895821e-09
1.33,0.03679496976339974,77.50000023294568,0,90,1.0,1,4.803003722119365e-09
1.335,0.06340728953298436,77.50000012546401,0,90,1.0,1,2.586886855929198e-09
1.34,0.09979255396093453,77.50000006685839,0,90,1.0,1,1.3785235221371999e-09
1.345,0.14343835518453557,77.50000003525047,0,90,1.0,1,7.268137248980359e-10
1.35,0.18829581417209276,77.50000001838849,0,90,1.0,1,3.791441387650209e-10
1.355,0.2257481735193119,77.50000000949072,0,90,1.0,1,1.9568493446490017e-10
1.36,0.24718154073554727,77.50000000484647,0,90,1.0,1,9.99272142695359e-11
1.365,0.24718154074102772,77.50000000244863,0,90,1.0,1,5.048721120437756e-11
1.37,0.22574817354072055,77.50000000122404,0,90,1.0,1,2.5237891959571327e-11
1.375,0.18829581422840957,77.50000000060538,0,90,1.0,1,1.2482111564280523e-11
1.38,0.14343835532456656,77.50000000029624,0,90,1.0,1,6.108030461713422e-12
1.385,0.09979255431561854,77.50000000014343,0,90,1.0,1,2.9573228173305944e-12
1.39,0.06340729067170194,77.50000000006871,0,90,1.0,1,1.4166903618144677e-12
1.395,0.03679497683410042,77.50000000003256,0,90,1.0,1,6.712797557222225e-13
1.4,0.019500578284482293,77.50000000001526,0,90,1.0,1,3.146898549304526e-13
1.405,0.009439396781978427,77.50000000000708,0,90,1.0,1,1.4591764223032162e-13
1.41,0.004178588733610924,77.50000000000325,0,90,1.0,1,6.70986748408507e-14
1.415,0.0017299316936037381,77.50000000000148,0,90,1.0,1,3.047276062641254e-14
1.42,0.0008997325756988589,77.50000000000067,0,90,1.0,1,1.3771343744628746e-14
1.425,0.001634769674224814,77.5000000000003,0,90,1.0,1,6.15315358802561e-15
1.43,0.00614904736476635,77.50000000000013,0,90,1.0,1,2.637065823439547e-15
1.435,0.02168080359963608,77.50000000000006,0,90,1.0,1,1.172029254862021e-15
1.44,0.06433400338904088,77.50000000000003,0,90,1.0,1,5.860146274310105e-16
1.445,0.1593410769217493,77.50000000000001,0,90,1.0,1,2.9300731371550523e-16
1.45,0.3291989194808569,77.5,0,90,1.0,1,0.0
1.455,0.5672906802982638,77.5,0,90,1.0,1,0.0
1.46,0.815339152120446,77.5,0,90,1.0,1,0.0
1.465,0.9768711246313155,77.50000285700571,1,90,1.0,1,5.890733424991792e-08
1.47,0.9726380909165361,77.5000055981037,0,90,1.0,1,1.1542481851411701e-07
1.475,0.7921091683291741,77.50001170193522,0,90,1.0,1,2.412770148805872e-07
1.48,0.49139090102639077,77.5000270882034,0,90,1.0,1,5.585196576478281e-07
1.485,0.15739335672107918,77.50007030382385,0,90,1.0,1,1.4495633782883385e-06
1.49,-0.11102342218909485,77.50019904185636,0,90,1.0,1,4.1039558012827685e-06
1.495,-0.2314207883647528,77.50058607134292,0,90,1.0,1,1.2083945214904703e-05
1.5,-0.2029124434754801,77.50172157287263,0,90,1.0,1,3.549634788918851e-05
1.505,-0.11151350554305876,77.50491227303426,0,90,1.0,1,0.00010128398008792904
1.51,-0.039430666652076896,77.51341548520728,0,90,1.0,1,0.00027660794241804996
1.515,-0.006087703519843621,77.53479767151332,0,90,1.0,1,0.0007174777631611781
1.52,0.005350271385530551,77.58538694566,0,90,1.0,1,0.001760555580618663
1.525,0.010381647827441833,77.69780421918405,0,90,1.0,1,0.004078437508949487
1.53,0.015115203303506243,77.93212374321509,0,90,1.0,1,0.008909767901341991
1.535,0.021170964062928475,78.38971621807644,0,90,1.0,1,0.018344664290235957
1.54,0.029082821134029553,79.22592550239746,0,90,1.0,1,0.035586092832937295
1.545,0.03923107061708144,80.65382694330745,0,90,1.0,1,0.06502735965582372
1.55,0.051969043308817596,82.92814688244911,0,90,1.0,1,0.1119205542773013
1.555,0.06760532616283861,86.29905479142072,0,90,1.0,1,0.1814238101323859
1.56,0.08636519236693461,90.93310591840898,0,90,1.0,1,0.27697125604966977
1.565,0.10834733138818661,96.81375736041753,0,90,1.0,1,0.3982218012457222
1.57,0.1334809643017884,103.65218979533569,0,90,1.0,1,0.5392204081512513
1.575,0.16148868344343945,110.85098906485283,0,90,1.0,1,0.6876492590691304
1.58,0.191860907532018,117.55776115670236,0,90,1.0,1,0.8259332197258218
1.585,0.22384764873847726,122.81835656489098,0,90,1.0,1,0.9343991044307418
1.59,0.25647215537198226,125.79775358536652,0,90,1.0,1,0.9958299708322994
1.595,0.2885689161419028,126.0,0,90,1.0,1,1.0
1.6,0.31884566517832524,123.40809829602208,0,90,1.0,1,0.9465587277530325
1.605,0.3459657668955683,118.49003065599916,0,90,1.0,1,0.8451552712577147
1.61,0.3686441789190902,112.06852813875727,0,90,1.0,1,0.71275315750015
1.615,0.3857476379544367,105.10477932098621,0,90,1.0,1,0.5691707076492002
1.62,0.3963882865005728,98.47443100842273,0,90,1.0,1,0.4324624950190253
1.625,0.4,92.8066072912793,0,90,1.0,1,0.3156001503356558
1.63,0.39638828650057273,88.42148372327156,0,90,1.0,1,0.2251852314076611
1.635,0.38574763795443656,85.35990241659837,0,90,1.0,1,0.16205984364120357
1.64,0.36864417891908974,83.46944358620377,0,90,1.0,1,0.12308131105574777
1.645,0.345965766895568,82.50409108932574,0,90,1.0,1,0.1031771358623864
1.65,0.3188456651783249,82.20538889595129,0,90,1.0,1,0.09701832775157294
1.655,0.28856891614190205,82.35118221387862,0,90,1.0,1,0.10002437554388899
1.66,0.2564721553719815,82.77370137387766,0,90,1.0,1,0.10873611080160117
1.665,0.22384764873847685,83.35697885227354,0,90,1.0,1,0.12076245056234107
1.67,0.19186090753201765,84.0246919330554,0,90,1.0,1,0.13452973057846174
1.675,0.16148868344343878,84.72653191551647,0,90,1.0,1,0.1490006580518861
1.68,0.1334809643017881,85.42725699479512,0,90,1.0,1,0.16344859783082713
1.685,0.10834733138818531,86.09955203844497,0,90,1.0,1,0.17731035130814368
1.69,0.08636519236690572,86.72019234262434,0,90,1.0,1,0.1901070586108112
1.695,0.06760532616242629,87.26848870696234,0,90,1.0,1,0.20141213828788337
1.7,0.05196904332202373,87.72606423286395,0,90,1.0,1,0.21084668521368966
1.705,0.03923107185803287,88.07728034294114,0,90,1.0,1,0.2180882544936317
1.71,0.02908287038705761,88.30988433026353,0,90,1.0,1,0.22288421299512431
1.715,0.02117220077308346,88.41562988670005,0,90,1.0,1,0.2250645337463927
1.72,0.0151361834125735,88.39073171494468,0,90,1.0,1,0.22455116938030265
1.725,0.010626454858290009,88.23608061227844,0,90,1.0,1,0.2213624868511019
1.73,0.007326255555493652,87.95718762032197,0,90,1.0,1,0.2156121158829273
1.735,0.004960179211183015,87.56385719193653,0,90,1.0,1,0.20750221014302134
1.74,0.0032978759379303545,87.06961485035202,0,90,1.0,1,0.19731164639901083
1.745,0.002153242296767213,86.49093547163766,0,90,1.0,1,0.18538011281727124
1.75,0.001380616732225004,85.84633343081921,0,90,1.0,1,0.17208934908905596
1.755,0.0008693106590991584,85.15538449808108,0,90,1.0,1,0.15784297934187785
1.76,0.000537524815942247,84.43775108996621,0,90,1.0,1,0.14304641422610748
1.765,0.0003263951340288585,83.71227751571944,0,90,1.0,1,0.12808819620040074
1.77,0.00019463030985187395,82.99621117057644,0,90,1.0,1,0.11332394166136998
1.775,0.00011397219555062695,82.30459074772966,0,90,1.0,1,0.09906372675731262
1.78,6.55403863487943e-05,81.64982534565863,0,90,1.0,1,0.08556340918883767
1.785,3.701184389455385e-05,81.04147079905813,0,90,1.0,1,0.0730200164754254
1.79,2.0525516217290957e-05,80.4861934573874,0,90,1.0,1,0.06157099912138971
1.795,1.1178128483661116e-05,79.98789840738041,0,90,1.0,1,0.05129687437897759
1.8,5.978135409912517e-06,79.54798972143004,0,90,1.0,1,0.04222659219443386
1.805,3.1396702713238487e-06,79.1657251050575,0,90,1.0,1,0.03434484752695885
1.81,1.6192875458531019e-06,78.83862619104653,0,90,1.0,1,0.027600540021577923
1.815,8.201353897972012e-07,78.5629081394647,0,90,1.0,1,0.021915631741540122
1.82,4.0791415086824765e-07,78.33389731528789,0,90,1.0,1,0.017193759078100723
1.825,1.9923866938774793e-07,78.14641264967727,0,90,1.0,1,0.013328095869634505
1.83,9.556527981051257e-08,77.9950938659425,0,90,1.0,1,0.010208120947267908
1.835,4.501406988770349e-08,77.87466719823882,0,90,1.0,1,0.007725096870903608
1.84,0.0,77.78014587226397,0,90,1.0,1,0.00577620355183448
1.845,0.0,77.7069680038797,0,90,1.0,1,0.004267381523292672
1.85,0.0,77.651078485453,0,90,1.0,1,0.0031150203186185305
1.855,0.0,77.6089638555516,0,90,1.0,1,0.0022466774340534693
1.86,0.0,77.57765022693218,0,90,1.0,1,0.0016010356068490341
1.865,0.0,77.55467432434818,0,90,1.0,1,0.0011273056566635917
1.87,0.0,77.53803685039938,0,90,1.0,1,0.0007842649566882334
1.875,0.0,77.52614605077103,0,90,1.0,1,0.0005390938303305668
1.88,0.0,77.5177577558228,0,90,1.0,1,0.0003661392953154532
1.885,0.0,77.51191654857978,0,90,1.0,1,0.000245702032572712
1.89,0.0,77.507901204888,0,90,1.0,1,0.0001629114409896965
1.895,0.0,77.5051762660216,0,90,1.0,1,0.00010672713446612442
1.9,0.0,77.50335058222204,0,90,1.0,1,6.908416952660915e-05
1.905,0.0,77.50214291231161,0,90,1.0,1,4.4183759002311787e-05
1.91,0.0,77.50135415677913,0,90,1.0,1,2.792075833256313e-05
1.915,0.0,77.50084550060859,0,90,1.0,1,1.7433002238989895e-05
1.92,0.0,77.50052160209725,0,90,1.0,1,1.075468241754972e-05
1.925,0.0,77.50031793999378,0,90,1.0,1,6.555463789233549e-06
1.93,0.001684486749771458,77.50019148352861,0,90,1.0,1,3.948113991960669e-06
1.935,0.004172395771277602,77.50011394574456,0,90,1.0,1,2.3493967950292517e-06
1.94,0.009438687428818865,77.50006699543745,0,90,1.0,1,1.381349225776202e-06
1.945,0.019500507867137046,77.50003891999467,0,90,1.0,1,8.024741168107361e-07
1.95,0.03679496976339974,77.50002233987531,0,90,1.0,1,4.6061598587565985e-07
1.955,0.06340728953298436,77.5000126697821,0,90,1.0,1,2.6123262050673147e-07
1.96,0.09979255396093453,77.50000709966693,0,90,1.0,1,1.4638488517110878e-07
1.965,0.14343835518453557,77.50000393085688,0,90,1.0,1,8.104859540891112e-08
1.97,0.18829581417209276,77.50000215038844,0,90,1.0,1,4.433790597441029e-08
1.975,0.2257481735193119,77.50000116232353,0,90,1.0,1,2.3965433568911375e-08
1.98,0.24718154073554727,77.50000062075121,0,90,1.0,1,1.2798993992939508e-08
1.985,0.24718154074102772,77.50000032755825,0,90,1.0,1,6.7537784391404165e-09
1.99,0.22574817354072055,77.50000017078115,0,90,1.0,1,3.52126080870971e-09
1.995,0.18829581422840957,77.50000008797753,0,90,1.0,1,1.8139696022472824e-09
2.0,0.14343835532456656,77.50000004478,0,90,1.0,1,9.232988623366931e-10
2.005,0.09979255431561854,77.50000002252042,0,90,1.0,1,4.6433865229362745e-10
2.01,0.06340729067170194,77.50000001119051,0,90,1.0,1,2.3073212527303918e-10
2.015,0.03679497683410042,77.50000000549419,0,90,1.0,1,1.1328219462137492e-10
2.02,0.019500578284482293,77.50000000266525,0,90,1.0,1,5.495352168734301e-11
2.025,0.009439396781978427,77.50000000127747,0,90,1.0,1,2.6339599459141628e-11
2.03,0.004178588733610924,77.50000000060498,0,90,1.0,1,1.247390735949649e-11
2.035,0.0017299316936037381,77.5000000002831,0,90,1.0,1,5.83699869652658e-12
2.04,0.0008997325756988589,77.50000000013088,0,90,1.0,1,2.698597359319803e-12
2.045,0.001634769674224814,77.50000000005979,0,90,1.0,1,1.2326817688011305e-12
2.05,0.00614904736476635,77.50000000002699,0,90,1.0,1,5.564208887457445e-13
2.055,0.02168080359963608,77.50000000001204,0,90,1.0,1,2.481771947170329e-13
2.06,0.06433400338904088,77.5000000000053,0,90,1.0,1,1.0929172801588345e-13
2.065,0.1593410769217493,77.5000000000023,0,90,1.0,1,4.746718482191185e-14
2.07,0.3291989194808569,77.500000000001,0,90,1.0,1,2.0510511960085366e-14
2.075,0.5672906802982638,77.50000000000043,0,90,1.0,1,8.790219411465157e-15
2.08,0.815339152120446,77.50000000000017,0,90,1.0,1,3.516087764586063e-15
2.085,0.9768711246313155,77.50000000000007,0,90,1.0,1,1.465036568577526e-15
2.09,0.9726380909165361,77.50000000000003,0,90,1.0,1,5.860146274310105e-16
2.095,0.7921091683291741,77.50000000000001,0,90,1.0,1,2.9300731371550523e-16
2.1,0.49139090102639077,77.5,0,90,1.0,1,0.0
2.105,0.15739335672107918,77.5,0,90,1.0,1,0.0
2.11,-0.11102342218909485,77.5,0,90,1.0,1,0.0
2.115,-0.2314207883647528,77.50000284146185,1,90,1.0,1,5.858684226416127e-08
2.12,-0.2029124434754801,77.50000566108393,0,90,1.0,1,1.1672338004733394e-07
2.125,-0.11151350554305876,77.50001208193964,0,90,1.0,1,2.49112157614514e-07
2.13,-0.039430666652076896,77.50002873397177,0,90,1.0,1,5.924530262760039e-07
2.135,-0.006087703519843621,77.50007697165655,0,90,1.0,1,1.5870444650369519e-06
2.14,0.005350271385530551,77.5002248661891,0,90,1.0,1,4.636416270107747e-06
2.145,0.010381647827441833,77.50068051525129,0,90,1.0,1,1.4031242294631925e-05
2.15,0.015115203303506243,77.50204432602273,0,90,1.0,1,4.215105201498454e-05
2.155,0.021170964062928475,77.50593777613041,0,90,1.0,1,0.00012242837382286874
2.16,0.029082821134029553,77.5164399231014,0,90,1.0,1,0.00033896748662683775
2.165,0.03923107061708144,77.5430754284251,0,90,1.0,1,0.0008881531634040833
2.17,0.051969043308817596,77.60641853580098,0,90,1.0,1,0.0021941966144532724
2.175,0.06760532616283861,77.74742477142738,0,90,1.0,1,0.005101541678914966
2.18,0.08636519236693461,78.0408498094408,0,90,1.0,1,0.011151542462696914
2.185,0.10834733138818661,78.61092688858213,0,90,1.0,1,0.022905709042930475
2.19,0.1334809643017884,79.6435860439409,0,90,1.0,1,0.04419765039053402
2.195,0.16148868344343945,81.38481376725014,0,90,1.0,1,0.08009925293299251
2.2,0.191860907532018,84.11198300521768,0,90,1.0,1,0.13632954649933363
2.205,0.22384764873847726,88.06822919931167,0,90,1.0,1,0.21790163297549842
2.21,0.25647215537198226,93.3624433467146,0,90,1.0,1,0.3270606875611258
2.215,0.2885689161419028,99.85796314992469,0,90,1.0,1,0.4609889309262822
2.22,0.31884566517832524,107.09329543873122,0,90,1.0,1,0.6101710399738396
2.225,0.3459657668955683,114.28467844096284,0,90,1.0,1,0.7584469781641822
2.23,0.3686441789190902,120.44171590167264,0,90,1.0,1,0.8853962041581988
2.235,0.3857476379544367,124.58441298286456,0,90,1.0,1,0.9708126388219498
2.24,0.3963882865005728,126.0,0,90,1.0,1,1.0
2.245,0.4,124.44805851086043,0,90,1.0,1,0.9680012064094935
2.25,0.39638828650057273,120.23336770229193,0,90,1.0,1,0.8811003649957099
2.255,0.38574763795443656,114.1166790767293,0,90,1.0,1,0.7549830737469958
2.26,0.36864417891908974,107.09975419133913,0,90,1.0,1,0.6103042101307037
2.265,0.345965766895568,100.16845034237797,0,90,1.0,1,0.46739072870882403
2.27,0.3188456651783249,94.08390247082684,0,90,1.0,1,0.34193613341911017
2.275,0.28856891614190205,89.27867445647695,0,90,1.0,1,0.2428592671438546
2.28,0.2564721553719815,85.864344835223,0,90,1.0,1,0.1724607182520205
2.285,0.22384764873847685,83.71609774519702,0,90,1.0,1,0.1281669638184952
2.29,0.19186090753201765,82.5841699556867,0,90,1.0,1,0.10482824650900421
2.295,0.16148868344343878,82.19056841459238,0,90,1.0,1,0.09671275081633768
2.3,0.1334809643017881,82.29034138789683,0,90,1.0,1,0.098769925523646
2.305,0.10834733138818531,82.69662523703138,0,90,1.0,1,0.10714691210373987
2.31,0.08636519236690572,83.28017122082787,0,90,1.0,1,0.11917878805830655
2.315,0.06760532616242629,83.95647708211006,0,90,1.0,1,0.1331232388063929
2.32,0.05196904332202373,84.67048907652408,0,90,1.0,1,0.1478451355984346
2.325,0.03923107185803287,85.38412783726835,0,90,1.0,1,0.16255933685089385
2.33,0.02908287038705761,86.06814495598806,0,90,1.0,1,0.17666278259769197
2.335,0.02117220077308346,86.69778161152293,0,90,1.0,1,0.1896449816808851
2.34,0.0151361834125735,87.25104168924796,0,90,1.0,1,0.20105240596387536
2.345,0.010626454858290009,87.70847176089451,0,90,1.0,1,0.21048395383287652
2.35,0.007326255555493652,88.05365884673252,0,90,1.0,1,0.21760121333469107
2.355,0.004960179211183015,88.27395822955663,0,90,1.0,1,0.2221434686506521
2.36,0.0032978759379303545,88.36117218288662,0,90,1.0,1,0.22394169449250761
2.365,0.002153242296767213,88.31202622987558,0,90,1.0,1,0.22292837587372338
2.37,0.001380616732225004,88.12836388999429,0,90,1.0,1,0.2191415235050369
2.375,0.0008693106590991584,87.81702923229327,0,90,1.0,1,0.2127222522122323
2.38,0.000537524815942247,87.38944286440807,0,90,1.0,1,0.20390603844140345
2.385,0.0003263951340288585,86.86090652517962,0,90,1.0,1,0.1930083819624663
2.39,0.00019463030985187395,86.24969489964558,0,90,1.0,1,0.18040608040506342
2.395,0.00011397219555062695,85.57600963817242,0,90,1.0,1,0.16651566264273035
2.4,6.55403863487943e-05,84.86087877929835,0,90,1.0,1,0.15177069648037828
2.405,3.701184389455385e-05,84.1250844861679,0,90,1.0,1,0.13659968012717333
2.41,2.0525516217290957e-05,83.38819378194358,0,90,1.0,2,0.12140605735966155
2.415,1.1178128483661116e-05,82.66775226181372,0,90,1.0,2,0.10655159302708696
2.42,5.978135409912517e-06,81.97868166934622,0,90,1.0,2,0.0923439519452828
2.425,3.1396702713238487e-06,81.33290118404989,0,90,1.0,2,0.07902889039278119
2.43,1.6192875458531019e-06,80.73917169351294,0,90,1.0,2,0.066787045227071
2.435,8.201353897972012e-07,80.20314431499443,0,90,1.0,2,0.05573493432978211
2.44,4.0791415086824765e-07,79.72758053473622,0,90,1.0,2,0.04592949556157153
2.445,1.9923866938774793e-07,79.31270241863277,0,90,1.0,2,0.03737530760067562
2.45,9.556527981051257e-08,78.95662759204296,0,90,1.0,2,0.030033558598823985
2.455,4.501406988770349e-08,78.6558446534466,0,90,1.0,2,0.02383184852467202
2.46,0.0,78.40568947884991,0,90,1.0,2,0.018674009873193977
2.465,0.0,78.20079032117712,0,90,1.0,2,0.014449284972724198
2.47,0.0,78.03545846105052,0,90,1.0,2,0.011040380640216993
2.475,0.0,77.90401025968183,0,90,1.0,2,0.008330108447047955
2.48,0.0,77.80101484957184,0,90,1.0,2,0.006206491743749331
2.485,0.0,77.72146870454772,0,90,1.0,2,0.004566365042220984
2.49,0.0,77.66090358782964,0,90,1.0,2,0.0033175997490646754
2.495,0.0,77.61543779137935,0,90,1.0,2,0.0023801606469968993
2.5,0.0,77.58178227885897,0,90,1.0,2,0.001686232553793126
2.505,0.0,77.55721360654816,0,90,1.0,2,0.0011796619906837135
2.51,0.0,77.539524679794,0,90,1.0,2,0.0008149418514226595
2.515,0.0,77.5269628821488,0,90,1.0,2,0.0005559357144081271
2.52,0.0,77.51816323428235,0,90,1.0,2,0.0003744996759248408
2.525,0.0,77.51208228217608,0,90,1.0,2,0.0002491192201253834
2.53,0.0,77.50793658518138,0,90,1.0,2,0.00016364093157491326
2.535,0.0,77.5051481039483,0,90,1.0,2,0.00010614647316084095
2.54,0.0,77.50329753832021,0,90,1.0,2,6.799048082910107e-05
2.545,0.0,77.50208574548876,0,90,1.0,2,4.300506162383865e-05
2.55,0.0,77.50130275183275,0,90,1.0,2,2.686086253099591e-05
2.555,0.0,77.50080350945366,0,90,1.0,2,1.6567205230122108e-05
2.56,0.0,77.50048938336957,0,90,1.0,2,1.0090378753998781e-05
2.565,0.0,77.5002943312271,0,90,1.0,2,6.068685094758096e-06
2.57,0.0,77.50017480441339,0,90,1.0,2,3.6042147090816777e-06
2.575,0.0,77.50010251734817,0,90,1.0,2,2.1137597560393317e-06
2.58,0.0,77.50005937057459,0,90,1.0,2,1.2241355585553447e-06
2.585,0.0,77.50003395267987,0,90,1.0,2,7.000552550755284e-07
2.59,0.0,77.50001917369362,0,90,1.0,2,3.9533388898816314e-07
2.595,0.0,77.50001069218405,0,90,1.0,2,2.204574030591025e-07
2.6,0.0,77.50000588783982,0,90,1.0,2,1.2139875915983288e-07
2.605,0.0,77.50000320165451,0,90,1.0,2,6.601349500482514e-08
2.61,0.0,77.50000171918202,0,90,1.0,2,3.5447052029020285e-08
2.615,0.001684486749771458,77.50000091158711,0,90,1.0,2,1.8795610474663807e-08
2.62,0.004172395771277602,77.50000047731316,0,90,1.0,2,9.841508556549802e-09
2.625,0.009438687428818865,77.50000024679568,0,90,1.0,2,5.088570701117692e-09
2.63,0.019500507867137046,77.50000012600873,0,90,1.0,2,2.5981181192712274e-09
2.635,0.03679496976339974,77.50000006353201,0,90,1.0,2,1.3099384211938703e-09
2.64,0.06340728953298436,77.50000003163105,0,90,1.0,2,6.52186520138579e-10
2.645,0.09979255396093453,77.50000001555118,0,90,1.0,2,3.2064288452321053e-10
2.65,0.14343835518453557,77.50000000754991,0,90,1.0,2,1.5566833961614618e-10
2.655,0.18829581417209276,77.5000000036195,0,90,1.0,2,7.462896280333919e-11
2.66,0.2257481735193119,77.5000000017135,0,90,1.0,2,3.5329942865874475e-11
2.665,0.24718154073554727,77.50000000080104,0,90,1.0,2,1.65162362595156e-11
2.67,0.24718154074102772,77.50000000036978,0,90,1.0,2,7.624343310191161e-12
2.675,0.22574817354072055,77.50000000016857,0,90,1.0,2,3.475652755293323e-12
2.68,0.18829581422840957,77.50000000007587,0,90,1.0,2,1.5643660479270824e-12
2.685,0.14343835532456656,77.50000000003372,0,90,1.0,2,6.953063554468939e-13
2.69,0.09979255431561854,77.50000000001481,0,90,1.0,2,3.0531362089155643e-13
2.695,0.06340729067170194,77.50000000000642,0,90,1.0,2,1.3243930579940837e-13
2.7,0.03679497683410042,77.50000000000274,0,90,1.0,2,5.655041154709251e-14
2.705,0.019500578284482293,77.50000000000117,0,90,1.0,2,2.402659972467143e-14
2.71,0.009439396781978427,77.50000000000048,0,90,1.0,2,9.962248666327177e-15
2.715,0.004178588733610924,77.5000000000002,0,90,1.0,2,4.102102392017073e-15
2.72,0.0017299316936037381,77.50000000000009,0,90,1.0,2,1.7580438822930315e-15
2.725,0.0008997325756988589,77.50000000000003,0,90,1.0,2,5.860146274310105e-16
2.73,0.001634769674224814,77.50000000000001,0,90,1.0,2,2.9300731371550523e-16
2.735,0.00614904736476635,77.5,0,90,1.0,2,0.0
2.74,0.02168080359963608,77.5,0,90,1.0,2,0.0
2.745,0.06433400338904088,77.5,0,90,1.0,2,0.0
2.75,0.1593410769217493,77.50000284359693,1,90,1.0,2,5.8630864561995826e-08
2.755,0.3291989194808569,77.50000548419933,0,90,1.0,2,1.1307627494144193e-07
2.76,0.5672906802982638,77.50001124088986,0,90,1.0,2,2.317709249813767e-07
2.765,0.815339152120446,77.50002536697961,0,90,1.0,2,5.230305075000024e-07
2.77,0.9768711246313155,77.50006389056809,0,90,1.0,2,1.3173313007395262e-06
2.775,0.9726380909165361,77.50017550461766,0,90,1.0,2,3.6186519104816886e-06
2.78,0.7921091683291741,77.50050312573545,0,90,1.0,2,1.037372650410024e-05
2.785,0.49139090102639077,77.50144560488555,0,90,1.0,2,2.9806286299926985e-05
2.79,0.15739335672107918,77.50405253381912,0,90,1.0,2,8.355739833237495e-05
2.795,-0.11102342218909485,77.51091584732082,0,90,1.0,2,0.0002250690169240588
2.8,-0.2314207883647528,77.52802210333864,0,90,1.0,2,0.0005777753265699489
2.805,-0.2029124434754801,77.56826624200473,0,90,1.0,2,0.0014075513815407234
2.81,-0.11151350554305876,77.65747108052543,0,90,1.0,2,0.003246826402586094
2.815,-0.039430666652076896,77.84353029025743,0,90,1.0,2,0.007083098768194506
2.82,-0.006087703519843621,78.208294728616,0,90,1.0,2,0.014604015023010236
2.825,0.005350271385530551,78.87971080766134,0,90,1.0,2,0.02844764551879051
2.83,0.010381647827441833,80.03860769687986,0,90,1.0,2,0.052342426739791025
2.835,0.015115203303506243,81.9114678020172,0,90,1.0,2,0.0909580990106639
2.84,0.021170964062928475,84.73967911802492,0,90,1.0,2,0.14927173439226646
2.845,0.029082821134029553,88.71983424376735,0,90,1.0,2,0.23133678853128561
2.85,0.03923107061708144,93.92009701837561,0,90,1.0,2,0.3385587014098065
2.855,0.051969043308817596,100.19265177353559,0,90,1.0,2,0.46788972728939354
2.86,0.06760532616283861,107.11553201194583,0,90,1.0,2,0.6106295260195017
2.865,0.08636519236693461,113.99980843728613,0,90,1.0,2,0.7525733698409512
2.87,0.10834733138818661,119.98355460807562,0,90,1.0,2,0.8759495795479509
2.875,0.1334809643017884,124.2034706308707,0,90,1.0,2,0.9629581573375402
2.88,0.16148868344343945,126.0,0,90,1.0,2,1.0
2.885,0.191860907532018,125.0896730388076,0,90,1.0,2,0.9812303719341774
2.89,0.22384764873847726,121.64309031720336,0,90,1.0,2,0.9101668106639867
2.895,0.25647215537198226,116.23941024525399,0,90,1.0,2,0.7987507267062679
2.9,0.2885689161419028,109.71438740562652,0,90,1.0,2,0.6642141733118871
2.905,0.31884566517832524,102.95711288915504,0,90,1.0,2,0.5248889255495884
2.91,0.3459657668955683,96.72341910788755,0,90,1.0,2,0.39635915686366086
2.915,0.3686441789190902,91.51813811820595,0,90,1.0,2,0.28903377563311244
2.92,0.3857476379544367,87.5651096594767,0,90,1.0,2,0.2075280342160145
2.925,0.3963882865005728,84.85055753012354,0,90,1.0,2,0.15155788721904204
2.93,0.4,83.20599367449054,0,90,1.0,2,0.11764935411320707
2.935,0.39638828650057273,82.39522658019695,0,90,1.0,2,0.10093250680818448
2.94,0.38574763795443656,82.18134970860318,0,90,1.0,2,0.09652267440418925
2.945,0.36864417891908974,82.36490781207327,0,90,1.0,2,0.10030737756852103
2.95,0.345965766895568,82.79649701173709,0,90,1.0,2,0.10920612395334202
2.955,0.3188456651783249,83.37281201706614,0,90,1.0,2,0.12108890756837398
2.96,0.28856891614190205,84.02539184144003,0,90,1.0,2,0.1345441616791758
2.965,0.2564721553719815,84.70859251846929,0,90,1.0,2,0.14863077357668636
2.97,0.22384764873847685,85.39005201648826,0,90,1.0,2,0.1626814848760465
2.975,0.19186090753201765,86.044472758779,0,90,1.0,2,0.17617469605729885
2.98,0.16148868344343878,86.65025529584166,0,90,1.0,2,0.1886650576462198
2.985,0.1334809643017881,87.18810890053072,0,90,1.0,2,0.19975482269135508
2.99,0.10834733138818531,87.64083038423249,0,90,1.0,2,0.2090892862728348
2.995,0.08636519236690572,87.99366494888493,0,90,1.0,2,0.21636422575020467
3.0,0.06760532616242629,88.23487689607546,0,90,1.0,2,0.2213376679603188
3.005,0.05196904332202373,88.35631072246048,0,90,1.0,2,0.2238414581950614
3.01,0.03923107185803287,88.35381801207184,0,90,1.0,2,0.22379006210457403
3.015,0.02908287038705761,88.22748246937488,0,90,1.0,2,0.22118520555412116
3.02,0.02117220077308346,87.98161207029037,0,90,1.0,2,0.21611571278949213
3.025,0.0151361834125735,87.62449423525337,0,90,1.0,2,0.20875245845883228
3.03,0.010626454858290009,87.1679318019965,0,90,1.0,2,0.199338800041165
3.035,0.007326255555493652,86.62659553682514,0,90,1.0,2,0.18817722756340485
3.04,0.004960179211183015,86.01724256371354,0,90,1.0,2,0.1756132487363616
3.045,0.0032978759379303545,85.35785865287932,0,90,1.0,2,0.16201770418307868
3.05,0.002153242296767213,84.66678530372789,0,90,1.0,2,0.1477687691490287
3.055,0.001380616732225004,83.96189001381458,0,90,1.0,2,0.1332348456456615
3.06,0.0008693106590991584,83.25983064690726,0,90,1.0,2,0.11875939478159302
3.065,0.000537524815942247,82.57545348721757,0,90,1.0,2,0.10464852550964067
3.07,0.0003263951340288585,81.92135081114074,0,90,1.0,2,0.09116187239465445
3.075,0.00019463030985187395,81.30758917718623,0,90,1.0,2,0.07850699334404598
3.08,0.00011397219555062695,80.74160562584288,0,90,1.0,2,0.06683722939882226
3.085,6.55403863487943e-05,80.22825686325584,0,90,1.0,2,0.05625271883001725
3.09,3.701184389455385e-05,79.76999719568829,0,90,1.0,2,0.046804065890480216
3.095,2.0525516217290957e-05,79.36715499256925,0,90,1.0,2,0.03849804108390215
3.1,1.1178128483661116e-05,79.01827487455601,0,90,1.0,2,0.03130463658878378
3.105,5.978135409912517e-06,78.72049337182925,0,90,1.0,2,0.0251648117902938
3.11,3.1396702713238487e-06,78.46991891897598,0,90,1.0,2,0.01999832822630882
3.115,1.6192875458531019e-06,78.26199201676988,0,90,1.0,2,0.015711175603502697
3.12,8.201353897972012e-07,78.09180740822781,0,90,1.0,2,0.01220221460263522
3.125,4.0791415086824765e-07,77.95438643595452,0,90,1.0,2,0.009368792493907593
3.13,1.9923866938774793e-07,77.8448937347729,0,90,1.0,2,0.007111211026245273
3.135,9.556527981051257e-08,77.75879759554243,0,90,1.0,2,0.005336032897782116
3.14,4.501406988770349e-08,77.69197742146481,0,90,1.0,2,0.003958297349789957
3.145,0.0,77.640784569316,0,90,1.0,2,0.0029027746250721038
3.15,0.0,77.60206455450907,0,90,1.0,2,0.0021044238043107246
3.155,0.0,77.5731492398329,0,90,1.0,2,0.0015082317491319794
3.16,0.0,77.55182743021956,0,90,1.0,2,0.0010686068086507364
3.165,0.0,77.53630149568863,0,90,1.0,2,0.0007484844471883127
3.17,0.0,77.52513647346169,0,90,1.0,2,0.0005182778033337254
3.175,0.0,77.51720676241366,0,90,1.0,2,0.0003547786064673088
3.18,0.0,77.511644181374,0,90,1.0,2,0.00024008621389681167
3.185,0.0,77.50778993342809,0,90,1.0,2,0.00016061718408424248
3.19,0.0,77.50515197226336,0,90,1.0,2,0.00010622623223428528
3.195,0.0,77.50336843577756,0,90,1.0,2,6.945228407339903e-05
3.2,0.0,77.50217719842811,0,90,1.0,2,4.489068923947381e-05
3.205,0.0,77.50139117811788,0,90,1.0,2,2.868408490484136e-05
3.21,0.0,77.50087878462313,0,90,1.0,2,1.8119270579912145e-05
3.215,0.0,77.50054877857231,0,90,1.0,2,1.1315022109465176e-05
3.22,0.0,77.50033878707026,0,90,1.0,2,6.985300417782878e-06
3.225,0.0,77.50020676236647,0,90,1.0,2,4.263141576790151e-06
3.23,0.0,77.50012474729766,0,90,1.0,2,2.5721092301349007e-06
3.235,0.0,77.50007440562757,0,90,1.0,2,1.5341366509712372e-06
3.24,0.0,77.5000438728055,0,90,1.0,2,9.045939279563829e-07
3.245,0.0,77.50002557407974,0,90,1.0,2,5.273006132535284e-07
3.25,0.0,77.50001473735715,0,90,1.0,2,3.038630339786548e-07
3.255,0.0,77.50000839564733,0,90,1.0,2,1.7310613046545994e-07
3.26,0.001684486749771458,77.50000472828614,0,90,1.0,2,9.74904359394451e-08
3.265,0.004172395771277602,77.50000263249952,0,90,1.0,2,5.4278340539238665e-08
3.27,0.009438687428818865,77.50000144893144,0,90,1.0,2,2.987487510067366e-08
3.275,0.019500507867137046,77.50000078839227,0,90,1.0,2,1.6255510733581387e-08
3.28,0.03679496976339974,77.50000042408398,0,90,1.0,2,8.743999558777732e-09
3.285,0.06340728953298436,77.50000022551548,0,90,1.0,2,4.649803676113958e-09
3.29,0.09979255396093453,77.5000001185539,0,90,1.0,2,2.4444102915911515e-09
3.295,0.14343835518453557,77.50000006161271,0,90,1.0,2,1.270365146410768e-09
3.3,0.18829581417209276,77.5000000316548,0,90,1.0,2,6.526764283671113e-10
3.305,0.2257481735193119,77.5000000160777,0,90,1.0,2,3.3149909850368374e-10
3.31,0.24718154073554727,77.50000000807279,0,90,1.0,2,1.664492507169945e-10
3.315,0.24718154074102772,77.50000000400718,0,90,1.0,2,8.262220232149817e-11
3.32,0.22574817354072055,77.50000000196638,0,90,1.0,2,4.054400801344189e-11
3.325,0.18829581422840957,77.50000000095392,0,90,1.0,2,1.9668408940467004e-11
3.33,0.14343835532456656,77.50000000045748,0,90,1.0,2,9.432491443129545e-12
3.335,0.09979255431561854,77.50000000021689,0,90,1.0,2,4.471877621926041e-12
3.34,0.06340729067170194,77.50000000010165,0,90,1.0,2,2.095881315007009e-12
3.345,0.03679497683410042,77.5000000000471,0,90,1.0,2,9.710262376531843e-13
3.35,0.019500578284482293,77.50000000002157,0,90,1.0,2,4.4478510222013693e-13
3.355,0.009439396781978427,77.50000000000976,0,90,1.0,2,2.0129602452255209e-13
3.36,0.004178588733610924,77.50000000000438,0,90,1.0,2,9.02462526243756e-14
3.365,0.0017299316936037381,77.50000000000193,0,90,1.0,2,3.984899466530871e-14
3.37,0.0008997325756988589,77.50000000000085,0,90,1.0,2,1.7580438822930315e-14
3.375,0.001634769674224814,77.50000000000037,0,90,1.0,2,7.618190156603136e-15
3.38,0.00614904736476635,77.50000000000016,0,90,1.0,2,3.2230804508705575e-15
3.385,0.02168080359963608,77.50000000000007,0,90,1.0,2,1.465036568577526e-15
3.39,0.06433400338904088,77.50000000000003,0,90,1.0,2,5.860146274310105e-16
3.395,0.1593410769217493,77.50000000000001,0,90,1.0,2,2.9300731371550523e-16
3.4,0.3291989194808569,77.5,0,90,1.0,2,0.0
3.405,0.5672906802982638,77.5,0,90,1.0,2,0.0
3.41,0.815339152120446,77.5,0,90,1.0,2,0.0
3.415,0.9768711246313155,77.50000284586159,1,90,1.0,2,5.8677558500516847e-08
3.42,0.9726380909165361,77.50000570245213,0,90,1.0,2,1.1757633254176457e-07
3.425,0.7921091683291741,77.50001225806744,0,90,1.0,2,2.527436586159141e-07
3.43,0.49139090102639077,77.50002942758579,0,90,1.0,2,6.067543461202937e-07
3.435,0.15739335672107918,77.50007969525397,0,90,1.0,2,1.6432011128453615e-06
3.44,-0.11102342218909485,77.50023533387187,0,90,1.0,2,4.8522447808367e-06
3.445,-0.2314207883647528,77.50071883774795,0,90,1.0,2,1.4821396865024148e-05
3.45,-0.2029124434754801,77.50217579271153,0,90,1.0,2,4.4861705392288955e-05
3.455,-0.11151350554305876,77.50635725002037,0,90,1.0,2,0.00013107732000766818
3.46,-0.039430666652076896,77.51768141331813,0,90,1.0,2,0.0003645652230542177
3.465,-0.006087703519843621,77.54648137072928,0,90,1.0,2,0.0009583787779233389
3.47,0.005350271385530551,77.61508024410816,0,90,1.0,2,0.002372788538312508
3.475,0.010381647827441833,77.76784731218491,0,90,1.0,2,0.005522624993503347
3.48,0.015115203303506243,78.08549326951349,0,90,1.0,2,0.012072026175535917
3.485,0.021170964062928475,78.70138007120593,0,90,1.0,2,0.024770723117648087
3.49,0.029082821134029553,79.81333731768606,0,90,1.0,2,0.047697676653320885
3.495,0.03923107061708144,81.67953161509834,0,90,1.0,2,0.08617590958965651
3.5,0.051969043308817596,84.58445788628454,0,90,1.0,2,0.1460712966244235
3.505,0.06760532616283861,88.76559186610127,0,90,1.0,2,0.23228024466188196
3.51,0.08636519236693461,94.30580224572596,0,90,1.0,2,0.34651138650981356
3.515,0.10834733138818661,101.01908127568012,0,90,1.0,2,0.4849295108387654
3.52,0.1334809643017884,108.37758909741606,0,90,1.0,2,0.6366513215962075
3.525,0.16148868344343945,115.53155299925712,0,90,1.0,2,0.7841557319434457
3.53,0.191860907532018,121.44932005335616,0,90,1.0,2,0.9061715474918796
3.535,0.22384764873847726,125.15631195469562,0,90,1.0,2,0.9826043701999098
3.54,0.25647215537198226,126.0,0,90,1.0,2,1.0
3.545,0.2885689161419028,123.8427949295679,0,90,1.0,2,0.9555215449395443
3.55,0.31884566517832524,119.10508764276156,0,90,1.0,2,0.8578368586136405
3.555,0.3459657668955683,112.64051130847515,0,90,1.0,2,0.7245466249170135
3.56,0.3686441789190902,105.4947173494078,0,90,1.0,2,0.5772106669980989
3.565,0.3857476379544367,98.64157127935391,0,90,1.0,2,0.4359086861722456
3.57,0.3963882865005728,92.7872202864701,0,90,1.0,2,0.3152004182777341
3.575,0.4,88.29055850091387,0,90,1.0,2,0.222485742286884
3.58,0.39638828650057273,85.19499150634792,0,90,1.0,2,0.15865961868758593
3.585,0.38574763795443656,83.32841126591062,0,90,1.0,2,0.1201734281631055
3.59,0.36864417891908974,82.41862451624381,0,90,1.0,2,0.10141493847925381
3.595,0.345965766895568,82.1853521137011,0,90,1.0,2,0.09660519822064124
3.6,0.3188456651783249,82.39306572658664,0,90,1.0,2,0.10088795312549777
3.605,0.28856891614190205,82.86818610804693,0,90,1.0,2,0.11068424965045211
3.61,0.2564721553719815,83.49352503596295,0,90,1.0,2,0.12357783579305044
3.615,0.22384764873847685,84.19327652565775,0,90,1.0,3,0.13800570155995362
3.62,0.19186090753201765,84.91762339581283,0,90,1.0,3,0.1529406885734603
3.625,0.16148868344343878,85.63113017574868,0,90,1.0,3,0.16765216857213774
3.63,0.1334809643017881,86.30565243766684,0,90,1.0,3,0.18155984407560488
3.635,0.10834733138818531,86.91685513029627,0,90,1.0,3,0.19416196144940762
3.64,0.08636519236690572,87.44305757969148,0,90,1.0,3,0.2050114964884842
3.645,0.06760532616242629,87.86533772288807,0,90,1.0,3,0.2137183035647025
3.65,0.05196904332202373,88.16817973634383,0,90,1.0,3,0.21996246879059445
3.655,0.03923107185803287,88.3402384667518,0,90,1.0,3,0.22351007147941854
3.66,0.02908287038705761,88.37498162664085,0,90,1.0,3,0.22422642529156384
3.665,0.02117220077308346,88.27108106749418,0,90,1.0,3,0.22208414572152949
3.67,0.0151361834125735,88.03249098378444,0,90,1.0,3,0.21716476255225653
3.675,0.010626454858290009,87.66819648788929,0,90,1.0,3,0.20965353583276886
3.68,0.007326255555493652,87.19165162443677,0,90,1.0,3,0.1998278685450881
3.685,0.004960179211183015,86.61995488836745,0,90,1.0,3,0.18804030697664836
3.69,0.0032978759379303545,85.97283240911523,0,90,1.0,3,0.1746975754456748
3.695,0.002153242296767213,85.27151291372265,0,90,1.0,3,0.16023737966438445
3.7,0.001380616732225004,84.53758349445417,0,90,1.0,3,0.14510481431864264
3.705,0.0008693106590991584,83.79191110989592,0,90,1.0,3,0.1297301259772355
3.71,0.000537524815942247,83.05370269529314,0,90,1.0,3,0.11450933392356989
3.715,0.0003263951340288585,82.33975866855332,0,90,1.0,3,0.09978883852687248
3.72,0.00019463030985187395,81.66395297564524,0,90,1.0,3,0.08585470052876794
3.725,0.00011397219555062695,81.03695029627794,0,90,1.0,3,0.07292681023253478
3.73,6.55403863487943e-05,80.46615012462807,0,90,1.0,3,0.06115773452841386
3.735,3.701184389455385e-05,79.95583016691808,0,90,1.0,3,0.05063567354470261
3.74,2.0525516217290957e-05,79.50744919237871,0,90,1.0,3,0.04139070499749928
3.745,1.1178128483661116e-05,79.12006270877623,0,90,1.0,3,0.03340335482012848
3.75,5.978135409912517e-06,78.7908034547283,0,90,1.0,3,0.02661450422120217
3.755,3.1396702713238487e-06,78.51538196065025,0,90,1.0,3,0.020935710528871037
3.76,1.6192875458531019e-06,78.28856917829346,0,90,1.0,3,0.016259158315329016
3.765,8.201353897972012e-07,78.1046320774523,0,90,1.0,3,0.012466640772212247
3.77,4.0791415086824765e-07,77.95770283268605,0,90,1.0,3,0.009437171807959853
3.775,1.9923866938774793e-07,77.8420716221398,0,90,1.0,3,0.007053023136903054
3.78,9.556527981051257e-08,77.75240126350023,0,90,1.0,3,0.005204149762891385
3.785,4.501406988770349e-08,77.68386837283725,0,90,1.0,3,0.0037911004708711957
3.79,0.0,77.63224022257143,0,90,1.0,3,0.0027266025272458896
3.795,0.0,77.593899037566,0,90,1.0,3,0.0019360626302268875
3.8,0.0,77.56582634489853,0,90,1.0,3,0.0013572442247118605
3.805,0.0,77.54555954431204,0,90,1.0,3,0.0009393720476709601
3.81,0.0,77.53113149901236,0,90,1.0,3,0.0006418865775744446
3.815,0.0,77.5210020517766,0,90,1.0,3,0.00043303199539392604
3.82,0.0,77.51398828420264,0,90,1.0,3,0.0002884182309822584
3.825,0.0,77.50919831335803,0,90,1.0,3,0.00018965594552633241
3.83,0.0,77.50597163128171,0,90,1.0,3,0.0001231264181795915
3.835,0.0,77.50382753172264,0,90,1.0,3,7.891817984814552e-05
3.84,0.0,77.50242206416318,0,90,1.0,3,4.9939467282149394e-05
3.845,0.0,77.50151319019876,0,90,1.0,3,3.119979791266787e-05
3.85,0.0,77.5009333454743,0,90,1.0,3,1.9244236583388782e-05
3.855,0.0,77.50056837159171,0,90,1.0,3,1.171900189095928e-05
3.86,0.0,77.50034171443933,0,90,1.0,3,7.045658542878787e-06
3.865,0.0,77.50020283146561,0,90,1.0,3,4.182092074523604e-06
3.87,0.0,77.50011886345717,0,90,1.0,3,2.450792931437352e-06
3.875,0.0,77.50006877053725,0,90,1.0,3,1.4179492217356982e-06
3.88,0.0,77.50003928235421,0,90,1.0,3,8.099454475996026e-07
3.885,0.0,77.50002215305511,0,90,1.0,3,4.567640229483398e-07
3.89,0.001684486749771458,77.50001233419412,0,90,1.0,3,2.5431328092204194e-07
3.895,0.004172395771277602,77.50000677998857,0,90,1.0,3,1.39793578701409e-07
3.9,0.009438687428818865,77.50000367949464,0,90,1.0,3,7.586586885858215e-08
3.905,0.019500507867137046,77.50000197146203,0,90,1.0,3,4.064870157768363e-08
3.91,0.03679496976339974,77.50000104286885,0,90,1.0,3,2.150245042272574e-08
3.915,0.06340728953298436,77.50000054464309,0,90,1.0,3,1.1229754354363397e-08
3.92,0.09979255396093453,77.50000028082472,0,90,1.0,3,5.7902004474018806e-09
3.925,0.14343835518453557,77.50000014295512,0,90,1.0,3,2.9475281688477126e-09
3.93,0.18829581417209276,77.50000007184642,0,90,1.0,3,1.481369382258656e-09
3.935,0.2257481735193119,77.50000003564934,0,90,1.0,3,7.350378541794027e-10
3.94,0.24718154073554727,77.5000000174638,0,90,1.0,3,3.6007844586886665e-10
3.945,0.24718154074102772,77.50000000844632,0,90,1.0,3,1.7415094795800654e-10
3.95,0.22574817354072055,77.50000000403308,0,90,1.0,3,8.315635465440153e-11
3.955,0.18829581422840957,77.50000000190128,0,90,1.0,3,3.920174150931116e-11
3.96,0.14343835532456656,77.50000000088491,0,90,1.0,3,1.824556542506451e-11
3.965,0.09979255431561854,77.50000000040662,0,90,1.0,3,8.383818267341751e-12
3.97,0.06340729067170194,77.50000000018447,0,90,1.0,3,3.803527939340973e-12
3.975,0.03679497683410042,77.50000000008262,0,90,1.0,3,1.7035445219419474e-12
3.98,0.019500578284482293,77.50000000003654,0,90,1.0,3,7.53321803562564e-13
3.985,0.009439396781978427,77.50000000001594,0,90,1.0,3,3.2875420598879686e-13
3.99,0.004178588733610924,77.50000000000688,0,90,1.0,3,1.4181553983830453e-13
3.995,0.0017299316936037381,77.50000000000293,0,90,1.0,3,6.035950662539408e-14
4.0,0.0008997325756988589,77.50000000000122,0,90,1.0,3,2.519862897953345e-14
4.005,0.001634769674224814,77.50000000000051,0,90,1.0,3,1.0548263293758189e-14
4.01,0.00614904736476635,77.50000000000021,0,90,1.0,3,4.395109705732579e-15
4.015,0.02168080359963608,77.50000000000009,0,90,1.0,3,1.7580438822930315e-15
4.02,0.06433400338904088,77.50000000000003,0,90,1.0,3,5.860146274310105e-16
4.025,0.1593410769217493,77.50000000000001,0,90,1.0,3,2.9300731371550523e-16
4.03,0.3291989194808569,77.5,0,90,1.0,3,0.0
4.035,0.5672906802982638,77.5,0,90,1.0,3,0.0
4.04,0.815339152120446,77.5,0,90,1.0,3,0.0
4.045,0.9768711246313155,77.50000284586159,1,90,1.0,3,5.8677558500516847e-08
4.05,0.9726380909165361,77.50000554640805,0,90,1.0,3,1.1435892881458993e-07
4.055,0.7921091683291741,77.50001151682932,0,90,1.0,3,2.374603983045426e-07
4.06,0.49139090102639077,77.50002643002445,0,90,1.0,3,5.449489576934416e-07
4.065,0.15739335672107918,77.50006790101995,0,90,1.0,3,1.4000210298195504e-06
4.07,-0.11102342218909485,77.50019028911501,0,90,1.0,3,3.923486907442379e-06
4.075,-0.2314207883647528,77.50055528372543,0,90,1.0,3,1.1449148977995606e-05
4.08,-0.2029124434754801,77.5016191003873,0,90,1.0,3,3.338351314024416e-05
4.085,-0.11151350554305876,77.50459268016454,0,90,1.0,3,9.469443638216635e-05
4.09,-0.039430666652076896,77.51248521717368,0,90,1.0,3,0.00025742715822012853
4.095,-0.006087703519843621,77.53227388620262,0,90,1.0,3,0.0006654409526312796
4.1,0.005350271385530551,77.57900721106344,0,90,1.0,3,0.0016290146611018807
4.105,0.010381647827441833,77.68277725789753,0,90,1.0,3,0.003768603255619115
4.11,0.015115203303506243,77.89914273187748,0,90,1.0,3,0.008229747049020112
4.115,0.021170964062928475,78.32227751227126,0,90,1.0,3,0.01695417551074755
4.12,0.029082821134029553,79.09751100293126,0,90,1.0,3,0.03293837119445889
4.125,0.03923107061708144,80.42630442384339,0,90,1.0,3,0.06033617368749259
4.13,0.051969043308817596,82.55354337917821,0,90,1.0,3,0.10419677070470533
4.135,0.06760532616283861,85.72706210298368,0,90,1.0,3,0.16963014645327176
4.14,0.08636519236693461,90.12554414875623,0,90,1.0,3,0.26032049791249967
4.145,0.10834733138818661,95.76438236317041,0,90,1.0,3,0.3765852033643384
4.15,0.1334809643017884,102.40631247838554,0,90,1.0,3,0.5135322160491865
4.155,0.16148868344343945,109.51624731799802,0,90,1.0,3,0.6601288106803715
4.16,0.191860907532018,116.29749655462248,0,90,1.0,3,0.7999483825695357
4.165,0.22384764873847726,121.82388594751711,0,90,1.0,3,0.9138945556189095
4.17,0.25647215537198226,125.24436869130892,0,90,1.0,3,0.9844199730166788
4.175,0.2885689161419028,126.0,0,90,1.0,3,1.0
4.18,0.31884566517832524,123.97778706854874,0,90,1.0,3,0.9583048880113142
4.185,0.3459657668955683,119.54358950815404,0,90,1.0,3,0.8668781341887432
4.19,0.3686441789190902,113.44132554854066,0,90,1.0,3,0.7410582587327972
4.195,0.3857476379544367,106.59703250521925,0,90,1.0,3,0.599938814540603
4.2,0.3963882865005728,99.89899699454637,0,90,1.0,3,0.46183498957827557
4.205,0.4,94.02516929242782,0,90,1.0,3,0.3407251400500581
4.21,0.39638828650057273,89.3603322958374,0,90,1.0,3,0.24454293393479165
4.215,0.38574763795443656,86.00561321118767,0,90,1.0,3,0.1753734682719106
4.22,0.36864417891908974,83.85152120488316,0,90,1.0,3,0.13095920010068363
4.225,0.345965766895568,82.67378992307566,0,90,1.0,3,0.10667608088815793
4.23,0.3188456651783249,82.21795644486333,0,90,1.0,3,0.09727745247140893
4.235,0.28856891614190205,82.25491311032039,0,90,1.0,3,0.09803944557361624
4.24,0.2564721553719815,82.60568848479885,0,90,1.0,3,0.10527192752162572
4.245,0.22384764873847685,83.14350119463039,0,90,1.0,3,0.11636084937382245
4.25,0.19186090753201765,83.78381880877807,0,90,1.0,3,0.12956327440779516
4.255,0.16148868344343878,84.47111934410529,0,90,1.0,3,0.14373441946608845
4.26,0.1334809643017881,85.16736816282359,0,90,1.0,3,0.15809006521285757
4.265,0.10834733138818531,85.84401473859923,0,90,1.0,3,0.17204154100204594
4.27,0.08636519236690572,86.47738375513784,0,90,1.0,3,0.18510069598222342
4.275,0.06760532616242629,87.04656798666497,0,90,1.0,3,0.1968364533332983
4.28,0.05196904332202373,87.53286735530213,0,90,1.0,3,0.2068632444392192
4.285,0.03923107185803287,87.92003875076709,0,90,1.0,3,0.21484615980963073
4.29,0.02908287038705761,88.1948762403954,0,90,1.0,3,0.22051291217310107
4.295,0.02117220077308346,88.34783554716185,0,90,1.0,3,0.22366671231261545
4.3,0.0151361834125735,88.37354028569607,0,90,1.0,3,0.22419670692156837
4.305,0.010626454858290009,88.27108106749418,0,90,1.0,3,0.22208414572152949
4.31,0.007326255555493652,88.04406438191086,0,90,1.0,3,0.21740338931774963
4.315,0.004960179211183015,87.70040053904515,0,90,1.0,3,0.21031753688752883
4.32,0.0032978759379303545,87.25184573884796,0,90,1.0,3,0.20106898430614353
4.325,0.002153242296767213,86.71333452777212,0,90,1.0,3,0.18996566036643545
4.33,0.001380616732225004,86.10215528685912,0,90,1.0,3,0.17736402653317765
4.335,0.0008693106590991584,85.43703209507676,0,90,1.0,3,0.16365014629024247
4.34,0.000537524815942247,84.73718067857484,0,90,1.0,3,0.14922022017680092
4.345,0.0003263951340288585,84.02140412721407,0,90,1.0,3,0.1344619407673004
4.35,0.00019463030985187395,83.30728624532938,0,90,1.0,3,0.11973786072844081
4.355,0.00011397219555062695,82.61052800894745,0,90,1.0,3,0.10537171152468978
4.36,6.55403863487943e-05,81.94445724555983,0,90,1.0,3,0.09163829372288314
4.365,3.701184389455385e-05,81.31972513974611,0,90,1.0,3,0.07875721937620848
4.37,2.0525516217290957e-05,80.74418725350604,0,90,1.0,3,0.06689045883517611
4.375,1.1178128483661116e-05,80.22295293316265,0,90,1.0,3,0.056143359446652476
4.38,5.978135409912517e-06,79.75857634759942,0,90,1.0,3,0.046568584486585886
4.385,3.1396702713238487e-06,79.35135557138227,0,90,1.0,3,0.038172279822314865
4.39,1.6192875458531019e-06,78.9997032039245,0,90,1.0,3,0.030921715544834992
4.395,8.201353897972012e-07,78.70055267993662,0,90,1.0,3,0.02475366350384785
4.4,4.0791415086824765e-07,78.44976802421002,0,90,1.0,3,0.01958284586000033
4.405,1.9923866938774793e-07,78.24253048240675,0,90,1.0,3,0.015309906853747415
4.41,9.556527981051257e-08,78.07368229950097,0,90,1.0,3,0.011828501020638621
4.415,4.501406988770349e-08,77.93801505095327,0,90,1.0,3,0.009031238163984913
4.42,0.0,77.8304966317818,0,90,1.0,3,0.006814363541892754
4.425,0.0,77.74643674394598,0,90,1.0,3,0.005081169978267584
4.43,0.0,77.68159517563214,0,90,1.0,3,0.0037442304254049416
4.435,0.0,77.63224022257143,0,90,1.0,3,0.0027266025272458896
4.44,0.0,77.59516631581924,0,90,1.0,3,0.0019621920787472524
4.445,0.0,77.56768046943643,0,90,1.0,3,0.0013954735966273202
4.45,0.0,77.54756679479637,0,90,1.0,3,0.0009807586555951992
4.455,0.0,77.53303732186714,0,90,1.0,3,0.0006811818941678587
4.46,0.0,77.52267598708985,0,90,1.0,3,0.00046754612556401535
4.465,0.0,77.51538112097494,0,90,1.0,3,0.0003171365149471419
4.47,0.0,77.51031027372,0,90,1.0,3,0.00021258296329886004
4.475,0.0,77.50682987606086,0,90,1.0,3,0.00014082218682191167
4.48,0.0,77.50447111531227,0,90,1.0,3,9.218794458289717e-05
4.485,0.0,77.50289253977044,0,90,1.0,3,5.963999526685941e-05
4.49,0.0,77.50184928236199,0,90,1.0,3,3.812953323686604e-05
4.495,0.0,77.50116838920664,0,90,1.0,3,2.4090499105981152e-05
4.5,0.0,77.50072951170684,0,90,1.0,3,1.5041478491477542e-05
4.505,0.0,77.50045012943687,0,90,1.0,3,9.281019316924508e-06
4.51,0.0,77.50027447512092,0,90,1.0,3,5.659280843666547e-06
4.515,0.0,77.50016539751311,0,90,1.0,3,3.4102580023678343e-06
4.52,0.0,77.50009849527245,0,90,1.0,3,2.03083035986901e-06
4.525,0.0,77.50005796451639,0,90,1.0,3,1.1951446677676826e-06
4.53,0.0,77.50003371083174,0,90,1.0,3,6.950686957497027e-07
4.535,0.0,77.50001937479605,0,90,1.0,3,3.9948033100493557e-07
4.54,0.0,77.50001100437119,0,90,1.0,3,2.2689425130939178e-07
4.545,0.001684486749771458,77.50000617666068,0,90,1.0,3,1.2735382837650157e-07
4.55,0.004172395771277602,77.50000342612084,0,90,1.0,3,7.064166682998944e-08
4.555,0.009438687428818865,77.5000018780711,0,90,1.0,3,3.872311552739345e-08
4.56,0.019500507867137046,77.50000101737673,0,90,1.0,3,2.097683983903181e-08
4.565,0.03679496976339974,77.50000054464309,0,90,1.0,3,1.1229754354363397e-08
4.57,0.06340728953298436,77.50000028813938,0,90,1.0,3,5.941018050939466e-09
4.575,0.09979255396093453,77.50000015064462,0,90,1.0,3,3.106074719306486e-09
4.58,0.14343835518453557,77.50000007783323,0,90,1.0,3,1.6048089684172924e-09
4.585,0.18829581417209276,77.50000003974084,0,90,1.0,3,8.193987619004887e-10
4.59,0.2257481735193119,77.50000002005254,0,90,1.0,3,4.134544161791654e-10
4.595,0.24718154073554727,77.50000000999913,0,90,1.0,3,2.061675641203861e-10
4.6,0.24718154074102772,77.50000000492737,0,90,1.0,3,1.0159530490651828e-10
4.605,0.22574817354072055,77.50000000239955,0,90,1.0,3,4.94751639428042e-11
4.61,0.18829581422840957,77.50000000115479,0,90,1.0,3,2.381006731983567e-11
4.615,0.14343835532456656,77.5000000005492,0,90,1.0,3,1.132385365316313e-11
4.62,0.09979255431561854,77.50000000025813,0,90,1.0,3,5.322184846328437e-12
4.625,0.06340729067170194,77.5000000001199,0,90,1.0,3,2.4721027058177174e-12
4.63,0.03679497683410042,77.50000000005502,0,90,1.0,3,1.1345243187064363e-12
4.635,0.019500578284482293,77.50000000002495,0,90,1.0,3,5.145208428844272e-13
4.64,0.009439396781978427,77.50000000001118,0,90,1.0,3,2.305967558941026e-13
4.645,0.004178588733610924,77.50000000000496,0,90,1.0,3,1.0225955248671133e-13
4.65,0.0017299316936037381,77.50000000000217,0,90,1.0,3,4.48301189984723e-14
4.655,0.0008997325756988589,77.50000000000094,0,90,1.0,3,1.9338482705223346e-14
4.66,0.001634769674224814,77.5000000000004,0,90,1.0,3,8.204204784034146e-15
4.665,0.00614904736476635,77.50000000000017,0,90,1.0,3,3.516087764586063e-15
4.67,0.02168080359963608,77.50000000000007,0,90,1.0,3,1.465036568577526e-15
4.675,0.06433400338904088,77.50000000000003,0,90,1.0,3,5.860146274310105e-16
4.68,0.1593410769217493,77.50000000000001,0,90,1.0,3,2.9300731371550523e-16
4.685,0.3291989194808569,77.5,0,90,1.0,3,0.0
4.69,0.5672906802982638,77.5,0,90,1.0,3,0.0
4.695,0.815339152120446,77.5,0,90,1.0,3,0.0
4.7,0.9768711246313155,77.50000284150002,1,90,1.0,3,5.858762928180591e-08
4.705,0.9726380909165361,77.5000055087254,0,90,1.0,3,1.1358196688794948e-07
4.71,0.7921091683291741,77.50001136395807,0,90,1.0,3,2.3430841373428661e-07
4.715,0.49139090102639077,77.50002585890292,0,90,1.0,3,5.331732559967612e-07
4.72,0.15739335672107918,77.50006577270929,0,90,1.0,3,1.356138335905626e-06
4.725,-0.11102342218909485,77.50018247875063,0,90,1.0,3,3.76244846661487e-06
4.73,-0.2314207883647528,77.50052776496497,0,90,1.0,3,1.0881751855078582e-05
4.735,-0.2029124434754801,77.50152756139154,0,90,1.0,3,3.1496111165786474e-05
4.74,-0.11151350554305876,77.50430755613382,0,90,1.0,3,8.88155903881271e-05
4.745,-0.039430666652076896,77.5116563600092,0,90,1.0,3,0.00024033731977727622
4.75,-0.006087703519843621,77.53002739545968,0,90,1.0,3,0.0006191215558697577
4.755,0.005350271385530551,77.57333096905042,0,90,1.0,3,0.0015119787433075698
4.76,0.010381647827441833,77.66940490223725,0,90,1.0,3,0.0034928845822112743
4.765,0.015115203303506243,77.86976747664984,0,90,1.0,3,0.007624071683501874
4.77,0.021170964062928475,78.26211431813414,0,90,1.0,3,0.01571369728111625
4.775,0.029082821134029553,78.98267513398078,0,90,1.0,3,0.03057062131919128
4.78,0.03923107061708144,80.22218766058688,0,90,1.0,3,0.05612758063065738
4.785,0.051969043308817596,82.21612057642412,0,90,1.0,3,0.09723959951389932
4.79,0.06760532616283861,85.20932922752098,0,90,1.0,3,0.15895524180455634
4.795,0.08636519236693461,89.39039798617173,0,90,1.0,3,0.24516284507570588
4.8,0.10834733138818661,94.8028006534978,0,90,1.0,3,0.35675877636077935
4.805,0.1334809643017884,101.25612781731577,0,90,1.0,3,0.48981706839826333
4.81,0.16148868344343945,108.27370857382006,0,90,1.0,3,0.6345094551303105
4.815,0.191860907532018,115.11341104223824,0,90,1.0,3,0.775534248293572
4.82,0.22384764873847726,120.88000833622657,0,90,1.0,4,0.8944331615716817
4.825,0.25647215537198226,124.71329532894552,0,90,1.0,4,0.9734700067823818
4.83,0.2885689161419028,126.0,0,90,1.0,4,1.0
4.835,0.31884566517832524,124.53834900968857,0,90,1.0,4,0.9698628661791459
4.84,0.3459657668955683,120.59493192202842,0,90,1.0,4,0.8885552973614108
4.845,0.3686441789190902,114.83222413300682,0,90,1.0,4,0.7697365800619963
4.85,0.3857476379544367,108.13422420586735,0,90,1.0,4,0.6316334887807702
4.855,0.3963882865005728,101.3936098555063,0,90,1.0,4,0.492651749598068
4.86,0.4,95.33064507931,0,90,1.0,4,0.3676421665837114
4.865,0.39638828650057273,90.39185276201252,0,90,1.0,4,0.2658113971548973
4.87,0.38574763795443656,86.73955542986523,0,90,1.0,4,0.19050629752299453
4.875,0.36864417891908974,84.31059562557269,0,90,1.0,4,0.14042465207366367
4.88,0.345965766895568,82.9065602268215,0,90,1.0,4,0.11147546859425768
4.885,0.3188456651783249,82.28033336831763,0,90,1.0,4,0.09856357460448717
4.89,0.28856891614190205,82.19778113694667,0,90,1.0,4,0.09686146674116852
4.895,0.2564721553719815,82.46927305071628,0,90,1.0,4,0.1024592381590986
4.9,0.22384764873847685,82.95682150774277,0,90,1.0,4,0.11251178366479946
4.905,0.19186090753201765,83.56687754099825,0,90,1.0,4,0.12509025857728348
4.91,0.16148868344343878,84.23787322707521,0,90,1.0,4,0.1389252211768085
4.915,0.1334809643017881,84.92832444149448,0,90,1.0,4,0.15316132869060786
4.92,0.10834733138818531,85.60801881012263,0,90,1.0,4,0.16717564556953876
4.925,0.08636519236690572,86.25260772478875,0,90,1.0,4,0.18046613865543806
4.93,0.06760532616242629,86.84089403560439,0,90,1.0,4,0.19259575331143078
4.935,0.05196904332202373,87.35388295636871,0,90,1.0,4,0.20317284446121045
4.94,0.03923107185803287,87.77481720348132,0,90,1.0,4,0.21185190110270763
4.945,0.02908287038705761,88.08966243795557,0,90,1.0,4,0.21834355542176428
4.95,0.02117220077308346,88.28771551986046,0,90,1.0,4,0.22242712412083412
4.955,0.0151361834125735,88.36214631799686,0,90,1.0,4,0.22396177975251258
4.96,0.010626454858290009,88.31036736727964,0,90,1.0,4,0.22289417252122967
4.965,0.007326255555493652,88.13417633763018,0,90,1.0,4,0.21926136778618927
4.97,0.004960179211183015,87.83965035915766,0,90,1.0,4,0.213188667199127
4.975,0.0032978759379303545,87.43679744267308,0,90,1.0,4,0.20488242149841407
4.98,0.002153242296767213,86.9389917989111,0,90,1.0,4,0.1946183876064145
4.985,0.001380616732225004,86.36223716698538,0,90,1.0,4,0.18272653952547177
4.99,0.0008693106590991584,85.72431461211428,0,90,1.0,4,0.16957349715699555
4.995,0.000537524815942247,85.04387789533241,0,90,1.0,4,0.15554387413056525
5.0,0.0003263951340288585,84.33956014461978,0,90,1.0,4,0.14102185865195427
5.005,0.00019463030985187395,83.62915046826862,0,90,1.0,4,0.1263742364591468
5.01,0.00011397219555062695,82.92888923969679,0,90,1.0,4,0.11193586061230489
5.015,6.55403863487943e-05,82.25291740154772,0,90,1.0,4,0.09799829693912823
5.02,3.701184389455385e-05,81.61289990625842,0,90,1.0,4,0.08480205992285401
5.025,2.0525516217290957e-05,81.01782800176962,0,90,1.0,4,0.07253253611896114
5.03,1.1178128483661116e-05,80.47399100328275,0,90,1.0,4,0.0613194021295412
5.035,5.978135409912517e-06,79.9850966673004,0,90,1.0,4,0.05123910654227622
5.04,3.1396702713238487e-06,79.55251108450634,0,90,1.0,4,0.04231981617538835
5.045,1.6192875458531019e-06,79.17558445710158,0,90,1.0,4,0.034548133136115024
5.05,8.201353897972012e-07,78.85202811529082,0,90,1.0,4,0.027876868356511774
5.055,4.0791415086824765e-07,78.57831019218708,0,90,1.0,4,0.022233199838908767
5.06,1.9923866938774793e-07,78.35004180586505,0,90,1.0,4,0.01752663517247519
5.065,9.556527981051257e-08,78.16233155760507,0,90,1.0,4,0.013656320775362298
5.07,4.501406988770349e-08,78.01009280593172,0,90,1.0,4,0.01051737744189113
5.075,0.0,77.88829476616297,0,90,1.0,4,0.008006077652844772
5.08,0.0,77.79215442099877,0,90,1.0,4,0.006023802494820002
5.085,0.0,77.71727110655786,0,90,1.0,4,0.004479816630058962
5.09,0.0,77.65970925268655,0,90,1.0,4,0.003292974282196985
5.095,0.0,77.61603707332719,0,90,1.0,4,0.0023925169758183882
5.1,0.0,77.58333012691409,0,90,1.0,4,0.0017181469466823053
5.105,0.0,77.55914879585012,0,90,1.0,4,0.0012195628010334112
5.11,0.0,77.54149811404007,0,90,1.0,4,0.0008556312173209687
5.115,0.0,77.52877725728622,0,90,1.0,4,0.0005933455110561316
5.12,0.0,77.51972463735181,0,90,1.0,4,0.0004066935536456509
5.125,0.0,77.51336310074132,0,90,1.0,4,0.00027552785033640716
5.13,0.0,77.50894837231351,0,90,1.0,4,0.0001845025219280774
5.135,0.0,77.50592269592266,0,90,1.0,4,0.00012211744170440163
5.14,0.0,77.50387465835057,0,90,1.0,4,7.988986289831832e-05
5.145,0.0,77.50250545138663,0,90,1.0,4,5.1658791476807595e-05
5.15,0.0,77.50160131633649,0,90,1.0,4,3.301683168021236e-05
5.155,0.0,77.50101159546982,0,90,1.0,4,2.0857638552975802e-05
5.16,0.0,77.5006316481158,0,90,1.0,4,1.3023672490711779e-05
5.165,0.0,77.50038983616128,0,90,1.0,4,8.037858995371654e-06
5.17,0.0,77.50023780863849,0,90,1.0,4,4.903270896659603e-06
5.175,0.0,77.50014338764066,0,90,1.0,4,2.9564461992214493e-06
5.18,0.0,77.50008545439401,0,90,1.0,4,1.7619462682629541e-06
5.185,0.0,77.5000503379664,0,90,1.0,4,1.0378962144255338e-06
5.19,0.0,77.50002930863025,0,90,1.0,4,6.04301654562995e-07
5.195,0.0,77.50001686684932,0,90,1.0,4,3.47770089106656e-07
5.2,0.0,77.50000959424924,0,90,1.0,4,1.9781957185729233e-07
5.205,0.001684486749771458,77.50000539419466,0,90,1.0,4,1.1122050843190777e-07
5.21,0.004172395771277602,77.50000299764929,0,90,1.0,4,6.180720184911667e-08
5.215,0.009438687428818865,77.50000164654504,0,90,1.0,4,3.394938235689233e-08
5.22,0.019500507867137046,77.50000089393305,0,90,1.0,4,1.8431609246878916e-08
5.225,0.03679496976339974,77.50000047970579,0,90,1.0,4,9.890841025930826e-09
5.23,0.06340728953298436,77.5000002544389,0,90,1.0,4,5.246162926755695e-09
5.235,0.09979255396093453,77.50000013339228,0,90,1.0,4,2.750356222265706e-09
5.24,0.14343835518453557,77.50000006912201,0,90,1.0,4,1.4251960711243151e-09
5.245,0.18829581417209276,77.50000003540305,0,90,1.0,4,7.299597444253993e-10
5.25,0.2257481735193119,77.5000000179227,0,90,1.0,4,3.695402380433678e-10
5.255,0.24718154073554727,77.5000000089682,0,90,1.0,4,1.8491134854689477e-10
5.26,0.24718154074102772,77.50000000443552,0,90,1.0,4,9.145402877151092e-11
5.265,0.22574817354072055,77.50000000216832,0,90,1.0,4,4.4707641941339216e-11
5.27,0.18829581422840957,77.50000000104771,0,90,1.0,4,2.160225721098934e-11
5.275,0.14343835532456656,77.50000000050038,0,90,1.0,4,1.0317080523236655e-11
5.28,0.09979255431561854,77.5000000002362,0,90,1.0,4,4.870074561265413e-12
5.285,0.06340729067170194,77.5000000001102,0,90,1.0,4,2.272271717863743e-12
5.29,0.03679497683410042,77.50000000005083,0,90,1.0,4,1.0480871611603622e-12
5.295,0.019500578284482293,77.50000000002316,0,90,1.0,4,4.776019213562735e-13
5.3,0.009439396781978427,77.50000000001044,0,90,1.0,4,2.1536037558089634e-13
5.305,0.004178588733610924,77.50000000000465,0,90,1.0,4,9.581339158497021e-14
5.31,0.0017299316936037381,77.50000000000205,0,90,1.0,4,4.2193053175032755e-14
5.315,0.0008997325756988589,77.5000000000009,0,90,1.0,4,1.845946076407683e-14
5.32,0.001634769674224814,77.50000000000038,0,90,1.0,4,7.911197470318642e-15
5.325,0.00614904736476635,77.50000000000016,0,90,1.0,4,3.2230804508705575e-15
5.33,0.02168080359963608,77.50000000000007,0,90,1.0,4,1.465036568577526e-15
5.335,0.06433400338904088,77.50000000000003,0,90,1.0,4,5.860146274310105e-16
5.34,0.1593410769217493,77.50000000000001,0,90,1.0,4,2.9300731371550523e-16
5.345,0.3291989194808569,77.5,0,90,1.0,4,0.0
5.35,0.5672906802982638,77.5,0,90,1.0,4,0.0
5.355,0.815339152120446,77.5,0,90,1.0,4,0.0
5.36,0.9768711246313155,77.50000284154457,1,90,1.0,4,5.8588547859734405e-08
5.365,0.9726380909165361,77.5000053717146,0,90,1.0,4,1.1075700192038508e-07
5.37,0.7921091683291741,77.50001074298208,0,90,1.0,4,2.2150478524466606e-07
5.375,0.49139090102639077,77.50002348679206,0,90,1.0,4,4.842637538073627e-07
5.38,0.15739335672107918,77.50005697009982,0,90,1.0,4,1.1746412333992601e-06
5.385,-0.11102342218909485,77.50015058918197,0,90,1.0,4,3.1049315870189172e-06
5.39,-0.2314207883647528,77.50041701098533,0,90,1.0,4,8.598164645990409e-06
5.395,-0.2029124434754801,77.50116397212096,0,90,1.0,4,2.3999425174501196e-05
5.4,-0.11151350554305876,77.50318753865302,0,90,1.0,4,6.572244645408506e-05
5.405,-0.039430666652076896,77.5084286730719,0,90,1.0,4,0.00017378707364751163
5.41,-0.006087703519843621,77.52133349932207,0,90,1.0,4,0.0004398659654034723
5.415,0.005350271385530551,77.55144481044628,0,90,1.0,4,0.001060717741160502
5.42,0.010381647827441833,77.61790113559184,0,90,1.0,4,0.002430951249316211
5.425,0.015115203303506243,77.75645242828497,0,90,1.0,4,0.005287678933710787
5.43,0.021170964062928475,78.02903573913586,0,90,1.0,4,0.010907953384244619
5.435,0.029082821134029553,78.53459389389398,0,90,1.0,4,0.02133183286379348
5.44,0.03923107061708144,79.41759052329515,0,90,1.0,4,0.03953794893392055
5.445,0.051969043308817596,80.86806634460993,0,90,1.0,4,0.0694446668991738
5.45,0.06760532616283861,83.10540651559467,0,90,1.0,4,0.11557539207411682
5.455,0.08636519236693461,86.3392095926369,0,90,1.0,4,0.18225174417808052
5.46,0.10834733138818661,90.70649228025296,0,90,1.0,4,0.27229880990212285
5.465,0.1334809643017884,96.1949399697833,0,90,1.0,4,0.3854626797893465
5.47,0.16148868344343945,102.57400864906828,0,90,1.0,4,0.5169898690529542
5.475,0.191860907532018,109.36346526476575,0,90,1.0,4,0.656978665252902
5.48,0.22384764873847726,115.86591368470812,0,90,1.0,4,0.7910497666950127
5.485,0.25647215537198226,121.27294452158014,0,90,1.0,4,0.9025349385892814
5.49,0.2885689161419028,124.82763298613727,0,90,1.0,4,0.9758274842502531
5.495,0.31884566517832524,126.0,0,90,1.0,4,1.0
5.5,0.3459657668955683,124.61989252433693,0,90,1.0,4,0.9715441757595243
5.505,0.3686441789190902,120.92169697246845,0,90,1.0,4,0.8952927210818238
5.51,0.3857476379544367,115.48501558588413,0,90,1.0,4,0.7831961976470954
5.515,0.3963882865005728,109.09225998185437,0,90,1.0,4,0.6513868037495746
5.52,0.4,102.5515725266867,0,90,1.0,4,0.5165272685914784
5.525,0.39638828650057273,96.54013006952228,0,90,1.0,4,0.392580001433449
5.53,0.38574763795443656,91.50802050032742,0,90,1.0,4,0.2888251649552045
5.535,0.36864417891908974,87.65583209467765,0,90,1.0,4,0.2093985998902608
5.54,0.345965766895568,84.9730956654149,0,90,1.0,4,0.15408444670958563
5.545,0.3188456651783249,83.30975988570115,0,90,1.0,4,0.11978886362270422
5.55,0.28856891614190205,82.45172028278404,0,90,1.0,4,0.10209732541822758
5.555,0.2564721553719815,82.18025697684484,0,90,1.0,4,0.09650014385247103
5.56,0.22384764873847685,82.30741319769757,0,90,1.0,4,0.09912192160201176
5.565,0.19186090753201765,82.68926270610598,0,90,1.0,4,0.1069951073423913
5.57,0.16148868344343878,83.2241320744651,0,90,1.0,4,0.11802334174154852
5.575,0.1334809643017881,83.8435168279006,0,90,1.0,4,0.13079416140001238
5.58,0.10834733138818531,84.50150236715587,0,90,1.0,4,0.14436087354960547
5.585,0.08636519236690572,85.16587686988788,0,90,1.0,4,0.15805931690490477
5.59,0.06760532616242629,85.81199492104422,0,90,1.0,4,0.1713813385782313
5.595,0.05196904332202373,86.41920641796344,0,90,1.0,4,0.18390116325697808
5.6,0.03923107185803287,86.96917992923366,0,90,1.0,4,0.19524082328316827
5.605,0.02908287038705761,87.44541920646472,0,90,1.0,4,0.20506018982401486
5.61,0.02117220077308346,87.83342707600346,0,90,1.0,4,0.21306035208254556
5.615,0.0151361834125735,88.1211518756908,0,90,1.0,4,0.21899282217919175
5.62,0.010626454858290009,88.29949305211028,0,90,1.0,4,0.22266995983732535
5.625,0.007326255555493652,88.36273532154763,0,90,1.0,4,0.22397392415562128
5.63,0.004960179211183015,88.30883732354,0,90,1.0,4,0.22286262522762895
5.635,0.0032978759379303545,88.13953589889951,0,90,1.0,4,0.2193718742041136
5.64,0.002153242296767213,87.86025153974062,0,90,1.0,4,0.21361343380908487
5.645,0.001380616732225004,87.47979971200948,0,90,1.0,4,0.2057690662269996
5.65,0.0008693106590991584,87.00992868416755,0,90,1.0,4,0.19608100379726903
5.655,0.000537524815942247,86.46471740998916,0,90,1.0,4,0.18483953422658067
5.66,0.0003263951340288585,85.85987641344444,0,90,1.0,4,0.17236858584421524
5.665,0.00019463030985187395,85.21199997402755,0,90,1.0,4,0.15901030874283606
5.67,0.00011397219555062695,84.53781895883367,0,90,1.0,4,0.14510966925430244
5.675,6.55403863487943e-05,83.85350054309895,0,90,1.0,4,0.1310000111979164
5.68,3.701184389455385e-05,83.17403435574212,0,90,1.0,4,0.11699039908746645
5.685,2.0525516217290957e-05,82.51273515971924,0,90,1.0,4,0.10335536411792251
5.69,1.1178128483661116e-05,81.88088111637717,0,90,1.0,4,0.09032744569849831
5.695,5.978135409912517e-06,81.28749514724962,0,90,1.0,4,0.07809268344844567
5.7,3.1396702713238487e-06,80.73926599081013,0,90,1.0,4,0.0667889895012397
5.705,1.6192875458531019e-06,80.24059617216766,0,90,1.0,4,0.05650713757046714
5.71,8.201353897972012e-07,79.79375691779815,0,90,1.0,4,0.047293957068003066
5.715,4.0791415086824765e-07,79.39912541232576,0,90,1.0,4,0.039157224996407405
5.72,1.9923866938774793e-07,79.05547776723587,0,90,1.0,4,0.032071706540945794
5.725,9.556527981051257e-08,78.76031144478318,0,90,1.0,4,0.025985802985220293
5.73,4.501406988770349e-08,78.51017324373844,0,90,1.0,4,0.02082831430388527
5.735,0.0,78.30097276926729,0,90,1.0,4,0.016514902459119376
5.74,0.0,78.12826599064017,0,90,1.0,4,0.01295393795134378
5.745,0.0,77.98749847302761,0,90,1.0,4,0.010051514907785854
5.75,0.0,77.87420266617133,0,90,1.0,4,0.007715518890130479
5.755,0.0,77.78414786970576,0,90,1.0,4,0.005858718963005411
5.76,0.0,77.71344492859065,0,90,1.0,4,0.004400926362693753
5.765,0.0,77.6586102266577,0,90,1.0,4,0.0032703139517051565
5.77,0.0,77.61659513782196,0,90,1.0,4,0.0024040234602466038
5.775,0.0,77.58478784625699,0,90,1.0,4,0.0017482030156079722
5.78,0.0,77.56099450010981,0,90,1.0,4,0.001257618558965237
5.785,0.0,77.54340618910628,0,90,1.0,4,0.000894972971263469
5.79,0.0,77.53055741054968,0,90,1.0,4,0.0006300497020551748
5.795,0.0,77.521280672553,0,90,1.0,4,0.0004387767536701931
5.8,0.0,77.51466081314214,0,90,1.0,4,0.0003022848070544963
5.805,0.0,77.50999159166291,0,90,1.0,4,0.0002060121992352594
5.81,0.0,77.5067362035906,0,90,1.0,4,0.00013889079568259346
5.815,0.0,77.50449261953548,0,90,1.0,4,9.263133062852165e-05
5.82,0.0,77.50296406680117,0,90,1.0,4,6.11147794055557e-05
5.825,0.0,77.50193455126167,0,90,1.0,4,3.988765487978404e-05
5.83,0.0,77.5012490401714,0,90,1.0,4,2.5753405595913737e-05
5.835,0.0,77.50079776775692,0,90,1.0,4,1.644881973034083e-05
5.84,0.0,77.50050405794217,0,90,1.0,4,1.0392947261154929e-05
5.845,0.0,77.50031505643443,0,90,1.0,4,6.496008957339617e-06
5.85,0.0,77.5001948050246,0,90,1.0,4,4.016598445477752e-06
5.855,0.0,77.5001191559859,0,90,1.0,4,2.456824451536301e-06
5.86,0.0,77.5000721000363,0,90,1.0,4,1.4865986867166095e-06
5.865,0.0,77.50004315777153,0,90,1.0,4,8.898509593601591e-07
5.87,0.0,77.5000255556216,0,90,1.0,4,5.269200330859189e-07
5.875,0.0,77.50001496986195,0,90,1.0,4,3.086569474418735e-07
5.88,0.0,77.50000867467178,0,90,1.0,4,1.788592118673384e-07
5.885,0.0,77.5000049726995,0,90,1.0,4,1.0252988660148421e-07
5.89,0.0,77.50000281991028,0,90,1.0,4,5.8142479971494826e-08
5.895,0.0,77.50000158191183,0,90,1.0,4,3.261673879895864e-08
5.9,0.0,77.50000087787598,0,90,1.0,4,1.810053559499475e-08
5.905,0.0,77.50000048193445,0,90,1.0,4,9.936792776926202e-09
5.91,0.0,77.50000026172589,0,90,1.0,4,5.3964100450534765e-09
5.915,0.001684486749771458,77.50000014060777,0,90,1.0,4,2.899129220768185e-09
5.92,0.004172395771277602,77.5000000747267,0,90,1.0,4,1.540756690617142e-09
5.925,0.009438687428818865,77.50000003928676,0,90,1.0,4,8.100362992053372e-10
5.93,0.019500507867137046,77.50000002043245,0,90,1.0,4,4.212876737040357e-10
5.935,0.03679496976339974,77.50000001051232,0,90,1.0,4,2.1674893724059412e-10
5.94,0.06340728953298436,77.50000000535033,0,90,1.0,4,1.1031608158463286e-10
5.945,0.09979255396093453,77.50000000269381,0,90,1.0,4,5.5542466387911174e-11
5.95,0.14343835518453557,77.5000000013417,0,90,1.0,4,2.766399251713571e-11
5.955,0.18829581417209276,77.50000000066107,0,90,1.0,4,1.3630407226731589e-11
5.96,0.2257481735193119,77.50000000032222,0,90,1.0,4,6.643647831185366e-12
5.965,0.24718154073554727,77.50000000015537,0,90,1.0,4,3.2034489608516187e-12
5.97,0.24718154074102772,77.50000000007411,0,90,1.0,4,1.5280331410263597e-12
5.975,0.22574817354072055,77.50000000003497,0,90,1.0,4,7.210909990538583e-13
5.98,0.18829581422840957,77.50000000001633,0,90,1.0,4,3.3666540345911553e-13
5.985,0.14343835532456656,77.50000000000753,0,90,1.0,4,1.5529387626921778e-13
5.99,0.09979255431561854,77.50000000000344,0,90,1.0,4,7.090776991915227e-14
5.995,0.06340729067170194,77.50000000000155,0,90,1.0,4,3.193779719499007e-14
6.0,0.03679497683410042,77.5000000000007,0,90,1.0,4,1.4357358372059756e-14
6.005,0.019500578284482293,77.50000000000031,0,90,1.0,4,6.446160901741115e-15
6.01,0.009439396781978427,77.50000000000013,0,90,1.0,4,2.637065823439547e-15
6.015,0.004178588733610924,77.50000000000006,0,90,1.0,4,1.172029254862021e-15
6.02,0.0017299316936037381,77.50000000000003,0,90,1.0,4,5.860146274310105e-16
6.025,0.0008997325756988589,77.50000000000001,0,90,1.0,5,2.9300731371550523e-16
6.03,0.001634769674224814,77.5,0,90,1.0,5,0.0
6.035,0.00614904736476635,77.5,0,90,1.0,5,0.0
6.04,0.02168080359963608,77.5,0,90,1.0,5,0.0
6.045,0.06433400338904088,77.50000284154457,1,90,1.0,5,5.8588547859734405e-08
6.05,0.1593410769217493,77.5000053717146,0,90,1.0,5,1.1075700192038508e-07
6.055,0.3291989194808569,77.50001074298208,0,90,1.0,5,2.2150478524466606e-07
6.06,0.5672906802982638,77.50002348679206,0,90,1.0,5,4.842637538073627e-07
6.065,0.815339152120446,77.50005697009982,0,90,1.0,5,1.1746412333992601e-06
6.07,0.9768711246313155,77.50015058918197,0,90,1.0,5,3.1049315870189172e-06
6.075,0.9726380909165361,77.50041701098533,0,90,1.0,5,8.598164645990409e-06
6.08,0.7921091683291741,77.50116397212096,0,90,1.0,5,2.3999425174501196e-05
6.085,0.49139090102639077,77.50318753865302,0,90,1.0,5,6.572244645408506e-05
6.09,0.15739335672107918,77.5084286730719,0,90,1.0,5,0.00017378707364751163
6.095,-0.11102342218909485,77.52133349932207,0,90,1.0,5,0.0004398659654034723
6.1,-0.2314207883647528,77.55144481044628,0,90,1.0,5,0.001060717741160502
6.105,-0.2029124434754801,77.61790113559184,0,90,1.0,5,0.002430951249316211
6.11,-0.11151350554305876,77.75645242828497,0,90,1.0,5,0.005287678933710787
6.115,-0.039430666652076896,78.02903573913586,0,90,1.0,5,0.010907953384244619
6.12,-0.006087703519843621,78.53459389389398,0,90,1.0,5,0.02133183286379348
6.125,0.005350271385530551,79.41759052329515,0,90,1.0,5,0.03953794893392055
6.13,0.010381647827441833,80.86806634460993,0,90,1.0,5,0.0694446668991738
6.135,0.015115203303506243,83.10540651559467,0,90,1.0,5,0.11557539207411682
6.14,0.021170964062928475,86.3392095926369,0,90,1.0,5,0.18225174417808052
6.145,0.029082821134029553,90.70649228025296,0,90,1.0,5,0.27229880990212285
6.15,0.03923107061708144,96.1949399697833,0,90,1.0,5,0.3854626797893465
6.155,0.051969043308817596,102.57400864906828,0,90,1.0,5,0.5169898690529542
6.16,0.06760532616283861,109.36346526476575,0,90,1.0,5,0.656978665252902
6.165,0.08636519236693461,115.86591368470812,0,90,1.0,5,0.7910497666950127
6.17,0.10834733138818661,121.27294452158014,0,90,1.0,5,0.9025349385892814
6.175,0.1334809643017884,124.82763298613727,0,90,1.0,5,0.9758274842502531
6.18,0.16148868344343945,126.0,0,90,1.0,5,1.0
6.185,0.191860907532018,124.61989252433693,0,90,1.0,5,0.9715441757595243
6.19,0.22384764873847726,120.92169697246845,0,90,1.0,5,0.8952927210818238
6.195,0.25647215537198226,115.48501558588413,0,90,1.0,5,0.7831961976470954
6.2,0.2885689161419028,109.09225998185437,0,90,1.0,5,0.6513868037495746
6.205,0.31884566517832524,102.5515725266867,0,90,1.0,5,0.5165272685914784
6.21,0.3459657668955683,96.54013006952228,0,90,1.0,5,0.392580001433449
6.215,0.3686441789190902,91.50802050032742,0,90,1.0,5,0.2888251649552045
6.22,0.3857476379544367,87.65583209467765,0,90,1.0,5,0.2093985998902608
6.225,0.3963882865005728,84.9730956654149,0,90,1.0,5,0.15408444670958563
6.23,0.4,83.30975988570115,0,90,1.0,5,0.11978886362270422
6.235,0.39638828650057273,82.45172028278404,0,90,1.0,5,0.10209732541822758
6.24,0.38574763795443656,82.18025697684484,0,90,1.0,5,0.09650014385247103
6.245,0.36864417891908974,82.30741319769757,0,90,1.0,5,0.09912192160201176
6.25,0.345965766895568,82.68926270610598,0,90,1.0,5,0.1069951073423913
6.255,0.3188456651783249,83.2241320744651,0,90,1.0,5,0.11802334174154852
6.26,0.28856891614190205,83.8435168279006,0,90,1.0,5,0.13079416140001238
6.265,0.2564721553719815,84.50150236715587,0,90,1.0,5,0.14436087354960547
6.27,0.22384764873847685,85.16587686988788,0,90,1.0,5,0.15805931690490477
6.275,0.19186090753201765,85.81199492104422,0,90,1.0,5,0.1713813385782313
6.28,0.16148868344343878,86.41920641796344,0,90,1.0,5,0.18390116325697808
6.285,0.1334809643017881,86.96917992923366,0,90,1.0,5,0.19524082328316827
6.29,0.10834733138818531,87.44541920646472,0,90,1.0,5,0.20506018982401486
6.295,0.08636519236690572,87.83342707600346,0,90,1.0,5,0.21306035208254556
6.3,0.06760532616242629,88.1211518756908,0,90,1.0,5,0.21899282217919175
6.305,0.05196904332202373,88.29949305211028,0,90,1.0,5,0.22266995983732535
6.31,0.03923107185803287,88.36273532154763,0,90,1.0,5,0.22397392415562128
6.315,0.02908287038705761,88.30883732354,0,90,1.0,5,0.22286262522762895
6.32,0.02117220077308346,88.13953589889951,0,90,1.0,5,0.2193718742041136
6.325,0.0151361834125735,87.86025153974062,0,90,1.0,5,0.21361343380908487
6.33,0.010626454858290009,87.47979971200948,0,90,1.0,5,0.2057690662269996
6.335,0.007326255555493652,87.00992868416755,0,90,1.0,5,0.19608100379726903
6.34,0.004960179211183015,86.46471740998916,0,90,1.0,5,0.18483953422658067
6.345,0.0032978759379303545,85.85987641344444,0,90,1.0,5,0.17236858584421524
6.35,0.002153242296767213,85.21199997402755,0,90,1.0,5,0.15901030874283606
6.355,0.001380616732225004,84.53781895883367,0,90,1.0,5,0.14510966925430244
6.36,0.0008693106590991584,83.85350054309895,0,90,1.0,5,0.1310000111979164
6.365,0.000537524815942247,83.17403435574212,0,90,1.0,5,0.11699039908746645
6.37,0.0003263951340288585,82.51273515971924,0,90,1.0,5,0.10335536411792251
6.375,0.00019463030985187395,81.88088111637717,0,90,1.0,5,0.09032744569849831
6.38,0.00011397219555062695,81.28749514724962,0,90,1.0,5,0.07809268344844567
6.385,6.55403863487943e-05,80.73926599081013,0,90,1.0,5,0.0667889895012397
6.39,3.701184389455385e-05,80.24059617216766,0,90,1.0,5,0.05650713757046714
6.395,2.0525516217290957e-05,79.79375691779815,0,90,1.0,5,0.047293957068003066
6.4,1.1178128483661116e-05,79.39912541232576,0,90,1.0,5,0.039157224996407405
6.405,5.978135409912517e-06,79.05547776723587,0,90,1.0,5,0.032071706540945794
6.41,3.1396702713238487e-06,78.76031144478318,0,90,1.0,5,0.025985802985220293
6.415,1.6192875458531019e-06,78.51017324373844,0,90,1.0,5,0.02082831430388527
6.42,8.201353897972012e-07,78.30097276926729,0,90,1.0,5,0.016514902459119376
6.425,4.0791415086824765e-07,78.12826599064017,0,90,1.0,5,0.01295393795134378
6.43,1.9923866938774793e-07,77.98749847302761,0,90,1.0,5,0.010051514907785854
6.435,9.556527981051257e-08,77.87420266617133,0,90,1.0,5,0.007715518890130479
6.44,4.501406988770349e-08,77.78414786970576,0,90,1.0,5,0.005858718963005411
6.445,0.0,77.71344492859065,0,90,1.0,5,0.004400926362693753
6.45,0.0,77.6586102266577,0,90,1.0,5,0.0032703139517051565
6.455,0.0,77.61659513782196,0,90,1.0,5,0.0024040234602466038
6.46,0.0,77.58478784625699,0,90,1.0,5,0.0017482030156079722
6.465,0.0,77.56099450010981,0,90,1.0,5,0.001257618558965237
6.47,0.0,77.54340618910628,0,90,1.0,5,0.000894972971263469
6.475,0.0,77.53055741054968,0,90,1.0,5,0.0006300497020551748
6.48,0.0,77.521280672553,0,90,1.0,5,0.0004387767536701931
6.485,0.0,77.51466081314214,0,90,1.0,5,0.0003022848070544963
6.49,0.0,77.50999159166291,0,90,1.0,5,0.0002060121992352594
6.495,0.0,77.5067362035906,0,90,1.0,5,0.00013889079568259346
6.5,0.0,77.50449261953548,0,90,1.0,5,9.263133062852165e-05
6.505,0.0,77.50296406680117,0,90,1.0,5,6.11147794055557e-05
6.51,0.0,77.50193455126167,0,90,1.0,5,3.988765487978404e-05
6.515,0.0,77.5012490401714,0,90,1.0,5,2.5753405595913737e-05
6.52,0.0,77.50079776775692,0,90,1.0,5,1.644881973034083e-05
6.525,0.0,77.50050405794217,0,90,1.0,5,1.0392947261154929e-05
6.53,0.0,77.50031505643443,0,90,1.0,5,6.496008957339617e-06
6.535,0.0,77.5001948050246,0,90,1.0,5,4.016598445477752e-06
6.54,0.0,77.5001191559859,0,90,1.0,5,2.456824451536301e-06
6.545,0.0,77.5000721000363,0,90,1.0,5,1.4865986867166095e-06
6.55,0.0,77.50004315777153,0,90,1.0,5,8.898509593601591e-07
6.555,0.001684486749771458,77.5000255556216,0,90,1.0,5,5.269200330859189e-07
6.56,0.004172395771277602,77.50001496986195,0,90,1.0,5,3.086569474418735e-07
6.565,0.009438687428818865,77.50000867467178,0,90,1.0,5,1.788592118673384e-07
6.57,0.019500507867137046,77.5000049726995,0,90,1.0,5,1.0252988660148421e-07
6.575,0.03679496976339974,77.50000281991028,0,90,1.0,5,5.8142479971494826e-08
6.58,0.06340728953298436,77.50000158191183,0,90,1.0,5,3.261673879895864e-08
6.585,0.09979255396093453,77.50000087787598,0,90,1.0,5,1.810053559499475e-08
6.59,0.14343835518453557,77.50000048193445,0,90,1.0,5,9.936792776926202e-09
6.595,0.18829581417209276,77.50000026172589,0,90,1.0,5,5.3964100450534765e-09
6.6,0.2257481735193119,77.50000014060777,0,90,1.0,5,2.899129220768185e-09
6.605,0.24718154073554727,77.5000000747267,0,90,1.0,5,1.540756690617142e-09
6.61,0.24718154074102772,77.50000003928676,0,90,1.0,5,8.100362992053372e-10
6.615,0.22574817354072055,77.50000002043245,0,90,1.0,5,4.212876737040357e-10
6.62,0.18829581422840957,77.50000001051232,0,90,1.0,5,2.1674893724059412e-10
6.625,0.14343835532456656,77.50000000535033,0,90,1.0,5,1.1031608158463286e-10
6.63,0.09979255431561854,77.50000000269381,0,90,1.0,5,5.5542466387911174e-11
6.635,0.06340729067170194,77.5000000013417,0,90,1.0,5,2.766399251713571e-11
6.64,0.03679497683410042,77.50000000066107,0,90,1.0,5,1.3630407226731589e-11
6.645,0.019500578284482293,77.50000000032222,0,90,1.0,5,6.643647831185366e-12
6.65,0.009439396781978427,77.50000000015537,0,90,1.0,5,3.2034489608516187e-12
6.655,0.004178588733610924,77.50000000007411,0,90,1.0,5,1.5280331410263597e-12
6.66,0.0017299316936037381,77.50000000003497,0,90,1.0,5,7.210909990538583e-13
6.665,0.0008997325756988589,77.50000000001633,0,90,1.0,5,3.3666540345911553e-13
6.67,0.001634769674224814,77.50000000000753,0,90,1.0,5,1.5529387626921778e-13
6.675,0.00614904736476635,77.50000000000344,0,90,1.0,5,7.090776991915227e-14
6.68,0.02168080359963608,77.50000000000155,0,90,1.0,5,3.193779719499007e-14
6.685,0.06433400338904088,77.5000000000007,0,90,1.0,5,1.4357358372059756e-14
6.69,0.1593410769217493,77.50000000000031,0,90,1.0,5,6.446160901741115e-15
6.695,0.3291989194808569,77.50000000000013,0,90,1.0,5,2.637065823439547e-15
6.7,0.5672906802982638,77.50000000000006,0,90,1.0,5,1.172029254862021e-15
6.705,0.815339152120446,77.50000000000003,0,90,1.0,5,5.860146274310105e-16
6.71,0.9768711246313155,77.50000000000001,0,90,1.0,5,2.9300731371550523e-16
6.715,0.9726380909165361,77.5,0,90,1.0,5,0.0
6.72,0.7921091683291741,77.5,0,90,1.0,5,0.0
6.725,0.49139090102639077,77.5,0,90,1.0,5,0.0
6.73,0.15739335672107918,77.50000284150002,1,90,1.0,5,5.858762928180591e-08
6.735,-0.11102342218909485,77.5000055087254,0,90,1.0,5,1.1358196688794948e-07
6.74,-0.2314207883647528,77.50001136395807,0,90,1.0,5,2.3430841373428661e-07
6.745,-0.2029124434754801,77.50002585890292,0,90,1.0,5,5.331732559967612e-07
6.75,-0.11151350554305876,77.50006577270929,0,90,1.0,5,1.356138335905626e-06
6.755,-0.039430666652076896,77.50018247875063,0,90,1.0,5,3.76244846661487e-06
6.76,-0.006087703519843621,77.50052776496497,0,90,1.0,5,1.0881751855078582e-05
6.765,0.005350271385530551,77.50152756139154,0,90,1.0,5,3.1496111165786474e-05
6.77,0.010381647827441833,77.50430755613382,0,90,1.0,5,8.88155903881271e-05
6.775,0.015115203303506243,77.5116563600092,0,90,1.0,5,0.00024033731977727622
6.78,0.021170964062928475,77.53002739545968,0,90,1.0,5,0.0006191215558697577
6.785,0.029082821134029553,77.57333096905042,0,90,1.0,5,0.0015119787433075698
6.79,0.03923107061708144,77.66940490223725,0,90,1.0,5,0.0034928845822112743
6.795,0.051969043308817596,77.86976747664984,0,90,1.0,5,0.007624071683501874
6.8,0.06760532616283861,78.26211431813414,0,90,1.0,5,0.01571369728111625
6.805,0.08636519236693461,78.98267513398078,0,90,1.0,5,0.03057062131919128
6.81,0.10834733138818661,80.22218766058688,0,90,1.0,5,0.05612758063065738
6.815,0.1334809643017884,82.21612057642412,0,90,1.0,5,0.09723959951389932
6.82,0.16148868344343945,85.20932922752098,0,90,1.0,5,0.15895524180455634
6.825,0.191860907532018,89.39039798617173,0,90,1.0,5,0.24516284507570588
6.83,0.22384764873847726,94.8028006534978,0,90,1.0,5,0.35675877636077935
6.835,0.25647215537198226,101.25612781731577,0,90,1.0,5,0.48981706839826333
6.84,0.2885689161419028,108.27370857382006,0,90,1.0,5,0.6345094551303105
6.845,0.31884566517832524,115.11341104223824,0,90,1.0,5,0.775534248293572
6.85,0.3459657668955683,120.88000833622657,0,90,1.0,5,0.8944331615716817
6.855,0.3686441789190902,124.71329532894552,0,90,1.0,5,0.9734700067823818
6.86,0.3857476379544367,126.0,0,90,1.0,5,1.0
6.865,0.3963882865005728,124.53834900968857,0,90,1.0,5,0.9698628661791459
6.87,0.4,120.59493192202842,0,90,1.0,5,0.8885552973614108
6.875,0.39638828650057273,114.83222413300682,0,90,1.0,5,0.7697365800619963
6.88,0.38574763795443656,108.13422420586735,0,90,1.0,5,0.6316334887807702
6.885,0.36864417891908974,101.3936098555063,0,90,1.0,5,0.492651749598068
6.89,0.345965766895568,95.33064507931,0,90,1.0,5,0.3676421665837114
6.895,0.3188456651783249,90.39185276201252,0,90,1.0,5,0.2658113971548973
6.9,0.28856891614190205,86.73955542986523,0,90,1.0,5,0.19050629752299453
6.905,0.2564721553719815,84.31059562557269,0,90,1.0,5,0.14042465207366367
6.91,0.22384764873847685,82.9065602268215,0,90,1.0,5,0.11147546859425768
6.915,0.19186090753201765,82.28033336831763,0,90,1.0,5,0.09856357460448717
6.92,0.16148868344343878,82.19778113694667,0,90,1.0,5,0.09686146674116852
6.925,0.1334809643017881,82.46927305071628,0,90,1.0,5,0.1024592381590986
6.93,0.10834733138818531,82.95682150774277,0,90,1.0,5,0.11251178366479946
6.935,0.08636519236690572,83.56687754099825,0,90,1.0,5,0.12509025857728348
6.94,0.06760532616242629,84.23787322707521,0,90,1.0,5,0.1389252211768085
6.945,0.05196904332202373,84.92832444149448,0,90,1.0,5,0.15316132869060786
6.95,0.03923107185803287,85.60801881012263,0,90,1.0,5,0.16717564556953876
6.955,0.02908287038705761,86.25260772478875,0,90,1.0,5,0.18046613865543806
6.96,0.02117220077308346,86.84089403560439,0,90,1.0,5,0.19259575331143078
6.965,0.0151361834125735,87.35388295636871,0,90,1.0,5,0.20317284446121045
6.97,0.010626454858290009,87.77481720348132,0,90,1.0,5,0.21185190110270763
6.975,0.007326255555493652,88.08966243795557,0,90,1.0,5,0.21834355542176428
6.98,0.004960179211183015,88.28771551986046,0,90,1.0,5,0.22242712412083412
6.985,0.0032978759379303545,88.36214631799686,0,90,1.0,5,0.22396177975251258
6.99,0.002153242296767213,88.31036736727964,0,90,1.0,5,0.22289417252122967
6.995,0.001380616732225004,88.13417633763018,0,90,1.0,5,0.21926136778618927
7.0,0.0008693106590991584,87.83965035915766,0,90,1.0,5,0.213188667199127
7.005,0.000537524815942247,87.43679744267308,0,90,1.0,5,0.20488242149841407
7.01,0.0003263951340288585,86.9389917989111,0,90,1.0,5,0.1946183876064145
7.015,0.00019463030985187395,86.36223716698538,0,90,1.0,5,0.18272653952547177
7.02,0.00011397219555062695,85.72431461211428,0,90,1.0,5,0.16957349715699555
7.025,6.55403863487943e-05,85.04387789533241,0,90,1.0,5,0.15554387413056525
7.03,3.701184389455385e-05,84.33956014461978,0,90,1.0,5,0.14102185865195427
7.035,2.0525516217290957e-05,83.62915046826862,0,90,1.0,5,0.1263742364591468
7.04,1.1178128483661116e-05,82.92888923969679,0,90,1.0,5,0.11193586061230489
7.045,5.978135409912517e-06,82.25291740154772,0,90,1.0,5,0.09799829693912823
7.05,3.1396702713238487e-06,81.61289990625842,0,90,1.0,5,0.08480205992285401
7.055,1.6192875458531019e-06,81.01782800176962,0,90,1.0,5,0.07253253611896114
7.06,8.201353897972012e-07,80.47399100328275,0,90,1.0,5,0.0613194021295412
7.065,4.0791415086824765e-07,79.9850966673004,0,90,1.0,5,0.05123910654227622
7.07,1.9923866938774793e-07,79.55251108450634,0,90,1.0,5,0.04231981617538835
7.075,9.556527981051257e-08,79.17558445710158,0,90,1.0,5,0.034548133136115024
7.08,4.501406988770349e-08,78.85202811529082,0,90,1.0,5,0.027876868356511774
7.085,0.0,78.57831019218708,0,90,1.0,5,0.022233199838908767
7.09,0.0,78.35004180586505,0,90,1.0,5,0.01752663517247519
7.095,0.0,78.16233155760507,0,90,1.0,5,0.013656320775362298
7.1,0.0,78.01009280593172,0,90,1.0,5,0.01051737744189113
7.105,0.0,77.88829476616297,0,90,1.0,5,0.008006077652844772
7.11,0.0,77.79215442099877,0,90,1.0,5,0.006023802494820002
7.115,0.0,77.71727110655786,0,90,1.0,5,0.004479816630058962
7.12,0.0,77.65970925268655,0,90,1.0,5,0.003292974282196985
7.125,0.0,77.61603707332719,0,90,1.0,5,0.0023925169758183882
7.13,0.0,77.58333012691409,0,90,1.0,5,0.0017181469466823053
7.135,0.0,77.55914879585012,0,90,1.0,5,0.0012195628010334112
7.14,0.0,77.54149811404007,0,90,1.0,5,0.0008556312173209687
7.145,0.0,77.52877725728622,0,90,1.0,5,0.0005933455110561316
7.15,0.0,77.51972463735181,0,90,1.0,5,0.0004066935536456509
7.155,0.0,77.51336310074132,0,90,1.0,5,0.00027552785033640716
7.16,0.0,77.50894837231351,0,90,1.0,5,0.0001845025219280774
7.165,0.0,77.50592269592266,0,90,1.0,5,0.00012211744170440163
7.17,0.0,77.50387465835057,0,90,1.0,5,7.988986289831832e-05
7.175,0.0,77.50250545138663,0,90,1.0,5,5.1658791476807595e-05
7.18,0.0,77.50160131633649,0,90,1.0,5,3.301683168021236e-05
7.185,0.0,77.50101159546982,0,90,1.0,5,2.0857638552975802e-05
7.19,0.0,77.5006316481158,0,90,1.0,5,1.3023672490711779e-05
7.195,0.0,77.50038983616128,0,90,1.0,5,8.037858995371654e-06
7.2,0.0,77.50023780863849,0,90,1.0,5,4.903270896659603e-06
7.205,0.0,77.50014338764066,0,90,1.0,5,2.9564461992214493e-06
7.21,0.0,77.50008545439401,0,90,1.0,5,1.7619462682629541e-06
7.215,0.0,77.5000503379664,0,90,1.0,5,1.0378962144255338e-06
7.22,0.0,77.50002930863025,0,90,1.0,5,6.04301654562995e-07
7.225,0.0,77.50001686684932,0,90,1.0,5,3.47770089106656e-07
7.23,0.0,77.50000959424924,0,90,1.0,6,1.9781957185729233e-07
7.235,0.001684486749771458,77.50000539419466,0,90,1.0,6,1.1122050843190777e-07
7.24,0.004172395771277602,77.50000299764929,0,90,1.0,6,6.180720184911667e-08
7.245,0.009438687428818865,77.50000164654504,0,90,1.0,6,3.394938235689233e-08
7.25,0.019500507867137046,77.50000089393305,0,90,1.0,6,1.8431609246878916e-08
7.255,0.03679496976339974,77.50000047970579,0,90,1.0,6,9.890841025930826e-09
7.26,0.06340728953298436,77.5000002544389,0,90,1.0,6,5.246162926755695e-09
7.265,0.09979255396093453,77.50000013339228,0,90,1.0,6,2.750356222265706e-09
7.27,0.14343835518453557,77.50000006912201,0,90,1.0,6,1.4251960711243151e-09
7.275,0.18829581417209276,77.50000003540305,0,90,1.0,6,7.299597444253993e-10
7.28,0.2257481735193119,77.5000000179227,0,90,1.0,6,3.695402380433678e-10
7.285,0.24718154073554727,77.5000000089682,0,90,1.0,6,1.8491134854689477e-10
7.29,0.24718154074102772,77.50000000443552,0,90,1.0,6,9.145402877151092e-11
7.295,0.22574817354072055,77.50000000216832,0,90,1.0,6,4.4707641941339216e-11
7.3,0.18829581422840957,77.50000000104771,0,90,1.0,6,2.160225721098934e-11
7.305,0.14343835532456656,77.50000000050038,0,90,1.0,6,1.0317080523236655e-11
7.31,0.09979255431561854,77.5000000002362,0,90,1.0,6,4.870074561265413e-12
7.315,0.06340729067170194,77.5000000001102,0,90,1.0,6,2.272271717863743e-12
7.32,0.03679497683410042,77.50000000005083,0,90,1.0,6,1.0480871611603622e-12
7.325,0.019500578284482293,77.50000000002316,0,90,1.0,6,4.776019213562735e-13
7.33,0.009439396781978427,77.50000000001044,0,90,1.0,6,2.1536037558089634e-13
7.335,0.004178588733610924,77.50000000000465,0,90,1.0,6,9.581339158497021e-14
7.34,0.0017299316936037381,77.50000000000205,0,90,1.0,6,4.2193053175032755e-14
7.345,0.0008997325756988589,77.5000000000009,0,90,1.0,6,1.845946076407683e-14
7.35,0.001634769674224814,77.50000000000038,0,90,1.0,6,7.911197470318642e-15
7.355,0.00614904736476635,77.50000000000016,0,90,1.0,6,3.2230804508705575e-15
7.36,0.02168080359963608,77.50000000000007,0,90,1.0,6,1.465036568577526e-15
7.365,0.06433400338904088,77.50000000000003,0,90,1.0,6,5.860146274310105e-16
7.37,0.1593410769217493,77.50000000000001,0,90,1.0,6,2.9300731371550523e-16
7.375,0.3291989194808569,77.5,0,90,1.0,6,0.0
7.38,0.5672906802982638,77.5,0,90,1.0,6,0.0
7.385,0.815339152120446,77.5,0,90,1.0,6,0.0
7.39,0.9768711246313155,77.50000284322633,1,90,1.0,6,5.862322322426144e-08
7.395,0.9726380909165361,77.50000534910116,0,90,1.0,6,1.102907455352232e-07
7.4,0.7921091683291741,77.50001063505204,0,90,1.0,6,2.1927942341171353e-07
7.405,0.49139090102639077,77.50002307583767,0,90,1.0,6,4.757904675148218e-07
7.41,0.15739335672107918,77.5000554713907,0,90,1.0,6,1.143740014331155e-06
7.415,-0.11102342218909485,77.50014526993121,0,90,1.0,6,2.9952563136014092e-06
7.42,-0.2314207883647528,77.5003988898635,0,90,1.0,6,8.224533268130659e-06
7.425,-0.2029124434754801,77.5011054659756,0,90,1.0,6,2.279311289893738e-05
7.43,-0.11151350554305876,77.50300976888175,0,90,1.0,6,6.205709034543127e-05
7.435,-0.039430666652076896,77.50792185780857,0,90,1.0,6,0.00016333727440347813
7.44,-0.006087703519843621,77.51997904089026,0,90,1.0,6,0.0004119389874281015
7.445,0.005350271385530551,77.54805187102536,0,90,1.0,6,0.000990760227327109
7.45,0.010381647827441833,77.60993273918042,0,90,1.0,6,0.0022666544160911822
7.455,0.015115203303506243,77.73890414692885,0,90,1.0,6,0.0049258586995638304
7.46,0.021170964062928475,77.99279598451152,0,90,1.0,6,0.01016074194869107
7.465,0.029082821134029553,78.46442565053172,0,90,1.0,6,0.01988506495941697
7.47,0.03923107061708144,79.29027244272471,0,90,1.0,6,0.03691283387061265
7.475,0.051969043308817596,80.65176405432197,0,90,1.0,6,0.06498482586230872
7.48,0.06760532616283861,82.76179436299392,0,90,1.0,6,0.10849060542255515
7.485,0.08636519236693461,85.82984126010565,0,90,1.0,6,0.1717493043320753
7.49,0.10834733138818661,90.00401066771741,0,90,1.0,6,0.257814652942627
7.495,0.1334809643017884,95.29777724070067,0,90,1.0,6,0.3669644791897045
7.5,0.16148868344343945,101.52070486511198,0,90,1.0,6,0.4952722652600408
7.505,0.191860907532018,108.24076061437154,0,90,1.0,6,0.633830115760238
7.51,0.22384764873847726,114.80477932285345,0,90,1.0,6,0.7691707076877
7.515,0.25647215537198226,120.42962228136281,0,90,1.0,6,0.8851468511621198
7.52,0.2885689161419028,124.35209848293255,0,90,1.0,6,0.9660226491326298
7.525,0.31884566517832524,126.0,0,90,1.0,6,1.0
7.53,0.3459657668955683,125.13199699060715,0,90,1.0,6,0.982103030734168
7.535,0.3686441789190902,121.89956504594475,0,90,1.0,6,0.9154549494009228
7.54,0.3857476379544367,116.80934959217932,0,90,1.0,6,0.8105020534469962
7.545,0.3963882865005728,110.59911497723489,0,90,1.0,6,0.6824559789120596
7.55,0.4,104.06935062625563,0,90,1.0,6,0.5478216623970232
7.555,0.39638828650057273,97.92347769263611,0,90,1.0,6,0.421102632837858
7.56,0.38574763795443656,92.65949215512845,0,90,1.0,6,0.3125668485593494
7.565,0.36864417891908974,88.53181629485155,0,90,1.0,6,0.22746012979075364
7.57,0.345965766895568,85.57626122980984,0,90,1.0,6,0.16652085009917206
7.575,0.3188456651783249,83.67383914290984,0,90,1.0,6,0.12729565243113075
7.58,0.28856891614190205,82.62499201165721,0,90,1.0,6,0.1056699383846848
7.585,0.2564721553719815,82.2123239726345,0,90,1.0,6,0.09716131902339162
7.59,0.22384764873847685,82.24122011682826,0,90,1.0,6,0.09775711581089194
7.595,0.19186090753201765,82.5580522820505,0,90,1.0,6,0.10428973777423704
7.6,0.16148868344343878,83.05182219454407,0,90,1.0,6,0.11447056071224893
7.605,0.1334809643017881,83.64676889072895,0,90,1.0,6,0.12673750290162783
7.61,0.10834733138818531,84.29215130262087,0,90,1.0,6,0.1400443567550694
7.615,0.08636519236690572,84.95297587109219,0,90,1.0,6,0.15366960558952975
7.62,0.06760532616242629,85.6032141410097,0,90,1.0,6,0.16707658022700414
7.625,0.05196904332202373,86.22161625213593,0,90,1.0,6,0.17982713921929755
7.63,0.03923107185803287,86.78956826301784,0,90,1.0,6,0.19153748995913075
7.635,0.02908287038705761,87.29030500025087,0,90,1.0,6,0.20186195876805912
7.64,0.02117220077308346,87.70890109634271,0,90,1.0,6,0.21049280611015905
7.645,0.0151361834125735,88.03263653005703,0,90,1.0,6,0.21716776350633057
7.65,0.010626454858290009,88.25148247455117,0,90,1.0,6,0.22168005102167357
7.655,0.007326255555493652,88.35855638009744,0,90,1.0,6,0.22388776041438022
7.66,0.004960179211183015,88.35045923154104,0,90,1.0,6,0.22372080889775336
7.665,0.0032978759379303545,88.22744713680183,0,90,1.0,6,0.2211844770474604
7.67,0.002153242296767213,87.99341542663203,0,90,1.0,6,0.21635908096148507
7.675,0.001380616732225004,87.65569305578572,0,90,1.0,6,0.20939573310898388
7.68,0.0008693106590991584,87.22466123620943,0,90,1.0,6,0.20050847909710162
7.685,0.000537524815942247,86.71322360224083,0,90,1.0,6,0.189963373242079
7.69,0.0003263951340288585,86.13616550482689,0,90,1.0,6,0.17806526814076065
7.695,0.00019463030985187395,85.50944672085147,0,90,1.0,6,0.1651432313577623
7.7,0.00011397219555062695,84.84947457720351,0,90,1.0,6,0.15153555829285587
7.705,6.55403863487943e-05,84.17240320268115,0,90,1.0,6,0.1375753237666217
7.71,3.701184389455385e-05,83.49349969202193,0,90,1.0,6,0.12357731323756552
7.715,2.0525516217290957e-05,82.8266100918151,0,90,1.0,6,0.10982701220237316
7.72,1.1178128483661116e-05,82.18374823881719,0,90,1.0,6,0.09657212863540593
7.725,5.978135409912517e-06,81.57481966179543,0,90,1.0,6,0.08401690024320475
7.73,3.1396702713238487e-06,81.00748205938964,0,90,1.0,6,0.07231921771937412
7.735,1.6192875458531019e-06,80.48713423047259,0,90,1.0,6,0.061590396504589515
7.74,8.201353897972012e-07,80.01701749313209,0,90,1.0,6,0.051897267899630665
7.745,4.0791415086824765e-07,79.59840805263835,0,90,1.0,6,0.04326614541522367
7.75,1.9923866938774793e-07,79.23087565482302,0,90,1.0,6,0.03568815783140255
7.755,9.556527981051257e-08,78.91258311223406,0,90,1.0,6,0.029125424994516702
7.76,4.501406988770349e-08,78.64060262096777,0,90,1.0,6,0.023517579813768435
7.765,0.0,78.41122774696173,0,90,1.0,6,0.018788200968283056
7.77,0.0,78.22026402057521,0,90,1.0,6,0.01485080454794257
7.775,0.0,78.06328569392375,0,90,1.0,6,0.0116141380190463
7.78,0.0,77.93585088962875,0,90,1.0,6,0.00898661628100522
7.785,0.0,77.83367169477451,0,90,1.0,6,0.006879828758237296
7.79,0.0,77.75273943637394,0,90,1.0,6,0.005211122399462747
7.795,0.0,77.68940824197168,0,90,1.0,6,0.0039053245767356024
7.8,0.0,77.64044198158881,0,90,1.0,6,0.0028957109605939712
7.805,0.0,77.60303083963844,0,90,1.0,6,0.00212434720903991
7.81,0.0,77.57478418147271,0,90,1.0,6,0.0015419418860352196
7.815,0.0,77.55370620498225,0,90,1.0,6,0.001107344432623672
7.82,0.0,77.53816026664151,0,90,1.0,6,0.0007868096214744733
7.825,0.0,77.5268269037557,0,90,1.0,6,0.0005531320362000976
7.83,0.0,77.51865958225872,0,90,1.0,6,0.00038473365481898506
7.835,0.0,77.51284119666562,0,90,1.0,6,0.00026476694155915014
7.84,0.0,77.50874341903805,0,90,1.0,6,0.00018027668119700757
7.845,0.0,77.505890189993,0,90,1.0,6,0.00012144721635044119
7.85,0.0,77.50392599307456,0,90,1.0,6,8.09483108156721e-05
7.855,0.0,77.50258905913398,0,90,1.0,6,5.338266255632296e-05
7.86,0.0,77.5016892993909,0,90,1.0,6,3.483091527636903e-05
7.865,0.0,77.50109054476202,0,90,1.0,6,2.2485459010757733e-05
7.87,0.0,77.50069655045753,0,90,1.0,6,1.436186510378067e-05
7.875,0.0,77.50044018362493,0,90,1.0,6,9.075951029515017e-06
7.88,0.0,77.50027522469445,0,90,1.0,6,5.674735968003793e-06
7.885,0.0,77.50017026019599,0,90,1.0,6,3.510519504872493e-06
7.89,0.0,77.50010421040284,0,90,1.0,6,2.1486680997647275e-06
7.895,0.0,77.50006310753771,0,90,1.0,6,1.3011863445954827e-06
7.9,0.0,77.5000378114743,0,90,1.0,6,7.796180268049977e-07
7.905,0.0,77.50002241497207,0,90,1.0,6,4.6216437247672616e-07
7.91,0.0,77.5000131469499,0,90,1.0,6,2.710711318914693e-07
7.915,0.0,77.50000762928833,0,90,1.0,6,1.57304914093458e-07
7.92,0.0,77.50000438041506,0,90,1.0,6,9.031783636216751e-08
7.925,0.001684486749771458,77.50000248839153,0,90,1.0,6,5.1307041859058467e-08
7.93,0.004172395771277602,77.50000139860276,0,90,1.0,6,2.8837170360667496e-08
7.935,0.009438687428818865,77.50000077775401,0,90,1.0,6,1.6036165165526644e-08
7.94,0.019500507867137046,77.50000042791977,0,90,1.0,6,8.823088092895821e-09
7.945,0.03679496976339974,77.50000023294568,0,90,1.0,6,4.803003722119365e-09
7.95,0.06340728953298436,77.50000012546401,0,90,1.0,6,2.586886855929198e-09
7.955,0.09979255396093453,77.50000006685839,0,90,1.0,6,1.3785235221371999e-09
7.96,0.14343835518453557,77.50000003525047,0,90,1.0,6,7.268137248980359e-10
7.965,0.18829581417209276,77.50000001838849,0,90,1.0,6,3.791441387650209e-10
7.97,0.2257481735193119,77.50000000949072,0,90,1.0,6,1.9568493446490017e-10
7.975,0.24718154073554727,77.50000000484647,0,90,1.0,6,9.99272142695359e-11
7.98,0.24718154074102772,77.50000000244863,0,90,1.0,6,5.048721120437756e-11
7.985,0.22574817354072055,77.50000000122404,0,90,1.0,6,2.5237891959571327e-11
7.99,0.18829581422840957,77.50000000060538,0,90,1.0,6,1.2482111564280523e-11
7.995,0.14343835532456656,77.50000000029624,0,90,1.0,6,6.108030461713422e-12
8.0,0.09979255431561854,77.50000000014343,0,90,1.0,6,2.9573228173305944e-12
8.005,0.06340729067170194,77.50000000006871,0,90,1.0,6,1.4166903618144677e-12
8.01,0.03679497683410042,77.50000000003256,0,90,1.0,6,6.712797557222225e-13
8.015,0.019500578284482293,77.50000000001526,0,90,1.0,6,3.146898549304526e-13
8.02,0.009439396781978427,77.50000000000708,0,90,1.0,6,1.4591764223032162e-13
8.025,0.004178588733610924,77.50000000000325,0,90,1.0,6,6.70986748408507e-14
8.03,0.0017299316936037381,77.50000000000148,0,90,1.0,6,3.047276062641254e-14
8.035,0.0008997325756988589,77.50000000000067,0,90,1.0,6,1.3771343744628746e-14
8.04,0.001634769674224814,77.5000000000003,0,90,1.0,6,6.15315358802561e-15
8.045,0.00614904736476635,77.50000000000013,0,90,1.0,6,2.637065823439547e-15
8.05,0.02168080359963608,77.50000000000006,0,90,1.0,6,1.172029254862021e-15
8.055,0.06433400338904088,77.50000000000003,0,90,1.0,6,5.860146274310105e-16
8.06,0.1593410769217493,77.50000000000001,0,90,1.0,6,2.9300731371550523e-16
8.065,0.3291989194808569,77.5,0,90,1.0,6,0.0
8.07,0.5672906802982638,77.5,0,90,1.0,6,0.0
8.075,0.815339152120446,77.5,0,90,1.0,6,0.0
8.08,0.9768711246313155,77.50000284586159,1,90,1.0,6,5.8677558500516847e-08
8.085,0.9726380909165361,77.50000554640805,0,90,1.0,6,1.1435892881458993e-07
8.09,0.7921091683291741,77.50001151682932,0,90,1.0,6,2.374603983045426e-07
8.095,0.49139090102639077,77.50002643002445,0,90,1.0,6,5.449489576934416e-07
8.1,0.15739335672107918,77.50006790101995,0,90,1.0,6,1.4000210298195504e-06
8.105,-0.11102342218909485,77.50019028911501,0,90,1.0,6,3.923486907442379e-06
8.11,-0.2314207883647528,77.50055528372543,0,90,1.0,6,1.1449148977995606e-05
8.115,-0.2029124434754801,77.5016191003873,0,90,1.0,6,3.338351314024416e-05
8.12,-0.11151350554305876,77.50459268016454,0,90,1.0,6,9.469443638216635e-05
8.125,-0.039430666652076896,77.51248521717368,0,90,1.0,6,0.00025742715822012853
8.13,-0.006087703519843621,77.53227388620262,0,90,1.0,6,0.0006654409526312796
8.135,0.005350271385530551,77.57900721106344,0,90,1.0,6,0.0016290146611018807
8.14,0.010381647827441833,77.68277725789753,0,90,1.0,6,0.003768603255619115
8.145,0.015115203303506243,77.89914273187748,0,90,1.0,6,0.008229747049020112
8.15,0.021170964062928475,78.32227751227126,0,90,1.0,6,0.01695417551074755
8.155,0.029082821134029553,79.09751100293126,0,90,1.0,6,0.03293837119445889
8.16,0.03923107061708144,80.42630442384339,0,90,1.0,6,0.06033617368749259
8.165,0.051969043308817596,82.55354337917821,0,90,1.0,6,0.10419677070470533
8.17,0.06760532616283861,85.72706210298368,0,90,1.0,6,0.16963014645327176
8.175,0.08636519236693461,90.12554414875623,0,90,1.0,6,0.26032049791249967
8.18,0.10834733138818661,95.76438236317041,0,90,1.0,6,0.3765852033643384
8.185,0.1334809643017884,102.40631247838554,0,90,1.0,6,0.5135322160491865
8.19,0.16148868344343945,109.51624731799802,0,90,1.0,6,0.6601288106803715
8.195,0.191860907532018,116.29749655462248,0,90,1.0,6,0.7999483825695357
8.2,0.22384764873847726,121.82388594751711,0,90,1.0,6,0.9138945556189095
8.205,0.25647215537198226,125.24436869130892,0,90,1.0,6,0.9844199730166788
8.21,0.2885689161419028,126.0,0,90,1.0,6,1.0
8.215,0.31884566517832524,123.97778706854874,0,90,1.0,6,0.9583048880113142
8.22,0.3459657668955683,119.54358950815404,0,90,1.0,6,0.8668781341887432
8.225,0.3686441789190902,113.44132554854066,0,90,1.0,6,0.7410582587327972
8.23,0.3857476379544367,106.59703250521925,0,90,1.0,6,0.599938814540603
8.235,0.3963882865005728,99.89899699454637,0,90,1.0,6,0.46183498957827557
8.24,0.4,94.02516929242782,0,90,1.0,6,0.3407251400500581
8.245,0.39638828650057273,89.3603322958374,0,90,1.0,6,0.24454293393479165
8.25,0.38574763795443656,86.00561321118767,0,90,1.0,6,0.1753734682719106
8.255,0.36864417891908974,83.85152120488316,0,90,1.0,6,0.13095920010068363
8.26,0.345965766895568,82.67378992307566,0,90,1.0,6,0.10667608088815793
8.265,0.3188456651783249,82.21795644486333,0,90,1.0,6,0.09727745247140893
8.27,0.28856891614190205,82.25491311032039,0,90,1.0,6,0.09803944557361624
8.275,0.2564721553719815,82.60568848479885,0,90,1.0,6,0.10527192752162572
8.28,0.22384764873847685,83.14350119463039,0,90,1.0,6,0.11636084937382245
8.285,0.19186090753201765,83.78381880877807,0,90,1.0,6,0.12956327440779516
8.29,0.16148868344343878,84.47111934410529,0,90,1.0,6,0.14373441946608845
8.295,0.1334809643017881,85.16736816282359,0,90,1.0,6,0.15809006521285757
8.3,0.10834733138818531,85.84401473859923,0,90,1.0,6,0.17204154100204594
8.305,0.08636519236690572,86.47738375513784,0,90,1.0,6,0.18510069598222342
8.31,0.06760532616242629,87.04656798666497,0,90,1.0,6,0.1968364533332983
8.315,0.05196904332202373,87.53286735530213,0,90,1.0,6,0.2068632444392192
8.32,0.03923107185803287,87.92003875076709,0,90,1.0,6,0.21484615980963073
8.325,0.02908287038705761,88.1948762403954,0,90,1.0,6,0.22051291217310107
8.33,0.02117220077308346,88.34783554716185,0,90,1.0,6,0.22366671231261545
8.335,0.0151361834125735,88.37354028569607,0,90,1.0,6,0.22419670692156837
8.34,0.010626454858290009,88.27108106749418,0,90,1.0,6,0.22208414572152949
8.345,0.007326255555493652,88.04406438191086,0,90,1.0,6,0.21740338931774963
8.35,0.004960179211183015,87.70040053904515,0,90,1.0,6,0.21031753688752883
8.355,0.0032978759379303545,87.25184573884796,0,90,1.0,6,0.20106898430614353
8.36,0.002153242296767213,86.71333452777212,0,90,1.0,6,0.18996566036643545
8.365,0.001380616732225004,86.10215528685912,0,90,1.0,6,0.17736402653317765
8.37,0.0008693106590991584,85.43703209507676,0,90,1.0,6,0.16365014629024247
8.375,0.000537524815942247,84.73718067857484,0,90,1.0,6,0.14922022017680092
8.38,0.0003263951340288585,84.02140412721407,0,90,1.0,6,0.1344619407673004
8.385,0.00019463030985187395,83.30728624532938,0,90,1.0,6,0.11973786072844081
8.39,0.00011397219555062695,82.61052800894745,0,90,1.0,6,0.10537171152468978
8.395,6.55403863487943e-05,81.94445724555983,0,90,1.0,6,0.09163829372288314
8.4,3.701184389455385e-05,81.31972513974611,0,90,1.0,6,0.07875721937620848
8.405,2.0525516217290957e-05,80.74418725350604,0,90,1.0,6,0.06689045883517611
8.41,1.1178128483661116e-05,80.22295293316265,0,90,1.0,6,0.056143359446652476
8.415,5.978135409912517e-06,79.75857634759942,0,90,1.0,6,0.046568584486585886
8.42,3.1396702713238487e-06,79.35135557138227,0,90,1.0,6,0.038172279822314865
8.425,1.6192875458531019e-06,78.9997032039245,0,90,1.0,6,0.030921715544834992
8.43,8.201353897972012e-07,78.70055267993662,0,90,1.0,6,0.02475366350384785
8.435,4.0791415086824765e-07,78.44976802421002,0,90,1.0,7,0.01958284586000033
8.44,1.9923866938774793e-07,78.24253048240675,0,90,1.0,7,0.015309906853747415
8.445,9.556527981051257e-08,78.07368229950097,0,90,1.0,7,0.011828501020638621
8.45,4.501406988770349e-08,77.93801505095327,0,90,1.0,7,0.009031238163984913
8.455,0.0,77.8304966317818,0,90,1.0,7,0.006814363541892754
8.46,0.0,77.74643674394598,0,90,1.0,7,0.005081169978267584
8.465,0.0,77.68159517563214,0,90,1.0,7,0.0037442304254049416
8.47,0.0,77.63224022257143,0,90,1.0,7,0.0027266025272458896
8.475,0.0,77.59516631581924,0,90,1.0,7,0.0019621920787472524
8.48,0.0,77.56768046943643,0,90,1.0,7,0.0013954735966273202
8.485,0.0,77.54756679479637,0,90,1.0,7,0.0009807586555951992
8.49,0.0,77.53303732186714,0,90,1.0,7,0.0006811818941678587
8.495,0.0,77.52267598708985,0,90,1.0,7,0.00046754612556401535
8.5,0.0,77.51538112097494,0,90,1.0,7,0.0003171365149471419
8.505,0.0,77.51031027372,0,90,1.0,7,0.00021258296329886004
8.51,0.0,77.50682987606086,0,90,1.0,7,0.00014082218682191167
8.515,0.0,77.50447111531227,0,90,1.0,7,9.218794458289717e-05
8.52,0.0,77.50289253977044,0,90,1.0,7,5.963999526685941e-05
8.525,0.0,77.50184928236199,0,90,1.0,7,3.812953323686604e-05
8.53,0.0,77.50116838920664,0,90,1.0,7,2.4090499105981152e-05
8.535,0.0,77.50072951170684,0,90,1.0,7,1.5041478491477542e-05
8.54,0.0,77.50045012943687,0,90,1.0,7,9.281019316924508e-06
8.545,0.0,77.50027447512092,0,90,1.0,7,5.659280843666547e-06
8.55,0.0,77.50016539751311,0,90,1.0,7,3.4102580023678343e-06
8.555,0.0,77.50009849527245,0,90,1.0,7,2.03083035986901e-06
8.56,0.0,77.50005796451639,0,90,1.0,7,1.1951446677676826e-06
8.565,0.0,77.50003371083174,0,90,1.0,7,6.950686957497027e-07
8.57,0.0,77.50001937479605,0,90,1.0,7,3.9948033100493557e-07
8.575,0.0,77.50001100437119,0,90,1.0,7,2.2689425130939178e-07
8.58,0.001684486749771458,77.50000617666068,0,90,1.0,7,1.2735382837650157e-07
8.585,0.004172395771277602,77.50000342612084,0,90,1.0,7,7.064166682998944e-08
8.59,0.009438687428818865,77.5000018780711,0,90,1.0,7,3.872311552739345e-08
8.595,0.019500507867137046,77.50000101737673,0,90,1.0,7,2.097683983903181e-08
8.6,0.03679496976339974,77.50000054464309,0,90,1.0,7,1.1229754354363397e-08
8.605,0.06340728953298436,77.50000028813938,0,90,1.0,7,5.941018050939466e-09
8.61,0.09979255396093453,77.50000015064462,0,90,1.0,7,3.106074719306486e-09
8.615,0.14343835518453557,77.50000007783323,0,90,1.0,7,1.6048089684172924e-09
8.62,0.18829581417209276,77.50000003974084,0,90,1.0,7,8.193987619004887e-10
8.625,0.2257481735193119,77.50000002005254,0,90,1.0,7,4.134544161791654e-10
8.63,0.24718154073554727,77.50000000999913,0,90,1.0,7,2.061675641203861e-10
8.635,0.24718154074102772,77.50000000492737,0,90,1.0,7,1.0159530490651828e-10
8.64,0.22574817354072055,77.50000000239955,0,90,1.0,7,4.94751639428042e-11
8.645,0.18829581422840957,77.50000000115479,0,90,1.0,7,2.381006731983567e-11
8.65,0.14343835532456656,77.5000000005492,0,90,1.0,7,1.132385365316313e-11
8.655,0.09979255431561854,77.50000000025813,0,90,1.0,7,5.322184846328437e-12
8.66,0.06340729067170194,77.5000000001199,0,90,1.0,7,2.4721027058177174e-12
8.665,0.03679497683410042,77.50000000005502,0,90,1.0,7,1.1345243187064363e-12
8.67,0.019500578284482293,77.50000000002495,0,90,1.0,7,5.145208428844272e-13
8.675,0.009439396781978427,77.50000000001118,0,90,1.0,7,2.305967558941026e-13
8.68,0.004178588733610924,77.50000000000496,0,90,1.0,7,1.0225955248671133e-13
8.685,0.0017299316936037381,77.50000000000217,0,90,1.0,7,4.48301189984723e-14
8.69,0.0008997325756988589,77.50000000000094,0,90,1.0,7,1.9338482705223346e-14
8.695,0.001634769674224814,77.5000000000004,0,90,1.0,7,8.204204784034146e-15
8.7,0.00614904736476635,77.50000000000017,0,90,1.0,7,3.516087764586063e-15
8.705,0.02168080359963608,77.50000000000007,0,90,1.0,7,1.465036568577526e-15
8.71,0.06433400338904088,77.50000000000003,0,90,1.0,7,5.860146274310105e-16
8.715,0.1593410769217493,77.50000000000001,0,90,1.0,7,2.9300731371550523e-16
8.72,0.3291989194808569,77.5,0,90,1.0,7,0.0
8.725,0.5672906802982638,77.5,0,90,1.0,7,0.0
8.73,0.815339152120446,77.5,0,90,1.0,7,0.0
8.735,0.9768711246313155,77.50000284154457,1,90,1.0,7,5.8588547859734405e-08
8.74,0.9726380909165361,77.5000053717146,0,90,1.0,7,1.1075700192038508e-07
8.745,0.7921091683291741,77.50001074298208,0,90,1.0,7,2.2150478524466606e-07
8.75,0.49139090102639077,77.50002348679206,0,90,1.0,7,4.842637538073627e-07
8.755,0.15739335672107918,77.50005697009982,0,90,1.0,7,1.1746412333992601e-06
8.76,-0.11102342218909485,77.50015058918197,0,90,1.0,7,3.1049315870189172e-06
8.765,-0.2314207883647528,77.50041701098533,0,90,1.0,7,8.598164645990409e-06
8.77,-0.2029124434754801,77.50116397212096,0,90,1.0,7,2.3999425174501196e-05
8.775,-0.11151350554305876,77.50318753865302,0,90,1.0,7,6.572244645408506e-05
8.78,-0.039430666652076896,77.5084286730719,0,90,1.0,7,0.00017378707364751163
8.785,-0.006087703519843621,77.52133349932207,0,90,1.0,7,0.0004398659654034723
8.79,0.005350271385530551,77.55144481044628,0,90,1.0,7,0.001060717741160502
8.795,0.010381647827441833,77.61790113559184,0,90,1.0,7,0.002430951249316211
8.8,0.015115203303506243,77.75645242828497,0,90,1.0,7,0.005287678933710787
8.805,0.021170964062928475,78.02903573913586,0,90,1.0,7,0.010907953384244619
8.81,0.029082821134029553,78.53459389389398,0,90,1.0,7,0.02133183286379348
8.815,0.03923107061708144,79.41759052329515,0,90,1.0,7,0.03953794893392055
8.82,0.051969043308817596,80.86806634460993,0,90,1.0,7,0.0694446668991738
8.825,0.06760532616283861,83.10540651559467,0,90,1.0,7,0.11557539207411682
8.83,0.08636519236693461,86.3392095926369,0,90,1.0,7,0.18225174417808052
8.835,0.10834733138818661,90.70649228025296,0,90,1.0,7,0.27229880990212285
8.84,0.1334809643017884,96.1949399697833,0,90,1.0,7,0.3854626797893465
8.845,0.16148868344343945,102.57400864906828,0,90,1.0,7,0.5169898690529542
8.85,0.191860907532018,109.36346526476575,0,90,1.0,7,0.656978665252902
8.855,0.22384764873847726,115.86591368470812,0,90,1.0,7,0.7910497666950127
8.86,0.25647215537198226,121.27294452158014,0,90,1.0,7,0.9025349385892814
8.865,0.2885689161419028,124.82763298613727,0,90,1.0,7,0.9758274842502531
8.87,0.31884566517832524,126.0,0,90,1.0,7,1.0
8.875,0.3459657668955683,124.61989252433693,0,90,1.0,7,0.9715441757595243
8.88,0.3686441789190902,120.92169697246845,0,90,1.0,7,0.8952927210818238
8.885,0.3857476379544367,115.48501558588413,0,90,1.0,7,0.7831961976470954
8.89,0.3963882865005728,109.09225998185437,0,90,1.0,7,0.6513868037495746
8.895,0.4,102.5515725266867,0,90,1.0,7,0.5165272685914784
8.9,0.39638828650057273,96.54013006952228,0,90,1.0,7,0.392580001433449
8.905,0.38574763795443656,91.50802050032742,0,90,1.0,7,0.2888251649552045
8.91,0.36864417891908974,87.65583209467765,0,90,1.0,7,0.2093985998902608
8.915,0.345965766895568,84.9730956654149,0,90,1.0,7,0.15408444670958563
8.92,0.3188456651783249,83.30975988570115,0,90,1.0,7,0.11978886362270422
8.925,0.28856891614190205,82.45172028278404,0,90,1.0,7,0.10209732541822758
8.93,0.2564721553719815,82.18025697684484,0,90,1.0,7,0.09650014385247103
8.935,0.22384764873847685,82.30741319769757,0,90,1.0,7,0.09912192160201176
8.94,0.19186090753201765,82.68926270610598,0,90,1.0,7,0.1069951073423913
8.945,0.16148868344343878,83.2241320744651,0,90,1.0,7,0.11802334174154852
8.95,0.1334809643017881,83.8435168279006,0,90,1.0,7,0.13079416140001238
8.955,0.10834733138818531,84.50150236715587,0,90,1.0,7,0.14436087354960547
8.96,0.08636519236690572,85.16587686988788,0,90,1.0,7,0.15805931690490477
8.965,0.06760532616242629,85.81199492104422,0,90,1.0,7,0.1713813385782313
8.97,0.05196904332202373,86.41920641796344,0,90,1.0,7,0.18390116325697808
8.975,0.03923107185803287,86.96917992923366,0,90,1.0,7,0.19524082328316827
8.98,0.02908287038705761,87.44541920646472,0,90,1.0,7,0.20506018982401486
8.985,0.02117220077308346,87.83342707600346,0,90,1.0,7,0.21306035208254556
8.99,0.0151361834125735,88.1211518756908,0,90,1.0,7,0.21899282217919175
8.995,0.010626454858290009,88.29949305211028,0,90,1.0,7,0.22266995983732535
9.0,0.007326255555493652,88.36273532154763,0,90,1.0,7,0.22397392415562128
9.005,0.004960179211183015,88.30883732354,0,90,1.0,7,0.22286262522762895
9.01,0.0032978759379303545,88.13953589889951,0,90,1.0,7,0.2193718742041136
9.015,0.002153242296767213,87.86025153974062,0,90,1.0,7,0.21361343380908487
9.02,0.001380616732225004,87.47979971200948,0,90,1.0,7,0.2057690662269996
9.025,0.0008693106590991584,87.00992868416755,0,90,1.0,7,0.19608100379726903
9.03,0.000537524815942247,86.46471740998916,0,90,1.0,7,0.18483953422658067
9.035,0.0003263951340288585,85.85987641344444,0,90,1.0,7,0.17236858584421524
9.04,0.00019463030985187395,85.21199997402755,0,90,1.0,7,0.15901030874283606
9.045,0.00011397219555062695,84.53781895883367,0,90,1.0,7,0.14510966925430244
9.05,6.55403863487943e-05,83.85350054309895,0,90,1.0,7,0.1310000111979164
9.055,3.701184389455385e-05,83.17403435574212,0,90,1.0,7,0.11699039908746645
9.06,2.0525516217290957e-05,82.51273515971924,0,90,1.0,7,0.10335536411792251
9.065,1.1178128483661116e-05,81.88088111637717,0,90,1.0,7,0.09032744569849831
9.07,5.978135409912517e-06,81.28749514724962,0,90,1.0,7,0.07809268344844567
9.075,3.1396702713238487e-06,80.73926599081013,0,90,1.0,7,0.0667889895012397
9.08,1.6192875458531019e-06,80.24059617216766,0,90,1.0,7,0.05650713757046714
9.085,8.201353897972012e-07,79.79375691779815,0,90,1.0,7,0.047293957068003066
9.09,4.0791415086824765e-07,79.39912541232576,0,90,1.0,7,0.039157224996407405
9.095,1.9923866938774793e-07,79.05547776723587,0,90,1.0,7,0.032071706540945794
9.1,9.556527981051257e-08,78.76031144478318,0,90,1.0,7,0.025985802985220293
9.105,4.501406988770349e-08,78.51017324373844,0,90,1.0,7,0.02082831430388527
9.11,0.0,78.30097276926729,0,90,1.0,7,0.016514902459119376
9.115,0.0,78.12826599064017,0,90,1.0,7,0.01295393795134378
9.12,0.0,77.98749847302761,0,90,1.0,7,0.010051514907785854
9.125,0.0,77.87420266617133,0,90,1.0,7,0.007715518890130479
9.13,0.0,77.78414786970576,0,90,1.0,7,0.005858718963005411
9.135,0.0,77.71344492859065,0,90,1.0,7,0.004400926362693753
9.14,0.0,77.6586102266577,0,90,1.0,7,0.0032703139517051565
9.145,0.0,77.61659513782196,0,90,1.0,7,0.0024040234602466038
9.15,0.0,77.58478784625699,0,90,1.0,7,0.0017482030156079722
9.155,0.0,77.56099450010981,0,90,1.0,7,0.001257618558965237
9.16,0.0,77.54340618910628,0,90,1.0,7,0.000894972971263469
9.165,0.0,77.53055741054968,0,90,1.0,7,0.0006300497020551748
9.17,0.0,77.521280672553,0,90,1.0,7,0.0004387767536701931
9.175,0.0,77.51466081314214,0,90,1.0,7,0.0003022848070544963
9.18,0.0,77.50999159166291,0,90,1.0,7,0.0002060121992352594
9.185,0.0,77.5067362035906,0,90,1.0,7,0.00013889079568259346
9.19,0.0,77.50449261953548,0,90,1.0,7,9.263133062852165e-05
9.195,0.0,77.50296406680117,0,90,1.0,7,6.11147794055557e-05
9.2,0.0,77.50193455126167,0,90,1.0,7,3.988765487978404e-05
9.205,0.0,77.5012490401714,0,90,1.0,7,2.5753405595913737e-05
9.21,0.0,77.50079776775692,0,90,1.0,7,1.644881973034083e-05
9.215,0.0,77.50050405794217,0,90,1.0,7,1.0392947261154929e-05
9.22,0.0,77.50031505643443,0,90,1.0,7,6.496008957339617e-06
9.225,0.0,77.5001948050246,0,90,1.0,7,4.016598445477752e-06
9.23,0.0,77.5001191559859,0,90,1.0,7,2.456824451536301e-06
9.235,0.0,77.5000721000363,0,90,1.0,7,1.4865986867166095e-06
9.24,0.0,77.50004315777153,0,90,1.0,7,8.898509593601591e-07
9.245,0.0,77.5000255556216,0,90,1.0,7,5.269200330859189e-07
9.25,0.0,77.50001496986195,0,90,1.0,7,3.086569474418735e-07
9.255,0.0,77.50000867467178,0,90,1.0,7,1.788592118673384e-07
9.26,0.0,77.5000049726995,0,90,1.0,7,1.0252988660148421e-07
9.265,0.001684486749771458,77.50000281991028,0,90,1.0,7,5.8142479971494826e-08
9.27,0.004172395771277602,77.50000158191183,0,90,1.0,7,3.261673879895864e-08
9.275,0.009438687428818865,77.50000087787598,0,90,1.0,7,1.810053559499475e-08
9.28,0.019500507867137046,77.50000048193445,0,90,1.0,7,9.936792776926202e-09
9.285,0.03679496976339974,77.50000026172589,0,90,1.0,7,5.3964100450534765e-09
9.29,0.06340728953298436,77.50000014060777,0,90,1.0,7,2.899129220768185e-09
9.295,0.09979255396093453,77.5000000747267,0,90,1.0,7,1.540756690617142e-09
9.3,0.14343835518453557,77.50000003928676,0,90,1.0,7,8.100362992053372e-10
9.305,0.18829581417209276,77.50000002043245,0,90,1.0,7,4.212876737040357e-10
9.31,0.2257481735193119,77.50000001051232,0,90,1.0,7,2.1674893724059412e-10
9.315,0.24718154073554727,77.50000000535033,0,90,1.0,7,1.1031608158463286e-10
9.32,0.24718154074102772,77.50000000269381,0,90,1.0,7,5.5542466387911174e-11
9.325,0.22574817354072055,77.5000000013417,0,90,1.0,7,2.766399251713571e-11
9.33,0.18829581422840957,77.50000000066107,0,90,1.0,7,1.3630407226731589e-11
9.335,0.14343835532456656,77.50000000032222,0,90,1.0,7,6.643647831185366e-12
9.34,0.09979255431561854,77.50000000015537,0,90,1.0,7,3.2034489608516187e-12
9.345,0.06340729067170194,77.50000000007411,0,90,1.0,7,1.5280331410263597e-12
9.35,0.03679497683410042,77.50000000003497,0,90,1.0,7,7.210909990538583e-13
9.355,0.019500578284482293,77.50000000001633,0,90,1.0,7,3.3666540345911553e-13
9.36,0.009439396781978427,77.50000000000753,0,90,1.0,7,1.5529387626921778e-13
9.365,0.004178588733610924,77.50000000000344,0,90,1.0,7,7.090776991915227e-14
9.37,0.0017299316936037381,77.50000000000155,0,90,1.0,7,3.193779719499007e-14
9.375,0.0008997325756988589,77.5000000000007,0,90,1.0,7,1.4357358372059756e-14
9.38,0.001634769674224814,77.50000000000031,0,90,1.0,7,6.446160901741115e-15
9.385,0.00614904736476635,77.50000000000013,0,90,1.0,7,2.637065823439547e-15
9.39,0.02168080359963608,77.50000000000006,0,90,1.0,7,1.172029254862021e-15
9.395,0.06433400338904088,77.50000000000003,0,90,1.0,7,5.860146274310105e-16
9.4,0.1593410769217493,77.50000000000001,0,90,1.0,7,2.9300731371550523e-16
9.405,0.3291989194808569,77.5,0,90,1.0,7,0.0
9.41,0.5672906802982638,77.5,0,90,1.0,7,0.0
9.415,0.815339152120446,77.5,0,90,1.0,7,0.0
9.42,0.9768711246313155,77.50000284359693,1,90,1.0,7,5.8630864561995826e-08
9.425,0.9726380909165361,77.50000548419933,0,90,1.0,7,1.1307627494144193e-07
9.43,0.7921091683291741,77.50001124088986,0,90,1.0,7,2.317709249813767e-07
9.435,0.49139090102639077,77.50002536697961,0,90,1.0,7,5.230305075000024e-07
9.44,0.15739335672107918,77.50006389056809,0,90,1.0,7,1.3173313007395262e-06
9.445,-0.11102342218909485,77.50017550461766,0,90,1.0,7,3.6186519104816886e-06
9.45,-0.2314207883647528,77.50050312573545,0,90,1.0,7,1.037372650410024e-05
9.455,-0.2029124434754801,77.50144560488555,0,90,1.0,7,2.9806286299926985e-05
9.46,-0.11151350554305876,77.50405253381912,0,90,1.0,7,8.355739833237495e-05
9.465,-0.039430666652076896,77.51091584732082,0,90,1.0,7,0.0002250690169240588
9.47,-0.006087703519843621,77.52802210333864,0,90,1.0,7,0.0005777753265699489
9.475,0.005350271385530551,77.56826624200473,0,90,1.0,7,0.0014075513815407234
9.48,0.010381647827441833,77.65747108052543,0,90,1.0,7,0.003246826402586094
9.485,0.015115203303506243,77.84353029025743,0,90,1.0,7,0.007083098768194506
9.49,0.021170964062928475,78.208294728616,0,90,1.0,7,0.014604015023010236
9.495,0.029082821134029553,78.87971080766134,0,90,1.0,7,0.02844764551879051
9.5,0.03923107061708144,80.03860769687986,0,90,1.0,7,0.052342426739791025
9.505,0.051969043308817596,81.9114678020172,0,90,1.0,7,0.0909580990106639
9.51,0.06760532616283861,84.73967911802492,0,90,1.0,7,0.14927173439226646
9.515,0.08636519236693461,88.71983424376735,0,90,1.0,7,0.23133678853128561
9.52,0.10834733138818661,93.92009701837561,0,90,1.0,7,0.3385587014098065
9.525,0.1334809643017884,100.19265177353559,0,90,1.0,7,0.46788972728939354
9.53,0.16148868344343945,107.11553201194583,0,90,1.0,7,0.6106295260195017
9.535,0.191860907532018,113.99980843728613,0,90,1.0,7,0.7525733698409512
9.54,0.22384764873847726,119.98355460807562,0,90,1.0,7,0.8759495795479509
9.545,0.25647215537198226,124.2034706308707,0,90,1.0,7,0.9629581573375402
9.55,0.2885689161419028,126.0,0,90,1.0,7,1.0
9.555,0.31884566517832524,125.0896730388076,0,90,1.0,7,0.9812303719341774
9.56,0.3459657668955683,121.64309031720336,0,90,1.0,7,0.9101668106639867
9.565,0.3686441789190902,116.23941024525399,0,90,1.0,7,0.7987507267062679
9.57,0.3857476379544367,109.71438740562652,0,90,1.0,7,0.6642141733118871
9.575,0.3963882865005728,102.95711288915504,0,90,1.0,7,0.5248889255495884
9.58,0.4,96.72341910788755,0,90,1.0,7,0.39635915686366086
9.585,0.39638828650057273,91.51813811820595,0,90,1.0,7,0.28903377563311244
9.59,0.38574763795443656,87.5651096594767,0,90,1.0,7,0.2075280342160145
9.595,0.36864417891908974,84.85055753012354,0,90,1.0,7,0.15155788721904204
9.6,0.345965766895568,83.20599367449054,0,90,1.0,7,0.11764935411320707
9.605,0.3188456651783249,82.39522658019695,0,90,1.0,7,0.10093250680818448
9.61,0.28856891614190205,82.18134970860318,0,90,1.0,7,0.09652267440418925
9.615,0.2564721553719815,82.36490781207327,0,90,1.0,7,0.10030737756852103
9.62,0.22384764873847685,82.79649701173709,0,90,1.0,7,0.10920612395334202
9.625,0.19186090753201765,83.37281201706614,0,90,1.0,7,0.12108890756837398
9.63,0.16148868344343878,84.02539184144003,0,90,1.0,7,0.1345441616791758
9.635,0.1334809643017881,84.70859251846929,0,90,1.0,7,0.14863077357668636
9.64,0.10834733138818531,85.39005201648826,0,90,1.0,8,0.1626814848760465
9.645,0.08636519236690572,86.044472758779,0,90,1.0,8,0.17617469605729885
9.65,0.06760532616242629,86.65025529584166,0,90,1.0,8,0.1886650576462198
9.655,0.05196904332202373,87.18810890053072,0,90,1.0,8,0.19975482269135508
9.66,0.03923107185803287,87.64083038423249,0,90,1.0,8,0.2090892862728348
9.665,0.02908287038705761,87.99366494888493,0,90,1.0,8,0.21636422575020467
9.67,0.02117220077308346,88.23487689607546,0,90,1.0,8,0.2213376679603188
9.675,0.0151361834125735,88.35631072246048,0,90,1.0,8,0.2238414581950614
9.68,0.010626454858290009,88.35381801207184,0,90,1.0,8,0.22379006210457403
9.685,0.007326255555493652,88.22748246937488,0,90,1.0,8,0.22118520555412116
9.69,0.004960179211183015,87.98161207029037,0,90,1.0,8,0.21611571278949213
9.695,0.0032978759379303545,87.62449423525337,0,90,1.0,8,0.20875245845883228
9.7,0.002153242296767213,87.1679318019965,0,90,1.0,8,0.199338800041165
9.705,0.001380616732225004,86.62659553682514,0,90,1.0,8,0.18817722756340485
9.71,0.0008693106590991584,86.01724256371354,0,90,1.0,8,0.1756132487363616
9.715,0.000537524815942247,85.35785865287932,0,90,1.0,8,0.16201770418307868
9.72,0.0003263951340288585,84.66678530372789,0,90,1.0,8,0.1477687691490287
9.725,0.00019463030985187395,83.96189001381458,0,90,1.0,8,0.1332348456456615
9.73,0.00011397219555062695,83.25983064690726,0,90,1.0,8,0.11875939478159302
9.735,6.55403863487943e-05,82.57545348721757,0,90,1.0,8,0.10464852550964067
9.74,3.701184389455385e-05,81.92135081114074,0,90,1.0,8,0.09116187239465445
9.745,2.0525516217290957e-05,81.30758917718623,0,90,1.0,8,0.07850699334404598
9.75,1.1178128483661116e-05,80.74160562584288,0,90,1.0,8,0.06683722939882226
9.755,5.978135409912517e-06,80.22825686325584,0,90,1.0,8,0.05625271883001725
9.76,3.1396702713238487e-06,79.76999719568829,0,90,1.0,8,0.046804065890480216
9.765,1.6192875458531019e-06,79.36715499256925,0,90,1.0,8,0.03849804108390215
9.77,8.201353897972012e-07,79.01827487455601,0,90,1.0,8,0.03130463658878378
9.775,4.0791415086824765e-07,78.72049337182925,0,90,1.0,8,0.0251648117902938
9.78,1.9923866938774793e-07,78.46991891897598,0,90,1.0,8,0.01999832822630882
9.785,9.556527981051257e-08,78.26199201676988,0,90,1.0,8,0.015711175603502697
9.79,4.501406988770349e-08,78.09180740822781,0,90,1.0,8,0.01220221460263522
9.795,0.0,77.95438643595452,0,90,1.0,8,0.009368792493907593
9.8,0.0,77.8448937347729,0,90,1.0,8,0.007111211026245273
9.805,0.0,77.75879759554243,0,90,1.0,8,0.005336032897782116
9.81,0.0,77.69197742146481,0,90,1.0,8,0.003958297349789957
9.815,0.0,77.640784569316,0,90,1.0,8,0.0029027746250721038
9.82,0.0,77.60206455450907,0,90,1.0,8,0.0021044238043107246
9.825,0.0,77.5731492398329,0,90,1.0,8,0.0015082317491319794
9.83,0.0,77.55182743021956,0,90,1.0,8,0.0010686068086507364
9.835,0.0,77.53630149568863,0,90,1.0,8,0.0007484844471883127
9.84,0.0,77.52513647346169,0,90,1.0,8,0.0005182778033337254
9.845,0.0,77.51720676241366,0,90,1.0,8,0.0003547786064673088
9.85,0.0,77.511644181374,0,90,1.0,8,0.00024008621389681167
9.855,0.0,77.50778993342809,0,90,1.0,8,0.00016061718408424248
9.86,0.0,77.50515197226336,0,90,1.0,8,0.00010622623223428528
9.865,0.0,77.50336843577756,0,90,1.0,8,6.945228407339903e-05
9.87,0.0,77.50217719842811,0,90,1.0,8,4.489068923947381e-05
9.875,0.0,77.50139117811788,0,90,1.0,8,2.868408490484136e-05
9.88,0.0,77.50087878462313,0,90,1.0,8,1.8119270579912145e-05
9.885,0.0,77.50054877857231,0,90,1.0,8,1.1315022109465176e-05
9.89,0.0,77.50033878707026,0,90,1.0,8,6.985300417782878e-06
9.895,0.0,77.50020676236647,0,90,1.0,8,4.263141576790151e-06
9.9,0.0,77.50012474729766,0,90,1.0,8,2.5721092301349007e-06
9.905,0.0,77.50007440562757,0,90,1.0,8,1.5341366509712372e-06
9.91,0.0,77.5000438728055,0,90,1.0,8,9.045939279563829e-07
9.915,0.0,77.50002557407974,0,90,1.0,8,5.273006132535284e-07
9.92,0.0,77.50001473735715,0,90,1.0,8,3.038630339786548e-07
9.925,0.0,77.50000839564733,0,90,1.0,8,1.7310613046545994e-07
9.93,0.001684486749771458,77.50000472828614,0,90,1.0,8,9.74904359394451e-08
9.935,0.004172395771277602,77.50000263249952,0,90,1.0,8,5.4278340539238665e-08
9.94,0.009438687428818865,77.50000144893144,0,90,1.0,8,2.987487510067366e-08
9.945,0.019500507867137046,77.50000078839227,0,90,1.0,8,1.6255510733581387e-08
9.95,0.03679496976339974,77.50000042408398,0,90,1.0,8,8.743999558777732e-09
9.955,0.06340728953298436,77.50000022551548,0,90,1.0,8,4.649803676113958e-09
9.96,0.09979255396093453,77.5000001185539,0,90,1.0,8,2.4444102915911515e-09
9.965,0.14343835518453557,77.50000006161271,0,90,1.0,8,1.270365146410768e-09
9.97,0.18829581417209276,77.5000000316548,0,90,1.0,8,6.526764283671113e-10
9.975,0.2257481735193119,77.5000000160777,0,90,1.0,8,3.3149909850368374e-10
9.98,0.24718154073554727,77.50000000807279,0,90,1.0,8,1.664492507169945e-10
9.985,0.24718154074102772,77.50000000400718,0,90,1.0,8,8.262220232149817e-11
9.99,0.22574817354072055,77.50000000196638,0,90,1.0,8,4.054400801344189e-11
9.995,0.18829581422840957,77.50000000095392,0,90,1.0,8,1.9668408940467004e-11
10.0,0.14343835532456656,77.50000000045748,0,90,1.0,8,9.432491443129545e-12
10.005,0.09979255431561854,77.50000000021689,0,90,1.0,8,4.471877621926041e-12
10.01,0.06340729067170194,77.50000000010165,0,90,1.0,8,2.095881315007009e-12
10.015,0.03679497683410042,77.5000000000471,0,90,1.0,8,9.710262376531843e-13
10.02,0.019500578284482293,77.50000000002157,0,90,1.0,8,4.4478510222013693e-13
10.025,0.009439396781978427,77.50000000000976,0,90,1.0,8,2.0129602452255209e-13
10.03,0.004178588733610924,77.50000000000438,0,90,1.0,8,9.02462526243756e-14
10.035,0.0017299316936037381,77.50000000000193,0,90,1.0,8,3.984899466530871e-14
10.04,0.0008997325756988589,77.50000000000085,0,90,1.0,8,1.7580438822930315e-14
10.045,0.001634769674224814,77.50000000000037,0,90,1.0,8,7.618190156603136e-15
10.05,0.00614904736476635,77.50000000000016,0,90,1.0,8,3.2230804508705575e-15
10.055,0.02168080359963608,77.50000000000007,0,90,1.0,8,1.465036568577526e-15
10.06,0.06433400338904088,77.50000000000003,0,90,1.0,8,5.860146274310105e-16
10.065,0.1593410769217493,77.50000000000001,0,90,1.0,8,2.9300731371550523e-16
10.07,0.3291989194808569,77.5,0,90,1.0,8,0.0
10.075,0.5672906802982638,77.5,0,90,1.0,8,0.0
10.08,0.815339152120446,77.5,0,90,1.0,8,0.0
10.085,0.9768711246313155,77.50000284586159,1,90,1.0,8,5.8677558500516847e-08
10.09,0.9726380909165361,77.50000570245213,0,90,1.0,8,1.1757633254176457e-07
10.095,0.7921091683291741,77.50001225806744,0,90,1.0,8,2.527436586159141e-07
10.1,0.49139090102639077,77.50002942758579,0,90,1.0,8,6.067543461202937e-07
10.105,0.15739335672107918,77.50007969525397,0,90,1.0,8,1.6432011128453615e-06
10.11,-0.11102342218909485,77.50023533387187,0,90,1.0,8,4.8522447808367e-06
10.115,-0.2314207883647528,77.50071883774795,0,90,1.0,8,1.4821396865024148e-05
10.12,-0.2029124434754801,77.50217579271153,0,90,1.0,8,4.4861705392288955e-05
10.125,-0.11151350554305876,77.50635725002037,0,90,1.0,8,0.00013107732000766818
10.13,-0.039430666652076896,77.51768141331813,0,90,1.0,8,0.0003645652230542177
10.135,-0.006087703519843621,77.54648137072928,0,90,1.0,8,0.0009583787779233389
10.14,0.005350271385530551,77.61508024410816,0,90,1.0,8,0.002372788538312508
10.145,0.010381647827441833,77.76784731218491,0,90,1.0,8,0.005522624993503347
10.15,0.015115203303506243,78.08549326951349,0,90,1.0,8,0.012072026175535917
10.155,0.021170964062928475,78.70138007120593,0,90,1.0,8,0.024770723117648087
10.16,0.029082821134029553,79.81333731768606,0,90,1.0,8,0.047697676653320885
10.165,0.03923107061708144,81.67953161509834,0,90,1.0,8,0.08617590958965651
10.17,0.051969043308817596,84.58445788628454,0,90,1.0,8,0.1460712966244235
10.175,0.06760532616283861,88.76559186610127,0,90,1.0,8,0.23228024466188196
10.18,0.08636519236693461,94.30580224572596,0,90,1.0,8,0.34651138650981356
10.185,0.10834733138818661,101.01908127568012,0,90,1.0,8,0.4849295108387654
10.19,0.1334809643017884,108.37758909741606,0,90,1.0,8,0.6366513215962075
10.195,0.16148868344343945,115.53155299925712,0,90,1.0,8,0.7841557319434457
10.2,0.191860907532018,121.44932005335616,0,90,1.0,8,0.9061715474918796
10.205,0.22384764873847726,125.15631195469562,0,90,1.0,8,0.9826043701999098
10.21,0.25647215537198226,126.0,0,90,1.0,8,1.0
10.215,0.2885689161419028,123.8427949295679,0,90,1.0,8,0.9555215449395443
10.22,0.31884566517832524,119.10508764276156,0,90,1.0,8,0.8578368586136405
10.225,0.3459657668955683,112.64051130847515,0,90,1.0,8,0.7245466249170135
10.23,0.3686441789190902,105.4947173494078,0,90,1.0,8,0.5772106669980989
10.235,0.3857476379544367,98.64157127935391,0,90,1.0,8,0.4359086861722456
10.24,0.3963882865005728,92.7872202864701,0,90,1.0,8,0.3152004182777341
10.245,0.4,88.29055850091387,0,90,1.0,8,0.222485742286884
10.25,0.39638828650057273,85.19499150634792,0,90,1.0,8,0.15865961868758593
10.255,0.38574763795443656,83.32841126591062,0,90,1.0,8,0.1201734281631055
10.26,0.36864417891908974,82.41862451624381,0,90,1.0,8,0.10141493847925381
10.265,0.345965766895568,82.1853521137011,0,90,1.0,8,0.09660519822064124
10.27,0.3188456651783249,82.39306572658664,0,90,1.0,8,0.10088795312549777
10.275,0.28856891614190205,82.86818610804693,0,90,1.0,8,0.11068424965045211
10.28,0.2564721553719815,83.49352503596295,0,90,1.0,8,0.12357783579305044
10.285,0.22384764873847685,84.19327652565775,0,90,1.0,8,0.13800570155995362
10.29,0.19186090753201765,84.91762339581283,0,90,1.0,8,0.1529406885734603
10.295,0.16148868344343878,85.63113017574868,0,90,1.0,8,0.16765216857213774
10.3,0.1334809643017881,86.30565243766684,0,90,1.0,8,0.18155984407560488
10.305,0.10834733138818531,86.91685513029627,0,90,1.0,8,0.19416196144940762
10.31,0.08636519236690572,87.44305757969148,0,90,1.0,8,0.2050114964884842
10.315,0.06760532616242629,87.86533772288807,0,90,1.0,8,0.2137183035647025
10.32,0.05196904332202373,88.16817973634383,0,90,1.0,8,0.21996246879059445
10.325,0.03923107185803287,88.3402384667518,0,90,1.0,8,0.22351007147941854
10.33,0.02908287038705761,88.37498162664085,0,90,1.0,8,0.22422642529156384
10.335,0.02117220077308346,88.27108106749418,0,90,1.0,8,0.22208414572152949
10.34,0.0151361834125735,88.03249098378444,0,90,1.0,8,0.21716476255225653
10.345,0.010626454858290009,87.66819648788929,0,90,1.0,8,0.20965353583276886
10.35,0.007326255555493652,87.19165162443677,0,90,1.0,8,0.1998278685450881
10.355,0.004960179211183015,86.61995488836745,0,90,1.0,8,0.18804030697664836
10.36,0.0032978759379303545,85.97283240911523,0,90,1.0,8,0.1746975754456748
10.365,0.002153242296767213,85.27151291372265,0,90,1.0,8,0.16023737966438445
10.37,0.001380616732225004,84.53758349445417,0,90,1.0,8,0.14510481431864264
10.375,0.0008693106590991584,83.79191110989592,0,90,1.0,8,0.1297301259772355
10.38,0.000537524815942247,83.05370269529314,0,90,1.0,8,0.11450933392356989
10.385,0.0003263951340288585,82.33975866855332,0,90,1.0,8,0.09978883852687248
10.39,0.00019463030985187395,81.66395297564524,0,90,1.0,8,0.08585470052876794
10.395,0.00011397219555062695,81.03695029627794,0,90,1.0,8,0.07292681023253478
10.4,6.55403863487943e-05,80.46615012462807,0,90,1.0,8,0.06115773452841386
10.405,3.701184389455385e-05,79.95583016691808,0,90,1.0,8,0.05063567354470261
10.41,2.0525516217290957e-05,79.50744919237871,0,90,1.0,8,0.04139070499749928
10.415,1.1178128483661116e-05,79.12006270877623,0,90,1.0,8,0.03340335482012848
10.42,5.978135409912517e-06,78.7908034547283,0,90,1.0,8,0.02661450422120217
10.425,3.1396702713238487e-06,78.51538196065025,0,90,1.0,8,0.020935710528871037
10.43,1.6192875458531019e-06,78.28856917829346,0,90,1.0,8,0.016259158315329016
10.435,8.201353897972012e-07,78.1046320774523,0,90,1.0,8,0.012466640772212247
10.44,4.0791415086824765e-07,77.95770283268605,0,90,1.0,8,0.009437171807959853
10.445,1.9923866938774793e-07,77.8420716221398,0,90,1.0,8,0.007053023136903054
10.45,9.556527981051257e-08,77.75240126350023,0,90,1.0,8,0.005204149762891385
10.455,4.501406988770349e-08,77.68386837283725,0,90,1.0,8,0.0037911004708711957
10.46,0.0,77.63224022257143,0,90,1.0,8,0.0027266025272458896
10.465,0.0,77.593899037566,0,90,1.0,8,0.0019360626302268875
10.47,0.0,77.56582634489853,0,90,1.0,8,0.0013572442247118605
10.475,0.0,77.54555954431204,0,90,1.0,8,0.0009393720476709601
10.48,0.0,77.53113149901236,0,90,1.0,8,0.0006418865775744446
10.485,0.0,77.5210020517766,0,90,1.0,8,0.00043303199539392604
10.49,0.0,77.51398828420264,0,90,1.0,8,0.0002884182309822584
10.495,0.0,77.50919831335803,0,90,1.0,8,0.00018965594552633241
10.5,0.0,77.50597163128171,0,90,1.0,8,0.0001231264181795915
10.505,0.0,77.50382753172264,0,90,1.0,8,7.891817984814552e-05
10.51,0.0,77.50242206416318,0,90,1.0,8,4.9939467282149394e-05
10.515,0.0,77.50151319019876,0,90,1.0,8,3.119979791266787e-05
10.52,0.0,77.5009333454743,0,90,1.0,8,1.9244236583388782e-05
10.525,0.0,77.50056837159171,0,90,1.0,8,1.171900189095928e-05
10.53,0.0,77.50034171443933,0,90,1.0,8,7.045658542878787e-06
10.535,0.0,77.50020283146561,0,90,1.0,8,4.182092074523604e-06
10.54,0.0,77.50011886345717,0,90,1.0,8,2.450792931437352e-06
10.545,0.0,77.50006877053725,0,90,1.0,8,1.4179492217356982e-06
10.55,0.0,77.50003928235421,0,90,1.0,8,8.099454475996026e-07
10.555,0.0,77.50002215305511,0,90,1.0,8,4.567640229483398e-07
10.56,0.001684486749771458,77.50001233419412,0,90,1.0,8,2.5431328092204194e-07
10.565,0.004172395771277602,77.50000677998857,0,90,1.0,8,1.39793578701409e-07
10.57,0.009438687428818865,77.50000367949464,0,90,1.0,8,7.586586885858215e-08
10.575,0.019500507867137046,77.50000197146203,0,90,1.0,8,4.064870157768363e-08
10.58,0.03679496976339974,77.50000104286885,0,90,1.0,8,2.150245042272574e-08
10.585,0.06340728953298436,77.50000054464309,0,90,1.0,8,1.1229754354363397e-08
10.59,0.09979255396093453,77.50000028082472,0,90,1.0,8,5.7902004474018806e-09
10.595,0.14343835518453557,77.50000014295512,0,90,1.0,8,2.9475281688477126e-09
10.6,0.18829581417209276,77.50000007184642,0,90,1.0,8,1.481369382258656e-09
10.605,0.2257481735193119,77.50000003564934,0,90,1.0,8,7.350378541794027e-10
10.61,0.24718154073554727,77.5000000174638,0,90,1.0,8,3.6007844586886665e-10
10.615,0.24718154074102772,77.50000000844632,0,90,1.0,8,1.7415094795800654e-10
10.62,0.22574817354072055,77.50000000403308,0,90,1.0,8,8.315635465440153e-11
10.625,0.18829581422840957,77.50000000190128,0,90,1.0,8,3.920174150931116e-11
10.63,0.14343835532456656,77.50000000088491,0,90,1.0,8,1.824556542506451e-11
10.635,0.09979255431561854,77.50000000040662,0,90,1.0,8,8.383818267341751e-12
10.64,0.06340729067170194,77.50000000018447,0,90,1.0,8,3.803527939340973e-12
10.645,0.03679497683410042,77.50000000008262,0,90,1.0,8,1.7035445219419474e-12
10.65,0.019500578284482293,77.50000000003654,0,90,1.0,8,7.53321803562564e-13
10.655,0.009439396781978427,77.50000000001594,0,90,1.0,8,3.2875420598879686e-13
10.66,0.004178588733610924,77.50000000000688,0,90,1.0,8,1.4181553983830453e-13
10.665,0.0017299316936037381,77.50000000000293,0,90,1.0,8,6.035950662539408e-14
10.67,0.0008997325756988589,77.50000000000122,0,90,1.0,8,2.519862897953345e-14
10.675,0.001634769674224814,77.50000000000051,0,90,1.0,8,1.0548263293758189e-14
10.68,0.00614904736476635,77.50000000000021,0,90,1.0,8,4.395109705732579e-15
10.685,0.02168080359963608,77.50000000000009,0,90,1.0,8,1.7580438822930315e-15
10.69,0.06433400338904088,77.50000000000003,0,90,1.0,8,5.860146274310105e-16
10.695,0.1593410769217493,77.50000000000001,0,90,1.0,8,2.9300731371550523e-16
10.7,0.3291989194808569,77.5,0,90,1.0,8,0.0
10.705,0.5672906802982638,77.5,0,90,1.0,8,0.0
10.71,0.815339152120446,77.5,0,90,1.0,8,0.0
10.715,0.9768711246313155,77.50000284359693,1,90,1.0,8,5.8630864561995826e-08
10.72,0.9726380909165361,77.50000548419933,0,90,1.0,8,1.1307627494144193e-07
10.725,0.7921091683291741,77.50001124088986,0,90,1.0,8,2.317709249813767e-07
10.73,0.49139090102639077,77.50002536697961,0,90,1.0,8,5.230305075000024e-07
10.735,0.15739335672107918,77.50006389056809,0,90,1.0,8,1.3173313007395262e-06
10.74,-0.11102342218909485,77.50017550461766,0,90,1.0,8,3.6186519104816886e-06
10.745,-0.2314207883647528,77.50050312573545,0,90,1.0,8,1.037372650410024e-05
10.75,-0.2029124434754801,77.50144560488555,0,90,1.0,8,2.9806286299926985e-05
10.755,-0.11151350554305876,77.50405253381912,0,90,1.0,8,8.355739833237495e-05
10.76,-0.039430666652076896,77.51091584732082,0,90,1.0,8,0.0002250690169240588
10.765,-0.006087703519843621,77.52802210333864,0,90,1.0,8,0.0005777753265699489
10.77,0.005350271385530551,77.56826624200473,0,90,1.0,8,0.0014075513815407234
10.775,0.010381647827441833,77.65747108052543,0,90,1.0,8,0.003246826402586094
10.78,0.015115203303506243,77.84353029025743,0,90,1.0,8,0.007083098768194506
10.785,0.021170964062928475,78.208294728616,0,90,1.0,8,0.014604015023010236
10.79,0.029082821134029553,78.87971080766134,0,90,1.0,8,0.02844764551879051
10.795,0.03923107061708144,80.03860769687986,0,90,1.0,8,0.052342426739791025
10.8,0.051969043308817596,81.9114678020172,0,90,1.0,8,0.0909580990106639
10.805,0.06760532616283861,84.73967911802492,0,90,1.0,8,0.14927173439226646
10.81,0.08636519236693461,88.71983424376735,0,90,1.0,8,0.23133678853128561
10.815,0.10834733138818661,93.92009701837561,0,90,1.0,8,0.3385587014098065
10.82,0.1334809643017884,100.19265177353559,0,90,1.0,8,0.46788972728939354
10.825,0.16148868344343945,107.11553201194583,0,90,1.0,8,0.6106295260195017
10.83,0.191860907532018,113.99980843728613,0,90,1.0,8,0.7525733698409512
10.835,0.22384764873847726,119.98355460807562,0,90,1.0,8,0.8759495795479509
10.84,0.25647215537198226,124.2034706308707,0,90,1.0,8,0.9629581573375402
10.845,0.2885689161419028,126.0,0,90,1.0,9,1.0
10.85,0.31884566517832524,125.0896730388076,0,90,1.0,9,0.9812303719341774
10.855,0.3459657668955683,121.64309031720336,0,90,1.0,9,0.9101668106639867
10.86,0.3686441789190902,116.23941024525399,0,90,1.0,9,0.7987507267062679
10.865,0.3857476379544367,109.71438740562652,0,90,1.0,9,0.6642141733118871
10.87,0.3963882865005728,102.95711288915504,0,90,1.0,9,0.5248889255495884
10.875,0.4,96.72341910788755,0,90,1.0,9,0.39635915686366086
10.88,0.39638828650057273,91.51813811820595,0,90,1.0,9,0.28903377563311244
10.885,0.38574763795443656,87.5651096594767,0,90,1.0,9,0.2075280342160145
10.89,0.36864417891908974,84.85055753012354,0,90,1.0,9,0.15155788721904204
10.895,0.345965766895568,83.20599367449054,0,90,1.0,9,0.11764935411320707
10.9,0.3188456651783249,82.39522658019695,0,90,1.0,9,0.10093250680818448
10.905,0.28856891614190205,82.18134970860318,0,90,1.0,9,0.09652267440418925
10.91,0.2564721553719815,82.36490781207327,0,90,1.0,9,0.10030737756852103
10.915,0.22384764873847685,82.79649701173709,0,90,1.0,9,0.10920612395334202
10.92,0.19186090753201765,83.37281201706614,0,90,1.0,9,0.12108890756837398
10.925,0.16148868344343878,84.02539184144003,0,90,1.0,9,0.1345441616791758
10.93,0.1334809643017881,84.70859251846929,0,90,1.0,9,0.14863077357668636
10.935,0.10834733138818531,85.39005201648826,0,90,1.0,9,0.1626814848760465
10.94,0.08636519236690572,86.044472758779,0,90,1.0,9,0.17617469605729885
10.945,0.06760532616242629,86.65025529584166,0,90,1.0,9,0.1886650576462198
10.95,0.05196904332202373,87.18810890053072,0,90,1.0,9,0.19975482269135508
10.955,0.03923107185803287,87.64083038423249,0,90,1.0,9,0.2090892862728348
10.96,0.02908287038705761,87.99366494888493,0,90,1.0,9,0.21636422575020467
10.965,0.02117220077308346,88.23487689607546,0,90,1.0,9,0.2213376679603188
10.97,0.0151361834125735,88.35631072246048,0,90,1.0,9,0.2238414581950614
10.975,0.010626454858290009,88.35381801207184,0,90,1.0,9,0.22379006210457403
10.98,0.007326255555493652,88.22748246937488,0,90,1.0,9,0.22118520555412116
10.985,0.004960179211183015,87.98161207029037,0,90,1.0,9,0.21611571278949213
10.99,0.0032978759379303545,87.62449423525337,0,90,1.0,9,0.20875245845883228
10.995,0.002153242296767213,87.1679318019965,0,90,1.0,9,0.199338800041165
11.0,0.001380616732225004,86.62659553682514,0,90,1.0,9,0.18817722756340485
11.005,0.0008693106590991584,86.01724256371354,0,90,1.0,9,0.1756132487363616
11.01,0.000537524815942247,85.35785865287932,0,90,1.0,9,0.16201770418307868
11.015,0.0003263951340288585,84.66678530372789,0,90,1.0,9,0.1477687691490287
11.02,0.00019463030985187395,83.96189001381458,0,90,1.0,9,0.1332348456456615
11.025,0.00011397219555062695,83.25983064690726,0,90,1.0,9,0.11875939478159302
11.03,6.55403863487943e-05,82.57545348721757,0,90,1.0,9,0.10464852550964067
11.035,3.701184389455385e-05,81.92135081114074,0,90,1.0,9,0.09116187239465445
11.04,2.0525516217290957e-05,81.30758917718623,0,90,1.0,9,0.07850699334404598
11.045,1.1178128483661116e-05,80.74160562584288,0,90,1.0,9,0.06683722939882226
11.05,5.978135409912517e-06,80.22825686325584,0,90,1.0,9,0.05625271883001725
11.055,3.1396702713238487e-06,79.76999719568829,0,90,1.0,9,0.046804065890480216
11.06,1.6192875458531019e-06,79.36715499256925,0,90,1.0,9,0.03849804108390215
11.065,8.201353897972012e-07,79.01827487455601,0,90,1.0,9,0.03130463658878378
11.07,4.0791415086824765e-07,78.72049337182925,0,90,1.0,9,0.0251648117902938
11.075,1.9923866938774793e-07,78.46991891897598,0,90,1.0,9,0.01999832822630882
11.08,9.556527981051257e-08,78.26199201676988,0,90,1.0,9,0.015711175603502697
11.085,4.501406988770349e-08,78.09180740822781,0,90,1.0,9,0.01220221460263522
11.09,0.0,77.95438643595452,0,90,1.0,9,0.009368792493907593
11.095,0.0,77.8448937347729,0,90,1.0,9,0.007111211026245273
11.1,0.0,77.75879759554243,0,90,1.0,9,0.005336032897782116
11.105,0.0,77.69197742146481,0,90,1.0,9,0.003958297349789957
11.11,0.0,77.640784569316,0,90,1.0,9,0.0029027746250721038
11.115,0.0,77.60206455450907,0,90,1.0,9,0.0021044238043107246
11.12,0.0,77.5731492398329,0,90,1.0,9,0.0015082317491319794
11.125,0.0,77.55182743021956,0,90,1.0,9,0.0010686068086507364
11.13,0.0,77.53630149568863,0,90,1.0,9,0.0007484844471883127
11.135,0.0,77.52513647346169,0,90,1.0,9,0.0005182778033337254
11.14,0.0,77.51720676241366,0,90,1.0,9,0.0003547786064673088
11.145,0.0,77.511644181374,0,90,1.0,9,0.00024008621389681167
11.15,0.0,77.50778993342809,0,90,1.0,9,0.00016061718408424248
11.155,0.0,77.50515197226336,0,90,1.0,9,0.00010622623223428528
11.16,0.0,77.50336843577756,0,90,1.0,9,6.945228407339903e-05
11.165,0.0,77.50217719842811,0,90,1.0,9,4.489068923947381e-05
11.17,0.0,77.50139117811788,0,90,1.0,9,2.868408490484136e-05
11.175,0.0,77.50087878462313,0,90,1.0,9,1.8119270579912145e-05
11.18,0.0,77.50054877857231,0,90,1.0,9,1.1315022109465176e-05
11.185,0.0,77.50033878707026,0,90,1.0,9,6.985300417782878e-06
11.19,0.0,77.50020676236647,0,90,1.0,9,4.263141576790151e-06
11.195,0.0,77.50012474729766,0,90,1.0,9,2.5721092301349007e-06
11.2,0.0,77.50007440562757,0,90,1.0,9,1.5341366509712372e-06
11.205,0.0,77.5000438728055,0,90,1.0,9,9.045939279563829e-07
11.21,0.0,77.50002557407974,0,90,1.0,9,5.273006132535284e-07
11.215,0.0,77.50001473735715,0,90,1.0,9,3.038630339786548e-07
11.22,0.0,77.50000839564733,0,90,1.0,9,1.7310613046545994e-07
11.225,0.001684486749771458,77.50000472828614,0,90,1.0,9,9.74904359394451e-08
11.23,0.004172395771277602,77.50000263249952,0,90,1.0,9,5.4278340539238665e-08
11.235,0.009438687428818865,77.50000144893144,0,90,1.0,9,2.987487510067366e-08
11.24,0.019500507867137046,77.50000078839227,0,90,1.0,9,1.6255510733581387e-08
11.245,0.03679496976339974,77.50000042408398,0,90,1.0,9,8.743999558777732e-09
11.25,0.06340728953298436,77.50000022551548,0,90,1.0,9,4.649803676113958e-09
11.255,0.09979255396093453,77.5000001185539,0,90,1.0,9,2.4444102915911515e-09
11.26,0.14343835518453557,77.50000006161271,0,90,1.0,9,1.270365146410768e-09
11.265,0.18829581417209276,77.5000000316548,0,90,1.0,9,6.526764283671113e-10
11.27,0.2257481735193119,77.5000000160777,0,90,1.0,9,3.3149909850368374e-10
11.275,0.24718154073554727,77.50000000807279,0,90,1.0,9,1.664492507169945e-10
11.28,0.24718154074102772,77.50000000400718,0,90,1.0,9,8.262220232149817e-11
11.285,0.22574817354072055,77.50000000196638,0,90,1.0,9,4.054400801344189e-11
11.29,0.18829581422840957,77.50000000095392,0,90,1.0,9,1.9668408940467004e-11
11.295,0.14343835532456656,77.50000000045748,0,90,1.0,9,9.432491443129545e-12
11.3,0.09979255431561854,77.50000000021689,0,90,1.0,9,4.471877621926041e-12
11.305,0.06340729067170194,77.50000000010165,0,90,1.0,9,2.095881315007009e-12
11.31,0.03679497683410042,77.5000000000471,0,90,1.0,9,9.710262376531843e-13
11.315,0.019500578284482293,77.50000000002157,0,90,1.0,9,4.4478510222013693e-13
11.32,0.009439396781978427,77.50000000000976,0,90,1.0,9,2.0129602452255209e-13
11.325,0.004178588733610924,77.50000000000438,0,90,1.0,9,9.02462526243756e-14
11.33,0.0017299316936037381,77.50000000000193,0,90,1.0,9,3.984899466530871e-14
11.335,0.0008997325756988589,77.50000000000085,0,90,1.0,9,1.7580438822930315e-14
11.34,0.001634769674224814,77.50000000000037,0,90,1.0,9,7.618190156603136e-15
11.345,0.00614904736476635,77.50000000000016,0,90,1.0,9,3.2230804508705575e-15
11.35,0.02168080359963608,77.50000000000007,0,90,1.0,9,1.465036568577526e-15
11.355,0.06433400338904088,77.50000000000003,0,90,1.0,9,5.860146274310105e-16
11.36,0.1593410769217493,77.50000000000001,0,90,1.0,9,2.9300731371550523e-16
11.365,0.3291989194808569,77.5,0,90,1.0,9,0.0
11.37,0.5672906802982638,77.5,0,90,1.0,9,0.0
11.375,0.815339152120446,77.5,0,90,1.0,9,0.0
11.38,0.9768711246313155,77.5,1,90,1.0,9,0.0
11.385,0.9726380909165361,77.5,0,90,1.0,9,0.0
11.39,0.7921091683291741,77.5,0,90,1.0,9,0.0
11.395,0.49139090102639077,77.5,0,90,1.0,9,0.0
11.4,0.15739335672107918,77.5,0,90,1.0,9,0.0
11.405,-0.11102342218909485,77.5,0,90,1.0,9,0.0
11.41,-0.2314207883647528,77.5,0,90,1.0,9,0.0
11.415,-0.2029124434754801,77.5,0,90,1.0,9,0.0
11.42,-0.11151350554305876,77.5,0,90,1.0,9,0.0
11.425,-0.039430666652076896,77.5,0,90,1.0,9,0.0
11.43,-0.006087703519843621,77.5,0,90,1.0,9,0.0
11.435,0.005350271385530551,77.5,0,90,1.0,9,0.0
11.44,0.010381647827441833,77.5,0,90,1.0,9,0.0
11.445,0.015115203303506243,77.5,0,90,1.0,9,0.0
11.45,0.021170964062928475,77.5,0,90,1.0,9,0.0
11.455,0.029082821134029553,77.5,0,90,1.0,9,0.0
11.46,0.03923107061708144,77.5,0,90,1.0,9,0.0
11.465,0.051969043308817596,77.5,0,90,1.0,9,0.0
11.47,0.06760532616283861,77.5,0,90,1.0,9,0.0
11.475,0.08636519236693461,77.5,0,90,1.0,9,0.0
11.48,0.10834733138818661,77.5,0,90,1.0,9,0.0
11.485,0.1334809643017884,77.5,0,90,1.0,9,0.0
11.49,0.16148868344343945,77.5,0,90,1.0,9,0.0
11.495,0.191860907532018,77.5,0,90,1.0,9,0.0
11.5,0.22384764873847726,77.5,0,90,1.0,9,0.0
11.505,0.25647215537198226,77.5,0,90,1.0,9,0.0
11.51,0.2885689161419028,77.5,0,90,1.0,9,0.0
11.515,0.31884566517832524,77.5,0,90,1.0,9,0.0
11.52,0.3459657668955683,77.5,0,90,1.0,9,0.0
11.525,0.3686441789190902,77.5,0,90,1.0,9,0.0
11.53,0.3857476379544367,77.5,0,90,1.0,9,0.0
11.535,0.3963882865005728,77.5,0,90,1.0,9,0.0
11.54,0.4,77.5,0,90,1.0,9,0.0
11.545,0.39638828650057273,77.5,0,90,1.0,9,0.0
11.55,0.38574763795443656,77.5,0,90,1.0,9,0.0
11.555,0.36864417891908974,77.5,0,90,1.0,9,0.0
11.56,0.345965766895568,77.5,0,90,1.0,9,0.0
11.565,0.3188456651783249,77.5,0,90,1.0,9,0.0
11.57,0.28856891614190205,77.5,0,90,1.0,9,0.0
11.575,0.2564721553719815,77.5,0,90,1.0,9,0.0
11.58,0.22384764873847685,77.5,0,90,1.0,9,0.0
11.585,0.19186090753201765,77.5,0,90,1.0,9,0.0
11.59,0.16148868344343878,77.5,0,90,1.0,9,0.0
11.595,0.1334809643017881,77.5,0,90,1.0,9,0.0
11.6,0.10834733138818531,77.5,0,90,1.0,9,0.0
11.605,0.08636519236690572,77.5,0,90,1.0,9,0.0
11.61,0.06760532616242629,77.5,0,90,1.0,9,0.0
11.615,0.05196904332202373,77.5,0,90,1.0,9,0.0
11.62,0.03923107185803287,77.5,0,90,1.0,9,0.0
11.625,0.02908287038705761,77.5,0,90,1.0,9,0.0
11.63,0.02117220077308346,77.5,0,90,1.0,9,0.0
11.635,0.0151361834125735,77.5,0,90,1.0,9,0.0
11.64,0.010626454858290009,77.5,0,90,1.0,9,0.0
11.645,0.007326255555493652,77.5,0,90,1.0,9,0.0
11.65,0.004960179211183015,77.5,0,90,1.0,9,0.0
11.655,0.0032978759379303545,77.5,0,90,1.0,9,0.0
11.66,0.002153242296767213,77.5,0,90,1.0,9,0.0
11.665,0.001380616732225004,77.5,0,90,1.0,9,0.0
11.67,0.0008693106590991584,77.5,0,90,1.0,9,0.0
11.675,0.000537524815942247,77.5,0,90,1.0,9,0.0
11.68,0.0003263951340288585,77.5,0,90,1.0,9,0.0
11.685,0.00019463030985187395,77.5,0,90,1.0,9,0.0
11.69,0.00011397219555062695,77.5,0,90,1.0,9,0.0
11.695,6.55403863487943e-05,77.5,0,90,1.0,9,0.0
11.7,3.701184389455385e-05,77.5,0,90,1.0,9,0.0
11.705,2.0525516217290957e-05,77.5,0,90,1.0,9,0.0
11.71,1.1178128483661116e-05,77.5,0,90,1.0,9,0.0
11.715,5.978135409912517e-06,77.5,0,90,1.0,9,0.0
11.72,3.1396702713238487e-06,77.5,0,90,1.0,9,0.0
11.725,1.6192875458531019e-06,77.5,0,90,1.0,9,0.0
11.73,8.201353897972012e-07,77.5,0,90,1.0,9,0.0
11.735,4.0791415086824765e-07,77.5,0,90,1.0,9,0.0
11.74,1.9923866938774793e-07,77.5,0,90,1.0,9,0.0
11.745,9.556527981051257e-08,77.5,0,90,1.0,9,0.0
11.75,4.501406988770349e-08,77.5,0,90,1.0,9,0.0
11.755,0.0,77.5,0,90,1.0,9,0.0
11.76,0.0,77.5,0,90,1.0,9,0.0
11.765,0.0,77.5,0,90,1.0,9,0.0
11.77,0.0,77.5,0,90,1.0,9,0.0
11.775,0.0,77.5,0,90,1.0,9,0.0
11.78,0.0,77.5,0,90,1.0,9,0.0
11.785,0.0,77.5,0,90,1.0,9,0.0
11.79,0.0,77.5,0,90,1.0,9,0.0
11.795,0.0,77.5,0,90,1.0,9,0.0
11.8,0.0,77.5,0,90,1.0,9,0.0
11.805,0.0,77.5,0,90,1.0,9,0.0
11.81,0.0,77.5,0,90,1.0,9,0.0
11.815,0.0,77.5,0,90,1.0,9,0.0
11.82,0.0,77.5,0,90,1.0,9,0.0
11.825,0.0,77.5,0,90,1.0,9,0.0
11.83,0.0,77.5,0,90,1.0,9,0.0
11.835,0.0,77.5,0,90,1.0,9,0.0
11.84,0.0,77.5,0,90,1.0,9,0.0
11.845,0.0,77.5,0,90,1.0,9,0.0
11.85,0.0,77.5,0,90,1.0,9,0.0
11.855,0.0,77.5,0,90,1.0,9,0.0
11.86,0.0,77.5,0,90,1.0,9,0.0
11.865,0.0,77.5,0,90,1.0,9,0.0
11.87,0.0,77.5,0,90,1.0,9,0.0
11.875,0.0,77.5,0,90,1.0,9,0.0
11.88,0.0,77.5,0,90,1.0,9,0.0
11.885,0.0,77.5,0,90,1.0,9,0.0
11.89,0.0,77.5,0,90,1.0,9,0.0
11.895,0.0,77.5,0,90,1.0,9,0.0
11.9,0.0,77.5,0,90,1.0,9,0.0
11.905,0.0,77.5,0,90,1.0,9,0.0
11.91,0.0,77.5,0,90,1.0,9,0.0
11.915,0.0,77.5,0,90,1.0,9,0.0
11.92,0.0,77.5,0,90,1.0,9,0.0
11.925,0.0,77.5,0,90,1.0,9,0.0
11.93,0.0,77.5,0,90,1.0,9,0.0
11.935,0.0,77.5,0,90,1.0,9,0.0
11.94,0.0,77.5,0,90,1.0,9,0.0
11.945,0.0,77.5,0,90,1.0,9,0.0
11.95,0.0,77.5,0,90,1.0,9,0.0
11.955,0.0,77.5,0,90,1.0,9,0.0
11.96,0.0,77.5,0,90,1.0,9,0.0
11.965,0.0,77.5,0,90,1.0,9,0.0
11.97,0.0,77.5,0,90,1.0,9,0.0
11.975,0.0,77.5,0,90,1.0,9,0.0
11.98,0.0,77.5,0,90,1.0,9,0.0
11.985,0.0,77.5,0,90,1.0,9,0.0
11.99,0.0,77.5,0,90,1.0,9,0.0
11.995,0.0,77.5,0,90,1.0,9,0.0
