Time,ECG,Pressure,R_Peaks,mean_hr,hrv_scale,Phase_Bin,Normalized_Pressure
0.0,0.001684486749771458,77.5,0,60,1.0,0,0.0
0.005,0.003097557930867117,77.5,0,60,1.0,0,0.0
0.01,0.005475106668887023,77.5,0,60,1.0,0,0.0
0.015,0.00930222931468658,77.5,0,60,1.0,0,0.0
0.02,0.01519157517868857,77.5,0,60,1.0,0,0.0
0.025,0.023847336626128316,77.5,0,60,1.0,0,0.0
0.03,0.0359830743700859,77.5,0,60,1.0,0,0.0
0.035,0.05218887796857759,77.5,0,60,1.0,0,0.0
0.04,0.0727577001223134,77.5,0,60,1.0,0,0.0
0.045,0.0974992498694751,77.5,0,60,1.0,0,0.0
0.05,0.12558706050443358,77.5,0,60,1.0,0,0.0
0.055,0.15549263588878245,77.5,0,60,1.0,0,0.0
0.06,0.1850529723539114,77.5,0,60,1.0,0,0.0
0.065,0.21169159439317053,77.5,0,60,1.0,0,0.0
0.07,0.23277292922115492,77.5,0,60,1.0,0,0.0
0.075,0.24602692519491282,77.5,0,60,1.0,0,0.0
0.08,0.24995056064839283,77.5,0,60,1.0,0,0.0
0.085,0.24408826520424054,77.5,0,60,1.0,0,0.0
0.09,0.22911894216865275,77.5,0,60,1.0,0,0.0
0.095,0.20672661788705934,77.5,0,60,1.0,0,0.0
0.1,0.17928878030241233,77.5,0,60,1.0,0,0.0
0.105,0.14946211903866036,77.5,0,60,1.0,0,0.0
0.11,0.1197651512573837,77.5,0,60,1.0,0,0.0
0.115,0.09224675744988023,77.5,0,60,1.0,0,0.0
0.12,0.06829565320281596,77.5,0,60,1.0,0,0.0
0.125,0.04860224607515734,77.5,0,60,1.0,0,0.0
0.13,0.03324612389699793,77.5,0,60,1.0,0,0.0
0.135,0.021859876340472782,77.5,0,60,1.0,0,0.0
0.14,0.01381595518554205,77.5,0,60,1.0,0,0.0
0.145,0.008394095110402422,77.5,0,60,1.0,0,0.0
0.15,0.0049052535271608,77.5,0,60,1.0,0,0.0
0.155,0.0027671663551903634,77.5,0,60,1.0,0,0.0
0.16,0.0015425553464444616,77.5,0,60,1.0,0,0.0
0.165,0.0009638206637011801,77.5,0,60,1.0,0,0.0
0.17,0.0009804935156568228,77.5,0,60,1.0,0,0.0
0.175,0.0018793744894085216,77.5,0,60,1.0,0,0.0
0.18,0.004535525206900863,77.5,0,60,1.0,0,0.0
0.185,0.010832767979632273,77.5,0,60,1.0,0,0.0
0.19,0.024208003392322392,77.5,0,60,1.0,0,0.0
0.195,0.0500971897335304,77.5,0,60,1.0,0,0.0
0.2,0.09582894921774403,77.5,0,60,1.0,0,0.0
0.205,0.16937896721820658,77.5,0,60,1.0,0,0.0
0.21,0.27661303008991756,77.5,0,60,1.0,0,0.0
0.215,0.4173782800009149,77.5,0,60,1.0,0,0.0
0.22,0.5818720934538056,77.5,0,60,1.0,0,0.0
0.225,0.7494718801585675,77.5,0,60,1.0,0,0.0
0.23,0.891813020752378,77.5,0,60,1.0,0,0.0
0.235,0.9800361632936612,77.5,0,60,1.0,0,0.0
0.24,0.993574479225126,77.5,0,60,1.0,0,0.0
0.245,0.9263438449375362,77.5,0,60,1.0,0,0.0
0.25,0.7873015962290536,77.5,0,60,1.0,0,0.0
0.255,0.5959516244629897,77.5,0,60,1.0,0,0.0
0.26,0.376910120078773,77.5,0,60,1.0,0,0.0
0.265,0.15739335672107918,77.5,0,60,1.0,0,0.0
0.27,-0.033361226269301235,77.5,0,60,1.0,0,0.0
0.275,-0.1680180840843834,77.5,0,60,1.0,0,0.0
0.28,-0.23069703190837854,77.5,0,60,1.0,0,0.0
0.285,-0.22587267821131068,77.5,0,60,1.0,0,0.0
0.29,-0.17718181630665902,77.5,0,60,1.0,0,0.0
0.295,-0.11494332516451301,77.5,0,60,1.0,0,0.0
0.3,-0.061810214049552864,77.5,0,60,1.0,0,0.0
0.305,-0.026546104631500547,77.5,0,60,1.0,0,0.0
0.31,-0.00719600351942686,77.5,0,60,1.0,0,0.0
0.315,0.0022072757983807078,77.5,0,60,1.0,0,0.0
0.32,0.006917199873730717,77.5,0,60,1.0,0,0.0
0.325,0.01004859748264829,77.5,0,60,1.0,0,0.0
0.33,0.013037082251128167,77.5,0,60,1.0,0,0.0
0.335,0.01645163937690478,77.5,0,60,1.0,0,0.0
0.34,0.020526639934696615,77.5,0,60,1.0,0,0.0
0.345,0.02539629541761738,77.5,0,60,1.0,0,0.0
0.35,0.031171612185577933,77.5,0,60,1.0,0,0.0
0.355,0.03795853426638131,77.5,0,60,1.0,0,0.0
0.36,0.0458588961882057,77.5,0,60,1.0,0,0.0
0.365,0.054966995891435555,77.5,0,60,1.0,0,0.0
0.37,0.06536491004445595,77.5,0,60,1.0,0,0.0
0.375,0.07711726085088699,77.5,0,60,1.0,0,0.0
0.38,0.09026570629555215,77.5,0,60,1.0,0,0.0
0.385,0.10482339848670268,77.5,0,60,1.0,0,0.0
0.39,0.12076968927580028,77.5,0,60,1.0,0,0.0
0.395,0.13804539501007884,77.5,0,60,1.0,0,0.0
0.4,0.15654895051787066,77.5,0,60,1.0,0,0.0
0.405,0.17613378141900526,77.5,0,60,1.0,0,0.0
0.41,0.19660720058055794,77.5,0,60,1.0,0,0.0
0.415,0.21773108748496234,77.5,0,60,1.0,0,0.0
0.42,0.23922453870058807,77.5,0,60,1.0,0,0.0
0.425,0.2607685857914563,77.5,0,60,1.0,0,0.0
0.43,0.2820129681603682,77.5,0,60,1.0,0,0.0
0.435,0.30258482867153996,77.5,0,60,1.0,0,0.0
0.44,0.3220990771751686,77.5,0,60,1.0,0,0.0
0.445,0.3401700499968971,77.5,0,60,1.0,0,0.0
0.45,0.3564239911198326,77.5,0,60,1.0,0,0.0
0.455,0.3705118017738417,77.5,0,60,1.0,0,0.0
0.46,0.3821214567925213,77.5,0,60,1.0,0,0.0
0.465,0.39098947374066967,77.5,0,60,1.0,0,0.0
0.47,0.3969108472035567,77.5,0,60,1.0,0,0.0
0.475,0.3997469255491936,77.5,0,60,1.0,0,0.0
0.48,0.3994308076379137,77.5,0,60,1.0,0,0.0
0.485,0.3959699661768434,77.5,0,60,1.0,0,0.0
0.49,0.38944595408114946,77.5,0,60,1.0,0,0.0
0.495,0.38001120995358023,77.5,0,60,1.0,0,0.0
0.5,0.3678831374098315,77.5,0,60,1.0,0,0.0
0.505,0.35333577933796634,77.5,0,60,1.0,0,0.0
0.51,0.33668953221163944,77.5,0,60,1.0,0,0.0
0.515,0.3182994390982644,77.5,0,60,1.0,0,0.0
0.52,0.29854265738230645,77.5,0,60,1.0,0,0.0
0.525,0.2778057157821067,77.5,0,60,1.0,0,0.0
0.53,0.2564721553719815,77.5,0,60,1.0,0,0.0
0.535,0.23491109433464996,77.5,0,60,1.0,0,0.0
0.54,0.21346717185309805,77.5,0,60,1.0,0,0.0
0.545,0.19245222055656455,77.5,0,60,1.0,0,0.0
0.55,0.17213889801761392,77.5,0,60,1.0,0,0.0
0.555,0.15275638501270183,77.5,0,60,1.0,0,0.0
0.56,0.13448814019607322,77.5,0,60,1.0,0,0.0
0.565,0.11747159495449566,77.5,0,60,1.0,0,0.0
0.57,0.10179958433370105,77.5,0,60,1.0,0,0.0
0.575,0.08752324394101413,77.5,0,60,1.0,0,0.0
0.58,0.07465606047174059,77.5,0,60,1.0,0,0.0
0.585,0.0631787448609295,77.5,0,60,1.0,0,0.0
0.59,0.05304460019959574,77.5,0,60,1.0,0,0.0
0.595,0.044185078305849994,77.5,0,60,1.0,0,0.0
0.6,0.03651525513023255,77.5,0,60,1.0,0,0.0
0.605,0.0299390014708757,77.5,0,60,1.0,0,0.0
0.61,0.024353677220580638,77.5,0,60,1.0,0,0.0
0.615,0.01965423034339045,77.5,0,60,1.0,0,0.0
0.62,0.015736632374757337,77.5,0,60,1.0,0,0.0
0.625,0.012500627640593535,77.5,0,60,1.0,0,0.0
0.63,0.009851811652115898,77.5,0,60,1.0,0,0.0
0.635,0.007703084175428559,77.5,0,60,1.0,0,0.0
0.64,0.005975544002062424,77.5,0,60,1.0,0,0.0
0.645,0.004598905818663047,77.5,0,60,1.0,0,0.0
0.65,0.0035115256454839104,77.5,0,60,1.0,0,0.0
0.655,0.002660121266303676,77.5,0,60,1.0,0,0.0
0.66,0.0019992692560877024,77.5,0,60,1.0,0,0.0
0.665,0.0014907520044639367,77.5,0,60,1.0,0,0.0
0.67,0.0011028178277539807,77.5,0,60,1.0,0,0.0
0.675,0.0008094059938923333,77.5,0,60,1.0,0,0.0
0.68,0.0005893771793717645,77.5,0,60,1.0,0,0.0
0.685,0.0004257792353490551,77.5,0,60,1.0,0,0.0
0.69,0.0003051686392901525,77.5,0,60,1.0,0,0.0
0.695,0.00021699992642659966,77.5,0,60,1.0,0,0.0
0.7,0.00015308884054097838,77.5,0,60,1.0,0,0.0
0.705,0.00010714989329311098,77.5,0,60,1.0,0,0.0
0.71,7.440535854020571e-05,77.5,0,60,1.0,0,0.0
0.715,5.1260276743925106e-05,77.5,0,60,1.0,0,0.0
0.72,3.503659887882241e-05,77.5,0,60,1.0,0,0.0
0.725,2.375894748103639e-05,77.5,0,60,1.0,0,0.0
0.73,1.5984413869232557e-05,77.5,0,60,1.0,0,0.0
0.735,1.0669166579899869e-05,77.5,0,60,1.0,0,0.0
0.74,7.06526633560511e-06,77.5,0,60,1.0,0,0.0
0.745,4.641847214699205e-06,77.5,0,60,1.0,0,0.0
0.75,3.025641074479182e-06,77.5,0,60,1.0,0,0.0
0.755,1.9566278676921314e-06,77.5,0,60,1.0,0,0.0
0.76,1.2553456560008793e-06,77.5,0,60,1.0,0,0.0
0.765,7.990660428214668e-07,77.5,0,60,1.0,0,0.0
0.77,5.046221251618276e-07,77.5,0,60,1.0,0,0.0
0.775,3.1616527078858815e-07,77.5,0,60,1.0,0,0.0
0.78,1.9652884407760343e-07,77.5,0,60,1.0,0,0.0
0.785,1.2120002189836396e-07,77.5,0,60,1.0,0,0.0
0.79,7.415549848886236e-08,77.5,0,60,1.0,0,0.0
0.795,4.501406988770349e-08,77.5,0,60,1.0,0,0.0
0.8,0.0,77.5,0,60,1.0,0,0.0
0.805,0.0,77.5,0,60,1.0,0,0.0
0.81,0.0,77.5,0,60,1.0,0,0.0
0.815,0.0,77.5,0,60,1.0,0,0.0
0.82,0.0,77.5,0,60,1.0,0,0.0
0.825,0.0,77.5,0,60,1.0,0,0.0
0.83,0.0,77.5,0,60,1.0,0,0.0
0.835,0.0,77.5,0,60,1.0,0,0.0
0.84,0.0,77.5,0,60,1.0,0,0.0
0.845,0.0,77.5,0,60,1.0,0,0.0
0.85,0.0,77.5,0,60,1.0,0,0.0
0.855,0.0,77.5,0,60,1.0,0,0.0
0.86,0.0,77.5,0,60,1.0,0,0.0
0.865,0.0,77.5,0,60,1.0,0,0.0
0.87,0.0,77.5,0,60,1.0,0,0.0
0.875,0.0,77.5,0,60,1.0,0,0.0
0.88,0.0,77.5,0,60,1.0,0,0.0
0.885,0.0,77.5,0,60,1.0,0,0.0
0.89,0.0,77.5,0,60,1.0,0,0.0
0.895,0.0,77.5,0,60,1.0,0,0.0
0.9,0.0,77.5,0,60,1.0,0,0.0
0.905,0.0,77.5,0,60,1.0,0,0.0
0.91,0.0,77.5,0,60,1.0,0,0.0
0.915,0.0,77.5,0,60,1.0,0,0.0
0.92,0.0,77.5,0,60,1.0,0,0.0
0.925,0.0,77.5,0,60,1.0,0,0.0
0.93,0.0,77.5,0,60,1.0,0,0.0
0.935,0.0,77.5,0,60,1.0,0,0.0
0.94,0.0,77.5,0,60,1.0,0,0.0
0.945,0.0,77.5,0,60,1.0,0,0.0
0.95,0.0,77.5,0,60,1.0,0,0.0
0.955,0.0,77.5,0,60,1.0,0,0.0
0.96,0.0,77.5,0,60,1.0,0,0.0
0.965,0.0,77.5,0,60,1.0,0,0.0
0.97,0.0,77.5,0,60,1.0,0,0.0
0.975,0.0,77.5,0,60,1.0,0,0.0
0.98,0.0,77.5,0,60,1.0,0,0.0
0.985,0.0,77.5,0,60,1.0,0,0.0
0.99,0.0,77.5,0,60,1.0,0,0.0
0.995,0.0,77.5,0,60,1.0,0,0.0
1.0,0.0,77.5,0,60,1.0,0,0.0
1.005,0.0,77.5,0,60,1.0,0,0.0
1.01,0.001684486749771458,77.5,0,60,1.0,0,0.0
1.015,0.003097557930867117,77.5,0,60,1.0,0,0.0
1.02,0.005475106668887023,77.5,0,60,1.0,0,0.0
1.025,0.00930222931468658,77.5,0,60,1.0,0,0.0
1.03,0.01519157517868857,77.5,0,60,1.0,0,0.0
1.035,0.023847336626128316,77.5,0,60,1.0,0,0.0
1.04,0.0359830743700859,77.5,0,60,1.0,0,0.0
1.045,0.05218887796857759,77.5,0,60,1.0,0,0.0
1.05,0.0727577001223134,77.5,0,60,1.0,0,0.0
1.055,0.0974992498694751,77.5,0,60,1.0,0,0.0
1.06,0.12558706050443358,77.5,0,60,1.0,0,0.0
1.065,0.15549263588878245,77.5,0,60,1.0,0,0.0
1.07,0.1850529723539114,77.5,0,60,1.0,0,0.0
1.075,0.21169159439317053,77.5,0,60,1.0,0,0.0
1.08,0.23277292922115492,77.5,0,60,1.0,0,0.0
1.085,0.24602692519491282,77.5,0,60,1.0,0,0.0
1.09,0.24995056064839283,77.5,0,60,1.0,0,0.0
1.095,0.24408826520424054,77.5,0,60,1.0,0,0.0
1.1,0.22911894216865275,77.5,0,60,1.0,0,0.0
1.105,0.20672661788705934,77.5,0,60,1.0,0,0.0
1.11,0.17928878030241233,77.5,0,60,1.0,0,0.0
1.115,0.14946211903866036,77.5,0,60,1.0,0,0.0
1.12,0.1197651512573837,77.5,0,60,1.0,0,0.0
1.125,0.09224675744988023,77.5,0,60,1.0,0,0.0
1.13,0.06829565320281596,77.5,0,60,1.0,0,0.0
1.135,0.04860224607515734,77.5,0,60,1.0,0,0.0
1.14,0.03324612389699793,77.5,0,60,1.0,0,0.0
1.145,0.021859876340472782,77.5,0,60,1.0,0,0.0
1.15,0.01381595518554205,77.5,0,60,1.0,0,0.0
1.155,0.008394095110402422,77.5,0,60,1.0,0,0.0
1.16,0.0049052535271608,77.5,0,60,1.0,0,0.0
1.165,0.0027671663551903634,77.5,0,60,1.0,0,0.0
1.17,0.0015425553464444616,77.5,0,60,1.0,0,0.0
1.175,0.0009638206637011801,77.5,0,60,1.0,0,0.0
1.18,0.0009804935156568228,77.5,0,60,1.0,0,0.0
1.185,0.0018793744894085216,77.5,0,60,1.0,0,0.0
1.19,0.004535525206900863,77.5,0,60,1.0,0,0.0
1.195,0.010832767979632273,77.5,0,60,1.0,0,0.0
1.2,0.024208003392322392,77.5,0,60,1.0,0,0.0
1.205,0.0500971897335304,77.5,0,60,1.0,1,0.0
1.21,0.09582894921774403,77.5,0,60,1.0,1,0.0
1.215,0.16937896721820658,77.5,0,60,1.0,1,0.0
1.22,0.27661303008991756,77.5,0,60,1.0,1,0.0
1.225,0.4173782800009149,77.5,0,60,1.0,1,0.0
1.23,0.5818720934538056,77.5,0,60,1.0,1,0.0
1.235,0.7494718801585675,77.5,0,60,1.0,1,0.0
1.24,0.891813020752378,77.5,0,60,1.0,1,0.0
1.245,0.9800361632936612,77.5,0,60,1.0,1,0.0
1.25,0.993574479225126,77.50000249074864,1,60,1.0,1,5.8605850400079576e-08
1.255,0.9263438449375362,77.50000373719767,0,60,1.0,1,8.793406289655917e-08
1.26,0.7873015962290536,77.50000571125484,0,60,1.0,1,1.3438246690063405e-07
1.265,0.5959516244629897,77.50000897156823,0,60,1.0,1,2.1109572317607885e-07
1.27,0.376910120078773,77.50001461785887,0,60,1.0,1,3.43949620387588e-07
1.275,0.15739335672107918,77.50002485761756,0,60,1.0,1,5.848851190769304e-07
1.28,-0.033361226269301235,77.5000441468857,0,60,1.0,1,1.0387502517433485e-06
1.285,-0.1680180840843834,77.50008143641718,0,60,1.0,1,1.9161509923753115e-06
1.29,-0.23069703190837854,77.50015448638096,0,60,1.0,1,3.6349736697449024e-06
1.295,-0.22587267821131068,77.50029793771368,0,60,1.0,1,7.0102991454699375e-06
1.3,-0.17718181630665902,77.50057799534659,0,60,1.0,1,1.3599890507975942e-05
1.305,-0.11494332516451301,77.50111837318384,0,60,1.0,1,2.6314663149244498e-05
1.31,-0.061810214049552864,77.5021447712547,0,60,1.0,1,5.046520599307769e-05
1.315,-0.026546104631500547,77.50405875758024,0,60,1.0,1,9.550017835856712e-05
1.32,-0.00719600351942686,77.50755652220829,0,60,1.0,1,0.00017780052254800146
1.325,0.0022072757983807078,77.5138132687215,0,60,1.0,1,0.00032501808756485256
1.33,0.006917199873730717,77.52475921295319,0,60,1.0,1,0.000582569716545536
1.335,0.01004859748264829,77.54347674592255,0,60,1.0,1,0.0010229822570011037
1.34,0.013037082251128167,77.57474787349175,0,60,1.0,1,0.001758773493923413
1.345,0.01645163937690478,77.62577327415069,0,60,1.0,1,0.0029593711564867885
1.35,0.020526639934696615,77.70706537776042,0,60,1.0,1,0.0048721265355391764
1.355,0.02539629541761738,77.83348417583925,0,60,1.0,1,0.007846686490335193
1.36,0.031171612185577933,78.02533403405856,0,60,1.0,1,0.01236080080137787
1.365,0.03795853426638131,78.30937397061481,0,60,1.0,1,0.019044093426230924
1.37,0.0458588961882057,78.71951933566189,0,60,1.0,1,0.02869457260380908
1.375,0.054966995891435555,79.29694287055824,0,60,1.0,1,0.04228100871901742
1.38,0.06536491004445595,80.08923773111762,0,60,1.0,1,0.06092324073217931
1.385,0.07711726085088699,81.14830879222492,0,60,1.0,1,0.08584255981705703
1.39,0.09026570629555215,82.52673576022178,0,60,1.0,1,0.11827613553463018
1.395,0.10482339848670268,84.27251918352495,0,60,1.0,1,0.1593533925535282
1.4,0.12076968927580028,86.42237931349577,0,60,1.0,1,0.2099383367881357
1.405,0.13804539501007884,88.99410554557689,0,60,1.0,1,0.2704495422488679
1.41,0.15654895051787066,91.9788018156371,0,60,1.0,1,0.3406776897796964
1.415,0.17613378141900526,95.334168598068,0,60,1.0,1,0.41962749642512953
1.42,0.19660720058055794,98.98012138918452,0,60,1.0,1,0.5054146209219886
1.425,0.21773108748496234,102.79799284778882,0,60,1.0,1,0.5952468905362075
1.43,0.23922453870058807,106.63425574998296,0,60,1.0,1,0.6855118999995989
1.435,0.2607685857914563,110.3091421021212,0,60,1.0,1,0.7719798141675577
1.44,0.2820129681603682,113.62978726267669,0,60,1.0,1,0.8501126414747455
1.445,0.30258482867153996,116.40672107938641,0,60,1.0,1,0.915452260691445
1.45,0.3220990771751686,118.47182096137549,0,60,1.0,1,0.9640428461500115
1.455,0.3401700499968971,119.6953952366045,0,60,1.0,1,0.9928328290965764
1.46,0.3564239911198326,120.0,0,60,1.0,1,1.0
1.465,0.3705118017738417,119.36895538564825,0,60,1.0,1,0.9851518914270176
1.47,0.3821214567925213,117.8482718652806,0,60,1.0,1,0.9493711027124846
1.475,0.39098947374066967,115.54169086462247,0,60,1.0,1,0.8950986085793522
1.48,0.3969108472035567,112.59959541754621,0,60,1.0,1,0.8258728333540285
1.485,0.3997469255491936,109.20345077779993,0,60,1.0,1,0.7459635477129395
1.49,0.3994308076379137,105.54802170749046,0,60,1.0,1,0.6599534519409521
1.495,0.3959699661768434,101.8237860184662,0,60,1.0,1,0.572324376905087
1.5,0.38944595408114946,98.20171874166881,0,60,1.0,1,0.4870992645098544
1.505,0.38001120995358023,94.82204096605442,0,60,1.0,1,0.407577434495398
1.51,0.3678831374098315,91.78775541635707,0,60,1.0,1,0.3361824803848723
1.515,0.35333577933796634,89.16299261618758,0,60,1.0,1,0.27442335567500187
1.52,0.33668953221163944,86.97551489147115,0,60,1.0,1,0.22295329156402705
1.525,0.3182994390982644,85.22227107932854,0,60,1.0,1,0.18170049598420085
1.53,0.29854265738230645,83.87670192276543,0,60,1.0,1,0.15004004524153963
1.535,0.2778057157821067,82.89654561652101,0,60,1.0,1,0.12697754391814142
1.54,0.2564721553719815,82.23112307730574,0,60,1.0,1,0.11132054299542915
1.545,0.23491109433464996,81.82741116257147,0,60,1.0,1,0.10182143911932859
1.55,0.21346717185309805,81.63455867864775,0,60,1.0,1,0.09728373361524117
1.555,0.19245222055656455,81.60680170223023,0,60,1.0,1,0.09663062828777008
1.56,0.17213889801761392,81.70495430565997,0,60,1.0,1,0.0989401013096463
1.565,0.15275638501270183,81.89677692135083,0,60,1.0,1,0.10345357462001964
1.57,0.13448814019607322,82.15656636018309,0,60,1.0,1,0.1095662672984257
1.575,0.11747159495449566,82.46429012245926,0,60,1.0,1,0.11680682641080613
1.58,0.10179958433370105,82.8045283196595,0,60,1.0,1,0.12481243105081169
1.585,0.08752324394101413,83.16541222644258,0,60,1.0,1,0.13330381709276667
1.59,0.07465606047174059,83.53767634330968,0,60,1.0,1,0.14206297278375726
1.595,0.0631787448609295,83.91388111514495,0,60,1.0,1,0.15091484976811637
1.6,0.05304460019959574,84.28782021906059,0,60,1.0,1,0.15971341691907276
1.605,0.044185078305849994,84.65409926224211,0,60,1.0,1,0.16833174734687326
1.61,0.03651525513023255,85.0078589300795,0,60,1.0,1,0.17665550423716456
1.615,0.0299390014708757,85.34461127744662,0,60,1.0,1,0.18457908888109686
1.62,0.024353677220580638,85.66015930774962,0,60,1.0,1,0.1920037484176382
1.625,0.01965423034339045,85.95057432507056,0,60,1.0,1,0.19883704294283674
1.63,0.015736632374757337,86.21221077831807,0,60,1.0,1,0.2049931947839545
1.635,0.012500627640593535,86.44174327657818,0,60,1.0,1,0.21039395944889835
1.64,0.009851811652115898,86.63621460417082,0,60,1.0,1,0.21496975539225452
1.645,0.007703084175428559,86.79308677227421,0,60,1.0,1,0.21866086522998135
1.65,0.005975544002062424,86.91028950286497,0,60,1.0,1,0.2214185765379993
1.655,0.004598905818663047,86.98626223109395,0,60,1.0,1,0.22320617014338695
1.66,0.0035115256454839104,87.01998692484162,0,60,1.0,1,0.22399969234921455
1.665,0.002660121266303676,87.01100991632812,0,60,1.0,1,0.22378846861948518
1.67,0.0019992692560877024,86.95945163913956,0,60,1.0,1,0.22257533268563667
1.675,0.0014907520044639367,86.86600374296489,0,60,1.0,1,0.22037655865799746
1.68,0.0011028178277539807,86.73191356296712,0,60,1.0,1,0.2172214955992264
1.685,0.0008094059938923333,86.55895637276944,0,60,1.0,1,0.2131519146533987
1.69,0.0005893771793717645,86.34939625601568,0,60,1.0,1,0.20822108837683953
1.695,0.0004257792353490551,86.1059367891027,0,60,1.0,1,0.2024926303318282
1.7,0.0003051686392901525,85.83166303058954,0,60,1.0,1,0.19603913013151855
1.705,0.00021699992642659966,85.52997655357439,0,60,1.0,1,0.18894062478998555
1.71,0.00015308884054097838,85.20452542960692,0,60,1.0,1,0.18128295128486865
1.715,0.00010714989329311098,84.8591311722773,0,60,1.0,1,0.17315602758299534
1.72,7.440535854020571e-05,84.49771467412947,0,60,1.0,1,0.1646521099795169
1.725,5.1260276743925106e-05,84.12422312368471,0,60,1.0,1,0.15586407349846387
1.73,3.503659887882241e-05,83.74255977482709,0,60,1.0,1,0.14688375940769613
1.735,2.375894748103639e-05,83.3565182660101,0,60,1.0,1,0.1378004297884729
1.74,1.5984413869232557e-05,82.9697229613804,0,60,1.0,1,0.12869936379718586
1.745,1.0669166579899869e-05,82.58557652138303,0,60,1.0,1,0.11966062403254193
1.75,7.06526633560511e-06,82.20721561920514,0,60,1.0,1,0.1107580145695328
1.755,4.641847214699205e-06,81.83747541445932,0,60,1.0,1,0.10205824504610164
1.76,3.025641074479182e-06,81.47886308952788,0,60,1.0,1,0.09362030798889123
1.765,1.9566278676921314e-06,81.13354045891697,0,60,1.0,1,0.08549506962157573
1.77,1.2553456560008793e-06,80.80331538843093,0,60,1.0,1,0.07772506796308074
1.775,7.990660428214668e-07,80.48964151788857,0,60,1.0,1,0.07034450630326052
1.78,5.046221251618276e-07,80.1936255753785,0,60,1.0,1,0.06337942530302364
1.785,3.1616527078858815e-07,79.91604140743877,0,60,1.0,1,0.05684803311620633
1.79,1.9652884407760343e-07,79.65734973059041,0,60,1.0,1,0.050761170131539086
1.795,1.2120002189836396e-07,79.41772253577084,0,60,1.0,1,0.04512288319460789
1.8,7.415549848886236e-08,79.19707104686094,0,60,1.0,1,0.039931083455551554
1.805,4.501406988770349e-08,78.99507614445564,0,60,1.0,1,0.035178262222485594
1.81,0.0,78.81122021168667,0,60,1.0,1,0.030852240274980566
1.815,0.0,78.64481943465971,0,60,1.0,1,0.0269369278743461
1.82,0.0,78.49505568965337,0,60,1.0,1,0.023413075050667524
1.825,0.0,78.36100726610847,0,60,1.0,1,0.02025899449666995
1.83,0.0,78.24167780211948,0,60,1.0,1,0.017451242402811363
1.835,0.0,78.13602294148403,0,60,1.0,1,0.014965245681977154
1.84,0.0,78.04297435280705,0,60,1.0,1,0.012775867124871772
1.845,0.0,77.96146087689337,0,60,1.0,1,0.010857902985726335
1.85,0.0,77.89042668477981,0,60,1.0,1,0.009186510230113206
1.855,0.0,77.82884643227335,0,60,1.0,1,0.007737563112314159
1.86,0.0,77.77573748574355,0,60,1.0,1,0.006487940841024657
1.865,0.0,77.73016936702706,0,60,1.0,1,0.0054157498124014
1.87,0.0,77.69127062232624,0,60,1.0,1,0.004500485231205724
1.875,0.0,77.6582333613129,0,60,1.0,1,0.0037231379132445937
1.88,0.0,77.63031573925792,0,60,1.0,1,0.0030662526884217348
1.885,0.0,77.60684266831569,0,60,1.0,1,0.0025139451368398325
1.89,0.0,77.58720504582733,0,60,1.0,1,0.002051883431231344
1.895,0.0,77.57085777957612,0,60,1.0,1,0.001667241872379196
1.9,0.0,77.55731687430486,0,60,1.0,1,0.0013486323365849357
1.905,0.0,77.54615582242496,0,60,1.0,1,0.0010860193511756306
1.91,0.0,77.53700151653213,0,60,1.0,1,0.0008706239184030384
1.915,0.0,77.52952987374293,0,60,1.0,1,0.0006948205586571904
1.92,0.0,77.52346133340869,0,60,1.0,1,0.0005520313743221215
1.925,0.0,77.51855636164399,0,60,1.0,1,0.0004366202739761855
1.93,0.0,77.51461106927293,0,60,1.0,1,0.0003437898652454324
1.935,0.0,77.51145302495763,0,60,1.0,1,0.00026948294017957404
1.94,0.0,77.50893732291566,0,60,1.0,1,0.0002102899509566214
1.945,0.0,77.50694294504625,0,60,1.0,1,0.00016336341285289242
1.95,0.0,77.50536944058639,0,60,1.0,1,0.00012633977850334626
1.955,0.0,77.50413393258488,0,60,1.0,1,9.7269001997133e-05
1.96,0.0,77.50316844938739,0,60,1.0,1,7.455175029148824e-05
1.965,0.0,77.50241757075612,0,60,1.0,1,5.6884017791122355e-05
1.97,0.0,77.50183637194186,0,60,1.0,1,4.320875157324789e-05
1.975,0.0,77.50138864469302,0,60,1.0,1,3.267399277700968e-05
1.98,0.0,77.50104537152076,0,60,1.0,1,2.4596976959066844e-05
1.985,0.0,77.50078342824536,0,60,1.0,1,1.8433605773078158e-05
1.99,0.0,77.5005844896453,0,60,1.0,1,1.3752697536601237e-05
1.995,0.0,77.50043411366167,0,60,1.0,1,1.0214439098089155e-05
2.0,0.0,77.5003209808483,0,60,1.0,1,7.552490548251251e-06
2.005,0.0,77.50023626741132,0,60,1.0,1,5.559233207631062e-06
2.01,0.0,77.50017313208562,0,60,1.0,1,4.073696132255624e-06
2.015,0.0,77.50012629912273,0,60,1.0,1,2.9717440641514474e-06
2.02,0.0,77.50009172170994,0,60,1.0,1,2.1581578808389383e-06
2.025,0.0,77.50006631213128,0,60,1.0,1,1.5602854419097745e-06
2.03,0.0,77.50004772686034,0,60,1.0,1,1.1229849492872958e-06
2.035,0.0,77.5000341965096,0,60,1.0,1,8.046237553571701e-07
2.04,0.0,77.50002439213024,0,60,1.0,1,5.739324762998877e-07
2.045,0.0,77.5000173207509,0,60,1.0,1,4.0754707998423647e-07
2.05,0.0,77.50001224426546,0,60,1.0,1,2.8810036383219996e-07
2.055,0.0,77.50000861683532,0,60,1.0,1,2.0274906626796378e-07
2.06,0.0,77.50000603687084,0,60,1.0,1,1.4204401984042145e-07
2.065,0.0,77.50000421041604,0,60,1.0,1,9.906861263890973e-08
2.07,0.001684486749771458,77.5000029233928,0,60,1.0,1,6.878571291642455e-08
2.075,0.003097557930867117,77.50000202068385,0,60,1.0,1,4.7545502384844656e-08
2.08,0.005475106668887023,77.50000139046033,0,60,1.0,1,3.2716713563144474e-08
2.085,0.00930222931468658,77.50000095250633,0,60,1.0,1,2.2411913558993118e-08
2.09,0.01519157517868857,77.50000064957032,0,60,1.0,1,1.5284007638590135e-08
2.095,0.023847336626128316,77.50000044099485,0,60,1.0,1,1.0376349484217558e-08
2.1,0.0359830743700859,77.50000029805052,0,60,1.0,1,7.012953480679083e-09
2.105,0.05218887796857759,77.50000020053736,0,60,1.0,1,4.71852605615448e-09
2.11,0.0727577001223134,77.5000001343228,0,60,1.0,1,3.1605365540385452e-09
2.115,0.0974992498694751,77.50000008956808,0,60,1.0,1,2.1074841323056984e-09
2.12,0.12558706050443358,77.50000005945738,0,60,1.0,1,1.3989971220700468e-09
2.125,0.15549263588878245,77.50000003929229,0,60,1.0,1,9.24524436092778e-10
2.13,0.1850529723539114,77.50000002584984,0,60,1.0,1,6.082316036447403e-10
2.135,0.21169159439317053,77.50000001693002,0,60,1.0,1,3.983533294077086e-10
2.14,0.23277292922115492,77.5000000110384,0,60,1.0,1,2.5972694322049124e-10
2.145,0.24602692519491282,77.5000000071648,0,60,1.0,1,1.6858353667296744e-10
2.15,0.24995056064839283,77.50000000462967,0,60,1.0,1,1.08933390412644e-10
2.155,0.24408826520424054,77.50000000297815,0,60,1.0,1,7.007422616023926e-11
2.16,0.22911894216865275,77.50000000190718,0,60,1.0,1,4.487486983313883e-11
2.165,0.20672661788705934,77.50000000121587,0,60,1.0,1,2.860862396654043e-11
2.17,0.17928878030241233,77.50000000077166,0,60,1.0,1,1.8156791103298448e-11
2.175,0.14946211903866036,77.50000000048755,0,60,1.0,1,1.1471670672215302e-11
2.18,0.1197651512573837,77.50000000030666,0,60,1.0,1,7.215436091749272e-12
2.185,0.09224675744988023,77.50000000019202,0,60,1.0,1,4.51804868027787e-12
2.19,0.06829565320281596,77.5000000001197,0,60,1.0,1,2.816424218026976e-12
2.195,0.04860224607515734,77.50000000007428,0,60,1.0,1,1.7477679434437852e-12
2.2,0.03324612389699793,77.50000000004589,0,60,1.0,1,1.0796905853032298e-12
2.205,0.021859876340472782,77.50000000002822,0,60,1.0,1,6.640648815150865e-13
2.21,0.01381595518554205,77.50000000001728,0,60,1.0,1,4.0659763138083853e-13
2.215,0.008394095110402422,77.50000000001053,0,60,1.0,1,2.4777043162269844e-13
2.22,0.0049052535271608,77.5000000000064,0,60,1.0,1,1.5046787345508003e-13
2.225,0.0027671663551903634,77.50000000000387,0,60,1.0,1,9.094947017729283e-14
2.23,0.0015425553464444616,77.50000000000232,0,60,1.0,1,5.4502807495951216e-14
2.235,0.0009638206637011801,77.50000000000139,0,60,1.0,1,3.2768559107995206e-14
2.24,0.0009804935156568228,77.50000000000082,0,60,1.0,1,1.9393637023099206e-14
2.245,0.0018793744894085216,77.5000000000005,0,60,1.0,1,1.1703056824284003e-14
2.25,0.004535525206900863,77.50000000000028,0,60,1.0,1,6.687461042448002e-15
2.255,0.010832767979632273,77.50000000000017,0,60,1.0,1,4.012476625468801e-15
2.26,0.024208003392322392,77.5000000000001,0,60,1.0,1,2.3406113648568006e-15
2.265,0.0500971897335304,77.50000000000006,0,60,1.0,1,1.3374922084896003e-15
2.27,0.09582894921774403,77.50000000000003,0,60,1.0,1,6.687461042448002e-16
2.275,0.16937896721820658,77.50000000000001,0,60,1.0,1,3.343730521224001e-16
2.28,0.27661303008991756,77.50000000000001,0,60,1.0,1,3.343730521224001e-16
2.285,0.4173782800009149,77.5,0,60,1.0,1,0.0
2.29,0.5818720934538056,77.5,0,60,1.0,1,0.0
2.295,0.7494718801585675,77.5,0,60,1.0,1,0.0
2.3,0.891813020752378,77.5,0,60,1.0,1,0.0
2.305,0.9800361632936612,77.5,0,60,1.0,1,0.0
2.31,0.993574479225126,77.50000249000622,1,60,1.0,1,5.858838174871754e-08
2.315,0.9263438449375362,77.50000389248275,0,60,1.0,1,9.15878294616799e-08
2.32,0.7873015962290536,77.50000622788357,0,60,1.0,1,1.4653843703961362e-07
2.325,0.5959516244629897,77.50001032445374,0,60,1.0,1,2.429283232927179e-07
2.33,0.376910120078773,77.50001793601348,0,60,1.0,1,4.220238465410041e-07
2.335,0.15739335672107918,77.50003284604738,0,60,1.0,1,7.72848173536498e-07
2.34,-0.033361226269301235,77.50006322959007,0,60,1.0,1,1.4877550604390254e-06
2.345,-0.1680180840843834,77.50012656627284,0,60,1.0,1,2.978029949177011e-06
2.35,-0.23069703190837854,77.50025954907927,0,60,1.0,1,6.10703715939481e-06
2.355,-0.22587267821131068,77.50053742037096,0,60,1.0,1,1.26451851990757e-05
2.36,-0.17718181630665902,77.50111041975664,0,60,1.0,1,2.6127523685705883e-05
2.365,-0.11494332516451301,77.50227004615842,0,60,1.0,1,5.341285078623728e-05
2.37,-0.061810214049552864,77.50456505519409,0,60,1.0,1,0.00010741306339040795
2.375,-0.026546104631500547,77.50899663500942,0,60,1.0,1,0.00021168552963351484
2.38,-0.00719600351942686,77.51733334782944,0,60,1.0,1,0.00040784347833965404
2.385,0.0022072757983807078,77.53259711175801,0,60,1.0,1,0.0007669908648943099
2.39,0.006917199873730717,77.5597775885197,0,60,1.0,1,0.0014065314945810314
2.395,0.01004859748264829,77.60682720154375,0,60,1.0,1,0.002513581212794152
2.4,0.013037082251128167,77.68596373563713,0,60,1.0,1,0.0043756173091089616
2.405,0.01645163937690478,77.81525235617987,0,60,1.0,1,0.007417702498349854
2.41,0.020526639934696615,78.02034654369058,0,60,1.0,2,0.012243448086837147
2.415,0.02539629541761738,78.33613763083831,0,60,1.0,2,0.0196738266079602
2.42,0.031171612185577933,78.80790801230718,0,60,1.0,2,0.030774306171933656
2.425,0.03795853426638131,79.49143402196233,0,60,1.0,2,0.046857271104996094
2.43,0.0458588961882057,80.45138998325675,0,60,1.0,2,0.06944447019427638
2.435,0.054966995891435555,81.75742693681694,0,60,1.0,2,0.10017475145451626
2.44,0.06536491004445595,83.47749814853324,0,60,1.0,2,0.1406470152596057
2.445,0.07711726085088699,85.66841448846296,0,60,1.0,2,0.1921979879638343
2.45,0.09026570629555215,88.36422212653916,0,60,1.0,2,0.2556287559185685
2.455,0.10482339848670268,91.56371947194285,0,60,1.0,2,0.3309110463986552
2.46,0.12076968927580028,95.21911490992028,0,60,1.0,2,0.41692035082165363
2.465,0.13804539501007884,99.22826790633349,0,60,1.0,2,0.5112533625019644
2.47,0.15654895051787066,103.43295067098154,0,60,1.0,2,0.6101870746113304
2.475,0.17613378141900526,107.62498105812116,0,60,1.0,2,0.708823083720498
2.48,0.19660720058055794,111.56090743751355,0,60,1.0,2,0.8014331161767894
2.485,0.21773108748496234,114.9843394518642,0,60,1.0,2,0.8819844576909224
2.49,0.23922453870058807,117.65333760501063,0,60,1.0,2,0.9447844142355444
2.495,0.2607685857914563,119.36890970084326,0,60,1.0,2,0.9851508164904297
2.5,0.2820129681603682,120.0,0,60,1.0,2,1.0
2.505,0.30258482867153996,119.5006402542718,0,60,1.0,2,0.9882503589240423
2.51,0.3220990771751686,117.91617040818592,0,60,1.0,2,0.9509687154867276
2.515,0.3401700499968971,115.37738557396011,0,60,1.0,2,0.8912326017402379
2.52,0.3564239911198326,112.08368211089038,0,60,1.0,2,0.8137336967268325
2.525,0.3705118017738417,108.27824070530876,0,60,1.0,2,0.7241938989484414
2.53,0.3821214567925213,104.21955090304075,0,60,1.0,2,0.6286953153656648
2.535,0.39098947374066967,100.15389681309367,0,60,1.0,2,0.5330328661904392
2.54,0.3969108472035567,96.29278932965357,0,60,1.0,2,0.44218327834478993
2.545,0.3997469255491936,92.79798252281299,0,60,1.0,2,0.3599525299485409
2.55,0.3994308076379137,89.77503474095302,0,60,1.0,2,0.2888243468459534
2.555,0.3959699661768434,87.27477976068862,0,60,1.0,2,0.2299948178985557
2.56,0.38944595408114946,85.30088686693217,0,60,1.0,2,0.1835502792219335
2.565,0.38001120995358023,83.82108308582723,0,60,1.0,2,0.14873136672534648
2.57,0.3678831374098315,82.77958866801355,0,60,1.0,2,0.12422561571796577
2.575,0.35333577933796634,82.1087468967927,0,60,1.0,2,0.10844110345394577
2.58,0.33668953221163944,81.7385096637752,0,60,1.0,2,0.09972963914765186
2.585,0.3182994390982644,81.60316637149273,0,60,1.0,2,0.09654509109394667
2.59,0.29854265738230645,81.64531852817903,0,60,1.0,2,0.097536906545389
2.595,0.2778057157821067,81.81752026347644,0,60,1.0,2,0.10158871208179857
2.6,0.2564721553719815,82.08220991158747,0,60,1.0,2,0.1078167038020581
2.605,0.23491109433464996,82.41058435809306,0,60,1.0,2,0.11554316136689555
2.61,0.21346717185309805,82.78097574839373,0,60,1.0,2,0.12425825290338186
2.615,0.19245222055656455,83.17714153356428,0,60,1.0,2,0.1335798007897478
2.62,0.17213889801761392,83.58672328897565,0,60,1.0,2,0.14321701856413288
2.625,0.15275638501270183,83.99999826166315,0,60,1.0,2,0.15294113556854474
2.63,0.13448814019607322,84.40895337124233,0,60,1.0,2,0.16256360873511372
2.635,0.11747159495449566,84.80665451989769,0,60,1.0,2,0.17192128282112215
2.64,0.10179958433370105,85.1868573489393,0,60,1.0,2,0.1808672317397482
2.645,0.08752324394101413,85.54379935372675,0,60,1.0,2,0.18926586714651186
2.65,0.07465606047174059,85.87211861230374,0,60,1.0,2,0.19699102617185263
2.655,0.0631787448609295,86.16685460853626,0,60,1.0,2,0.20392599078908835
2.66,0.05304460019959574,86.42349754884363,0,60,1.0,2,0.20996464820808536
2.665,0.044185078305849994,86.63806206698814,0,60,1.0,2,0.2150132251056033
2.67,0.03651525513023255,86.80716857960022,0,60,1.0,2,0.21899220187294624
2.675,0.0299390014708757,86.92812088388769,0,60,1.0,2,0.22183813844441616
2.68,0.024353677220580638,86.99897230219709,0,60,1.0,2,0.2235052306399315
2.685,0.01965423034339045,87.0185752592566,0,60,1.0,2,0.22396647668839043
2.69,0.015736632374757337,86.98661103599359,0,60,1.0,2,0.22321437731749624
2.695,0.012500627640593535,86.90359787095856,0,60,1.0,2,0.2212611263754956
2.7,0.009851811652115898,86.77087675820192,0,60,1.0,2,0.21813827666357463
2.705,0.007703084175428559,86.59057531515485,0,60,1.0,2,0.21389588976834945
2.71,0.005975544002062424,86.36555100430262,0,60,1.0,2,0.20860120010123803
2.715,0.004598905818663047,86.0993157926329,0,60,1.0,2,0.2023368421795975
2.72,0.0035115256454839104,85.79594501028039,0,60,1.0,2,0.1951987061242445
2.725,0.002660121266303676,85.45997370609123,0,60,1.0,2,0.18729349896685255
2.73,0.0019992692560877024,85.0962841761263,0,60,1.0,2,0.17873609826179537
2.735,0.0014907520044639367,84.70998855024048,0,60,1.0,2,0.1696467894174231
2.74,0.0011028178277539807,84.3063103584825,0,60,1.0,2,0.1601484790231178
2.745,0.0008094059938923333,83.89046886840002,0,60,1.0,2,0.15036397337411814
2.75,0.0005893771793717645,83.4675696999641,0,60,1.0,2,0.1404134047050377
2.755,0.0004257792353490551,83.04250480764743,0,60,1.0,2,0.13041187782699842
2.76,0.0003051686392901525,82.61986439594673,0,60,1.0,2,0.12046739755168788
2.765,0.00021699992642659966,82.203862736115,0,60,1.0,2,0.11067912320270586
2.77,0.00015308884054097838,81.79827921088489,0,60,1.0,2,0.10113598143258554
2.775,0.00010714989329311098,81.4064152633843,0,60,1.0,2,0.09191565325610127
2.78,7.440535854020571e-05,81.0310672972994,0,60,1.0,2,0.08308393640704474
2.785,5.1260276743925106e-05,80.67451499519211,0,60,1.0,2,0.07469447047510852
2.79,3.503659887882241e-05,80.338524013543,0,60,1.0,2,0.06678880031865868
2.795,2.375894748103639e-05,80.02436159372127,0,60,1.0,2,0.059396743381676866
2.8,1.5984413869232557e-05,79.73282330872932,0,60,1.0,2,0.05253701902892524
2.805,1.0669166579899869e-05,79.4642689510973,0,60,1.0,2,0.046218092966995195
2.81,7.06526633560511e-06,79.21866545674996,0,60,1.0,2,0.040439187217646125
2.815,4.641847214699205e-06,78.99563474688391,0,60,1.0,2,0.03519140580903314
2.82,3.025641074479182e-06,78.79450444444629,0,60,1.0,2,0.030458928104618574
2.825,1.9566278676921314e-06,78.61435957004821,0,60,1.0,2,0.026220225177604896
2.83,1.2553456560008793e-06,78.45409352834312,0,60,1.0,2,0.02244925949042641
2.835,7.990660428214668e-07,78.31245694336336,0,60,1.0,2,0.01911663396149078
2.84,5.046221251618276e-07,78.18810317343045,0,60,1.0,2,0.01619066290424585
2.845,3.1616527078858815e-07,78.07962961742325,0,60,1.0,2,0.01363834393937061
2.85,1.9652884407760343e-07,77.98561420049717,0,60,1.0,2,0.01142621648228629
2.855,1.2120002189836396e-07,77.90464668712917,0,60,1.0,2,0.009521098520686418
2.86,7.415549848886236e-08,77.83535470349312,0,60,1.0,2,0.007890698905720563
2.865,4.501406988770349e-08,77.77642455318359,0,60,1.0,2,0.006504107133731489
2.87,0.0,77.72661707634573,0,60,1.0,2,0.005332166502252529
2.875,0.0,77.68477893086524,0,60,1.0,2,0.00434773954977024
2.88,0.0,77.6498497660474,0,60,1.0,2,0.0035258768481740204
2.885,0.0,77.62086581648374,0,60,1.0,2,0.002843901564323366
2.89,0.0,77.59696047016833,0,60,1.0,2,0.0022814228274900387
2.895,0.0,77.57736236484402,0,60,1.0,2,0.0018202909375063694
2.9,0.0,77.56139154495807,0,60,1.0,2,0.001444506940189887
2.905,0.0,77.54845417352878,0,60,1.0,2,0.0011400982006772237
2.91,0.0,77.53803624353917,0,60,1.0,2,0.0008949704362157049
2.915,0.0,77.52969667664992,0,60,1.0,2,0.0006987453329392846
2.92,0.0,77.52306013697444,0,60,1.0,2,0.000542591458222031
2.925,0.0,77.51780982764838,0,60,1.0,2,0.00041905476819712985
2.93,0.0,77.51368048053044,0,60,1.0,2,0.0003218936595397495
2.935,0.0,77.51045169649136,0,60,1.0,2,0.00024592227038490764
2.94,0.0,77.5079417466527,0,60,1.0,2,0.00018686462712246474
2.945,0.0,77.50600190434021,0,60,1.0,2,0.00014122127859316017
2.95,0.0,77.50451134365947,0,60,1.0,2,0.0001061492625758413
2.955,0.0,77.50337261335471,0,60,1.0,2,7.93556083461975e-05
2.96,0.0,77.50250767355982,0,60,1.0,2,5.9004083760448657e-05
2.965,0.0,77.50185446759158,0,60,1.0,2,4.363453156670135e-05
2.97,0.0,77.50136399034713,0,60,1.0,2,3.209389052070786e-05
2.975,0.0,77.50099780838069,0,60,1.0,2,2.347784425149471e-05
2.98,0.0,77.5007259835821,0,60,1.0,2,1.708196663765407e-05
2.985,0.0,77.50052535183445,0,60,1.0,2,1.2361219634225135e-05
2.99,0.0,77.50037810942973,0,60,1.0,2,8.896692464291204e-06
2.995,0.0,77.50027066279699,0,60,1.0,2,6.368536399831475e-06
3.0,0.0,77.50019270075849,0,60,1.0,2,4.53413549387412e-06
3.005,0.0,77.50013645268456,0,60,1.0,2,3.2106514013588928e-06
3.01,0.0,77.50009610025637,0,60,1.0,2,2.2611825028541394e-06
3.015,0.0,77.50006731483874,0,60,1.0,2,1.5838785587033378e-06
3.02,0.0,77.50004689654789,0,60,1.0,2,1.103448185551101e-06
3.025,0.0,77.50003249486535,0,60,1.0,2,7.645850670916629e-07
3.03,0.0,77.50002239403797,0,60,1.0,2,5.269185404652971e-07
3.035,0.001684486749771458,77.50001534948753,0,60,1.0,2,3.6116441238471665e-07
3.04,0.003097557930867117,77.50001046403425,0,60,1.0,2,2.4621257051983453e-07
3.045,0.005475106668887023,77.5000070949318,0,60,1.0,2,1.6693957183419758e-07
3.05,0.00930222931468658,77.50000478455003,0,60,1.0,2,1.125776477425354e-07
3.055,0.01519157517868857,77.50000320905956,0,60,1.0,2,7.550728368829262e-08
3.06,0.023847336626128316,77.50000214071206,0,60,1.0,2,5.036969542636464e-08
3.065,0.0359830743700859,77.50000142030801,0,60,1.0,2,3.3419011996931445e-08
3.07,0.05218887796857759,77.50000093723958,0,60,1.0,2,2.2052695920351922e-08
3.075,0.0727577001223134,77.50000061512375,0,60,1.0,2,1.447350006642142e-08
3.08,0.0974992498694751,77.50000040153017,0,60,1.0,2,9.447768768629483e-09
3.085,0.12558706050443358,77.50000026068598,0,60,1.0,2,6.133787752225865e-09
3.09,0.15549263588878245,77.50000016832978,0,60,1.0,2,3.960700630212908e-09
3.095,0.1850529723539114,77.50000010810557,0,60,1.0,2,2.5436604038772846e-09
3.1,0.21169159439317053,77.50000006905242,0,60,1.0,2,1.6247627975056221e-09
3.105,0.23277292922115492,77.50000004386858,0,60,1.0,2,1.0322019213216502e-09
3.11,0.24602692519491282,77.50000002771866,0,60,1.0,2,6.522036662371487e-10
3.115,0.24995056064839283,77.50000001741945,0,60,1.0,2,4.098694716958562e-10
3.12,0.24408826520424054,77.5000000108878,0,60,1.0,2,2.5618359198715016e-10
3.125,0.22911894216865275,77.50000000676847,0,60,1.0,2,1.592582066223258e-10
3.13,0.20672661788705934,77.50000000418488,0,60,1.0,2,9.846784825426499e-11
3.135,0.17928878030241233,77.50000000257349,0,60,1.0,2,6.05526191280018e-11
3.14,0.14946211903866036,77.500000001574,0,60,1.0,2,3.703515925307703e-11
3.145,0.1197651512573837,77.50000000095747,0,60,1.0,2,2.2528718759798827e-11
3.15,0.09224675744988023,77.50000000057929,0,60,1.0,2,1.3630383096717517e-11
3.155,0.06829565320281596,77.50000000034858,0,60,1.0,2,8.201836595510351e-12
3.16,0.04860224607515734,77.50000000020863,0,60,1.0,2,4.908930778208956e-12
3.165,0.03324612389699793,77.50000000012419,0,60,1.0,2,2.9220861024976544e-12
3.17,0.021859876340472782,77.50000000007353,0,60,1.0,2,1.730046171681298e-12
3.175,0.01381595518554205,77.50000000004329,0,60,1.0,2,1.0185003167648307e-12
3.18,0.008394095110402422,77.50000000002535,0,60,1.0,2,5.965215249863618e-13
3.185,0.0049052535271608,77.50000000001477,0,60,1.0,2,3.4741360115517367e-13
3.19,0.0027671663551903634,77.50000000000855,0,60,1.0,2,2.0129257737768484e-13
3.195,0.0015425553464444616,77.50000000000493,0,60,1.0,2,1.1602744908647282e-13
3.2,0.0009638206637011801,77.50000000000283,0,60,1.0,2,6.654023737235762e-14
3.205,0.0009804935156568228,77.5000000000016,0,60,1.0,2,3.778415488983121e-14
3.21,0.0018793744894085216,77.50000000000091,0,60,1.0,2,2.1399875335833605e-14
3.215,0.004535525206900863,77.50000000000051,0,60,1.0,2,1.2037429876406403e-14
3.22,0.010832767979632273,77.50000000000028,0,60,1.0,2,6.687461042448002e-15
3.225,0.024208003392322392,77.50000000000016,0,60,1.0,2,3.678103573346401e-15
3.23,0.0500971897335304,77.50000000000009,0,60,1.0,2,2.0062383127344005e-15
3.235,0.09582894921774403,77.50000000000004,0,60,1.0,2,1.0031191563672002e-15
3.24,0.16937896721820658,77.50000000000003,0,60,1.0,2,6.687461042448002e-16
3.245,0.27661303008991756,77.50000000000001,0,60,1.0,2,3.343730521224001e-16
3.25,0.4173782800009149,77.50000000000001,0,60,1.0,2,3.343730521224001e-16
3.255,0.5818720934538056,77.5,0,60,1.0,2,0.0
3.26,0.7494718801585675,77.5,0,60,1.0,2,0.0
3.265,0.891813020752378,77.5,0,60,1.0,2,0.0
3.27,0.9800361632936612,77.5,0,60,1.0,2,0.0
3.275,0.993574479225126,77.50000249070214,1,60,1.0,2,5.8604756331453034e-08
3.28,0.9263438449375362,77.5000037748439,0,60,1.0,2,8.881985656765156e-08
3.285,0.7873015962290536,77.500005833579,0,60,1.0,2,1.372606822555741e-07
3.29,0.5959516244629897,77.50000928366461,0,60,1.0,2,2.1843916730337214e-07
3.295,0.376910120078773,77.500015361103,0,60,1.0,2,3.6143771754883777e-07
3.3,0.15739335672107918,77.50002659138995,0,60,1.0,2,6.256797636230177e-07
3.305,-0.033361226269301235,77.50004815927716,0,60,1.0,2,1.133159462503553e-06
3.31,-0.1680180840843834,77.5000906430617,0,60,1.0,2,2.1327779222701793e-06
3.315,-0.23069703190837854,77.50017533177136,0,60,1.0,2,4.1254534437484836e-06
3.32,-0.22587267821131068,77.50034427932519,0,60,1.0,2,8.100690004486001e-06
3.325,-0.17718181630665902,77.50067876339347,0,60,1.0,2,1.5970903375679934e-05
3.33,-0.11494332516451301,77.50133214821588,0,60,1.0,2,3.1344663903061755e-05
3.335,-0.061810214049552864,77.5025865477528,0,60,1.0,2,6.085994712467415e-05
3.34,-0.026546104631500547,77.50494731977106,0,60,1.0,2,0.00011640752402500125
3.345,-0.00719600351942686,77.50929523851232,0,60,1.0,2,0.00021871149440759086
3.35,0.0022072757983807078,77.5171226889302,0,60,1.0,2,0.0004028867983576594
3.355,0.006917199873730717,77.53088616090623,0,60,1.0,2,0.0007267331977937588
3.36,0.01004859748264829,77.55451044219848,0,60,1.0,2,0.0012825986399641752
3.365,0.013037082251128167,77.59407677734065,0,60,1.0,2,0.00221357123154462
3.37,0.01645163937690478,77.65871339087008,0,60,1.0,2,0.003734432726354739
3.375,0.020526639934696615,77.76167727564739,0,60,1.0,2,0.006157112368173798
3.38,0.02539629541761738,77.92156705033047,0,60,1.0,2,0.009919224713658035
3.385,0.031171612185577933,78.16353698380597,0,60,1.0,2,0.01561263491308162
3.39,0.03795853426638131,78.5202964150463,0,60,1.0,2,0.02400697447167772
3.395,0.0458588961882057,79.03258899051217,0,60,1.0,2,0.036060917423815696
3.4,0.054966995891435555,79.74877354393652,0,60,1.0,2,0.05291231868085935
3.405,0.06536491004445595,80.7231018809971,0,60,1.0,2,0.07583769131757896
3.41,0.07711726085088699,82.01234009388017,0,60,1.0,2,0.1061727080912981
3.415,0.09026570629555215,83.67053603700003,0,60,1.0,2,0.1451890832235302
3.42,0.10482339848670268,85.74200698045453,0,60,1.0,2,0.1939295760106949
3.425,0.12076968927580028,88.25299216597037,0,60,1.0,2,0.25301158037577337
3.43,0.13804539501007884,91.20283520772053,0,60,1.0,2,0.3224196519463653
3.435,0.15654895051787066,94.55594843457419,0,60,1.0,2,0.40131643375468684
3.44,0.17613378141900526,98.2360618659798,0,60,1.0,2,0.48790733802305425
3.445,0.19660720058055794,102.12427180024235,0,60,1.0,2,0.5793946305939377
3.45,0.21773108748496234,106.06210749842371,0,60,1.0,2,0.672049588198205
3.455,0.23922453870058807,109.86021864616963,0,60,1.0,2,0.7614169093216383
3.46,0.2607685857914563,113.31241870434148,0,60,1.0,2,0.8426451459845055
3.465,0.2820129681603682,116.21384448755202,0,60,1.0,2,0.9109139879424005
3.47,0.30258482867153996,118.38110783857866,0,60,1.0,2,0.9619084197312625
3.475,0.3220990771751686,119.6717274950356,0,60,1.0,2,0.9922759410596611
3.48,0.3401700499968971,120.0,0,60,1.0,2,1.0
3.485,0.3564239911198326,119.34686742618811,0,60,1.0,2,0.9846321747338379
3.49,0.3705118017738417,117.76221775269957,0,60,1.0,2,0.9473463000635193
3.495,0.3821214567925213,115.35924796725743,0,60,1.0,2,0.8908058345237043
3.5,0.39098947374066967,112.30178985500262,0,60,1.0,2,0.8188656436471206
3.505,0.3969108472035567,108.78658469160068,0,60,1.0,2,0.736154933920016
3.51,0.3997469255491936,105.02318183622177,0,60,1.0,2,0.6476042784993357
3.515,0.3994308076379137,101.21431013746422,0,60,1.0,2,0.5579837679403347
3.52,0.3959699661768434,97.53923277955604,0,60,1.0,2,0.4715113595189658
3.525,0.38944595408114946,94.14185919721706,0,60,1.0,2,0.39157315758157785
3.53,0.38001120995358023,91.12443922669075,0,60,1.0,2,0.3205750406280177
3.535,0.3678831374098315,88.54671365581692,0,60,1.0,2,0.25992267425451565
3.54,0.35333577933796634,86.42962122580431,0,60,1.0,2,0.21010873472480732
3.545,0.33668953221163944,84.76217841349774,0,60,1.0,2,0.17087478619994673
3.55,0.3182994390982644,83.50998827510688,0,60,1.0,2,0.14141148882604418
3.555,0.29854265738230645,82.6239592616714,0,60,1.0,2,0.12056374733344476
3.56,0.2778057157821067,82.04813671665211,0,60,1.0,2,0.10701498156828493
3.565,0.2564721553719815,81.72596289047014,0,60,1.0,2,0.09943442095223866
3.57,0.23491109433464996,81.60468893918195,0,60,1.0,2,0.09658091621604599
3.575,0.21346717185309805,81.63799504646468,0,60,1.0,2,0.09736458932858073
3.58,0.19245222055656455,81.78709744087013,0,60,1.0,2,0.10087288096165005
3.585,0.17213889801761392,82.02073014370184,0,60,1.0,2,0.10637012102827859
3.59,0.15275638501270183,82.31440368405315,0,60,1.0,2,0.11328008668360345
3.595,0.13448814019607322,82.64929288117871,0,60,1.0,2,0.12115983249832257
3.6,0.11747159495449566,83.0110225176634,0,60,1.0,2,0.12967111806266837
3.605,0.10179958433370105,83.3885292368498,0,60,1.0,2,0.13855362910234836
3.61,0.08752324394101413,83.77309765368632,0,60,1.0,2,0.1476022977337958
3.615,0.07465606047174059,84.15760717412064,0,60,1.0,3,0.15664958056754452
3.62,0.0631787448609295,84.53598520779653,0,60,1.0,3,0.1655525931246242
3.625,0.05304460019959574,84.90283979370203,0,60,1.0,3,0.17418446573416538
3.63,0.044185078305849994,85.2532355842238,0,60,1.0,3,0.18242907256997182
3.635,0.03651525513023255,85.58257682747728,0,60,1.0,3,0.1901782782935831
3.64,0.0299390014708757,85.88656538177838,0,60,1.0,3,0.19733095015949134
3.645,0.024353677220580638,86.1612079739718,0,60,1.0,3,0.20379312879933642
3.65,0.01965423034339045,86.40285309350594,0,60,1.0,3,0.2094788963177868
3.655,0.015736632374757337,86.6082432150249,0,60,1.0,3,0.21431160505940938
3.66,0.012500627640593535,86.77457218739008,0,60,1.0,3,0.21822522793859006
3.665,0.009851811652115898,86.89954068208965,0,60,1.0,3,0.22116566310799177
3.67,0.007703084175428559,86.98140477366222,0,60,1.0,3,0.22309187702734634
3.675,0.005975544002062424,87.01901427304892,0,60,1.0,3,0.22397680642468057
3.68,0.004598905818663047,87.01183856381658,0,60,1.0,3,0.22380796620744897
3.685,0.0035115256454839104,86.95997855926363,0,60,1.0,3,0.22258773080620312
3.69,0.002660121266303676,86.86416411011633,0,60,1.0,3,0.22033327317920787
3.695,0.0019992692560877024,86.72573680860323,0,60,1.0,3,0.21707616020242895
3.7,0.0014907520044639367,86.54661868443019,0,60,1.0,3,0.21286161610423968
3.705,0.0011028178277539807,86.32926778050197,0,60,1.0,3,0.20774747718828154
3.71,0.0008094059938923333,86.0766220284689,0,60,1.0,3,0.20180287125809185
3.715,0.0005893771793717645,85.79203320823416,0,60,1.0,3,0.1951066637231567
3.72,0.0004257792353490551,85.47919306210486,0,60,1.0,3,0.18774571910834953
3.725,0.0003051686392901525,85.1420538353606,0,60,1.0,3,0.1798130314202494
3.73,0.00021699992642659966,84.78474562561813,0,60,1.0,3,0.1714057794263089
3.735,0.00015308884054097838,84.41149294219383,0,60,1.0,3,0.1626233633457372
3.74,0.00010714989329311098,84.02653280638995,0,60,1.0,3,0.15356547779741062
3.745,7.440535854020571e-05,83.63403657080012,0,60,1.0,3,0.14433027225412048
3.75,5.1260276743925106e-05,83.23803741033751,0,60,1.0,3,0.13501264494911794
3.755,3.503659887882241e-05,82.8423651525489,0,60,1.0,3,0.12570270947173867
3.76,2.375894748103639e-05,82.45058978476153,0,60,1.0,3,0.11648446552380078
3.765,1.5984413869232557e-05,82.06597461680163,0,60,1.0,3,0.1074346968659206
3.77,1.0669166579899869e-05,81.69143970684148,0,60,1.0,3,0.09862211074921126
3.775,7.06526633560511e-06,81.32953579030706,0,60,1.0,3,0.09010672447781323
3.78,4.641847214699205e-06,80.98242860237454,0,60,1.0,3,0.08193949652645977
3.785,3.025641074479182e-06,80.65189316618567,0,60,1.0,3,0.07416219214554524
3.79,1.9566278676921314e-06,80.33931734191135,0,60,1.0,3,0.06680746686850245
3.795,1.2553456560008793e-06,80.04571370388507,0,60,1.0,3,0.05989914597376636
3.8,7.990660428214668e-07,79.77173863904802,0,60,1.0,3,0.05345267385995351
3.805,5.046221251618276e-07,79.51771744188935,0,60,1.0,3,0.04747570451504343
3.81,3.1616527078858815e-07,79.28367411824715,0,60,1.0,3,0.04196880278228585
3.815,1.9652884407760343e-07,79.06936459968861,0,60,1.0,3,0.03692622587502616
3.82,1.2120002189836396e-07,78.87431210665059,0,60,1.0,3,0.03233675545060217
3.825,7.415549848886236e-08,78.69784347549275,0,60,1.0,3,0.028184552364535206
3.83,4.501406988770349e-08,78.53912537444172,0,60,1.0,3,0.024450008810393508
3.835,0.0,78.39719946787567,0,60,1.0,3,0.02111057571472155
3.84,0.0,78.27101573919998,0,60,1.0,3,0.018141546804705446
3.845,0.0,78.15946334170297,0,60,1.0,3,0.015516784510658212
3.85,0.0,78.06139850691407,0,60,1.0,3,0.013209376633272327
3.855,0.0,77.97566919470562,0,60,1.0,3,0.011192216346014514
3.86,0.0,77.9011363133772,0,60,1.0,3,0.009438501491228086
3.865,0.0,77.83669146714263,0,60,1.0,3,0.007922152168061851
3.87,0.0,77.78127129994012,0,60,1.0,3,0.006618148233885075
3.875,0.0,77.73386859662963,0,60,1.0,3,0.005502790508932562
3.88,0.0,77.69354037484015,0,60,1.0,3,0.004553891172709507
3.885,0.0,77.6594132533464,0,60,1.0,3,0.0037509000787388364
3.89,0.0,77.63068641703312,0,60,1.0,3,0.0030749745184263087
3.895,0.0,77.60663251599041,0,60,1.0,3,0.002509000376244999
3.9,0.0,77.58659683924148,0,60,1.0,3,0.002037572688034823
3.905,0.0,77.5699950944462,0,60,1.0,3,0.0016469433987340916
3.91,0.0,77.5563101061534,0,60,1.0,3,0.0013249436741977446
3.915,0.0,77.54508771925303,0,60,1.0,3,0.0010608875118360657
3.92,0.0,77.53593216351848,0,60,1.0,3,0.0008454626710230888
3.925,0.0,77.52850110161448,0,60,1.0,3,0.0006706141556348405
3.93,0.0,77.52250054847673,0,60,1.0,3,0.0005294246700406588
3.935,0.0,77.51767981603862,0,60,1.0,3,0.0004159956714970041
3.94,0.0,77.51382660505939,0,60,1.0,3,0.0003253318837504166
3.945,0.0,77.51076233615936,0,60,1.0,3,0.00025323143904375575
3.95,0.0,77.50833778567196,0,60,1.0,3,0.00019618319228129622
3.955,0.0,77.50642906890162,0,60,1.0,3,0.00015127220944999168
3.96,0.0,77.50493399394611,0,60,1.0,3,0.00011609397520260246
3.965,0.0,77.50376879333639,0,60,1.0,3,8.86774902680292e-05
3.97,0.0,77.502865228177,0,60,1.0,3,6.741713357648811e-05
3.975,0.0,77.50216804994355,0,60,1.0,3,5.101293984821228e-05
3.98,0.0,77.501632798266,0,60,1.0,3,3.841878272944942e-05
3.985,0.0,77.50122390851851,0,60,1.0,3,2.8797847494388407e-05
3.99,0.0,77.50091310046415,0,60,1.0,3,2.1484716803436587e-05
3.995,0.0,77.50067801819499,0,60,1.0,3,1.5953369293864692e-05
4.0,0.0,77.50050109181922,0,60,1.0,3,1.1790395746281908e-05
4.005,0.0,77.50036859246728,0,60,1.0,3,8.672763936053396e-06
4.01,0.0,77.5002698539488,0,60,1.0,3,6.349504677500055e-06
4.015,0.0,77.50019663656475,0,60,1.0,3,4.626742700044333e-06
4.02,0.0,77.50014261097807,0,60,1.0,3,3.3555524252653197e-06
4.025,0.0,77.5001029425252,0,60,1.0,3,2.422177063595775e-06
4.03,0.0,77.50007395879989,0,60,1.0,3,1.7402070561863238e-06
4.035,0.0,77.50005288567749,0,60,1.0,3,1.2443688821322747e-06
4.04,0.0,77.5000376391206,0,60,1.0,3,8.856263672013858e-07
4.045,0.0,77.50002666208097,0,60,1.0,3,6.273430816396714e-07
4.05,0.0,77.50001879757373,0,60,1.0,3,4.422958524815733e-07
4.055,0.0,77.50001319054469,0,60,1.0,3,3.1036575746036437e-07
4.06,0.0,77.50000921248602,0,60,1.0,3,2.167643769473002e-07
4.065,0.0,77.50000640389396,0,60,1.0,3,1.506798579451724e-07
4.07,0.001684486749771458,77.500004430621,0,60,1.0,3,1.0424990598360584e-07
4.075,0.003097557930867117,77.50000305097221,0,60,1.0,3,7.178758143227777e-08
4.08,0.005475106668887023,77.50000209105319,0,60,1.0,3,4.920125153309046e-08
4.085,0.00930222931468658,77.50000142641234,0,60,1.0,3,3.356264327896283e-08
4.09,0.01519157517868857,77.50000096845238,0,60,1.0,3,2.2787114898271874e-08
4.095,0.023847336626128316,77.50000065443217,0,60,1.0,3,1.5398404015928355e-08
4.1,0.0359830743700859,77.50000044015351,0,60,1.0,3,1.0356553262039704e-08
4.105,0.05218887796857759,77.50000029464353,0,60,1.0,3,6.9327888789249464e-09
4.11,0.0727577001223134,77.50000019631017,0,60,1.0,3,4.619062779324047e-09
4.115,0.0974992498694751,77.50000013017929,0,60,1.0,3,3.0630420657390083e-09
4.12,0.12558706050443358,77.50000008591998,0,60,1.0,3,2.021646557349253e-09
4.125,0.15549263588878245,77.50000005644164,0,60,1.0,3,1.3280384791869436e-09
4.13,0.1850529723539114,77.5000000369027,0,60,1.0,3,8.682989386322921e-10
4.135,0.21169159439317053,77.5000000240143,0,60,1.0,3,5.650423083673505e-10
4.14,0.23277292922115492,77.50000001555374,0,60,1.0,3,3.6597030242881054e-10
4.145,0.24602692519491282,77.50000001002658,0,60,1.0,3,2.3591958190937634e-10
4.15,0.24995056064839283,77.50000000643315,0,60,1.0,3,1.5136834008444567e-10
4.155,0.24408826520424054,77.50000000410817,0,60,1.0,3,9.666290251890827e-11
4.16,0.22911894216865275,77.50000000261112,0,60,1.0,3,6.143803897002191e-11
4.165,0.20672661788705934,77.5000000016518,0,60,1.0,3,3.8865851713447175e-11
4.17,0.17928878030241233,77.50000000104002,0,60,1.0,3,2.447109181957785e-11
4.175,0.14946211903866036,77.50000000065175,0,60,1.0,3,1.5335351289489637e-11
4.18,0.1197651512573837,77.5000000004065,0,60,1.0,3,9.564741155961254e-12
4.185,0.09224675744988023,77.50000000025236,0,60,1.0,3,5.9377966595895805e-12
4.19,0.06829565320281596,77.50000000015592,0,60,1.0,3,3.668741127886974e-12
4.195,0.04860224607515734,77.50000000009588,0,60,1.0,3,2.2560149826698334e-12
4.2,0.03324612389699793,77.50000000005869,0,60,1.0,3,1.3809607052655123e-12
4.205,0.021859876340472782,77.50000000003575,0,60,1.0,3,8.412825991399587e-13
4.21,0.01381595518554205,77.50000000002167,0,60,1.0,3,5.099189044866601e-13
4.215,0.008394095110402422,77.50000000001309,0,60,1.0,3,3.079575810047305e-13
4.22,0.0049052535271608,77.50000000000786,0,60,1.0,3,1.8490829782368725e-13
4.225,0.0027671663551903634,77.5000000000047,0,60,1.0,3,1.1067748025251443e-13
4.23,0.0015425553464444616,77.5000000000028,0,60,1.0,3,6.587149126811282e-14
4.235,0.0009638206637011801,77.50000000000165,0,60,1.0,3,3.878727404619841e-14
4.24,0.0009804935156568228,77.50000000000098,0,60,1.0,3,2.3071740596445606e-14
4.245,0.0018793744894085216,77.50000000000057,0,60,1.0,3,1.3374922084896003e-14
4.25,0.004535525206900863,77.50000000000033,0,60,1.0,3,7.690580198815202e-15
4.255,0.010832767979632273,77.5000000000002,0,60,1.0,3,4.681222729713601e-15
4.26,0.024208003392322392,77.50000000000011,0,60,1.0,3,2.6749844169792007e-15
4.265,0.0500971897335304,77.50000000000007,0,60,1.0,3,1.6718652606120004e-15
4.27,0.09582894921774403,77.50000000000004,0,60,1.0,3,1.0031191563672002e-15
4.275,0.16937896721820658,77.50000000000001,0,60,1.0,3,3.343730521224001e-16
4.28,0.27661303008991756,77.50000000000001,0,60,1.0,3,3.343730521224001e-16
4.285,0.4173782800009149,77.5,0,60,1.0,3,0.0
4.29,0.5818720934538056,77.5,0,60,1.0,3,0.0
4.295,0.7494718801585675,77.5,0,60,1.0,3,0.0
4.3,0.891813020752378,77.5,0,60,1.0,3,0.0
4.305,0.9800361632936612,77.5,0,60,1.0,3,0.0
4.31,0.993574479225126,77.50000249206059,1,60,1.0,3,5.8636719720251515e-08
4.315,0.9263438449375362,77.50000388649308,0,60,1.0,3,9.144689590143303e-08
4.32,0.7873015962290536,77.50000620174501,0,60,1.0,3,1.4592341197866892e-07
4.325,0.5959516244629897,77.50001024868433,0,60,1.0,3,2.411455137221577e-07
4.33,0.376910120078773,77.50001773713392,0,60,1.0,3,4.1734432744199103e-07
4.335,0.15739335672107918,77.50003234050088,0,60,1.0,3,7.609529618816047e-07
4.34,-0.033361226269301235,77.50006196542242,0,60,1.0,3,1.4580099392493568e-06
4.345,-0.1680180840843834,77.50012345839556,0,60,1.0,3,2.9049034250259437e-06
4.35,-0.23069703190837854,77.50025207253846,0,60,1.0,3,5.93111855196452e-06
4.355,-0.22587267821131068,77.50051989833095,0,60,1.0,3,1.2232901904700852e-05
4.36,-0.17718181630665902,77.50107053879677,0,60,1.0,3,2.5189148159236486e-05
4.365,-0.11494332516451301,77.50218205581817,0,60,1.0,3,5.134248983923124e-05
4.37,-0.061810214049552864,77.50437705138005,0,60,1.0,3,0.00010298944423639382
4.375,-0.026546104631500547,77.50860779491533,0,60,1.0,3,0.00020253635094905697
4.38,-0.00719600351942686,77.5165549676137,0,60,1.0,3,0.00038952864973412836
4.385,0.0022072757983807078,77.53108897869964,0,60,1.0,3,0.0007315053811680627
4.39,0.006917199873730717,77.55694911283238,0,60,1.0,3,0.0013399791254678748
4.395,0.01004859748264829,77.60169183598806,0,60,1.0,3,0.0023927490820720805
4.4,0.013037082251128167,77.67693707547176,0,60,1.0,3,0.0041632253052177794
4.405,0.01645163937690478,77.7998909378598,0,60,1.0,3,0.0070562573614070595
4.41,0.020526639934696615,77.99503777956711,0,60,1.0,3,0.011647947754520306
4.415,0.02539629541761738,78.29577278054447,0,60,1.0,3,0.01872406542457571
4.42,0.031171612185577933,78.74559890656192,0,60,1.0,3,0.029308209566162906
4.425,0.03795853426638131,79.39836652237483,0,60,1.0,3,0.04466744758529009
4.43,0.0458588961882057,80.3169349302758,0,60,1.0,3,0.0662808218888425
4.435,0.054966995891435555,81.56964085920548,0,60,1.0,3,0.09575625551071713
4.44,0.06536491004445595,83.22412774219025,0,60,1.0,3,0.13468535863977055
4.445,0.07711726085088699,85.33845947360807,0,60,1.0,3,0.18443434055548397
4.45,0.09026570629555215,87.95000681664004,0,60,1.0,3,0.24588251333270686
4.455,0.10482339848670268,91.06328339863445,0,60,1.0,3,0.3191360799678695
4.46,0.12076968927580028,94.63858211835603,0,60,1.0,3,0.40326075572602416
4.465,0.13804539501007884,98.5837320054619,0,60,1.0,3,0.4960878118932211
4.47,0.15654895051787066,102.75136341377669,0,60,1.0,3,0.5941497273829809
4.475,0.17613378141900526,106.94359409913197,0,60,1.0,3,0.6927904493913405
4.48,0.19660720058055794,110.92500582405262,0,60,1.0,3,0.7864707252718264
4.485,0.21773108748496234,114.44330342499879,0,60,1.0,3,0.8692541982352656
4.49,0.23922453870058807,117.25542188596262,0,60,1.0,3,0.9354216914344146
4.495,0.2607685857914563,119.15545481965574,0,60,1.0,3,0.9801283486977822
4.5,0.2820129681603682,120.0,0,60,1.0,3,1.0
4.505,0.30258482867153996,119.72661680769721,0,60,1.0,3,0.9935674542987579
4.51,0.3220990771751686,118.36212003966133,0,60,1.0,3,0.9614616479920314
4.515,0.3401700499968971,116.0192046826335,0,60,1.0,3,0.9063342278266706
4.52,0.3564239911198326,112.88201428084409,0,60,1.0,3,0.8325179830786844
4.525,0.3705118017738417,109.18324133098602,0,60,1.0,3,0.7454880313173181
4.53,0.3821214567925213,105.17673159742563,0,60,1.0,3,0.6512172140570737
4.535,0.39098947374066967,101.1100694710858,0,60,1.0,3,0.5555310463784893
4.54,0.3969108472035567,97.20119773854125,0,60,1.0,3,0.46355759384802947
4.545,0.3997469255491936,93.62195394509827,0,60,1.0,3,0.37934009282584163
4.55,0.3994308076379137,90.48983035382798,0,60,1.0,3,0.3056430671488937
4.555,0.3959699661768434,87.86768093596174,0,60,1.0,3,0.24394543378733516
4.56,0.38944595408114946,85.76984429058865,0,60,1.0,3,0.19458457154326236
4.565,0.38001120995358023,84.17242779702583,0,60,1.0,3,0.15699830110649018
4.57,0.3678831374098315,83.02534578800257,0,60,1.0,3,0.1300081361882957
4.575,0.35333577933796634,82.26402464586049,0,60,1.0,3,0.11209469754965853
4.58,0.33668953221163944,81.8192991437891,0,60,1.0,3,0.10163056808915519
4.585,0.3182994390982644,81.62472762003841,0,60,1.0,3,0.09705241458913914
4.59,0.29854265738230645,81.62118407871675,0,60,1.0,3,0.09696903714627651
4.595,0.2778057157821067,81.75904264873614,0,60,1.0,3,0.10021276820555626
4.6,0.2564721553719815,81.9985219925281,0,60,1.0,3,0.10584757629477876
4.605,0.23491109433464996,82.30882611113378,0,60,1.0,3,0.11314884967373606
4.61,0.21346717185309805,82.66665602002601,0,60,1.0,3,0.12156837694178849
4.615,0.19245222055656455,83.05453424588724,0,60,1.0,3,0.13069492343264094
4.62,0.17213889801761392,83.45923266320771,0,60,1.0,3,0.14021723913429918
4.625,0.15275638501270183,83.87045877227034,0,60,1.0,3,0.1498931475828315
4.63,0.13448814019607322,84.2798534333411,0,60,1.0,3,0.15952596313743772
4.635,0.11747159495449566,84.68028767641711,0,60,1.0,3,0.16894794532746138
4.64,0.10179958433370105,85.06541226325399,0,60,1.0,3,0.1780097003118586
4.645,0.08752324394101413,85.42940233018484,0,60,1.0,3,0.18657417247493746
4.65,0.07465606047174059,85.76684174356433,0,60,1.0,3,0.19451392337798418
4.655,0.0631787448609295,86.07270061918209,0,60,1.0,3,0.20171060280428438
4.66,0.05304460019959574,86.34237003707361,0,60,1.0,3,0.20805576557820252
4.665,0.044185078305849994,86.57172770912837,0,60,1.0,3,0.21345241668537335
4.67,0.03651525513023255,86.75721616923929,0,60,1.0,3,0.21781685104092435
4.675,0.0299390014708757,86.89592083331073,0,60,1.0,3,0.2210804901955465
4.68,0.024353677220580638,86.98563934776703,0,60,1.0,3,0.22319151406510668
4.685,0.01965423034339045,87.02493647066403,0,60,1.0,3,0.22411615225091838
4.69,0.015736632374757337,87.01318073228062,0,60,1.0,3,0.22383954664189687
4.695,0.012500627640593535,86.95056062220486,0,60,1.0,3,0.2223661322871732
4.7,0.009851811652115898,86.83807925732597,0,60,1.0,3,0.2197195119370817
4.705,0.007703084175428559,86.67752751899921,0,60,1.0,3,0.21594182397645206
4.71,0.005975544002062424,86.47143656288762,0,60,1.0,3,0.21109262500912043
4.715,0.004598905818663047,86.22301141626089,0,60,1.0,3,0.20524732744143268
4.72,0.0035115256454839104,85.9360480776319,0,60,1.0,3,0.19849524888545636
4.725,0.002660121266303676,85.61483710619105,0,60,1.0,3,0.19093734367508344
4.73,0.0019992692560877024,85.26405711630112,0,60,1.0,3,0.18268369685414393
4.735,0.0014907520044639367,84.88866186212869,0,60,1.0,3,0.17385086734420438
4.74,0.0011028178277539807,84.49376470286529,0,60,1.0,3,0.16455916947918334
4.745,0.0008094059938923333,84.08452418143106,0,60,1.0,3,0.15492998073955444
4.75,0.0005893771793717645,83.66603423862483,0,60,1.0,3,0.1450831585558784
4.755,0.0004257792353490551,83.24322223736209,0,60,1.0,3,0.135134640879108
4.76,0.0003051686392901525,82.82075751109831,0,60,1.0,3,0.1251942943787837
4.765,0.00021699992642659966,82.40297260454615,0,60,1.0,3,0.11536406128343883
4.77,0.00015308884054097838,81.9937987739174,0,60,1.0,3,0.10573644173923305
4.775,0.00010714989329311098,81.5967166896027,0,60,1.0,3,0.09639333387300472
4.78,7.440535854020571e-05,81.21472266694637,0,60,1.0,3,0.08740523922226758
4.785,5.1260276743925106e-05,80.85031016848625,0,60,1.0,3,0.07883082749379401
4.79,3.503659887882241e-05,80.50546579764779,0,60,1.0,3,0.07071684229759499
4.795,2.375894748103639e-05,80.18167855835483,0,60,1.0,3,0.0630983190201137
4.8,1.5984413869232557e-05,79.87996080067171,0,60,1.0,3,0.055999077662863786
4.805,1.0669166579899869e-05,79.60087901688703,0,60,1.0,3,0.049432447456165526
4.81,7.06526633560511e-06,79.34459249714048,0,60,1.0,3,0.04340217640330546
4.815,4.641847214699205e-06,79.1108977952886,0,60,1.0,3,0.037903477536202206
4.82,3.025641074479182e-06,78.8992769862145,0,60,1.0,4,0.032924164381517705
4.825,1.9566278676921314e-06,78.70894780365752,0,60,1.0,4,0.028445830674294657
4.83,1.2553456560008793e-06,78.53891391879662,0,60,1.0,4,0.024445033383449968
4.835,7.990660428214668e-07,78.38801383874541,0,60,1.0,4,0.02089444326459784
4.84,5.046221251618276e-07,78.25496715486534,0,60,1.0,4,0.017763933055655077
4.845,3.1616527078858815e-07,78.13841713794321,0,60,1.0,4,0.015021579716310766
4.85,1.9652884407760343e-07,78.03696894665431,0,60,1.0,4,0.012634563450689699
4.855,1.2120002189836396e-07,77.94922297505981,0,60,1.0,4,0.010569952354348502
4.86,7.415549848886236e-08,77.8738031041554,0,60,1.0,4,0.008795367156597636
4.865,4.501406988770349e-08,77.8093798341656,0,60,1.0,4,0.007279525509778751
4.87,0.0,77.75468845334072,0,60,1.0,4,0.005992669490369869
4.875,0.0,77.7085425428285,0,60,1.0,4,0.004906883360670503
4.88,0.0,77.6698432252712,0,60,1.0,4,0.003996311182851621
4.885,0.0,77.63758463845281,0,60,1.0,4,0.0032372856106542927
4.89,0.0,77.6108561573609,0,60,1.0,4,0.002608380173197635
4.895,0.0,77.5888419022451,0,60,1.0,4,0.002090397699884547
4.9,0.0,77.5708180611178,0,60,1.0,4,0.0016663073204189432
4.905,0.0,77.55614852741415,0,60,1.0,4,0.0013211418215094534
4.91,0.0,77.54427931196614,0,60,1.0,4,0.001041866163909082
4.915,0.0,77.53473213754465,0,60,1.0,4,0.000817226765756499
4.92,0.0,77.52709756803894,0,60,1.0,4,0.0006375898362103485
4.925,0.0,77.52102796635984,0,60,1.0,4,0.0004947756790550236
4.93,0.0,77.5162305182252,0,60,1.0,4,0.0003818945464752901
4.935,0.0,77.51246050531307,0,60,1.0,4,0.0002931883603075809
4.94,0.0,77.50951496242737,0,60,1.0,4,0.00022388146887939966
4.945,0.0,77.50722681031257,0,60,1.0,4,0.0001700425955899685
4.95,0.0,77.50545951908494,0,60,1.0,4,0.00012845927258675093
4.955,0.0,77.50410232700878,0,60,1.0,4,9.652534138307173e-05
4.96,0.0,77.50306601530963,0,60,1.0,4,7.214153669712473e-05
4.965,0.0,77.50227922141525,0,60,1.0,4,5.362873918235945e-05
4.97,0.0,77.50168525983179,0,60,1.0,4,3.965317251266456e-05
4.975,0.0,77.50123941108798,0,60,1.0,4,2.916261383481523e-05
4.98,0.0,77.50090663407934,0,60,1.0,4,2.1332566572763266e-05
4.985,0.0,77.5006596549978,0,60,1.0,4,1.5521294065980756e-05
4.99,0.0,77.50047738616604,0,60,1.0,4,1.1232615671521189e-05
4.995,0.0,77.50034362990894,0,60,1.0,4,8.085409622120043e-06
5.0,0.0,77.50024602556587,0,60,1.0,4,5.788836844043116e-06
5.005,0.0,77.50017520144215,0,60,1.0,4,4.122386874047044e-06
5.01,0.0,77.50012409756755,0,60,1.0,4,2.919942765883581e-06
5.015,0.0,77.500087429303,0,60,1.0,4,2.057160070441622e-06
5.02,0.0,77.50006126591418,0,60,1.0,4,1.4415509219682409e-06
5.025,0.0,77.50004270207464,0,60,1.0,4,1.004754697345668e-06
5.03,0.0,77.50002960378131,0,60,1.0,4,6.96559560337311e-07
5.035,0.0,77.5000204133158,0,60,1.0,4,4.803133128247924e-07
5.04,0.001684486749771458,77.50001400064605,0,60,1.0,4,3.294269658106393e-07
5.045,0.003097557930867117,77.50000955104196,0,60,1.0,4,2.247303989540395e-07
5.05,0.005475106668887023,77.50000648069503,0,60,1.0,4,1.5248694199619744e-07
5.055,0.00930222931468658,77.50000437381664,0,60,1.0,4,1.0291333263226346e-07
5.06,0.01519157517868857,77.50000293607884,0,60,1.0,4,6.908420807442727e-08
5.065,0.023847336626128316,77.5000019603924,0,60,1.0,4,4.6126879905226385e-08
5.07,0.0359830743700859,77.50000130192649,0,60,1.0,4,3.063356443282614e-08
5.075,0.05218887796857759,77.50000085999925,0,60,1.0,4,2.0235276398285778e-08
5.08,0.0727577001223134,77.50000056503822,0,60,1.0,4,1.3295016956630313e-08
5.085,0.0974992498694751,77.50000036925445,0,60,1.0,4,8.688340023902984e-09
5.09,0.12558706050443358,77.5000002400169,0,60,1.0,4,5.6474565259550755e-09
5.095,0.15549263588878245,77.50000015517654,0,60,1.0,4,3.6512126237486133e-09
5.1,0.1850529723539114,77.50000009978802,0,60,1.0,4,2.347953528335304e-09
5.105,0.21169159439317053,77.50000006382619,0,60,1.0,4,1.5017927607379319e-09
5.11,0.23277292922115492,77.50000004060576,0,60,1.0,4,9.55429534181295e-10
5.115,0.24602692519491282,77.50000002569476,0,60,1.0,4,6.045825905269286e-10
5.12,0.24995056064839283,77.50000001617221,0,60,1.0,4,3.805225520302295e-10
5.125,0.24408826520424054,77.50000001012424,0,60,1.0,4,2.382173935235615e-10
5.13,0.22911894216865275,77.5000000063041,0,60,1.0,4,1.4833189839812215e-10
5.135,0.20672661788705934,77.50000000390439,0,60,1.0,4,9.186799295147306e-11
5.14,0.17928878030241233,77.5000000024052,0,60,1.0,4,5.659297344476834e-11
5.145,0.14946211903866036,77.50000000147372,0,60,1.0,4,3.467582299730138e-11
5.15,0.1197651512573837,77.50000000089815,0,60,1.0,4,2.113304564023993e-11
5.155,0.09224675744988023,77.50000000054445,0,60,1.0,4,1.2810500372913393e-11
5.16,0.06829565320281596,77.50000000032826,0,60,1.0,4,7.72368313097532e-12
5.165,0.04860224607515734,77.50000000019686,0,60,1.0,4,4.632069891051608e-12
5.17,0.03324612389699793,77.50000000011742,0,60,1.0,4,2.762924529687392e-12
5.175,0.021859876340472782,77.50000000006968,0,60,1.0,4,1.6394310745561276e-12
5.18,0.01381595518554205,77.50000000004111,0,60,1.0,4,9.673412397901036e-13
5.185,0.008394095110402422,77.50000000002413,0,60,1.0,4,5.677654425038354e-13
5.19,0.0049052535271608,77.50000000001408,0,60,1.0,4,3.3136369465329847e-13
5.195,0.0027671663551903634,77.50000000000819,0,60,1.0,4,1.9259887802250245e-13
5.2,0.0015425553464444616,77.50000000000472,0,60,1.0,4,1.1101185330463683e-13
5.205,0.0009638206637011801,77.50000000000271,0,60,1.0,4,6.386525295537842e-14
5.21,0.0009804935156568228,77.50000000000155,0,60,1.0,4,3.644666268134161e-14
5.215,0.0018793744894085216,77.50000000000088,0,60,1.0,4,2.0731129231588804e-14
5.22,0.004535525206900863,77.5000000000005,0,60,1.0,4,1.1703056824284003e-14
5.225,0.010832767979632273,77.50000000000028,0,60,1.0,4,6.687461042448002e-15
5.23,0.024208003392322392,77.50000000000016,0,60,1.0,4,3.678103573346401e-15
5.235,0.0500971897335304,77.50000000000009,0,60,1.0,4,2.0062383127344005e-15
5.24,0.09582894921774403,77.50000000000004,0,60,1.0,4,1.0031191563672002e-15
5.245,0.16937896721820658,77.50000000000003,0,60,1.0,4,6.687461042448002e-16
5.25,0.27661303008991756,77.50000000000001,0,60,1.0,4,3.343730521224001e-16
5.255,0.4173782800009149,77.50000000000001,0,60,1.0,4,3.343730521224001e-16
5.26,0.5818720934538056,77.5,0,60,1.0,4,0.0
5.265,0.7494718801585675,77.5,0,60,1.0,4,0.0
5.27,0.891813020752378,77.5,0,60,1.0,4,0.0
5.275,0.9800361632936612,77.5,0,60,1.0,4,0.0
5.28,0.993574479225126,77.50000249055736,1,60,1.0,4,5.860134973879801e-08
5.285,0.9263438449375362,77.50000390266074,0,60,1.0,4,9.182731145408659e-08
5.29,0.7873015962290536,77.5000062610317,0,60,1.0,4,1.4731839294600993e-07
5.295,0.5959516244629897,77.5000104126822,0,60,1.0,4,2.4500428708051913e-07
5.3,0.376910120078773,77.50001815880528,0,60,1.0,4,4.2726600648112414e-07
5.305,0.15739335672107918,77.5000334012751,0,60,1.0,4,7.859123553878496e-07
5.31,-0.033361226269301235,77.50006460378755,0,60,1.0,4,1.5200891188188132e-06
5.315,-0.1680180840843834,77.50012992730984,0,60,1.0,4,3.057113172765051e-06
5.32,-0.23069703190837854,77.50026761566144,0,60,1.0,4,6.296839092770182e-06
5.325,-0.22587267821131068,77.50055630925912,0,60,1.0,4,1.3089629626459581e-05
5.33,-0.17718181630665902,77.50115340923121,0,60,1.0,4,2.713904073429523e-05
5.335,-0.11494332516451301,77.50236492593112,0,60,1.0,4,5.564531602631713e-05
5.34,-0.061810214049552864,77.50476787701339,0,60,1.0,4,0.00011218534149159441
5.345,-0.026546104631500547,77.50941633263068,0,60,1.0,4,0.00022156076778066884
5.35,-0.00719600351942686,77.5181738644655,0,60,1.0,4,0.00042762034036460296
5.355,0.0022072757983807078,77.5342261502554,0,60,1.0,4,0.0008053211824801565
5.36,0.006917199873730717,77.56283330869695,0,60,1.0,4,0.001478430792869457
5.365,0.01004859748264829,77.61237503104077,0,60,1.0,4,0.0026441183774298838
5.37,0.013037082251128167,77.6957132392228,0,60,1.0,4,0.00460501739347759
5.375,0.01645163937690478,77.83183666400365,0,60,1.0,4,0.007807921505968138
5.38,0.020526639934696615,78.04765202417518,0,60,1.0,4,0.012885929980592436
5.385,0.02539629541761738,78.37964807981832,0,60,1.0,4,0.02069760187807821
5.39,0.031171612185577933,78.87499658157523,0,60,1.0,4,0.03235286074294663
5.395,0.03795853426638131,79.591501931469,0,60,1.0,4,0.049211810152211696
5.4,0.0458588961882057,80.59572263286991,0,60,1.0,4,0.07284053253811548
5.405,0.054966995891435555,81.95862818810917,0,60,1.0,4,0.10490889854374526
5.41,0.06536491004445595,83.74838670535817,0,60,1.0,4,0.1470208636554864
5.415,0.07711726085088699,86.02033399330428,0,60,1.0,4,0.2004784469012771
5.42,0.09026570629555215,88.8048315443595,0,60,1.0,4,0.2659960363378706
5.425,0.10482339848670268,92.09448096566497,0,60,1.0,4,0.34339955213329343
5.43,0.12076968927580028,95.83285417186961,0,60,1.0,4,0.4313612746322262
5.435,0.13804539501007884,99.90730401880838,0,60,1.0,4,0.5272306827954912
5.44,0.15654895051787066,104.14833129667961,0,60,1.0,4,0.6270195599218733
5.445,0.17613378141900526,108.33727604108216,0,60,1.0,4,0.7255829656725215
5.45,0.19660720058055794,112.22279730887875,0,60,1.0,4,0.8170069955030295
5.455,0.21773108748496234,115.54490959056277,0,60,1.0,4,0.8951743433073592
5.46,0.23922453870058807,118.06361697299218,0,60,1.0,4,0.9544380464233454
5.465,0.2607685857914563,119.58786456364993,0,60,1.0,4,0.9903026956152925
5.47,0.2820129681603682,120.0,0,60,1.0,4,1.0
5.475,0.30258482867153996,119.27142299958258,0,60,1.0,4,0.9828570117548843
5.48,0.3220990771751686,117.46655828444447,0,60,1.0,4,0.9403896066928111
5.485,0.3401700499968971,114.73441248783143,0,60,1.0,4,0.8761038232430925
5.49,0.3564239911198326,111.28927580351457,0,60,1.0,4,0.7950417836121075
5.495,0.3705118017738417,107.38406102338513,0,60,1.0,4,0.7031543770208266
5.5,0.3821214567925213,103.28089833002707,0,60,1.0,4,0.6066093724712252
5.505,0.39098947374066967,99.22371126121679,0,60,1.0,4,0.5111461473227481
5.51,0.3969108472035567,95.41664685863836,0,60,1.0,4,0.4215681613797261
5.515,0.3997469255491936,92.0107136810468,0,60,1.0,4,0.34142855720110105
5.52,0.3994308076379137,89.09921702002791,0,60,1.0,4,0.27292275341242134
5.525,0.3959699661768434,86.72099306384327,0,60,1.0,4,0.2169645426786651
5.53,0.38944595408114946,84.86934322745678,0,60,1.0,4,0.1733963112342772
5.535,0.38001120995358023,83.50409389992826,0,60,1.0,4,0.14127279764537093
5.54,0.3678831374098315,82.5643187163182,0,60,1.0,4,0.1191604403839576
5.545,0.35333577933796634,81.97979641551007,0,60,1.0,4,0.10540697448258979
5.55,0.33668953221163944,81.68001798316348,0,60,1.0,4,0.09835336430972896
5.555,0.3182994390982644,81.60029568688363,0,60,1.0,4,0.09647754557373239
5.56,0.29854265738230645,81.68511720481757,0,60,1.0,4,0.09847334599570759
5.565,0.2778057157821067,81.8892611786442,0,60,1.0,4,0.10327673361515775
5.57,0.2564721553719815,82.17734651540148,0,60,1.0,4,0.11005521212709368
5.575,0.23491109433464996,82.52247317147288,0,60,1.0,4,0.1181758393287737
5.58,0.21346717185309805,82.90449269890502,0,60,1.0,4,0.12716453409188275
5.585,0.19245222055656455,83.30828526471531,0,60,1.0,4,0.13666553564036021
5.59,0.17213889801761392,83.72226285659941,0,60,1.0,4,0.1464061848611627
5.595,0.15275638501270183,84.13719258266862,0,60,1.0,4,0.1561692372392616
5.6,0.13448814019607322,84.54534839222734,0,60,1.0,4,0.16577290334652564
5.605,0.11747159495449566,84.93995127272836,0,60,1.0,4,0.17505767700537328
5.61,0.10179958433370105,85.31483813156787,0,60,1.0,4,0.1838785442721851
5.615,0.08752324394101413,85.66429795931882,0,60,1.0,4,0.19210112845456037
5.62,0.07465606047174059,85.98302177258904,0,60,1.0,4,0.19960051229621273
5.625,0.0631787448609295,86.2661241010189,0,60,1.0,4,0.20626174355338595
5.63,0.05304460019959574,86.509204811254,0,60,1.0,4,0.21198128967656457
5.635,0.044185078305849994,86.70842921313016,0,60,1.0,4,0.21666892266188612
5.64,0.03651525513023255,86.86061128456899,0,60,1.0,4,0.2202496772839762
5.645,0.0299390014708757,86.96328974342804,0,60,1.0,4,0.2226656410218361
5.65,0.024353677220580638,87.0147900798478,0,60,1.0,4,0.22387741364347763
5.655,0.01965423034339045,87.01426803196546,0,60,1.0,4,0.22386513016389312
5.66,0.015736632374757337,86.9617317279995,0,60,1.0,4,0.2226289818352825
5.665,0.012500627640593535,86.85804109034562,0,60,1.0,4,0.22018920212577936
5.67,0.009851811652115898,86.70488425603972,0,60,1.0,4,0.2165855119068169
5.675,0.007703084175428559,86.50473178744132,0,60,1.0,4,0.2118760420574427
5.68,0.005975544002062424,86.26077035135903,0,60,1.0,4,0.2061357729731536
5.685,0.004598905818663047,85.97681832982333,0,60,1.0,4,0.19945454893701955
5.69,0.0035115256454839104,85.6572264743845,0,60,1.0,4,0.19193474057375295
5.695,0.002660121266303676,85.30676720877216,0,60,1.0,4,0.1836886402064037
5.7,0.0019992692560877024,84.93051650632438,0,60,1.0,4,0.17483568250175013
5.705,0.0014907520044639367,84.53373241029662,0,60,1.0,4,0.1654995861246264
5.71,0.0011028178277539807,84.12173422728785,0,60,1.0,4,0.15580551123030226
5.715,0.0008094059938923333,83.69978621594157,0,60,1.0,4,0.145877322728037
5.72,0.0005893771793717645,83.27298923259978,0,60,1.0,4,0.13583504076705374
5.725,0.0004257792353490551,82.84618330765194,0,60,1.0,4,0.1257925484153398
5.73,0.0003051686392901525,82.42386354125402,0,60,1.0,4,0.11585561273538875
5.735,0.00021699992642659966,82.01011105855213,0,60,1.0,4,0.10612026020122652
5.74,0.00015308884054097838,81.60854008739086,0,60,1.0,4,0.09667153146802032
5.745,0.00010714989329311098,81.22226154968438,0,60,1.0,4,0.0875826246984559
5.75,7.440535854020571e-05,80.85386292236346,0,60,1.0,4,0.07891442170266968
5.755,5.1260276743925106e-05,80.50540355191389,0,60,1.0,4,0.07071537769209145
5.76,3.503659887882241e-05,80.17842411927857,0,60,1.0,4,0.06302174398302528
5.765,2.375894748103639e-05,79.8739685643194,0,60,1.0,4,0.055858083866338774
5.77,1.5984413869232557e-05,79.59261649957682,0,60,1.0,4,0.04923803528416048
5.775,1.0669166579899869e-05,79.33452397376828,0,60,1.0,4,0.04316526997101846
5.78,7.06526633560511e-06,79.09947038249331,0,60,1.0,4,0.037634597235136666
5.785,4.641847214699205e-06,78.88690935809102,0,60,1.0,4,0.03263316136684747
5.79,3.025641074479182e-06,78.6960215896651,0,60,1.0,4,0.028141684462708087
5.795,1.9566278676921314e-06,78.5257677122978,0,60,1.0,4,0.02413571087759545
5.8,1.2553456560008793e-06,78.37493964417503,0,60,1.0,4,0.020586815157059513
5.805,7.990660428214668e-07,78.2422090240731,0,60,1.0,4,0.017463741742896593
5.81,5.046221251618276e-07,78.12617169236393,0,60,1.0,4,0.014733451585033542
5.815,3.1616527078858815e-07,78.025387450806,0,60,1.0,4,0.012362057666023381
5.82,1.9652884407760343e-07,77.93841461647177,0,60,1.0,4,0.010315638034629995
5.825,1.2120002189836396e-07,77.8638391423511,0,60,1.0,4,0.008560920996496394
5.83,7.415549848886236e-08,77.80029830339164,0,60,1.0,4,0.007065842432744523
5.835,4.501406988770349e-08,77.74649913671861,0,60,1.0,4,0.005799979687496743
5.84,0.0,77.70123197589588,0,60,1.0,4,0.00473487002107952
5.845,0.0,77.66337953109218,0,60,1.0,4,0.003844224260992365
5.85,0.0,77.63192204162286,0,60,1.0,4,0.0031040480381848818
5.855,0.0,77.60593906782344,0,60,1.0,4,0.0024926839487868753
5.86,0.0,77.5846084999467,0,60,1.0,4,0.001990788234039923
5.865,0.0,77.56720334779462,0,60,1.0,4,0.0015812552422262878
5.87,0.0,77.55308684140455,0,60,1.0,4,0.0012491021506952941
5.875,0.0,77.54170632554015,0,60,1.0,4,0.0009813253068269954
5.88,0.0,77.53258637389288,0,60,1.0,4,0.0007667382092443083
5.885,0.0,77.5253214871494,0,60,1.0,4,0.000595799697632896
5.89,0.0,77.5195686761332,0,60,1.0,4,0.00046043943842833225
5.895,0.0,77.51504017008224,0,60,1.0,4,0.00035388635487633484
5.9,0.0,77.51149643304234,0,60,1.0,4,0.0002705043068785659
5.905,0.0,77.50873961991796,0,60,1.0,4,0.00020563811571672457
5.91,0.0,77.50660755888478,0,60,1.0,4,0.00015547197375955125
5.915,0.0,77.50496830905382,0,60,1.0,4,0.00011690138950170342
5.92,0.0,77.5037153114783,0,60,1.0,4,8.741909360711522e-05
5.925,0.0,77.50276312746773,0,60,1.0,4,6.501476394659863e-05
5.93,0.0,77.50204374014463,0,60,1.0,4,4.808800340302856e-05
5.935,0.0,77.50150338251946,0,60,1.0,4,3.537370634021767e-05
5.94,0.0,77.50109984727075,0,60,1.0,4,2.587875931179523e-05
5.945,0.0,77.50080022908391,0,60,1.0,4,1.8828919621348497e-05
5.95,0.0,77.50057904904067,0,60,1.0,4,1.3624683309805785e-05
5.955,0.0,77.50041671144271,0,60,1.0,4,9.804975122599845e-06
5.96,0.0,77.50029824596082,0,60,1.0,4,7.017552019306095e-06
5.965,0.0,77.50021229158524,0,60,1.0,4,4.995096123352863e-06
5.97,0.0,77.50015028306859,0,60,1.0,4,3.536072202169795e-06
5.975,0.0,77.50010580504913,0,60,1.0,4,2.4895305677867272e-06
5.98,0.0,77.50007408355204,0,60,1.0,4,1.7431424008490842e-06
5.985,0.0,77.50005158889975,0,60,1.0,4,1.213856464734336e-06
5.99,0.0,77.50003572808994,0,60,1.0,4,8.406609397832868e-07
5.995,0.0,77.50002460834446,0,60,1.0,4,5.790198696665946e-07
6.0,0.001684486749771458,77.50001685675832,0,60,1.0,4,3.9662960756793514e-07
6.005,0.003097557930867117,77.500011483778,0,60,1.0,4,2.7020654108448924e-07
6.01,0.005475106668887023,77.50000778062673,0,60,1.0,4,1.830735701493241e-07
6.015,0.00930222931468658,77.50000524280178,0,60,1.0,4,1.233600418051056e-07
6.02,0.01519157517868857,77.50000351343044,0,60,1.0,4,8.266895159014145e-08
6.025,0.023847336626128316,77.5000023416304,0,60,1.0,5,5.5097186024046524e-08
6.03,0.0359830743700859,77.5000015521168,0,60,1.0,5,3.652039528306512e-08
6.035,0.05218887796857759,77.50000102317405,0,60,1.0,5,2.4074683538214337e-08
6.04,0.0727577001223134,77.500000670801,0,60,1.0,5,1.5783552953507752e-08
6.045,0.0974992498694751,77.500000437378,0,60,1.0,5,1.029124719560273e-08
6.05,0.12558706050443358,77.50000028362157,0,60,1.0,5,6.6734488053257606e-09
6.055,0.15549263588878245,77.50000018291134,0,60,1.0,5,4.303796137772973e-09
6.06,0.1850529723539114,77.50000011731703,0,60,1.0,5,2.760400681889972e-09
6.065,0.21169159439317053,77.50000007483428,0,60,1.0,5,1.7608064862382462e-09
6.07,0.23277292922115492,77.50000004747436,0,60,1.0,5,1.1170437333288752e-09
6.075,0.24602692519491282,77.50000002995276,0,60,1.0,5,7.047707881343633e-10
6.08,0.24995056064839283,77.50000001879462,0,60,1.0,5,4.4222641757668874e-10
6.085,0.24408826520424054,77.50000001172869,0,60,1.0,5,2.759691142273368e-10
6.09,0.22911894216865275,77.50000000727921,0,60,1.0,5,1.7127557411560487e-10
6.095,0.20672661788705934,77.50000000449302,0,60,1.0,5,1.0571805914343499e-10
6.1,0.17928878030241233,77.5000000027581,0,60,1.0,5,6.48964594481239e-11
6.105,0.14946211903866036,77.50000000168384,0,60,1.0,5,3.9619862945983186e-11
6.11,0.1197651512573837,77.50000000102239,0,60,1.0,5,2.405613486189395e-11
6.115,0.09224675744988023,77.50000000061736,0,60,1.0,5,1.4526168503353428e-11
6.12,0.06829565320281596,77.50000000037076,0,60,1.0,5,8.723792929873418e-12
6.125,0.04860224607515734,77.50000000022145,0,60,1.0,5,5.210535271223361e-12
6.13,0.03324612389699793,77.50000000013154,0,60,1.0,5,3.094956970444935e-12
6.135,0.021859876340472782,77.5000000000777,0,60,1.0,5,1.8283518490052836e-12
6.14,0.01381595518554205,77.50000000004566,0,60,1.0,5,1.0743406164692714e-12
6.145,0.008394095110402422,77.50000000002667,0,60,1.0,5,6.27618218833745e-13
6.15,0.0049052535271608,77.5000000000155,0,60,1.0,5,3.648009998655385e-13
6.155,0.0027671663551903634,77.50000000000895,0,60,1.0,5,2.1065502283711206e-13
6.16,0.0015425553464444616,77.50000000000514,0,60,1.0,5,1.2104304486830883e-13
6.165,0.0009638206637011801,77.50000000000294,0,60,1.0,5,6.921522178933681e-14
6.17,0.0009804935156568228,77.50000000000168,0,60,1.0,5,3.945602015044321e-14
6.175,0.0018793744894085216,77.50000000000095,0,60,1.0,5,2.2402994492200805e-14
6.18,0.004535525206900863,77.50000000000053,0,60,1.0,5,1.2371802928528803e-14
6.185,0.010832767979632273,77.5000000000003,0,60,1.0,5,7.021834094570402e-15
6.19,0.024208003392322392,77.50000000000017,0,60,1.0,5,4.012476625468801e-15
6.195,0.0500971897335304,77.50000000000009,0,60,1.0,5,2.0062383127344005e-15
6.2,0.09582894921774403,77.50000000000004,0,60,1.0,5,1.0031191563672002e-15
6.205,0.16937896721820658,77.50000000000003,0,60,1.0,5,6.687461042448002e-16
6.21,0.27661303008991756,77.50000000000001,0,60,1.0,5,3.343730521224001e-16
6.215,0.4173782800009149,77.50000000000001,0,60,1.0,5,3.343730521224001e-16
6.22,0.5818720934538056,77.5,0,60,1.0,5,0.0
6.225,0.7494718801585675,77.5,0,60,1.0,5,0.0
6.23,0.891813020752378,77.5,0,60,1.0,5,0.0
6.235,0.9800361632936612,77.5,0,60,1.0,5,0.0
6.24,0.993574479225126,77.50000248997046,1,60,1.0,5,5.8587540131745354e-08
6.245,0.9263438449375362,77.50000384762257,0,60,1.0,5,9.053229565752725e-08
6.25,0.7873015962290536,77.50000607642373,0,60,1.0,5,1.4297467600954406e-07
6.255,0.5959516244629897,77.5000099193542,0,60,1.0,5,2.3339656937584068e-07
6.26,0.376910120078773,77.50001691763335,0,60,1.0,5,3.9806196107693883e-07
6.265,0.15739335672107918,77.50003032958121,0,60,1.0,5,7.13637204880262e-07
6.27,-0.033361226269301235,77.50005706326723,0,60,1.0,5,1.3426651114112996e-06
6.275,-0.1680180840843834,77.50011163602987,0,60,1.0,5,2.6267301146109436e-06
6.28,-0.23069703190837854,77.50022405397121,0,60,1.0,5,5.271858146095516e-06
6.285,-0.22587267821131068,77.50045501243203,0,60,1.0,5,1.0706174871235335e-05
6.29,-0.17718181630665902,77.50092427728828,0,60,1.0,5,2.17477009006389e-05
6.295,-0.11494332516451301,77.50186190043328,0,60,1.0,5,4.3809421959608964e-05
6.3,-0.061810214049552864,77.5036974124983,0,60,1.0,5,8.699794113641367e-05
6.305,-0.026546104631500547,77.50720948330502,0,60,1.0,5,0.00016963490129455748
6.31,-0.00719600351942686,77.51376740494521,0,60,1.0,5,0.00032393893988736473
6.315,0.0022072757983807078,77.52570486126365,0,60,1.0,5,0.0006048202650270147
6.32,0.006917199873730717,77.54687310100944,0,60,1.0,5,0.0011028964943397355
6.325,0.01004859748264829,77.58342030040448,0,60,1.0,5,0.0019628305977525597
6.33,0.013037082251128167,77.64483019563318,0,60,1.0,5,0.0034077693090159085
6.335,0.01645163937690478,77.74521845683252,0,60,1.0,5,0.00576984604311807
6.34,0.020526639934696615,77.90482292278939,0,60,1.0,5,0.009525245242103358
6.345,0.02539629541761738,78.15153067952627,0,60,1.0,5,0.015330133635912341
6.35,0.031171612185577933,78.52216589770399,0,60,1.0,5,0.024050962298917296
6.355,0.03795853426638131,79.06313417566034,0,60,1.0,5,0.03677962766259618
6.36,0.0458588961882057,79.82991303787692,0,60,1.0,5,0.05482148324416284
6.365,0.054966995891435555,80.88483816617295,0,60,1.0,5,0.0796432509687754
6.37,0.06536491004445595,82.29271025083777,0,60,1.0,5,0.11276965296088874
6.375,0.07711726085088699,84.1139790420912,0,60,1.0,5,0.15562303628449886
6.38,0.09026570629555215,86.39566362124735,0,60,1.0,5,0.20930973226464356
6.385,0.10482339848670268,89.16071083043977,0,60,1.0,5,0.2743696665985828
6.39,0.12076968927580028,92.39709175659418,0,60,1.0,5,0.3505198060375101
6.395,0.13804539501007884,96.04845287733258,0,60,1.0,5,0.43643418534900186
6.4,0.15654895051787066,100.00841066564702,0,60,1.0,5,0.5296096627211063
6.405,0.17613378141900526,104.12045778604747,0,60,1.0,5,0.6263637126128816
6.41,0.19660720058055794,108.18485302700304,0,60,1.0,5,0.7219965418118364
6.415,0.21773108748496234,111.9728233716453,0,60,1.0,5,0.811125255803419
6.42,0.23922453870058807,115.2470723582789,0,60,1.0,5,0.8881664084300918
6.425,0.2607685857914563,117.78623296545425,0,60,1.0,5,0.9479113638930411
6.43,0.2820129681603682,119.40984825503094,0,60,1.0,5,0.9861140765889632
6.435,0.30258482867153996,120.0,0,60,1.0,5,1.0
6.44,0.3220990771751686,119.5160061135284,0,60,1.0,5,0.9886119085536096
6.445,0.3401700499968971,117.99966259133913,0,60,1.0,5,0.9529332374432736
6.45,0.3564239911198326,115.57011308967998,0,60,1.0,5,0.8957673668159994
6.455,0.3705118017738417,112.40924080138602,0,60,1.0,5,0.8213939012090828
6.46,0.3821214567925213,108.74008947923315,0,60,1.0,5,0.7350609289231329
6.465,0.39098947374066967,104.80188363205593,0,60,1.0,5,0.6423972619307279
6.47,0.3969108472035567,100.82552814904717,0,60,1.0,5,0.5488359564481687
6.475,0.3997469255491936,97.0130132410624,0,60,1.0,5,0.45912972331911517
6.48,0.3994308076379137,93.5231013335713,0,60,1.0,5,0.37701414902520713
6.485,0.3959699661768434,90.4643185404905,0,60,1.0,5,0.30504278918801164
6.49,0.38944595408114946,87.89493732644314,0,60,1.0,5,0.24458676062219156
6.495,0.38001120995358023,85.82858881956196,0,60,1.0,5,0.19596679575439901
6.5,0.3678831374098315,84.24354173369385,0,60,1.0,5,0.15867157020456107
6.505,0.35333577933796634,83.09355905991723,0,60,1.0,5,0.13161315435099355
6.51,0.33668953221163944,82.31851219968635,0,60,1.0,5,0.11337675763967889
6.515,0.3182994390982644,81.8534471763782,0,60,1.0,5,0.10243405120889874
6.52,0.29854265738230645,81.63539558810754,0,60,1.0,5,0.0973034256025304
6.525,0.2778057157821067,81.60776725230997,0,60,1.0,5,0.09665334711317575
6.53,0.2564721553719815,81.7225659161887,0,60,1.0,5,0.09935449214561645
6.535,0.23491109433464996,81.94090307100727,0,60,1.0,5,0.10449183696487693
6.54,0.21346717185309805,82.23236173414895,0,60,1.0,5,0.1113496878623283
6.545,0.19245222055656455,82.5737228448738,0,60,1.0,5,0.11938171399703057
6.55,0.17213889801761392,82.94746101237237,0,60,1.0,5,0.1281755532322911
6.555,0.15275638501270183,83.34028784104275,0,60,1.0,5,0.13741853743630003
6.56,0.13448814019607322,83.74190129408117,0,60,1.0,5,0.14686826574308645
6.565,0.11747159495449566,84.14400555542274,0,60,1.0,5,0.156329542480535
6.57,0.10179958433370105,84.53960260488017,0,60,1.0,5,0.1656377083501217
6.575,0.08752324394101413,84.9225212845037,0,60,1.0,5,0.17464755963538123
6.58,0.07465606047174059,85.28713521594845,0,60,1.0,5,0.18322671096349302
6.585,0.0631787448609295,85.62822001971128,0,60,1.0,5,0.19125223575791245
6.59,0.05304460019959574,85.94090650370732,0,60,1.0,5,0.19860956479311354
6.595,0.044185078305849994,86.22069530027292,0,60,1.0,5,0.20519283059465698
6.6,0.03651525513023255,86.46350713588414,0,60,1.0,5,0.2109060502560975
6.605,0.0299390014708757,86.66575024332924,0,60,1.0,5,0.21566471160774686
6.61,0.024353677220580638,86.82439202975053,0,60,1.0,5,0.2193974595235418
6.615,0.01965423034339045,86.93702615390892,0,60,1.0,5,0.22204767420962157
6.62,0.015736632374757337,87.00192899594394,0,60,1.0,5,0.22357479990456333
6.625,0.012500627640593535,87.0181014934289,0,60,1.0,5,0.22395532925715061
6.63,0.009851811652115898,86.98529377288109,0,60,1.0,5,0.22318338289131984
6.635,0.007703084175428559,86.90401114067697,0,60,1.0,5,0.2212708503688699
6.64,0.005975544002062424,86.77550094420542,0,60,1.0,5,0.2182470810401275
6.645,0.004598905818663047,86.60172064316458,0,60,1.0,5,0.21415813278034312
6.65,0.0035115256454839104,86.38528817010885,0,60,1.0,5,0.2090656040025612
6.655,0.002660121266303676,86.12941631144672,0,60,1.0,5,0.20304508968109924
6.66,0.0019992692560877024,85.8378333951069,0,60,1.0,5,0.19618431517898585
6.665,0.0014907520044639367,85.5146930147361,0,60,1.0,5,0.18858101211143755
6.67,0.0011028178277539807,85.16447583928647,0,60,1.0,5,0.180340607983211
6.675,0.0008094059938923333,84.79188674208152,0,60,1.0,5,0.17157380569603567
6.68,0.0005893771793717645,84.40175053163802,0,60,1.0,5,0.1623941301561886
6.685,0.0004257792353490551,83.99890948084484,0,60,1.0,5,0.15291551719634927
6.69,0.0003051686392901525,83.58812564108673,0,60,1.0,5,0.14325001508439372
6.695,0.00021699992642659966,83.17399060876907,0,60,1.0,5,0.13350566138280173
6.7,0.00015308884054097838,82.76084500333593,0,60,1.0,5,0.1237845883137866
6.705,0.00010714989329311098,82.35270944151372,0,60,1.0,5,0.11418139862385233
6.71,7.440535854020571e-05,81.95322827731624,0,60,1.0,5,0.1047818418192057
6.715,5.1260276743925106e-05,81.5656268469004,0,60,1.0,5,0.09566180816236236
6.72,3.503659887882241e-05,81.19268243627361,0,60,1.0,5,0.08688664555937915
6.725,2.375894748103639e-05,80.83670870048552,0,60,1.0,5,0.07851079295260038
6.73,1.5984413869232557e-05,80.49955282436576,0,60,1.0,5,0.07057771351448858
6.735,1.0669166579899869e-05,80.18260434212327,0,60,1.0,5,0.06312010216760634
6.74,7.06526633560511e-06,79.88681423671093,0,60,1.0,5,0.05616033498143371
6.745,4.641847214699205e-06,79.61272272561617,0,60,1.0,5,0.049711122955674494
6.75,3.025641074479182e-06,79.3604940089418,0,60,1.0,5,0.043776329622159986
6.755,1.9566278676921314e-06,79.12995620540356,0,60,1.0,5,0.03835191071537786
6.76,1.2553456560008793e-06,78.92064472570667,0,60,1.0,5,0.03342693472250978
6.765,7.990660428214668e-07,78.73184742133546,0,60,1.0,5,0.028984645207893154
6.77,5.046221251618276e-07,78.56264998870968,0,60,1.0,5,0.025003529146110114
6.775,3.1616527078858815e-07,78.41198029133812,0,60,1.0,5,0.021458359796191175
6.78,1.9652884407760343e-07,78.27865047304697,0,60,1.0,5,0.018321187601105078
6.785,1.2120002189836396e-07,78.16139596092438,0,60,1.0,5,0.015562257904103075
6.79,7.415549848886236e-08,78.05891068560801,0,60,1.0,5,0.013150839661364992
6.795,4.501406988770349e-08,77.96987806868721,0,60,1.0,5,0.011055954557346079
6.8,0.0,77.89299753381259,0,60,1.0,5,0.009247000795590352
6.805,0.0,77.8270064830745,0,60,1.0,5,0.007694270189988201
6.81,0.0,77.77069783881038,0,60,1.0,5,0.00636936091318536
6.815,0.0,77.72293338065182,0,60,1.0,5,0.005245491309454685
6.82,0.0,77.6826532075086,0,60,1.0,5,0.004297722529613967
6.825,0.0,77.64888172502401,0,60,1.0,5,0.0035030994123296886
6.83,0.0,77.62073060277085,0,60,1.0,5,0.0028407200651964317
6.835,0.0,77.59739916496626,0,60,1.0,5,0.002291745058029699
6.84,0.0,77.57817267726432,0,60,1.0,5,0.0018393571121016388
6.845,0.0,77.56241897406092,0,60,1.0,5,0.0014686817426098407
6.85,0.0,77.54958383962341,0,60,1.0,5,0.0011666785793743337
6.855,0.0,77.53918551600158,0,60,1.0,5,0.0009220121412136665
6.86,0.0,77.53080866455502,0,60,1.0,5,0.000724909754235876
6.865,0.0,77.52409805909379,0,60,1.0,5,0.0005670131551479538
6.87,0.0,77.51875223963577,0,60,1.0,5,0.0004412291679005541
6.875,0.0,77.51451730867906,0,60,1.0,5,0.0003415837336249564
6.88,0.0,77.51118100820227,0,60,1.0,5,0.00026308254593579797
6.885,0.0,77.50856717638953,0,60,1.0,5,0.000201580620930198
6.89,0.0,77.506530648948,0,60,1.0,5,0.0001536623281882545
6.895,0.0,77.50495264109921,0,60,1.0,5,0.00011653273174608651
6.9,0.0,77.50373662283334,0,60,1.0,5,8.792053725515228e-05
6.905,0.0,77.50280468154695,0,60,1.0,5,6.599250698701219e-05
6.91,0.0,77.50209435230339,0,60,1.0,5,4.927887772677262e-05
6.915,0.0,77.50155588612591,0,60,1.0,5,3.660908531561718e-05
6.92,0.0,77.50114992036497,0,60,1.0,5,2.705694976391308e-05
6.925,0.0,77.50084551167804,0,60,1.0,5,1.989439242439563e-05
6.93,0.0,77.50061849094135,0,60,1.0,5,1.4552728031744396e-05
6.935,0.0,77.50045009994905,0,60,1.0,5,1.0590587036444156e-05
6.94,0.0,77.5003258715694,0,60,1.0,5,7.667566338862825e-06
6.945,0.0,77.50023471771487,0,60,1.0,5,5.522769761763116e-06
6.95,0.0,77.50016819270388,0,60,1.0,5,3.95747538545145e-06
6.955,0.0,77.50011990307587,0,60,1.0,5,2.8212488439962992e-06
6.96,0.0,77.50008503845943,0,60,1.0,5,2.0009049278007082e-06
6.965,0.0,77.5000600015309,0,60,1.0,5,1.4118007270018793e-06
6.97,0.0,77.50004211833227,0,60,1.0,5,9.910195829246839e-07
6.975,0.0,77.50002941317382,0,60,1.0,5,6.920746781200732e-07
6.98,0.0,77.50002043499333,0,60,1.0,5,4.80823372500334e-07
6.985,0.0,77.50001412436717,0,60,1.0,5,3.3233805103972213e-07
6.99,0.001684486749771458,77.50000971237372,0,60,1.0,5,2.2852644058409221e-07
6.995,0.003097557930867117,77.50000664421472,0,60,1.0,5,1.5633446403572795e-07
7.0,0.005475106668887023,77.50000452192985,0,60,1.0,5,1.0639834947730432e-07
7.005,0.00930222931468658,77.50000306172282,0,60,1.0,5,7.204053698681973e-08
7.01,0.01519157517868857,77.50000206238532,0,60,1.0,5,4.8526713418836795e-08
7.015,0.023847336626128316,77.5000013820878,0,60,1.0,5,3.2519712998263834e-08
7.02,0.0359830743700859,77.50000092143212,0,60,1.0,5,2.1680755721450518e-08
7.025,0.05218887796857759,77.50000061115722,0,60,1.0,5,1.4380169860113015e-08
7.03,0.0727577001223134,77.50000040327791,0,60,1.0,5,9.48889197281781e-09
7.035,0.0974992498694751,77.50000026473893,0,60,1.0,5,6.229151281064225e-09
7.04,0.12558706050443358,77.50000017289923,0,60,1.0,5,4.068217282003709e-09
7.045,0.15549263588878245,77.50000011233891,0,60,1.0,5,2.643268464239287e-09
7.05,0.1850529723539114,77.50000007261549,0,60,1.0,5,1.7085998184912194e-09
7.055,0.21169159439317053,77.50000004669712,0,60,1.0,5,1.0987558679891449e-09
7.06,0.23277292922115492,77.50000002987535,0,60,1.0,5,7.029494581194526e-10
7.065,0.24602692519491282,77.50000001901506,0,60,1.0,5,4.474132123612114e-10
7.07,0.24995056064839283,77.50000001204049,0,60,1.0,5,2.833055933639544e-10
7.075,0.24408826520424054,77.50000000758494,0,60,1.0,5,1.7846927595896618e-10
7.08,0.22911894216865275,77.5000000047536,0,60,1.0,5,1.1184945780020345e-10
7.085,0.20672661788705934,77.50000000296384,0,60,1.0,5,6.9737512496752e-11
7.09,0.17928878030241233,77.50000000183844,0,60,1.0,5,4.325750738002278e-11
7.095,0.14946211903866036,77.5000000011345,0,60,1.0,5,2.6694003870087567e-11
7.1,0.1197651512573837,77.5000000006965,0,60,1.0,5,1.6388292030623073e-11
7.105,0.09224675744988023,77.5000000004254,0,60,1.0,5,1.0009457315284047e-11
7.11,0.06829565320281596,77.5000000002585,0,60,1.0,5,6.0822458181064576e-12
7.115,0.04860224607515734,77.50000000015626,0,60,1.0,5,3.676766081137912e-12
7.12,0.03324612389699793,77.50000000009398,0,60,1.0,5,2.2112089936854317e-12
7.125,0.021859876340472782,77.50000000005623,0,60,1.0,5,1.3231141672483372e-12
7.13,0.01381595518554205,77.50000000003347,0,60,1.0,5,7.874485377482522e-13
7.135,0.008394095110402422,77.50000000001982,0,60,1.0,5,4.664504077107481e-13
7.14,0.0049052535271608,77.50000000001168,0,60,1.0,5,2.7485464884461285e-13
7.145,0.0027671663551903634,77.50000000000685,0,60,1.0,5,1.6116781112299685e-13
7.15,0.0015425553464444616,77.500000000004,0,60,1.0,5,9.395882764639442e-14
7.155,0.0009638206637011801,77.50000000000232,0,60,1.0,5,5.4502807495951216e-14
7.16,0.0009804935156568228,77.50000000000134,0,60,1.0,5,3.143106689950561e-14
7.165,0.0018793744894085216,77.50000000000077,0,60,1.0,5,1.8056144814609604e-14
7.17,0.004535525206900863,77.50000000000044,0,60,1.0,5,1.0365564615794402e-14
7.175,0.010832767979632273,77.50000000000024,0,60,1.0,5,5.684341886080802e-15
7.18,0.024208003392322392,77.50000000000014,0,60,1.0,5,3.343730521224001e-15
7.185,0.0500971897335304,77.50000000000009,0,60,1.0,5,2.0062383127344005e-15
7.19,0.09582894921774403,77.50000000000004,0,60,1.0,5,1.0031191563672002e-15
7.195,0.16937896721820658,77.50000000000003,0,60,1.0,5,6.687461042448002e-16
7.2,0.27661303008991756,77.50000000000001,0,60,1.0,5,3.343730521224001e-16
7.205,0.4173782800009149,77.5,0,60,1.0,5,0.0
7.21,0.5818720934538056,77.5,0,60,1.0,5,0.0
7.215,0.7494718801585675,77.5,0,60,1.0,5,0.0
7.22,0.891813020752378,77.5,0,60,1.0,5,0.0
7.225,0.9800361632936612,77.5,0,60,1.0,5,0.0
7.23,0.993574479225126,77.50000249065474,1,60,1.0,6,5.860364086295115e-08
7.235,0.9263438449375362,77.50000381481783,0,60,1.0,6,8.976041954156244e-08
7.24,0.7873015962290536,77.50000596523532,0,60,1.0,6,1.4035847805323155e-07
7.245,0.5959516244629897,77.50000962503476,0,60,1.0,6,2.2647140620874244e-07
7.25,0.376910120078773,77.50001618917643,0,60,1.0,6,3.809217984700594e-07
7.255,0.15739335672107918,77.5000285614158,0,60,1.0,6,6.720333130140395e-07
7.26,-0.033361226269301235,77.50005280883279,0,60,1.0,6,1.2425607715559796e-06
7.265,-0.1680180840843834,77.50010151190543,0,60,1.0,6,2.388515421818524e-06
7.27,-0.23069703190837854,77.50020036214238,0,60,1.0,6,4.714403350108649e-06
7.275,-0.22587267821131068,77.50040077561245,0,60,1.0,6,9.430014410541202e-06
7.28,-0.17718181630665902,77.50080326727193,0,60,1.0,6,1.8900406398442475e-05
7.285,-0.11494332516451301,77.50159937912407,0,60,1.0,6,3.763244997819182e-05
7.29,-0.061810214049552864,77.50314438198903,0,60,1.0,6,7.398545856544308e-05
7.295,-0.026546104631500547,77.5060789517361,0,60,1.0,6,0.00014303415849647481
7.3,-0.00719600351942686,77.5115253796782,0,60,1.0,6,0.00027118540419304043
7.305,0.0022072757983807078,77.5213917627598,0,60,1.0,6,0.0005033355943483537
7.31,0.006917199873730717,77.53882411894206,0,60,1.0,6,0.0009135086809896406
7.315,0.01004859748264829,77.56884815932884,0,60,1.0,6,0.0016199566900902884
7.32,0.013037082251128167,77.6192346558676,0,60,1.0,6,0.002805521314531782
7.325,0.01645163937690478,77.70159894500465,0,60,1.0,6,0.004743504588344649
7.33,0.020526639934696615,77.83270008287926,0,60,1.0,6,0.007828237244217797
7.335,0.02539629541761738,78.03583465142736,0,60,1.0,6,0.012607874151232115
7.34,0.031171612185577933,78.34212553437393,0,60,1.0,6,0.019814718455857288
7.345,0.03795853426638131,78.79139701937089,0,60,1.0,6,0.030385812220491543
7.35,0.0458588961882057,79.43222533468237,0,60,1.0,6,0.045464125521938153
7.355,0.054966995891435555,80.32069048739088,0,60,1.0,6,0.06636918793860887
7.36,0.06536491004445595,81.5173707975343,0,60,1.0,6,0.09452637170668936
7.365,0.07711726085088699,83.08225427174436,0,60,1.0,6,0.13134715933516145
7.37,0.09026570629555215,85.06751487992965,0,60,1.0,6,0.17805917364540344
7.375,0.10482339848670268,87.50851138218808,0,60,1.0,6,0.23549438546324883
7.38,0.12076968927580028,90.41386466435996,0,60,1.0,6,0.3038556391614109
7.385,0.13804539501007884,93.75596504105044,0,60,1.0,6,0.38249329508353985
7.39,0.15654895051787066,97.4636280918179,0,60,1.0,6,0.4697324256898328
7.395,0.17613378141900526,101.41872257270964,0,60,1.0,6,0.5627934722990504
7.4,0.19660720058055794,105.45833242352343,0,60,1.0,6,0.6578431158476101
7.405,0.21773108748496234,109.38335163215552,0,60,1.0,6,0.7501965089918947
7.41,0.23922453870058807,112.9734084393601,0,60,1.0,6,0.8346684338672965
7.415,0.2607685857914563,116.00683982528938,0,60,1.0,6,0.9060432900068088
7.42,0.2820129681603682,118.28333120453613,0,60,1.0,6,0.9596077930479089
7.425,0.30258482867153996,119.646064803065,0,60,1.0,6,0.9916721130132942
7.43,0.3220990771751686,120.0,0,60,1.0,6,1.0
7.435,0.3401700499968971,119.32334270778719,0,60,1.0,6,0.9840786519479339
7.44,0.3564239911198326,117.6702984466819,0,60,1.0,6,0.9451834928631034
7.445,0.3705118017738417,115.1646448291192,0,60,1.0,6,0.8862269371557459
7.45,0.3821214567925213,111.9851997850634,0,60,1.0,6,0.8114164655309035
7.455,0.39098947374066967,108.34557221481842,0,60,1.0,6,0.7257781697604334
7.46,0.3969108472035567,104.47139174943496,0,60,1.0,6,0.634620982339646
7.465,0.3997469255491936,100.57838099842344,0,60,1.0,6,0.5430207293746692
7.47,0.3994308076379137,96.85417087272945,0,60,1.0,6,0.45539225582892834
7.475,0.3959699661768434,93.44582268957237,0,60,1.0,6,0.37519582798993806
7.48,0.38944595408114946,90.45385471397468,0,60,1.0,6,0.30479658150528655
7.485,0.38001120995358023,87.93243962502166,0,60,1.0,6,0.24546916764756843
7.49,0.3678831374098315,85.89455992933536,0,60,1.0,6,0.19751905716083196
7.495,0.35333577933796634,84.32040601189054,0,60,1.0,6,0.160480141456248
7.5,0.33668953221163944,83.16719725117376,0,60,1.0,6,0.13334581767467674
7.505,0.3182994390982644,82.37883285219493,0,60,1.0,6,0.114796067110469
7.51,0.29854265738230645,81.89421459224894,0,60,1.0,6,0.10339328452350455
7.515,0.2778057157821067,81.65359406235096,0,60,1.0,6,0.09773162499649321
7.52,0.2564721553719815,81.60276811068044,0,60,1.0,6,0.09653572025130455
7.525,0.23491109433464996,81.6953041114732,0,60,1.0,6,0.0987130379170166
7.53,0.21346717185309805,81.89319219750705,0,60,1.0,6,0.10336922817663642
7.535,0.19245222055656455,82.16640283127366,0,60,1.0,6,0.10979771367702724
7.54,0.17213889801761392,82.49180664386697,0,60,1.0,6,0.11745427397334036
7.545,0.15275638501270183,82.85182970057085,0,60,1.0,6,0.12592540471931402
7.55,0.13448814019607322,83.23310877819486,0,60,1.0,6,0.13489667713399672
7.555,0.11747159495449566,83.62530580186197,0,60,1.0,6,0.14412484239675222
7.56,0.10179958433370105,84.02015461343919,0,60,1.0,6,0.15341540266915737
7.565,0.08752324394101413,84.41075278688982,0,60,1.0,6,0.1626059479268192
7.57,0.07465606047174059,84.79107511020709,0,60,1.0,6,0.17155470847546092
7.575,0.0631787448609295,85.15566858139451,0,60,1.0,6,0.18013337838575313
7.58,0.05304460019959574,85.49948511358731,0,60,1.0,6,0.18822317914323086
7.585,0.044185078305849994,85.81781198508382,0,60,1.0,6,0.19571322317844286
7.59,0.03651525513023255,86.1062671685372,0,60,1.0,6,0.2025004039655812
7.595,0.0299390014708757,86.36083432317702,0,60,1.0,6,0.20849021936887097
7.6,0.024353677220580638,86.57791901100559,0,60,1.0,6,0.21359809437660213
7.605,0.01965423034339045,86.75441307651025,0,60,1.0,6,0.21775089591788815
7.61,0.015736632374757337,86.88775811124916,0,60,1.0,6,0.22088842614703896
7.615,0.012500627640593535,86.97600175641713,0,60,1.0,6,0.2229647472098149
7.62,0.009851811652115898,87.017842589161,0,60,1.0,6,0.2239492373920237
7.625,0.007703084175428559,87.012660771883,0,60,1.0,6,0.22382731227960015
7.63,0.005975544002062424,86.96053273007563,0,60,1.0,6,0.22260077011942653
7.635,0.004598905818663047,86.86222900437889,0,60,1.0,6,0.2202877412795033
7.64,0.0035115256454839104,86.719195178689,0,60,1.0,6,0.21692223949856484
7.645,0.002660121266303676,86.53351645798008,0,60,1.0,6,0.21255332842306082
7.65,0.0019992692560877024,86.30786706938648,0,60,1.0,6,0.20724393104438765
7.655,0.0014907520044639367,86.04544618487417,0,60,1.0,6,0.2010693219970392
7.66,0.0011028178277539807,85.74990250322291,0,60,1.0,6,0.19411535301700972
7.665,0.0008094059938923333,85.42524997119911,0,60,1.0,6,0.18647646991056724
7.67,0.0005893771793717645,85.0757773587906,0,60,1.0,6,0.17825358491272006
7.675,0.0004257792353490551,84.70595452519278,0,60,1.0,6,0.1695518711810066
7.68,0.0003051686392901525,84.32033821979824,0,60,1.0,6,0.160478546348194
7.685,0.00021699992642659966,83.92348015988665,0,60,1.0,6,0.1511407096443918
7.69,0.00015308884054097838,83.51983992315786,0,60,1.0,6,0.1416432923095967
7.695,0.00010714989329311098,83.11370490220835,0,60,1.0,6,0.13208717416960833
7.7,7.440535854020571e-05,82.70911920653026,0,60,1.0,6,0.12256751074188849
7.705,5.1260276743925106e-05,82.30982298507394,0,60,1.0,6,0.11317230553115143
7.71,3.503659887882241e-05,81.91920319962112,0,60,1.0,6,0.10398125175579112
7.715,2.375894748103639e-05,81.5402564270607,0,60,1.0,6,0.09506485710731052
7.72,1.5984413869232557e-05,81.1755638270808,0,60,1.0,6,0.0864838547548422
7.725,1.0669166579899869e-05,80.82727799879292,0,60,1.0,6,0.07828889408924523
7.73,7.06526633560511e-06,80.49712108066727,0,60,1.0,6,0.07052049601570047
7.735,4.641847214699205e-06,80.18639313486506,0,60,1.0,6,0.06320925023211899
7.74,3.025641074479182e-06,79.89598960793784,0,60,1.0,6,0.05637622606912554
7.745,1.9566278676921314e-06,79.6264264795071,0,60,1.0,6,0.050033564223696536
7.75,1.2553456560008793e-06,79.37787159987418,0,60,1.0,6,0.04418521411468666
7.755,7.990660428214668e-07,79.15018067413585,0,60,1.0,6,0.03882778056790244
7.76,5.046221251618276e-07,78.94293636900822,0,60,1.0,6,0.03395144397666406
7.765,3.1616527078858815e-07,78.75548909159917,0,60,1.0,6,0.029540919802333494
7.77,1.9652884407760343e-07,78.58699810755667,0,60,1.0,6,0.025576426060156872
7.775,1.2120002189836396e-07,78.43647181909245,0,60,1.0,6,0.022034631037469325
7.78,7.415549848886236e-08,78.30280620070539,0,60,1.0,6,0.018889557663656246
7.785,4.501406988770349e-08,78.18482058158935,0,60,1.0,6,0.01611342544916116
7.79,0.0,78.08129015900583,0,60,1.0,6,0.01367741550601957
7.795,0.0,77.99097481773615,0,60,1.0,6,0.011552348652615178
7.8,0.0,77.91264400989799,0,60,1.0,6,0.00970927082112914
7.805,0.0,77.84509761126496,0,60,1.0,6,0.008119943794469679
7.81,0.0,77.7871828107303,0,60,1.0,6,0.00675724260541883
7.815,0.0,77.73780720624384,0,60,1.0,6,0.005595463676325728
7.82,0.0,77.69594837242065,0,60,1.0,6,0.004610549939309294
7.825,0.0,77.66066023234221,0,60,1.0,6,0.0037802407609931646
7.83,0.0,77.63107661018051,0,60,1.0,6,0.00308415553365916
7.835,0.0,77.60641236432045,0,60,1.0,6,0.0025038203369517225
7.84,0.0,77.58596250536276,0,60,1.0,6,0.002022647185006075
7.845,0.0,77.56909969282334,0,60,1.0,6,0.0016258751252551332
7.85,0.0,77.55527048169948,0,60,1.0,6,0.0013004819223407166
7.855,0.0,77.54399065849753,0,60,1.0,6,0.0010350743175890516
7.86,0.0,77.53483996875943,0,60,1.0,6,0.0008197639708100724
7.865,0.0,77.52745649724005,0,60,1.0,6,0.0006460352291777086
7.87,0.0,77.52153091995265,0,60,1.0,6,0.000506609881238894
7.875,0.0,77.51680080618708,0,60,1.0,6,0.00039531308675477437
7.88,0.0,77.51304510977057,0,60,1.0,6,0.0003069437593076012
7.885,0.0,77.51007895333593,0,60,1.0,6,0.00023715184319846283
7.89,0.0,77.50774877787383,0,60,1.0,6,0.00018232418526655932
7.895,0.0,77.50592790273667,0,60,1.0,6,0.00013948006439230032
7.9,0.0,77.50451251862505,0,60,1.0,6,0.00010617690882467662
7.905,0.0,77.50341811780184,0,60,1.0,6,8.042630121983219e-05
7.91,0.0,77.50257635156204,0,60,1.0,6,6.062003675390984e-05
7.915,0.0,77.50193229444417,0,60,1.0,6,4.5465751627622974e-05
7.92,0.0,77.50144208734422,0,60,1.0,6,3.3931466922735235e-05
7.925,0.0,77.5010709270944,0,60,1.0,6,2.519828457419702e-05
7.93,0.0,77.50079136771336,0,60,1.0,6,1.862041678497703e-05
7.935,0.0,77.50058189795325,0,60,1.0,6,1.3691716547140567e-05
7.94,0.0,77.50042576054396,0,60,1.0,6,1.0017895152045373e-05
7.945,0.0,77.5003099802863,0,60,1.0,6,7.293653795373115e-06
7.95,0.0,77.50022457055825,0,60,1.0,6,5.284013135183962e-06
7.955,0.0,77.5001618906037,0,60,1.0,6,3.809190675450308e-06
7.96,0.0,77.5001161289628,0,60,1.0,6,2.7324461835659724e-06
7.965,0.0,77.50008289141098,0,60,1.0,6,1.950386140780371e-06
7.97,0.0,77.5000588746852,0,60,1.0,6,1.3852867104614074e-06
7.975,0.0,77.50004161000271,0,60,1.0,6,9.7905888731689e-07
7.98,0.0,77.50002926287357,0,60,1.0,6,6.885382015966838e-07
7.985,0.0,77.50002047794057,0,60,1.0,6,4.818338956791943e-07
7.99,0.0,77.50001425954493,0,60,1.0,6,3.3551870414532246e-07
7.995,0.0,77.50000988041381,0,60,1.0,6,2.3248032501963763e-07
8.0,0.001684486749771458,77.5000068123144,0,60,1.0,6,1.6028975049748088e-07
8.005,0.003097557930867117,77.50000467373745,0,60,1.0,6,1.0997029295033237e-07
8.01,0.005475106668887023,77.50000319068567,0,60,1.0,6,7.507495705367012e-08
8.015,0.00930222931468658,77.50000216747358,0,60,1.0,6,5.099937839879524e-08
8.02,0.01519157517868857,77.50000146512164,0,60,1.0,6,3.447345039496534e-08
8.025,0.023847336626128316,77.50000098547052,0,60,1.0,6,2.318754167497579e-08
8.03,0.0359830743700859,77.50000065957421,0,60,1.0,6,1.5519393226735273e-08
8.035,0.05218887796857759,77.50000043927226,0,60,1.0,6,1.0335817785958438e-08
8.04,0.0727577001223134,77.50000029110788,0,60,1.0,6,6.849597197929945e-09
8.045,0.0974992498694751,77.50000019196597,0,60,1.0,6,4.516846274782438e-09
8.05,0.12558706050443358,77.50000012596347,0,60,1.0,6,2.963846287350273e-09
8.055,0.15549263588878245,77.50000008224605,0,60,1.0,6,1.9352010921840486e-09
8.06,0.1850529723539114,77.5000000534362,0,60,1.0,6,1.2573222567666295e-09
8.065,0.21169159439317053,77.50000003454666,0,60,1.0,6,8.128625615748152e-10
8.07,0.23277292922115492,77.50000002222423,0,60,1.0,6,5.229230068567524e-10
8.075,0.24602692519491282,77.50000001422649,0,60,1.0,6,3.3474086247973474e-10
8.08,0.24995056064839283,77.50000000906188,0,60,1.0,6,2.1322066726604723e-10
8.085,0.24408826520424054,77.50000000574367,0,60,1.0,6,1.3514522834157106e-10
8.09,0.22911894216865275,77.50000000362252,0,60,1.0,6,8.523570346262525e-11
8.095,0.20672661788705934,77.50000000227342,0,60,1.0,6,5.349233213243732e-11
8.1,0.17928878030241233,77.50000000141972,0,60,1.0,6,3.3405205399236256e-11
8.105,0.14946211903866036,77.50000000088221,0,60,1.0,6,2.0757879075758598e-11
8.11,0.1197651512573837,77.5000000005455,0,60,1.0,6,1.283524397877045e-11
8.115,0.09224675744988023,77.50000000033563,0,60,1.0,6,7.897222745026846e-12
8.12,0.06829565320281596,77.50000000020549,0,60,1.0,6,4.8350343336899055e-12
8.125,0.04860224607515734,77.50000000012518,0,60,1.0,6,2.9454922161462225e-12
8.13,0.03324612389699793,77.50000000007589,0,60,1.0,6,1.7855520983336164e-12
8.135,0.021859876340472782,77.50000000004577,0,60,1.0,6,1.0770156008862506e-12
8.14,0.01381595518554205,77.50000000002747,0,60,1.0,6,6.463431097525994e-13
8.145,0.008394095110402422,77.50000000001641,0,60,1.0,6,3.862008752013721e-13
8.15,0.0049052535271608,77.50000000000975,0,60,1.0,6,2.2937991375596645e-13
8.155,0.0027671663551903634,77.50000000000577,0,60,1.0,6,1.3575545916169443e-13
8.16,0.0015425553464444616,77.5000000000034,0,60,1.0,6,7.991515945725361e-14
8.165,0.0009638206637011801,77.50000000000199,0,60,1.0,6,4.681222729713601e-14
8.17,0.0009804935156568228,77.50000000000115,0,60,1.0,6,2.7084217221914406e-14
8.175,0.0018793744894085216,77.50000000000067,0,60,1.0,6,1.5715533449752805e-14
8.18,0.004535525206900863,77.50000000000038,0,60,1.0,6,9.028072407304802e-15
8.185,0.010832767979632273,77.50000000000023,0,60,1.0,6,5.349968833958401e-15
8.19,0.024208003392322392,77.50000000000013,0,60,1.0,6,3.0093574691016007e-15
8.195,0.0500971897335304,77.50000000000007,0,60,1.0,6,1.6718652606120004e-15
8.2,0.09582894921774403,77.50000000000004,0,60,1.0,6,1.0031191563672002e-15
8.205,0.16937896721820658,77.50000000000003,0,60,1.0,6,6.687461042448002e-16
8.21,0.27661303008991756,77.50000000000001,0,60,1.0,6,3.343730521224001e-16
8.215,0.4173782800009149,77.5,0,60,1.0,6,0.0
8.22,0.5818720934538056,77.5,0,60,1.0,6,0.0
8.225,0.7494718801585675,77.5,0,60,1.0,6,0.0
8.23,0.891813020752378,77.5,0,60,1.0,6,0.0
8.235,0.9800361632936612,77.5,0,60,1.0,6,0.0
8.24,0.993574479225126,77.5000024966485,1,60,1.0,6,5.874467072263702e-08
8.245,0.9263438449375362,77.50000388454893,0,60,1.0,6,9.140115132729132e-08
8.25,0.7873015962290536,77.50000618232913,0,60,1.0,6,1.454665677743726e-07
8.255,0.5959516244629897,77.5000101847726,0,60,1.0,6,2.396417083700191e-07
8.26,0.376910120078773,77.50001756083037,0,60,1.0,6,4.1319600875474007e-07
8.265,0.15739335672107918,77.50003188149957,0,60,1.0,6,7.501529309780274e-07
8.27,-0.033361226269301235,77.50006080365405,0,60,1.0,6,1.4306742129707239e-06
8.275,-0.1680180840843834,77.50012058486693,0,60,1.0,6,2.8372909866902773e-06
8.28,-0.23069703190837854,77.50024513995355,0,60,1.0,6,5.7679989070306076e-06
8.285,-0.22587267821131068,77.50050363241509,0,60,1.0,6,1.1850174472690068e-05
8.29,-0.17718181630665902,77.50103350758017,0,60,1.0,6,2.4317825415878626e-05
8.295,-0.11494332516451301,77.50210036935763,0,60,1.0,6,4.942045547375742e-05
8.3,-0.061810214049552864,77.50420258594323,0,60,1.0,6,9.888437513489087e-05
8.305,-0.026546104631500547,77.50824711533218,0,60,1.0,6,0.00019404977252192754
8.31,-0.00719600351942686,77.51583324529174,0,60,1.0,6,0.0003725469480410565
8.315,0.0022072757983807078,77.52969102922935,0,60,1.0,6,0.0006986124524554029
8.32,0.006917199873730717,77.55432766935884,0,60,1.0,6,0.0012782981025609656
8.325,0.01004859748264829,77.5969322368778,0,60,1.0,6,0.0022807585147718865
8.33,0.013037082251128167,77.66856909864642,0,60,1.0,6,0.003966331732856829
8.335,0.01645163937690478,77.78564441251984,0,60,1.0,6,0.006721045000466909
8.34,0.020526639934696615,77.97155076923681,0,60,1.0,6,0.011095312217336789
8.345,0.02539629541761738,78.2582808201053,0,60,1.0,6,0.017841901649536432
8.35,0.031171612185577933,78.68766052792253,0,60,1.0,6,0.027944953598177214
8.355,0.03795853426638131,79.31171075246023,0,60,1.0,6,0.04262848829318186
8.36,0.0458588961882057,80.19154347445966,0,60,1.0,6,0.06333043469316856
8.365,0.054966995891435555,81.39419054317591,0,60,1.0,6,0.09162801278060964
8.37,0.06536491004445595,82.9869047835598,0,60,1.0,6,0.1291036419661128
8.375,0.07711726085088699,85.02880519220997,0,60,1.0,6,0.17714835746376406
8.38,0.09026570629555215,87.56025991780172,0,60,1.0,6,0.23671199806592272
8.385,0.10482339848670268,90.59105402879193,0,60,1.0,6,0.3080248006774572
8.39,0.12076968927580028,94.08904924277502,0,60,1.0,6,0.3903305704182357
8.395,0.13804539501007884,97.97153364558193,0,60,1.0,6,0.48168314460192774
8.4,0.15654895051787066,102.10159121830677,0,60,1.0,6,0.5788609698425121
8.405,0.17613378141900526,106.29144711748273,0,60,1.0,6,0.6774458145290054
8.41,0.19660720058055794,110.31382182199403,0,60,1.0,6,0.7720899252233888
8.415,0.21773108748496234,113.92095766616347,0,60,1.0,6,0.8569637097920817
8.42,0.23922453870058807,116.86941633089845,0,60,1.0,6,0.9263392077858458
8.425,0.2607685857914563,118.94734075580467,0,60,1.0,6,0.9752315471954041
8.43,0.2820129681603682,120.0,0,60,1.0,6,1.0
8.435,0.30258482867153996,119.94936806517826,0,60,1.0,7,0.9988086603571356
8.44,0.3220990771751686,118.80431883209974,0,60,1.0,7,0.9718663254611704
8.445,0.3401700499968971,116.65961054384493,0,60,1.0,7,0.9214026010316455
8.45,0.3564239911198326,113.6838413525704,0,60,1.0,7,0.8513845024134211
8.455,0.3705118017738417,110.09852371838782,0,60,1.0,7,0.7670240874914782
8.46,0.3821214567925213,106.15190294941635,0,60,1.0,7,0.6741624223392083
8.465,0.39098947374066967,102.09182171295444,0,60,1.0,7,0.5786310991283398
8.47,0.3969108472035567,98.14171008969322,0,60,1.0,7,0.48568729622807577
8.475,0.3997469255491936,94.48278858522536,0,60,1.0,7,0.39959502553471443
8.48,0.3994308076379137,91.24411073570738,0,60,1.0,7,0.32339084084017367
8.485,0.3959699661768434,88.50051791606685,0,60,1.0,7,0.2588357156721613
8.49,0.38944595408114946,86.27727400892925,0,60,1.0,7,0.20652409432774715
8.495,0.38001120995358023,84.55931872476093,0,60,1.0,7,0.1661016170531983
8.5,0.3678831374098315,83.3028005744429,0,60,1.0,7,0.13653648410453878
8.505,0.35333577933796634,82.44675842842192,0,60,1.0,7,0.1163943159628686
8.51,0.33668953221163944,81.9233555217599,0,60,1.0,7,0.10407895345317417
8.515,0.3182994390982644,81.6657405782961,0,60,1.0,7,0.09801742537167282
8.52,0.29854265738230645,81.61324823680155,0,60,1.0,7,0.0967823114541542
8.525,0.2778057157821067,81.71414190823803,0,60,1.0,7,0.09915628019383609
8.53,0.2564721553719815,81.92639917335062,0,60,1.0,7,0.10415056878472041
8.535,0.23491109433464996,82.21715152529522,0,60,1.0,7,0.1109918005951817
8.54,0.21346717185309805,82.56136080468661,0,60,1.0,7,0.11909084246321447
8.545,0.19245222055656455,82.94020128362216,0,60,1.0,7,0.12800473608522728
8.55,0.17213889801761392,83.33947177339249,0,60,1.0,7,0.13739933584452915
8.555,0.15275638501270183,83.74822470521731,0,60,1.0,7,0.14701705188746614
8.56,0.13448814019607322,84.1576901961562,0,60,1.0,7,0.1566515340272046
8.565,0.11747159495449566,84.56049942906901,0,60,1.0,7,0.16612939833103557
8.57,0.10179958433370105,84.95017025612171,0,60,1.0,7,0.17529812367345196
8.575,0.08752324394101413,85.32080099438407,0,60,1.0,7,0.18401884692668405
8.58,0.07465606047174059,85.66691715781909,0,60,1.0,7,0.19216275665456672
8.585,0.0631787448609295,85.98342289070791,0,60,1.0,7,0.19960995036959797
8.59,0.05304460019959574,86.26561884786955,0,60,1.0,7,0.20624985524398934
8.595,0.044185078305849994,86.50925808244908,0,60,1.0,7,0.21198254311644893
8.6,0.03651525513023255,86.71061970560895,0,60,1.0,7,0.21672046366138703
8.605,0.0299390014708757,86.86658630913784,0,60,1.0,7,0.22039026609736104
8.61,0.024353677220580638,86.97471559675341,0,60,1.0,7,0.22293448462949206
8.615,0.01965423034339045,87.03329977142683,0,60,1.0,7,0.22431293579827827
8.62,0.015736632374757337,87.04140840180983,0,60,1.0,7,0.2245037271014078
8.625,0.012500627640593535,86.99891208474476,0,60,1.0,7,0.2235038137587002
8.63,0.009851811652115898,86.90648547061232,0,60,1.0,7,0.22132906989676057
8.635,0.007703084175428559,86.76558926724239,0,60,1.0,7,0.21801386511158566
8.64,0.005975544002062424,86.5784317591195,0,60,1.0,7,0.2136101590381058
8.645,0.004598905818663047,86.34791119812435,0,60,1.0,7,0.20818614583822
8.65,0.0035115256454839104,86.07754113966531,0,60,1.0,7,0.20182449740388975
8.655,0.002660121266303676,85.77136140052126,0,60,1.0,7,0.19462026824755901
8.66,0.0019992692560877024,85.43383778522907,0,60,1.0,7,0.18667853612303703
8.665,0.0014907520044639367,85.06975405182008,0,60,1.0,7,0.1781118600428255
8.67,0.0011028178277539807,84.68409975610096,0,60,1.0,7,0.16903764132002266
8.675,0.0008094059938923333,84.2819576246531,0,60,1.0,7,0.15957547352124948
8.68,0.0005893771793717645,83.86839396614698,0,60,1.0,7,0.14984456390934076
8.685,0.0004257792353490551,83.44835535165316,0,60,1.0,7,0.13996130239183913
8.69,0.0003051686392901525,83.02657439701731,0,60,1.0,7,0.13003704463570148
8.695,0.00021699992642659966,82.6074869887465,0,60,1.0,7,0.12017616444109415
8.7,0.00015308884054097838,82.19516273734413,0,60,1.0,7,0.11047441734927374
8.705,0.00010714989329311098,81.7932498483948,0,60,1.0,7,0.1010176434916422
8.71,7.440535854020571e-05,81.40493500158567,0,60,1.0,7,0.09188082356672166
8.715,5.1260276743925106e-05,81.03291824914021,0,60,1.0,7,0.08312748821506374
8.72,3.503659887882241e-05,80.6794024125245,0,60,1.0,7,0.07480946852998814
8.725,2.375894748103639e-05,80.34609599014749,0,60,1.0,7,0.06696696447405857
8.73,1.5984413869232557e-05,80.03422820440662,0,60,1.0,7,0.05962889892721451
8.735,1.0669166579899869e-05,79.74457452363798,0,60,1.0,7,0.05281351820324657
8.74,7.06526633560511e-06,79.4774907976045,0,60,1.0,7,0.04652919523775301
8.745,4.641847214699205e-06,79.23295404316598,0,60,1.0,7,0.04077538925096412
8.75,3.025641074479182e-06,79.01060790415472,0,60,1.0,7,0.035543715391875876
8.755,1.9566278676921314e-06,78.80981087682954,0,60,1.0,7,0.030819079454812815
8.76,1.2553456560008793e-06,78.62968552729907,0,60,1.0,7,0.0265808359364488
8.765,7.990660428214668e-07,78.4691671158064,0,60,1.0,7,0.022803932136621168
8.77,5.046221251618276e-07,78.32705026967079,0,60,1.0,7,0.01946000634519511
8.775,3.1616527078858815e-07,78.2020325969465,0,60,1.0,7,0.01651841404579988
8.78,1.9652884407760343e-07,78.0927543922857,0,60,1.0,7,0.013947162171428197
8.785,1.2120002189836396e-07,77.99783384238104,0,60,1.0,7,0.011713737467789209
8.79,7.415549848886236e-08,77.91589737998032,0,60,1.0,7,0.009785820705419343
8.795,4.501406988770349e-08,77.84560505434425,0,60,1.0,7,0.008131883631629347
8.8,0.0,77.78567097606587,0,60,1.0,7,0.006721670025079367
8.805,0.0,77.73487905164139,0,60,1.0,7,0.0055265659209737805
8.81,0.0,77.69209434649721,0,60,1.0,7,0.004519866976405036
8.815,0.0,77.65627050466959,0,60,1.0,7,0.0036769530510492344
8.82,0.0,77.62645371089663,0,60,1.0,7,0.0029753814328618024
8.825,0.0,77.60178370962433,0,60,1.0,7,0.0023949108146900794
8.83,0.0,77.58149239927823,0,60,1.0,7,0.0019174682183113552
8.835,0.0,77.5649005035173,0,60,1.0,7,0.001527070670995138
8.84,0.0,77.55141278863067,0,60,1.0,7,0.001209712673662847
8.845,0.0,77.5405122522104,0,60,1.0,7,0.0009532294637742379
8.85,0.0,77.53175365686594,0,60,1.0,7,0.0007471448674339974
8.855,0.0,77.5247567276939,0,60,1.0,7,0.0005825112398564242
8.86,0.0,77.51919927656837,0,60,1.0,7,0.0004517476839616981
8.865,0.0,77.51481046255032,0,60,1.0,7,0.0003484814717721212
8.87,0.0,77.51136434769356,0,60,1.0,7,0.0002673964163190088
8.875,0.0,77.50867386254117,0,60,1.0,7,0.00020409088332170916
8.88,0.0,77.50658525642717,0,60,1.0,7,0.0001549472100511112
8.885,0.0,77.50497307465665,0,60,1.0,7,0.00011701352133286491
8.89,0.0,77.50373567769842,0,60,1.0,7,8.78982987862454e-05
8.895,0.0,77.50279129638474,0,60,1.0,7,6.567756199394674e-05
8.9,0.0,77.50207460126839,0,60,1.0,7,4.88141474915317e-05
8.905,0.0,77.50153375311476,0,60,1.0,7,3.608830858250739e-05
8.91,0.0,77.50112789431837,0,60,1.0,7,2.653868984406044e-05
8.915,0.0,77.50082503712781,0,60,1.0,7,1.9412638301432976e-05
8.92,0.0,77.50060030327039,0,60,1.0,7,1.4124782832676133e-05
8.925,0.0,77.50043447026465,0,60,1.0,7,1.022282975648469e-05
8.93,0.0,77.50031278184728,0,60,1.0,7,7.35957287728899e-06
8.935,0.0,77.50022398305025,0,60,1.0,7,5.270189417588507e-06
8.94,0.0,77.50015954415629,0,60,1.0,7,3.753980147995903e-06
8.945,0.0,77.50011304172635,0,60,1.0,7,2.659805325907548e-06
8.95,0.0,77.50007966889501,0,60,1.0,7,1.8745622355709203e-06
8.955,0.0,77.50005585099808,0,60,1.0,7,1.3141411313079194e-06
8.96,0.0,77.50003894621133,0,60,1.0,7,9.163814431357263e-07
8.965,0.0,77.50002701416986,0,60,1.0,7,6.356275261008276e-07
8.97,0.0,77.50001863846614,0,60,1.0,7,4.3855214458102745e-07
8.975,0.001684486749771458,77.50001279148142,0,60,1.0,7,3.00976033512972e-07
8.98,0.003097557930867117,77.50000873219956,0,60,1.0,7,2.0546351907689635e-07
8.985,0.005475106668887023,77.5000059295071,0,60,1.0,7,1.3951781404423802e-07
8.99,0.00930222931468658,77.50000400502901,0,60,1.0,7,9.42359767631227e-08
8.995,0.01519157517868857,77.50000269082139,0,60,1.0,7,6.331344446366797e-08
9.0,0.023847336626128316,77.50000179827543,0,60,1.0,7,4.231236316092477e-08
9.005,0.0359830743700859,77.5000011954177,0,60,1.0,7,2.8127475188204484e-08
9.01,0.05218887796857759,77.50000079045161,0,60,1.0,7,1.8598861368659796e-08
9.015,0.0727577001223134,77.50000051990384,0,60,1.0,7,1.2233031424436965e-08
9.02,0.0974992498694751,77.50000034014406,0,60,1.0,7,8.003389532806229e-09
9.025,0.12558706050443358,77.50000022135784,0,60,1.0,7,5.208419692922582e-09
9.03,0.15549263588878245,77.50000014329103,0,60,1.0,7,3.3715537028911058e-09
9.035,0.1850529723539114,77.50000009226464,0,60,1.0,7,2.170932756438132e-09
9.04,0.21169159439317053,77.50000005909403,0,60,1.0,7,1.3904478718733812e-09
9.045,0.23277292922115492,77.5000000376482,0,60,1.0,7,8.858401489466333e-10
9.05,0.24602692519491282,77.50000002385815,0,60,1.0,7,5.613682172706296e-10
9.055,0.24995056064839283,77.50000001503909,0,60,1.0,7,3.538609823461978e-10
9.06,0.24408826520424054,77.50000000942971,0,60,1.0,7,2.2187557934718345e-10
9.065,0.22911894216865275,77.50000000588122,0,60,1.0,7,1.3838162511306377e-10
9.07,0.20672661788705934,77.50000000364862,0,60,1.0,7,8.58499467593741e-11
9.075,0.17928878030241233,77.50000000225155,0,60,1.0,7,5.297773200522095e-11
9.08,0.14946211903866036,77.50000000138206,0,60,1.0,7,3.25191168111119e-11
9.085,0.1197651512573837,77.50000000084385,0,60,1.0,7,1.985540620808024e-11
9.09,0.09224675744988023,77.5000000005125,0,60,1.0,7,1.2058829751742238e-11
9.095,0.06829565320281596,77.50000000030961,0,60,1.0,7,7.28498568659073e-12
9.1,0.04860224607515734,77.50000000018605,0,60,1.0,7,4.377611998386462e-12
9.105,0.03324612389699793,77.50000000011121,0,60,1.0,7,2.6168035059099033e-12
9.11,0.021859876340472782,77.50000000006612,0,60,1.0,7,1.5558378115255276e-12
9.115,0.01381595518554205,77.50000000003911,0,60,1.0,7,9.20194639440845e-13
9.12,0.008394095110402422,77.50000000002301,0,60,1.0,7,5.413499713861657e-13
9.125,0.0049052535271608,77.50000000001346,0,60,1.0,7,3.1665128035991287e-13
9.13,0.0027671663551903634,77.50000000000783,0,60,1.0,7,1.8423955171944245e-13
9.135,0.0015425553464444616,77.50000000000453,0,60,1.0,7,1.0666500362704563e-13
9.14,0.0009638206637011801,77.50000000000261,0,60,1.0,7,6.152464159052161e-14
9.145,0.0009804935156568228,77.50000000000149,0,60,1.0,7,3.510917047285201e-14
9.15,0.0018793744894085216,77.50000000000085,0,60,1.0,7,2.0062383127344007e-14
9.155,0.004535525206900863,77.50000000000048,0,60,1.0,7,1.1368683772161604e-14
9.16,0.010832767979632273,77.50000000000027,0,60,1.0,7,6.353087990325602e-15
9.165,0.024208003392322392,77.50000000000016,0,60,1.0,7,3.678103573346401e-15
9.17,0.0500971897335304,77.50000000000009,0,60,1.0,7,2.0062383127344005e-15
9.175,0.09582894921774403,77.50000000000004,0,60,1.0,7,1.0031191563672002e-15
9.18,0.16937896721820658,77.50000000000003,0,60,1.0,7,6.687461042448002e-16
9.185,0.27661303008991756,77.50000000000001,0,60,1.0,7,3.343730521224001e-16
9.19,0.4173782800009149,77.50000000000001,0,60,1.0,7,3.343730521224001e-16
9.195,0.5818720934538056,77.5,0,60,1.0,7,0.0
9.2,0.7494718801585675,77.5,0,60,1.0,7,0.0
9.205,0.891813020752378,77.5,0,60,1.0,7,0.0
9.21,0.9800361632936612,77.5,0,60,1.0,7,0.0
9.215,0.993574479225126,77.50000248997046,1,60,1.0,7,5.8587540131745354e-08
9.22,0.9263438449375362,77.50000384762257,0,60,1.0,7,9.053229565752725e-08
9.225,0.7873015962290536,77.50000607642373,0,60,1.0,7,1.4297467600954406e-07
9.23,0.5959516244629897,77.5000099193542,0,60,1.0,7,2.3339656937584068e-07
9.235,0.376910120078773,77.50001691763335,0,60,1.0,7,3.9806196107693883e-07
9.24,0.15739335672107918,77.50003032958121,0,60,1.0,7,7.13637204880262e-07
9.245,-0.033361226269301235,77.50005706326723,0,60,1.0,7,1.3426651114112996e-06
9.25,-0.1680180840843834,77.50011163602987,0,60,1.0,7,2.6267301146109436e-06
9.255,-0.23069703190837854,77.50022405397121,0,60,1.0,7,5.271858146095516e-06
9.26,-0.22587267821131068,77.50045501243203,0,60,1.0,7,1.0706174871235335e-05
9.265,-0.17718181630665902,77.50092427728828,0,60,1.0,7,2.17477009006389e-05
9.27,-0.11494332516451301,77.50186190043328,0,60,1.0,7,4.3809421959608964e-05
9.275,-0.061810214049552864,77.5036974124983,0,60,1.0,7,8.699794113641367e-05
9.28,-0.026546104631500547,77.50720948330502,0,60,1.0,7,0.00016963490129455748
9.285,-0.00719600351942686,77.51376740494521,0,60,1.0,7,0.00032393893988736473
9.29,0.0022072757983807078,77.52570486126365,0,60,1.0,7,0.0006048202650270147
9.295,0.006917199873730717,77.54687310100944,0,60,1.0,7,0.0011028964943397355
9.3,0.01004859748264829,77.58342030040448,0,60,1.0,7,0.0019628305977525597
9.305,0.013037082251128167,77.64483019563318,0,60,1.0,7,0.0034077693090159085
9.31,0.01645163937690478,77.74521845683252,0,60,1.0,7,0.00576984604311807
9.315,0.020526639934696615,77.90482292278939,0,60,1.0,7,0.009525245242103358
9.32,0.02539629541761738,78.15153067952627,0,60,1.0,7,0.015330133635912341
9.325,0.031171612185577933,78.52216589770399,0,60,1.0,7,0.024050962298917296
9.33,0.03795853426638131,79.06313417566034,0,60,1.0,7,0.03677962766259618
9.335,0.0458588961882057,79.82991303787692,0,60,1.0,7,0.05482148324416284
9.34,0.054966995891435555,80.88483816617295,0,60,1.0,7,0.0796432509687754
9.345,0.06536491004445595,82.29271025083777,0,60,1.0,7,0.11276965296088874
9.35,0.07711726085088699,84.1139790420912,0,60,1.0,7,0.15562303628449886
9.355,0.09026570629555215,86.39566362124735,0,60,1.0,7,0.20930973226464356
9.36,0.10482339848670268,89.16071083043977,0,60,1.0,7,0.2743696665985828
9.365,0.12076968927580028,92.39709175659418,0,60,1.0,7,0.3505198060375101
9.37,0.13804539501007884,96.04845287733258,0,60,1.0,7,0.43643418534900186
9.375,0.15654895051787066,100.00841066564702,0,60,1.0,7,0.5296096627211063
9.38,0.17613378141900526,104.12045778604747,0,60,1.0,7,0.6263637126128816
9.385,0.19660720058055794,108.18485302700304,0,60,1.0,7,0.7219965418118364
9.39,0.21773108748496234,111.9728233716453,0,60,1.0,7,0.811125255803419
9.395,0.23922453870058807,115.2470723582789,0,60,1.0,7,0.8881664084300918
9.4,0.2607685857914563,117.78623296545425,0,60,1.0,7,0.9479113638930411
9.405,0.2820129681603682,119.40984825503094,0,60,1.0,7,0.9861140765889632
9.41,0.30258482867153996,120.0,0,60,1.0,7,1.0
9.415,0.3220990771751686,119.5160061135284,0,60,1.0,7,0.9886119085536096
9.42,0.3401700499968971,117.99966259133913,0,60,1.0,7,0.9529332374432736
9.425,0.3564239911198326,115.57011308967998,0,60,1.0,7,0.8957673668159994
9.43,0.3705118017738417,112.40924080138602,0,60,1.0,7,0.8213939012090828
9.435,0.3821214567925213,108.74008947923315,0,60,1.0,7,0.7350609289231329
9.44,0.39098947374066967,104.80188363205593,0,60,1.0,7,0.6423972619307279
9.445,0.3969108472035567,100.82552814904717,0,60,1.0,7,0.5488359564481687
9.45,0.3997469255491936,97.0130132410624,0,60,1.0,7,0.45912972331911517
9.455,0.3994308076379137,93.5231013335713,0,60,1.0,7,0.37701414902520713
9.46,0.3959699661768434,90.4643185404905,0,60,1.0,7,0.30504278918801164
9.465,0.38944595408114946,87.89493732644314,0,60,1.0,7,0.24458676062219156
9.47,0.38001120995358023,85.82858881956196,0,60,1.0,7,0.19596679575439901
9.475,0.3678831374098315,84.24354173369385,0,60,1.0,7,0.15867157020456107
9.48,0.35333577933796634,83.09355905991723,0,60,1.0,7,0.13161315435099355
9.485,0.33668953221163944,82.31851219968635,0,60,1.0,7,0.11337675763967889
9.49,0.3182994390982644,81.8534471763782,0,60,1.0,7,0.10243405120889874
9.495,0.29854265738230645,81.63539558810754,0,60,1.0,7,0.0973034256025304
9.5,0.2778057157821067,81.60776725230997,0,60,1.0,7,0.09665334711317575
9.505,0.2564721553719815,81.7225659161887,0,60,1.0,7,0.09935449214561645
9.51,0.23491109433464996,81.94090307100727,0,60,1.0,7,0.10449183696487693
9.515,0.21346717185309805,82.23236173414895,0,60,1.0,7,0.1113496878623283
9.52,0.19245222055656455,82.5737228448738,0,60,1.0,7,0.11938171399703057
9.525,0.17213889801761392,82.94746101237237,0,60,1.0,7,0.1281755532322911
9.53,0.15275638501270183,83.34028784104275,0,60,1.0,7,0.13741853743630003
9.535,0.13448814019607322,83.74190129408117,0,60,1.0,7,0.14686826574308645
9.54,0.11747159495449566,84.14400555542274,0,60,1.0,7,0.156329542480535
9.545,0.10179958433370105,84.53960260488017,0,60,1.0,7,0.1656377083501217
9.55,0.08752324394101413,84.9225212845037,0,60,1.0,7,0.17464755963538123
9.555,0.07465606047174059,85.28713521594845,0,60,1.0,7,0.18322671096349302
9.56,0.0631787448609295,85.62822001971128,0,60,1.0,7,0.19125223575791245
9.565,0.05304460019959574,85.94090650370732,0,60,1.0,7,0.19860956479311354
9.57,0.044185078305849994,86.22069530027292,0,60,1.0,7,0.20519283059465698
9.575,0.03651525513023255,86.46350713588414,0,60,1.0,7,0.2109060502560975
9.58,0.0299390014708757,86.66575024332924,0,60,1.0,7,0.21566471160774686
9.585,0.024353677220580638,86.82439202975053,0,60,1.0,7,0.2193974595235418
9.59,0.01965423034339045,86.93702615390892,0,60,1.0,7,0.22204767420962157
9.595,0.015736632374757337,87.00192899594394,0,60,1.0,7,0.22357479990456333
9.6,0.012500627640593535,87.0181014934289,0,60,1.0,7,0.22395532925715061
9.605,0.009851811652115898,86.98529377288109,0,60,1.0,7,0.22318338289131984
9.61,0.007703084175428559,86.90401114067697,0,60,1.0,7,0.2212708503688699
9.615,0.005975544002062424,86.77550094420542,0,60,1.0,7,0.2182470810401275
9.62,0.004598905818663047,86.60172064316458,0,60,1.0,7,0.21415813278034312
9.625,0.0035115256454839104,86.38528817010885,0,60,1.0,7,0.2090656040025612
9.63,0.002660121266303676,86.12941631144672,0,60,1.0,7,0.20304508968109924
9.635,0.0019992692560877024,85.8378333951069,0,60,1.0,7,0.19618431517898585
9.64,0.0014907520044639367,85.5146930147361,0,60,1.0,8,0.18858101211143755
9.645,0.0011028178277539807,85.16447583928647,0,60,1.0,8,0.180340607983211
9.65,0.0008094059938923333,84.79188674208152,0,60,1.0,8,0.17157380569603567
9.655,0.0005893771793717645,84.40175053163802,0,60,1.0,8,0.1623941301561886
9.66,0.0004257792353490551,83.99890948084484,0,60,1.0,8,0.15291551719634927
9.665,0.0003051686392901525,83.58812564108673,0,60,1.0,8,0.14325001508439372
9.67,0.00021699992642659966,83.17399060876907,0,60,1.0,8,0.13350566138280173
9.675,0.00015308884054097838,82.76084500333593,0,60,1.0,8,0.1237845883137866
9.68,0.00010714989329311098,82.35270944151372,0,60,1.0,8,0.11418139862385233
9.685,7.440535854020571e-05,81.95322827731624,0,60,1.0,8,0.1047818418192057
9.69,5.1260276743925106e-05,81.5656268469004,0,60,1.0,8,0.09566180816236236
9.695,3.503659887882241e-05,81.19268243627361,0,60,1.0,8,0.08688664555937915
9.7,2.375894748103639e-05,80.83670870048552,0,60,1.0,8,0.07851079295260038
9.705,1.5984413869232557e-05,80.49955282436576,0,60,1.0,8,0.07057771351448858
9.71,1.0669166579899869e-05,80.18260434212327,0,60,1.0,8,0.06312010216760634
9.715,7.06526633560511e-06,79.88681423671093,0,60,1.0,8,0.05616033498143371
9.72,4.641847214699205e-06,79.61272272561617,0,60,1.0,8,0.049711122955674494
9.725,3.025641074479182e-06,79.3604940089418,0,60,1.0,8,0.043776329622159986
9.73,1.9566278676921314e-06,79.12995620540356,0,60,1.0,8,0.03835191071537786
9.735,1.2553456560008793e-06,78.92064472570667,0,60,1.0,8,0.03342693472250978
9.74,7.990660428214668e-07,78.73184742133546,0,60,1.0,8,0.028984645207893154
9.745,5.046221251618276e-07,78.56264998870968,0,60,1.0,8,0.025003529146110114
9.75,3.1616527078858815e-07,78.41198029133812,0,60,1.0,8,0.021458359796191175
9.755,1.9652884407760343e-07,78.27865047304697,0,60,1.0,8,0.018321187601105078
9.76,1.2120002189836396e-07,78.16139596092438,0,60,1.0,8,0.015562257904103075
9.765,7.415549848886236e-08,78.05891068560801,0,60,1.0,8,0.013150839661364992
9.77,4.501406988770349e-08,77.96987806868721,0,60,1.0,8,0.011055954557346079
9.775,0.0,77.89299753381259,0,60,1.0,8,0.009247000795590352
9.78,0.0,77.8270064830745,0,60,1.0,8,0.007694270189988201
9.785,0.0,77.77069783881038,0,60,1.0,8,0.00636936091318536
9.79,0.0,77.72293338065182,0,60,1.0,8,0.005245491309454685
9.795,0.0,77.6826532075086,0,60,1.0,8,0.004297722529613967
9.8,0.0,77.64888172502401,0,60,1.0,8,0.0035030994123296886
9.805,0.0,77.62073060277085,0,60,1.0,8,0.0028407200651964317
9.81,0.0,77.59739916496626,0,60,1.0,8,0.002291745058029699
9.815,0.0,77.57817267726432,0,60,1.0,8,0.0018393571121016388
9.82,0.0,77.56241897406092,0,60,1.0,8,0.0014686817426098407
9.825,0.0,77.54958383962341,0,60,1.0,8,0.0011666785793743337
9.83,0.0,77.53918551600158,0,60,1.0,8,0.0009220121412136665
9.835,0.0,77.53080866455502,0,60,1.0,8,0.000724909754235876
9.84,0.0,77.52409805909379,0,60,1.0,8,0.0005670131551479538
9.845,0.0,77.51875223963577,0,60,1.0,8,0.0004412291679005541
9.85,0.0,77.51451730867906,0,60,1.0,8,0.0003415837336249564
9.855,0.0,77.51118100820227,0,60,1.0,8,0.00026308254593579797
9.86,0.0,77.50856717638953,0,60,1.0,8,0.000201580620930198
9.865,0.0,77.506530648948,0,60,1.0,8,0.0001536623281882545
9.87,0.0,77.50495264109921,0,60,1.0,8,0.00011653273174608651
9.875,0.0,77.50373662283334,0,60,1.0,8,8.792053725515228e-05
9.88,0.0,77.50280468154695,0,60,1.0,8,6.599250698701219e-05
9.885,0.0,77.50209435230339,0,60,1.0,8,4.927887772677262e-05
9.89,0.0,77.50155588612591,0,60,1.0,8,3.660908531561718e-05
9.895,0.0,77.50114992036497,0,60,1.0,8,2.705694976391308e-05
9.9,0.0,77.50084551167804,0,60,1.0,8,1.989439242439563e-05
9.905,0.0,77.50061849094135,0,60,1.0,8,1.4552728031744396e-05
9.91,0.0,77.50045009994905,0,60,1.0,8,1.0590587036444156e-05
9.915,0.0,77.5003258715694,0,60,1.0,8,7.667566338862825e-06
9.92,0.0,77.50023471771487,0,60,1.0,8,5.522769761763116e-06
9.925,0.0,77.50016819270388,0,60,1.0,8,3.95747538545145e-06
9.93,0.0,77.50011990307587,0,60,1.0,8,2.8212488439962992e-06
9.935,0.0,77.50008503845943,0,60,1.0,8,2.0009049278007082e-06
9.94,0.0,77.5000600015309,0,60,1.0,8,1.4118007270018793e-06
9.945,0.0,77.50004211833227,0,60,1.0,8,9.910195829246839e-07
9.95,0.0,77.50002941317382,0,60,1.0,8,6.920746781200732e-07
9.955,0.0,77.50002043499333,0,60,1.0,8,4.80823372500334e-07
9.96,0.0,77.50001412436717,0,60,1.0,8,3.3233805103972213e-07
9.965,0.001684486749771458,77.50000971237372,0,60,1.0,8,2.2852644058409221e-07
9.97,0.003097557930867117,77.50000664421472,0,60,1.0,8,1.5633446403572795e-07
9.975,0.005475106668887023,77.50000452192985,0,60,1.0,8,1.0639834947730432e-07
9.98,0.00930222931468658,77.50000306172282,0,60,1.0,8,7.204053698681973e-08
9.985,0.01519157517868857,77.50000206238532,0,60,1.0,8,4.8526713418836795e-08
9.99,0.023847336626128316,77.5000013820878,0,60,1.0,8,3.2519712998263834e-08
9.995,0.0359830743700859,77.50000092143212,0,60,1.0,8,2.1680755721450518e-08
10.0,0.05218887796857759,77.50000061115722,0,60,1.0,8,1.4380169860113015e-08
10.005,0.0727577001223134,77.50000040327791,0,60,1.0,8,9.48889197281781e-09
10.01,0.0974992498694751,77.50000026473893,0,60,1.0,8,6.229151281064225e-09
10.015,0.12558706050443358,77.50000017289923,0,60,1.0,8,4.068217282003709e-09
10.02,0.15549263588878245,77.50000011233891,0,60,1.0,8,2.643268464239287e-09
10.025,0.1850529723539114,77.50000007261549,0,60,1.0,8,1.7085998184912194e-09
10.03,0.21169159439317053,77.50000004669712,0,60,1.0,8,1.0987558679891449e-09
10.035,0.23277292922115492,77.50000002987535,0,60,1.0,8,7.029494581194526e-10
10.04,0.24602692519491282,77.50000001901506,0,60,1.0,8,4.474132123612114e-10
10.045,0.24995056064839283,77.50000001204049,0,60,1.0,8,2.833055933639544e-10
10.05,0.24408826520424054,77.50000000758494,0,60,1.0,8,1.7846927595896618e-10
10.055,0.22911894216865275,77.5000000047536,0,60,1.0,8,1.1184945780020345e-10
10.06,0.20672661788705934,77.50000000296384,0,60,1.0,8,6.9737512496752e-11
10.065,0.17928878030241233,77.50000000183844,0,60,1.0,8,4.325750738002278e-11
10.07,0.14946211903866036,77.5000000011345,0,60,1.0,8,2.6694003870087567e-11
10.075,0.1197651512573837,77.5000000006965,0,60,1.0,8,1.6388292030623073e-11
10.08,0.09224675744988023,77.5000000004254,0,60,1.0,8,1.0009457315284047e-11
10.085,0.06829565320281596,77.5000000002585,0,60,1.0,8,6.0822458181064576e-12
10.09,0.04860224607515734,77.50000000015626,0,60,1.0,8,3.676766081137912e-12
10.095,0.03324612389699793,77.50000000009398,0,60,1.0,8,2.2112089936854317e-12
10.1,0.021859876340472782,77.50000000005623,0,60,1.0,8,1.3231141672483372e-12
10.105,0.01381595518554205,77.50000000003347,0,60,1.0,8,7.874485377482522e-13
10.11,0.008394095110402422,77.50000000001982,0,60,1.0,8,4.664504077107481e-13
10.115,0.0049052535271608,77.50000000001168,0,60,1.0,8,2.7485464884461285e-13
10.12,0.0027671663551903634,77.50000000000685,0,60,1.0,8,1.6116781112299685e-13
10.125,0.0015425553464444616,77.500000000004,0,60,1.0,8,9.395882764639442e-14
10.13,0.0009638206637011801,77.50000000000232,0,60,1.0,8,5.4502807495951216e-14
10.135,0.0009804935156568228,77.50000000000134,0,60,1.0,8,3.143106689950561e-14
10.14,0.0018793744894085216,77.50000000000077,0,60,1.0,8,1.8056144814609604e-14
10.145,0.004535525206900863,77.50000000000044,0,60,1.0,8,1.0365564615794402e-14
10.15,0.010832767979632273,77.50000000000024,0,60,1.0,8,5.684341886080802e-15
10.155,0.024208003392322392,77.50000000000014,0,60,1.0,8,3.343730521224001e-15
10.16,0.0500971897335304,77.50000000000009,0,60,1.0,8,2.0062383127344005e-15
10.165,0.09582894921774403,77.50000000000004,0,60,1.0,8,1.0031191563672002e-15
10.17,0.16937896721820658,77.50000000000003,0,60,1.0,8,6.687461042448002e-16
10.175,0.27661303008991756,77.50000000000001,0,60,1.0,8,3.343730521224001e-16
10.18,0.4173782800009149,77.5,0,60,1.0,8,0.0
10.185,0.5818720934538056,77.5,0,60,1.0,8,0.0
10.19,0.7494718801585675,77.5,0,60,1.0,8,0.0
10.195,0.891813020752378,77.5,0,60,1.0,8,0.0
10.2,0.9800361632936612,77.5,0,60,1.0,8,0.0
10.205,0.993574479225126,77.50000249005134,1,60,1.0,8,5.8589443383158035e-08
10.21,0.9263438449375362,77.50000394038275,0,60,1.0,8,9.271488833666595e-08
10.215,0.7873015962290536,77.50000639218067,0,60,1.0,8,1.504042509569605e-07
10.22,0.5959516244629897,77.50001077235028,0,60,1.0,8,2.534670653965483e-07
10.225,0.376910120078773,77.50001908666758,0,60,1.0,8,4.490980606586912e-07
10.23,0.15739335672107918,77.5000357548629,0,60,1.0,8,8.412908919260243e-07
10.235,-0.033361226269301235,77.5000705175213,0,60,1.0,8,1.659235795159475e-06
10.24,-0.1680180840843834,77.5001445789881,0,60,1.0,8,3.401858543504525e-06
10.245,-0.23069703190837854,77.5003031686916,0,60,1.0,8,7.133380978864486e-06
10.25,-0.22587267821131068,77.5006403428687,0,60,1.0,8,1.5066891028388508e-05
10.255,-0.17718181630665902,77.50134618528463,0,60,1.0,8,3.167494787369244e-05
10.26,-0.11494332516451301,77.50279324668047,0,60,1.0,8,6.572345130514216e-05
10.265,-0.061810214049552864,77.5056885995389,0,60,1.0,8,0.0001338494009152836
10.27,-0.026546104631500547,77.51133023532057,0,60,1.0,8,0.00026659377224873157
10.275,-0.00719600351942686,77.52202043086514,0,60,1.0,8,0.0005181277850621267
10.28,0.0022072757983807078,77.54170079619027,0,60,1.0,8,0.000981195204476936
10.285,0.006917199873730717,77.57687766493112,0,60,1.0,8,0.0018088862336733602
10.29,0.01004859748264829,77.63789263572853,0,60,1.0,8,0.003244532605377264
10.295,0.013037082251128167,77.74054920623045,0,60,1.0,8,0.0056599813230695205
10.3,0.01645163937690478,77.90802055981457,0,60,1.0,8,0.009600483760342914
10.305,0.020526639934696615,78.17282908364092,0,60,1.0,8,0.015831272556256944
10.31,0.02539629541761738,78.57851124527741,0,60,1.0,8,0.025376735182997916
10.315,0.031171612185577933,79.1803885212917,0,60,1.0,8,0.03953855344215774
10.32,0.03795853426638131,80.0447076348371,0,60,1.0,8,0.059875473760872835
10.325,0.0458588961882057,81.24536512508388,0,60,1.0,8,0.08812623823726774
10.33,0.054966995891435555,82.85757412646959,0,60,1.0,8,0.12606056768163731
10.335,0.06536491004445595,84.94822898129785,0,60,1.0,8,0.17525244661877282
10.34,0.07711726085088699,87.56338750820743,0,60,1.0,8,0.23678558842841005
10.345,0.09026570629555215,90.7141492895029,0,60,1.0,8,0.3109211597530094
10.35,0.10482339848670268,94.3630917299998,0,60,1.0,8,0.39677862894117166
10.355,0.12076968927580028,98.41408530862822,0,60,1.0,8,0.4920961249088992
10.36,0.13804539501007884,102.70847428298099,0,60,1.0,8,0.5931405713642585
10.365,0.15654895051787066,107.03007195676986,0,60,1.0,8,0.694825222512232
10.37,0.17613378141900526,111.12012910549245,0,60,1.0,8,0.7910618613057048
10.375,0.19660720058055794,114.70155663171694,0,60,1.0,8,0.8753307442756927
10.38,0.21773108748496234,117.50960206611181,0,60,1.0,8,0.941402401555572
10.385,0.23922453870058807,119.32441468611549,0,60,1.0,8,0.9841038749674232
10.39,0.2607685857914563,120.0,0,60,1.0,8,1.0
10.395,0.2820129681603682,119.48430356356428,0,60,1.0,8,0.9878659662015126
10.4,0.30258482867153996,117.826618813132,0,60,1.0,8,0.9488616191325177
10.405,0.3220990771751686,115.17088635739287,0,60,1.0,8,0.8863737966445382
10.41,0.3401700499968971,111.73617728815637,0,60,1.0,8,0.8055571126625028
10.415,0.3564239911198326,107.78805988304259,0,60,1.0,8,0.7126602325421787
10.42,0.3705118017738417,103.60606181643028,0,60,1.0,8,0.6142602780336537
10.425,0.3821214567925213,99.45274455247792,0,60,1.0,8,0.5165351659406571
10.43,0.39098947374066967,95.54902758884025,0,60,1.0,8,0.42468300209035875
10.435,0.3969108472035567,92.05866703799698,0,60,1.0,8,0.342556871482282
10.44,0.3997469255491936,89.08271495386987,0,60,1.0,8,0.2725344695028204
10.445,0.3994308076379137,86.66288698908318,0,60,1.0,8,0.21559734091960414
10.45,0.3959699661768434,84.7914392365105,0,60,1.0,8,0.1715632761531882
10.455,0.38944595408114946,83.42457875378753,0,60,1.0,8,0.1394018530302948
10.46,0.38001120995358023,82.49656511278434,0,60,1.0,8,0.11756623794786679
10.465,0.3678831374098315,81.93230111406058,0,60,1.0,8,0.10428943797789597
10.47,0.35333577933796634,81.65708944599176,0,60,1.0,8,0.09781386931745313
10.475,0.33668953221163944,81.60309706988252,0,60,1.0,8,0.09654346046782407
10.48,0.3182994390982644,81.71274607711119,0,60,1.0,8,0.09912343710849862
10.485,0.29854265738230645,81.93966161579142,0,60,1.0,8,0.10446262625391582
10.49,0.2778057157821067,82.2479621143257,0,60,1.0,8,0.11171675563119299
10.495,0.2564721553719815,82.6106363930207,0,60,1.0,8,0.12025026807107525
10.5,0.23491109433464996,83.00759804884157,0,60,1.0,8,0.12959054232568407
10.505,0.21346717185309805,83.42381432070776,0,60,1.0,8,0.1393838663695944
10.51,0.19245222055656455,83.84772730242526,0,60,1.0,8,0.14935828946882954
10.515,0.17213889801761392,84.2700476135659,0,60,1.0,8,0.1592952379662563
10.52,0.15275638501270183,84.68291151017121,0,60,1.0,8,0.16900968259226373
10.525,0.13448814019607322,85.07934584035235,0,60,1.0,8,0.17833754918476108
10.53,0.11747159495449566,85.45296939810551,0,60,1.0,8,0.18712869172012964
10.535,0.10179958433370105,85.79786185623578,0,60,1.0,8,0.19524380838201844
10.54,0.08752324394101413,86.10854277553481,0,60,1.0,8,0.2025539476596427
10.545,0.07465606047174059,86.38001673381514,0,60,1.0,8,0.20894157020741505
10.55,0.0631787448609295,86.60785292524119,0,60,1.0,8,0.21430242177038095
10.555,0.05304460019959574,86.78827731415377,0,60,1.0,8,0.21854770150950056
10.56,0.044185078305849994,86.91826250749796,0,60,1.0,8,0.22160617664701074
10.565,0.03651525513023255,86.99560542459125,0,60,1.0,8,0.22342600999038228
10.57,0.0299390014708757,87.0189862207937,0,60,1.0,8,0.22397614637161664
10.575,0.024353677220580638,86.98800431460441,0,60,1.0,8,0.22324716034363318
10.58,0.01965423034339045,86.90318917628503,0,60,1.0,8,0.22125151003023588
10.585,0.015736632374757337,86.76598501082319,0,60,1.0,8,0.21802317672525146
10.59,0.012500627640593535,86.57870974203561,0,60,1.0,8,0.21361669981260267
10.595,0.009851811652115898,86.34448983173559,0,60,1.0,8,0.20810564309966087
10.6,0.007703084175428559,86.06717345510422,0,60,1.0,8,0.20158055188480528
10.605,0.005975544002062424,85.75122538441936,0,60,1.0,8,0.19414647963339662
10.61,0.004598905818663047,85.40160758432508,0,60,1.0,8,0.1859201784547077
10.615,0.0035115256454839104,85.02364997133708,0,60,1.0,8,0.17702705814910774
10.62,0.002660121266303676,84.62291602458168,0,60,1.0,8,0.16759802410780433
10.625,0.0019992692560877024,84.20506795077087,0,60,1.0,8,0.15776630472402042
10.63,0.0014907520044639367,83.77573591248671,0,60,1.0,8,0.147664374411452
10.635,0.0011028178277539807,83.34039544429893,0,60,1.0,8,0.137421069277622
10.64,0.0008094059938923333,82.90425663486596,0,60,1.0,8,0.1271589796439049
10.645,0.0005893771793717645,82.47216798110777,0,60,1.0,8,0.11699218779077114
10.65,0.0004257792353490551,82.04853706370281,0,60,1.0,8,0.10702440149888964
10.655,0.0003051686392901525,81.63726939449548,0,60,1.0,8,0.09734751516459944
10.66,0.00021699992642659966,81.2417259881692,0,60,1.0,8,0.08804061148633396
10.665,0.00015308884054097838,80.8646994518398,0,60,1.0,8,0.07916939886681876
10.67,0.00010714989329311098,80.50840770089148,0,60,1.0,8,0.0707860635503878
10.675,7.440535854020571e-05,80.17450382440545,0,60,1.0,8,0.06292950175071643
10.68,5.1260276743925106e-05,79.86410015805667,0,60,1.0,8,0.055625886071921704
10.685,3.503659887882241e-05,79.57780428725738,0,60,1.0,8,0.0488895126413501
10.69,2.375894748103639e-05,79.31576450138492,0,60,1.0,8,0.04272387062082163
10.695,1.5984413869232557e-05,79.07772214650204,0,60,1.0,8,0.037122874035342125
10.7,1.0669166579899869e-05,78.86306836805602,0,60,1.0,8,0.03207219689543576
10.705,7.06526633560511e-06,78.6709028806394,0,60,1.0,8,0.027550656015044778
10.71,4.641847214699205e-06,78.5000926295495,0,60,1.0,8,0.023531591283517627
10.715,3.025641074479182e-06,78.34932849723454,0,60,1.0,8,0.0199841999349303
10.72,1.9566278676921314e-06,78.21717853497664,0,60,1.0,8,0.01687478905827387
10.725,1.2553456560008793e-06,78.10213654545474,0,60,1.0,8,0.014167918716582134
10.73,7.990660428214668e-07,78.00266518625371,0,60,1.0,8,0.011827416147146068
10.735,5.046221251618276e-07,77.91723309183077,0,60,1.0,8,0.009817249219547448
10.74,3.1616527078858815e-07,77.84434580911395,0,60,1.0,8,0.008102254332092851
10.745,1.9652884407760343e-07,77.78257060052039,0,60,1.0,8,0.006648720012244399
10.75,1.2120002189836396e-07,77.73055538198753,0,60,1.0,8,0.005424832517353613
10.755,7.415549848886236e-08,77.68704223011872,0,60,1.0,8,0.0044009936498522455
10.76,4.501406988770349e-08,77.65087601213253,0,60,1.0,8,0.003550023814883014
10.765,0.0,77.62100876770332,0,60,1.0,8,0.00284726512243096
10.77,0.0,77.59650050750213,0,60,1.0,8,0.002270600176520662
10.775,0.0,77.57651709501268,0,60,1.0,8,0.001800402235592374
10.78,0.0,77.56032585238711,0,60,1.0,8,0.001419431820873155
10.785,0.0,77.547289484281,0,60,1.0,8,0.0011126937477881176
10.79,0.0,77.5368588520975,0,60,1.0,8,0.0008672671081763597
10.795,0.0,77.52856506068116,0,60,1.0,8,0.0006721190748508246
10.8,0.0,77.52201124528382,0,60,1.0,8,0.0005179116537369603
10.805,0.0,77.51686437276233,0,60,1.0,8,0.00039680877087829795
10.81,0.0,77.51284730072327,0,60,1.0,8,0.00030228942878272175
10.815,0.0,77.50973127407018,0,60,1.0,8,0.00022897115459239318
10.82,0.0,77.50732898167006,0,60,1.0,8,0.000172446627530743
10.825,0.0,77.50548824744804,0,60,1.0,8,0.00012913523407158156
10.83,0.0,77.50408639034983,0,60,1.0,8,9.615036117238293e-05
10.835,0.0,77.50302525601475,0,60,1.0,8,7.118249446474532e-05
10.84,0.0,77.50222689906738,0,60,1.0,8,5.2397625114843e-05
10.845,0.0,77.50162987782451,0,60,1.0,9,3.835006645912846e-05
10.85,0.0,77.50118611196181,0,60,1.0,9,2.7908516748579237e-05
10.855,0.0,77.50085824728407,0,60,1.0,9,2.019405374285805e-05
10.86,0.0,77.50061746921084,0,60,1.0,9,1.4528687313820816e-05
10.865,0.0,77.5004417070119,0,60,1.0,9,1.0393106162395911e-05
10.87,0.0,77.50031417338934,0,60,1.0,9,7.392315043328862e-06
10.875,0.0,77.50022218800947,0,60,1.0,9,5.227953164087333e-06
10.88,0.0,77.50015623846248,0,60,1.0,9,3.6761991171876133e-06
10.885,0.0,77.50010923741436,0,60,1.0,9,2.570292102679078e-06
10.89,0.0,77.50007594006851,0,60,1.0,9,1.7868251414738017e-06
10.895,0.0,77.50005249122094,0,60,1.0,9,1.2350875515628158e-06
10.9,0.0,77.50003607600858,0,60,1.0,9,8.488472608004325e-07
10.905,0.001684486749771458,77.50002465280872,0,60,1.0,9,5.80066087503142e-07
10.91,0.003097557930867117,77.50001675060308,0,60,1.0,9,3.9413183719047726e-07
10.915,0.005475106668887023,77.50001131646036,0,60,1.0,9,2.6626965550616765e-07
10.92,0.00930222931468658,77.50000760163272,0,60,1.0,9,1.7886194628398002e-07
10.925,0.01519157517868857,77.5000050771416,0,60,1.0,9,1.194621551589722e-07
10.93,0.023847336626128316,77.50000337169115,0,60,1.0,9,7.93339094183038e-08
10.935,0.0359830743700859,77.50000222634475,0,60,1.0,9,5.238458229809219e-08
10.94,0.05218887796857759,77.50000146168287,0,60,1.0,9,3.439253813506666e-08
10.945,0.0727577001223134,77.50000095417937,0,60,1.0,9,2.2451279298419488e-08
10.95,0.0974992498694751,77.50000061933126,0,60,1.0,9,1.4572500236574663e-08
10.955,0.12558706050443358,77.50000039969811,0,60,1.0,9,9.404661394749863e-09
10.96,0.15549263588878245,77.50000025648225,0,60,1.0,9,6.034876525304486e-09
10.965,0.1850529723539114,77.50000016364345,0,60,1.0,9,3.850434094441452e-09
10.97,0.21169159439317053,77.50000010381405,0,60,1.0,9,2.442683420239893e-09
10.975,0.23277292922115492,77.50000006548316,0,60,1.0,9,1.5407803242423516e-09
10.98,0.24602692519491282,77.5000000410695,0,60,1.0,9,9.663411299912053e-10
10.985,0.24995056064839283,77.50000002561092,0,60,1.0,9,6.026097895194065e-10
10.99,0.24408826520424054,77.50000001587988,0,60,1.0,9,3.736441639750196e-10
10.995,0.22911894216865275,77.50000000979006,0,60,1.0,9,2.3035427682985114e-10
11.0,0.20672661788705934,77.50000000600122,0,60,1.0,9,1.412050711651853e-10
11.005,0.17928878030241233,77.50000000365772,0,60,1.0,9,8.606394551273243e-11
11.01,0.14946211903866036,77.50000000221664,0,60,1.0,9,5.215617741615621e-11
11.015,0.1197651512573837,77.50000000133566,0,60,1.0,9,3.142738879593226e-11
11.02,0.09224675744988023,77.50000000080023,0,60,1.0,9,1.8828880938064472e-11
11.025,0.06829565320281596,77.5000000004767,0,60,1.0,9,1.121654403344591e-11
11.03,0.04860224607515734,77.50000000028236,0,60,1.0,9,6.643658172619967e-12
11.035,0.03324612389699793,77.5000000001663,0,60,1.0,9,3.9128334559363255e-12
11.04,0.021859876340472782,77.50000000009737,0,60,1.0,9,2.2911241531426853e-12
11.045,0.01381595518554205,77.5000000000567,0,60,1.0,9,1.3341484779683763e-12
11.05,0.008394095110402422,77.50000000003283,0,60,1.0,9,7.724017504027442e-13
11.055,0.0049052535271608,77.50000000001889,0,60,1.0,9,4.443817862706697e-13
11.06,0.0027671663551903634,77.50000000001081,0,60,1.0,9,2.5445789266514647e-13
11.065,0.0015425553464444616,77.50000000000615,0,60,1.0,9,1.4478353156899923e-13
11.07,0.0009638206637011801,77.50000000000348,0,60,1.0,9,8.192139776998802e-14
11.075,0.0009804935156568228,77.50000000000196,0,60,1.0,9,4.614348119289121e-14
11.08,0.0018793744894085216,77.5000000000011,0,60,1.0,9,2.5746725013424807e-14
11.085,0.004535525206900863,77.50000000000061,0,60,1.0,9,1.4378041241263203e-14
11.09,0.010832767979632273,77.50000000000034,0,60,1.0,9,8.024953250937602e-15
11.095,0.024208003392322392,77.50000000000018,0,60,1.0,9,4.3468496775912015e-15
11.1,0.0500971897335304,77.5000000000001,0,60,1.0,9,2.3406113648568006e-15
11.105,0.09582894921774403,77.50000000000006,0,60,1.0,9,1.3374922084896003e-15
11.11,0.16937896721820658,77.50000000000003,0,60,1.0,9,6.687461042448002e-16
11.115,0.27661303008991756,77.50000000000001,0,60,1.0,9,3.343730521224001e-16
11.12,0.4173782800009149,77.50000000000001,0,60,1.0,9,3.343730521224001e-16
11.125,0.5818720934538056,77.5,0,60,1.0,9,0.0
11.13,0.7494718801585675,77.5,0,60,1.0,9,0.0
11.135,0.891813020752378,77.5,0,60,1.0,9,0.0
11.14,0.9800361632936612,77.5,0,60,1.0,9,0.0
11.145,0.993574479225126,77.5,1,60,1.0,9,0.0
11.15,0.9263438449375362,77.5,0,60,1.0,9,0.0
11.155,0.7873015962290536,77.5,0,60,1.0,9,0.0
11.16,0.5959516244629897,77.5,0,60,1.0,9,0.0
11.165,0.376910120078773,77.5,0,60,1.0,9,0.0
11.17,0.15739335672107918,77.5,0,60,1.0,9,0.0
11.175,-0.033361226269301235,77.5,0,60,1.0,9,0.0
11.18,-0.1680180840843834,77.5,0,60,1.0,9,0.0
11.185,-0.23069703190837854,77.5,0,60,1.0,9,0.0
11.19,-0.22587267821131068,77.5,0,60,1.0,9,0.0
11.195,-0.17718181630665902,77.5,0,60,1.0,9,0.0
11.2,-0.11494332516451301,77.5,0,60,1.0,9,0.0
11.205,-0.061810214049552864,77.5,0,60,1.0,9,0.0
11.21,-0.026546104631500547,77.5,0,60,1.0,9,0.0
11.215,-0.00719600351942686,77.5,0,60,1.0,9,0.0
11.22,0.0022072757983807078,77.5,0,60,1.0,9,0.0
11.225,0.006917199873730717,77.5,0,60,1.0,9,0.0
11.23,0.01004859748264829,77.5,0,60,1.0,9,0.0
11.235,0.013037082251128167,77.5,0,60,1.0,9,0.0
11.24,0.01645163937690478,77.5,0,60,1.0,9,0.0
11.245,0.020526639934696615,77.5,0,60,1.0,9,0.0
11.25,0.02539629541761738,77.5,0,60,1.0,9,0.0
11.255,0.031171612185577933,77.5,0,60,1.0,9,0.0
11.26,0.03795853426638131,77.5,0,60,1.0,9,0.0
11.265,0.0458588961882057,77.5,0,60,1.0,9,0.0
11.27,0.054966995891435555,77.5,0,60,1.0,9,0.0
11.275,0.06536491004445595,77.5,0,60,1.0,9,0.0
11.28,0.07711726085088699,77.5,0,60,1.0,9,0.0
11.285,0.09026570629555215,77.5,0,60,1.0,9,0.0
11.29,0.10482339848670268,77.5,0,60,1.0,9,0.0
11.295,0.12076968927580028,77.5,0,60,1.0,9,0.0
11.3,0.13804539501007884,77.5,0,60,1.0,9,0.0
11.305,0.15654895051787066,77.5,0,60,1.0,9,0.0
11.31,0.17613378141900526,77.5,0,60,1.0,9,0.0
11.315,0.19660720058055794,77.5,0,60,1.0,9,0.0
11.32,0.21773108748496234,77.5,0,60,1.0,9,0.0
11.325,0.23922453870058807,77.5,0,60,1.0,9,0.0
11.33,0.2607685857914563,77.5,0,60,1.0,9,0.0
11.335,0.2820129681603682,77.5,0,60,1.0,9,0.0
11.34,0.30258482867153996,77.5,0,60,1.0,9,0.0
11.345,0.3220990771751686,77.5,0,60,1.0,9,0.0
11.35,0.3401700499968971,77.5,0,60,1.0,9,0.0
11.355,0.3564239911198326,77.5,0,60,1.0,9,0.0
11.36,0.3705118017738417,77.5,0,60,1.0,9,0.0
11.365,0.3821214567925213,77.5,0,60,1.0,9,0.0
11.37,0.39098947374066967,77.5,0,60,1.0,9,0.0
11.375,0.3969108472035567,77.5,0,60,1.0,9,0.0
11.38,0.3997469255491936,77.5,0,60,1.0,9,0.0
11.385,0.3994308076379137,77.5,0,60,1.0,9,0.0
11.39,0.3959699661768434,77.5,0,60,1.0,9,0.0
11.395,0.38944595408114946,77.5,0,60,1.0,9,0.0
11.4,0.38001120995358023,77.5,0,60,1.0,9,0.0
11.405,0.3678831374098315,77.5,0,60,1.0,9,0.0
11.41,0.35333577933796634,77.5,0,60,1.0,9,0.0
11.415,0.33668953221163944,77.5,0,60,1.0,9,0.0
11.42,0.3182994390982644,77.5,0,60,1.0,9,0.0
11.425,0.29854265738230645,77.5,0,60,1.0,9,0.0
11.43,0.2778057157821067,77.5,0,60,1.0,9,0.0
11.435,0.2564721553719815,77.5,0,60,1.0,9,0.0
11.44,0.23491109433464996,77.5,0,60,1.0,9,0.0
11.445,0.21346717185309805,77.5,0,60,1.0,9,0.0
11.45,0.19245222055656455,77.5,0,60,1.0,9,0.0
11.455,0.17213889801761392,77.5,0,60,1.0,9,0.0
11.46,0.15275638501270183,77.5,0,60,1.0,9,0.0
11.465,0.13448814019607322,77.5,0,60,1.0,9,0.0
11.47,0.11747159495449566,77.5,0,60,1.0,9,0.0
11.475,0.10179958433370105,77.5,0,60,1.0,9,0.0
11.48,0.08752324394101413,77.5,0,60,1.0,9,0.0
11.485,0.07465606047174059,77.5,0,60,1.0,9,0.0
11.49,0.0631787448609295,77.5,0,60,1.0,9,0.0
11.495,0.05304460019959574,77.5,0,60,1.0,9,0.0
11.5,0.044185078305849994,77.5,0,60,1.0,9,0.0
11.505,0.03651525513023255,77.5,0,60,1.0,9,0.0
11.51,0.0299390014708757,77.5,0,60,1.0,9,0.0
11.515,0.024353677220580638,77.5,0,60,1.0,9,0.0
11.52,0.01965423034339045,77.5,0,60,1.0,9,0.0
11.525,0.015736632374757337,77.5,0,60,1.0,9,0.0
11.53,0.012500627640593535,77.5,0,60,1.0,9,0.0
11.535,0.009851811652115898,77.5,0,60,1.0,9,0.0
11.54,0.007703084175428559,77.5,0,60,1.0,9,0.0
11.545,0.005975544002062424,77.5,0,60,1.0,9,0.0
11.55,0.004598905818663047,77.5,0,60,1.0,9,0.0
11.555,0.0035115256454839104,77.5,0,60,1.0,9,0.0
11.56,0.002660121266303676,77.5,0,60,1.0,9,0.0
11.565,0.0019992692560877024,77.5,0,60,1.0,9,0.0
11.57,0.0014907520044639367,77.5,0,60,1.0,9,0.0
11.575,0.0011028178277539807,77.5,0,60,1.0,9,0.0
11.58,0.0008094059938923333,77.5,0,60,1.0,9,0.0
11.585,0.0005893771793717645,77.5,0,60,1.0,9,0.0
11.59,0.0004257792353490551,77.5,0,60,1.0,9,0.0
11.595,0.0003051686392901525,77.5,0,60,1.0,9,0.0
11.6,0.00021699992642659966,77.5,0,60,1.0,9,0.0
11.605,0.00015308884054097838,77.5,0,60,1.0,9,0.0
11.61,0.00010714989329311098,77.5,0,60,1.0,9,0.0
11.615,7.440535854020571e-05,77.5,0,60,1.0,9,0.0
11.62,5.1260276743925106e-05,77.5,0,60,1.0,9,0.0
11.625,3.503659887882241e-05,77.5,0,60,1.0,9,0.0
11.63,2.375894748103639e-05,77.5,0,60,1.0,9,0.0
11.635,1.5984413869232557e-05,77.5,0,60,1.0,9,0.0
11.64,1.0669166579899869e-05,77.5,0,60,1.0,9,0.0
11.645,7.06526633560511e-06,77.5,0,60,1.0,9,0.0
11.65,4.641847214699205e-06,77.5,0,60,1.0,9,0.0
11.655,3.025641074479182e-06,77.5,0,60,1.0,9,0.0
11.66,1.9566278676921314e-06,77.5,0,60,1.0,9,0.0
11.665,1.2553456560008793e-06,77.5,0,60,1.0,9,0.0
11.67,7.990660428214668e-07,77.5,0,60,1.0,9,0.0
11.675,5.046221251618276e-07,77.5,0,60,1.0,9,0.0
11.68,3.1616527078858815e-07,77.5,0,60,1.0,9,0.0
11.685,1.9652884407760343e-07,77.5,0,60,1.0,9,0.0
11.69,1.2120002189836396e-07,77.5,0,60,1.0,9,0.0
11.695,7.415549848886236e-08,77.5,0,60,1.0,9,0.0
11.7,4.501406988770349e-08,77.5,0,60,1.0,9,0.0
11.705,0.0,77.5,0,60,1.0,9,0.0
11.71,0.0,77.5,0,60,1.0,9,0.0
11.715,0.0,77.5,0,60,1.0,9,0.0
11.72,0.0,77.5,0,60,1.0,9,0.0
11.725,0.0,77.5,0,60,1.0,9,0.0
11.73,0.0,77.5,0,60,1.0,9,0.0
11.735,0.0,77.5,0,60,1.0,9,0.0
11.74,0.0,77.5,0,60,1.0,9,0.0
11.745,0.0,77.5,0,60,1.0,9,0.0
11.75,0.0,77.5,0,60,1.0,9,0.0
11.755,0.0,77.5,0,60,1.0,9,0.0
11.76,0.0,77.5,0,60,1.0,9,0.0
11.765,0.0,77.5,0,60,1.0,9,0.0
11.77,0.0,77.5,0,60,1.0,9,0.0
11.775,0.0,77.5,0,60,1.0,9,0.0
11.78,0.0,77.5,0,60,1.0,9,0.0
11.785,0.0,77.5,0,60,1.0,9,0.0
11.79,0.0,77.5,0,60,1.0,9,0.0
11.795,0.0,77.5,0,60,1.0,9,0.0
11.8,0.0,77.5,0,60,1.0,9,0.0
11.805,0.0,77.5,0,60,1.0,9,0.0
11.81,0.0,77.5,0,60,1.0,9,0.0
11.815,0.0,77.5,0,60,1.0,9,0.0
11.82,0.0,77.5,0,60,1.0,9,0.0
11.825,0.0,77.5,0,60,1.0,9,0.0
11.83,0.0,77.5,0,60,1.0,9,0.0
11.835,0.0,77.5,0,60,1.0,9,0.0
11.84,0.0,77.5,0,60,1.0,9,0.0
11.845,0.0,77.5,0,60,1.0,9,0.0
11.85,0.0,77.5,0,60,1.0,9,0.0
11.855,0.0,77.5,0,60,1.0,9,0.0
11.86,0.0,77.5,0,60,1.0,9,0.0
11.865,0.0,77.5,0,60,1.0,9,0.0
11.87,0.0,77.5,0,60,1.0,9,0.0
11.875,0.0,77.5,0,60,1.0,9,0.0
11.88,0.0,77.5,0,60,1.0,9,0.0
11.885,0.0,77.5,0,60,1.0,9,0.0
11.89,0.0,77.5,0,60,1.0,9,0.0
11.895,0.0,77.5,0,60,1.0,9,0.0
11.9,0.0,77.5,0,60,1.0,9,0.0
11.905,0.0,77.5,0,60,1.0,9,0.0
11.91,0.0,77.5,0,60,1.0,9,0.0
11.915,0.0,77.5,0,60,1.0,9,0.0
11.92,0.0,77.5,0,60,1.0,9,0.0
11.925,0.0,77.5,0,60,1.0,9,0.0
11.93,0.0,77.5,0,60,1.0,9,0.0
11.935,0.0,77.5,0,60,1.0,9,0.0
11.94,0.0,77.5,0,60,1.0,9,0.0
11.945,0.0,77.5,0,60,1.0,9,0.0
11.95,0.0,77.5,0,60,1.0,9,0.0
11.955,0.0,77.5,0,60,1.0,9,0.0
11.96,0.0,77.5,0,60,1.0,9,0.0
11.965,0.0,77.5,0,60,1.0,9,0.0
11.97,0.0,77.5,0,60,1.0,9,0.0
11.975,0.0,77.5,0,60,1.0,9,0.0
11.98,0.0,77.5,0,60,1.0,9,0.0
11.985,0.0,77.5,0,60,1.0,9,0.0
11.99,0.0,77.5,0,60,1.0,9,0.0
11.995,0.0,77.5,0,60,1.0,9,0.0
