Time,ECG,Pressure,R_Peaks,mean_hr,hrv_scale,Phase_Bin,Normalized_Pressure
0.0,0.001684486749771458,77.5,0,60,1.0,0,0.0
0.005,0.003097557930867117,77.5,0,60,1.0,0,0.0
0.01,0.005475106668887023,77.5,0,60,1.0,0,0.0
0.015,0.00930222931468658,77.5,0,60,1.0,0,0.0
0.02,0.01519157517868857,77.5,0,60,1.0,0,0.0
0.025,0.023847336626128316,77.5,0,60,1.0,0,0.0
0.03,0.0359830743700859,77.5,0,60,1.0,0,0.0
0.035,0.05218887796857759,77.5,0,60,1.0,0,0.0
0.04,0.0727577001223134,77.5,0,60,1.0,0,0.0
0.045,0.0974992498694751,77.5,0,60,1.0,0,0.0
0.05,0.12558706050443358,77.5,0,60,1.0,0,0.0
0.055,0.15549263588878245,77.5,0,60,1.0,0,0.0
0.06,0.1850529723539114,77.5,0,60,1.0,0,0.0
0.065,0.21169159439317053,77.5,0,60,1.0,0,0.0
0.07,0.23277292922115492,77.5,0,60,1.0,0,0.0
0.075,0.24602692519491282,77.5,0,60,1.0,0,0.0
0.08,0.24995056064839283,77.5,0,60,1.0,0,0.0
0.085,0.24408826520424054,77.5,0,60,1.0,0,0.0
0.09,0.22911894216865275,77.5,0,60,1.0,0,0.0
0.095,0.20672661788705934,77.5,0,60,1.0,0,0.0
0.1,0.17928878030241233,77.5,0,60,1.0,0,0.0
0.105,0.14946211903866036,77.5,0,60,1.0,0,0.0
0.11,0.1197651512573837,77.5,0,60,1.0,0,0.0
0.115,0.09224675744988023,77.5,0,60,1.0,0,0.0
0.12,0.06829565320281596,77.5,0,60,1.0,0,0.0
0.125,0.04860224607515734,77.5,0,60,1.0,0,0.0
0.13,0.03324612389699793,77.5,0,60,1.0,0,0.0
0.135,0.021859876340472782,77.5,0,60,1.0,0,0.0
0.14,0.01381595518554205,77.5,0,60,1.0,0,0.0
0.145,0.008394095110402422,77.5,0,60,1.0,0,0.0
0.15,0.0049052535271608,77.5,0,60,1.0,0,0.0
0.155,0.0027671663551903634,77.5,0,60,1.0,0,0.0
0.16,0.0015425553464444616,77.5,0,60,1.0,0,0.0
0.165,0.0009638206637011801,77.5,0,60,1.0,0,0.0
0.17,0.0009804935156568228,77.5,0,60,1.0,0,0.0
0.175,0.0018793744894085216,77.5,0,60,1.0,0,0.0
0.18,0.004535525206900863,77.5,0,60,1.0,0,0.0
0.185,0.010832767979632273,77.5,0,60,1.0,0,0.0
0.19,0.024208003392322392,77.5,0,60,1.0,0,0.0
0.195,0.0500971897335304,77.5,0,60,1.0,0,0.0
0.2,0.09582894921774403,77.5,0,60,1.0,0,0.0
0.205,0.16937896721820658,77.5,0,60,1.0,0,0.0
0.21,0.27661303008991756,77.5,0,60,1.0,0,0.0
0.215,0.4173782800009149,77.5,0,60,1.0,0,0.0
0.22,0.5818720934538056,77.5,0,60,1.0,0,0.0
0.225,0.7494718801585675,77.5,0,60,1.0,0,0.0
0.23,0.891813020752378,77.5,0,60,1.0,0,0.0
0.235,0.9800361632936612,77.5,0,60,1.0,0,0.0
0.24,0.993574479225126,77.5,0,60,1.0,0,0.0
0.245,0.9263438449375362,77.5,0,60,1.0,0,0.0
0.25,0.7873015962290536,77.5,0,60,1.0,0,0.0
0.255,0.5959516244629897,77.5,0,60,1.0,0,0.0
0.26,0.376910120078773,77.5,0,60,1.0,0,0.0
0.265,0.15739335672107918,77.5,0,60,1.0,0,0.0
0.27,-0.033361226269301235,77.5,0,60,1.0,0,0.0
0.275,-0.1680180840843834,77.5,0,60,1.0,0,0.0
0.28,-0.23069703190837854,77.5,0,60,1.0,0,0.0
0.285,-0.22587267821131068,77.5,0,60,1.0,0,0.0
0.29,-0.17718181630665902,77.5,0,60,1.0,0,0.0
0.295,-0.11494332516451301,77.5,0,60,1.0,0,0.0
0.3,-0.061810214049552864,77.5,0,60,1.0,0,0.0
0.305,-0.026546104631500547,77.5,0,60,1.0,0,0.0
0.31,-0.00719600351942686,77.5,0,60,1.0,0,0.0
0.315,0.0022072757983807078,77.5,0,60,1.0,0,0.0
0.32,0.006917199873730717,77.5,0,60,1.0,0,0.0
0.325,0.01004859748264829,77.5,0,60,1.0,0,0.0
0.33,0.013037082251128167,77.5,0,60,1.0,0,0.0
0.335,0.01645163937690478,77.5,0,60,1.0,0,0.0
0.34,0.020526639934696615,77.5,0,60,1.0,0,0.0
0.345,0.02539629541761738,77.5,0,60,1.0,0,0.0
0.35,0.031171612185577933,77.5,0,60,1.0,0,0.0
0.355,0.03795853426638131,77.5,0,60,1.0,0,0.0
0.36,0.0458588961882057,77.5,0,60,1.0,0,0.0
0.365,0.054966995891435555,77.5,0,60,1.0,0,0.0
0.37,0.06536491004445595,77.5,0,60,1.0,0,0.0
0.375,0.07711726085088699,77.5,0,60,1.0,0,0.0
0.38,0.09026570629555215,77.5,0,60,1.0,0,0.0
0.385,0.10482339848670268,77.5,0,60,1.0,0,0.0
0.39,0.12076968927580028,77.5,0,60,1.0,0,0.0
0.395,0.13804539501007884,77.5,0,60,1.0,0,0.0
0.4,0.15654895051787066,77.5,0,60,1.0,0,0.0
0.405,0.17613378141900526,77.5,0,60,1.0,0,0.0
0.41,0.19660720058055794,77.5,0,60,1.0,0,0.0
0.415,0.21773108748496234,77.5,0,60,1.0,0,0.0
0.42,0.23922453870058807,77.5,0,60,1.0,0,0.0
0.425,0.2607685857914563,77.5,0,60,1.0,0,0.0
0.43,0.2820129681603682,77.5,0,60,1.0,0,0.0
0.435,0.30258482867153996,77.5,0,60,1.0,0,0.0
0.44,0.3220990771751686,77.5,0,60,1.0,0,0.0
0.445,0.3401700499968971,77.5,0,60,1.0,0,0.0
0.45,0.3564239911198326,77.5,0,60,1.0,0,0.0
0.455,0.3705118017738417,77.5,0,60,1.0,0,0.0
0.46,0.3821214567925213,77.5,0,60,1.0,0,0.0
0.465,0.39098947374066967,77.5,0,60,1.0,0,0.0
0.47,0.3969108472035567,77.5,0,60,1.0,0,0.0
0.475,0.3997469255491936,77.5,0,60,1.0,0,0.0
0.48,0.3994308076379137,77.5,0,60,1.0,0,0.0
0.485,0.3959699661768434,77.5,0,60,1.0,0,0.0
0.49,0.38944595408114946,77.5,0,60,1.0,0,0.0
0.495,0.38001120995358023,77.5,0,60,1.0,0,0.0
0.5,0.3678831374098315,77.5,0,60,1.0,0,0.0
0.505,0.35333577933796634,77.5,0,60,1.0,0,0.0
0.51,0.33668953221163944,77.5,0,60,1.0,0,0.0
0.515,0.3182994390982644,77.5,0,60,1.0,0,0.0
0.52,0.29854265738230645,77.5,0,60,1.0,0,0.0
0.525,0.2778057157821067,77.5,0,60,1.0,0,0.0
0.53,0.2564721553719815,77.5,0,60,1.0,0,0.0
0.535,0.23491109433464996,77.5,0,60,1.0,0,0.0
0.54,0.21346717185309805,77.5,0,60,1.0,0,0.0
0.545,0.19245222055656455,77.5,0,60,1.0,0,0.0
0.55,0.17213889801761392,77.5,0,60,1.0,0,0.0
0.555,0.15275638501270183,77.5,0,60,1.0,0,0.0
0.56,0.13448814019607322,77.5,0,60,1.0,0,0.0
0.565,0.11747159495449566,77.5,0,60,1.0,0,0.0
0.57,0.10179958433370105,77.5,0,60,1.0,0,0.0
0.575,0.08752324394101413,77.5,0,60,1.0,0,0.0
0.58,0.07465606047174059,77.5,0,60,1.0,0,0.0
0.585,0.0631787448609295,77.5,0,60,1.0,0,0.0
0.59,0.05304460019959574,77.5,0,60,1.0,0,0.0
0.595,0.044185078305849994,77.5,0,60,1.0,0,0.0
0.6,0.03651525513023255,77.5,0,60,1.0,0,0.0
0.605,0.0299390014708757,77.5,0,60,1.0,0,0.0
0.61,0.024353677220580638,77.5,0,60,1.0,0,0.0
0.615,0.01965423034339045,77.5,0,60,1.0,0,0.0
0.62,0.015736632374757337,77.5,0,60,1.0,0,0.0
0.625,0.012500627640593535,77.5,0,60,1.0,0,0.0
0.63,0.009851811652115898,77.5,0,60,1.0,0,0.0
0.635,0.007703084175428559,77.5,0,60,1.0,0,0.0
0.64,0.005975544002062424,77.5,0,60,1.0,0,0.0
0.645,0.004598905818663047,77.5,0,60,1.0,0,0.0
0.65,0.0035115256454839104,77.5,0,60,1.0,0,0.0
0.655,0.002660121266303676,77.5,0,60,1.0,0,0.0
0.66,0.0019992692560877024,77.5,0,60,1.0,0,0.0
0.665,0.0014907520044639367,77.5,0,60,1.0,0,0.0
0.67,0.0011028178277539807,77.5,0,60,1.0,0,0.0
0.675,0.0008094059938923333,77.5,0,60,1.0,0,0.0
0.68,0.0005893771793717645,77.5,0,60,1.0,0,0.0
0.685,0.0004257792353490551,77.5,0,60,1.0,0,0.0
0.69,0.0003051686392901525,77.5,0,60,1.0,0,0.0
0.695,0.00021699992642659966,77.5,0,60,1.0,0,0.0
0.7,0.00015308884054097838,77.5,0,60,1.0,0,0.0
0.705,0.00010714989329311098,77.5,0,60,1.0,0,0.0
0.71,7.440535854020571e-05,77.5,0,60,1.0,0,0.0
0.715,5.1260276743925106e-05,77.5,0,60,1.0,0,0.0
0.72,3.503659887882241e-05,77.5,0,60,1.0,0,0.0
0.725,2.375894748103639e-05,77.5,0,60,1.0,0,0.0
0.73,1.5984413869232557e-05,77.5,0,60,1.0,0,0.0
0.735,1.0669166579899869e-05,77.5,0,60,1.0,0,0.0
0.74,7.06526633560511e-06,77.5,0,60,1.0,0,0.0
0.745,4.641847214699205e-06,77.5,0,60,1.0,0,0.0
0.75,3.025641074479182e-06,77.5,0,60,1.0,0,0.0
0.755,1.9566278676921314e-06,77.5,0,60,1.0,0,0.0
0.76,1.2553456560008793e-06,77.5,0,60,1.0,0,0.0
0.765,7.990660428214668e-07,77.5,0,60,1.0,0,0.0
0.77,5.046221251618276e-07,77.5,0,60,1.0,0,0.0
0.775,3.1616527078858815e-07,77.5,0,60,1.0,0,0.0
0.78,1.9652884407760343e-07,77.5,0,60,1.0,0,0.0
0.785,1.2120002189836396e-07,77.5,0,60,1.0,0,0.0
0.79,7.415549848886236e-08,77.5,0,60,1.0,0,0.0
0.795,4.501406988770349e-08,77.5,0,60,1.0,0,0.0
0.8,0.0,77.5,0,60,1.0,0,0.0
0.805,0.0,77.5,0,60,1.0,0,0.0
0.81,0.0,77.5,0,60,1.0,0,0.0
0.815,0.0,77.5,0,60,1.0,0,0.0
0.82,0.0,77.5,0,60,1.0,0,0.0
0.825,0.0,77.5,0,60,1.0,0,0.0
0.83,0.0,77.5,0,60,1.0,0,0.0
0.835,0.0,77.5,0,60,1.0,0,0.0
0.84,0.0,77.5,0,60,1.0,0,0.0
0.845,0.0,77.5,0,60,1.0,0,0.0
0.85,0.0,77.5,0,60,1.0,0,0.0
0.855,0.0,77.5,0,60,1.0,0,0.0
0.86,0.0,77.5,0,60,1.0,0,0.0
0.865,0.0,77.5,0,60,1.0,0,0.0
0.87,0.0,77.5,0,60,1.0,0,0.0
0.875,0.0,77.5,0,60,1.0,0,0.0
0.88,0.0,77.5,0,60,1.0,0,0.0
0.885,0.0,77.5,0,60,1.0,0,0.0
0.89,0.0,77.5,0,60,1.0,0,0.0
0.895,0.0,77.5,0,60,1.0,0,0.0
0.9,0.0,77.5,0,60,1.0,0,0.0
0.905,0.0,77.5,0,60,1.0,0,0.0
0.91,0.0,77.5,0,60,1.0,0,0.0
0.915,0.0,77.5,0,60,1.0,0,0.0
0.92,0.0,77.5,0,60,1.0,0,0.0
0.925,0.0,77.5,0,60,1.0,0,0.0
0.93,0.0,77.5,0,60,1.0,0,0.0
0.935,0.0,77.5,0,60,1.0,0,0.0
0.94,0.0,77.5,0,60,1.0,0,0.0
0.945,0.0,77.5,0,60,1.0,0,0.0
0.95,0.0,77.5,0,60,1.0,0,0.0
0.955,0.0,77.5,0,60,1.0,0,0.0
0.96,0.0,77.5,0,60,1.0,0,0.0
0.965,0.0,77.5,0,60,1.0,0,0.0
0.97,0.0,77.5,0,60,1.0,0,0.0
0.975,0.0,77.5,0,60,1.0,0,0.0
0.98,0.0,77.5,0,60,1.0,0,0.0
0.985,0.0,77.5,0,60,1.0,0,0.0
0.99,0.0,77.5,0,60,1.0,0,0.0
0.995,0.0,77.5,0,60,1.0,0,0.0
1.0,0.0,77.5,0,60,1.0,0,0.0
1.005,0.0,77.5,0,60,1.0,0,0.0
1.01,0.0,77.5,0,60,1.0,0,0.0
1.015,0.001684486749771458,77.5,0,60,1.0,0,0.0
1.02,0.003097557930867117,77.5,0,60,1.0,0,0.0
1.025,0.005475106668887023,77.5,0,60,1.0,0,0.0
1.03,0.00930222931468658,77.5,0,60,1.0,0,0.0
1.035,0.01519157517868857,77.5,0,60,1.0,0,0.0
1.04,0.023847336626128316,77.5,0,60,1.0,0,0.0
1.045,0.0359830743700859,77.5,0,60,1.0,0,0.0
1.05,0.05218887796857759,77.5,0,60,1.0,0,0.0
1.055,0.0727577001223134,77.5,0,60,1.0,0,0.0
1.06,0.0974992498694751,77.5,0,60,1.0,0,0.0
1.065,0.12558706050443358,77.5,0,60,1.0,0,0.0
1.07,0.15549263588878245,77.5,0,60,1.0,0,0.0
1.075,0.1850529723539114,77.5,0,60,1.0,0,0.0
1.08,0.21169159439317053,77.5,0,60,1.0,0,0.0
1.085,0.23277292922115492,77.5,0,60,1.0,0,0.0
1.09,0.24602692519491282,77.5,0,60,1.0,0,0.0
1.095,0.24995056064839283,77.5,0,60,1.0,0,0.0
1.1,0.24408826520424054,77.5,0,60,1.0,0,0.0
1.105,0.22911894216865275,77.5,0,60,1.0,0,0.0
1.11,0.20672661788705934,77.5,0,60,1.0,0,0.0
1.115,0.17928878030241233,77.5,0,60,1.0,0,0.0
1.12,0.14946211903866036,77.5,0,60,1.0,0,0.0
1.125,0.1197651512573837,77.5,0,60,1.0,0,0.0
1.13,0.09224675744988023,77.5,0,60,1.0,0,0.0
1.135,0.06829565320281596,77.5,0,60,1.0,0,0.0
1.14,0.04860224607515734,77.5,0,60,1.0,0,0.0
1.145,0.03324612389699793,77.5,0,60,1.0,0,0.0
1.15,0.021859876340472782,77.5,0,60,1.0,0,0.0
1.155,0.01381595518554205,77.5,0,60,1.0,0,0.0
1.16,0.008394095110402422,77.5,0,60,1.0,0,0.0
1.165,0.0049052535271608,77.5,0,60,1.0,0,0.0
1.17,0.0027671663551903634,77.5,0,60,1.0,0,0.0
1.175,0.0015425553464444616,77.5,0,60,1.0,0,0.0
1.18,0.0009638206637011801,77.5,0,60,1.0,0,0.0
1.185,0.0009804935156568228,77.5,0,60,1.0,0,0.0
1.19,0.0018793744894085216,77.5,0,60,1.0,0,0.0
1.195,0.004535525206900863,77.5,0,60,1.0,0,0.0
1.2,0.010832767979632273,77.5,0,60,1.0,0,0.0
1.205,0.024208003392322392,77.5,0,60,1.0,1,0.0
1.21,0.0500971897335304,77.5,0,60,1.0,1,0.0
1.215,0.09582894921774403,77.5,0,60,1.0,1,0.0
1.22,0.16937896721820658,77.5,0,60,1.0,1,0.0
1.225,0.27661303008991756,77.5,0,60,1.0,1,0.0
1.23,0.4173782800009149,77.5,0,60,1.0,1,0.0
1.235,0.5818720934538056,77.5,0,60,1.0,1,0.0
1.24,0.7494718801585675,77.5,0,60,1.0,1,0.0
1.245,0.891813020752378,77.5,0,60,1.0,1,0.0
1.25,0.9800361632936612,77.5,0,60,1.0,1,0.0
1.255,0.993574479225126,77.50000249206059,1,60,1.0,1,5.8636719720251515e-08
1.26,0.9263438449375362,77.50000388649308,0,60,1.0,1,9.144689590143303e-08
1.265,0.7873015962290536,77.50000620174501,0,60,1.0,1,1.4592341197866892e-07
1.27,0.5959516244629897,77.50001024868433,0,60,1.0,1,2.411455137221577e-07
1.275,0.376910120078773,77.50001773713392,0,60,1.0,1,4.1734432744199103e-07
1.28,0.15739335672107918,77.50003234050088,0,60,1.0,1,7.609529618816047e-07
1.285,-0.033361226269301235,77.50006196542242,0,60,1.0,1,1.4580099392493568e-06
1.29,-0.1680180840843834,77.50012345839556,0,60,1.0,1,2.9049034250259437e-06
1.295,-0.23069703190837854,77.50025207253846,0,60,1.0,1,5.93111855196452e-06
1.3,-0.22587267821131068,77.50051989833095,0,60,1.0,1,1.2232901904700852e-05
1.305,-0.17718181630665902,77.50107053879677,0,60,1.0,1,2.5189148159236486e-05
1.31,-0.11494332516451301,77.50218205581817,0,60,1.0,1,5.134248983923124e-05
1.315,-0.061810214049552864,77.50437705138005,0,60,1.0,1,0.00010298944423639382
1.32,-0.026546104631500547,77.50860779491533,0,60,1.0,1,0.00020253635094905697
1.325,-0.00719600351942686,77.5165549676137,0,60,1.0,1,0.00038952864973412836
1.33,0.0022072757983807078,77.53108897869964,0,60,1.0,1,0.0007315053811680627
1.335,0.006917199873730717,77.55694911283238,0,60,1.0,1,0.0013399791254678748
1.34,0.01004859748264829,77.60169183598806,0,60,1.0,1,0.0023927490820720805
1.345,0.013037082251128167,77.67693707547176,0,60,1.0,1,0.0041632253052177794
1.35,0.01645163937690478,77.7998909378598,0,60,1.0,1,0.0070562573614070595
1.355,0.020526639934696615,77.99503777956711,0,60,1.0,1,0.011647947754520306
1.36,0.02539629541761738,78.29577278054447,0,60,1.0,1,0.01872406542457571
1.365,0.031171612185577933,78.74559890656192,0,60,1.0,1,0.029308209566162906
1.37,0.03795853426638131,79.39836652237483,0,60,1.0,1,0.04466744758529009
1.375,0.0458588961882057,80.3169349302758,0,60,1.0,1,0.0662808218888425
1.38,0.054966995891435555,81.56964085920548,0,60,1.0,1,0.09575625551071713
1.385,0.06536491004445595,83.22412774219025,0,60,1.0,1,0.13468535863977055
1.39,0.07711726085088699,85.33845947360807,0,60,1.0,1,0.18443434055548397
1.395,0.09026570629555215,87.95000681664004,0,60,1.0,1,0.24588251333270686
1.4,0.10482339848670268,91.06328339863445,0,60,1.0,1,0.3191360799678695
1.405,0.12076968927580028,94.63858211835603,0,60,1.0,1,0.40326075572602416
1.41,0.13804539501007884,98.5837320054619,0,60,1.0,1,0.4960878118932211
1.415,0.15654895051787066,102.75136341377669,0,60,1.0,1,0.5941497273829809
1.42,0.17613378141900526,106.94359409913197,0,60,1.0,1,0.6927904493913405
1.425,0.19660720058055794,110.92500582405262,0,60,1.0,1,0.7864707252718264
1.43,0.21773108748496234,114.44330342499879,0,60,1.0,1,0.8692541982352656
1.435,0.23922453870058807,117.25542188596262,0,60,1.0,1,0.9354216914344146
1.44,0.2607685857914563,119.15545481965574,0,60,1.0,1,0.9801283486977822
1.445,0.2820129681603682,120.0,0,60,1.0,1,1.0
1.45,0.30258482867153996,119.72661680769721,0,60,1.0,1,0.9935674542987579
1.455,0.3220990771751686,118.36212003966133,0,60,1.0,1,0.9614616479920314
1.46,0.3401700499968971,116.0192046826335,0,60,1.0,1,0.9063342278266706
1.465,0.3564239911198326,112.88201428084409,0,60,1.0,1,0.8325179830786844
1.47,0.3705118017738417,109.18324133098602,0,60,1.0,1,0.7454880313173181
1.475,0.3821214567925213,105.17673159742563,0,60,1.0,1,0.6512172140570737
1.48,0.39098947374066967,101.1100694710858,0,60,1.0,1,0.5555310463784893
1.485,0.3969108472035567,97.20119773854125,0,60,1.0,1,0.46355759384802947
1.49,0.3997469255491936,93.62195394509827,0,60,1.0,1,0.37934009282584163
1.495,0.3994308076379137,90.48983035382798,0,60,1.0,1,0.3056430671488937
1.5,0.3959699661768434,87.86768093596174,0,60,1.0,1,0.24394543378733516
1.505,0.38944595408114946,85.76984429058865,0,60,1.0,1,0.19458457154326236
1.51,0.38001120995358023,84.17242779702583,0,60,1.0,1,0.15699830110649018
1.515,0.3678831374098315,83.02534578800257,0,60,1.0,1,0.1300081361882957
1.52,0.35333577933796634,82.26402464586049,0,60,1.0,1,0.11209469754965853
1.525,0.33668953221163944,81.8192991437891,0,60,1.0,1,0.10163056808915519
1.53,0.3182994390982644,81.62472762003841,0,60,1.0,1,0.09705241458913914
1.535,0.29854265738230645,81.62118407871675,0,60,1.0,1,0.09696903714627651
1.54,0.2778057157821067,81.75904264873614,0,60,1.0,1,0.10021276820555626
1.545,0.2564721553719815,81.9985219925281,0,60,1.0,1,0.10584757629477876
1.55,0.23491109433464996,82.30882611113378,0,60,1.0,1,0.11314884967373606
1.555,0.21346717185309805,82.66665602002601,0,60,1.0,1,0.12156837694178849
1.56,0.19245222055656455,83.05453424588724,0,60,1.0,1,0.13069492343264094
1.565,0.17213889801761392,83.45923266320771,0,60,1.0,1,0.14021723913429918
1.57,0.15275638501270183,83.87045877227034,0,60,1.0,1,0.1498931475828315
1.575,0.13448814019607322,84.2798534333411,0,60,1.0,1,0.15952596313743772
1.58,0.11747159495449566,84.68028767641711,0,60,1.0,1,0.16894794532746138
1.585,0.10179958433370105,85.06541226325399,0,60,1.0,1,0.1780097003118586
1.59,0.08752324394101413,85.42940233018484,0,60,1.0,1,0.18657417247493746
1.595,0.07465606047174059,85.76684174356433,0,60,1.0,1,0.19451392337798418
1.6,0.0631787448609295,86.07270061918209,0,60,1.0,1,0.20171060280428438
1.605,0.05304460019959574,86.34237003707361,0,60,1.0,1,0.20805576557820252
1.61,0.044185078305849994,86.57172770912837,0,60,1.0,1,0.21345241668537335
1.615,0.03651525513023255,86.75721616923929,0,60,1.0,1,0.21781685104092435
1.62,0.0299390014708757,86.89592083331073,0,60,1.0,1,0.2210804901955465
1.625,0.024353677220580638,86.98563934776703,0,60,1.0,1,0.22319151406510668
1.63,0.01965423034339045,87.02493647066403,0,60,1.0,1,0.22411615225091838
1.635,0.015736632374757337,87.01318073228062,0,60,1.0,1,0.22383954664189687
1.64,0.012500627640593535,86.95056062220486,0,60,1.0,1,0.2223661322871732
1.645,0.009851811652115898,86.83807925732597,0,60,1.0,1,0.2197195119370817
1.65,0.007703084175428559,86.67752751899921,0,60,1.0,1,0.21594182397645206
1.655,0.005975544002062424,86.47143656288762,0,60,1.0,1,0.21109262500912043
1.66,0.004598905818663047,86.22301141626089,0,60,1.0,1,0.20524732744143268
1.665,0.0035115256454839104,85.9360480776319,0,60,1.0,1,0.19849524888545636
1.67,0.002660121266303676,85.61483710619105,0,60,1.0,1,0.19093734367508344
1.675,0.0019992692560877024,85.26405711630112,0,60,1.0,1,0.18268369685414393
1.68,0.0014907520044639367,84.88866186212869,0,60,1.0,1,0.17385086734420438
1.685,0.0011028178277539807,84.49376470286529,0,60,1.0,1,0.16455916947918334
1.69,0.0008094059938923333,84.08452418143106,0,60,1.0,1,0.15492998073955444
1.695,0.0005893771793717645,83.66603423862483,0,60,1.0,1,0.1450831585558784
1.7,0.0004257792353490551,83.24322223736209,0,60,1.0,1,0.135134640879108
1.705,0.0003051686392901525,82.82075751109831,0,60,1.0,1,0.1251942943787837
1.71,0.00021699992642659966,82.40297260454615,0,60,1.0,1,0.11536406128343883
1.715,0.00015308884054097838,81.9937987739174,0,60,1.0,1,0.10573644173923305
1.72,0.00010714989329311098,81.5967166896027,0,60,1.0,1,0.09639333387300472
1.725,7.440535854020571e-05,81.21472266694637,0,60,1.0,1,0.08740523922226758
1.73,5.1260276743925106e-05,80.85031016848625,0,60,1.0,1,0.07883082749379401
1.735,3.503659887882241e-05,80.50546579764779,0,60,1.0,1,0.07071684229759499
1.74,2.375894748103639e-05,80.18167855835483,0,60,1.0,1,0.0630983190201137
1.745,1.5984413869232557e-05,79.87996080067171,0,60,1.0,1,0.055999077662863786
1.75,1.0669166579899869e-05,79.60087901688703,0,60,1.0,1,0.049432447456165526
1.755,7.06526633560511e-06,79.34459249714048,0,60,1.0,1,0.04340217640330546
1.76,4.641847214699205e-06,79.1108977952886,0,60,1.0,1,0.037903477536202206
1.765,3.025641074479182e-06,78.8992769862145,0,60,1.0,1,0.032924164381517705
1.77,1.9566278676921314e-06,78.70894780365752,0,60,1.0,1,0.028445830674294657
1.775,1.2553456560008793e-06,78.53891391879662,0,60,1.0,1,0.024445033383449968
1.78,7.990660428214668e-07,78.38801383874541,0,60,1.0,1,0.02089444326459784
1.785,5.046221251618276e-07,78.25496715486534,0,60,1.0,1,0.017763933055655077
1.79,3.1616527078858815e-07,78.13841713794321,0,60,1.0,1,0.015021579716310766
1.795,1.9652884407760343e-07,78.03696894665431,0,60,1.0,1,0.012634563450689699
1.8,1.2120002189836396e-07,77.94922297505981,0,60,1.0,1,0.010569952354348502
1.805,7.415549848886236e-08,77.8738031041554,0,60,1.0,1,0.008795367156597636
1.81,4.501406988770349e-08,77.8093798341656,0,60,1.0,1,0.007279525509778751
1.815,0.0,77.75468845334072,0,60,1.0,1,0.005992669490369869
1.82,0.0,77.7085425428285,0,60,1.0,1,0.004906883360670503
1.825,0.0,77.6698432252712,0,60,1.0,1,0.003996311182851621
1.83,0.0,77.63758463845281,0,60,1.0,1,0.0032372856106542927
1.835,0.0,77.6108561573609,0,60,1.0,1,0.002608380173197635
1.84,0.0,77.5888419022451,0,60,1.0,1,0.002090397699884547
1.845,0.0,77.5708180611178,0,60,1.0,1,0.0016663073204189432
1.85,0.0,77.55614852741415,0,60,1.0,1,0.0013211418215094534
1.855,0.0,77.54427931196614,0,60,1.0,1,0.001041866163909082
1.86,0.0,77.53473213754465,0,60,1.0,1,0.000817226765756499
1.865,0.0,77.52709756803894,0,60,1.0,1,0.0006375898362103485
1.87,0.0,77.52102796635984,0,60,1.0,1,0.0004947756790550236
1.875,0.0,77.5162305182252,0,60,1.0,1,0.0003818945464752901
1.88,0.0,77.51246050531307,0,60,1.0,1,0.0002931883603075809
1.885,0.0,77.50951496242737,0,60,1.0,1,0.00022388146887939966
1.89,0.0,77.50722681031257,0,60,1.0,1,0.0001700425955899685
1.895,0.0,77.50545951908494,0,60,1.0,1,0.00012845927258675093
1.9,0.0,77.50410232700878,0,60,1.0,1,9.652534138307173e-05
1.905,0.0,77.50306601530963,0,60,1.0,1,7.214153669712473e-05
1.91,0.0,77.50227922141525,0,60,1.0,1,5.362873918235945e-05
1.915,0.0,77.50168525983179,0,60,1.0,1,3.965317251266456e-05
1.92,0.0,77.50123941108798,0,60,1.0,1,2.916261383481523e-05
1.925,0.0,77.50090663407934,0,60,1.0,1,2.1332566572763266e-05
1.93,0.0,77.5006596549978,0,60,1.0,1,1.5521294065980756e-05
1.935,0.0,77.50047738616604,0,60,1.0,1,1.1232615671521189e-05
1.94,0.0,77.50034362990894,0,60,1.0,1,8.085409622120043e-06
1.945,0.0,77.50024602556587,0,60,1.0,1,5.788836844043116e-06
1.95,0.0,77.50017520144215,0,60,1.0,1,4.122386874047044e-06
1.955,0.0,77.50012409756755,0,60,1.0,1,2.919942765883581e-06
1.96,0.0,77.500087429303,0,60,1.0,1,2.057160070441622e-06
1.965,0.0,77.50006126591418,0,60,1.0,1,1.4415509219682409e-06
1.97,0.0,77.50004270207464,0,60,1.0,1,1.004754697345668e-06
1.975,0.0,77.50002960378131,0,60,1.0,1,6.96559560337311e-07
1.98,0.0,77.5000204133158,0,60,1.0,1,4.803133128247924e-07
1.985,0.001684486749771458,77.50001400064605,0,60,1.0,1,3.294269658106393e-07
1.99,0.003097557930867117,77.50000955104196,0,60,1.0,1,2.247303989540395e-07
1.995,0.005475106668887023,77.50000648069503,0,60,1.0,1,1.5248694199619744e-07
2.0,0.00930222931468658,77.50000437381664,0,60,1.0,1,1.0291333263226346e-07
2.005,0.01519157517868857,77.50000293607884,0,60,1.0,1,6.908420807442727e-08
2.01,0.023847336626128316,77.5000019603924,0,60,1.0,1,4.6126879905226385e-08
2.015,0.0359830743700859,77.50000130192649,0,60,1.0,1,3.063356443282614e-08
2.02,0.05218887796857759,77.50000085999925,0,60,1.0,1,2.0235276398285778e-08
2.025,0.0727577001223134,77.50000056503822,0,60,1.0,1,1.3295016956630313e-08
2.03,0.0974992498694751,77.50000036925445,0,60,1.0,1,8.688340023902984e-09
2.035,0.12558706050443358,77.5000002400169,0,60,1.0,1,5.6474565259550755e-09
2.04,0.15549263588878245,77.50000015517654,0,60,1.0,1,3.6512126237486133e-09
2.045,0.1850529723539114,77.50000009978802,0,60,1.0,1,2.347953528335304e-09
2.05,0.21169159439317053,77.50000006382619,0,60,1.0,1,1.5017927607379319e-09
2.055,0.23277292922115492,77.50000004060576,0,60,1.0,1,9.55429534181295e-10
2.06,0.24602692519491282,77.50000002569476,0,60,1.0,1,6.045825905269286e-10
2.065,0.24995056064839283,77.50000001617221,0,60,1.0,1,3.805225520302295e-10
2.07,0.24408826520424054,77.50000001012424,0,60,1.0,1,2.382173935235615e-10
2.075,0.22911894216865275,77.5000000063041,0,60,1.0,1,1.4833189839812215e-10
2.08,0.20672661788705934,77.50000000390439,0,60,1.0,1,9.186799295147306e-11
2.085,0.17928878030241233,77.5000000024052,0,60,1.0,1,5.659297344476834e-11
2.09,0.14946211903866036,77.50000000147372,0,60,1.0,1,3.467582299730138e-11
2.095,0.1197651512573837,77.50000000089815,0,60,1.0,1,2.113304564023993e-11
2.1,0.09224675744988023,77.50000000054445,0,60,1.0,1,1.2810500372913393e-11
2.105,0.06829565320281596,77.50000000032826,0,60,1.0,1,7.72368313097532e-12
2.11,0.04860224607515734,77.50000000019686,0,60,1.0,1,4.632069891051608e-12
2.115,0.03324612389699793,77.50000000011742,0,60,1.0,1,2.762924529687392e-12
2.12,0.021859876340472782,77.50000000006968,0,60,1.0,1,1.6394310745561276e-12
2.125,0.01381595518554205,77.50000000004111,0,60,1.0,1,9.673412397901036e-13
2.13,0.008394095110402422,77.50000000002413,0,60,1.0,1,5.677654425038354e-13
2.135,0.0049052535271608,77.50000000001408,0,60,1.0,1,3.3136369465329847e-13
2.14,0.0027671663551903634,77.50000000000819,0,60,1.0,1,1.9259887802250245e-13
2.145,0.0015425553464444616,77.50000000000472,0,60,1.0,1,1.1101185330463683e-13
2.15,0.0009638206637011801,77.50000000000271,0,60,1.0,1,6.386525295537842e-14
2.155,0.0009804935156568228,77.50000000000155,0,60,1.0,1,3.644666268134161e-14
2.16,0.0018793744894085216,77.50000000000088,0,60,1.0,1,2.0731129231588804e-14
2.165,0.004535525206900863,77.5000000000005,0,60,1.0,1,1.1703056824284003e-14
2.17,0.010832767979632273,77.50000000000028,0,60,1.0,1,6.687461042448002e-15
2.175,0.024208003392322392,77.50000000000016,0,60,1.0,1,3.678103573346401e-15
2.18,0.0500971897335304,77.50000000000009,0,60,1.0,1,2.0062383127344005e-15
2.185,0.09582894921774403,77.50000000000004,0,60,1.0,1,1.0031191563672002e-15
2.19,0.16937896721820658,77.50000000000003,0,60,1.0,1,6.687461042448002e-16
2.195,0.27661303008991756,77.50000000000001,0,60,1.0,1,3.343730521224001e-16
2.2,0.4173782800009149,77.50000000000001,0,60,1.0,1,3.343730521224001e-16
2.205,0.5818720934538056,77.5,0,60,1.0,1,0.0
2.21,0.7494718801585675,77.5,0,60,1.0,1,0.0
2.215,0.891813020752378,77.5,0,60,1.0,1,0.0
2.22,0.9800361632936612,77.5,0,60,1.0,1,0.0
2.225,0.993574479225126,77.50000249065474,1,60,1.0,1,5.860364086295115e-08
2.23,0.9263438449375362,77.50000381481783,0,60,1.0,1,8.976041954156244e-08
2.235,0.7873015962290536,77.50000596523532,0,60,1.0,1,1.4035847805323155e-07
2.24,0.5959516244629897,77.50000962503476,0,60,1.0,1,2.2647140620874244e-07
2.245,0.376910120078773,77.50001618917643,0,60,1.0,1,3.809217984700594e-07
2.25,0.15739335672107918,77.5000285614158,0,60,1.0,1,6.720333130140395e-07
2.255,-0.033361226269301235,77.50005280883279,0,60,1.0,1,1.2425607715559796e-06
2.26,-0.1680180840843834,77.50010151190543,0,60,1.0,1,2.388515421818524e-06
2.265,-0.23069703190837854,77.50020036214238,0,60,1.0,1,4.714403350108649e-06
2.27,-0.22587267821131068,77.50040077561245,0,60,1.0,1,9.430014410541202e-06
2.275,-0.17718181630665902,77.50080326727193,0,60,1.0,1,1.8900406398442475e-05
2.28,-0.11494332516451301,77.50159937912407,0,60,1.0,1,3.763244997819182e-05
2.285,-0.061810214049552864,77.50314438198903,0,60,1.0,1,7.398545856544308e-05
2.29,-0.026546104631500547,77.5060789517361,0,60,1.0,1,0.00014303415849647481
2.295,-0.00719600351942686,77.5115253796782,0,60,1.0,1,0.00027118540419304043
2.3,0.0022072757983807078,77.5213917627598,0,60,1.0,1,0.0005033355943483537
2.305,0.006917199873730717,77.53882411894206,0,60,1.0,1,0.0009135086809896406
2.31,0.01004859748264829,77.56884815932884,0,60,1.0,1,0.0016199566900902884
2.315,0.013037082251128167,77.6192346558676,0,60,1.0,1,0.002805521314531782
2.32,0.01645163937690478,77.70159894500465,0,60,1.0,1,0.004743504588344649
2.325,0.020526639934696615,77.83270008287926,0,60,1.0,1,0.007828237244217797
2.33,0.02539629541761738,78.03583465142736,0,60,1.0,1,0.012607874151232115
2.335,0.031171612185577933,78.34212553437393,0,60,1.0,1,0.019814718455857288
2.34,0.03795853426638131,78.79139701937089,0,60,1.0,1,0.030385812220491543
2.345,0.0458588961882057,79.43222533468237,0,60,1.0,1,0.045464125521938153
2.35,0.054966995891435555,80.32069048739088,0,60,1.0,1,0.06636918793860887
2.355,0.06536491004445595,81.5173707975343,0,60,1.0,1,0.09452637170668936
2.36,0.07711726085088699,83.08225427174436,0,60,1.0,1,0.13134715933516145
2.365,0.09026570629555215,85.06751487992965,0,60,1.0,1,0.17805917364540344
2.37,0.10482339848670268,87.50851138218808,0,60,1.0,1,0.23549438546324883
2.375,0.12076968927580028,90.41386466435996,0,60,1.0,1,0.3038556391614109
2.38,0.13804539501007884,93.75596504105044,0,60,1.0,1,0.38249329508353985
2.385,0.15654895051787066,97.4636280918179,0,60,1.0,1,0.4697324256898328
2.39,0.17613378141900526,101.41872257270964,0,60,1.0,1,0.5627934722990504
2.395,0.19660720058055794,105.45833242352343,0,60,1.0,1,0.6578431158476101
2.4,0.21773108748496234,109.38335163215552,0,60,1.0,1,0.7501965089918947
2.405,0.23922453870058807,112.9734084393601,0,60,1.0,1,0.8346684338672965
2.41,0.2607685857914563,116.00683982528938,0,60,1.0,2,0.9060432900068088
2.415,0.2820129681603682,118.28333120453613,0,60,1.0,2,0.9596077930479089
2.42,0.30258482867153996,119.646064803065,0,60,1.0,2,0.9916721130132942
2.425,0.3220990771751686,120.0,0,60,1.0,2,1.0
2.43,0.3401700499968971,119.32334270778719,0,60,1.0,2,0.9840786519479339
2.435,0.3564239911198326,117.6702984466819,0,60,1.0,2,0.9451834928631034
2.44,0.3705118017738417,115.1646448291192,0,60,1.0,2,0.8862269371557459
2.445,0.3821214567925213,111.9851997850634,0,60,1.0,2,0.8114164655309035
2.45,0.39098947374066967,108.34557221481842,0,60,1.0,2,0.7257781697604334
2.455,0.3969108472035567,104.47139174943496,0,60,1.0,2,0.634620982339646
2.46,0.3997469255491936,100.57838099842344,0,60,1.0,2,0.5430207293746692
2.465,0.3994308076379137,96.85417087272945,0,60,1.0,2,0.45539225582892834
2.47,0.3959699661768434,93.44582268957237,0,60,1.0,2,0.37519582798993806
2.475,0.38944595408114946,90.45385471397468,0,60,1.0,2,0.30479658150528655
2.48,0.38001120995358023,87.93243962502166,0,60,1.0,2,0.24546916764756843
2.485,0.3678831374098315,85.89455992933536,0,60,1.0,2,0.19751905716083196
2.49,0.35333577933796634,84.32040601189054,0,60,1.0,2,0.160480141456248
2.495,0.33668953221163944,83.16719725117376,0,60,1.0,2,0.13334581767467674
2.5,0.3182994390982644,82.37883285219493,0,60,1.0,2,0.114796067110469
2.505,0.29854265738230645,81.89421459224894,0,60,1.0,2,0.10339328452350455
2.51,0.2778057157821067,81.65359406235096,0,60,1.0,2,0.09773162499649321
2.515,0.2564721553719815,81.60276811068044,0,60,1.0,2,0.09653572025130455
2.52,0.23491109433464996,81.6953041114732,0,60,1.0,2,0.0987130379170166
2.525,0.21346717185309805,81.89319219750705,0,60,1.0,2,0.10336922817663642
2.53,0.19245222055656455,82.16640283127366,0,60,1.0,2,0.10979771367702724
2.535,0.17213889801761392,82.49180664386697,0,60,1.0,2,0.11745427397334036
2.54,0.15275638501270183,82.85182970057085,0,60,1.0,2,0.12592540471931402
2.545,0.13448814019607322,83.23310877819486,0,60,1.0,2,0.13489667713399672
2.55,0.11747159495449566,83.62530580186197,0,60,1.0,2,0.14412484239675222
2.555,0.10179958433370105,84.02015461343919,0,60,1.0,2,0.15341540266915737
2.56,0.08752324394101413,84.41075278688982,0,60,1.0,2,0.1626059479268192
2.565,0.07465606047174059,84.79107511020709,0,60,1.0,2,0.17155470847546092
2.57,0.0631787448609295,85.15566858139451,0,60,1.0,2,0.18013337838575313
2.575,0.05304460019959574,85.49948511358731,0,60,1.0,2,0.18822317914323086
2.58,0.044185078305849994,85.81781198508382,0,60,1.0,2,0.19571322317844286
2.585,0.03651525513023255,86.1062671685372,0,60,1.0,2,0.2025004039655812
2.59,0.0299390014708757,86.36083432317702,0,60,1.0,2,0.20849021936887097
2.595,0.024353677220580638,86.57791901100559,0,60,1.0,2,0.21359809437660213
2.6,0.01965423034339045,86.75441307651025,0,60,1.0,2,0.21775089591788815
2.605,0.015736632374757337,86.88775811124916,0,60,1.0,2,0.22088842614703896
2.61,0.012500627640593535,86.97600175641713,0,60,1.0,2,0.2229647472098149
2.615,0.009851811652115898,87.017842589161,0,60,1.0,2,0.2239492373920237
2.62,0.007703084175428559,87.012660771883,0,60,1.0,2,0.22382731227960015
2.625,0.005975544002062424,86.96053273007563,0,60,1.0,2,0.22260077011942653
2.63,0.004598905818663047,86.86222900437889,0,60,1.0,2,0.2202877412795033
2.635,0.0035115256454839104,86.719195178689,0,60,1.0,2,0.21692223949856484
2.64,0.002660121266303676,86.53351645798008,0,60,1.0,2,0.21255332842306082
2.645,0.0019992692560877024,86.30786706938648,0,60,1.0,2,0.20724393104438765
2.65,0.0014907520044639367,86.04544618487417,0,60,1.0,2,0.2010693219970392
2.655,0.0011028178277539807,85.74990250322291,0,60,1.0,2,0.19411535301700972
2.66,0.0008094059938923333,85.42524997119911,0,60,1.0,2,0.18647646991056724
2.665,0.0005893771793717645,85.0757773587906,0,60,1.0,2,0.17825358491272006
2.67,0.0004257792353490551,84.70595452519278,0,60,1.0,2,0.1695518711810066
2.675,0.0003051686392901525,84.32033821979824,0,60,1.0,2,0.160478546348194
2.68,0.00021699992642659966,83.92348015988665,0,60,1.0,2,0.1511407096443918
2.685,0.00015308884054097838,83.51983992315786,0,60,1.0,2,0.1416432923095967
2.69,0.00010714989329311098,83.11370490220835,0,60,1.0,2,0.13208717416960833
2.695,7.440535854020571e-05,82.70911920653026,0,60,1.0,2,0.12256751074188849
2.7,5.1260276743925106e-05,82.30982298507394,0,60,1.0,2,0.11317230553115143
2.705,3.503659887882241e-05,81.91920319962112,0,60,1.0,2,0.10398125175579112
2.71,2.375894748103639e-05,81.5402564270607,0,60,1.0,2,0.09506485710731052
2.715,1.5984413869232557e-05,81.1755638270808,0,60,1.0,2,0.0864838547548422
2.72,1.0669166579899869e-05,80.82727799879292,0,60,1.0,2,0.07828889408924523
2.725,7.06526633560511e-06,80.49712108066727,0,60,1.0,2,0.07052049601570047
2.73,4.641847214699205e-06,80.18639313486506,0,60,1.0,2,0.06320925023211899
2.735,3.025641074479182e-06,79.89598960793784,0,60,1.0,2,0.05637622606912554
2.74,1.9566278676921314e-06,79.6264264795071,0,60,1.0,2,0.050033564223696536
2.745,1.2553456560008793e-06,79.37787159987418,0,60,1.0,2,0.04418521411468666
2.75,7.990660428214668e-07,79.15018067413585,0,60,1.0,2,0.03882778056790244
2.755,5.046221251618276e-07,78.94293636900822,0,60,1.0,2,0.03395144397666406
2.76,3.1616527078858815e-07,78.75548909159917,0,60,1.0,2,0.029540919802333494
2.765,1.9652884407760343e-07,78.58699810755667,0,60,1.0,2,0.025576426060156872
2.77,1.2120002189836396e-07,78.43647181909245,0,60,1.0,2,0.022034631037469325
2.775,7.415549848886236e-08,78.30280620070539,0,60,1.0,2,0.018889557663656246
2.78,4.501406988770349e-08,78.18482058158935,0,60,1.0,2,0.01611342544916116
2.785,0.0,78.08129015900583,0,60,1.0,2,0.01367741550601957
2.79,0.0,77.99097481773615,0,60,1.0,2,0.011552348652615178
2.795,0.0,77.91264400989799,0,60,1.0,2,0.00970927082112914
2.8,0.0,77.84509761126496,0,60,1.0,2,0.008119943794469679
2.805,0.0,77.7871828107303,0,60,1.0,2,0.00675724260541883
2.81,0.0,77.73780720624384,0,60,1.0,2,0.005595463676325728
2.815,0.0,77.69594837242065,0,60,1.0,2,0.004610549939309294
2.82,0.0,77.66066023234221,0,60,1.0,2,0.0037802407609931646
2.825,0.0,77.63107661018051,0,60,1.0,2,0.00308415553365916
2.83,0.0,77.60641236432045,0,60,1.0,2,0.0025038203369517225
2.835,0.0,77.58596250536276,0,60,1.0,2,0.002022647185006075
2.84,0.0,77.56909969282334,0,60,1.0,2,0.0016258751252551332
2.845,0.0,77.55527048169948,0,60,1.0,2,0.0013004819223407166
2.85,0.0,77.54399065849753,0,60,1.0,2,0.0010350743175890516
2.855,0.0,77.53483996875943,0,60,1.0,2,0.0008197639708100724
2.86,0.0,77.52745649724005,0,60,1.0,2,0.0006460352291777086
2.865,0.0,77.52153091995265,0,60,1.0,2,0.000506609881238894
2.87,0.0,77.51680080618708,0,60,1.0,2,0.00039531308675477437
2.875,0.0,77.51304510977057,0,60,1.0,2,0.0003069437593076012
2.88,0.0,77.51007895333593,0,60,1.0,2,0.00023715184319846283
2.885,0.0,77.50774877787383,0,60,1.0,2,0.00018232418526655932
2.89,0.0,77.50592790273667,0,60,1.0,2,0.00013948006439230032
2.895,0.0,77.50451251862505,0,60,1.0,2,0.00010617690882467662
2.9,0.0,77.50341811780184,0,60,1.0,2,8.042630121983219e-05
2.905,0.0,77.50257635156204,0,60,1.0,2,6.062003675390984e-05
2.91,0.0,77.50193229444417,0,60,1.0,2,4.5465751627622974e-05
2.915,0.0,77.50144208734422,0,60,1.0,2,3.3931466922735235e-05
2.92,0.0,77.5010709270944,0,60,1.0,2,2.519828457419702e-05
2.925,0.0,77.50079136771336,0,60,1.0,2,1.862041678497703e-05
2.93,0.0,77.50058189795325,0,60,1.0,2,1.3691716547140567e-05
2.935,0.0,77.50042576054396,0,60,1.0,2,1.0017895152045373e-05
2.94,0.0,77.5003099802863,0,60,1.0,2,7.293653795373115e-06
2.945,0.0,77.50022457055825,0,60,1.0,2,5.284013135183962e-06
2.95,0.0,77.5001618906037,0,60,1.0,2,3.809190675450308e-06
2.955,0.0,77.5001161289628,0,60,1.0,2,2.7324461835659724e-06
2.96,0.0,77.50008289141098,0,60,1.0,2,1.950386140780371e-06
2.965,0.0,77.5000588746852,0,60,1.0,2,1.3852867104614074e-06
2.97,0.0,77.50004161000271,0,60,1.0,2,9.7905888731689e-07
2.975,0.0,77.50002926287357,0,60,1.0,2,6.885382015966838e-07
2.98,0.0,77.50002047794057,0,60,1.0,2,4.818338956791943e-07
2.985,0.0,77.50001425954493,0,60,1.0,2,3.3551870414532246e-07
2.99,0.0,77.50000988041381,0,60,1.0,2,2.3248032501963763e-07
2.995,0.001684486749771458,77.5000068123144,0,60,1.0,2,1.6028975049748088e-07
3.0,0.003097557930867117,77.50000467373745,0,60,1.0,2,1.0997029295033237e-07
3.005,0.005475106668887023,77.50000319068567,0,60,1.0,2,7.507495705367012e-08
3.01,0.00930222931468658,77.50000216747358,0,60,1.0,2,5.099937839879524e-08
3.015,0.01519157517868857,77.50000146512164,0,60,1.0,2,3.447345039496534e-08
3.02,0.023847336626128316,77.50000098547052,0,60,1.0,2,2.318754167497579e-08
3.025,0.0359830743700859,77.50000065957421,0,60,1.0,2,1.5519393226735273e-08
3.03,0.05218887796857759,77.50000043927226,0,60,1.0,2,1.0335817785958438e-08
3.035,0.0727577001223134,77.50000029110788,0,60,1.0,2,6.849597197929945e-09
3.04,0.0974992498694751,77.50000019196597,0,60,1.0,2,4.516846274782438e-09
3.045,0.12558706050443358,77.50000012596347,0,60,1.0,2,2.963846287350273e-09
3.05,0.15549263588878245,77.50000008224605,0,60,1.0,2,1.9352010921840486e-09
3.055,0.1850529723539114,77.5000000534362,0,60,1.0,2,1.2573222567666295e-09
3.06,0.21169159439317053,77.50000003454666,0,60,1.0,2,8.128625615748152e-10
3.065,0.23277292922115492,77.50000002222423,0,60,1.0,2,5.229230068567524e-10
3.07,0.24602692519491282,77.50000001422649,0,60,1.0,2,3.3474086247973474e-10
3.075,0.24995056064839283,77.50000000906188,0,60,1.0,2,2.1322066726604723e-10
3.08,0.24408826520424054,77.50000000574367,0,60,1.0,2,1.3514522834157106e-10
3.085,0.22911894216865275,77.50000000362252,0,60,1.0,2,8.523570346262525e-11
3.09,0.20672661788705934,77.50000000227342,0,60,1.0,2,5.349233213243732e-11
3.095,0.17928878030241233,77.50000000141972,0,60,1.0,2,3.3405205399236256e-11
3.1,0.14946211903866036,77.50000000088221,0,60,1.0,2,2.0757879075758598e-11
3.105,0.1197651512573837,77.5000000005455,0,60,1.0,2,1.283524397877045e-11
3.11,0.09224675744988023,77.50000000033563,0,60,1.0,2,7.897222745026846e-12
3.115,0.06829565320281596,77.50000000020549,0,60,1.0,2,4.8350343336899055e-12
3.12,0.04860224607515734,77.50000000012518,0,60,1.0,2,2.9454922161462225e-12
3.125,0.03324612389699793,77.50000000007589,0,60,1.0,2,1.7855520983336164e-12
3.13,0.021859876340472782,77.50000000004577,0,60,1.0,2,1.0770156008862506e-12
3.135,0.01381595518554205,77.50000000002747,0,60,1.0,2,6.463431097525994e-13
3.14,0.008394095110402422,77.50000000001641,0,60,1.0,2,3.862008752013721e-13
3.145,0.0049052535271608,77.50000000000975,0,60,1.0,2,2.2937991375596645e-13
3.15,0.0027671663551903634,77.50000000000577,0,60,1.0,2,1.3575545916169443e-13
3.155,0.0015425553464444616,77.5000000000034,0,60,1.0,2,7.991515945725361e-14
3.16,0.0009638206637011801,77.50000000000199,0,60,1.0,2,4.681222729713601e-14
3.165,0.0009804935156568228,77.50000000000115,0,60,1.0,2,2.7084217221914406e-14
3.17,0.0018793744894085216,77.50000000000067,0,60,1.0,2,1.5715533449752805e-14
3.175,0.004535525206900863,77.50000000000038,0,60,1.0,2,9.028072407304802e-15
3.18,0.010832767979632273,77.50000000000023,0,60,1.0,2,5.349968833958401e-15
3.185,0.024208003392322392,77.50000000000013,0,60,1.0,2,3.0093574691016007e-15
3.19,0.0500971897335304,77.50000000000007,0,60,1.0,2,1.6718652606120004e-15
3.195,0.09582894921774403,77.50000000000004,0,60,1.0,2,1.0031191563672002e-15
3.2,0.16937896721820658,77.50000000000003,0,60,1.0,2,6.687461042448002e-16
3.205,0.27661303008991756,77.50000000000001,0,60,1.0,2,3.343730521224001e-16
3.21,0.4173782800009149,77.5,0,60,1.0,2,0.0
3.215,0.5818720934538056,77.5,0,60,1.0,2,0.0
3.22,0.7494718801585675,77.5,0,60,1.0,2,0.0
3.225,0.891813020752378,77.5,0,60,1.0,2,0.0
3.23,0.9800361632936612,77.5,0,60,1.0,2,0.0
3.235,0.993574479225126,77.50000249606323,1,60,1.0,2,5.8730899568485364e-08
3.24,0.9263438449375362,77.5000038398575,0,60,1.0,2,9.034958820313264e-08
3.245,0.7873015962290536,77.500006033868,0,60,1.0,2,1.4197336480826967e-07
3.25,0.5959516244629897,77.50000979196264,0,60,1.0,2,2.303991209373635e-07
3.255,0.376910120078773,77.50001658325932,0,60,1.0,2,3.9019433703448587e-07
3.26,0.15739335672107918,77.50002948944842,0,60,1.0,2,6.938693746526362e-07
3.265,-0.033361226269301235,77.50005499618474,0,60,1.0,2,1.2940278763300524e-06
3.27,-0.1680180840843834,77.50010664152244,0,60,1.0,2,2.509212292606582e-06
3.275,-0.23069703190837854,77.50021223841208,0,60,1.0,2,4.993844990006919e-06
3.28,-0.22587267821131068,77.50042774487464,0,60,1.0,2,1.006458528569751e-05
3.285,-0.17718181630665902,77.50086306382961,0,60,1.0,2,2.0307384226177473e-05
3.29,-0.11494332516451301,77.50172846110615,0,60,1.0,2,4.0669673085978825e-05
3.295,-0.061810214049552864,77.5034152292072,0,60,1.0,2,8.035833428721162e-05
3.3,-0.026546104631500547,77.5066308676186,0,60,1.0,2,0.00015602041455522073
3.305,-0.00719600351942686,77.51261714788687,0,60,1.0,2,0.0002968740679263834
3.31,0.0022072757983807078,77.5234879390857,0,60,1.0,2,0.000552657390251705
3.315,0.006917199873730717,77.5427303078502,0,60,1.0,2,0.00100541900824015
3.32,0.01004859748264829,77.57591328443115,0,60,1.0,2,0.001786194927791819
3.325,0.013037082251128167,77.63163821024733,0,60,1.0,2,0.0030973696528783824
3.33,0.01645163937690478,77.7227359889992,0,60,1.0,2,0.005240846799981281
3.335,0.020526639934696615,77.86766338596527,0,60,1.0,2,0.008650903199182882
3.34,0.02539629541761738,78.09196918540792,0,60,1.0,2,0.013928686715480447
3.345,0.031171612185577933,78.42959438652437,0,60,1.0,2,0.021872809094691092
3.35,0.03795853426638131,78.9236517302522,0,60,1.0,2,0.03349768777064007
3.355,0.0458588961882057,79.62622444184039,0,60,1.0,2,0.05002881039624453
3.36,0.054966995891435555,80.5966700411891,0,60,1.0,2,0.07286282449856706
3.365,0.06536491004445595,81.89795705296187,0,60,1.0,2,0.10348134242263227
3.37,0.07711726085088699,83.590740736457,0,60,1.0,2,0.14331154674016455
3.375,0.09026570629555215,85.72521884287897,0,60,1.0,2,0.19353456100891703
3.38,0.10482339848670268,88.3312835786459,0,60,1.0,2,0.25485373126225636
3.385,0.12076968927580028,91.40803681418913,0,60,1.0,2,0.32724792503974426
3.39,0.13804539501007884,94.91424919828907,0,60,1.0,2,0.4097470399597428
3.395,0.15654895051787066,98.7616754538298,0,60,1.0,2,0.5002747165607011
3.4,0.17613378141900526,102.81314459839467,0,60,1.0,2,0.5956034023151687
3.405,0.19660720058055794,106.88692793605124,0,60,1.0,2,0.6914571279070879
3.41,0.21773108748496234,110.76804090701927,0,60,1.0,2,0.7827774331063357
3.415,0.23922453870058807,114.22596317855158,0,60,1.0,2,0.8641403100835666
3.42,0.2607685857914563,117.0369802382121,0,60,1.0,2,0.9302818879579317
3.425,0.2820129681603682,119.00824368351186,0,60,1.0,2,0.9766645572591027
3.43,0.30258482867153996,120.0,0,60,1.0,2,1.0
3.435,0.3220990771751686,119.94245116636986,0,60,1.0,2,0.998645909796938
3.44,0.3401700499968971,118.84443995887491,0,60,1.0,2,0.9728103519735274
3.445,0.3564239911198326,116.79247804582917,0,60,1.0,2,0.9245288951959805
3.45,0.3705118017738417,113.94028233815197,0,60,1.0,2,0.857418407956517
3.455,0.3821214567925213,110.4905961503334,0,60,1.0,2,0.7762493211843153
3.46,0.39098947374066967,106.67229771772733,0,60,1.0,2,0.686407005122996
3.465,0.3969108472035567,102.71639188641603,0,60,1.0,2,0.5933268679156714
3.47,0.3997469255491936,98.83435529010902,0,60,1.0,2,0.5019848303555062
3.475,0.3994308076379137,95.20154861737079,0,60,1.0,2,0.4165070262910774
3.48,0.3959699661768434,91.94724589020063,0,60,1.0,2,0.3399351974164855
3.485,0.38944595408114946,89.1515501373611,0,60,1.0,2,0.2741541208790847
3.49,0.38001120995358023,86.84834318674413,0,60,1.0,2,0.21996101615868544
3.495,0.3678831374098315,85.03265064487029,0,60,1.0,2,0.17723883870283028
3.5,0.35333577933796634,83.67047424017679,0,60,1.0,2,0.1451876291806303
3.505,0.33668953221163944,82.70922389874646,0,60,1.0,2,0.12256997408815196
3.51,0.3182994390982644,82.08726133343396,0,60,1.0,2,0.10793556078668136
3.515,0.29854265738230645,81.74159879534122,0,60,1.0,2,0.09980232459626397
3.52,0.2778057157821067,81.61334027722147,0,60,1.0,2,0.09678447711109336
3.525,0.2564721553719815,81.6509036668351,0,60,1.0,2,0.09766832157259073
3.53,0.23491109433464996,81.81136644357802,0,60,1.0,2,0.10144391631948291
3.535,0.21346717185309805,82.06042651697676,0,60,1.0,2,0.10730415334062968
3.54,0.19245222055656455,82.37148928088116,0,60,1.0,2,0.11462327719720386
3.545,0.17213889801761392,82.72432417484066,0,60,1.0,2,0.12292527470213319
3.55,0.15275638501270183,83.10362302191093,0,60,1.0,2,0.13184995345672787
3.555,0.13448814019607322,83.49767392349987,0,60,1.0,2,0.14112173937646763
3.56,0.11747159495449566,83.89726171789964,0,60,1.0,2,0.15052380512705033
3.565,0.10179958433370105,84.29482974674242,0,60,1.0,2,0.15987834698217465
3.57,0.08752324394101413,84.68388923933297,0,60,1.0,2,0.16903268798430518
3.575,0.07465606047174059,85.05863764443257,0,60,1.0,2,0.17785029751606035
3.58,0.0631787448609295,85.41373904216793,0,60,1.0,2,0.18620562452159842
3.585,0.05304460019959574,85.74422176195922,0,60,1.0,2,0.19398168851668762
3.59,0.044185078305849994,86.0454552613927,0,60,1.0,2,0.20106953556218127
3.595,0.03651525513023255,86.31317664893982,0,60,1.0,2,0.20736886232799567
3.6,0.0299390014708757,86.54354497329876,0,60,1.0,2,0.2127892934893827
3.605,0.024353677220580638,86.73320770957436,0,60,1.0,2,0.21725194610763196
3.61,0.01965423034339045,86.87936861096367,0,60,1.0,2,0.22069102614032157
3.615,0.015736632374757337,86.97984948291244,0,60,1.0,3,0.223055281950881
3.62,0.012500627640593535,87.03314081261668,0,60,1.0,3,0.2243091955909807
3.625,0.009851811652115898,87.03843787511315,0,60,1.0,3,0.22443383235560344
3.63,0.007703084175428559,86.99566019345913,0,60,1.0,3,0.2234272986696266
3.635,0.005975544002062424,86.90545322943116,0,60,1.0,3,0.22130478186896846
3.64,0.004598905818663047,86.76917202771214,0,60,1.0,3,0.2180981653579328
3.645,0.0035115256454839104,86.58884728386485,0,60,1.0,3,0.21385523020858474
3.65,0.002660121266303676,86.36713497361453,0,60,1.0,3,0.2086384699674006
3.655,0.0019992692560877024,86.10725126733229,0,60,1.0,3,0.20252355923134793
3.66,0.0014907520044639367,85.81289494876535,0,60,1.0,3,0.19559752820624346
3.665,0.0011028178277539807,85.48815994788507,0,60,1.0,3,0.1879567046561192
3.67,0.0008094059938923333,85.13744087266727,0,60,1.0,3,0.17970449112158282
3.675,0.0005893771793717645,84.76533457621503,0,60,1.0,3,0.17094904885211823
3.68,0.0004257792353490551,84.37654082180066,0,60,1.0,3,0.1618009605129567
3.685,0.0003051686392901525,83.97576501288177,0,60,1.0,3,0.15237094147957095
3.69,0.00021699992642659966,83.5676257473155,0,60,1.0,3,0.14276766464271773
3.695,0.00015308884054097838,83.1565696492459,0,60,1.0,3,0.1330957564528446
3.7,0.00010714989329311098,82.74679554691296,0,60,1.0,3,0.12345401286854031
3.705,7.440535854020571e-05,82.34218962124325,0,60,1.0,3,0.11393387344101764
3.71,5.1260276743925106e-05,81.94627267143458,0,60,1.0,3,0.10461818050434317
3.715,3.503659887882241e-05,81.5621601530088,0,60,1.0,3,0.0955802388943248
3.72,2.375894748103639e-05,81.19253516317026,0,60,1.0,3,0.08688318030988854
3.725,1.5984413869232557e-05,80.83963409787519,0,60,1.0,3,0.07857962583235743
3.73,1.0669166579899869e-05,80.5052443018934,0,60,1.0,3,0.07071163063278585
3.735,7.06526633560511e-06,80.19071269077197,0,60,1.0,3,0.06331088684169352
3.74,4.641847214699205e-06,79.89696405136633,0,60,1.0,3,0.056399154149795884
3.745,3.025641074479182e-06,79.6245275306656,0,60,1.0,3,0.04998888307448477
3.75,1.9566278676921314e-06,79.37356970210506,0,60,1.0,3,0.044083992990707255
3.755,1.2553456560008793e-06,79.14393255178399,0,60,1.0,3,0.03868076592432919
3.76,7.990660428214668e-07,78.93517474813203,0,60,1.0,3,0.03376881760310653
3.765,5.046221251618276e-07,78.74661463915068,0,60,1.0,3,0.029332109156486548
3.77,3.1616527078858815e-07,78.57737355111618,0,60,1.0,3,0.02534996590861604
3.775,1.9652884407760343e-07,78.42641813017309,0,60,1.0,3,0.021798073651131532
3.78,1.2120002189836396e-07,78.29260066180315,0,60,1.0,3,0.01864942733654469
3.785,7.415549848886236e-08,78.17469651121884,0,60,1.0,3,0.0158752120286786
3.79,4.501406988770349e-08,78.07143803963184,0,60,1.0,3,0.013445600932513959
3.795,0.0,77.98154455767332,0,60,1.0,3,0.011330460180548632
3.8,0.0,77.9037480701592,0,60,1.0,3,0.009499954591981082
3.805,0.0,77.83681473981095,0,60,1.0,3,0.00792505270143405
3.81,0.0,77.7795621471775,0,60,1.0,3,0.006577932874764723
3.815,0.0,77.730872547324,0,60,1.0,3,0.005432295231152881
3.82,0.0,77.68970241993146,0,60,1.0,3,0.0044635863513285716
3.825,0.0,77.65508867876439,0,60,1.0,3,0.0036491453826914388
3.83,0.0,77.62615195063168,0,60,1.0,3,0.002968281191333651
3.835,0.0,77.60209735548692,0,60,1.0,3,0.0024022907173392627
3.84,0.0,77.58221322128246,0,60,1.0,3,0.001934428736057846
3.845,0.0,77.56586815304183,0,60,1.0,3,0.001549838895101964
3.85,0.0,77.5525068488899,0,60,1.0,3,0.0012354552679977695
3.855,0.0,77.54164501992928,0,60,1.0,3,0.0009798828218653371
3.86,0.0,77.53286372908609,0,60,1.0,3,0.0007732642137903119
3.865,0.0,77.52580341921859,0,60,1.0,3,0.0006071392757315366
3.87,0.0,77.5201578553129,0,60,1.0,3,0.0004743024779506467
3.875,0.0,77.51566816144691,0,60,1.0,3,0.0003686626222802528
3.88,0.0,77.51211709188321,0,60,1.0,3,0.0002851080443108725
3.885,0.0,77.50932363821491,0,60,1.0,3,0.0002193797227037334
3.89,0.0,77.50713804159365,0,60,1.0,3,0.00016795391985056086
3.895,0.0,77.50543725103012,0,60,1.0,3,0.00012793531835567966
3.9,0.0,77.5041208456039,0,60,1.0,3,9.69610730327772e-05
3.905,0.0,77.5031074199587,0,60,1.0,3,7.311576373400813e-05
3.91,0.0,77.50233141833475,0,60,1.0,3,5.485690199407145e-05
3.915,0.0,77.50174039213948,0,60,1.0,3,4.095040328192066e-05
3.92,0.0,77.501292649158,0,60,1.0,3,3.0415274305957664e-05
3.925,0.0,77.50095525841263,0,60,1.0,3,2.2476668532496712e-05
3.93,0.0,77.50070237286243,0,60,1.0,3,1.6526420292580843e-05
3.935,0.0,77.50051383209139,0,60,1.0,3,1.2090166856135992e-05
3.94,0.0,77.50037400841595,0,60,1.0,3,8.800198022259686e-06
3.945,0.0,77.50027086205799,0,60,1.0,3,6.37322489383758e-06
3.95,0.0,77.50019517384675,0,60,1.0,3,4.5923258058417775e-06
3.955,0.0,77.50013992706306,0,60,1.0,3,3.292401483764372e-06
3.96,0.0,77.50009981331155,0,60,1.0,3,2.348548507063028e-06
3.965,0.0,77.5000708405394,0,60,1.0,3,1.6668362210272307e-06
3.97,0.0,77.50005002440169,0,60,1.0,3,1.177044745592117e-06
3.975,0.0,77.50003514702703,0,60,1.0,3,8.269888714012803e-07
3.98,0.0,77.50002456981785,0,60,1.0,3,5.781133612505501e-07
3.985,0.0,77.50001708920767,0,60,1.0,3,4.0209900409054705e-07
3.99,0.0,77.50001182629116,0,60,1.0,3,2.782656742831879e-07
3.995,0.001684486749771458,77.50000814295163,0,60,1.0,3,1.9159886184805894e-07
4.0,0.003097557930867117,77.50000557855593,0,60,1.0,3,1.312601394896346e-07
4.005,0.005475106668887023,77.5000038024926,0,60,1.0,3,8.947041411535312e-08
4.01,0.00930222931468658,77.50000257882347,0,60,1.0,3,6.067819928081436e-08
4.015,0.01519157517868857,77.5000017401292,0,60,1.0,3,4.0944216634135744e-08
4.02,0.023847336626128316,77.50000116828292,0,60,1.0,3,2.748900990755989e-08
4.025,0.0359830743700859,77.50000078040709,0,60,1.0,3,1.836251980795864e-08
4.03,0.05218887796857759,77.50000051868184,0,60,1.0,3,1.220427868568496e-08
4.035,0.0727577001223134,77.50000034299478,0,60,1.0,3,8.070465435808086e-09
4.04,0.0974992498694751,77.50000022567355,0,60,1.0,3,5.3099657794946855e-09
4.045,0.12558706050443358,77.50000014773399,0,60,1.0,3,3.4760937657719136e-09
4.05,0.15549263588878245,77.50000009622477,0,60,1.0,3,2.2641121605000295e-09
4.055,0.1850529723539114,77.5000000623591,0,60,1.0,3,1.4672730899559718e-09
4.06,0.21169159439317053,77.50000004020866,0,60,1.0,3,9.460861479858388e-10
4.065,0.23277292922115492,77.50000002579563,0,60,1.0,3,6.069559704508933e-10
4.07,0.24602692519491282,77.50000001646566,0,60,1.0,3,3.874273555565571e-10
4.075,0.24995056064839283,77.50000001045728,0,60,1.0,3,2.460537603731021e-10
4.08,0.24408826520424054,77.50000000660792,0,60,1.0,3,1.5548045987944693e-10
4.085,0.22911894216865275,77.50000000415449,0,60,1.0,3,9.775262429577518e-11
4.09,0.20672661788705934,77.50000000259882,0,60,1.0,3,6.114880627993604e-11
4.095,0.17928878030241233,77.5000000016175,0,60,1.0,3,3.80586751656237e-11
4.1,0.14946211903866036,77.50000000100165,0,60,1.0,3,2.356828457884737e-11
4.105,0.1197651512573837,77.50000000061716,0,60,1.0,3,1.4521487280623714e-11
4.11,0.09224675744988023,77.50000000037834,0,60,1.0,3,8.902013766654657e-12
4.115,0.06829565320281596,77.50000000023077,0,60,1.0,3,5.4298839934156554e-12
4.12,0.04860224607515734,77.50000000014005,0,60,1.0,3,3.2952464286662528e-12
4.125,0.03324612389699793,77.50000000008457,0,60,1.0,3,1.989854033180403e-12
4.13,0.021859876340472782,77.5000000000508,0,60,1.0,3,1.1953836613375804e-12
4.135,0.01381595518554205,77.50000000003037,0,60,1.0,3,7.14555212385569e-13
4.14,0.008394095110402422,77.50000000001806,0,60,1.0,3,4.249881492475705e-13
4.145,0.0049052535271608,77.50000000001069,0,60,1.0,3,2.514485351960449e-13
4.15,0.0027671663551903634,77.5000000000063,0,60,1.0,3,1.4812726209022324e-13
4.155,0.0015425553464444616,77.50000000000368,0,60,1.0,3,8.660262049970162e-14
4.16,0.0009638206637011801,77.50000000000215,0,60,1.0,3,5.049033087048241e-14
4.165,0.0009804935156568228,77.50000000000125,0,60,1.0,3,2.942482858677121e-14
4.17,0.0018793744894085216,77.50000000000072,0,60,1.0,3,1.7053025658242404e-14
4.175,0.004535525206900863,77.50000000000041,0,60,1.0,3,9.696818511549603e-15
4.18,0.010832767979632273,77.50000000000024,0,60,1.0,3,5.684341886080802e-15
4.185,0.024208003392322392,77.50000000000013,0,60,1.0,3,3.0093574691016007e-15
4.19,0.0500971897335304,77.50000000000007,0,60,1.0,3,1.6718652606120004e-15
4.195,0.09582894921774403,77.50000000000004,0,60,1.0,3,1.0031191563672002e-15
4.2,0.16937896721820658,77.50000000000003,0,60,1.0,3,6.687461042448002e-16
4.205,0.27661303008991756,77.50000000000001,0,60,1.0,3,3.343730521224001e-16
4.21,0.4173782800009149,77.5,0,60,1.0,3,0.0
4.215,0.5818720934538056,77.5,0,60,1.0,3,0.0
4.22,0.7494718801585675,77.5,0,60,1.0,3,0.0
4.225,0.891813020752378,77.5,0,60,1.0,3,0.0
4.23,0.9800361632936612,77.5,0,60,1.0,3,0.0
4.235,0.993574479225126,77.50000249060646,1,60,1.0,3,5.860250499769309e-08
4.24,0.9263438449375362,77.50000385734029,0,60,1.0,3,9.076094797552179e-08
4.245,0.7873015962290536,77.50000610730334,0,60,1.0,3,1.437012549425109e-07
4.25,0.5959516244629897,77.50000999976028,0,60,1.0,3,2.3528847718272813e-07
4.255,0.376910120078773,77.50001711607312,0,60,1.0,3,4.027311323331078e-07
4.26,0.15739335672107918,77.5000308127143,0,60,1.0,3,7.250050423542288e-07
4.265,-0.033361226269301235,77.50005823243188,0,60,1.0,3,1.3701748678292514e-06
4.27,-0.1680180840843834,77.50011443699209,0,60,1.0,3,2.6926351080526407e-06
4.275,-0.23069703190837854,77.50023065316174,0,60,1.0,3,5.427133217327697e-06
4.28,-0.22587267821131068,77.50047021644501,0,60,1.0,3,1.106391635316333e-05
4.285,-0.17718181630665902,77.5009583966,0,60,1.0,3,2.255050823524631e-05
4.29,-0.11494332516451301,77.50193629964134,0,60,1.0,3,4.5559991561022426e-05
4.295,-0.061810214049552864,77.50385483894526,0,60,1.0,3,9.07020928296146e-05
4.3,-0.026546104631500547,77.50753250751332,0,60,1.0,3,0.0001772354709015979
4.305,-0.00719600351942686,77.51440996954433,0,60,1.0,3,0.00033905810692544944
4.31,0.0022072757983807078,77.52694391670826,0,60,1.0,3,0.0006339745107826435
4.315,0.006917199873730717,77.54918926053296,0,60,1.0,3,0.0011573943654813025
4.32,0.01004859748264829,77.5876176648087,0,60,1.0,3,0.0020615921131459745
4.325,0.013037082251128167,77.65220482613245,0,60,1.0,3,0.003581290026645815
4.33,0.01645163937690478,77.7577808422973,0,60,1.0,3,0.006065431583465732
4.335,0.020526639934696615,77.92557045679185,0,60,1.0,3,0.010013422512749311
4.34,0.02539629541761738,78.1847502601857,0,60,1.0,3,0.016111770827898695
4.345,0.031171612185577933,78.57372412531626,0,60,1.0,3,0.02526409706626496
4.35,0.03795853426638131,79.14068530680169,0,60,1.0,3,0.038604360160039666
4.355,0.0458588961882057,79.94292800606925,0,60,1.0,3,0.05748065896633534
4.36,0.054966995891435555,81.0443400664048,0,60,1.0,3,0.08339623685658352
4.365,0.06536491004445595,82.51060356247285,0,60,1.0,3,0.11789655441112593
4.37,0.07711726085088699,84.4018923138275,0,60,1.0,3,0.16239746620770595
4.375,0.09026570629555215,86.76329520888174,0,60,1.0,3,0.2179598872678057
4.38,0.10482339848670268,89.61377301640115,0,60,1.0,3,0.28502995332708597
4.385,0.12076968927580028,92.93507670582724,0,60,1.0,3,0.3631782754312292
4.39,0.13804539501007884,96.66256820647882,0,60,1.0,3,0.45088395779950174
4.395,0.15654895051787066,100.68011755916041,0,60,1.0,3,0.5454145308037743
4.4,0.17613378141900526,104.82105425803283,0,60,1.0,3,0.6428483354831255
4.405,0.19660720058055794,108.8764532668383,0,60,1.0,3,0.7382694886314893
4.41,0.21773108748496234,112.61088723201624,0,60,1.0,3,0.8261385231062645
4.415,0.23922453870058807,115.78436216317712,0,60,1.0,3,0.9008085214865205
4.42,0.2607685857914563,118.1777713622895,0,60,1.0,3,0.9571240320538708
4.425,0.2820129681603682,119.61819191512663,0,60,1.0,3,0.9910162803559207
4.43,0.30258482867153996,120.0,0,60,1.0,3,1.0
4.435,0.3220990771751686,119.29824545748835,0,60,1.0,3,0.9834881284114906
4.44,0.3401700499968971,117.5719546188641,0,60,1.0,3,0.9428695204438611
4.445,0.3564239911198326,114.95677661133668,0,60,1.0,3,0.8813359202667453
4.45,0.3705118017738417,111.64826619736436,0,60,1.0,3,0.8034886164085733
4.455,0.3821214567925213,107.87868369700878,0,60,1.0,3,0.7147925575766773
4.46,0.39098947374066967,103.89114672130673,0,60,1.0,3,0.6209681581483936
4.465,0.3969108472035567,99.91511507625712,0,60,1.0,3,0.5274144723825206
4.47,0.3997469255491936,96.14656082953842,0,60,1.0,3,0.4387426077538451
4.475,0.3994308076379137,92.73498319976926,0,60,1.0,3,0.3584701929357473
4.48,0.3959699661768434,89.77799372275705,0,60,1.0,3,0.2888939699472246
4.485,0.38944595408114946,87.32285486110474,0,60,1.0,3,0.23112599673187634
4.49,0.38001120995358023,85.37336529966561,0,60,1.0,3,0.185255654109779
4.495,0.3678831374098315,83.89998207819981,0,60,1.0,3,0.15058781360470147
4.5,0.35333577933796634,82.8510525309259,0,60,1.0,3,0.125907118374727
4.505,0.33668953221163944,82.16338984647568,0,60,1.0,3,0.10972681991707485
4.51,0.3182994390982644,81.7710004035094,0,60,1.0,3,0.10049412714139776
4.515,0.29854265738230645,81.61139076399436,0,60,1.0,3,0.0967386062116321
4.52,0.2778057157821067,81.62941598109197,0,60,1.0,3,0.0971627289668698
4.525,0.2564721553719815,81.7790040818856,0,60,1.0,3,0.1006824489855436
4.53,0.23491109433464996,82.02328621441396,0,60,1.0,3,0.1064302638685637
4.535,0.21346717185309805,82.33370255304422,0,60,1.0,3,0.1137341777186875
4.54,0.19245222055656455,82.68858789463043,0,60,1.0,3,0.12208442105012778
4.545,0.17213889801761392,83.07161944197627,0,60,1.0,3,0.13109692804650042
4.55,0.15275638501270183,83.47037548139828,0,60,1.0,3,0.1404794230917242
4.555,0.13448814019607322,83.87513591955003,0,60,1.0,3,0.1500031981070596
4.56,0.11747159495449566,84.27796761085855,0,60,1.0,3,0.15948159084373068
4.565,0.10179958433370105,84.67208126420148,0,60,1.0,3,0.16875485327532896
4.57,0.08752324394101413,85.05141767098016,0,60,1.0,3,0.17768041578776841
4.575,0.07465606047174059,85.41041137477472,0,60,1.0,3,0.18612732646528765
4.58,0.0631787448609295,85.74388204533,0,60,1.0,3,0.1939736951842352
4.585,0.05304460019959574,86.0470116192692,0,60,1.0,3,0.20110615574751056
4.59,0.044185078305849994,86.31537463568876,0,60,1.0,3,0.20742057966326483
4.595,0.03651525513023255,86.54499785256412,0,60,1.0,3,0.21282347888386172
4.6,0.0299390014708757,86.73243223546459,0,60,1.0,3,0.21723369965799025
4.605,0.024353677220580638,86.87482563242001,0,60,1.0,3,0.2205841325275297
4.61,0.01965423034339045,86.96998815607745,0,60,1.0,3,0.22282325073123407
4.615,0.015736632374757337,87.01644488029292,0,60,1.0,3,0.22391635012453937
4.62,0.012500627640593535,87.01347229325384,0,60,1.0,3,0.22384640690009036
4.625,0.009851811652115898,86.96111631870204,0,60,1.0,3,0.22261450161651858
4.63,0.007703084175428559,86.86019081224607,0,60,1.0,3,0.22023978381755469
4.635,0.005975544002062424,86.7122563730027,0,60,1.0,3,0.21675897348241652
4.64,0.004598905818663047,86.51958013614413,0,60,1.0,3,0.21222541496809713
4.645,0.0035115256454839104,86.28507794654647,0,60,1.0,3,0.2067077163893286
4.65,0.002660121266303676,86.01224095394758,0,60,1.0,3,0.20028802244582547
4.655,0.0019992692560877024,85.7050492026738,0,60,1.0,3,0.19305998123938367
4.66,0.0014907520044639367,85.36787519896696,0,60,1.0,3,0.18512647526981074
4.665,0.0011028178277539807,85.00538071378118,0,60,1.0,3,0.1765971932654395
4.67,0.0008094059938923333,84.6224102114667,0,60,1.0,3,0.1675861226227459
4.675,0.0005893771793717645,84.22388428441178,0,60,1.0,3,0.15820904198615957
4.68,0.0004257792353490551,83.81469632673434,0,60,1.0,3,0.14858109004080788
4.685,0.0003051686392901525,83.39961540923211,0,60,1.0,3,0.13881448021722617
4.69,0.00021699992642659966,82.98319794133803,0,60,1.0,3,0.1290164221491302
4.695,0.00015308884054097838,82.5697102464525,0,60,1.0,3,0.11928729991652945
4.7,0.00010714989329311098,82.16306366028918,0,60,1.0,3,0.10971914494798077
4.705,7.440535854020571e-05,81.76676321464303,0,60,1.0,3,0.10039442857983612
4.71,5.1260276743925106e-05,81.3838704178972,0,60,1.0,3,0.09138518630346351
4.715,3.503659887882241e-05,81.01698011357695,0,60,1.0,3,0.08275247326063409
4.72,2.375894748103639e-05,80.66821091136433,0,60,1.0,3,0.07454613909092533
4.725,1.5984413869232557e-05,80.33920825933811,0,60,1.0,3,0.06680490021972017
4.73,1.0669166579899869e-05,80.03115887537963,0,60,1.0,3,0.059556679420697214
4.735,7.06526633560511e-06,79.74481498835964,0,60,1.0,3,0.052819176196697314
4.74,4.641847214699205e-06,79.48052665965687,0,60,1.0,3,0.0466006272860441
4.745,3.025641074479182e-06,79.23828036186586,0,60,1.0,3,0.0409007143968438
4.75,1.9566278676921314e-06,79.01774197921334,0,60,1.0,3,0.03571157598149037
4.755,1.2553456560008793e-06,78.8183024547782,0,60,1.0,3,0.03101888128889895
4.76,7.990660428214668e-07,78.6391244320625,0,60,1.0,3,0.02680292781323534
4.765,5.046221251618276e-07,78.47918841005006,0,60,1.0,3,0.023039727295295454
4.77,3.1616527078858815e-07,78.3373371380437,0,60,1.0,3,0.019702050306910437
4.775,1.9652884407760343e-07,78.21231720572483,0,60,1.0,3,0.016760404840584227
4.78,1.2120002189836396e-07,78.10281702217611,0,60,1.0,3,0.014183929933555566
4.785,7.415549848886236e-08,78.00750061349781,0,60,1.0,3,0.011941190905830849
4.79,4.501406988770349e-08,77.92503689230902,0,60,1.0,3,0.010000868054329965
4.795,0.0,77.85412425603842,0,60,1.0,3,0.008332335436198064
4.8,0.0,77.79351054877074,0,60,1.0,3,0.006906130559311537
4.805,0.0,77.74200856992353,0,60,1.0,3,0.005694319292318288
4.81,0.0,77.69850743053568,0,60,1.0,3,0.004670763071427874
4.815,0.0,77.66198014454383,0,60,1.0,3,0.003811297518678416
4.82,0.0,77.63148789963498,0,60,1.0,4,0.0030938329325876754
4.825,0.0,77.60618148274689,0,60,1.0,4,0.0024983878293386064
4.83,0.0,77.58530034248456,0,60,1.0,4,0.0020070668819896047
4.835,0.0,77.56816975854922,0,60,1.0,4,0.0016039943188051143
4.84,0.0,77.55419656084052,0,60,1.0,4,0.0012752131962476116
4.845,0.0,77.542863802236,0,60,1.0,4,0.0010085600526117426
4.85,0.0,77.53372474296843,0,60,1.0,4,0.0007935233639630844
4.855,0.0,77.52639645440267,0,60,1.0,4,0.0006210930447687535
4.86,0.0,77.52055329875957,0,60,1.0,4,0.0004836070296368475
4.865,0.0,77.51592049130771,0,60,1.0,4,0.00037459979547553997
4.87,0.0,77.5122679045549,0,60,1.0,4,0.0002886565777624342
4.875,0.0,77.50940423131003,0,60,1.0,4,0.00022127603082420887
4.88,0.0,77.50717158596277,0,60,1.0,4,0.0001687431991239036
4.885,0.0,77.50544059134097,0,60,1.0,4,0.00012801391390519925
4.89,0.0,77.50410597211048,0,60,1.0,4,9.661110848188561e-05
4.895,0.0,77.50308265466796,0,60,1.0,4,7.253305101090411e-05
4.9,0.0,77.50230235743923,0,60,1.0,4,5.4173116217270946e-05
4.905,0.0,77.50171064389794,0,60,1.0,4,4.025044465733759e-05
4.91,0.0,77.50126440285658,0,60,1.0,4,2.9750655448879117e-05
4.915,0.0,77.50092971602302,0,60,1.0,4,2.1875671129959407e-05
4.92,0.0,77.50068007084202,0,60,1.0,4,1.6001666871127728e-05
4.925,0.0,77.5004948766761,0,60,1.0,4,1.1644157084714715e-05
4.93,0.0,77.50035824390325,0,60,1.0,4,8.429268311762345e-06
4.935,0.0,77.50025798806918,0,60,1.0,4,6.070307510111995e-06
4.94,0.0,77.50018482445232,0,60,1.0,4,4.348810642795798e-06
4.945,0.0,77.50013172197245,0,60,1.0,4,3.0993405282649347e-06
4.95,0.0,77.50009338906223,0,60,1.0,4,2.1973896995110835e-06
4.955,0.0,77.50006586774495,0,60,1.0,4,1.5498292929591758e-06
4.96,0.0,77.50004621559701,0,60,1.0,4,1.0874258119950836e-06
4.965,0.0,77.5000322584378,0,60,1.0,4,7.590220658424669e-07
4.97,0.0,77.5000223994362,0,60,1.0,4,5.270455577534877e-07
4.975,0.0,77.50001547283287,0,60,1.0,4,3.6406665578718223e-07
4.98,0.001684486749771458,77.50001063265135,0,60,1.0,4,2.5018003183878834e-07
4.985,0.003097557930867117,77.50000726862568,0,60,1.0,4,1.7102648658852988e-07
4.99,0.005475106668887023,77.50000494312994,0,60,1.0,4,1.1630893970290987e-07
4.995,0.00930222931468658,77.50000334418844,0,60,1.0,4,7.86867868849667e-08
5.0,0.01519157517868857,77.50000225070433,0,60,1.0,4,5.2957748868506956e-08
5.005,0.023847336626128316,77.50000150690246,0,60,1.0,4,3.545652856808053e-08
5.01,0.0359830743700859,77.50000100366974,0,60,1.0,4,2.3615758530414656e-08
5.015,0.05218887796857759,77.50000066502123,0,60,1.0,4,1.564755841761379e-08
5.02,0.0727577001223134,77.50000043834815,0,60,1.0,4,1.0314074175125022e-08
5.025,0.0974992498694751,77.50000028743645,0,60,1.0,4,6.763210582421915e-09
5.03,0.12558706050443358,77.50000018750096,0,60,1.0,4,4.411787264924736e-09
5.035,0.15549263588878245,77.50000012167578,0,60,1.0,4,2.8629595844369546e-09
5.04,0.1850529723539114,77.50000007854956,0,60,1.0,4,1.8482249769851263e-09
5.045,0.21169159439317053,77.5000000504455,0,60,1.0,4,1.1869527792013661e-09
5.05,0.23277292922115492,77.5000000322285,0,60,1.0,4,7.583176230742965e-10
5.055,0.24602692519491282,77.50000002048314,0,60,1.0,4,4.819562892568202e-10
5.06,0.24995056064839283,77.50000001295066,0,60,1.0,4,3.047215186062899e-10
5.065,0.24408826520424054,77.50000000814568,0,60,1.0,4,1.9166296784961186e-10
5.07,0.22911894216865275,77.50000000509684,0,60,1.0,4,1.1992557012811578e-10
5.075,0.20672661788705934,77.50000000317259,0,60,1.0,4,7.464911825937794e-11
5.08,0.17928878030241233,77.50000000196455,0,60,1.0,4,4.622473384455696e-11
5.085,0.14946211903866036,77.5000000012102,0,60,1.0,4,2.847520911874359e-11
5.09,0.1197651512573837,77.50000000074162,0,60,1.0,4,1.7449926471111694e-11
5.095,0.09224675744988023,77.50000000045212,0,60,1.0,4,1.063807865327416e-11
5.1,0.06829565320281596,77.5000000002742,0,60,1.0,4,6.45172804070171e-12
5.105,0.04860224607515734,77.50000000016543,0,60,1.0,4,3.892436699756859e-12
5.11,0.03324612389699793,77.50000000009929,0,60,1.0,4,2.3362645151792095e-12
5.115,0.021859876340472782,77.50000000005929,0,60,1.0,4,1.3950043734546533e-12
5.12,0.01381595518554205,77.50000000003521,0,60,1.0,4,8.285764231593074e-13
5.125,0.008394095110402422,77.5000000000208,0,60,1.0,4,4.895221483071937e-13
5.13,0.0049052535271608,77.50000000001224,0,60,1.0,4,2.8789519787738646e-13
5.135,0.0027671663551903634,77.50000000000715,0,60,1.0,4,1.6818964521756725e-13
5.14,0.0015425553464444616,77.50000000000416,0,60,1.0,4,9.797130427186323e-14
5.145,0.0009638206637011801,77.5000000000024,0,60,1.0,4,5.6509045808685616e-14
5.15,0.0009804935156568228,77.50000000000138,0,60,1.0,4,3.243418605587281e-14
5.155,0.0018793744894085216,77.5000000000008,0,60,1.0,4,1.8724890918854405e-14
5.16,0.004535525206900863,77.50000000000045,0,60,1.0,4,1.0699937667916803e-14
5.165,0.010832767979632273,77.50000000000026,0,60,1.0,4,6.0187149382032015e-15
5.17,0.024208003392322392,77.50000000000014,0,60,1.0,4,3.343730521224001e-15
5.175,0.0500971897335304,77.50000000000009,0,60,1.0,4,2.0062383127344005e-15
5.18,0.09582894921774403,77.50000000000004,0,60,1.0,4,1.0031191563672002e-15
5.185,0.16937896721820658,77.50000000000003,0,60,1.0,4,6.687461042448002e-16
5.19,0.27661303008991756,77.50000000000001,0,60,1.0,4,3.343730521224001e-16
5.195,0.4173782800009149,77.5,0,60,1.0,4,0.0
5.2,0.5818720934538056,77.5,0,60,1.0,4,0.0
5.205,0.7494718801585675,77.5,0,60,1.0,4,0.0
5.21,0.891813020752378,77.5,0,60,1.0,4,0.0
5.215,0.9800361632936612,77.5,0,60,1.0,4,0.0
5.22,0.993574479225126,77.50000249553136,1,60,1.0,4,5.871838498826358e-08
5.225,0.9263438449375362,77.5000037979206,0,60,1.0,4,8.936283761078598e-08
5.23,0.7873015962290536,77.50000589651982,0,60,1.0,4,1.387416429064187e-07
5.235,0.5959516244629897,77.5000094348155,0,60,1.0,4,2.2199565872891553e-07
5.24,0.376910120078773,77.50001571195249,0,60,1.0,4,3.6969299966425324e-07
5.245,0.15739335672107918,77.50002740197677,0,60,1.0,4,6.447523944911261e-07
5.25,-0.033361226269301235,77.5000500328844,0,60,1.0,4,1.177244338885644e-06
5.255,-0.1680180840843834,77.50009495573708,0,60,1.0,4,2.234252637248681e-06
5.26,-0.23069703190837854,77.50018514752661,0,60,1.0,4,4.356412390774601e-06
5.265,-0.22587267821131068,77.50036623180388,0,60,1.0,4,8.617218914838198e-06
5.27,-0.17718181630665902,77.50072678709442,0,60,1.0,4,1.710087280992625e-05
5.275,-0.11494332516451301,77.50143461155861,0,60,1.0,4,3.3755566084892054e-05
5.28,-0.061810214049552864,77.5027993939534,0,60,1.0,4,6.58680930210748e-05
5.285,-0.026546104631500547,77.50537738125638,0,60,1.0,4,0.0001265266177971866
5.29,-0.00719600351942686,77.5101400375162,0,60,1.0,4,0.0002385891180281038
5.295,0.0022072757983807078,77.51873573170647,0,60,1.0,4,0.00044084074603460975
5.3,0.006917199873730717,77.53387969714991,0,60,1.0,4,0.0007971693447038486
5.305,0.01004859748264829,77.55991023047092,0,60,1.0,4,0.0014096524816686858
5.31,0.013037082251128167,77.60354438392822,0,60,1.0,4,0.00243633844536997
5.315,0.01645163937690478,77.67484918417814,0,60,1.0,4,0.004114098451250423
5.32,0.020526639934696615,77.7884093308522,0,60,1.0,4,0.0067861019024047994
5.325,0.02539629541761738,77.96461536956245,0,60,1.0,4,0.01093212634264593
5.33,0.031171612185577933,78.23091721059663,0,60,1.0,4,0.017198052014038345
5.335,0.03795853426638131,78.6227928599652,0,60,1.0,4,0.02641865552859298
5.34,0.0458588961882057,79.18408665755831,0,60,1.0,4,0.03962556841313672
5.345,0.054966995891435555,79.96630039667855,0,60,1.0,4,0.058030597568907015
5.35,0.06536491004445595,81.02640747170874,0,60,1.0,4,0.08297429345197027
5.355,0.07711726085088699,82.42283947403011,0,60,1.0,4,0.11583151703600265
5.36,0.09026570629555215,84.20949296015137,0,60,1.0,4,0.15787042259179684
5.365,0.10482339848670268,86.42792724167438,0,60,1.0,4,0.21006887627469134
5.37,0.12076968927580028,89.09834551335945,0,60,1.0,4,0.2729022473731635
5.375,0.13804539501007884,92.21040668051529,0,60,1.0,4,0.3461272160121245
5.38,0.15654895051787066,95.71530488045332,0,60,1.0,4,0.4285954089518428
5.385,0.17613378141900526,99.52076142138833,0,60,1.0,4,0.518135562856196
5.39,0.19660720058055794,103.49049392863455,0,60,1.0,4,0.6115410336149306
5.395,0.21773108748496234,107.44929879905975,0,60,1.0,4,0.7046893835072882
5.4,0.23922453870058807,111.1941190293451,0,60,1.0,4,0.792802800690473
5.405,0.2607685857914563,114.51047262775617,0,60,1.0,4,0.8708346500648512
5.41,0.2820129681603682,117.1925695932531,0,60,1.0,4,0.9339428139588964
5.415,0.30258482867153996,119.06457506308963,0,60,1.0,4,0.977990001484462
5.42,0.3220990771751686,120.0,0,60,1.0,4,1.0
5.425,0.3401700499968971,119.93626626357627,0,60,1.0,4,0.9985003826723828
5.43,0.3564239911198326,118.88213103465766,0,60,1.0,4,0.9736972008154744
5.435,0.3705118017738417,116.91676286621725,0,60,1.0,4,0.9274532439109943
5.44,0.3821214567925213,114.18061934032266,0,60,1.0,4,0.8630733962428863
5.445,0.39098947374066967,110.85960266710498,0,60,1.0,4,0.7849318274612936
5.45,0.3969108472035567,107.16499075378253,0,60,1.0,4,0.6979997824419419
5.455,0.3997469255491936,103.31215997547778,0,60,1.0,4,0.6073449405994773
5.46,0.3994308076379137,99.50105733238124,0,60,1.0,4,0.5176719372324997
5.465,0.3959699661768434,95.90080270694628,0,60,1.0,4,0.43296006369285367
5.47,0.38944595408114946,92.63987384862794,0,60,1.0,4,0.35623232585006925
5.475,0.38001120995358023,89.80227211535595,0,60,1.0,4,0.2894652262436693
5.48,0.3678831374098315,87.429107562273,0,60,1.0,4,0.23362606028877655
5.485,0.35333577933796634,85.52434499291017,0,60,1.0,4,0.18880811748023937
5.49,0.33668953221163944,84.06310121889615,0,60,1.0,4,0.1544259110328506
5.495,0.3182994390982644,83.00087339718817,0,60,1.0,4,0.129432315227957
5.5,0.29854265738230645,82.28233533973716,0,60,1.0,4,0.11252553740558022
5.505,0.2778057157821067,81.84875222780497,0,60,1.0,4,0.10232358183070507
5.51,0.2564721553719815,81.64351943719842,0,60,1.0,4,0.09749457499290402
5.515,0.23491109433464996,81.61573561778272,0,60,1.0,4,0.09684083806547572
5.52,0.21346717185309805,81.7220173312601,0,60,1.0,4,0.09934158426494365
5.525,0.19245222055656455,81.92693369355118,0,60,1.0,4,0.10416314573061594
5.53,0.17213889801761392,82.20249593298601,0,60,1.0,4,0.1106469631290826
5.535,0.15275638501270183,82.52710789170109,0,60,1.0,4,0.11828489156943747
5.54,0.13448814019607322,82.88430441935833,0,60,1.0,4,0.12668951574960777
5.545,0.11747159495449566,83.26150706007847,0,60,1.0,4,0.1355648720018464
5.55,0.10179958433370105,83.64893355810317,0,60,1.0,4,0.14468078960242745
5.555,0.08752324394101413,84.03872273042094,0,60,1.0,4,0.1538522995393163
5.56,0.07465606047174059,84.42428381662813,0,60,1.0,4,0.16292432509713253
5.565,0.0631787448609295,84.79984820751459,0,60,1.0,4,0.17176113429446085
5.57,0.05304460019959574,85.16018700493531,0,60,1.0,4,0.18023969423377198
5.575,0.044185078305849994,85.50045479613394,0,60,1.0,4,0.18824599520315147
5.58,0.03651525513023255,85.81612348054294,0,60,1.0,4,0.1956734936598339
5.585,0.0299390014708757,86.10297630590426,0,60,1.0,4,0.20242297190362973
5.59,0.024353677220580638,86.35713909920837,0,60,1.0,4,0.20840327292254984
5.595,0.01965423034339045,86.5751317625649,0,60,1.0,4,0.21353251206035045
5.6,0.015736632374757337,86.75392796721998,0,60,1.0,4,0.21773948158164658
5.605,0.012500627640593535,86.89101460585793,0,60,1.0,4,0.22096504954959842
5.61,0.009851811652115898,86.98444515996042,0,60,1.0,4,0.22316341552848037
5.615,0.007703084175428559,87.0328829744056,0,60,1.0,4,0.22430312880954342
5.62,0.005975544002062424,87.03563175280645,0,60,1.0,4,0.22436780594838712
5.625,0.004598905818663047,86.99265158497569,0,60,1.0,4,0.22335650788178094
5.63,0.0035115256454839104,86.90455962174919,0,60,1.0,4,0.2212837558058632
5.635,0.002660121266303676,86.7726151996039,0,60,1.0,4,0.2181791811671507
5.64,0.0019992692560877024,86.5986898271919,0,60,1.0,4,0.21408681946333893
5.645,0.0014907520044639367,86.38522299196607,0,60,1.0,4,0.20906407039920175
5.65,0.0011028178277539807,86.13516522658897,0,60,1.0,4,0.20318035827268158
5.655,0.0008094059938923333,85.85191028364954,0,60,1.0,4,0.19651553608587163
5.66,0.0005893771793717645,85.53921859307545,0,60,1.0,4,0.1891580845429517
5.665,0.0004257792353490551,85.20113441032936,0,60,1.0,4,0.18120316259598493
5.67,0.0003051686392901525,84.84189919885794,0,60,1.0,4,0.17275056938489283
5.675,0.00021699992642659966,84.4658638252098,0,60,1.0,4,0.16390267824023047
5.68,0.00015308884054097838,84.07740208207215,0,60,1.0,4,0.15476240193110952
5.685,0.00010714989329311098,83.68082789985633,0,60,1.0,4,0.14543124470250177
5.69,7.440535854020571e-05,83.28031837196917,0,60,1.0,4,0.136007491105157
5.695,5.1260276743925106e-05,82.87984441636587,0,60,1.0,4,0.12658457450272637
5.7,3.503659887882241e-05,82.48311054260569,0,60,1.0,4,0.11724965982601615
5.705,2.375894748103639e-05,82.09350480709807,0,60,1.0,4,0.10808246604936639
5.71,1.5984413869232557e-05,81.71405963766578,0,60,1.0,4,0.09915434441566551
5.715,1.0669166579899869e-05,81.34742380962653,0,60,1.0,4,0.09052761905003609
5.72,7.06526633560511e-06,80.99584547562104,0,60,1.0,4,0.0822551876616715
5.725,4.641847214699205e-06,80.66116580464649,0,60,1.0,4,0.07438037187403498
5.73,3.025641074479182e-06,80.34482248380725,0,60,1.0,4,0.0669369996189941
5.735,1.9566278676921314e-06,80.04786208778954,0,60,1.0,4,0.05994969618328328
5.74,1.2553456560008793e-06,79.77096013143739,0,60,1.0,4,0.05343435603382097
5.745,7.990660428214668e-07,79.51444749231865,0,60,1.0,4,0.04739876452514476
5.75,5.046221251618276e-07,79.278341822098,0,60,1.0,4,0.041843336990541165
5.755,3.1616527078858815e-07,79.06238255449453,0,60,1.0,4,0.0367619424586949
5.76,1.9652884407760343e-07,78.86606815798669,0,60,1.0,4,0.03214278018792209
5.765,1.2120002189836396e-07,78.68869436592169,0,60,1.0,4,0.027969279198157438
5.77,7.415549848886236e-08,78.52939223681737,0,60,1.0,4,0.02422099380746759
5.775,4.501406988770349e-08,78.38716504432811,0,60,1.0,4,0.020874471631249742
5.78,0.0,78.26092316041584,0,60,1.0,4,0.017904074362725703
5.785,0.0,78.14951626792161,0,60,1.0,4,0.01528273571580264
5.79,0.0,78.05176241193382,0,60,1.0,4,0.012982644986678171
5.795,0.0,77.96647356610181,0,60,1.0,4,0.010975848614160268
5.8,0.0,77.89247754460511,0,60,1.0,4,0.009234765755414454
5.805,0.0,77.8286362284681,0,60,1.0,4,0.00773261714042586
5.81,0.0,77.77386019328746,0,60,1.0,4,0.0064437692538226255
5.815,0.0,77.72711992251153,0,60,1.0,4,0.005343998176741974
5.82,0.0,77.68745386566955,0,60,1.0,4,0.004410679192224787
5.825,0.0,77.65397365492345,0,60,1.0,4,0.003622909527610532
5.83,0.0,77.62586682737643,0,60,1.0,4,0.00296157240885711
5.835,0.0,77.60239741673563,0,60,1.0,4,0.0024093509820147575
5.84,0.0,77.58290477863605,0,60,1.0,4,0.0019507006737893896
5.845,0.0,77.56680100188535,0,60,1.0,4,0.0015717882796553462
5.85,0.0,77.55356723584703,0,60,1.0,4,0.0012604055493418
5.855,0.0,77.54274923483845,0,60,1.0,4,0.001005864349140077
5.86,0.0,77.5339523862881,0,60,1.0,4,0.000798879677367214
5.865,0.0,77.52683645271036,0,60,1.0,4,0.0006314459461260172
5.87,0.0,77.52111022023206,0,60,1.0,4,0.0004967110642837725
5.875,0.0,77.51652621000613,0,60,1.0,4,0.0003888520001443313
5.88,0.0,77.51287557458264,0,60,1.0,4,0.0003029546960620417
5.885,0.0,77.50998327004963,0,60,1.0,4,0.00023490047175601724
5.89,0.0,77.50770356706387,0,60,1.0,4,0.0001812604015028415
5.895,0.0,77.50591594005692,0,60,1.0,4,0.0001391985895746556
5.9,0.0,77.5045213539901,0,60,1.0,4,0.00010638479976705639
5.905,0.0,77.50343895192604,0,60,1.0,4,8.091651590689253e-05
5.91,0.0,77.50260313413699,0,60,1.0,4,6.125021498800218e-05
5.915,0.0,77.50196101013708,0,60,1.0,4,4.614141499012155e-05
5.92,0.0,77.50147019851048,0,60,1.0,4,3.459290612882422e-05
5.925,0.0,77.50109694528726,0,60,1.0,4,2.581047734726299e-05
5.93,0.0,77.50081452947285,0,60,1.0,4,1.9165399361126593e-05
5.935,0.0,77.50060192376263,0,60,1.0,4,1.4162912061893247e-05
5.94,0.0,77.50044267910418,0,60,1.0,4,1.041597892193589e-05
5.945,0.0,77.50032400327848,0,60,1.0,4,7.623606552442652e-06
5.95,0.0,77.5002360057779,0,60,1.0,4,5.553077126893079e-06
5.955,0.0,77.50017108373179,0,60,1.0,4,4.025499571432246e-06
5.96,0.0,77.50012342628081,0,60,1.0,4,2.9041477837247786e-06
5.965,0.0,77.50008861748469,0,60,1.0,4,2.0851172868841626e-06
5.97,0.0,77.50006332045746,0,60,1.0,4,1.4898931166338597e-06
5.975,0.0,77.50004502788177,0,60,1.0,4,1.0594795710136062e-06
5.98,0.0,77.50003186631457,0,60,1.0,4,7.49795636987555e-07
5.985,0.0,77.50002244372865,0,60,1.0,4,5.28087733019835e-07
5.99,0.0,77.50001573153237,0,60,1.0,4,3.701537028679441e-07
5.995,0.0,77.50001097387214,0,60,1.0,4,2.5820875614900773e-07
6.0,0.0,77.50000761836212,0,60,1.0,4,1.7925557926901092e-07
6.005,0.001684486749771458,77.50000526351877,0,60,1.0,4,1.2384750053730815e-07
6.01,0.003097557930867117,77.50000361912504,0,60,1.0,4,8.51558832651148e-08
6.015,0.005475106668887023,77.50000247653146,0,60,1.0,4,5.827132855194898e-08
6.02,0.00930222931468658,77.50000168654122,0,60,1.0,4,3.9683322938799394e-08
6.025,0.01519157517868857,77.50000114304392,0,60,1.0,5,2.6895150995187578e-08
6.03,0.023847336626128316,77.50000077097754,0,60,1.0,5,1.814064790671503e-08
6.035,0.0359830743700859,77.50000051752744,0,60,1.0,5,1.2177116225168849e-08
6.04,0.05218887796857759,77.50000034573065,0,60,1.0,5,8.134838935802691e-09
6.045,0.0727577001223134,77.50000022985567,0,60,1.0,5,5.408368759376839e-09
6.05,0.0974992498694751,77.50000015208467,0,60,1.0,5,3.5784627444252904e-09
6.055,0.12558706050443358,77.50000010014482,0,60,1.0,5,2.3563486325549412e-09
6.06,0.15549263588878245,77.50000006562728,0,60,1.0,5,1.544171201363925e-09
6.065,0.1850529723539114,77.50000004280092,0,60,1.0,5,1.0070804739156944e-09
6.07,0.21169159439317053,77.50000002778016,0,60,1.0,5,6.536508328067344e-10
6.075,0.23277292922115492,77.50000001794442,0,60,1.0,5,4.222215466143098e-10
6.08,0.24602692519491282,77.5000000115355,0,60,1.0,5,2.714236469567849e-10
6.085,0.24995056064839283,77.50000000738001,0,60,1.0,5,1.7364728217430907e-10
6.09,0.24408826520424054,77.50000000469883,0,60,1.0,5,1.1056078405732371e-10
6.095,0.22911894216865275,77.50000000297739,0,60,1.0,5,7.005617001542466e-11
6.1,0.20672661788705934,77.50000000187757,0,60,1.0,5,4.417803639251575e-11
6.105,0.17928878030241233,77.50000000117832,0,60,1.0,5,2.7725210362833048e-11
6.11,0.14946211903866036,77.50000000073595,0,60,1.0,5,1.7316511623314855e-11
6.115,0.1197651512573837,77.50000000045745,0,60,1.0,5,1.0763468547820058e-11
6.12,0.09224675744988023,77.50000000028298,0,60,1.0,5,6.658370586913353e-12
6.125,0.06829565320281596,77.50000000017421,0,60,1.0,5,4.0990792459685025e-12
6.13,0.04860224607515734,77.50000000010674,0,60,1.0,5,2.511475994491347e-12
6.135,0.03324612389699793,77.50000000006509,0,60,1.0,5,1.5314285787205924e-12
6.14,0.021859876340472782,77.50000000003949,0,60,1.0,5,9.292227118481499e-13
6.145,0.01381595518554205,77.50000000002385,0,60,1.0,5,5.610779814613874e-13
6.15,0.008394095110402422,77.50000000001434,0,60,1.0,5,3.373824095915017e-13
6.155,0.0049052535271608,77.50000000000857,0,60,1.0,5,2.0162695042980724e-13
6.16,0.0027671663551903634,77.5000000000051,0,60,1.0,5,1.2003992571194163e-13
6.165,0.0015425553464444616,77.50000000000303,0,60,1.0,5,7.122146010207122e-14
6.17,0.0009638206637011801,77.50000000000178,0,60,1.0,5,4.1796631515300014e-14
6.175,0.0009804935156568228,77.50000000000105,0,60,1.0,5,2.4743605857057607e-14
6.18,0.0018793744894085216,77.50000000000061,0,60,1.0,5,1.4378041241263203e-14
6.185,0.004535525206900863,77.50000000000036,0,60,1.0,5,8.359326303060002e-15
6.19,0.010832767979632273,77.5000000000002,0,60,1.0,5,4.681222729713601e-15
6.195,0.024208003392322392,77.50000000000011,0,60,1.0,5,2.6749844169792007e-15
6.2,0.0500971897335304,77.50000000000007,0,60,1.0,5,1.6718652606120004e-15
6.205,0.09582894921774403,77.50000000000004,0,60,1.0,5,1.0031191563672002e-15
6.21,0.16937896721820658,77.50000000000001,0,60,1.0,5,3.343730521224001e-16
6.215,0.27661303008991756,77.50000000000001,0,60,1.0,5,3.343730521224001e-16
6.22,0.4173782800009149,77.5,0,60,1.0,5,0.0
6.225,0.5818720934538056,77.5,0,60,1.0,5,0.0
6.23,0.7494718801585675,77.5,0,60,1.0,5,0.0
6.235,0.891813020752378,77.5,0,60,1.0,5,0.0
6.24,0.9800361632936612,77.5,0,60,1.0,5,0.0
6.245,0.993574479225126,77.50000249729354,1,60,1.0,5,5.875984791547286e-08
6.25,0.9263438449375362,77.50000393227262,0,60,1.0,5,9.25240616358197e-08
6.255,0.7873015962290536,77.50000634326607,0,60,1.0,5,1.4925331918354512e-07
6.26,0.5959516244629897,77.50001061853068,0,60,1.0,5,2.498477807180547e-07
6.265,0.376910120078773,77.50001866333935,0,60,1.0,5,4.391373963966651e-07
6.27,0.15739335672107918,77.5000346400049,0,60,1.0,5,8.150589387830277e-07
6.275,-0.033361226269301235,77.50006764856651,0,60,1.0,5,1.5917309767968726e-06
6.28,-0.1680180840843834,77.50013735562356,0,60,1.0,5,3.2318970250558136e-06
6.285,-0.23069703190837854,77.50028544051958,0,60,1.0,5,6.7162475194409665e-06
6.29,-0.22587267821131068,77.500598088742,0,60,1.0,5,1.4072676282239627e-05
6.295,-0.17718181630665902,77.5012486355544,0,60,1.0,5,2.9379660103626627e-05
6.3,-0.11494332516451301,77.50257543369767,0,60,1.0,5,6.0598439945218105e-05
6.305,-0.061810214049552864,77.50521857085394,0,60,1.0,5,0.00012278990244567466
6.31,-0.026546104631500547,77.51035022511448,0,60,1.0,5,0.0002435347085759745
6.315,-0.00719600351942686,77.52004622347734,0,60,1.0,5,0.00047167584652557334
6.32,0.0022072757983807078,77.53785797415782,0,60,1.0,5,0.0008907758625368575
6.325,0.006917199873730717,77.56964902320131,0,60,1.0,5,0.0016388005459131204
6.33,0.01004859748264829,77.62475069237783,0,60,1.0,5,0.0029353104088901253
6.335,0.013037082251128167,77.71745577339965,0,60,1.0,5,0.005116606432932927
6.34,0.01645163937690478,77.86879695371151,0,60,1.0,5,0.008677575381447282
6.345,0.020526639934696615,78.10844035963862,0,60,1.0,5,0.014316243756202846
6.35,0.02539629541761738,78.47636733926622,0,60,1.0,5,0.02297334915920514
6.355,0.031171612185577933,79.02383946781148,0,60,1.0,5,0.03585504630144669
6.36,0.03795853426638131,79.81298480498413,0,60,1.0,5,0.054423171881979426
6.365,0.0458588961882057,80.91427084037524,0,60,1.0,5,0.08033578447941736
6.37,0.054966995891435555,82.40121542205652,0,60,1.0,5,0.11532271581309467
6.375,0.06536491004445595,84.34199522017235,0,60,1.0,5,0.1609881228275847
6.38,0.07711726085088699,86.78816642223576,0,60,1.0,5,0.21854509228790026
6.385,0.09026570629555215,89.7614698877538,0,60,1.0,5,0.2885051738295013
6.39,0.10482339848670268,93.24052207061501,0,60,1.0,5,0.3703652251909415
6.395,0.12076968927580028,97.14988444916018,0,60,1.0,5,0.4623502223331808
6.4,0.13804539501007884,101.35431154880669,0,60,1.0,5,0.5612779187954515
6.405,0.15654895051787066,105.66068807456148,0,60,1.0,5,0.6626044252837995
6.41,0.17613378141900526,109.82918294110652,0,60,1.0,5,0.7606866574378005
6.415,0.19660720058055794,113.59355865930326,0,60,1.0,5,0.8492602037483119
6.42,0.21773108748496234,116.6886667904499,0,60,1.0,5,0.9220862774223506
6.425,0.23922453870058807,118.88137576601841,0,60,1.0,5,0.9736794297886684
6.43,0.2607685857914563,120.0,0,60,1.0,5,1.0
6.435,0.2820129681603682,119.95710897620492,0,60,1.0,5,0.9989907994401158
6.44,0.30258482867153996,118.7615370490011,0,60,1.0,5,0.9708596952706142
6.445,0.3220990771751686,116.51733188460247,0,60,1.0,5,0.9180548678729993
6.45,0.3401700499968971,113.40983908257753,0,60,1.0,5,0.844937390178295
6.455,0.3564239911198326,109.68153227755616,0,60,1.0,5,0.757212524177792
6.46,0.3705118017738417,105.60198566964596,0,60,1.0,5,0.6612231922269637
6.465,0.3821214567925213,101.4371540045614,0,60,1.0,5,0.5632271530485037
6.47,0.39098947374066967,97.422764291288,0,60,1.0,5,0.4687709245008942
6.475,0.3969108472035567,93.74532237651536,0,60,1.0,5,0.38224287944742025
6.48,0.3997469255491936,90.53240175874944,0,60,1.0,5,0.3066447472646928
6.485,0.3994308076379137,87.85199809938081,0,60,1.0,5,0.24357642586778372
6.49,0.3959699661768434,85.71922450867264,0,60,1.0,5,0.1933935178511209
6.495,0.38944595408114946,84.10774793473297,0,60,1.0,5,0.15547642199371695
6.5,0.38001120995358023,82.96318113142691,0,60,1.0,5,0.12854543838651547
6.505,0.3678831374098315,82.21602810766474,0,60,1.0,5,0.11096536723917037
6.51,0.35333577933796634,81.79251012512853,0,60,1.0,5,0.10100023823831834
6.515,0.33668953221163944,81.62242952229444,0,60,1.0,5,0.09699834170104563
6.52,0.3182994390982644,81.64396106938082,0,60,1.0,5,0.09750496633837229
6.525,0.29854265738230645,81.80577806979818,0,60,1.0,5,0.10131242517172187
6.53,0.2778057157821067,82.0671908817687,0,60,1.0,5,0.10746331486514578
6.535,0.2564721553719815,82.3970316464962,0,60,1.0,5,0.11522427403520477
6.54,0.23491109433464996,82.77192809116943,0,60,1.0,5,0.12404536685104538
6.545,0.21346717185309805,83.1744448392447,0,60,1.0,5,0.1335163491586988
6.55,0.19245222055656455,83.59139300208605,0,60,1.0,5,0.1433268941667306
6.555,0.17213889801761392,84.0124564670148,0,60,1.0,5,0.15323426981211294
6.56,0.15275638501270183,84.42917328586134,0,60,1.0,5,0.1630393714320315
6.565,0.13448814019607322,84.83424390403286,0,60,1.0,5,0.1725704448007732
6.57,0.11747159495449566,85.22110653223218,0,60,1.0,5,0.1816730948760514
6.575,0.10179958433370105,85.58371248503667,0,60,1.0,5,0.19020499964792167
6.58,0.08752324394101413,85.91644030794227,0,60,1.0,5,0.19803388959864157
6.585,0.07465606047174059,86.21409913961364,0,60,1.0,5,0.20503762681443852
6.59,0.0631787448609295,86.47198412748827,0,60,1.0,5,0.21110550888207694
6.595,0.05304460019959574,86.68595740280897,0,60,1.0,5,0.2161401741837404
6.6,0.044185078305849994,86.85253634861876,0,60,1.0,5,0.22005967879102956
6.605,0.03651525513023255,86.96897679592873,0,60,1.0,5,0.22279945402185236
6.61,0.0299390014708757,87.03334286760078,0,60,1.0,5,0.2243139498259007
6.615,0.024353677220580638,87.04455801855013,0,60,1.0,5,0.2245778357305914
6.62,0.01965423034339045,87.00243386008354,0,60,1.0,5,0.22358667906078922
6.625,0.015736632374757337,86.90767493113825,0,60,1.0,5,0.22135705720325283
6.63,0.012500627640593535,86.76185888714967,0,60,1.0,5,0.2179260914623452
6.635,0.009851811652115898,86.56739271881541,0,60,1.0,5,0.2133504169133038
6.64,0.007703084175428559,86.32744662507005,0,60,1.0,5,0.20770462647223653
6.645,0.005975544002062424,86.04586804742218,0,60,1.0,5,0.2010792481746394
6.65,0.004598905818663047,85.72707910938607,0,60,1.0,5,0.19357833198555455
6.655,0.0035115256454839104,85.3759612733947,0,60,1.0,5,0.18531673584458103
6.66,0.002660121266303676,84.99773140981047,0,60,1.0,5,0.1764172096425993
6.665,0.0019992692560877024,84.59781365754361,0,60,1.0,5,0.16700738017749672
6.67,0.0014907520044639367,84.1817114421235,0,60,1.0,5,0.1572167398146706
6.675,0.0011028178277539807,83.75488381385719,0,60,1.0,5,0.14717373679663978
6.68,0.0008094059938923333,83.3226298946003,0,60,1.0,5,0.1370030563435364
6.685,0.0005893771793717645,82.88998470356078,0,60,1.0,5,0.12682316949554787
6.69,0.0004257792353490551,82.46162900365687,0,60,1.0,5,0.11674421185074982
6.695,0.0003051686392901525,82.04181510746733,0,60,1.0,5,0.10686623782276068
6.7,0.00021699992642659966,81.63430984453429,0,60,1.0,5,0.09727787869492438
6.705,0.00015308884054097838,81.242355157684,0,60,1.0,5,0.08805541547491771
6.71,0.00010714989329311098,80.86864610012042,0,60,1.0,5,0.07926226117930388
6.715,7.440535854020571e-05,80.51532537751636,0,60,1.0,5,0.07094883241214969
6.72,5.1260276743925106e-05,80.18399304420547,0,60,1.0,5,0.06315277751071682
6.725,3.503659887882241e-05,79.87572953684843,0,60,1.0,5,0.055899518514080586
6.73,2.375894748103639e-05,79.59112992222373,0,60,1.0,5,0.04920305699349951
6.735,1.5984413869232557e-05,79.33034705046295,0,60,1.0,5,0.04306698942265758
6.74,1.0669166579899869e-05,79.09314123688262,0,60,1.0,5,0.037485676161943905
6.745,7.06526633560511e-06,78.87893413465613,0,60,1.0,5,0.032445509050732575
6.75,4.641847214699205e-06,78.68686459254717,0,60,1.0,5,0.02792622570699216
6.755,3.025641074479182e-06,78.51584449930009,0,60,1.0,5,0.023902223512943223
6.76,1.9566278676921314e-06,78.36461287981392,0,60,1.0,5,0.020343832466209855
6.765,1.2553456560008793e-06,78.23178680825401,0,60,1.0,5,0.017218513135388573
6.77,7.990660428214668e-07,78.115908020864,0,60,1.0,5,0.014491953432094066
6.775,5.046221251618276e-07,78.01548442923266,0,60,1.0,5,0.012129045393709582
6.78,3.1616527078858815e-07,77.9290260383968,0,60,1.0,5,0.0100947303152188
6.785,1.9652884407760343e-07,77.85507505159521,0,60,1.0,5,0.008354707096357822
6.79,1.2120002189836396e-07,77.79223018604874,0,60,1.0,5,0.006876004377617432
6.795,7.415549848886236e-08,77.73916542629568,0,60,1.0,5,0.005627421795192584
6.8,4.501406988770349e-08,77.69464360077374,0,60,1.0,5,0.004579849429970462
6.805,0.0,77.65752528354044,0,60,1.0,5,0.0037064772597749894
6.81,0.0,77.62677359845337,0,60,1.0,5,0.002982908198902792
6.815,0.0,77.60145554165466,0,60,1.0,5,0.00238718921540373
6.82,0.0,77.58074044483718,0,60,1.0,5,0.0018997751726394254
6.825,0.0,77.56389618220217,0,60,1.0,5,0.00150343958122756
6.83,0.0,77.55028368416444,0,60,1.0,5,0.001183145509751552
6.835,0.0,77.53935026650197,0,60,1.0,5,0.0009258886235757553
6.84,0.0,77.53062222013041,0,60,1.0,5,0.0007205228265979044
6.845,0.0,77.52369703872787,0,60,1.0,5,0.0005575773818323422
6.85,0.0,77.51823559299608,0,60,1.0,5,0.0004290727763783011
6.855,0.0,77.51395449456273,0,60,1.0,5,0.00032834104853470626
6.86,0.0,77.5106188317357,0,60,1.0,5,0.00024985486436936724
6.865,0.0,77.5080354050833,0,60,1.0,5,0.00018906835490129731
6.87,0.0,77.50604654403189,0,60,1.0,5,0.0001422716242797485
6.875,0.0,77.50452454666993,0,60,1.0,5,0.00010645992164534298
6.88,0.0,77.5033667535964,0,60,1.0,5,7.921773167989908e-05
6.885,0.0,77.50249124248262,0,60,1.0,5,5.861747017928899e-05
6.89,0.0,77.50183311232645,0,60,1.0,5,4.313205474003927e-05
6.895,0.0,77.50134131432361,0,60,1.0,5,3.156033702613486e-05
6.9,0.0,77.50097597895923,0,60,1.0,5,2.296421080546572e-05
6.905,0.0,77.50070618543435,0,60,1.0,5,1.6616127867136504e-05
6.91,0.0,77.50050811903469,0,60,1.0,5,1.1955741992738588e-05
6.915,0.0,77.50036356375567,0,60,1.0,5,8.554441309878016e-06
6.92,0.0,77.5002586807467,0,60,1.0,5,6.086605804632521e-06
6.925,0.0,77.5001830273698,0,60,1.0,5,4.30652634824636e-06
6.93,0.0,77.50012877642952,0,60,1.0,5,3.030033635762747e-06
6.935,0.0,77.50009010007003,0,60,1.0,5,2.120001647654135e-06
6.94,0.0,77.50006268769272,0,60,1.0,5,1.475004534554233e-06
6.945,0.0,77.50004337184035,0,60,1.0,5,1.0205138905535826e-06
6.95,0.0,77.50002984020645,0,60,1.0,5,7.021225047430883e-07
6.955,0.001684486749771458,77.50002041569667,0,60,1.0,5,4.80369333351572e-07
6.96,0.003097557930867117,77.50001388976806,0,60,1.0,5,3.2681807189927736e-07
6.965,0.005475106668887023,77.5000093971074,0,60,1.0,5,2.2110840953192724e-07
6.97,0.00930222931468658,77.50000632210633,0,60,1.0,5,1.487554430589037e-07
6.975,0.01519157517868857,77.5000042295855,0,60,1.0,5,9.951965881448225e-08
6.98,0.023847336626128316,77.50000281385834,0,60,1.0,5,6.620843163652941e-08
6.985,0.0359830743700859,77.50000186155152,0,60,1.0,5,4.380121234081504e-08
6.99,0.05218887796857759,77.50000122466216,0,60,1.0,5,2.8815580154674963e-08
6.995,0.0727577001223134,77.50000080117233,0,60,1.0,5,1.885111373667314e-08
7.0,0.0974992498694751,77.50000052119951,0,60,1.0,5,1.2263517887464225e-08
7.005,0.12558706050443358,77.50000033717119,0,60,1.0,5,7.933439693421378e-09
7.01,0.15549263588878245,77.50000021690289,0,60,1.0,5,5.103597419185783e-09
7.015,0.1850529723539114,77.50000013875498,0,60,1.0,5,3.264823162145844e-09
7.02,0.21169159439317053,77.50000008826738,0,60,1.0,5,2.0768796355910393e-09
7.025,0.23277292922115492,77.50000005583678,0,60,1.0,5,1.313806558969458e-09
7.03,0.24602692519491282,77.5000000351244,0,60,1.0,5,8.264564980088514e-10
7.035,0.24995056064839283,77.5000000219718,0,60,1.0,5,5.169835383319022e-10
7.04,0.24408826520424054,77.50000001366756,0,60,1.0,5,3.215896359667086e-10
7.045,0.22911894216865275,77.50000000845444,0,60,1.0,5,1.9892789115307524e-10
7.05,0.20672661788705934,77.50000000520052,0,60,1.0,5,1.223651559164008e-10
7.055,0.17928878030241233,77.5000000031811,0,60,1.0,5,7.484940771759926e-11
7.06,0.14946211903866036,77.50000000193498,0,60,1.0,5,4.552890352309024e-11
7.065,0.1197651512573837,77.50000000117042,0,60,1.0,5,2.7539298945852995e-11
7.07,0.09224675744988023,77.500000000704,0,60,1.0,5,1.6564841002143702e-11
7.075,0.06829565320281596,77.5000000004211,0,60,1.0,5,9.90814228049096e-12
7.08,0.04860224607515734,77.50000000025047,0,60,1.0,5,5.893325043657301e-12
7.085,0.03324612389699793,77.50000000014815,0,60,1.0,5,3.4858390683760207e-12
7.09,0.021859876340472782,77.50000000008714,0,60,1.0,5,2.0503755556145573e-12
7.095,0.01381595518554205,77.50000000005096,0,60,1.0,5,1.1990617649109267e-12
7.1,0.008394095110402422,77.50000000002964,0,60,1.0,5,6.975021867273266e-13
7.105,0.0049052535271608,77.50000000001714,0,60,1.0,5,4.032539008596145e-13
7.11,0.0027671663551903634,77.50000000000986,0,60,1.0,5,2.3205489817294564e-13
7.115,0.0015425553464444616,77.50000000000564,0,60,1.0,5,1.3274610169259284e-13
7.12,0.0009638206637011801,77.50000000000321,0,60,1.0,5,7.556830977966242e-14
7.125,0.0009804935156568228,77.50000000000182,0,60,1.0,5,4.279975067166721e-14
7.13,0.0018793744894085216,77.50000000000102,0,60,1.0,5,2.4074859752812806e-14
7.135,0.004535525206900863,77.50000000000057,0,60,1.0,5,1.3374922084896003e-14
7.14,0.010832767979632273,77.50000000000031,0,60,1.0,5,7.356207146692803e-15
7.145,0.024208003392322392,77.50000000000017,0,60,1.0,5,4.012476625468801e-15
7.15,0.0500971897335304,77.5000000000001,0,60,1.0,5,2.3406113648568006e-15
7.155,0.09582894921774403,77.50000000000006,0,60,1.0,5,1.3374922084896003e-15
7.16,0.16937896721820658,77.50000000000003,0,60,1.0,5,6.687461042448002e-16
7.165,0.27661303008991756,77.50000000000001,0,60,1.0,5,3.343730521224001e-16
7.17,0.4173782800009149,77.50000000000001,0,60,1.0,5,3.343730521224001e-16
7.175,0.5818720934538056,77.5,0,60,1.0,5,0.0
7.18,0.7494718801585675,77.5,0,60,1.0,5,0.0
7.185,0.891813020752378,77.5,0,60,1.0,5,0.0
7.19,0.9800361632936612,77.5,0,60,1.0,5,0.0
7.195,0.993574479225126,77.50000249379623,1,60,1.0,5,5.8677558372972485e-08
7.2,0.9263438449375362,77.5000037873591,0,60,1.0,5,8.911433189282167e-08
7.205,0.7873015962290536,77.50000586643203,0,60,1.0,5,1.3803369490554305e-07
7.21,0.5959516244629897,77.50000936112565,0,60,1.0,5,2.202617799733108e-07
7.215,0.376910120078773,77.50001553885947,0,60,1.0,5,3.656202228713108e-07
7.22,0.15739335672107918,77.5000269987902,0,60,1.0,5,6.352656518682873e-07
7.225,-0.033361226269301235,77.50004909538588,0,60,1.0,5,1.1551855500195362e-06
7.23,-0.1680180840843834,77.5000927881157,0,60,1.0,6,2.1832497810357704e-06
7.235,-0.23069703190837854,77.50018019691618,0,60,1.0,6,4.239927439437665e-06
7.24,-0.22587267821131068,77.50035512985896,0,60,1.0,6,8.355996681409712e-06
7.245,-0.17718181630665902,77.50070244716376,0,60,1.0,6,1.652816855907451e-05
7.25,-0.11494332516451301,77.50138258743117,0,60,1.0,6,3.253146896862049e-05
7.255,-0.061810214049552864,77.50269116678194,0,60,1.0,6,6.332157133984391e-05
7.26,-0.026546104631500547,77.50515844333034,0,60,1.0,6,0.00012137513718458007
7.265,-0.00719600351942686,77.50970954477438,0,60,1.0,6,0.00022845987704426187
7.27,0.0022072757983807078,77.5179131238936,0,60,1.0,6,0.00042148526808486006
7.275,0.006917199873730717,77.5323521823347,0,60,1.0,6,0.0007612278196401188
7.28,0.01004859748264829,77.55715374596484,0,60,1.0,6,0.0013447940227021102
7.285,0.013037082251128167,77.59871019466716,0,60,1.0,6,0.0023225928156979507
7.29,0.01645163937690478,77.66660957566988,0,60,1.0,6,0.00392022530987955
7.295,0.020526639934696615,77.77476004056273,0,60,1.0,6,0.006464942130887654
7.3,0.02539629541761738,77.94264063456316,0,60,1.0,6,0.01041507375442734
7.305,0.031171612185577933,78.1965363540429,0,60,1.0,6,0.016389090683362476
7.31,0.03795853426638131,78.57052498893353,0,60,1.0,6,0.025188823269024184
7.315,0.0458588961882057,79.10689048440082,0,60,1.0,6,0.03780918786825463
7.32,0.054966995891435555,79.85556550877875,0,60,1.0,6,0.05542507079479418
7.325,0.06536491004445595,80.87218550073672,0,60,1.0,6,0.07934554119380517
7.33,0.07711726085088699,82.21440106636989,0,60,1.0,6,0.1109270839145856
7.335,0.09026570629555215,83.93627195484723,0,60,1.0,6,0.1514416930552289
7.34,0.10482339848670268,86.08086244957394,0,60,1.0,6,0.20190264587232806
7.345,0.12076968927580028,88.67155390032357,0,60,1.0,6,0.2628600917723194
7.35,0.13804539501007884,91.70302829420208,0,60,1.0,6,0.33418890104004906
7.355,0.15654895051787066,95.13326660856461,0,60,1.0,6,0.41490039078975555
7.36,0.17613378141900526,98.87813714204108,0,60,1.0,6,0.5030149915774372
7.365,0.19660720058055794,102.81011793964564,0,60,1.0,6,0.5955321868151915
7.37,0.21773108748496234,106.76233734752944,0,60,1.0,6,0.6885255846477515
7.375,0.23922453870058807,110.53842825599659,0,60,1.0,6,0.7773747824940375
7.38,0.2607685857914563,113.92775900036906,0,60,1.0,6,0.8571237411851544
7.385,0.2820129681603682,116.72459033287774,0,60,1.0,6,0.9229315372441821
7.39,0.30258482867153996,118.74882595036786,0,60,1.0,6,0.9705606105968908
7.395,0.3220990771751686,119.8654865137496,0,60,1.0,6,0.9968349767941083
7.4,0.3401700499968971,120.0,0,60,1.0,6,1.0
7.405,0.3564239911198326,119.1469163744074,0,60,1.0,6,0.9799274441037035
7.41,0.3705118017738417,117.37064685570721,0,60,1.0,6,0.9381328671931107
7.415,0.3821214567925213,114.79810695801649,0,60,1.0,6,0.8776025166592115
7.42,0.39098947374066967,111.60444632346429,0,60,1.0,6,0.8024575605521009
7.425,0.3969108472035567,107.99410915756765,0,60,1.0,6,0.7175084507662977
7.43,0.3997469255491936,104.18007944020901,0,60,1.0,6,0.6277665750637414
7.435,0.3994308076379137,100.36422724801442,0,60,1.0,6,0.5379818176003391
7.44,0.3959699661768434,96.7212161790668,0,60,1.0,6,0.45226391009568945
7.445,0.38944595408114946,93.38759728931282,0,60,1.0,6,0.3738258185720664
7.45,0.38001120995358023,90.45670883537264,0,60,1.0,6,0.3048637373028856
7.455,0.3678831374098315,87.9790401462504,0,60,1.0,6,0.24656565050000936
7.46,0.35333577933796634,85.96697701419116,0,60,1.0,6,0.19922298856920373
7.465,0.33668953221163944,84.4024246438112,0,60,1.0,6,0.1624099916190871
7.47,0.3182994390982644,83.24571739115189,0,60,1.0,6,0.13519335038004435
7.475,0.29854265738230645,82.44441592118244,0,60,1.0,6,0.11633919814546917
7.48,0.2778057157821067,81.94096223704659,0,60,1.0,6,0.10449322910697861
7.485,0.2564721553719815,81.67860013199362,0,60,1.0,6,0.09832000310573222
7.49,0.23491109433464996,81.6053774632043,0,60,1.0,6,0.09659711678127779
7.495,0.21346717185309805,81.67636369433883,0,60,1.0,6,0.09826738104326664
7.5,0.19245222055656455,81.85441421730658,0,60,1.0,6,0.10245680511309609
7.505,0.17213889801761392,82.10989597948169,0,60,1.0,6,0.10846814069368688
7.51,0.15275638501270183,82.4197812649522,0,60,1.0,6,0.11575955917534603
7.515,0.13448814019607322,82.76645106571821,0,60,1.0,6,0.123916495663958
7.52,0.11747159495449566,83.13645818712642,0,60,1.0,6,0.13262254557944522
7.525,0.10179958433370105,83.51940780368162,0,60,1.0,6,0.1416331247925086
7.53,0.08752324394101413,83.90703501007195,0,60,1.0,6,0.15075376494286943
7.535,0.07465606047174059,84.29250168132002,0,60,1.0,6,0.15982356897223574
7.54,0.0631787448609295,84.66989887994485,0,60,1.0,6,0.16870350305752596
7.545,0.05304460019959574,85.03392255252196,0,60,1.0,6,0.1772687659416931
7.55,0.044185078305849994,85.37968430795249,0,60,1.0,6,0.1854043366577056
7.555,0.03651525513023255,85.70262077560254,0,60,1.0,6,0.1930028417788833
7.56,0.0299390014708757,85.99847050884269,0,60,1.0,6,0.19996401197276908
7.565,0.024353677220580638,86.26329398177421,0,60,1.0,6,0.2061951525123344
7.57,0.01965423034339045,86.49351840681324,0,60,1.0,6,0.21161219780737028
7.575,0.015736632374757337,86.68599420541278,0,60,1.0,6,0.2161410401273596
7.58,0.012500627640593535,86.83805385632725,0,60,1.0,6,0.2197189142665235
7.585,0.009851811652115898,86.94756666863884,0,60,1.0,6,0.22229568632091393
7.59,0.007703084175428559,87.01298502755421,0,60,1.0,6,0.2238349418248049
7.595,0.005975544002062424,87.03337908862481,0,60,1.0,6,0.2243148020852897
7.6,0.004598905818663047,87.0084579536151,0,60,1.0,6,0.2237284224380025
7.605,0.0035115256454839104,86.938576193165,0,60,1.0,6,0.22208414572152954
7.61,0.002660121266303676,86.82472527864306,0,60,1.0,6,0.2194053006739543
7.615,0.0019992692560877024,86.66851009780702,0,60,1.0,6,0.21572964936016506
7.62,0.0014907520044639367,86.47211127728372,0,60,1.0,6,0.2111085006419698
7.625,0.0011028178277539807,86.23823452311164,0,60,1.0,6,0.2056055181908622
7.63,0.0008094059938923333,85.97004861293706,0,60,1.0,6,0.19929526148087207
7.635,0.0005893771793717645,85.67111402048207,0,60,1.0,6,0.19226150636428388
7.64,0.0004257792353490551,85.34530441514248,0,60,1.0,6,0.18459539800335245
7.645,0.0003051686392901525,84.99672344980459,0,60,1.0,6,0.1763934929365786
7.65,0.00021699992642659966,84.62961932448681,0,60,1.0,6,0.16775574881145436
7.655,0.00015308884054097838,84.248299592624,0,60,1.0,6,0.15878351982644692
7.66,0.00010714989329311098,83.85704856531288,0,60,1.0,6,0.14957761330147953
7.665,7.440535854020571e-05,83.4600494751478,0,60,1.0,6,0.14023645823877173
7.67,5.1260276743925106e-05,83.06131329728954,0,60,1.0,6,0.13085443052445986
7.675,3.503659887882241e-05,82.66461580565927,0,60,1.0,6,0.1215203718978651
7.68,2.375894748103639e-05,82.2734440829479,0,60,1.0,6,0.1123163313634801
7.685,1.5984413869232557e-05,81.89095332165515,0,60,1.0,6,0.10331654874482699
7.69,1.0669166579899869e-05,81.51993436674516,0,60,1.0,6,0.0945866909822391
7.695,7.06526633560511e-06,81.16279207494762,0,60,1.0,6,0.08618334293994394
7.7,4.641847214699205e-06,80.82153421580314,0,60,1.0,6,0.07815374625419154
7.705,3.025641074479182e-06,80.49777032755243,0,60,1.0,6,0.07053577241299837
7.71,1.9566278676921314e-06,80.19271967649756,0,60,1.0,6,0.06335811003523671
7.715,1.2553456560008793e-06,79.9072272581673,0,60,1.0,6,0.05664064136864226
7.72,7.990660428214668e-07,79.64178662610968,0,60,1.0,6,0.05039497943787477
7.725,5.046221251618276e-07,79.39656824009577,0,60,1.0,6,0.04462513506107705
7.73,3.1616527078858815e-07,79.17145198793789,0,60,1.0,6,0.03932828206912672
7.735,1.9652884407760343e-07,78.96606254967222,0,60,1.0,6,0.034495589404052146
7.74,1.2120002189836396e-07,78.77980633332653,0,60,1.0,6,0.03011309019591843
7.745,7.415549848886236e-08,78.61190881032023,0,60,1.0,6,0.026162560242828946
7.75,4.501406988770349e-08,78.46145120731774,0,60,1.0,6,0.022622381348652625
7.755,0.0,78.32740566133431,0,60,1.0,6,0.019468368501983777
7.76,0.0,78.20866810746416,0,60,1.0,6,0.016674543705039135
7.765,0.0,78.10408833568827,0,60,1.0,6,0.014213843192665282
7.77,0.0,78.01249681760311,0,60,1.0,6,0.012058748649484882
7.775,0.0,77.93272805946427,0,60,1.0,6,0.010181836693276877
7.78,0.0,77.86364037977026,0,60,1.0,6,0.008556244229888467
7.785,0.0,77.80413213413297,0,60,1.0,6,0.007156050214893426
7.79,0.0,77.75315451508283,0,60,1.0,6,0.005956576825478271
7.795,0.0,77.70972113863759,0,60,1.0,6,0.004934615026766832
7.8,0.0,77.67291469288736,0,60,1.0,6,0.004068581009114362
7.805,0.0,77.6418909673889,0,60,1.0,6,0.0033386109973859595
7.81,0.0,77.61588060740796,0,60,1.0,6,0.0027266025272461
7.815,0.0,77.59418894611207,0,60,1.0,6,0.002216210496754577
7.82,0.0,77.57619426314615,0,60,1.0,6,0.0017928061916741038
7.825,0.0,77.56134480222934,0,60,1.0,6,0.001443407111278649
7.83,0.0,77.54915485611353,0,60,1.0,6,0.001156584849730159
7.835,0.0,77.53920019694617,0,60,1.0,6,0.0009223575752039725
7.84,0.0,77.53111309607614,0,60,1.0,6,0.0007320728488503605
7.845,0.0,77.52457714164618,0,60,1.0,6,0.0005782856857923862
7.85,0.0,77.51932202662293,0,60,1.0,6,0.00045463592053953804
7.855,0.0,77.51511844558637,0,60,1.0,6,0.00035572813144393184
7.86,0.0,77.51177320666078,0,60,1.0,6,0.0002770166273124045
7.865,0.0,77.50912463613587,0,60,1.0,6,0.00021469732084389816
7.87,0.0,77.50703832803256,0,60,1.0,6,0.00016560771841327818
7.875,0.0,77.50540326930944,0,60,1.0,6,0.00012713574845740956
7.88,0.0,77.50412835357564,0,60,1.0,6,9.713773119147738e-05
7.885,0.0,77.50313928191733,0,60,1.0,6,7.3865456878299e-05
7.89,0.0,77.50237583848272,0,60,1.0,6,5.590208194636194e-05
7.895,0.0,77.50178952045918,0,60,1.0,6,4.2106363745500964e-05
7.9,0.0,77.50134149662578,0,60,1.0,6,3.156462648903738e-05
7.905,0.0,77.5010008653694,0,60,1.0,6,2.3549773397783557e-05
7.91,0.0,77.50074318152002,0,60,1.0,6,1.748662400051912e-05
7.915,0.0,77.50054922121242,0,60,1.0,6,1.2922852057031645e-05
7.92,0.0,77.50040395488503,0,60,1.0,6,9.504820824237387e-06
7.925,0.0,77.50029570017914,0,60,1.0,6,6.957651273818128e-06
7.93,0.0,77.50021542865605,0,60,1.0,6,5.068909554077383e-06
7.935,0.0,77.50015620269332,0,60,1.0,6,3.675357489849857e-06
7.94,0.0,77.50011272149108,0,60,1.0,6,2.652270378308351e-06
7.945,0.0,77.50008095768732,0,60,1.0,6,1.904886760391545e-06
7.95,0.0,77.50005786855301,0,60,1.0,6,1.361613012102894e-06
7.955,0.0,77.50004116805168,0,60,1.0,6,9.686600395418602e-07
7.96,0.0,77.50002914816145,0,60,1.0,6,6.8583909283274e-07
7.965,0.0,77.50002053975126,0,60,1.0,6,4.832882649786958e-07
7.97,0.0,77.50001440496989,0,60,1.0,6,3.3894046797446634e-07
7.975,0.0,77.50001005455123,0,60,1.0,6,2.3657767589129968e-07
7.98,0.0,77.50000698467477,0,60,1.0,6,1.6434528868772116e-07
7.985,0.001684486749771458,77.50000482906273,0,60,1.0,6,1.1362500545681755e-07
7.99,0.003097557930867117,77.50000332286477,0,60,1.0,6,7.8185053432796e-08
7.995,0.005475106668887023,77.50000227559855,0,60,1.0,6,5.354349522188867e-08
8.0,0.00930222931468658,77.50000155099998,0,60,1.0,6,3.6494117239271875e-08
8.005,0.01519157517868857,77.50000105210987,0,60,1.0,6,2.475552625636577e-08
8.01,0.023847336626128316,77.50000071030286,0,60,1.0,6,1.6713008389000177e-08
8.015,0.0359830743700859,77.50000047726456,0,60,1.0,6,1.1229754443989162e-08
8.02,0.05218887796857759,77.50000031915964,0,60,1.0,6,7.509638568508843e-09
8.025,0.0727577001223134,77.50000021241732,0,60,1.0,6,4.99805457152166e-09
8.03,0.0974992498694751,77.50000014070355,0,60,1.0,6,3.3106717263067632e-09
8.035,0.12558706050443358,77.50000009275841,0,60,1.0,6,2.1825508825071773e-09
8.04,0.15549263588878245,77.50000006086039,0,60,1.0,6,1.432009104759987e-09
8.045,0.1850529723539114,77.50000003974196,0,60,1.0,6,9.351050025810872e-10
8.05,0.21169159439317053,77.50000002582837,0,60,1.0,6,6.077263659629834e-10
8.055,0.23277292922115492,77.50000001670621,0,60,1.0,6,3.9308728820983294e-10
8.06,0.24602692519491282,77.50000001075455,0,60,1.0,6,2.5304817587739844e-10
8.065,0.24995056064839283,77.50000000689032,0,60,1.0,6,1.6212512117122327e-10
8.07,0.24408826520424054,77.5000000043936,0,60,1.0,6,1.0337878527078668e-10
8.075,0.22911894216865275,77.50000000278825,0,60,1.0,6,6.560599906472764e-11
8.08,0.20672661788705934,77.50000000176108,0,60,1.0,6,4.143718048426843e-11
8.085,0.17928878030241233,77.50000000110703,0,60,1.0,6,2.6047660760334968e-11
8.09,0.14946211903866036,77.50000000069258,0,60,1.0,6,1.629600506823729e-11
8.095,0.1197651512573837,77.50000000043124,0,60,1.0,6,1.0146884639706353e-11
8.1,0.09224675744988023,77.50000000026724,0,60,1.0,6,6.287885245161734e-12
8.105,0.06829565320281596,77.50000000016482,0,60,1.0,6,3.878058658515596e-12
8.11,0.04860224607515734,77.50000000010117,0,60,1.0,6,2.380401758059366e-12
8.115,0.03324612389699793,77.5000000000618,0,60,1.0,6,1.454188403680318e-12
8.12,0.021859876340472782,77.50000000003757,0,60,1.0,6,8.840823498116258e-13
8.125,0.01381595518554205,77.50000000002274,0,60,1.0,6,5.349968833958402e-13
8.13,0.008394095110402422,77.5000000000137,0,60,1.0,6,3.223356222459937e-13
8.135,0.0049052535271608,77.50000000000821,0,60,1.0,6,1.9326762412674725e-13
8.14,0.0027671663551903634,77.5000000000049,0,60,1.0,6,1.1535870298222802e-13
8.145,0.0015425553464444616,77.50000000000291,0,60,1.0,6,6.854647568509201e-14
8.15,0.0009638206637011801,77.50000000000172,0,60,1.0,6,4.045913930681041e-14
8.155,0.0009804935156568228,77.50000000000101,0,60,1.0,6,2.3740486700690407e-14
8.16,0.0018793744894085216,77.5000000000006,0,60,1.0,6,1.4043668189140804e-14
8.165,0.004535525206900863,77.50000000000034,0,60,1.0,6,8.024953250937602e-15
8.17,0.010832767979632273,77.5000000000002,0,60,1.0,6,4.681222729713601e-15
8.175,0.024208003392322392,77.50000000000011,0,60,1.0,6,2.6749844169792007e-15
8.18,0.0500971897335304,77.50000000000007,0,60,1.0,6,1.6718652606120004e-15
8.185,0.09582894921774403,77.50000000000004,0,60,1.0,6,1.0031191563672002e-15
8.19,0.16937896721820658,77.50000000000001,0,60,1.0,6,3.343730521224001e-16
8.195,0.27661303008991756,77.50000000000001,0,60,1.0,6,3.343730521224001e-16
8.2,0.4173782800009149,77.5,0,60,1.0,6,0.0
8.205,0.5818720934538056,77.5,0,60,1.0,6,0.0
8.21,0.7494718801585675,77.5,0,60,1.0,6,0.0
8.215,0.891813020752378,77.5,0,60,1.0,6,0.0
8.22,0.9800361632936612,77.5,0,60,1.0,6,0.0
8.225,0.993574479225126,77.50000249460615,1,60,1.0,6,5.86966152963321e-08
8.23,0.9263438449375362,77.50000372135824,0,60,1.0,6,8.75613703582905e-08
8.235,0.7873015962290536,77.50000565062012,0,60,1.0,6,1.3295576763994177e-07
8.24,0.5959516244629897,77.50000881042637,0,60,1.0,6,2.0730414977312167e-07
8.245,0.376910120078773,77.50001422957038,0,60,1.0,6,3.3481342076329917e-07
8.25,0.15739335672107918,77.50002395205593,0,60,1.0,6,5.635777864988674e-07
8.255,-0.033361226269301235,77.5000420636567,0,60,1.0,6,9.897330986565494e-07
8.26,-0.1680180840843834,77.50007669707328,0,60,1.0,6,1.8046370184145096e-06
8.265,-0.23069703190837854,77.50014385613446,0,60,1.0,6,3.3848502225202324e-06
8.27,-0.22587267821131068,77.50027452450676,0,60,1.0,6,6.459400159161198e-06
8.275,-0.17718181630665902,77.50052752764168,0,60,1.0,6,1.241241509834414e-05
8.28,-0.11494332516451301,77.50101215744053,0,60,1.0,6,2.381546918888275e-05
8.285,-0.061810214049552864,77.50192682085145,0,60,1.0,6,4.533696121063044e-05
8.29,-0.026546104631500547,77.50362308040955,0,60,1.0,6,8.524895081303144e-05
8.295,-0.00719600351942686,77.50670845021435,0,60,1.0,6,0.00015784588739640694
8.3,0.0022072757983807078,77.51220599164661,0,60,1.0,6,0.0002871998034496461
8.305,0.006917199873730717,77.52179350964896,0,60,1.0,6,0.0005127884623284311
8.31,0.01004859748264829,77.53814877820113,0,60,1.0,6,0.0008976183106149031
8.315,0.013037082251128167,77.56542776981523,0,60,1.0,6,0.001539476936828939
8.32,0.01645163937690478,77.60989759869679,0,60,1.0,6,0.002585825851689178
8.325,0.020526639934696615,77.6807315206384,0,60,1.0,6,0.004252506367962429
8.33,0.02539629541761738,77.79094659926142,0,60,1.0,6,0.0068458023355627605
8.335,0.031171612185577933,77.95842333711083,0,60,1.0,6,0.010786431461431288
8.34,0.03795853426638131,78.20689096283934,0,60,1.0,6,0.0166327285373962
8.345,0.0458588961882057,78.56669655777527,0,60,1.0,6,0.025098742535888785
8.35,0.054966995891435555,79.07511066200658,0,60,1.0,6,0.03706142734133129
8.355,0.06536491004445595,79.77587220021896,0,60,1.0,6,0.05354993412279896
8.36,0.07711726085088699,80.71766202080015,0,60,1.0,6,0.07570969460706231
8.365,0.09026570629555215,81.95123894984235,0,60,1.0,6,0.10473503411393761
8.37,0.10482339848670268,83.52509277751652,0,60,1.0,6,0.14176688888274164
8.375,0.12076968927580028,85.47967161003584,0,60,1.0,6,0.18775697905966673
8.38,0.13804539501007884,87.84051510035516,0,60,1.0,6,0.2433062376554156
8.385,0.15654895051787066,90.61093634185639,0,60,1.0,6,0.3084926198083856
8.39,0.17613378141900526,93.76518786395582,0,60,1.0,6,0.38271030268131334
8.395,0.19660720058055794,97.2432506243826,0,60,1.0,6,0.4645470735148846
8.4,0.21773108748496234,100.94842773084399,0,60,1.0,6,0.5517277113139762
8.405,0.23922453870058807,104.74875318118484,0,60,1.0,6,0.6411471336749374
8.41,0.2607685857914563,108.48282317367621,0,60,1.0,6,0.729007604086499
8.415,0.2820129681603682,111.97005664754334,0,60,1.0,6,0.8110601564127846
8.42,0.30258482867153996,115.02467864297884,0,60,1.0,6,0.8829336151289139
8.425,0.3220990771751686,117.47202229769906,0,60,1.0,6,0.9405181717105661
8.43,0.3401700499968971,119.16520707469039,0,60,1.0,6,0.9803578135221267
8.435,0.3564239911198326,120.0,0,60,1.0,7,1.0
8.44,0.3705118017738417,119.92578151822536,0,60,1.0,7,0.9982536827817733
8.445,0.3821214567925213,118.95102289730116,0,60,1.0,7,0.9753181858188508
8.45,0.39098947374066967,117.14246274518496,0,60,1.0,7,0.9327638292984696
8.455,0.3969108472035567,114.61810451972603,0,60,1.0,7,0.8733671651700243
8.46,0.3997469255491936,111.5350680111271,0,60,1.0,7,0.8008251296735787
8.465,0.3994308076379137,108.0740441083796,0,60,1.0,7,0.7193892731383434
8.47,0.3959699661768434,104.42249674272264,0,60,1.0,7,0.633470511593474
8.475,0.38944595408114946,100.75877354497398,0,60,1.0,7,0.5472652598817407
8.48,0.38001120995358023,97.23895250911174,0,60,1.0,7,0.4644459413908645
8.485,0.3678831374098315,93.98765955902843,0,60,1.0,7,0.38794493080066894
8.49,0.35333577933796634,91.09337674826752,0,60,1.0,7,0.3198441587827651
8.495,0.33668953221163944,88.60806578475214,0,60,1.0,7,0.26136625375887396
8.5,0.3182994390982644,86.55037538685598,0,60,1.0,7,0.21295000910249354
8.505,0.29854265738230645,84.91135658494059,0,60,1.0,7,0.17438486082213156
8.51,0.2778057157821067,83.66149701265033,0,60,1.0,7,0.14497640029765482
8.515,0.2564721553719815,82.75797548000064,0,60,1.0,7,0.12371707011766209
8.52,0.23491109433464996,82.1512715900934,0,60,1.0,7,0.1094416844727859
8.525,0.21346717185309805,81.79056899773018,0,60,1.0,7,0.10095456465247474
8.53,0.19245222055656455,81.62769723046279,0,60,1.0,7,0.09712228777559496
8.535,0.17213889801761392,81.61961520483318,0,60,1.0,7,0.09693212246666308
8.54,0.15275638501270183,81.72962172673779,0,60,1.0,7,0.09952051121735976
8.545,0.13448814019607322,81.92757810348637,0,60,1.0,7,0.10417830831732632
8.55,0.11747159495449566,82.18945565966037,0,60,1.0,7,0.11034013316847924
8.555,0.10179958433370105,82.49649588446255,0,60,1.0,7,0.11756460904617758
8.56,0.08752324394101413,82.83421513759593,0,60,1.0,7,0.12551094441402197
8.565,0.07465606047174059,83.19141883220342,0,60,1.0,7,0.13391573722831587
8.57,0.0631787448609295,83.55932610315664,0,60,1.0,7,0.1425723788978032
8.575,0.05304460019959574,83.93085353810575,0,60,1.0,7,0.1513142008966059
8.58,0.044185078305849994,84.30006879848048,0,60,1.0,7,0.16000161878777602
8.585,0.03651525513023255,84.6618013884261,0,60,1.0,7,0.16851297384531996
8.59,0.0299390014708757,85.01138584869369,0,60,1.0,7,0.17673849055749863
8.595,0.024353677220580638,85.34450891949677,0,60,1.0,7,0.18457668045874764
8.6,0.01965423034339045,85.65713355682738,0,60,1.0,7,0.19193255427829117
8.605,0.015736632374757337,85.94547657178403,0,60,1.0,7,0.198717095806683
8.61,0.012500627640593535,86.20602134981468,0,60,1.0,7,0.20484756117211003
8.615,0.009851811652115898,86.43555156926756,0,60,1.0,7,0.21024827221806022
8.62,0.007703084175428559,86.6311955940732,0,60,1.0,7,0.21485166103701658
8.625,0.005975544002062424,86.79047413872193,0,60,1.0,7,0.2185993914993396
8.63,0.004598905818663047,86.91134596731928,0,60,1.0,7,0.22144343452515947
8.635,0.0035115256454839104,86.99224794750238,0,60,1.0,7,0.2233470105294677
8.64,0.002660121266303676,87.0321269017975,0,60,1.0,7,0.22428533886582347
8.645,0.0019992692560877024,87.03046152758272,0,60,1.0,7,0.22424615359018155
8.65,0.0014907520044639367,86.98727330011184,0,60,1.0,7,0.22322996000263148
8.655,0.0011028178277539807,86.90312580335406,0,60,1.0,7,0.22125001890244841
8.66,0.0008094059938923333,86.77911239371997,0,60,1.0,7,0.21833205632282282
8.665,0.0005893771793717645,86.61683251370297,0,60,1.0,7,0.21451370620477586
8.67,0.0004257792353490551,86.41835734354086,0,60,1.0,7,0.20984370220096146
8.675,0.0003051686392901525,86.18618580827722,0,60,1.0,7,0.2043808425476992
8.68,0.00021699992642659966,85.92319223996377,0,60,1.0,7,0.19819275858738278
8.685,0.00015308884054097838,85.63256722375668,0,60,1.0,7,0.1913545229119219
8.69,0.00010714989329311098,85.31775332643326,0,60,1.0,7,0.18394713709254734
8.695,7.440535854020571e-05,84.98237751219715,0,60,1.0,7,0.17605594146346226
8.7,5.1260276743925106e-05,84.63018209168393,0,60,1.0,7,0.16776899039256316
8.705,3.503659887882241e-05,84.26495602656462,0,60,1.0,7,0.1591754359191675
8.71,2.375894748103639e-05,83.89046832741985,0,60,1.0,7,0.15036396064517302
8.715,1.5984413869232557e-05,83.51040514239358,0,60,1.0,7,0.14142129746808424
8.72,1.0669166579899869e-05,83.12831194637964,0,60,1.0,7,0.13243086932657974
8.725,7.06526633560511e-06,82.74754201463752,0,60,1.0,7,0.1234715768150004
8.73,4.641847214699205e-06,82.3712121113783,0,60,1.0,7,0.11461675556184232
8.735,3.025641074479182e-06,82.00216605418971,0,60,1.0,7,0.10593331892211094
8.74,1.9566278676921314e-06,81.64294654037948,0,60,1.0,7,0.09748109506775256
8.745,1.2553456560008793e-06,81.29577535211716,0,60,1.0,7,0.08931236122628615
8.75,7.990660428214668e-07,80.96254180339523,0,60,1.0,7,0.08147157184459355
8.755,5.046221251618276e-07,80.6447990617242,0,60,1.0,7,0.07399527204056941
8.76,3.1616527078858815e-07,80.34376777791057,0,60,1.0,7,0.0669121830096605
8.765,1.9652884407760343e-07,80.06034629321955,0,60,1.0,7,0.06024344219340124
8.77,1.2120002189836396e-07,79.79512656778222,0,60,1.0,7,0.05400297806546398
8.775,7.415549848886236e-08,79.54841488849074,0,60,1.0,7,0.0481979973762527
8.78,4.501406988770349e-08,79.32025636829391,0,60,1.0,7,0.04282956160691556
8.785,0.0,79.11046223965401,0,60,1.0,7,0.0378932291683297
8.79,0.0,78.91863896952484,0,60,1.0,7,0.033379740459407885
8.795,0.0,78.74421827710127,0,60,1.0,7,0.029275724167088662
8.8,0.0,78.58648721358958,0,60,1.0,7,0.02556440502563713
8.805,0.0,78.44461755976289,0,60,1.0,7,0.022226295523832693
8.81,0.0,78.31769390639055,0,60,1.0,7,0.019239856620954003
8.815,0.0,78.20473989921516,0,60,1.0,7,0.016582115275650722
8.82,0.0,78.10474224883049,0,60,1.0,7,0.014229229384246832
8.825,0.0,78.01667222199016,0,60,1.0,7,0.012156993458592068
8.83,0.0,77.93950444065351,0,60,1.0,7,0.010341280956553124
8.835,0.0,77.87223291533377,0,60,1.0,7,0.008758421537265134
8.84,0.0,77.81388432774902,0,60,1.0,7,0.007385513594094645
8.845,0.0,77.76352865288558,0,60,1.0,7,0.0062006741855431275
8.85,0.0,77.72028727161512,0,60,1.0,7,0.005183229920355777
8.855,0.0,77.68333877188556,0,60,1.0,7,0.004313853456130801
8.86,0.0,77.65192266973189,0,60,1.0,7,0.0035746510525150234
8.865,0.0,77.62534130189604,0,60,1.0,7,0.0029492071034363052
8.87,0.0,77.60296015101808,0,60,1.0,7,0.0024225917886607318
8.875,0.0,77.58420686372104,0,60,1.0,7,0.00198133796990673
8.88,0.0,77.5685692131375,0,60,1.0,7,0.0016133932502939655
8.885,0.0,77.55559224223543,0,60,1.0,7,0.0013080527584808056
8.89,0.0,77.54487480436342,0,60,1.0,7,0.001055877749727455
8.895,0.0,77.53606569430985,0,60,1.0,7,0.000848604571996582
8.9,0.0,77.52885953826085,0,60,1.0,7,0.0006790479590787367
8.905,0.0,77.52299258555637,0,60,1.0,7,0.0005410020130909743
8.91,0.0,77.51823852009305,0,60,1.0,7,0.0004291416492482286
8.915,0.0,77.5144043853977,0,60,1.0,7,0.00033892671523992303
8.92,0.0,77.5113266953926,0,60,1.0,7,0.0002665104798258172
8.925,0.0,77.50886778309393,0,60,1.0,7,0.00020865371985725206
8.93,0.0,77.50691242216493,0,60,1.0,7,0.0001626452274101265
8.935,0.0,77.50536474147606,0,60,1.0,7,0.00012622921120135502
8.94,0.0,77.50414544058145,0,60,1.0,7,9.753977838713849e-05
8.945,0.0,77.50318930418436,0,60,1.0,7,7.504245139671184e-05
8.95,0.0,77.50244300605091,0,60,1.0,7,5.7482495315539116e-05
8.955,0.0,77.50186318721106,0,60,1.0,7,4.3839699083705724e-05
8.96,0.0,77.50141478940333,0,60,1.0,7,3.328916243122769e-05
8.965,0.0,77.501069622313,0,60,1.0,7,2.516758383522114e-05
8.97,0.0,77.50080514196202,0,60,1.0,7,1.894451675338239e-05
8.975,0.0,77.50060341738867,0,60,1.0,7,1.4198056204109247e-05
8.98,0.0,77.50045026328183,0,60,1.0,7,1.0594430160809305e-05
8.985,0.0,77.50033451730998,0,60,1.0,7,7.870995528946877e-06
8.99,0.0,77.50024744233824,0,60,1.0,7,5.822172664359053e-06
8.995,0.0,77.50018223541412,0,60,1.0,7,4.2878920968338635e-06
9.0,0.0,77.50013362720881,0,60,1.0,7,3.144169619083507e-06
9.005,0.0,77.5000975574338,0,60,1.0,7,2.295469030688015e-06
9.01,0.0,77.50007091354405,0,60,1.0,7,1.6685539776517544e-06
9.015,0.0,77.50005132173919,0,60,1.0,7,1.207570333944579e-06
9.02,0.0,77.50003698085024,0,60,1.0,7,8.701376527021827e-07
9.025,0.0,77.5000265311314,0,60,1.0,7,6.24261915217015e-07
9.03,0.0,77.50001895125611,0,60,1.0,7,4.4591190845387566e-07
9.035,0.0,77.500013477942,0,60,1.0,7,3.171280471794008e-07
9.04,0.0,77.50000954360634,0,60,1.0,7,2.2455544327011225e-07
9.045,0.0,77.50000672829157,0,60,1.0,7,1.5831274274258999e-07
9.05,0.0,77.50000472280965,0,60,1.0,7,1.1112493292089578e-07
9.055,0.0,77.50000330064967,0,60,1.0,7,7.76623450934387e-08
9.06,0.001684486749771458,77.50000229668679,0,60,1.0,7,5.403968911570487e-08
9.065,0.003097557930867117,77.50000159113661,0,60,1.0,7,3.74385084502565e-08
9.07,0.005475106668887023,77.50000109753029,0,60,1.0,7,2.5824242049352237e-08
9.075,0.00930222931468658,77.50000075375274,0,60,1.0,7,1.7735358677087147e-08
9.08,0.01519157517868857,77.50000051540029,0,60,1.0,7,1.2127065594861907e-08
9.085,0.023847336626128316,77.50000035088415,0,60,1.0,7,8.256097651289618e-09
9.09,0.0359830743700859,77.50000023784072,0,60,1.0,7,5.5962523086183116e-09
9.095,0.05218887796857759,77.50000016051366,0,60,1.0,7,3.776792107815066e-09
9.1,0.0727577001223134,77.50000010785521,0,60,1.0,7,2.537769753818044e-09
9.105,0.0974992498694751,77.5000000721562,0,60,1.0,7,1.6977928814466235e-09
9.11,0.12558706050443358,77.50000004806286,0,60,1.0,7,1.1308907901633682e-09
9.115,0.15549263588878245,77.50000003187489,0,60,1.0,7,7.499974184183349e-10
9.12,0.1850529723539114,77.50000002104706,0,60,1.0,7,4.952248807111412e-10
9.125,0.21169159439317053,77.50000001383685,0,60,1.0,7,3.255730221366428e-10
9.13,0.23277292922115492,77.50000000905705,0,60,1.0,7,2.1310698042832561e-10
9.135,0.24602692519491282,77.50000000590254,0,60,1.0,7,1.3888318469124738e-10
9.14,0.24995056064839283,77.50000000382997,0,60,1.0,7,9.011688127750804e-11
9.145,0.24408826520424054,77.50000000247431,0,60,1.0,7,5.821902959723957e-11
9.15,0.22911894216865275,77.50000000159154,0,60,1.0,7,3.7448109972448196e-11
9.155,0.20672661788705934,77.50000000101926,0,60,1.0,7,2.3982572790427022e-11
9.16,0.17928878030241233,77.5000000006499,0,60,1.0,7,1.5291882792713722e-11
9.165,0.14946211903866036,77.5000000004126,0,60,1.0,7,9.708187195321764e-12
9.17,0.1197651512573837,77.5000000002608,0,60,1.0,7,6.1364142525502864e-12
9.175,0.09224675744988023,77.50000000016412,0,60,1.0,7,3.861674378961599e-12
9.18,0.06829565320281596,77.50000000010284,0,60,1.0,7,2.4198577782098094e-12
9.185,0.04860224607515734,77.50000000006416,0,60,1.0,7,1.5096943303326364e-12
9.19,0.03324612389699793,77.50000000003985,0,60,1.0,7,9.375820381512097e-13
9.195,0.021859876340472782,77.50000000002464,0,60,1.0,7,5.798028723802417e-13
9.2,0.01381595518554205,77.50000000001518,0,60,1.0,7,3.571104196667233e-13
9.205,0.008394095110402422,77.50000000000931,0,60,1.0,7,2.1901434914017206e-13
9.21,0.0049052535271608,77.50000000000568,0,60,1.0,7,1.3374922084896004e-13
9.215,0.0027671663551903634,77.50000000000345,0,60,1.0,7,8.125265166574322e-14
9.22,0.0015425553464444616,77.50000000000209,0,60,1.0,7,4.9152838661992815e-14
9.225,0.0009638206637011801,77.50000000000125,0,60,1.0,7,2.942482858677121e-14
9.23,0.0009804935156568228,77.50000000000075,0,60,1.0,7,1.7721771762487205e-14
9.235,0.0018793744894085216,77.50000000000045,0,60,1.0,7,1.0699937667916803e-14
9.24,0.004535525206900863,77.50000000000027,0,60,1.0,7,6.353087990325602e-15
9.245,0.010832767979632273,77.50000000000016,0,60,1.0,7,3.678103573346401e-15
9.25,0.024208003392322392,77.5000000000001,0,60,1.0,7,2.3406113648568006e-15
9.255,0.0500971897335304,77.50000000000006,0,60,1.0,7,1.3374922084896003e-15
9.26,0.09582894921774403,77.50000000000003,0,60,1.0,7,6.687461042448002e-16
9.265,0.16937896721820658,77.50000000000001,0,60,1.0,7,3.343730521224001e-16
9.27,0.27661303008991756,77.50000000000001,0,60,1.0,7,3.343730521224001e-16
9.275,0.4173782800009149,77.5,0,60,1.0,7,0.0
9.28,0.5818720934538056,77.5,0,60,1.0,7,0.0
9.285,0.7494718801585675,77.5,0,60,1.0,7,0.0
9.29,0.891813020752378,77.5,0,60,1.0,7,0.0
9.295,0.9800361632936612,77.5,0,60,1.0,7,0.0
9.3,0.993574479225126,77.5000024899223,1,60,1.0,7,5.858640694147171e-08
9.305,0.9263438449375362,77.50000376594136,0,60,1.0,7,8.86103848910459e-08
9.31,0.7873015962290536,77.50000580655897,0,60,1.0,7,1.366249170373254e-07
9.315,0.5959516244629897,77.50000921610113,0,60,1.0,7,2.1684943844240265e-07
9.32,0.376910120078773,77.50001520125163,0,60,1.0,7,3.5767650889711684e-07
9.325,0.15739335672107918,77.50002621870189,0,60,1.0,7,6.169106327166339e-07
9.33,-0.033361226269301235,77.5000472946736,0,60,1.0,7,1.1128158495707526e-06
9.335,-0.1680180840843834,77.50008865159667,0,60,1.0,7,2.085919921642819e-06
9.34,-0.23069703190837854,77.50017080335597,0,60,1.0,7,4.018902493432024e-06
9.345,-0.22587267821131068,77.50033416889595,0,60,1.0,7,7.862797551685136e-06
9.35,-0.17718181630665902,77.50065668969144,0,60,1.0,7,1.5451522151512537e-05
9.355,-0.11494332516451301,77.50128514742521,0,60,1.0,7,3.023876294605543e-05
9.36,-0.061810214049552864,77.50248910111931,0,60,1.0,7,5.8567085160214394e-05
9.365,-0.026546104631500547,77.50475076687931,0,60,1.0,7,0.00011178275010145038
9.37,-0.00719600351942686,77.50890971075603,0,60,1.0,7,0.00020964025308303996
9.375,0.0022072757983807078,77.51638746319077,0,60,1.0,7,0.0003855873691945282
9.38,0.006917199873730717,77.52952295821818,0,60,1.0,7,0.0006946578404277742
9.385,0.01004859748264829,77.55205296713095,0,60,1.0,7,0.0012247756971987655
9.39,0.013037082251128167,77.58976923193298,0,60,1.0,7,0.0021122172219523853
9.395,0.01645163937690478,77.65137158913011,0,60,1.0,7,0.0035616844501201767
9.4,0.020526639934696615,77.74950933960535,0,60,1.0,7,0.005870807990714197
9.405,0.02539629541761738,77.90195754734947,0,60,1.0,7,0.009457824643516901
9.41,0.031171612185577933,78.13280954845649,0,60,1.0,7,0.014889636434270414
9.415,0.03795853426638131,78.47348539969117,0,60,1.0,7,0.022905538816262845
9.42,0.0458588961882057,78.96326918151414,0,60,1.0,7,0.03442986309445025
9.425,0.054966995891435555,79.64901532307513,0,60,1.0,7,0.050565066425297255
9.43,0.06536491004445595,80.58363230643764,0,60,1.0,7,0.07255605426912085
9.435,0.07711726085088699,81.82299164268099,0,60,1.0,7,0.10171745041602327
9.44,0.09026570629555215,83.42104740979093,0,60,1.0,7,0.139318762583316
9.445,0.10482339848670268,85.42319949161549,0,60,1.0,7,0.18642822333212922
9.45,0.12076968927580028,87.85828024175694,0,60,1.0,7,0.24372424098251633
9.455,0.13804539501007884,90.72994635140763,0,60,1.0,7,0.31129285532723844
9.46,0.15654895051787066,94.00864020707704,0,60,1.0,7,0.38843859310769496
9.465,0.17613378141900526,97.62555096793857,0,60,1.0,7,0.47354237571620156
9.47,0.19660720058055794,101.4700561076917,0,60,1.0,7,0.5640013201809813
9.475,0.21773108748496234,105.39188588857056,0,60,1.0,7,0.656279667966366
9.48,0.23922453870058807,109.20870606171526,0,60,1.0,7,0.7460872014521238
9.485,0.2607685857914563,112.7190103692385,0,60,1.0,7,0.828682596923259
9.49,0.2820129681603682,115.71928120045192,0,60,1.0,7,0.8992772047165157
9.495,0.30258482867153996,118.02349647615935,0,60,1.0,7,0.9534940347331612
9.5,0.3220990771751686,119.48243235510543,0,60,1.0,7,0.9878219377671866
9.505,0.3401700499968971,120.0,0,60,1.0,7,1.0
9.51,0.3564239911198326,119.54414514623332,0,60,1.0,7,0.989274003440784
9.515,0.3705118017738417,118.15060626577718,0,60,1.0,7,0.9564848533124044
9.52,0.3821214567925213,115.9189340023266,0,60,1.0,7,0.9039749177018022
9.525,0.39098947374066967,113.0014023537604,0,60,1.0,7,0.835327114206127
9.53,0.3969108472035567,109.58654217728734,0,60,1.0,7,0.7549774629949962
9.535,0.3997469255491936,105.87978274020551,0,60,1.0,7,0.6677595938871885
9.54,0.3994308076379137,102.08396338043309,0,60,1.0,7,0.5784461971866609
9.545,0.3959699661768434,98.38225280045256,0,60,1.0,7,0.49134712471653086
9.55,0.38944595408114946,94.92537560220612,0,60,1.0,7,0.41000883769896745
9.555,0.38001120995358023,91.82416132737285,0,60,1.0,7,0.3370390900558317
9.56,0.3678831374098315,89.14749954500232,0,60,1.0,7,0.27405881282358396
9.565,0.35333577933796634,86.92498677093954,0,60,1.0,7,0.2217643946103421
9.57,0.33668953221163944,85.15301231421464,0,60,1.0,7,0.18007087798152083
9.575,0.3182994390982644,83.802800714477,0,60,1.0,7,0.1483011932818118
9.58,0.29854265738230645,82.82898633651617,0,60,1.0,7,0.1253879138003804
9.585,0.2778057157821067,82.17756644157681,0,60,1.0,7,0.11006038686063094
9.59,0.2564721553719815,81.79246348760998,0,60,1.0,7,0.10099914088494068
9.595,0.23491109433464996,81.6203288855974,0,60,1.0,7,0.096948914955233
9.6,0.21346717185309805,81.61356473758555,0,60,1.0,7,0.09678975853142467
9.605,0.19245222055656455,81.73178486073043,0,60,1.0,7,0.09957140848777479
9.61,0.17213889801761392,81.9420707420853,0,60,1.0,7,0.1045193115784778
9.615,0.15275638501270183,82.21841509548847,0,60,1.0,7,0.11102153165855216
9.62,0.13448814019607322,82.54071215799348,0,60,1.0,7,0.11860499195278781
9.625,0.11747159495449566,82.89358016634176,0,60,1.0,7,0.1269077686198062
9.63,0.10179958433370105,83.26521429635454,0,60,1.0,7,0.13565210109069512
9.635,0.08752324394101413,83.64638683025535,0,60,1.0,7,0.14462086659424359
9.64,0.07465606047174059,84.02964611158836,0,60,1.0,8,0.15363873203737324
9.645,0.0631787448609295,84.40872047275327,0,60,1.0,8,0.16255812877066525
9.65,0.05304460019959574,84.77810639599608,0,60,1.0,8,0.1712495622587312
9.655,0.044185078305849994,85.13280774851903,0,60,1.0,8,0.17959547643574184
9.66,0.03651525513023255,85.46819036181611,0,60,1.0,8,0.18748683204273206
9.665,0.0299390014708757,85.77991932370172,0,60,1.0,8,0.1948216311459228
9.67,0.024353677220580638,86.06395196190566,0,60,1.0,8,0.20150475204483903
9.675,0.01965423034339045,86.31656557761202,0,60,1.0,8,0.20744860182616529
9.68,0.015736632374757337,86.53440443454016,0,60,1.0,8,0.21257422198918033
9.685,0.012500627640593535,86.71453489258448,0,60,1.0,8,0.21681258570787015
9.69,0.009851811652115898,86.85450086784542,0,60,1.0,8,0.22010590277283335
9.695,0.007703084175428559,86.95237417392687,0,60,1.0,8,0.22240880409239694
9.7,0.005975544002062424,87.0067959844984,0,60,1.0,8,0.2236893172823152
9.705,0.004598905818663047,87.01700687163441,0,60,1.0,8,0.22392957345022135
9.71,0.0035115256454839104,86.98286378900848,0,60,1.0,8,0.22312620680019946
9.715,0.002660121266303676,86.90484310169278,0,60,1.0,8,0.22129042592218298
9.72,0.0019992692560877024,86.78402938747664,0,60,1.0,8,0.21844775029356792
9.725,0.0014907520044639367,86.62209028632776,0,60,1.0,8,0.21463741850182969
9.73,0.0011028178277539807,86.42123816980182,0,60,1.0,8,0.20991148634827822
9.735,0.0008094059938923333,86.18417984182693,0,60,1.0,8,0.20433364333710427
9.74,0.0005893771793717645,85.91405586012334,0,60,1.0,8,0.1979777849440786
9.745,0.0004257792353490551,85.61437137477117,0,60,1.0,8,0.19092638528873335
9.75,0.0003051686392901525,85.28892060876314,0,60,1.0,8,0.18326872020619142
9.755,0.00021699992642659966,84.94170724870098,0,60,1.0,8,0.17509899408708185
9.76,0.00015308884054097838,84.57686306932412,0,60,1.0,8,0.16651442516056753
9.765,0.00010714989329311098,84.19856708424052,0,60,1.0,8,0.15761334315860054
9.77,7.440535854020571e-05,83.81096740174658,0,60,1.0,8,0.1484933506293313
9.775,5.1260276743925106e-05,83.41810777713161,0,60,1.0,8,0.13924959475603788
9.78,3.503659887882241e-05,83.02386060247123,0,60,1.0,8,0.1299731906463819
9.785,2.375894748103639e-05,82.63186777501524,0,60,1.0,8,0.12074983000035854
9.79,1.5984413869232557e-05,82.24549055077581,0,60,1.0,8,0.11165860119472501
9.795,1.0669166579899869e-05,81.86776913642002,0,60,1.0,8,0.10277103850400053
9.8,7.06526633560511e-06,81.50139241554777,0,60,1.0,8,0.09415040977759458
9.805,4.641847214699205e-06,81.14867785950845,0,60,1.0,8,0.08585124375314007
9.81,3.025641074479182e-06,80.81156135115772,0,60,1.0,8,0.07791909061547579
9.815,1.9566278676921314e-06,80.49159636340788,0,60,1.0,8,0.07039050266842069
9.82,1.2553456560008793e-06,80.18996169166836,0,60,1.0,8,0.0632932162745496
9.825,7.990660428214668e-07,79.90747674623394,0,60,1.0,8,0.05664651167609269
9.83,5.046221251618276e-07,79.64462327056756,0,60,1.0,8,0.05046172401335445
9.835,3.1616527078858815e-07,79.40157226481837,0,60,1.0,8,0.04474287681925576
9.84,1.9652884407760343e-07,79.17821485897923,0,60,1.0,8,0.03948740844657015
9.845,1.2120002189836396e-07,78.97419589290332,0,60,1.0,8,0.034686962185960575
9.85,7.415549848886236e-08,78.78894901536232,0,60,1.0,8,0.030328212126172236
9.855,4.501406988770349e-08,78.62173220460336,0,60,1.0,8,0.0263936989318438
9.86,0.0,78.4716627308444,0,60,1.0,8,0.022862652490456478
9.865,0.0,78.33775071891439,0,60,1.0,8,0.019711781621515122
9.87,0.0,78.21893061897777,0,60,1.0,8,0.016916014564182714
9.875,0.0,78.11409004761917,0,60,1.0,8,0.014449177591039334
9.88,0.0,78.02209561389758,0,60,1.0,8,0.012284602679942977
9.885,0.0,77.94181548966863,0,60,1.0,8,0.010395658580438293
9.89,0.0,77.87213861598158,0,60,1.0,8,0.008756202728978438
9.895,0.0,77.81199055431146,0,60,1.0,8,0.0073409542190932715
9.9,0.0,77.76034609057041,0,60,1.0,8,0.006125790366362547
9.905,0.0,77.7162387801301,0,60,1.0,8,0.0050879712971787765
9.91,0.0,77.67876768333062,0,60,1.0,8,0.00420629843130869
9.915,0.0,77.64710158383804,0,60,1.0,8,0.00346121373736557
9.92,0.0,77.62048100809753,0,60,1.0,8,0.0028348472493535956
9.925,0.0,77.59821837486274,0,60,1.0,8,0.0023110205850056286
9.93,0.0,77.57969660154583,0,60,1.0,8,0.001875214154019619
9.935,0.0,77.56436648127566,0,60,1.0,8,0.0015145054417801287
9.94,0.0,77.55174312345649,0,60,1.0,8,0.0012174852577997546
9.945,0.0,77.54140172358554,0,60,1.0,8,0.0009741582020126316
9.95,0.0,77.53297289723739,0,60,1.0,8,0.0007758328761737817
9.955,0.0,77.52613778034294,0,60,1.0,8,0.0006150065963043637
9.96,0.0,77.52062306478282,0,60,1.0,8,0.0004852485831252927
9.965,0.0,77.51619610618371,0,60,1.0,8,0.0003810848513814883
9.97,0.0,77.51266021065541,0,60,1.0,8,0.0002978873095390982
9.975,0.0,77.50985017975476,0,60,1.0,8,0.00023176893540621408
9.98,0.0,77.50762816866609,0,60,1.0,8,0.00017948632155500544
9.985,0.0,77.50587989168099,0,60,1.0,8,0.0001383503924938957
9.99,0.0,77.50451119158359,0,60,1.0,8,0.0001061456843197394
9.995,0.0,77.50344497539443,0,60,1.0,8,8.105824457482627e-05
10.0,0.0,77.50261850787646,0,60,1.0,8,6.161195003441582e-05
10.005,0.0,77.50198104596413,0,60,1.0,8,4.6612846214804236e-05
10.01,0.0,77.5014917914954,0,60,1.0,8,3.510097636228024e-05
10.015,0.0,77.50111813594486,0,60,1.0,8,2.63090810556284e-05
10.02,0.0,77.50083416890804,0,60,1.0,8,1.962750371864572e-05
10.025,0.0,77.5006194215277,0,60,1.0,8,1.4574624181223578e-05
10.03,0.0,77.50045781656114,0,60,1.0,8,1.0772154379711698e-05
10.035,0.0,77.50033679808233,0,60,1.0,8,7.924660760703345e-06
10.04,0.0,77.50024661564738,0,60,1.0,8,5.802721114926445e-06
10.045,0.0,77.50017973992418,0,60,1.0,8,4.229174686543047e-06
10.05,0.0,77.50013038912986,0,60,1.0,8,3.0679795262291437e-06
10.055,0.0,77.50009414800623,0,60,1.0,8,2.2152472053328573e-06
10.06,0.0,77.50006766339348,0,60,1.0,8,1.5920798465926697e-06
10.065,0.0,77.5000484026712,0,60,1.0,8,1.1388863811134798e-06
10.07,0.0,77.5000344633739,0,60,1.0,8,8.109029151375366e-07
10.075,0.0,77.50002442413327,0,60,1.0,8,5.74685488760117e-07
10.08,0.0,77.50001722873685,0,60,1.0,8,4.053820435621995e-07
10.085,0.0,77.50001209652484,0,60,1.0,8,2.8462411391421267e-07
10.09,0.0,77.50000845358089,0,60,1.0,8,1.9890778563582418e-07
10.095,0.0,77.50000588022185,0,60,1.0,8,1.383581611528772e-07
10.1,0.001684486749771458,77.50000407117355,0,60,1.0,8,9.579231880921083e-08
10.105,0.003097557930867117,77.5000028055527,0,60,1.0,8,6.601300463123206e-08
10.11,0.005475106668887023,77.50000192437696,0,60,1.0,8,4.527945788247641e-08
10.115,0.00930222931468658,77.5000013138167,0,60,1.0,8,3.09133340311639e-08
10.12,0.01519157517868857,77.50000089279615,0,60,1.0,8,2.1006968274698867e-08
10.125,0.023847336626128316,77.50000060386903,0,60,1.0,8,1.4208682962228468e-08
10.13,0.0359830743700859,77.50000040654264,0,60,1.0,8,9.565709165947149e-09
10.135,0.05218887796857759,77.50000027242211,0,60,1.0,8,6.4099320779325135e-09
10.14,0.0727577001223134,77.50000018169858,0,60,1.0,8,4.2752607415048475e-09
10.145,0.0974992498694751,77.50000012062397,0,60,1.0,8,2.8382109629841153e-09
10.15,0.12558706050443358,77.50000007970556,0,60,1.0,8,1.875424887283075e-09
10.155,0.15549263588878245,77.50000005242235,0,60,1.0,8,1.233467080109061e-09
10.16,0.1850529723539114,77.50000003431762,0,60,1.0,8,8.074734710937585e-10
10.165,0.21169159439317053,77.50000002236098,0,60,1.0,8,5.261406787373262e-10
10.17,0.23277292922115492,77.50000001450232,0,60,1.0,8,3.412310434214305e-10
10.175,0.24602692519491282,77.50000000936176,0,60,1.0,8,2.202766074119341e-10
10.18,0.24995056064839283,77.50000000601518,0,60,1.0,8,1.4153375987542164e-10
10.185,0.24408826520424054,77.50000000384694,0,60,1.0,8,9.05161227017422e-11
10.19,0.22911894216865275,77.5000000024488,0,60,1.0,8,5.761882996867986e-11
10.195,0.20672661788705934,77.50000000155154,0,60,1.0,8,3.650684983072364e-11
10.2,0.17928878030241233,77.50000000097847,0,60,1.0,8,2.3022922130835734e-11
10.205,0.14946211903866036,77.5000000006142,0,60,1.0,8,1.4451603312730133e-11
10.21,0.1197651512573837,77.50000000038374,0,60,1.0,8,9.02907552646117e-12
10.215,0.09224675744988023,77.50000000023864,0,60,1.0,8,5.615126664291465e-12
10.22,0.06829565320281596,77.50000000014771,0,60,1.0,8,3.4754735037602265e-12
10.225,0.04860224607515734,77.500000000091,0,60,1.0,8,2.1413250257918502e-12
10.23,0.03324612389699793,77.5000000000558,0,60,1.0,8,1.3130829756846652e-12
10.235,0.021859876340472782,77.50000000003406,0,60,1.0,8,8.01492205937393e-13
10.24,0.01381595518554205,77.50000000002069,0,60,1.0,8,4.868471638902145e-13
10.245,0.008394095110402422,77.50000000001252,0,60,1.0,8,2.945826589198345e-13
10.25,0.0049052535271608,77.50000000000753,0,60,1.0,8,1.7721771762487205e-13
10.255,0.0027671663551903634,77.5000000000045,0,60,1.0,8,1.0599625752280083e-13
10.26,0.0015425553464444616,77.50000000000269,0,60,1.0,8,6.319650685113362e-14
10.265,0.0009638206637011801,77.50000000000159,0,60,1.0,8,3.744978183770881e-14
10.27,0.0009804935156568228,77.50000000000094,0,60,1.0,8,2.2068621440078406e-14
10.275,0.0018793744894085216,77.50000000000055,0,60,1.0,8,1.3040549032773603e-14
10.28,0.004535525206900863,77.50000000000033,0,60,1.0,8,7.690580198815202e-15
10.285,0.010832767979632273,77.50000000000018,0,60,1.0,8,4.3468496775912015e-15
10.29,0.024208003392322392,77.50000000000011,0,60,1.0,8,2.6749844169792007e-15
10.295,0.0500971897335304,77.50000000000006,0,60,1.0,8,1.3374922084896003e-15
10.3,0.09582894921774403,77.50000000000004,0,60,1.0,8,1.0031191563672002e-15
10.305,0.16937896721820658,77.50000000000001,0,60,1.0,8,3.343730521224001e-16
10.31,0.27661303008991756,77.50000000000001,0,60,1.0,8,3.343730521224001e-16
10.315,0.4173782800009149,77.5,0,60,1.0,8,0.0
10.32,0.5818720934538056,77.5,0,60,1.0,8,0.0
10.325,0.7494718801585675,77.5,0,60,1.0,8,0.0
10.33,0.891813020752378,77.5,0,60,1.0,8,0.0
10.335,0.9800361632936612,77.5,0,60,1.0,8,0.0
10.34,0.993574479225126,77.50000249379623,1,60,1.0,8,5.8677558372972485e-08
10.345,0.9263438449375362,77.50000391718795,0,60,1.0,8,9.216912831909533e-08
10.35,0.7873015962290536,77.50000630150961,0,60,1.0,8,1.4827081446021431e-07
10.355,0.5959516244629897,77.5000105140369,0,60,1.0,8,2.473891035659857e-07
10.36,0.376910120078773,77.50001840698704,0,60,1.0,8,4.331055773785492e-07
10.365,0.15739335672107918,77.50003400964872,0,60,1.0,8,8.002270285888859e-07
10.37,-0.033361226269301235,77.50006609644886,0,60,1.0,8,1.5552105614514243e-06
10.375,-0.1680180840843834,77.50013356232397,0,60,1.0,8,3.1426429168678785e-06
10.38,-0.23069703190837854,77.50027632336332,0,60,1.0,8,6.501726195839343e-06
10.385,-0.22587267821131068,77.50057668790406,0,60,1.0,8,1.3569127154302324e-05
10.39,-0.17718181630665902,77.50119979487688,0,60,1.0,8,2.8230467691347417e-05
10.395,-0.11494332516451301,77.50246734685948,0,60,1.0,8,5.80552202229549e-05
10.4,-0.061810214049552864,77.50498694254254,0,60,1.0,8,0.00011733982453045107
10.405,-0.026546104631500547,77.50986989510379,0,60,1.0,8,0.00023223282597153712
10.41,-0.00719600351942686,77.51908262989394,0,60,1.0,8,0.00044900305632809785
10.415,0.0022072757983807078,77.53598806050526,0,60,1.0,8,0.0008467778942414337
10.42,0.006917199873730717,77.5661388335815,0,60,1.0,8,0.0015562078489765822
10.425,0.01004859748264829,77.61837627811394,0,60,1.0,8,0.0027853241909162854
10.43,0.013037082251128167,77.70625715723415,0,60,1.0,8,0.004853109581979959
10.435,0.01645163937690478,77.84976424958334,0,60,1.0,8,0.008229747049019874
10.44,0.020526639934696615,78.07714907313756,0,60,1.0,8,0.01357997819147205
10.445,0.02539629541761738,78.42660746482035,0,60,1.0,8,0.021802528584008236
10.45,0.031171612185577933,78.94731857168912,0,60,1.0,8,0.034054554627979385
10.455,0.03795853426638131,79.69922288771569,0,60,1.0,8,0.05174642088742804
10.46,0.0458588961882057,80.75083343091529,0,60,1.0,8,0.07649019837447749
10.465,0.054966995891435555,82.17443594424168,0,60,1.0,8,0.10998672809980423
10.47,0.06536491004445595,84.03830214667643,0,60,1.0,8,0.15384240345121009
10.475,0.07711726085088699,86.39604373737505,0,60,1.0,8,0.20931867617353064
10.48,0.09026570629555215,89.2739411348602,0,60,1.0,8,0.277033909055534
10.485,0.10482339848670268,92.6578763804036,0,60,1.0,8,0.3566559148330257
10.49,0.12076968927580028,96.48219417074539,0,60,1.0,8,0.44663986284106794
10.495,0.13804539501007884,100.62317626104648,0,60,1.0,8,0.5440747355540348
10.5,0.15654895051787066,104.89963122754831,0,60,1.0,8,0.6446972053540779
10.505,0.17613378141900526,109.08226138097591,0,60,1.0,8,0.7431120324935507
10.51,0.19660720058055794,112.91202435562403,0,60,1.0,8,0.8332241024852712
10.515,0.21773108748496234,116.12590285572924,0,60,1.0,8,0.908844773075982
10.52,0.23922453870058807,118.48673321912287,0,60,1.0,8,0.964393722802891
10.525,0.2607685857914563,119.81248326881075,0,60,1.0,8,0.9955878416190765
10.53,0.2820129681603682,120.0,0,60,1.0,8,1.0
10.535,0.30258482867153996,119.03895265764984,0,60,1.0,8,0.9773871213564669
10.54,0.3220990771751686,117.01338144972989,0,60,1.0,8,0.9297266223465857
10.545,0.3401700499968971,114.09055937282247,0,60,1.0,8,0.8609543381840581
10.55,0.3564239911198326,110.49924173293033,0,60,1.0,8,0.7764527466571842
10.555,0.3705118017738417,106.501252019056,0,60,1.0,8,0.6823824004483764
10.56,0.3821214567925213,102.3613128393379,0,60,1.0,8,0.5849720668079506
10.565,0.39098947374066967,98.31991189297068,0,60,1.0,8,0.48988027983460425
10.57,0.3969108472035567,94.57291708101874,0,60,1.0,8,0.40171569602397045
10.575,0.3997469255491936,91.2599713216292,0,60,1.0,8,0.3237640310971575
10.58,0.3994308076379137,88.46186297981151,0,60,1.0,8,0.25792618776027093
10.585,0.3959699661768434,86.2055083156022,0,60,1.0,8,0.20483548977887533
10.59,0.38944595408114946,84.47418553637537,0,60,1.0,8,0.1640984832088323
10.595,0.38001120995358023,83.22032439628626,0,60,1.0,8,0.13459586814791197
10.6,0.3678831374098315,82.3784030507939,0,60,1.0,8,0.11478595413632721
10.605,0.35333577933796634,81.87614033165356,0,60,1.0,8,0.10296800780361316
10.61,0.33668953221163944,81.6429627878982,0,60,1.0,8,0.09748147736231057
10.615,0.3182994390982644,81.61546715457652,0,60,1.0,8,0.09683452128415344
10.62,0.29854265738230645,81.74015709851017,0,60,1.0,8,0.09976840231788628
10.625,0.2778057157821067,81.9740569196691,0,60,1.0,8,0.10527192752162577
10.63,0.2564721553719815,82.28391103867587,0,60,1.0,8,0.1125626126747263
10.635,0.23491109433464996,82.64462413530069,0,60,1.0,8,0.12104997965413385
10.64,0.21346717185309805,83.03745309290495,0,60,1.0,8,0.1302930139507048
10.645,0.19245222055656455,83.4482905955028,0,60,1.0,8,0.13995977871771287
10.65,0.17213889801761392,83.86622429212309,0,60,1.0,8,0.14979351275583747
10.655,0.15275638501270183,84.28243683268946,0,60,1.0,8,0.1595867490044578
10.66,0.13448814019607322,84.68943573432038,0,60,1.0,8,0.1691631937487149
10.665,0.11747159495449566,85.08056227854561,0,60,1.0,8,0.1783661712598968
10.67,0.10179958433370105,85.44971522709557,0,60,1.0,8,0.18705212299048393
10.675,0.08752324394101413,85.79122761200028,0,60,1.0,8,0.19508770851765375
10.68,0.07465606047174059,86.09984484761954,0,60,1.0,8,0.2023492905322244
10.685,0.0631787448609295,86.37076438636134,0,60,1.0,8,0.20872386791438458
10.69,0.05304460019959574,86.59970808382359,0,60,1.0,8,0.2141107784429079
10.695,0.044185078305849994,86.7830071632666,0,60,1.0,8,0.2184236979592142
10.7,0.03651525513023255,86.91768606859858,0,60,1.0,8,0.22159261337879022
10.705,0.0299390014708757,87.00153597091433,0,60,1.0,8,0.22356555225680783
10.71,0.024353677220580638,87.03317178450779,0,60,1.0,8,0.22430992434135968
10.715,0.01965423034339045,87.01206873798577,0,60,1.0,8,0.22381338207025345
10.72,0.015736632374757337,86.938576193165,0,60,1.0,8,0.22208414572152954
10.725,0.012500627640593535,86.81390773863106,0,60,1.0,8,0.2191507703207308
10.73,0.009851811652115898,86.64010773261553,0,60,1.0,8,0.21506135841448312
10.735,0.007703084175428559,86.41999548610957,0,60,1.0,8,0.2098822467319899
10.74,0.005975544002062424,86.15708917317427,0,60,1.0,8,0.2036962158393946
10.745,0.004598905818663047,85.85551231983004,0,60,1.0,8,0.1966002898783539
10.75,0.0035115256454839104,85.5198863357969,0,60,1.0,8,0.18870320790110348
10.755,0.002660121266303676,85.15521299527994,0,60,1.0,8,0.18012265871246916
10.76,0.0019992692560877024,84.76675103026113,0,60,1.0,8,0.17098237718261491
10.765,0.0014907520044639367,84.35989106720938,0,60,1.0,8,0.16140920158139707
10.77,0.0011028178277539807,83.94003302017312,0,60,1.0,8,0.15153018870995572
10.775,0.0008094059938923333,83.51246976372725,0,60,1.0,8,0.14146987679358242
10.78,0.0005893771793717645,83.082280470485,0,60,1.0,8,0.13134777577611773
10.785,0.0004257792353490551,82.65423643892917,0,60,1.0,8,0.12127615150421588
10.79,0.0003051686392901525,82.23272159200907,0,60,1.0,8,0.11135815510609579
10.795,0.00021699992642659966,81.8216691316493,0,60,1.0,8,0.10168633250939532
10.8,0.00015308884054097838,81.4245151256355,0,60,1.0,8,0.09234153236789398
10.805,0.00010714989329311098,81.0441691159847,0,60,1.0,8,0.08339221449375767
10.81,7.440535854020571e-05,80.683001202808,0,60,1.0,8,0.07489414594842354
10.815,5.1260276743925106e-05,80.34284450049499,0,60,1.0,8,0.06689045883517625
10.82,3.503659887882241e-05,80.02501140315086,0,60,1.0,8,0.05941203301531426
10.825,2.375894748103639e-05,79.73032174609531,0,60,1.0,8,0.052478158731654435
10.83,1.5984413869232557e-05,79.4591407154507,0,60,1.0,8,0.04609742859884002
10.835,1.0669166579899869e-05,79.21142423740287,0,60,1.0,8,0.04026880558594979
10.84,7.06526633560511e-06,78.9867695657814,0,60,1.0,8,0.03498281331250355
10.845,4.641847214699205e-06,78.78446886954399,0,60,1.0,9,0.030222796930446723
10.85,3.025641074479182e-06,78.60356378533176,0,60,1.0,9,0.025966206713688426
10.855,1.9566278676921314e-06,78.44289912695085,0,60,1.0,9,0.022185861810608203
10.86,1.2553456560008793e-06,78.30117421486159,0,60,1.0,9,0.018851157996743282
10.865,7.990660428214668e-07,78.17699058609722,0,60,1.0,9,0.015929190261111028
10.87,5.046221251618276e-07,78.0688951512295,0,60,1.0,9,0.013385768264223476
10.875,3.1616527078858815e-07,77.97541816475811,0,60,1.0,9,0.011186309759014367
10.88,1.9652884407760343e-07,77.89510565587798,0,60,1.0,9,0.00929660366771727
10.885,1.2120002189836396e-07,77.82654621810562,0,60,1.0,9,0.007683440426014573
10.89,7.415549848886236e-08,77.7683922718456,0,60,1.0,9,0.006315112278719974
10.895,4.501406988770349e-08,77.71937608967772,0,60,1.0,9,0.0051617903453582
10.9,0.0,77.67832100862636,0,60,1.0,9,0.00419578843826718
10.905,0.0,77.64414834790306,0,60,1.0,9,0.0033917258330130634
10.91,0.0,77.61588060740796,0,60,1.0,9,0.0027266025272461
10.915,0.0,77.59264154581128,0,60,1.0,9,0.0021798010779123696
10.92,0.0,77.57365373238999,0,60,1.0,9,0.0017330289974114186
10.925,0.0,77.55823413948939,0,60,1.0,9,0.0013702150468090808
10.93,0.0,77.54578829810711,0,60,1.0,9,0.0010773717201673476
10.935,0.0,77.53580348299825,0,60,1.0,9,0.0008424348940764048
10.94,0.0,77.52784133072689,0,60,1.0,9,0.0006550901347502665
10.945,0.0,77.5215302284374,0,60,1.0,9,0.0005065936102917422
10.95,0.0,77.51655774624525,0,60,1.0,9,0.00038959402930010905
10.955,0.0,77.51266332472912,0,60,1.0,9,0.00029796058186160306
10.96,0.0,77.50963137297701,0,60,1.0,9,0.0002266205406355686
10.965,0.0,77.50728488323819,0,60,1.0,9,0.00017140901736906124
10.97,0.0,77.50547962610095,0,60,1.0,9,0.00012893237884588202
10.975,0.0,77.5040989553958,0,60,1.0,9,9.644600931303959e-05
10.98,0.0,77.50304922446462,0,60,1.0,9,7.174645799101894e-05
10.985,0.0,77.50225579450853,0,60,1.0,9,5.3077517847722284e-05
10.99,0.0,77.50165960070633,0,60,1.0,9,3.904942838430008e-05
10.995,0.0,77.50121423185787,0,60,1.0,9,2.8570161361706006e-05
11.0,0.0,77.50088347359097,0,60,1.0,9,2.0787613905280096e-05
11.005,0.0,77.50063926283588,0,60,1.0,9,1.5041478491184535e-05
11.01,0.0,77.5004600015325,0,60,1.0,9,1.0823565470646452e-05
11.015,0.0,77.5003291796934,0,60,1.0,9,7.745404550472385e-06
11.02,0.0,77.50023426139796,0,60,1.0,9,5.512032893260339e-06
11.025,0.0,77.50016579153834,0,60,1.0,9,3.900977372615992e-06
11.03,0.0,77.50011668577856,0,60,1.0,9,2.7455477309371525e-06
11.035,0.0,77.50008167091697,0,60,1.0,9,1.921668634582495e-06
11.04,0.0,77.5000568474347,0,60,1.0,9,1.3375866989703996e-06
11.045,0.0,77.50003935031812,0,60,1.0,9,9.258898380855552e-07
11.05,0.0,77.50002708816338,0,60,1.0,9,6.373685500741832e-07
11.055,0.001684486749771458,77.50001854405937,0,60,1.0,9,4.3633080876508543e-07
11.06,0.003097557930867117,77.50001262478511,0,60,1.0,9,2.970537673932353e-07
11.065,0.005475106668887023,77.50000854746077,0,60,1.0,9,2.0111672390211263e-07
11.07,0.00930222931468658,77.50000575498471,0,60,1.0,9,1.3541140500659395e-07
11.075,0.01519157517868857,77.50000385340955,0,60,1.0,9,9.066846005493169e-08
11.08,0.023847336626128316,77.50000256590221,0,60,1.0,9,6.037416958005291e-08
11.085,0.0359830743700859,77.50000169913923,0,60,1.0,9,3.997974665574421e-08
11.09,0.05218887796857759,77.50000111895281,0,60,1.0,9,2.6328301400473507e-08
11.095,0.0727577001223134,77.50000073280515,0,60,1.0,9,1.724247407336781e-08
11.1,0.0974992498694751,77.50000047726456,0,60,1.0,9,1.1229754443989162e-08
11.105,0.12558706050443358,77.50000030911765,0,60,1.0,9,7.273356526210966e-09
11.11,0.15549263588878245,77.50000019910509,0,60,1.0,9,4.68482559935022e-09
11.115,0.1850529723539114,77.5000001275366,0,60,1.0,9,3.0008610498471708e-09
11.12,0.21169159439317053,77.50000008124212,0,60,1.0,9,1.9115793079168616e-09
11.125,0.23277292922115492,77.50000005146615,0,60,1.0,9,1.2109681205509012e-09
11.13,0.24602692519491282,77.5000000324232,0,60,1.0,9,7.628988682614256e-10
11.135,0.24995056064839283,77.50000002031346,0,60,1.0,9,4.779638750144787e-10
11.14,0.24408826520424054,77.50000001265629,0,60,1.0,9,2.9779498083157436e-10
11.145,0.22911894216865275,77.50000000784192,0,60,1.0,9,1.8451574386049555e-10
11.15,0.20672661788705934,77.50000000483206,0,60,1.0,9,1.1369553142097122e-10
11.155,0.17928878030241233,77.50000000296099,0,60,1.0,9,6.967030351327541e-11
11.16,0.14946211903866036,77.50000000180441,0,60,1.0,9,4.245668392018963e-11
11.165,0.1197651512573837,77.50000000109351,0,60,1.0,9,2.5729671987766563e-11
11.17,0.09224675744988023,77.50000000065904,0,60,1.0,9,1.5506884665228427e-11
11.175,0.06829565320281596,77.50000000039499,0,60,1.0,9,9.29389898374211e-12
11.18,0.04860224607515734,77.50000000023543,0,60,1.0,9,5.539558354511802e-12
11.185,0.03324612389699793,77.50000000013955,0,60,1.0,9,3.283543371841969e-12
11.19,0.021859876340472782,77.50000000008227,0,60,1.0,9,1.935685598736574e-12
11.195,0.01381595518554205,77.50000000004822,0,60,1.0,9,1.1345277658513034e-12
11.2,0.008394095110402422,77.50000000002811,0,60,1.0,9,6.613898970981073e-13
11.205,0.0049052535271608,77.5000000000163,0,60,1.0,9,3.835258907843929e-13
11.21,0.0027671663551903634,77.5000000000094,0,60,1.0,9,2.2102058745290646e-13
11.215,0.0015425553464444616,77.50000000000539,0,60,1.0,9,1.2672738675438964e-13
11.22,0.0009638206637011801,77.50000000000307,0,60,1.0,9,7.222457925843841e-14
11.225,0.0009804935156568228,77.50000000000175,0,60,1.0,9,4.112788541105521e-14
11.23,0.0018793744894085216,77.50000000000098,0,60,1.0,9,2.3071740596445606e-14
11.235,0.004535525206900863,77.50000000000055,0,60,1.0,9,1.3040549032773603e-14
11.24,0.010832767979632273,77.50000000000031,0,60,1.0,9,7.356207146692803e-15
11.245,0.024208003392322392,77.50000000000017,0,60,1.0,9,4.012476625468801e-15
11.25,0.0500971897335304,77.5000000000001,0,60,1.0,9,2.3406113648568006e-15
11.255,0.09582894921774403,77.50000000000006,0,60,1.0,9,1.3374922084896003e-15
11.26,0.16937896721820658,77.50000000000003,0,60,1.0,9,6.687461042448002e-16
11.265,0.27661303008991756,77.50000000000001,0,60,1.0,9,3.343730521224001e-16
11.27,0.4173782800009149,77.50000000000001,0,60,1.0,9,3.343730521224001e-16
11.275,0.5818720934538056,77.5,0,60,1.0,9,0.0
11.28,0.7494718801585675,77.5,0,60,1.0,9,0.0
11.285,0.891813020752378,77.5,0,60,1.0,9,0.0
11.29,0.9800361632936612,77.5,0,60,1.0,9,0.0
11.295,0.993574479225126,77.5,1,60,1.0,9,0.0
11.3,0.9263438449375362,77.5,0,60,1.0,9,0.0
11.305,0.7873015962290536,77.5,0,60,1.0,9,0.0
11.31,0.5959516244629897,77.5,0,60,1.0,9,0.0
11.315,0.376910120078773,77.5,0,60,1.0,9,0.0
11.32,0.15739335672107918,77.5,0,60,1.0,9,0.0
11.325,-0.033361226269301235,77.5,0,60,1.0,9,0.0
11.33,-0.1680180840843834,77.5,0,60,1.0,9,0.0
11.335,-0.23069703190837854,77.5,0,60,1.0,9,0.0
11.34,-0.22587267821131068,77.5,0,60,1.0,9,0.0
11.345,-0.17718181630665902,77.5,0,60,1.0,9,0.0
11.35,-0.11494332516451301,77.5,0,60,1.0,9,0.0
11.355,-0.061810214049552864,77.5,0,60,1.0,9,0.0
11.36,-0.026546104631500547,77.5,0,60,1.0,9,0.0
11.365,-0.00719600351942686,77.5,0,60,1.0,9,0.0
11.37,0.0022072757983807078,77.5,0,60,1.0,9,0.0
11.375,0.006917199873730717,77.5,0,60,1.0,9,0.0
11.38,0.01004859748264829,77.5,0,60,1.0,9,0.0
11.385,0.013037082251128167,77.5,0,60,1.0,9,0.0
11.39,0.01645163937690478,77.5,0,60,1.0,9,0.0
11.395,0.020526639934696615,77.5,0,60,1.0,9,0.0
11.4,0.02539629541761738,77.5,0,60,1.0,9,0.0
11.405,0.031171612185577933,77.5,0,60,1.0,9,0.0
11.41,0.03795853426638131,77.5,0,60,1.0,9,0.0
11.415,0.0458588961882057,77.5,0,60,1.0,9,0.0
11.42,0.054966995891435555,77.5,0,60,1.0,9,0.0
11.425,0.06536491004445595,77.5,0,60,1.0,9,0.0
11.43,0.07711726085088699,77.5,0,60,1.0,9,0.0
11.435,0.09026570629555215,77.5,0,60,1.0,9,0.0
11.44,0.10482339848670268,77.5,0,60,1.0,9,0.0
11.445,0.12076968927580028,77.5,0,60,1.0,9,0.0
11.45,0.13804539501007884,77.5,0,60,1.0,9,0.0
11.455,0.15654895051787066,77.5,0,60,1.0,9,0.0
11.46,0.17613378141900526,77.5,0,60,1.0,9,0.0
11.465,0.19660720058055794,77.5,0,60,1.0,9,0.0
11.47,0.21773108748496234,77.5,0,60,1.0,9,0.0
11.475,0.23922453870058807,77.5,0,60,1.0,9,0.0
11.48,0.2607685857914563,77.5,0,60,1.0,9,0.0
11.485,0.2820129681603682,77.5,0,60,1.0,9,0.0
11.49,0.30258482867153996,77.5,0,60,1.0,9,0.0
11.495,0.3220990771751686,77.5,0,60,1.0,9,0.0
11.5,0.3401700499968971,77.5,0,60,1.0,9,0.0
11.505,0.3564239911198326,77.5,0,60,1.0,9,0.0
11.51,0.3705118017738417,77.5,0,60,1.0,9,0.0
11.515,0.3821214567925213,77.5,0,60,1.0,9,0.0
11.52,0.39098947374066967,77.5,0,60,1.0,9,0.0
11.525,0.3969108472035567,77.5,0,60,1.0,9,0.0
11.53,0.3997469255491936,77.5,0,60,1.0,9,0.0
11.535,0.3994308076379137,77.5,0,60,1.0,9,0.0
11.54,0.3959699661768434,77.5,0,60,1.0,9,0.0
11.545,0.38944595408114946,77.5,0,60,1.0,9,0.0
11.55,0.38001120995358023,77.5,0,60,1.0,9,0.0
11.555,0.3678831374098315,77.5,0,60,1.0,9,0.0
11.56,0.35333577933796634,77.5,0,60,1.0,9,0.0
11.565,0.33668953221163944,77.5,0,60,1.0,9,0.0
11.57,0.3182994390982644,77.5,0,60,1.0,9,0.0
11.575,0.29854265738230645,77.5,0,60,1.0,9,0.0
11.58,0.2778057157821067,77.5,0,60,1.0,9,0.0
11.585,0.2564721553719815,77.5,0,60,1.0,9,0.0
11.59,0.23491109433464996,77.5,0,60,1.0,9,0.0
11.595,0.21346717185309805,77.5,0,60,1.0,9,0.0
11.6,0.19245222055656455,77.5,0,60,1.0,9,0.0
11.605,0.17213889801761392,77.5,0,60,1.0,9,0.0
11.61,0.15275638501270183,77.5,0,60,1.0,9,0.0
11.615,0.13448814019607322,77.5,0,60,1.0,9,0.0
11.62,0.11747159495449566,77.5,0,60,1.0,9,0.0
11.625,0.10179958433370105,77.5,0,60,1.0,9,0.0
11.63,0.08752324394101413,77.5,0,60,1.0,9,0.0
11.635,0.07465606047174059,77.5,0,60,1.0,9,0.0
11.64,0.0631787448609295,77.5,0,60,1.0,9,0.0
11.645,0.05304460019959574,77.5,0,60,1.0,9,0.0
11.65,0.044185078305849994,77.5,0,60,1.0,9,0.0
11.655,0.03651525513023255,77.5,0,60,1.0,9,0.0
11.66,0.0299390014708757,77.5,0,60,1.0,9,0.0
11.665,0.024353677220580638,77.5,0,60,1.0,9,0.0
11.67,0.01965423034339045,77.5,0,60,1.0,9,0.0
11.675,0.015736632374757337,77.5,0,60,1.0,9,0.0
11.68,0.012500627640593535,77.5,0,60,1.0,9,0.0
11.685,0.009851811652115898,77.5,0,60,1.0,9,0.0
11.69,0.007703084175428559,77.5,0,60,1.0,9,0.0
11.695,0.005975544002062424,77.5,0,60,1.0,9,0.0
11.7,0.004598905818663047,77.5,0,60,1.0,9,0.0
11.705,0.0035115256454839104,77.5,0,60,1.0,9,0.0
11.71,0.002660121266303676,77.5,0,60,1.0,9,0.0
11.715,0.0019992692560877024,77.5,0,60,1.0,9,0.0
11.72,0.0014907520044639367,77.5,0,60,1.0,9,0.0
11.725,0.0011028178277539807,77.5,0,60,1.0,9,0.0
11.73,0.0008094059938923333,77.5,0,60,1.0,9,0.0
11.735,0.0005893771793717645,77.5,0,60,1.0,9,0.0
11.74,0.0004257792353490551,77.5,0,60,1.0,9,0.0
11.745,0.0003051686392901525,77.5,0,60,1.0,9,0.0
11.75,0.00021699992642659966,77.5,0,60,1.0,9,0.0
11.755,0.00015308884054097838,77.5,0,60,1.0,9,0.0
11.76,0.00010714989329311098,77.5,0,60,1.0,9,0.0
11.765,7.440535854020571e-05,77.5,0,60,1.0,9,0.0
11.77,5.1260276743925106e-05,77.5,0,60,1.0,9,0.0
11.775,3.503659887882241e-05,77.5,0,60,1.0,9,0.0
11.78,2.375894748103639e-05,77.5,0,60,1.0,9,0.0
11.785,1.5984413869232557e-05,77.5,0,60,1.0,9,0.0
11.79,1.0669166579899869e-05,77.5,0,60,1.0,9,0.0
11.795,7.06526633560511e-06,77.5,0,60,1.0,9,0.0
11.8,4.641847214699205e-06,77.5,0,60,1.0,9,0.0
11.805,3.025641074479182e-06,77.5,0,60,1.0,9,0.0
11.81,1.9566278676921314e-06,77.5,0,60,1.0,9,0.0
11.815,1.2553456560008793e-06,77.5,0,60,1.0,9,0.0
11.82,7.990660428214668e-07,77.5,0,60,1.0,9,0.0
11.825,5.046221251618276e-07,77.5,0,60,1.0,9,0.0
11.83,3.1616527078858815e-07,77.5,0,60,1.0,9,0.0
11.835,1.9652884407760343e-07,77.5,0,60,1.0,9,0.0
11.84,1.2120002189836396e-07,77.5,0,60,1.0,9,0.0
11.845,7.415549848886236e-08,77.5,0,60,1.0,9,0.0
11.85,4.501406988770349e-08,77.5,0,60,1.0,9,0.0
11.855,0.0,77.5,0,60,1.0,9,0.0
11.86,0.0,77.5,0,60,1.0,9,0.0
11.865,0.0,77.5,0,60,1.0,9,0.0
11.87,0.0,77.5,0,60,1.0,9,0.0
11.875,0.0,77.5,0,60,1.0,9,0.0
11.88,0.0,77.5,0,60,1.0,9,0.0
11.885,0.0,77.5,0,60,1.0,9,0.0
11.89,0.0,77.5,0,60,1.0,9,0.0
11.895,0.0,77.5,0,60,1.0,9,0.0
11.9,0.0,77.5,0,60,1.0,9,0.0
11.905,0.0,77.5,0,60,1.0,9,0.0
11.91,0.0,77.5,0,60,1.0,9,0.0
11.915,0.0,77.5,0,60,1.0,9,0.0
11.92,0.0,77.5,0,60,1.0,9,0.0
11.925,0.0,77.5,0,60,1.0,9,0.0
11.93,0.0,77.5,0,60,1.0,9,0.0
11.935,0.0,77.5,0,60,1.0,9,0.0
11.94,0.0,77.5,0,60,1.0,9,0.0
11.945,0.0,77.5,0,60,1.0,9,0.0
11.95,0.0,77.5,0,60,1.0,9,0.0
11.955,0.0,77.5,0,60,1.0,9,0.0
11.96,0.0,77.5,0,60,1.0,9,0.0
11.965,0.0,77.5,0,60,1.0,9,0.0
11.97,0.0,77.5,0,60,1.0,9,0.0
11.975,0.0,77.5,0,60,1.0,9,0.0
11.98,0.0,77.5,0,60,1.0,9,0.0
11.985,0.0,77.5,0,60,1.0,9,0.0
11.99,0.0,77.5,0,60,1.0,9,0.0
11.995,0.0,77.5,0,60,1.0,9,0.0
