Time,ECG,Pressure,R_Peaks,mean_hr,hrv_scale,Phase_Bin,Normalized_Pressure
0.0,0.001684486749771458,77.5,0,60,1.0,0,0.0
0.005,0.003097557930867117,77.5,0,60,1.0,0,0.0
0.01,0.005475106668887023,77.5,0,60,1.0,0,0.0
0.015,0.00930222931468658,77.5,0,60,1.0,0,0.0
0.02,0.01519157517868857,77.5,0,60,1.0,0,0.0
0.025,0.023847336626128316,77.5,0,60,1.0,0,0.0
0.03,0.0359830743700859,77.5,0,60,1.0,0,0.0
0.035,0.05218887796857759,77.5,0,60,1.0,0,0.0
0.04,0.0727577001223134,77.5,0,60,1.0,0,0.0
0.045,0.0974992498694751,77.5,0,60,1.0,0,0.0
0.05,0.12558706050443358,77.5,0,60,1.0,0,0.0
0.055,0.15549263588878245,77.5,0,60,1.0,0,0.0
0.06,0.1850529723539114,77.5,0,60,1.0,0,0.0
0.065,0.21169159439317053,77.5,0,60,1.0,0,0.0
0.07,0.23277292922115492,77.5,0,60,1.0,0,0.0
0.075,0.24602692519491282,77.5,0,60,1.0,0,0.0
0.08,0.24995056064839283,77.5,0,60,1.0,0,0.0
0.085,0.24408826520424054,77.5,0,60,1.0,0,0.0
0.09,0.22911894216865275,77.5,0,60,1.0,0,0.0
0.095,0.20672661788705934,77.5,0,60,1.0,0,0.0
0.1,0.17928878030241233,77.5,0,60,1.0,0,0.0
0.105,0.14946211903866036,77.5,0,60,1.0,0,0.0
0.11,0.1197651512573837,77.5,0,60,1.0,0,0.0
0.115,0.09224675744988023,77.5,0,60,1.0,0,0.0
0.12,0.06829565320281596,77.5,0,60,1.0,0,0.0
0.125,0.04860224607515734,77.5,0,60,1.0,0,0.0
0.13,0.03324612389699793,77.5,0,60,1.0,0,0.0
0.135,0.021859876340472782,77.5,0,60,1.0,0,0.0
0.14,0.01381595518554205,77.5,0,60,1.0,0,0.0
0.145,0.008394095110402422,77.5,0,60,1.0,0,0.0
0.15,0.0049052535271608,77.5,0,60,1.0,0,0.0
0.155,0.0027671663551903634,77.5,0,60,1.0,0,0.0
0.16,0.0015425553464444616,77.5,0,60,1.0,0,0.0
0.165,0.0009638206637011801,77.5,0,60,1.0,0,0.0
0.17,0.0009804935156568228,77.5,0,60,1.0,0,0.0
0.175,0.0018793744894085216,77.5,0,60,1.0,0,0.0
0.18,0.004535525206900863,77.5,0,60,1.0,0,0.0
0.185,0.010832767979632273,77.5,0,60,1.0,0,0.0
0.19,0.024208003392322392,77.5,0,60,1.0,0,0.0
0.195,0.0500971897335304,77.5,0,60,1.0,0,0.0
0.2,0.09582894921774403,77.5,0,60,1.0,0,0.0
0.205,0.16937896721820658,77.5,0,60,1.0,0,0.0
0.21,0.27661303008991756,77.5,0,60,1.0,0,0.0
0.215,0.4173782800009149,77.5,0,60,1.0,0,0.0
0.22,0.5818720934538056,77.5,0,60,1.0,0,0.0
0.225,0.7494718801585675,77.5,0,60,1.0,0,0.0
0.23,0.891813020752378,77.5,0,60,1.0,0,0.0
0.235,0.9800361632936612,77.5,0,60,1.0,0,0.0
0.24,0.993574479225126,77.5,0,60,1.0,0,0.0
0.245,0.9263438449375362,77.5,0,60,1.0,0,0.0
0.25,0.7873015962290536,77.5,0,60,1.0,0,0.0
0.255,0.5959516244629897,77.5,0,60,1.0,0,0.0
0.26,0.376910120078773,77.5,0,60,1.0,0,0.0
0.265,0.15739335672107918,77.5,0,60,1.0,0,0.0
0.27,-0.033361226269301235,77.5,0,60,1.0,0,0.0
0.275,-0.1680180840843834,77.5,0,60,1.0,0,0.0
0.28,-0.23069703190837854,77.5,0,60,1.0,0,0.0
0.285,-0.22587267821131068,77.5,0,60,1.0,0,0.0
0.29,-0.17718181630665902,77.5,0,60,1.0,0,0.0
0.295,-0.11494332516451301,77.5,0,60,1.0,0,0.0
0.3,-0.061810214049552864,77.5,0,60,1.0,0,0.0
0.305,-0.026546104631500547,77.5,0,60,1.0,0,0.0
0.31,-0.00719600351942686,77.5,0,60,1.0,0,0.0
0.315,0.0022072757983807078,77.5,0,60,1.0,0,0.0
0.32,0.006917199873730717,77.5,0,60,1.0,0,0.0
0.325,0.01004859748264829,77.5,0,60,1.0,0,0.0
0.33,0.013037082251128167,77.5,0,60,1.0,0,0.0
0.335,0.01645163937690478,77.5,0,60,1.0,0,0.0
0.34,0.020526639934696615,77.5,0,60,1.0,0,0.0
0.345,0.02539629541761738,77.5,0,60,1.0,0,0.0
0.35,0.031171612185577933,77.5,0,60,1.0,0,0.0
0.355,0.03795853426638131,77.5,0,60,1.0,0,0.0
0.36,0.0458588961882057,77.5,0,60,1.0,0,0.0
0.365,0.054966995891435555,77.5,0,60,1.0,0,0.0
0.37,0.06536491004445595,77.5,0,60,1.0,0,0.0
0.375,0.07711726085088699,77.5,0,60,1.0,0,0.0
0.38,0.09026570629555215,77.5,0,60,1.0,0,0.0
0.385,0.10482339848670268,77.5,0,60,1.0,0,0.0
0.39,0.12076968927580028,77.5,0,60,1.0,0,0.0
0.395,0.13804539501007884,77.5,0,60,1.0,0,0.0
0.4,0.15654895051787066,77.5,0,60,1.0,0,0.0
0.405,0.17613378141900526,77.5,0,60,1.0,0,0.0
0.41,0.19660720058055794,77.5,0,60,1.0,0,0.0
0.415,0.21773108748496234,77.5,0,60,1.0,0,0.0
0.42,0.23922453870058807,77.5,0,60,1.0,0,0.0
0.425,0.2607685857914563,77.5,0,60,1.0,0,0.0
0.43,0.2820129681603682,77.5,0,60,1.0,0,0.0
0.435,0.30258482867153996,77.5,0,60,1.0,0,0.0
0.44,0.3220990771751686,77.5,0,60,1.0,0,0.0
0.445,0.3401700499968971,77.5,0,60,1.0,0,0.0
0.45,0.3564239911198326,77.5,0,60,1.0,0,0.0
0.455,0.3705118017738417,77.5,0,60,1.0,0,0.0
0.46,0.3821214567925213,77.5,0,60,1.0,0,0.0
0.465,0.39098947374066967,77.5,0,60,1.0,0,0.0
0.47,0.3969108472035567,77.5,0,60,1.0,0,0.0
0.475,0.3997469255491936,77.5,0,60,1.0,0,0.0
0.48,0.3994308076379137,77.5,0,60,1.0,0,0.0
0.485,0.3959699661768434,77.5,0,60,1.0,0,0.0
0.49,0.38944595408114946,77.5,0,60,1.0,0,0.0
0.495,0.38001120995358023,77.5,0,60,1.0,0,0.0
0.5,0.3678831374098315,77.5,0,60,1.0,0,0.0
0.505,0.35333577933796634,77.5,0,60,1.0,0,0.0
0.51,0.33668953221163944,77.5,0,60,1.0,0,0.0
0.515,0.3182994390982644,77.5,0,60,1.0,0,0.0
0.52,0.29854265738230645,77.5,0,60,1.0,0,0.0
0.525,0.2778057157821067,77.5,0,60,1.0,0,0.0
0.53,0.2564721553719815,77.5,0,60,1.0,0,0.0
0.535,0.23491109433464996,77.5,0,60,1.0,0,0.0
0.54,0.21346717185309805,77.5,0,60,1.0,0,0.0
0.545,0.19245222055656455,77.5,0,60,1.0,0,0.0
0.55,0.17213889801761392,77.5,0,60,1.0,0,0.0
0.555,0.15275638501270183,77.5,0,60,1.0,0,0.0
0.56,0.13448814019607322,77.5,0,60,1.0,0,0.0
0.565,0.11747159495449566,77.5,0,60,1.0,0,0.0
0.57,0.10179958433370105,77.5,0,60,1.0,0,0.0
0.575,0.08752324394101413,77.5,0,60,1.0,0,0.0
0.58,0.07465606047174059,77.5,0,60,1.0,0,0.0
0.585,0.0631787448609295,77.5,0,60,1.0,0,0.0
0.59,0.05304460019959574,77.5,0,60,1.0,0,0.0
0.595,0.044185078305849994,77.5,0,60,1.0,0,0.0
0.6,0.03651525513023255,77.5,0,60,1.0,0,0.0
0.605,0.0299390014708757,77.5,0,60,1.0,0,0.0
0.61,0.024353677220580638,77.5,0,60,1.0,0,0.0
0.615,0.01965423034339045,77.5,0,60,1.0,0,0.0
0.62,0.015736632374757337,77.5,0,60,1.0,0,0.0
0.625,0.012500627640593535,77.5,0,60,1.0,0,0.0
0.63,0.009851811652115898,77.5,0,60,1.0,0,0.0
0.635,0.007703084175428559,77.5,0,60,1.0,0,0.0
0.64,0.005975544002062424,77.5,0,60,1.0,0,0.0
0.645,0.004598905818663047,77.5,0,60,1.0,0,0.0
0.65,0.0035115256454839104,77.5,0,60,1.0,0,0.0
0.655,0.002660121266303676,77.5,0,60,1.0,0,0.0
0.66,0.0019992692560877024,77.5,0,60,1.0,0,0.0
0.665,0.0014907520044639367,77.5,0,60,1.0,0,0.0
0.67,0.0011028178277539807,77.5,0,60,1.0,0,0.0
0.675,0.0008094059938923333,77.5,0,60,1.0,0,0.0
0.68,0.0005893771793717645,77.5,0,60,1.0,0,0.0
0.685,0.0004257792353490551,77.5,0,60,1.0,0,0.0
0.69,0.0003051686392901525,77.5,0,60,1.0,0,0.0
0.695,0.00021699992642659966,77.5,0,60,1.0,0,0.0
0.7,0.00015308884054097838,77.5,0,60,1.0,0,0.0
0.705,0.00010714989329311098,77.5,0,60,1.0,0,0.0
0.71,7.440535854020571e-05,77.5,0,60,1.0,0,0.0
0.715,5.1260276743925106e-05,77.5,0,60,1.0,0,0.0
0.72,3.503659887882241e-05,77.5,0,60,1.0,0,0.0
0.725,2.375894748103639e-05,77.5,0,60,1.0,0,0.0
0.73,1.5984413869232557e-05,77.5,0,60,1.0,0,0.0
0.735,1.0669166579899869e-05,77.5,0,60,1.0,0,0.0
0.74,7.06526633560511e-06,77.5,0,60,1.0,0,0.0
0.745,4.641847214699205e-06,77.5,0,60,1.0,0,0.0
0.75,3.025641074479182e-06,77.5,0,60,1.0,0,0.0
0.755,1.9566278676921314e-06,77.5,0,60,1.0,0,0.0
0.76,1.2553456560008793e-06,77.5,0,60,1.0,0,0.0
0.765,7.990660428214668e-07,77.5,0,60,1.0,0,0.0
0.77,5.046221251618276e-07,77.5,0,60,1.0,0,0.0
0.775,3.1616527078858815e-07,77.5,0,60,1.0,0,0.0
0.78,1.9652884407760343e-07,77.5,0,60,1.0,0,0.0
0.785,1.2120002189836396e-07,77.5,0,60,1.0,0,0.0
0.79,7.415549848886236e-08,77.5,0,60,1.0,0,0.0
0.795,4.501406988770349e-08,77.5,0,60,1.0,0,0.0
0.8,0.0,77.5,0,60,1.0,0,0.0
0.805,0.0,77.5,0,60,1.0,0,0.0
0.81,0.0,77.5,0,60,1.0,0,0.0
0.815,0.0,77.5,0,60,1.0,0,0.0
0.82,0.0,77.5,0,60,1.0,0,0.0
0.825,0.0,77.5,0,60,1.0,0,0.0
0.83,0.0,77.5,0,60,1.0,0,0.0
0.835,0.0,77.5,0,60,1.0,0,0.0
0.84,0.0,77.5,0,60,1.0,0,0.0
0.845,0.0,77.5,0,60,1.0,0,0.0
0.85,0.0,77.5,0,60,1.0,0,0.0
0.855,0.0,77.5,0,60,1.0,0,0.0
0.86,0.0,77.5,0,60,1.0,0,0.0
0.865,0.0,77.5,0,60,1.0,0,0.0
0.87,0.0,77.5,0,60,1.0,0,0.0
0.875,0.0,77.5,0,60,1.0,0,0.0
0.88,0.0,77.5,0,60,1.0,0,0.0
0.885,0.0,77.5,0,60,1.0,0,0.0
0.89,0.0,77.5,0,60,1.0,0,0.0
0.895,0.0,77.5,0,60,1.0,0,0.0
0.9,0.0,77.5,0,60,1.0,0,0.0
0.905,0.0,77.5,0,60,1.0,0,0.0
0.91,0.0,77.5,0,60,1.0,0,0.0
0.915,0.0,77.5,0,60,1.0,0,0.0
0.92,0.0,77.5,0,60,1.0,0,0.0
0.925,0.0,77.5,0,60,1.0,0,0.0
0.93,0.0,77.5,0,60,1.0,0,0.0
0.935,0.0,77.5,0,60,1.0,0,0.0
0.94,0.0,77.5,0,60,1.0,0,0.0
0.945,0.0,77.5,0,60,1.0,0,0.0
0.95,0.0,77.5,0,60,1.0,0,0.0
0.955,0.0,77.5,0,60,1.0,0,0.0
0.96,0.0,77.5,0,60,1.0,0,0.0
0.965,0.0,77.5,0,60,1.0,0,0.0
0.97,0.0,77.5,0,60,1.0,0,0.0
0.975,0.0,77.5,0,60,1.0,0,0.0
0.98,0.0,77.5,0,60,1.0,0,0.0
0.985,0.0,77.5,0,60,1.0,0,0.0
0.99,0.001684486749771458,77.5,0,60,1.0,0,0.0
0.995,0.003097557930867117,77.5,0,60,1.0,0,0.0
1.0,0.005475106668887023,77.5,0,60,1.0,0,0.0
1.005,0.00930222931468658,77.5,0,60,1.0,0,0.0
1.01,0.01519157517868857,77.5,0,60,1.0,0,0.0
1.015,0.023847336626128316,77.5,0,60,1.0,0,0.0
1.02,0.0359830743700859,77.5,0,60,1.0,0,0.0
1.025,0.05218887796857759,77.5,0,60,1.0,0,0.0
1.03,0.0727577001223134,77.5,0,60,1.0,0,0.0
1.035,0.0974992498694751,77.5,0,60,1.0,0,0.0
1.04,0.12558706050443358,77.5,0,60,1.0,0,0.0
1.045,0.15549263588878245,77.5,0,60,1.0,0,0.0
1.05,0.1850529723539114,77.5,0,60,1.0,0,0.0
1.055,0.21169159439317053,77.5,0,60,1.0,0,0.0
1.06,0.23277292922115492,77.5,0,60,1.0,0,0.0
1.065,0.24602692519491282,77.5,0,60,1.0,0,0.0
1.07,0.24995056064839283,77.5,0,60,1.0,0,0.0
1.075,0.24408826520424054,77.5,0,60,1.0,0,0.0
1.08,0.22911894216865275,77.5,0,60,1.0,0,0.0
1.085,0.20672661788705934,77.5,0,60,1.0,0,0.0
1.09,0.17928878030241233,77.5,0,60,1.0,0,0.0
1.095,0.14946211903866036,77.5,0,60,1.0,0,0.0
1.1,0.1197651512573837,77.5,0,60,1.0,0,0.0
1.105,0.09224675744988023,77.5,0,60,1.0,0,0.0
1.11,0.06829565320281596,77.5,0,60,1.0,0,0.0
1.115,0.04860224607515734,77.5,0,60,1.0,0,0.0
1.12,0.03324612389699793,77.5,0,60,1.0,0,0.0
1.125,0.021859876340472782,77.5,0,60,1.0,0,0.0
1.13,0.01381595518554205,77.5,0,60,1.0,0,0.0
1.135,0.008394095110402422,77.5,0,60,1.0,0,0.0
1.14,0.0049052535271608,77.5,0,60,1.0,0,0.0
1.145,0.0027671663551903634,77.5,0,60,1.0,0,0.0
1.15,0.0015425553464444616,77.5,0,60,1.0,0,0.0
1.155,0.0009638206637011801,77.5,0,60,1.0,0,0.0
1.16,0.0009804935156568228,77.5,0,60,1.0,0,0.0
1.165,0.0018793744894085216,77.5,0,60,1.0,0,0.0
1.17,0.004535525206900863,77.5,0,60,1.0,0,0.0
1.175,0.010832767979632273,77.5,0,60,1.0,0,0.0
1.18,0.024208003392322392,77.5,0,60,1.0,0,0.0
1.185,0.0500971897335304,77.5,0,60,1.0,0,0.0
1.19,0.09582894921774403,77.5,0,60,1.0,0,0.0
1.195,0.16937896721820658,77.5,0,60,1.0,0,0.0
1.2,0.27661303008991756,77.5,0,60,1.0,0,0.0
1.205,0.4173782800009149,77.5,0,60,1.0,1,0.0
1.21,0.5818720934538056,77.5,0,60,1.0,1,0.0
1.215,0.7494718801585675,77.5,0,60,1.0,1,0.0
1.22,0.891813020752378,77.5,0,60,1.0,1,0.0
1.225,0.9800361632936612,77.5,0,60,1.0,1,0.0
1.23,0.993574479225126,77.50000249060646,1,60,1.0,1,5.860250499769309e-08
1.235,0.9263438449375362,77.50000385734029,0,60,1.0,1,9.076094797552179e-08
1.24,0.7873015962290536,77.50000610730334,0,60,1.0,1,1.437012549425109e-07
1.245,0.5959516244629897,77.50000999976028,0,60,1.0,1,2.3528847718272813e-07
1.25,0.376910120078773,77.50001711607312,0,60,1.0,1,4.027311323331078e-07
1.255,0.15739335672107918,77.5000308127143,0,60,1.0,1,7.250050423542288e-07
1.26,-0.033361226269301235,77.50005823243188,0,60,1.0,1,1.3701748678292514e-06
1.265,-0.1680180840843834,77.50011443699209,0,60,1.0,1,2.6926351080526407e-06
1.27,-0.23069703190837854,77.50023065316174,0,60,1.0,1,5.427133217327697e-06
1.275,-0.22587267821131068,77.50047021644501,0,60,1.0,1,1.106391635316333e-05
1.28,-0.17718181630665902,77.5009583966,0,60,1.0,1,2.255050823524631e-05
1.285,-0.11494332516451301,77.50193629964134,0,60,1.0,1,4.5559991561022426e-05
1.29,-0.061810214049552864,77.50385483894526,0,60,1.0,1,9.07020928296146e-05
1.295,-0.026546104631500547,77.50753250751332,0,60,1.0,1,0.0001772354709015979
1.3,-0.00719600351942686,77.51440996954433,0,60,1.0,1,0.00033905810692544944
1.305,0.0022072757983807078,77.52694391670826,0,60,1.0,1,0.0006339745107826435
1.31,0.006917199873730717,77.54918926053296,0,60,1.0,1,0.0011573943654813025
1.315,0.01004859748264829,77.5876176648087,0,60,1.0,1,0.0020615921131459745
1.32,0.013037082251128167,77.65220482613245,0,60,1.0,1,0.003581290026645815
1.325,0.01645163937690478,77.7577808422973,0,60,1.0,1,0.006065431583465732
1.33,0.020526639934696615,77.92557045679185,0,60,1.0,1,0.010013422512749311
1.335,0.02539629541761738,78.1847502601857,0,60,1.0,1,0.016111770827898695
1.34,0.031171612185577933,78.57372412531626,0,60,1.0,1,0.02526409706626496
1.345,0.03795853426638131,79.14068530680169,0,60,1.0,1,0.038604360160039666
1.35,0.0458588961882057,79.94292800606925,0,60,1.0,1,0.05748065896633534
1.355,0.054966995891435555,81.0443400664048,0,60,1.0,1,0.08339623685658352
1.36,0.06536491004445595,82.51060356247285,0,60,1.0,1,0.11789655441112593
1.365,0.07711726085088699,84.4018923138275,0,60,1.0,1,0.16239746620770595
1.37,0.09026570629555215,86.76329520888174,0,60,1.0,1,0.2179598872678057
1.375,0.10482339848670268,89.61377301640115,0,60,1.0,1,0.28502995332708597
1.38,0.12076968927580028,92.93507670582724,0,60,1.0,1,0.3631782754312292
1.385,0.13804539501007884,96.66256820647882,0,60,1.0,1,0.45088395779950174
1.39,0.15654895051787066,100.68011755916041,0,60,1.0,1,0.5454145308037743
1.395,0.17613378141900526,104.82105425803283,0,60,1.0,1,0.6428483354831255
1.4,0.19660720058055794,108.8764532668383,0,60,1.0,1,0.7382694886314893
1.405,0.21773108748496234,112.61088723201624,0,60,1.0,1,0.8261385231062645
1.41,0.23922453870058807,115.78436216317712,0,60,1.0,1,0.9008085214865205
1.415,0.2607685857914563,118.1777713622895,0,60,1.0,1,0.9571240320538708
1.42,0.2820129681603682,119.61819191512663,0,60,1.0,1,0.9910162803559207
1.425,0.30258482867153996,120.0,0,60,1.0,1,1.0
1.43,0.3220990771751686,119.29824545748835,0,60,1.0,1,0.9834881284114906
1.435,0.3401700499968971,117.5719546188641,0,60,1.0,1,0.9428695204438611
1.44,0.3564239911198326,114.95677661133668,0,60,1.0,1,0.8813359202667453
1.445,0.3705118017738417,111.64826619736436,0,60,1.0,1,0.8034886164085733
1.45,0.3821214567925213,107.87868369700878,0,60,1.0,1,0.7147925575766773
1.455,0.39098947374066967,103.89114672130673,0,60,1.0,1,0.6209681581483936
1.46,0.3969108472035567,99.91511507625712,0,60,1.0,1,0.5274144723825206
1.465,0.3997469255491936,96.14656082953842,0,60,1.0,1,0.4387426077538451
1.47,0.3994308076379137,92.73498319976926,0,60,1.0,1,0.3584701929357473
1.475,0.3959699661768434,89.77799372275705,0,60,1.0,1,0.2888939699472246
1.48,0.38944595408114946,87.32285486110474,0,60,1.0,1,0.23112599673187634
1.485,0.38001120995358023,85.37336529966561,0,60,1.0,1,0.185255654109779
1.49,0.3678831374098315,83.89998207819981,0,60,1.0,1,0.15058781360470147
1.495,0.35333577933796634,82.8510525309259,0,60,1.0,1,0.125907118374727
1.5,0.33668953221163944,82.16338984647568,0,60,1.0,1,0.10972681991707485
1.505,0.3182994390982644,81.7710004035094,0,60,1.0,1,0.10049412714139776
1.51,0.29854265738230645,81.61139076399436,0,60,1.0,1,0.0967386062116321
1.515,0.2778057157821067,81.62941598109197,0,60,1.0,1,0.0971627289668698
1.52,0.2564721553719815,81.7790040818856,0,60,1.0,1,0.1006824489855436
1.525,0.23491109433464996,82.02328621441396,0,60,1.0,1,0.1064302638685637
1.53,0.21346717185309805,82.33370255304422,0,60,1.0,1,0.1137341777186875
1.535,0.19245222055656455,82.68858789463043,0,60,1.0,1,0.12208442105012778
1.54,0.17213889801761392,83.07161944197627,0,60,1.0,1,0.13109692804650042
1.545,0.15275638501270183,83.47037548139828,0,60,1.0,1,0.1404794230917242
1.55,0.13448814019607322,83.87513591955003,0,60,1.0,1,0.1500031981070596
1.555,0.11747159495449566,84.27796761085855,0,60,1.0,1,0.15948159084373068
1.56,0.10179958433370105,84.67208126420148,0,60,1.0,1,0.16875485327532896
1.565,0.08752324394101413,85.05141767098016,0,60,1.0,1,0.17768041578776841
1.57,0.07465606047174059,85.41041137477472,0,60,1.0,1,0.18612732646528765
1.575,0.0631787448609295,85.74388204533,0,60,1.0,1,0.1939736951842352
1.58,0.05304460019959574,86.0470116192692,0,60,1.0,1,0.20110615574751056
1.585,0.044185078305849994,86.31537463568876,0,60,1.0,1,0.20742057966326483
1.59,0.03651525513023255,86.54499785256412,0,60,1.0,1,0.21282347888386172
1.595,0.0299390014708757,86.73243223546459,0,60,1.0,1,0.21723369965799025
1.6,0.024353677220580638,86.87482563242001,0,60,1.0,1,0.2205841325275297
1.605,0.01965423034339045,86.96998815607745,0,60,1.0,1,0.22282325073123407
1.61,0.015736632374757337,87.01644488029292,0,60,1.0,1,0.22391635012453937
1.615,0.012500627640593535,87.01347229325384,0,60,1.0,1,0.22384640690009036
1.62,0.009851811652115898,86.96111631870204,0,60,1.0,1,0.22261450161651858
1.625,0.007703084175428559,86.86019081224607,0,60,1.0,1,0.22023978381755469
1.63,0.005975544002062424,86.7122563730027,0,60,1.0,1,0.21675897348241652
1.635,0.004598905818663047,86.51958013614413,0,60,1.0,1,0.21222541496809713
1.64,0.0035115256454839104,86.28507794654647,0,60,1.0,1,0.2067077163893286
1.645,0.002660121266303676,86.01224095394758,0,60,1.0,1,0.20028802244582547
1.65,0.0019992692560877024,85.7050492026738,0,60,1.0,1,0.19305998123938367
1.655,0.0014907520044639367,85.36787519896696,0,60,1.0,1,0.18512647526981074
1.66,0.0011028178277539807,85.00538071378118,0,60,1.0,1,0.1765971932654395
1.665,0.0008094059938923333,84.6224102114667,0,60,1.0,1,0.1675861226227459
1.67,0.0005893771793717645,84.22388428441178,0,60,1.0,1,0.15820904198615957
1.675,0.0004257792353490551,83.81469632673434,0,60,1.0,1,0.14858109004080788
1.68,0.0003051686392901525,83.39961540923211,0,60,1.0,1,0.13881448021722617
1.685,0.00021699992642659966,82.98319794133803,0,60,1.0,1,0.1290164221491302
1.69,0.00015308884054097838,82.5697102464525,0,60,1.0,1,0.11928729991652945
1.695,0.00010714989329311098,82.16306366028918,0,60,1.0,1,0.10971914494798077
1.7,7.440535854020571e-05,81.76676321464303,0,60,1.0,1,0.10039442857983612
1.705,5.1260276743925106e-05,81.3838704178972,0,60,1.0,1,0.09138518630346351
1.71,3.503659887882241e-05,81.01698011357695,0,60,1.0,1,0.08275247326063409
1.715,2.375894748103639e-05,80.66821091136433,0,60,1.0,1,0.07454613909092533
1.72,1.5984413869232557e-05,80.33920825933811,0,60,1.0,1,0.06680490021972017
1.725,1.0669166579899869e-05,80.03115887537963,0,60,1.0,1,0.059556679420697214
1.73,7.06526633560511e-06,79.74481498835964,0,60,1.0,1,0.052819176196697314
1.735,4.641847214699205e-06,79.48052665965687,0,60,1.0,1,0.0466006272860441
1.74,3.025641074479182e-06,79.23828036186586,0,60,1.0,1,0.0409007143968438
1.745,1.9566278676921314e-06,79.01774197921334,0,60,1.0,1,0.03571157598149037
1.75,1.2553456560008793e-06,78.8183024547782,0,60,1.0,1,0.03101888128889895
1.755,7.990660428214668e-07,78.6391244320625,0,60,1.0,1,0.02680292781323534
1.76,5.046221251618276e-07,78.47918841005006,0,60,1.0,1,0.023039727295295454
1.765,3.1616527078858815e-07,78.3373371380437,0,60,1.0,1,0.019702050306910437
1.77,1.9652884407760343e-07,78.21231720572483,0,60,1.0,1,0.016760404840584227
1.775,1.2120002189836396e-07,78.10281702217611,0,60,1.0,1,0.014183929933555566
1.78,7.415549848886236e-08,78.00750061349781,0,60,1.0,1,0.011941190905830849
1.785,4.501406988770349e-08,77.92503689230902,0,60,1.0,1,0.010000868054329965
1.79,0.0,77.85412425603842,0,60,1.0,1,0.008332335436198064
1.795,0.0,77.79351054877074,0,60,1.0,1,0.006906130559311537
1.8,0.0,77.74200856992353,0,60,1.0,1,0.005694319292318288
1.805,0.0,77.69850743053568,0,60,1.0,1,0.004670763071427874
1.81,0.0,77.66198014454383,0,60,1.0,1,0.003811297518678416
1.815,0.0,77.63148789963498,0,60,1.0,1,0.0030938329325876754
1.82,0.0,77.60618148274689,0,60,1.0,1,0.0024983878293386064
1.825,0.0,77.58530034248456,0,60,1.0,1,0.0020070668819896047
1.83,0.0,77.56816975854922,0,60,1.0,1,0.0016039943188051143
1.835,0.0,77.55419656084052,0,60,1.0,1,0.0012752131962476116
1.84,0.0,77.542863802236,0,60,1.0,1,0.0010085600526117426
1.845,0.0,77.53372474296843,0,60,1.0,1,0.0007935233639630844
1.85,0.0,77.52639645440267,0,60,1.0,1,0.0006210930447687535
1.855,0.0,77.52055329875957,0,60,1.0,1,0.0004836070296368475
1.86,0.0,77.51592049130771,0,60,1.0,1,0.00037459979547553997
1.865,0.0,77.5122679045549,0,60,1.0,1,0.0002886565777624342
1.87,0.0,77.50940423131003,0,60,1.0,1,0.00022127603082420887
1.875,0.0,77.50717158596277,0,60,1.0,1,0.0001687431991239036
1.88,0.0,77.50544059134097,0,60,1.0,1,0.00012801391390519925
1.885,0.0,77.50410597211048,0,60,1.0,1,9.661110848188561e-05
1.89,0.0,77.50308265466796,0,60,1.0,1,7.253305101090411e-05
1.895,0.0,77.50230235743923,0,60,1.0,1,5.4173116217270946e-05
1.9,0.0,77.50171064389794,0,60,1.0,1,4.025044465733759e-05
1.905,0.0,77.50126440285658,0,60,1.0,1,2.9750655448879117e-05
1.91,0.0,77.50092971602302,0,60,1.0,1,2.1875671129959407e-05
1.915,0.0,77.50068007084202,0,60,1.0,1,1.6001666871127728e-05
1.92,0.0,77.5004948766761,0,60,1.0,1,1.1644157084714715e-05
1.925,0.0,77.50035824390325,0,60,1.0,1,8.429268311762345e-06
1.93,0.0,77.50025798806918,0,60,1.0,1,6.070307510111995e-06
1.935,0.0,77.50018482445232,0,60,1.0,1,4.348810642795798e-06
1.94,0.0,77.50013172197245,0,60,1.0,1,3.0993405282649347e-06
1.945,0.0,77.50009338906223,0,60,1.0,1,2.1973896995110835e-06
1.95,0.0,77.50006586774495,0,60,1.0,1,1.5498292929591758e-06
1.955,0.0,77.50004621559701,0,60,1.0,1,1.0874258119950836e-06
1.96,0.0,77.5000322584378,0,60,1.0,1,7.590220658424669e-07
1.965,0.0,77.5000223994362,0,60,1.0,1,5.270455577534877e-07
1.97,0.0,77.50001547283287,0,60,1.0,1,3.6406665578718223e-07
1.975,0.001684486749771458,77.50001063265135,0,60,1.0,1,2.5018003183878834e-07
1.98,0.003097557930867117,77.50000726862568,0,60,1.0,1,1.7102648658852988e-07
1.985,0.005475106668887023,77.50000494312994,0,60,1.0,1,1.1630893970290987e-07
1.99,0.00930222931468658,77.50000334418844,0,60,1.0,1,7.86867868849667e-08
1.995,0.01519157517868857,77.50000225070433,0,60,1.0,1,5.2957748868506956e-08
2.0,0.023847336626128316,77.50000150690246,0,60,1.0,1,3.545652856808053e-08
2.005,0.0359830743700859,77.50000100366974,0,60,1.0,1,2.3615758530414656e-08
2.01,0.05218887796857759,77.50000066502123,0,60,1.0,1,1.564755841761379e-08
2.015,0.0727577001223134,77.50000043834815,0,60,1.0,1,1.0314074175125022e-08
2.02,0.0974992498694751,77.50000028743645,0,60,1.0,1,6.763210582421915e-09
2.025,0.12558706050443358,77.50000018750096,0,60,1.0,1,4.411787264924736e-09
2.03,0.15549263588878245,77.50000012167578,0,60,1.0,1,2.8629595844369546e-09
2.035,0.1850529723539114,77.50000007854956,0,60,1.0,1,1.8482249769851263e-09
2.04,0.21169159439317053,77.5000000504455,0,60,1.0,1,1.1869527792013661e-09
2.045,0.23277292922115492,77.5000000322285,0,60,1.0,1,7.583176230742965e-10
2.05,0.24602692519491282,77.50000002048314,0,60,1.0,1,4.819562892568202e-10
2.055,0.24995056064839283,77.50000001295066,0,60,1.0,1,3.047215186062899e-10
2.06,0.24408826520424054,77.50000000814568,0,60,1.0,1,1.9166296784961186e-10
2.065,0.22911894216865275,77.50000000509684,0,60,1.0,1,1.1992557012811578e-10
2.07,0.20672661788705934,77.50000000317259,0,60,1.0,1,7.464911825937794e-11
2.075,0.17928878030241233,77.50000000196455,0,60,1.0,1,4.622473384455696e-11
2.08,0.14946211903866036,77.5000000012102,0,60,1.0,1,2.847520911874359e-11
2.085,0.1197651512573837,77.50000000074162,0,60,1.0,1,1.7449926471111694e-11
2.09,0.09224675744988023,77.50000000045212,0,60,1.0,1,1.063807865327416e-11
2.095,0.06829565320281596,77.5000000002742,0,60,1.0,1,6.45172804070171e-12
2.1,0.04860224607515734,77.50000000016543,0,60,1.0,1,3.892436699756859e-12
2.105,0.03324612389699793,77.50000000009929,0,60,1.0,1,2.3362645151792095e-12
2.11,0.021859876340472782,77.50000000005929,0,60,1.0,1,1.3950043734546533e-12
2.115,0.01381595518554205,77.50000000003521,0,60,1.0,1,8.285764231593074e-13
2.12,0.008394095110402422,77.5000000000208,0,60,1.0,1,4.895221483071937e-13
2.125,0.0049052535271608,77.50000000001224,0,60,1.0,1,2.8789519787738646e-13
2.13,0.0027671663551903634,77.50000000000715,0,60,1.0,1,1.6818964521756725e-13
2.135,0.0015425553464444616,77.50000000000416,0,60,1.0,1,9.797130427186323e-14
2.14,0.0009638206637011801,77.5000000000024,0,60,1.0,1,5.6509045808685616e-14
2.145,0.0009804935156568228,77.50000000000138,0,60,1.0,1,3.243418605587281e-14
2.15,0.0018793744894085216,77.5000000000008,0,60,1.0,1,1.8724890918854405e-14
2.155,0.004535525206900863,77.50000000000045,0,60,1.0,1,1.0699937667916803e-14
2.16,0.010832767979632273,77.50000000000026,0,60,1.0,1,6.0187149382032015e-15
2.165,0.024208003392322392,77.50000000000014,0,60,1.0,1,3.343730521224001e-15
2.17,0.0500971897335304,77.50000000000009,0,60,1.0,1,2.0062383127344005e-15
2.175,0.09582894921774403,77.50000000000004,0,60,1.0,1,1.0031191563672002e-15
2.18,0.16937896721820658,77.50000000000003,0,60,1.0,1,6.687461042448002e-16
2.185,0.27661303008991756,77.50000000000001,0,60,1.0,1,3.343730521224001e-16
2.19,0.4173782800009149,77.5,0,60,1.0,1,0.0
2.195,0.5818720934538056,77.5,0,60,1.0,1,0.0
2.2,0.7494718801585675,77.5,0,60,1.0,1,0.0
2.205,0.891813020752378,77.5,0,60,1.0,1,0.0
2.21,0.9800361632936612,77.5,0,60,1.0,1,0.0
2.215,0.993574479225126,77.50000249055736,1,60,1.0,1,5.860134973879801e-08
2.22,0.9263438449375362,77.50000390266074,0,60,1.0,1,9.182731145408659e-08
2.225,0.7873015962290536,77.5000062610317,0,60,1.0,1,1.4731839294600993e-07
2.23,0.5959516244629897,77.5000104126822,0,60,1.0,1,2.4500428708051913e-07
2.235,0.376910120078773,77.50001815880528,0,60,1.0,1,4.2726600648112414e-07
2.24,0.15739335672107918,77.5000334012751,0,60,1.0,1,7.859123553878496e-07
2.245,-0.033361226269301235,77.50006460378755,0,60,1.0,1,1.5200891188188132e-06
2.25,-0.1680180840843834,77.50012992730984,0,60,1.0,1,3.057113172765051e-06
2.255,-0.23069703190837854,77.50026761566144,0,60,1.0,1,6.296839092770182e-06
2.26,-0.22587267821131068,77.50055630925912,0,60,1.0,1,1.3089629626459581e-05
2.265,-0.17718181630665902,77.50115340923121,0,60,1.0,1,2.713904073429523e-05
2.27,-0.11494332516451301,77.50236492593112,0,60,1.0,1,5.564531602631713e-05
2.275,-0.061810214049552864,77.50476787701339,0,60,1.0,1,0.00011218534149159441
2.28,-0.026546104631500547,77.50941633263068,0,60,1.0,1,0.00022156076778066884
2.285,-0.00719600351942686,77.5181738644655,0,60,1.0,1,0.00042762034036460296
2.29,0.0022072757983807078,77.5342261502554,0,60,1.0,1,0.0008053211824801565
2.295,0.006917199873730717,77.56283330869695,0,60,1.0,1,0.001478430792869457
2.3,0.01004859748264829,77.61237503104077,0,60,1.0,1,0.0026441183774298838
2.305,0.013037082251128167,77.6957132392228,0,60,1.0,1,0.00460501739347759
2.31,0.01645163937690478,77.83183666400365,0,60,1.0,1,0.007807921505968138
2.315,0.020526639934696615,78.04765202417518,0,60,1.0,1,0.012885929980592436
2.32,0.02539629541761738,78.37964807981832,0,60,1.0,1,0.02069760187807821
2.325,0.031171612185577933,78.87499658157523,0,60,1.0,1,0.03235286074294663
2.33,0.03795853426638131,79.591501931469,0,60,1.0,1,0.049211810152211696
2.335,0.0458588961882057,80.59572263286991,0,60,1.0,1,0.07284053253811548
2.34,0.054966995891435555,81.95862818810917,0,60,1.0,1,0.10490889854374526
2.345,0.06536491004445595,83.74838670535817,0,60,1.0,1,0.1470208636554864
2.35,0.07711726085088699,86.02033399330428,0,60,1.0,1,0.2004784469012771
2.355,0.09026570629555215,88.8048315443595,0,60,1.0,1,0.2659960363378706
2.36,0.10482339848670268,92.09448096566497,0,60,1.0,1,0.34339955213329343
2.365,0.12076968927580028,95.83285417186961,0,60,1.0,1,0.4313612746322262
2.37,0.13804539501007884,99.90730401880838,0,60,1.0,1,0.5272306827954912
2.375,0.15654895051787066,104.14833129667961,0,60,1.0,1,0.6270195599218733
2.38,0.17613378141900526,108.33727604108216,0,60,1.0,1,0.7255829656725215
2.385,0.19660720058055794,112.22279730887875,0,60,1.0,1,0.8170069955030295
2.39,0.21773108748496234,115.54490959056277,0,60,1.0,1,0.8951743433073592
2.395,0.23922453870058807,118.06361697299218,0,60,1.0,1,0.9544380464233454
2.4,0.2607685857914563,119.58786456364993,0,60,1.0,1,0.9903026956152925
2.405,0.2820129681603682,120.0,0,60,1.0,1,1.0
2.41,0.30258482867153996,119.27142299958258,0,60,1.0,2,0.9828570117548843
2.415,0.3220990771751686,117.46655828444447,0,60,1.0,2,0.9403896066928111
2.42,0.3401700499968971,114.73441248783143,0,60,1.0,2,0.8761038232430925
2.425,0.3564239911198326,111.28927580351457,0,60,1.0,2,0.7950417836121075
2.43,0.3705118017738417,107.38406102338513,0,60,1.0,2,0.7031543770208266
2.435,0.3821214567925213,103.28089833002707,0,60,1.0,2,0.6066093724712252
2.44,0.39098947374066967,99.22371126121679,0,60,1.0,2,0.5111461473227481
2.445,0.3969108472035567,95.41664685863836,0,60,1.0,2,0.4215681613797261
2.45,0.3997469255491936,92.0107136810468,0,60,1.0,2,0.34142855720110105
2.455,0.3994308076379137,89.09921702002791,0,60,1.0,2,0.27292275341242134
2.46,0.3959699661768434,86.72099306384327,0,60,1.0,2,0.2169645426786651
2.465,0.38944595408114946,84.86934322745678,0,60,1.0,2,0.1733963112342772
2.47,0.38001120995358023,83.50409389992826,0,60,1.0,2,0.14127279764537093
2.475,0.3678831374098315,82.5643187163182,0,60,1.0,2,0.1191604403839576
2.48,0.35333577933796634,81.97979641551007,0,60,1.0,2,0.10540697448258979
2.485,0.33668953221163944,81.68001798316348,0,60,1.0,2,0.09835336430972896
2.49,0.3182994390982644,81.60029568688363,0,60,1.0,2,0.09647754557373239
2.495,0.29854265738230645,81.68511720481757,0,60,1.0,2,0.09847334599570759
2.5,0.2778057157821067,81.8892611786442,0,60,1.0,2,0.10327673361515775
2.505,0.2564721553719815,82.17734651540148,0,60,1.0,2,0.11005521212709368
2.51,0.23491109433464996,82.52247317147288,0,60,1.0,2,0.1181758393287737
2.515,0.21346717185309805,82.90449269890502,0,60,1.0,2,0.12716453409188275
2.52,0.19245222055656455,83.30828526471531,0,60,1.0,2,0.13666553564036021
2.525,0.17213889801761392,83.72226285659941,0,60,1.0,2,0.1464061848611627
2.53,0.15275638501270183,84.13719258266862,0,60,1.0,2,0.1561692372392616
2.535,0.13448814019607322,84.54534839222734,0,60,1.0,2,0.16577290334652564
2.54,0.11747159495449566,84.93995127272836,0,60,1.0,2,0.17505767700537328
2.545,0.10179958433370105,85.31483813156787,0,60,1.0,2,0.1838785442721851
2.55,0.08752324394101413,85.66429795931882,0,60,1.0,2,0.19210112845456037
2.555,0.07465606047174059,85.98302177258904,0,60,1.0,2,0.19960051229621273
2.56,0.0631787448609295,86.2661241010189,0,60,1.0,2,0.20626174355338595
2.565,0.05304460019959574,86.509204811254,0,60,1.0,2,0.21198128967656457
2.57,0.044185078305849994,86.70842921313016,0,60,1.0,2,0.21666892266188612
2.575,0.03651525513023255,86.86061128456899,0,60,1.0,2,0.2202496772839762
2.58,0.0299390014708757,86.96328974342804,0,60,1.0,2,0.2226656410218361
2.585,0.024353677220580638,87.0147900798478,0,60,1.0,2,0.22387741364347763
2.59,0.01965423034339045,87.01426803196546,0,60,1.0,2,0.22386513016389312
2.595,0.015736632374757337,86.9617317279995,0,60,1.0,2,0.2226289818352825
2.6,0.012500627640593535,86.85804109034562,0,60,1.0,2,0.22018920212577936
2.605,0.009851811652115898,86.70488425603972,0,60,1.0,2,0.2165855119068169
2.61,0.007703084175428559,86.50473178744132,0,60,1.0,2,0.2118760420574427
2.615,0.005975544002062424,86.26077035135903,0,60,1.0,2,0.2061357729731536
2.62,0.004598905818663047,85.97681832982333,0,60,1.0,2,0.19945454893701955
2.625,0.0035115256454839104,85.6572264743845,0,60,1.0,2,0.19193474057375295
2.63,0.002660121266303676,85.30676720877216,0,60,1.0,2,0.1836886402064037
2.635,0.0019992692560877024,84.93051650632438,0,60,1.0,2,0.17483568250175013
2.64,0.0014907520044639367,84.53373241029662,0,60,1.0,2,0.1654995861246264
2.645,0.0011028178277539807,84.12173422728785,0,60,1.0,2,0.15580551123030226
2.65,0.0008094059938923333,83.69978621594157,0,60,1.0,2,0.145877322728037
2.655,0.0005893771793717645,83.27298923259978,0,60,1.0,2,0.13583504076705374
2.66,0.0004257792353490551,82.84618330765194,0,60,1.0,2,0.1257925484153398
2.665,0.0003051686392901525,82.42386354125402,0,60,1.0,2,0.11585561273538875
2.67,0.00021699992642659966,82.01011105855213,0,60,1.0,2,0.10612026020122652
2.675,0.00015308884054097838,81.60854008739086,0,60,1.0,2,0.09667153146802032
2.68,0.00010714989329311098,81.22226154968438,0,60,1.0,2,0.0875826246984559
2.685,7.440535854020571e-05,80.85386292236346,0,60,1.0,2,0.07891442170266968
2.69,5.1260276743925106e-05,80.50540355191389,0,60,1.0,2,0.07071537769209145
2.695,3.503659887882241e-05,80.17842411927857,0,60,1.0,2,0.06302174398302528
2.7,2.375894748103639e-05,79.8739685643194,0,60,1.0,2,0.055858083866338774
2.705,1.5984413869232557e-05,79.59261649957682,0,60,1.0,2,0.04923803528416048
2.71,1.0669166579899869e-05,79.33452397376828,0,60,1.0,2,0.04316526997101846
2.715,7.06526633560511e-06,79.09947038249331,0,60,1.0,2,0.037634597235136666
2.72,4.641847214699205e-06,78.88690935809102,0,60,1.0,2,0.03263316136684747
2.725,3.025641074479182e-06,78.6960215896651,0,60,1.0,2,0.028141684462708087
2.73,1.9566278676921314e-06,78.5257677122978,0,60,1.0,2,0.02413571087759545
2.735,1.2553456560008793e-06,78.37493964417503,0,60,1.0,2,0.020586815157059513
2.74,7.990660428214668e-07,78.2422090240731,0,60,1.0,2,0.017463741742896593
2.745,5.046221251618276e-07,78.12617169236393,0,60,1.0,2,0.014733451585033542
2.75,3.1616527078858815e-07,78.025387450806,0,60,1.0,2,0.012362057666023381
2.755,1.9652884407760343e-07,77.93841461647177,0,60,1.0,2,0.010315638034629995
2.76,1.2120002189836396e-07,77.8638391423511,0,60,1.0,2,0.008560920996496394
2.765,7.415549848886236e-08,77.80029830339164,0,60,1.0,2,0.007065842432744523
2.77,4.501406988770349e-08,77.74649913671861,0,60,1.0,2,0.005799979687496743
2.775,0.0,77.70123197589588,0,60,1.0,2,0.00473487002107952
2.78,0.0,77.66337953109218,0,60,1.0,2,0.003844224260992365
2.785,0.0,77.63192204162286,0,60,1.0,2,0.0031040480381848818
2.79,0.0,77.60593906782344,0,60,1.0,2,0.0024926839487868753
2.795,0.0,77.5846084999467,0,60,1.0,2,0.001990788234039923
2.8,0.0,77.56720334779462,0,60,1.0,2,0.0015812552422262878
2.805,0.0,77.55308684140455,0,60,1.0,2,0.0012491021506952941
2.81,0.0,77.54170632554015,0,60,1.0,2,0.0009813253068269954
2.815,0.0,77.53258637389288,0,60,1.0,2,0.0007667382092443083
2.82,0.0,77.5253214871494,0,60,1.0,2,0.000595799697632896
2.825,0.0,77.5195686761332,0,60,1.0,2,0.00046043943842833225
2.83,0.0,77.51504017008224,0,60,1.0,2,0.00035388635487633484
2.835,0.0,77.51149643304234,0,60,1.0,2,0.0002705043068785659
2.84,0.0,77.50873961991796,0,60,1.0,2,0.00020563811571672457
2.845,0.0,77.50660755888478,0,60,1.0,2,0.00015547197375955125
2.85,0.0,77.50496830905382,0,60,1.0,2,0.00011690138950170342
2.855,0.0,77.5037153114783,0,60,1.0,2,8.741909360711522e-05
2.86,0.0,77.50276312746773,0,60,1.0,2,6.501476394659863e-05
2.865,0.0,77.50204374014463,0,60,1.0,2,4.808800340302856e-05
2.87,0.0,77.50150338251946,0,60,1.0,2,3.537370634021767e-05
2.875,0.0,77.50109984727075,0,60,1.0,2,2.587875931179523e-05
2.88,0.0,77.50080022908391,0,60,1.0,2,1.8828919621348497e-05
2.885,0.0,77.50057904904067,0,60,1.0,2,1.3624683309805785e-05
2.89,0.0,77.50041671144271,0,60,1.0,2,9.804975122599845e-06
2.895,0.0,77.50029824596082,0,60,1.0,2,7.017552019306095e-06
2.9,0.0,77.50021229158524,0,60,1.0,2,4.995096123352863e-06
2.905,0.0,77.50015028306859,0,60,1.0,2,3.536072202169795e-06
2.91,0.0,77.50010580504913,0,60,1.0,2,2.4895305677867272e-06
2.915,0.0,77.50007408355204,0,60,1.0,2,1.7431424008490842e-06
2.92,0.0,77.50005158889975,0,60,1.0,2,1.213856464734336e-06
2.925,0.0,77.50003572808994,0,60,1.0,2,8.406609397832868e-07
2.93,0.0,77.50002460834446,0,60,1.0,2,5.790198696665946e-07
2.935,0.001684486749771458,77.50001685675832,0,60,1.0,2,3.9662960756793514e-07
2.94,0.003097557930867117,77.500011483778,0,60,1.0,2,2.7020654108448924e-07
2.945,0.005475106668887023,77.50000778062673,0,60,1.0,2,1.830735701493241e-07
2.95,0.00930222931468658,77.50000524280178,0,60,1.0,2,1.233600418051056e-07
2.955,0.01519157517868857,77.50000351343044,0,60,1.0,2,8.266895159014145e-08
2.96,0.023847336626128316,77.5000023416304,0,60,1.0,2,5.5097186024046524e-08
2.965,0.0359830743700859,77.5000015521168,0,60,1.0,2,3.652039528306512e-08
2.97,0.05218887796857759,77.50000102317405,0,60,1.0,2,2.4074683538214337e-08
2.975,0.0727577001223134,77.500000670801,0,60,1.0,2,1.5783552953507752e-08
2.98,0.0974992498694751,77.500000437378,0,60,1.0,2,1.029124719560273e-08
2.985,0.12558706050443358,77.50000028362157,0,60,1.0,2,6.6734488053257606e-09
2.99,0.15549263588878245,77.50000018291134,0,60,1.0,2,4.303796137772973e-09
2.995,0.1850529723539114,77.50000011731703,0,60,1.0,2,2.760400681889972e-09
3.0,0.21169159439317053,77.50000007483428,0,60,1.0,2,1.7608064862382462e-09
3.005,0.23277292922115492,77.50000004747436,0,60,1.0,2,1.1170437333288752e-09
3.01,0.24602692519491282,77.50000002995276,0,60,1.0,2,7.047707881343633e-10
3.015,0.24995056064839283,77.50000001879462,0,60,1.0,2,4.4222641757668874e-10
3.02,0.24408826520424054,77.50000001172869,0,60,1.0,2,2.759691142273368e-10
3.025,0.22911894216865275,77.50000000727921,0,60,1.0,2,1.7127557411560487e-10
3.03,0.20672661788705934,77.50000000449302,0,60,1.0,2,1.0571805914343499e-10
3.035,0.17928878030241233,77.5000000027581,0,60,1.0,2,6.48964594481239e-11
3.04,0.14946211903866036,77.50000000168384,0,60,1.0,2,3.9619862945983186e-11
3.045,0.1197651512573837,77.50000000102239,0,60,1.0,2,2.405613486189395e-11
3.05,0.09224675744988023,77.50000000061736,0,60,1.0,2,1.4526168503353428e-11
3.055,0.06829565320281596,77.50000000037076,0,60,1.0,2,8.723792929873418e-12
3.06,0.04860224607515734,77.50000000022145,0,60,1.0,2,5.210535271223361e-12
3.065,0.03324612389699793,77.50000000013154,0,60,1.0,2,3.094956970444935e-12
3.07,0.021859876340472782,77.5000000000777,0,60,1.0,2,1.8283518490052836e-12
3.075,0.01381595518554205,77.50000000004566,0,60,1.0,2,1.0743406164692714e-12
3.08,0.008394095110402422,77.50000000002667,0,60,1.0,2,6.27618218833745e-13
3.085,0.0049052535271608,77.5000000000155,0,60,1.0,2,3.648009998655385e-13
3.09,0.0027671663551903634,77.50000000000895,0,60,1.0,2,2.1065502283711206e-13
3.095,0.0015425553464444616,77.50000000000514,0,60,1.0,2,1.2104304486830883e-13
3.1,0.0009638206637011801,77.50000000000294,0,60,1.0,2,6.921522178933681e-14
3.105,0.0009804935156568228,77.50000000000168,0,60,1.0,2,3.945602015044321e-14
3.11,0.0018793744894085216,77.50000000000095,0,60,1.0,2,2.2402994492200805e-14
3.115,0.004535525206900863,77.50000000000053,0,60,1.0,2,1.2371802928528803e-14
3.12,0.010832767979632273,77.5000000000003,0,60,1.0,2,7.021834094570402e-15
3.125,0.024208003392322392,77.50000000000017,0,60,1.0,2,4.012476625468801e-15
3.13,0.0500971897335304,77.50000000000009,0,60,1.0,2,2.0062383127344005e-15
3.135,0.09582894921774403,77.50000000000004,0,60,1.0,2,1.0031191563672002e-15
3.14,0.16937896721820658,77.50000000000003,0,60,1.0,2,6.687461042448002e-16
3.145,0.27661303008991756,77.50000000000001,0,60,1.0,2,3.343730521224001e-16
3.15,0.4173782800009149,77.50000000000001,0,60,1.0,2,3.343730521224001e-16
3.155,0.5818720934538056,77.5,0,60,1.0,2,0.0
3.16,0.7494718801585675,77.5,0,60,1.0,2,0.0
3.165,0.891813020752378,77.5,0,60,1.0,2,0.0
3.17,0.9800361632936612,77.5,0,60,1.0,2,0.0
3.175,0.993574479225126,77.50000248994282,1,60,1.0,2,5.8586889776158976e-08
3.18,0.9263438449375362,77.50000380552395,0,60,1.0,2,8.954173989984744e-08
3.185,0.7873015962290536,77.50000593638781,0,60,1.0,2,1.39679713129226e-07
3.19,0.5959516244629897,77.50000955146527,0,60,1.0,2,2.2474035925851614e-07
3.195,0.376910120078773,77.50001601150335,0,60,1.0,2,3.7674125524865623e-07
3.2,0.15739335672107918,77.50002813833666,0,60,1.0,2,6.62078509642871e-07
3.205,-0.033361226269301235,77.50005180683414,0,60,1.0,2,1.2189843326215102e-06
3.21,-0.1680180840843834,77.50009915896051,0,60,1.0,2,2.3331520119828543e-06
3.215,-0.23069703190837854,77.5001949173451,0,60,1.0,2,4.586290472897257e-06
3.22,-0.22587267821131068,77.50038842890842,0,60,1.0,2,9.13950372759085e-06
3.225,-0.17718181630665902,77.50077594134726,0,60,1.0,2,1.8257443464870662e-05
3.23,-0.11494332516451301,77.50154050202146,0,60,1.0,2,3.6247106387196145e-05
3.235,-0.061810214049552864,77.50302106429805,0,60,1.0,2,7.108386583655267e-05
3.24,-0.026546104631500547,77.50582806699363,0,60,1.0,2,0.00013713098808539945
3.245,-0.00719600351942686,77.5110297722934,0,60,1.0,2,0.00025952405396230247
3.25,0.0022072757983807078,77.52044123887686,0,60,1.0,2,0.00048097032651425893
3.255,0.006917199873730717,77.53705421595274,0,60,1.0,2,0.0008718639047702602
3.26,0.01004859748264829,77.5656483921687,0,60,1.0,2,0.0015446680510281647
3.265,0.013037082251128167,77.61361778133262,0,60,1.0,2,0.002673359560767561
3.27,0.01645163937690478,77.69202488768812,0,60,1.0,2,0.004518232651485184
3.275,0.020526639934696615,77.81685387265462,0,60,1.0,2,0.007455385238932208
3.28,0.02539629541761738,78.01036829501618,0,60,1.0,2,0.012008665765086548
3.285,0.031171612185577933,78.30238982620193,0,60,1.0,2,0.018879760616516035
3.29,0.03795853426638131,78.73121019613063,0,60,1.0,2,0.02896965167366194
3.295,0.0458588961882057,79.34374842619829,0,60,1.0,2,0.043382315910547975
3.3,0.054966995891435555,80.19449891225777,0,60,1.0,2,0.0633999744060652
3.305,0.06536491004445595,81.34282055819683,0,60,1.0,2,0.09041930725169021
3.31,0.07711726085088699,82.84823024479076,0,60,1.0,2,0.12584071164213542
3.315,0.09026570629555215,84.76361058293982,0,60,1.0,2,0.17090848430446634
3.32,0.10482339848670268,87.12662098861364,0,60,1.0,2,0.2265087291438503
3.325,0.12076968927580028,89.95007326204762,0,60,1.0,2,0.29294290028347353
3.33,0.13804539501007884,93.21251614850307,0,60,1.0,2,0.3697062623177193
3.335,0.15654895051787066,96.85065144980784,0,60,1.0,2,0.45530944587783156
3.34,0.17613378141900526,100.75534889717845,0,60,1.0,2,0.5471846799336106
3.345,0.19660720058055794,104.77283232444243,0,60,1.0,2,0.6417137017515867
3.35,0.21773108748496234,108.71203014349793,0,60,1.0,2,0.7344007092587748
3.355,0.23922453870058807,112.35816304783853,0,60,1.0,2,0.8201920717138478
3.36,0.2607685857914563,115.49152435431921,0,60,1.0,2,0.8939182201016285
3.365,0.2820129681603682,117.90931557476307,0,60,1.0,2,0.9508074252885428
3.37,0.30258482867153996,119.44758504432397,0,60,1.0,2,0.987002001042917
3.375,0.3220990771751686,120.0,0,60,1.0,2,1.0
3.38,0.3401700499968971,119.53048331157143,0,60,1.0,2,0.9889525485075631
3.385,0.3564239911198326,118.07764512178605,0,60,1.0,2,0.954768120512613
3.39,0.3705118017738417,115.75027089627324,0,60,1.0,2,0.9000063740299585
3.395,0.3821214567925213,112.71461532107598,0,60,1.0,2,0.8285791840253173
3.4,0.39098947374066967,109.17558029645926,0,60,1.0,2,0.7453077716813943
3.405,0.3969108472035567,105.35475009686118,0,60,1.0,2,0.6554058846320278
3.41,0.3997469255491936,101.46855261644002,0,60,1.0,2,0.5639659439162358
3.415,0.3994308076379137,97.70949370222844,0,60,1.0,2,0.47551749887596334
3.42,0.3959699661768434,94.23259379733645,0,60,1.0,2,0.3937080893490929
3.425,0.38944595408114946,91.14806229054459,0,60,1.0,2,0.3211308774245785
3.43,0.38001120995358023,88.5201284436027,0,60,1.0,2,0.25929713984947533
3.435,0.3678831374098315,86.37103019757335,0,60,1.0,2,0.20873012229584345
3.44,0.35333577933796634,84.68858588314299,0,60,1.0,2,0.16914319725042332
3.445,0.33668953221163944,83.43558240598455,0,60,1.0,2,0.13966076249375406
3.45,0.3182994390982644,82.5593606642362,0,60,1.0,2,0.11904378033496929
3.455,0.29854265738230645,82.00035857665452,0,60,1.0,2,0.10589079003892989
3.46,0.2778057157821067,81.69885586979706,0,60,1.0,2,0.09879660870110724
3.465,0.2564721553719815,81.59963653358932,0,60,1.0,2,0.09646203608445456
3.47,0.23491109433464996,81.65466301792299,0,60,1.0,2,0.09775677689230552
3.475,0.21346717185309805,81.82410177142309,0,60,1.0,2,0.10174357109230794
3.48,0.19245222055656455,82.07615171988677,0,60,1.0,2,0.10767415811498274
3.485,0.17213889801761392,82.3861310312197,0,60,1.0,2,0.1149677889698754
3.49,0.15275638501270183,82.73521037592705,0,60,1.0,2,0.12318142061004832
3.495,0.13448814019607322,83.10908026135901,0,60,1.0,2,0.13197835909080027
3.5,0.11747159495449566,83.4967355800674,0,60,1.0,2,0.1410996607074681
3.505,0.10179958433370105,83.8894711137067,0,60,1.0,2,0.15034049679309894
3.51,0.08752324394101413,84.28011585858825,0,60,1.0,2,0.1595321378491352
3.515,0.07465606047174059,84.66249236323388,0,60,1.0,2,0.1685292320760913
3.52,0.0631787448609295,85.03106583868113,0,60,1.0,2,0.17720154914543834
3.525,0.05304460019959574,85.38074083876755,0,60,1.0,2,0.1854291962062953
3.53,0.044185078305849994,85.70676514941869,0,60,1.0,2,0.19310035645691026
3.535,0.03651525513023255,86.00470666351954,0,60,1.0,2,0.20011074502398923
3.54,0.0299390014708757,86.27047640104377,0,60,1.0,2,0.20636415061279448
3.545,0.024353677220580638,86.50037773141064,0,60,1.0,2,0.21177359368025028
3.55,0.01965423034339045,86.69116751454428,0,60,1.0,2,0.2162627650481006
3.555,0.015736632374757337,86.84011916090118,0,60,1.0,2,0.2197675096682631
3.56,0.012500627640593535,86.94508069587606,0,60,1.0,2,0.22223719284414253
3.565,0.009851811652115898,87.00452308891684,0,60,1.0,2,0.2236358373862786
3.57,0.007703084175428559,87.01757565612239,0,60,1.0,2,0.22394295661464445
3.575,0.005975544002062424,86.98404649438511,0,60,1.0,2,0.22315403516200263
3.58,0.004598905818663047,86.9044268139302,0,60,1.0,2,0.22128063091600472
3.585,0.0035115256454839104,86.77987880203669,0,60,1.0,2,0.21835008945968687
3.59,0.002660121266303676,86.61220732526297,0,60,1.0,2,0.2144048782414817
3.595,0.0019992692560877024,86.40381638099026,0,60,1.0,2,0.20950156190565328
3.6,0.0014907520044639367,86.15765174322021,0,60,1.0,2,0.2037094527816521
3.605,0.0011028178277539807,85.87713170445551,0,60,1.0,2,0.19710898128130605
3.61,0.0008094059938923333,85.56606818397677,0,60,1.0,2,0.18978983962298276
3.615,0.0005893771793717645,85.22858074240006,0,60,1.0,3,0.18184895864470718
3.62,0.0004257792353490551,84.86900620562017,0,60,1.0,3,0.17338838130870982
3.625,0.0003051686392901525,84.49180665504765,0,60,1.0,3,0.16451309776582715
3.63,0.00021699992642659966,84.10147848725309,0,60,1.0,3,0.15532890558242562
3.635,0.00015308884054097838,83.70246509143067,0,60,1.0,3,0.1459403550924863
3.64,0.00010714989329311098,83.29907544860849,0,60,1.0,3,0.13644883408490566
3.645,7.440535854020571e-05,82.89541063710034,0,60,1.0,3,0.12695083852000802
3.65,5.1260276743925106e-05,82.49529985192366,0,60,1.0,3,0.11753646710408615
3.655,3.503659887882241e-05,82.10224713113755,0,60,1.0,3,0.10828816779147166
3.66,2.375894748103639e-05,81.71938954924038,0,60,1.0,3,0.09927975409977353
3.665,1.5984413869232557e-05,81.34946720642466,0,60,1.0,3,0.09057569897469794
3.67,1.0669166579899869e-05,80.99480493070575,0,60,1.0,3,0.0822307042519001
3.675,7.06526633560511e-06,80.65730523356406,0,60,1.0,3,0.07428953490738964
3.68,4.641847214699205e-06,80.33845173171007,0,60,1.0,3,0.06678709956964861
3.685,3.025641074479182e-06,80.03932197752341,0,60,1.0,3,0.059748752412315635
3.69,1.9566278676921314e-06,79.7606084347192,0,60,1.0,3,0.05319078669927535
3.695,1.2553456560008793e-06,79.50264619642017,0,60,1.0,3,0.0471210869745923
3.7,7.990660428214668e-07,79.26544596930036,0,60,1.0,3,0.04153990516000844
3.705,5.046221251618276e-07,79.04873083608925,0,60,1.0,3,0.03644072555504114
3.71,3.1616527078858815e-07,78.85197535329688,0,60,1.0,3,0.03181118478345598
3.715,1.9652884407760343e-07,78.67444563345711,0,60,1.0,3,0.027634014904873203
3.72,1.2120002189836396e-07,78.51523919213612,0,60,1.0,3,0.023887980991438153
3.725,7.415549848886236e-08,78.37332349940569,0,60,1.0,3,0.020548788221310253
3.73,4.501406988770349e-08,78.24757235335397,0,60,1.0,3,0.01758993772597585
3.735,0.0,78.13679937985393,0,60,1.0,3,0.014983514820092376
3.74,0.0,78.03978814945174,0,60,1.0,3,0.012700897634158537
3.745,0.0,77.95531858127889,0,60,1.0,3,0.010713378383032665
3.75,0.0,77.88218946913811,0,60,1.0,3,0.008992693391484983
3.755,0.0,77.81923711168028,0,60,1.0,3,0.007511461451300714
3.76,0.0,77.7653501537141,0,60,1.0,3,0.006243533028566952
3.765,0.0,77.71948084745911,0,60,1.0,3,0.005164255234331998
3.77,0.0,77.68065302056385,0,60,1.0,3,0.004250659307384761
3.775,0.0,77.647967092686,0,60,1.0,3,0.0034815786514353505
3.78,0.0,77.62060251599861,0,60,1.0,3,0.0028377062587908847
3.785,0.0,77.59781802945105,0,60,1.0,3,0.0023016006929658353
3.79,0.0,77.57895011472735,0,60,1.0,3,0.0018576497582905498
3.795,0.0,77.56341002660088,0,60,1.0,3,0.001492000625902994
3.8,0.0,77.55067974482027,0,60,1.0,3,0.0011924645840063958
3.805,0.0,77.54030716171373,0,60,1.0,3,0.0009484038050288745
3.81,0.0,77.53190078207007,0,60,1.0,3,0.0007506066369427679
3.815,0.0,77.52512417193833,0,60,1.0,3,0.0005911569867842392
3.82,0.0,77.51969035280118,0,60,1.0,3,0.0004633024188512322
3.825,0.0,77.515356298754,0,60,1.0,3,0.00036132467656470373
3.83,0.0,77.5119176580947,0,60,1.0,3,0.0002804154845812397
3.835,0.0,77.50920378796964,0,60,1.0,3,0.00021655971693268624
3.84,0.0,77.50707316196097,0,60,1.0,3,0.0001664273402582239
3.845,0.0,77.5054091859877,0,60,1.0,3,0.00012727496441651537
3.85,0.0,77.50411643763564,0,60,1.0,3,9.685735613281983e-05
3.855,0.0,77.50311732785518,0,60,1.0,3,7.334889071009511e-05
3.86,0.0,77.50234917155994,0,60,1.0,3,5.527462493981094e-05
3.865,0.0,77.50176164462405,0,60,1.0,3,4.1450461742442714e-05
3.87,0.0,77.50131459866044,0,60,1.0,3,3.0931733186889686e-05
3.875,0.0,77.50097620130107,0,60,1.0,3,2.296944237815189e-05
3.88,0.0,77.50072136803325,0,60,1.0,3,1.6973365488330967e-05
3.885,0.0,77.50053045154435,0,60,1.0,3,1.2481212808231303e-05
3.89,0.0,77.50038815560109,0,60,1.0,3,9.133072966746756e-06
3.895,0.0,77.50028264239916,0,60,1.0,3,6.650409391915994e-06
3.9,0.0,77.50020480477525,0,60,1.0,3,4.818935888258292e-06
3.905,0.0,77.50014767744172,0,60,1.0,3,3.4747633345191655e-06
3.91,0.0,77.50010596429578,0,60,1.0,3,2.4932775478619614e-06
3.915,0.0,77.50007566172987,0,60,1.0,3,1.7802759968537216e-06
3.92,0.0,77.50005376062273,0,60,1.0,3,1.2649558290350423e-06
3.925,0.0,77.50003801225458,0,60,1.0,3,8.94405990065399e-07
3.93,0.0,77.50002674571927,0,60,1.0,3,6.293110415941449e-07
3.935,0.0,77.50001872648421,0,60,1.0,3,4.4062315797579207e-07
3.94,0.0,77.50001304756682,0,60,1.0,3,3.070015723364229e-07
3.945,0.0,77.50000904636538,0,60,1.0,3,2.128556559455319e-07
3.95,0.001684486749771458,77.50000624151522,0,60,1.0,3,1.4685918171487762e-07
3.955,0.003097557930867117,77.5000042852608,0,60,1.0,3,1.0082966589246045e-07
3.96,0.005475106668887023,77.50000292776217,0,60,1.0,3,6.888852159564147e-08
3.965,0.00930222931468658,77.50000199051588,0,60,1.0,3,4.683566785120895e-08
3.97,0.01519157517868857,77.50000134668745,0,60,1.0,3,3.168676364432887e-08
3.975,0.023847336626128316,77.50000090664922,0,60,1.0,3,2.133292281648798e-08
3.98,0.0359830743700859,77.50000060741161,0,60,1.0,3,1.4292037817272906e-08
3.985,0.05218887796857759,77.50000040494702,0,60,1.0,3,9.528165090908741e-09
3.99,0.0727577001223134,77.50000026864862,0,60,1.0,3,6.32114399516414e-09
3.995,0.0974992498694751,77.50000017735456,0,60,1.0,3,4.173048583812916e-09
4.0,0.12558706050443358,77.5000001165122,0,60,1.0,3,2.74146346408302e-09
4.005,0.15549263588878245,77.50000007616786,0,60,1.0,3,1.7921850565685685e-09
4.01,0.1850529723539114,77.50000004954998,0,60,1.0,3,1.1658819269488209e-09
4.015,0.21169159439317053,77.50000003207646,0,60,1.0,3,7.547401657896391e-10
4.02,0.23277292922115492,77.50000002066335,0,60,1.0,3,4.861964739307843e-10
4.025,0.24602692519491282,77.50000001324605,0,60,1.0,3,3.116717968677061e-10
4.03,0.24995056064839283,77.50000000844973,0,60,1.0,3,1.9881721367282272e-10
4.035,0.24408826520424054,77.50000000536379,0,60,1.0,3,1.2620676791223507e-10
4.04,0.22911894216865275,77.50000000338821,0,60,1.0,3,7.972256057923112e-11
4.045,0.20672661788705934,77.50000000212981,0,60,1.0,3,5.011315806768835e-11
4.05,0.17928878030241233,77.50000000133224,0,60,1.0,3,3.1346804890370766e-11
4.055,0.14946211903866036,77.50000000082927,0,60,1.0,3,1.9512339456602656e-11
4.06,0.1197651512573837,77.50000000051367,0,60,1.0,3,1.2086248342016274e-11
4.065,0.09224675744988023,77.50000000031662,0,60,1.0,3,7.449831601287074e-12
4.07,0.06829565320281596,77.5000000001942,0,60,1.0,3,4.56954213030472e-12
4.075,0.04860224607515734,77.50000000011853,0,60,1.0,3,2.789005627752939e-12
4.08,0.03324612389699793,77.500000000072,0,60,1.0,3,1.6942682551042012e-12
4.085,0.021859876340472782,77.50000000004351,0,60,1.0,3,1.023850285598789e-12
4.09,0.01381595518554205,77.50000000002618,0,60,1.0,3,6.15915162009461e-13
4.095,0.008394095110402422,77.50000000001566,0,60,1.0,3,3.684791034388849e-13
4.1,0.0049052535271608,77.50000000000934,0,60,1.0,3,2.1968309524441686e-13
4.105,0.0027671663551903634,77.50000000000553,0,60,1.0,3,1.3007111727561363e-13
4.11,0.0015425553464444616,77.50000000000325,0,60,1.0,3,7.657142893602963e-14
4.115,0.0009638206637011801,77.50000000000192,0,60,1.0,3,4.514036203652401e-14
4.12,0.0009804935156568228,77.50000000000112,0,60,1.0,3,2.6415471117669608e-14
4.125,0.0018793744894085216,77.50000000000065,0,60,1.0,3,1.5381160397630403e-14
4.13,0.004535525206900863,77.50000000000037,0,60,1.0,3,8.693699355182403e-15
4.135,0.010832767979632273,77.50000000000021,0,60,1.0,3,5.015595781836002e-15
4.14,0.024208003392322392,77.50000000000013,0,60,1.0,3,3.0093574691016007e-15
4.145,0.0500971897335304,77.50000000000007,0,60,1.0,3,1.6718652606120004e-15
4.15,0.09582894921774403,77.50000000000004,0,60,1.0,3,1.0031191563672002e-15
4.155,0.16937896721820658,77.50000000000003,0,60,1.0,3,6.687461042448002e-16
4.16,0.27661303008991756,77.50000000000001,0,60,1.0,3,3.343730521224001e-16
4.165,0.4173782800009149,77.5,0,60,1.0,3,0.0
4.17,0.5818720934538056,77.5,0,60,1.0,3,0.0
4.175,0.7494718801585675,77.5,0,60,1.0,3,0.0
4.18,0.891813020752378,77.5,0,60,1.0,3,0.0
4.185,0.9800361632936612,77.5,0,60,1.0,3,0.0
4.19,0.993574479225126,77.50000249379623,1,60,1.0,3,5.8677558372972485e-08
4.195,0.9263438449375362,77.50000387113866,0,60,1.0,3,9.108561551543329e-08
4.2,0.7873015962290536,77.50000614495686,0,60,1.0,3,1.44587220146979e-07
4.205,0.5959516244629897,77.50001009206693,0,60,1.0,3,2.3746039834590835e-07
4.21,0.376910120078773,77.5000173369902,0,60,1.0,3,4.079291811114458e-07
4.215,0.15739335672107918,77.50003134163862,0,60,1.0,3,7.37450320417231e-07
4.22,-0.033361226269301235,77.50005950089377,0,60,1.0,3,1.4000210298678105e-06
4.225,-0.1680180840843834,77.50011746182723,0,60,1.0,3,2.7638076995331443e-06
4.23,-0.23069703190837854,77.50023776471434,0,60,1.0,3,5.594463866868062e-06
4.235,-0.22587267821131068,77.50048658883156,0,60,1.0,3,1.1449148977964583e-05
4.24,-0.17718181630665902,77.50099513789219,0,60,1.0,3,2.341500922799402e-05
4.245,-0.11494332516451301,77.50201644570332,0,60,1.0,3,4.744578125456321e-05
4.25,-0.061810214049552864,77.50402451354624,0,60,1.0,3,9.469443638214911e-05
4.255,-0.026546104631500547,77.50788085207563,0,60,1.0,3,0.00018543181354422868
4.26,-0.00719600351942686,77.51510323642296,0,60,1.0,3,0.0003553702687755129
4.265,0.0022072757983807078,77.52828124048683,0,60,1.0,3,0.0006654409526313831
4.27,0.006917199873730717,77.55168968563063,0,60,1.0,3,0.001216227897191402
4.275,0.01004859748264829,77.59214923171803,0,60,1.0,3,0.002168217216894712
4.28,0.013037082251128167,77.66016563836381,0,60,1.0,3,0.0037686032556189944
4.285,0.01645163937690478,77.77133735087011,0,60,1.0,3,0.006384408255767352
4.29,0.020526639934696615,77.94794785355886,0,60,1.0,3,0.01053994949550255
4.295,0.02539629541761738,78.22055245920677,0,60,1.0,3,0.01695417551074757
4.3,0.031171612185577933,78.62923630281921,0,60,1.0,3,0.02657026594868726
4.305,0.03795853426638131,79.22408280415199,0,60,1.0,3,0.040566654215340954
4.31,0.0458588961882057,80.06428738171843,0,60,1.0,3,0.06033617368749246
4.315,0.054966995891435555,81.21533054261677,0,60,1.0,3,0.0874195421792181
4.32,0.06536491004445595,82.74374175486754,0,60,1.0,3,0.12338215893805983
4.325,0.07711726085088699,84.70928122426405,0,60,1.0,3,0.16963014645327168
4.33,0.09026570629555215,87.1548465652038,0,60,1.0,3,0.2271728603577364
4.335,0.10482339848670268,90.09502724164179,0,60,1.0,3,0.29635358215627733
4.34,0.12076968927580028,93.50487114298438,0,60,1.0,3,0.3765852033643385
4.345,0.13804539501007884,97.31093238205123,0,60,1.0,3,0.46613958546002904
4.35,0.15654895051787066,101.38685595826713,0,60,1.0,3,0.5620436696062855
4.355,0.17613378141900526,105.55547445391579,0,60,1.0,3,0.6601288106803715
4.36,0.19660720058055794,109.59858538401849,0,60,1.0,3,0.755260832565141
4.365,0.21773108748496234,113.27431955233847,0,60,1.0,3,0.8417486953491404
4.37,0.23922453870058807,116.34051861380365,0,60,1.0,3,0.9138945556189094
4.375,0.2607685857914563,118.58114006736284,0,60,1.0,3,0.9666150604085374
4.38,0.2820129681603682,119.8317565853096,0,60,1.0,3,0.9960413314190495
4.385,0.30258482867153996,120.0,0,60,1.0,3,1.0
4.39,0.3220990771751686,119.07744164457799,0,60,1.0,3,0.9782927445783056
4.395,0.3401700499968971,117.14080910839245,0,60,1.0,3,0.9327249201974693
4.4,0.3564239911198326,114.34232070302158,0,60,1.0,3,0.8668781341887432
4.405,0.3705118017738417,110.89084986176812,0,60,1.0,3,0.7856670555710146
4.41,0.3821214567925213,107.02717543587835,0,60,1.0,3,0.6947570690794905
4.415,0.39098947374066967,102.99739961797562,0,60,1.0,3,0.5999388145406027
4.42,0.3969108472035567,99.02858404930407,0,60,1.0,3,0.5065549188071546
4.425,0.3997469255491936,95.309845089302,0,60,1.0,3,0.4190551785718118
4.43,0.3994308076379137,91.98081845212747,0,60,1.0,3,0.340725140050058
4.435,0.3959699661768434,89.12790132529386,0,60,1.0,3,0.27359767824220854
4.44,0.38944595408114946,86.78734731342963,0,60,1.0,3,0.21852581913952082
4.445,0.38001120995358023,84.9533724015562,0,60,1.0,3,0.17537346827191044
4.45,0.3678831374098315,83.58903512890868,0,60,1.0,3,0.14327141479785122
4.455,0.35333577933796634,82.63774874869135,0,60,1.0,3,0.1208882058515612
4.46,0.33668953221163944,82.0337334377467,0,60,1.0,3,0.10667608088815775
4.465,0.3182994390982644,81.71034347243264,0,60,1.0,3,0.09906690523370919
4.47,0.29854265738230645,81.60583753471548,0,60,1.0,3,0.09660794199330533
4.475,0.2778057157821067,81.66667643687869,0,60,1.0,3,0.0980394455736162
4.48,0.2564721553719815,81.84876988678565,0,60,1.0,3,0.10232399733613286
4.485,0.23491109433464996,82.11724772973115,0,60,1.0,3,0.10864112305249758
4.49,0.21346717185309805,82.44533609838746,0,60,1.0,3,0.11636084937382253
4.495,0.19245222055656455,82.81282786982345,0,60,1.0,3,0.1250077145840812
4.5,0.17213889801761392,83.2045024139376,0,60,1.0,3,0.13422358621029656
4.505,0.15275638501270183,83.60871282730876,0,60,1.0,3,0.14373441946608856
4.51,0.13448814019607322,84.01624472320185,0,60,1.0,3,0.15332340525180826
4.515,0.11747159495449566,84.41946941505593,0,60,1.0,3,0.1628110450601395
4.52,0.10179958433370105,84.81176549258696,0,60,1.0,3,0.17204154100204605
4.525,0.08752324394101413,85.18715992974894,0,60,1.0,3,0.18087435128821044
4.53,0.07465606047174059,85.54013465057005,0,60,1.0,3,0.18917963883694242
4.535,0.0631787448609295,85.86554926666517,0,60,1.0,3,0.1968364533332981
4.54,0.05304460019959574,86.1586397512219,0,60,1.0,3,0.20373270002875055
4.545,0.044185078305849994,86.41506250951961,0,60,1.0,3,0.20976617669457917
4.55,0.03651525513023255,86.6309617919093,0,60,1.0,3,0.2148461598096306
4.555,0.0299390014708757,86.80304503126104,0,60,1.0,3,0.21889517720614202
4.56,0.024353677220580638,86.92865552465399,0,60,1.0,3,0.22185071822715272
4.565,0.01965423034339045,87.00583527328615,0,60,1.0,3,0.22366671231261534
4.57,0.015736632374757337,87.03337316307264,0,60,1.0,3,0.22431466266053268
4.575,0.012500627640593535,87.01083537210316,0,60,1.0,3,0.22378436169654492
4.58,0.009851811652115898,86.938576193165,0,60,1.0,3,0.22208414572152954
4.585,0.007703084175428559,86.81772852740197,0,60,1.0,3,0.2192406712329875
4.59,0.005975544002062424,86.65017423074696,0,60,1.0,3,0.21529821719404602
4.595,0.004598905818663047,86.43849531771997,0,60,1.0,3,0.2103175368875287
4.6,0.0035115256454839104,86.18590775527554,0,60,1.0,3,0.20437430012413027
4.605,0.002660121266303676,85.8961802035904,0,60,1.0,3,0.19755718126095068
4.61,0.0019992692560877024,85.57354056557351,0,60,1.0,3,0.1899656603664355
4.615,0.0014907520044639367,85.22257357723743,0,60,1.0,3,0.1817076135820571
4.62,0.0011028178277539807,84.84811289585821,0,60,1.0,3,0.17289677402019313
4.625,0.0008094059938923333,84.4551312173353,0,60,1.0,3,0.16365014629024252
4.63,0.0005893771793717645,84.04863188079896,0,60,1.0,3,0.15408545601879917
4.635,0.0004257792353490551,83.63354520691325,0,60,1.0,3,0.1443187107509001
4.64,0.0003051686392901525,83.21463248261027,0,60,1.0,3,0.13446194076730048
4.645,0.00021699992642659966,82.79640007066425,0,60,1.0,3,0.12462117813327642
4.65,0.00015308884054097838,82.38302561301214,0,60,1.0,3,0.11489472030616793
4.655,0.00010714989329311098,81.97829773979932,0,60,1.0,3,0.1053717115246898
4.66,7.440535854020571e-05,81.58557012016932,0,60,1.0,3,0.09613106165104288
4.665,5.1260276743925106e-05,81.20773012323724,0,60,1.0,3,0.08724070878205271
4.67,3.503659887882241e-05,80.84718182348887,0,60,1.0,3,0.07875721937620864
4.675,2.375894748103639e-05,80.50584260541186,0,60,1.0,3,0.07072570836263192
4.68,1.5984413869232557e-05,80.18515221437653,0,60,1.0,3,0.06318005210297717
4.685,1.0669166579899869e-05,79.88609277648273,0,60,1.0,3,0.05614335944665239
4.69,7.06526633560511e-06,79.60921807587849,0,60,1.0,3,0.0496286606089056
4.695,4.641847214699205e-06,79.35469023543456,0,60,1.0,3,0.04363977024551907
4.7,3.025641074479182e-06,79.12232189244838,0,60,1.0,3,0.03817227982231489
4.705,1.9566278676921314e-06,78.91162198804986,0,60,1.0,3,0.03321463501293786
4.71,1.2553456560008793e-06,78.72184338679695,0,60,1.0,3,0.02874925615992819
4.715,7.990660428214668e-07,78.55203069891354,0,60,1.0,3,0.024753663503848014
4.72,5.046221251618276e-07,78.4010668777479,0,60,1.0,3,0.021201573594068095
4.725,3.1616527078858815e-07,78.2677173949188,0,60,1.0,3,0.018063938703971872
4.73,1.9652884407760343e-07,78.15067104128426,0,60,1.0,3,0.015309906853747179
4.735,1.2120002189836396e-07,78.04857665043636,0,60,1.0,3,0.012907685892620226
4.74,7.415549848886236e-08,77.96007528166045,0,60,1.0,3,0.010825300744951792
4.745,4.501406988770349e-08,77.88382762196936,0,60,1.0,3,0.009031238163984934
4.75,0.0,77.81853656491259,0,60,1.0,3,0.007494977997943325
4.755,0.0,77.76296509259281,0,60,1.0,3,0.006187413943360177
4.76,0.0,77.71594972407637,0,60,1.0,3,0.005081169978267459
4.765,0.0,77.6764098974902,0,60,1.0,3,0.004150821117416533
4.77,0.0,77.64335372555104,0,60,1.0,3,0.003373028836494996
4.775,0.0,77.61588060740796,0,60,1.0,3,0.0027266025272461
4.78,0.0,77.59318119681424,0,60,1.0,3,0.002192498748570415
4.785,0.0,77.5745352217389,0,60,1.0,3,0.001753769923268197
4.79,0.0,77.55930762785665,0,60,1.0,3,0.0013954735966271582
4.795,0.0,77.54694348223622,0,60,1.0,3,0.001104552523205083
4.8,0.0,77.53696202809876,0,60,1.0,3,0.0008696947787942623
4.805,0.0,77.52895023050213,0,60,1.0,3,0.0006811818941678345
4.81,0.0,77.52255609948452,0,60,1.0,3,0.0005307317525768988
4.815,0.0,77.5174820242859,0,60,1.0,3,0.0004113417479034604
4.82,0.0,77.51347830188524,0,60,1.0,4,0.0003171365149468971
4.825,0.0,77.51033699680363,0,60,1.0,4,0.00024322345420306889
4.83,0.0,77.50788622796446,0,60,1.0,4,0.00018555830504617596
4.835,0.0,77.50598494293993,0,60,1.0,4,0.00014082218682193236
4.84,0.0,77.50451821032726,0,60,1.0,4,0.00010631083122970107
4.845,0.0,77.50339303715964,0,60,1.0,4,7.983616846211268e-05
4.85,0.0,77.50253469979884,0,60,1.0,4,5.963999526690767e-05
4.855,0.0,77.50188356315793,0,60,1.0,4,4.431913312781516e-05
4.86,0.0,77.5013923537419,0,60,1.0,4,3.276126451543646e-05
4.865,0.0,77.501023846212,0,60,1.0,4,2.4090499105715722e-05
4.87,0.0,77.50074892031576,0,60,1.0,4,1.7621654488413484e-05
4.875,0.0,77.5005449444552,0,60,1.0,4,1.2822222475292353e-05
4.88,0.0,77.50039444332097,0,60,1.0,4,9.281019316965873e-06
4.885,0.0,77.50028400940215,0,60,1.0,4,6.682574168253803e-06
4.89,0.0,77.5002034213682,0,60,1.0,4,4.786385134072107e-06
4.895,0.0,77.50014493596511,0,60,1.0,4,3.410258002598793e-06
4.9,0.0,77.50010272390129,0,60,1.0,4,2.417032971593739e-06
4.905,0.0,77.50007242401301,0,60,1.0,4,1.704094423824726e-06
4.91,0.0,77.50005079364838,0,60,1.0,4,1.1951446678642029e-06
4.915,0.0,77.50003543659405,0,60,1.0,4,8.338022128635417e-07
4.92,0.0,77.50002459293042,0,60,1.0,4,5.786571862512681e-07
4.925,0.0,77.50001697791406,0,60,1.0,4,3.994803307705297e-07
4.93,0.001684486749771458,77.5000116593442,0,60,1.0,4,2.7433751049155786e-07
4.935,0.003097557930867117,77.50000796488771,0,60,1.0,4,1.874091226989763e-07
4.94,0.005475106668887023,77.5000054125377,0,60,1.0,4,1.2735382831445296e-07
4.945,0.00930222931468658,77.50000365879397,0,60,1.0,4,8.608926992458103e-08
4.95,0.01519157517868857,77.50000246031502,0,60,1.0,4,5.7889765096607495e-08
4.955,0.023847336626128316,77.50000164573241,0,60,1.0,4,3.8723115548076324e-08
4.96,0.0359830743700859,77.500001095074,0,60,1.0,4,2.5766447004785092e-08
4.965,0.05218887796857759,77.50000072484218,0,60,1.0,4,1.7055110139849337e-08
4.97,0.0727577001223134,77.50000047726456,0,60,1.0,4,1.1229754443989162e-08
4.975,0.0974992498694751,77.50000031260122,0,60,1.0,4,7.355322729969938e-09
4.98,0.12558706050443358,77.50000020367507,0,60,1.0,4,4.79235462294395e-09
4.985,0.15549263588878245,77.50000013200818,0,60,1.0,4,3.106074874428005e-09
4.99,0.1850529723539114,77.50000008510979,0,60,1.0,4,2.0025832809016505e-09
4.995,0.21169159439317053,77.50000005458509,0,60,1.0,4,1.284354980538517e-09
5.0,0.23277292922115492,77.50000003482444,0,60,1.0,4,8.193985516246518e-10
5.005,0.24602692519491282,77.5000000221009,0,60,1.0,4,5.200213175104342e-10
5.01,0.24995056064839283,77.50000001395249,0,60,1.0,4,3.2829381566176274e-10
5.015,0.24408826520424054,77.50000000876211,0,60,1.0,4,2.0616740210457733e-10
5.02,0.22911894216865275,77.50000000547372,0,60,1.0,4,1.2879347784345396e-10
5.025,0.20672661788705934,77.50000000340151,0,60,1.0,4,8.003553375601768e-11
5.03,0.17928878030241233,77.5000000021027,0,60,1.0,4,4.9475174284238806e-11
5.035,0.14946211903866036,77.50000000129299,0,60,1.0,4,3.0423266520408696e-11
5.04,0.1197651512573837,77.50000000079092,0,60,1.0,4,1.86098665889243e-11
5.045,0.09224675744988023,77.50000000048126,0,60,1.0,4,1.1323877783177202e-11
5.05,0.06829565320281596,77.50000000029131,0,60,1.0,4,6.854313195457079e-12
5.055,0.04860224607515734,77.5000000001754,0,60,1.0,4,4.1271665823467845e-12
5.06,0.03324612389699793,77.50000000010506,0,60,1.0,4,2.4720199743409036e-12
5.065,0.021859876340472782,77.5000000000626,0,60,1.0,4,1.4729132945991723e-12
5.07,0.01381595518554205,77.5000000000371,0,60,1.0,4,8.730480390915867e-13
5.075,0.008394095110402422,77.50000000002187,0,60,1.0,4,5.146001272163737e-13
5.08,0.0049052535271608,77.50000000001283,0,60,1.0,4,3.0193886606652727e-13
5.085,0.0027671663551903634,77.50000000000749,0,60,1.0,4,1.7621459846850485e-13
5.09,0.0015425553464444616,77.50000000000435,0,60,1.0,4,1.0231815394945443e-13
5.095,0.0009638206637011801,77.5000000000025,0,60,1.0,4,5.884965717354242e-14
5.1,0.0009804935156568228,77.50000000000144,0,60,1.0,4,3.377167826436241e-14
5.105,0.0018793744894085216,77.50000000000082,0,60,1.0,4,1.9393637023099206e-14
5.11,0.004535525206900863,77.50000000000047,0,60,1.0,4,1.1034310720039203e-14
5.115,0.010832767979632273,77.50000000000027,0,60,1.0,4,6.353087990325602e-15
5.12,0.024208003392322392,77.50000000000014,0,60,1.0,4,3.343730521224001e-15
5.125,0.0500971897335304,77.50000000000009,0,60,1.0,4,2.0062383127344005e-15
5.13,0.09582894921774403,77.50000000000004,0,60,1.0,4,1.0031191563672002e-15
5.135,0.16937896721820658,77.50000000000003,0,60,1.0,4,6.687461042448002e-16
5.14,0.27661303008991756,77.50000000000001,0,60,1.0,4,3.343730521224001e-16
5.145,0.4173782800009149,77.5,0,60,1.0,4,0.0
5.15,0.5818720934538056,77.5,0,60,1.0,4,0.0
5.155,0.7494718801585675,77.5,0,60,1.0,4,0.0
5.16,0.891813020752378,77.5,0,60,1.0,4,0.0
5.165,0.9800361632936612,77.5,0,60,1.0,4,0.0
5.17,0.993574479225126,77.50000248997046,1,60,1.0,4,5.8587540131745354e-08
5.175,0.9263438449375362,77.50000384762257,0,60,1.0,4,9.053229565752725e-08
5.18,0.7873015962290536,77.50000607642373,0,60,1.0,4,1.4297467600954406e-07
5.185,0.5959516244629897,77.5000099193542,0,60,1.0,4,2.3339656937584068e-07
5.19,0.376910120078773,77.50001691763335,0,60,1.0,4,3.9806196107693883e-07
5.195,0.15739335672107918,77.50003032958121,0,60,1.0,4,7.13637204880262e-07
5.2,-0.033361226269301235,77.50005706326723,0,60,1.0,4,1.3426651114112996e-06
5.205,-0.1680180840843834,77.50011163602987,0,60,1.0,4,2.6267301146109436e-06
5.21,-0.23069703190837854,77.50022405397121,0,60,1.0,4,5.271858146095516e-06
5.215,-0.22587267821131068,77.50045501243203,0,60,1.0,4,1.0706174871235335e-05
5.22,-0.17718181630665902,77.50092427728828,0,60,1.0,4,2.17477009006389e-05
5.225,-0.11494332516451301,77.50186190043328,0,60,1.0,4,4.3809421959608964e-05
5.23,-0.061810214049552864,77.5036974124983,0,60,1.0,4,8.699794113641367e-05
5.235,-0.026546104631500547,77.50720948330502,0,60,1.0,4,0.00016963490129455748
5.24,-0.00719600351942686,77.51376740494521,0,60,1.0,4,0.00032393893988736473
5.245,0.0022072757983807078,77.52570486126365,0,60,1.0,4,0.0006048202650270147
5.25,0.006917199873730717,77.54687310100944,0,60,1.0,4,0.0011028964943397355
5.255,0.01004859748264829,77.58342030040448,0,60,1.0,4,0.0019628305977525597
5.26,0.013037082251128167,77.64483019563318,0,60,1.0,4,0.0034077693090159085
5.265,0.01645163937690478,77.74521845683252,0,60,1.0,4,0.00576984604311807
5.27,0.020526639934696615,77.90482292278939,0,60,1.0,4,0.009525245242103358
5.275,0.02539629541761738,78.15153067952627,0,60,1.0,4,0.015330133635912341
5.28,0.031171612185577933,78.52216589770399,0,60,1.0,4,0.024050962298917296
5.285,0.03795853426638131,79.06313417566034,0,60,1.0,4,0.03677962766259618
5.29,0.0458588961882057,79.82991303787692,0,60,1.0,4,0.05482148324416284
5.295,0.054966995891435555,80.88483816617295,0,60,1.0,4,0.0796432509687754
5.3,0.06536491004445595,82.29271025083777,0,60,1.0,4,0.11276965296088874
5.305,0.07711726085088699,84.1139790420912,0,60,1.0,4,0.15562303628449886
5.31,0.09026570629555215,86.39566362124735,0,60,1.0,4,0.20930973226464356
5.315,0.10482339848670268,89.16071083043977,0,60,1.0,4,0.2743696665985828
5.32,0.12076968927580028,92.39709175659418,0,60,1.0,4,0.3505198060375101
5.325,0.13804539501007884,96.04845287733258,0,60,1.0,4,0.43643418534900186
5.33,0.15654895051787066,100.00841066564702,0,60,1.0,4,0.5296096627211063
5.335,0.17613378141900526,104.12045778604747,0,60,1.0,4,0.6263637126128816
5.34,0.19660720058055794,108.18485302700304,0,60,1.0,4,0.7219965418118364
5.345,0.21773108748496234,111.9728233716453,0,60,1.0,4,0.811125255803419
5.35,0.23922453870058807,115.2470723582789,0,60,1.0,4,0.8881664084300918
5.355,0.2607685857914563,117.78623296545425,0,60,1.0,4,0.9479113638930411
5.36,0.2820129681603682,119.40984825503094,0,60,1.0,4,0.9861140765889632
5.365,0.30258482867153996,120.0,0,60,1.0,4,1.0
5.37,0.3220990771751686,119.5160061135284,0,60,1.0,4,0.9886119085536096
5.375,0.3401700499968971,117.99966259133913,0,60,1.0,4,0.9529332374432736
5.38,0.3564239911198326,115.57011308967998,0,60,1.0,4,0.8957673668159994
5.385,0.3705118017738417,112.40924080138602,0,60,1.0,4,0.8213939012090828
5.39,0.3821214567925213,108.74008947923315,0,60,1.0,4,0.7350609289231329
5.395,0.39098947374066967,104.80188363205593,0,60,1.0,4,0.6423972619307279
5.4,0.3969108472035567,100.82552814904717,0,60,1.0,4,0.5488359564481687
5.405,0.3997469255491936,97.0130132410624,0,60,1.0,4,0.45912972331911517
5.41,0.3994308076379137,93.5231013335713,0,60,1.0,4,0.37701414902520713
5.415,0.3959699661768434,90.4643185404905,0,60,1.0,4,0.30504278918801164
5.42,0.38944595408114946,87.89493732644314,0,60,1.0,4,0.24458676062219156
5.425,0.38001120995358023,85.82858881956196,0,60,1.0,4,0.19596679575439901
5.43,0.3678831374098315,84.24354173369385,0,60,1.0,4,0.15867157020456107
5.435,0.35333577933796634,83.09355905991723,0,60,1.0,4,0.13161315435099355
5.44,0.33668953221163944,82.31851219968635,0,60,1.0,4,0.11337675763967889
5.445,0.3182994390982644,81.8534471763782,0,60,1.0,4,0.10243405120889874
5.45,0.29854265738230645,81.63539558810754,0,60,1.0,4,0.0973034256025304
5.455,0.2778057157821067,81.60776725230997,0,60,1.0,4,0.09665334711317575
5.46,0.2564721553719815,81.7225659161887,0,60,1.0,4,0.09935449214561645
5.465,0.23491109433464996,81.94090307100727,0,60,1.0,4,0.10449183696487693
5.47,0.21346717185309805,82.23236173414895,0,60,1.0,4,0.1113496878623283
5.475,0.19245222055656455,82.5737228448738,0,60,1.0,4,0.11938171399703057
5.48,0.17213889801761392,82.94746101237237,0,60,1.0,4,0.1281755532322911
5.485,0.15275638501270183,83.34028784104275,0,60,1.0,4,0.13741853743630003
5.49,0.13448814019607322,83.74190129408117,0,60,1.0,4,0.14686826574308645
5.495,0.11747159495449566,84.14400555542274,0,60,1.0,4,0.156329542480535
5.5,0.10179958433370105,84.53960260488017,0,60,1.0,4,0.1656377083501217
5.505,0.08752324394101413,84.9225212845037,0,60,1.0,4,0.17464755963538123
5.51,0.07465606047174059,85.28713521594845,0,60,1.0,4,0.18322671096349302
5.515,0.0631787448609295,85.62822001971128,0,60,1.0,4,0.19125223575791245
5.52,0.05304460019959574,85.94090650370732,0,60,1.0,4,0.19860956479311354
5.525,0.044185078305849994,86.22069530027292,0,60,1.0,4,0.20519283059465698
5.53,0.03651525513023255,86.46350713588414,0,60,1.0,4,0.2109060502560975
5.535,0.0299390014708757,86.66575024332924,0,60,1.0,4,0.21566471160774686
5.54,0.024353677220580638,86.82439202975053,0,60,1.0,4,0.2193974595235418
5.545,0.01965423034339045,86.93702615390892,0,60,1.0,4,0.22204767420962157
5.55,0.015736632374757337,87.00192899594394,0,60,1.0,4,0.22357479990456333
5.555,0.012500627640593535,87.0181014934289,0,60,1.0,4,0.22395532925715061
5.56,0.009851811652115898,86.98529377288109,0,60,1.0,4,0.22318338289131984
5.565,0.007703084175428559,86.90401114067697,0,60,1.0,4,0.2212708503688699
5.57,0.005975544002062424,86.77550094420542,0,60,1.0,4,0.2182470810401275
5.575,0.004598905818663047,86.60172064316458,0,60,1.0,4,0.21415813278034312
5.58,0.0035115256454839104,86.38528817010885,0,60,1.0,4,0.2090656040025612
5.585,0.002660121266303676,86.12941631144672,0,60,1.0,4,0.20304508968109924
5.59,0.0019992692560877024,85.8378333951069,0,60,1.0,4,0.19618431517898585
5.595,0.0014907520044639367,85.5146930147361,0,60,1.0,4,0.18858101211143755
5.6,0.0011028178277539807,85.16447583928647,0,60,1.0,4,0.180340607983211
5.605,0.0008094059938923333,84.79188674208152,0,60,1.0,4,0.17157380569603567
5.61,0.0005893771793717645,84.40175053163802,0,60,1.0,4,0.1623941301561886
5.615,0.0004257792353490551,83.99890948084484,0,60,1.0,4,0.15291551719634927
5.62,0.0003051686392901525,83.58812564108673,0,60,1.0,4,0.14325001508439372
5.625,0.00021699992642659966,83.17399060876907,0,60,1.0,4,0.13350566138280173
5.63,0.00015308884054097838,82.76084500333593,0,60,1.0,4,0.1237845883137866
5.635,0.00010714989329311098,82.35270944151372,0,60,1.0,4,0.11418139862385233
5.64,7.440535854020571e-05,81.95322827731624,0,60,1.0,4,0.1047818418192057
5.645,5.1260276743925106e-05,81.5656268469004,0,60,1.0,4,0.09566180816236236
5.65,3.503659887882241e-05,81.19268243627361,0,60,1.0,4,0.08688664555937915
5.655,2.375894748103639e-05,80.83670870048552,0,60,1.0,4,0.07851079295260038
5.66,1.5984413869232557e-05,80.49955282436576,0,60,1.0,4,0.07057771351448858
5.665,1.0669166579899869e-05,80.18260434212327,0,60,1.0,4,0.06312010216760634
5.67,7.06526633560511e-06,79.88681423671093,0,60,1.0,4,0.05616033498143371
5.675,4.641847214699205e-06,79.61272272561617,0,60,1.0,4,0.049711122955674494
5.68,3.025641074479182e-06,79.3604940089418,0,60,1.0,4,0.043776329622159986
5.685,1.9566278676921314e-06,79.12995620540356,0,60,1.0,4,0.03835191071537786
5.69,1.2553456560008793e-06,78.92064472570667,0,60,1.0,4,0.03342693472250978
5.695,7.990660428214668e-07,78.73184742133546,0,60,1.0,4,0.028984645207893154
5.7,5.046221251618276e-07,78.56264998870968,0,60,1.0,4,0.025003529146110114
5.705,3.1616527078858815e-07,78.41198029133812,0,60,1.0,4,0.021458359796191175
5.71,1.9652884407760343e-07,78.27865047304697,0,60,1.0,4,0.018321187601105078
5.715,1.2120002189836396e-07,78.16139596092438,0,60,1.0,4,0.015562257904103075
5.72,7.415549848886236e-08,78.05891068560801,0,60,1.0,4,0.013150839661364992
5.725,4.501406988770349e-08,77.96987806868721,0,60,1.0,4,0.011055954557346079
5.73,0.0,77.89299753381259,0,60,1.0,4,0.009247000795590352
5.735,0.0,77.8270064830745,0,60,1.0,4,0.007694270189988201
5.74,0.0,77.77069783881038,0,60,1.0,4,0.00636936091318536
5.745,0.0,77.72293338065182,0,60,1.0,4,0.005245491309454685
5.75,0.0,77.6826532075086,0,60,1.0,4,0.004297722529613967
5.755,0.0,77.64888172502401,0,60,1.0,4,0.0035030994123296886
5.76,0.0,77.62073060277085,0,60,1.0,4,0.0028407200651964317
5.765,0.0,77.59739916496626,0,60,1.0,4,0.002291745058029699
5.77,0.0,77.57817267726432,0,60,1.0,4,0.0018393571121016388
5.775,0.0,77.56241897406092,0,60,1.0,4,0.0014686817426098407
5.78,0.0,77.54958383962341,0,60,1.0,4,0.0011666785793743337
5.785,0.0,77.53918551600158,0,60,1.0,4,0.0009220121412136665
5.79,0.0,77.53080866455502,0,60,1.0,4,0.000724909754235876
5.795,0.0,77.52409805909379,0,60,1.0,4,0.0005670131551479538
5.8,0.0,77.51875223963577,0,60,1.0,4,0.0004412291679005541
5.805,0.0,77.51451730867906,0,60,1.0,4,0.0003415837336249564
5.81,0.0,77.51118100820227,0,60,1.0,4,0.00026308254593579797
5.815,0.0,77.50856717638953,0,60,1.0,4,0.000201580620930198
5.82,0.0,77.506530648948,0,60,1.0,4,0.0001536623281882545
5.825,0.0,77.50495264109921,0,60,1.0,4,0.00011653273174608651
5.83,0.0,77.50373662283334,0,60,1.0,4,8.792053725515228e-05
5.835,0.0,77.50280468154695,0,60,1.0,4,6.599250698701219e-05
5.84,0.0,77.50209435230339,0,60,1.0,4,4.927887772677262e-05
5.845,0.0,77.50155588612591,0,60,1.0,4,3.660908531561718e-05
5.85,0.0,77.50114992036497,0,60,1.0,4,2.705694976391308e-05
5.855,0.0,77.50084551167804,0,60,1.0,4,1.989439242439563e-05
5.86,0.0,77.50061849094135,0,60,1.0,4,1.4552728031744396e-05
5.865,0.0,77.50045009994905,0,60,1.0,4,1.0590587036444156e-05
5.87,0.0,77.5003258715694,0,60,1.0,4,7.667566338862825e-06
5.875,0.0,77.50023471771487,0,60,1.0,4,5.522769761763116e-06
5.88,0.0,77.50016819270388,0,60,1.0,4,3.95747538545145e-06
5.885,0.0,77.50011990307587,0,60,1.0,4,2.8212488439962992e-06
5.89,0.0,77.50008503845943,0,60,1.0,4,2.0009049278007082e-06
5.895,0.0,77.5000600015309,0,60,1.0,4,1.4118007270018793e-06
5.9,0.0,77.50004211833227,0,60,1.0,4,9.910195829246839e-07
5.905,0.0,77.50002941317382,0,60,1.0,4,6.920746781200732e-07
5.91,0.0,77.50002043499333,0,60,1.0,4,4.80823372500334e-07
5.915,0.0,77.50001412436717,0,60,1.0,4,3.3233805103972213e-07
5.92,0.001684486749771458,77.50000971237372,0,60,1.0,4,2.2852644058409221e-07
5.925,0.003097557930867117,77.50000664421472,0,60,1.0,4,1.5633446403572795e-07
5.93,0.005475106668887023,77.50000452192985,0,60,1.0,4,1.0639834947730432e-07
5.935,0.00930222931468658,77.50000306172282,0,60,1.0,4,7.204053698681973e-08
5.94,0.01519157517868857,77.50000206238532,0,60,1.0,4,4.8526713418836795e-08
5.945,0.023847336626128316,77.5000013820878,0,60,1.0,4,3.2519712998263834e-08
5.95,0.0359830743700859,77.50000092143212,0,60,1.0,4,2.1680755721450518e-08
5.955,0.05218887796857759,77.50000061115722,0,60,1.0,4,1.4380169860113015e-08
5.96,0.0727577001223134,77.50000040327791,0,60,1.0,4,9.48889197281781e-09
5.965,0.0974992498694751,77.50000026473893,0,60,1.0,4,6.229151281064225e-09
5.97,0.12558706050443358,77.50000017289923,0,60,1.0,4,4.068217282003709e-09
5.975,0.15549263588878245,77.50000011233891,0,60,1.0,4,2.643268464239287e-09
5.98,0.1850529723539114,77.50000007261549,0,60,1.0,4,1.7085998184912194e-09
5.985,0.21169159439317053,77.50000004669712,0,60,1.0,4,1.0987558679891449e-09
5.99,0.23277292922115492,77.50000002987535,0,60,1.0,4,7.029494581194526e-10
5.995,0.24602692519491282,77.50000001901506,0,60,1.0,4,4.474132123612114e-10
6.0,0.24995056064839283,77.50000001204049,0,60,1.0,4,2.833055933639544e-10
6.005,0.24408826520424054,77.50000000758494,0,60,1.0,4,1.7846927595896618e-10
6.01,0.22911894216865275,77.5000000047536,0,60,1.0,4,1.1184945780020345e-10
6.015,0.20672661788705934,77.50000000296384,0,60,1.0,4,6.9737512496752e-11
6.02,0.17928878030241233,77.50000000183844,0,60,1.0,4,4.325750738002278e-11
6.025,0.14946211903866036,77.5000000011345,0,60,1.0,5,2.6694003870087567e-11
6.03,0.1197651512573837,77.5000000006965,0,60,1.0,5,1.6388292030623073e-11
6.035,0.09224675744988023,77.5000000004254,0,60,1.0,5,1.0009457315284047e-11
6.04,0.06829565320281596,77.5000000002585,0,60,1.0,5,6.0822458181064576e-12
6.045,0.04860224607515734,77.50000000015626,0,60,1.0,5,3.676766081137912e-12
6.05,0.03324612389699793,77.50000000009398,0,60,1.0,5,2.2112089936854317e-12
6.055,0.021859876340472782,77.50000000005623,0,60,1.0,5,1.3231141672483372e-12
6.06,0.01381595518554205,77.50000000003347,0,60,1.0,5,7.874485377482522e-13
6.065,0.008394095110402422,77.50000000001982,0,60,1.0,5,4.664504077107481e-13
6.07,0.0049052535271608,77.50000000001168,0,60,1.0,5,2.7485464884461285e-13
6.075,0.0027671663551903634,77.50000000000685,0,60,1.0,5,1.6116781112299685e-13
6.08,0.0015425553464444616,77.500000000004,0,60,1.0,5,9.395882764639442e-14
6.085,0.0009638206637011801,77.50000000000232,0,60,1.0,5,5.4502807495951216e-14
6.09,0.0009804935156568228,77.50000000000134,0,60,1.0,5,3.143106689950561e-14
6.095,0.0018793744894085216,77.50000000000077,0,60,1.0,5,1.8056144814609604e-14
6.1,0.004535525206900863,77.50000000000044,0,60,1.0,5,1.0365564615794402e-14
6.105,0.010832767979632273,77.50000000000024,0,60,1.0,5,5.684341886080802e-15
6.11,0.024208003392322392,77.50000000000014,0,60,1.0,5,3.343730521224001e-15
6.115,0.0500971897335304,77.50000000000009,0,60,1.0,5,2.0062383127344005e-15
6.12,0.09582894921774403,77.50000000000004,0,60,1.0,5,1.0031191563672002e-15
6.125,0.16937896721820658,77.50000000000003,0,60,1.0,5,6.687461042448002e-16
6.13,0.27661303008991756,77.50000000000001,0,60,1.0,5,3.343730521224001e-16
6.135,0.4173782800009149,77.5,0,60,1.0,5,0.0
6.14,0.5818720934538056,77.5,0,60,1.0,5,0.0
6.145,0.7494718801585675,77.5,0,60,1.0,5,0.0
6.15,0.891813020752378,77.5,0,60,1.0,5,0.0
6.155,0.9800361632936612,77.5,0,60,1.0,5,0.0
6.16,0.993574479225126,77.50000249158927,1,60,1.0,5,5.8625629903604824e-08
6.165,0.9263438449375362,77.50000379993156,0,60,1.0,5,8.941015440701877e-08
6.17,0.7873015962290536,77.50000591356006,0,60,1.0,5,1.3914258963321865e-07
6.175,0.5959516244629897,77.50000948821413,0,60,1.0,5,2.232520972377054e-07
6.18,0.376910120078773,77.50001585275675,0,60,1.0,5,3.730060410923804e-07
6.185,0.15739335672107918,77.50002775258693,0,60,1.0,5,6.530020454299708e-07
6.19,-0.033361226269301235,77.50005088320476,0,60,1.0,5,1.1972518768074865e-06
6.195,-0.1680180840843834,77.50009697753961,0,60,1.0,5,2.2818244614801885e-06
6.2,-0.23069703190837854,77.50018985514251,0,60,1.0,5,4.4671798237312244e-06
6.205,-0.22587267821131068,77.50037693597443,0,60,1.0,5,8.86908175128637e-06
6.21,-0.17718181630665902,77.5007504971461,0,60,1.0,5,1.7658756378830946e-05
6.215,-0.11494332516451301,77.50148568815435,0,60,1.0,5,3.495736833756649e-05
6.22,-0.061810214049552864,77.5029063011008,0,60,1.0,5,6.838355531278787e-05
6.225,-0.026546104631500547,77.50559469328022,0,60,1.0,5,0.0001316398418874301
6.23,-0.00719600351942686,77.51056896157553,0,60,1.0,5,0.00024868144883598953
6.235,0.0022072757983807078,77.51955777873579,0,60,1.0,5,0.00046018302907735713
6.24,0.006917199873730717,77.53540961162948,0,60,1.0,5,0.0008331673324582479
6.245,0.01004859748264829,77.56267550080591,0,60,1.0,5,0.0014747176660213936
6.25,0.013037082251128167,77.60839895060144,0,60,1.0,5,0.0025505635435633047
6.255,0.01645163937690478,77.68312739222574,0,60,1.0,5,0.004308879817076291
6.26,0.020526639934696615,77.80212156747965,0,60,1.0,5,0.007108742764226944
6.265,0.02539629541761738,77.98667804053113,0,60,1.0,5,0.011451248012497217
6.27,0.031171612185577933,78.2653960540608,0,60,1.0,5,0.018009318919077675
6.275,0.03795853426638131,78.67512045415272,0,60,1.0,5,0.0276498930388875
6.28,0.0458588961882057,79.26119444970924,0,60,1.0,5,0.04143986940492322
6.285,0.054966995891435555,80.07658695093733,0,60,1.0,5,0.060625575316172374
6.29,0.06536491004445595,81.17945433275491,0,60,1.0,5,0.08657539606482152
6.295,0.07711726085088699,82.62879178438199,0,60,1.0,5,0.12067745375016443
6.3,0.09026570629555215,84.47805091356526,0,60,1.0,5,0.16418943326035895
6.305,0.10482339848670268,86.76695055985479,0,60,1.0,5,0.2180458955259951
6.31,0.12076968927580028,89.51215426574176,0,60,1.0,5,0.28263892389980605
6.315,0.13804539501007884,92.69795756330784,0,60,1.0,5,0.35759900148959617
6.32,0.15654895051787066,96.26851367759303,0,60,1.0,5,0.44161208653160083
6.325,0.17613378141900526,100.12330495994888,0,60,1.0,5,0.5323130578811501
6.33,0.19660720058055794,104.11743307542135,0,60,1.0,5,0.6262925429510905
6.335,0.21773108748496234,108.0677995687299,0,60,1.0,5,0.7192423427936446
6.34,0.23922453870058807,111.76540786080702,0,60,1.0,5,0.806244890842518
6.345,0.2607685857914563,114.99296001198383,0,60,1.0,5,0.8821872943996194
6.35,0.2820129681603682,117.54584870617109,0,60,1.0,5,0.9422552636746138
6.355,0.30258482867153996,119.2537975193284,0,60,1.0,5,0.9824422945724329
6.36,0.3220990771751686,120.0,0,60,1.0,5,1.0
6.365,0.3401700499968971,119.73478616852705,0,60,1.0,5,0.9937596745535777
6.37,0.3564239911198326,118.48161074436288,0,60,1.0,5,0.964273193985009
6.375,0.3705118017738417,116.33437700317083,0,60,1.0,5,0.9137500471334312
6.38,0.3821214567925213,113.44653664567393,0,60,1.0,5,0.8458008622511513
6.385,0.39098947374066967,110.0137397798626,0,60,1.0,5,0.7650291712908848
6.39,0.3969108472035567,106.25277411123389,0,60,1.0,5,0.6765358614407975
6.395,0.3997469255491936,102.379945660435,0,60,1.0,5,0.5854104861278823
6.4,0.3994308076379137,98.59186644889243,0,60,1.0,5,0.4962792105621749
6.405,0.3959699661768434,95.05091722544557,0,60,1.0,5,0.4129627582457782
6.41,0.38944595408114946,91.87663925411117,0,60,1.0,5,0.33827386480261573
6.415,0.38001120995358023,89.14321850764775,0,60,1.0,5,0.2739580825328881
6.42,0.3678831374098315,86.88228150405848,0,60,1.0,5,0.22075956480137607
6.425,0.35333577933796634,85.08958077085171,0,60,1.0,5,0.1785783710788638
6.43,0.33668953221163944,83.73387384780025,0,60,1.0,5,0.1466793846541236
6.435,0.3182994390982644,82.76636774511343,0,60,1.0,5,0.12391453517913947
6.44,0.29854265738230645,82.12942061521238,0,60,1.0,5,0.10892754388735017
6.445,0.2778057157821067,81.76364371168687,0,60,1.0,5,0.10032102851027924
6.45,0.2564721553719815,81.61301314306044,0,60,1.0,5,0.09677677983671629
6.455,0.23491109433464996,81.62799466338542,0,60,1.0,5,0.09712928619730406
6.46,0.21346717185309805,81.76695761370226,0,60,1.0,5,0.10039900267534729
6.465,0.19245222055656455,81.99629623494059,0,60,1.0,5,0.10579520552801382
6.47,0.17213889801761392,82.28970640800449,0,60,1.0,5,0.11269897430598803
6.475,0.15275638501270183,82.62701710307833,0,60,1.0,5,0.12063569654301953
6.48,0.13448814019607322,82.99288504130256,0,60,1.0,5,0.12924435391300135
6.485,0.11747159495449566,83.37555924692441,0,60,1.0,5,0.13824845286880966
6.49,0.10179958433370105,83.76583043233612,0,60,1.0,5,0.14743130429026158
6.495,0.08752324394101413,84.15620940218066,0,60,1.0,5,0.15661669181601562
6.5,0.07465606047174059,84.54033150564439,0,60,1.0,5,0.16565485895633855
6.505,0.0631787448609295,84.91255790226458,0,60,1.0,5,0.1744131271121078
6.51,0.05304460019959574,85.26773383409369,0,60,1.0,5,0.182770207861028
6.515,0.044185078305849994,85.60106363445495,0,60,1.0,5,0.19061326198717518
6.52,0.03651525513023255,85.90806713082313,0,60,1.0,5,0.19783687366642652
6.525,0.0299390014708757,86.18458904516632,0,60,1.0,5,0.2043432716509722
6.53,0.024353677220580638,86.42683991565524,0,60,1.0,5,0.21004329213306439
6.535,0.01965423034339045,86.63145296320879,0,60,1.0,5,0.2148577167813832
6.54,0.015736632374757337,86.79554590696114,0,60,1.0,5,0.218718727222615
6.545,0.012500627640593535,86.91678008455858,0,60,1.0,5,0.22157129610726076
6.55,0.009851811652115898,86.9934116100258,0,60,1.0,5,0.22337439082413652
6.555,0.007703084175428559,87.0243309843258,0,60,1.0,5,0.22410190551354825
6.56,0.005975544002062424,87.00908880101858,0,60,1.0,5,0.2237432659063195
6.565,0.004598905818663047,86.94790613701386,0,60,1.0,5,0.22230367381209082
6.57,0.0035115256454839104,86.84166899981275,0,60,1.0,5,0.21980397646618244
6.575,0.002660121266303676,86.6919068819151,0,60,1.0,5,0.21628016192741417
6.58,0.0019992692560877024,86.50075607951777,0,60,1.0,5,0.21178249598865342
6.585,0.0014907520044639367,86.27090897359844,0,60,1.0,5,0.20637432879055148
6.59,0.0011028178277539807,86.00555094222749,0,60,1.0,5,0.20013061040535263
6.595,0.0008094059938923333,85.7082869635257,0,60,1.0,5,0.19313616384766338
6.6,0.0005893771793717645,85.38306026845892,0,60,1.0,5,0.1854837710225628
6.605,0.0004257792353490551,85.03406560313258,0,60,1.0,5,0.17727213183841353
6.61,0.0003051686392901525,84.66565975665422,0,60,1.0,5,0.16860375898009933
6.615,0.00021699992642659966,84.2822720027081,0,60,1.0,5,0.15958287065195523
6.62,0.00015308884054097838,83.88831699514871,0,60,1.0,5,0.15031334106232266
6.625,0.00010714989329311098,83.48811245900696,0,60,1.0,5,0.14089676374134014
6.63,7.440535854020571e-05,83.0858037409954,0,60,1.0,5,0.13143067625871535
6.635,5.1260276743925106e-05,82.68529694362411,0,60,1.0,5,0.12200698690880259
6.64,3.503659887882241e-05,82.29020198220566,0,60,1.0,5,0.11271063487542726
6.645,2.375894748103639e-05,81.90378649321408,0,60,1.0,5,0.10361850572268436
6.65,1.5984413869232557e-05,81.52894110457248,0,60,1.0,5,0.09479861422523486
6.655,1.0669166579899869e-05,81.16815617144748,0,60,1.0,5,0.08630955697523478
6.66,7.06526633560511e-06,80.82350970120721,0,60,1.0,5,0.07820022826369917
6.665,4.641847214699205e-06,80.49666585205212,0,60,1.0,5,0.07050978475416748
6.67,3.025641074479182e-06,80.18888310217035,0,60,1.0,5,0.06326783769812591
6.675,1.9566278676921314e-06,79.90103095754084,0,60,1.0,5,0.05649484605978447
6.68,1.2553456560008793e-06,79.63361390077021,0,60,1.0,5,0.05020268001812269
6.685,7.990660428214668e-07,79.38680118140502,0,60,1.0,5,0.04439532191541221
6.69,5.046221251618276e-07,79.16046100780952,0,60,1.0,5,0.03906967077198862
6.695,3.1616527078858815e-07,78.95419771716094,0,60,1.0,5,0.034216416874375
6.7,1.9652884407760343e-07,78.76739056652946,0,60,1.0,5,0.029820954506575455
6.705,1.2120002189836396e-07,78.59923289601649,0,60,1.0,5,0.02586430343568208
6.71,7.415549848886236e-08,78.44877055523571,0,60,1.0,5,0.022324013064369676
6.715,4.501406988770349e-08,78.31493864740304,0,60,1.0,5,0.019175026997718572
6.72,0.0,78.19659582148978,0,60,1.0,5,0.01639048991740658
6.725,0.0,78.09255552344018,0,60,1.0,5,0.013942482904474886
6.73,0.0,78.00161379448677,0,60,1.0,5,0.011802677517335818
6.735,0.0,77.92257337147358,0,60,1.0,5,0.009942902858201772
6.74,0.0,77.85426399556034,0,60,1.0,5,0.00833562342494929
6.745,0.0,77.79555896792559,0,60,1.0,5,0.006954328657072625
6.75,0.0,77.74538810172116,0,60,1.0,5,0.005773837687556739
6.755,0.0,77.70274730749595,0,60,1.0,5,0.004770524882257753
6.76,0.0,77.66670511470362,0,60,1.0,5,0.003922473287143943
6.765,0.0,77.63640647582612,0,60,1.0,5,0.003209564137085194
6.77,0.0,77.61107422393171,0,60,1.0,5,0.002613511151334331
6.775,0.0,77.59000856154358,0,60,1.0,5,0.0021178485069078628
6.78,0.0,77.57258495126403,0,60,1.0,5,0.0017078812062125588
6.785,0.0,77.55825075956768,0,60,1.0,5,0.001370606107474928
6.79,0.0,77.54652097741523,0,60,1.0,5,0.001094611233299461
6.795,0.0,77.53697330756953,0,60,1.0,5,0.0008699601781064731
6.8,0.0,77.52924287118194,0,60,1.0,5,0.000688067557222011
6.805,0.0,77.52301674750609,0,60,1.0,5,0.0005415705295550812
6.81,0.0,77.51802852227003,0,60,1.0,5,0.00042420052400068606
6.815,0.0,77.51405298370467,0,60,1.0,5,0.00033065844010994784
6.82,0.0,77.51090107153125,0,60,1.0,5,0.00025649580073531175
6.825,0.0,77.50841515405568,0,60,1.0,5,0.00019800362483960379
6.83,0.0,77.50646468230802,0,60,1.0,5,0.00015211017195343522
6.835,0.0,77.50494224804716,0,60,1.0,5,0.00011628818934488716
6.84,0.0,77.50376005436644,0,60,1.0,5,8.847186744560531e-05
6.845,0.0,77.50284679336629,0,60,1.0,5,6.698337332442647e-05
6.85,0.0,77.50214491457672,0,60,1.0,5,5.046857827571383e-05
6.855,0.0,77.50160826011297,0,60,1.0,5,3.7841414422914834e-05
6.86,0.0,77.50120003749603,0,60,1.0,5,2.823617637726356e-05
6.865,0.0,77.50089109821971,0,60,1.0,5,2.0967016934371393e-05
6.87,0.0,77.50065848907005,0,60,1.0,5,1.5493860471719124e-05
6.875,0.0,77.50048424350034,0,60,1.0,5,1.1393964713841556e-05
6.88,0.0,77.5003543816815,0,60,1.0,5,8.338392505974673e-06
6.885,0.0,77.5002580898728,0,60,1.0,5,6.072702889442178e-06
6.89,0.0,77.50018705223314,0,60,1.0,5,4.401229015162672e-06
6.895,0.0,77.50013491090827,0,60,1.0,5,3.1743743122928316e-06
6.9,0.0,77.5000968330184,0,60,1.0,5,2.2784239624396672e-06
6.905,0.0,77.50006916591201,0,60,1.0,5,1.627433223749155e-06
6.91,0.0,77.50004916465329,0,60,1.0,5,1.1568153715469474e-06
6.915,0.0,77.50003477811896,0,60,1.0,5,8.183086813861497e-07
6.92,0.0,77.50002448225581,0,60,1.0,5,5.760530778870281e-07
6.925,0.0,77.5000171509827,0,60,1.0,5,4.035525341136878e-07
6.93,0.0,77.50001195690616,0,60,1.0,5,2.81338968561078e-07
6.935,0.0,77.50000829546754,0,60,1.0,5,1.9518747147712395e-07
6.94,0.001684486749771458,77.5000057273688,0,60,1.0,5,1.3476161885752363e-07
6.945,0.003097557930867117,77.5000039351534,0,60,1.0,5,9.259184473782678e-08
6.95,0.005475106668887023,77.50000269066989,0,60,1.0,5,6.33098797125593e-08
6.955,0.00930222931468658,77.50000183084427,0,60,1.0,5,4.3078688684224345e-08
6.96,0.01519157517868857,77.50000123975146,0,60,1.0,5,2.917062247701431e-08
6.965,0.023847336626128316,77.50000083543003,0,60,1.0,5,1.96571771566061e-08
6.97,0.0359830743700859,77.50000056024471,0,60,1.0,5,1.3182228579299751e-08
6.975,0.05218887796857759,77.5000003738847,0,60,1.0,5,8.797287123610765e-09
6.98,0.0727577001223134,77.50000024830751,0,60,1.0,5,5.8425297645632836e-09
6.985,0.0974992498694751,77.5000001641097,0,60,1.0,5,3.861404539908536e-09
6.99,0.12558706050443358,77.50000010793714,0,60,1.0,5,2.53969741446353e-09
6.995,0.15549263588878245,77.50000007064799,0,60,1.0,5,1.662305535051821e-09
7.0,0.1850529723539114,77.50000004601726,0,60,1.0,5,1.082759126802557e-09
7.005,0.21169159439317053,77.50000002982868,0,60,1.0,5,7.018513770162827e-10
7.01,0.23277292922115492,77.50000001924154,0,60,1.0,5,4.5274211569288607e-10
7.015,0.24602692519491282,77.500000012352,0,60,1.0,5,2.906353850395295e-10
7.02,0.24995056064839283,77.50000000789092,0,60,1.0,5,1.856686621442136e-10
7.025,0.24408826520424054,77.5000000050166,0,60,1.0,5,1.180376998758327e-10
7.03,0.22911894216865275,77.50000000317384,0,60,1.0,5,7.467854308796471e-11
7.035,0.20672661788705934,77.50000000199826,0,60,1.0,5,4.701786672419129e-11
7.04,0.17928878030241233,77.50000000125202,0,60,1.0,5,2.9459269011139815e-11
7.045,0.14946211903866036,77.50000000078066,0,60,1.0,5,1.8368449245291926e-11
7.05,0.1197651512573837,77.5000000004844,0,60,1.0,5,1.1397774227696251e-11
7.055,0.09224675744988023,77.50000000029911,0,60,1.0,5,7.037884001072277e-12
7.06,0.06829565320281596,77.5000000001838,0,60,1.0,5,4.3247810561511225e-12
7.065,0.04860224607515734,77.50000000011241,0,60,1.0,5,2.6448908422881848e-12
7.07,0.03324612389699793,77.50000000006841,0,60,1.0,5,1.609671872917234e-12
7.075,0.021859876340472782,77.50000000004142,0,60,1.0,5,9.746974469367963e-13
7.08,0.01381595518554205,77.50000000002497,0,60,1.0,5,5.87493452579057e-13
7.085,0.008394095110402422,77.50000000001498,0,60,1.0,5,3.524291969370097e-13
7.09,0.0049052535271608,77.50000000000894,0,60,1.0,5,2.1032064978498967e-13
7.095,0.0027671663551903634,77.50000000000531,0,60,1.0,5,1.2505552149377764e-13
7.1,0.0015425553464444616,77.50000000000314,0,60,1.0,5,7.389644451905042e-14
7.105,0.0009638206637011801,77.50000000000185,0,60,1.0,5,4.346849677591201e-14
7.11,0.0009804935156568228,77.50000000000108,0,60,1.0,5,2.5412351961302408e-14
7.115,0.0018793744894085216,77.50000000000063,0,60,1.0,5,1.4712414293385605e-14
7.12,0.004535525206900863,77.50000000000037,0,60,1.0,5,8.693699355182403e-15
7.125,0.010832767979632273,77.50000000000021,0,60,1.0,5,5.015595781836002e-15
7.13,0.024208003392322392,77.50000000000011,0,60,1.0,5,2.6749844169792007e-15
7.135,0.0500971897335304,77.50000000000007,0,60,1.0,5,1.6718652606120004e-15
7.14,0.09582894921774403,77.50000000000004,0,60,1.0,5,1.0031191563672002e-15
7.145,0.16937896721820658,77.50000000000003,0,60,1.0,5,6.687461042448002e-16
7.15,0.27661303008991756,77.50000000000001,0,60,1.0,5,3.343730521224001e-16
7.155,0.4173782800009149,77.5,0,60,1.0,5,0.0
7.16,0.5818720934538056,77.5,0,60,1.0,5,0.0
7.165,0.7494718801585675,77.5,0,60,1.0,5,0.0
7.17,0.891813020752378,77.5,0,60,1.0,5,0.0
7.175,0.9800361632936612,77.5,0,60,1.0,5,0.0
7.18,0.993574479225126,77.5000024899223,1,60,1.0,5,5.858640694147171e-08
7.185,0.9263438449375362,77.50000376594136,0,60,1.0,5,8.86103848910459e-08
7.19,0.7873015962290536,77.50000580655897,0,60,1.0,5,1.366249170373254e-07
7.195,0.5959516244629897,77.50000921610113,0,60,1.0,5,2.1684943844240265e-07
7.2,0.376910120078773,77.50001520125163,0,60,1.0,5,3.5767650889711684e-07
7.205,0.15739335672107918,77.50002621870189,0,60,1.0,5,6.169106327166339e-07
7.21,-0.033361226269301235,77.5000472946736,0,60,1.0,5,1.1128158495707526e-06
7.215,-0.1680180840843834,77.50008865159667,0,60,1.0,5,2.085919921642819e-06
7.22,-0.23069703190837854,77.50017080335597,0,60,1.0,5,4.018902493432024e-06
7.225,-0.22587267821131068,77.50033416889595,0,60,1.0,5,7.862797551685136e-06
7.23,-0.17718181630665902,77.50065668969144,0,60,1.0,6,1.5451522151512537e-05
7.235,-0.11494332516451301,77.50128514742521,0,60,1.0,6,3.023876294605543e-05
7.24,-0.061810214049552864,77.50248910111931,0,60,1.0,6,5.8567085160214394e-05
7.245,-0.026546104631500547,77.50475076687931,0,60,1.0,6,0.00011178275010145038
7.25,-0.00719600351942686,77.50890971075603,0,60,1.0,6,0.00020964025308303996
7.255,0.0022072757983807078,77.51638746319077,0,60,1.0,6,0.0003855873691945282
7.26,0.006917199873730717,77.52952295821818,0,60,1.0,6,0.0006946578404277742
7.265,0.01004859748264829,77.55205296713095,0,60,1.0,6,0.0012247756971987655
7.27,0.013037082251128167,77.58976923193298,0,60,1.0,6,0.0021122172219523853
7.275,0.01645163937690478,77.65137158913011,0,60,1.0,6,0.0035616844501201767
7.28,0.020526639934696615,77.74950933960535,0,60,1.0,6,0.005870807990714197
7.285,0.02539629541761738,77.90195754734947,0,60,1.0,6,0.009457824643516901
7.29,0.031171612185577933,78.13280954845649,0,60,1.0,6,0.014889636434270414
7.295,0.03795853426638131,78.47348539969117,0,60,1.0,6,0.022905538816262845
7.3,0.0458588961882057,78.96326918151414,0,60,1.0,6,0.03442986309445025
7.305,0.054966995891435555,79.64901532307513,0,60,1.0,6,0.050565066425297255
7.31,0.06536491004445595,80.58363230643764,0,60,1.0,6,0.07255605426912085
7.315,0.07711726085088699,81.82299164268099,0,60,1.0,6,0.10171745041602327
7.32,0.09026570629555215,83.42104740979093,0,60,1.0,6,0.139318762583316
7.325,0.10482339848670268,85.42319949161549,0,60,1.0,6,0.18642822333212922
7.33,0.12076968927580028,87.85828024175694,0,60,1.0,6,0.24372424098251633
7.335,0.13804539501007884,90.72994635140763,0,60,1.0,6,0.31129285532723844
7.34,0.15654895051787066,94.00864020707704,0,60,1.0,6,0.38843859310769496
7.345,0.17613378141900526,97.62555096793857,0,60,1.0,6,0.47354237571620156
7.35,0.19660720058055794,101.4700561076917,0,60,1.0,6,0.5640013201809813
7.355,0.21773108748496234,105.39188588857056,0,60,1.0,6,0.656279667966366
7.36,0.23922453870058807,109.20870606171526,0,60,1.0,6,0.7460872014521238
7.365,0.2607685857914563,112.7190103692385,0,60,1.0,6,0.828682596923259
7.37,0.2820129681603682,115.71928120045192,0,60,1.0,6,0.8992772047165157
7.375,0.30258482867153996,118.02349647615935,0,60,1.0,6,0.9534940347331612
7.38,0.3220990771751686,119.48243235510543,0,60,1.0,6,0.9878219377671866
7.385,0.3401700499968971,120.0,0,60,1.0,6,1.0
7.39,0.3564239911198326,119.54414514623332,0,60,1.0,6,0.989274003440784
7.395,0.3705118017738417,118.15060626577718,0,60,1.0,6,0.9564848533124044
7.4,0.3821214567925213,115.9189340023266,0,60,1.0,6,0.9039749177018022
7.405,0.39098947374066967,113.0014023537604,0,60,1.0,6,0.835327114206127
7.41,0.3969108472035567,109.58654217728734,0,60,1.0,6,0.7549774629949962
7.415,0.3997469255491936,105.87978274020551,0,60,1.0,6,0.6677595938871885
7.42,0.3994308076379137,102.08396338043309,0,60,1.0,6,0.5784461971866609
7.425,0.3959699661768434,98.38225280045256,0,60,1.0,6,0.49134712471653086
7.43,0.38944595408114946,94.92537560220612,0,60,1.0,6,0.41000883769896745
7.435,0.38001120995358023,91.82416132737285,0,60,1.0,6,0.3370390900558317
7.44,0.3678831374098315,89.14749954500232,0,60,1.0,6,0.27405881282358396
7.445,0.35333577933796634,86.92498677093954,0,60,1.0,6,0.2217643946103421
7.45,0.33668953221163944,85.15301231421464,0,60,1.0,6,0.18007087798152083
7.455,0.3182994390982644,83.802800714477,0,60,1.0,6,0.1483011932818118
7.46,0.29854265738230645,82.82898633651617,0,60,1.0,6,0.1253879138003804
7.465,0.2778057157821067,82.17756644157681,0,60,1.0,6,0.11006038686063094
7.47,0.2564721553719815,81.79246348760998,0,60,1.0,6,0.10099914088494068
7.475,0.23491109433464996,81.6203288855974,0,60,1.0,6,0.096948914955233
7.48,0.21346717185309805,81.61356473758555,0,60,1.0,6,0.09678975853142467
7.485,0.19245222055656455,81.73178486073043,0,60,1.0,6,0.09957140848777479
7.49,0.17213889801761392,81.9420707420853,0,60,1.0,6,0.1045193115784778
7.495,0.15275638501270183,82.21841509548847,0,60,1.0,6,0.11102153165855216
7.5,0.13448814019607322,82.54071215799348,0,60,1.0,6,0.11860499195278781
7.505,0.11747159495449566,82.89358016634176,0,60,1.0,6,0.1269077686198062
7.51,0.10179958433370105,83.26521429635454,0,60,1.0,6,0.13565210109069512
7.515,0.08752324394101413,83.64638683025535,0,60,1.0,6,0.14462086659424359
7.52,0.07465606047174059,84.02964611158836,0,60,1.0,6,0.15363873203737324
7.525,0.0631787448609295,84.40872047275327,0,60,1.0,6,0.16255812877066525
7.53,0.05304460019959574,84.77810639599608,0,60,1.0,6,0.1712495622587312
7.535,0.044185078305849994,85.13280774851903,0,60,1.0,6,0.17959547643574184
7.54,0.03651525513023255,85.46819036181611,0,60,1.0,6,0.18748683204273206
7.545,0.0299390014708757,85.77991932370172,0,60,1.0,6,0.1948216311459228
7.55,0.024353677220580638,86.06395196190566,0,60,1.0,6,0.20150475204483903
7.555,0.01965423034339045,86.31656557761202,0,60,1.0,6,0.20744860182616529
7.56,0.015736632374757337,86.53440443454016,0,60,1.0,6,0.21257422198918033
7.565,0.012500627640593535,86.71453489258448,0,60,1.0,6,0.21681258570787015
7.57,0.009851811652115898,86.85450086784542,0,60,1.0,6,0.22010590277283335
7.575,0.007703084175428559,86.95237417392687,0,60,1.0,6,0.22240880409239694
7.58,0.005975544002062424,87.0067959844984,0,60,1.0,6,0.2236893172823152
7.585,0.004598905818663047,87.01700687163441,0,60,1.0,6,0.22392957345022135
7.59,0.0035115256454839104,86.98286378900848,0,60,1.0,6,0.22312620680019946
7.595,0.002660121266303676,86.90484310169278,0,60,1.0,6,0.22129042592218298
7.6,0.0019992692560877024,86.78402938747664,0,60,1.0,6,0.21844775029356792
7.605,0.0014907520044639367,86.62209028632776,0,60,1.0,6,0.21463741850182969
7.61,0.0011028178277539807,86.42123816980182,0,60,1.0,6,0.20991148634827822
7.615,0.0008094059938923333,86.18417984182693,0,60,1.0,6,0.20433364333710427
7.62,0.0005893771793717645,85.91405586012334,0,60,1.0,6,0.1979777849440786
7.625,0.0004257792353490551,85.61437137477117,0,60,1.0,6,0.19092638528873335
7.63,0.0003051686392901525,85.28892060876314,0,60,1.0,6,0.18326872020619142
7.635,0.00021699992642659966,84.94170724870098,0,60,1.0,6,0.17509899408708185
7.64,0.00015308884054097838,84.57686306932412,0,60,1.0,6,0.16651442516056753
7.645,0.00010714989329311098,84.19856708424052,0,60,1.0,6,0.15761334315860054
7.65,7.440535854020571e-05,83.81096740174658,0,60,1.0,6,0.1484933506293313
7.655,5.1260276743925106e-05,83.41810777713161,0,60,1.0,6,0.13924959475603788
7.66,3.503659887882241e-05,83.02386060247123,0,60,1.0,6,0.1299731906463819
7.665,2.375894748103639e-05,82.63186777501524,0,60,1.0,6,0.12074983000035854
7.67,1.5984413869232557e-05,82.24549055077581,0,60,1.0,6,0.11165860119472501
7.675,1.0669166579899869e-05,81.86776913642002,0,60,1.0,6,0.10277103850400053
7.68,7.06526633560511e-06,81.50139241554777,0,60,1.0,6,0.09415040977759458
7.685,4.641847214699205e-06,81.14867785950845,0,60,1.0,6,0.08585124375314007
7.69,3.025641074479182e-06,80.81156135115772,0,60,1.0,6,0.07791909061547579
7.695,1.9566278676921314e-06,80.49159636340788,0,60,1.0,6,0.07039050266842069
7.7,1.2553456560008793e-06,80.18996169166836,0,60,1.0,6,0.0632932162745496
7.705,7.990660428214668e-07,79.90747674623394,0,60,1.0,6,0.05664651167609269
7.71,5.046221251618276e-07,79.64462327056756,0,60,1.0,6,0.05046172401335445
7.715,3.1616527078858815e-07,79.40157226481837,0,60,1.0,6,0.04474287681925576
7.72,1.9652884407760343e-07,79.17821485897923,0,60,1.0,6,0.03948740844657015
7.725,1.2120002189836396e-07,78.97419589290332,0,60,1.0,6,0.034686962185960575
7.73,7.415549848886236e-08,78.78894901536232,0,60,1.0,6,0.030328212126172236
7.735,4.501406988770349e-08,78.62173220460336,0,60,1.0,6,0.0263936989318438
7.74,0.0,78.4716627308444,0,60,1.0,6,0.022862652490456478
7.745,0.0,78.33775071891439,0,60,1.0,6,0.019711781621515122
7.75,0.0,78.21893061897777,0,60,1.0,6,0.016916014564182714
7.755,0.0,78.11409004761917,0,60,1.0,6,0.014449177591039334
7.76,0.0,78.02209561389758,0,60,1.0,6,0.012284602679942977
7.765,0.0,77.94181548966863,0,60,1.0,6,0.010395658580438293
7.77,0.0,77.87213861598158,0,60,1.0,6,0.008756202728978438
7.775,0.0,77.81199055431146,0,60,1.0,6,0.0073409542190932715
7.78,0.0,77.76034609057041,0,60,1.0,6,0.006125790366362547
7.785,0.0,77.7162387801301,0,60,1.0,6,0.0050879712971787765
7.79,0.0,77.67876768333062,0,60,1.0,6,0.00420629843130869
7.795,0.0,77.64710158383804,0,60,1.0,6,0.00346121373736557
7.8,0.0,77.62048100809753,0,60,1.0,6,0.0028348472493535956
7.805,0.0,77.59821837486274,0,60,1.0,6,0.0023110205850056286
7.81,0.0,77.57969660154583,0,60,1.0,6,0.001875214154019619
7.815,0.0,77.56436648127566,0,60,1.0,6,0.0015145054417801287
7.82,0.0,77.55174312345649,0,60,1.0,6,0.0012174852577997546
7.825,0.0,77.54140172358554,0,60,1.0,6,0.0009741582020126316
7.83,0.0,77.53297289723739,0,60,1.0,6,0.0007758328761737817
7.835,0.0,77.52613778034294,0,60,1.0,6,0.0006150065963043637
7.84,0.0,77.52062306478282,0,60,1.0,6,0.0004852485831252927
7.845,0.0,77.51619610618371,0,60,1.0,6,0.0003810848513814883
7.85,0.0,77.51266021065541,0,60,1.0,6,0.0002978873095390982
7.855,0.0,77.50985017975476,0,60,1.0,6,0.00023176893540621408
7.86,0.0,77.50762816866609,0,60,1.0,6,0.00017948632155500544
7.865,0.0,77.50587989168099,0,60,1.0,6,0.0001383503924938957
7.87,0.0,77.50451119158359,0,60,1.0,6,0.0001061456843197394
7.875,0.0,77.50344497539443,0,60,1.0,6,8.105824457482627e-05
7.88,0.0,77.50261850787646,0,60,1.0,6,6.161195003441582e-05
7.885,0.0,77.50198104596413,0,60,1.0,6,4.6612846214804236e-05
7.89,0.0,77.5014917914954,0,60,1.0,6,3.510097636228024e-05
7.895,0.0,77.50111813594486,0,60,1.0,6,2.63090810556284e-05
7.9,0.0,77.50083416890804,0,60,1.0,6,1.962750371864572e-05
7.905,0.0,77.5006194215277,0,60,1.0,6,1.4574624181223578e-05
7.91,0.0,77.50045781656114,0,60,1.0,6,1.0772154379711698e-05
7.915,0.0,77.50033679808233,0,60,1.0,6,7.924660760703345e-06
7.92,0.0,77.50024661564738,0,60,1.0,6,5.802721114926445e-06
7.925,0.0,77.50017973992418,0,60,1.0,6,4.229174686543047e-06
7.93,0.0,77.50013038912986,0,60,1.0,6,3.0679795262291437e-06
7.935,0.0,77.50009414800623,0,60,1.0,6,2.2152472053328573e-06
7.94,0.0,77.50006766339348,0,60,1.0,6,1.5920798465926697e-06
7.945,0.0,77.5000484026712,0,60,1.0,6,1.1388863811134798e-06
7.95,0.0,77.5000344633739,0,60,1.0,6,8.109029151375366e-07
7.955,0.0,77.50002442413327,0,60,1.0,6,5.74685488760117e-07
7.96,0.0,77.50001722873685,0,60,1.0,6,4.053820435621995e-07
7.965,0.0,77.50001209652484,0,60,1.0,6,2.8462411391421267e-07
7.97,0.0,77.50000845358089,0,60,1.0,6,1.9890778563582418e-07
7.975,0.0,77.50000588022185,0,60,1.0,6,1.383581611528772e-07
7.98,0.001684486749771458,77.50000407117355,0,60,1.0,6,9.579231880921083e-08
7.985,0.003097557930867117,77.5000028055527,0,60,1.0,6,6.601300463123206e-08
7.99,0.005475106668887023,77.50000192437696,0,60,1.0,6,4.527945788247641e-08
7.995,0.00930222931468658,77.5000013138167,0,60,1.0,6,3.09133340311639e-08
8.0,0.01519157517868857,77.50000089279615,0,60,1.0,6,2.1006968274698867e-08
8.005,0.023847336626128316,77.50000060386903,0,60,1.0,6,1.4208682962228468e-08
8.01,0.0359830743700859,77.50000040654264,0,60,1.0,6,9.565709165947149e-09
8.015,0.05218887796857759,77.50000027242211,0,60,1.0,6,6.4099320779325135e-09
8.02,0.0727577001223134,77.50000018169858,0,60,1.0,6,4.2752607415048475e-09
8.025,0.0974992498694751,77.50000012062397,0,60,1.0,6,2.8382109629841153e-09
8.03,0.12558706050443358,77.50000007970556,0,60,1.0,6,1.875424887283075e-09
8.035,0.15549263588878245,77.50000005242235,0,60,1.0,6,1.233467080109061e-09
8.04,0.1850529723539114,77.50000003431762,0,60,1.0,6,8.074734710937585e-10
8.045,0.21169159439317053,77.50000002236098,0,60,1.0,6,5.261406787373262e-10
8.05,0.23277292922115492,77.50000001450232,0,60,1.0,6,3.412310434214305e-10
8.055,0.24602692519491282,77.50000000936176,0,60,1.0,6,2.202766074119341e-10
8.06,0.24995056064839283,77.50000000601518,0,60,1.0,6,1.4153375987542164e-10
8.065,0.24408826520424054,77.50000000384694,0,60,1.0,6,9.05161227017422e-11
8.07,0.22911894216865275,77.5000000024488,0,60,1.0,6,5.761882996867986e-11
8.075,0.20672661788705934,77.50000000155154,0,60,1.0,6,3.650684983072364e-11
8.08,0.17928878030241233,77.50000000097847,0,60,1.0,6,2.3022922130835734e-11
8.085,0.14946211903866036,77.5000000006142,0,60,1.0,6,1.4451603312730133e-11
8.09,0.1197651512573837,77.50000000038374,0,60,1.0,6,9.02907552646117e-12
8.095,0.09224675744988023,77.50000000023864,0,60,1.0,6,5.615126664291465e-12
8.1,0.06829565320281596,77.50000000014771,0,60,1.0,6,3.4754735037602265e-12
8.105,0.04860224607515734,77.500000000091,0,60,1.0,6,2.1413250257918502e-12
8.11,0.03324612389699793,77.5000000000558,0,60,1.0,6,1.3130829756846652e-12
8.115,0.021859876340472782,77.50000000003406,0,60,1.0,6,8.01492205937393e-13
8.12,0.01381595518554205,77.50000000002069,0,60,1.0,6,4.868471638902145e-13
8.125,0.008394095110402422,77.50000000001252,0,60,1.0,6,2.945826589198345e-13
8.13,0.0049052535271608,77.50000000000753,0,60,1.0,6,1.7721771762487205e-13
8.135,0.0027671663551903634,77.5000000000045,0,60,1.0,6,1.0599625752280083e-13
8.14,0.0015425553464444616,77.50000000000269,0,60,1.0,6,6.319650685113362e-14
8.145,0.0009638206637011801,77.50000000000159,0,60,1.0,6,3.744978183770881e-14
8.15,0.0009804935156568228,77.50000000000094,0,60,1.0,6,2.2068621440078406e-14
8.155,0.0018793744894085216,77.50000000000055,0,60,1.0,6,1.3040549032773603e-14
8.16,0.004535525206900863,77.50000000000033,0,60,1.0,6,7.690580198815202e-15
8.165,0.010832767979632273,77.50000000000018,0,60,1.0,6,4.3468496775912015e-15
8.17,0.024208003392322392,77.50000000000011,0,60,1.0,6,2.6749844169792007e-15
8.175,0.0500971897335304,77.50000000000006,0,60,1.0,6,1.3374922084896003e-15
8.18,0.09582894921774403,77.50000000000004,0,60,1.0,6,1.0031191563672002e-15
8.185,0.16937896721820658,77.50000000000001,0,60,1.0,6,3.343730521224001e-16
8.19,0.27661303008991756,77.50000000000001,0,60,1.0,6,3.343730521224001e-16
8.195,0.4173782800009149,77.5,0,60,1.0,6,0.0
8.2,0.5818720934538056,77.5,0,60,1.0,6,0.0
8.205,0.7494718801585675,77.5,0,60,1.0,6,0.0
8.21,0.891813020752378,77.5,0,60,1.0,6,0.0
8.215,0.9800361632936612,77.5,0,60,1.0,6,0.0
8.22,0.993574479225126,77.50000249060646,1,60,1.0,6,5.860250499769309e-08
8.225,0.9263438449375362,77.50000385734029,0,60,1.0,6,9.076094797552179e-08
8.23,0.7873015962290536,77.50000610730334,0,60,1.0,6,1.437012549425109e-07
8.235,0.5959516244629897,77.50000999976028,0,60,1.0,6,2.3528847718272813e-07
8.24,0.376910120078773,77.50001711607312,0,60,1.0,6,4.027311323331078e-07
8.245,0.15739335672107918,77.5000308127143,0,60,1.0,6,7.250050423542288e-07
8.25,-0.033361226269301235,77.50005823243188,0,60,1.0,6,1.3701748678292514e-06
8.255,-0.1680180840843834,77.50011443699209,0,60,1.0,6,2.6926351080526407e-06
8.26,-0.23069703190837854,77.50023065316174,0,60,1.0,6,5.427133217327697e-06
8.265,-0.22587267821131068,77.50047021644501,0,60,1.0,6,1.106391635316333e-05
8.27,-0.17718181630665902,77.5009583966,0,60,1.0,6,2.255050823524631e-05
8.275,-0.11494332516451301,77.50193629964134,0,60,1.0,6,4.5559991561022426e-05
8.28,-0.061810214049552864,77.50385483894526,0,60,1.0,6,9.07020928296146e-05
8.285,-0.026546104631500547,77.50753250751332,0,60,1.0,6,0.0001772354709015979
8.29,-0.00719600351942686,77.51440996954433,0,60,1.0,6,0.00033905810692544944
8.295,0.0022072757983807078,77.52694391670826,0,60,1.0,6,0.0006339745107826435
8.3,0.006917199873730717,77.54918926053296,0,60,1.0,6,0.0011573943654813025
8.305,0.01004859748264829,77.5876176648087,0,60,1.0,6,0.0020615921131459745
8.31,0.013037082251128167,77.65220482613245,0,60,1.0,6,0.003581290026645815
8.315,0.01645163937690478,77.7577808422973,0,60,1.0,6,0.006065431583465732
8.32,0.020526639934696615,77.92557045679185,0,60,1.0,6,0.010013422512749311
8.325,0.02539629541761738,78.1847502601857,0,60,1.0,6,0.016111770827898695
8.33,0.031171612185577933,78.57372412531626,0,60,1.0,6,0.02526409706626496
8.335,0.03795853426638131,79.14068530680169,0,60,1.0,6,0.038604360160039666
8.34,0.0458588961882057,79.94292800606925,0,60,1.0,6,0.05748065896633534
8.345,0.054966995891435555,81.0443400664048,0,60,1.0,6,0.08339623685658352
8.35,0.06536491004445595,82.51060356247285,0,60,1.0,6,0.11789655441112593
8.355,0.07711726085088699,84.4018923138275,0,60,1.0,6,0.16239746620770595
8.36,0.09026570629555215,86.76329520888174,0,60,1.0,6,0.2179598872678057
8.365,0.10482339848670268,89.61377301640115,0,60,1.0,6,0.28502995332708597
8.37,0.12076968927580028,92.93507670582724,0,60,1.0,6,0.3631782754312292
8.375,0.13804539501007884,96.66256820647882,0,60,1.0,6,0.45088395779950174
8.38,0.15654895051787066,100.68011755916041,0,60,1.0,6,0.5454145308037743
8.385,0.17613378141900526,104.82105425803283,0,60,1.0,6,0.6428483354831255
8.39,0.19660720058055794,108.8764532668383,0,60,1.0,6,0.7382694886314893
8.395,0.21773108748496234,112.61088723201624,0,60,1.0,6,0.8261385231062645
8.4,0.23922453870058807,115.78436216317712,0,60,1.0,6,0.9008085214865205
8.405,0.2607685857914563,118.1777713622895,0,60,1.0,6,0.9571240320538708
8.41,0.2820129681603682,119.61819191512663,0,60,1.0,6,0.9910162803559207
8.415,0.30258482867153996,120.0,0,60,1.0,6,1.0
8.42,0.3220990771751686,119.29824545748835,0,60,1.0,6,0.9834881284114906
8.425,0.3401700499968971,117.5719546188641,0,60,1.0,6,0.9428695204438611
8.43,0.3564239911198326,114.95677661133668,0,60,1.0,6,0.8813359202667453
8.435,0.3705118017738417,111.64826619736436,0,60,1.0,7,0.8034886164085733
8.44,0.3821214567925213,107.87868369700878,0,60,1.0,7,0.7147925575766773
8.445,0.39098947374066967,103.89114672130673,0,60,1.0,7,0.6209681581483936
8.45,0.3969108472035567,99.91511507625712,0,60,1.0,7,0.5274144723825206
8.455,0.3997469255491936,96.14656082953842,0,60,1.0,7,0.4387426077538451
8.46,0.3994308076379137,92.73498319976926,0,60,1.0,7,0.3584701929357473
8.465,0.3959699661768434,89.77799372275705,0,60,1.0,7,0.2888939699472246
8.47,0.38944595408114946,87.32285486110474,0,60,1.0,7,0.23112599673187634
8.475,0.38001120995358023,85.37336529966561,0,60,1.0,7,0.185255654109779
8.48,0.3678831374098315,83.89998207819981,0,60,1.0,7,0.15058781360470147
8.485,0.35333577933796634,82.8510525309259,0,60,1.0,7,0.125907118374727
8.49,0.33668953221163944,82.16338984647568,0,60,1.0,7,0.10972681991707485
8.495,0.3182994390982644,81.7710004035094,0,60,1.0,7,0.10049412714139776
8.5,0.29854265738230645,81.61139076399436,0,60,1.0,7,0.0967386062116321
8.505,0.2778057157821067,81.62941598109197,0,60,1.0,7,0.0971627289668698
8.51,0.2564721553719815,81.7790040818856,0,60,1.0,7,0.1006824489855436
8.515,0.23491109433464996,82.02328621441396,0,60,1.0,7,0.1064302638685637
8.52,0.21346717185309805,82.33370255304422,0,60,1.0,7,0.1137341777186875
8.525,0.19245222055656455,82.68858789463043,0,60,1.0,7,0.12208442105012778
8.53,0.17213889801761392,83.07161944197627,0,60,1.0,7,0.13109692804650042
8.535,0.15275638501270183,83.47037548139828,0,60,1.0,7,0.1404794230917242
8.54,0.13448814019607322,83.87513591955003,0,60,1.0,7,0.1500031981070596
8.545,0.11747159495449566,84.27796761085855,0,60,1.0,7,0.15948159084373068
8.55,0.10179958433370105,84.67208126420148,0,60,1.0,7,0.16875485327532896
8.555,0.08752324394101413,85.05141767098016,0,60,1.0,7,0.17768041578776841
8.56,0.07465606047174059,85.41041137477472,0,60,1.0,7,0.18612732646528765
8.565,0.0631787448609295,85.74388204533,0,60,1.0,7,0.1939736951842352
8.57,0.05304460019959574,86.0470116192692,0,60,1.0,7,0.20110615574751056
8.575,0.044185078305849994,86.31537463568876,0,60,1.0,7,0.20742057966326483
8.58,0.03651525513023255,86.54499785256412,0,60,1.0,7,0.21282347888386172
8.585,0.0299390014708757,86.73243223546459,0,60,1.0,7,0.21723369965799025
8.59,0.024353677220580638,86.87482563242001,0,60,1.0,7,0.2205841325275297
8.595,0.01965423034339045,86.96998815607745,0,60,1.0,7,0.22282325073123407
8.6,0.015736632374757337,87.01644488029292,0,60,1.0,7,0.22391635012453937
8.605,0.012500627640593535,87.01347229325384,0,60,1.0,7,0.22384640690009036
8.61,0.009851811652115898,86.96111631870204,0,60,1.0,7,0.22261450161651858
8.615,0.007703084175428559,86.86019081224607,0,60,1.0,7,0.22023978381755469
8.62,0.005975544002062424,86.7122563730027,0,60,1.0,7,0.21675897348241652
8.625,0.004598905818663047,86.51958013614413,0,60,1.0,7,0.21222541496809713
8.63,0.0035115256454839104,86.28507794654647,0,60,1.0,7,0.2067077163893286
8.635,0.002660121266303676,86.01224095394758,0,60,1.0,7,0.20028802244582547
8.64,0.0019992692560877024,85.7050492026738,0,60,1.0,7,0.19305998123938367
8.645,0.0014907520044639367,85.36787519896696,0,60,1.0,7,0.18512647526981074
8.65,0.0011028178277539807,85.00538071378118,0,60,1.0,7,0.1765971932654395
8.655,0.0008094059938923333,84.6224102114667,0,60,1.0,7,0.1675861226227459
8.66,0.0005893771793717645,84.22388428441178,0,60,1.0,7,0.15820904198615957
8.665,0.0004257792353490551,83.81469632673434,0,60,1.0,7,0.14858109004080788
8.67,0.0003051686392901525,83.39961540923211,0,60,1.0,7,0.13881448021722617
8.675,0.00021699992642659966,82.98319794133803,0,60,1.0,7,0.1290164221491302
8.68,0.00015308884054097838,82.5697102464525,0,60,1.0,7,0.11928729991652945
8.685,0.00010714989329311098,82.16306366028918,0,60,1.0,7,0.10971914494798077
8.69,7.440535854020571e-05,81.76676321464303,0,60,1.0,7,0.10039442857983612
8.695,5.1260276743925106e-05,81.3838704178972,0,60,1.0,7,0.09138518630346351
8.7,3.503659887882241e-05,81.01698011357695,0,60,1.0,7,0.08275247326063409
8.705,2.375894748103639e-05,80.66821091136433,0,60,1.0,7,0.07454613909092533
8.71,1.5984413869232557e-05,80.33920825933811,0,60,1.0,7,0.06680490021972017
8.715,1.0669166579899869e-05,80.03115887537963,0,60,1.0,7,0.059556679420697214
8.72,7.06526633560511e-06,79.74481498835964,0,60,1.0,7,0.052819176196697314
8.725,4.641847214699205e-06,79.48052665965687,0,60,1.0,7,0.0466006272860441
8.73,3.025641074479182e-06,79.23828036186586,0,60,1.0,7,0.0409007143968438
8.735,1.9566278676921314e-06,79.01774197921334,0,60,1.0,7,0.03571157598149037
8.74,1.2553456560008793e-06,78.8183024547782,0,60,1.0,7,0.03101888128889895
8.745,7.990660428214668e-07,78.6391244320625,0,60,1.0,7,0.02680292781323534
8.75,5.046221251618276e-07,78.47918841005006,0,60,1.0,7,0.023039727295295454
8.755,3.1616527078858815e-07,78.3373371380437,0,60,1.0,7,0.019702050306910437
8.76,1.9652884407760343e-07,78.21231720572483,0,60,1.0,7,0.016760404840584227
8.765,1.2120002189836396e-07,78.10281702217611,0,60,1.0,7,0.014183929933555566
8.77,7.415549848886236e-08,78.00750061349781,0,60,1.0,7,0.011941190905830849
8.775,4.501406988770349e-08,77.92503689230902,0,60,1.0,7,0.010000868054329965
8.78,0.0,77.85412425603842,0,60,1.0,7,0.008332335436198064
8.785,0.0,77.79351054877074,0,60,1.0,7,0.006906130559311537
8.79,0.0,77.74200856992353,0,60,1.0,7,0.005694319292318288
8.795,0.0,77.69850743053568,0,60,1.0,7,0.004670763071427874
8.8,0.0,77.66198014454383,0,60,1.0,7,0.003811297518678416
8.805,0.0,77.63148789963498,0,60,1.0,7,0.0030938329325876754
8.81,0.0,77.60618148274689,0,60,1.0,7,0.0024983878293386064
8.815,0.0,77.58530034248456,0,60,1.0,7,0.0020070668819896047
8.82,0.0,77.56816975854922,0,60,1.0,7,0.0016039943188051143
8.825,0.0,77.55419656084052,0,60,1.0,7,0.0012752131962476116
8.83,0.0,77.542863802236,0,60,1.0,7,0.0010085600526117426
8.835,0.0,77.53372474296843,0,60,1.0,7,0.0007935233639630844
8.84,0.0,77.52639645440267,0,60,1.0,7,0.0006210930447687535
8.845,0.0,77.52055329875957,0,60,1.0,7,0.0004836070296368475
8.85,0.0,77.51592049130771,0,60,1.0,7,0.00037459979547553997
8.855,0.0,77.5122679045549,0,60,1.0,7,0.0002886565777624342
8.86,0.0,77.50940423131003,0,60,1.0,7,0.00022127603082420887
8.865,0.0,77.50717158596277,0,60,1.0,7,0.0001687431991239036
8.87,0.0,77.50544059134097,0,60,1.0,7,0.00012801391390519925
8.875,0.0,77.50410597211048,0,60,1.0,7,9.661110848188561e-05
8.88,0.0,77.50308265466796,0,60,1.0,7,7.253305101090411e-05
8.885,0.0,77.50230235743923,0,60,1.0,7,5.4173116217270946e-05
8.89,0.0,77.50171064389794,0,60,1.0,7,4.025044465733759e-05
8.895,0.0,77.50126440285658,0,60,1.0,7,2.9750655448879117e-05
8.9,0.0,77.50092971602302,0,60,1.0,7,2.1875671129959407e-05
8.905,0.0,77.50068007084202,0,60,1.0,7,1.6001666871127728e-05
8.91,0.0,77.5004948766761,0,60,1.0,7,1.1644157084714715e-05
8.915,0.0,77.50035824390325,0,60,1.0,7,8.429268311762345e-06
8.92,0.0,77.50025798806918,0,60,1.0,7,6.070307510111995e-06
8.925,0.0,77.50018482445232,0,60,1.0,7,4.348810642795798e-06
8.93,0.0,77.50013172197245,0,60,1.0,7,3.0993405282649347e-06
8.935,0.0,77.50009338906223,0,60,1.0,7,2.1973896995110835e-06
8.94,0.0,77.50006586774495,0,60,1.0,7,1.5498292929591758e-06
8.945,0.0,77.50004621559701,0,60,1.0,7,1.0874258119950836e-06
8.95,0.0,77.5000322584378,0,60,1.0,7,7.590220658424669e-07
8.955,0.0,77.5000223994362,0,60,1.0,7,5.270455577534877e-07
8.96,0.0,77.50001547283287,0,60,1.0,7,3.6406665578718223e-07
8.965,0.001684486749771458,77.50001063265135,0,60,1.0,7,2.5018003183878834e-07
8.97,0.003097557930867117,77.50000726862568,0,60,1.0,7,1.7102648658852988e-07
8.975,0.005475106668887023,77.50000494312994,0,60,1.0,7,1.1630893970290987e-07
8.98,0.00930222931468658,77.50000334418844,0,60,1.0,7,7.86867868849667e-08
8.985,0.01519157517868857,77.50000225070433,0,60,1.0,7,5.2957748868506956e-08
8.99,0.023847336626128316,77.50000150690246,0,60,1.0,7,3.545652856808053e-08
8.995,0.0359830743700859,77.50000100366974,0,60,1.0,7,2.3615758530414656e-08
9.0,0.05218887796857759,77.50000066502123,0,60,1.0,7,1.564755841761379e-08
9.005,0.0727577001223134,77.50000043834815,0,60,1.0,7,1.0314074175125022e-08
9.01,0.0974992498694751,77.50000028743645,0,60,1.0,7,6.763210582421915e-09
9.015,0.12558706050443358,77.50000018750096,0,60,1.0,7,4.411787264924736e-09
9.02,0.15549263588878245,77.50000012167578,0,60,1.0,7,2.8629595844369546e-09
9.025,0.1850529723539114,77.50000007854956,0,60,1.0,7,1.8482249769851263e-09
9.03,0.21169159439317053,77.5000000504455,0,60,1.0,7,1.1869527792013661e-09
9.035,0.23277292922115492,77.5000000322285,0,60,1.0,7,7.583176230742965e-10
9.04,0.24602692519491282,77.50000002048314,0,60,1.0,7,4.819562892568202e-10
9.045,0.24995056064839283,77.50000001295066,0,60,1.0,7,3.047215186062899e-10
9.05,0.24408826520424054,77.50000000814568,0,60,1.0,7,1.9166296784961186e-10
9.055,0.22911894216865275,77.50000000509684,0,60,1.0,7,1.1992557012811578e-10
9.06,0.20672661788705934,77.50000000317259,0,60,1.0,7,7.464911825937794e-11
9.065,0.17928878030241233,77.50000000196455,0,60,1.0,7,4.622473384455696e-11
9.07,0.14946211903866036,77.5000000012102,0,60,1.0,7,2.847520911874359e-11
9.075,0.1197651512573837,77.50000000074162,0,60,1.0,7,1.7449926471111694e-11
9.08,0.09224675744988023,77.50000000045212,0,60,1.0,7,1.063807865327416e-11
9.085,0.06829565320281596,77.5000000002742,0,60,1.0,7,6.45172804070171e-12
9.09,0.04860224607515734,77.50000000016543,0,60,1.0,7,3.892436699756859e-12
9.095,0.03324612389699793,77.50000000009929,0,60,1.0,7,2.3362645151792095e-12
9.1,0.021859876340472782,77.50000000005929,0,60,1.0,7,1.3950043734546533e-12
9.105,0.01381595518554205,77.50000000003521,0,60,1.0,7,8.285764231593074e-13
9.11,0.008394095110402422,77.5000000000208,0,60,1.0,7,4.895221483071937e-13
9.115,0.0049052535271608,77.50000000001224,0,60,1.0,7,2.8789519787738646e-13
9.12,0.0027671663551903634,77.50000000000715,0,60,1.0,7,1.6818964521756725e-13
9.125,0.0015425553464444616,77.50000000000416,0,60,1.0,7,9.797130427186323e-14
9.13,0.0009638206637011801,77.5000000000024,0,60,1.0,7,5.6509045808685616e-14
9.135,0.0009804935156568228,77.50000000000138,0,60,1.0,7,3.243418605587281e-14
9.14,0.0018793744894085216,77.5000000000008,0,60,1.0,7,1.8724890918854405e-14
9.145,0.004535525206900863,77.50000000000045,0,60,1.0,7,1.0699937667916803e-14
9.15,0.010832767979632273,77.50000000000026,0,60,1.0,7,6.0187149382032015e-15
9.155,0.024208003392322392,77.50000000000014,0,60,1.0,7,3.343730521224001e-15
9.16,0.0500971897335304,77.50000000000009,0,60,1.0,7,2.0062383127344005e-15
9.165,0.09582894921774403,77.50000000000004,0,60,1.0,7,1.0031191563672002e-15
9.17,0.16937896721820658,77.50000000000003,0,60,1.0,7,6.687461042448002e-16
9.175,0.27661303008991756,77.50000000000001,0,60,1.0,7,3.343730521224001e-16
9.18,0.4173782800009149,77.5,0,60,1.0,7,0.0
9.185,0.5818720934538056,77.5,0,60,1.0,7,0.0
9.19,0.7494718801585675,77.5,0,60,1.0,7,0.0
9.195,0.891813020752378,77.5,0,60,1.0,7,0.0
9.2,0.9800361632936612,77.5,0,60,1.0,7,0.0
9.205,0.993574479225126,77.50000249379623,1,60,1.0,7,5.8677558372972485e-08
9.21,0.9263438449375362,77.50000387113866,0,60,1.0,7,9.108561551543329e-08
9.215,0.7873015962290536,77.50000614495686,0,60,1.0,7,1.44587220146979e-07
9.22,0.5959516244629897,77.50001009206693,0,60,1.0,7,2.3746039834590835e-07
9.225,0.376910120078773,77.5000173369902,0,60,1.0,7,4.079291811114458e-07
9.23,0.15739335672107918,77.50003134163862,0,60,1.0,7,7.37450320417231e-07
9.235,-0.033361226269301235,77.50005950089377,0,60,1.0,7,1.4000210298678105e-06
9.24,-0.1680180840843834,77.50011746182723,0,60,1.0,7,2.7638076995331443e-06
9.245,-0.23069703190837854,77.50023776471434,0,60,1.0,7,5.594463866868062e-06
9.25,-0.22587267821131068,77.50048658883156,0,60,1.0,7,1.1449148977964583e-05
9.255,-0.17718181630665902,77.50099513789219,0,60,1.0,7,2.341500922799402e-05
9.26,-0.11494332516451301,77.50201644570332,0,60,1.0,7,4.744578125456321e-05
9.265,-0.061810214049552864,77.50402451354624,0,60,1.0,7,9.469443638214911e-05
9.27,-0.026546104631500547,77.50788085207563,0,60,1.0,7,0.00018543181354422868
9.275,-0.00719600351942686,77.51510323642296,0,60,1.0,7,0.0003553702687755129
9.28,0.0022072757983807078,77.52828124048683,0,60,1.0,7,0.0006654409526313831
9.285,0.006917199873730717,77.55168968563063,0,60,1.0,7,0.001216227897191402
9.29,0.01004859748264829,77.59214923171803,0,60,1.0,7,0.002168217216894712
9.295,0.013037082251128167,77.66016563836381,0,60,1.0,7,0.0037686032556189944
9.3,0.01645163937690478,77.77133735087011,0,60,1.0,7,0.006384408255767352
9.305,0.020526639934696615,77.94794785355886,0,60,1.0,7,0.01053994949550255
9.31,0.02539629541761738,78.22055245920677,0,60,1.0,7,0.01695417551074757
9.315,0.031171612185577933,78.62923630281921,0,60,1.0,7,0.02657026594868726
9.32,0.03795853426638131,79.22408280415199,0,60,1.0,7,0.040566654215340954
9.325,0.0458588961882057,80.06428738171843,0,60,1.0,7,0.06033617368749246
9.33,0.054966995891435555,81.21533054261677,0,60,1.0,7,0.0874195421792181
9.335,0.06536491004445595,82.74374175486754,0,60,1.0,7,0.12338215893805983
9.34,0.07711726085088699,84.70928122426405,0,60,1.0,7,0.16963014645327168
9.345,0.09026570629555215,87.1548465652038,0,60,1.0,7,0.2271728603577364
9.35,0.10482339848670268,90.09502724164179,0,60,1.0,7,0.29635358215627733
9.355,0.12076968927580028,93.50487114298438,0,60,1.0,7,0.3765852033643385
9.36,0.13804539501007884,97.31093238205123,0,60,1.0,7,0.46613958546002904
9.365,0.15654895051787066,101.38685595826713,0,60,1.0,7,0.5620436696062855
9.37,0.17613378141900526,105.55547445391579,0,60,1.0,7,0.6601288106803715
9.375,0.19660720058055794,109.59858538401849,0,60,1.0,7,0.755260832565141
9.38,0.21773108748496234,113.27431955233847,0,60,1.0,7,0.8417486953491404
9.385,0.23922453870058807,116.34051861380365,0,60,1.0,7,0.9138945556189094
9.39,0.2607685857914563,118.58114006736284,0,60,1.0,7,0.9666150604085374
9.395,0.2820129681603682,119.8317565853096,0,60,1.0,7,0.9960413314190495
9.4,0.30258482867153996,120.0,0,60,1.0,7,1.0
9.405,0.3220990771751686,119.07744164457799,0,60,1.0,7,0.9782927445783056
9.41,0.3401700499968971,117.14080910839245,0,60,1.0,7,0.9327249201974693
9.415,0.3564239911198326,114.34232070302158,0,60,1.0,7,0.8668781341887432
9.42,0.3705118017738417,110.89084986176812,0,60,1.0,7,0.7856670555710146
9.425,0.3821214567925213,107.02717543587835,0,60,1.0,7,0.6947570690794905
9.43,0.39098947374066967,102.99739961797562,0,60,1.0,7,0.5999388145406027
9.435,0.3969108472035567,99.02858404930407,0,60,1.0,7,0.5065549188071546
9.44,0.3997469255491936,95.309845089302,0,60,1.0,7,0.4190551785718118
9.445,0.3994308076379137,91.98081845212747,0,60,1.0,7,0.340725140050058
9.45,0.3959699661768434,89.12790132529386,0,60,1.0,7,0.27359767824220854
9.455,0.38944595408114946,86.78734731342963,0,60,1.0,7,0.21852581913952082
9.46,0.38001120995358023,84.9533724015562,0,60,1.0,7,0.17537346827191044
9.465,0.3678831374098315,83.58903512890868,0,60,1.0,7,0.14327141479785122
9.47,0.35333577933796634,82.63774874869135,0,60,1.0,7,0.1208882058515612
9.475,0.33668953221163944,82.0337334377467,0,60,1.0,7,0.10667608088815775
9.48,0.3182994390982644,81.71034347243264,0,60,1.0,7,0.09906690523370919
9.485,0.29854265738230645,81.60583753471548,0,60,1.0,7,0.09660794199330533
9.49,0.2778057157821067,81.66667643687869,0,60,1.0,7,0.0980394455736162
9.495,0.2564721553719815,81.84876988678565,0,60,1.0,7,0.10232399733613286
9.5,0.23491109433464996,82.11724772973115,0,60,1.0,7,0.10864112305249758
9.505,0.21346717185309805,82.44533609838746,0,60,1.0,7,0.11636084937382253
9.51,0.19245222055656455,82.81282786982345,0,60,1.0,7,0.1250077145840812
9.515,0.17213889801761392,83.2045024139376,0,60,1.0,7,0.13422358621029656
9.52,0.15275638501270183,83.60871282730876,0,60,1.0,7,0.14373441946608856
9.525,0.13448814019607322,84.01624472320185,0,60,1.0,7,0.15332340525180826
9.53,0.11747159495449566,84.41946941505593,0,60,1.0,7,0.1628110450601395
9.535,0.10179958433370105,84.81176549258696,0,60,1.0,7,0.17204154100204605
9.54,0.08752324394101413,85.18715992974894,0,60,1.0,7,0.18087435128821044
9.545,0.07465606047174059,85.54013465057005,0,60,1.0,7,0.18917963883694242
9.55,0.0631787448609295,85.86554926666517,0,60,1.0,7,0.1968364533332981
9.555,0.05304460019959574,86.1586397512219,0,60,1.0,7,0.20373270002875055
9.56,0.044185078305849994,86.41506250951961,0,60,1.0,7,0.20976617669457917
9.565,0.03651525513023255,86.6309617919093,0,60,1.0,7,0.2148461598096306
9.57,0.0299390014708757,86.80304503126104,0,60,1.0,7,0.21889517720614202
9.575,0.024353677220580638,86.92865552465399,0,60,1.0,7,0.22185071822715272
9.58,0.01965423034339045,87.00583527328615,0,60,1.0,7,0.22366671231261534
9.585,0.015736632374757337,87.03337316307264,0,60,1.0,7,0.22431466266053268
9.59,0.012500627640593535,87.01083537210316,0,60,1.0,7,0.22378436169654492
9.595,0.009851811652115898,86.938576193165,0,60,1.0,7,0.22208414572152954
9.6,0.007703084175428559,86.81772852740197,0,60,1.0,7,0.2192406712329875
9.605,0.005975544002062424,86.65017423074696,0,60,1.0,7,0.21529821719404602
9.61,0.004598905818663047,86.43849531771997,0,60,1.0,7,0.2103175368875287
9.615,0.0035115256454839104,86.18590775527554,0,60,1.0,7,0.20437430012413027
9.62,0.002660121266303676,85.8961802035904,0,60,1.0,7,0.19755718126095068
9.625,0.0019992692560877024,85.57354056557351,0,60,1.0,7,0.1899656603664355
9.63,0.0014907520044639367,85.22257357723743,0,60,1.0,7,0.1817076135820571
9.635,0.0011028178277539807,84.84811289585821,0,60,1.0,7,0.17289677402019313
9.64,0.0008094059938923333,84.4551312173353,0,60,1.0,8,0.16365014629024252
9.645,0.0005893771793717645,84.04863188079896,0,60,1.0,8,0.15408545601879917
9.65,0.0004257792353490551,83.63354520691325,0,60,1.0,8,0.1443187107509001
9.655,0.0003051686392901525,83.21463248261027,0,60,1.0,8,0.13446194076730048
9.66,0.00021699992642659966,82.79640007066425,0,60,1.0,8,0.12462117813327642
9.665,0.00015308884054097838,82.38302561301214,0,60,1.0,8,0.11489472030616793
9.67,0.00010714989329311098,81.97829773979932,0,60,1.0,8,0.1053717115246898
9.675,7.440535854020571e-05,81.58557012016932,0,60,1.0,8,0.09613106165104288
9.68,5.1260276743925106e-05,81.20773012323724,0,60,1.0,8,0.08724070878205271
9.685,3.503659887882241e-05,80.84718182348887,0,60,1.0,8,0.07875721937620864
9.69,2.375894748103639e-05,80.50584260541186,0,60,1.0,8,0.07072570836263192
9.695,1.5984413869232557e-05,80.18515221437653,0,60,1.0,8,0.06318005210297717
9.7,1.0669166579899869e-05,79.88609277648273,0,60,1.0,8,0.05614335944665239
9.705,7.06526633560511e-06,79.60921807587849,0,60,1.0,8,0.0496286606089056
9.71,4.641847214699205e-06,79.35469023543456,0,60,1.0,8,0.04363977024551907
9.715,3.025641074479182e-06,79.12232189244838,0,60,1.0,8,0.03817227982231489
9.72,1.9566278676921314e-06,78.91162198804986,0,60,1.0,8,0.03321463501293786
9.725,1.2553456560008793e-06,78.72184338679695,0,60,1.0,8,0.02874925615992819
9.73,7.990660428214668e-07,78.55203069891354,0,60,1.0,8,0.024753663503848014
9.735,5.046221251618276e-07,78.4010668777479,0,60,1.0,8,0.021201573594068095
9.74,3.1616527078858815e-07,78.2677173949188,0,60,1.0,8,0.018063938703971872
9.745,1.9652884407760343e-07,78.15067104128426,0,60,1.0,8,0.015309906853747179
9.75,1.2120002189836396e-07,78.04857665043636,0,60,1.0,8,0.012907685892620226
9.755,7.415549848886236e-08,77.96007528166045,0,60,1.0,8,0.010825300744951792
9.76,4.501406988770349e-08,77.88382762196936,0,60,1.0,8,0.009031238163984934
9.765,0.0,77.81853656491259,0,60,1.0,8,0.007494977997943325
9.77,0.0,77.76296509259281,0,60,1.0,8,0.006187413943360177
9.775,0.0,77.71594972407637,0,60,1.0,8,0.005081169978267459
9.78,0.0,77.6764098974902,0,60,1.0,8,0.004150821117416533
9.785,0.0,77.64335372555104,0,60,1.0,8,0.003373028836494996
9.79,0.0,77.61588060740796,0,60,1.0,8,0.0027266025272461
9.795,0.0,77.59318119681424,0,60,1.0,8,0.002192498748570415
9.8,0.0,77.5745352217389,0,60,1.0,8,0.001753769923268197
9.805,0.0,77.55930762785665,0,60,1.0,8,0.0013954735966271582
9.81,0.0,77.54694348223622,0,60,1.0,8,0.001104552523205083
9.815,0.0,77.53696202809876,0,60,1.0,8,0.0008696947787942623
9.82,0.0,77.52895023050213,0,60,1.0,8,0.0006811818941678345
9.825,0.0,77.52255609948452,0,60,1.0,8,0.0005307317525768988
9.83,0.0,77.5174820242859,0,60,1.0,8,0.0004113417479034604
9.835,0.0,77.51347830188524,0,60,1.0,8,0.0003171365149468971
9.84,0.0,77.51033699680363,0,60,1.0,8,0.00024322345420306889
9.845,0.0,77.50788622796446,0,60,1.0,8,0.00018555830504617596
9.85,0.0,77.50598494293993,0,60,1.0,8,0.00014082218682193236
9.855,0.0,77.50451821032726,0,60,1.0,8,0.00010631083122970107
9.86,0.0,77.50339303715964,0,60,1.0,8,7.983616846211268e-05
9.865,0.0,77.50253469979884,0,60,1.0,8,5.963999526690767e-05
9.87,0.0,77.50188356315793,0,60,1.0,8,4.431913312781516e-05
9.875,0.0,77.5013923537419,0,60,1.0,8,3.276126451543646e-05
9.88,0.0,77.501023846212,0,60,1.0,8,2.4090499105715722e-05
9.885,0.0,77.50074892031576,0,60,1.0,8,1.7621654488413484e-05
9.89,0.0,77.5005449444552,0,60,1.0,8,1.2822222475292353e-05
9.895,0.0,77.50039444332097,0,60,1.0,8,9.281019316965873e-06
9.9,0.0,77.50028400940215,0,60,1.0,8,6.682574168253803e-06
9.905,0.0,77.5002034213682,0,60,1.0,8,4.786385134072107e-06
9.91,0.0,77.50014493596511,0,60,1.0,8,3.410258002598793e-06
9.915,0.0,77.50010272390129,0,60,1.0,8,2.417032971593739e-06
9.92,0.0,77.50007242401301,0,60,1.0,8,1.704094423824726e-06
9.925,0.0,77.50005079364838,0,60,1.0,8,1.1951446678642029e-06
9.93,0.0,77.50003543659405,0,60,1.0,8,8.338022128635417e-07
9.935,0.0,77.50002459293042,0,60,1.0,8,5.786571862512681e-07
9.94,0.0,77.50001697791406,0,60,1.0,8,3.994803307705297e-07
9.945,0.001684486749771458,77.5000116593442,0,60,1.0,8,2.7433751049155786e-07
9.95,0.003097557930867117,77.50000796488771,0,60,1.0,8,1.874091226989763e-07
9.955,0.005475106668887023,77.5000054125377,0,60,1.0,8,1.2735382831445296e-07
9.96,0.00930222931468658,77.50000365879397,0,60,1.0,8,8.608926992458103e-08
9.965,0.01519157517868857,77.50000246031502,0,60,1.0,8,5.7889765096607495e-08
9.97,0.023847336626128316,77.50000164573241,0,60,1.0,8,3.8723115548076324e-08
9.975,0.0359830743700859,77.500001095074,0,60,1.0,8,2.5766447004785092e-08
9.98,0.05218887796857759,77.50000072484218,0,60,1.0,8,1.7055110139849337e-08
9.985,0.0727577001223134,77.50000047726456,0,60,1.0,8,1.1229754443989162e-08
9.99,0.0974992498694751,77.50000031260122,0,60,1.0,8,7.355322729969938e-09
9.995,0.12558706050443358,77.50000020367507,0,60,1.0,8,4.79235462294395e-09
10.0,0.15549263588878245,77.50000013200818,0,60,1.0,8,3.106074874428005e-09
10.005,0.1850529723539114,77.50000008510979,0,60,1.0,8,2.0025832809016505e-09
10.01,0.21169159439317053,77.50000005458509,0,60,1.0,8,1.284354980538517e-09
10.015,0.23277292922115492,77.50000003482444,0,60,1.0,8,8.193985516246518e-10
10.02,0.24602692519491282,77.5000000221009,0,60,1.0,8,5.200213175104342e-10
10.025,0.24995056064839283,77.50000001395249,0,60,1.0,8,3.2829381566176274e-10
10.03,0.24408826520424054,77.50000000876211,0,60,1.0,8,2.0616740210457733e-10
10.035,0.22911894216865275,77.50000000547372,0,60,1.0,8,1.2879347784345396e-10
10.04,0.20672661788705934,77.50000000340151,0,60,1.0,8,8.003553375601768e-11
10.045,0.17928878030241233,77.5000000021027,0,60,1.0,8,4.9475174284238806e-11
10.05,0.14946211903866036,77.50000000129299,0,60,1.0,8,3.0423266520408696e-11
10.055,0.1197651512573837,77.50000000079092,0,60,1.0,8,1.86098665889243e-11
10.06,0.09224675744988023,77.50000000048126,0,60,1.0,8,1.1323877783177202e-11
10.065,0.06829565320281596,77.50000000029131,0,60,1.0,8,6.854313195457079e-12
10.07,0.04860224607515734,77.5000000001754,0,60,1.0,8,4.1271665823467845e-12
10.075,0.03324612389699793,77.50000000010506,0,60,1.0,8,2.4720199743409036e-12
10.08,0.021859876340472782,77.5000000000626,0,60,1.0,8,1.4729132945991723e-12
10.085,0.01381595518554205,77.5000000000371,0,60,1.0,8,8.730480390915867e-13
10.09,0.008394095110402422,77.50000000002187,0,60,1.0,8,5.146001272163737e-13
10.095,0.0049052535271608,77.50000000001283,0,60,1.0,8,3.0193886606652727e-13
10.1,0.0027671663551903634,77.50000000000749,0,60,1.0,8,1.7621459846850485e-13
10.105,0.0015425553464444616,77.50000000000435,0,60,1.0,8,1.0231815394945443e-13
10.11,0.0009638206637011801,77.5000000000025,0,60,1.0,8,5.884965717354242e-14
10.115,0.0009804935156568228,77.50000000000144,0,60,1.0,8,3.377167826436241e-14
10.12,0.0018793744894085216,77.50000000000082,0,60,1.0,8,1.9393637023099206e-14
10.125,0.004535525206900863,77.50000000000047,0,60,1.0,8,1.1034310720039203e-14
10.13,0.010832767979632273,77.50000000000027,0,60,1.0,8,6.353087990325602e-15
10.135,0.024208003392322392,77.50000000000014,0,60,1.0,8,3.343730521224001e-15
10.14,0.0500971897335304,77.50000000000009,0,60,1.0,8,2.0062383127344005e-15
10.145,0.09582894921774403,77.50000000000004,0,60,1.0,8,1.0031191563672002e-15
10.15,0.16937896721820658,77.50000000000003,0,60,1.0,8,6.687461042448002e-16
10.155,0.27661303008991756,77.50000000000001,0,60,1.0,8,3.343730521224001e-16
10.16,0.4173782800009149,77.5,0,60,1.0,8,0.0
10.165,0.5818720934538056,77.5,0,60,1.0,8,0.0
10.17,0.7494718801585675,77.5,0,60,1.0,8,0.0
10.175,0.891813020752378,77.5,0,60,1.0,8,0.0
10.18,0.9800361632936612,77.5,0,60,1.0,8,0.0
10.185,0.993574479225126,77.50000248997046,1,60,1.0,8,5.8587540131745354e-08
10.19,0.9263438449375362,77.50000384762257,0,60,1.0,8,9.053229565752725e-08
10.195,0.7873015962290536,77.50000607642373,0,60,1.0,8,1.4297467600954406e-07
10.2,0.5959516244629897,77.5000099193542,0,60,1.0,8,2.3339656937584068e-07
10.205,0.376910120078773,77.50001691763335,0,60,1.0,8,3.9806196107693883e-07
10.21,0.15739335672107918,77.50003032958121,0,60,1.0,8,7.13637204880262e-07
10.215,-0.033361226269301235,77.50005706326723,0,60,1.0,8,1.3426651114112996e-06
10.22,-0.1680180840843834,77.50011163602987,0,60,1.0,8,2.6267301146109436e-06
10.225,-0.23069703190837854,77.50022405397121,0,60,1.0,8,5.271858146095516e-06
10.23,-0.22587267821131068,77.50045501243203,0,60,1.0,8,1.0706174871235335e-05
10.235,-0.17718181630665902,77.50092427728828,0,60,1.0,8,2.17477009006389e-05
10.24,-0.11494332516451301,77.50186190043328,0,60,1.0,8,4.3809421959608964e-05
10.245,-0.061810214049552864,77.5036974124983,0,60,1.0,8,8.699794113641367e-05
10.25,-0.026546104631500547,77.50720948330502,0,60,1.0,8,0.00016963490129455748
10.255,-0.00719600351942686,77.51376740494521,0,60,1.0,8,0.00032393893988736473
10.26,0.0022072757983807078,77.52570486126365,0,60,1.0,8,0.0006048202650270147
10.265,0.006917199873730717,77.54687310100944,0,60,1.0,8,0.0011028964943397355
10.27,0.01004859748264829,77.58342030040448,0,60,1.0,8,0.0019628305977525597
10.275,0.013037082251128167,77.64483019563318,0,60,1.0,8,0.0034077693090159085
10.28,0.01645163937690478,77.74521845683252,0,60,1.0,8,0.00576984604311807
10.285,0.020526639934696615,77.90482292278939,0,60,1.0,8,0.009525245242103358
10.29,0.02539629541761738,78.15153067952627,0,60,1.0,8,0.015330133635912341
10.295,0.031171612185577933,78.52216589770399,0,60,1.0,8,0.024050962298917296
10.3,0.03795853426638131,79.06313417566034,0,60,1.0,8,0.03677962766259618
10.305,0.0458588961882057,79.82991303787692,0,60,1.0,8,0.05482148324416284
10.31,0.054966995891435555,80.88483816617295,0,60,1.0,8,0.0796432509687754
10.315,0.06536491004445595,82.29271025083777,0,60,1.0,8,0.11276965296088874
10.32,0.07711726085088699,84.1139790420912,0,60,1.0,8,0.15562303628449886
10.325,0.09026570629555215,86.39566362124735,0,60,1.0,8,0.20930973226464356
10.33,0.10482339848670268,89.16071083043977,0,60,1.0,8,0.2743696665985828
10.335,0.12076968927580028,92.39709175659418,0,60,1.0,8,0.3505198060375101
10.34,0.13804539501007884,96.04845287733258,0,60,1.0,8,0.43643418534900186
10.345,0.15654895051787066,100.00841066564702,0,60,1.0,8,0.5296096627211063
10.35,0.17613378141900526,104.12045778604747,0,60,1.0,8,0.6263637126128816
10.355,0.19660720058055794,108.18485302700304,0,60,1.0,8,0.7219965418118364
10.36,0.21773108748496234,111.9728233716453,0,60,1.0,8,0.811125255803419
10.365,0.23922453870058807,115.2470723582789,0,60,1.0,8,0.8881664084300918
10.37,0.2607685857914563,117.78623296545425,0,60,1.0,8,0.9479113638930411
10.375,0.2820129681603682,119.40984825503094,0,60,1.0,8,0.9861140765889632
10.38,0.30258482867153996,120.0,0,60,1.0,8,1.0
10.385,0.3220990771751686,119.5160061135284,0,60,1.0,8,0.9886119085536096
10.39,0.3401700499968971,117.99966259133913,0,60,1.0,8,0.9529332374432736
10.395,0.3564239911198326,115.57011308967998,0,60,1.0,8,0.8957673668159994
10.4,0.3705118017738417,112.40924080138602,0,60,1.0,8,0.8213939012090828
10.405,0.3821214567925213,108.74008947923315,0,60,1.0,8,0.7350609289231329
10.41,0.39098947374066967,104.80188363205593,0,60,1.0,8,0.6423972619307279
10.415,0.3969108472035567,100.82552814904717,0,60,1.0,8,0.5488359564481687
10.42,0.3997469255491936,97.0130132410624,0,60,1.0,8,0.45912972331911517
10.425,0.3994308076379137,93.5231013335713,0,60,1.0,8,0.37701414902520713
10.43,0.3959699661768434,90.4643185404905,0,60,1.0,8,0.30504278918801164
10.435,0.38944595408114946,87.89493732644314,0,60,1.0,8,0.24458676062219156
10.44,0.38001120995358023,85.82858881956196,0,60,1.0,8,0.19596679575439901
10.445,0.3678831374098315,84.24354173369385,0,60,1.0,8,0.15867157020456107
10.45,0.35333577933796634,83.09355905991723,0,60,1.0,8,0.13161315435099355
10.455,0.33668953221163944,82.31851219968635,0,60,1.0,8,0.11337675763967889
10.46,0.3182994390982644,81.8534471763782,0,60,1.0,8,0.10243405120889874
10.465,0.29854265738230645,81.63539558810754,0,60,1.0,8,0.0973034256025304
10.47,0.2778057157821067,81.60776725230997,0,60,1.0,8,0.09665334711317575
10.475,0.2564721553719815,81.7225659161887,0,60,1.0,8,0.09935449214561645
10.48,0.23491109433464996,81.94090307100727,0,60,1.0,8,0.10449183696487693
10.485,0.21346717185309805,82.23236173414895,0,60,1.0,8,0.1113496878623283
10.49,0.19245222055656455,82.5737228448738,0,60,1.0,8,0.11938171399703057
10.495,0.17213889801761392,82.94746101237237,0,60,1.0,8,0.1281755532322911
10.5,0.15275638501270183,83.34028784104275,0,60,1.0,8,0.13741853743630003
10.505,0.13448814019607322,83.74190129408117,0,60,1.0,8,0.14686826574308645
10.51,0.11747159495449566,84.14400555542274,0,60,1.0,8,0.156329542480535
10.515,0.10179958433370105,84.53960260488017,0,60,1.0,8,0.1656377083501217
10.52,0.08752324394101413,84.9225212845037,0,60,1.0,8,0.17464755963538123
10.525,0.07465606047174059,85.28713521594845,0,60,1.0,8,0.18322671096349302
10.53,0.0631787448609295,85.62822001971128,0,60,1.0,8,0.19125223575791245
10.535,0.05304460019959574,85.94090650370732,0,60,1.0,8,0.19860956479311354
10.54,0.044185078305849994,86.22069530027292,0,60,1.0,8,0.20519283059465698
10.545,0.03651525513023255,86.46350713588414,0,60,1.0,8,0.2109060502560975
10.55,0.0299390014708757,86.66575024332924,0,60,1.0,8,0.21566471160774686
10.555,0.024353677220580638,86.82439202975053,0,60,1.0,8,0.2193974595235418
10.56,0.01965423034339045,86.93702615390892,0,60,1.0,8,0.22204767420962157
10.565,0.015736632374757337,87.00192899594394,0,60,1.0,8,0.22357479990456333
10.57,0.012500627640593535,87.0181014934289,0,60,1.0,8,0.22395532925715061
10.575,0.009851811652115898,86.98529377288109,0,60,1.0,8,0.22318338289131984
10.58,0.007703084175428559,86.90401114067697,0,60,1.0,8,0.2212708503688699
10.585,0.005975544002062424,86.77550094420542,0,60,1.0,8,0.2182470810401275
10.59,0.004598905818663047,86.60172064316458,0,60,1.0,8,0.21415813278034312
10.595,0.0035115256454839104,86.38528817010885,0,60,1.0,8,0.2090656040025612
10.6,0.002660121266303676,86.12941631144672,0,60,1.0,8,0.20304508968109924
10.605,0.0019992692560877024,85.8378333951069,0,60,1.0,8,0.19618431517898585
10.61,0.0014907520044639367,85.5146930147361,0,60,1.0,8,0.18858101211143755
10.615,0.0011028178277539807,85.16447583928647,0,60,1.0,8,0.180340607983211
10.62,0.0008094059938923333,84.79188674208152,0,60,1.0,8,0.17157380569603567
10.625,0.0005893771793717645,84.40175053163802,0,60,1.0,8,0.1623941301561886
10.63,0.0004257792353490551,83.99890948084484,0,60,1.0,8,0.15291551719634927
10.635,0.0003051686392901525,83.58812564108673,0,60,1.0,8,0.14325001508439372
10.64,0.00021699992642659966,83.17399060876907,0,60,1.0,8,0.13350566138280173
10.645,0.00015308884054097838,82.76084500333593,0,60,1.0,8,0.1237845883137866
10.65,0.00010714989329311098,82.35270944151372,0,60,1.0,8,0.11418139862385233
10.655,7.440535854020571e-05,81.95322827731624,0,60,1.0,8,0.1047818418192057
10.66,5.1260276743925106e-05,81.5656268469004,0,60,1.0,8,0.09566180816236236
10.665,3.503659887882241e-05,81.19268243627361,0,60,1.0,8,0.08688664555937915
10.67,2.375894748103639e-05,80.83670870048552,0,60,1.0,8,0.07851079295260038
10.675,1.5984413869232557e-05,80.49955282436576,0,60,1.0,8,0.07057771351448858
10.68,1.0669166579899869e-05,80.18260434212327,0,60,1.0,8,0.06312010216760634
10.685,7.06526633560511e-06,79.88681423671093,0,60,1.0,8,0.05616033498143371
10.69,4.641847214699205e-06,79.61272272561617,0,60,1.0,8,0.049711122955674494
10.695,3.025641074479182e-06,79.3604940089418,0,60,1.0,8,0.043776329622159986
10.7,1.9566278676921314e-06,79.12995620540356,0,60,1.0,8,0.03835191071537786
10.705,1.2553456560008793e-06,78.92064472570667,0,60,1.0,8,0.03342693472250978
10.71,7.990660428214668e-07,78.73184742133546,0,60,1.0,8,0.028984645207893154
10.715,5.046221251618276e-07,78.56264998870968,0,60,1.0,8,0.025003529146110114
10.72,3.1616527078858815e-07,78.41198029133812,0,60,1.0,8,0.021458359796191175
10.725,1.9652884407760343e-07,78.27865047304697,0,60,1.0,8,0.018321187601105078
10.73,1.2120002189836396e-07,78.16139596092438,0,60,1.0,8,0.015562257904103075
10.735,7.415549848886236e-08,78.05891068560801,0,60,1.0,8,0.013150839661364992
10.74,4.501406988770349e-08,77.96987806868721,0,60,1.0,8,0.011055954557346079
10.745,0.0,77.89299753381259,0,60,1.0,8,0.009247000795590352
10.75,0.0,77.8270064830745,0,60,1.0,8,0.007694270189988201
10.755,0.0,77.77069783881038,0,60,1.0,8,0.00636936091318536
10.76,0.0,77.72293338065182,0,60,1.0,8,0.005245491309454685
10.765,0.0,77.6826532075086,0,60,1.0,8,0.004297722529613967
10.77,0.0,77.64888172502401,0,60,1.0,8,0.0035030994123296886
10.775,0.0,77.62073060277085,0,60,1.0,8,0.0028407200651964317
10.78,0.0,77.59739916496626,0,60,1.0,8,0.002291745058029699
10.785,0.0,77.57817267726432,0,60,1.0,8,0.0018393571121016388
10.79,0.0,77.56241897406092,0,60,1.0,8,0.0014686817426098407
10.795,0.0,77.54958383962341,0,60,1.0,8,0.0011666785793743337
10.8,0.0,77.53918551600158,0,60,1.0,8,0.0009220121412136665
10.805,0.0,77.53080866455502,0,60,1.0,8,0.000724909754235876
10.81,0.0,77.52409805909379,0,60,1.0,8,0.0005670131551479538
10.815,0.0,77.51875223963577,0,60,1.0,8,0.0004412291679005541
10.82,0.0,77.51451730867906,0,60,1.0,8,0.0003415837336249564
10.825,0.0,77.51118100820227,0,60,1.0,8,0.00026308254593579797
10.83,0.0,77.50856717638953,0,60,1.0,8,0.000201580620930198
10.835,0.0,77.506530648948,0,60,1.0,8,0.0001536623281882545
10.84,0.0,77.50495264109921,0,60,1.0,8,0.00011653273174608651
10.845,0.0,77.50373662283334,0,60,1.0,9,8.792053725515228e-05
10.85,0.0,77.50280468154695,0,60,1.0,9,6.599250698701219e-05
10.855,0.0,77.50209435230339,0,60,1.0,9,4.927887772677262e-05
10.86,0.0,77.50155588612591,0,60,1.0,9,3.660908531561718e-05
10.865,0.0,77.50114992036497,0,60,1.0,9,2.705694976391308e-05
10.87,0.0,77.50084551167804,0,60,1.0,9,1.989439242439563e-05
10.875,0.0,77.50061849094135,0,60,1.0,9,1.4552728031744396e-05
10.88,0.0,77.50045009994905,0,60,1.0,9,1.0590587036444156e-05
10.885,0.0,77.5003258715694,0,60,1.0,9,7.667566338862825e-06
10.89,0.0,77.50023471771487,0,60,1.0,9,5.522769761763116e-06
10.895,0.0,77.50016819270388,0,60,1.0,9,3.95747538545145e-06
10.9,0.0,77.50011990307587,0,60,1.0,9,2.8212488439962992e-06
10.905,0.0,77.50008503845943,0,60,1.0,9,2.0009049278007082e-06
10.91,0.0,77.5000600015309,0,60,1.0,9,1.4118007270018793e-06
10.915,0.0,77.50004211833227,0,60,1.0,9,9.910195829246839e-07
10.92,0.0,77.50002941317382,0,60,1.0,9,6.920746781200732e-07
10.925,0.0,77.50002043499333,0,60,1.0,9,4.80823372500334e-07
10.93,0.0,77.50001412436717,0,60,1.0,9,3.3233805103972213e-07
10.935,0.001684486749771458,77.50000971237372,0,60,1.0,9,2.2852644058409221e-07
10.94,0.003097557930867117,77.50000664421472,0,60,1.0,9,1.5633446403572795e-07
10.945,0.005475106668887023,77.50000452192985,0,60,1.0,9,1.0639834947730432e-07
10.95,0.00930222931468658,77.50000306172282,0,60,1.0,9,7.204053698681973e-08
10.955,0.01519157517868857,77.50000206238532,0,60,1.0,9,4.8526713418836795e-08
10.96,0.023847336626128316,77.5000013820878,0,60,1.0,9,3.2519712998263834e-08
10.965,0.0359830743700859,77.50000092143212,0,60,1.0,9,2.1680755721450518e-08
10.97,0.05218887796857759,77.50000061115722,0,60,1.0,9,1.4380169860113015e-08
10.975,0.0727577001223134,77.50000040327791,0,60,1.0,9,9.48889197281781e-09
10.98,0.0974992498694751,77.50000026473893,0,60,1.0,9,6.229151281064225e-09
10.985,0.12558706050443358,77.50000017289923,0,60,1.0,9,4.068217282003709e-09
10.99,0.15549263588878245,77.50000011233891,0,60,1.0,9,2.643268464239287e-09
10.995,0.1850529723539114,77.50000007261549,0,60,1.0,9,1.7085998184912194e-09
11.0,0.21169159439317053,77.50000004669712,0,60,1.0,9,1.0987558679891449e-09
11.005,0.23277292922115492,77.50000002987535,0,60,1.0,9,7.029494581194526e-10
11.01,0.24602692519491282,77.50000001901506,0,60,1.0,9,4.474132123612114e-10
11.015,0.24995056064839283,77.50000001204049,0,60,1.0,9,2.833055933639544e-10
11.02,0.24408826520424054,77.50000000758494,0,60,1.0,9,1.7846927595896618e-10
11.025,0.22911894216865275,77.5000000047536,0,60,1.0,9,1.1184945780020345e-10
11.03,0.20672661788705934,77.50000000296384,0,60,1.0,9,6.9737512496752e-11
11.035,0.17928878030241233,77.50000000183844,0,60,1.0,9,4.325750738002278e-11
11.04,0.14946211903866036,77.5000000011345,0,60,1.0,9,2.6694003870087567e-11
11.045,0.1197651512573837,77.5000000006965,0,60,1.0,9,1.6388292030623073e-11
11.05,0.09224675744988023,77.5000000004254,0,60,1.0,9,1.0009457315284047e-11
11.055,0.06829565320281596,77.5000000002585,0,60,1.0,9,6.0822458181064576e-12
11.06,0.04860224607515734,77.50000000015626,0,60,1.0,9,3.676766081137912e-12
11.065,0.03324612389699793,77.50000000009398,0,60,1.0,9,2.2112089936854317e-12
11.07,0.021859876340472782,77.50000000005623,0,60,1.0,9,1.3231141672483372e-12
11.075,0.01381595518554205,77.50000000003347,0,60,1.0,9,7.874485377482522e-13
11.08,0.008394095110402422,77.50000000001982,0,60,1.0,9,4.664504077107481e-13
11.085,0.0049052535271608,77.50000000001168,0,60,1.0,9,2.7485464884461285e-13
11.09,0.0027671663551903634,77.50000000000685,0,60,1.0,9,1.6116781112299685e-13
11.095,0.0015425553464444616,77.500000000004,0,60,1.0,9,9.395882764639442e-14
11.1,0.0009638206637011801,77.50000000000232,0,60,1.0,9,5.4502807495951216e-14
11.105,0.0009804935156568228,77.50000000000134,0,60,1.0,9,3.143106689950561e-14
11.11,0.0018793744894085216,77.50000000000077,0,60,1.0,9,1.8056144814609604e-14
11.115,0.004535525206900863,77.50000000000044,0,60,1.0,9,1.0365564615794402e-14
11.12,0.010832767979632273,77.50000000000024,0,60,1.0,9,5.684341886080802e-15
11.125,0.024208003392322392,77.50000000000014,0,60,1.0,9,3.343730521224001e-15
11.13,0.0500971897335304,77.50000000000009,0,60,1.0,9,2.0062383127344005e-15
11.135,0.09582894921774403,77.50000000000004,0,60,1.0,9,1.0031191563672002e-15
11.14,0.16937896721820658,77.50000000000003,0,60,1.0,9,6.687461042448002e-16
11.145,0.27661303008991756,77.50000000000001,0,60,1.0,9,3.343730521224001e-16
11.15,0.4173782800009149,77.5,0,60,1.0,9,0.0
11.155,0.5818720934538056,77.5,0,60,1.0,9,0.0
11.16,0.7494718801585675,77.5,0,60,1.0,9,0.0
11.165,0.891813020752378,77.5,0,60,1.0,9,0.0
11.17,0.9800361632936612,77.5,0,60,1.0,9,0.0
11.175,0.993574479225126,77.5,1,60,1.0,9,0.0
11.18,0.9263438449375362,77.5,0,60,1.0,9,0.0
11.185,0.7873015962290536,77.5,0,60,1.0,9,0.0
11.19,0.5959516244629897,77.5,0,60,1.0,9,0.0
11.195,0.376910120078773,77.5,0,60,1.0,9,0.0
11.2,0.15739335672107918,77.5,0,60,1.0,9,0.0
11.205,-0.033361226269301235,77.5,0,60,1.0,9,0.0
11.21,-0.1680180840843834,77.5,0,60,1.0,9,0.0
11.215,-0.23069703190837854,77.5,0,60,1.0,9,0.0
11.22,-0.22587267821131068,77.5,0,60,1.0,9,0.0
11.225,-0.17718181630665902,77.5,0,60,1.0,9,0.0
11.23,-0.11494332516451301,77.5,0,60,1.0,9,0.0
11.235,-0.061810214049552864,77.5,0,60,1.0,9,0.0
11.24,-0.026546104631500547,77.5,0,60,1.0,9,0.0
11.245,-0.00719600351942686,77.5,0,60,1.0,9,0.0
11.25,0.0022072757983807078,77.5,0,60,1.0,9,0.0
11.255,0.006917199873730717,77.5,0,60,1.0,9,0.0
11.26,0.01004859748264829,77.5,0,60,1.0,9,0.0
11.265,0.013037082251128167,77.5,0,60,1.0,9,0.0
11.27,0.01645163937690478,77.5,0,60,1.0,9,0.0
11.275,0.020526639934696615,77.5,0,60,1.0,9,0.0
11.28,0.02539629541761738,77.5,0,60,1.0,9,0.0
11.285,0.031171612185577933,77.5,0,60,1.0,9,0.0
11.29,0.03795853426638131,77.5,0,60,1.0,9,0.0
11.295,0.0458588961882057,77.5,0,60,1.0,9,0.0
11.3,0.054966995891435555,77.5,0,60,1.0,9,0.0
11.305,0.06536491004445595,77.5,0,60,1.0,9,0.0
11.31,0.07711726085088699,77.5,0,60,1.0,9,0.0
11.315,0.09026570629555215,77.5,0,60,1.0,9,0.0
11.32,0.10482339848670268,77.5,0,60,1.0,9,0.0
11.325,0.12076968927580028,77.5,0,60,1.0,9,0.0
11.33,0.13804539501007884,77.5,0,60,1.0,9,0.0
11.335,0.15654895051787066,77.5,0,60,1.0,9,0.0
11.34,0.17613378141900526,77.5,0,60,1.0,9,0.0
11.345,0.19660720058055794,77.5,0,60,1.0,9,0.0
11.35,0.21773108748496234,77.5,0,60,1.0,9,0.0
11.355,0.23922453870058807,77.5,0,60,1.0,9,0.0
11.36,0.2607685857914563,77.5,0,60,1.0,9,0.0
11.365,0.2820129681603682,77.5,0,60,1.0,9,0.0
11.37,0.30258482867153996,77.5,0,60,1.0,9,0.0
11.375,0.3220990771751686,77.5,0,60,1.0,9,0.0
11.38,0.3401700499968971,77.5,0,60,1.0,9,0.0
11.385,0.3564239911198326,77.5,0,60,1.0,9,0.0
11.39,0.3705118017738417,77.5,0,60,1.0,9,0.0
11.395,0.3821214567925213,77.5,0,60,1.0,9,0.0
11.4,0.39098947374066967,77.5,0,60,1.0,9,0.0
11.405,0.3969108472035567,77.5,0,60,1.0,9,0.0
11.41,0.3997469255491936,77.5,0,60,1.0,9,0.0
11.415,0.3994308076379137,77.5,0,60,1.0,9,0.0
11.42,0.3959699661768434,77.5,0,60,1.0,9,0.0
11.425,0.38944595408114946,77.5,0,60,1.0,9,0.0
11.43,0.38001120995358023,77.5,0,60,1.0,9,0.0
11.435,0.3678831374098315,77.5,0,60,1.0,9,0.0
11.44,0.35333577933796634,77.5,0,60,1.0,9,0.0
11.445,0.33668953221163944,77.5,0,60,1.0,9,0.0
11.45,0.3182994390982644,77.5,0,60,1.0,9,0.0
11.455,0.29854265738230645,77.5,0,60,1.0,9,0.0
11.46,0.2778057157821067,77.5,0,60,1.0,9,0.0
11.465,0.2564721553719815,77.5,0,60,1.0,9,0.0
11.47,0.23491109433464996,77.5,0,60,1.0,9,0.0
11.475,0.21346717185309805,77.5,0,60,1.0,9,0.0
11.48,0.19245222055656455,77.5,0,60,1.0,9,0.0
11.485,0.17213889801761392,77.5,0,60,1.0,9,0.0
11.49,0.15275638501270183,77.5,0,60,1.0,9,0.0
11.495,0.13448814019607322,77.5,0,60,1.0,9,0.0
11.5,0.11747159495449566,77.5,0,60,1.0,9,0.0
11.505,0.10179958433370105,77.5,0,60,1.0,9,0.0
11.51,0.08752324394101413,77.5,0,60,1.0,9,0.0
11.515,0.07465606047174059,77.5,0,60,1.0,9,0.0
11.52,0.0631787448609295,77.5,0,60,1.0,9,0.0
11.525,0.05304460019959574,77.5,0,60,1.0,9,0.0
11.53,0.044185078305849994,77.5,0,60,1.0,9,0.0
11.535,0.03651525513023255,77.5,0,60,1.0,9,0.0
11.54,0.0299390014708757,77.5,0,60,1.0,9,0.0
11.545,0.024353677220580638,77.5,0,60,1.0,9,0.0
11.55,0.01965423034339045,77.5,0,60,1.0,9,0.0
11.555,0.015736632374757337,77.5,0,60,1.0,9,0.0
11.56,0.012500627640593535,77.5,0,60,1.0,9,0.0
11.565,0.009851811652115898,77.5,0,60,1.0,9,0.0
11.57,0.007703084175428559,77.5,0,60,1.0,9,0.0
11.575,0.005975544002062424,77.5,0,60,1.0,9,0.0
11.58,0.004598905818663047,77.5,0,60,1.0,9,0.0
11.585,0.0035115256454839104,77.5,0,60,1.0,9,0.0
11.59,0.002660121266303676,77.5,0,60,1.0,9,0.0
11.595,0.0019992692560877024,77.5,0,60,1.0,9,0.0
11.6,0.0014907520044639367,77.5,0,60,1.0,9,0.0
11.605,0.0011028178277539807,77.5,0,60,1.0,9,0.0
11.61,0.0008094059938923333,77.5,0,60,1.0,9,0.0
11.615,0.0005893771793717645,77.5,0,60,1.0,9,0.0
11.62,0.0004257792353490551,77.5,0,60,1.0,9,0.0
11.625,0.0003051686392901525,77.5,0,60,1.0,9,0.0
11.63,0.00021699992642659966,77.5,0,60,1.0,9,0.0
11.635,0.00015308884054097838,77.5,0,60,1.0,9,0.0
11.64,0.00010714989329311098,77.5,0,60,1.0,9,0.0
11.645,7.440535854020571e-05,77.5,0,60,1.0,9,0.0
11.65,5.1260276743925106e-05,77.5,0,60,1.0,9,0.0
11.655,3.503659887882241e-05,77.5,0,60,1.0,9,0.0
11.66,2.375894748103639e-05,77.5,0,60,1.0,9,0.0
11.665,1.5984413869232557e-05,77.5,0,60,1.0,9,0.0
11.67,1.0669166579899869e-05,77.5,0,60,1.0,9,0.0
11.675,7.06526633560511e-06,77.5,0,60,1.0,9,0.0
11.68,4.641847214699205e-06,77.5,0,60,1.0,9,0.0
11.685,3.025641074479182e-06,77.5,0,60,1.0,9,0.0
11.69,1.9566278676921314e-06,77.5,0,60,1.0,9,0.0
11.695,1.2553456560008793e-06,77.5,0,60,1.0,9,0.0
11.7,7.990660428214668e-07,77.5,0,60,1.0,9,0.0
11.705,5.046221251618276e-07,77.5,0,60,1.0,9,0.0
11.71,3.1616527078858815e-07,77.5,0,60,1.0,9,0.0
11.715,1.9652884407760343e-07,77.5,0,60,1.0,9,0.0
11.72,1.2120002189836396e-07,77.5,0,60,1.0,9,0.0
11.725,7.415549848886236e-08,77.5,0,60,1.0,9,0.0
11.73,4.501406988770349e-08,77.5,0,60,1.0,9,0.0
11.735,0.0,77.5,0,60,1.0,9,0.0
11.74,0.0,77.5,0,60,1.0,9,0.0
11.745,0.0,77.5,0,60,1.0,9,0.0
11.75,0.0,77.5,0,60,1.0,9,0.0
11.755,0.0,77.5,0,60,1.0,9,0.0
11.76,0.0,77.5,0,60,1.0,9,0.0
11.765,0.0,77.5,0,60,1.0,9,0.0
11.77,0.0,77.5,0,60,1.0,9,0.0
11.775,0.0,77.5,0,60,1.0,9,0.0
11.78,0.0,77.5,0,60,1.0,9,0.0
11.785,0.0,77.5,0,60,1.0,9,0.0
11.79,0.0,77.5,0,60,1.0,9,0.0
11.795,0.0,77.5,0,60,1.0,9,0.0
11.8,0.0,77.5,0,60,1.0,9,0.0
11.805,0.0,77.5,0,60,1.0,9,0.0
11.81,0.0,77.5,0,60,1.0,9,0.0
11.815,0.0,77.5,0,60,1.0,9,0.0
11.82,0.0,77.5,0,60,1.0,9,0.0
11.825,0.0,77.5,0,60,1.0,9,0.0
11.83,0.0,77.5,0,60,1.0,9,0.0
11.835,0.0,77.5,0,60,1.0,9,0.0
11.84,0.0,77.5,0,60,1.0,9,0.0
11.845,0.0,77.5,0,60,1.0,9,0.0
11.85,0.0,77.5,0,60,1.0,9,0.0
11.855,0.0,77.5,0,60,1.0,9,0.0
11.86,0.0,77.5,0,60,1.0,9,0.0
11.865,0.0,77.5,0,60,1.0,9,0.0
11.87,0.0,77.5,0,60,1.0,9,0.0
11.875,0.0,77.5,0,60,1.0,9,0.0
11.88,0.0,77.5,0,60,1.0,9,0.0
11.885,0.0,77.5,0,60,1.0,9,0.0
11.89,0.0,77.5,0,60,1.0,9,0.0
11.895,0.0,77.5,0,60,1.0,9,0.0
11.9,0.0,77.5,0,60,1.0,9,0.0
11.905,0.0,77.5,0,60,1.0,9,0.0
11.91,0.0,77.5,0,60,1.0,9,0.0
11.915,0.0,77.5,0,60,1.0,9,0.0
11.92,0.0,77.5,0,60,1.0,9,0.0
11.925,0.0,77.5,0,60,1.0,9,0.0
11.93,0.0,77.5,0,60,1.0,9,0.0
11.935,0.0,77.5,0,60,1.0,9,0.0
11.94,0.0,77.5,0,60,1.0,9,0.0
11.945,0.0,77.5,0,60,1.0,9,0.0
11.95,0.0,77.5,0,60,1.0,9,0.0
11.955,0.0,77.5,0,60,1.0,9,0.0
11.96,0.0,77.5,0,60,1.0,9,0.0
11.965,0.0,77.5,0,60,1.0,9,0.0
11.97,0.0,77.5,0,60,1.0,9,0.0
11.975,0.0,77.5,0,60,1.0,9,0.0
11.98,0.0,77.5,0,60,1.0,9,0.0
11.985,0.0,77.5,0,60,1.0,9,0.0
11.99,0.0,77.5,0,60,1.0,9,0.0
11.995,0.0,77.5,0,60,1.0,9,0.0
