Time,ECG,Pressure,R_Peaks,mean_hr,hrv_scale,Phase_Bin,Normalized_Pressure
0.0,0.001684486749771458,77.5,0,100,3.0,0,0.0
0.005,0.00456624331333666,77.5,0,100,3.0,0,0.0
0.01,0.011079731271581421,77.5,0,100,3.0,0,0.0
0.015,0.024064571490409,77.5,0,100,3.0,0,0.0
0.02,0.046784906529573234,77.5,0,100,3.0,0,0.0
0.025,0.08141644351188804,77.5,0,100,3.0,0,0.0
0.03,0.12682276464025305,77.5,0,100,3.0,0,0.0
0.035,0.1768320708657512,77.5,0,100,3.0,0,0.0
0.04,0.22070063230473494,77.5,0,100,3.0,0,0.0
0.045,0.24656126505113576,77.5,0,100,3.0,0,0.0
0.05,0.24656126505724016,77.5,0,100,3.0,0,0.0
0.055,0.220700632329898,77.5,0,100,3.0,0,0.0
0.06,0.17683207093748562,77.5,0,100,3.0,0,0.0
0.065,0.12682276483597799,77.5,0,100,3.0,0,0.0
0.07,0.08141644409447898,77.5,0,100,3.0,0,0.0
0.075,0.04678490952598309,77.5,0,100,3.0,0,0.0
0.08,0.024064605020532023,77.5,0,100,3.0,0,0.0
0.085,0.011080171739334697,77.5,0,100,3.0,0,0.0
0.09,0.004571212771509492,77.5,0,100,3.0,0,0.0
0.095,0.0017299316936037438,77.5,0,100,3.0,0,0.0
0.1,0.0008899431850697582,77.5,0,100,3.0,0,0.0
0.105,0.002128806368910263,77.5,0,100,3.0,0,0.0
0.11,0.009309664818487698,77.5,0,100,3.0,0,0.0
0.115,0.03503263543368747,77.5,0,100,3.0,0,0.0
0.12,0.10606267793605692,77.5,0,100,3.0,0,0.0
0.125,0.25734927343160535,77.5,0,100,3.0,0,0.0
0.13,0.5003202479539708,77.5,0,100,3.0,0,0.0
0.135,0.7793067891790435,77.5,0,100,3.0,0,0.0
0.14,0.9720477407234077,77.5,0,100,3.0,0,0.0
0.145,0.967267334488097,77.5,0,100,3.0,0,0.0
0.15,0.7505869905515209,77.5,0,100,3.0,0,0.0
0.155,0.4028369574773956,77.5,0,100,3.0,0,0.0
0.16,0.04553881263121314,77.5,0,100,3.0,0,0.0
0.165,-0.189138810908105,77.5,0,100,3.0,0,0.0
0.17,-0.22868072635956738,77.5,0,100,3.0,0,0.0
0.175,-0.14104670682394166,77.5,0,100,3.0,0,0.0
0.18,-0.051158381651102834,77.5,0,100,3.0,0,0.0
0.185,-0.008206426846427752,77.5,0,100,3.0,0,0.0
0.19,0.005350271385530505,77.5,0,100,3.0,0,0.0
0.195,0.01084668799215426,77.5,0,100,3.0,0,0.0
0.2,0.016256859896386415,77.5,0,100,3.0,0,0.0
0.205,0.02345021205790711,77.5,0,100,3.0,0,0.0
0.21,0.0330621597308209,77.5,0,100,3.0,0,0.0
0.215,0.04559141319943196,77.5,0,100,3.0,0,0.0
0.22,0.06149084917446989,77.5,0,100,3.0,0,0.0
0.225,0.08111733445924295,77.5,0,100,3.0,0,0.0
0.23,0.1046628598272375,77.5,0,100,3.0,0,0.0
0.235,0.1320831047748631,77.5,0,100,3.0,0,0.0
0.24,0.16303381314489318,77.5,0,100,3.0,0,0.0
0.245,0.19682662652900276,77.5,0,100,3.0,0,0.0
0.25,0.23241585813229,77.5,0,100,3.0,0,0.0
0.255,0.26842527782774417,77.5,0,100,3.0,0,0.0
0.26,0.30321927900592993,77.5,0,100,3.0,0,0.0
0.265,0.3350163137995362,77.5,0,100,3.0,0,0.0
0.27,0.3620352400956416,77.5,0,100,3.0,0,0.0
0.275,0.3826586036805073,77.5,0,100,3.0,0,0.0
0.28,0.39559233134833227,77.5,0,100,3.0,0,0.0
0.285,0.4,77.5,0,100,3.0,0,0.0
0.29,0.39559233134833227,77.5,0,100,3.0,0,0.0
0.295,0.3826586036805073,77.5,0,100,3.0,0,0.0
0.3,0.3620352400956416,77.5,0,100,3.0,0,0.0
0.305,0.3350163137995362,77.5,0,100,3.0,0,0.0
0.31,0.3032192790059296,77.5,0,100,3.0,0,0.0
0.315,0.26842527782774417,77.5,0,100,3.0,0,0.0
0.32,0.23241585813229,77.5,0,100,3.0,0,0.0
0.325,0.19682662652900276,77.5,0,100,3.0,0,0.0
0.33,0.16303381314489318,77.5,0,100,3.0,0,0.0
0.335,0.13208310477486307,77.5,0,100,3.0,0,0.0
0.34,0.10466285982723562,77.5,0,100,3.0,0,0.0
0.345,0.08111733445917907,77.5,0,100,3.0,0,0.0
0.35,0.06149084917398798,77.5,0,100,3.0,0,0.0
0.355,0.04559141333598128,77.5,0,100,3.0,0,0.0
0.36,0.03306217087257399,77.5,0,100,3.0,0,0.0
0.365,0.02345067901074276,77.5,0,100,3.0,0,0.0
0.37,0.016268788896435526,77.5,0,100,3.0,0,0.0
0.375,0.011039026374860051,77.5,0,100,3.0,0,0.0
0.38,0.007326255555493689,77.5,0,100,3.0,0,0.0
0.385,0.0047556414315231815,77.5,0,100,3.0,0,0.0
0.39,0.0030193390635632803,77.5,0,100,3.0,0,0.0
0.395,0.001874953127946523,77.5,0,100,3.0,0,0.0
0.4,0.0011387927410965778,77.5,0,100,3.0,0,0.0
0.405,0.0006765107634274089,77.5,0,100,3.0,0,0.0
0.41,0.00039307957404427924,77.5,0,100,3.0,0,0.0
0.415,0.00022338910511776318,77.5,0,100,3.0,0,0.0
0.42,0.00012417073320013317,77.5,0,100,3.0,0,0.0
0.425,6.750753468904987e-05,77.5,0,100,3.0,0,0.0
0.43,3.5897234866245036e-05,77.5,0,100,3.0,0,0.0
0.435,1.8670050400879738e-05,77.5,0,100,3.0,0,0.0
0.44,9.497421874143672e-06,77.5,0,100,3.0,0,0.0
0.445,4.725434140340885e-06,77.5,0,100,3.0,0,0.0
0.45,2.299606063738814e-06,77.5,0,100,3.0,0,0.0
0.455,1.0945633976635486e-06,77.5,0,100,3.0,0,0.0
0.46,5.095703414287532e-07,77.5,0,100,3.0,0,0.0
0.465,2.3202944964797243e-07,77.5,0,100,3.0,0,0.0
0.47,1.0333746954038608e-07,77.5,0,100,3.0,0,0.0
0.475,4.501406988770349e-08,77.5,0,100,3.0,0,0.0
0.48,0.0,77.5,0,100,3.0,0,0.0
0.485,0.0,77.5,0,100,3.0,0,0.0
0.49,0.0,77.5,0,100,3.0,0,0.0
0.495,0.0,77.5,0,100,3.0,0,0.0
0.5,0.0,77.5,0,100,3.0,0,0.0
0.505,0.0,77.5,0,100,3.0,0,0.0
0.51,0.0,77.5,0,100,3.0,0,0.0
0.515,0.0,77.5,0,100,3.0,0,0.0
0.52,0.0,77.5,0,100,3.0,0,0.0
0.525,0.0,77.5,0,100,3.0,0,0.0
0.53,0.0,77.5,0,100,3.0,0,0.0
0.535,0.0,77.5,0,100,3.0,0,0.0
0.54,0.0,77.5,0,100,3.0,0,0.0
0.545,0.0,77.5,0,100,3.0,0,0.0
0.55,0.0,77.5,0,100,3.0,0,0.0
0.555,0.0,77.5,0,100,3.0,0,0.0
0.56,0.0,77.5,0,100,3.0,0,0.0
0.565,0.0,77.5,0,100,3.0,0,0.0
0.57,0.0,77.5,0,100,3.0,0,0.0
0.575,0.0,77.5,0,100,3.0,0,0.0
0.58,0.0,77.5,0,100,3.0,0,0.0
0.585,0.0,77.5,0,100,3.0,0,0.0
0.59,0.0,77.5,0,100,3.0,0,0.0
0.595,0.0,77.5,0,100,3.0,0,0.0
0.6,0.0,77.5,0,100,3.0,0,0.0
0.605,0.0,77.5,0,100,3.0,0,0.0
0.61,0.0,77.5,0,100,3.0,0,0.0
0.615,0.0,77.5,0,100,3.0,0,0.0
0.62,0.001684486749771458,77.5,0,100,3.0,0,0.0
0.625,0.00456624331333666,77.5,0,100,3.0,0,0.0
0.63,0.011079731271581421,77.5,0,100,3.0,0,0.0
0.635,0.024064571490409,77.5,0,100,3.0,0,0.0
0.64,0.046784906529573234,77.5,0,100,3.0,0,0.0
0.645,0.08141644351188804,77.5,0,100,3.0,0,0.0
0.65,0.12682276464025305,77.5,0,100,3.0,0,0.0
0.655,0.1768320708657512,77.5,0,100,3.0,0,0.0
0.66,0.22070063230473494,77.5,0,100,3.0,0,0.0
0.665,0.24656126505113576,77.5,0,100,3.0,0,0.0
0.67,0.24656126505724016,77.5,0,100,3.0,0,0.0
0.675,0.220700632329898,77.5,0,100,3.0,0,0.0
0.68,0.17683207093748562,77.5,0,100,3.0,0,0.0
0.685,0.12682276483597799,77.5,0,100,3.0,0,0.0
0.69,0.08141644409447898,77.5,0,100,3.0,0,0.0
0.695,0.04678490952598309,77.5,0,100,3.0,0,0.0
0.7,0.024064605020532023,77.5,0,100,3.0,0,0.0
0.705,0.011080171739334697,77.5,0,100,3.0,0,0.0
0.71,0.004571212771509492,77.5,0,100,3.0,0,0.0
0.715,0.0017299316936037438,77.5,0,100,3.0,0,0.0
0.72,0.0008899431850697582,77.5,0,100,3.0,0,0.0
0.725,0.002128806368910263,77.5,0,100,3.0,0,0.0
0.73,0.009309664818487698,77.5,0,100,3.0,0,0.0
0.735,0.03503263543368747,77.5,0,100,3.0,0,0.0
0.74,0.10606267793605692,77.5,0,100,3.0,0,0.0
0.745,0.25734927343160535,77.5,0,100,3.0,0,0.0
0.75,0.5003202479539708,77.5,0,100,3.0,0,0.0
0.755,0.7793067891790435,77.5,0,100,3.0,0,0.0
0.76,0.9720477407234077,77.50000296131513,1,100,3.0,0,5.86399036171432e-08
0.765,0.967267334488097,77.50000586669285,0,100,3.0,0,1.1617213555053799e-07
0.77,0.7505869905515209,77.50001243272976,0,100,3.0,0,2.461926685397641e-07
0.775,0.4028369574773956,77.50002929773642,0,100,3.0,0,5.801531964008594e-07
0.78,0.04553881263121314,77.50007764429057,0,100,3.0,0,1.5375107043630377e-06
0.785,-0.189138810908105,77.50022444113267,0,100,3.0,0,4.44437886480865e-06
0.79,-0.22868072635956738,77.5006729999817,0,100,3.0,0,1.3326732310941783e-05
0.795,-0.14104670682394166,77.50200662880097,0,100,3.0,0,3.9735223781586806e-05
0.8,-0.051158381651102834,77.50579382291566,0,100,3.0,0,0.00011472916664679855
0.805,-0.008206426846427752,77.51596845203716,0,100,3.0,0,0.0003162069710328123
0.81,0.005350271385530505,77.54170084907592,0,100,3.0,0,0.0008257593876420391
0.815,0.01084668799215426,77.6027953662103,0,100,3.0,0,0.0020355518061445864
0.82,0.016256859896386415,77.73872856789444,0,100,3.0,0,0.004727298374147344
0.825,0.02345021205790711,78.02178614378205,0,100,3.0,0,0.0103323988867733
0.83,0.0330621597308209,78.57274718688386,0,100,3.0,0,0.02124251855215563
0.835,0.04559141319943196,79.57388842448763,0,100,3.0,0,0.041067097514606625
0.84,0.06149084917446989,81.26947432350076,0,100,3.0,0,0.07464305591090613
0.845,0.08111733445924295,83.94080437983155,0,100,3.0,0,0.1275406807887435
0.85,0.1046628598272375,87.84519714796359,0,100,3.0,0,0.2048553890685859
0.855,0.1320831047748631,93.11939194719336,0,100,3.0,0,0.30929489004343297
0.86,0.16303381314489318,99.66726161123096,0,100,3.0,0,0.4389556754699199
0.865,0.19682662652900276,107.07235404598593,0,100,3.0,0,0.5855911692274443
0.87,0.23241585813229,114.5849217034372,0,100,3.0,0,0.7343548852165783
0.875,0.26842527782774417,121.21893744735634,0,100,3.0,0,0.8657215336110167
0.88,0.30321927900592993,125.95557127067653,0,100,3.0,0,0.9595162627856738
0.885,0.3350163137995362,128.0,0,100,3.0,0,1.0
0.89,0.3620352400956416,127.00381183060969,0,100,3.0,0,0.9802735015962315
0.895,0.3826586036805073,123.16801061856472,0,100,3.0,0,0.9043170419517766
0.9,0.39559233134833227,117.18529630711025,0,100,3.0,0,0.7858474516259455
0.905,0.4,110.04485402705396,0,100,3.0,0,0.6444525549911675
0.91,0.39559233134833227,102.77562642313768,0,100,3.0,0,0.5005074539235185
0.915,0.3826586036805073,96.21947242055211,0,100,3.0,0,0.37068262218915066
0.92,0.3620352400956416,90.90020024825073,0,100,3.0,0,0.2653504999653609
0.925,0.3350163137995362,87.00641379908434,0,100,3.0,0,0.18824581780365035
0.93,0.3032192790059296,84.46183873099395,0,100,3.0,0,0.13785819269294944
0.935,0.26842527782774417,83.03487611005043,0,100,3.0,0,0.10960150712971155
0.94,0.23241585813229,82.44241985324331,0,100,3.0,0,0.09786970006422392
0.945,0.19682662652900276,82.42169421727391,0,100,3.0,0,0.09745929143116652
0.95,0.16303381314489318,82.76468708961895,0,100,3.0,0,0.10425122949740487
0.955,0.13208310477486307,83.3235951857834,0,100,3.0,0,0.11531871655016641
0.96,0.10466285982723562,84.00031938469603,0,100,3.0,0,0.128719195736555
0.965,0.08111733445917907,84.73108731348296,0,100,3.0,0,0.14318984779174176
0.97,0.06149084917398798,85.47276520571721,0,100,3.0,0,0.15787653872707344
0.975,0.04559141333598128,86.19331061043677,0,100,3.0,0,0.17214476456310432
0.98,0.03306217087257399,86.8663022786381,0,100,3.0,0,0.18547133225025944
0.985,0.02345067901074276,87.4684738559012,0,100,3.0,0,0.19739552189903356
0.99,0.016268788896435526,87.97908562508283,0,100,3.0,0,0.2075066460412442
0.995,0.011039026374860051,88.38024238654792,0,100,3.0,0,0.21545034428807763
1.0,0.007326255555493689,88.65758205605593,0,100,3.0,0,0.22094221893180058
1.005,0.0047556414315231815,88.80099727139321,0,100,3.0,0,0.22378212418600424
1.01,0.0030193390635632803,88.80520117714404,0,100,3.0,0,0.22386536984443647
1.015,0.001874953127946523,88.67003626796662,0,100,3.0,0,0.2211888369894381
1.02,0.0011387927410965778,88.40047980988066,0,100,3.0,0,0.21585108534417158
1.025,0.0006765107634274089,88.0063384100501,0,100,3.0,0,0.20804630514950703
1.03,0.00039307957404427924,87.50165555247239,0,100,3.0,0,0.19805258519747299
1.035,0.00022338910511776318,86.90388132771125,0,100,3.0,0,0.18621547183586626
1.04,0.00012417073320013317,86.23287258440021,0,100,3.0,0,0.17292816998812302
1.045,6.750753468904987e-05,85.50980319077796,0,100,3.0,0,0.15860996417382095
1.05,3.5897234866245036e-05,84.75606733504448,0,100,3.0,0,0.14368450168404906
1.055,1.8670050400879738e-05,83.99225397573021,0,100,3.0,0,0.1285594846679249
1.06,9.497421874143672e-06,83.23725872932803,0,100,3.0,0,0.11360908374906997
1.065,4.725434140340885e-06,82.50758243592045,0,100,3.0,0,0.09916004823604861
1.07,2.299606063738814e-06,81.81684561597365,0,100,3.0,0,0.08548209140541876
1.075,1.0945633976635486e-06,81.17552739936477,0,100,3.0,0,0.07278272077950035
1.08,5.095703414287532e-07,80.59091846912776,0,100,3.0,0,0.06120630631936153
1.085,2.3202944964797243e-07,80.06726188020727,0,100,3.0,0,0.05083686891499543
1.09,1.0333746954038608e-07,79.60604444742516,0,100,3.0,0,0.04170385044406262
1.095,4.501406988770349e-08,79.20639523846361,0,100,3.0,0,0.03379000472205176
1.1,0.0,78.86554641438488,0,100,3.0,0,0.027040523057126342
1.105,0.0,78.5793145693633,0,100,3.0,0,0.021372565729966438
1.11,0.0,78.34256681555922,0,100,3.0,0,0.016684491397212346
1.115,0.0,78.14964395113566,0,100,3.0,0,0.012864236656151651
1.12,0.0,77.99472195637934,0,100,3.0,0,0.009796474383749244
1.125,0.0,77.87210174718471,0,100,3.0,0,0.007368351429400293
1.13,0.0,77.77642477883984,0,100,3.0,0,0.005473757996828501
1.135,0.0,77.70281822146181,0,100,3.0,0,0.004016202405184382
1.14,0.0,77.64697778795882,0,100,3.0,0,0.002910451246709265
1.145,0.0,77.60519889581394,0,100,3.0,0,0.002083146451761224
1.15,0.0,77.5743678786863,0,100,3.0,0,0.0014726312611149088
1.155,0.0,77.5519247415339,0,100,3.0,0,0.0010282127036414903
1.16,0.0,77.53580783230012,0,100,3.0,0,0.0007090659861410356
1.165,0.0,77.52438913828057,0,100,3.0,0,0.00048295323327858503
1.17,0.0,77.51640701665087,0,100,3.0,0,0.00032489141882918076
1.175,0.0,77.51090128061816,0,100,3.0,0,0.00021586694293379726
1.18,0.0,77.50715385539726,0,100,3.0,0,0.00014166050291609876
1.185,0.0,77.50463679113156,0,100,3.0,0,9.181764616950303e-05
1.19,0.0,77.50296831267497,0,100,3.0,0,5.877846881120793e-05
1.195,0.0,77.5018767935301,0,100,3.0,0,3.71642283188395e-05
1.2,0.0,77.50117202826756,0,100,3.0,0,2.320848054576498e-05
1.205,0.0,77.50072289365475,0,100,3.0,1,1.4314725836701394e-05
1.21,0.0,77.50044037786004,0,100,3.0,1,8.720353664253563e-06
1.215,0.0,77.50026496668872,0,100,3.0,1,5.246865123128805e-06
1.22,0.0,77.50015746056945,0,100,3.0,1,3.118031078303271e-06
1.225,0.0,77.50009242024059,0,100,3.0,1,1.8301037740830808e-06
1.23,0.0,77.50005357684176,0,100,3.0,1,1.060927559700587e-06
1.235,0.0,77.50003067622127,0,100,3.0,1,6.074499261706811e-07
1.24,0.0,77.50001734767797,0,100,3.0,1,3.4351837560207777e-07
1.245,0.0,77.50000968937087,0,100,3.0,1,1.9186873010082785e-07
1.25,0.0,77.5000053452072,0,100,3.0,1,1.0584568711931184e-07
1.255,0.0,77.50000291238139,0,100,3.0,1,5.767091861929261e-08
1.26,0.001684486749771458,77.50000156728035,0,100,3.0,1,3.1035254454367857e-08
1.265,0.00456624331333666,77.50000083302851,0,100,3.0,1,1.6495614027638176e-08
1.27,0.011079731271581421,77.50000043730836,0,100,3.0,1,8.65957145374568e-09
1.275,0.024064571490409,77.5000002267412,0,100,3.0,1,4.489924612523219e-09
1.28,0.046784906529573234,77.50000011611486,0,100,3.0,1,2.2993041925879466e-09
1.285,0.08141644351188804,77.50000005873,0,100,3.0,1,1.1629701997896906e-09
1.29,0.12682276464025305,77.5000000293391,0,100,3.0,1,5.809723835128433e-10
1.295,0.1768320708657512,77.500000014476,0,100,3.0,1,2.8665348202927213e-10
1.3,0.22070063230473494,77.50000000705448,0,100,3.0,1,1.396927018504357e-10
1.305,0.24656126505113576,77.50000000339544,0,100,3.0,1,6.723647821123485e-11
1.31,0.24656126505724016,77.50000000161414,0,100,3.0,1,3.1963166986657814e-11
1.315,0.220700632329898,77.50000000075788,0,100,3.0,1,1.500750678844432e-11
1.32,0.17683207093748562,77.50000000035146,0,100,3.0,1,6.959660570621306e-12
1.325,0.12682276483597799,77.50000000016098,0,100,3.0,1,3.1877339052239267e-12
1.33,0.08141644409447898,77.50000000007282,0,100,3.0,1,1.4419092982315855e-12
1.335,0.04678490952598309,77.50000000003254,0,100,3.0,1,6.444130157982691e-13
1.34,0.024064605020532023,77.50000000001435,0,100,3.0,1,2.8421709430404007e-13
1.345,0.011080171739334697,77.50000000000625,0,100,3.0,1,1.2381734801364123e-13
1.35,0.004571212771509492,77.5000000000027,0,100,3.0,1,5.3466582096799615e-14
1.355,0.0017299316936037438,77.50000000000115,0,100,3.0,1,2.279364815705668e-14
1.36,0.0008899431850697582,77.50000000000048,0,100,3.0,1,9.567704164690459e-15
1.365,0.002128806368910263,77.5000000000002,0,100,3.0,1,3.93964289134313e-15
1.37,0.009309664818487698,77.50000000000009,0,100,3.0,1,1.6884183820041984e-15
1.375,0.03503263543368747,77.50000000000003,0,100,3.0,1,5.628061273347328e-16
1.38,0.10606267793605692,77.50000000000001,0,100,3.0,1,2.814030636673664e-16
1.385,0.25734927343160535,77.5,0,100,3.0,1,0.0
1.39,0.5003202479539708,77.5,0,100,3.0,1,0.0
1.395,0.7793067891790435,77.5,0,100,3.0,1,0.0
1.4,0.9720477407234077,77.50000295858521,1,100,3.0,1,5.858584580720963e-08
1.405,0.967267334488097,77.50000627158161,0,100,3.0,1,1.2418973487865964e-07
1.41,0.7505869905515209,77.50001448202111,0,100,3.0,1,2.867726953417611e-07
1.415,0.4028369574773956,77.5000381880034,0,100,3.0,1,7.56198087153937e-07
1.42,0.04553881263121314,77.50011515393722,0,100,3.0,1,2.2802759844742666e-06
1.425,-0.189138810908105,77.5003768133724,0,100,3.0,1,7.461650938574905e-06
1.43,-0.22868072635956738,77.50125530195008,0,100,3.0,1,2.4857464358047304e-05
1.435,-0.14104670682394166,77.50407161723201,0,100,3.0,1,8.062608380226824e-05
1.44,-0.051158381651102834,77.5125498908563,0,100,3.0,1,0.00024851269022388076
1.445,-0.008206426846427752,77.53632357375037,0,100,3.0,1,0.0007192786881260548
1.45,0.005350271385530505,77.59816032657108,0,100,3.0,1,0.0019437688429916036
1.455,0.01084668799215426,77.74699421583978,0,100,3.0,1,0.004890974571084695
1.46,0.016256859896386415,78.0778955905149,0,100,3.0,1,0.011443477039898991
1.465,0.02345021205790711,78.75638253739591,0,100,3.0,1,0.024878862126651635
1.47,0.0330621597308209,80.03714578164362,0,100,3.0,1,0.050240510527596365
1.475,0.04559141319943196,82.2581074321164,0,100,3.0,1,0.09421994915081988
1.48,0.06149084917446989,85.78593960996649,0,100,3.0,1,0.16407801207854436
1.485,0.08111733445924295,90.89811556558197,0,100,3.0,1,0.26530921912043515
1.49,0.1046628598272375,97.61546592808551,0,100,3.0,1,0.39832605798189136
1.495,0.1320831047748631,105.5415466537269,0,100,3.0,1,0.5552781515589484
1.5,0.16303381314489318,113.79708988561208,0,100,3.0,1,0.7187542551606353
1.505,0.19682662652900276,121.12822094684294,0,100,3.0,1,0.8639251672642168
1.51,0.23241585813229,126.20143333597863,0,100,3.0,1,0.9643848185342304
1.515,0.26842527782774417,128.0,0,100,3.0,1,1.0
1.52,0.30321927900592993,126.16275066678318,0,100,3.0,1,0.9636188250848154
1.525,0.3350163137995362,121.1116044575634,0,100,3.0,1,0.8635961278725426
1.53,0.3620352400956416,113.90717007869759,0,100,3.0,1,0.7209340609643087
1.535,0.3826586036805073,105.90088318147954,0,100,3.0,1,0.5623937263659315
1.54,0.39559233134833227,98.34046706321053,0,100,3.0,1,0.41268251610317874
1.545,0.4,92.08499814602648,0,100,3.0,1,0.28881184447577185
1.55,0.39559233134833227,87.50864038323002,0,100,3.0,1,0.1981908986778221
1.555,0.3826586036805073,84.57442275691706,0,100,3.0,1,0.14008757934489227
1.56,0.3620352400956416,82.99710802083918,0,100,3.0,1,0.10885362417503323
1.565,0.3350163137995362,82.40804661099806,0,100,3.0,1,0.09718904180194171
1.57,0.3032192790059296,82.46851319639717,0,100,3.0,1,0.0983863999286568
1.575,0.26842527782774417,82.92004890238644,0,100,3.0,1,0.10732770103735526
1.58,0.23241585813229,83.58796849171559,0,100,3.0,1,0.12055383151912051
1.585,0.19682662652900276,84.36197804515345,0,100,3.0,1,0.13588075336937525
1.59,0.16303381314489318,85.17248310799981,0,100,3.0,1,0.15193035857425366
1.595,0.13208310477486307,85.97196310008664,0,100,3.0,1,0.1677616455462701
1.6,0.10466285982723562,86.72363196440325,0,100,3.0,1,0.18264617751293571
1.605,0.08111733445917907,87.39605351764324,0,100,3.0,1,0.1959614557949156
1.61,0.06149084917398798,87.9615095120021,0,100,3.0,1,0.20715860419806129
1.615,0.04559141333598128,88.39629447802281,0,100,3.0,1,0.2157682074856002
1.62,0.03306217087257399,88.6817572080628,0,100,3.0,1,0.22142093481312486
1.625,0.02345067901074276,88.80541912343043,0,100,3.0,1,0.2238696856124837
1.63,0.016268788896435526,88.761813641984,0,100,3.0,1,0.22300621073235655
1.635,0.011039026374860051,88.55286824522712,0,100,3.0,1,0.21886867812330923
1.64,0.007326255555493689,88.18775826412227,0,100,3.0,1,0.2116387775073716
1.645,0.0047556414315231815,87.68223746822366,0,100,3.0,1,0.20162846471730023
1.65,0.0030193390635632803,87.05751062541435,0,100,3.0,1,0.18925763614681884
1.655,0.001874953127946523,86.33875969754904,0,100,3.0,1,0.17502494450592151
1.66,0.0011387927410965778,85.55346606508107,0,100,3.0,1,0.15947457554615976
1.665,0.0006765107634274089,84.72968388537797,0,100,3.0,1,0.14316205713619734
1.67,0.00039307957404427924,83.8944140290608,0,100,3.0,1,0.12662205998140194
1.675,0.00022338910511776318,83.07220603434823,0,100,3.0,1,0.11034071355145003
1.68,0.00012417073320013317,82.2840812711329,0,100,3.0,1,0.09473428259669119
1.685,6.750753468904987e-05,81.54682943609703,0,100,3.0,1,0.08013523635835698
1.69,3.5897234866245036e-05,80.87268841585063,0,100,3.0,1,0.06678590922476499
1.695,1.8670050400879738e-05,80.26937973963246,0,100,3.0,1,0.054839202764999116
1.7,9.497421874143672e-06,79.7404423296401,0,100,3.0,1,0.04436519464633868
1.705,4.725434140340885e-06,79.28578839837682,0,100,3.0,1,0.03536214650251135
1.71,2.299606063738814e-06,78.90239771037702,0,100,3.0,1,0.02777025169063399
1.715,1.0945633976635486e-06,78.58506900977153,0,100,3.0,1,0.021486515044980795
1.72,5.095703414287532e-07,78.32715803895881,0,100,3.0,1,0.016379367108095323
1.725,2.3202944964797243e-07,78.12124742111936,0,100,3.0,1,0.012301929131076509
1.73,1.0333746954038608e-07,77.95971182173484,0,100,3.0,1,0.009103204390788959
1.735,4.501406988770349e-08,77.83515963913185,0,100,3.0,1,0.006636824537264261
1.74,0.0,77.74074802073012,0,100,3.0,1,0.004767287539210363
1.745,0.0,77.67038003596295,0,100,3.0,1,0.003373862098276232
1.75,0.0,77.61880087924757,0,100,3.0,1,0.0023524926583677777
1.755,0.0,77.5816141709287,0,100,3.0,1,0.001616122196607968
1.76,0.0,77.5552403549693,0,100,3.0,1,0.0010938684152336571
1.765,0.0,77.53683768391573,0,100,3.0,1,0.0007294590874402959
1.77,0.0,77.52420321967791,0,100,3.0,1,0.00047927167679039497
1.775,0.0,77.51566747236087,0,100,3.0,1,0.0003102469774430597
1.78,0.0,77.50999239747283,0,100,3.0,1,0.00019786925688769166
1.785,0.0,77.50627892699517,0,100,3.0,1,0.00012433518802307088
1.79,0.0,77.50388728278739,0,100,3.0,1,7.697589677997649e-05
1.795,0.0,77.50237111056772,0,100,3.0,1,4.695268450935074e-05
1.8,0.0,77.50142495925365,0,100,3.0,1,2.8217014923849084e-05
1.805,0.0,77.5008437194384,0,100,3.0,1,1.6707315611742756e-05
1.81,0.0,77.50049219662667,0,100,3.0,1,9.746467854781015e-06
1.815,0.0,77.50028289428887,0,100,3.0,1,5.601867106388634e-06
1.82,0.0,77.500160197117,0,100,3.0,1,3.172220138565373e-06
1.825,0.0,77.50008937790716,0,100,3.0,1,1.769859547701092e-06
1.83,0.0,77.50004913043793,0,100,3.0,1,9.728799590006794e-07
1.835,0.0,77.50002660823445,0,100,3.0,1,5.268957316743446e-07
1.84,0.0,77.50001419797643,0,100,3.0,1,2.811480480503822e-07
1.845,0.001684486749771458,77.50000746417498,0,100,3.0,1,1.4780544524280167e-07
1.85,0.00456624331333666,77.50000386618065,0,100,3.0,1,7.6558032643865e-08
1.855,0.011079731271581421,77.50000197300162,0,100,3.0,1,3.906933893676528e-08
1.86,0.024064571490409,77.5000009920138,0,100,3.0,1,1.9643837535707885e-08
1.865,0.046784906529573234,77.50000049142014,0,100,3.0,1,9.731091848710877e-09
1.87,0.08141644351188804,77.50000023984637,0,100,3.0,1,4.749433110821946e-09
1.875,0.12682276464025305,77.50000011533426,0,100,3.0,1,2.2838467223006982e-09
1.88,0.1768320708657512,77.50000005464224,0,100,3.0,1,1.0820246085257727e-09
1.885,0.22070063230473494,77.50000002550607,0,100,3.0,1,5.050706607620992e-10
1.89,0.24656126505113576,77.50000001173015,0,100,3.0,1,2.3228021926133627e-10
1.895,0.24656126505724016,77.50000000531507,0,100,3.0,1,1.0524896685755005e-10
1.9,0.220700632329898,77.50000000237279,0,100,3.0,1,4.698586954054017e-11
1.905,0.17683207093748562,77.50000000104365,0,100,3.0,1,2.066624099573139e-11
1.91,0.12682276483597799,77.50000000045226,0,100,3.0,1,8.955652501213936e-12
1.915,0.08141644409447898,77.5000000001931,0,100,3.0,1,3.823704829112175e-12
1.92,0.04678490952598309,77.50000000008123,0,100,3.0,1,1.6084999119226663e-12
1.925,0.024064605020532023,77.50000000003367,0,100,3.0,1,6.66643857827991e-13
1.93,0.011080171739334697,77.50000000001374,0,100,3.0,1,2.7211676256634333e-13
1.935,0.004571212771509492,77.50000000000553,0,100,3.0,1,1.0946579176660553e-13
1.94,0.0017299316936037438,77.50000000000219,0,100,3.0,1,4.333607180477443e-14
1.945,0.0008899431850697582,77.50000000000085,0,100,3.0,1,1.6884183820041984e-14
1.95,0.002128806368910263,77.50000000000033,0,100,3.0,1,6.472270464349428e-15
1.955,0.009309664818487698,77.50000000000013,0,100,3.0,1,2.5326275730062976e-15
1.96,0.03503263543368747,77.50000000000004,0,100,3.0,1,8.442091910020992e-16
1.965,0.10606267793605692,77.50000000000001,0,100,3.0,1,2.814030636673664e-16
1.97,0.25734927343160535,77.5,0,100,3.0,1,0.0
1.975,0.5003202479539708,77.5,0,100,3.0,1,0.0
1.98,0.7793067891790435,77.5,0,100,3.0,1,0.0
1.985,0.9720477407234077,77.500002978667,1,100,3.0,1,5.8983504918569904e-08
1.99,0.967267334488097,77.50000691662153,0,100,3.0,1,1.3696280256910974e-07
1.995,0.7505869905515209,77.5000180035492,0,100,3.0,1,3.5650592476801223e-07
2.0,0.4028369574773956,77.50005559107774,0,100,3.0,1,1.1008134205809203e-06
2.005,0.04553881263121314,77.50019916917608,0,100,3.0,1,3.943944080890672e-06
2.01,-0.189138810908105,77.50076051277561,0,100,3.0,1,1.5059658923041977e-05
2.015,-0.22868072635956738,77.50286730790405,0,100,3.0,1,5.677837433771145e-05
2.02,-0.14104670682394166,77.51022294072226,0,100,3.0,1,0.00020243446974768406
2.025,-0.051158381651102834,77.5337799843342,0,100,3.0,1,0.0006689105808752989
2.03,-0.008206426846427752,77.6025334678593,0,100,3.0,1,0.00203036570018421
2.035,0.005350271385530505,77.78476384612033,0,100,3.0,1,0.005638888041986682
2.04,0.01084668799215426,78.22233213622556,0,100,3.0,1,0.014303606657931888
2.045,0.016256859896386415,79.17206069681062,0,100,3.0,1,0.03311011280813105
2.05,0.02345021205790711,81.03059677705517,0,100,3.0,1,0.06991280746643894
2.055,0.0330621597308209,84.29881546950699,0,100,3.0,1,0.13463000929716815
2.06,0.04559141319943196,89.43882359416276,0,100,3.0,1,0.23641234839926248
2.065,0.06149084917446989,96.6167108363838,0,100,3.0,1,0.3785487294333426
2.07,0.08111733445924295,105.41171301236056,0,100,3.0,1,0.5527071883635756
2.075,0.1046628598272375,114.66184728247508,0,100,3.0,1,0.7358781640094075
2.08,0.1320831047748631,122.6216696670252,0,100,3.0,1,0.8934984092480238
2.085,0.16303381314489318,127.47241473535468,0,100,3.0,1,0.9895527670367262
2.09,0.19682662652900276,128.0,0,100,3.0,1,1.0
2.095,0.23241585813229,124.10026239330466,0,100,3.0,1,0.9227774731347458
2.1,0.26842527782774417,116.82702771786872,0,100,3.0,1,0.7787530241162122
2.105,0.30321927900592993,107.95487909412022,0,100,3.0,1,0.6030669127548558
2.11,0.3350163137995362,99.30520302573348,0,100,3.0,1,0.4317861985293758
2.115,0.3620352400956416,92.18399579198505,0,100,3.0,1,0.29077219390069414
2.12,0.3826586036805073,87.15523725883388,0,100,3.0,1,0.19119281700661145
2.125,0.39559233134833227,84.14792226917848,0,100,3.0,1,0.13164202513224713
2.13,0.4,82.73524308595393,0,100,3.0,1,0.10366817991987971
2.135,0.39559233134833227,82.40604370226107,0,100,3.0,1,0.09714938024279351
2.14,0.3826586036805073,82.72948858222685,0,100,3.0,1,0.10355422935102673
2.145,0.3620352400956416,83.40686168835816,0,100,3.0,1,0.11696755818531016
2.15,0.3350163137995362,84.25408345340135,0,100,3.0,1,0.13374422680002673
2.155,0.3032192790059296,85.16166237318708,0,100,3.0,1,0.15171608659776406
2.16,0.26842527782774417,86.05967994235233,0,100,3.0,1,0.16949861271984817
2.165,0.23241585813229,86.89632372459975,0,100,3.0,1,0.18606581632870797
2.17,0.19682662652900276,87.62816306326756,0,100,3.0,1,0.2005576844211399
2.175,0.16303381314489318,88.21759786498912,0,100,3.0,1,0.2122296606928538
2.18,0.13208310477486307,88.63368940636776,0,100,3.0,1,0.22046909715579732
2.185,0.10466285982723562,88.85406230729728,0,100,3.0,1,0.22483291697618382
2.19,0.08111733445917907,88.86666509346482,0,100,3.0,1,0.22508247709831322
2.195,0.06149084917398798,88.67080059190977,0,100,3.0,1,0.22120397211702508
2.2,0.04559141333598128,88.27717530848074,0,100,3.0,1,0.21340941204912348
2.205,0.03306217087257399,87.70692687021791,0,100,3.0,1,0.20211736376669134
2.21,0.02345067901074276,86.98974332245788,0,100,3.0,1,0.18791570935560165
2.215,0.016268788896435526,86.16130506221765,0,100,3.0,1,0.17151099133104258
2.22,0.011039026374860051,85.26035540793751,0,100,3.0,1,0.15367040411757446
2.225,0.007326255555493689,84.32573297406104,0,100,3.0,1,0.13516302918932752
2.23,0.0047556414315231815,83.39367772388111,0,100,3.0,1,0.1167064895818042
2.235,0.0030193390635632803,82.49566008868594,0,100,3.0,1,0.09892396215219679
2.24,0.001874953127946523,81.65689240924547,0,100,3.0,1,0.08231470117317767
2.245,0.0011387927410965778,80.89558099426428,0,100,3.0,1,0.06723922760919364
2.25,0.0006765107634274089,80.2228819369286,0,100,3.0,1,0.05391845419660597
2.255,0.00039307957404427924,79.64344791368322,0,100,3.0,1,0.042444513142241944
2.26,0.00022338910511776318,79.15640474099477,0,100,3.0,1,0.03280009388108462
2.265,0.00012417073320013317,78.75657785573266,0,100,3.0,1,0.02488272981648828
2.27,6.750753468904987e-05,78.4357972097327,0,100,3.0,1,0.018530637816489066
2.275,3.5897234866245036e-05,78.18413765800393,0,100,3.0,1,0.013547280356513541
2.28,1.8670050400879738e-05,77.99099226913822,0,100,3.0,1,0.009722619190855798
2.285,9.497421874143672e-06,77.84591963837286,0,100,3.0,1,0.006849893829165593
2.29,4.725434140340885e-06,77.73924627752838,0,100,3.0,1,0.004737550050066938
2.295,2.299606063738814e-06,77.66243685299297,0,100,3.0,1,0.0032165713463954116
2.3,1.0945633976635486e-06,77.60826631408477,0,100,3.0,1,0.002143887407619264
2.305,5.095703414287532e-07,77.57083885662051,0,100,3.0,1,0.0014027496360497346
2.31,2.3202944964797243e-07,77.54550081135075,0,100,3.0,1,0.0009010061653613645
2.315,1.0333746954038608e-07,77.52869036977735,0,100,3.0,1,0.0005681261342049716
2.32,4.501406988770349e-08,77.51775916561486,0,100,3.0,1,0.000351666645838854
2.325,0.0,77.51079141453732,0,100,3.0,1,0.00021369137697669125
2.33,0.0,77.50643729780077,0,100,3.0,1,0.00012747124357965372
2.335,0.0,77.50376962572678,0,100,3.0,1,7.46460539955528e-05
2.34,0.0,77.50216701676594,0,100,3.0,1,4.291122308788121e-05
2.345,0.0,77.50122291343685,0,100,3.0,1,2.4216107660360722e-05
2.35,0.0,77.50067748326067,0,100,3.0,1,1.341551011235127e-05
2.355,0.0,77.50036844343965,0,100,3.0,1,7.295909696132626e-06
2.36,0.0,77.50019670368403,0,100,3.0,1,3.895122455952053e-06
2.365,0.0,77.50010309166797,0,100,3.0,1,2.04141916765816e-06
2.37,0.001684486749771458,77.50005304006476,0,100,3.0,1,1.0502983120051507e-06
2.375,0.00456624331333666,77.50002678884144,0,100,3.0,1,5.304721076925597e-07
2.38,0.011079731271581421,77.50001328229814,0,100,3.0,1,2.630158047791741e-07
2.385,0.024064571490409,77.50000646490167,0,100,3.0,1,1.2801785492184075e-07
2.39,0.046784906529573234,77.5000030890151,0,100,3.0,1,6.116861574792163e-08
2.395,0.08141644351188804,77.50000144893046,0,100,3.0,1,2.869169231353856e-08
2.4,0.12682276464025305,77.50000066718222,0,100,3.0,1,1.321152912042986e-08
2.405,0.1768320708657512,77.50000030158573,0,100,3.0,1,5.971994630389156e-09
2.41,0.22070063230473494,77.50000013382785,0,100,3.0,2,2.6500565086685624e-09
2.415,0.24656126505113576,77.50000005829773,0,100,3.0,2,1.1544104813990565e-09
2.42,0.24656126505724016,77.50000002493023,0,100,3.0,2,4.936679272192339e-10
2.425,0.220700632329898,77.50000001046574,0,100,3.0,2,2.0724238167153234e-10
2.43,0.17683207093748562,77.50000000431304,0,100,3.0,2,8.540667403223671e-11
2.435,0.12682276483597799,77.50000000174488,0,100,3.0,2,3.4552075172397586e-11
2.44,0.08141644409447898,77.50000000069298,0,100,3.0,2,1.3722338996675456e-11
2.445,0.04678490952598309,77.50000000027018,0,100,3.0,2,5.35003504644397e-12
2.45,0.024064605020532023,77.5000000001034,0,100,3.0,2,2.047488691243758e-12
2.455,0.011080171739334697,77.50000000003885,0,100,3.0,2,7.693559760665798e-13
2.46,0.004571212771509492,77.50000000001432,0,100,3.0,2,2.8365428817670534e-13
2.465,0.0017299316936037438,77.50000000000519,0,100,3.0,2,1.0271211823858874e-13
2.47,0.0008899431850697582,77.50000000000185,0,100,3.0,2,3.6582398276757634e-14
2.475,0.002128806368910263,77.50000000000064,0,100,3.0,2,1.2663137865031489e-14
2.48,0.009309664818487698,77.50000000000021,0,100,3.0,2,4.221045955010496e-15
2.485,0.03503263543368747,77.50000000000007,0,100,3.0,2,1.4070153183368321e-15
2.49,0.10606267793605692,77.50000000000003,0,100,3.0,2,5.628061273347328e-16
2.495,0.25734927343160535,77.50000000000001,0,100,3.0,2,2.814030636673664e-16
2.5,0.5003202479539708,77.5,0,100,3.0,2,0.0
2.505,0.7793067891790435,77.5,0,100,3.0,2,0.0
2.51,0.9720477407234077,77.5000029632167,1,100,3.0,2,5.867755844249559e-08
2.515,0.967267334488097,77.50000682291645,0,100,3.0,2,1.3510725637496592e-07
2.52,0.7505869905515209,77.50001756024393,0,100,3.0,2,3.4772760262841426e-07
2.525,0.4028369574773956,77.50005342195217,0,100,3.0,2,1.0578604390880938e-06
2.53,0.04553881263121314,77.50018840392086,0,100,3.0,2,3.7307707100803828e-06
2.535,-0.189138810908105,77.50070967490346,0,100,3.0,2,1.4052968385378857e-05
2.54,-0.22868072635956738,77.50264736798302,0,100,3.0,2,5.242312837655692e-05
2.545,-0.14104670682394166,77.50936430658398,0,100,3.0,2,0.00018543181354407307
2.55,-0.051158381651102834,77.53076934741445,0,100,3.0,2,0.0006092940082069027
2.555,-0.008206426846427752,77.59306177469023,0,100,3.0,2,0.0018428074196084581
2.56,0.005350271385530505,77.75802676786665,0,100,3.0,2,0.005109440947854515
2.565,0.01084668799215426,78.15461689924777,0,100,3.0,2,0.012962710876193472
2.57,0.016256859896386415,79.01828265856908,0,100,3.0,2,0.030065003139981734
2.575,0.02345021205790711,80.71788402888605,0,100,3.0,2,0.06372047581952568
2.58,0.0330621597308209,83.73079902637203,0,100,3.0,2,0.12338215893805991
2.585,0.04559141319943196,88.52107119930265,0,100,3.0,2,0.2182390336495575
2.59,0.06149084917446989,95.30690819667116,0,100,3.0,2,0.3526120434984388
2.595,0.08111733445924295,103.7805137153438,0,100,3.0,2,0.5204062121850258
2.6,0.1046628598272375,112.93009024750643,0,100,3.0,2,0.7015859454951768
2.605,0.1320831047748631,121.13525691684497,0,100,3.0,2,0.8640644934028706
2.61,0.16303381314489318,126.6019505798869,0,100,3.0,2,0.9723158530670674
2.615,0.19682662652900276,128.0,0,100,3.0,2,1.0
2.62,0.23241585813229,124.99911850064926,0,100,3.0,2,0.9405766039732527
2.625,0.26842527782774417,118.41082419885984,0,100,3.0,2,0.8101153306704919
2.63,0.30321927900592993,109.85508918464754,0,100,3.0,2,0.6406948353395553
2.635,0.3350163137995362,101.13977923732722,0,100,3.0,2,0.4681144403431132
2.64,0.3620352400956416,93.67740219718712,0,100,3.0,2,0.3203445979641014
2.645,0.3826586036805073,88.18807433450232,0,100,3.0,2,0.21164503632677856
2.65,0.39559233134833227,84.73520644729146,0,100,3.0,2,0.14327141479785072
2.655,0.4,82.96744827784511,0,100,3.0,2,0.1082663025315863
2.66,0.39559233134833227,82.39155633242602,0,100,3.0,2,0.09686250163219842
2.665,0.3826586036805073,82.55988591100417,0,100,3.0,2,0.10019576061394402
2.67,0.3620352400956416,83.1463378415175,0,100,3.0,2,0.11180867012905926
2.675,0.3350163137995362,83.94360114320315,0,100,3.0,2,0.1275960622416466
2.68,0.3032192790059296,84.8277522116186,0,100,3.0,2,0.14510400419046737
2.685,0.26842527782774417,85.72195777553705,0,100,3.0,2,0.1628110450601396
2.69,0.23241585813229,86.57191545419312,0,100,3.0,2,0.17964189018204194
2.695,0.19682662652900276,87.33344446152883,0,100,3.0,2,0.19472167250552133
2.7,0.16303381314489318,87.96825352116706,0,100,3.0,2,0.20729214893400114
2.705,0.13208310477486307,88.44394081009204,0,100,3.0,2,0.21671169920974345
2.71,0.10466285982723562,88.73561558960037,0,100,3.0,2,0.22248743741782914
2.715,0.08111733445917907,88.82770800558913,0,100,3.0,2,0.22431104961562634
2.72,0.06149084917398798,88.71524935893723,0,100,3.0,2,0.22208414572152926
2.725,0.04559141333598128,88.40429210697437,0,100,3.0,2,0.21592657637573004
2.73,0.03306217087257399,87.9113648010271,0,100,3.0,2,0.2061656396242991
2.735,0.02345067901074276,87.26201550499496,0,100,3.0,2,0.19330723772267253
2.74,0.016268788896435526,86.48861883511692,0,100,3.0,2,0.17799245218053314
2.745,0.011039026374860051,85.62770772453368,0,100,3.0,2,0.1609447074165085
2.75,0.007326255555493689,84.71713506982503,0,100,3.0,2,0.14291356573910957
2.755,0.0047556414315231815,83.79336949573046,0,100,3.0,2,0.12462117813327643
2.76,0.0030193390635632803,82.88918720853592,0,100,3.0,2,0.10671657838684981
2.765,0.001874953127946523,82.03194835275565,0,100,3.0,2,0.08974155153971582
2.77,0.0011387927410965778,81.24255572514794,0,100,3.0,2,0.0741100143593651
2.775,0.0006765107634274089,80.53510165291061,0,100,3.0,2,0.06010102282991311
2.78,0.00039307957404427924,79.91712911156813,0,100,3.0,2,0.047863942803329305
2.785,0.00022338910511776318,79.39037558157813,0,100,3.0,2,0.03743317983323023
2.79,0.00012417073320013317,78.95183743607636,0,100,3.0,2,0.028749256159927926
2.795,6.750753468904987e-05,78.59498841544391,0,100,3.0,2,0.021682938919681337
2.8,3.5897234866245036e-05,78.31100344773567,0,100,3.0,2,0.016059474212587566
2.805,1.8670050400879738e-05,78.0898716426395,0,100,3.0,2,0.011680626586920675
2.81,9.497421874143672e-06,77.92132184618897,0,100,3.0,2,0.008343006855227205
2.815,4.725434140340885e-06,77.79552354015783,0,100,3.0,2,0.005851951290254073
2.82,2.299606063738814e-06,77.70355971062563,0,100,3.0,2,0.00403088535892329
2.825,1.0945633976635486e-06,77.63769342762592,0,100,3.0,2,0.0027266025272459243
2.83,5.095703414287532e-07,77.59146527391141,0,100,3.0,2,0.001811193542800205
2.835,2.3202944964797243e-07,77.55966517374333,0,100,3.0,2,0.0011814885889767574
2.84,1.0333746954038608e-07,77.53822145556238,0,100,3.0,2,0.0007568605061857226
2.845,4.501406988770349e-08,77.52404446821832,0,100,3.0,2,0.00047612808353110806
2.85,0.0,77.51485404628625,0,100,3.0,2,0.0002941395304207059
2.855,0.0,77.50901147768072,0,100,3.0,2,0.00017844510258842634
2.86,0.0,77.5053686969771,0,100,3.0,2,0.00010631083122971762
2.865,0.0,77.5031409672966,0,100,3.0,2,6.2197372209942e-05
2.87,0.0,77.50180459429171,0,100,3.0,2,3.57345404299534e-05
2.875,0.0,77.50101816317644,0,100,3.0,2,2.016164705821103e-05
2.88,0.0,77.50056412693317,0,100,3.0,2,1.1170830359810455e-05
2.885,0.0,77.50030694313577,0,100,3.0,2,6.078081896410565e-06
2.89,0.0,77.50016400634816,0,100,3.0,2,3.2476504585621016e-06
2.895,0.0,77.5000860567684,0,100,3.0,2,1.7040944236790586e-06
2.9,0.001684486749771458,77.50004434361045,0,100,3.0,2,8.780912961324562e-07
2.905,0.00456624331333666,77.50002243875255,0,100,3.0,2,4.443317337036476e-07
2.91,0.011079731271581421,77.50001115033744,0,100,3.0,2,2.207987612415885e-07
2.915,0.024064571490409,77.50000544125342,0,100,3.0,2,1.0774759249837342e-07
2.92,0.046784906529573234,77.50000260754337,0,100,3.0,2,5.163452208375254e-08
2.925,0.08141644351188804,77.50000122711641,0,100,3.0,2,2.42993349270409e-08
2.93,0.12682276464025305,77.50000056710259,0,100,3.0,2,1.1229754235419834e-08
2.935,0.1768320708657512,77.50000025737073,0,100,3.0,2,5.096450082635441e-09
2.94,0.22070063230473494,77.50000011470392,0,100,3.0,2,2.271364808008668e-09
2.945,0.24656126505113576,77.50000005020178,0,100,3.0,2,9.940945932216307e-10
2.95,0.24656126505724016,77.50000002157653,0,100,3.0,2,4.2725792980599007e-10
2.955,0.220700632329898,77.5000000091068,0,100,3.0,2,1.8033265090221308e-10
2.96,0.17683207093748562,77.5000000037746,0,100,3.0,2,7.474459335294387e-11
2.965,0.12682276483597799,77.50000000153638,0,100,3.0,2,3.042332942226998e-11
2.97,0.08141644409447898,77.50000000061411,0,100,3.0,2,1.2160551993321572e-11
2.975,0.04678490952598309,77.50000000024106,0,100,3.0,2,4.7734401689895364e-12
2.98,0.024064605020532023,77.50000000009292,0,100,3.0,2,1.840094633320909e-12
2.985,0.011080171739334697,77.50000000003517,0,100,3.0,2,6.964725825767319e-13
2.99,0.004571212771509492,77.50000000001307,0,100,3.0,2,2.588908185739771e-13
2.995,0.0017299316936037438,77.50000000000477,0,100,3.0,2,9.455142939223511e-14
3.0,0.0008899431850697582,77.5000000000017,0,100,3.0,2,3.376836764008397e-14
3.005,0.002128806368910263,77.5000000000006,0,100,3.0,2,1.1818928674029389e-14
3.01,0.009309664818487698,77.50000000000021,0,100,3.0,2,4.221045955010496e-15
3.015,0.03503263543368747,77.50000000000007,0,100,3.0,2,1.4070153183368321e-15
3.02,0.10606267793605692,77.50000000000003,0,100,3.0,2,5.628061273347328e-16
3.025,0.25734927343160535,77.5,0,100,3.0,2,0.0
3.03,0.5003202479539708,77.5,0,100,3.0,2,0.0
3.035,0.7793067891790435,77.5,0,100,3.0,2,0.0
3.04,0.9720477407234077,77.5000029632167,1,100,3.0,2,5.867755844249559e-08
3.045,0.967267334488097,77.50000632443192,0,100,3.0,2,1.252362756864692e-07
3.05,0.7505869905515209,77.50001473324576,0,100,3.0,2,2.917474408505849e-07
3.055,0.4028369574773956,77.50003930345265,0,100,3.0,2,7.782861911378535e-07
3.06,0.04553881263121314,77.50012007178523,0,100,3.0,2,2.37765911352014e-06
3.065,-0.189138810908105,77.50039768906025,0,100,3.0,2,7.875030896043021e-06
3.07,-0.22868072635956738,77.50133813309903,0,100,3.0,2,2.6497685129220596e-05
3.075,-0.14104670682394166,77.50437429970992,0,100,3.0,2,8.661979623609861e-05
3.08,-0.051158381651102834,77.51356283545961,0,100,3.0,2,0.0002685709992001851
3.085,-0.008206426846427752,77.539423280672,0,100,3.0,2,0.0007806590232078606
3.09,0.005350271385530505,77.60683292766095,0,100,3.0,2,0.0021155035180385365
3.095,0.01084668799215426,77.7691843879838,0,100,3.0,2,0.005330383920471266
3.1,0.016256859896386415,78.1298195737859,0,100,3.0,2,0.012471674728433559
3.105,0.02345021205790711,78.8674564682652,0,100,3.0,2,0.027078345906241648
3.11,0.0330621597308209,80.25416185836706,0,100,3.0,2,0.05453785858152585
3.115,0.04559141319943196,82.64472323642266,0,100,3.0,2,0.10187570765193393
3.12,0.06149084917446989,86.41224109374863,0,100,3.0,2,0.17648002165838877
3.125,0.08111733445924295,91.81665598492147,0,100,3.0,2,0.2834981383152766
3.13,0.1046628598272375,98.826395638257,0,100,3.0,2,0.42230486412390095
3.135,0.1320831047748631,106.95895384922622,0,100,3.0,2,0.5833456207767568
3.14,0.16303381314489318,115.23602411394728,0,100,3.0,2,0.7472480022563818
3.145,0.19682662652900276,122.32971667135199,0,100,3.0,2,0.8877171618089502
3.15,0.23241585813229,126.89775582948093,0,100,3.0,2,0.9781733827619986
3.155,0.26842527782774417,128.0,0,100,3.0,2,1.0
3.16,0.30321927900592993,125.42125272540896,0,100,3.0,2,0.9489356975328508
3.165,0.3350163137995362,119.74965133212939,0,100,3.0,2,0.8366267590520671
3.17,0.3620352400956416,112.17257946470455,0,100,3.0,2,0.6865857319743476
3.175,0.3826586036805073,104.08785511981466,0,100,3.0,2,0.5264921805903894
3.18,0.39559233134833227,96.70488803956961,0,100,3.0,2,0.38029481266474474
3.185,0.4,90.78889417401182,0,100,3.0,2,0.2631464192873627
3.19,0.39559233134833227,86.60772759605685,0,100,3.0,2,0.18035104150607617
3.195,0.3826586036805073,84.04089578195409,0,100,3.0,2,0.12952268875156617
3.2,0.3620352400956416,82.75786879881116,0,100,3.0,2,0.10411621383784475
3.205,0.3350163137995362,82.37959366821764,0,100,3.0,2,0.09662561719242846
3.21,0.3032192790059296,82.57856812118584,0,100,3.0,2,0.1005657053700166
3.215,0.26842527782774417,83.11531036543767,0,100,3.0,2,0.11119426466213198
3.22,0.23241585813229,83.83263983129649,0,100,3.0,2,0.12539880854052454
3.225,0.19682662652900276,84.63250912217958,0,100,3.0,2,0.14123780439959574
3.23,0.16303381314489318,85.45226040314074,0,100,3.0,2,0.1574705030324899
3.235,0.13208310477486307,86.2475629773933,0,100,3.0,2,0.1732190688592733
3.24,0.10466285982723562,86.98281595132833,0,100,3.0,2,0.18777853368966999
3.245,0.08111733445917907,87.62707318852279,0,100,3.0,2,0.20053610274302547
3.25,0.06149084917398798,88.15320332098976,0,100,3.0,2,0.21095452120771804
3.255,0.04559141333598128,88.5385782151131,0,100,3.0,2,0.21858570722996248
3.26,0.03306217087257399,88.76624892522591,0,100,3.0,2,0.22309403812328532
3.265,0.02345067901074276,88.82603771663241,0,100,3.0,2,0.22427797458678045
3.27,0.016268788896435526,88.71524935893723,0,100,3.0,2,0.22208414572152926
3.275,0.011039026374860051,88.43886075670979,0,100,3.0,2,0.2166111040932631
3.28,0.007326255555493689,88.00914720955005,0,100,3.0,2,0.20810192494158516
3.285,0.0047556414315231815,87.44477763798974,0,100,3.0,2,0.19692628986118307
3.29,0.0030193390635632803,86.76946988444872,0,100,3.0,2,0.18355385909799454
3.295,0.001874953127946523,86.0103405328122,0,100,3.0,2,0.16852159470915234
3.3,0.0011387927410965778,85.1961087935566,0,100,3.0,2,0.15239819393181395
3.305,0.0006765107634274089,84.35531914558466,0,100,3.0,2,0.13574889397197343
3.31,0.00039307957404427924,83.51473332893123,0,100,3.0,2,0.11910363027586592
3.315,0.00022338910511776318,82.69801221580293,0,100,3.0,2,0.10293093496639472
3.32,0.00012417073320013317,81.92476728085217,0,100,3.0,2,0.08761915407628051
3.325,6.750753468904987e-05,81.2100160794701,0,100,3.0,2,0.07346566494000187
3.33,3.5897234866245036e-05,80.56403251225963,0,100,3.0,2,0.06067391113385405
3.335,1.8670050400879738e-05,79.99254590939884,0,100,3.0,2,0.04935734474057114
3.34,9.497421874143672e-06,79.49721667177356,0,100,3.0,2,0.039548844985615
3.345,4.725434140340885e-06,79.07630197143015,0,100,3.0,2,0.031213900424359505
3.35,2.299606063738814e-06,78.72542256815419,0,100,3.0,2,0.024265793428795777
3.355,1.0945633976635486e-06,78.43834933264405,0,100,3.0,2,0.018581174903842604
3.36,5.095703414287532e-07,78.20774277436361,0,100,3.0,2,0.01401470840323979
3.365,2.3202944964797243e-07,78.02579755035103,0,100,3.0,2,0.010411832680218405
3.37,1.0333746954038608e-07,77.88476352268945,0,100,3.0,2,0.007619079657216909
3.375,4.501406988770349e-08,77.77733293361308,0,100,3.0,2,0.005491741259664978
3.38,0.0,77.69689796089891,0,100,3.0,2,0.0038989695227506687
3.385,0.0,77.63769342762592,0,100,3.0,2,0.0027266025272459243
3.39,0.0,77.59484565128201,0,100,3.0,2,0.0018781317085547404
3.395,0.0,77.56435078582085,0,100,3.0,2,0.0012742729865514734
3.4,0.0,77.54300535190977,0,100,3.0,2,0.0008515911269261333
3.405,0.0,77.52830892491497,0,100,3.0,2,0.0005605727705934027
3.41,0.0,77.5183550878223,0,100,3.0,2,0.0003634670855901034
3.415,0.0,77.51172254143796,0,100,3.0,2,0.0002321295334249863
3.42,0.0,77.50737427460564,0,100,3.0,2,0.00014602523971560832
3.425,0.0,77.50456929349846,0,100,3.0,2,9.04810593755032e-05
3.43,0.0,77.5027887592473,0,100,3.0,2,5.522295539198113e-05
3.435,0.0,77.50167650638357,0,100,3.0,2,3.319814620940318e-05
3.44,0.0,77.50099273108047,0,100,3.0,2,1.9658041197479378e-05
3.445,0.0,77.50057901557518,0,100,3.0,2,1.1465654954136962e-05
3.45,0.0,77.50033264507117,0,100,3.0,2,6.587031112242738e-06
3.455,0.0,77.50018823663869,0,100,3.0,2,3.727458191926218e-06
3.46,0.0,77.50010492028098,0,100,3.0,2,2.0776293262437016e-06
3.465,0.0,77.50005760324511,0,100,3.0,2,1.1406583190242906e-06
3.47,0.0,77.50003115061858,0,100,3.0,2,6.168439323245015e-07
3.475,0.0,77.50001659275955,0,100,3.0,2,3.285694960465149e-07
3.48,0.001684486749771458,77.5000087056817,0,100,3.0,2,1.7238973650999488e-07
3.485,0.00456624331333666,77.50000449903288,0,100,3.0,2,8.908976006201592e-08
3.49,0.011079731271581421,77.50000229017026,0,100,3.0,2,4.5349906096618887e-08
3.495,0.024064571490409,77.5000011482821,0,100,3.0,2,2.2738259310631967e-08
3.5,0.046784906529573234,77.50000056710259,0,100,3.0,2,1.1229754235419834e-08
3.505,0.08141644351188804,77.50000027587154,0,100,3.0,2,5.4628028217596484e-09
3.51,0.12682276464025305,77.50000013218568,0,100,3.0,2,2.617538133437289e-09
3.515,0.1768320708657512,77.500000062387,0,100,3.0,2,1.235386182790787e-09
3.52,0.22070063230473494,77.50000002900254,0,100,3.0,2,5.743076333529454e-10
3.525,0.24656126505113576,77.50000001328037,0,100,3.0,2,2.629776352676183e-10
3.53,0.24656126505724016,77.50000000598986,0,100,3.0,2,1.1861110993273127e-10
3.535,0.220700632329898,77.50000000266107,0,100,3.0,2,5.2694412090096365e-11
3.54,0.17683207093748562,77.50000000116447,0,100,3.0,2,2.3058729843031337e-11
3.545,0.12682276483597799,77.50000000050191,0,100,3.0,2,9.938874805667714e-12
3.55,0.08141644409447898,77.50000000021309,0,100,3.0,2,4.219638939692159e-12
3.555,0.04678490952598309,77.50000000008912,0,100,3.0,2,1.7646786122580548e-12
3.56,0.024064605020532023,77.5000000000367,0,100,3.0,2,7.268641134528074e-13
3.565,0.011080171739334697,77.5000000000149,0,100,3.0,2,2.949104107234e-13
3.57,0.004571212771509492,77.50000000000595,0,100,3.0,2,1.1790788367662653e-13
3.575,0.0017299316936037438,77.50000000000234,0,100,3.0,2,4.6431505505115455e-14
3.58,0.0008899431850697582,77.50000000000091,0,100,3.0,2,1.800979607471145e-14
3.585,0.002128806368910263,77.50000000000034,0,100,3.0,2,6.7536735280167935e-15
3.59,0.009309664818487698,77.50000000000013,0,100,3.0,2,2.5326275730062976e-15
3.595,0.03503263543368747,77.50000000000004,0,100,3.0,2,8.442091910020992e-16
3.6,0.10606267793605692,77.50000000000001,0,100,3.0,2,2.814030636673664e-16
3.605,0.25734927343160535,77.5,0,100,3.0,2,0.0
3.61,0.5003202479539708,77.5,0,100,3.0,2,0.0
3.615,0.7793067891790435,77.5,0,100,3.0,3,0.0
3.62,0.9720477407234077,77.5000029632167,1,100,3.0,3,5.867755844249559e-08
3.625,0.967267334488097,77.5000057751259,0,100,3.0,3,1.1435892869854743e-07
3.63,0.7505869905515209,77.50001199175011,0,100,3.0,3,2.3746039829293835e-07
3.635,0.4028369574773956,77.50002751992237,0,100,3.0,3,5.449489578094841e-07
3.64,0.04553881263121314,77.50007070106201,0,100,3.0,3,1.4000210299936142e-06
3.645,-0.189138810908105,77.50019813608883,0,100,3.0,3,3.9234869074568835e-06
3.65,-0.22868072635956738,77.50057818202339,0,100,3.0,3,1.144914897800431e-05
3.655,-0.14104670682394166,77.50168586741358,0,100,3.0,3,3.3383513140290576e-05
3.66,-0.051158381651102834,77.5047820690373,0,100,3.0,3,9.469443638226498e-05
3.665,-0.008206426846427752,77.51300007149011,0,100,3.0,3,0.00025742715822002987
3.67,0.005350271385530505,77.53360476810788,0,100,3.0,3,0.0006654409526312507
3.675,0.01084668799215426,77.58226524038565,0,100,3.0,3,0.0016290146611020258
3.68,0.016256859896386415,77.69031446440876,0,100,3.0,3,0.0037686032556189615
3.685,0.02345021205790711,77.9156022259755,0,100,3.0,3,0.008229747049019897
3.69,0.0330621597308209,78.35618586329275,0,100,3.0,3,0.016954175510747547
3.695,0.04559141319943196,79.16338774532016,0,100,3.0,3,0.03293837119445871
3.7,0.06149084917446989,80.54697677121837,0,100,3.0,3,0.06033617368749244
3.705,0.08111733445924295,82.76193692058763,0,100,3.0,3,0.10419677070470554
3.71,0.1046628598272375,86.06632239589023,0,100,3.0,3,0.1696301464532718
3.715,0.1320831047748631,90.64618514458124,0,100,3.0,3,0.2603204979124998
3.72,0.16303381314489318,96.51755276989908,0,100,3.0,3,0.37658520336433826
3.725,0.19682662652900276,103.43337691048391,0,100,3.0,3,0.5135322160491864
3.73,0.23241585813229,110.83650493935875,0,100,3.0,3,0.6601288106803712
3.735,0.26842527782774417,117.89739331976155,0,100,3.0,3,0.7999483825695356
3.74,0.30321927900592993,123.65167505875493,0,100,3.0,3,0.9138945556189095
3.745,0.3350163137995362,127.21320863734229,0,100,3.0,3,0.984419973016679
3.75,0.3620352400956416,128.0,0,100,3.0,3,1.0
3.755,0.3826586036805073,125.89439684457138,0,100,3.0,3,0.9583048880113143
3.76,0.39559233134833227,121.27734577653152,0,100,3.0,3,0.8668781341887429
3.765,0.4,114.92344206600626,0,100,3.0,3,0.7410582587327972
3.77,0.39559233134833227,107.79691013430045,0,100,3.0,3,0.5999388145406029
3.775,0.3826586036805073,100.82266697370292,0,100,3.0,3,0.4618349895782757
3.78,0.3620352400956416,94.70661957252793,0,100,3.0,3,0.34072514005005794
3.785,0.3350163137995362,89.84941816370699,0,100,3.0,3,0.2445429339347918
3.79,0.3032192790059296,86.35636014773148,0,100,3.0,3,0.17537346827191047
3.795,0.26842527782774417,84.11343960508452,0,100,3.0,3,0.13095920010068363
3.8,0.23241585813229,82.88714208485197,0,100,3.0,3,0.10667608088815789
3.805,0.19682662652900276,82.41251134980615,0,100,3.0,3,0.09727745247140895
3.81,0.16303381314489318,82.45099200146763,0,100,3.0,3,0.09803944557361635
3.815,0.13208310477486307,82.8162323398421,0,100,3.0,3,0.10527192752162579
3.82,0.10466285982723562,83.37622289337803,0,100,3.0,3,0.11636084937382234
3.825,0.08111733445917907,84.04294535759365,0,100,3.0,3,0.12956327440779508
3.83,0.06149084917398798,84.75858818303747,0,100,3.0,3,0.14373441946608861
3.835,0.04559141333598128,85.4835482932493,0,100,3.0,3,0.1580900652128574
3.84,0.03306217087257399,86.18809782060332,0,100,3.0,3,0.17204154100204588
3.845,0.02345067901074276,86.84758514710228,0,100,3.0,3,0.18510069598222334
3.85,0.016268788896435526,87.44024089333156,0,100,3.0,3,0.19683645333329827
3.855,0.011039026374860051,87.94659384418057,0,100,3.0,3,0.2068632444392192
3.86,0.007326255555493689,88.34973107038635,0,100,3.0,3,0.2148461598096308
3.865,0.0047556414315231815,88.6359020647416,0,100,3.0,3,0.22051291217310098
3.87,0.0030193390635632803,88.79516897178708,0,100,3.0,3,0.2236667123126154
3.875,0.001874953127946523,88.8219336995392,0,100,3.0,3,0.22419670692156835
3.88,0.0011387927410965778,88.71524935893723,0,100,3.0,3,0.22208414572152926
3.885,0.0006765107634274089,88.47887116054635,0,100,3.0,3,0.21740338931774947
3.89,0.00039307957404427924,88.12103561282021,0,100,3.0,3,0.21031753688752888
3.895,0.00022338910511776318,87.65398370746026,0,100,3.0,3,0.20106898430614367
3.9,0.00012417073320013317,87.09326584850498,0,100,3.0,3,0.18996566036643533
3.905,6.750753468904987e-05,86.45688333992547,0,100,3.0,3,0.1773640265331776
3.91,3.5897234866245036e-05,85.76433238765725,0,100,3.0,3,0.16365014629024255
3.915,1.8670050400879738e-05,85.03562111892845,0,100,3.0,3,0.14922022017680092
3.92,9.497421874143672e-06,84.29032800874867,0,100,3.0,3,0.13446194076730048
3.925,4.725434140340885e-06,83.54676196678626,0,100,3.0,3,0.11973786072844086
3.93,2.299606063738814e-06,82.82127143199685,0,100,3.0,3,0.10537171152469006
3.935,1.0945633976635486e-06,82.12773383300559,0,100,3.0,3,0.09163829372288303
3.94,5.095703414287532e-07,81.47723957849853,0,100,3.0,3,0.07875721937620844
3.945,2.3202944964797243e-07,80.8779681711764,0,100,3.0,3,0.06689045883517634
3.95,1.0333746954038608e-07,80.33523965205595,0,100,3.0,3,0.056143359446652406
3.955,4.501406988770349e-08,79.85171351657259,0,100,3.0,3,0.04656858448658589
3.96,0.0,79.4277001310269,0,100,3.0,3,0.03817227982231477
3.965,0.0,79.06154663501417,0,100,3.0,3,0.030921715544834995
3.97,0.0,78.75006000694432,0,100,3.0,3,0.024753663503847993
3.975,0.0,78.48893371593002,0,100,3.0,3,0.019582845860000333
3.98,0.0,78.27315029611424,0,100,3.0,3,0.015309906853747291
3.985,0.0,78.09733930154225,0,100,3.0,3,0.01182850102063859
3.99,0.0,77.95607752728124,0,100,3.0,3,0.009031238163984908
3.995,0.0,77.84412535886558,0,100,3.0,3,0.006814363541892725
4.0,0.0,77.75659908390251,0,100,3.0,3,0.005081169978267619
4.005,0.0,77.68908363648295,0,100,3.0,3,0.0037442304254049156
4.01,0.0,77.63769342762592,0,100,3.0,3,0.0027266025272459243
4.015,0.0,77.59909069997673,0,100,3.0,3,0.001962192078747081
4.02,0.0,77.57047141662967,0,100,3.0,3,0.001395473596627178
4.025,0.0,77.54952831210755,0,100,3.0,3,0.0009807586555951383
4.03,0.0,77.53439968565549,0,100,3.0,3,0.0006811818941680531
4.035,0.0,77.52361107934098,0,100,3.0,3,0.0004675461255639747
4.04,0.0,77.51601539400482,0,100,3.0,3,0.0003171365149470229
4.045,0.0,77.5107354396466,0,100,3.0,3,0.00021258296329891224
4.05,0.0,77.5071115204345,0,100,3.0,3,0.00014082218682190587
4.055,0.0,77.50465549120143,0,100,3.0,3,9.218794458283044e-05
4.06,0.0,77.50301181976099,0,100,3.0,3,5.963999526703348e-05
4.065,0.0,77.50192554142846,0,100,3.0,3,3.812953323688924e-05
4.07,0.0,77.50121657020485,0,100,3.0,3,2.409049910586801e-05
4.075,0.0,77.50075959466382,0,100,3.0,3,1.5041478491465937e-05
4.08,0.0,77.5004686914755,0,100,3.0,3,9.281019316912903e-06
4.085,0.0,77.50028579368261,0,100,3.0,3,5.659280843712965e-06
4.09,0.0,77.50017221802912,0,100,3.0,3,3.410258002396845e-06
4.095,0.0,77.50010255693317,0,100,3.0,3,2.0308303598341972e-06
4.1,0.0,77.50006035480573,0,100,3.0,3,1.1951446678344072e-06
4.105,0.0,77.50003510096914,0,100,3.0,3,6.950686958976569e-07
4.11,0.0,77.50002017375671,0,100,3.0,3,3.9948033088309094e-07
4.115,0.0,77.5000114581597,0,100,3.0,3,2.2689425157628954e-07
4.12,0.0,77.50000643136833,0,100,3.0,3,1.2735382839390794e-07
4.125,0.0,77.50000356740416,0,100,3.0,3,7.06416666153108e-08
4.13,0.0,77.50000195551733,0,100,3.0,3,3.8723115521591324e-08
4.135,0.001684486749771458,77.50000105933042,0,100,3.0,3,2.097683990865731e-08
4.14,0.00456624331333666,77.50000056710259,0,100,3.0,3,1.1229754235419834e-08
4.145,0.011079731271581421,77.50000030002141,0,100,3.0,3,5.941018062543717e-09
4.15,0.024064571490409,77.50000015685677,0,100,3.0,3,3.106074675790548e-09
4.155,0.046784906529573234,77.50000008104286,0,100,3.0,3,1.6048090293396052e-09
4.16,0.08141644351188804,77.50000004137964,0,100,3.0,3,8.193987270877385e-10
4.165,0.12682276464025305,77.50000002087944,0,100,3.0,3,4.1345426532391476e-10
4.17,0.1768320708657512,77.50000001041145,0,100,3.0,3,2.0616742196832298e-10
4.175,0.22070063230473494,77.50000000513056,0,100,3.0,3,1.0159522947889297e-10
4.18,0.24656126505113576,77.5000000024985,0,100,3.0,3,4.947516104174169e-11
4.185,0.24656126505724016,77.50000000120241,0,100,3.0,3,2.3810076023023207e-11
4.19,0.220700632329898,77.50000000057186,0,100,3.0,3,1.1323940685038491e-11
4.195,0.17683207093748562,77.50000000026877,0,100,3.0,3,5.322176143140901e-12
4.2,0.12682276483597799,77.50000000012483,0,100,3.0,3,2.4718445112541467e-12
4.205,0.08141644409447898,77.5000000000573,0,100,3.0,3,1.1346171527068214e-12
4.21,0.04678490952598309,77.50000000002599,0,100,3.0,3,5.146862034476132e-13
4.215,0.024064605020532023,77.50000000001165,0,100,3.0,3,2.3075051220724046e-13
4.22,0.011080171739334697,77.50000000000516,0,100,3.0,3,1.0214931211125401e-13
4.225,0.004571212771509492,77.50000000000226,0,100,3.0,3,4.474308712311126e-14
4.23,0.0017299316936037438,77.50000000000098,0,100,3.0,3,1.9416811393048284e-14
4.235,0.0008899431850697582,77.50000000000041,0,100,3.0,3,8.160688846353625e-15
4.24,0.002128806368910263,77.50000000000017,0,100,3.0,3,3.3768367640083968e-15
4.245,0.009309664818487698,77.50000000000007,0,100,3.0,3,1.4070153183368321e-15
4.25,0.03503263543368747,77.50000000000003,0,100,3.0,3,5.628061273347328e-16
4.255,0.10606267793605692,77.50000000000001,0,100,3.0,3,2.814030636673664e-16
4.26,0.25734927343160535,77.5,0,100,3.0,3,0.0
4.265,0.5003202479539708,77.5,0,100,3.0,3,0.0
4.27,0.7793067891790435,77.5,0,100,3.0,3,0.0
4.275,0.9720477407234077,77.5000029632167,1,100,3.0,3,5.867755844249559e-08
4.28,0.967267334488097,77.50000632443192,0,100,3.0,3,1.252362756864692e-07
4.285,0.7505869905515209,77.50001473324576,0,100,3.0,3,2.917474408505849e-07
4.29,0.4028369574773956,77.50003930345265,0,100,3.0,3,7.782861911378535e-07
4.295,0.04553881263121314,77.50012007178523,0,100,3.0,3,2.37765911352014e-06
4.3,-0.189138810908105,77.50039768906025,0,100,3.0,3,7.875030896043021e-06
4.305,-0.22868072635956738,77.50133813309903,0,100,3.0,3,2.6497685129220596e-05
4.31,-0.14104670682394166,77.50437429970992,0,100,3.0,3,8.661979623609861e-05
4.315,-0.051158381651102834,77.51356283545961,0,100,3.0,3,0.0002685709992001851
4.32,-0.008206426846427752,77.539423280672,0,100,3.0,3,0.0007806590232078606
4.325,0.005350271385530505,77.60683292766095,0,100,3.0,3,0.0021155035180385365
4.33,0.01084668799215426,77.7691843879838,0,100,3.0,3,0.005330383920471266
4.335,0.016256859896386415,78.1298195737859,0,100,3.0,3,0.012471674728433559
4.34,0.02345021205790711,78.8674564682652,0,100,3.0,3,0.027078345906241648
4.345,0.0330621597308209,80.25416185836706,0,100,3.0,3,0.05453785858152585
4.35,0.04559141319943196,82.64472323642266,0,100,3.0,3,0.10187570765193393
4.355,0.06149084917446989,86.41224109374863,0,100,3.0,3,0.17648002165838877
4.36,0.08111733445924295,91.81665598492147,0,100,3.0,3,0.2834981383152766
4.365,0.1046628598272375,98.826395638257,0,100,3.0,3,0.42230486412390095
4.37,0.1320831047748631,106.95895384922622,0,100,3.0,3,0.5833456207767568
4.375,0.16303381314489318,115.23602411394728,0,100,3.0,3,0.7472480022563818
4.38,0.19682662652900276,122.32971667135199,0,100,3.0,3,0.8877171618089502
4.385,0.23241585813229,126.89775582948093,0,100,3.0,3,0.9781733827619986
4.39,0.26842527782774417,128.0,0,100,3.0,3,1.0
4.395,0.30321927900592993,125.42125272540896,0,100,3.0,3,0.9489356975328508
4.4,0.3350163137995362,119.74965133212939,0,100,3.0,3,0.8366267590520671
4.405,0.3620352400956416,112.17257946470455,0,100,3.0,3,0.6865857319743476
4.41,0.3826586036805073,104.08785511981466,0,100,3.0,3,0.5264921805903894
4.415,0.39559233134833227,96.70488803956961,0,100,3.0,3,0.38029481266474474
4.42,0.4,90.78889417401182,0,100,3.0,3,0.2631464192873627
4.425,0.39559233134833227,86.60772759605685,0,100,3.0,3,0.18035104150607617
4.43,0.3826586036805073,84.04089578195409,0,100,3.0,3,0.12952268875156617
4.435,0.3620352400956416,82.75786879881116,0,100,3.0,3,0.10411621383784475
4.44,0.3350163137995362,82.37959366821764,0,100,3.0,3,0.09662561719242846
4.445,0.3032192790059296,82.57856812118584,0,100,3.0,3,0.1005657053700166
4.45,0.26842527782774417,83.11531036543767,0,100,3.0,3,0.11119426466213198
4.455,0.23241585813229,83.83263983129649,0,100,3.0,3,0.12539880854052454
4.46,0.19682662652900276,84.63250912217958,0,100,3.0,3,0.14123780439959574
4.465,0.16303381314489318,85.45226040314074,0,100,3.0,3,0.1574705030324899
4.47,0.13208310477486307,86.2475629773933,0,100,3.0,3,0.1732190688592733
4.475,0.10466285982723562,86.98281595132833,0,100,3.0,3,0.18777853368966999
4.48,0.08111733445917907,87.62707318852279,0,100,3.0,3,0.20053610274302547
4.485,0.06149084917398798,88.15320332098976,0,100,3.0,3,0.21095452120771804
4.49,0.04559141333598128,88.5385782151131,0,100,3.0,3,0.21858570722996248
4.495,0.03306217087257399,88.76624892522591,0,100,3.0,3,0.22309403812328532
4.5,0.02345067901074276,88.82603771663241,0,100,3.0,3,0.22427797458678045
4.505,0.016268788896435526,88.71524935893723,0,100,3.0,3,0.22208414572152926
4.51,0.011039026374860051,88.43886075670979,0,100,3.0,3,0.2166111040932631
4.515,0.007326255555493689,88.00914720955005,0,100,3.0,3,0.20810192494158516
4.52,0.0047556414315231815,87.44477763798974,0,100,3.0,3,0.19692628986118307
4.525,0.0030193390635632803,86.76946988444872,0,100,3.0,3,0.18355385909799454
4.53,0.001874953127946523,86.0103405328122,0,100,3.0,3,0.16852159470915234
4.535,0.0011387927410965778,85.1961087935566,0,100,3.0,3,0.15239819393181395
4.54,0.0006765107634274089,84.35531914558466,0,100,3.0,3,0.13574889397197343
4.545,0.00039307957404427924,83.51473332893123,0,100,3.0,3,0.11910363027586592
4.55,0.00022338910511776318,82.69801221580293,0,100,3.0,3,0.10293093496639472
4.555,0.00012417073320013317,81.92476728085217,0,100,3.0,3,0.08761915407628051
4.56,6.750753468904987e-05,81.2100160794701,0,100,3.0,3,0.07346566494000187
4.565,3.5897234866245036e-05,80.56403251225963,0,100,3.0,3,0.06067391113385405
4.57,1.8670050400879738e-05,79.99254590939884,0,100,3.0,3,0.04935734474057114
4.575,9.497421874143672e-06,79.49721667177356,0,100,3.0,3,0.039548844985615
4.58,4.725434140340885e-06,79.07630197143015,0,100,3.0,3,0.031213900424359505
4.585,2.299606063738814e-06,78.72542256815419,0,100,3.0,3,0.024265793428795777
4.59,1.0945633976635486e-06,78.43834933264405,0,100,3.0,3,0.018581174903842604
4.595,5.095703414287532e-07,78.20774277436361,0,100,3.0,3,0.01401470840323979
4.6,2.3202944964797243e-07,78.02579755035103,0,100,3.0,3,0.010411832680218405
4.605,1.0333746954038608e-07,77.88476352268945,0,100,3.0,3,0.007619079657216909
4.61,4.501406988770349e-08,77.77733293361308,0,100,3.0,3,0.005491741259664978
4.615,0.0,77.69689796089891,0,100,3.0,3,0.0038989695227506687
4.62,0.0,77.63769342762592,0,100,3.0,3,0.0027266025272459243
4.625,0.0,77.59484565128201,0,100,3.0,3,0.0018781317085547404
4.63,0.0,77.56435078582085,0,100,3.0,3,0.0012742729865514734
4.635,0.0,77.54300535190977,0,100,3.0,3,0.0008515911269261333
4.64,0.0,77.52830892491497,0,100,3.0,3,0.0005605727705934027
4.645,0.0,77.5183550878223,0,100,3.0,3,0.0003634670855901034
4.65,0.0,77.51172254143796,0,100,3.0,3,0.0002321295334249863
4.655,0.0,77.50737427460564,0,100,3.0,3,0.00014602523971560832
4.66,0.0,77.50456929349846,0,100,3.0,3,9.04810593755032e-05
4.665,0.0,77.5027887592473,0,100,3.0,3,5.522295539198113e-05
4.67,0.0,77.50167650638357,0,100,3.0,3,3.319814620940318e-05
4.675,0.0,77.50099273108047,0,100,3.0,3,1.9658041197479378e-05
4.68,0.0,77.50057901557518,0,100,3.0,3,1.1465654954136962e-05
4.685,0.0,77.50033264507117,0,100,3.0,3,6.587031112242738e-06
4.69,0.0,77.50018823663869,0,100,3.0,3,3.727458191926218e-06
4.695,0.0,77.50010492028098,0,100,3.0,3,2.0776293262437016e-06
4.7,0.0,77.50005760324511,0,100,3.0,3,1.1406583190242906e-06
4.705,0.0,77.50003115061858,0,100,3.0,3,6.168439323245015e-07
4.71,0.0,77.50001659275955,0,100,3.0,3,3.285694960465149e-07
4.715,0.001684486749771458,77.5000087056817,0,100,3.0,3,1.7238973650999488e-07
4.72,0.00456624331333666,77.50000449903288,0,100,3.0,3,8.908976006201592e-08
4.725,0.011079731271581421,77.50000229017026,0,100,3.0,3,4.5349906096618887e-08
4.73,0.024064571490409,77.5000011482821,0,100,3.0,3,2.2738259310631967e-08
4.735,0.046784906529573234,77.50000056710259,0,100,3.0,3,1.1229754235419834e-08
4.74,0.08141644351188804,77.50000027587154,0,100,3.0,3,5.4628028217596484e-09
4.745,0.12682276464025305,77.50000013218568,0,100,3.0,3,2.617538133437289e-09
4.75,0.1768320708657512,77.500000062387,0,100,3.0,3,1.235386182790787e-09
4.755,0.22070063230473494,77.50000002900254,0,100,3.0,3,5.743076333529454e-10
4.76,0.24656126505113576,77.50000001328037,0,100,3.0,3,2.629776352676183e-10
4.765,0.24656126505724016,77.50000000598986,0,100,3.0,3,1.1861110993273127e-10
4.77,0.220700632329898,77.50000000266107,0,100,3.0,3,5.2694412090096365e-11
4.775,0.17683207093748562,77.50000000116447,0,100,3.0,3,2.3058729843031337e-11
4.78,0.12682276483597799,77.50000000050191,0,100,3.0,3,9.938874805667714e-12
4.785,0.08141644409447898,77.50000000021309,0,100,3.0,3,4.219638939692159e-12
4.79,0.04678490952598309,77.50000000008912,0,100,3.0,3,1.7646786122580548e-12
4.795,0.024064605020532023,77.5000000000367,0,100,3.0,3,7.268641134528074e-13
4.8,0.011080171739334697,77.5000000000149,0,100,3.0,3,2.949104107234e-13
4.805,0.004571212771509492,77.50000000000595,0,100,3.0,3,1.1790788367662653e-13
4.81,0.0017299316936037438,77.50000000000234,0,100,3.0,3,4.6431505505115455e-14
4.815,0.0008899431850697582,77.50000000000091,0,100,3.0,3,1.800979607471145e-14
4.82,0.002128806368910263,77.50000000000034,0,100,3.0,4,6.7536735280167935e-15
4.825,0.009309664818487698,77.50000000000013,0,100,3.0,4,2.5326275730062976e-15
4.83,0.03503263543368747,77.50000000000004,0,100,3.0,4,8.442091910020992e-16
4.835,0.10606267793605692,77.50000000000001,0,100,3.0,4,2.814030636673664e-16
4.84,0.25734927343160535,77.5,0,100,3.0,4,0.0
4.845,0.5003202479539708,77.5,0,100,3.0,4,0.0
4.85,0.7793067891790435,77.5,0,100,3.0,4,0.0
4.855,0.9720477407234077,77.50000296660588,1,100,3.0,4,5.874467082195575e-08
4.86,0.967267334488097,77.50000734606168,0,100,3.0,4,1.454665679001763e-07
4.865,0.7505869905515209,77.50002086639844,0,100,3.0,4,4.131960087878463e-07
4.87,0.4028369574773956,77.50007224904775,0,100,3.0,4,1.4306742128151245e-06
4.875,0.04553881263121314,77.50029128394482,0,100,3.0,4,5.767998907298768e-06
4.88,-0.189138810908105,77.5012280501835,0,100,3.0,4,2.431782541582897e-05
4.885,-0.22868072635956738,77.50499366094432,0,100,3.0,4,9.888437513509281e-05
4.89,-0.14104670682394166,77.51881362087607,0,100,3.0,4,0.00037254694804106646
4.895,-0.051158381651102834,77.56455405417933,0,100,3.0,4,0.001278298102560896
4.9,-0.008206426846427752,77.70029975250927,0,100,3.0,4,0.003966331732856766
4.905,0.005350271385530505,78.06031326697551,0,100,3.0,4,0.011095312217336884
4.91,0.01084668799215426,78.91122015670794,0,100,3.0,4,0.027944953598177048
4.915,0.016256859896386415,80.69818695200502,0,100,3.0,4,0.06333043469316865
4.92,0.02345021205790711,84.0197339192887,0,100,3.0,4,0.12910364196611282
4.925,0.0330621597308209,89.45395590232911,0,100,3.0,4,0.23671199806592302
4.93,0.04559141319943196,97.2116938061209,0,100,3.0,4,0.39033057041823577
4.935,0.06149084917446989,106.73247897704687,0,100,3.0,4,0.5788609698425122
4.94,0.08111733445924295,116.49054122378112,0,100,3.0,4,0.7720899252233886
4.945,0.1046628598272375,124.2801299931852,0,100,3.0,4,0.9263392077858456
4.95,0.1320831047748631,128.0,0,100,3.0,4,1.0
4.955,0.16303381314489318,126.5792494357891,0,100,3.0,4,0.9718663254611701
4.96,0.19682662652900276,120.49491737187776,0,100,3.0,4,0.851384502413421
4.965,0.23241585813229,111.54520232813002,0,100,3.0,4,0.6741624223392083
4.97,0.26842527782774417,102.02720845951782,0,100,3.0,4,0.4856872962280757
4.975,0.30321927900592993,93.83123746242877,0,100,3.0,4,0.3233908408401737
4.98,0.3350163137995362,87.92946676355123,0,100,3.0,4,0.20652409432774718
4.985,0.3620352400956416,84.39509244727921,0,100,3.0,4,0.13653648410453884
4.99,0.3826586036805073,82.75598714938529,0,100,3.0,4,0.10407895345317408
4.995,0.39559233134833227,82.38750672843477,0,100,3.0,4,0.0967823114541539
5.0,0.4,82.75960372362837,0,100,3.0,4,0.10415056878472026
5.005,0.39559233134833227,83.51408754439232,0,100,3.0,4,0.11909084246321436
5.01,0.3826586036805073,84.43866646014871,0,100,3.0,4,0.1373993358445289
5.015,0.3620352400956416,85.41090246837383,0,100,3.0,4,0.15665153402720464
5.02,0.3350163137995362,86.35255524550934,0,100,3.0,4,0.1752981236734522
5.025,0.3032192790059296,87.20421921105562,0,100,3.0,4,0.19216275665456664
5.03,0.26842527782774417,87.91561768982146,0,100,3.0,4,0.2062498552439893
5.035,0.23241585813229,88.44438341490005,0,100,3.0,4,0.21672046366138703
5.04,0.19682662652900276,88.75819147378934,0,100,3.0,4,0.22293448462949186
5.045,0.16303381314489318,88.83743821862109,0,100,3.0,4,0.22450372710140767
5.05,0.13208310477486307,88.67711802978641,0,100,3.0,4,0.22132906989676066
5.055,0.10466285982723562,88.28731303142433,0,100,3.0,4,0.2136101590381056
5.06,0.08111733445917907,87.69213711889643,0,100,3.0,4,0.2018244974038896
5.065,0.06149084917398798,86.92726607421336,0,100,3.0,4,0.18667853612303692
5.07,0.04559141333598128,86.03640088666114,0,100,3.0,4,0.1690376413200226
5.075,0.03306217087257399,85.0671504774217,0,100,3.0,4,0.1498445639093407
5.08,0.02345067901074276,84.06687075410292,0,100,3.0,4,0.13003704463570143
5.085,0.016268788896435526,83.07895807613832,0,100,3.0,4,0.11047441734927367
5.09,0.011039026374860051,82.13998159011943,0,100,3.0,4,0.09188082356672145
5.095,0.007326255555493689,81.2778781607644,0,100,3.0,4,0.07480946852998815
5.1,0.0047556414315231815,80.51125939582434,0,100,3.0,4,0.059628898927214645
5.105,0.0030193390635632803,79.84972435950652,0,100,3.0,4,0.04652919523775296
5.11,0.001874953127946523,79.29495762728973,0,100,3.0,4,0.0355437153918759
5.115,0.0011387927410965778,78.84233221479066,0,100,3.0,4,0.02658083593644869
5.12,0.0006765107634274089,78.48273032043235,0,100,3.0,4,0.019460006345195104
5.125,0.00039307957404427924,78.20433168965712,0,100,3.0,4,0.0139471621714282
5.13,0.00022338910511776318,77.99418394562367,0,100,3.0,4,0.009785820705419307
5.135,0.00012417073320013317,77.83944433626651,0,100,3.0,4,0.006721670025079407
5.14,6.750753468904987e-05,77.72825328230846,0,100,3.0,4,0.004519866976405109
5.145,3.5897234866245036e-05,77.65025676235952,0,100,3.0,4,0.0029753814328617495
5.15,1.8670050400879738e-05,77.59683214502472,0,100,3.0,4,0.0019174682183112923
5.155,9.497421874143672e-06,77.56109049001996,0,100,3.0,4,0.0012097126736626584
5.16,4.725434140340885e-06,77.53773081580542,0,100,3.0,4,0.000747144867434014
5.165,2.299606063738814e-06,77.52281325804007,0,100,3.0,4,0.00045174768396186036
5.17,1.0945633976635486e-06,77.51350351902411,0,100,3.0,4,0.0002673964163190618
5.175,5.095703414287532e-07,77.50782483410758,0,100,3.0,4,0.00015494721005110127
5.18,2.3202944964797243e-07,77.5044388640887,0,100,3.0,4,8.789829878609641e-05
5.185,1.0333746954038608e-07,77.50246511444831,0,100,3.0,4,4.88141474913463e-05
5.19,4.501406988770349e-08,77.50134020383713,0,100,3.0,4,2.6538689844179622e-05
5.195,0.0,77.50071330153304,0,100,3.0,4,1.4124782832467563e-05
5.2,0.0,77.50037165843031,0,100,3.0,4,7.359572877437968e-06
5.205,0.001684486749771458,77.50018957599747,0,100,3.0,4,3.7539801478667888e-06
5.21,0.00456624331333666,77.5000946653929,0,100,3.0,4,1.8745622355146396e-06
5.215,0.011079731271581421,77.50004627726287,0,100,3.0,4,9.163814429304675e-07
5.22,0.024064571490409,77.5000221468833,0,100,3.0,4,4.385521444783981e-07
5.225,0.046784906529573234,77.50001037590772,0,100,3.0,4,2.0546351921925318e-07
5.23,0.08141644351188804,77.50000475891683,0,100,3.0,4,9.423597683926706e-08
5.235,0.12682276464025305,77.50000213677434,0,100,3.0,4,4.231236319734163e-08
5.24,0.1768320708657512,77.5000009392425,0,100,3.0,4,1.8598861328932303e-08
5.245,0.22070063230473494,77.50000040417117,0,100,3.0,4,8.003389599018715e-09
5.25,0.24656126505113576,77.50000017026346,0,100,3.0,4,3.3715537028911058e-09
5.255,0.24656126505724016,77.50000007021762,0,100,3.0,4,1.3904479943664795e-09
5.26,0.220700632329898,77.5000000283491,0,100,3.0,4,5.613684390824563e-10
5.265,0.17683207093748562,77.50000001120472,0,100,3.0,4,2.2187562238529906e-10
5.27,0.12682276483597799,77.50000000433542,0,100,3.0,4,8.58498838575128e-11
5.275,0.08141644409447898,77.50000000164222,0,100,3.0,4,3.251921944046453e-11
5.28,0.04678490952598309,77.50000000060898,0,100,3.0,4,1.2058965487337652e-11
5.285,0.024064605020532023,77.50000000022106,0,100,3.0,4,4.377506058409552e-12
5.29,0.011080171739334697,77.50000000007857,0,100,3.0,4,1.555877539016869e-12
5.295,0.004571212771509492,77.50000000002733,0,100,3.0,4,5.411380914323456e-13
5.3,0.0017299316936037438,77.50000000000931,0,100,3.0,4,1.84319006702125e-13
5.305,0.0008899431850697582,77.5000000000031,0,100,3.0,4,6.134586787948588e-14
5.31,0.002128806368910263,77.50000000000101,0,100,3.0,4,1.9979617520383014e-14
5.315,0.009309664818487698,77.50000000000033,0,100,3.0,4,6.472270464349428e-15
5.32,0.03503263543368747,77.5000000000001,0,100,3.0,4,1.969821445671565e-15
5.325,0.10606267793605692,77.50000000000003,0,100,3.0,4,5.628061273347328e-16
5.33,0.25734927343160535,77.50000000000001,0,100,3.0,4,2.814030636673664e-16
5.335,0.5003202479539708,77.5,0,100,3.0,4,0.0
5.34,0.7793067891790435,77.5,0,100,3.0,4,0.0
5.345,0.9720477407234077,77.5000029632167,1,100,3.0,4,5.867755844249559e-08
5.35,0.967267334488097,77.50000632443192,0,100,3.0,4,1.252362756864692e-07
5.355,0.7505869905515209,77.50001473324576,0,100,3.0,4,2.917474408505849e-07
5.36,0.4028369574773956,77.50003930345265,0,100,3.0,4,7.782861911378535e-07
5.365,0.04553881263121314,77.50012007178523,0,100,3.0,4,2.37765911352014e-06
5.37,-0.189138810908105,77.50039768906025,0,100,3.0,4,7.875030896043021e-06
5.375,-0.22868072635956738,77.50133813309903,0,100,3.0,4,2.6497685129220596e-05
5.38,-0.14104670682394166,77.50437429970992,0,100,3.0,4,8.661979623609861e-05
5.385,-0.051158381651102834,77.51356283545961,0,100,3.0,4,0.0002685709992001851
5.39,-0.008206426846427752,77.539423280672,0,100,3.0,4,0.0007806590232078606
5.395,0.005350271385530505,77.60683292766095,0,100,3.0,4,0.0021155035180385365
5.4,0.01084668799215426,77.7691843879838,0,100,3.0,4,0.005330383920471266
5.405,0.016256859896386415,78.1298195737859,0,100,3.0,4,0.012471674728433559
5.41,0.02345021205790711,78.8674564682652,0,100,3.0,4,0.027078345906241648
5.415,0.0330621597308209,80.25416185836706,0,100,3.0,4,0.05453785858152585
5.42,0.04559141319943196,82.64472323642266,0,100,3.0,4,0.10187570765193393
5.425,0.06149084917446989,86.41224109374863,0,100,3.0,4,0.17648002165838877
5.43,0.08111733445924295,91.81665598492147,0,100,3.0,4,0.2834981383152766
5.435,0.1046628598272375,98.826395638257,0,100,3.0,4,0.42230486412390095
5.44,0.1320831047748631,106.95895384922622,0,100,3.0,4,0.5833456207767568
5.445,0.16303381314489318,115.23602411394728,0,100,3.0,4,0.7472480022563818
5.45,0.19682662652900276,122.32971667135199,0,100,3.0,4,0.8877171618089502
5.455,0.23241585813229,126.89775582948093,0,100,3.0,4,0.9781733827619986
5.46,0.26842527782774417,128.0,0,100,3.0,4,1.0
5.465,0.30321927900592993,125.42125272540896,0,100,3.0,4,0.9489356975328508
5.47,0.3350163137995362,119.74965133212939,0,100,3.0,4,0.8366267590520671
5.475,0.3620352400956416,112.17257946470455,0,100,3.0,4,0.6865857319743476
5.48,0.3826586036805073,104.08785511981466,0,100,3.0,4,0.5264921805903894
5.485,0.39559233134833227,96.70488803956961,0,100,3.0,4,0.38029481266474474
5.49,0.4,90.78889417401182,0,100,3.0,4,0.2631464192873627
5.495,0.39559233134833227,86.60772759605685,0,100,3.0,4,0.18035104150607617
5.5,0.3826586036805073,84.04089578195409,0,100,3.0,4,0.12952268875156617
5.505,0.3620352400956416,82.75786879881116,0,100,3.0,4,0.10411621383784475
5.51,0.3350163137995362,82.37959366821764,0,100,3.0,4,0.09662561719242846
5.515,0.3032192790059296,82.57856812118584,0,100,3.0,4,0.1005657053700166
5.52,0.26842527782774417,83.11531036543767,0,100,3.0,4,0.11119426466213198
5.525,0.23241585813229,83.83263983129649,0,100,3.0,4,0.12539880854052454
5.53,0.19682662652900276,84.63250912217958,0,100,3.0,4,0.14123780439959574
5.535,0.16303381314489318,85.45226040314074,0,100,3.0,4,0.1574705030324899
5.54,0.13208310477486307,86.2475629773933,0,100,3.0,4,0.1732190688592733
5.545,0.10466285982723562,86.98281595132833,0,100,3.0,4,0.18777853368966999
5.55,0.08111733445917907,87.62707318852279,0,100,3.0,4,0.20053610274302547
5.555,0.06149084917398798,88.15320332098976,0,100,3.0,4,0.21095452120771804
5.56,0.04559141333598128,88.5385782151131,0,100,3.0,4,0.21858570722996248
5.565,0.03306217087257399,88.76624892522591,0,100,3.0,4,0.22309403812328532
5.57,0.02345067901074276,88.82603771663241,0,100,3.0,4,0.22427797458678045
5.575,0.016268788896435526,88.71524935893723,0,100,3.0,4,0.22208414572152926
5.58,0.011039026374860051,88.43886075670979,0,100,3.0,4,0.2166111040932631
5.585,0.007326255555493689,88.00914720955005,0,100,3.0,4,0.20810192494158516
5.59,0.0047556414315231815,87.44477763798974,0,100,3.0,4,0.19692628986118307
5.595,0.0030193390635632803,86.76946988444872,0,100,3.0,4,0.18355385909799454
5.6,0.001874953127946523,86.0103405328122,0,100,3.0,4,0.16852159470915234
5.605,0.0011387927410965778,85.1961087935566,0,100,3.0,4,0.15239819393181395
5.61,0.0006765107634274089,84.35531914558466,0,100,3.0,4,0.13574889397197343
5.615,0.00039307957404427924,83.51473332893123,0,100,3.0,4,0.11910363027586592
5.62,0.00022338910511776318,82.69801221580293,0,100,3.0,4,0.10293093496639472
5.625,0.00012417073320013317,81.92476728085217,0,100,3.0,4,0.08761915407628051
5.63,6.750753468904987e-05,81.2100160794701,0,100,3.0,4,0.07346566494000187
5.635,3.5897234866245036e-05,80.56403251225963,0,100,3.0,4,0.06067391113385405
5.64,1.8670050400879738e-05,79.99254590939884,0,100,3.0,4,0.04935734474057114
5.645,9.497421874143672e-06,79.49721667177356,0,100,3.0,4,0.039548844985615
5.65,4.725434140340885e-06,79.07630197143015,0,100,3.0,4,0.031213900424359505
5.655,2.299606063738814e-06,78.72542256815419,0,100,3.0,4,0.024265793428795777
5.66,1.0945633976635486e-06,78.43834933264405,0,100,3.0,4,0.018581174903842604
5.665,5.095703414287532e-07,78.20774277436361,0,100,3.0,4,0.01401470840323979
5.67,2.3202944964797243e-07,78.02579755035103,0,100,3.0,4,0.010411832680218405
5.675,1.0333746954038608e-07,77.88476352268945,0,100,3.0,4,0.007619079657216909
5.68,4.501406988770349e-08,77.77733293361308,0,100,3.0,4,0.005491741259664978
5.685,0.0,77.69689796089891,0,100,3.0,4,0.0038989695227506687
5.69,0.0,77.63769342762592,0,100,3.0,4,0.0027266025272459243
5.695,0.0,77.59484565128201,0,100,3.0,4,0.0018781317085547404
5.7,0.0,77.56435078582085,0,100,3.0,4,0.0012742729865514734
5.705,0.0,77.54300535190977,0,100,3.0,4,0.0008515911269261333
5.71,0.0,77.52830892491497,0,100,3.0,4,0.0005605727705934027
5.715,0.0,77.5183550878223,0,100,3.0,4,0.0003634670855901034
5.72,0.0,77.51172254143796,0,100,3.0,4,0.0002321295334249863
5.725,0.0,77.50737427460564,0,100,3.0,4,0.00014602523971560832
5.73,0.0,77.50456929349846,0,100,3.0,4,9.04810593755032e-05
5.735,0.0,77.5027887592473,0,100,3.0,4,5.522295539198113e-05
5.74,0.0,77.50167650638357,0,100,3.0,4,3.319814620940318e-05
5.745,0.0,77.50099273108047,0,100,3.0,4,1.9658041197479378e-05
5.75,0.0,77.50057901557518,0,100,3.0,4,1.1465654954136962e-05
5.755,0.0,77.50033264507117,0,100,3.0,4,6.587031112242738e-06
5.76,0.0,77.50018823663869,0,100,3.0,4,3.727458191926218e-06
5.765,0.0,77.50010492028098,0,100,3.0,4,2.0776293262437016e-06
5.77,0.0,77.50005760324511,0,100,3.0,4,1.1406583190242906e-06
5.775,0.0,77.50003115061858,0,100,3.0,4,6.168439323245015e-07
5.78,0.0,77.50001659275955,0,100,3.0,4,3.285694960465149e-07
5.785,0.001684486749771458,77.5000087056817,0,100,3.0,4,1.7238973650999488e-07
5.79,0.00456624331333666,77.50000449903288,0,100,3.0,4,8.908976006201592e-08
5.795,0.011079731271581421,77.50000229017026,0,100,3.0,4,4.5349906096618887e-08
5.8,0.024064571490409,77.5000011482821,0,100,3.0,4,2.2738259310631967e-08
5.805,0.046784906529573234,77.50000056710259,0,100,3.0,4,1.1229754235419834e-08
5.81,0.08141644351188804,77.50000027587154,0,100,3.0,4,5.4628028217596484e-09
5.815,0.12682276464025305,77.50000013218568,0,100,3.0,4,2.617538133437289e-09
5.82,0.1768320708657512,77.500000062387,0,100,3.0,4,1.235386182790787e-09
5.825,0.22070063230473494,77.50000002900254,0,100,3.0,4,5.743076333529454e-10
5.83,0.24656126505113576,77.50000001328037,0,100,3.0,4,2.629776352676183e-10
5.835,0.24656126505724016,77.50000000598986,0,100,3.0,4,1.1861110993273127e-10
5.84,0.220700632329898,77.50000000266107,0,100,3.0,4,5.2694412090096365e-11
5.845,0.17683207093748562,77.50000000116447,0,100,3.0,4,2.3058729843031337e-11
5.85,0.12682276483597799,77.50000000050191,0,100,3.0,4,9.938874805667714e-12
5.855,0.08141644409447898,77.50000000021309,0,100,3.0,4,4.219638939692159e-12
5.86,0.04678490952598309,77.50000000008912,0,100,3.0,4,1.7646786122580548e-12
5.865,0.024064605020532023,77.5000000000367,0,100,3.0,4,7.268641134528074e-13
5.87,0.011080171739334697,77.5000000000149,0,100,3.0,4,2.949104107234e-13
5.875,0.004571212771509492,77.50000000000595,0,100,3.0,4,1.1790788367662653e-13
5.88,0.0017299316936037438,77.50000000000234,0,100,3.0,4,4.6431505505115455e-14
5.885,0.0008899431850697582,77.50000000000091,0,100,3.0,4,1.800979607471145e-14
5.89,0.002128806368910263,77.50000000000034,0,100,3.0,4,6.7536735280167935e-15
5.895,0.009309664818487698,77.50000000000013,0,100,3.0,4,2.5326275730062976e-15
5.9,0.03503263543368747,77.50000000000004,0,100,3.0,4,8.442091910020992e-16
5.905,0.10606267793605692,77.50000000000001,0,100,3.0,4,2.814030636673664e-16
5.91,0.25734927343160535,77.5,0,100,3.0,4,0.0
5.915,0.5003202479539708,77.5,0,100,3.0,4,0.0
5.92,0.7793067891790435,77.5,0,100,3.0,4,0.0
5.925,0.9720477407234077,77.50000297262514,1,100,3.0,4,5.8863864154827213e-08
5.93,0.967267334488097,77.50000602692357,0,100,3.0,4,1.193450212231075e-07
5.935,0.7505869905515209,77.50001314884915,0,100,3.0,4,2.603732504761829e-07
5.94,0.4028369574773956,77.50003218277465,0,100,3.0,4,6.372826662597374e-07
5.945,0.04553881263121314,77.5000891336331,0,100,3.0,4,1.7650224375563202e-06
5.95,-0.189138810908105,77.5002690214767,0,100,3.0,4,5.32715795439925e-06
5.955,-0.22868072635956738,77.50083732265789,0,100,3.0,4,1.6580646690828313e-05
5.96,-0.14104670682394166,77.50257317183726,0,100,3.0,4,5.09538977674351e-05
5.965,-0.051158381651102834,77.5076082097914,0,100,3.0,4,0.00015065761963167613
5.97,-0.008206426846427752,77.52135258747315,0,100,3.0,4,0.0004228235143197217
5.975,0.005350271385530505,77.55649700924465,0,100,3.0,4,0.0011187526583099309
5.98,0.01084668799215426,77.64045440057028,0,100,3.0,4,0.0027812752588173757
5.985,0.016256859896386415,77.82751617390053,0,100,3.0,4,0.006485468790109587
5.99,0.02345021205790711,78.21569569973141,0,100,3.0,4,0.014172192073889358
5.995,0.0330621597308209,78.96491975294279,0,100,3.0,4,0.029008311939461205
6.0,0.04559141319943196,80.30785299502509,0,100,3.0,4,0.05560104940643736
6.005,0.06149084917446989,82.53901529227541,0,100,3.0,4,0.0997824810351566
6.01,0.08111733445924295,85.96626012174221,0,100,3.0,4,0.16764871528202394
6.015,0.1046628598272375,90.81658192531896,0,100,3.0,4,0.2636946915904744
6.02,0.1320831047748631,97.10833980159956,0,100,3.0,4,0.38828395646731795
6.025,0.16303381314489318,104.52938760793602,0,100,3.0,5,0.5352353981769508
6.03,0.19682662652900276,112.38094101245923,0,100,3.0,5,0.6907117032170145
6.035,0.23241585813229,119.64223165483207,0,100,3.0,5,0.834499636729348
6.04,0.26842527782774417,125.1719099748606,0,100,3.0,5,0.9439982173239723
6.045,0.30321927900592993,128.0,0,100,3.0,5,1.0
6.05,0.3350163137995362,127.6101393237791,0,100,3.0,5,0.992279986609487
6.055,0.3620352400956416,124.10010403781507,0,100,3.0,5,0.9227743373824767
6.06,0.3826586036805073,118.15277378027952,0,100,3.0,5,0.8050054213916736
6.065,0.39559233134833227,110.8299379581053,0,100,3.0,5,0.6599987714476298
6.07,0.4,103.27489006078626,0,100,3.0,5,0.510393862589827
6.075,0.39559233134833227,96.43814350154825,0,100,3.0,5,0.3750127426049159
6.08,0.3826586036805073,90.9137835998359,0,100,3.0,5,0.26561947722447316
6.085,0.3620352400956416,86.9136909261355,0,100,3.0,5,0.1864097213096139
6.09,0.3350163137995362,84.34894125219122,0,100,3.0,5,0.13562259905329158
6.095,0.3032192790059296,82.95851223358169,0,100,3.0,5,0.10808935116003339
6.1,0.26842527782774417,82.42961246934831,0,100,3.0,5,0.09761608850194681
6.105,0.23241585813229,82.47825904809713,0,100,3.0,5,0.09857938709103227
6.11,0.19682662652900276,82.88510695734854,0,100,3.0,5,0.10663578133363447
6.115,0.16303381314489318,83.49817142324218,0,100,3.0,5,0.11877567174736997
6.12,0.13208310477486307,84.218703403949,0,100,3.0,5,0.1330436317613662
6.125,0.10466285982723562,84.98313005843968,0,100,3.0,5,0.14818079323642938
6.13,0.08111733445917907,85.74806308660983,0,100,3.0,5,0.163327981913066
6.135,0.06149084917398798,86.48049615879853,0,100,3.0,5,0.17783160710492138
6.14,0.04559141333598128,87.1526196872008,0,100,3.0,5,0.19114098390496628
6.145,0.03306217087257399,87.73979816955085,0,100,3.0,5,0.20276828058516538
6.15,0.02345067901074276,88.22034613356011,0,100,3.0,5,0.2122840818526755
6.155,0.016268788896435526,88.57613991279077,0,100,3.0,5,0.2193295032235795
6.16,0.011039026374860051,88.79347868239333,0,100,3.0,5,0.22363324123551145
6.165,0.007326255555493689,88.86386439984123,0,100,3.0,5,0.2250270178186383
6.17,0.0047556414315231815,88.78452238775425,0,100,3.0,5,0.22345588886642082
6.175,0.0030193390635632803,88.55857365850133,0,100,3.0,5,0.21898165660398675
6.18,0.001874953127946523,88.19482866332193,0,100,3.0,5,0.2117787854123154
6.185,0.0011387927410965778,87.70721657209255,0,100,3.0,5,0.2021231004374762
6.19,0.0006765107634274089,87.11390019357708,0,100,3.0,5,0.1903742612589521
6.195,0.00039307957404427924,86.43615452975533,0,100,3.0,5,0.17695355504465995
6.2,0.00022338910511776318,85.6971052748557,0,100,3.0,5,0.16231891633377626
6.205,0.00012417073320013317,84.92043109401514,0,100,3.0,5,0.14693922958445826
6.21,6.750753468904987e-05,84.12913009206147,0,100,3.0,5,0.13126990281309847
6.215,3.5897234866245036e-05,83.3444376315581,0,100,3.0,5,0.11573143824867513
6.22,1.8670050400879738e-05,82.58496182074326,0,100,3.0,5,0.10069231328204475
6.225,9.497421874143672e-06,81.86607755524824,0,100,3.0,5,0.08645698129204434
6.23,4.725434140340885e-06,81.1995932352933,0,100,3.0,5,0.07325927198600607
6.235,2.299606063738814e-06,80.59367928154045,0,100,3.0,5,0.061260975872088036
6.24,1.0945633976635486e-06,80.05302685084085,0,100,3.0,5,0.05055498714536339
6.245,5.095703414287532e-07,79.5791903812813,0,100,3.0,5,0.041172086758045415
6.25,2.3202944964797243e-07,79.17105949996414,0,100,3.0,5,0.03309028712800286
6.255,1.0333746954038608e-07,78.82540422739977,0,100,3.0,5,0.026245628265342033
6.26,4.501406988770349e-08,78.53744138964515,0,100,3.0,5,0.02054339385435946
6.265,0.0,78.30137828670698,0,100,3.0,5,0.01586887696449461
6.27,0.0,78.11090032048983,0,100,3.0,5,0.012097036049303622
6.275,0.0,77.95958084176635,0,100,3.0,5,0.009100610728046602
6.28,0.0,77.84120254425764,0,100,3.0,5,0.006756486024903777
6.285,0.0,77.74998928072644,0,100,3.0,5,0.004950282786662154
6.29,0.0,77.68075457337353,0,100,3.0,5,0.0035792984826442343
6.295,0.0,77.62897810246339,0,100,3.0,5,0.0025540218309582667
6.3,0.0,77.59082417329567,0,100,3.0,5,0.0017984984811024256
6.305,0.0,77.56311690651798,0,100,3.0,5,0.0012498397330292315
6.31,0.0,77.54328612787634,0,100,3.0,5,0.0008571510470562883
6.315,0.0,77.52929615012752,0,100,3.0,5,0.0005801217847033963
6.32,0.0,77.51956731102686,0,100,3.0,5,0.00038747150548240573
6.325,0.0,77.51289764815891,0,100,3.0,5,0.00025539897344380267
6.33,0.0,77.5083897435128,0,100,3.0,5,0.00016613353490680706
6.335,0.0,77.5053857429786,0,100,3.0,5,0.00010664837581393074
6.34,0.0,77.50341193968492,0,100,3.0,5,6.756316207769271e-05
6.345,0.0,77.50213312275217,0,100,3.0,5,4.224005449841435e-05
6.35,0.0,77.50131610073626,0,100,3.0,5,2.606140071804367e-05
6.355,0.0,77.5008013480742,0,100,3.0,5,1.586827869713002e-05
6.36,0.0,77.50048151746557,0,100,3.0,5,9.53499931828185e-06
6.365,0.0,77.5002855365269,0,100,3.0,5,5.654188651540086e-06
6.37,0.0,77.50016709755003,0,100,3.0,5,3.3088623768948633e-06
6.375,0.0,77.50009650221315,0,100,3.0,5,1.910934913937153e-06
6.38,0.0,77.50005500007046,0,100,3.0,5,1.0891103061517737e-06
6.385,0.0,77.50003093484894,0,100,3.0,5,6.125712660728949e-07
6.39,0.0,77.50001717083974,0,100,3.0,5,3.400166285205565e-07
6.395,0.0,77.5000094057591,0,100,3.0,5,1.862526554723805e-07
6.4,0.0,77.50000508457842,0,100,3.0,5,1.0068472116328471e-07
6.405,0.001684486749771458,77.50000271253174,0,100,3.0,5,5.371349977782068e-08
6.41,0.00456624331333666,77.50000142808314,0,100,3.0,5,2.8278874019138535e-08
6.415,0.011079731271581421,77.50000074197783,0,100,3.0,5,1.4692630267547591e-08
6.42,0.024064571490409,77.50000038044087,0,100,3.0,5,7.533482502286362e-09
6.425,0.046784906529573234,77.50000019250507,0,100,3.0,5,3.811981577479792e-09
6.43,0.08141644351188804,77.50000009612934,0,100,3.0,5,1.9035513055809637e-09
6.435,0.12682276464025305,77.50000004737274,0,100,3.0,5,9.38073996918986e-10
6.44,0.1768320708657512,77.5000000230388,0,100,3.0,5,4.562137422512348e-10
6.445,0.22070063230473494,77.50000001105732,0,100,3.0,5,2.1895690980894113e-10
6.45,0.24656126505113576,77.5000000052372,0,100,3.0,5,1.0370687806865288e-10
6.455,0.24656126505724016,77.50000000244798,0,100,3.0,5,4.8474773150404206e-11
6.46,0.220700632329898,77.50000000112921,0,100,3.0,5,2.2360568842072603e-11
6.465,0.17683207093748562,77.50000000051404,0,100,3.0,5,1.0178911618975978e-11
6.47,0.12682276483597799,77.50000000023093,0,100,3.0,5,4.5727997845947045e-12
6.475,0.08141644409447898,77.50000000010237,0,100,3.0,5,2.0272276706597077e-12
6.48,0.04678490952598309,77.50000000004479,0,100,3.0,5,8.869824566795389e-13
6.485,0.024064605020532023,77.50000000001934,0,100,3.0,5,3.829895696512857e-13
6.49,0.011080171739334697,77.50000000000824,0,100,3.0,5,1.632137769270725e-13
6.495,0.004571212771509492,77.50000000000347,0,100,3.0,5,6.86623475348374e-14
6.5,0.0017299316936037438,77.50000000000144,0,100,3.0,5,2.842170943040401e-14
6.505,0.0008899431850697582,77.50000000000058,0,100,3.0,5,1.1537525610362024e-14
6.51,0.002128806368910263,77.50000000000024,0,100,3.0,5,4.783852082345229e-15
6.515,0.009309664818487698,77.5000000000001,0,100,3.0,5,1.969821445671565e-15
6.52,0.03503263543368747,77.50000000000004,0,100,3.0,5,8.442091910020992e-16
6.525,0.10606267793605692,77.50000000000001,0,100,3.0,5,2.814030636673664e-16
6.53,0.25734927343160535,77.5,0,100,3.0,5,0.0
6.535,0.5003202479539708,77.5,0,100,3.0,5,0.0
6.54,0.7793067891790435,77.5,0,100,3.0,5,0.0
6.545,0.9720477407234077,77.50000296417907,1,100,3.0,5,5.8696615339370215e-08
6.55,0.967267334488097,77.50000671426626,0,100,3.0,5,1.3295576758366115e-07
6.555,0.7505869905515209,77.50001690807775,0,100,3.0,5,3.3481342086923917e-07
6.56,0.4028369574773956,77.50004998152149,0,100,3.0,5,9.897330987161408e-07
6.565,0.04553881263121314,77.50017093493624,0,100,3.0,5,3.3848502224904368e-06
6.57,-0.189138810908105,77.50062682696246,0,100,3.0,5,1.2412415098215026e-05
6.575,-0.22868072635956738,77.50228951654114,0,100,3.0,5,4.533696121069003e-05
6.58,-0.14104670682394166,77.50797121731352,0,100,3.0,5,0.00015784588739653274
6.585,-0.051158381651102834,77.52589581734757,0,100,3.0,5,0.0005127884623282125
6.59,-0.008206426846427752,77.57774358530986,0,100,3.0,5,0.001539476936828929
6.595,0.005350271385530505,77.7147515715821,0,100,3.0,5,0.00425250636796235
6.6,0.01084668799215426,78.04471478880228,0,100,3.0,5,0.01078643146143131
6.605,0.016256859896386415,78.76748649806238,0,100,3.0,5,0.02509874253588876
6.61,0.02345021205790711,80.20427167320135,0,100,3.0,5,0.05354993412279896
6.615,0.0330621597308209,82.78911922275384,0,100,3.0,5,0.10473503411393742
6.62,0.04559141319943196,86.98172744251318,0,100,3.0,5,0.18775697905966685
6.625,0.06149084917446989,93.07887730032347,0,100,3.0,5,0.30849261980838555
6.63,0.08111733445924295,100.95962721250167,0,100,3.0,5,0.4645470735148846
6.635,0.1046628598272375,109.87793025058434,0,100,3.0,5,0.6411471336749375
6.64,0.1320831047748631,118.45853789884562,0,100,3.0,5,0.8110601564127845
6.645,0.16303381314489318,124.99616767138359,0,100,3.0,5,0.9405181717105661
6.65,0.19682662652900276,128.0,0,100,3.0,5,1.0
6.655,0.23241585813229,126.75356838385197,0,100,3.0,5,0.9753181858188509
6.66,0.26842527782774417,121.60504184108623,0,100,3.0,5,0.8733671651700244
6.665,0.30321927900592993,113.82915829348634,0,100,3.0,5,0.7193892731383434
6.67,0.3350163137995362,105.1368956240279,0,100,3.0,5,0.5472652598817406
6.675,0.3620352400956416,97.09121900543379,0,100,3.0,5,0.387944930800669
6.68,0.3826586036805073,90.69899581482312,0,100,3.0,5,0.2613662537588737
6.685,0.39559233134833227,86.30643547151764,0,100,3.0,5,0.1743848608221316
6.69,0.4,83.74771204094193,0,100,3.0,5,0.12371707011766206
6.695,0.39559233134833227,82.59820551494997,0,100,3.0,5,0.1009545646524746
6.7,0.3826586036805073,82.39507218456649,0,100,3.0,5,0.09693212246666312
6.705,0.3620352400956416,82.76100457002498,0,100,3.0,5,0.10417830831732633
6.71,0.3350163137995362,83.43701275683196,0,100,3.0,5,0.11756460904617747
6.715,0.3032192790059296,84.26274473002995,0,100,3.0,5,0.13391573722831585
6.72,0.26842527782774417,85.14136714527861,0,100,3.0,5,0.1513142008966061
6.725,0.23241585813229,86.00990517918865,0,100,3.0,5,0.1685129738453198
6.73,0.19682662652900276,86.82112236316677,0,100,3.0,5,0.1845766804587478
6.735,0.16303381314489318,87.53521333823748,0,100,3.0,5,0.19871709580668284
6.74,0.13208310477486307,88.11753774701205,0,100,3.0,5,0.21024827221806042
6.745,0.10466285982723562,88.53926927071664,0,100,3.0,5,0.2185993914993395
6.75,0.08111733445917907,88.77902403173812,0,100,3.0,5,0.22334701052946768
6.755,0.06149084917398798,88.82443075630417,0,100,3.0,5,0.22424615359018152
6.76,0.04559141333598128,88.67312595457363,0,100,3.0,5,0.22125001890244822
6.765,0.03306217087257399,88.33294216334119,0,100,3.0,5,0.21451370620477597
6.77,0.02345067901074276,87.8212325486588,0,100,3.0,5,0.20438084254769898
6.775,0.016268788896435526,87.16340340705206,0,100,3.0,5,0.19135452291192195
6.78,0.011039026374860051,86.39082504390485,0,100,3.0,5,0.17605594146346246
6.785,0.007326255555493689,85.53835951391795,0,100,3.0,5,0.15917543591916739
6.79,0.0047556414315231815,84.64177552213825,0,100,3.0,5,0.1414212974680841
6.795,0.0030193390635632803,83.73531462915751,0,100,3.0,5,0.12347157681500029
6.8,0.001874953127946523,82.8496326055666,0,100,3.0,5,0.10593331892211084
6.805,0.0011387927410965778,82.01027424192745,0,100,3.0,5,0.0893123612262861
6.81,0.0006765107634274089,81.23676123804874,0,100,3.0,5,0.07399527204056917
6.815,0.00039307957404427924,80.54229383076677,0,100,3.0,5,0.06024344219340132
6.82,0.00022338910511776318,79.93399886750076,0,100,3.0,5,0.04819799737625271
6.825,0.00012417073320013317,79.41360807300065,0,100,3.0,5,0.037893229168329615
6.83,6.750753468904987e-05,78.97842407043797,0,100,3.0,5,0.029275724167088454
6.835,3.5897234866245036e-05,78.62242792395355,0,100,3.0,5,0.022226295523832713
6.84,1.8670050400879738e-05,78.33739682142036,0,100,3.0,5,0.016582115275650608
6.845,9.497421874143672e-06,78.11392816965889,0,100,3.0,5,0.0121569934585919
6.85,4.725434140340885e-06,77.9423002876319,0,100,3.0,5,0.008758421537265242
6.855,2.299606063738814e-06,77.81313404636992,0,100,3.0,5,0.006200674185543062
6.86,1.0945633976635486e-06,77.7178495995346,0,100,3.0,5,0.004313853456130745
6.865,5.095703414287532e-07,77.64893495872354,0,100,3.0,5,0.002949207103436511
6.87,2.3202944964797243e-07,77.60005756748029,0,100,3.0,5,0.0019813379699067666
6.875,1.0333746954038608e-07,77.56605666430328,0,100,3.0,5,0.0013080527584806965
6.88,4.501406988770349e-08,77.54285453088583,0,100,3.0,5,0.0008486045719966978
6.885,0.0,77.5273206016611,0,100,3.0,5,0.0005410020130911431
6.89,0.0,77.51711579911962,0,100,3.0,5,0.0003389267152400488
6.895,0.0,77.5105370128528,0,100,3.0,5,0.00020865371985730172
6.9,0.0,77.50637457516568,0,100,3.0,5,0.00012622921120157684
6.905,0.0,77.50378964379554,0,100,3.0,5,7.504245139688068e-05
6.91,0.0,77.50221390480374,0,100,3.0,5,4.3839699083937465e-05
6.915,0.0,77.50127096298368,0,100,3.0,5,2.5167583835287354e-05
6.92,0.0,77.5007170018383,0,100,3.0,5,1.4198056203890746e-05
6.925,0.0,77.5003974852742,0,100,3.0,5,7.870995528834317e-06
6.93,0.0,77.50021653855089,0,100,3.0,5,4.287892096780893e-06
6.935,0.0,77.50011592118605,0,100,3.0,5,2.2954690307145002e-06
6.94,0.0,77.50006098230187,0,100,3.0,5,1.2075703341564587e-06
6.945,0.001684486749771458,77.50003152522672,0,100,3.0,5,6.2426191519053e-07
6.95,0.00456624331333666,77.50001601496638,0,100,3.0,5,3.1712804707015015e-07
6.955,0.011079731271581421,77.5000079947935,0,100,3.0,5,1.5831274269955187e-07
6.96,0.024064571490409,77.50000392194843,0,100,3.0,5,7.766234521924243e-08
6.965,0.046784906529573234,77.50000189064467,0,100,3.0,5,3.743850828472529e-08
6.97,0.08141644351188804,77.50000089563562,0,100,3.0,5,1.7735358862482105e-08
6.975,0.12682276464025305,77.50000041693293,0,100,3.0,5,8.256097710880856e-09
6.98,0.1768320708657512,77.500000190728,0,100,3.0,5,3.776792124368188e-09
6.985,0.22070063230473494,77.50000008573855,0,100,3.0,5,1.697793043667213e-09
6.99,0.24656126505113576,77.50000003787487,0,100,3.0,5,7.499974151077107e-10
6.995,0.24656126505724016,77.50000001644143,0,100,3.0,5,3.255729327497872e-10
7.0,0.220700632329898,77.50000000701361,0,100,3.0,5,1.3888338663932835e-10
7.005,0.17683207093748562,77.50000000294007,0,100,3.0,5,5.821919843907777e-11
7.01,0.12682276483597799,77.50000000121112,0,100,3.0,5,2.3982576101051303e-11
7.015,0.08141644409447898,77.50000000049026,0,100,3.0,5,9.708124293460474e-12
7.02,0.04678490952598309,77.50000000019502,0,100,3.0,5,3.8616942427072695e-12
7.025,0.024064605020532023,77.50000000007623,0,100,3.0,5,1.5094460335117535e-12
7.03,0.011080171739334697,77.50000000002929,0,100,3.0,5,5.799717142184422e-13
7.035,0.004571212771509492,77.50000000001106,0,100,3.0,5,2.1893158353321106e-13
7.04,0.0017299316936037438,77.50000000000409,0,100,3.0,5,8.104408233620152e-14
7.045,0.0008899431850697582,77.50000000000149,0,100,3.0,5,2.9547321685073474e-14
7.05,0.002128806368910263,77.50000000000054,0,100,3.0,5,1.0693316419359924e-14
7.055,0.009309664818487698,77.50000000000018,0,100,3.0,5,3.6582398276757634e-15
7.06,0.03503263543368747,77.50000000000007,0,100,3.0,5,1.4070153183368321e-15
7.065,0.10606267793605692,77.50000000000003,0,100,3.0,5,5.628061273347328e-16
7.07,0.25734927343160535,77.5,0,100,3.0,5,0.0
7.075,0.5003202479539708,77.5,0,100,3.0,5,0.0
7.08,0.7793067891790435,77.5,0,100,3.0,5,0.0
7.085,0.9720477407234077,77.50000297947125,1,100,3.0,5,5.8999430643555095e-08
7.09,0.967267334488097,77.50000669548267,0,100,3.0,5,1.3258381520497303e-07
7.095,0.7505869905515209,77.50001668432624,0,100,3.0,5,3.303826978332503e-07
7.1,0.4028369574773956,77.50004864066203,0,100,3.0,5,9.63181426330644e-07
7.105,0.04553881263121314,77.5001638762621,0,100,3.0,5,3.245074497168515e-06
7.11,-0.189138810908105,77.50059305601808,0,100,3.0,5,1.1743683526253451e-05
7.115,-0.22868072635956738,77.50214361864761,0,100,3.0,5,4.244789401204033e-05
7.12,-0.14104670682394166,77.50740440946578,0,100,3.0,5,0.0001466219696193647
7.125,-0.051158381651102834,77.52391675045838,0,100,3.0,5,0.0004735990189778864
7.13,-0.008206426846427752,77.5715281770081,0,100,3.0,5,0.001416399544714948
7.135,0.005350271385530505,77.69717852300056,0,100,3.0,5,0.003904525207931869
7.14,0.01084668799215426,77.99996608244125,0,100,3.0,5,0.009900318464183116
7.145,0.016256859896386415,78.66488444994854,0,100,3.0,5,0.023067018810862275
7.15,0.02345021205790711,79.99269205274055,0,100,3.0,5,0.04936023866812973
7.155,0.0330621597308209,82.39762966193258,0,100,3.0,5,0.09698276558282344
7.16,0.04559141319943196,86.33439214585457,0,100,3.0,5,0.17493845833375377
7.165,0.06149084917446989,92.12891580999748,0,100,3.0,5,0.2896815011880689
7.17,0.08111733445924295,99.73729946877143,0,100,3.0,5,0.44034256373804803
7.175,0.1046628598272375,108.53063759966085,0,100,3.0,5,0.6144680712804128
7.18,0.1320831047748631,117.25196435735869,0,100,3.0,5,0.7871676110368057
7.185,0.16303381314489318,124.25521878140476,0,100,3.0,5,0.9258459164634607
7.19,0.19682662652900276,128.0,0,100,3.0,5,1.0
7.195,0.23241585813229,127.60821013993106,0,100,3.0,5,0.99224178494913
7.2,0.26842527782774417,123.21009401234988,0,100,3.0,5,0.9051503764821759
7.205,0.30321927900592993,115.89514598451852,0,100,3.0,5,0.7602999204855153
7.21,0.3350163137995362,107.29447867544081,0,100,3.0,5,0.5899896767414022
7.215,0.3620352400956416,99.01424251870807,0,100,3.0,5,0.42602460433085293
7.22,0.3826586036805073,92.18796047940592,0,100,3.0,5,0.2908507025624934
7.225,0.39559233134833227,87.30619325917266,0,100,3.0,5,0.19418204473609224
7.23,0.4,84.31153753264881,0,100,3.0,6,0.13488193133958046
7.235,0.39559233134833227,82.8311073691211,0,100,3.0,6,0.10556648255685346
7.24,0.3826586036805073,82.40599310593515,0,100,3.0,6,0.09714837833534956
7.245,0.3620352400956416,82.63713816175672,0,100,3.0,6,0.10172550815359849
7.25,0.3350163137995362,83.23817846509434,0,100,3.0,6,0.1136272963385017
7.255,0.3032192790059296,84.02691167312304,0,100,3.0,6,0.1292457757054067
7.26,0.26842527782774417,84.89307467702398,0,100,3.0,6,0.1463975183569104
7.265,0.23241585813229,85.76705880776896,0,100,3.0,6,0.16370413480730617
7.27,0.19682662652900276,86.59894936510275,0,100,3.0,6,0.1801772151505496
7.275,0.16303381314489318,87.34785757910886,0,100,3.0,6,0.1950070807744329
7.28,0.13208310477486307,87.97819166628076,0,100,3.0,6,0.20748894388674782
7.285,0.10466285982723562,88.45958304429135,0,100,3.0,6,0.2170214464216109
7.29,0.08111733445917907,88.76826866188912,0,100,3.0,6,0.22313403290869552
7.295,0.06149084917398798,88.88869777488769,0,100,3.0,6,0.22551876781955818
7.3,0.04559141333598128,88.8147323001406,0,100,3.0,6,0.22405410495327932
7.305,0.03306217087257399,88.55013959537686,0,100,3.0,6,0.21881464545300716
7.31,0.02345067901074276,88.1082683696946,0,100,3.0,6,0.21006472019197225
7.315,0.016268788896435526,87.51093131541633,0,100,3.0,6,0.19823626367161049
7.32,0.011039026374860051,86.78662085692815,0,100,3.0,6,0.18389348231540897
7.325,0.007326255555493689,85.96826028051984,0,100,3.0,6,0.16768832238653153
7.33,0.0047556414315231815,85.09073675815792,0,100,3.0,6,0.1503116189734241
7.335,0.0030193390635632803,84.18847199298509,0,100,3.0,6,0.1324449899601007
7.34,0.001874953127946523,83.29326166418531,0,100,3.0,6,0.11471805275614473
7.345,0.0011387927410965778,82.4325628331511,0,100,3.0,6,0.09767451154754644
7.35,0.0006765107634274089,81.6283390472271,0,100,3.0,6,0.08174928806390298
7.355,0.00039307957404427924,80.89649780311149,0,100,3.0,6,0.06725738223983142
7.36,0.00022338910511776318,80.24688557285587,0,100,3.0,6,0.05439377371991829
7.365,0.00012417073320013317,79.68375065546115,0,100,3.0,6,0.04324258723685453
7.37,6.750753468904987e-05,79.2065490600829,0,100,3.0,6,0.03379305069471102
7.375,3.5897234866245036e-05,78.81095491810038,0,100,3.0,6,0.02595950332872037
7.38,1.8670050400879738e-05,78.48994253721577,0,100,3.0,6,0.019602822519124118
7.385,9.497421874143672e-06,78.23482760765253,0,100,3.0,6,0.014551041735693738
7.39,4.725434140340885e-06,78.03618442262216,0,100,3.0,6,0.010617513319250621
7.395,2.299606063738814e-06,77.88458839065662,0,100,3.0,6,0.007615611696170638
7.4,1.0945633976635486e-06,77.77116360414196,0,100,3.0,6,0.005369576319642791
7.405,5.095703414287532e-07,77.68794028219736,0,100,3.0,6,0.0037215897464823746
7.41,2.3202944964797243e-07,77.62804469831093,0,100,3.0,6,0.0025355385804144556
7.415,1.0333746954038608e-07,77.58575443254034,0,100,3.0,6,0.001698107575056257
7.42,4.501406988770349e-08,77.55645531088335,0,100,3.0,6,0.0011179269481851636
7.425,0.0,77.5365347616806,0,100,3.0,6,0.0007234606273385961
7.43,0.0,77.52324133142528,0,100,3.0,6,0.00046022438465905734
7.435,0.0,77.51453345862433,0,100,3.0,6,0.00028779125988768274
7.44,0.0,77.508933676106,0,100,3.0,6,0.00017690447734647176
7.445,0.0,77.50539814662669,0,100,3.0,6,0.00010689399260770349
7.45,0.0,77.50320636087476,0,100,3.0,6,6.349229454963054e-05
7.455,0.0,77.50187211866701,0,100,3.0,6,3.707165677245948e-05
7.46,0.0,77.50107450291127,0,100,3.0,6,2.1277285371594854e-05
7.465,0.0,77.50060622671245,0,100,3.0,6,1.2004489355428569e-05
7.47,0.0,77.50033621399805,0,100,3.0,6,6.6577029317591265e-06
7.475,0.0,77.50018329463894,0,100,3.0,6,3.6295968107757594e-06
7.48,0.0,77.50009822838055,0,100,3.0,6,1.9451164465602115e-06
7.485,0.0,77.50005174607993,0,100,3.0,6,1.0246748501577884e-06
7.49,0.001684486749771458,77.50002679607444,0,100,3.0,6,5.30615335379696e-07
7.495,0.00456624331333666,77.50001364011858,0,100,3.0,6,2.701013580454036e-07
7.5,0.011079731271581421,77.50000682524689,0,100,3.0,6,1.3515340366337672e-07
7.505,0.024064571490409,77.50000335715842,0,100,3.0,6,6.647838454858237e-08
7.51,0.046784906529573234,77.50000162322436,0,100,3.0,6,3.214305670913781e-08
7.515,0.08141644351188804,77.5000007715046,0,100,3.0,6,1.5277318859919224e-08
7.52,0.12682276464025305,77.50000036045557,0,100,3.0,6,7.1377341177283975e-09
7.525,0.1768320708657512,77.50000016554581,0,100,3.0,6,3.2781349208301317e-09
7.53,0.22070063230473494,77.50000007473739,0,100,3.0,6,1.4799482387658855e-09
7.535,0.24656126505113576,77.50000003316735,0,100,3.0,6,6.567792734311315e-10
7.54,0.24656126505724016,77.50000001446895,0,100,3.0,6,2.8651390610969314e-10
7.545,0.220700632329898,77.50000000620464,0,100,3.0,6,1.2286423583699984e-10
7.55,0.17683207093748562,77.50000000261547,0,100,3.0,6,5.179138965878779e-11
7.555,0.12682276483597799,77.50000000108376,0,100,3.0,6,2.1460641844464365e-11
7.56,0.08141644409447898,77.50000000044145,0,100,3.0,6,8.74150476976307e-12
7.565,0.04678490952598309,77.50000000017675,0,100,3.0,6,3.5000913058947033e-12
7.57,0.024064605020532023,77.50000000006956,0,100,3.0,6,1.3774679966517585e-12
7.575,0.011080171739334697,77.50000000002692,0,100,3.0,6,5.32977402585992e-13
7.58,0.004571212771509492,77.50000000001023,0,100,3.0,6,2.0261020584050382e-13
7.585,0.0017299316936037438,77.50000000000382,0,100,3.0,6,7.569742412652157e-14
7.59,0.0008899431850697582,77.5000000000014,0,100,3.0,6,2.7858903303069274e-14
7.595,0.002128806368910263,77.50000000000051,0,100,3.0,6,1.013051029202519e-14
7.6,0.009309664818487698,77.50000000000018,0,100,3.0,6,3.6582398276757634e-15
7.605,0.03503263543368747,77.50000000000006,0,100,3.0,6,1.1256122546694657e-15
7.61,0.10606267793605692,77.50000000000001,0,100,3.0,6,2.814030636673664e-16
7.615,0.25734927343160535,77.5,0,100,3.0,6,0.0
7.62,0.5003202479539708,77.5,0,100,3.0,6,0.0
7.625,0.7793067891790435,77.5,0,100,3.0,6,0.0
7.63,0.9720477407234077,77.500002961856,1,100,3.0,6,5.865061381774638e-08
7.635,0.967267334488097,77.500006041423,0,100,3.0,6,1.1963213873878877e-07
7.64,0.7505869905515209,77.50001328138595,0,100,3.0,6,2.629977415165173e-07
7.645,0.4028369574773956,77.50003283321637,0,100,3.0,6,6.501627003199426e-07
7.65,0.04553881263121314,77.50009198824264,0,100,3.0,6,1.8215493592959877e-06
7.655,-0.189138810908105,77.50028074560149,0,100,3.0,6,5.559318841314602e-06
7.66,-0.22868072635956738,77.50088215537116,0,100,3.0,6,1.7468423191256096e-05
7.665,-0.14104670682394166,77.5027317136506,0,100,3.0,6,5.409333961592487e-05
7.67,-0.051158381651102834,77.50812515206187,0,100,3.0,6,0.00016089410023495125
7.675,-0.008206426846427752,77.52290585167412,0,100,3.0,6,0.0004535812212697967
7.68,0.005350271385530505,77.5607994860294,0,100,3.0,6,0.0012039502184038745
7.685,0.01084668799215426,77.65144697964095,0,100,3.0,6,0.0029989500919000286
7.69,0.016256859896386415,77.85343089561607,0,100,3.0,6,0.00699863159635785
7.695,0.02345021205790711,78.27206809920676,0,100,3.0,6,0.015288477212015105
7.7,0.0330621597308209,79.07802187804528,0,100,3.0,6,0.031247957981094594
7.705,0.04559141319943196,80.51693895137673,0,100,3.0,6,0.05974136537379663
7.71,0.06149084917446989,82.89454088046219,0,100,3.0,6,0.10682259169232054
7.715,0.08111733445924295,86.52074732919208,0,100,3.0,6,0.17862865998400151
7.72,0.1046628598272375,91.60628022891433,0,100,3.0,6,0.2793322817606798
7.725,0.1320831047748631,98.12800786254579,0,100,3.0,6,0.40847540321872844
7.73,0.16303381314489318,105.70840989696592,0,100,3.0,6,0.5585823741973449
7.735,0.19682662652900276,113.57344353324595,0,100,3.0,6,0.7143256145197218
7.74,0.23241585813229,120.64276888442222,0,100,3.0,6,0.8543122551370738
7.745,0.26842527782774417,125.75956336367835,0,100,3.0,6,0.9556349180926407
7.75,0.30321927900592993,128.0,0,100,3.0,6,1.0
7.755,0.3350163137995362,126.95061745029365,0,100,3.0,6,0.9792201475305673
7.76,0.3620352400956416,122.84001560912182,0,100,3.0,6,0.897822091269739
7.765,0.3826586036805073,116.46801010317881,0,100,3.0,6,0.7716437644193824
7.77,0.39559233134833227,108.96296573740314,0,100,3.0,6,0.6230290245030324
7.775,0.4,101.46881286087532,0,100,3.0,6,0.4746299576410954
7.78,0.39559233134833227,94.88053871179497,0,100,3.0,6,0.34416908340188057
7.785,0.3826586036805073,89.70779311233117,0,100,3.0,6,0.24173847747190444
7.79,0.3620352400956416,86.07956026661839,0,100,3.0,6,0.1698922825072948
7.795,0.3350163137995362,83.84687409322002,0,100,3.0,6,0.1256806751132678
7.8,0.3032192790059296,82.7187027867249,0,100,3.0,6,0.10334064924207731
7.805,0.26842527782774417,82.37771688222631,0,100,3.0,6,0.09658845311339226
7.81,0.23241585813229,82.55072048744152,0,100,3.0,6,0.10001426707804997
7.815,0.19682662652900276,83.03453037589074,0,100,3.0,6,0.1095946609087275
7.82,0.16303381314489318,83.69208055632127,0,100,3.0,6,0.12261545656081728
7.825,0.13208310477486307,84.43544696634281,0,100,3.0,6,0.1373355834919368
7.83,0.10466285982723562,85.20760297898806,0,100,3.0,6,0.15262580156412006
7.835,0.08111733445917907,85.96850260217812,0,100,3.0,6,0.1676931208352103
7.84,0.06149084917398798,86.6865931944108,0,100,3.0,6,0.18191273652298623
7.845,0.04559141333598128,87.33469336179016,0,100,3.0,6,0.19474640320376552
7.85,0.03306217087257399,87.88866412777621,0,100,3.0,6,0.20571612134210315
7.855,0.02345067901074276,88.32756689971691,0,100,3.0,6,0.21440726534092897
7.86,0.016268788896435526,88.63444229094094,0,100,3.0,6,0.22048400576120672
7.865,0.011039026374860051,88.7972016808272,0,100,3.0,6,0.22370696397677625
7.87,0.007326255555493689,88.80935150413694,0,100,3.0,6,0.22394755453736517
7.875,0.0047556414315231815,88.67040269484706,0,100,3.0,6,0.22119609296726842
7.88,0.0030193390635632803,88.38589749796584,0,100,3.0,6,0.21556232669239292
7.885,0.001874953127946523,87.96704111602165,0,100,3.0,6,0.20726814091131976
7.89,0.0011387927410965778,87.42996910265714,0,100,3.0,6,0.19663305153776514
7.895,0.0006765107634274089,86.79471636674512,0,100,3.0,6,0.18405378944049744
7.9,0.00039307957404427924,86.08397933237504,0,100,3.0,6,0.16997978875990172
7.905,0.00022338910511776318,85.32177758289465,0,100,3.0,6,0.15488668480979514
7.91,0.00012417073320013317,84.53212429988861,0,100,3.0,6,0.13924998613640807
7.915,6.750753468904987e-05,83.7378064113005,0,100,3.0,6,0.1235209190356534
7.92,3.5897234866245036e-05,82.95935736032456,0,100,3.0,6,0.1081060863430606
7.925,1.8670050400879738e-05,82.21428063285789,0,100,3.0,6,0.09335209173976025
7.93,9.497421874143672e-06,81.51655406697313,0,100,3.0,6,0.0795357240984778
7.935,4.725434140340885e-06,80.8764170164331,0,100,3.0,6,0.06685974289966524
7.94,2.299606063738814e-06,80.30041774319758,0,100,3.0,6,0.05545381669698188
7.945,1.0945633976635486e-06,79.7916792805792,0,100,3.0,6,0.04537978773424164
7.95,5.095703414287532e-07,79.35032975682887,0,100,3.0,6,0.03664019320453208
7.955,2.3202944964797243e-07,78.97403808767992,0,100,3.0,6,0.029188873023364655
7.96,1.0333746954038608e-07,78.65859741440458,0,100,3.0,6,0.022942523057516477
7.965,4.501406988770349e-08,78.39850537991533,0,100,3.0,6,0.01779218574089772
7.97,0.0,78.1875006071592,0,100,3.0,6,0.01361387340909295
7.975,0.0,78.01902678123402,0,100,3.0,6,0.010277758044237983
7.98,0.0,77.8866079019436,0,100,3.0,6,0.007655602018685262
7.985,0.0,77.78412926151917,0,100,3.0,6,0.0056263220102805754
7.99,0.0,77.70602763440992,0,100,3.0,6,0.004079755136830114
7.995,0.0,77.64740060525696,0,100,3.0,6,0.002918823866474497
8.0,0.0,77.604048862077,0,100,3.0,6,0.0020603735064751187
8.005,0.0,77.57246689949535,0,100,3.0,6,0.0014349881088188759
8.01,0.0,77.54979735814472,0,100,3.0,6,0.000986086299895357
8.015,0.0,77.53376270259416,0,100,3.0,6,0.0006685683682011887
8.02,0.0,77.52258563891289,0,100,3.0,6,0.000447240374512603
8.025,0.0,77.51490705436474,0,100,3.0,6,0.0002951891953414091
8.03,0.0,77.50970768257822,0,100,3.0,6,0.00019223133818265054
8.035,0.0,77.50623739972342,0,100,3.0,6,0.000123512865810248
8.04,0.0,77.50395417479393,0,100,3.0,6,7.830049096895945e-05
8.045,0.0,77.50247327511215,0,100,3.0,6,4.8975744795087046e-05
8.05,0.0,77.50152634696913,0,100,3.0,6,3.0224692458002417e-05
8.055,0.0,77.50092939083888,0,100,3.0,6,1.840377898766332e-05
8.06,0.0,77.50055835162344,0,100,3.0,6,1.1056467790881876e-05
8.065,0.0,77.50033096453323,0,100,3.0,6,6.553753133339972e-06
8.07,0.0,77.50019356169078,0,100,3.0,6,3.832904767894361e-06
8.075,0.0,77.50011169188872,0,100,3.0,6,2.2117205686966075e-06
8.08,0.0,77.50006358989972,0,100,3.0,6,1.2592059351395573e-06
8.085,0.0,77.5000357206146,0,100,3.0,6,7.07338903067007e-07
8.09,0.0,77.50001979766552,0,100,3.0,6,3.920329805119349e-07
8.095,0.0,77.50001082613204,0,100,3.0,6,2.1437885228950486e-07
8.1,0.0,77.50000584113084,0,100,3.0,6,1.156659572873173e-07
8.105,0.001684486749771458,77.50000310945893,0,100,3.0,6,6.157344416513495e-08
8.11,0.00456624331333666,77.50000163319106,0,100,3.0,6,3.234041705942254e-08
8.115,0.011079731271581421,77.50000084635671,0,100,3.0,6,1.6759538865618098e-08
8.12,0.024064571490409,77.5000004327471,0,100,3.0,6,8.569249512400364e-09
8.125,0.046784906529573234,77.50000021831278,0,100,3.0,6,4.323025299671295e-09
8.13,0.08141644351188804,77.5000001086647,0,100,3.0,6,2.151776103832757e-09
8.135,0.12682276464025305,77.50000005336567,0,100,3.0,6,1.0567458899134695e-09
8.14,0.1768320708657512,77.50000002585828,0,100,3.0,6,5.120452356950949e-10
8.145,0.22070063230473494,77.50000001236238,0,100,3.0,6,2.447995601608337e-10
8.15,0.24656126505113576,77.50000000583134,0,100,3.0,6,1.154720587575218e-10
8.155,0.24656126505724016,77.50000000271393,0,100,3.0,6,5.374123148693897e-11
8.16,0.220700632329898,77.50000000124622,0,100,3.0,6,2.4677641668309697e-11
8.165,0.17683207093748562,77.50000000056461,0,100,3.0,6,1.1180425122568135e-11
8.17,0.12682276483597799,77.50000000025238,0,100,3.0,6,4.997718410732428e-12
8.175,0.08141644409447898,77.50000000011131,0,100,3.0,6,2.204230197706481e-12
8.18,0.04678490952598309,77.50000000004844,0,100,3.0,6,9.59303044042052e-13
8.185,0.024064605020532023,77.5000000000208,0,100,3.0,6,4.1197408520902444e-13
8.19,0.011080171739334697,77.50000000000881,0,100,3.0,6,1.7446989947376718e-13
8.195,0.004571212771509492,77.50000000000368,0,100,3.0,6,7.28833934898479e-14
8.2,0.0017299316936037438,77.50000000000152,0,100,3.0,6,3.011012781240821e-14
8.205,0.0008899431850697582,77.50000000000061,0,100,3.0,6,1.2100331737696755e-14
8.21,0.002128806368910263,77.50000000000024,0,100,3.0,6,4.783852082345229e-15
8.215,0.009309664818487698,77.5000000000001,0,100,3.0,6,1.969821445671565e-15
8.22,0.03503263543368747,77.50000000000004,0,100,3.0,6,8.442091910020992e-16
8.225,0.10606267793605692,77.50000000000001,0,100,3.0,6,2.814030636673664e-16
8.23,0.25734927343160535,77.5,0,100,3.0,6,0.0
8.235,0.5003202479539708,77.5,0,100,3.0,6,0.0
8.24,0.7793067891790435,77.5,0,100,3.0,6,0.0
8.245,0.9720477407234077,77.5000029632167,1,100,3.0,6,5.867755844249559e-08
8.25,0.967267334488097,77.50000611949993,0,100,3.0,6,1.2117821641611342e-07
8.255,0.7505869905515209,77.5000136661605,0,100,3.0,6,2.706170395714874e-07
8.26,0.4028369574773956,77.50003448761683,0,100,3.0,6,6.829231055424244e-07
8.265,0.04553881263121314,77.50009893563154,0,100,3.0,6,1.9591214166635243e-06
8.27,-0.189138810908105,77.50030887479707,0,100,3.0,6,6.1163326152625205e-06
8.275,-0.22868072635956738,77.50098936987865,0,100,3.0,6,1.9591482745598493e-05
8.28,-0.14104670682394166,77.50311109919818,0,100,3.0,6,6.160592471641763e-05
8.285,-0.051158381651102834,77.50936430658398,0,100,3.0,6,0.00018543181354407307
8.29,-0.008206426846427752,77.52663503308537,0,100,3.0,6,0.0005274263977300939
8.295,0.005350271385530505,77.57113795423459,0,100,3.0,6,0.0014086723610809244
8.3,0.01084668799215426,77.67785621339104,0,100,3.0,6,0.003521905215664127
8.305,0.016256859896386415,77.9156022259755,0,100,3.0,6,0.008229747049019897
8.31,0.02345021205790711,78.4069380257099,0,100,3.0,6,0.017959168825938725
8.315,0.0330621597308209,79.34748987799968,0,100,3.0,6,0.036583957980191636
8.32,0.04559141319943196,81.01228362930992,0,100,3.0,6,0.06955017087742416
8.325,0.06149084917446989,83.73079902637203,0,100,3.0,6,0.12338215893805991
8.33,0.08111733445924295,87.81367872264438,0,100,3.0,6,0.20423126183454224
8.335,0.1046628598272375,93.4288216152286,0,100,3.0,6,0.3154222102025465
8.34,0.1320831047748631,100.45351412056698,0,100,3.0,6,0.4545250320904352
8.345,0.16303381314489318,108.36134960751014,0,100,3.0,6,0.6111158338120819
8.35,0.19682662652900276,116.21652194472324,0,100,3.0,6,0.7666638008856087
8.355,0.23241585813229,122.82360122088085,0,100,3.0,6,0.8974970538788286
8.36,0.26842527782774417,127.01713839847308,0,100,3.0,6,0.9805373940291698
8.365,0.30321927900592993,128.0,0,100,3.0,6,1.0
8.37,0.3350163137995362,125.59701682575721,0,100,3.0,6,0.9524161747674694
8.375,0.3620352400956416,120.3140247604608,0,100,3.0,6,0.8478024705041742
8.38,0.3826586036805073,113.17578272521496,0,100,3.0,6,0.7064511430735635
8.385,0.39559233134833227,105.41460450461524,0,100,3.0,6,0.5527644456359454
8.39,0.4,98.1397912084383,0,100,3.0,6,0.40870873680075837
8.395,0.39559233134833227,92.10783014594557,0,100,3.0,6,0.2892639632860509
8.4,0.3826586036805073,87.64951021194136,0,100,3.0,6,0.2009804002364626
8.405,0.3620352400956416,84.73520644729147,0,100,3.0,6,0.143271414797851
8.41,0.3350163137995362,83.11302488416099,0,100,3.0,6,0.11114900760714837
8.415,0.3032192790059296,82.45012180045974,0,100,3.0,6,0.09802221387048991
8.42,0.26842527782774417,82.43311100444015,0,100,3.0,6,0.09768536642455743
8.425,0.23241585813229,82.8162323398421,0,100,3.0,6,0.10527192752162579
8.43,0.19682662652900276,83.42866618321837,0,100,3.0,6,0.11739933036075977
8.435,0.16303381314489318,84.1600622480566,0,100,3.0,7,0.13188242075359613
8.44,0.13208310477486307,84.940236624999,0,100,3.0,7,0.14733141831681193
8.445,0.10466285982723562,85.72195777553705,0,100,3.0,7,0.1628110450601396
8.45,0.08111733445917907,86.4696633299647,0,100,3.0,7,0.1776170956428654
8.455,0.06149084917398798,87.15353818842898,0,100,3.0,7,0.19115917204809865
8.46,0.04559141333598128,87.74725089071974,0,100,3.0,7,0.2029158592221731
8.465,0.03306217087257399,88.22774168238095,0,100,3.0,7,0.21243052836397924
8.47,0.02345067901074276,88.57593914149084,0,100,3.0,7,0.21932552755427395
8.475,0.016268788896435526,88.77773137510404,0,100,3.0,7,0.2233214133683968
8.48,0.011039026374860051,88.82481855964929,0,100,3.0,7,0.22425383286434233
8.485,0.007326255555493689,88.71524935893723,0,100,3.0,7,0.22208414572152926
8.49,0.0047556414315231815,88.45354650959632,0,100,3.0,7,0.21690191108111528
8.495,0.0030193390635632803,88.05039484238684,0,100,3.0,7,0.20891870975023438
8.5,0.001874953127946523,87.52191701266186,0,100,3.0,7,0.1984538022309279
8.505,0.0011387927410965778,86.88860404516025,0,100,3.0,7,0.18591295138931188
8.51,0.0006765107634274089,86.17399918548756,0,100,3.0,7,0.17176236010866455
8.515,0.00039307957404427924,85.40325259759987,0,100,3.0,7,0.15650005143762127
8.52,0.00022338910511776318,84.60166988532686,0,100,3.0,7,0.14062712644211597
8.525,0.00012417073320013317,83.79336949573046,0,100,3.0,7,0.12462117813327643
8.53,6.750753468904987e-05,83.00014467233905,0,100,3.0,7,0.10891375588790192
8.535,3.5897234866245036e-05,82.2405979846216,0,100,3.0,7,0.09387322741824954
8.54,1.8670050400879738e-05,81.52958456421845,0,100,3.0,7,0.07979375374690006
8.545,9.497421874143672e-06,80.8779681711764,0,100,3.0,7,0.06689045883517634
8.55,4.725434140340885e-06,80.29266578507671,0,100,3.0,7,0.05530031257577638
8.555,2.299606063738814e-06,79.77693434234938,0,100,3.0,7,0.045087808759393624
8.56,1.0945633976635486e-06,79.33083911757771,0,100,3.0,7,0.03625423995203387
8.565,5.095703414287532e-07,78.95183743607637,0,100,3.0,7,0.028749256159928207
8.57,2.3202944964797243e-07,78.63541317800785,0,100,3.0,7,0.022483429267482213
8.575,1.0333746954038608e-07,78.3757053491493,0,100,3.0,7,0.017340699983154448
8.58,4.501406988770349e-08,78.16608584846017,0,100,3.0,7,0.013189818781389513
8.585,0.0,77.99965535153865,0,100,3.0,7,0.00989416537700296
8.59,0.0,77.86964004284735,0,100,3.0,7,0.007319604808858435
8.595,0.0,77.7696842680522,0,100,3.0,7,0.005340282535687178
8.6,0.0,77.69404405685896,0,100,3.0,7,0.0038424565714644857
8.605,0.0,77.63769342762592,0,100,3.0,7,0.0027266025272459243
8.61,0.0,77.59635942692422,0,100,3.0,7,0.0019081074638460122
8.615,0.0,77.56650332172448,0,100,3.0,7,0.0013168974598907444
8.62,0.0,77.54526479938636,0,100,3.0,7,0.0008963326611160258
8.625,0.0,77.53038407321809,0,100,3.0,7,0.0006016648161997493
8.63,0.0,77.52011404975813,0,100,3.0,7,0.0003982980150125725
8.635,0.0,77.51313170683527,0,100,3.0,7,0.0002600337987181626
8.64,0.0,77.50845494854985,0,100,3.0,7,0.0001674247237594887
8.645,0.0,77.5053686969771,0,100,3.0,7,0.00010631083122971762
8.65,0.0,77.50336197861758,0,100,3.0,7,6.6573834011411e-05
8.655,0.0,77.50207629536354,0,100,3.0,7,4.1114759673998586e-05
8.66,0.0,77.5012645949802,0,100,3.0,7,2.5041484756421046e-05
8.665,0.0,77.50075959466382,0,100,3.0,7,1.5041478491465937e-05
8.67,0.0,77.50044996681824,0,100,3.0,7,8.910234024507182e-06
8.675,0.0,77.50026287374051,0,100,3.0,7,5.205420604165783e-06
8.68,0.0,77.50015145445519,0,100,3.0,7,2.9990981226213685e-06
8.685,0.0,77.5000860567684,0,100,3.0,7,1.7040944236790586e-06
8.69,0.0,77.50004822321333,0,100,3.0,7,9.549151153769704e-07
8.695,0.0,77.50002664988816,0,100,3.0,7,5.277205575409182e-07
8.7,0.0,77.50001452455274,0,100,3.0,7,2.87614905726802e-07
8.705,0.0,77.50000780689389,0,100,3.0,7,1.545919582269454e-07
8.71,0.001684486749771458,77.5000041382995,0,100,3.0,7,8.194652479579589e-08
8.715,0.00456624331333666,77.5000021633844,0,100,3.0,7,4.2839294936507795e-08
8.72,0.011079731271581421,77.50000111535623,0,100,3.0,7,2.2086261919461736e-08
8.725,0.024064571490409,77.50000056710259,0,100,3.0,7,1.1229754235419834e-08
8.73,0.046784906529573234,77.5000002843661,0,100,3.0,7,5.631011784469881e-09
8.735,0.08141644351188804,77.50000014062486,0,100,3.0,7,2.784650749811473e-09
8.74,0.12682276464025305,77.5000000685827,0,100,3.0,7,1.3580731346976763e-09
8.745,0.1768320708657512,77.5000000329864,0,100,3.0,7,6.53196168221455e-10
8.75,0.22070063230473494,77.50000001564673,0,100,3.0,7,3.0983631062338077e-10
8.755,0.24656126505113576,77.50000000731949,0,100,3.0,7,1.4494030618170475e-10
8.76,0.24656126505724016,77.5000000033768,0,100,3.0,7,6.686727739170327e-11
8.765,0.220700632329898,77.50000000153638,0,100,3.0,7,3.042332942226998e-11
8.77,0.17683207093748562,77.50000000068938,0,100,3.0,7,1.3651144021567612e-11
8.775,0.12682276483597799,77.50000000030506,0,100,3.0,7,6.0408795677473545e-12
8.78,0.08141644409447898,77.50000000013313,0,100,3.0,7,2.6361839004358887e-12
8.785,0.04678490952598309,77.5000000000573,0,100,3.0,7,1.1346171527068214e-12
8.79,0.024064605020532023,77.50000000002431,0,100,3.0,7,4.81480641934864e-13
8.795,0.011080171739334697,77.50000000001017,0,100,3.0,7,2.0148459358583435e-13
8.8,0.004571212771509492,77.5000000000042,0,100,3.0,7,8.329530684554046e-14
8.805,0.0017299316936037438,77.5000000000017,0,100,3.0,7,3.376836764008397e-14
8.81,0.0008899431850697582,77.50000000000068,0,100,3.0,7,1.3507347056033587e-14
8.815,0.002128806368910263,77.50000000000027,0,100,3.0,7,5.346658209679962e-15
8.82,0.009309664818487698,77.5000000000001,0,100,3.0,7,1.969821445671565e-15
8.825,0.03503263543368747,77.50000000000004,0,100,3.0,7,8.442091910020992e-16
8.83,0.10606267793605692,77.50000000000001,0,100,3.0,7,2.814030636673664e-16
8.835,0.25734927343160535,77.5,0,100,3.0,7,0.0
8.84,0.5003202479539708,77.5,0,100,3.0,7,0.0
8.845,0.7793067891790435,77.5,0,100,3.0,7,0.0
8.85,0.9720477407234077,77.5000029768749,1,100,3.0,7,5.8948017741016935e-08
8.855,0.967267334488097,77.50000639791868,0,100,3.0,7,1.2669145904861705e-07
8.86,0.7505869905515209,77.50001503914727,0,100,3.0,7,2.978048964657976e-07
8.865,0.4028369574773956,77.5000405977313,0,100,3.0,7,8.039154712749602e-07
8.87,0.04553881263121314,77.50012568133535,0,100,3.0,7,2.488739313818796e-06
8.875,-0.189138810908105,77.50042139469598,0,100,3.0,7,8.344449425278683e-06
8.88,-0.22868072635956738,77.50143220973679,0,100,3.0,7,2.8360588847345023e-05
8.885,-0.14104670682394166,77.5047186192955,0,100,3.0,7,9.343800585153338e-05
8.89,-0.051158381651102834,77.51471703980556,0,100,3.0,7,0.0002914265308031825
8.895,-0.008206426846427752,77.54295938552251,0,100,3.0,7,0.0008506809014357997
8.9,0.005350271385530505,77.6167303530177,0,100,3.0,7,0.002311492138964373
8.905,0.01084668799215426,77.79449447378158,0,100,3.0,7,0.005831573738249171
8.91,0.016256859896386415,78.1889498680611,0,100,3.0,7,0.013642571644774282
8.915,0.02345021205790711,78.9936054602403,0,100,3.0,7,0.029576345747332738
8.92,0.0330621597308209,80.4996856165681,0,100,3.0,7,0.059399715179566354
8.925,0.04559141319943196,83.07993103850617,0,100,3.0,7,0.11049368393081534
8.93,0.06149084917446989,87.11287313371587,0,100,3.0,7,0.19035392343991814
8.935,0.08111733445924295,92.83655963825184,0,100,3.0,7,0.3036942502624127
8.94,0.1046628598272375,100.1592760486476,0,100,3.0,7,0.44869853561678413
8.945,0.1320831047748631,108.50359714416015,0,100,3.0,7,0.6139326167160426
8.95,0.16303381314489318,116.78654847688122,0,100,3.0,7,0.777951454987747
8.955,0.19682662652900276,123.60821001847575,0,100,3.0,7,0.913033861751995
8.96,0.23241585813229,127.62847233815549,0,100,3.0,7,0.9926430165971384
8.965,0.26842527782774417,128.0,0,100,3.0,7,1.0
8.97,0.30321927900592993,124.66760400991004,0,100,3.0,7,0.934011960592278
8.975,0.3350163137995362,118.39038146372059,0,100,3.0,7,0.8097105240340711
8.98,0.3620352400956416,110.47562935409675,0,100,3.0,7,0.6529827594870644
8.985,0.3826586036805073,102.35298204453142,0,100,3.0,7,0.4921382583075528
8.99,0.39559233134833227,95.17874322086946,0,100,3.0,7,0.35007412318553394
8.995,0.4,89.61569511522995,0,100,3.0,7,0.23991475475702878
9.0,0.39559233134833227,85.82517009686714,0,100,3.0,7,0.16485485340330971
9.005,0.3826586036805073,83.6090618349903,0,100,3.0,7,0.12097152148495643
9.01,0.3620352400956416,82.59933730320935,0,100,3.0,7,0.1009769763011753
9.015,0.3350163137995362,82.41268319594003,0,100,3.0,7,0.09728085536514917
9.02,0.3032192790059296,82.73585255051967,0,100,3.0,7,0.10368024852514192
9.025,0.26842527782774417,83.34863649182353,0,100,3.0,7,0.11581458399650547
9.03,0.23241585813229,84.11012510513392,0,100,3.0,7,0.1308935664382954
9.035,0.19682662652900276,84.93289016428321,0,100,3.0,7,0.14718594384719225
9.04,0.16303381314489318,85.75985479737454,0,100,3.0,7,0.1635614811361296
9.045,0.13208310477486307,86.54900938892803,0,100,3.0,7,0.17918830473124805
9.05,0.10466285982723562,87.2655137876512,0,100,3.0,7,0.19337651064655845
9.055,0.08111733445917907,87.87880541393756,0,100,3.0,7,0.2055208992858922
9.06,0.06149084917398798,88.36243221298648,0,100,3.0,7,0.21509766758389062
9.065,0.04559141333598128,88.69504827525046,0,100,3.0,7,0.2216841242623853
9.07,0.03306217087257399,88.86166481029888,0,100,3.0,7,0.22498346159007676
9.075,0.02345067901074276,88.85467214111144,0,100,3.0,7,0.22484499289329576
9.08,0.016268788896435526,88.67438787319062,0,100,3.0,7,0.22127500738991338
9.085,0.011039026374860051,88.32902560186928,0,100,3.0,7,0.21443615053206486
9.09,0.007326255555493689,87.834072636083,0,100,3.0,7,0.20463510170461374
9.095,0.0047556414315231815,87.21113807884366,0,100,3.0,7,0.19229976393749823
9.1,0.0030193390635632803,86.48638950473932,0,100,3.0,7,0.177948307024541
9.105,0.001874953127946523,85.68873539894074,0,100,3.0,7,0.16215317621664824
9.11,0.0011387927410965778,84.84792859716677,0,100,3.0,7,0.14550353657755982
9.115,0.0006765107634274089,83.99276234682259,0,100,3.0,7,0.12856955142222945
9.12,0.00039307957404427924,83.14950732513329,0,100,3.0,7,0.11187143218085714
9.125,0.00022338910511776318,82.34069963296807,0,100,3.0,7,0.0958554382765954
9.13,0.00012417073320013317,81.58434279250736,0,100,3.0,7,0.08087807509915558
9.135,6.750753468904987e-05,80.89353805575186,0,100,3.0,7,0.06719877338122497
9.14,3.5897234866245036e-05,80.27651326693037,0,100,3.0,7,0.05498046073129437
9.145,1.8670050400879738e-05,79.73698603104926,0,100,3.0,7,0.04429675309008427
9.15,9.497421874143672e-06,79.27477491320202,0,100,3.0,7,0.03514405768716877
9.155,4.725434140340885e-06,78.88656355336967,0,100,3.0,7,0.027456704027122157
9.16,2.299606063738814e-06,78.56672572691414,0,100,3.0,7,0.02112328172107214
9.165,1.0945633976635486e-06,78.30813189638289,0,100,3.0,7,0.01600261180956216
9.17,5.095703414287532e-07,78.10287630828009,0,100,3.0,7,0.011938144718417582
9.175,2.3202944964797243e-07,77.94288469900617,0,100,3.0,7,0.008769994039726167
9.18,1.0333746954038608e-07,77.82038311916784,0,100,3.0,7,0.0063442201815414505
9.185,4.501406988770349e-08,77.72822597134211,0,100,3.0,7,0.004519326165190349
9.19,0.0,77.66009471412842,0,100,3.0,7,0.0031701923589786034
9.195,0.0,77.61058733996865,0,100,3.0,7,0.0021898483162108096
9.2,0.0,77.57522294299544,0,100,3.0,7,0.0014895632276324417
9.205,0.0,77.55038621312866,0,100,3.0,7,0.0009977467946269503
9.21,0.0,77.53323453510313,0,100,3.0,7,0.0006581096060026449
9.215,0.0,77.52158658720883,0,100,3.0,7,0.0004274571724520814
9.22,0.0,77.51380685790998,0,100,3.0,7,0.0002734031269303704
9.225,0.0,77.5086960537223,0,100,3.0,7,0.0001721990836099709
9.23,0.0,77.50539344261945,0,100,3.0,7,0.00010680084394950859
9.235,0.0,77.50329402128571,0,100,3.0,7,6.522814427151136e-05
9.24,0.0,77.50198108554771,0,100,3.0,7,3.922941678637255e-05
9.245,0.0,77.50117326616962,0,100,3.0,7,2.323299345773806e-05
9.25,0.0,77.50068423668777,0,100,3.0,7,1.3549241342076076e-05
9.255,0.0,77.5003929458036,0,100,3.0,7,7.781105021721677e-06
9.26,0.0,77.50022221606024,0,100,3.0,7,4.400318024499038e-06
9.265,0.0,77.5001237470122,0,100,3.0,7,2.4504358850775826e-06
9.27,0.0,77.5000678594742,0,100,3.0,7,1.3437519643534554e-06
9.275,0.0,77.50003664398938,0,100,3.0,7,7.256235519862727e-07
9.28,0.0,77.50001948549742,0,100,3.0,7,3.858514340249307e-07
9.285,0.001684486749771458,77.50001020320788,0,100,3.0,7,2.0204372036811162e-07
9.29,0.00456624331333666,77.50000526112309,0,100,3.0,7,1.0418065530171985e-07
9.295,0.011079731271581421,77.50000267138621,0,100,3.0,7,5.289873688480379e-08
9.3,0.024064571490409,77.50000133570758,0,100,3.0,7,2.6449655051422243e-08
9.305,0.046784906529573234,77.50000065766176,0,100,3.0,7,1.3023005107747354e-08
9.31,0.08141644351188804,77.5000003188675,0,100,3.0,7,6.3142080519058494e-09
9.315,0.12682276464025305,77.500000152242,0,100,3.0,7,3.0146929705074623e-09
9.32,0.1768320708657512,77.50000007157726,0,100,3.0,7,1.4173715138859185e-09
9.325,0.22070063230473494,77.50000003313846,0,100,3.0,7,6.562071810026957e-10
9.33,0.24656126505113576,77.50000001510796,0,100,3.0,7,2.991674762705599e-10
9.335,0.24656126505724016,77.5000000067826,0,100,3.0,7,1.3430889843635165e-10
9.34,0.220700632329898,77.50000000299849,0,100,3.0,7,5.937604643381431e-11
9.345,0.17683207093748562,77.50000000130535,0,100,3.0,7,2.584855981622961e-11
9.35,0.12682276483597799,77.50000000055958,0,100,3.0,7,1.1080808438029887e-11
9.355,0.08141644409447898,77.50000000023623,0,100,3.0,7,4.677763127342632e-12
9.36,0.04678490952598309,77.5000000000982,0,100,3.0,7,1.944495169941502e-12
9.365,0.024064605020532023,77.50000000004019,0,100,3.0,7,7.958078640513122e-13
9.37,0.011080171739334697,77.5000000000162,0,100,3.0,7,3.207994925807977e-13
9.375,0.004571212771509492,77.50000000000644,0,100,3.0,7,1.27475587841317e-13
9.38,0.0017299316936037438,77.50000000000252,0,100,3.0,7,4.9808342269123855e-14
9.385,0.0008899431850697582,77.50000000000097,0,100,3.0,7,1.9135408329380917e-14
9.39,0.002128806368910263,77.50000000000037,0,100,3.0,7,7.316479655351527e-15
9.395,0.009309664818487698,77.50000000000014,0,100,3.0,7,2.8140306366736642e-15
9.4,0.03503263543368747,77.50000000000004,0,100,3.0,7,8.442091910020992e-16
9.405,0.10606267793605692,77.50000000000001,0,100,3.0,7,2.814030636673664e-16
9.41,0.25734927343160535,77.5,0,100,3.0,7,0.0
9.415,0.5003202479539708,77.5,0,100,3.0,7,0.0
9.42,0.7793067891790435,77.5,0,100,3.0,7,0.0
9.425,0.9720477407234077,77.50000295858096,1,100,3.0,7,5.85857616676936e-08
9.43,0.967267334488097,77.50000649780915,0,100,3.0,7,1.2866948817744662e-07
9.435,0.7505869905515209,77.50001571079831,0,100,3.0,7,3.111049170006436e-07
9.44,0.4028369574773956,77.50004401685699,0,100,3.0,7,8.716209304854448e-07
9.445,0.04553881263121314,77.50014199796655,0,100,3.0,7,2.8118409218087877e-06
9.45,-0.189138810908105,77.50049432191162,0,100,3.0,7,9.7885527052898e-06
9.455,-0.22868072635956738,77.50173211644027,0,100,3.0,7,3.42993354508107e-05
9.46,-0.14104670682394166,77.50584288582245,0,100,3.0,7,0.00011570070935536563
9.465,-0.051158381651102834,77.51854730297484,0,100,3.0,7,0.00036727332623441534
9.47,-0.008206426846427752,77.55481496280055,0,100,3.0,7,0.001085444807931663
9.475,0.005350271385530505,77.65008419708057,0,100,3.0,7,0.0029719642986252228
9.48,0.01084668799215426,77.87981851286148,0,100,3.0,7,0.00752115867052428
9.485,0.016256859896386415,78.38742298606793,0,100,3.0,7,0.017572732397384796
9.49,0.02345021205790711,79.41315942805718,0,100,3.0,7,0.03788434511004326
9.495,0.0330621597308209,81.30460163111171,0,100,3.0,7,0.0753386461606279
9.5,0.04559141319943196,84.47809489490693,0,100,3.0,7,0.1381800969288501
9.505,0.06149084917446989,89.30317826768169,0,100,3.0,7,0.23372630233033045
9.51,0.08111733445924295,95.91109716494718,0,100,3.0,7,0.36457618148410254
9.515,0.1046628598272375,103.98360250134391,0,100,3.0,7,0.5244277723038397
9.52,0.1320831047748631,112.63196549089727,0,100,3.0,7,0.6956824849682628
9.525,0.16303381314489318,120.48176915990015,0,100,3.0,7,0.851124141780201
9.53,0.19682662652900276,126.00411814452141,0,100,3.0,7,0.960477587020226
9.535,0.23241585813229,128.0,0,100,3.0,7,1.0
9.54,0.26842527782774417,126.03166825490115,0,100,3.0,7,0.9610231337604188
9.545,0.30321927900592993,120.59024835370354,0,100,3.0,7,0.8532722446277929
9.55,0.3350163137995362,112.91318697147013,0,100,3.0,7,0.7012512271578243
9.555,0.3620352400956416,104.54533238728061,0,100,3.0,7,0.5355511363817943
9.56,0.3826586036805073,96.85710937740994,0,100,3.0,7,0.38330909658237505
9.565,0.39559233134833227,90.72270386050883,0,100,3.0,7,0.2618357200100758
9.57,0.4,86.44535081746378,0,100,3.0,7,0.17713565975175793
9.575,0.39559233134833227,83.88417312505604,0,100,3.0,7,0.12641926980308985
9.58,0.3826586036805073,82.66571321886003,0,100,3.0,7,0.10229135086851553
9.585,0.3620352400956416,82.37202450792604,0,100,3.0,7,0.09647573283021865
9.59,0.3350163137995362,82.65192834843367,0,100,3.0,7,0.10201838313730041
9.595,0.3032192790059296,83.25634189984378,0,100,3.0,7,0.11398696831373813
9.6,0.26842527782774417,84.0264242558057,0,100,3.0,7,0.12923612387734046
9.605,0.23241585813229,84.86484526486245,0,100,3.0,7,0.1458385200962862
9.61,0.19682662652900276,85.70909511705845,0,100,3.0,7,0.16255633895165253
9.615,0.16303381314489318,86.51374059129739,0,100,3.0,7,0.17848991269895825
9.62,0.13208310477486307,87.24132622835091,0,100,3.0,7,0.19289754907625573
9.625,0.10466285982723562,87.85911768203138,0,100,3.0,7,0.20513104320854222
9.63,0.08111733445917907,88.33897458047528,0,100,3.0,7,0.2146331600094115
9.635,0.06149084917398798,88.65851542478347,0,100,3.0,7,0.22096070148086086
9.64,0.04559141333598128,88.80252600599808,0,100,3.0,8,0.22381239615837772
9.645,0.03306217087257399,88.76406271594287,0,100,3.0,8,0.22305074685035386
9.65,0.02345067901074276,88.5449807473852,0,100,3.0,8,0.21871249004723162
9.655,0.016268788896435526,88.15577906783629,0,100,3.0,8,0.21100552609576817
9.66,0.011039026374860051,87.61476482243962,0,100,3.0,8,0.20029237272157674
9.665,0.007326255555493689,86.94662571979583,0,100,3.0,8,0.18706189544150165
9.67,0.0047556414315231815,86.18056443389439,0,100,3.0,8,0.17189236502761168
9.675,0.0030193390635632803,85.34819090517139,0,100,3.0,8,0.15540972089448302
9.68,0.001874953127946523,84.48138340308783,0,100,3.0,8,0.13824521590272937
9.685,0.0011387927410965778,83.61031721315373,0,100,3.0,8,0.1209963804584898
9.69,0.0006765107634274089,82.7618245365926,0,100,3.0,8,0.10419454527906136
9.695,0.00039307957404427924,81.9581974975489,0,100,3.0,8,0.08828113856532464
9.7,0.00022338910511776318,81.21648669901883,0,100,3.0,8,0.07359379602017485
9.705,0.00012417073320013317,80.54828942211552,0,100,3.0,8,0.06036216677456468
9.71,6.750753468904987e-05,79.95997193468784,0,100,3.0,8,0.04871231553837313
9.715,3.5897234866245036e-05,79.45323475258576,0,100,3.0,8,0.038677915892787275
9.72,1.8670050400879738e-05,79.02591053115628,0,100,3.0,8,0.030216050121906632
9.725,9.497421874143672e-06,78.67288122682059,0,100,3.0,8,0.023225370828130552
9.73,4.725434140340885e-06,78.38701167635604,0,100,3.0,8,0.01756458765061463
9.735,2.299606063738814e-06,78.16001677799984,0,100,3.0,8,0.013069639168313722
9.74,1.0945633976635486e-06,77.98320447949557,0,100,3.0,8,0.009568405534565727
9.745,5.095703414287532e-07,77.84806252373428,0,100,3.0,8,0.0068923272026591076
9.75,2.3202944964797243e-07,77.74667998599702,0,100,3.0,8,0.0048847521979607815
9.755,1.0333746954038608e-07,77.6720128543322,0,100,3.0,8,0.0034061951352909866
9.76,4.501406988770349e-08,77.61801527615162,0,100,3.0,8,0.002336936161418297
9.765,0.0,77.5796646933126,0,100,3.0,8,0.0015775186794573105
9.77,0.0,77.5529107463042,0,100,3.0,8,0.0010477375505783498
9.775,0.0,77.53457579886194,0,100,3.0,8,0.000684669284394789
9.78,0.0,77.52223058524193,0,100,3.0,8,0.00044020960875105396
9.785,0.0,77.51406306247611,0,100,3.0,8,0.00027847648467547634
9.79,0.0,77.50875304685681,0,100,3.0,8,0.00017332766053089986
9.795,0.0,77.50536029803884,0,100,3.0,8,0.00010614451562054735
9.8,0.0,77.50322975038792,0,100,3.0,8,6.395545322606727e-05
9.805,0.0,77.501914693741,0,100,3.0,8,3.791472754455348e-05
9.81,0.0,77.50111681184963,0,100,3.0,8,2.211508613123163e-05
9.815,0.0,77.50064093065815,0,100,3.0,8,1.2691696200995961e-05
9.82,0.0,77.50036190319393,0,100,3.0,8,7.166399879875231e-06
9.825,0.0,77.50020105927997,0,100,3.0,8,3.981371880663213e-06
9.83,0.0,77.50010990214456,0,100,3.0,8,2.1762800902634618e-06
9.835,0.0,77.5000591069498,0,100,3.0,8,1.1704346496180103e-06
9.84,0.0,77.50003127672464,0,100,3.0,8,6.193410820062559e-07
9.845,0.001684486749771458,77.5000162837461,0,100,3.0,8,3.2245041794421114e-07
9.85,0.00456624331333666,77.50000834137632,0,100,3.0,8,1.651757686139006e-07
9.855,0.011079731271581421,77.50000420408458,0,100,3.0,8,8.324919951636469e-08
9.86,0.024064571490409,77.50000208475734,0,100,3.0,8,4.128232358378245e-08
9.865,0.046784906529573234,77.50000101716151,0,100,3.0,8,2.0141812055413483e-08
9.87,0.08141644351188804,77.50000048828643,0,100,3.0,8,9.669038252126268e-09
9.875,0.12682276464025305,77.50000023062678,0,100,3.0,8,4.5668669638034055e-09
9.88,0.1768320708657512,77.50000010717541,0,100,3.0,8,2.1222853441634805e-09
9.885,0.22070063230473494,77.50000004900393,0,100,3.0,8,9.703748475820447e-10
9.89,0.24656126505113576,77.50000002204536,0,100,3.0,8,4.365416982794402e-10
9.895,0.24656126505724016,77.50000000975783,0,100,3.0,8,1.9322428805494247e-10
9.9,0.220700632329898,77.50000000424953,0,100,3.0,8,8.414908374070725e-11
9.905,0.17683207093748562,77.50000000182087,0,100,3.0,8,3.605673735382699e-11
9.91,0.12682276483597799,77.50000000076766,0,100,3.0,8,1.5201112096247465e-11
9.915,0.08141644409447898,77.50000000031842,0,100,3.0,8,6.305398447594679e-12
9.92,0.04678490952598309,77.50000000012996,0,100,3.0,8,2.573431017238066e-12
9.925,0.024064605020532023,77.50000000005218,0,100,3.0,8,1.0333120497865694e-12
9.93,0.011080171739334697,77.50000000002062,0,100,3.0,8,4.0831584538134865e-13
9.935,0.004571212771509492,77.50000000000801,0,100,3.0,8,1.5871132790839464e-13
9.94,0.0017299316936037438,77.50000000000307,0,100,3.0,8,6.078306175215115e-14
9.945,0.0008899431850697582,77.50000000000115,0,100,3.0,8,2.279364815705668e-14
9.95,0.002128806368910263,77.50000000000043,0,100,3.0,8,8.442091910020992e-15
9.955,0.009309664818487698,77.50000000000016,0,100,3.0,8,3.0954337003410305e-15
9.96,0.03503263543368747,77.50000000000006,0,100,3.0,8,1.1256122546694657e-15
9.965,0.10606267793605692,77.50000000000001,0,100,3.0,8,2.814030636673664e-16
9.97,0.25734927343160535,77.5,0,100,3.0,8,0.0
9.975,0.5003202479539708,77.5,0,100,3.0,8,0.0
9.98,0.7793067891790435,77.5,0,100,3.0,8,0.0
9.985,0.9720477407234077,77.50000297262514,1,100,3.0,8,5.8863864154827213e-08
9.99,0.967267334488097,77.50000602692357,0,100,3.0,8,1.193450212231075e-07
9.995,0.7505869905515209,77.50001314884915,0,100,3.0,8,2.603732504761829e-07
10.0,0.4028369574773956,77.50003218277465,0,100,3.0,8,6.372826662597374e-07
10.005,0.04553881263121314,77.5000891336331,0,100,3.0,8,1.7650224375563202e-06
10.01,-0.189138810908105,77.5002690214767,0,100,3.0,8,5.32715795439925e-06
10.015,-0.22868072635956738,77.50083732265789,0,100,3.0,8,1.6580646690828313e-05
10.02,-0.14104670682394166,77.50257317183726,0,100,3.0,8,5.09538977674351e-05
10.025,-0.051158381651102834,77.5076082097914,0,100,3.0,8,0.00015065761963167613
10.03,-0.008206426846427752,77.52135258747315,0,100,3.0,8,0.0004228235143197217
10.035,0.005350271385530505,77.55649700924465,0,100,3.0,8,0.0011187526583099309
10.04,0.01084668799215426,77.64045440057028,0,100,3.0,8,0.0027812752588173757
10.045,0.016256859896386415,77.82751617390053,0,100,3.0,8,0.006485468790109587
10.05,0.02345021205790711,78.21569569973141,0,100,3.0,8,0.014172192073889358
10.055,0.0330621597308209,78.96491975294279,0,100,3.0,8,0.029008311939461205
10.06,0.04559141319943196,80.30785299502509,0,100,3.0,8,0.05560104940643736
10.065,0.06149084917446989,82.53901529227541,0,100,3.0,8,0.0997824810351566
10.07,0.08111733445924295,85.96626012174221,0,100,3.0,8,0.16764871528202394
10.075,0.1046628598272375,90.81658192531896,0,100,3.0,8,0.2636946915904744
10.08,0.1320831047748631,97.10833980159956,0,100,3.0,8,0.38828395646731795
10.085,0.16303381314489318,104.52938760793602,0,100,3.0,8,0.5352353981769508
10.09,0.19682662652900276,112.38094101245923,0,100,3.0,8,0.6907117032170145
10.095,0.23241585813229,119.64223165483207,0,100,3.0,8,0.834499636729348
10.1,0.26842527782774417,125.1719099748606,0,100,3.0,8,0.9439982173239723
10.105,0.30321927900592993,128.0,0,100,3.0,8,1.0
10.11,0.3350163137995362,127.6101393237791,0,100,3.0,8,0.992279986609487
10.115,0.3620352400956416,124.10010403781507,0,100,3.0,8,0.9227743373824767
10.12,0.3826586036805073,118.15277378027952,0,100,3.0,8,0.8050054213916736
10.125,0.39559233134833227,110.8299379581053,0,100,3.0,8,0.6599987714476298
10.13,0.4,103.27489006078626,0,100,3.0,8,0.510393862589827
10.135,0.39559233134833227,96.43814350154825,0,100,3.0,8,0.3750127426049159
10.14,0.3826586036805073,90.9137835998359,0,100,3.0,8,0.26561947722447316
10.145,0.3620352400956416,86.9136909261355,0,100,3.0,8,0.1864097213096139
10.15,0.3350163137995362,84.34894125219122,0,100,3.0,8,0.13562259905329158
10.155,0.3032192790059296,82.95851223358169,0,100,3.0,8,0.10808935116003339
10.16,0.26842527782774417,82.42961246934831,0,100,3.0,8,0.09761608850194681
10.165,0.23241585813229,82.47825904809713,0,100,3.0,8,0.09857938709103227
10.17,0.19682662652900276,82.88510695734854,0,100,3.0,8,0.10663578133363447
10.175,0.16303381314489318,83.49817142324218,0,100,3.0,8,0.11877567174736997
10.18,0.13208310477486307,84.218703403949,0,100,3.0,8,0.1330436317613662
10.185,0.10466285982723562,84.98313005843968,0,100,3.0,8,0.14818079323642938
10.19,0.08111733445917907,85.74806308660983,0,100,3.0,8,0.163327981913066
10.195,0.06149084917398798,86.48049615879853,0,100,3.0,8,0.17783160710492138
10.2,0.04559141333598128,87.1526196872008,0,100,3.0,8,0.19114098390496628
10.205,0.03306217087257399,87.73979816955085,0,100,3.0,8,0.20276828058516538
10.21,0.02345067901074276,88.22034613356011,0,100,3.0,8,0.2122840818526755
10.215,0.016268788896435526,88.57613991279077,0,100,3.0,8,0.2193295032235795
10.22,0.011039026374860051,88.79347868239333,0,100,3.0,8,0.22363324123551145
10.225,0.007326255555493689,88.86386439984123,0,100,3.0,8,0.2250270178186383
10.23,0.0047556414315231815,88.78452238775425,0,100,3.0,8,0.22345588886642082
10.235,0.0030193390635632803,88.55857365850133,0,100,3.0,8,0.21898165660398675
10.24,0.001874953127946523,88.19482866332193,0,100,3.0,8,0.2117787854123154
10.245,0.0011387927410965778,87.70721657209255,0,100,3.0,8,0.2021231004374762
10.25,0.0006765107634274089,87.11390019357708,0,100,3.0,8,0.1903742612589521
10.255,0.00039307957404427924,86.43615452975533,0,100,3.0,8,0.17695355504465995
10.26,0.00022338910511776318,85.6971052748557,0,100,3.0,8,0.16231891633377626
10.265,0.00012417073320013317,84.92043109401514,0,100,3.0,8,0.14693922958445826
10.27,6.750753468904987e-05,84.12913009206147,0,100,3.0,8,0.13126990281309847
10.275,3.5897234866245036e-05,83.3444376315581,0,100,3.0,8,0.11573143824867513
10.28,1.8670050400879738e-05,82.58496182074326,0,100,3.0,8,0.10069231328204475
10.285,9.497421874143672e-06,81.86607755524824,0,100,3.0,8,0.08645698129204434
10.29,4.725434140340885e-06,81.1995932352933,0,100,3.0,8,0.07325927198600607
10.295,2.299606063738814e-06,80.59367928154045,0,100,3.0,8,0.061260975872088036
10.3,1.0945633976635486e-06,80.05302685084085,0,100,3.0,8,0.05055498714536339
10.305,5.095703414287532e-07,79.5791903812813,0,100,3.0,8,0.041172086758045415
10.31,2.3202944964797243e-07,79.17105949996414,0,100,3.0,8,0.03309028712800286
10.315,1.0333746954038608e-07,78.82540422739977,0,100,3.0,8,0.026245628265342033
10.32,4.501406988770349e-08,78.53744138964515,0,100,3.0,8,0.02054339385435946
10.325,0.0,78.30137828670698,0,100,3.0,8,0.01586887696449461
10.33,0.0,78.11090032048983,0,100,3.0,8,0.012097036049303622
10.335,0.0,77.95958084176635,0,100,3.0,8,0.009100610728046602
10.34,0.0,77.84120254425764,0,100,3.0,8,0.006756486024903777
10.345,0.0,77.74998928072644,0,100,3.0,8,0.004950282786662154
10.35,0.0,77.68075457337353,0,100,3.0,8,0.0035792984826442343
10.355,0.0,77.62897810246339,0,100,3.0,8,0.0025540218309582667
10.36,0.0,77.59082417329567,0,100,3.0,8,0.0017984984811024256
10.365,0.0,77.56311690651798,0,100,3.0,8,0.0012498397330292315
10.37,0.0,77.54328612787634,0,100,3.0,8,0.0008571510470562883
10.375,0.0,77.52929615012752,0,100,3.0,8,0.0005801217847033963
10.38,0.0,77.51956731102686,0,100,3.0,8,0.00038747150548240573
10.385,0.0,77.51289764815891,0,100,3.0,8,0.00025539897344380267
10.39,0.0,77.5083897435128,0,100,3.0,8,0.00016613353490680706
10.395,0.0,77.5053857429786,0,100,3.0,8,0.00010664837581393074
10.4,0.0,77.50341193968492,0,100,3.0,8,6.756316207769271e-05
10.405,0.0,77.50213312275217,0,100,3.0,8,4.224005449841435e-05
10.41,0.0,77.50131610073626,0,100,3.0,8,2.606140071804367e-05
10.415,0.0,77.5008013480742,0,100,3.0,8,1.586827869713002e-05
10.42,0.0,77.50048151746557,0,100,3.0,8,9.53499931828185e-06
10.425,0.0,77.5002855365269,0,100,3.0,8,5.654188651540086e-06
10.43,0.0,77.50016709755003,0,100,3.0,8,3.3088623768948633e-06
10.435,0.0,77.50009650221315,0,100,3.0,8,1.910934913937153e-06
10.44,0.0,77.50005500007046,0,100,3.0,8,1.0891103061517737e-06
10.445,0.0,77.50003093484894,0,100,3.0,8,6.125712660728949e-07
10.45,0.0,77.50001717083974,0,100,3.0,8,3.400166285205565e-07
10.455,0.0,77.5000094057591,0,100,3.0,8,1.862526554723805e-07
10.46,0.0,77.50000508457842,0,100,3.0,8,1.0068472116328471e-07
10.465,0.001684486749771458,77.50000271253174,0,100,3.0,8,5.371349977782068e-08
10.47,0.00456624331333666,77.50000142808314,0,100,3.0,8,2.8278874019138535e-08
10.475,0.011079731271581421,77.50000074197783,0,100,3.0,8,1.4692630267547591e-08
10.48,0.024064571490409,77.50000038044087,0,100,3.0,8,7.533482502286362e-09
10.485,0.046784906529573234,77.50000019250507,0,100,3.0,8,3.811981577479792e-09
10.49,0.08141644351188804,77.50000009612934,0,100,3.0,8,1.9035513055809637e-09
10.495,0.12682276464025305,77.50000004737274,0,100,3.0,8,9.38073996918986e-10
10.5,0.1768320708657512,77.5000000230388,0,100,3.0,8,4.562137422512348e-10
10.505,0.22070063230473494,77.50000001105732,0,100,3.0,8,2.1895690980894113e-10
10.51,0.24656126505113576,77.5000000052372,0,100,3.0,8,1.0370687806865288e-10
10.515,0.24656126505724016,77.50000000244798,0,100,3.0,8,4.8474773150404206e-11
10.52,0.220700632329898,77.50000000112921,0,100,3.0,8,2.2360568842072603e-11
10.525,0.17683207093748562,77.50000000051404,0,100,3.0,8,1.0178911618975978e-11
10.53,0.12682276483597799,77.50000000023093,0,100,3.0,8,4.5727997845947045e-12
10.535,0.08141644409447898,77.50000000010237,0,100,3.0,8,2.0272276706597077e-12
10.54,0.04678490952598309,77.50000000004479,0,100,3.0,8,8.869824566795389e-13
10.545,0.024064605020532023,77.50000000001934,0,100,3.0,8,3.829895696512857e-13
10.55,0.011080171739334697,77.50000000000824,0,100,3.0,8,1.632137769270725e-13
10.555,0.004571212771509492,77.50000000000347,0,100,3.0,8,6.86623475348374e-14
10.56,0.0017299316936037438,77.50000000000144,0,100,3.0,8,2.842170943040401e-14
10.565,0.0008899431850697582,77.50000000000058,0,100,3.0,8,1.1537525610362024e-14
10.57,0.002128806368910263,77.50000000000024,0,100,3.0,8,4.783852082345229e-15
10.575,0.009309664818487698,77.5000000000001,0,100,3.0,8,1.969821445671565e-15
10.58,0.03503263543368747,77.50000000000004,0,100,3.0,8,8.442091910020992e-16
10.585,0.10606267793605692,77.50000000000001,0,100,3.0,8,2.814030636673664e-16
10.59,0.25734927343160535,77.5,0,100,3.0,8,0.0
10.595,0.5003202479539708,77.5,0,100,3.0,8,0.0
10.6,0.7793067891790435,77.5,0,100,3.0,8,0.0
10.605,0.9720477407234077,77.50000297771932,1,100,3.0,8,5.896473899246312e-08
10.61,0.967267334488097,77.50000663960374,0,100,3.0,8,1.3147730177623466e-07
10.615,0.7505869905515209,77.50001637586298,0,100,3.0,8,3.242745145319595e-07
10.62,0.4028369574773956,77.50004709848977,0,100,3.0,8,9.326433618442403e-07
10.625,0.04553881263121314,77.50015636152904,0,100,3.0,8,3.0962679017134764e-06
10.63,-0.189138810908105,77.50055851161024,0,100,3.0,8,1.1059635846270857e-05
10.635,-0.22868072635956738,77.50199785519398,0,100,3.0,8,3.956148898964784e-05
10.64,-0.14104670682394166,77.50684655116036,0,100,3.0,8,0.0001355752705022735
10.645,-0.051158381651102834,77.52198752153514,0,100,3.0,8,0.00043539646604233553
10.65,-0.008206426846427752,77.56550288726234,0,100,3.0,8,0.0012970868764819888
10.655,0.005350271385530505,77.68017945676077,0,100,3.0,8,0.0035679100348667055
10.66,0.01084668799215426,77.95663373031859,0,100,3.0,8,0.009042252085516556
10.665,0.016256859896386415,78.56510793599625,0,100,3.0,8,0.02109124625735153
10.67,0.02345021205790711,79.78536032528146,0,100,3.0,8,0.04525465990656355
10.675,0.0330621597308209,82.00955711372923,0,100,3.0,8,0.08929816066790554
10.68,0.04559141319943196,85.68219717478566,0,100,3.0,8,0.16202370643139913
10.685,0.06149084917446989,91.14997859840949,0,100,3.0,8,0.2702966059090988
10.69,0.08111733445924295,98.43667840593884,0,100,3.0,8,0.41458769120670963
10.695,0.1046628598272375,107.025648494709,0,100,3.0,8,0.5846663068259208
10.7,0.1320831047748631,115.78459252281604,0,100,3.0,8,0.7581107430260602
10.705,0.16303381314489318,123.1477986612665,0,100,3.0,8,0.9039168051735942
10.71,0.19682662652900276,127.55660442372614,0,100,3.0,8,0.9912198895787355
10.715,0.23241585813229,128.0,0,100,3.0,8,1.0
10.72,0.26842527782774417,124.40173161663243,0,100,3.0,8,0.9287471607253946
10.725,0.30321927900592993,117.65298983257354,0,100,3.0,8,0.7951087095559116
10.73,0.3350163137995362,109.27308996697352,0,100,3.0,8,0.6291700983559112
10.735,0.3620352400956416,100.87564874495942,0,100,3.0,8,0.4628841335635529
10.74,0.3826586036805073,93.69641414601595,0,100,3.0,8,0.32072107219833573
10.745,0.39559233134833227,88.36390013891604,0,100,3.0,8,0.21512673542407995
10.75,0.4,84.93753867373853,0,100,3.0,8,0.14727799353937682
10.755,0.39559233134833227,83.1108165011131,0,100,3.0,8,0.11110527724976449
10.76,0.3826586036805073,82.44178996739586,0,100,3.0,8,0.0978572270771458
10.765,0.3620352400956416,82.51738442219202,0,100,3.0,8,0.09935414697409947
10.77,0.3350163137995362,83.02651494004887,0,100,3.0,8,0.10943593940690831
10.775,0.3032192790059296,83.76477105221848,0,100,3.0,8,0.12405487232115799
10.78,0.26842527782774417,84.60711840850529,0,100,3.0,8,0.1407350179902037
10.785,0.23241585813229,85.47616777813795,0,100,3.0,8,0.15794391639877126
10.79,0.19682662652900276,86.31875732791698,0,100,3.0,8,0.17462885797855413
10.795,0.16303381314489318,87.09287384486441,0,100,3.0,8,0.18995789791810722
10.8,0.13208310477486307,87.7622785489768,0,100,3.0,8,0.20321343661340188
10.805,0.10466285982723562,88.29553846232781,0,100,3.0,8,0.21377303885797647
10.81,0.08111733445917907,88.66703467803421,0,100,3.0,8,0.2211293995650339
10.815,0.06149084917398798,88.85851368876422,0,100,3.0,8,0.22492106314384594
10.82,0.04559141333598128,88.86042489121863,0,100,3.0,8,0.22495890873700253
10.825,0.03306217087257399,88.67266908455821,0,100,3.0,8,0.22124097197144968
10.83,0.02345067901074276,88.3045967595911,0,100,3.0,8,0.213952411081012
10.835,0.016268788896435526,87.77423397700282,0,100,3.0,8,0.20345017776243213
10.84,0.011039026374860051,87.10681883811144,0,100,3.0,8,0.19023403639824626
10.845,0.007326255555493689,86.33281248509984,0,100,3.0,9,0.17490717792276902
10.85,0.0047556414315231815,85.48560236140001,0,100,3.0,9,0.15813073982970322
10.855,0.0030193390635632803,84.59913788751919,0,100,3.0,9,0.14057698787166714
10.86,0.001874953127946523,83.70572894913506,0,100,3.0,9,0.12288572176505078
10.865,0.0011387927410965778,82.83419950017672,0,100,3.0,9,0.10562771287478659
10.87,0.0006765107634274089,82.00853002696181,0,100,3.0,9,0.0892778223160754
10.875,0.00039307957404427924,81.24705388855047,0,100,3.0,9,0.07419908690198947
10.88,0.00022338910511776318,80.56220437043469,0,100,3.0,9,0.060637710305637325
10.885,0.00012417073320013317,79.96075097280979,0,100,3.0,9,0.04872774203583744
10.89,6.750753468904987e-05,79.44442152181271,0,100,3.0,9,0.038503396471538893
10.895,3.5897234866245036e-05,79.01078419848078,0,100,3.0,9,0.029916518781797578
10.9,1.8670050400879738e-05,78.65426016726607,0,100,3.0,9,0.022856636975565815
10.905,9.497421874143672e-06,78.36715003120642,0,100,3.0,9,0.017171287746661802
10.91,4.725434140340885e-06,78.14058098050421,0,100,3.0,9,0.012684771891172496
10.915,2.299606063738814e-06,77.96531076079805,0,100,3.0,9,0.009214074471248463
10.92,1.0945633976635486e-06,77.83235438484492,0,100,3.0,9,0.00658127494742414
10.925,5.095703414287532e-07,77.73342587215042,0,100,3.0,9,0.004622294498028116
10.93,2.3202944964797243e-07,77.66120771708205,0,100,3.0,9,0.0031922320214267295
10.935,1.0333746954038608e-07,77.60947423674872,0,100,3.0,9,0.002167806668291569
10.94,4.501406988770349e-08,77.57310166766504,0,100,3.0,9,0.0014475577755453993
10.945,0.0,77.54799896841564,0,100,3.0,9,0.0009504746220918965
10.95,0.0,77.53099030020272,0,100,3.0,9,0.0006136693109448907
10.955,0.0,77.51967473643876,0,100,3.0,9,0.00038959874136156546
10.96,0.0,77.51228234589465,0,100,3.0,9,0.00024321477019103072
10.965,0.0,77.50753950762486,0,100,3.0,9,0.00014929718069020686
10.97,0.0,77.50455086451487,0,100,3.0,9,9.011612900729972e-05
10.975,0.0,77.5027010591081,0,100,3.0,9,5.3486318972379043e-05
10.98,0.0,77.50157638948912,0,100,3.0,9,3.121563344785221e-05
10.985,0.0,77.5009046534282,0,100,3.0,9,1.7913929271159787e-05
10.99,0.0,77.5005104934764,0,100,3.0,9,1.010878171084664e-05
10.995,0.0,77.50028326141505,0,100,3.0,9,5.609136931667254e-06
11.0,0.0,77.50015455174204,0,100,3.0,9,3.060430535494768e-06
11.005,0.0,77.50008291815867,0,100,3.0,9,1.6419437360024074e-06
11.01,0.0,77.50004374361338,0,100,3.0,9,8.662101658438308e-07
11.015,0.001684486749771458,77.50002269179859,0,100,3.0,9,4.4934254636173855e-07
11.02,0.00456624331333666,77.50001157477203,0,100,3.0,9,2.2920340656452423e-07
11.025,0.011079731271581421,77.5000058055749,0,100,3.0,9,1.1496187922413882e-07
11.03,0.024064571490409,77.50000286330281,0,100,3.0,9,5.669906556141712e-08
11.035,0.046784906529573234,77.50000138860456,0,100,3.0,9,2.74971199868929e-08
11.04,0.08141644351188804,77.50000066218472,0,100,3.0,9,1.3112568667836086e-08
11.045,0.12682276464025305,77.50000031050527,0,100,3.0,9,6.148619233121425e-09
11.05,0.1768320708657512,77.50000014316869,0,100,3.0,9,2.8350235866263133e-09
11.055,0.22070063230473494,77.50000006491072,0,100,3.0,9,1.2853608342705383e-09
11.06,0.24656126505113576,77.50000002893837,0,100,3.0,9,5.730370985204873e-10
11.065,0.24656126505724016,77.50000001268589,0,100,3.0,9,2.512057009052213e-10
11.07,0.220700632329898,77.50000000546837,0,100,3.0,9,1.0828446170532993e-10
11.075,0.17683207093748562,77.50000000231783,0,100,3.0,9,4.5897683893338464e-11
11.08,0.12682276483597799,77.50000000096604,0,100,3.0,9,1.91294988650439e-11
11.085,0.08141644409447898,77.50000000039591,0,100,3.0,9,7.839889353772829e-12
11.09,0.04678490952598309,77.50000000015955,0,100,3.0,9,3.1593121957935227e-12
11.095,0.024064605020532023,77.50000000006322,0,100,3.0,9,1.2519622302561131e-12
11.1,0.011080171739334697,77.50000000002463,0,100,3.0,9,4.87671509335546e-13
11.105,0.004571212771509492,77.50000000000944,0,100,3.0,9,1.8685163427513129e-13
11.11,0.0017299316936037438,77.50000000000355,0,100,3.0,9,7.03507659168416e-14
11.115,0.0008899431850697582,77.50000000000132,0,100,3.0,9,2.6170484921065077e-14
11.12,0.002128806368910263,77.50000000000048,0,100,3.0,9,9.567704164690459e-15
11.125,0.009309664818487698,77.50000000000017,0,100,3.0,9,3.3768367640083968e-15
11.13,0.03503263543368747,77.50000000000006,0,100,3.0,9,1.1256122546694657e-15
11.135,0.10606267793605692,77.50000000000001,0,100,3.0,9,2.814030636673664e-16
11.14,0.25734927343160535,77.5,0,100,3.0,9,0.0
11.145,0.5003202479539708,77.5,0,100,3.0,9,0.0
11.15,0.7793067891790435,77.5,0,100,3.0,9,0.0
11.155,0.9720477407234077,77.5,1,100,3.0,9,0.0
11.16,0.967267334488097,77.5,0,100,3.0,9,0.0
11.165,0.7505869905515209,77.5,0,100,3.0,9,0.0
11.17,0.4028369574773956,77.5,0,100,3.0,9,0.0
11.175,0.04553881263121314,77.5,0,100,3.0,9,0.0
11.18,-0.189138810908105,77.5,0,100,3.0,9,0.0
11.185,-0.22868072635956738,77.5,0,100,3.0,9,0.0
11.19,-0.14104670682394166,77.5,0,100,3.0,9,0.0
11.195,-0.051158381651102834,77.5,0,100,3.0,9,0.0
11.2,-0.008206426846427752,77.5,0,100,3.0,9,0.0
11.205,0.005350271385530505,77.5,0,100,3.0,9,0.0
11.21,0.01084668799215426,77.5,0,100,3.0,9,0.0
11.215,0.016256859896386415,77.5,0,100,3.0,9,0.0
11.22,0.02345021205790711,77.5,0,100,3.0,9,0.0
11.225,0.0330621597308209,77.5,0,100,3.0,9,0.0
11.23,0.04559141319943196,77.5,0,100,3.0,9,0.0
11.235,0.06149084917446989,77.5,0,100,3.0,9,0.0
11.24,0.08111733445924295,77.5,0,100,3.0,9,0.0
11.245,0.1046628598272375,77.5,0,100,3.0,9,0.0
11.25,0.1320831047748631,77.5,0,100,3.0,9,0.0
11.255,0.16303381314489318,77.5,0,100,3.0,9,0.0
11.26,0.19682662652900276,77.5,0,100,3.0,9,0.0
11.265,0.23241585813229,77.5,0,100,3.0,9,0.0
11.27,0.26842527782774417,77.5,0,100,3.0,9,0.0
11.275,0.30321927900592993,77.5,0,100,3.0,9,0.0
11.28,0.3350163137995362,77.5,0,100,3.0,9,0.0
11.285,0.3620352400956416,77.5,0,100,3.0,9,0.0
11.29,0.3826586036805073,77.5,0,100,3.0,9,0.0
11.295,0.39559233134833227,77.5,0,100,3.0,9,0.0
11.3,0.4,77.5,0,100,3.0,9,0.0
11.305,0.39559233134833227,77.5,0,100,3.0,9,0.0
11.31,0.3826586036805073,77.5,0,100,3.0,9,0.0
11.315,0.3620352400956416,77.5,0,100,3.0,9,0.0
11.32,0.3350163137995362,77.5,0,100,3.0,9,0.0
11.325,0.3032192790059296,77.5,0,100,3.0,9,0.0
11.33,0.26842527782774417,77.5,0,100,3.0,9,0.0
11.335,0.23241585813229,77.5,0,100,3.0,9,0.0
11.34,0.19682662652900276,77.5,0,100,3.0,9,0.0
11.345,0.16303381314489318,77.5,0,100,3.0,9,0.0
11.35,0.13208310477486307,77.5,0,100,3.0,9,0.0
11.355,0.10466285982723562,77.5,0,100,3.0,9,0.0
11.36,0.08111733445917907,77.5,0,100,3.0,9,0.0
11.365,0.06149084917398798,77.5,0,100,3.0,9,0.0
11.37,0.04559141333598128,77.5,0,100,3.0,9,0.0
11.375,0.03306217087257399,77.5,0,100,3.0,9,0.0
11.38,0.02345067901074276,77.5,0,100,3.0,9,0.0
11.385,0.016268788896435526,77.5,0,100,3.0,9,0.0
11.39,0.011039026374860051,77.5,0,100,3.0,9,0.0
11.395,0.007326255555493689,77.5,0,100,3.0,9,0.0
11.4,0.0047556414315231815,77.5,0,100,3.0,9,0.0
11.405,0.0030193390635632803,77.5,0,100,3.0,9,0.0
11.41,0.001874953127946523,77.5,0,100,3.0,9,0.0
11.415,0.0011387927410965778,77.5,0,100,3.0,9,0.0
11.42,0.0006765107634274089,77.5,0,100,3.0,9,0.0
11.425,0.00039307957404427924,77.5,0,100,3.0,9,0.0
11.43,0.00022338910511776318,77.5,0,100,3.0,9,0.0
11.435,0.00012417073320013317,77.5,0,100,3.0,9,0.0
11.44,6.750753468904987e-05,77.5,0,100,3.0,9,0.0
11.445,3.5897234866245036e-05,77.5,0,100,3.0,9,0.0
11.45,1.8670050400879738e-05,77.5,0,100,3.0,9,0.0
11.455,9.497421874143672e-06,77.5,0,100,3.0,9,0.0
11.46,4.725434140340885e-06,77.5,0,100,3.0,9,0.0
11.465,2.299606063738814e-06,77.5,0,100,3.0,9,0.0
11.47,1.0945633976635486e-06,77.5,0,100,3.0,9,0.0
11.475,5.095703414287532e-07,77.5,0,100,3.0,9,0.0
11.48,2.3202944964797243e-07,77.5,0,100,3.0,9,0.0
11.485,1.0333746954038608e-07,77.5,0,100,3.0,9,0.0
11.49,4.501406988770349e-08,77.5,0,100,3.0,9,0.0
11.495,0.0,77.5,0,100,3.0,9,0.0
11.5,0.0,77.5,0,100,3.0,9,0.0
11.505,0.0,77.5,0,100,3.0,9,0.0
11.51,0.0,77.5,0,100,3.0,9,0.0
11.515,0.0,77.5,0,100,3.0,9,0.0
11.52,0.0,77.5,0,100,3.0,9,0.0
11.525,0.0,77.5,0,100,3.0,9,0.0
11.53,0.0,77.5,0,100,3.0,9,0.0
11.535,0.0,77.5,0,100,3.0,9,0.0
11.54,0.0,77.5,0,100,3.0,9,0.0
11.545,0.0,77.5,0,100,3.0,9,0.0
11.55,0.0,77.5,0,100,3.0,9,0.0
11.555,0.0,77.5,0,100,3.0,9,0.0
11.56,0.0,77.5,0,100,3.0,9,0.0
11.565,0.0,77.5,0,100,3.0,9,0.0
11.57,0.0,77.5,0,100,3.0,9,0.0
11.575,0.0,77.5,0,100,3.0,9,0.0
11.58,0.0,77.5,0,100,3.0,9,0.0
11.585,0.0,77.5,0,100,3.0,9,0.0
11.59,0.0,77.5,0,100,3.0,9,0.0
11.595,0.0,77.5,0,100,3.0,9,0.0
11.6,0.0,77.5,0,100,3.0,9,0.0
11.605,0.0,77.5,0,100,3.0,9,0.0
11.61,0.0,77.5,0,100,3.0,9,0.0
11.615,0.0,77.5,0,100,3.0,9,0.0
11.62,0.0,77.5,0,100,3.0,9,0.0
11.625,0.0,77.5,0,100,3.0,9,0.0
11.63,0.0,77.5,0,100,3.0,9,0.0
11.635,0.0,77.5,0,100,3.0,9,0.0
11.64,0.0,77.5,0,100,3.0,9,0.0
11.645,0.0,77.5,0,100,3.0,9,0.0
11.65,0.0,77.5,0,100,3.0,9,0.0
11.655,0.0,77.5,0,100,3.0,9,0.0
11.66,0.0,77.5,0,100,3.0,9,0.0
11.665,0.0,77.5,0,100,3.0,9,0.0
11.67,0.0,77.5,0,100,3.0,9,0.0
11.675,0.0,77.5,0,100,3.0,9,0.0
11.68,0.0,77.5,0,100,3.0,9,0.0
11.685,0.0,77.5,0,100,3.0,9,0.0
11.69,0.0,77.5,0,100,3.0,9,0.0
11.695,0.0,77.5,0,100,3.0,9,0.0
11.7,0.0,77.5,0,100,3.0,9,0.0
11.705,0.0,77.5,0,100,3.0,9,0.0
11.71,0.0,77.5,0,100,3.0,9,0.0
11.715,0.0,77.5,0,100,3.0,9,0.0
11.72,0.0,77.5,0,100,3.0,9,0.0
11.725,0.0,77.5,0,100,3.0,9,0.0
11.73,0.0,77.5,0,100,3.0,9,0.0
11.735,0.0,77.5,0,100,3.0,9,0.0
11.74,0.0,77.5,0,100,3.0,9,0.0
11.745,0.0,77.5,0,100,3.0,9,0.0
11.75,0.0,77.5,0,100,3.0,9,0.0
11.755,0.0,77.5,0,100,3.0,9,0.0
11.76,0.0,77.5,0,100,3.0,9,0.0
11.765,0.0,77.5,0,100,3.0,9,0.0
11.77,0.0,77.5,0,100,3.0,9,0.0
11.775,0.0,77.5,0,100,3.0,9,0.0
11.78,0.0,77.5,0,100,3.0,9,0.0
11.785,0.0,77.5,0,100,3.0,9,0.0
11.79,0.0,77.5,0,100,3.0,9,0.0
11.795,0.0,77.5,0,100,3.0,9,0.0
11.8,0.0,77.5,0,100,3.0,9,0.0
11.805,0.0,77.5,0,100,3.0,9,0.0
11.81,0.0,77.5,0,100,3.0,9,0.0
11.815,0.0,77.5,0,100,3.0,9,0.0
11.82,0.0,77.5,0,100,3.0,9,0.0
11.825,0.0,77.5,0,100,3.0,9,0.0
11.83,0.0,77.5,0,100,3.0,9,0.0
11.835,0.0,77.5,0,100,3.0,9,0.0
11.84,0.0,77.5,0,100,3.0,9,0.0
11.845,0.0,77.5,0,100,3.0,9,0.0
11.85,0.0,77.5,0,100,3.0,9,0.0
11.855,0.0,77.5,0,100,3.0,9,0.0
11.86,0.0,77.5,0,100,3.0,9,0.0
11.865,0.0,77.5,0,100,3.0,9,0.0
11.87,0.0,77.5,0,100,3.0,9,0.0
11.875,0.0,77.5,0,100,3.0,9,0.0
11.88,0.0,77.5,0,100,3.0,9,0.0
11.885,0.0,77.5,0,100,3.0,9,0.0
11.89,0.0,77.5,0,100,3.0,9,0.0
11.895,0.0,77.5,0,100,3.0,9,0.0
11.9,0.0,77.5,0,100,3.0,9,0.0
11.905,0.0,77.5,0,100,3.0,9,0.0
11.91,0.0,77.5,0,100,3.0,9,0.0
11.915,0.0,77.5,0,100,3.0,9,0.0
11.92,0.0,77.5,0,100,3.0,9,0.0
11.925,0.0,77.5,0,100,3.0,9,0.0
11.93,0.0,77.5,0,100,3.0,9,0.0
11.935,0.0,77.5,0,100,3.0,9,0.0
11.94,0.0,77.5,0,100,3.0,9,0.0
11.945,0.0,77.5,0,100,3.0,9,0.0
11.95,0.0,77.5,0,100,3.0,9,0.0
11.955,0.0,77.5,0,100,3.0,9,0.0
11.96,0.0,77.5,0,100,3.0,9,0.0
11.965,0.0,77.5,0,100,3.0,9,0.0
11.97,0.0,77.5,0,100,3.0,9,0.0
11.975,0.0,77.5,0,100,3.0,9,0.0
11.98,0.0,77.5,0,100,3.0,9,0.0
11.985,0.0,77.5,0,100,3.0,9,0.0
11.99,0.0,77.5,0,100,3.0,9,0.0
11.995,0.0,77.5,0,100,3.0,9,0.0
