Time,ECG,Pressure,R_Peaks,mean_hr,hrv_scale,Phase_Bin,Normalized_Pressure
0.0,0.001684486749771458,77.5,0,100,3.0,0,0.0
0.005,0.00456624331333666,77.5,0,100,3.0,0,0.0
0.01,0.011079731271581421,77.5,0,100,3.0,0,0.0
0.015,0.024064571490409,77.5,0,100,3.0,0,0.0
0.02,0.046784906529573234,77.5,0,100,3.0,0,0.0
0.025,0.08141644351188804,77.5,0,100,3.0,0,0.0
0.03,0.12682276464025305,77.5,0,100,3.0,0,0.0
0.035,0.1768320708657512,77.5,0,100,3.0,0,0.0
0.04,0.22070063230473494,77.5,0,100,3.0,0,0.0
0.045,0.24656126505113576,77.5,0,100,3.0,0,0.0
0.05,0.24656126505724016,77.5,0,100,3.0,0,0.0
0.055,0.220700632329898,77.5,0,100,3.0,0,0.0
0.06,0.17683207093748562,77.5,0,100,3.0,0,0.0
0.065,0.12682276483597799,77.5,0,100,3.0,0,0.0
0.07,0.08141644409447898,77.5,0,100,3.0,0,0.0
0.075,0.04678490952598309,77.5,0,100,3.0,0,0.0
0.08,0.024064605020532023,77.5,0,100,3.0,0,0.0
0.085,0.011080171739334697,77.5,0,100,3.0,0,0.0
0.09,0.004571212771509492,77.5,0,100,3.0,0,0.0
0.095,0.0017299316936037438,77.5,0,100,3.0,0,0.0
0.1,0.0008899431850697582,77.5,0,100,3.0,0,0.0
0.105,0.002128806368910263,77.5,0,100,3.0,0,0.0
0.11,0.009309664818487698,77.5,0,100,3.0,0,0.0
0.115,0.03503263543368747,77.5,0,100,3.0,0,0.0
0.12,0.10606267793605692,77.5,0,100,3.0,0,0.0
0.125,0.25734927343160535,77.5,0,100,3.0,0,0.0
0.13,0.5003202479539708,77.5,0,100,3.0,0,0.0
0.135,0.7793067891790435,77.5,0,100,3.0,0,0.0
0.14,0.9720477407234077,77.5,0,100,3.0,0,0.0
0.145,0.967267334488097,77.5,0,100,3.0,0,0.0
0.15,0.7505869905515209,77.5,0,100,3.0,0,0.0
0.155,0.4028369574773956,77.5,0,100,3.0,0,0.0
0.16,0.04553881263121314,77.5,0,100,3.0,0,0.0
0.165,-0.189138810908105,77.5,0,100,3.0,0,0.0
0.17,-0.22868072635956738,77.5,0,100,3.0,0,0.0
0.175,-0.14104670682394166,77.5,0,100,3.0,0,0.0
0.18,-0.051158381651102834,77.5,0,100,3.0,0,0.0
0.185,-0.008206426846427752,77.5,0,100,3.0,0,0.0
0.19,0.005350271385530505,77.5,0,100,3.0,0,0.0
0.195,0.01084668799215426,77.5,0,100,3.0,0,0.0
0.2,0.016256859896386415,77.5,0,100,3.0,0,0.0
0.205,0.02345021205790711,77.5,0,100,3.0,0,0.0
0.21,0.0330621597308209,77.5,0,100,3.0,0,0.0
0.215,0.04559141319943196,77.5,0,100,3.0,0,0.0
0.22,0.06149084917446989,77.5,0,100,3.0,0,0.0
0.225,0.08111733445924295,77.5,0,100,3.0,0,0.0
0.23,0.1046628598272375,77.5,0,100,3.0,0,0.0
0.235,0.1320831047748631,77.5,0,100,3.0,0,0.0
0.24,0.16303381314489318,77.5,0,100,3.0,0,0.0
0.245,0.19682662652900276,77.5,0,100,3.0,0,0.0
0.25,0.23241585813229,77.5,0,100,3.0,0,0.0
0.255,0.26842527782774417,77.5,0,100,3.0,0,0.0
0.26,0.30321927900592993,77.5,0,100,3.0,0,0.0
0.265,0.3350163137995362,77.5,0,100,3.0,0,0.0
0.27,0.3620352400956416,77.5,0,100,3.0,0,0.0
0.275,0.3826586036805073,77.5,0,100,3.0,0,0.0
0.28,0.39559233134833227,77.5,0,100,3.0,0,0.0
0.285,0.4,77.5,0,100,3.0,0,0.0
0.29,0.39559233134833227,77.5,0,100,3.0,0,0.0
0.295,0.3826586036805073,77.5,0,100,3.0,0,0.0
0.3,0.3620352400956416,77.5,0,100,3.0,0,0.0
0.305,0.3350163137995362,77.5,0,100,3.0,0,0.0
0.31,0.3032192790059296,77.5,0,100,3.0,0,0.0
0.315,0.26842527782774417,77.5,0,100,3.0,0,0.0
0.32,0.23241585813229,77.5,0,100,3.0,0,0.0
0.325,0.19682662652900276,77.5,0,100,3.0,0,0.0
0.33,0.16303381314489318,77.5,0,100,3.0,0,0.0
0.335,0.13208310477486307,77.5,0,100,3.0,0,0.0
0.34,0.10466285982723562,77.5,0,100,3.0,0,0.0
0.345,0.08111733445917907,77.5,0,100,3.0,0,0.0
0.35,0.06149084917398798,77.5,0,100,3.0,0,0.0
0.355,0.04559141333598128,77.5,0,100,3.0,0,0.0
0.36,0.03306217087257399,77.5,0,100,3.0,0,0.0
0.365,0.02345067901074276,77.5,0,100,3.0,0,0.0
0.37,0.016268788896435526,77.5,0,100,3.0,0,0.0
0.375,0.011039026374860051,77.5,0,100,3.0,0,0.0
0.38,0.007326255555493689,77.5,0,100,3.0,0,0.0
0.385,0.0047556414315231815,77.5,0,100,3.0,0,0.0
0.39,0.0030193390635632803,77.5,0,100,3.0,0,0.0
0.395,0.001874953127946523,77.5,0,100,3.0,0,0.0
0.4,0.0011387927410965778,77.5,0,100,3.0,0,0.0
0.405,0.0006765107634274089,77.5,0,100,3.0,0,0.0
0.41,0.00039307957404427924,77.5,0,100,3.0,0,0.0
0.415,0.00022338910511776318,77.5,0,100,3.0,0,0.0
0.42,0.00012417073320013317,77.5,0,100,3.0,0,0.0
0.425,6.750753468904987e-05,77.5,0,100,3.0,0,0.0
0.43,3.5897234866245036e-05,77.5,0,100,3.0,0,0.0
0.435,1.8670050400879738e-05,77.5,0,100,3.0,0,0.0
0.44,9.497421874143672e-06,77.5,0,100,3.0,0,0.0
0.445,4.725434140340885e-06,77.5,0,100,3.0,0,0.0
0.45,2.299606063738814e-06,77.5,0,100,3.0,0,0.0
0.455,1.0945633976635486e-06,77.5,0,100,3.0,0,0.0
0.46,5.095703414287532e-07,77.5,0,100,3.0,0,0.0
0.465,2.3202944964797243e-07,77.5,0,100,3.0,0,0.0
0.47,1.0333746954038608e-07,77.5,0,100,3.0,0,0.0
0.475,4.501406988770349e-08,77.5,0,100,3.0,0,0.0
0.48,0.0,77.5,0,100,3.0,0,0.0
0.485,0.0,77.5,0,100,3.0,0,0.0
0.49,0.0,77.5,0,100,3.0,0,0.0
0.495,0.0,77.5,0,100,3.0,0,0.0
0.5,0.0,77.5,0,100,3.0,0,0.0
0.505,0.0,77.5,0,100,3.0,0,0.0
0.51,0.0,77.5,0,100,3.0,0,0.0
0.515,0.0,77.5,0,100,3.0,0,0.0
0.52,0.0,77.5,0,100,3.0,0,0.0
0.525,0.0,77.5,0,100,3.0,0,0.0
0.53,0.0,77.5,0,100,3.0,0,0.0
0.535,0.0,77.5,0,100,3.0,0,0.0
0.54,0.0,77.5,0,100,3.0,0,0.0
0.545,0.0,77.5,0,100,3.0,0,0.0
0.55,0.0,77.5,0,100,3.0,0,0.0
0.555,0.0,77.5,0,100,3.0,0,0.0
0.56,0.0,77.5,0,100,3.0,0,0.0
0.565,0.0,77.5,0,100,3.0,0,0.0
0.57,0.0,77.5,0,100,3.0,0,0.0
0.575,0.0,77.5,0,100,3.0,0,0.0
0.58,0.0,77.5,0,100,3.0,0,0.0
0.585,0.001684486749771458,77.5,0,100,3.0,0,0.0
0.59,0.00456624331333666,77.5,0,100,3.0,0,0.0
0.595,0.011079731271581421,77.5,0,100,3.0,0,0.0
0.6,0.024064571490409,77.5,0,100,3.0,0,0.0
0.605,0.046784906529573234,77.5,0,100,3.0,0,0.0
0.61,0.08141644351188804,77.5,0,100,3.0,0,0.0
0.615,0.12682276464025305,77.5,0,100,3.0,0,0.0
0.62,0.1768320708657512,77.5,0,100,3.0,0,0.0
0.625,0.22070063230473494,77.5,0,100,3.0,0,0.0
0.63,0.24656126505113576,77.5,0,100,3.0,0,0.0
0.635,0.24656126505724016,77.5,0,100,3.0,0,0.0
0.64,0.220700632329898,77.5,0,100,3.0,0,0.0
0.645,0.17683207093748562,77.5,0,100,3.0,0,0.0
0.65,0.12682276483597799,77.5,0,100,3.0,0,0.0
0.655,0.08141644409447898,77.5,0,100,3.0,0,0.0
0.66,0.04678490952598309,77.5,0,100,3.0,0,0.0
0.665,0.024064605020532023,77.5,0,100,3.0,0,0.0
0.67,0.011080171739334697,77.5,0,100,3.0,0,0.0
0.675,0.004571212771509492,77.5,0,100,3.0,0,0.0
0.68,0.0017299316936037438,77.5,0,100,3.0,0,0.0
0.685,0.0008899431850697582,77.5,0,100,3.0,0,0.0
0.69,0.002128806368910263,77.5,0,100,3.0,0,0.0
0.695,0.009309664818487698,77.5,0,100,3.0,0,0.0
0.7,0.03503263543368747,77.5,0,100,3.0,0,0.0
0.705,0.10606267793605692,77.5,0,100,3.0,0,0.0
0.71,0.25734927343160535,77.5,0,100,3.0,0,0.0
0.715,0.5003202479539708,77.5,0,100,3.0,0,0.0
0.72,0.7793067891790435,77.5,0,100,3.0,0,0.0
0.725,0.9720477407234077,77.5000029632167,1,100,3.0,0,5.867755844249559e-08
0.73,0.967267334488097,77.50000632443192,0,100,3.0,0,1.252362756864692e-07
0.735,0.7505869905515209,77.50001473324576,0,100,3.0,0,2.917474408505849e-07
0.74,0.4028369574773956,77.50003930345265,0,100,3.0,0,7.782861911378535e-07
0.745,0.04553881263121314,77.50012007178523,0,100,3.0,0,2.37765911352014e-06
0.75,-0.189138810908105,77.50039768906025,0,100,3.0,0,7.875030896043021e-06
0.755,-0.22868072635956738,77.50133813309903,0,100,3.0,0,2.6497685129220596e-05
0.76,-0.14104670682394166,77.50437429970992,0,100,3.0,0,8.661979623609861e-05
0.765,-0.051158381651102834,77.51356283545961,0,100,3.0,0,0.0002685709992001851
0.77,-0.008206426846427752,77.539423280672,0,100,3.0,0,0.0007806590232078606
0.775,0.005350271385530505,77.60683292766095,0,100,3.0,0,0.0021155035180385365
0.78,0.01084668799215426,77.7691843879838,0,100,3.0,0,0.005330383920471266
0.785,0.016256859896386415,78.1298195737859,0,100,3.0,0,0.012471674728433559
0.79,0.02345021205790711,78.8674564682652,0,100,3.0,0,0.027078345906241648
0.795,0.0330621597308209,80.25416185836706,0,100,3.0,0,0.05453785858152585
0.8,0.04559141319943196,82.64472323642266,0,100,3.0,0,0.10187570765193393
0.805,0.06149084917446989,86.41224109374863,0,100,3.0,0,0.17648002165838877
0.81,0.08111733445924295,91.81665598492147,0,100,3.0,0,0.2834981383152766
0.815,0.1046628598272375,98.826395638257,0,100,3.0,0,0.42230486412390095
0.82,0.1320831047748631,106.95895384922622,0,100,3.0,0,0.5833456207767568
0.825,0.16303381314489318,115.23602411394728,0,100,3.0,0,0.7472480022563818
0.83,0.19682662652900276,122.32971667135199,0,100,3.0,0,0.8877171618089502
0.835,0.23241585813229,126.89775582948093,0,100,3.0,0,0.9781733827619986
0.84,0.26842527782774417,128.0,0,100,3.0,0,1.0
0.845,0.30321927900592993,125.42125272540896,0,100,3.0,0,0.9489356975328508
0.85,0.3350163137995362,119.74965133212939,0,100,3.0,0,0.8366267590520671
0.855,0.3620352400956416,112.17257946470455,0,100,3.0,0,0.6865857319743476
0.86,0.3826586036805073,104.08785511981466,0,100,3.0,0,0.5264921805903894
0.865,0.39559233134833227,96.70488803956961,0,100,3.0,0,0.38029481266474474
0.87,0.4,90.78889417401182,0,100,3.0,0,0.2631464192873627
0.875,0.39559233134833227,86.60772759605685,0,100,3.0,0,0.18035104150607617
0.88,0.3826586036805073,84.04089578195409,0,100,3.0,0,0.12952268875156617
0.885,0.3620352400956416,82.75786879881116,0,100,3.0,0,0.10411621383784475
0.89,0.3350163137995362,82.37959366821764,0,100,3.0,0,0.09662561719242846
0.895,0.3032192790059296,82.57856812118584,0,100,3.0,0,0.1005657053700166
0.9,0.26842527782774417,83.11531036543767,0,100,3.0,0,0.11119426466213198
0.905,0.23241585813229,83.83263983129649,0,100,3.0,0,0.12539880854052454
0.91,0.19682662652900276,84.63250912217958,0,100,3.0,0,0.14123780439959574
0.915,0.16303381314489318,85.45226040314074,0,100,3.0,0,0.1574705030324899
0.92,0.13208310477486307,86.2475629773933,0,100,3.0,0,0.1732190688592733
0.925,0.10466285982723562,86.98281595132833,0,100,3.0,0,0.18777853368966999
0.93,0.08111733445917907,87.62707318852279,0,100,3.0,0,0.20053610274302547
0.935,0.06149084917398798,88.15320332098976,0,100,3.0,0,0.21095452120771804
0.94,0.04559141333598128,88.5385782151131,0,100,3.0,0,0.21858570722996248
0.945,0.03306217087257399,88.76624892522591,0,100,3.0,0,0.22309403812328532
0.95,0.02345067901074276,88.82603771663241,0,100,3.0,0,0.22427797458678045
0.955,0.016268788896435526,88.71524935893723,0,100,3.0,0,0.22208414572152926
0.96,0.011039026374860051,88.43886075670979,0,100,3.0,0,0.2166111040932631
0.965,0.007326255555493689,88.00914720955005,0,100,3.0,0,0.20810192494158516
0.97,0.0047556414315231815,87.44477763798974,0,100,3.0,0,0.19692628986118307
0.975,0.0030193390635632803,86.76946988444872,0,100,3.0,0,0.18355385909799454
0.98,0.001874953127946523,86.0103405328122,0,100,3.0,0,0.16852159470915234
0.985,0.0011387927410965778,85.1961087935566,0,100,3.0,0,0.15239819393181395
0.99,0.0006765107634274089,84.35531914558466,0,100,3.0,0,0.13574889397197343
0.995,0.00039307957404427924,83.51473332893123,0,100,3.0,0,0.11910363027586592
1.0,0.00022338910511776318,82.69801221580293,0,100,3.0,0,0.10293093496639472
1.005,0.00012417073320013317,81.92476728085217,0,100,3.0,0,0.08761915407628051
1.01,6.750753468904987e-05,81.2100160794701,0,100,3.0,0,0.07346566494000187
1.015,3.5897234866245036e-05,80.56403251225963,0,100,3.0,0,0.06067391113385405
1.02,1.8670050400879738e-05,79.99254590939884,0,100,3.0,0,0.04935734474057114
1.025,9.497421874143672e-06,79.49721667177356,0,100,3.0,0,0.039548844985615
1.03,4.725434140340885e-06,79.07630197143015,0,100,3.0,0,0.031213900424359505
1.035,2.299606063738814e-06,78.72542256815419,0,100,3.0,0,0.024265793428795777
1.04,1.0945633976635486e-06,78.43834933264405,0,100,3.0,0,0.018581174903842604
1.045,5.095703414287532e-07,78.20774277436361,0,100,3.0,0,0.01401470840323979
1.05,2.3202944964797243e-07,78.02579755035103,0,100,3.0,0,0.010411832680218405
1.055,1.0333746954038608e-07,77.88476352268945,0,100,3.0,0,0.007619079657216909
1.06,4.501406988770349e-08,77.77733293361308,0,100,3.0,0,0.005491741259664978
1.065,0.0,77.69689796089891,0,100,3.0,0,0.0038989695227506687
1.07,0.0,77.63769342762592,0,100,3.0,0,0.0027266025272459243
1.075,0.0,77.59484565128201,0,100,3.0,0,0.0018781317085547404
1.08,0.0,77.56435078582085,0,100,3.0,0,0.0012742729865514734
1.085,0.0,77.54300535190977,0,100,3.0,0,0.0008515911269261333
1.09,0.0,77.52830892491497,0,100,3.0,0,0.0005605727705934027
1.095,0.0,77.5183550878223,0,100,3.0,0,0.0003634670855901034
1.1,0.0,77.51172254143796,0,100,3.0,0,0.0002321295334249863
1.105,0.0,77.50737427460564,0,100,3.0,0,0.00014602523971560832
1.11,0.0,77.50456929349846,0,100,3.0,0,9.04810593755032e-05
1.115,0.0,77.5027887592473,0,100,3.0,0,5.522295539198113e-05
1.12,0.0,77.50167650638357,0,100,3.0,0,3.319814620940318e-05
1.125,0.0,77.50099273108047,0,100,3.0,0,1.9658041197479378e-05
1.13,0.0,77.50057901557518,0,100,3.0,0,1.1465654954136962e-05
1.135,0.0,77.50033264507117,0,100,3.0,0,6.587031112242738e-06
1.14,0.0,77.50018823663869,0,100,3.0,0,3.727458191926218e-06
1.145,0.0,77.50010492028098,0,100,3.0,0,2.0776293262437016e-06
1.15,0.0,77.50005760324511,0,100,3.0,0,1.1406583190242906e-06
1.155,0.0,77.50003115061858,0,100,3.0,0,6.168439323245015e-07
1.16,0.0,77.50001659275955,0,100,3.0,0,3.285694960465149e-07
1.165,0.001684486749771458,77.5000087056817,0,100,3.0,0,1.7238973650999488e-07
1.17,0.00456624331333666,77.50000449903288,0,100,3.0,0,8.908976006201592e-08
1.175,0.011079731271581421,77.50000229017026,0,100,3.0,0,4.5349906096618887e-08
1.18,0.024064571490409,77.5000011482821,0,100,3.0,0,2.2738259310631967e-08
1.185,0.046784906529573234,77.50000056710259,0,100,3.0,0,1.1229754235419834e-08
1.19,0.08141644351188804,77.50000027587154,0,100,3.0,0,5.4628028217596484e-09
1.195,0.12682276464025305,77.50000013218568,0,100,3.0,0,2.617538133437289e-09
1.2,0.1768320708657512,77.500000062387,0,100,3.0,0,1.235386182790787e-09
1.205,0.22070063230473494,77.50000002900254,0,100,3.0,1,5.743076333529454e-10
1.21,0.24656126505113576,77.50000001328037,0,100,3.0,1,2.629776352676183e-10
1.215,0.24656126505724016,77.50000000598986,0,100,3.0,1,1.1861110993273127e-10
1.22,0.220700632329898,77.50000000266107,0,100,3.0,1,5.2694412090096365e-11
1.225,0.17683207093748562,77.50000000116447,0,100,3.0,1,2.3058729843031337e-11
1.23,0.12682276483597799,77.50000000050191,0,100,3.0,1,9.938874805667714e-12
1.235,0.08141644409447898,77.50000000021309,0,100,3.0,1,4.219638939692159e-12
1.24,0.04678490952598309,77.50000000008912,0,100,3.0,1,1.7646786122580548e-12
1.245,0.024064605020532023,77.5000000000367,0,100,3.0,1,7.268641134528074e-13
1.25,0.011080171739334697,77.5000000000149,0,100,3.0,1,2.949104107234e-13
1.255,0.004571212771509492,77.50000000000595,0,100,3.0,1,1.1790788367662653e-13
1.26,0.0017299316936037438,77.50000000000234,0,100,3.0,1,4.6431505505115455e-14
1.265,0.0008899431850697582,77.50000000000091,0,100,3.0,1,1.800979607471145e-14
1.27,0.002128806368910263,77.50000000000034,0,100,3.0,1,6.7536735280167935e-15
1.275,0.009309664818487698,77.50000000000013,0,100,3.0,1,2.5326275730062976e-15
1.28,0.03503263543368747,77.50000000000004,0,100,3.0,1,8.442091910020992e-16
1.285,0.10606267793605692,77.50000000000001,0,100,3.0,1,2.814030636673664e-16
1.29,0.25734927343160535,77.5,0,100,3.0,1,0.0
1.295,0.5003202479539708,77.5,0,100,3.0,1,0.0
1.3,0.7793067891790435,77.5,0,100,3.0,1,0.0
1.305,0.9720477407234077,77.50000295858096,1,100,3.0,1,5.85857616676936e-08
1.31,0.967267334488097,77.50000649780915,0,100,3.0,1,1.2866948817744662e-07
1.315,0.7505869905515209,77.50001571079831,0,100,3.0,1,3.111049170006436e-07
1.32,0.4028369574773956,77.50004401685699,0,100,3.0,1,8.716209304854448e-07
1.325,0.04553881263121314,77.50014199796655,0,100,3.0,1,2.8118409218087877e-06
1.33,-0.189138810908105,77.50049432191162,0,100,3.0,1,9.7885527052898e-06
1.335,-0.22868072635956738,77.50173211644027,0,100,3.0,1,3.42993354508107e-05
1.34,-0.14104670682394166,77.50584288582245,0,100,3.0,1,0.00011570070935536563
1.345,-0.051158381651102834,77.51854730297484,0,100,3.0,1,0.00036727332623441534
1.35,-0.008206426846427752,77.55481496280055,0,100,3.0,1,0.001085444807931663
1.355,0.005350271385530505,77.65008419708057,0,100,3.0,1,0.0029719642986252228
1.36,0.01084668799215426,77.87981851286148,0,100,3.0,1,0.00752115867052428
1.365,0.016256859896386415,78.38742298606793,0,100,3.0,1,0.017572732397384796
1.37,0.02345021205790711,79.41315942805718,0,100,3.0,1,0.03788434511004326
1.375,0.0330621597308209,81.30460163111171,0,100,3.0,1,0.0753386461606279
1.38,0.04559141319943196,84.47809489490693,0,100,3.0,1,0.1381800969288501
1.385,0.06149084917446989,89.30317826768169,0,100,3.0,1,0.23372630233033045
1.39,0.08111733445924295,95.91109716494718,0,100,3.0,1,0.36457618148410254
1.395,0.1046628598272375,103.98360250134391,0,100,3.0,1,0.5244277723038397
1.4,0.1320831047748631,112.63196549089727,0,100,3.0,1,0.6956824849682628
1.405,0.16303381314489318,120.48176915990015,0,100,3.0,1,0.851124141780201
1.41,0.19682662652900276,126.00411814452141,0,100,3.0,1,0.960477587020226
1.415,0.23241585813229,128.0,0,100,3.0,1,1.0
1.42,0.26842527782774417,126.03166825490115,0,100,3.0,1,0.9610231337604188
1.425,0.30321927900592993,120.59024835370354,0,100,3.0,1,0.8532722446277929
1.43,0.3350163137995362,112.91318697147013,0,100,3.0,1,0.7012512271578243
1.435,0.3620352400956416,104.54533238728061,0,100,3.0,1,0.5355511363817943
1.44,0.3826586036805073,96.85710937740994,0,100,3.0,1,0.38330909658237505
1.445,0.39559233134833227,90.72270386050883,0,100,3.0,1,0.2618357200100758
1.45,0.4,86.44535081746378,0,100,3.0,1,0.17713565975175793
1.455,0.39559233134833227,83.88417312505604,0,100,3.0,1,0.12641926980308985
1.46,0.3826586036805073,82.66571321886003,0,100,3.0,1,0.10229135086851553
1.465,0.3620352400956416,82.37202450792604,0,100,3.0,1,0.09647573283021865
1.47,0.3350163137995362,82.65192834843367,0,100,3.0,1,0.10201838313730041
1.475,0.3032192790059296,83.25634189984378,0,100,3.0,1,0.11398696831373813
1.48,0.26842527782774417,84.0264242558057,0,100,3.0,1,0.12923612387734046
1.485,0.23241585813229,84.86484526486245,0,100,3.0,1,0.1458385200962862
1.49,0.19682662652900276,85.70909511705845,0,100,3.0,1,0.16255633895165253
1.495,0.16303381314489318,86.51374059129739,0,100,3.0,1,0.17848991269895825
1.5,0.13208310477486307,87.24132622835091,0,100,3.0,1,0.19289754907625573
1.505,0.10466285982723562,87.85911768203138,0,100,3.0,1,0.20513104320854222
1.51,0.08111733445917907,88.33897458047528,0,100,3.0,1,0.2146331600094115
1.515,0.06149084917398798,88.65851542478347,0,100,3.0,1,0.22096070148086086
1.52,0.04559141333598128,88.80252600599808,0,100,3.0,1,0.22381239615837772
1.525,0.03306217087257399,88.76406271594287,0,100,3.0,1,0.22305074685035386
1.53,0.02345067901074276,88.5449807473852,0,100,3.0,1,0.21871249004723162
1.535,0.016268788896435526,88.15577906783629,0,100,3.0,1,0.21100552609576817
1.54,0.011039026374860051,87.61476482243962,0,100,3.0,1,0.20029237272157674
1.545,0.007326255555493689,86.94662571979583,0,100,3.0,1,0.18706189544150165
1.55,0.0047556414315231815,86.18056443389439,0,100,3.0,1,0.17189236502761168
1.555,0.0030193390635632803,85.34819090517139,0,100,3.0,1,0.15540972089448302
1.56,0.001874953127946523,84.48138340308783,0,100,3.0,1,0.13824521590272937
1.565,0.0011387927410965778,83.61031721315373,0,100,3.0,1,0.1209963804584898
1.57,0.0006765107634274089,82.7618245365926,0,100,3.0,1,0.10419454527906136
1.575,0.00039307957404427924,81.9581974975489,0,100,3.0,1,0.08828113856532464
1.58,0.00022338910511776318,81.21648669901883,0,100,3.0,1,0.07359379602017485
1.585,0.00012417073320013317,80.54828942211552,0,100,3.0,1,0.06036216677456468
1.59,6.750753468904987e-05,79.95997193468784,0,100,3.0,1,0.04871231553837313
1.595,3.5897234866245036e-05,79.45323475258576,0,100,3.0,1,0.038677915892787275
1.6,1.8670050400879738e-05,79.02591053115628,0,100,3.0,1,0.030216050121906632
1.605,9.497421874143672e-06,78.67288122682059,0,100,3.0,1,0.023225370828130552
1.61,4.725434140340885e-06,78.38701167635604,0,100,3.0,1,0.01756458765061463
1.615,2.299606063738814e-06,78.16001677799984,0,100,3.0,1,0.013069639168313722
1.62,1.0945633976635486e-06,77.98320447949557,0,100,3.0,1,0.009568405534565727
1.625,5.095703414287532e-07,77.84806252373428,0,100,3.0,1,0.0068923272026591076
1.63,2.3202944964797243e-07,77.74667998599702,0,100,3.0,1,0.0048847521979607815
1.635,1.0333746954038608e-07,77.6720128543322,0,100,3.0,1,0.0034061951352909866
1.64,4.501406988770349e-08,77.61801527615162,0,100,3.0,1,0.002336936161418297
1.645,0.0,77.5796646933126,0,100,3.0,1,0.0015775186794573105
1.65,0.0,77.5529107463042,0,100,3.0,1,0.0010477375505783498
1.655,0.0,77.53457579886194,0,100,3.0,1,0.000684669284394789
1.66,0.0,77.52223058524193,0,100,3.0,1,0.00044020960875105396
1.665,0.0,77.51406306247611,0,100,3.0,1,0.00027847648467547634
1.67,0.0,77.50875304685681,0,100,3.0,1,0.00017332766053089986
1.675,0.0,77.50536029803884,0,100,3.0,1,0.00010614451562054735
1.68,0.0,77.50322975038792,0,100,3.0,1,6.395545322606727e-05
1.685,0.0,77.501914693741,0,100,3.0,1,3.791472754455348e-05
1.69,0.0,77.50111681184963,0,100,3.0,1,2.211508613123163e-05
1.695,0.0,77.50064093065815,0,100,3.0,1,1.2691696200995961e-05
1.7,0.0,77.50036190319393,0,100,3.0,1,7.166399879875231e-06
1.705,0.0,77.50020105927997,0,100,3.0,1,3.981371880663213e-06
1.71,0.0,77.50010990214456,0,100,3.0,1,2.1762800902634618e-06
1.715,0.0,77.5000591069498,0,100,3.0,1,1.1704346496180103e-06
1.72,0.0,77.50003127672464,0,100,3.0,1,6.193410820062559e-07
1.725,0.001684486749771458,77.5000162837461,0,100,3.0,1,3.2245041794421114e-07
1.73,0.00456624331333666,77.50000834137632,0,100,3.0,1,1.651757686139006e-07
1.735,0.011079731271581421,77.50000420408458,0,100,3.0,1,8.324919951636469e-08
1.74,0.024064571490409,77.50000208475734,0,100,3.0,1,4.128232358378245e-08
1.745,0.046784906529573234,77.50000101716151,0,100,3.0,1,2.0141812055413483e-08
1.75,0.08141644351188804,77.50000048828643,0,100,3.0,1,9.669038252126268e-09
1.755,0.12682276464025305,77.50000023062678,0,100,3.0,1,4.5668669638034055e-09
1.76,0.1768320708657512,77.50000010717541,0,100,3.0,1,2.1222853441634805e-09
1.765,0.22070063230473494,77.50000004900393,0,100,3.0,1,9.703748475820447e-10
1.77,0.24656126505113576,77.50000002204536,0,100,3.0,1,4.365416982794402e-10
1.775,0.24656126505724016,77.50000000975783,0,100,3.0,1,1.9322428805494247e-10
1.78,0.220700632329898,77.50000000424953,0,100,3.0,1,8.414908374070725e-11
1.785,0.17683207093748562,77.50000000182087,0,100,3.0,1,3.605673735382699e-11
1.79,0.12682276483597799,77.50000000076766,0,100,3.0,1,1.5201112096247465e-11
1.795,0.08141644409447898,77.50000000031842,0,100,3.0,1,6.305398447594679e-12
1.8,0.04678490952598309,77.50000000012996,0,100,3.0,1,2.573431017238066e-12
1.805,0.024064605020532023,77.50000000005218,0,100,3.0,1,1.0333120497865694e-12
1.81,0.011080171739334697,77.50000000002062,0,100,3.0,1,4.0831584538134865e-13
1.815,0.004571212771509492,77.50000000000801,0,100,3.0,1,1.5871132790839464e-13
1.82,0.0017299316936037438,77.50000000000307,0,100,3.0,1,6.078306175215115e-14
1.825,0.0008899431850697582,77.50000000000115,0,100,3.0,1,2.279364815705668e-14
1.83,0.002128806368910263,77.50000000000043,0,100,3.0,1,8.442091910020992e-15
1.835,0.009309664818487698,77.50000000000016,0,100,3.0,1,3.0954337003410305e-15
1.84,0.03503263543368747,77.50000000000006,0,100,3.0,1,1.1256122546694657e-15
1.845,0.10606267793605692,77.50000000000001,0,100,3.0,1,2.814030636673664e-16
1.85,0.25734927343160535,77.5,0,100,3.0,1,0.0
1.855,0.5003202479539708,77.5,0,100,3.0,1,0.0
1.86,0.7793067891790435,77.5,0,100,3.0,1,0.0
1.865,0.9720477407234077,77.50000295888552,1,100,3.0,1,5.8591792416751055e-08
1.87,0.967267334488097,77.50000524039741,0,100,3.0,1,1.0377024581754482e-07
1.875,0.7505869905515209,77.50000968777034,0,100,3.0,1,1.9183703651797618e-07
1.88,0.4028369574773956,77.50001916360264,0,100,3.0,1,3.794772800853871e-07
1.885,0.04553881263121314,77.50004121857282,0,100,3.0,1,8.162093627331638e-07
1.89,-0.189138810908105,77.50009594106962,0,100,3.0,1,1.899823160729824e-06
1.895,-0.22868072635956738,77.50023586809984,0,100,3.0,1,4.670655442288251e-06
1.9,-0.14104670682394166,77.5005940327275,0,100,3.0,1,1.1763024307041147e-05
1.905,-0.051158381651102834,77.50149382472786,0,100,3.0,1,2.9580687680382282e-05
1.91,-0.008206426846427752,77.50368623797142,0,100,3.0,1,7.299481131529113e-05
1.915,0.005350271385530505,77.5088322071912,0,100,3.0,1,0.00017489519190504136
1.92,0.01084668799215426,77.52042233725386,0,100,3.0,1,0.0004044027178982596
1.925,0.016256859896386415,77.5454137918369,0,100,3.0,1,0.0008992830066714274
1.93,0.02345021205790711,77.59693092132581,0,100,3.0,1,0.0019194241846694487
1.935,0.0330621597308209,77.69835318841899,0,100,3.0,1,0.0039277859092869604
1.94,0.04559141319943196,77.88889520769392,0,100,3.0,1,0.007700895201859812
1.945,0.06149084917446989,78.230252212582,0,100,3.0,1,0.014460439853108948
1.95,0.08111733445924295,78.81297781394841,0,100,3.0,1,0.02599956067224569
1.955,0.1046628598272375,79.76007525343036,0,100,3.0,1,0.04475396541446253
1.96,0.1320831047748631,81.22417404612169,0,100,3.0,1,0.07374602071528097
1.965,0.16303381314489318,83.37426909940943,0,100,3.0,1,0.11632216038434519
1.97,0.19682662652900276,86.36909187694062,0,100,3.0,1,0.17562558172159634
1.975,0.23241585813229,90.31731048479774,0,100,3.0,1,0.25380812841183653
1.98,0.26842527782774417,95.22975394473592,0,100,3.0,1,0.3510842365294241
1.985,0.30321927900592993,100.97448184784982,0,100,3.0,1,0.46484122470989736
1.99,0.3350163137995362,107.2495229745304,0,100,3.0,1,0.589099464842186
1.995,0.3620352400956416,113.58794688096756,0,100,3.0,1,0.7146128095241102
2.0,0.3826586036805073,119.40402327961718,0,100,3.0,1,0.8297826392003401
2.005,0.39559233134833227,124.07814116133804,0,100,3.0,1,0.9223394289373869
2.01,0.4,127.06507507295852,0,100,3.0,1,0.9814866351080895
2.015,0.39559233134833227,128.0,0,100,3.0,1,1.0
2.02,0.3826586036805073,126.77397464784038,0,100,3.0,1,0.9757222702542648
2.025,0.3620352400956416,123.5574697506431,0,100,3.0,1,0.9120291039731305
2.03,0.3350163137995362,118.76508055899866,0,100,3.0,1,0.8171303080989833
2.035,0.3032192790059296,112.97165712040321,0,100,3.0,1,0.7024090518891725
2.04,0.26842527782774417,106.80341214495571,0,100,3.0,1,0.580265587028826
2.045,0.23241585813229,100.83249608155988,0,100,3.0,1,0.46202962537742337
2.05,0.19682662652900276,95.49904046118385,0,100,3.0,1,0.3564166427957199
2.055,0.16303381314489318,91.07347659291597,0,100,3.0,1,0.26878171471120726
2.06,0.13208310477486307,87.65889755350759,0,100,3.0,1,0.20116628818826904
2.065,0.10466285982723562,85.22303009319913,0,100,3.0,1,0.15293128897424016
2.07,0.08111733445917907,83.64468683470842,0,100,3.0,1,0.12167696702392918
2.075,0.06149084917398798,82.76044107416611,0,100,3.0,1,0.10416714998348732
2.08,0.04559141333598128,82.4018147253282,0,100,3.0,1,0.09706563812531077
2.085,0.03306217087257399,82.41892532728323,0,100,3.0,1,0.09740446192640066
2.09,0.02345067901074276,82.6912182881792,0,100,3.0,1,0.10279640174612278
2.095,0.016268788896435526,83.12860525053736,0,100,3.0,1,0.11145752971361113
2.1,0.011039026374860051,83.66705832160481,0,100,3.0,1,0.12211996676445173
2.105,0.007326255555493689,84.26210434795159,0,100,3.0,1,0.13390305639508102
2.11,0.0047556414315231815,84.88249138612345,0,100,3.0,1,0.14618794824006828
2.115,0.0030193390635632803,85.50514700082618,0,100,3.0,1,0.1585177623925977
2.12,0.001874953127946523,86.1117120297268,0,100,3.0,1,0.17052895108369906
2.125,0.0011387927410965778,86.68646865022247,0,100,3.0,1,0.18191027030143497
2.13,0.0006765107634274089,87.21530755686648,0,100,3.0,1,0.19238232785874212
2.135,0.00039307957404427924,87.6853775521127,0,100,3.0,1,0.20169064459629105
2.14,0.00022338910511776318,88.08513291797723,0,100,3.0,1,0.20960659243519275
2.145,0.00012417073320013317,88.40457864665277,0,100,3.0,1,0.21593225042876765
2.15,6.750753468904987e-05,88.63558363570819,0,100,3.0,1,0.22050660664768687
2.155,3.5897234866245036e-05,88.77218108894238,0,100,3.0,1,0.2232115067117302
2.16,1.8670050400879738e-05,88.81080706774071,0,100,3.0,1,0.223976377579024
2.165,9.497421874143672e-06,88.75044829335117,0,100,3.0,1,0.22278115432378554
2.17,4.725434140340885e-06,88.59268387703733,0,100,3.0,1,0.21965710647598674
2.175,2.299606063738814e-06,88.34161582268659,0,100,3.0,1,0.21468546183537807
2.18,1.0945633976635486e-06,88.00369150900926,0,100,3.0,1,0.20799389126751006
2.185,5.095703414287532e-07,87.58742848983475,0,100,3.0,1,0.1997510592046485
2.19,2.3202944964797243e-07,87.10305787592833,0,100,3.0,1,0.19015956189957087
2.195,1.0333746954038608e-07,86.56210708703588,0,100,3.0,1,0.17944766508981946
2.2,4.501406988770349e-08,85.97694567472865,0,100,3.0,1,0.16786031039066643
2.205,0.0,85.36031908504758,0,100,3.0,1,0.15564988287222928
2.21,0.0,84.72489465445813,0,100,3.0,1,0.14306722088035892
2.215,0.0,84.08284195141535,0,100,3.0,1,0.13035330596862071
2.22,0.0,83.44546605132997,0,100,3.0,1,0.1177320010164351
2.225,0.0,82.82290782189372,0,100,3.0,1,0.10540411528502419
2.23,0.0,82.22392021157525,0,100,3.0,1,0.09354297448663856
2.235,0.0,81.65572430392301,0,100,3.0,1,0.08229157037471305
2.24,0.0,81.12394392571731,0,100,3.0,1,0.07176126585578838
2.245,0.0,80.63261321998873,0,100,3.0,1,0.06203194495027182
2.25,0.0,80.18424807300006,0,100,3.0,1,0.053153427188120064
2.255,0.0,79.77996977656676,0,100,3.0,1,0.04514791636765859
2.26,0.0,79.41966787139009,0,100,3.0,1,0.038013225176041374
2.265,0.0,79.10218871727895,0,100,3.0,1,0.0317265092530485
2.27,0.0,78.82553685767361,0,100,3.0,1,0.026248254607398252
2.275,0.0,78.58707751668592,0,100,3.0,1,0.021526287459127193
2.28,0.0,78.38373038085665,0,100,3.0,1,0.01749961150211183
2.285,0.0,78.21214695813231,0,100,3.0,1,0.014101919963016006
2.29,0.0,78.06886606613915,0,100,3.0,1,0.01126467457701289
2.295,0.0,77.95044419975721,0,100,3.0,1,0.008919687123905236
2.3,0.0,77.85355952051893,0,100,3.0,1,0.007001178624137191
2.305,0.0,77.775089896472,0,100,3.0,1,0.0054473246826137935
2.31,0.0,77.71216674316166,0,100,3.0,1,0.004201321646765546
2.315,0.0,77.66220735633325,0,100,3.0,1,0.0032120268580842553
2.32,0.0,77.6229290000414,0,100,3.0,1,0.002434237624582087
2.325,0.0,77.59234826020386,0,100,3.0,1,0.0018286784198784797
2.33,0.0,77.5687691495205,0,100,3.0,1,0.0013617653370397195
2.335,0.0,77.55076321916013,0,100,3.0,1,0.0010052122605966676
2.34,0.0,77.53714456043527,0,100,3.0,1,0.0007355358502032835
2.345,0.0,77.52694212568777,0,100,3.0,1,0.0005335074393617381
2.35,0.0,77.51937131301034,0,100,3.0,1,0.0003835903566403764
2.355,0.0,77.5138062847379,0,100,3.0,1,0.00027339177698804226
2.36,0.0,77.50975405408882,0,100,3.0,1,0.00019314958591715116
2.365,0.0,77.50683099644785,0,100,3.0,1,0.00013526725639298823
2.37,0.0,77.50474213076801,0,100,3.0,1,9.390357956451929e-05
2.375,0.0,77.50326327413342,0,100,3.0,1,6.461928977063111e-05
2.38,0.0,77.5022259948619,0,100,3.0,1,4.4079106176283886e-05
2.385,0.0,77.50150516920037,0,100,3.0,1,2.9805330700414156e-05
2.39,0.0,77.50100887429011,0,100,3.0,1,1.997770871500083e-05
2.395,0.0,77.5006703156404,0,100,3.0,1,1.3273577037737838e-05
2.4,0.0,77.50044148120305,0,100,3.0,1,8.742202040686138e-06
2.405,0.0,77.50028822765489,0,100,3.0,1,5.707478314686548e-06
2.41,0.0,77.50018653041026,0,100,3.0,2,3.6936714903137304e-06
2.415,0.0,77.50011966143565,0,100,3.0,2,2.36953337915534e-06
2.42,0.0,77.50007609381163,0,100,3.0,2,1.5068081510624252e-06
2.425,0.0,77.50004796616922,0,100,3.0,2,9.498251330623503e-07
2.43,0.0,77.50002997169454,0,100,3.0,2,5.934989018788827e-07
2.435,0.0,77.50001856428072,0,100,3.0,2,3.6760951925631645e-07
2.44,0.0,77.50001139818029,0,100,3.0,2,2.257065404191422e-07
2.445,0.0,77.50000693718832,0,100,3.0,2,1.373700656856299e-07
2.45,0.0,77.50000418525585,0,100,3.0,2,8.287635340154635e-08
2.455,0.0,77.50000250294384,0,100,3.0,2,4.956324442171553e-08
2.46,0.0,77.50000148378429,0,100,3.0,2,2.9381867095550417e-08
2.465,0.0,77.50000087192875,0,100,3.0,2,1.726591579940174e-08
2.47,0.0,77.50000050790418,0,100,3.0,2,1.0057508427845538e-08
2.475,0.0,77.50000029327371,0,100,3.0,2,5.807400290031732e-09
2.48,0.0,77.50000016786304,0,100,3.0,2,3.3240205043917327e-09
2.485,0.001684486749771458,77.50000009524179,0,100,3.0,2,1.885975995836555e-09
2.49,0.00456624331333666,77.50000005356617,0,100,3.0,2,1.0607162057387523e-09
2.495,0.011079731271581421,77.50000002986374,0,100,3.0,2,5.913612218173152e-10
2.5,0.024064571490409,77.50000001650398,0,100,3.0,2,3.2681138763298734e-10
2.505,0.046784906529573234,77.50000000904114,0,100,3.0,2,1.7903256874806984e-10
2.51,0.08141644351188804,77.50000000490962,0,100,3.0,2,9.722025604805642e-11
2.515,0.12682276464025305,77.5000000026428,0,100,3.0,2,5.23328091532838e-11
2.52,0.1768320708657512,77.50000000141017,0,100,3.0,2,2.7924188813840105e-11
2.525,0.22070063230473494,77.50000000074587,0,100,3.0,2,1.4769721199645393e-11
2.53,0.24656126505113576,77.50000000039107,0,100,3.0,2,7.743930909062256e-12
2.535,0.24656126505724016,77.50000000020324,0,100,3.0,2,4.0246266165706746e-12
2.54,0.220700632329898,77.5000000001047,0,100,3.0,2,2.0733777731011557e-12
2.545,0.17683207093748562,77.50000000005348,0,100,3.0,2,1.0589197285802998e-12
2.55,0.12682276483597799,77.50000000002707,0,100,3.0,2,5.360728362863331e-13
2.555,0.08141644409447898,77.50000000001359,0,100,3.0,2,2.6902132886600227e-13
2.56,0.04678490952598309,77.50000000000675,0,100,3.0,2,1.3366645524199904e-13
2.565,0.024064605020532023,77.50000000000333,0,100,3.0,2,6.584831689816374e-14
2.57,0.011080171739334697,77.50000000000163,0,100,3.0,2,3.2361352321747134e-14
2.575,0.004571212771509492,77.50000000000078,0,100,3.0,2,1.5477168501705154e-14
2.58,0.0017299316936037438,77.50000000000038,0,100,3.0,2,7.597882719018894e-15
2.585,0.0008899431850697582,77.50000000000018,0,100,3.0,2,3.6582398276757634e-15
2.59,0.002128806368910263,77.50000000000009,0,100,3.0,2,1.6884183820041984e-15
2.595,0.009309664818487698,77.50000000000004,0,100,3.0,2,8.442091910020992e-16
2.6,0.03503263543368747,77.50000000000001,0,100,3.0,2,2.814030636673664e-16
2.605,0.10606267793605692,77.50000000000001,0,100,3.0,2,2.814030636673664e-16
2.61,0.25734927343160535,77.5,0,100,3.0,2,0.0
2.615,0.5003202479539708,77.5,0,100,3.0,2,0.0
2.62,0.7793067891790435,77.5,0,100,3.0,2,0.0
2.625,0.9720477407234077,77.5000029754369,1,100,3.0,2,5.8919542565004434e-08
2.63,0.967267334488097,77.50000599695579,0,100,3.0,2,1.1875159984946108e-07
2.635,0.7505869905515209,77.50001298600604,0,100,3.0,2,2.571486344784194e-07
2.64,0.4028369574773956,77.50003147504462,0,100,3.0,2,6.232682103405516e-07
2.645,0.04553881263121314,77.50008619286392,0,100,3.0,2,1.7067893845188057e-06
2.65,-0.189138810908105,77.50025730044038,0,100,3.0,2,5.095058225374532e-06
2.655,-0.22868072635956738,77.5007933249374,0,100,3.0,2,1.570940470108524e-05
2.66,-0.14104670682394166,77.50241950076978,0,100,3.0,2,4.791090633219001e-05
2.665,-0.051158381651102834,77.50711144306592,0,100,3.0,2,0.00014082065477076427
2.67,-0.008206426846427752,77.51986871228921,0,100,3.0,2,0.0003934398473110814
2.675,0.005350271385530505,77.55240190738294,0,100,3.0,2,0.0010376615323355166
2.68,0.01084668799215426,77.63001002590855,0,100,3.0,2,0.0025744559585850857
2.685,0.016256859896386415,77.80289200489227,0,100,3.0,2,0.0059978614830152755
2.69,0.02345021205790711,78.16202929152928,0,100,3.0,2,0.013109490921371869
2.695,0.0330621597308209,78.85684044003119,0,100,3.0,2,0.02686812752537014
2.7,0.04559141319943196,80.10689364457848,0,100,3.0,2,0.05162165632828668
2.705,0.06149084917446989,82.19454731190469,0,100,3.0,2,0.09296133290900367
2.71,0.08111733445924295,85.42322629870154,0,100,3.0,2,0.15689557027131754
2.715,0.1046628598272375,90.03220955939476,0,100,3.0,2,0.24816256553256946
2.72,0.1320831047748631,96.0763779834986,0,100,3.0,2,0.36784906898017034
2.725,0.16303381314489318,103.30485469372982,0,100,3.0,2,0.5109872216580162
2.73,0.19682662652900276,111.0935870574871,0,100,3.0,2,0.6652195456928138
2.735,0.23241585813229,118.48679998058978,0,100,3.0,2,0.8116198015958372
2.74,0.26842527782774417,124.3703389478431,0,100,3.0,2,0.9281255237196653
2.745,0.30321927900592993,127.74334061454307,0,100,3.0,2,0.994917635931546
2.75,0.3350163137995362,128.0,0,100,3.0,2,1.0
2.755,0.3620352400956416,125.11330099463837,0,100,3.0,2,0.9428376434581854
2.76,0.3826586036805073,119.64481297500973,0,100,3.0,2,0.8345507519803906
2.765,0.39559233134833227,112.57637305393439,0,100,3.0,2,0.6945816446323642
2.77,0.4,105.03340955907804,0,100,3.0,2,0.5452160308728324
2.775,0.39559233134833227,98.00714308426187,0,100,3.0,2,0.4060820412725123
2.78,0.3826586036805073,92.16807227358933,0,100,3.0,2,0.29045687670473924
2.785,0.3620352400956416,87.8106625064421,0,100,3.0,2,0.20417153478103167
2.79,0.3350163137995362,84.91128351654942,0,100,3.0,2,0.14675808943662214
2.795,0.3032192790059296,83.24627791934817,0,100,3.0,2,0.11378768157125096
2.8,0.26842527782774417,82.51389380055394,0,100,3.0,2,0.09928502575354345
2.805,0.23241585813229,82.42351586481769,0,100,3.0,2,0.0974953636597562
2.81,0.19682662652900276,82.74137651779043,0,100,3.0,2,0.10378963401565204
2.815,0.16303381314489318,83.30063613325049,0,100,3.0,2,0.1148640818465444
2.82,0.13208310477486307,83.99100308268714,0,100,3.0,2,0.1285347145086563
2.825,0.10466285982723562,84.74151848915058,0,100,3.0,2,0.14339640572575404
2.83,0.08111733445917907,85.50482196555724,0,100,3.0,2,0.15851132605063845
2.835,0.06149084917398798,86.24611874995509,0,100,3.0,2,0.17319047029614035
2.84,0.04559141333598128,86.93688968311473,0,100,3.0,2,0.1868691026359352
2.845,0.03306217087257399,87.552095598575,0,100,3.0,2,0.19905139799158403
2.85,0.02345067901074276,88.06949801926329,0,100,3.0,2,0.20929699048046124
2.855,0.016268788896435526,88.47004810840187,0,100,3.0,2,0.2172286754138984
2.86,0.011039026374860051,88.73867645530594,0,100,3.0,2,0.2225480486199195
2.865,0.007326255555493689,88.86509801461254,0,100,3.0,2,0.22505144583391173
2.87,0.0047556414315231815,88.84442009521223,0,100,3.0,2,0.22464198208341046
2.875,0.0030193390635632803,88.6774424986801,0,100,3.0,2,0.2213354950233682
2.88,0.001874953127946523,88.37060213916769,0,100,3.0,2,0.21525944830035024
2.885,0.0011387927410965778,87.93556017778981,0,100,3.0,2,0.20664475599583781
2.89,0.0006765107634274089,87.38846637634401,0,100,3.0,2,0.19581121537314877
2.895,0.00039307957404427924,86.74896474048299,0,100,3.0,2,0.18314781664322752
2.9,0.00022338910511776318,86.03902558407252,0,100,3.0,2,0.16908961552618848
2.905,0.00012417073320013317,85.2817005402186,0,100,3.0,2,0.1540930800043286
2.91,6.750753468904987e-05,84.49989815970547,0,100,3.0,2,0.1386118447466429
2.915,3.5897234866245036e-05,83.71526910843023,0,100,3.0,2,0.1230746358104997
2.92,1.8670050400879738e-05,82.94727325500796,0,100,3.0,2,0.10786679712887044
2.925,9.497421874143672e-06,82.21247863298953,0,100,3.0,2,0.0933164085740501
2.93,4.725434140340885e-06,81.52411733001249,0,100,3.0,2,0.07968549168341559
2.935,2.299606063738814e-06,80.89189878152109,0,100,3.0,2,0.06716631250536817
2.94,1.0945633976635486e-06,80.32205933831581,0,100,3.0,2,0.05588236313496654
2.945,5.095703414287532e-07,79.8176102712143,0,100,3.0,2,0.045893272697313
2.95,2.3202944964797243e-07,79.3787356692764,0,100,3.0,2,0.03720268652032466
2.955,1.0333746954038608e-07,79.00328721222063,0,100,3.0,2,0.02976806360832925
2.96,4.501406988770349e-08,78.68732401962978,0,100,3.0,2,0.023511366725342264
2.965,0.0,78.425651592325,0,100,3.0,2,0.018329734501485076
2.97,0.0,78.21232282339807,0,100,3.0,2,0.014105402443526104
2.975,0.0,78.04107463502996,0,100,3.0,2,0.010714349208514011
2.98,0.0,77.90568457847962,0,100,3.0,2,0.008033357989695492
2.985,0.0,77.8002415759474,0,100,3.0,2,0.005945377741532598
2.99,0.0,77.71933309720917,0,100,3.0,2,0.004343229647706395
2.995,0.0,77.658157036978,0,100,3.0,2,0.0031318225144157776
3.0,0.0,77.61257031386367,0,100,3.0,2,0.002229115126013285
3.005,0.0,77.57908793610137,0,100,3.0,2,0.0015660977445816565
3.01,0.0,77.55484633547951,0,100,3.0,2,0.0010860660490992148
3.015,0.0,77.53754360721969,0,100,3.0,2,0.0007434377667265164
3.02,0.0,77.52536736675137,0,100,3.0,2,0.0005023240940864967
3.025,0.0,77.51691865312054,0,100,3.0,2,0.0003350228340701226
3.03,0.0,77.51113799947356,0,100,3.0,2,0.00022055444502101825
3.035,0.0,77.50723768383935,0,100,3.0,2,0.0001433204720663273
3.04,0.0,77.50464240506564,0,100,3.0,2,9.19288131809584e-05
3.045,0.0,77.50293925633632,0,100,3.0,2,5.820309576869035e-05
3.05,0.0,77.5018368889561,0,100,3.0,2,3.637403873477245e-05
3.055,0.0,77.50113312899164,0,100,3.0,2,2.2438197854254743e-05
3.06,0.0,77.50068996459827,0,100,3.0,2,1.3662665312191021e-05
3.065,0.0,77.50041469163281,0,100,3.0,2,8.211715501237458e-06
3.07,0.0,77.50024602245387,0,100,3.0,2,4.8717317597065364e-06
3.075,0.0,77.50014407055438,0,100,3.0,2,2.8528822650347895e-06
3.08,0.0,77.50008327731553,0,100,3.0,2,1.6490557529755503e-06
3.085,0.0,77.50004751483387,0,100,3.0,2,9.40887799337775e-07
3.09,0.0,77.50002675979127,0,100,3.0,2,5.298968567961373e-07
3.095,0.0,77.50001487603653,0,100,3.0,2,2.9457498080413606e-07
3.1,0.0,77.50000816286773,0,100,3.0,2,1.6164094513487276e-07
3.105,0.0,77.50000442129294,0,100,3.0,2,8.755035529554e-08
3.11,0.001684486749771458,77.50000236377878,0,100,3.0,2,4.680750052021623e-08
3.115,0.00456624331333666,77.50000124742768,0,100,3.0,2,2.4701538135073267e-08
3.12,0.011079731271581421,77.50000064979285,0,100,3.0,2,1.2867185196318141e-08
3.125,0.024064571490409,77.50000033410694,0,100,3.0,2,6.61597906932146e-09
3.13,0.046784906529573234,77.50000016956923,0,100,3.0,2,3.3578066004248277e-09
3.135,0.08141644351188804,77.50000008494926,0,100,3.0,2,1.682163636108064e-09
3.14,0.12682276464025305,77.50000004200716,0,100,3.0,2,8.318249235731621e-10
3.145,0.1768320708657512,77.50000002050396,0,100,3.0,2,4.060190335756956e-10
3.15,0.22070063230473494,77.50000000987878,0,100,3.0,2,1.9561930952981544e-10
3.155,0.24656126505113576,77.50000000469808,0,100,3.0,2,9.3031290042304e-11
3.16,0.24656126505724016,77.5000000022054,0,100,3.0,2,4.367122285360226e-11
3.165,0.220700632329898,77.50000000102189,0,100,3.0,2,2.023541290525665e-11
3.17,0.17683207093748562,77.50000000046738,0,100,3.0,2,9.255065360956014e-12
3.175,0.12682276483597799,77.500000000211,0,100,3.0,2,4.178272689333056e-12
3.18,0.08141644409447898,77.50000000009403,0,100,3.0,2,1.8620440722869634e-12
3.185,0.04678490952598309,77.50000000004135,0,100,3.0,2,8.188829152720362e-13
3.19,0.024064605020532023,77.50000000001796,0,100,3.0,2,3.5569347247555116e-13
3.195,0.011080171739334697,77.5000000000077,0,100,3.0,2,1.525204605077126e-13
3.2,0.004571212771509492,77.50000000000325,0,100,3.0,2,6.44413015798269e-14
3.205,0.0017299316936037438,77.50000000000136,0,100,3.0,2,2.7014694112067174e-14
3.21,0.0008899431850697582,77.50000000000055,0,100,3.0,2,1.097471948302729e-14
3.215,0.002128806368910263,77.50000000000023,0,100,3.0,2,4.502449018677863e-15
3.22,0.009309664818487698,77.50000000000009,0,100,3.0,2,1.6884183820041984e-15
3.225,0.03503263543368747,77.50000000000003,0,100,3.0,2,5.628061273347328e-16
3.23,0.10606267793605692,77.50000000000001,0,100,3.0,2,2.814030636673664e-16
3.235,0.25734927343160535,77.5,0,100,3.0,2,0.0
3.24,0.5003202479539708,77.5,0,100,3.0,2,0.0
3.245,0.7793067891790435,77.5,0,100,3.0,2,0.0
3.25,0.9720477407234077,77.50000295860458,1,100,3.0,2,5.8586229359585414e-08
3.255,0.967267334488097,77.50000607194025,0,100,3.0,2,1.2023644056189188e-07
3.26,0.7505869905515209,77.50001345273148,0,100,3.0,2,2.663907223742883e-07
3.265,0.4028369574773956,77.5000335974731,0,100,3.0,2,6.65296497145121e-07
3.27,0.04553881263121314,77.5000952391376,0,100,3.0,2,1.8859235166978084e-06
3.275,-0.189138810908105,77.50029396174413,0,100,3.0,2,5.821024636320949e-06
3.28,-0.22868072635956738,77.50093256649718,0,100,3.0,2,1.8466663310573943e-05
3.285,-0.14104670682394166,77.5029100232732,0,100,3.0,2,5.762422323172278e-05
3.29,-0.051158381651102834,77.50870714352278,0,100,3.0,2,0.00017241868361948757
3.295,-0.008206426846427752,77.5246562773498,0,100,3.0,2,0.00048824311583773423
3.3,0.005350271385530505,77.56565066778992,0,100,3.0,2,0.0013000132235628605
3.305,0.01084668799215426,77.66383990810884,0,100,3.0,2,0.0032443546160166505
3.31,0.016256859896386415,77.88262038992832,0,100,3.0,2,0.007576641384719209
3.315,0.02345021205790711,78.33545183145863,0,100,3.0,2,0.016543600622943112
3.32,0.0330621597308209,79.20484989603223,0,100,3.0,2,0.03375940388182632
3.325,0.04559141319943196,80.75054676642503,0,100,3.0,2,0.06436726270148578
3.33,0.06149084917446989,83.28992906835192,0,100,3.0,2,0.11465206075944404
3.335,0.08111733445924295,87.13394030962314,0,100,3.0,2,0.19077109524006222
3.34,0.1046628598272375,92.47378991953458,0,100,3.0,2,0.2965106914759323
3.345,0.1320831047748631,99.23955414039685,0,100,3.0,2,0.43048622060191777
3.35,0.16303381314489318,106.98246625036123,0,100,3.0,2,0.5838112128784402
3.355,0.19682662652900276,114.8494723141842,0,100,3.0,2,0.7395935111719643
3.36,0.23241585813229,121.70177762100317,0,100,3.0,2,0.8752827251683797
3.365,0.26842527782774417,126.37413972136399,0,100,3.0,2,0.9678047469577027
3.37,0.30321927900592993,128.0,0,100,3.0,2,1.0
3.375,0.3350163137995362,126.27952255457706,0,100,3.0,2,0.9659311396945952
3.38,0.3620352400956416,121.57753056726469,0,100,3.0,2,0.8728223874705879
3.385,0.3826586036805073,114.80819134861454,0,100,3.0,2,0.7387760663091989
3.39,0.39559233134833227,107.1570555269131,0,100,3.0,2,0.5872684262755069
3.395,0.4,99.75682326894582,0,100,3.0,2,0.44072917364249153
3.4,0.39559233134833227,93.437628290086,0,100,3.0,2,0.3155965998036831
3.405,0.3826586036805073,88.6210265304858,0,100,3.0,2,0.2202183471383328
3.41,0.3620352400956416,85.35521064557099,0,100,3.0,2,0.15554872565487113
3.415,0.3350163137995362,83.43676931776182,0,100,3.0,2,0.11755978847053099
3.42,0.3032192790059296,82.55078966163666,0,100,3.0,2,0.1000156368640922
3.425,0.26842527782774417,82.37990978446584,0,100,3.0,2,0.0966318769201156
3.43,0.23241585813229,82.66385053700031,0,100,3.0,2,0.10225446607921415
3.435,0.19682662652900276,83.21572546574443,0,100,3.0,2,0.11318268248998865
3.44,0.16303381314489318,83.91239791841033,0,100,3.0,2,0.12697817660218486
3.445,0.13208310477486307,84.67546318988141,0,100,3.0,2,0.14208837999765173
3.45,0.10466285982723562,85.45331282711224,0,100,3.0,2,0.1574913431111335
3.455,0.08111733445917907,86.20847512306442,0,100,3.0,2,0.17244505194186965
3.46,0.06149084917398798,86.91043201717129,0,100,3.0,2,0.1863451884588374
3.465,0.04559141333598128,87.53247338289246,0,100,3.0,2,0.19866283926519726
3.47,0.03306217087257399,88.0509704560115,0,100,3.0,2,0.20893010803983164
3.475,0.02345067901074276,88.44584531855038,0,100,3.0,2,0.21674941224852243
3.48,0.016268788896435526,88.70146811501344,0,100,3.0,2,0.22181124980224634
3.485,0.011039026374860051,88.80754517288817,0,100,3.0,2,0.2239117856017459
3.49,0.007326255555493689,88.75976200907462,0,100,3.0,2,0.22296558433811128
3.495,0.0047556414315231815,88.56006114259078,0,100,3.0,2,0.21901111173447094
3.5,0.0030193390635632803,88.21650740561338,0,100,3.0,2,0.2122080674378888
3.505,0.001874953127946523,87.74274663539316,0,100,3.0,2,0.20282666604738933
3.51,0.0011387927410965778,87.15710631316468,0,100,3.0,2,0.19122982798345892
3.515,0.0006765107634274089,86.48142019658886,0,100,3.0,2,0.17784990488294766
3.52,0.00039307957404427924,85.73968176817759,0,100,3.0,2,0.16316201521143742
3.525,0.00022338910511776318,84.95664182706211,0,100,3.0,2,0.14765627380321017
3.53,0.00012417073320013317,84.15646337911748,0,100,3.0,2,0.13181115602212837
3.535,6.750753468904987e-05,83.36153323734182,0,100,3.0,2,0.11606996509587757
3.54,3.5897234866245036e-05,82.59150690834363,0,100,3.0,2,0.10082191897710163
3.545,1.8670050400879738e-05,81.86263483969579,0,100,3.0,2,0.08638880870684726
3.55,9.497421874143672e-06,81.18738775969096,0,100,3.0,2,0.07301757939982106
3.555,4.725434140340885e-06,80.57437030471705,0,100,3.0,2,0.06087861989538713
3.56,2.299606063738814e-06,80.02848839135753,0,100,3.0,2,0.0500690770565847
3.565,1.0945633976635486e-06,79.55131885537037,0,100,3.0,2,0.040620175353868686
3.57,5.095703414287532e-07,79.14162062723075,0,100,3.0,2,0.03250733915308417
3.575,2.3202944964797243e-07,78.79592494440962,0,100,3.0,2,0.025661880087319212
3.58,1.0333746954038608e-07,78.50914673365939,0,100,3.0,2,0.019983103636819648
3.585,4.501406988770349e-08,78.2751686651716,0,100,3.0,2,0.015349874557853577
3.59,0.0,78.08736155817212,0,100,3.0,2,0.01163092194400237
3.595,0.0,77.93901792246764,0,100,3.0,2,0.008693424207280032
3.6,0.0,77.82368785280029,0,100,3.0,2,0.0064096604514908995
3.605,0.0,77.73541708275205,0,100,3.0,2,0.004661724410931694
3.61,0.0,77.66889506741865,0,100,3.0,2,0.0033444567805672436
3.615,0.0,77.61952627338034,0,100,3.0,3,0.0023668568986206853
3.62,0.0,77.583440560487,0,100,3.0,3,0.0016522883264753596
3.625,0.0,77.55745905335685,0,100,3.0,3,0.0011378030367693284
3.63,0.0,77.53903077198105,0,100,3.0,3,0.0007728865738821098
3.635,0.0,77.52615310372167,0,100,3.0,3,0.0005178832420132368
3.64,0.0,77.51728648731061,0,100,3.0,3,0.00034230667941809016
3.645,0.0,77.51127087641395,0,100,3.0,3,0.00022318567156327782
3.65,0.0,77.50724896569103,0,100,3.0,3,0.0001435438750699704
3.655,0.0,77.50459898318086,0,100,3.0,3,9.10689738783267e-05
3.66,0.0,77.50287816056776,0,100,3.0,3,5.699327856952082e-05
3.665,0.0,77.50177678810005,0,100,3.0,3,3.518392277317274e-05
3.67,0.0,77.50108199106754,0,100,3.0,3,2.1425565693793897e-05
3.675,0.0,77.5006499487824,0,100,3.0,3,1.2870272918730328e-05
3.68,0.0,77.50038512526845,0,100,3.0,3,7.626242939628661e-06
3.685,0.0,77.50022510871771,0,100,3.0,3,4.457598370580323e-06
3.69,0.0,77.5001297926306,0,100,3.0,3,2.5701511010358426e-06
3.695,0.0,77.50007382019291,0,100,3.0,3,1.4617859982094934e-06
3.7,0.0,77.50004141596045,0,100,3.0,3,8.201180287752583e-07
3.705,0.0,77.50002292069169,0,100,3.0,3,4.5387508299598373e-07
3.71,0.0,77.50001251281783,0,100,3.0,3,2.477785709414651e-07
3.715,0.0,77.50000673829383,0,100,3.0,3,1.334315610696793e-07
3.72,0.001684486749771458,77.50000357941612,0,100,3.0,3,7.087952705732466e-08
3.725,0.00456624331333666,77.50000187560704,0,100,3.0,3,3.714073347221682e-08
3.73,0.011079731271581421,77.50000096948018,0,100,3.0,3,1.919762739096696e-08
3.735,0.024064571490409,77.5000004943146,0,100,3.0,3,9.788408024718646e-09
3.74,0.046784906529573234,77.5000002486196,0,100,3.0,3,4.923160387610695e-09
3.745,0.08141644351188804,77.50000012334874,0,100,3.0,3,2.442549326714119e-09
3.75,0.12682276464025305,77.50000006036726,0,100,3.0,3,1.1953912095609352e-09
3.755,0.1768320708657512,77.5000000291431,0,100,3.0,3,5.770909910556793e-10
3.76,0.22070063230473494,77.50000001387833,0,100,3.0,3,2.748185133806137e-10
3.765,0.24656126505113576,77.50000000651939,0,100,3.0,3,1.290967508911047e-10
3.77,0.24656126505724016,77.50000000302094,0,100,3.0,3,5.982066327440875e-11
3.775,0.220700632329898,77.50000000138085,0,100,3.0,3,2.7343654293494327e-11
3.78,0.17683207093748562,77.5000000006226,0,100,3.0,3,1.2328831025394658e-11
3.785,0.12682276483597799,77.50000000027693,0,100,3.0,3,5.4837015016859696e-12
3.79,0.08141644409447898,77.50000000012149,0,100,3.0,3,2.4057147912923155e-12
3.795,0.04678490952598309,77.50000000005258,0,100,3.0,3,1.0411913355692557e-12
3.8,0.024064605020532023,77.50000000002245,0,100,3.0,3,4.446168405944389e-13
3.805,0.011080171739334697,77.50000000000945,0,100,3.0,3,1.8713303733879865e-13
3.81,0.004571212771509492,77.50000000000392,0,100,3.0,3,7.766724557219314e-14
3.815,0.0017299316936037438,77.5000000000016,0,100,3.0,3,3.179854619441241e-14
3.82,0.0008899431850697582,77.50000000000065,0,100,3.0,3,1.2944540928698855e-14
3.825,0.002128806368910263,77.50000000000026,0,100,3.0,3,5.065255146012595e-15
3.83,0.009309664818487698,77.5000000000001,0,100,3.0,3,1.969821445671565e-15
3.835,0.03503263543368747,77.50000000000004,0,100,3.0,3,8.442091910020992e-16
3.84,0.10606267793605692,77.50000000000001,0,100,3.0,3,2.814030636673664e-16
3.845,0.25734927343160535,77.5,0,100,3.0,3,0.0
3.85,0.5003202479539708,77.5,0,100,3.0,3,0.0
3.855,0.7793067891790435,77.5,0,100,3.0,3,0.0
3.86,0.9720477407234077,77.50000295858096,1,100,3.0,3,5.85857616676936e-08
3.865,0.967267334488097,77.50000649780915,0,100,3.0,3,1.2866948817744662e-07
3.87,0.7505869905515209,77.50001571079831,0,100,3.0,3,3.111049170006436e-07
3.875,0.4028369574773956,77.50004401685699,0,100,3.0,3,8.716209304854448e-07
3.88,0.04553881263121314,77.50014199796655,0,100,3.0,3,2.8118409218087877e-06
3.885,-0.189138810908105,77.50049432191162,0,100,3.0,3,9.7885527052898e-06
3.89,-0.22868072635956738,77.50173211644027,0,100,3.0,3,3.42993354508107e-05
3.895,-0.14104670682394166,77.50584288582245,0,100,3.0,3,0.00011570070935536563
3.9,-0.051158381651102834,77.51854730297484,0,100,3.0,3,0.00036727332623441534
3.905,-0.008206426846427752,77.55481496280055,0,100,3.0,3,0.001085444807931663
3.91,0.005350271385530505,77.65008419708057,0,100,3.0,3,0.0029719642986252228
3.915,0.01084668799215426,77.87981851286148,0,100,3.0,3,0.00752115867052428
3.92,0.016256859896386415,78.38742298606793,0,100,3.0,3,0.017572732397384796
3.925,0.02345021205790711,79.41315942805718,0,100,3.0,3,0.03788434511004326
3.93,0.0330621597308209,81.30460163111171,0,100,3.0,3,0.0753386461606279
3.935,0.04559141319943196,84.47809489490693,0,100,3.0,3,0.1381800969288501
3.94,0.06149084917446989,89.30317826768169,0,100,3.0,3,0.23372630233033045
3.945,0.08111733445924295,95.91109716494718,0,100,3.0,3,0.36457618148410254
3.95,0.1046628598272375,103.98360250134391,0,100,3.0,3,0.5244277723038397
3.955,0.1320831047748631,112.63196549089727,0,100,3.0,3,0.6956824849682628
3.96,0.16303381314489318,120.48176915990015,0,100,3.0,3,0.851124141780201
3.965,0.19682662652900276,126.00411814452141,0,100,3.0,3,0.960477587020226
3.97,0.23241585813229,128.0,0,100,3.0,3,1.0
3.975,0.26842527782774417,126.03166825490115,0,100,3.0,3,0.9610231337604188
3.98,0.30321927900592993,120.59024835370354,0,100,3.0,3,0.8532722446277929
3.985,0.3350163137995362,112.91318697147013,0,100,3.0,3,0.7012512271578243
3.99,0.3620352400956416,104.54533238728061,0,100,3.0,3,0.5355511363817943
3.995,0.3826586036805073,96.85710937740994,0,100,3.0,3,0.38330909658237505
4.0,0.39559233134833227,90.72270386050883,0,100,3.0,3,0.2618357200100758
4.005,0.4,86.44535081746378,0,100,3.0,3,0.17713565975175793
4.01,0.39559233134833227,83.88417312505604,0,100,3.0,3,0.12641926980308985
4.015,0.3826586036805073,82.66571321886003,0,100,3.0,3,0.10229135086851553
4.02,0.3620352400956416,82.37202450792604,0,100,3.0,3,0.09647573283021865
4.025,0.3350163137995362,82.65192834843367,0,100,3.0,3,0.10201838313730041
4.03,0.3032192790059296,83.25634189984378,0,100,3.0,3,0.11398696831373813
4.035,0.26842527782774417,84.0264242558057,0,100,3.0,3,0.12923612387734046
4.04,0.23241585813229,84.86484526486245,0,100,3.0,3,0.1458385200962862
4.045,0.19682662652900276,85.70909511705845,0,100,3.0,3,0.16255633895165253
4.05,0.16303381314489318,86.51374059129739,0,100,3.0,3,0.17848991269895825
4.055,0.13208310477486307,87.24132622835091,0,100,3.0,3,0.19289754907625573
4.06,0.10466285982723562,87.85911768203138,0,100,3.0,3,0.20513104320854222
4.065,0.08111733445917907,88.33897458047528,0,100,3.0,3,0.2146331600094115
4.07,0.06149084917398798,88.65851542478347,0,100,3.0,3,0.22096070148086086
4.075,0.04559141333598128,88.80252600599808,0,100,3.0,3,0.22381239615837772
4.08,0.03306217087257399,88.76406271594287,0,100,3.0,3,0.22305074685035386
4.085,0.02345067901074276,88.5449807473852,0,100,3.0,3,0.21871249004723162
4.09,0.016268788896435526,88.15577906783629,0,100,3.0,3,0.21100552609576817
4.095,0.011039026374860051,87.61476482243962,0,100,3.0,3,0.20029237272157674
4.1,0.007326255555493689,86.94662571979583,0,100,3.0,3,0.18706189544150165
4.105,0.0047556414315231815,86.18056443389439,0,100,3.0,3,0.17189236502761168
4.11,0.0030193390635632803,85.34819090517139,0,100,3.0,3,0.15540972089448302
4.115,0.001874953127946523,84.48138340308783,0,100,3.0,3,0.13824521590272937
4.12,0.0011387927410965778,83.61031721315373,0,100,3.0,3,0.1209963804584898
4.125,0.0006765107634274089,82.7618245365926,0,100,3.0,3,0.10419454527906136
4.13,0.00039307957404427924,81.9581974975489,0,100,3.0,3,0.08828113856532464
4.135,0.00022338910511776318,81.21648669901883,0,100,3.0,3,0.07359379602017485
4.14,0.00012417073320013317,80.54828942211552,0,100,3.0,3,0.06036216677456468
4.145,6.750753468904987e-05,79.95997193468784,0,100,3.0,3,0.04871231553837313
4.15,3.5897234866245036e-05,79.45323475258576,0,100,3.0,3,0.038677915892787275
4.155,1.8670050400879738e-05,79.02591053115628,0,100,3.0,3,0.030216050121906632
4.16,9.497421874143672e-06,78.67288122682059,0,100,3.0,3,0.023225370828130552
4.165,4.725434140340885e-06,78.38701167635604,0,100,3.0,3,0.01756458765061463
4.17,2.299606063738814e-06,78.16001677799984,0,100,3.0,3,0.013069639168313722
4.175,1.0945633976635486e-06,77.98320447949557,0,100,3.0,3,0.009568405534565727
4.18,5.095703414287532e-07,77.84806252373428,0,100,3.0,3,0.0068923272026591076
4.185,2.3202944964797243e-07,77.74667998599702,0,100,3.0,3,0.0048847521979607815
4.19,1.0333746954038608e-07,77.6720128543322,0,100,3.0,3,0.0034061951352909866
4.195,4.501406988770349e-08,77.61801527615162,0,100,3.0,3,0.002336936161418297
4.2,0.0,77.5796646933126,0,100,3.0,3,0.0015775186794573105
4.205,0.0,77.5529107463042,0,100,3.0,3,0.0010477375505783498
4.21,0.0,77.53457579886194,0,100,3.0,3,0.000684669284394789
4.215,0.0,77.52223058524193,0,100,3.0,3,0.00044020960875105396
4.22,0.0,77.51406306247611,0,100,3.0,3,0.00027847648467547634
4.225,0.0,77.50875304685681,0,100,3.0,3,0.00017332766053089986
4.23,0.0,77.50536029803884,0,100,3.0,3,0.00010614451562054735
4.235,0.0,77.50322975038792,0,100,3.0,3,6.395545322606727e-05
4.24,0.0,77.501914693741,0,100,3.0,3,3.791472754455348e-05
4.245,0.0,77.50111681184963,0,100,3.0,3,2.211508613123163e-05
4.25,0.0,77.50064093065815,0,100,3.0,3,1.2691696200995961e-05
4.255,0.0,77.50036190319393,0,100,3.0,3,7.166399879875231e-06
4.26,0.0,77.50020105927997,0,100,3.0,3,3.981371880663213e-06
4.265,0.0,77.50010990214456,0,100,3.0,3,2.1762800902634618e-06
4.27,0.0,77.5000591069498,0,100,3.0,3,1.1704346496180103e-06
4.275,0.0,77.50003127672464,0,100,3.0,3,6.193410820062559e-07
4.28,0.001684486749771458,77.5000162837461,0,100,3.0,3,3.2245041794421114e-07
4.285,0.00456624331333666,77.50000834137632,0,100,3.0,3,1.651757686139006e-07
4.29,0.011079731271581421,77.50000420408458,0,100,3.0,3,8.324919951636469e-08
4.295,0.024064571490409,77.50000208475734,0,100,3.0,3,4.128232358378245e-08
4.3,0.046784906529573234,77.50000101716151,0,100,3.0,3,2.0141812055413483e-08
4.305,0.08141644351188804,77.50000048828643,0,100,3.0,3,9.669038252126268e-09
4.31,0.12682276464025305,77.50000023062678,0,100,3.0,3,4.5668669638034055e-09
4.315,0.1768320708657512,77.50000010717541,0,100,3.0,3,2.1222853441634805e-09
4.32,0.22070063230473494,77.50000004900393,0,100,3.0,3,9.703748475820447e-10
4.325,0.24656126505113576,77.50000002204536,0,100,3.0,3,4.365416982794402e-10
4.33,0.24656126505724016,77.50000000975783,0,100,3.0,3,1.9322428805494247e-10
4.335,0.220700632329898,77.50000000424953,0,100,3.0,3,8.414908374070725e-11
4.34,0.17683207093748562,77.50000000182087,0,100,3.0,3,3.605673735382699e-11
4.345,0.12682276483597799,77.50000000076766,0,100,3.0,3,1.5201112096247465e-11
4.35,0.08141644409447898,77.50000000031842,0,100,3.0,3,6.305398447594679e-12
4.355,0.04678490952598309,77.50000000012996,0,100,3.0,3,2.573431017238066e-12
4.36,0.024064605020532023,77.50000000005218,0,100,3.0,3,1.0333120497865694e-12
4.365,0.011080171739334697,77.50000000002062,0,100,3.0,3,4.0831584538134865e-13
4.37,0.004571212771509492,77.50000000000801,0,100,3.0,3,1.5871132790839464e-13
4.375,0.0017299316936037438,77.50000000000307,0,100,3.0,3,6.078306175215115e-14
4.38,0.0008899431850697582,77.50000000000115,0,100,3.0,3,2.279364815705668e-14
4.385,0.002128806368910263,77.50000000000043,0,100,3.0,3,8.442091910020992e-15
4.39,0.009309664818487698,77.50000000000016,0,100,3.0,3,3.0954337003410305e-15
4.395,0.03503263543368747,77.50000000000006,0,100,3.0,3,1.1256122546694657e-15
4.4,0.10606267793605692,77.50000000000001,0,100,3.0,3,2.814030636673664e-16
4.405,0.25734927343160535,77.5,0,100,3.0,3,0.0
4.41,0.5003202479539708,77.5,0,100,3.0,3,0.0
4.415,0.7793067891790435,77.5,0,100,3.0,3,0.0
4.42,0.9720477407234077,77.5000029761183,1,100,3.0,3,5.8933035560504224e-08
4.425,0.967267334488097,77.50000618532628,0,100,3.0,3,1.2248170861258217e-07
4.43,0.7505869905515209,77.50001392552794,0,100,3.0,3,2.7575302847298647e-07
4.435,0.4028369574773956,77.50003551779191,0,100,3.0,3,7.033226121719882e-07
4.44,0.04553881263121314,77.50010313559092,0,100,3.0,3,2.0422889290915523e-06
4.445,-0.189138810908105,77.50032572609189,0,100,3.0,3,6.450021621528529e-06
4.45,-0.22868072635956738,77.50105352781613,0,100,3.0,3,2.0861936952983477e-05
4.455,-0.14104670682394166,77.50333849843346,0,100,3.0,3,6.610887987058545e-05
4.46,-0.051158381651102834,77.51010867794061,0,100,3.0,3,0.00020017184040806803
4.465,-0.008206426846427752,77.52887923627338,0,100,3.0,3,0.0005718660648194646
4.47,0.005350271385530505,77.57736547743413,0,100,3.0,3,0.0015319896521609532
4.475,0.01084668799215426,77.6937614840257,0,100,3.0,3,0.003836861069815838
4.48,0.016256859896386415,77.95299178483792,0,100,3.0,3,0.008970134353226137
4.485,0.02345021205790711,78.48782060961162,0,100,3.0,3,0.019560804150725097
4.49,0.0330621597308209,79.50840637712494,0,100,3.0,3,0.03977042330940479
4.495,0.04559141319943196,81.30639038119868,0,100,3.0,3,0.07537406695442934
4.5,0.06149084917446989,84.22371682098306,0,100,3.0,3,0.13314290734619916
4.505,0.08111733445924295,88.56905596488694,0,100,3.0,3,0.2191892270274642
4.51,0.1046628598272375,94.48254071967199,0,100,3.0,3,0.3362879350430097
4.515,0.1320831047748631,101.78187771882364,0,100,3.0,3,0.4808292617588839
4.52,0.16303381314489318,109.85607098931862,0,100,3.0,3,0.6407142770162104
4.525,0.19682662652900276,117.68289868067583,0,100,3.0,3,0.7957009639737789
4.53,0.23241585813229,124.01296766753546,0,100,3.0,3,0.9210488647036725
4.535,0.26842527782774417,127.69015041412591,0,100,3.0,3,0.9938643646361566
4.54,0.30321927900592993,128.0,0,100,3.0,3,1.0
4.545,0.3350163137995362,124.90331438199323,0,100,3.0,3,0.9386794927127372
4.55,0.3620352400956416,119.0509908262225,0,100,3.0,3,0.8227918975489604
4.555,0.3826586036805073,111.57334395352093,0,100,3.0,3,0.6747196822479392
4.56,0.39559233134833227,103.73799888891169,0,100,3.0,3,0.5195643344338948
4.565,0.4,96.61848240541384,0,100,3.0,3,0.3785838100081949
4.57,0.39559233134833227,90.88948241854119,0,100,3.0,3,0.265138265713687
4.575,0.3826586036805073,86.7893676493135,0,100,3.0,3,0.18394787424383177
4.58,0.3620352400956416,84.21448228450262,0,100,3.0,3,0.13296004523767568
4.585,0.3350163137995362,82.8706742557033,0,100,3.0,3,0.10634998526145162
4.59,0.3032192790059296,82.41285373443978,0,100,3.0,3,0.09728423236514412
4.595,0.26842527782774417,82.53508919471457,0,100,3.0,3,0.09970473652900144
4.6,0.23241585813229,83.00723630449004,0,100,3.0,3,0.10905418424732743
4.605,0.19682662652900276,83.67399525905368,0,100,3.0,3,0.12225733186244916
4.61,0.16303381314489318,84.43655035035052,0,100,3.0,3,0.13735743268020822
4.615,0.13208310477486307,85.23167363197578,0,100,3.0,3,0.15310244815793625
4.62,0.10466285982723562,86.01556443973125,0,100,3.0,3,0.1686250384105198
4.625,0.08111733445917907,86.75400535564901,0,100,3.0,3,0.18324763080493095
4.63,0.06149084917398798,87.41763420030695,0,100,3.0,3,0.19638879604568216
4.635,0.04559141333598128,87.98046505761806,0,100,3.0,3,0.20753396153699133
4.64,0.03306217087257399,88.42010861624007,0,100,3.0,3,0.2162397745790113
4.645,0.02345067901074276,88.71867720825321,0,100,3.0,3,0.22215202392580616
4.65,0.016268788896435526,88.86378878992376,0,100,3.0,3,0.2250255205925497
4.655,0.011039026374860051,88.84935272165478,0,100,3.0,3,0.22473965785455013
4.66,0.007326255555493689,88.67597412457343,0,100,3.0,3,0.22130641830838474
4.665,0.0047556414315231815,88.3509063891692,0,100,3.0,3,0.21486943344889498
4.67,0.0030193390635632803,87.88754641372572,0,100,3.0,3,0.20569398839060823
4.675,0.001874953127946523,87.30451845386142,0,100,3.0,3,0.19414888027448354
4.68,0.0011387927410965778,86.62443306399382,0,100,3.0,3,0.18068184285136277
4.685,0.0006765107634274089,85.87243609243906,0,100,3.0,3,0.16579081371166454
4.69,0.00039307957404427924,85.07467708397961,0,100,3.0,3,0.1499936056233586
4.695,0.00022338910511776318,84.25682600304509,0,100,3.0,3,0.13379853471376418
4.7,0.00012417073320013317,83.4427529734118,0,100,3.0,3,0.11767827670122376
4.705,6.750753468904987e-05,82.65346049137668,0,100,3.0,3,0.10204872260151836
4.71,3.5897234866245036e-05,81.90632528007868,0,100,3.0,3,0.087253965942152
4.715,1.8670050400879738e-05,81.21467213191562,0,100,3.0,3,0.07355786399832911
4.72,9.497421874143672e-06,80.58766909939999,0,100,3.0,3,0.06114196236435621
4.725,4.725434140340885e-06,80.03050585017243,0,100,3.0,3,0.05010902673608776
4.73,2.299606063738814e-06,79.54479733357823,0,100,3.0,3,0.04049103630847982
4.735,1.0945633976635486e-06,79.12914419384192,0,100,3.0,3,0.03226028106617671
4.74,5.095703414287532e-07,78.77977938473101,0,100,3.0,3,0.025342166034277518
4.745,2.3202944964797243e-07,78.49123590647207,0,100,3.0,3,0.019628433791526147
4.75,1.0333746954038608e-07,78.25698150946495,0,100,3.0,3,0.014989732860692077
4.755,4.501406988770349e-08,78.06998030229119,0,100,3.0,3,0.01128673865923139
4.76,0.0,77.9231562441036,0,100,3.0,3,0.008379331566407817
4.765,0.0,77.80974762879951,0,100,3.0,3,0.006133616411871556
4.77,0.0,77.72355354312545,0,100,3.0,3,0.004426802834167279
4.775,0.0,77.65908215107021,0,100,3.0,3,0.0031501416053506637
4.78,0.0,77.61161631556492,0,100,3.0,3,0.002210224070592399
4.785,0.0,77.5772147447986,0,100,3.0,3,0.0015290048474969466
4.79,0.0,77.55266706642777,0,100,3.0,3,0.001042912206490556
4.795,0.0,77.53541965668042,0,100,3.0,3,0.0007013793402062909
4.8,0.0,77.52348636988228,0,100,3.0,3,0.0004650766313322339
4.805,0.0,77.51535513982303,0,100,3.0,3,0.00030406217471344875
4.81,0.0,77.50989824011825,0,100,3.0,3,0.0001960047548167684
4.815,0.0,77.50629112804937,0,100,3.0,3,0.00012457679305681935
4.82,0.0,77.50394244274653,0,100,3.0,4,7.80681731987105e-05
4.825,0.0,77.50243595126653,0,100,3.0,4,4.8236658743251e-05
4.83,0.0,77.50148401443865,0,100,3.0,4,2.9386424527632303e-05
4.835,0.0,77.50089140278692,0,100,3.0,4,1.7651540335041004e-05
4.84,0.0,77.50052792980212,0,100,3.0,4,1.045405548748337e-05
4.845,0.0,77.50030827953894,0,100,3.0,4,6.104545325579148e-06
4.85,0.0,77.50017749231459,0,100,3.0,4,3.5146992988441947e-06
4.855,0.0,77.5001007582777,0,100,3.0,4,1.995213419730693e-06
4.86,0.0,77.50005639599301,0,100,3.0,4,1.1167523368975266e-06
4.865,0.0,77.50003112304574,0,100,3.0,4,6.162979355277718e-07
4.87,0.0,77.5000169348855,0,100,3.0,4,3.35344267206424e-07
4.875,0.0,77.50000908549865,0,100,3.0,4,1.7991086429217397e-07
4.88,0.001684486749771458,77.50000480597605,0,100,3.0,4,9.516784252179542e-08
4.885,0.00456624331333666,77.50000250657536,0,100,3.0,4,4.963515556762041e-08
4.89,0.011079731271581421,77.50000128898024,0,100,3.0,4,2.5524361256042774e-08
4.895,0.024064571490409,77.5000006535489,0,100,3.0,4,1.2941562277269936e-08
4.9,0.046784906529573234,77.5000003267204,0,100,3.0,4,6.469710822082309e-09
4.905,0.08141644351188804,77.50000016104258,0,100,3.0,4,3.1889619481937712e-09
4.91,0.12682276464025305,77.50000007826571,0,100,3.0,4,1.5498161170254738e-09
4.915,0.1768320708657512,77.50000003750323,0,100,3.0,4,7.426381621866816e-10
4.92,0.22070063230473494,77.50000001771872,0,100,3.0,4,3.508657215152738e-10
4.925,0.24656126505113576,77.50000000825395,0,100,3.0,4,1.6344452743927976e-10
4.93,0.24656126505724016,77.50000000379104,0,100,3.0,4,7.5070176697607e-11
4.935,0.220700632329898,77.5000000017168,0,100,3.0,4,3.399602271859087e-11
4.94,0.17683207093748562,77.50000000076656,0,100,3.0,4,1.517944406034508e-11
4.945,0.12682276483597799,77.50000000033748,0,100,3.0,4,6.682759955972617e-12
4.95,0.08141644409447898,77.50000000014649,0,100,3.0,4,2.900702780283213e-12
4.955,0.04678490952598309,77.5000000000627,0,100,3.0,4,1.2415503169004206e-12
4.96,0.024064605020532023,77.50000000002646,0,100,3.0,4,5.239725045486363e-13
4.965,0.011080171739334697,77.50000000001101,0,100,3.0,4,2.1808737434220896e-13
4.97,0.004571212771509492,77.50000000000452,0,100,3.0,4,8.948617424622252e-14
4.975,0.0017299316936037438,77.50000000000182,0,100,3.0,4,3.60195921494229e-14
4.98,0.0008899431850697582,77.50000000000072,0,100,3.0,4,1.4351556247035687e-14
4.985,0.002128806368910263,77.50000000000028,0,100,3.0,4,5.6280612733473285e-15
4.99,0.009309664818487698,77.50000000000011,0,100,3.0,4,2.2512245093389313e-15
4.995,0.03503263543368747,77.50000000000004,0,100,3.0,4,8.442091910020992e-16
5.0,0.10606267793605692,77.50000000000001,0,100,3.0,4,2.814030636673664e-16
5.005,0.25734927343160535,77.5,0,100,3.0,4,0.0
5.01,0.5003202479539708,77.5,0,100,3.0,4,0.0
5.015,0.7793067891790435,77.5,0,100,3.0,4,0.0
5.02,0.9720477407234077,77.5000029632167,1,100,3.0,4,5.867755844249559e-08
5.025,0.967267334488097,77.50000682291645,0,100,3.0,4,1.3510725637496592e-07
5.03,0.7505869905515209,77.50001756024393,0,100,3.0,4,3.4772760262841426e-07
5.035,0.4028369574773956,77.50005342195217,0,100,3.0,4,1.0578604390880938e-06
5.04,0.04553881263121314,77.50018840392086,0,100,3.0,4,3.7307707100803828e-06
5.045,-0.189138810908105,77.50070967490346,0,100,3.0,4,1.4052968385378857e-05
5.05,-0.22868072635956738,77.50264736798302,0,100,3.0,4,5.242312837655692e-05
5.055,-0.14104670682394166,77.50936430658398,0,100,3.0,4,0.00018543181354407307
5.06,-0.051158381651102834,77.53076934741445,0,100,3.0,4,0.0006092940082069027
5.065,-0.008206426846427752,77.59306177469023,0,100,3.0,4,0.0018428074196084581
5.07,0.005350271385530505,77.75802676786665,0,100,3.0,4,0.005109440947854515
5.075,0.01084668799215426,78.15461689924777,0,100,3.0,4,0.012962710876193472
5.08,0.016256859896386415,79.01828265856908,0,100,3.0,4,0.030065003139981734
5.085,0.02345021205790711,80.71788402888605,0,100,3.0,4,0.06372047581952568
5.09,0.0330621597308209,83.73079902637203,0,100,3.0,4,0.12338215893805991
5.095,0.04559141319943196,88.52107119930265,0,100,3.0,4,0.2182390336495575
5.1,0.06149084917446989,95.30690819667116,0,100,3.0,4,0.3526120434984388
5.105,0.08111733445924295,103.7805137153438,0,100,3.0,4,0.5204062121850258
5.11,0.1046628598272375,112.93009024750643,0,100,3.0,4,0.7015859454951768
5.115,0.1320831047748631,121.13525691684497,0,100,3.0,4,0.8640644934028706
5.12,0.16303381314489318,126.6019505798869,0,100,3.0,4,0.9723158530670674
5.125,0.19682662652900276,128.0,0,100,3.0,4,1.0
5.13,0.23241585813229,124.99911850064926,0,100,3.0,4,0.9405766039732527
5.135,0.26842527782774417,118.41082419885984,0,100,3.0,4,0.8101153306704919
5.14,0.30321927900592993,109.85508918464754,0,100,3.0,4,0.6406948353395553
5.145,0.3350163137995362,101.13977923732722,0,100,3.0,4,0.4681144403431132
5.15,0.3620352400956416,93.67740219718712,0,100,3.0,4,0.3203445979641014
5.155,0.3826586036805073,88.18807433450232,0,100,3.0,4,0.21164503632677856
5.16,0.39559233134833227,84.73520644729146,0,100,3.0,4,0.14327141479785072
5.165,0.4,82.96744827784511,0,100,3.0,4,0.1082663025315863
5.17,0.39559233134833227,82.39155633242602,0,100,3.0,4,0.09686250163219842
5.175,0.3826586036805073,82.55988591100417,0,100,3.0,4,0.10019576061394402
5.18,0.3620352400956416,83.1463378415175,0,100,3.0,4,0.11180867012905926
5.185,0.3350163137995362,83.94360114320315,0,100,3.0,4,0.1275960622416466
5.19,0.3032192790059296,84.8277522116186,0,100,3.0,4,0.14510400419046737
5.195,0.26842527782774417,85.72195777553705,0,100,3.0,4,0.1628110450601396
5.2,0.23241585813229,86.57191545419312,0,100,3.0,4,0.17964189018204194
5.205,0.19682662652900276,87.33344446152883,0,100,3.0,4,0.19472167250552133
5.21,0.16303381314489318,87.96825352116706,0,100,3.0,4,0.20729214893400114
5.215,0.13208310477486307,88.44394081009204,0,100,3.0,4,0.21671169920974345
5.22,0.10466285982723562,88.73561558960037,0,100,3.0,4,0.22248743741782914
5.225,0.08111733445917907,88.82770800558913,0,100,3.0,4,0.22431104961562634
5.23,0.06149084917398798,88.71524935893723,0,100,3.0,4,0.22208414572152926
5.235,0.04559141333598128,88.40429210697437,0,100,3.0,4,0.21592657637573004
5.24,0.03306217087257399,87.9113648010271,0,100,3.0,4,0.2061656396242991
5.245,0.02345067901074276,87.26201550499496,0,100,3.0,4,0.19330723772267253
5.25,0.016268788896435526,86.48861883511692,0,100,3.0,4,0.17799245218053314
5.255,0.011039026374860051,85.62770772453368,0,100,3.0,4,0.1609447074165085
5.26,0.007326255555493689,84.71713506982503,0,100,3.0,4,0.14291356573910957
5.265,0.0047556414315231815,83.79336949573046,0,100,3.0,4,0.12462117813327643
5.27,0.0030193390635632803,82.88918720853592,0,100,3.0,4,0.10671657838684981
5.275,0.001874953127946523,82.03194835275565,0,100,3.0,4,0.08974155153971582
5.28,0.0011387927410965778,81.24255572514794,0,100,3.0,4,0.0741100143593651
5.285,0.0006765107634274089,80.53510165291061,0,100,3.0,4,0.06010102282991311
5.29,0.00039307957404427924,79.91712911156813,0,100,3.0,4,0.047863942803329305
5.295,0.00022338910511776318,79.39037558157813,0,100,3.0,4,0.03743317983323023
5.3,0.00012417073320013317,78.95183743607636,0,100,3.0,4,0.028749256159927926
5.305,6.750753468904987e-05,78.59498841544391,0,100,3.0,4,0.021682938919681337
5.31,3.5897234866245036e-05,78.31100344773567,0,100,3.0,4,0.016059474212587566
5.315,1.8670050400879738e-05,78.0898716426395,0,100,3.0,4,0.011680626586920675
5.32,9.497421874143672e-06,77.92132184618897,0,100,3.0,4,0.008343006855227205
5.325,4.725434140340885e-06,77.79552354015783,0,100,3.0,4,0.005851951290254073
5.33,2.299606063738814e-06,77.70355971062563,0,100,3.0,4,0.00403088535892329
5.335,1.0945633976635486e-06,77.63769342762592,0,100,3.0,4,0.0027266025272459243
5.34,5.095703414287532e-07,77.59146527391141,0,100,3.0,4,0.001811193542800205
5.345,2.3202944964797243e-07,77.55966517374333,0,100,3.0,4,0.0011814885889767574
5.35,1.0333746954038608e-07,77.53822145556238,0,100,3.0,4,0.0007568605061857226
5.355,4.501406988770349e-08,77.52404446821832,0,100,3.0,4,0.00047612808353110806
5.36,0.0,77.51485404628625,0,100,3.0,4,0.0002941395304207059
5.365,0.0,77.50901147768072,0,100,3.0,4,0.00017844510258842634
5.37,0.0,77.5053686969771,0,100,3.0,4,0.00010631083122971762
5.375,0.0,77.5031409672966,0,100,3.0,4,6.2197372209942e-05
5.38,0.0,77.50180459429171,0,100,3.0,4,3.57345404299534e-05
5.385,0.0,77.50101816317644,0,100,3.0,4,2.016164705821103e-05
5.39,0.0,77.50056412693317,0,100,3.0,4,1.1170830359810455e-05
5.395,0.0,77.50030694313577,0,100,3.0,4,6.078081896410565e-06
5.4,0.0,77.50016400634816,0,100,3.0,4,3.2476504585621016e-06
5.405,0.0,77.5000860567684,0,100,3.0,4,1.7040944236790586e-06
5.41,0.001684486749771458,77.50004434361045,0,100,3.0,4,8.780912961324562e-07
5.415,0.00456624331333666,77.50002243875255,0,100,3.0,4,4.443317337036476e-07
5.42,0.011079731271581421,77.50001115033744,0,100,3.0,4,2.207987612415885e-07
5.425,0.024064571490409,77.50000544125342,0,100,3.0,4,1.0774759249837342e-07
5.43,0.046784906529573234,77.50000260754337,0,100,3.0,4,5.163452208375254e-08
5.435,0.08141644351188804,77.50000122711641,0,100,3.0,4,2.42993349270409e-08
5.44,0.12682276464025305,77.50000056710259,0,100,3.0,4,1.1229754235419834e-08
5.445,0.1768320708657512,77.50000025737073,0,100,3.0,4,5.096450082635441e-09
5.45,0.22070063230473494,77.50000011470392,0,100,3.0,4,2.271364808008668e-09
5.455,0.24656126505113576,77.50000005020178,0,100,3.0,4,9.940945932216307e-10
5.46,0.24656126505724016,77.50000002157653,0,100,3.0,4,4.2725792980599007e-10
5.465,0.220700632329898,77.5000000091068,0,100,3.0,4,1.8033265090221308e-10
5.47,0.17683207093748562,77.5000000037746,0,100,3.0,4,7.474459335294387e-11
5.475,0.12682276483597799,77.50000000153638,0,100,3.0,4,3.042332942226998e-11
5.48,0.08141644409447898,77.50000000061411,0,100,3.0,4,1.2160551993321572e-11
5.485,0.04678490952598309,77.50000000024106,0,100,3.0,4,4.7734401689895364e-12
5.49,0.024064605020532023,77.50000000009292,0,100,3.0,4,1.840094633320909e-12
5.495,0.011080171739334697,77.50000000003517,0,100,3.0,4,6.964725825767319e-13
5.5,0.004571212771509492,77.50000000001307,0,100,3.0,4,2.588908185739771e-13
5.505,0.0017299316936037438,77.50000000000477,0,100,3.0,4,9.455142939223511e-14
5.51,0.0008899431850697582,77.5000000000017,0,100,3.0,4,3.376836764008397e-14
5.515,0.002128806368910263,77.5000000000006,0,100,3.0,4,1.1818928674029389e-14
5.52,0.009309664818487698,77.50000000000021,0,100,3.0,4,4.221045955010496e-15
5.525,0.03503263543368747,77.50000000000007,0,100,3.0,4,1.4070153183368321e-15
5.53,0.10606267793605692,77.50000000000003,0,100,3.0,4,5.628061273347328e-16
5.535,0.25734927343160535,77.5,0,100,3.0,4,0.0
5.54,0.5003202479539708,77.5,0,100,3.0,4,0.0
5.545,0.7793067891790435,77.5,0,100,3.0,4,0.0
5.55,0.9720477407234077,77.5000029761183,1,100,3.0,4,5.8933035560504224e-08
5.555,0.967267334488097,77.50000618532628,0,100,3.0,4,1.2248170861258217e-07
5.56,0.7505869905515209,77.50001392552794,0,100,3.0,4,2.7575302847298647e-07
5.565,0.4028369574773956,77.50003551779191,0,100,3.0,4,7.033226121719882e-07
5.57,0.04553881263121314,77.50010313559092,0,100,3.0,4,2.0422889290915523e-06
5.575,-0.189138810908105,77.50032572609189,0,100,3.0,4,6.450021621528529e-06
5.58,-0.22868072635956738,77.50105352781613,0,100,3.0,4,2.0861936952983477e-05
5.585,-0.14104670682394166,77.50333849843346,0,100,3.0,4,6.610887987058545e-05
5.59,-0.051158381651102834,77.51010867794061,0,100,3.0,4,0.00020017184040806803
5.595,-0.008206426846427752,77.52887923627338,0,100,3.0,4,0.0005718660648194646
5.6,0.005350271385530505,77.57736547743413,0,100,3.0,4,0.0015319896521609532
5.605,0.01084668799215426,77.6937614840257,0,100,3.0,4,0.003836861069815838
5.61,0.016256859896386415,77.95299178483792,0,100,3.0,4,0.008970134353226137
5.615,0.02345021205790711,78.48782060961162,0,100,3.0,4,0.019560804150725097
5.62,0.0330621597308209,79.50840637712494,0,100,3.0,4,0.03977042330940479
5.625,0.04559141319943196,81.30639038119868,0,100,3.0,4,0.07537406695442934
5.63,0.06149084917446989,84.22371682098306,0,100,3.0,4,0.13314290734619916
5.635,0.08111733445924295,88.56905596488694,0,100,3.0,4,0.2191892270274642
5.64,0.1046628598272375,94.48254071967199,0,100,3.0,4,0.3362879350430097
5.645,0.1320831047748631,101.78187771882364,0,100,3.0,4,0.4808292617588839
5.65,0.16303381314489318,109.85607098931862,0,100,3.0,4,0.6407142770162104
5.655,0.19682662652900276,117.68289868067583,0,100,3.0,4,0.7957009639737789
5.66,0.23241585813229,124.01296766753546,0,100,3.0,4,0.9210488647036725
5.665,0.26842527782774417,127.69015041412591,0,100,3.0,4,0.9938643646361566
5.67,0.30321927900592993,128.0,0,100,3.0,4,1.0
5.675,0.3350163137995362,124.90331438199323,0,100,3.0,4,0.9386794927127372
5.68,0.3620352400956416,119.0509908262225,0,100,3.0,4,0.8227918975489604
5.685,0.3826586036805073,111.57334395352093,0,100,3.0,4,0.6747196822479392
5.69,0.39559233134833227,103.73799888891169,0,100,3.0,4,0.5195643344338948
5.695,0.4,96.61848240541384,0,100,3.0,4,0.3785838100081949
5.7,0.39559233134833227,90.88948241854119,0,100,3.0,4,0.265138265713687
5.705,0.3826586036805073,86.7893676493135,0,100,3.0,4,0.18394787424383177
5.71,0.3620352400956416,84.21448228450262,0,100,3.0,4,0.13296004523767568
5.715,0.3350163137995362,82.8706742557033,0,100,3.0,4,0.10634998526145162
5.72,0.3032192790059296,82.41285373443978,0,100,3.0,4,0.09728423236514412
5.725,0.26842527782774417,82.53508919471457,0,100,3.0,4,0.09970473652900144
5.73,0.23241585813229,83.00723630449004,0,100,3.0,4,0.10905418424732743
5.735,0.19682662652900276,83.67399525905368,0,100,3.0,4,0.12225733186244916
5.74,0.16303381314489318,84.43655035035052,0,100,3.0,4,0.13735743268020822
5.745,0.13208310477486307,85.23167363197578,0,100,3.0,4,0.15310244815793625
5.75,0.10466285982723562,86.01556443973125,0,100,3.0,4,0.1686250384105198
5.755,0.08111733445917907,86.75400535564901,0,100,3.0,4,0.18324763080493095
5.76,0.06149084917398798,87.41763420030695,0,100,3.0,4,0.19638879604568216
5.765,0.04559141333598128,87.98046505761806,0,100,3.0,4,0.20753396153699133
5.77,0.03306217087257399,88.42010861624007,0,100,3.0,4,0.2162397745790113
5.775,0.02345067901074276,88.71867720825321,0,100,3.0,4,0.22215202392580616
5.78,0.016268788896435526,88.86378878992376,0,100,3.0,4,0.2250255205925497
5.785,0.011039026374860051,88.84935272165478,0,100,3.0,4,0.22473965785455013
5.79,0.007326255555493689,88.67597412457343,0,100,3.0,4,0.22130641830838474
5.795,0.0047556414315231815,88.3509063891692,0,100,3.0,4,0.21486943344889498
5.8,0.0030193390635632803,87.88754641372572,0,100,3.0,4,0.20569398839060823
5.805,0.001874953127946523,87.30451845386142,0,100,3.0,4,0.19414888027448354
5.81,0.0011387927410965778,86.62443306399382,0,100,3.0,4,0.18068184285136277
5.815,0.0006765107634274089,85.87243609243906,0,100,3.0,4,0.16579081371166454
5.82,0.00039307957404427924,85.07467708397961,0,100,3.0,4,0.1499936056233586
5.825,0.00022338910511776318,84.25682600304509,0,100,3.0,4,0.13379853471376418
5.83,0.00012417073320013317,83.4427529734118,0,100,3.0,4,0.11767827670122376
5.835,6.750753468904987e-05,82.65346049137668,0,100,3.0,4,0.10204872260151836
5.84,3.5897234866245036e-05,81.90632528007868,0,100,3.0,4,0.087253965942152
5.845,1.8670050400879738e-05,81.21467213191562,0,100,3.0,4,0.07355786399832911
5.85,9.497421874143672e-06,80.58766909939999,0,100,3.0,4,0.06114196236435621
5.855,4.725434140340885e-06,80.03050585017243,0,100,3.0,4,0.05010902673608776
5.86,2.299606063738814e-06,79.54479733357823,0,100,3.0,4,0.04049103630847982
5.865,1.0945633976635486e-06,79.12914419384192,0,100,3.0,4,0.03226028106617671
5.87,5.095703414287532e-07,78.77977938473101,0,100,3.0,4,0.025342166034277518
5.875,2.3202944964797243e-07,78.49123590647207,0,100,3.0,4,0.019628433791526147
5.88,1.0333746954038608e-07,78.25698150946495,0,100,3.0,4,0.014989732860692077
5.885,4.501406988770349e-08,78.06998030229119,0,100,3.0,4,0.01128673865923139
5.89,0.0,77.9231562441036,0,100,3.0,4,0.008379331566407817
5.895,0.0,77.80974762879951,0,100,3.0,4,0.006133616411871556
5.9,0.0,77.72355354312545,0,100,3.0,4,0.004426802834167279
5.905,0.0,77.65908215107021,0,100,3.0,4,0.0031501416053506637
5.91,0.0,77.61161631556492,0,100,3.0,4,0.002210224070592399
5.915,0.0,77.5772147447986,0,100,3.0,4,0.0015290048474969466
5.92,0.0,77.55266706642777,0,100,3.0,4,0.001042912206490556
5.925,0.0,77.53541965668042,0,100,3.0,4,0.0007013793402062909
5.93,0.0,77.52348636988228,0,100,3.0,4,0.0004650766313322339
5.935,0.0,77.51535513982303,0,100,3.0,4,0.00030406217471344875
5.94,0.0,77.50989824011825,0,100,3.0,4,0.0001960047548167684
5.945,0.0,77.50629112804937,0,100,3.0,4,0.00012457679305681935
5.95,0.0,77.50394244274653,0,100,3.0,4,7.80681731987105e-05
5.955,0.0,77.50243595126653,0,100,3.0,4,4.8236658743251e-05
5.96,0.0,77.50148401443865,0,100,3.0,4,2.9386424527632303e-05
5.965,0.0,77.50089140278692,0,100,3.0,4,1.7651540335041004e-05
5.97,0.0,77.50052792980212,0,100,3.0,4,1.045405548748337e-05
5.975,0.0,77.50030827953894,0,100,3.0,4,6.104545325579148e-06
5.98,0.0,77.50017749231459,0,100,3.0,4,3.5146992988441947e-06
5.985,0.0,77.5001007582777,0,100,3.0,4,1.995213419730693e-06
5.99,0.0,77.50005639599301,0,100,3.0,4,1.1167523368975266e-06
5.995,0.0,77.50003112304574,0,100,3.0,4,6.162979355277718e-07
6.0,0.0,77.5000169348855,0,100,3.0,4,3.35344267206424e-07
6.005,0.0,77.50000908549865,0,100,3.0,4,1.7991086429217397e-07
6.01,0.001684486749771458,77.50000480597605,0,100,3.0,4,9.516784252179542e-08
6.015,0.00456624331333666,77.50000250657536,0,100,3.0,4,4.963515556762041e-08
6.02,0.011079731271581421,77.50000128898024,0,100,3.0,4,2.5524361256042774e-08
6.025,0.024064571490409,77.5000006535489,0,100,3.0,5,1.2941562277269936e-08
6.03,0.046784906529573234,77.5000003267204,0,100,3.0,5,6.469710822082309e-09
6.035,0.08141644351188804,77.50000016104258,0,100,3.0,5,3.1889619481937712e-09
6.04,0.12682276464025305,77.50000007826571,0,100,3.0,5,1.5498161170254738e-09
6.045,0.1768320708657512,77.50000003750323,0,100,3.0,5,7.426381621866816e-10
6.05,0.22070063230473494,77.50000001771872,0,100,3.0,5,3.508657215152738e-10
6.055,0.24656126505113576,77.50000000825395,0,100,3.0,5,1.6344452743927976e-10
6.06,0.24656126505724016,77.50000000379104,0,100,3.0,5,7.5070176697607e-11
6.065,0.220700632329898,77.5000000017168,0,100,3.0,5,3.399602271859087e-11
6.07,0.17683207093748562,77.50000000076656,0,100,3.0,5,1.517944406034508e-11
6.075,0.12682276483597799,77.50000000033748,0,100,3.0,5,6.682759955972617e-12
6.08,0.08141644409447898,77.50000000014649,0,100,3.0,5,2.900702780283213e-12
6.085,0.04678490952598309,77.5000000000627,0,100,3.0,5,1.2415503169004206e-12
6.09,0.024064605020532023,77.50000000002646,0,100,3.0,5,5.239725045486363e-13
6.095,0.011080171739334697,77.50000000001101,0,100,3.0,5,2.1808737434220896e-13
6.1,0.004571212771509492,77.50000000000452,0,100,3.0,5,8.948617424622252e-14
6.105,0.0017299316936037438,77.50000000000182,0,100,3.0,5,3.60195921494229e-14
6.11,0.0008899431850697582,77.50000000000072,0,100,3.0,5,1.4351556247035687e-14
6.115,0.002128806368910263,77.50000000000028,0,100,3.0,5,5.6280612733473285e-15
6.12,0.009309664818487698,77.50000000000011,0,100,3.0,5,2.2512245093389313e-15
6.125,0.03503263543368747,77.50000000000004,0,100,3.0,5,8.442091910020992e-16
6.13,0.10606267793605692,77.50000000000001,0,100,3.0,5,2.814030636673664e-16
6.135,0.25734927343160535,77.5,0,100,3.0,5,0.0
6.14,0.5003202479539708,77.5,0,100,3.0,5,0.0
6.145,0.7793067891790435,77.5,0,100,3.0,5,0.0
6.15,0.9720477407234077,77.50000295860458,1,100,3.0,5,5.8586229359585414e-08
6.155,0.967267334488097,77.50000607194025,0,100,3.0,5,1.2023644056189188e-07
6.16,0.7505869905515209,77.50001345273148,0,100,3.0,5,2.663907223742883e-07
6.165,0.4028369574773956,77.5000335974731,0,100,3.0,5,6.65296497145121e-07
6.17,0.04553881263121314,77.5000952391376,0,100,3.0,5,1.8859235166978084e-06
6.175,-0.189138810908105,77.50029396174413,0,100,3.0,5,5.821024636320949e-06
6.18,-0.22868072635956738,77.50093256649718,0,100,3.0,5,1.8466663310573943e-05
6.185,-0.14104670682394166,77.5029100232732,0,100,3.0,5,5.762422323172278e-05
6.19,-0.051158381651102834,77.50870714352278,0,100,3.0,5,0.00017241868361948757
6.195,-0.008206426846427752,77.5246562773498,0,100,3.0,5,0.00048824311583773423
6.2,0.005350271385530505,77.56565066778992,0,100,3.0,5,0.0013000132235628605
6.205,0.01084668799215426,77.66383990810884,0,100,3.0,5,0.0032443546160166505
6.21,0.016256859896386415,77.88262038992832,0,100,3.0,5,0.007576641384719209
6.215,0.02345021205790711,78.33545183145863,0,100,3.0,5,0.016543600622943112
6.22,0.0330621597308209,79.20484989603223,0,100,3.0,5,0.03375940388182632
6.225,0.04559141319943196,80.75054676642503,0,100,3.0,5,0.06436726270148578
6.23,0.06149084917446989,83.28992906835192,0,100,3.0,5,0.11465206075944404
6.235,0.08111733445924295,87.13394030962314,0,100,3.0,5,0.19077109524006222
6.24,0.1046628598272375,92.47378991953458,0,100,3.0,5,0.2965106914759323
6.245,0.1320831047748631,99.23955414039685,0,100,3.0,5,0.43048622060191777
6.25,0.16303381314489318,106.98246625036123,0,100,3.0,5,0.5838112128784402
6.255,0.19682662652900276,114.8494723141842,0,100,3.0,5,0.7395935111719643
6.26,0.23241585813229,121.70177762100317,0,100,3.0,5,0.8752827251683797
6.265,0.26842527782774417,126.37413972136399,0,100,3.0,5,0.9678047469577027
6.27,0.30321927900592993,128.0,0,100,3.0,5,1.0
6.275,0.3350163137995362,126.27952255457706,0,100,3.0,5,0.9659311396945952
6.28,0.3620352400956416,121.57753056726469,0,100,3.0,5,0.8728223874705879
6.285,0.3826586036805073,114.80819134861454,0,100,3.0,5,0.7387760663091989
6.29,0.39559233134833227,107.1570555269131,0,100,3.0,5,0.5872684262755069
6.295,0.4,99.75682326894582,0,100,3.0,5,0.44072917364249153
6.3,0.39559233134833227,93.437628290086,0,100,3.0,5,0.3155965998036831
6.305,0.3826586036805073,88.6210265304858,0,100,3.0,5,0.2202183471383328
6.31,0.3620352400956416,85.35521064557099,0,100,3.0,5,0.15554872565487113
6.315,0.3350163137995362,83.43676931776182,0,100,3.0,5,0.11755978847053099
6.32,0.3032192790059296,82.55078966163666,0,100,3.0,5,0.1000156368640922
6.325,0.26842527782774417,82.37990978446584,0,100,3.0,5,0.0966318769201156
6.33,0.23241585813229,82.66385053700031,0,100,3.0,5,0.10225446607921415
6.335,0.19682662652900276,83.21572546574443,0,100,3.0,5,0.11318268248998865
6.34,0.16303381314489318,83.91239791841033,0,100,3.0,5,0.12697817660218486
6.345,0.13208310477486307,84.67546318988141,0,100,3.0,5,0.14208837999765173
6.35,0.10466285982723562,85.45331282711224,0,100,3.0,5,0.1574913431111335
6.355,0.08111733445917907,86.20847512306442,0,100,3.0,5,0.17244505194186965
6.36,0.06149084917398798,86.91043201717129,0,100,3.0,5,0.1863451884588374
6.365,0.04559141333598128,87.53247338289246,0,100,3.0,5,0.19866283926519726
6.37,0.03306217087257399,88.0509704560115,0,100,3.0,5,0.20893010803983164
6.375,0.02345067901074276,88.44584531855038,0,100,3.0,5,0.21674941224852243
6.38,0.016268788896435526,88.70146811501344,0,100,3.0,5,0.22181124980224634
6.385,0.011039026374860051,88.80754517288817,0,100,3.0,5,0.2239117856017459
6.39,0.007326255555493689,88.75976200907462,0,100,3.0,5,0.22296558433811128
6.395,0.0047556414315231815,88.56006114259078,0,100,3.0,5,0.21901111173447094
6.4,0.0030193390635632803,88.21650740561338,0,100,3.0,5,0.2122080674378888
6.405,0.001874953127946523,87.74274663539316,0,100,3.0,5,0.20282666604738933
6.41,0.0011387927410965778,87.15710631316468,0,100,3.0,5,0.19122982798345892
6.415,0.0006765107634274089,86.48142019658886,0,100,3.0,5,0.17784990488294766
6.42,0.00039307957404427924,85.73968176817759,0,100,3.0,5,0.16316201521143742
6.425,0.00022338910511776318,84.95664182706211,0,100,3.0,5,0.14765627380321017
6.43,0.00012417073320013317,84.15646337911748,0,100,3.0,5,0.13181115602212837
6.435,6.750753468904987e-05,83.36153323734182,0,100,3.0,5,0.11606996509587757
6.44,3.5897234866245036e-05,82.59150690834363,0,100,3.0,5,0.10082191897710163
6.445,1.8670050400879738e-05,81.86263483969579,0,100,3.0,5,0.08638880870684726
6.45,9.497421874143672e-06,81.18738775969096,0,100,3.0,5,0.07301757939982106
6.455,4.725434140340885e-06,80.57437030471705,0,100,3.0,5,0.06087861989538713
6.46,2.299606063738814e-06,80.02848839135753,0,100,3.0,5,0.0500690770565847
6.465,1.0945633976635486e-06,79.55131885537037,0,100,3.0,5,0.040620175353868686
6.47,5.095703414287532e-07,79.14162062723075,0,100,3.0,5,0.03250733915308417
6.475,2.3202944964797243e-07,78.79592494440962,0,100,3.0,5,0.025661880087319212
6.48,1.0333746954038608e-07,78.50914673365939,0,100,3.0,5,0.019983103636819648
6.485,4.501406988770349e-08,78.2751686651716,0,100,3.0,5,0.015349874557853577
6.49,0.0,78.08736155817212,0,100,3.0,5,0.01163092194400237
6.495,0.0,77.93901792246764,0,100,3.0,5,0.008693424207280032
6.5,0.0,77.82368785280029,0,100,3.0,5,0.0064096604514908995
6.505,0.0,77.73541708275205,0,100,3.0,5,0.004661724410931694
6.51,0.0,77.66889506741865,0,100,3.0,5,0.0033444567805672436
6.515,0.0,77.61952627338034,0,100,3.0,5,0.0023668568986206853
6.52,0.0,77.583440560487,0,100,3.0,5,0.0016522883264753596
6.525,0.0,77.55745905335685,0,100,3.0,5,0.0011378030367693284
6.53,0.0,77.53903077198105,0,100,3.0,5,0.0007728865738821098
6.535,0.0,77.52615310372167,0,100,3.0,5,0.0005178832420132368
6.54,0.0,77.51728648731061,0,100,3.0,5,0.00034230667941809016
6.545,0.0,77.51127087641395,0,100,3.0,5,0.00022318567156327782
6.55,0.0,77.50724896569103,0,100,3.0,5,0.0001435438750699704
6.555,0.0,77.50459898318086,0,100,3.0,5,9.10689738783267e-05
6.56,0.0,77.50287816056776,0,100,3.0,5,5.699327856952082e-05
6.565,0.0,77.50177678810005,0,100,3.0,5,3.518392277317274e-05
6.57,0.0,77.50108199106754,0,100,3.0,5,2.1425565693793897e-05
6.575,0.0,77.5006499487824,0,100,3.0,5,1.2870272918730328e-05
6.58,0.0,77.50038512526845,0,100,3.0,5,7.626242939628661e-06
6.585,0.0,77.50022510871771,0,100,3.0,5,4.457598370580323e-06
6.59,0.0,77.5001297926306,0,100,3.0,5,2.5701511010358426e-06
6.595,0.0,77.50007382019291,0,100,3.0,5,1.4617859982094934e-06
6.6,0.0,77.50004141596045,0,100,3.0,5,8.201180287752583e-07
6.605,0.0,77.50002292069169,0,100,3.0,5,4.5387508299598373e-07
6.61,0.0,77.50001251281783,0,100,3.0,5,2.477785709414651e-07
6.615,0.0,77.50000673829383,0,100,3.0,5,1.334315610696793e-07
6.62,0.001684486749771458,77.50000357941612,0,100,3.0,5,7.087952705732466e-08
6.625,0.00456624331333666,77.50000187560704,0,100,3.0,5,3.714073347221682e-08
6.63,0.011079731271581421,77.50000096948018,0,100,3.0,5,1.919762739096696e-08
6.635,0.024064571490409,77.5000004943146,0,100,3.0,5,9.788408024718646e-09
6.64,0.046784906529573234,77.5000002486196,0,100,3.0,5,4.923160387610695e-09
6.645,0.08141644351188804,77.50000012334874,0,100,3.0,5,2.442549326714119e-09
6.65,0.12682276464025305,77.50000006036726,0,100,3.0,5,1.1953912095609352e-09
6.655,0.1768320708657512,77.5000000291431,0,100,3.0,5,5.770909910556793e-10
6.66,0.22070063230473494,77.50000001387833,0,100,3.0,5,2.748185133806137e-10
6.665,0.24656126505113576,77.50000000651939,0,100,3.0,5,1.290967508911047e-10
6.67,0.24656126505724016,77.50000000302094,0,100,3.0,5,5.982066327440875e-11
6.675,0.220700632329898,77.50000000138085,0,100,3.0,5,2.7343654293494327e-11
6.68,0.17683207093748562,77.5000000006226,0,100,3.0,5,1.2328831025394658e-11
6.685,0.12682276483597799,77.50000000027693,0,100,3.0,5,5.4837015016859696e-12
6.69,0.08141644409447898,77.50000000012149,0,100,3.0,5,2.4057147912923155e-12
6.695,0.04678490952598309,77.50000000005258,0,100,3.0,5,1.0411913355692557e-12
6.7,0.024064605020532023,77.50000000002245,0,100,3.0,5,4.446168405944389e-13
6.705,0.011080171739334697,77.50000000000945,0,100,3.0,5,1.8713303733879865e-13
6.71,0.004571212771509492,77.50000000000392,0,100,3.0,5,7.766724557219314e-14
6.715,0.0017299316936037438,77.5000000000016,0,100,3.0,5,3.179854619441241e-14
6.72,0.0008899431850697582,77.50000000000065,0,100,3.0,5,1.2944540928698855e-14
6.725,0.002128806368910263,77.50000000000026,0,100,3.0,5,5.065255146012595e-15
6.73,0.009309664818487698,77.5000000000001,0,100,3.0,5,1.969821445671565e-15
6.735,0.03503263543368747,77.50000000000004,0,100,3.0,5,8.442091910020992e-16
6.74,0.10606267793605692,77.50000000000001,0,100,3.0,5,2.814030636673664e-16
6.745,0.25734927343160535,77.5,0,100,3.0,5,0.0
6.75,0.5003202479539708,77.5,0,100,3.0,5,0.0
6.755,0.7793067891790435,77.5,0,100,3.0,5,0.0
6.76,0.9720477407234077,77.5000029761183,1,100,3.0,5,5.8933035560504224e-08
6.765,0.967267334488097,77.50000618532628,0,100,3.0,5,1.2248170861258217e-07
6.77,0.7505869905515209,77.50001392552794,0,100,3.0,5,2.7575302847298647e-07
6.775,0.4028369574773956,77.50003551779191,0,100,3.0,5,7.033226121719882e-07
6.78,0.04553881263121314,77.50010313559092,0,100,3.0,5,2.0422889290915523e-06
6.785,-0.189138810908105,77.50032572609189,0,100,3.0,5,6.450021621528529e-06
6.79,-0.22868072635956738,77.50105352781613,0,100,3.0,5,2.0861936952983477e-05
6.795,-0.14104670682394166,77.50333849843346,0,100,3.0,5,6.610887987058545e-05
6.8,-0.051158381651102834,77.51010867794061,0,100,3.0,5,0.00020017184040806803
6.805,-0.008206426846427752,77.52887923627338,0,100,3.0,5,0.0005718660648194646
6.81,0.005350271385530505,77.57736547743413,0,100,3.0,5,0.0015319896521609532
6.815,0.01084668799215426,77.6937614840257,0,100,3.0,5,0.003836861069815838
6.82,0.016256859896386415,77.95299178483792,0,100,3.0,5,0.008970134353226137
6.825,0.02345021205790711,78.48782060961162,0,100,3.0,5,0.019560804150725097
6.83,0.0330621597308209,79.50840637712494,0,100,3.0,5,0.03977042330940479
6.835,0.04559141319943196,81.30639038119868,0,100,3.0,5,0.07537406695442934
6.84,0.06149084917446989,84.22371682098306,0,100,3.0,5,0.13314290734619916
6.845,0.08111733445924295,88.56905596488694,0,100,3.0,5,0.2191892270274642
6.85,0.1046628598272375,94.48254071967199,0,100,3.0,5,0.3362879350430097
6.855,0.1320831047748631,101.78187771882364,0,100,3.0,5,0.4808292617588839
6.86,0.16303381314489318,109.85607098931862,0,100,3.0,5,0.6407142770162104
6.865,0.19682662652900276,117.68289868067583,0,100,3.0,5,0.7957009639737789
6.87,0.23241585813229,124.01296766753546,0,100,3.0,5,0.9210488647036725
6.875,0.26842527782774417,127.69015041412591,0,100,3.0,5,0.9938643646361566
6.88,0.30321927900592993,128.0,0,100,3.0,5,1.0
6.885,0.3350163137995362,124.90331438199323,0,100,3.0,5,0.9386794927127372
6.89,0.3620352400956416,119.0509908262225,0,100,3.0,5,0.8227918975489604
6.895,0.3826586036805073,111.57334395352093,0,100,3.0,5,0.6747196822479392
6.9,0.39559233134833227,103.73799888891169,0,100,3.0,5,0.5195643344338948
6.905,0.4,96.61848240541384,0,100,3.0,5,0.3785838100081949
6.91,0.39559233134833227,90.88948241854119,0,100,3.0,5,0.265138265713687
6.915,0.3826586036805073,86.7893676493135,0,100,3.0,5,0.18394787424383177
6.92,0.3620352400956416,84.21448228450262,0,100,3.0,5,0.13296004523767568
6.925,0.3350163137995362,82.8706742557033,0,100,3.0,5,0.10634998526145162
6.93,0.3032192790059296,82.41285373443978,0,100,3.0,5,0.09728423236514412
6.935,0.26842527782774417,82.53508919471457,0,100,3.0,5,0.09970473652900144
6.94,0.23241585813229,83.00723630449004,0,100,3.0,5,0.10905418424732743
6.945,0.19682662652900276,83.67399525905368,0,100,3.0,5,0.12225733186244916
6.95,0.16303381314489318,84.43655035035052,0,100,3.0,5,0.13735743268020822
6.955,0.13208310477486307,85.23167363197578,0,100,3.0,5,0.15310244815793625
6.96,0.10466285982723562,86.01556443973125,0,100,3.0,5,0.1686250384105198
6.965,0.08111733445917907,86.75400535564901,0,100,3.0,5,0.18324763080493095
6.97,0.06149084917398798,87.41763420030695,0,100,3.0,5,0.19638879604568216
6.975,0.04559141333598128,87.98046505761806,0,100,3.0,5,0.20753396153699133
6.98,0.03306217087257399,88.42010861624007,0,100,3.0,5,0.2162397745790113
6.985,0.02345067901074276,88.71867720825321,0,100,3.0,5,0.22215202392580616
6.99,0.016268788896435526,88.86378878992376,0,100,3.0,5,0.2250255205925497
6.995,0.011039026374860051,88.84935272165478,0,100,3.0,5,0.22473965785455013
7.0,0.007326255555493689,88.67597412457343,0,100,3.0,5,0.22130641830838474
7.005,0.0047556414315231815,88.3509063891692,0,100,3.0,5,0.21486943344889498
7.01,0.0030193390635632803,87.88754641372572,0,100,3.0,5,0.20569398839060823
7.015,0.001874953127946523,87.30451845386142,0,100,3.0,5,0.19414888027448354
7.02,0.0011387927410965778,86.62443306399382,0,100,3.0,5,0.18068184285136277
7.025,0.0006765107634274089,85.87243609243906,0,100,3.0,5,0.16579081371166454
7.03,0.00039307957404427924,85.07467708397961,0,100,3.0,5,0.1499936056233586
7.035,0.00022338910511776318,84.25682600304509,0,100,3.0,5,0.13379853471376418
7.04,0.00012417073320013317,83.4427529734118,0,100,3.0,5,0.11767827670122376
7.045,6.750753468904987e-05,82.65346049137668,0,100,3.0,5,0.10204872260151836
7.05,3.5897234866245036e-05,81.90632528007868,0,100,3.0,5,0.087253965942152
7.055,1.8670050400879738e-05,81.21467213191562,0,100,3.0,5,0.07355786399832911
7.06,9.497421874143672e-06,80.58766909939999,0,100,3.0,5,0.06114196236435621
7.065,4.725434140340885e-06,80.03050585017243,0,100,3.0,5,0.05010902673608776
7.07,2.299606063738814e-06,79.54479733357823,0,100,3.0,5,0.04049103630847982
7.075,1.0945633976635486e-06,79.12914419384192,0,100,3.0,5,0.03226028106617671
7.08,5.095703414287532e-07,78.77977938473101,0,100,3.0,5,0.025342166034277518
7.085,2.3202944964797243e-07,78.49123590647207,0,100,3.0,5,0.019628433791526147
7.09,1.0333746954038608e-07,78.25698150946495,0,100,3.0,5,0.014989732860692077
7.095,4.501406988770349e-08,78.06998030229119,0,100,3.0,5,0.01128673865923139
7.1,0.0,77.9231562441036,0,100,3.0,5,0.008379331566407817
7.105,0.0,77.80974762879951,0,100,3.0,5,0.006133616411871556
7.11,0.0,77.72355354312545,0,100,3.0,5,0.004426802834167279
7.115,0.0,77.65908215107021,0,100,3.0,5,0.0031501416053506637
7.12,0.0,77.61161631556492,0,100,3.0,5,0.002210224070592399
7.125,0.0,77.5772147447986,0,100,3.0,5,0.0015290048474969466
7.13,0.0,77.55266706642777,0,100,3.0,5,0.001042912206490556
7.135,0.0,77.53541965668042,0,100,3.0,5,0.0007013793402062909
7.14,0.0,77.52348636988228,0,100,3.0,5,0.0004650766313322339
7.145,0.0,77.51535513982303,0,100,3.0,5,0.00030406217471344875
7.15,0.0,77.50989824011825,0,100,3.0,5,0.0001960047548167684
7.155,0.0,77.50629112804937,0,100,3.0,5,0.00012457679305681935
7.16,0.0,77.50394244274653,0,100,3.0,5,7.80681731987105e-05
7.165,0.0,77.50243595126653,0,100,3.0,5,4.8236658743251e-05
7.17,0.0,77.50148401443865,0,100,3.0,5,2.9386424527632303e-05
7.175,0.0,77.50089140278692,0,100,3.0,5,1.7651540335041004e-05
7.18,0.0,77.50052792980212,0,100,3.0,5,1.045405548748337e-05
7.185,0.0,77.50030827953894,0,100,3.0,5,6.104545325579148e-06
7.19,0.0,77.50017749231459,0,100,3.0,5,3.5146992988441947e-06
7.195,0.0,77.5001007582777,0,100,3.0,5,1.995213419730693e-06
7.2,0.0,77.50005639599301,0,100,3.0,5,1.1167523368975266e-06
7.205,0.0,77.50003112304574,0,100,3.0,5,6.162979355277718e-07
7.21,0.0,77.5000169348855,0,100,3.0,5,3.35344267206424e-07
7.215,0.0,77.50000908549865,0,100,3.0,5,1.7991086429217397e-07
7.22,0.001684486749771458,77.50000480597605,0,100,3.0,5,9.516784252179542e-08
7.225,0.00456624331333666,77.50000250657536,0,100,3.0,5,4.963515556762041e-08
7.23,0.011079731271581421,77.50000128898024,0,100,3.0,6,2.5524361256042774e-08
7.235,0.024064571490409,77.5000006535489,0,100,3.0,6,1.2941562277269936e-08
7.24,0.046784906529573234,77.5000003267204,0,100,3.0,6,6.469710822082309e-09
7.245,0.08141644351188804,77.50000016104258,0,100,3.0,6,3.1889619481937712e-09
7.25,0.12682276464025305,77.50000007826571,0,100,3.0,6,1.5498161170254738e-09
7.255,0.1768320708657512,77.50000003750323,0,100,3.0,6,7.426381621866816e-10
7.26,0.22070063230473494,77.50000001771872,0,100,3.0,6,3.508657215152738e-10
7.265,0.24656126505113576,77.50000000825395,0,100,3.0,6,1.6344452743927976e-10
7.27,0.24656126505724016,77.50000000379104,0,100,3.0,6,7.5070176697607e-11
7.275,0.220700632329898,77.5000000017168,0,100,3.0,6,3.399602271859087e-11
7.28,0.17683207093748562,77.50000000076656,0,100,3.0,6,1.517944406034508e-11
7.285,0.12682276483597799,77.50000000033748,0,100,3.0,6,6.682759955972617e-12
7.29,0.08141644409447898,77.50000000014649,0,100,3.0,6,2.900702780283213e-12
7.295,0.04678490952598309,77.5000000000627,0,100,3.0,6,1.2415503169004206e-12
7.3,0.024064605020532023,77.50000000002646,0,100,3.0,6,5.239725045486363e-13
7.305,0.011080171739334697,77.50000000001101,0,100,3.0,6,2.1808737434220896e-13
7.31,0.004571212771509492,77.50000000000452,0,100,3.0,6,8.948617424622252e-14
7.315,0.0017299316936037438,77.50000000000182,0,100,3.0,6,3.60195921494229e-14
7.32,0.0008899431850697582,77.50000000000072,0,100,3.0,6,1.4351556247035687e-14
7.325,0.002128806368910263,77.50000000000028,0,100,3.0,6,5.6280612733473285e-15
7.33,0.009309664818487698,77.50000000000011,0,100,3.0,6,2.2512245093389313e-15
7.335,0.03503263543368747,77.50000000000004,0,100,3.0,6,8.442091910020992e-16
7.34,0.10606267793605692,77.50000000000001,0,100,3.0,6,2.814030636673664e-16
7.345,0.25734927343160535,77.5,0,100,3.0,6,0.0
7.35,0.5003202479539708,77.5,0,100,3.0,6,0.0
7.355,0.7793067891790435,77.5,0,100,3.0,6,0.0
7.36,0.9720477407234077,77.50000295858521,1,100,3.0,6,5.858584580720963e-08
7.365,0.967267334488097,77.50000627158161,0,100,3.0,6,1.2418973487865964e-07
7.37,0.7505869905515209,77.50001448202111,0,100,3.0,6,2.867726953417611e-07
7.375,0.4028369574773956,77.5000381880034,0,100,3.0,6,7.56198087153937e-07
7.38,0.04553881263121314,77.50011515393722,0,100,3.0,6,2.2802759844742666e-06
7.385,-0.189138810908105,77.5003768133724,0,100,3.0,6,7.461650938574905e-06
7.39,-0.22868072635956738,77.50125530195008,0,100,3.0,6,2.4857464358047304e-05
7.395,-0.14104670682394166,77.50407161723201,0,100,3.0,6,8.062608380226824e-05
7.4,-0.051158381651102834,77.5125498908563,0,100,3.0,6,0.00024851269022388076
7.405,-0.008206426846427752,77.53632357375037,0,100,3.0,6,0.0007192786881260548
7.41,0.005350271385530505,77.59816032657108,0,100,3.0,6,0.0019437688429916036
7.415,0.01084668799215426,77.74699421583978,0,100,3.0,6,0.004890974571084695
7.42,0.016256859896386415,78.0778955905149,0,100,3.0,6,0.011443477039898991
7.425,0.02345021205790711,78.75638253739591,0,100,3.0,6,0.024878862126651635
7.43,0.0330621597308209,80.03714578164362,0,100,3.0,6,0.050240510527596365
7.435,0.04559141319943196,82.2581074321164,0,100,3.0,6,0.09421994915081988
7.44,0.06149084917446989,85.78593960996649,0,100,3.0,6,0.16407801207854436
7.445,0.08111733445924295,90.89811556558197,0,100,3.0,6,0.26530921912043515
7.45,0.1046628598272375,97.61546592808551,0,100,3.0,6,0.39832605798189136
7.455,0.1320831047748631,105.5415466537269,0,100,3.0,6,0.5552781515589484
7.46,0.16303381314489318,113.79708988561208,0,100,3.0,6,0.7187542551606353
7.465,0.19682662652900276,121.12822094684294,0,100,3.0,6,0.8639251672642168
7.47,0.23241585813229,126.20143333597863,0,100,3.0,6,0.9643848185342304
7.475,0.26842527782774417,128.0,0,100,3.0,6,1.0
7.48,0.30321927900592993,126.16275066678318,0,100,3.0,6,0.9636188250848154
7.485,0.3350163137995362,121.1116044575634,0,100,3.0,6,0.8635961278725426
7.49,0.3620352400956416,113.90717007869759,0,100,3.0,6,0.7209340609643087
7.495,0.3826586036805073,105.90088318147954,0,100,3.0,6,0.5623937263659315
7.5,0.39559233134833227,98.34046706321053,0,100,3.0,6,0.41268251610317874
7.505,0.4,92.08499814602648,0,100,3.0,6,0.28881184447577185
7.51,0.39559233134833227,87.50864038323002,0,100,3.0,6,0.1981908986778221
7.515,0.3826586036805073,84.57442275691706,0,100,3.0,6,0.14008757934489227
7.52,0.3620352400956416,82.99710802083918,0,100,3.0,6,0.10885362417503323
7.525,0.3350163137995362,82.40804661099806,0,100,3.0,6,0.09718904180194171
7.53,0.3032192790059296,82.46851319639717,0,100,3.0,6,0.0983863999286568
7.535,0.26842527782774417,82.92004890238644,0,100,3.0,6,0.10732770103735526
7.54,0.23241585813229,83.58796849171559,0,100,3.0,6,0.12055383151912051
7.545,0.19682662652900276,84.36197804515345,0,100,3.0,6,0.13588075336937525
7.55,0.16303381314489318,85.17248310799981,0,100,3.0,6,0.15193035857425366
7.555,0.13208310477486307,85.97196310008664,0,100,3.0,6,0.1677616455462701
7.56,0.10466285982723562,86.72363196440325,0,100,3.0,6,0.18264617751293571
7.565,0.08111733445917907,87.39605351764324,0,100,3.0,6,0.1959614557949156
7.57,0.06149084917398798,87.9615095120021,0,100,3.0,6,0.20715860419806129
7.575,0.04559141333598128,88.39629447802281,0,100,3.0,6,0.2157682074856002
7.58,0.03306217087257399,88.6817572080628,0,100,3.0,6,0.22142093481312486
7.585,0.02345067901074276,88.80541912343043,0,100,3.0,6,0.2238696856124837
7.59,0.016268788896435526,88.761813641984,0,100,3.0,6,0.22300621073235655
7.595,0.011039026374860051,88.55286824522712,0,100,3.0,6,0.21886867812330923
7.6,0.007326255555493689,88.18775826412227,0,100,3.0,6,0.2116387775073716
7.605,0.0047556414315231815,87.68223746822366,0,100,3.0,6,0.20162846471730023
7.61,0.0030193390635632803,87.05751062541435,0,100,3.0,6,0.18925763614681884
7.615,0.001874953127946523,86.33875969754904,0,100,3.0,6,0.17502494450592151
7.62,0.0011387927410965778,85.55346606508107,0,100,3.0,6,0.15947457554615976
7.625,0.0006765107634274089,84.72968388537797,0,100,3.0,6,0.14316205713619734
7.63,0.00039307957404427924,83.8944140290608,0,100,3.0,6,0.12662205998140194
7.635,0.00022338910511776318,83.07220603434823,0,100,3.0,6,0.11034071355145003
7.64,0.00012417073320013317,82.2840812711329,0,100,3.0,6,0.09473428259669119
7.645,6.750753468904987e-05,81.54682943609703,0,100,3.0,6,0.08013523635835698
7.65,3.5897234866245036e-05,80.87268841585063,0,100,3.0,6,0.06678590922476499
7.655,1.8670050400879738e-05,80.26937973963246,0,100,3.0,6,0.054839202764999116
7.66,9.497421874143672e-06,79.7404423296401,0,100,3.0,6,0.04436519464633868
7.665,4.725434140340885e-06,79.28578839837682,0,100,3.0,6,0.03536214650251135
7.67,2.299606063738814e-06,78.90239771037702,0,100,3.0,6,0.02777025169063399
7.675,1.0945633976635486e-06,78.58506900977153,0,100,3.0,6,0.021486515044980795
7.68,5.095703414287532e-07,78.32715803895881,0,100,3.0,6,0.016379367108095323
7.685,2.3202944964797243e-07,78.12124742111936,0,100,3.0,6,0.012301929131076509
7.69,1.0333746954038608e-07,77.95971182173484,0,100,3.0,6,0.009103204390788959
7.695,4.501406988770349e-08,77.83515963913185,0,100,3.0,6,0.006636824537264261
7.7,0.0,77.74074802073012,0,100,3.0,6,0.004767287539210363
7.705,0.0,77.67038003596295,0,100,3.0,6,0.003373862098276232
7.71,0.0,77.61880087924757,0,100,3.0,6,0.0023524926583677777
7.715,0.0,77.5816141709287,0,100,3.0,6,0.001616122196607968
7.72,0.0,77.5552403549693,0,100,3.0,6,0.0010938684152336571
7.725,0.0,77.53683768391573,0,100,3.0,6,0.0007294590874402959
7.73,0.0,77.52420321967791,0,100,3.0,6,0.00047927167679039497
7.735,0.0,77.51566747236087,0,100,3.0,6,0.0003102469774430597
7.74,0.0,77.50999239747283,0,100,3.0,6,0.00019786925688769166
7.745,0.0,77.50627892699517,0,100,3.0,6,0.00012433518802307088
7.75,0.0,77.50388728278739,0,100,3.0,6,7.697589677997649e-05
7.755,0.0,77.50237111056772,0,100,3.0,6,4.695268450935074e-05
7.76,0.0,77.50142495925365,0,100,3.0,6,2.8217014923849084e-05
7.765,0.0,77.5008437194384,0,100,3.0,6,1.6707315611742756e-05
7.77,0.0,77.50049219662667,0,100,3.0,6,9.746467854781015e-06
7.775,0.0,77.50028289428887,0,100,3.0,6,5.601867106388634e-06
7.78,0.0,77.500160197117,0,100,3.0,6,3.172220138565373e-06
7.785,0.0,77.50008937790716,0,100,3.0,6,1.769859547701092e-06
7.79,0.0,77.50004913043793,0,100,3.0,6,9.728799590006794e-07
7.795,0.0,77.50002660823445,0,100,3.0,6,5.268957316743446e-07
7.8,0.0,77.50001419797643,0,100,3.0,6,2.811480480503822e-07
7.805,0.001684486749771458,77.50000746417498,0,100,3.0,6,1.4780544524280167e-07
7.81,0.00456624331333666,77.50000386618065,0,100,3.0,6,7.6558032643865e-08
7.815,0.011079731271581421,77.50000197300162,0,100,3.0,6,3.906933893676528e-08
7.82,0.024064571490409,77.5000009920138,0,100,3.0,6,1.9643837535707885e-08
7.825,0.046784906529573234,77.50000049142014,0,100,3.0,6,9.731091848710877e-09
7.83,0.08141644351188804,77.50000023984637,0,100,3.0,6,4.749433110821946e-09
7.835,0.12682276464025305,77.50000011533426,0,100,3.0,6,2.2838467223006982e-09
7.84,0.1768320708657512,77.50000005464224,0,100,3.0,6,1.0820246085257727e-09
7.845,0.22070063230473494,77.50000002550607,0,100,3.0,6,5.050706607620992e-10
7.85,0.24656126505113576,77.50000001173015,0,100,3.0,6,2.3228021926133627e-10
7.855,0.24656126505724016,77.50000000531507,0,100,3.0,6,1.0524896685755005e-10
7.86,0.220700632329898,77.50000000237279,0,100,3.0,6,4.698586954054017e-11
7.865,0.17683207093748562,77.50000000104365,0,100,3.0,6,2.066624099573139e-11
7.87,0.12682276483597799,77.50000000045226,0,100,3.0,6,8.955652501213936e-12
7.875,0.08141644409447898,77.5000000001931,0,100,3.0,6,3.823704829112175e-12
7.88,0.04678490952598309,77.50000000008123,0,100,3.0,6,1.6084999119226663e-12
7.885,0.024064605020532023,77.50000000003367,0,100,3.0,6,6.66643857827991e-13
7.89,0.011080171739334697,77.50000000001374,0,100,3.0,6,2.7211676256634333e-13
7.895,0.004571212771509492,77.50000000000553,0,100,3.0,6,1.0946579176660553e-13
7.9,0.0017299316936037438,77.50000000000219,0,100,3.0,6,4.333607180477443e-14
7.905,0.0008899431850697582,77.50000000000085,0,100,3.0,6,1.6884183820041984e-14
7.91,0.002128806368910263,77.50000000000033,0,100,3.0,6,6.472270464349428e-15
7.915,0.009309664818487698,77.50000000000013,0,100,3.0,6,2.5326275730062976e-15
7.92,0.03503263543368747,77.50000000000004,0,100,3.0,6,8.442091910020992e-16
7.925,0.10606267793605692,77.50000000000001,0,100,3.0,6,2.814030636673664e-16
7.93,0.25734927343160535,77.5,0,100,3.0,6,0.0
7.935,0.5003202479539708,77.5,0,100,3.0,6,0.0
7.94,0.7793067891790435,77.5,0,100,3.0,6,0.0
7.945,0.9720477407234077,77.50000295860458,1,100,3.0,6,5.8586229359585414e-08
7.95,0.967267334488097,77.50000607194025,0,100,3.0,6,1.2023644056189188e-07
7.955,0.7505869905515209,77.50001345273148,0,100,3.0,6,2.663907223742883e-07
7.96,0.4028369574773956,77.5000335974731,0,100,3.0,6,6.65296497145121e-07
7.965,0.04553881263121314,77.5000952391376,0,100,3.0,6,1.8859235166978084e-06
7.97,-0.189138810908105,77.50029396174413,0,100,3.0,6,5.821024636320949e-06
7.975,-0.22868072635956738,77.50093256649718,0,100,3.0,6,1.8466663310573943e-05
7.98,-0.14104670682394166,77.5029100232732,0,100,3.0,6,5.762422323172278e-05
7.985,-0.051158381651102834,77.50870714352278,0,100,3.0,6,0.00017241868361948757
7.99,-0.008206426846427752,77.5246562773498,0,100,3.0,6,0.00048824311583773423
7.995,0.005350271385530505,77.56565066778992,0,100,3.0,6,0.0013000132235628605
8.0,0.01084668799215426,77.66383990810884,0,100,3.0,6,0.0032443546160166505
8.005,0.016256859896386415,77.88262038992832,0,100,3.0,6,0.007576641384719209
8.01,0.02345021205790711,78.33545183145863,0,100,3.0,6,0.016543600622943112
8.015,0.0330621597308209,79.20484989603223,0,100,3.0,6,0.03375940388182632
8.02,0.04559141319943196,80.75054676642503,0,100,3.0,6,0.06436726270148578
8.025,0.06149084917446989,83.28992906835192,0,100,3.0,6,0.11465206075944404
8.03,0.08111733445924295,87.13394030962314,0,100,3.0,6,0.19077109524006222
8.035,0.1046628598272375,92.47378991953458,0,100,3.0,6,0.2965106914759323
8.04,0.1320831047748631,99.23955414039685,0,100,3.0,6,0.43048622060191777
8.045,0.16303381314489318,106.98246625036123,0,100,3.0,6,0.5838112128784402
8.05,0.19682662652900276,114.8494723141842,0,100,3.0,6,0.7395935111719643
8.055,0.23241585813229,121.70177762100317,0,100,3.0,6,0.8752827251683797
8.06,0.26842527782774417,126.37413972136399,0,100,3.0,6,0.9678047469577027
8.065,0.30321927900592993,128.0,0,100,3.0,6,1.0
8.07,0.3350163137995362,126.27952255457706,0,100,3.0,6,0.9659311396945952
8.075,0.3620352400956416,121.57753056726469,0,100,3.0,6,0.8728223874705879
8.08,0.3826586036805073,114.80819134861454,0,100,3.0,6,0.7387760663091989
8.085,0.39559233134833227,107.1570555269131,0,100,3.0,6,0.5872684262755069
8.09,0.4,99.75682326894582,0,100,3.0,6,0.44072917364249153
8.095,0.39559233134833227,93.437628290086,0,100,3.0,6,0.3155965998036831
8.1,0.3826586036805073,88.6210265304858,0,100,3.0,6,0.2202183471383328
8.105,0.3620352400956416,85.35521064557099,0,100,3.0,6,0.15554872565487113
8.11,0.3350163137995362,83.43676931776182,0,100,3.0,6,0.11755978847053099
8.115,0.3032192790059296,82.55078966163666,0,100,3.0,6,0.1000156368640922
8.12,0.26842527782774417,82.37990978446584,0,100,3.0,6,0.0966318769201156
8.125,0.23241585813229,82.66385053700031,0,100,3.0,6,0.10225446607921415
8.13,0.19682662652900276,83.21572546574443,0,100,3.0,6,0.11318268248998865
8.135,0.16303381314489318,83.91239791841033,0,100,3.0,6,0.12697817660218486
8.14,0.13208310477486307,84.67546318988141,0,100,3.0,6,0.14208837999765173
8.145,0.10466285982723562,85.45331282711224,0,100,3.0,6,0.1574913431111335
8.15,0.08111733445917907,86.20847512306442,0,100,3.0,6,0.17244505194186965
8.155,0.06149084917398798,86.91043201717129,0,100,3.0,6,0.1863451884588374
8.16,0.04559141333598128,87.53247338289246,0,100,3.0,6,0.19866283926519726
8.165,0.03306217087257399,88.0509704560115,0,100,3.0,6,0.20893010803983164
8.17,0.02345067901074276,88.44584531855038,0,100,3.0,6,0.21674941224852243
8.175,0.016268788896435526,88.70146811501344,0,100,3.0,6,0.22181124980224634
8.18,0.011039026374860051,88.80754517288817,0,100,3.0,6,0.2239117856017459
8.185,0.007326255555493689,88.75976200907462,0,100,3.0,6,0.22296558433811128
8.19,0.0047556414315231815,88.56006114259078,0,100,3.0,6,0.21901111173447094
8.195,0.0030193390635632803,88.21650740561338,0,100,3.0,6,0.2122080674378888
8.2,0.001874953127946523,87.74274663539316,0,100,3.0,6,0.20282666604738933
8.205,0.0011387927410965778,87.15710631316468,0,100,3.0,6,0.19122982798345892
8.21,0.0006765107634274089,86.48142019658886,0,100,3.0,6,0.17784990488294766
8.215,0.00039307957404427924,85.73968176817759,0,100,3.0,6,0.16316201521143742
8.22,0.00022338910511776318,84.95664182706211,0,100,3.0,6,0.14765627380321017
8.225,0.00012417073320013317,84.15646337911748,0,100,3.0,6,0.13181115602212837
8.23,6.750753468904987e-05,83.36153323734182,0,100,3.0,6,0.11606996509587757
8.235,3.5897234866245036e-05,82.59150690834363,0,100,3.0,6,0.10082191897710163
8.24,1.8670050400879738e-05,81.86263483969579,0,100,3.0,6,0.08638880870684726
8.245,9.497421874143672e-06,81.18738775969096,0,100,3.0,6,0.07301757939982106
8.25,4.725434140340885e-06,80.57437030471705,0,100,3.0,6,0.06087861989538713
8.255,2.299606063738814e-06,80.02848839135753,0,100,3.0,6,0.0500690770565847
8.26,1.0945633976635486e-06,79.55131885537037,0,100,3.0,6,0.040620175353868686
8.265,5.095703414287532e-07,79.14162062723075,0,100,3.0,6,0.03250733915308417
8.27,2.3202944964797243e-07,78.79592494440962,0,100,3.0,6,0.025661880087319212
8.275,1.0333746954038608e-07,78.50914673365939,0,100,3.0,6,0.019983103636819648
8.28,4.501406988770349e-08,78.2751686651716,0,100,3.0,6,0.015349874557853577
8.285,0.0,78.08736155817212,0,100,3.0,6,0.01163092194400237
8.29,0.0,77.93901792246764,0,100,3.0,6,0.008693424207280032
8.295,0.0,77.82368785280029,0,100,3.0,6,0.0064096604514908995
8.3,0.0,77.73541708275205,0,100,3.0,6,0.004661724410931694
8.305,0.0,77.66889506741865,0,100,3.0,6,0.0033444567805672436
8.31,0.0,77.61952627338034,0,100,3.0,6,0.0023668568986206853
8.315,0.0,77.583440560487,0,100,3.0,6,0.0016522883264753596
8.32,0.0,77.55745905335685,0,100,3.0,6,0.0011378030367693284
8.325,0.0,77.53903077198105,0,100,3.0,6,0.0007728865738821098
8.33,0.0,77.52615310372167,0,100,3.0,6,0.0005178832420132368
8.335,0.0,77.51728648731061,0,100,3.0,6,0.00034230667941809016
8.34,0.0,77.51127087641395,0,100,3.0,6,0.00022318567156327782
8.345,0.0,77.50724896569103,0,100,3.0,6,0.0001435438750699704
8.35,0.0,77.50459898318086,0,100,3.0,6,9.10689738783267e-05
8.355,0.0,77.50287816056776,0,100,3.0,6,5.699327856952082e-05
8.36,0.0,77.50177678810005,0,100,3.0,6,3.518392277317274e-05
8.365,0.0,77.50108199106754,0,100,3.0,6,2.1425565693793897e-05
8.37,0.0,77.5006499487824,0,100,3.0,6,1.2870272918730328e-05
8.375,0.0,77.50038512526845,0,100,3.0,6,7.626242939628661e-06
8.38,0.0,77.50022510871771,0,100,3.0,6,4.457598370580323e-06
8.385,0.0,77.5001297926306,0,100,3.0,6,2.5701511010358426e-06
8.39,0.0,77.50007382019291,0,100,3.0,6,1.4617859982094934e-06
8.395,0.0,77.50004141596045,0,100,3.0,6,8.201180287752583e-07
8.4,0.0,77.50002292069169,0,100,3.0,6,4.5387508299598373e-07
8.405,0.0,77.50001251281783,0,100,3.0,6,2.477785709414651e-07
8.41,0.0,77.50000673829383,0,100,3.0,6,1.334315610696793e-07
8.415,0.001684486749771458,77.50000357941612,0,100,3.0,6,7.087952705732466e-08
8.42,0.00456624331333666,77.50000187560704,0,100,3.0,6,3.714073347221682e-08
8.425,0.011079731271581421,77.50000096948018,0,100,3.0,6,1.919762739096696e-08
8.43,0.024064571490409,77.5000004943146,0,100,3.0,6,9.788408024718646e-09
8.435,0.046784906529573234,77.5000002486196,0,100,3.0,7,4.923160387610695e-09
8.44,0.08141644351188804,77.50000012334874,0,100,3.0,7,2.442549326714119e-09
8.445,0.12682276464025305,77.50000006036726,0,100,3.0,7,1.1953912095609352e-09
8.45,0.1768320708657512,77.5000000291431,0,100,3.0,7,5.770909910556793e-10
8.455,0.22070063230473494,77.50000001387833,0,100,3.0,7,2.748185133806137e-10
8.46,0.24656126505113576,77.50000000651939,0,100,3.0,7,1.290967508911047e-10
8.465,0.24656126505724016,77.50000000302094,0,100,3.0,7,5.982066327440875e-11
8.47,0.220700632329898,77.50000000138085,0,100,3.0,7,2.7343654293494327e-11
8.475,0.17683207093748562,77.5000000006226,0,100,3.0,7,1.2328831025394658e-11
8.48,0.12682276483597799,77.50000000027693,0,100,3.0,7,5.4837015016859696e-12
8.485,0.08141644409447898,77.50000000012149,0,100,3.0,7,2.4057147912923155e-12
8.49,0.04678490952598309,77.50000000005258,0,100,3.0,7,1.0411913355692557e-12
8.495,0.024064605020532023,77.50000000002245,0,100,3.0,7,4.446168405944389e-13
8.5,0.011080171739334697,77.50000000000945,0,100,3.0,7,1.8713303733879865e-13
8.505,0.004571212771509492,77.50000000000392,0,100,3.0,7,7.766724557219314e-14
8.51,0.0017299316936037438,77.5000000000016,0,100,3.0,7,3.179854619441241e-14
8.515,0.0008899431850697582,77.50000000000065,0,100,3.0,7,1.2944540928698855e-14
8.52,0.002128806368910263,77.50000000000026,0,100,3.0,7,5.065255146012595e-15
8.525,0.009309664818487698,77.5000000000001,0,100,3.0,7,1.969821445671565e-15
8.53,0.03503263543368747,77.50000000000004,0,100,3.0,7,8.442091910020992e-16
8.535,0.10606267793605692,77.50000000000001,0,100,3.0,7,2.814030636673664e-16
8.54,0.25734927343160535,77.5,0,100,3.0,7,0.0
8.545,0.5003202479539708,77.5,0,100,3.0,7,0.0
8.55,0.7793067891790435,77.5,0,100,3.0,7,0.0
8.555,0.9720477407234077,77.5000029632167,1,100,3.0,7,5.867755844249559e-08
8.56,0.967267334488097,77.50000632443192,0,100,3.0,7,1.252362756864692e-07
8.565,0.7505869905515209,77.50001473324576,0,100,3.0,7,2.917474408505849e-07
8.57,0.4028369574773956,77.50003930345265,0,100,3.0,7,7.782861911378535e-07
8.575,0.04553881263121314,77.50012007178523,0,100,3.0,7,2.37765911352014e-06
8.58,-0.189138810908105,77.50039768906025,0,100,3.0,7,7.875030896043021e-06
8.585,-0.22868072635956738,77.50133813309903,0,100,3.0,7,2.6497685129220596e-05
8.59,-0.14104670682394166,77.50437429970992,0,100,3.0,7,8.661979623609861e-05
8.595,-0.051158381651102834,77.51356283545961,0,100,3.0,7,0.0002685709992001851
8.6,-0.008206426846427752,77.539423280672,0,100,3.0,7,0.0007806590232078606
8.605,0.005350271385530505,77.60683292766095,0,100,3.0,7,0.0021155035180385365
8.61,0.01084668799215426,77.7691843879838,0,100,3.0,7,0.005330383920471266
8.615,0.016256859896386415,78.1298195737859,0,100,3.0,7,0.012471674728433559
8.62,0.02345021205790711,78.8674564682652,0,100,3.0,7,0.027078345906241648
8.625,0.0330621597308209,80.25416185836706,0,100,3.0,7,0.05453785858152585
8.63,0.04559141319943196,82.64472323642266,0,100,3.0,7,0.10187570765193393
8.635,0.06149084917446989,86.41224109374863,0,100,3.0,7,0.17648002165838877
8.64,0.08111733445924295,91.81665598492147,0,100,3.0,7,0.2834981383152766
8.645,0.1046628598272375,98.826395638257,0,100,3.0,7,0.42230486412390095
8.65,0.1320831047748631,106.95895384922622,0,100,3.0,7,0.5833456207767568
8.655,0.16303381314489318,115.23602411394728,0,100,3.0,7,0.7472480022563818
8.66,0.19682662652900276,122.32971667135199,0,100,3.0,7,0.8877171618089502
8.665,0.23241585813229,126.89775582948093,0,100,3.0,7,0.9781733827619986
8.67,0.26842527782774417,128.0,0,100,3.0,7,1.0
8.675,0.30321927900592993,125.42125272540896,0,100,3.0,7,0.9489356975328508
8.68,0.3350163137995362,119.74965133212939,0,100,3.0,7,0.8366267590520671
8.685,0.3620352400956416,112.17257946470455,0,100,3.0,7,0.6865857319743476
8.69,0.3826586036805073,104.08785511981466,0,100,3.0,7,0.5264921805903894
8.695,0.39559233134833227,96.70488803956961,0,100,3.0,7,0.38029481266474474
8.7,0.4,90.78889417401182,0,100,3.0,7,0.2631464192873627
8.705,0.39559233134833227,86.60772759605685,0,100,3.0,7,0.18035104150607617
8.71,0.3826586036805073,84.04089578195409,0,100,3.0,7,0.12952268875156617
8.715,0.3620352400956416,82.75786879881116,0,100,3.0,7,0.10411621383784475
8.72,0.3350163137995362,82.37959366821764,0,100,3.0,7,0.09662561719242846
8.725,0.3032192790059296,82.57856812118584,0,100,3.0,7,0.1005657053700166
8.73,0.26842527782774417,83.11531036543767,0,100,3.0,7,0.11119426466213198
8.735,0.23241585813229,83.83263983129649,0,100,3.0,7,0.12539880854052454
8.74,0.19682662652900276,84.63250912217958,0,100,3.0,7,0.14123780439959574
8.745,0.16303381314489318,85.45226040314074,0,100,3.0,7,0.1574705030324899
8.75,0.13208310477486307,86.2475629773933,0,100,3.0,7,0.1732190688592733
8.755,0.10466285982723562,86.98281595132833,0,100,3.0,7,0.18777853368966999
8.76,0.08111733445917907,87.62707318852279,0,100,3.0,7,0.20053610274302547
8.765,0.06149084917398798,88.15320332098976,0,100,3.0,7,0.21095452120771804
8.77,0.04559141333598128,88.5385782151131,0,100,3.0,7,0.21858570722996248
8.775,0.03306217087257399,88.76624892522591,0,100,3.0,7,0.22309403812328532
8.78,0.02345067901074276,88.82603771663241,0,100,3.0,7,0.22427797458678045
8.785,0.016268788896435526,88.71524935893723,0,100,3.0,7,0.22208414572152926
8.79,0.011039026374860051,88.43886075670979,0,100,3.0,7,0.2166111040932631
8.795,0.007326255555493689,88.00914720955005,0,100,3.0,7,0.20810192494158516
8.8,0.0047556414315231815,87.44477763798974,0,100,3.0,7,0.19692628986118307
8.805,0.0030193390635632803,86.76946988444872,0,100,3.0,7,0.18355385909799454
8.81,0.001874953127946523,86.0103405328122,0,100,3.0,7,0.16852159470915234
8.815,0.0011387927410965778,85.1961087935566,0,100,3.0,7,0.15239819393181395
8.82,0.0006765107634274089,84.35531914558466,0,100,3.0,7,0.13574889397197343
8.825,0.00039307957404427924,83.51473332893123,0,100,3.0,7,0.11910363027586592
8.83,0.00022338910511776318,82.69801221580293,0,100,3.0,7,0.10293093496639472
8.835,0.00012417073320013317,81.92476728085217,0,100,3.0,7,0.08761915407628051
8.84,6.750753468904987e-05,81.2100160794701,0,100,3.0,7,0.07346566494000187
8.845,3.5897234866245036e-05,80.56403251225963,0,100,3.0,7,0.06067391113385405
8.85,1.8670050400879738e-05,79.99254590939884,0,100,3.0,7,0.04935734474057114
8.855,9.497421874143672e-06,79.49721667177356,0,100,3.0,7,0.039548844985615
8.86,4.725434140340885e-06,79.07630197143015,0,100,3.0,7,0.031213900424359505
8.865,2.299606063738814e-06,78.72542256815419,0,100,3.0,7,0.024265793428795777
8.87,1.0945633976635486e-06,78.43834933264405,0,100,3.0,7,0.018581174903842604
8.875,5.095703414287532e-07,78.20774277436361,0,100,3.0,7,0.01401470840323979
8.88,2.3202944964797243e-07,78.02579755035103,0,100,3.0,7,0.010411832680218405
8.885,1.0333746954038608e-07,77.88476352268945,0,100,3.0,7,0.007619079657216909
8.89,4.501406988770349e-08,77.77733293361308,0,100,3.0,7,0.005491741259664978
8.895,0.0,77.69689796089891,0,100,3.0,7,0.0038989695227506687
8.9,0.0,77.63769342762592,0,100,3.0,7,0.0027266025272459243
8.905,0.0,77.59484565128201,0,100,3.0,7,0.0018781317085547404
8.91,0.0,77.56435078582085,0,100,3.0,7,0.0012742729865514734
8.915,0.0,77.54300535190977,0,100,3.0,7,0.0008515911269261333
8.92,0.0,77.52830892491497,0,100,3.0,7,0.0005605727705934027
8.925,0.0,77.5183550878223,0,100,3.0,7,0.0003634670855901034
8.93,0.0,77.51172254143796,0,100,3.0,7,0.0002321295334249863
8.935,0.0,77.50737427460564,0,100,3.0,7,0.00014602523971560832
8.94,0.0,77.50456929349846,0,100,3.0,7,9.04810593755032e-05
8.945,0.0,77.5027887592473,0,100,3.0,7,5.522295539198113e-05
8.95,0.0,77.50167650638357,0,100,3.0,7,3.319814620940318e-05
8.955,0.0,77.50099273108047,0,100,3.0,7,1.9658041197479378e-05
8.96,0.0,77.50057901557518,0,100,3.0,7,1.1465654954136962e-05
8.965,0.0,77.50033264507117,0,100,3.0,7,6.587031112242738e-06
8.97,0.0,77.50018823663869,0,100,3.0,7,3.727458191926218e-06
8.975,0.0,77.50010492028098,0,100,3.0,7,2.0776293262437016e-06
8.98,0.0,77.50005760324511,0,100,3.0,7,1.1406583190242906e-06
8.985,0.0,77.50003115061858,0,100,3.0,7,6.168439323245015e-07
8.99,0.0,77.50001659275955,0,100,3.0,7,3.285694960465149e-07
8.995,0.001684486749771458,77.5000087056817,0,100,3.0,7,1.7238973650999488e-07
9.0,0.00456624331333666,77.50000449903288,0,100,3.0,7,8.908976006201592e-08
9.005,0.011079731271581421,77.50000229017026,0,100,3.0,7,4.5349906096618887e-08
9.01,0.024064571490409,77.5000011482821,0,100,3.0,7,2.2738259310631967e-08
9.015,0.046784906529573234,77.50000056710259,0,100,3.0,7,1.1229754235419834e-08
9.02,0.08141644351188804,77.50000027587154,0,100,3.0,7,5.4628028217596484e-09
9.025,0.12682276464025305,77.50000013218568,0,100,3.0,7,2.617538133437289e-09
9.03,0.1768320708657512,77.500000062387,0,100,3.0,7,1.235386182790787e-09
9.035,0.22070063230473494,77.50000002900254,0,100,3.0,7,5.743076333529454e-10
9.04,0.24656126505113576,77.50000001328037,0,100,3.0,7,2.629776352676183e-10
9.045,0.24656126505724016,77.50000000598986,0,100,3.0,7,1.1861110993273127e-10
9.05,0.220700632329898,77.50000000266107,0,100,3.0,7,5.2694412090096365e-11
9.055,0.17683207093748562,77.50000000116447,0,100,3.0,7,2.3058729843031337e-11
9.06,0.12682276483597799,77.50000000050191,0,100,3.0,7,9.938874805667714e-12
9.065,0.08141644409447898,77.50000000021309,0,100,3.0,7,4.219638939692159e-12
9.07,0.04678490952598309,77.50000000008912,0,100,3.0,7,1.7646786122580548e-12
9.075,0.024064605020532023,77.5000000000367,0,100,3.0,7,7.268641134528074e-13
9.08,0.011080171739334697,77.5000000000149,0,100,3.0,7,2.949104107234e-13
9.085,0.004571212771509492,77.50000000000595,0,100,3.0,7,1.1790788367662653e-13
9.09,0.0017299316936037438,77.50000000000234,0,100,3.0,7,4.6431505505115455e-14
9.095,0.0008899431850697582,77.50000000000091,0,100,3.0,7,1.800979607471145e-14
9.1,0.002128806368910263,77.50000000000034,0,100,3.0,7,6.7536735280167935e-15
9.105,0.009309664818487698,77.50000000000013,0,100,3.0,7,2.5326275730062976e-15
9.11,0.03503263543368747,77.50000000000004,0,100,3.0,7,8.442091910020992e-16
9.115,0.10606267793605692,77.50000000000001,0,100,3.0,7,2.814030636673664e-16
9.12,0.25734927343160535,77.5,0,100,3.0,7,0.0
9.125,0.5003202479539708,77.5,0,100,3.0,7,0.0
9.13,0.7793067891790435,77.5,0,100,3.0,7,0.0
9.135,0.9720477407234077,77.50000296047277,1,100,3.0,7,5.862322316914125e-08
9.14,0.967267334488097,77.50000556968264,0,100,3.0,7,1.1029074539017006e-07
9.145,0.7505869905515209,77.50001107361088,0,100,3.0,7,2.1927942332758273e-07
9.15,0.4028369574773956,77.5000240274186,0,100,3.0,7,4.757904674074825e-07
9.155,0.04553881263121314,77.50005775887072,0,100,3.0,7,1.1437400143456604e-06
9.16,-0.189138810908105,77.50015126044384,0,100,3.0,7,2.995256313726155e-06
9.165,-0.22868072635956738,77.50041533893004,0,100,3.0,7,8.224533268116154e-06
9.17,-0.14104670682394166,77.5011510522014,0,100,3.0,7,2.2793112898882263e-05
9.175,-0.051158381651102834,77.50313388306245,0,100,3.0,7,6.205709034547187e-05
9.18,-0.008206426846427752,77.50824853235738,0,100,3.0,7,0.00016333727440366087
9.185,0.005350271385530505,77.52080291886513,0,100,3.0,7,0.00041193898742830745
9.19,0.01084668799215426,77.55003339148001,0,100,3.0,7,0.0009907602273270047
9.195,0.016256859896386415,77.6144660480126,0,100,3.0,7,0.00226665441609113
9.2,0.02345021205790711,77.74875586432796,0,100,3.0,7,0.004925858699563589
9.205,0.0330621597308209,78.0131174684089,0,100,3.0,7,0.010160741948690957
9.21,0.04559141319943196,78.50419578045056,0,100,3.0,7,0.019885064959417
9.215,0.06149084917446989,79.36409811046595,0,100,3.0,7,0.03691283387061279
9.22,0.08111733445924295,80.78173370604658,0,100,3.0,7,0.06498482586230853
9.225,0.1046628598272375,82.97877557383904,0,100,3.0,7,0.10849060542255534
9.23,0.1320831047748631,86.1733398687698,0,100,3.0,7,0.17174930433207528
9.235,0.16303381314489318,90.51963997360265,0,100,3.0,7,0.25781465294262673
9.24,0.19682662652900276,96.03170619908008,0,100,3.0,7,0.3669644791897045
9.245,0.23241585813229,102.51124939563206,0,100,3.0,7,0.49527226526004087
9.25,0.26842527782774417,109.508420845892,0,100,3.0,7,0.6338301157602377
9.255,0.30321927900592993,116.34312073822883,0,100,3.0,7,0.7691707076876997
9.26,0.3350163137995362,122.19991598368705,0,100,3.0,7,0.8851468511621198
9.265,0.3620352400956416,126.28414378119781,0,100,3.0,7,0.9660226491326299
9.27,0.3826586036805073,128.0,0,100,3.0,7,1.0
9.275,0.39559233134833227,127.09620305207548,0,100,3.0,7,0.9821030307341679
9.28,0.4,123.73047494474659,0,100,3.0,7,0.9154549494009225
9.285,0.39559233134833227,118.43035369907331,0,100,3.0,7,0.8105020534469962
9.29,0.3826586036805073,111.96402693505901,0,100,3.0,7,0.6824559789120596
9.295,0.3620352400956416,105.16499395104967,0,100,3.0,7,0.5478216623970231
9.3,0.3350163137995362,98.76568295831183,0,100,3.0,7,0.421102632837858
9.305,0.3032192790059296,93.28462585224715,0,100,3.0,7,0.3125668485593494
9.31,0.26842527782774417,88.98673655443307,0,100,3.0,7,0.22746012979075378
9.315,0.23241585813229,85.9093029300082,0,100,3.0,7,0.16652085009917217
9.32,0.19682662652900276,83.92843044777212,0,100,3.0,7,0.127295652431131
9.325,0.16303381314489318,82.83633188842659,0,100,3.0,7,0.10566993838468486
9.33,0.13208310477486307,82.40664661068128,0,100,3.0,7,0.09716131902339165
9.335,0.10466285982723562,82.43673434845005,0,100,3.0,7,0.09775711581089198
9.34,0.08111733445917907,82.76663175759897,0,100,3.0,7,0.10428973777423707
9.345,0.06149084917398798,83.28076331596857,0,100,3.0,7,0.11447056071224893
9.35,0.04559141333598128,83.9002438965322,0,100,3.0,7,0.12673750290162777
9.355,0.03306217087257399,84.572240016131,0,100,3.0,7,0.1400443567550694
9.36,0.02345067901074276,85.26031508227125,0,100,3.0,7,0.15366960558952966
9.365,0.016268788896435526,85.93736730146371,0,100,3.0,7,0.16707658022700414
9.37,0.011039026374860051,86.58127053057453,0,100,3.0,7,0.17982713921929758
9.375,0.007326255555493689,87.1726432429361,0,100,3.0,7,0.19153748995913078
9.38,0.0047556414315231815,87.694028917787,0,100,3.0,7,0.2018619587680593
9.385,0.0030193390635632803,88.12988670856303,0,100,3.0,7,0.2104928061101591
9.39,0.001874953127946523,88.4669720570697,0,100,3.0,7,0.21716776350633063
9.395,0.0011387927410965778,88.69484257659452,0,100,3.0,7,0.22168005102167376
9.4,0.0006765107634274089,88.8063319009262,0,100,3.0,7,0.22388776041438013
9.405,0.00039307957404427924,88.79790084933654,0,100,3.0,7,0.2237208088977533
9.41,0.00022338910511776318,88.66981609089675,0,100,3.0,7,0.2211844770474603
9.415,0.00012417073320013317,88.42613358855499,0,100,3.0,7,0.21635908096148496
9.42,6.750753468904987e-05,88.0744845220037,0,100,3.0,7,0.20939573310898418
9.425,3.5897234866245036e-05,87.62567819440363,0,100,3.0,7,0.20050847909710165
9.43,1.8670050400879738e-05,87.09315034872499,0,100,3.0,7,0.18996337324207901
9.435,9.497421874143672e-06,86.49229604110842,0,100,3.0,7,0.17806526814076074
9.44,4.725434140340885e-06,85.839733183567,0,100,3.0,7,0.1651432313577625
9.445,2.299606063738814e-06,85.15254569378922,0,100,3.0,7,0.15153555829285587
9.45,1.0945633976635486e-06,84.4475538502144,0,100,3.0,7,0.13757532376662188
9.455,5.095703414287532e-07,83.74065431849706,0,100,3.0,7,0.12357731323756563
9.46,2.3202944964797243e-07,83.04626411621985,0,100,3.0,7,0.10982701220237318
9.465,1.0333746954038608e-07,82.37689249608799,0,100,3.0,7,0.09657212863540575
9.47,4.501406988770349e-08,81.74285346228184,0,100,3.0,7,0.08401690024320482
9.475,0.0,81.1521204948284,0,100,3.0,7,0.07231921771937416
9.48,0.0,80.61031502348177,0,100,3.0,7,0.0615903965045896
9.485,0.0,80.12081202893135,0,100,3.0,7,0.051897267899630777
9.49,0.0,79.6849403434688,0,100,3.0,7,0.04326614541522368
9.495,0.0,79.30225197048583,0,100,3.0,7,0.035688157831402514
9.5,0.0,78.9708339622231,0,100,3.0,7,0.029125424994516765
9.505,0.0,78.68763778059531,0,100,3.0,7,0.02351757981376851
9.51,0.0,78.44880414889829,0,100,3.0,7,0.018788200968282973
9.515,0.0,78.2499656296711,0,100,3.0,7,0.01485080454794248
9.52,0.0,78.08651396996184,0,100,3.0,7,0.011614138019046386
9.525,0.0,77.95382412219077,0,100,3.0,7,0.008986616281005284
9.53,0.0,77.84743135229098,0,100,3.0,7,0.006879828758237276
9.535,0.0,77.76316168117287,0,100,3.0,7,0.005211122399462867
9.54,0.0,77.69721889112515,0,100,3.0,7,0.0039053245767355733
9.545,0.0,77.64623340351,0,100,3.0,7,0.0028957109605939743
9.55,0.0,77.60727953405652,0,100,3.0,7,0.00212434720903993
9.555,0.0,77.57786806524479,0,100,3.0,7,0.0015419418860353677
9.56,0.0,77.5559208938475,0,100,3.0,7,0.0011073444326237534
9.565,0.0,77.53973388588446,0,100,3.0,7,0.0007868096214744384
9.57,0.0,77.5279331678281,0,100,3.0,7,0.0005531320361999091
9.575,0.0,77.51942904956836,0,100,3.0,7,0.00038473365481898794
9.58,0.0,77.51337073054874,0,100,3.0,7,0.0002647669415592749
9.585,0.0,77.50910397240045,0,100,3.0,7,0.0001802766811970917
9.59,0.0,77.50613308442568,0,100,3.0,7,0.00012144721635018589
9.595,0.0,77.5040878896962,0,100,3.0,7,8.094831081572723e-05
9.6,0.0,77.5026958244591,0,100,3.0,7,5.338266255635198e-05
9.605,0.0,77.50175896122146,0,100,3.0,7,3.483091527633711e-05
9.61,0.0,77.50113551568005,0,100,3.0,7,2.2485459010844767e-05
9.615,0.0,77.50072527418774,0,100,3.0,7,1.4361865103835792e-05
9.62,0.0,77.50045833552699,0,100,3.0,7,9.075951029422183e-06
9.625,0.0,77.50028657416638,0,100,3.0,7,5.674735967942871e-06
9.63,0.0,77.500177281235,0,100,3.0,7,3.5105195048898997e-06
9.635,0.0,77.50010850773904,0,100,3.0,7,2.1486680998575614e-06
9.64,0.0,77.5000657099104,0,100,3.0,8,1.3011863445896806e-06
9.645,0.0,77.50003937071035,0,100,3.0,8,7.796180268137009e-07
9.65,0.0,77.50002333930081,0,100,3.0,8,4.6216437247962725e-07
9.655,0.0,77.50001368909216,0,100,3.0,8,2.7107113181604163e-07
9.66,0.0,77.50000794389817,0,100,3.0,8,1.5730491422980795e-07
9.665,0.0,77.50000456105074,0,100,3.0,8,9.031783651882487e-08
9.67,0.0,77.50000259100563,0,100,3.0,8,5.130704208244028e-08
9.675,0.0,77.5000014562771,0,100,3.0,8,2.8837170380974935e-08
9.68,0.0,77.50000080982635,0,100,3.0,8,1.603616527576702e-08
9.685,0.001684486749771458,77.50000044556595,0,100,3.0,8,8.823088020369259e-09
9.69,0.00456624331333666,77.50000024255169,0,100,3.0,8,4.803003812052302e-09
9.695,0.011079731271581421,77.50000013063779,0,100,3.0,8,2.586886867533448e-09
9.7,0.024064571490409,77.50000006961544,0,100,3.0,8,1.378523539543575e-09
9.705,0.046784906529573234,77.5000000367041,0,100,3.0,8,7.268137423044109e-10
9.71,0.08141644351188804,77.50000001914678,0,100,3.0,8,3.791441967862711e-10
9.715,0.12682276464025305,77.5000000098821,0,100,3.0,8,1.956851578467136e-10
9.72,0.1768320708657512,77.50000000504632,0,100,3.0,8,9.992707211747282e-11
9.725,0.22070063230473494,77.5000000025496,0,100,3.0,8,5.048708645868954e-11
9.73,0.24656126505113576,77.5000000012745,0,100,3.0,8,2.5237633765007755e-11
9.735,0.24656126505724016,77.50000000063035,0,100,3.0,8,1.2482195695093372e-11
9.74,0.220700632329898,77.50000000030846,0,100,3.0,8,6.108134899963855e-12
9.745,0.17683207093748562,77.50000000014934,0,100,3.0,8,2.9572647960803536e-12
9.75,0.12682276483597799,77.50000000007154,0,100,3.0,8,1.4165830225015225e-12
9.755,0.08141644409447898,77.5000000000339,0,100,3.0,8,6.714277099103363e-13
9.76,0.04678490952598309,77.5000000000159,0,100,3.0,8,3.14890028243783e-13
9.765,0.024064605020532023,77.50000000000738,0,100,3.0,8,1.4604819004336317e-13
9.77,0.011080171739334697,77.50000000000338,0,100,3.0,8,6.69739291528332e-14
9.775,0.004571212771509492,77.50000000000153,0,100,3.0,8,3.0391530876075574e-14
9.78,0.0017299316936037438,77.5000000000007,0,100,3.0,8,1.3788750119700954e-14
9.785,0.0008899431850697582,77.50000000000031,0,100,3.0,8,6.190867400682061e-15
9.79,0.002128806368910263,77.50000000000013,0,100,3.0,8,2.5326275730062976e-15
9.795,0.009309664818487698,77.50000000000006,0,100,3.0,8,1.1256122546694657e-15
9.8,0.03503263543368747,77.50000000000003,0,100,3.0,8,5.628061273347328e-16
9.805,0.10606267793605692,77.50000000000001,0,100,3.0,8,2.814030636673664e-16
9.81,0.25734927343160535,77.5,0,100,3.0,8,0.0
9.815,0.5003202479539708,77.5,0,100,3.0,8,0.0
9.82,0.7793067891790435,77.5,0,100,3.0,8,0.0
9.825,0.9720477407234077,77.50000296131513,1,100,3.0,8,5.86399036171432e-08
9.83,0.967267334488097,77.50000586669285,0,100,3.0,8,1.1617213555053799e-07
9.835,0.7505869905515209,77.50001243272976,0,100,3.0,8,2.461926685397641e-07
9.84,0.4028369574773956,77.50002929773642,0,100,3.0,8,5.801531964008594e-07
9.845,0.04553881263121314,77.50007764429057,0,100,3.0,8,1.5375107043630377e-06
9.85,-0.189138810908105,77.50022444113267,0,100,3.0,8,4.44437886480865e-06
9.855,-0.22868072635956738,77.5006729999817,0,100,3.0,8,1.3326732310941783e-05
9.86,-0.14104670682394166,77.50200662880097,0,100,3.0,8,3.9735223781586806e-05
9.865,-0.051158381651102834,77.50579382291566,0,100,3.0,8,0.00011472916664679855
9.87,-0.008206426846427752,77.51596845203716,0,100,3.0,8,0.0003162069710328123
9.875,0.005350271385530505,77.54170084907592,0,100,3.0,8,0.0008257593876420391
9.88,0.01084668799215426,77.6027953662103,0,100,3.0,8,0.0020355518061445864
9.885,0.016256859896386415,77.73872856789444,0,100,3.0,8,0.004727298374147344
9.89,0.02345021205790711,78.02178614378205,0,100,3.0,8,0.0103323988867733
9.895,0.0330621597308209,78.57274718688386,0,100,3.0,8,0.02124251855215563
9.9,0.04559141319943196,79.57388842448763,0,100,3.0,8,0.041067097514606625
9.905,0.06149084917446989,81.26947432350076,0,100,3.0,8,0.07464305591090613
9.91,0.08111733445924295,83.94080437983155,0,100,3.0,8,0.1275406807887435
9.915,0.1046628598272375,87.84519714796359,0,100,3.0,8,0.2048553890685859
9.92,0.1320831047748631,93.11939194719336,0,100,3.0,8,0.30929489004343297
9.925,0.16303381314489318,99.66726161123096,0,100,3.0,8,0.4389556754699199
9.93,0.19682662652900276,107.07235404598593,0,100,3.0,8,0.5855911692274443
9.935,0.23241585813229,114.5849217034372,0,100,3.0,8,0.7343548852165783
9.94,0.26842527782774417,121.21893744735634,0,100,3.0,8,0.8657215336110167
9.945,0.30321927900592993,125.95557127067653,0,100,3.0,8,0.9595162627856738
9.95,0.3350163137995362,128.0,0,100,3.0,8,1.0
9.955,0.3620352400956416,127.00381183060969,0,100,3.0,8,0.9802735015962315
9.96,0.3826586036805073,123.16801061856472,0,100,3.0,8,0.9043170419517766
9.965,0.39559233134833227,117.18529630711025,0,100,3.0,8,0.7858474516259455
9.97,0.4,110.04485402705396,0,100,3.0,8,0.6444525549911675
9.975,0.39559233134833227,102.77562642313768,0,100,3.0,8,0.5005074539235185
9.98,0.3826586036805073,96.21947242055211,0,100,3.0,8,0.37068262218915066
9.985,0.3620352400956416,90.90020024825073,0,100,3.0,8,0.2653504999653609
9.99,0.3350163137995362,87.00641379908434,0,100,3.0,8,0.18824581780365035
9.995,0.3032192790059296,84.46183873099395,0,100,3.0,8,0.13785819269294944
10.0,0.26842527782774417,83.03487611005043,0,100,3.0,8,0.10960150712971155
10.005,0.23241585813229,82.44241985324331,0,100,3.0,8,0.09786970006422392
10.01,0.19682662652900276,82.42169421727391,0,100,3.0,8,0.09745929143116652
10.015,0.16303381314489318,82.76468708961895,0,100,3.0,8,0.10425122949740487
10.02,0.13208310477486307,83.3235951857834,0,100,3.0,8,0.11531871655016641
10.025,0.10466285982723562,84.00031938469603,0,100,3.0,8,0.128719195736555
10.03,0.08111733445917907,84.73108731348296,0,100,3.0,8,0.14318984779174176
10.035,0.06149084917398798,85.47276520571721,0,100,3.0,8,0.15787653872707344
10.04,0.04559141333598128,86.19331061043677,0,100,3.0,8,0.17214476456310432
10.045,0.03306217087257399,86.8663022786381,0,100,3.0,8,0.18547133225025944
10.05,0.02345067901074276,87.4684738559012,0,100,3.0,8,0.19739552189903356
10.055,0.016268788896435526,87.97908562508283,0,100,3.0,8,0.2075066460412442
10.06,0.011039026374860051,88.38024238654792,0,100,3.0,8,0.21545034428807763
10.065,0.007326255555493689,88.65758205605593,0,100,3.0,8,0.22094221893180058
10.07,0.0047556414315231815,88.80099727139321,0,100,3.0,8,0.22378212418600424
10.075,0.0030193390635632803,88.80520117714404,0,100,3.0,8,0.22386536984443647
10.08,0.001874953127946523,88.67003626796662,0,100,3.0,8,0.2211888369894381
10.085,0.0011387927410965778,88.40047980988066,0,100,3.0,8,0.21585108534417158
10.09,0.0006765107634274089,88.0063384100501,0,100,3.0,8,0.20804630514950703
10.095,0.00039307957404427924,87.50165555247239,0,100,3.0,8,0.19805258519747299
10.1,0.00022338910511776318,86.90388132771125,0,100,3.0,8,0.18621547183586626
10.105,0.00012417073320013317,86.23287258440021,0,100,3.0,8,0.17292816998812302
10.11,6.750753468904987e-05,85.50980319077796,0,100,3.0,8,0.15860996417382095
10.115,3.5897234866245036e-05,84.75606733504448,0,100,3.0,8,0.14368450168404906
10.12,1.8670050400879738e-05,83.99225397573021,0,100,3.0,8,0.1285594846679249
10.125,9.497421874143672e-06,83.23725872932803,0,100,3.0,8,0.11360908374906997
10.13,4.725434140340885e-06,82.50758243592045,0,100,3.0,8,0.09916004823604861
10.135,2.299606063738814e-06,81.81684561597365,0,100,3.0,8,0.08548209140541876
10.14,1.0945633976635486e-06,81.17552739936477,0,100,3.0,8,0.07278272077950035
10.145,5.095703414287532e-07,80.59091846912776,0,100,3.0,8,0.06120630631936153
10.15,2.3202944964797243e-07,80.06726188020727,0,100,3.0,8,0.05083686891499543
10.155,1.0333746954038608e-07,79.60604444742516,0,100,3.0,8,0.04170385044406262
10.16,4.501406988770349e-08,79.20639523846361,0,100,3.0,8,0.03379000472205176
10.165,0.0,78.86554641438488,0,100,3.0,8,0.027040523057126342
10.17,0.0,78.5793145693633,0,100,3.0,8,0.021372565729966438
10.175,0.0,78.34256681555922,0,100,3.0,8,0.016684491397212346
10.18,0.0,78.14964395113566,0,100,3.0,8,0.012864236656151651
10.185,0.0,77.99472195637934,0,100,3.0,8,0.009796474383749244
10.19,0.0,77.87210174718471,0,100,3.0,8,0.007368351429400293
10.195,0.0,77.77642477883984,0,100,3.0,8,0.005473757996828501
10.2,0.0,77.70281822146181,0,100,3.0,8,0.004016202405184382
10.205,0.0,77.64697778795882,0,100,3.0,8,0.002910451246709265
10.21,0.0,77.60519889581394,0,100,3.0,8,0.002083146451761224
10.215,0.0,77.5743678786863,0,100,3.0,8,0.0014726312611149088
10.22,0.0,77.5519247415339,0,100,3.0,8,0.0010282127036414903
10.225,0.0,77.53580783230012,0,100,3.0,8,0.0007090659861410356
10.23,0.0,77.52438913828057,0,100,3.0,8,0.00048295323327858503
10.235,0.0,77.51640701665087,0,100,3.0,8,0.00032489141882918076
10.24,0.0,77.51090128061816,0,100,3.0,8,0.00021586694293379726
10.245,0.0,77.50715385539726,0,100,3.0,8,0.00014166050291609876
10.25,0.0,77.50463679113156,0,100,3.0,8,9.181764616950303e-05
10.255,0.0,77.50296831267497,0,100,3.0,8,5.877846881120793e-05
10.26,0.0,77.5018767935301,0,100,3.0,8,3.71642283188395e-05
10.265,0.0,77.50117202826756,0,100,3.0,8,2.320848054576498e-05
10.27,0.0,77.50072289365475,0,100,3.0,8,1.4314725836701394e-05
10.275,0.0,77.50044037786004,0,100,3.0,8,8.720353664253563e-06
10.28,0.0,77.50026496668872,0,100,3.0,8,5.246865123128805e-06
10.285,0.0,77.50015746056945,0,100,3.0,8,3.118031078303271e-06
10.29,0.0,77.50009242024059,0,100,3.0,8,1.8301037740830808e-06
10.295,0.0,77.50005357684176,0,100,3.0,8,1.060927559700587e-06
10.3,0.0,77.50003067622127,0,100,3.0,8,6.074499261706811e-07
10.305,0.0,77.50001734767797,0,100,3.0,8,3.4351837560207777e-07
10.31,0.0,77.50000968937087,0,100,3.0,8,1.9186873010082785e-07
10.315,0.0,77.5000053452072,0,100,3.0,8,1.0584568711931184e-07
10.32,0.0,77.50000291238139,0,100,3.0,8,5.767091861929261e-08
10.325,0.001684486749771458,77.50000156728035,0,100,3.0,8,3.1035254454367857e-08
10.33,0.00456624331333666,77.50000083302851,0,100,3.0,8,1.6495614027638176e-08
10.335,0.011079731271581421,77.50000043730836,0,100,3.0,8,8.65957145374568e-09
10.34,0.024064571490409,77.5000002267412,0,100,3.0,8,4.489924612523219e-09
10.345,0.046784906529573234,77.50000011611486,0,100,3.0,8,2.2993041925879466e-09
10.35,0.08141644351188804,77.50000005873,0,100,3.0,8,1.1629701997896906e-09
10.355,0.12682276464025305,77.5000000293391,0,100,3.0,8,5.809723835128433e-10
10.36,0.1768320708657512,77.500000014476,0,100,3.0,8,2.8665348202927213e-10
10.365,0.22070063230473494,77.50000000705448,0,100,3.0,8,1.396927018504357e-10
10.37,0.24656126505113576,77.50000000339544,0,100,3.0,8,6.723647821123485e-11
10.375,0.24656126505724016,77.50000000161414,0,100,3.0,8,3.1963166986657814e-11
10.38,0.220700632329898,77.50000000075788,0,100,3.0,8,1.500750678844432e-11
10.385,0.17683207093748562,77.50000000035146,0,100,3.0,8,6.959660570621306e-12
10.39,0.12682276483597799,77.50000000016098,0,100,3.0,8,3.1877339052239267e-12
10.395,0.08141644409447898,77.50000000007282,0,100,3.0,8,1.4419092982315855e-12
10.4,0.04678490952598309,77.50000000003254,0,100,3.0,8,6.444130157982691e-13
10.405,0.024064605020532023,77.50000000001435,0,100,3.0,8,2.8421709430404007e-13
10.41,0.011080171739334697,77.50000000000625,0,100,3.0,8,1.2381734801364123e-13
10.415,0.004571212771509492,77.5000000000027,0,100,3.0,8,5.3466582096799615e-14
10.42,0.0017299316936037438,77.50000000000115,0,100,3.0,8,2.279364815705668e-14
10.425,0.0008899431850697582,77.50000000000048,0,100,3.0,8,9.567704164690459e-15
10.43,0.002128806368910263,77.5000000000002,0,100,3.0,8,3.93964289134313e-15
10.435,0.009309664818487698,77.50000000000009,0,100,3.0,8,1.6884183820041984e-15
10.44,0.03503263543368747,77.50000000000003,0,100,3.0,8,5.628061273347328e-16
10.445,0.10606267793605692,77.50000000000001,0,100,3.0,8,2.814030636673664e-16
10.45,0.25734927343160535,77.5,0,100,3.0,8,0.0
10.455,0.5003202479539708,77.5,0,100,3.0,8,0.0
10.46,0.7793067891790435,77.5,0,100,3.0,8,0.0
10.465,0.9720477407234077,77.50000297682912,1,100,3.0,8,5.894711134174887e-08
10.47,0.967267334488097,77.50000644330252,0,100,3.0,8,1.2759014899835742e-07
10.475,0.7505869905515209,77.5000152857257,0,100,3.0,8,3.026876375243584e-07
10.48,0.4028369574773956,77.50004176629017,0,100,3.0,8,8.27055250828389e-07
10.485,0.04553881263121314,77.50013105560434,0,100,3.0,8,2.5951604820222365e-06
10.49,-0.189138810908105,77.50044488722678,0,100,3.0,8,8.809648054995417e-06
10.495,-0.22868072635956738,77.50152741496863,0,100,3.0,8,3.0245840963066212e-05
10.5,-0.14104670682394166,77.50507191996074,0,100,3.0,8,0.0001004340586285428
10.505,-0.051158381651102834,77.51591237767056,0,100,3.0,8,0.0003150965875358389
10.51,-0.008206426846427752,77.54664318495337,0,100,3.0,8,0.0009236274248191628
10.515,0.005350271385530505,77.62707313229895,0,100,3.0,8,0.0025162996494840838
10.52,0.01084668799215426,77.82095772461896,0,100,3.0,8,0.006355598507306216
10.525,0.016256859896386415,78.25065421083119,0,100,3.0,8,0.01486443981843933
10.53,0.02345021205790711,79.12465661250958,0,100,3.0,8,0.03217141806949668
10.535,0.0330621597308209,80.75291471256554,0,100,3.0,8,0.06441415272407013
10.54,0.04559141319943196,83.52418692756659,0,100,3.0,8,0.11929083024884335
10.545,0.06149084917446989,87.8180869015123,0,100,3.0,8,0.2043185525051941
10.55,0.08111733445924295,93.84389846636032,0,100,3.0,8,0.3236415537893132
10.555,0.1046628598272375,101.44211177113385,0,100,3.0,8,0.47410122319076936
10.56,0.1320831047748631,109.93592006093229,0,100,3.0,8,0.6422954467511345
10.565,0.16303381314489318,118.14132463767484,0,100,3.0,8,0.8047787056965315
10.57,0.19682662652900276,124.60095505949394,0,100,3.0,8,0.9326921793959196
10.575,0.23241585813229,128.0,0,100,3.0,8,1.0
10.58,0.26842527782774417,127.6074388486669,0,100,3.0,8,0.9922265118547902
10.585,0.30321927900592993,123.54146413142652,0,100,3.0,8,0.911712161018347
10.59,0.3350163137995362,116.72845096846851,0,100,3.0,8,0.7768010092766041
10.595,0.3620352400956416,108.57594924757062,0,100,3.0,8,0.6153653316350618
10.6,0.3826586036805073,100.51841012567104,0,100,3.0,8,0.4558101014984364
10.605,0.39559233134833227,93.63583866964807,0,100,3.0,8,0.3195215578148132
10.61,0.4,88.4768062592669,0,100,3.0,8,0.21736250018350284
10.615,0.39559233134833227,85.09678201200113,0,100,3.0,8,0.15043132697031938
10.62,0.3826586036805073,83.22880029248734,0,100,3.0,8,0.11344158995024427
10.625,0.3620352400956416,82.47816456850022,0,100,3.0,8,0.09857751620792513
10.63,0.3350163137995362,82.46582560396621,0,100,3.0,8,0.0983331802765586
10.635,0.3032192790059296,82.89742970194244,0,100,3.0,8,0.10687979607806818
10.64,0.26842527782774417,83.57340218280083,0,100,3.0,8,0.12026538975843235
10.645,0.23241585813229,84.36864280982073,0,100,3.0,8,0.13601272890734115
10.65,0.19682662652900276,85.20533717654936,0,100,3.0,8,0.15258093418909632
10.655,0.16303381314489318,86.03115850518294,0,100,3.0,8,0.16893383178580088
10.66,0.13208310477486307,86.80599422385167,0,100,3.0,8,0.18427711334359742
10.665,0.10466285982723562,87.4957153338043,0,100,3.0,8,0.1979349571050356
10.67,0.08111733445917907,88.07034988573457,0,100,3.0,8,0.20931385912345687
10.675,0.06149084917398798,88.50447395532824,0,100,3.0,8,0.2179103753530344
10.68,0.04559141333598128,88.77842588279614,0,100,3.0,8,0.2233351659959632
10.685,0.03306217087257399,88.87956664624946,0,100,3.0,8,0.22533795339107837
10.69,0.02345067901074276,88.80318162209397,0,100,3.0,8,0.2238253786553262
10.695,0.016268788896435526,88.55282711877172,0,100,3.0,8,0.2188678637380538
10.7,0.011039026374860051,88.1400513820406,0,100,3.0,8,0.2106940867730811
10.705,0.007326255555493689,87.58351034332568,0,100,3.0,8,0.19967347214506306
10.71,0.0047556414315231815,86.90756971644608,0,100,3.0,8,0.18628850923655596
10.715,0.0030193390635632803,86.14053864781572,0,100,3.0,8,0.1710997752042716
10.72,0.001874953127946523,85.3127128609072,0,100,3.0,8,0.15470718536449896
10.725,0.0011387927410965778,84.4544146804433,0,100,3.0,8,0.13771118179095657
10.73,0.0006765107634274089,83.5942038620777,0,100,3.0,8,0.12067730419955852
10.735,0.00039307957404427924,82.75740031791543,0,100,3.0,8,0.10410693698842428
10.74,0.00022338910511776318,81.96501364486748,0,100,3.0,8,0.08841611177955412
10.745,0.00012417073320013317,81.23312221494596,0,100,3.0,8,0.07392321217714781
10.75,6.750753468904987e-05,80.57269391319508,0,100,3.0,8,0.06084542402366498
10.755,3.5897234866245036e-05,79.98979772895345,0,100,3.0,8,0.049302925325810855
10.76,1.8670050400879738e-05,79.48612467581856,0,100,3.0,8,0.039329201501357595
10.765,9.497421874143672e-06,79.0597199322176,0,100,3.0,8,0.03088554321222978
10.77,4.725434140340885e-06,78.70582535496604,0,100,3.0,8,0.02387772980130768
10.775,2.299606063738814e-06,78.41774045282362,0,100,3.0,8,0.018173078273735096
10.78,1.0945633976635486e-06,78.18762714596294,0,100,3.0,8,0.013616379127978912
10.785,5.095703414287532e-07,78.0072053498429,0,100,3.0,8,0.010043670293918923
10.79,2.3202944964797243e-07,77.8683089838995,0,100,3.0,8,0.007293247205930613
10.795,1.0333746954038608e-07,77.76329249106546,0,100,3.0,8,0.005213712694365477
10.8,4.501406988770349e-08,77.685294406265,0,100,3.0,8,0.003669196163663387
10.805,0.0,77.6283759937939,0,100,3.0,8,0.002542098887007828
10.81,0.0,77.58755944551955,0,100,3.0,8,0.001733850406327632
10.815,0.0,77.55879222021566,0,100,3.0,8,0.0011642023805082133
10.82,0.0,77.5388628274054,0,100,3.0,8,0.000769560938720707
10.825,0.0,77.52528987023435,0,100,3.0,8,0.0005007895095910062
10.83,0.0,77.51620154690102,0,100,3.0,8,0.0003208227109112023
10.835,0.0,77.51021795623286,0,100,3.0,8,0.00020233576698741322
10.84,0.0,77.50634408901792,0,100,3.0,8,0.00012562552510723103
10.845,0.0,77.50387768183894,0,100,3.0,9,7.678577898898334e-05
10.85,0.0,77.50233331166066,0,100,3.0,9,4.6204191300270086e-05
10.855,0.0,77.50138220036888,0,100,3.0,9,2.7370304334260372e-05
10.86,0.0,77.50080605918664,0,100,3.0,9,1.596156805235431e-05
10.865,0.0,77.50046276503086,0,100,3.0,9,9.163663977438088e-06
10.87,0.0,77.5002615482448,0,100,3.0,9,5.1791731642303e-06
10.875,0.0,77.50014552605633,0,100,3.0,9,2.8817040857228505e-06
10.88,0.0,77.50007971267532,0,100,3.0,9,1.5784688181305106e-06
10.885,0.0,77.5000429844807,0,100,3.0,9,8.511778356469312e-07
10.89,0.0,77.50002281884497,0,100,3.0,9,4.5185831620281283e-07
10.895,0.001684486749771458,77.50001192540962,0,100,3.0,9,2.3614672521502917e-07
10.9,0.00456624331333666,77.50000613550942,0,100,3.0,9,1.2149523610274303e-07
10.905,0.011079731271581421,77.50000310760366,0,100,3.0,9,6.153670615096398e-08
10.91,0.024064571490409,77.50000154952396,0,100,3.0,9,3.06836427333308e-08
10.915,0.046784906529573234,77.50000076062157,0,100,3.0,9,1.5061813358686166e-08
10.92,0.08141644351188804,77.50000036756713,0,100,3.0,9,7.2785569342825216e-09
10.925,0.12682276464025305,77.50000017486478,0,100,3.0,9,3.4626689194728987e-09
10.93,0.1768320708657512,77.50000008189657,0,100,3.0,9,1.6217143183894223e-09
10.935,0.22070063230473494,77.50000003775955,0,100,3.0,9,7.4771382924605e-10
10.94,0.24656126505113576,77.500000017139,0,100,3.0,9,3.393861649360273e-10
10.945,0.24656126505724016,77.50000000765847,0,100,3.0,9,1.516528948624261e-10
10.95,0.220700632329898,77.50000000336895,0,100,3.0,9,6.671194290055889e-11
10.955,0.17683207093748562,77.50000000145897,0,100,3.0,9,2.889052693447384e-11
10.96,0.12682276483597799,77.50000000062201,0,100,3.0,9,1.2317012096720628e-11
10.965,0.08141644409447898,77.50000000026107,0,100,3.0,9,5.169655682633189e-12
10.97,0.04678490952598309,77.50000000010786,0,100,3.0,9,2.135849253235311e-12
10.975,0.024064605020532023,77.50000000004387,0,100,3.0,9,8.686912575411601e-13
10.98,0.011080171739334697,77.50000000001756,0,100,3.0,9,3.478141866928649e-13
10.985,0.004571212771509492,77.50000000000692,0,100,3.0,9,1.3704329200600744e-13
10.99,0.0017299316936037438,77.50000000000269,0,100,3.0,9,5.3185179033132255e-14
10.995,0.0008899431850697582,77.50000000000102,0,100,3.0,9,2.026102058405038e-14
11.0,0.002128806368910263,77.50000000000038,0,100,3.0,9,7.597882719018894e-15
11.005,0.009309664818487698,77.50000000000014,0,100,3.0,9,2.8140306366736642e-15
11.01,0.03503263543368747,77.50000000000006,0,100,3.0,9,1.1256122546694657e-15
11.015,0.10606267793605692,77.50000000000001,0,100,3.0,9,2.814030636673664e-16
11.02,0.25734927343160535,77.5,0,100,3.0,9,0.0
11.025,0.5003202479539708,77.5,0,100,3.0,9,0.0
11.03,0.7793067891790435,77.5,0,100,3.0,9,0.0
11.035,0.9720477407234077,77.50000295871328,1,100,3.0,9,5.858838181161941e-08
11.04,0.967267334488097,77.50000740019107,0,100,3.0,9,1.465384369535374e-07
11.045,0.7505869905515209,77.50002131220425,0,100,3.0,9,4.220238466105272e-07
11.05,0.4028369574773956,77.50007513163055,0,100,3.0,9,1.4877550604456467e-06
11.055,0.04553881263121314,77.50030840537656,0,100,3.0,9,6.10703715955703e-06
11.06,-0.189138810908105,77.50131943994613,0,100,3.0,9,2.612752368573899e-05
11.065,-0.22868072635956738,77.50542435970121,0,100,3.0,9,0.00010741306339027553
11.07,-0.14104670682394166,77.52059609565615,0,100,3.0,9,0.000407843478339515
11.075,-0.051158381651102834,77.57102984047634,0,100,3.0,9,0.0014065314945810314
11.08,-0.008206426846427752,77.72096867411,0,100,3.0,9,0.004375617309108856
11.085,0.005350271385530505,78.11829412838527,0,100,3.0,9,0.012243448086837085
11.09,0.01084668799215426,79.05410246168265,0,100,3.0,9,0.030774306171933587
11.095,0.016256859896386415,81.00694574481096,0,100,3.0,9,0.06944447019427649
11.1,0.02345021205790711,84.6026742706101,0,100,3.0,9,0.14064701525960582
11.105,0.0330621597308209,90.40925217388771,0,100,3.0,9,0.2556287559185685
11.11,0.04559141319943196,98.55447771649351,0,100,3.0,9,0.41692035082165363
11.115,0.06149084917446989,108.3144472678722,0,100,3.0,9,0.6101870746113306
11.12,0.08111733445924295,117.97237236692787,0,100,3.0,9,0.8014331161767896
11.125,0.1046628598272375,125.21161291889499,0,100,3.0,9,0.9447844142355443
11.13,0.1320831047748631,128.0,0,100,3.0,9,1.0
11.135,0.16303381314489318,125.52392013207974,0,100,3.0,9,0.9509687154867275
11.14,0.19682662652900276,118.59355168470503,0,100,3.0,9,0.8137336967268324
11.145,0.23241585813229,109.24911342596609,0,100,3.0,9,0.628695315365665
11.15,0.26842527782774417,99.83025555641188,0,100,3.0,9,0.4421832783447898
11.155,0.30321927900592993,92.08562951572065,0,100,3.0,9,0.28882434684595354
11.16,0.3350163137995362,86.76928910070765,0,100,3.0,9,0.1835502792219337
11.165,0.3620352400956416,83.77339359375728,0,100,3.0,9,0.12422561571796588
11.17,0.3826586036805073,82.5363467769564,0,100,3.0,9,0.09972963914765162
11.175,0.39559233134833227,82.42561378054214,0,100,3.0,9,0.09753690654538884
11.18,0.4,82.94474354200393,0,100,3.0,9,0.1078167038020581
11.185,0.39559233134833227,83.77504177162079,0,100,3.0,9,0.12425825290338202
11.19,0.3826586036805073,84.7324594374887,0,100,3.0,9,0.14321701856413266
11.195,0.3620352400956416,85.70946224112325,0,100,3.0,9,0.16256360873511383
11.2,0.3350163137995362,86.63379520285729,0,100,3.0,9,0.18086723173974822
11.205,0.3032192790059296,87.44804682167856,0,100,3.0,9,0.19699102617185266
11.21,0.26842527782774417,88.10321473450831,0,100,3.0,9,0.2099646482080854
11.215,0.23241585813229,88.55910619458378,0,100,3.0,9,0.21899220187294607
11.22,0.19682662652900276,88.78701414731654,0,100,3.0,9,0.2235052306399315
11.225,0.16303381314489318,88.77232605453356,0,100,3.0,9,0.22321437731749633
11.23,0.13208310477486307,88.51598297151052,0,100,3.0,9,0.21813827666357474
11.235,0.10466285982723562,88.03436060511252,0,100,3.0,9,0.20860120010123812
11.24,0.08111733445917907,87.35753465927434,0,100,3.0,9,0.19519870612424428
11.245,0.06149084917398798,86.52617296222067,0,100,3.0,9,0.17873609826179546
11.25,0.04559141333598128,85.58749819066745,0,100,3.0,9,0.16014847902311774
11.255,0.03306217087257399,84.5908769376044,0,100,3.0,9,0.14041340470503774
11.26,0.02345067901074276,83.58360357636023,0,100,3.0,9,0.12046739755168777
11.265,0.016268788896435526,82.60736706234556,0,100,3.0,9,0.10113598143258534
11.27,0.011039026374860051,81.69573878855576,0,100,3.0,9,0.08308393640704471
11.275,0.007326255555493689,80.87283441609227,0,100,3.0,9,0.0667888003186589
11.28,0.0047556414315231815,80.15311946096072,0,100,3.0,9,0.05253701902892523
11.285,0.0030193390635632803,79.54217895449113,0,100,3.0,9,0.040439187217646236
11.29,0.001874953127946523,79.03817586928324,0,100,3.0,9,0.030458928104618543
11.295,0.0011387927410965778,78.63368760426654,0,100,3.0,9,0.022449259490426553
11.3,0.0006765107634274089,78.31762847666441,0,100,3.0,9,0.016190662904245746
11.305,0.00039307957404427924,78.07702393235546,0,100,3.0,9,0.01142621648228632
11.31,0.00022338910511776318,77.89848029473889,0,100,3.0,9,0.007890698905720566
11.315,0.00012417073320013317,77.76927440836376,0,100,3.0,9,0.005332166502252602
11.32,6.750753468904987e-05,77.67805678083279,0,100,3.0,9,0.0035258768481740634
11.325,3.5897234866245036e-05,77.61521185278825,0,100,3.0,9,0.002281422827490085
11.33,1.8670050400879738e-05,77.5729476004796,0,100,3.0,9,0.001444506940189983
11.335,9.497421874143672e-06,77.54519600702889,0,100,3.0,9,0.0008949704362156818
11.34,4.725434140340885e-06,77.52740086864021,0,100,3.0,9,0.0005425914582220608
11.345,2.299606063738814e-06,77.51625562980676,0,100,3.0,9,0.00032189365953988523
11.35,1.0945633976635486e-06,77.50943666366969,0,100,3.0,9,0.0001868646271225541
11.355,5.095703414287532e-07,77.50536053776007,0,100,3.0,9,0.00010614926257562279
11.36,2.3202944964797243e-07,77.50297970622991,0,100,3.0,9,5.900408376055791e-05
11.365,1.0333746954038608e-07,77.5016207414713,0,100,3.0,9,3.209389052078069e-05
11.37,4.501406988770349e-08,77.5008626393152,0,100,3.0,9,1.708196663765076e-05
11.375,0.0,77.50044928296946,0,100,3.0,9,8.896692464466667e-06
11.38,0.001684486749771458,77.50022897384244,0,100,3.0,9,4.534135493850945e-06
11.385,0.00456624331333666,77.5001141897164,0,100,3.0,9,2.2611825029501477e-06
11.39,0.011079731271581421,77.50005572413338,0,100,3.0,9,1.1034481856471091e-06
11.395,0.024064571490409,77.5000266093863,0,100,3.0,9,5.269185405182671e-07
11.4,0.046784906529573234,77.50001243373481,0,100,3.0,9,2.4621257049003893e-07
11.405,0.08141644351188804,77.50000568517122,0,100,3.0,9,1.1257764786833913e-07
11.41,0.12682276464025305,77.50000254366962,0,100,3.0,9,5.036969551244087e-08
11.415,0.1768320708657512,77.50000111366114,0,100,3.0,9,2.205269588062443e-08
11.42,0.22070063230473494,77.50000047711232,0,100,3.0,9,9.447768771940108e-09
11.425,0.24656126505113576,77.50000020001539,0,100,3.0,9,3.960700845403486e-09
11.43,0.24656126505724016,77.50000008205053,0,100,3.0,9,1.6247630391811946e-09
11.435,0.220700632329898,77.50000003293628,0,100,3.0,9,6.522036596159001e-10
11.44,0.17683207093748562,77.50000001293728,0,100,3.0,9,2.5618372110149704e-10
11.445,0.12682276483597799,77.50000000497263,0,100,3.0,9,9.846799723235751e-11
11.45,0.08141644409447898,77.50000000187028,0,100,3.0,9,3.703517580619843e-11
11.455,0.04678490952598309,77.50000000068833,0,100,3.0,9,1.3630320194856227e-11
11.46,0.024064605020532023,77.5000000002479,0,100,3.0,9,4.9087950426135395e-12
11.465,0.011080171739334697,77.50000000008735,0,100,3.0,9,1.7297846323633013e-12
11.47,0.004571212771509492,77.50000000003013,0,100,3.0,9,5.965744949748168e-13
11.475,0.0017299316936037438,77.50000000001016,0,100,3.0,9,2.0120319052216699e-13
11.48,0.0008899431850697582,77.50000000000335,0,100,3.0,9,6.641112302549847e-14
11.485,0.002128806368910263,77.50000000000108,0,100,3.0,9,2.1386632838719847e-14
11.49,0.009309664818487698,77.50000000000034,0,100,3.0,9,6.7536735280167935e-15
11.495,0.03503263543368747,77.5000000000001,0,100,3.0,9,1.969821445671565e-15
11.5,0.10606267793605692,77.50000000000003,0,100,3.0,9,5.628061273347328e-16
11.505,0.25734927343160535,77.50000000000001,0,100,3.0,9,2.814030636673664e-16
11.51,0.5003202479539708,77.5,0,100,3.0,9,0.0
11.515,0.7793067891790435,77.5,0,100,3.0,9,0.0
11.52,0.9720477407234077,77.5,1,100,3.0,9,0.0
11.525,0.967267334488097,77.5,0,100,3.0,9,0.0
11.53,0.7505869905515209,77.5,0,100,3.0,9,0.0
11.535,0.4028369574773956,77.5,0,100,3.0,9,0.0
11.54,0.04553881263121314,77.5,0,100,3.0,9,0.0
11.545,-0.189138810908105,77.5,0,100,3.0,9,0.0
11.55,-0.22868072635956738,77.5,0,100,3.0,9,0.0
11.555,-0.14104670682394166,77.5,0,100,3.0,9,0.0
11.56,-0.051158381651102834,77.5,0,100,3.0,9,0.0
11.565,-0.008206426846427752,77.5,0,100,3.0,9,0.0
11.57,0.005350271385530505,77.5,0,100,3.0,9,0.0
11.575,0.01084668799215426,77.5,0,100,3.0,9,0.0
11.58,0.016256859896386415,77.5,0,100,3.0,9,0.0
11.585,0.02345021205790711,77.5,0,100,3.0,9,0.0
11.59,0.0330621597308209,77.5,0,100,3.0,9,0.0
11.595,0.04559141319943196,77.5,0,100,3.0,9,0.0
11.6,0.06149084917446989,77.5,0,100,3.0,9,0.0
11.605,0.08111733445924295,77.5,0,100,3.0,9,0.0
11.61,0.1046628598272375,77.5,0,100,3.0,9,0.0
11.615,0.1320831047748631,77.5,0,100,3.0,9,0.0
11.62,0.16303381314489318,77.5,0,100,3.0,9,0.0
11.625,0.19682662652900276,77.5,0,100,3.0,9,0.0
11.63,0.23241585813229,77.5,0,100,3.0,9,0.0
11.635,0.26842527782774417,77.5,0,100,3.0,9,0.0
11.64,0.30321927900592993,77.5,0,100,3.0,9,0.0
11.645,0.3350163137995362,77.5,0,100,3.0,9,0.0
11.65,0.3620352400956416,77.5,0,100,3.0,9,0.0
11.655,0.3826586036805073,77.5,0,100,3.0,9,0.0
11.66,0.39559233134833227,77.5,0,100,3.0,9,0.0
11.665,0.4,77.5,0,100,3.0,9,0.0
11.67,0.39559233134833227,77.5,0,100,3.0,9,0.0
11.675,0.3826586036805073,77.5,0,100,3.0,9,0.0
11.68,0.3620352400956416,77.5,0,100,3.0,9,0.0
11.685,0.3350163137995362,77.5,0,100,3.0,9,0.0
11.69,0.3032192790059296,77.5,0,100,3.0,9,0.0
11.695,0.26842527782774417,77.5,0,100,3.0,9,0.0
11.7,0.23241585813229,77.5,0,100,3.0,9,0.0
11.705,0.19682662652900276,77.5,0,100,3.0,9,0.0
11.71,0.16303381314489318,77.5,0,100,3.0,9,0.0
11.715,0.13208310477486307,77.5,0,100,3.0,9,0.0
11.72,0.10466285982723562,77.5,0,100,3.0,9,0.0
11.725,0.08111733445917907,77.5,0,100,3.0,9,0.0
11.73,0.06149084917398798,77.5,0,100,3.0,9,0.0
11.735,0.04559141333598128,77.5,0,100,3.0,9,0.0
11.74,0.03306217087257399,77.5,0,100,3.0,9,0.0
11.745,0.02345067901074276,77.5,0,100,3.0,9,0.0
11.75,0.016268788896435526,77.5,0,100,3.0,9,0.0
11.755,0.011039026374860051,77.5,0,100,3.0,9,0.0
11.76,0.007326255555493689,77.5,0,100,3.0,9,0.0
11.765,0.0047556414315231815,77.5,0,100,3.0,9,0.0
11.77,0.0030193390635632803,77.5,0,100,3.0,9,0.0
11.775,0.001874953127946523,77.5,0,100,3.0,9,0.0
11.78,0.0011387927410965778,77.5,0,100,3.0,9,0.0
11.785,0.0006765107634274089,77.5,0,100,3.0,9,0.0
11.79,0.00039307957404427924,77.5,0,100,3.0,9,0.0
11.795,0.00022338910511776318,77.5,0,100,3.0,9,0.0
11.8,0.00012417073320013317,77.5,0,100,3.0,9,0.0
11.805,6.750753468904987e-05,77.5,0,100,3.0,9,0.0
11.81,3.5897234866245036e-05,77.5,0,100,3.0,9,0.0
11.815,1.8670050400879738e-05,77.5,0,100,3.0,9,0.0
11.82,9.497421874143672e-06,77.5,0,100,3.0,9,0.0
11.825,4.725434140340885e-06,77.5,0,100,3.0,9,0.0
11.83,2.299606063738814e-06,77.5,0,100,3.0,9,0.0
11.835,1.0945633976635486e-06,77.5,0,100,3.0,9,0.0
11.84,5.095703414287532e-07,77.5,0,100,3.0,9,0.0
11.845,2.3202944964797243e-07,77.5,0,100,3.0,9,0.0
11.85,1.0333746954038608e-07,77.5,0,100,3.0,9,0.0
11.855,4.501406988770349e-08,77.5,0,100,3.0,9,0.0
11.86,0.0,77.5,0,100,3.0,9,0.0
11.865,0.0,77.5,0,100,3.0,9,0.0
11.87,0.0,77.5,0,100,3.0,9,0.0
11.875,0.0,77.5,0,100,3.0,9,0.0
11.88,0.0,77.5,0,100,3.0,9,0.0
11.885,0.0,77.5,0,100,3.0,9,0.0
11.89,0.0,77.5,0,100,3.0,9,0.0
11.895,0.0,77.5,0,100,3.0,9,0.0
11.9,0.0,77.5,0,100,3.0,9,0.0
11.905,0.0,77.5,0,100,3.0,9,0.0
11.91,0.0,77.5,0,100,3.0,9,0.0
11.915,0.0,77.5,0,100,3.0,9,0.0
11.92,0.0,77.5,0,100,3.0,9,0.0
11.925,0.0,77.5,0,100,3.0,9,0.0
11.93,0.0,77.5,0,100,3.0,9,0.0
11.935,0.0,77.5,0,100,3.0,9,0.0
11.94,0.0,77.5,0,100,3.0,9,0.0
11.945,0.0,77.5,0,100,3.0,9,0.0
11.95,0.0,77.5,0,100,3.0,9,0.0
11.955,0.0,77.5,0,100,3.0,9,0.0
11.96,0.0,77.5,0,100,3.0,9,0.0
11.965,0.0,77.5,0,100,3.0,9,0.0
11.97,0.0,77.5,0,100,3.0,9,0.0
11.975,0.0,77.5,0,100,3.0,9,0.0
11.98,0.0,77.5,0,100,3.0,9,0.0
11.985,0.0,77.5,0,100,3.0,9,0.0
11.99,0.0,77.5,0,100,3.0,9,0.0
11.995,0.0,77.5,0,100,3.0,9,0.0
