Time,ECG,Pressure,R_Peaks,mean_hr,hrv_scale,Phase_Bin,Normalized_Pressure
0.0,0.001684486749771458,77.5,0,100,3.0,0,0.0
0.005,0.00456624331333666,77.5,0,100,3.0,0,0.0
0.01,0.011079731271581421,77.5,0,100,3.0,0,0.0
0.015,0.024064571490409,77.5,0,100,3.0,0,0.0
0.02,0.046784906529573234,77.5,0,100,3.0,0,0.0
0.025,0.08141644351188804,77.5,0,100,3.0,0,0.0
0.03,0.12682276464025305,77.5,0,100,3.0,0,0.0
0.035,0.1768320708657512,77.5,0,100,3.0,0,0.0
0.04,0.22070063230473494,77.5,0,100,3.0,0,0.0
0.045,0.24656126505113576,77.5,0,100,3.0,0,0.0
0.05,0.24656126505724016,77.5,0,100,3.0,0,0.0
0.055,0.220700632329898,77.5,0,100,3.0,0,0.0
0.06,0.17683207093748562,77.5,0,100,3.0,0,0.0
0.065,0.12682276483597799,77.5,0,100,3.0,0,0.0
0.07,0.08141644409447898,77.5,0,100,3.0,0,0.0
0.075,0.04678490952598309,77.5,0,100,3.0,0,0.0
0.08,0.024064605020532023,77.5,0,100,3.0,0,0.0
0.085,0.011080171739334697,77.5,0,100,3.0,0,0.0
0.09,0.004571212771509492,77.5,0,100,3.0,0,0.0
0.095,0.0017299316936037438,77.5,0,100,3.0,0,0.0
0.1,0.0008899431850697582,77.5,0,100,3.0,0,0.0
0.105,0.002128806368910263,77.5,0,100,3.0,0,0.0
0.11,0.009309664818487698,77.5,0,100,3.0,0,0.0
0.115,0.03503263543368747,77.5,0,100,3.0,0,0.0
0.12,0.10606267793605692,77.5,0,100,3.0,0,0.0
0.125,0.25734927343160535,77.5,0,100,3.0,0,0.0
0.13,0.5003202479539708,77.5,0,100,3.0,0,0.0
0.135,0.7793067891790435,77.5,0,100,3.0,0,0.0
0.14,0.9720477407234077,77.5,0,100,3.0,0,0.0
0.145,0.967267334488097,77.5,0,100,3.0,0,0.0
0.15,0.7505869905515209,77.5,0,100,3.0,0,0.0
0.155,0.4028369574773956,77.5,0,100,3.0,0,0.0
0.16,0.04553881263121314,77.5,0,100,3.0,0,0.0
0.165,-0.189138810908105,77.5,0,100,3.0,0,0.0
0.17,-0.22868072635956738,77.5,0,100,3.0,0,0.0
0.175,-0.14104670682394166,77.5,0,100,3.0,0,0.0
0.18,-0.051158381651102834,77.5,0,100,3.0,0,0.0
0.185,-0.008206426846427752,77.5,0,100,3.0,0,0.0
0.19,0.005350271385530505,77.5,0,100,3.0,0,0.0
0.195,0.01084668799215426,77.5,0,100,3.0,0,0.0
0.2,0.016256859896386415,77.5,0,100,3.0,0,0.0
0.205,0.02345021205790711,77.5,0,100,3.0,0,0.0
0.21,0.0330621597308209,77.5,0,100,3.0,0,0.0
0.215,0.04559141319943196,77.5,0,100,3.0,0,0.0
0.22,0.06149084917446989,77.5,0,100,3.0,0,0.0
0.225,0.08111733445924295,77.5,0,100,3.0,0,0.0
0.23,0.1046628598272375,77.5,0,100,3.0,0,0.0
0.235,0.1320831047748631,77.5,0,100,3.0,0,0.0
0.24,0.16303381314489318,77.5,0,100,3.0,0,0.0
0.245,0.19682662652900276,77.5,0,100,3.0,0,0.0
0.25,0.23241585813229,77.5,0,100,3.0,0,0.0
0.255,0.26842527782774417,77.5,0,100,3.0,0,0.0
0.26,0.30321927900592993,77.5,0,100,3.0,0,0.0
0.265,0.3350163137995362,77.5,0,100,3.0,0,0.0
0.27,0.3620352400956416,77.5,0,100,3.0,0,0.0
0.275,0.3826586036805073,77.5,0,100,3.0,0,0.0
0.28,0.39559233134833227,77.5,0,100,3.0,0,0.0
0.285,0.4,77.5,0,100,3.0,0,0.0
0.29,0.39559233134833227,77.5,0,100,3.0,0,0.0
0.295,0.3826586036805073,77.5,0,100,3.0,0,0.0
0.3,0.3620352400956416,77.5,0,100,3.0,0,0.0
0.305,0.3350163137995362,77.5,0,100,3.0,0,0.0
0.31,0.3032192790059296,77.5,0,100,3.0,0,0.0
0.315,0.26842527782774417,77.5,0,100,3.0,0,0.0
0.32,0.23241585813229,77.5,0,100,3.0,0,0.0
0.325,0.19682662652900276,77.5,0,100,3.0,0,0.0
0.33,0.16303381314489318,77.5,0,100,3.0,0,0.0
0.335,0.13208310477486307,77.5,0,100,3.0,0,0.0
0.34,0.10466285982723562,77.5,0,100,3.0,0,0.0
0.345,0.08111733445917907,77.5,0,100,3.0,0,0.0
0.35,0.06149084917398798,77.5,0,100,3.0,0,0.0
0.355,0.04559141333598128,77.5,0,100,3.0,0,0.0
0.36,0.03306217087257399,77.5,0,100,3.0,0,0.0
0.365,0.02345067901074276,77.5,0,100,3.0,0,0.0
0.37,0.016268788896435526,77.5,0,100,3.0,0,0.0
0.375,0.011039026374860051,77.5,0,100,3.0,0,0.0
0.38,0.007326255555493689,77.5,0,100,3.0,0,0.0
0.385,0.0047556414315231815,77.5,0,100,3.0,0,0.0
0.39,0.0030193390635632803,77.5,0,100,3.0,0,0.0
0.395,0.001874953127946523,77.5,0,100,3.0,0,0.0
0.4,0.0011387927410965778,77.5,0,100,3.0,0,0.0
0.405,0.0006765107634274089,77.5,0,100,3.0,0,0.0
0.41,0.00039307957404427924,77.5,0,100,3.0,0,0.0
0.415,0.00022338910511776318,77.5,0,100,3.0,0,0.0
0.42,0.00012417073320013317,77.5,0,100,3.0,0,0.0
0.425,6.750753468904987e-05,77.5,0,100,3.0,0,0.0
0.43,3.5897234866245036e-05,77.5,0,100,3.0,0,0.0
0.435,1.8670050400879738e-05,77.5,0,100,3.0,0,0.0
0.44,9.497421874143672e-06,77.5,0,100,3.0,0,0.0
0.445,4.725434140340885e-06,77.5,0,100,3.0,0,0.0
0.45,2.299606063738814e-06,77.5,0,100,3.0,0,0.0
0.455,1.0945633976635486e-06,77.5,0,100,3.0,0,0.0
0.46,5.095703414287532e-07,77.5,0,100,3.0,0,0.0
0.465,2.3202944964797243e-07,77.5,0,100,3.0,0,0.0
0.47,1.0333746954038608e-07,77.5,0,100,3.0,0,0.0
0.475,4.501406988770349e-08,77.5,0,100,3.0,0,0.0
0.48,0.0,77.5,0,100,3.0,0,0.0
0.485,0.0,77.5,0,100,3.0,0,0.0
0.49,0.0,77.5,0,100,3.0,0,0.0
0.495,0.0,77.5,0,100,3.0,0,0.0
0.5,0.0,77.5,0,100,3.0,0,0.0
0.505,0.0,77.5,0,100,3.0,0,0.0
0.51,0.0,77.5,0,100,3.0,0,0.0
0.515,0.0,77.5,0,100,3.0,0,0.0
0.52,0.0,77.5,0,100,3.0,0,0.0
0.525,0.0,77.5,0,100,3.0,0,0.0
0.53,0.0,77.5,0,100,3.0,0,0.0
0.535,0.0,77.5,0,100,3.0,0,0.0
0.54,0.0,77.5,0,100,3.0,0,0.0
0.545,0.0,77.5,0,100,3.0,0,0.0
0.55,0.0,77.5,0,100,3.0,0,0.0
0.555,0.001684486749771458,77.5,0,100,3.0,0,0.0
0.56,0.00456624331333666,77.5,0,100,3.0,0,0.0
0.565,0.011079731271581421,77.5,0,100,3.0,0,0.0
0.57,0.024064571490409,77.5,0,100,3.0,0,0.0
0.575,0.046784906529573234,77.5,0,100,3.0,0,0.0
0.58,0.08141644351188804,77.5,0,100,3.0,0,0.0
0.585,0.12682276464025305,77.5,0,100,3.0,0,0.0
0.59,0.1768320708657512,77.5,0,100,3.0,0,0.0
0.595,0.22070063230473494,77.5,0,100,3.0,0,0.0
0.6,0.24656126505113576,77.5,0,100,3.0,0,0.0
0.605,0.24656126505724016,77.5,0,100,3.0,0,0.0
0.61,0.220700632329898,77.5,0,100,3.0,0,0.0
0.615,0.17683207093748562,77.5,0,100,3.0,0,0.0
0.62,0.12682276483597799,77.5,0,100,3.0,0,0.0
0.625,0.08141644409447898,77.5,0,100,3.0,0,0.0
0.63,0.04678490952598309,77.5,0,100,3.0,0,0.0
0.635,0.024064605020532023,77.5,0,100,3.0,0,0.0
0.64,0.011080171739334697,77.5,0,100,3.0,0,0.0
0.645,0.004571212771509492,77.5,0,100,3.0,0,0.0
0.65,0.0017299316936037438,77.5,0,100,3.0,0,0.0
0.655,0.0008899431850697582,77.5,0,100,3.0,0,0.0
0.66,0.002128806368910263,77.5,0,100,3.0,0,0.0
0.665,0.009309664818487698,77.5,0,100,3.0,0,0.0
0.67,0.03503263543368747,77.5,0,100,3.0,0,0.0
0.675,0.10606267793605692,77.5,0,100,3.0,0,0.0
0.68,0.25734927343160535,77.5,0,100,3.0,0,0.0
0.685,0.5003202479539708,77.5,0,100,3.0,0,0.0
0.69,0.7793067891790435,77.5,0,100,3.0,0,0.0
0.695,0.9720477407234077,77.50000299590253,1,100,3.0,0,5.932480265451742e-08
0.7,0.967267334488097,77.50000818983698,0,100,3.0,0,1.6217498961787617e-07
0.705,0.7505869905515209,77.50002672565769,0,100,3.0,0,5.292209443656013e-07
0.71,0.4028369574773956,77.50011064732566,0,100,3.0,0,2.1910361515955906e-06
0.715,0.04553881263121314,77.50053007359902,0,100,3.0,0,1.0496506911351281e-05
0.72,-0.189138810908105,77.50256091223639,0,100,3.0,0,5.071113339386777e-05
0.725,-0.22868072635956738,77.51150050984907,0,100,3.0,0,0.0002277328682984406
0.73,-0.14104670682394166,77.54639062898927,0,100,3.0,0,0.0009186263166192462
0.735,-0.051158381651102834,77.66590537218983,0,100,3.0,0,0.0032852548948480403
0.74,-0.008206426846427752,78.02339025883002,0,100,3.0,0,0.010364163541188508
0.745,0.005350271385530505,78.95360935033658,0,100,3.0,0,0.028784343571021342
0.75,0.01084668799215426,81.05102594480107,0,100,3.0,0,0.07031734544160533
0.755,0.016256859896386415,85.12744279523008,0,100,3.0,0,0.15103847119267488
0.76,0.02345021205790711,91.90292566792232,0,100,3.0,0,0.2852064488697489
0.765,0.0330621597308209,101.40809046270816,0,100,3.0,0,0.4734275339150131
0.77,0.04559141319943196,112.38763272416082,0,100,3.0,0,0.6908442123596202
0.775,0.06149084917446989,122.25901172254336,0,100,3.0,0,0.8863170638127399
0.78,0.08111733445924295,128.0,0,100,3.0,0,1.0
0.785,0.1046628598272375,127.63861841520895,0,100,3.0,0,0.9928439290140386
0.79,0.1320831047748631,121.36750112039658,0,100,3.0,0,0.8686633885227046
0.795,0.16303381314489318,111.43981875633602,0,100,3.0,0,0.672075618937347
0.8,0.19682662652900276,100.92762089837522,0,100,3.0,0,0.46391328511634106
0.805,0.23241585813229,92.26896211132352,0,100,3.0,0,0.292454695273733
0.81,0.26842527782774417,86.51953837169076,0,100,3.0,0,0.17860472023150015
0.815,0.30321927900592993,83.51161179005331,0,100,3.0,0,0.11904181762481798
0.82,0.3350163137995362,82.4804707468702,0,100,3.0,0,0.09862318310634052
0.825,0.3620352400956416,82.62547661791673,0,100,3.0,0,0.10149458649340064
0.83,0.3826586036805073,83.36992599082095,0,100,3.0,0,0.11623615823407812
0.835,0.39559233134833227,84.37489765438987,0,100,3.0,0,0.13613658721564098
0.84,0.4,85.4556861642858,0,100,3.0,0,0.1575383398868474
0.845,0.39559233134833227,86.5021223483132,0,100,3.0,0,0.17825984848144938
0.85,0.3826586036805073,87.4338147723085,0,100,3.0,0,0.1967092034120494
0.855,0.3620352400956416,88.18398231342691,0,100,3.0,0,0.21156400620647345
0.86,0.3350163137995362,88.69811251183017,0,100,3.0,0,0.2217448022144589
0.865,0.3032192790059296,88.93778441735698,0,100,3.0,0,0.22649078054172236
0.87,0.26842527782774417,88.88473540980794,0,100,3.0,0,0.22544030514471178
0.875,0.23241585813229,88.54301657084267,0,100,3.0,0,0.21867359546223103
0.88,0.19682662652900276,87.93845507165699,0,100,3.0,0,0.20670208062687107
0.885,0.16303381314489318,87.11542414207538,0,100,3.0,0,0.19040443845693827
0.89,0.13208310477486307,86.13146239153642,0,100,3.0,0,0.17092004735715677
0.895,0.10466285982723562,85.05064472315911,0,100,3.0,0,0.1495177172902794
0.9,0.08111733445917907,83.93676133542392,0,100,3.0,0,0.12746062050344403
0.905,0.06149084917398798,82.84729930739864,0,100,3.0,0,0.10588711499799293
0.91,0.04559141333598128,81.82897719514158,0,100,3.0,0,0.0857223206958728
0.915,0.03306217087257399,80.9152289172946,0,100,3.0,0,0.06762829539197225
0.92,0.02345067901074276,80.12565739405017,0,100,3.0,0,0.05199321572376565
0.925,0.016268788896435526,79.46716148098226,0,100,3.0,0,0.03895369269271794
0.93,0.011039026374860051,78.93623558761035,0,100,3.0,0,0.028440308665551584
0.935,0.007326255555493689,78.52186864222774,0,100,3.0,0,0.020235022618371176
0.94,0.0047556414315231815,78.20851357853113,0,100,3.0,0,0.014029971852101489
0.945,0.0030193390635632803,77.97872377914412,0,100,3.0,0,0.009479678794933041
0.95,0.001874953127946523,77.8152140301079,0,100,3.0,0,0.006241861982334571
0.955,0.0011387927410965778,77.70225990355745,0,100,3.0,0,0.004005146605097966
0.96,0.0006765107634274089,77.62647298502684,0,100,3.0,0,0.0025044155450858747
0.965,0.00039307957404427924,77.57706717842659,0,100,3.0,0,0.0015260827411205666
0.97,0.00022338910511776318,77.54576409366996,0,100,3.0,0,0.0009062196766328523
0.975,0.00012417073320013317,77.52648280542235,0,100,3.0,0,0.0005244119885613298
0.98,6.750753468904987e-05,77.51493436737022,0,100,3.0,0,0.00029573004693497524
0.985,3.5897234866245036e-05,77.50820716921741,0,100,3.0,0,0.0001625182023250284
0.99,1.8670050400879738e-05,77.50439525080736,0,100,3.0,0,8.70346694527332e-05
0.995,9.497421874143672e-06,77.50229381111974,0,100,3.0,0,4.542200237112708e-05
1.0,0.001684486749771458,77.50116658224414,0,100,3.0,0,2.310063849779566e-05
1.005,0.00456624331333666,77.5005781716426,0,100,3.0,0,1.1448943417850153e-05
1.01,0.011079731271581421,77.50027924276472,0,100,3.0,0,5.529559697412996e-06
1.015,0.024064571490409,77.5001314288743,0,100,3.0,0,2.6025519662873715e-06
1.02,0.046784906529573234,77.50006028140471,0,100,3.0,0,1.1936911824583455e-06
1.025,0.08141644351188804,77.50002694385029,0,100,3.0,0,5.335415898395632e-07
1.03,0.12682276464025305,77.50001173598825,0,100,3.0,0,2.3239580697675294e-07
1.035,0.1768320708657512,77.50000498153737,0,100,3.0,0,9.864430441243397e-08
1.04,0.22070063230473494,77.50000206058644,0,100,3.0,0,4.080369186646416e-08
1.045,0.24656126505113576,77.50000083061926,0,100,3.0,0,1.6447906077836266e-08
1.05,0.24656126505724016,77.50000032628482,0,100,3.0,0,6.46108553677784e-09
1.055,0.220700632329898,77.50000012490375,0,100,3.0,0,2.473341575552857e-09
1.06,0.17683207093748562,77.50000004659483,0,100,3.0,0,9.226699932138343e-10
1.065,0.12682276483597799,77.50000001693884,0,100,3.0,0,3.354226027842724e-10
1.07,0.08141644409447898,77.50000000600086,0,100,3.0,0,1.188289159040098e-10
1.075,0.04678490952598309,77.5000000020717,0,100,3.0,0,4.102378283061968e-11
1.08,0.024064605020532023,77.50000000069699,0,100,3.0,0,1.3801694660629653e-11
1.085,0.011080171739334697,77.50000000022851,0,100,3.0,0,4.524961263771252e-12
1.09,0.004571212771509492,77.500000000073,0,100,3.0,0,1.4455675380592612e-12
1.095,0.0017299316936037438,77.50000000002272,0,100,3.0,0,4.499634988041189e-13
1.1,0.0008899431850697582,77.50000000000689,0,100,3.0,0,1.364804858786727e-13
1.105,0.002128806368910263,77.50000000000203,0,100,3.0,0,4.0240638104433395e-14
1.11,0.009309664818487698,77.50000000000058,0,100,3.0,0,1.1537525610362024e-14
1.115,0.03503263543368747,77.50000000000017,0,100,3.0,0,3.3768367640083968e-15
1.12,0.10606267793605692,77.50000000000004,0,100,3.0,0,8.442091910020992e-16
1.125,0.25734927343160535,77.50000000000001,0,100,3.0,0,2.814030636673664e-16
1.13,0.5003202479539708,77.5,0,100,3.0,0,0.0
1.135,0.7793067891790435,77.5,0,100,3.0,0,0.0
1.14,0.9720477407234077,77.50000295858521,1,100,3.0,0,5.858584580720963e-08
1.145,0.967267334488097,77.50000627158161,0,100,3.0,0,1.2418973487865964e-07
1.15,0.7505869905515209,77.50001448202111,0,100,3.0,0,2.867726953417611e-07
1.155,0.4028369574773956,77.5000381880034,0,100,3.0,0,7.56198087153937e-07
1.16,0.04553881263121314,77.50011515393722,0,100,3.0,0,2.2802759844742666e-06
1.165,-0.189138810908105,77.5003768133724,0,100,3.0,0,7.461650938574905e-06
1.17,-0.22868072635956738,77.50125530195008,0,100,3.0,0,2.4857464358047304e-05
1.175,-0.14104670682394166,77.50407161723201,0,100,3.0,0,8.062608380226824e-05
1.18,-0.051158381651102834,77.5125498908563,0,100,3.0,0,0.00024851269022388076
1.185,-0.008206426846427752,77.53632357375037,0,100,3.0,0,0.0007192786881260548
1.19,0.005350271385530505,77.59816032657108,0,100,3.0,0,0.0019437688429916036
1.195,0.01084668799215426,77.74699421583978,0,100,3.0,0,0.004890974571084695
1.2,0.016256859896386415,78.0778955905149,0,100,3.0,0,0.011443477039898991
1.205,0.02345021205790711,78.75638253739591,0,100,3.0,1,0.024878862126651635
1.21,0.0330621597308209,80.03714578164362,0,100,3.0,1,0.050240510527596365
1.215,0.04559141319943196,82.2581074321164,0,100,3.0,1,0.09421994915081988
1.22,0.06149084917446989,85.78593960996649,0,100,3.0,1,0.16407801207854436
1.225,0.08111733445924295,90.89811556558197,0,100,3.0,1,0.26530921912043515
1.23,0.1046628598272375,97.61546592808551,0,100,3.0,1,0.39832605798189136
1.235,0.1320831047748631,105.5415466537269,0,100,3.0,1,0.5552781515589484
1.24,0.16303381314489318,113.79708988561208,0,100,3.0,1,0.7187542551606353
1.245,0.19682662652900276,121.12822094684294,0,100,3.0,1,0.8639251672642168
1.25,0.23241585813229,126.20143333597863,0,100,3.0,1,0.9643848185342304
1.255,0.26842527782774417,128.0,0,100,3.0,1,1.0
1.26,0.30321927900592993,126.16275066678318,0,100,3.0,1,0.9636188250848154
1.265,0.3350163137995362,121.1116044575634,0,100,3.0,1,0.8635961278725426
1.27,0.3620352400956416,113.90717007869759,0,100,3.0,1,0.7209340609643087
1.275,0.3826586036805073,105.90088318147954,0,100,3.0,1,0.5623937263659315
1.28,0.39559233134833227,98.34046706321053,0,100,3.0,1,0.41268251610317874
1.285,0.4,92.08499814602648,0,100,3.0,1,0.28881184447577185
1.29,0.39559233134833227,87.50864038323002,0,100,3.0,1,0.1981908986778221
1.295,0.3826586036805073,84.57442275691706,0,100,3.0,1,0.14008757934489227
1.3,0.3620352400956416,82.99710802083918,0,100,3.0,1,0.10885362417503323
1.305,0.3350163137995362,82.40804661099806,0,100,3.0,1,0.09718904180194171
1.31,0.3032192790059296,82.46851319639717,0,100,3.0,1,0.0983863999286568
1.315,0.26842527782774417,82.92004890238644,0,100,3.0,1,0.10732770103735526
1.32,0.23241585813229,83.58796849171559,0,100,3.0,1,0.12055383151912051
1.325,0.19682662652900276,84.36197804515345,0,100,3.0,1,0.13588075336937525
1.33,0.16303381314489318,85.17248310799981,0,100,3.0,1,0.15193035857425366
1.335,0.13208310477486307,85.97196310008664,0,100,3.0,1,0.1677616455462701
1.34,0.10466285982723562,86.72363196440325,0,100,3.0,1,0.18264617751293571
1.345,0.08111733445917907,87.39605351764324,0,100,3.0,1,0.1959614557949156
1.35,0.06149084917398798,87.9615095120021,0,100,3.0,1,0.20715860419806129
1.355,0.04559141333598128,88.39629447802281,0,100,3.0,1,0.2157682074856002
1.36,0.03306217087257399,88.6817572080628,0,100,3.0,1,0.22142093481312486
1.365,0.02345067901074276,88.80541912343043,0,100,3.0,1,0.2238696856124837
1.37,0.016268788896435526,88.761813641984,0,100,3.0,1,0.22300621073235655
1.375,0.011039026374860051,88.55286824522712,0,100,3.0,1,0.21886867812330923
1.38,0.007326255555493689,88.18775826412227,0,100,3.0,1,0.2116387775073716
1.385,0.0047556414315231815,87.68223746822366,0,100,3.0,1,0.20162846471730023
1.39,0.0030193390635632803,87.05751062541435,0,100,3.0,1,0.18925763614681884
1.395,0.001874953127946523,86.33875969754904,0,100,3.0,1,0.17502494450592151
1.4,0.0011387927410965778,85.55346606508107,0,100,3.0,1,0.15947457554615976
1.405,0.0006765107634274089,84.72968388537797,0,100,3.0,1,0.14316205713619734
1.41,0.00039307957404427924,83.8944140290608,0,100,3.0,1,0.12662205998140194
1.415,0.00022338910511776318,83.07220603434823,0,100,3.0,1,0.11034071355145003
1.42,0.00012417073320013317,82.2840812711329,0,100,3.0,1,0.09473428259669119
1.425,6.750753468904987e-05,81.54682943609703,0,100,3.0,1,0.08013523635835698
1.43,3.5897234866245036e-05,80.87268841585063,0,100,3.0,1,0.06678590922476499
1.435,1.8670050400879738e-05,80.26937973963246,0,100,3.0,1,0.054839202764999116
1.44,9.497421874143672e-06,79.7404423296401,0,100,3.0,1,0.04436519464633868
1.445,4.725434140340885e-06,79.28578839837682,0,100,3.0,1,0.03536214650251135
1.45,2.299606063738814e-06,78.90239771037702,0,100,3.0,1,0.02777025169063399
1.455,1.0945633976635486e-06,78.58506900977153,0,100,3.0,1,0.021486515044980795
1.46,5.095703414287532e-07,78.32715803895881,0,100,3.0,1,0.016379367108095323
1.465,2.3202944964797243e-07,78.12124742111936,0,100,3.0,1,0.012301929131076509
1.47,1.0333746954038608e-07,77.95971182173484,0,100,3.0,1,0.009103204390788959
1.475,4.501406988770349e-08,77.83515963913185,0,100,3.0,1,0.006636824537264261
1.48,0.0,77.74074802073012,0,100,3.0,1,0.004767287539210363
1.485,0.0,77.67038003596295,0,100,3.0,1,0.003373862098276232
1.49,0.0,77.61880087924757,0,100,3.0,1,0.0023524926583677777
1.495,0.0,77.5816141709287,0,100,3.0,1,0.001616122196607968
1.5,0.0,77.5552403549693,0,100,3.0,1,0.0010938684152336571
1.505,0.0,77.53683768391573,0,100,3.0,1,0.0007294590874402959
1.51,0.0,77.52420321967791,0,100,3.0,1,0.00047927167679039497
1.515,0.0,77.51566747236087,0,100,3.0,1,0.0003102469774430597
1.52,0.0,77.50999239747283,0,100,3.0,1,0.00019786925688769166
1.525,0.0,77.50627892699517,0,100,3.0,1,0.00012433518802307088
1.53,0.0,77.50388728278739,0,100,3.0,1,7.697589677997649e-05
1.535,0.0,77.50237111056772,0,100,3.0,1,4.695268450935074e-05
1.54,0.0,77.50142495925365,0,100,3.0,1,2.8217014923849084e-05
1.545,0.0,77.5008437194384,0,100,3.0,1,1.6707315611742756e-05
1.55,0.0,77.50049219662667,0,100,3.0,1,9.746467854781015e-06
1.555,0.0,77.50028289428887,0,100,3.0,1,5.601867106388634e-06
1.56,0.0,77.500160197117,0,100,3.0,1,3.172220138565373e-06
1.565,0.0,77.50008937790716,0,100,3.0,1,1.769859547701092e-06
1.57,0.0,77.50004913043793,0,100,3.0,1,9.728799590006794e-07
1.575,0.0,77.50002660823445,0,100,3.0,1,5.268957316743446e-07
1.58,0.0,77.50001419797643,0,100,3.0,1,2.811480480503822e-07
1.585,0.0,77.50000746417498,0,100,3.0,1,1.4780544524280167e-07
1.59,0.0,77.50000386618065,0,100,3.0,1,7.6558032643865e-08
1.595,0.0,77.50000197300162,0,100,3.0,1,3.906933893676528e-08
1.6,0.0,77.5000009920138,0,100,3.0,1,1.9643837535707885e-08
1.605,0.0,77.50000049142014,0,100,3.0,1,9.731091848710877e-09
1.61,0.0,77.50000023984637,0,100,3.0,1,4.749433110821946e-09
1.615,0.001684486749771458,77.50000011533426,0,100,3.0,1,2.2838467223006982e-09
1.62,0.00456624331333666,77.50000005464224,0,100,3.0,1,1.0820246085257727e-09
1.625,0.011079731271581421,77.50000002550607,0,100,3.0,1,5.050706607620992e-10
1.63,0.024064571490409,77.50000001173015,0,100,3.0,1,2.3228021926133627e-10
1.635,0.046784906529573234,77.50000000531507,0,100,3.0,1,1.0524896685755005e-10
1.64,0.08141644351188804,77.50000000237279,0,100,3.0,1,4.698586954054017e-11
1.645,0.12682276464025305,77.50000000104365,0,100,3.0,1,2.066624099573139e-11
1.65,0.1768320708657512,77.50000000045226,0,100,3.0,1,8.955652501213936e-12
1.655,0.22070063230473494,77.5000000001931,0,100,3.0,1,3.823704829112175e-12
1.66,0.24656126505113576,77.50000000008123,0,100,3.0,1,1.6084999119226663e-12
1.665,0.24656126505724016,77.50000000003367,0,100,3.0,1,6.66643857827991e-13
1.67,0.220700632329898,77.50000000001374,0,100,3.0,1,2.7211676256634333e-13
1.675,0.17683207093748562,77.50000000000553,0,100,3.0,1,1.0946579176660553e-13
1.68,0.12682276483597799,77.50000000000219,0,100,3.0,1,4.333607180477443e-14
1.685,0.08141644409447898,77.50000000000085,0,100,3.0,1,1.6884183820041984e-14
1.69,0.04678490952598309,77.50000000000033,0,100,3.0,1,6.472270464349428e-15
1.695,0.024064605020532023,77.50000000000013,0,100,3.0,1,2.5326275730062976e-15
1.7,0.011080171739334697,77.50000000000004,0,100,3.0,1,8.442091910020992e-16
1.705,0.004571212771509492,77.50000000000001,0,100,3.0,1,2.814030636673664e-16
1.71,0.0017299316936037438,77.5,0,100,3.0,1,0.0
1.715,0.0008899431850697582,77.5,0,100,3.0,1,0.0
1.72,0.002128806368910263,77.5,0,100,3.0,1,0.0
1.725,0.009309664818487698,77.50000295858521,1,100,3.0,1,5.858584580720963e-08
1.73,0.03503263543368747,77.50000627158161,0,100,3.0,1,1.2418973487865964e-07
1.735,0.10606267793605692,77.50001448202111,0,100,3.0,1,2.867726953417611e-07
1.74,0.25734927343160535,77.5000381880034,0,100,3.0,1,7.56198087153937e-07
1.745,0.5003202479539708,77.50011515393722,0,100,3.0,1,2.2802759844742666e-06
1.75,0.7793067891790435,77.5003768133724,0,100,3.0,1,7.461650938574905e-06
1.755,0.9720477407234077,77.50125530195008,0,100,3.0,1,2.4857464358047304e-05
1.76,0.967267334488097,77.50407161723201,0,100,3.0,1,8.062608380226824e-05
1.765,0.7505869905515209,77.5125498908563,0,100,3.0,1,0.00024851269022388076
1.77,0.4028369574773956,77.53632357375037,0,100,3.0,1,0.0007192786881260548
1.775,0.04553881263121314,77.59816032657108,0,100,3.0,1,0.0019437688429916036
1.78,-0.189138810908105,77.74699421583978,0,100,3.0,1,0.004890974571084695
1.785,-0.22868072635956738,78.0778955905149,0,100,3.0,1,0.011443477039898991
1.79,-0.14104670682394166,78.75638253739591,0,100,3.0,1,0.024878862126651635
1.795,-0.051158381651102834,80.03714578164362,0,100,3.0,1,0.050240510527596365
1.8,-0.008206426846427752,82.2581074321164,0,100,3.0,1,0.09421994915081988
1.805,0.005350271385530505,85.78593960996649,0,100,3.0,1,0.16407801207854436
1.81,0.01084668799215426,90.89811556558197,0,100,3.0,1,0.26530921912043515
1.815,0.016256859896386415,97.61546592808551,0,100,3.0,1,0.39832605798189136
1.82,0.02345021205790711,105.5415466537269,0,100,3.0,1,0.5552781515589484
1.825,0.0330621597308209,113.79708988561208,0,100,3.0,1,0.7187542551606353
1.83,0.04559141319943196,121.12822094684294,0,100,3.0,1,0.8639251672642168
1.835,0.06149084917446989,126.20143333597863,0,100,3.0,1,0.9643848185342304
1.84,0.08111733445924295,128.0,0,100,3.0,1,1.0
1.845,0.1046628598272375,126.16275066678318,0,100,3.0,1,0.9636188250848154
1.85,0.1320831047748631,121.1116044575634,0,100,3.0,1,0.8635961278725426
1.855,0.16303381314489318,113.90717007869759,0,100,3.0,1,0.7209340609643087
1.86,0.19682662652900276,105.90088318147954,0,100,3.0,1,0.5623937263659315
1.865,0.23241585813229,98.34046706321053,0,100,3.0,1,0.41268251610317874
1.87,0.26842527782774417,92.08499814602648,0,100,3.0,1,0.28881184447577185
1.875,0.30321927900592993,87.50864038323002,0,100,3.0,1,0.1981908986778221
1.88,0.3350163137995362,84.57442275691706,0,100,3.0,1,0.14008757934489227
1.885,0.3620352400956416,82.99710802083918,0,100,3.0,1,0.10885362417503323
1.89,0.3826586036805073,82.40804661099806,0,100,3.0,1,0.09718904180194171
1.895,0.39559233134833227,82.46851319639717,0,100,3.0,1,0.0983863999286568
1.9,0.4,82.92004890238644,0,100,3.0,1,0.10732770103735526
1.905,0.39559233134833227,83.58796849171559,0,100,3.0,1,0.12055383151912051
1.91,0.3826586036805073,84.36197804515345,0,100,3.0,1,0.13588075336937525
1.915,0.3620352400956416,85.17248310799981,0,100,3.0,1,0.15193035857425366
1.92,0.3350163137995362,85.97196310008664,0,100,3.0,1,0.1677616455462701
1.925,0.3032192790059296,86.72363196440325,0,100,3.0,1,0.18264617751293571
1.93,0.26842527782774417,87.39605351764324,0,100,3.0,1,0.1959614557949156
1.935,0.23241585813229,87.9615095120021,0,100,3.0,1,0.20715860419806129
1.94,0.19682662652900276,88.39629447802281,0,100,3.0,1,0.2157682074856002
1.945,0.16303381314489318,88.6817572080628,0,100,3.0,1,0.22142093481312486
1.95,0.13208310477486307,88.80541912343043,0,100,3.0,1,0.2238696856124837
1.955,0.10466285982723562,88.761813641984,0,100,3.0,1,0.22300621073235655
1.96,0.08111733445917907,88.55286824522712,0,100,3.0,1,0.21886867812330923
1.965,0.06149084917398798,88.18775826412227,0,100,3.0,1,0.2116387775073716
1.97,0.04559141333598128,87.68223746822366,0,100,3.0,1,0.20162846471730023
1.975,0.03306217087257399,87.05751062541435,0,100,3.0,1,0.18925763614681884
1.98,0.02345067901074276,86.33875969754904,0,100,3.0,1,0.17502494450592151
1.985,0.016268788896435526,85.55346606508107,0,100,3.0,1,0.15947457554615976
1.99,0.011039026374860051,84.72968388537797,0,100,3.0,1,0.14316205713619734
1.995,0.007326255555493689,83.8944140290608,0,100,3.0,1,0.12662205998140194
2.0,0.0047556414315231815,83.07220603434823,0,100,3.0,1,0.11034071355145003
2.005,0.0030193390635632803,82.2840812711329,0,100,3.0,1,0.09473428259669119
2.01,0.001874953127946523,81.54682943609703,0,100,3.0,1,0.08013523635835698
2.015,0.0011387927410965778,80.87268841585063,0,100,3.0,1,0.06678590922476499
2.02,0.0006765107634274089,80.26937973963246,0,100,3.0,1,0.054839202764999116
2.025,0.00039307957404427924,79.7404423296401,0,100,3.0,1,0.04436519464633868
2.03,0.00022338910511776318,79.28578839837682,0,100,3.0,1,0.03536214650251135
2.035,0.00012417073320013317,78.90239771037702,0,100,3.0,1,0.02777025169063399
2.04,6.750753468904987e-05,78.58506900977153,0,100,3.0,1,0.021486515044980795
2.045,3.5897234866245036e-05,78.32715803895881,0,100,3.0,1,0.016379367108095323
2.05,1.8670050400879738e-05,78.12124742111936,0,100,3.0,1,0.012301929131076509
2.055,9.497421874143672e-06,77.95971182173484,0,100,3.0,1,0.009103204390788959
2.06,4.725434140340885e-06,77.83515963913185,0,100,3.0,1,0.006636824537264261
2.065,2.299606063738814e-06,77.74074802073012,0,100,3.0,1,0.004767287539210363
2.07,1.0945633976635486e-06,77.67038003596295,0,100,3.0,1,0.003373862098276232
2.075,5.095703414287532e-07,77.61880087924757,0,100,3.0,1,0.0023524926583677777
2.08,2.3202944964797243e-07,77.5816141709287,0,100,3.0,1,0.001616122196607968
2.085,1.0333746954038608e-07,77.5552403549693,0,100,3.0,1,0.0010938684152336571
2.09,4.501406988770349e-08,77.53683768391573,0,100,3.0,1,0.0007294590874402959
2.095,0.0,77.52420321967791,0,100,3.0,1,0.00047927167679039497
2.1,0.0,77.51566747236087,0,100,3.0,1,0.0003102469774430597
2.105,0.0,77.50999239747283,0,100,3.0,1,0.00019786925688769166
2.11,0.0,77.50627892699517,0,100,3.0,1,0.00012433518802307088
2.115,0.0,77.50388728278739,0,100,3.0,1,7.697589677997649e-05
2.12,0.0,77.50237111056772,0,100,3.0,1,4.695268450935074e-05
2.125,0.0,77.50142495925365,0,100,3.0,1,2.8217014923849084e-05
2.13,0.0,77.5008437194384,0,100,3.0,1,1.6707315611742756e-05
2.135,0.0,77.50049219662667,0,100,3.0,1,9.746467854781015e-06
2.14,0.0,77.50028289428887,0,100,3.0,1,5.601867106388634e-06
2.145,0.0,77.500160197117,0,100,3.0,1,3.172220138565373e-06
2.15,0.0,77.50008937790716,0,100,3.0,1,1.769859547701092e-06
2.155,0.0,77.50004913043793,0,100,3.0,1,9.728799590006794e-07
2.16,0.0,77.50002660823445,0,100,3.0,1,5.268957316743446e-07
2.165,0.0,77.50001419797643,0,100,3.0,1,2.811480480503822e-07
2.17,0.001684486749771458,77.50000746417498,0,100,3.0,1,1.4780544524280167e-07
2.175,0.00456624331333666,77.50000386618065,0,100,3.0,1,7.6558032643865e-08
2.18,0.011079731271581421,77.50000197300162,0,100,3.0,1,3.906933893676528e-08
2.185,0.024064571490409,77.5000009920138,0,100,3.0,1,1.9643837535707885e-08
2.19,0.046784906529573234,77.50000049142014,0,100,3.0,1,9.731091848710877e-09
2.195,0.08141644351188804,77.50000023984637,0,100,3.0,1,4.749433110821946e-09
2.2,0.12682276464025305,77.50000011533426,0,100,3.0,1,2.2838467223006982e-09
2.205,0.1768320708657512,77.50000005464224,0,100,3.0,1,1.0820246085257727e-09
2.21,0.22070063230473494,77.50000002550607,0,100,3.0,1,5.050706607620992e-10
2.215,0.24656126505113576,77.50000001173015,0,100,3.0,1,2.3228021926133627e-10
2.22,0.24656126505724016,77.50000000531507,0,100,3.0,1,1.0524896685755005e-10
2.225,0.220700632329898,77.50000000237279,0,100,3.0,1,4.698586954054017e-11
2.23,0.17683207093748562,77.50000000104365,0,100,3.0,1,2.066624099573139e-11
2.235,0.12682276483597799,77.50000000045226,0,100,3.0,1,8.955652501213936e-12
2.24,0.08141644409447898,77.5000000001931,0,100,3.0,1,3.823704829112175e-12
2.245,0.04678490952598309,77.50000000008123,0,100,3.0,1,1.6084999119226663e-12
2.25,0.024064605020532023,77.50000000003367,0,100,3.0,1,6.66643857827991e-13
2.255,0.011080171739334697,77.50000000001374,0,100,3.0,1,2.7211676256634333e-13
2.26,0.004571212771509492,77.50000000000553,0,100,3.0,1,1.0946579176660553e-13
2.265,0.0017299316936037438,77.50000000000219,0,100,3.0,1,4.333607180477443e-14
2.27,0.0008899431850697582,77.50000000000085,0,100,3.0,1,1.6884183820041984e-14
2.275,0.002128806368910263,77.50000000000033,0,100,3.0,1,6.472270464349428e-15
2.28,0.009309664818487698,77.50000000000013,0,100,3.0,1,2.5326275730062976e-15
2.285,0.03503263543368747,77.50000000000004,0,100,3.0,1,8.442091910020992e-16
2.29,0.10606267793605692,77.50000000000001,0,100,3.0,1,2.814030636673664e-16
2.295,0.25734927343160535,77.5,0,100,3.0,1,0.0
2.3,0.5003202479539708,77.5,0,100,3.0,1,0.0
2.305,0.7793067891790435,77.5,0,100,3.0,1,0.0
2.31,0.9720477407234077,77.5000029632167,1,100,3.0,1,5.867755844249559e-08
2.315,0.967267334488097,77.50000611949993,0,100,3.0,1,1.2117821641611342e-07
2.32,0.7505869905515209,77.5000136661605,0,100,3.0,1,2.706170395714874e-07
2.325,0.4028369574773956,77.50003448761683,0,100,3.0,1,6.829231055424244e-07
2.33,0.04553881263121314,77.50009893563154,0,100,3.0,1,1.9591214166635243e-06
2.335,-0.189138810908105,77.50030887479707,0,100,3.0,1,6.1163326152625205e-06
2.34,-0.22868072635956738,77.50098936987865,0,100,3.0,1,1.9591482745598493e-05
2.345,-0.14104670682394166,77.50311109919818,0,100,3.0,1,6.160592471641763e-05
2.35,-0.051158381651102834,77.50936430658398,0,100,3.0,1,0.00018543181354407307
2.355,-0.008206426846427752,77.52663503308537,0,100,3.0,1,0.0005274263977300939
2.36,0.005350271385530505,77.57113795423459,0,100,3.0,1,0.0014086723610809244
2.365,0.01084668799215426,77.67785621339104,0,100,3.0,1,0.003521905215664127
2.37,0.016256859896386415,77.9156022259755,0,100,3.0,1,0.008229747049019897
2.375,0.02345021205790711,78.4069380257099,0,100,3.0,1,0.017959168825938725
2.38,0.0330621597308209,79.34748987799968,0,100,3.0,1,0.036583957980191636
2.385,0.04559141319943196,81.01228362930992,0,100,3.0,1,0.06955017087742416
2.39,0.06149084917446989,83.73079902637203,0,100,3.0,1,0.12338215893805991
2.395,0.08111733445924295,87.81367872264438,0,100,3.0,1,0.20423126183454224
2.4,0.1046628598272375,93.4288216152286,0,100,3.0,1,0.3154222102025465
2.405,0.1320831047748631,100.45351412056698,0,100,3.0,1,0.4545250320904352
2.41,0.16303381314489318,108.36134960751014,0,100,3.0,2,0.6111158338120819
2.415,0.19682662652900276,116.21652194472324,0,100,3.0,2,0.7666638008856087
2.42,0.23241585813229,122.82360122088085,0,100,3.0,2,0.8974970538788286
2.425,0.26842527782774417,127.01713839847308,0,100,3.0,2,0.9805373940291698
2.43,0.30321927900592993,128.0,0,100,3.0,2,1.0
2.435,0.3350163137995362,125.59701682575721,0,100,3.0,2,0.9524161747674694
2.44,0.3620352400956416,120.3140247604608,0,100,3.0,2,0.8478024705041742
2.445,0.3826586036805073,113.17578272521496,0,100,3.0,2,0.7064511430735635
2.45,0.39559233134833227,105.41460450461524,0,100,3.0,2,0.5527644456359454
2.455,0.4,98.1397912084383,0,100,3.0,2,0.40870873680075837
2.46,0.39559233134833227,92.10783014594557,0,100,3.0,2,0.2892639632860509
2.465,0.3826586036805073,87.64951021194136,0,100,3.0,2,0.2009804002364626
2.47,0.3620352400956416,84.73520644729147,0,100,3.0,2,0.143271414797851
2.475,0.3350163137995362,83.11302488416099,0,100,3.0,2,0.11114900760714837
2.48,0.3032192790059296,82.45012180045974,0,100,3.0,2,0.09802221387048991
2.485,0.26842527782774417,82.43311100444015,0,100,3.0,2,0.09768536642455743
2.49,0.23241585813229,82.8162323398421,0,100,3.0,2,0.10527192752162579
2.495,0.19682662652900276,83.42866618321837,0,100,3.0,2,0.11739933036075977
2.5,0.16303381314489318,84.1600622480566,0,100,3.0,2,0.13188242075359613
2.505,0.13208310477486307,84.940236624999,0,100,3.0,2,0.14733141831681193
2.51,0.10466285982723562,85.72195777553705,0,100,3.0,2,0.1628110450601396
2.515,0.08111733445917907,86.4696633299647,0,100,3.0,2,0.1776170956428654
2.52,0.06149084917398798,87.15353818842898,0,100,3.0,2,0.19115917204809865
2.525,0.04559141333598128,87.74725089071974,0,100,3.0,2,0.2029158592221731
2.53,0.03306217087257399,88.22774168238095,0,100,3.0,2,0.21243052836397924
2.535,0.02345067901074276,88.57593914149084,0,100,3.0,2,0.21932552755427395
2.54,0.016268788896435526,88.77773137510404,0,100,3.0,2,0.2233214133683968
2.545,0.011039026374860051,88.82481855964929,0,100,3.0,2,0.22425383286434233
2.55,0.007326255555493689,88.71524935893723,0,100,3.0,2,0.22208414572152926
2.555,0.0047556414315231815,88.45354650959632,0,100,3.0,2,0.21690191108111528
2.56,0.0030193390635632803,88.05039484238684,0,100,3.0,2,0.20891870975023438
2.565,0.001874953127946523,87.52191701266186,0,100,3.0,2,0.1984538022309279
2.57,0.0011387927410965778,86.88860404516025,0,100,3.0,2,0.18591295138931188
2.575,0.0006765107634274089,86.17399918548756,0,100,3.0,2,0.17176236010866455
2.58,0.00039307957404427924,85.40325259759987,0,100,3.0,2,0.15650005143762127
2.585,0.00022338910511776318,84.60166988532686,0,100,3.0,2,0.14062712644211597
2.59,0.00012417073320013317,83.79336949573046,0,100,3.0,2,0.12462117813327643
2.595,6.750753468904987e-05,83.00014467233905,0,100,3.0,2,0.10891375588790192
2.6,3.5897234866245036e-05,82.2405979846216,0,100,3.0,2,0.09387322741824954
2.605,1.8670050400879738e-05,81.52958456421845,0,100,3.0,2,0.07979375374690006
2.61,9.497421874143672e-06,80.8779681711764,0,100,3.0,2,0.06689045883517634
2.615,4.725434140340885e-06,80.29266578507671,0,100,3.0,2,0.05530031257577638
2.62,2.299606063738814e-06,79.77693434234938,0,100,3.0,2,0.045087808759393624
2.625,1.0945633976635486e-06,79.33083911757771,0,100,3.0,2,0.03625423995203387
2.63,5.095703414287532e-07,78.95183743607637,0,100,3.0,2,0.028749256159928207
2.635,2.3202944964797243e-07,78.63541317800785,0,100,3.0,2,0.022483429267482213
2.64,1.0333746954038608e-07,78.3757053491493,0,100,3.0,2,0.017340699983154448
2.645,4.501406988770349e-08,78.16608584846017,0,100,3.0,2,0.013189818781389513
2.65,0.0,77.99965535153865,0,100,3.0,2,0.00989416537700296
2.655,0.0,77.86964004284735,0,100,3.0,2,0.007319604808858435
2.66,0.0,77.7696842680522,0,100,3.0,2,0.005340282535687178
2.665,0.0,77.69404405685896,0,100,3.0,2,0.0038424565714644857
2.67,0.0,77.63769342762592,0,100,3.0,2,0.0027266025272459243
2.675,0.0,77.59635942692422,0,100,3.0,2,0.0019081074638460122
2.68,0.0,77.56650332172448,0,100,3.0,2,0.0013168974598907444
2.685,0.0,77.54526479938636,0,100,3.0,2,0.0008963326611160258
2.69,0.0,77.53038407321809,0,100,3.0,2,0.0006016648161997493
2.695,0.0,77.52011404975813,0,100,3.0,2,0.0003982980150125725
2.7,0.0,77.51313170683527,0,100,3.0,2,0.0002600337987181626
2.705,0.0,77.50845494854985,0,100,3.0,2,0.0001674247237594887
2.71,0.0,77.5053686969771,0,100,3.0,2,0.00010631083122971762
2.715,0.0,77.50336197861758,0,100,3.0,2,6.6573834011411e-05
2.72,0.0,77.50207629536354,0,100,3.0,2,4.1114759673998586e-05
2.725,0.0,77.5012645949802,0,100,3.0,2,2.5041484756421046e-05
2.73,0.0,77.50075959466382,0,100,3.0,2,1.5041478491465937e-05
2.735,0.0,77.50044996681824,0,100,3.0,2,8.910234024507182e-06
2.74,0.0,77.50026287374051,0,100,3.0,2,5.205420604165783e-06
2.745,0.0,77.50015145445519,0,100,3.0,2,2.9990981226213685e-06
2.75,0.0,77.5000860567684,0,100,3.0,2,1.7040944236790586e-06
2.755,0.0,77.50004822321333,0,100,3.0,2,9.549151153769704e-07
2.76,0.0,77.50002664988816,0,100,3.0,2,5.277205575409182e-07
2.765,0.0,77.50001452455274,0,100,3.0,2,2.87614905726802e-07
2.77,0.0,77.50000780689389,0,100,3.0,2,1.545919582269454e-07
2.775,0.001684486749771458,77.5000041382995,0,100,3.0,2,8.194652479579589e-08
2.78,0.00456624331333666,77.5000021633844,0,100,3.0,2,4.2839294936507795e-08
2.785,0.011079731271581421,77.50000111535623,0,100,3.0,2,2.2086261919461736e-08
2.79,0.024064571490409,77.50000056710259,0,100,3.0,2,1.1229754235419834e-08
2.795,0.046784906529573234,77.5000002843661,0,100,3.0,2,5.631011784469881e-09
2.8,0.08141644351188804,77.50000014062486,0,100,3.0,2,2.784650749811473e-09
2.805,0.12682276464025305,77.5000000685827,0,100,3.0,2,1.3580731346976763e-09
2.81,0.1768320708657512,77.5000000329864,0,100,3.0,2,6.53196168221455e-10
2.815,0.22070063230473494,77.50000001564673,0,100,3.0,2,3.0983631062338077e-10
2.82,0.24656126505113576,77.50000000731949,0,100,3.0,2,1.4494030618170475e-10
2.825,0.24656126505724016,77.5000000033768,0,100,3.0,2,6.686727739170327e-11
2.83,0.220700632329898,77.50000000153638,0,100,3.0,2,3.042332942226998e-11
2.835,0.17683207093748562,77.50000000068938,0,100,3.0,2,1.3651144021567612e-11
2.84,0.12682276483597799,77.50000000030506,0,100,3.0,2,6.0408795677473545e-12
2.845,0.08141644409447898,77.50000000013313,0,100,3.0,2,2.6361839004358887e-12
2.85,0.04678490952598309,77.5000000000573,0,100,3.0,2,1.1346171527068214e-12
2.855,0.024064605020532023,77.50000000002431,0,100,3.0,2,4.81480641934864e-13
2.86,0.011080171739334697,77.50000000001017,0,100,3.0,2,2.0148459358583435e-13
2.865,0.004571212771509492,77.5000000000042,0,100,3.0,2,8.329530684554046e-14
2.87,0.0017299316936037438,77.5000000000017,0,100,3.0,2,3.376836764008397e-14
2.875,0.0008899431850697582,77.50000000000068,0,100,3.0,2,1.3507347056033587e-14
2.88,0.002128806368910263,77.50000000000027,0,100,3.0,2,5.346658209679962e-15
2.885,0.009309664818487698,77.5000000000001,0,100,3.0,2,1.969821445671565e-15
2.89,0.03503263543368747,77.50000000000004,0,100,3.0,2,8.442091910020992e-16
2.895,0.10606267793605692,77.50000000000001,0,100,3.0,2,2.814030636673664e-16
2.9,0.25734927343160535,77.5,0,100,3.0,2,0.0
2.905,0.5003202479539708,77.5,0,100,3.0,2,0.0
2.91,0.7793067891790435,77.5,0,100,3.0,2,0.0
2.915,0.9720477407234077,77.50000297482039,1,100,3.0,2,5.8907334455893355e-08
2.92,0.967267334488097,77.50000582895335,0,100,3.0,2,1.1542481878101477e-07
2.925,0.7505869905515209,77.50001218448925,0,100,3.0,2,2.412770148602798e-07
2.93,0.4028369574773956,77.50002820524271,0,100,3.0,2,5.585196577000472e-07
2.935,0.04553881263121314,77.5000732029506,0,100,3.0,2,1.449563378268031e-06
2.94,-0.189138810908105,77.50020724976795,0,100,3.0,2,4.103955801059386e-06
2.945,-0.22868072635956738,77.50061023923335,0,100,3.0,2,1.2083945214913407e-05
2.95,-0.14104670682394166,77.50179256556841,0,100,3.0,2,3.549634788926975e-05
2.955,-0.051158381651102834,77.50511484099445,0,100,3.0,2,0.00010128398008815241
2.96,-0.008206426846427752,77.51396870109211,0,100,3.0,2,0.0002766079424180355
2.965,0.005350271385530505,77.53623262703964,0,100,3.0,2,0.0007174777631611492
2.97,0.01084668799215426,77.58890805682125,0,100,3.0,2,0.0017605555806188805
2.975,0.016256859896386415,77.70596109420195,0,100,3.0,2,0.004078437508949568
2.98,0.02345021205790711,77.94994327901777,0,100,3.0,2,0.00890976790134205
2.985,0.0330621597308209,78.42640554665691,0,100,3.0,2,0.01834466429023582
2.99,0.04559141319943196,79.29709768806333,0,100,3.0,2,0.03558609283293726
2.995,0.06149084917446989,80.7838816626191,0,100,3.0,2,0.06502735965582365
3.0,0.08111733445924295,83.15198799100372,0,100,3.0,2,0.11192055427730142
3.005,0.1046628598272375,86.66190241168549,0,100,3.0,2,0.18142381013238593
3.01,0.1320831047748631,91.48704843050832,0,100,3.0,2,0.27697125604966977
3.015,0.16303381314489318,97.61020096290896,0,100,3.0,2,0.39822180124572204
3.02,0.19682662652900276,104.73063061163819,0,100,3.0,2,0.5392204081512513
3.025,0.23241585813229,112.22628758299108,0,100,3.0,2,0.6876492590691302
3.03,0.26842527782774417,119.209627596154,0,100,3.0,2,0.8259332197258217
3.035,0.30321927900592993,124.68715477375247,0,100,3.0,2,0.9343991044307419
3.04,0.3350163137995362,127.78941352703112,0,100,3.0,2,0.9958299708322993
3.045,0.3620352400956416,128.0,0,100,3.0,2,1.0
3.05,0.3826586036805073,125.30121575152813,0,100,3.0,2,0.9465587277530323
3.055,0.39559233134833227,120.18034119851458,0,100,3.0,2,0.8451552712577145
3.06,0.4,113.49403445375758,0,100,3.0,2,0.7127531575001501
3.065,0.39559233134833227,106.24312073628462,0,100,3.0,2,0.5691707076492005
3.07,0.3826586036805073,99.33935599846077,0,100,3.0,2,0.43246249501902523
3.075,0.3620352400956416,93.43780759195062,0,100,3.0,2,0.31560015033565575
3.08,0.3350163137995362,88.87185418608688,0,100,3.0,2,0.22518523140766095
3.085,0.3032192790059296,85.68402210388078,0,100,3.0,2,0.16205984364120354
3.09,0.26842527782774417,83.71560620831526,0,100,3.0,2,0.12308131105574782
3.095,0.23241585813229,82.71044536105052,0,100,3.0,2,0.10317713586238648
3.1,0.19682662652900276,82.39942555145443,0,100,3.0,2,0.09701832775157283
3.105,0.16303381314489318,82.5512309649664,0,100,3.0,2,0.10002437554388897
3.11,0.13208310477486307,82.99117359548086,0,100,3.0,2,0.10873611080160117
3.115,0.10466285982723562,83.59850375339822,0,100,3.0,2,0.12076245056234097
3.12,0.08111733445917907,84.29375139421232,0,100,3.0,2,0.13452973057846182
3.125,0.06149084917398798,85.02453323162025,0,100,3.0,2,0.1490006580518862
3.13,0.04559141333598128,85.75415419045677,0,100,3.0,2,0.1634485978308272
3.135,0.03306217087257399,86.45417274106126,0,100,3.0,2,0.17731035130814368
3.14,0.02345067901074276,87.10040645984597,0,100,3.0,2,0.19010705861081129
3.145,0.016268788896435526,87.6713129835381,0,100,3.0,2,0.20141213828788318
3.15,0.011039026374860051,88.14775760329132,0,100,3.0,2,0.2108466852136896
3.155,0.007326255555493689,88.5134568519284,0,100,3.0,2,0.21808825449363162
3.16,0.0047556414315231815,88.75565275625378,0,100,3.0,2,0.22288421299512437
3.165,0.0030193390635632803,88.86575895419283,0,100,3.0,2,0.22506453374639263
3.17,0.001874953127946523,88.83983405370527,0,100,3.0,2,0.22455116938030248
3.175,0.0011387927410965778,88.67880558598064,0,100,3.0,2,0.2213624868511018
3.18,0.0006765107634274089,88.38841185208784,0,100,3.0,2,0.21561211588292756
3.185,0.00039307957404427924,87.97886161222259,0,100,3.0,2,0.20750221014302153
3.19,0.00022338910511776318,87.46423814315004,0,100,3.0,2,0.19731164639901072
3.195,0.00012417073320013317,86.8616956972722,0,100,3.0,2,0.1853801128172712
3.2,6.750753468904987e-05,86.19051212899733,0,100,3.0,2,0.17208934908905596
3.205,3.5897234866245036e-05,85.47107045676482,0,100,3.0,2,0.15784297934187763
3.21,1.8670050400879738e-05,84.72384391841842,0,100,3.0,2,0.14304641422610742
3.215,9.497421874143672e-06,83.96845390812022,0,100,3.0,2,0.1280881962004005
3.22,4.725434140340885e-06,83.22285905389919,0,100,3.0,2,0.11332394166137001
3.225,2.299606063738814e-06,82.50271820124429,0,100,3.0,2,0.09906372675731272
3.23,1.0945633976635486e-06,81.82095216403631,0,100,3.0,2,0.0855634091888379
3.235,5.095703414287532e-07,81.18751083200898,0,100,3.0,2,0.07302001647542539
3.24,2.3202944964797243e-07,80.60933545563019,0,100,3.0,2,0.06157099912138985
3.245,1.0333746954038608e-07,80.09049215613837,0,100,3.0,2,0.05129687437897757
3.25,4.501406988770349e-08,79.6324429058189,0,100,3.0,2,0.04222659219443377
3.255,0.0,79.23441480011142,0,100,3.0,2,0.03434484752695888
3.26,0.0,78.89382727108968,0,100,3.0,2,0.02760054002157776
3.265,0.0,78.60673940294778,0,100,3.0,2,0.02191563174154022
3.27,0.0,78.36828483344408,0,100,3.0,2,0.017193759078100578
3.275,0.0,78.17306884141654,0,100,3.0,2,0.013328095869634399
3.28,0.0,78.01551010783703,0,100,3.0,2,0.010208120947267935
3.285,0.0,77.89011739198064,0,100,3.0,2,0.0077250968709037275
3.29,0.0,77.79169827936764,0,100,3.0,2,0.005776203551834392
3.295,0.0,77.71550276692628,0,100,3.0,2,0.004267381523292632
3.3,0.0,77.65730852609023,0,100,3.0,2,0.0031150203186184784
3.305,0.0,77.6134572104197,0,100,3.0,2,0.002246677434053391
3.31,0.0,77.58085229814589,0,100,3.0,2,0.0016010356068492083
3.315,0.0,77.55692893566152,0,100,3.0,2,0.0011273056566637079
3.32,0.0,77.53960538031276,0,100,3.0,2,0.0007842649566884016
3.325,0.0,77.5272242384317,0,100,3.0,2,0.0005390938303306858
3.33,0.0,77.51849003441343,0,100,3.0,2,0.00036613929531548515
3.335,0.0,77.51240795264492,0,100,3.0,2,0.0002457020325726888
3.34,0.0,77.50822702776999,0,100,3.0,2,0.00016291144098991116
3.345,0.0,77.50538972029054,0,100,3.0,2,0.00010672713446608961
3.35,0.0,77.5034887505611,0,100,3.0,2,6.908416952680932e-05
3.355,0.0,77.50223127982962,0,100,3.0,2,4.4183759002288585e-05
3.36,0.0,77.5014099982958,0,100,3.0,2,2.792075833264726e-05
3.365,0.0,77.50088036661307,0,100,3.0,2,1.7433002239100138e-05
3.37,0.0,77.50054311146208,0,100,3.0,2,1.0754682417407568e-05
3.375,0.0,77.50033105092136,0,100,3.0,2,6.55546378931768e-06
3.38,0.0,77.5001993797566,0,100,3.0,2,3.948113991969372e-06
3.385,0.0,77.50011864453815,0,100,3.0,2,2.349396795006043e-06
3.39,0.0,77.50006975813591,0,100,3.0,2,1.3813492258951456e-06
3.395,0.0,77.50004052494289,0,100,3.0,2,8.02474116622167e-07
3.4,0.0,77.50002326110729,0,100,3.0,2,4.606159858901652e-07
3.405,0.0,77.50001319224734,0,100,3.0,2,2.6123262053864317e-07
3.41,0.0,77.5000073924367,0,100,3.0,2,1.4638488515080136e-07
3.415,0.0,77.50000409295407,0,100,3.0,2,8.104859547853662e-08
3.42,0.0,77.50000223906426,0,100,3.0,2,4.4337906107859163e-08
3.425,0.001684486749771458,77.5000012102544,0,100,3.0,2,2.3965433589218815e-08
3.43,0.00456624331333666,77.50000064634919,0,100,3.0,2,1.2798993917511884e-08
3.435,0.011079731271581421,77.5000003410658,0,100,3.0,2,6.753778209956478e-09
3.44,0.024064571490409,77.50000017782368,0,100,3.0,2,3.521260976971336e-09
3.445,0.046784906529573234,77.50000009160547,0,100,3.0,2,1.813969735696158e-09
3.45,0.08141644351188804,77.5000000466266,0,100,3.0,2,9.232989290611309e-10
3.455,0.12682276464025305,77.5000000234491,0,100,3.0,2,4.643386929085026e-10
3.46,0.1768320708657512,77.50000001165198,0,100,3.0,2,2.3073222100810208e-10
3.465,0.22070063230473494,77.50000000572075,0,100,3.0,2,1.1328218011606236e-10
3.47,0.24656126505113576,77.50000000277515,0,100,3.0,2,5.4953515885217984e-11
3.475,0.24656126505724016,77.50000000133015,0,100,3.0,2,2.6339608162329164e-11
3.48,0.220700632329898,77.50000000062994,0,100,3.0,2,1.2474035006247018e-11
3.485,0.17683207093748562,77.50000000029476,0,100,3.0,2,5.836862346588514e-12
3.49,0.12682276483597799,77.50000000013628,0,100,3.0,2,2.698655380570044e-12
3.495,0.08141644409447898,77.50000000006226,0,100,3.0,2,1.2328268219267323e-12
3.5,0.04678490952598309,77.5000000000281,0,100,3.0,2,5.563338568703834e-13
3.505,0.024064605020532023,77.50000000001253,0,100,3.0,2,2.481975021546172e-13
3.51,0.011080171739334697,77.50000000000551,0,100,3.0,2,1.0918438870293816e-13
3.515,0.004571212771509492,77.5000000000024,0,100,3.0,2,4.755711775978492e-14
3.52,0.0017299316936037438,77.50000000000104,0,100,3.0,2,2.0542423647717747e-14
3.525,0.0008899431850697582,77.50000000000044,0,100,3.0,2,8.723494973688359e-15
3.53,0.002128806368910263,77.50000000000018,0,100,3.0,2,3.6582398276757634e-15
3.535,0.009309664818487698,77.50000000000007,0,100,3.0,2,1.4070153183368321e-15
3.54,0.03503263543368747,77.50000000000003,0,100,3.0,2,5.628061273347328e-16
3.545,0.10606267793605692,77.50000000000001,0,100,3.0,2,2.814030636673664e-16
3.55,0.25734927343160535,77.5,0,100,3.0,2,0.0
3.555,0.5003202479539708,77.5,0,100,3.0,2,0.0
3.56,0.7793067891790435,77.5,0,100,3.0,2,0.0
3.565,0.9720477407234077,77.50000296948818,1,100,3.0,2,5.880174611694102e-08
3.57,0.967267334488097,77.50000569775776,0,100,3.0,2,1.1282688628042625e-07
3.575,0.7505869905515209,77.50001160514543,0,100,3.0,2,2.298048600258169e-07
3.58,0.4028369574773956,77.50002597622895,0,100,3.0,2,5.143807713763392e-07
3.585,0.04553881263121314,77.50006479633647,0,100,3.0,2,1.2830957717655434e-06
3.59,-0.189138810908105,77.50017625577325,0,100,3.0,2,3.4902133317772686e-06
3.595,-0.22868072635956738,77.50050086841989,0,100,3.0,2,9.918186532500516e-06
3.6,-0.14104670682394166,77.50142865589663,0,100,3.0,2,2.829021577488873e-05
3.605,-0.051158381651102834,77.50398157370557,0,100,3.0,2,7.884304367471847e-05
3.61,-0.008206426846427752,77.51067533757195,0,100,3.0,2,0.00021139282320699983
3.615,0.005350271385530505,77.52730884085351,0,100,3.0,3,0.0005407691258120272
3.62,0.01084668799215426,77.56636304281409,0,100,3.0,3,0.0013141196596849329
3.625,0.016256859896386415,77.65284520055016,0,100,3.0,3,0.0030266376346566454
3.63,0.02345021205790711,77.83322987050369,0,100,3.0,3,0.006598611297102698
3.635,0.0330621597308209,78.1872403295472,0,100,3.0,3,0.01360871939697414
3.64,0.04559141319943196,78.84023424224648,0,100,3.0,3,0.026539291925672896
3.645,0.06149084917446989,79.97095670826675,0,100,3.0,3,0.04892983580726247
3.65,0.08111733445924295,81.80632016868279,0,100,3.0,3,0.08527366670658987
3.655,0.1046628598272375,84.59367894710928,0,100,3.0,3,0.14046889004176796
3.66,0.1320831047748631,88.54439663235735,0,100,3.0,3,0.21870092341301678
3.665,0.16303381314489318,93.75204790615024,0,100,3.0,3,0.3218227308148562
3.67,0.19682662652900276,100.10305003439262,0,100,3.0,3,0.44758514919589354
3.675,0.23241585813229,107.21134158829996,0,100,3.0,3,0.588343397788118
3.68,0.26842527782774417,114.41340788288605,0,100,3.0,3,0.7309585719383376
3.685,0.30321927900592993,120.84835205343285,0,100,3.0,3,0.8583832089788682
3.69,0.3350163137995362,125.61961314314837,0,100,3.0,3,0.9528636265969974
3.695,0.3620352400956416,128.0,0,100,3.0,3,1.0
3.7,0.3826586036805073,127.61649189867344,0,100,3.0,3,0.9924057801717514
3.705,0.39559233134833227,124.55056380219376,0,100,3.0,3,0.9316943327167082
3.71,0.4,119.31727660822673,0,100,3.0,3,0.8280648833312224
3.715,0.39559233134833227,112.73085488286033,0,100,3.0,3,0.6976406907497095
3.72,0.3826586036805073,105.70533944720569,0,100,3.0,3,0.5585215732119938
3.725,0.3620352400956416,99.05756588644317,0,100,3.0,3,0.4268824928008549
3.73,0.3350163137995362,93.36977976270926,0,100,3.0,3,0.3142530646081041
3.735,0.3032192790059296,88.93881976923748,0,100,3.0,3,0.2265112825591581
3.74,0.26842527782774417,85.80451228187178,0,100,3.0,3,0.16444578775983723
3.745,0.23241585813229,83.82672655699294,0,100,3.0,3,0.12528171399986016
3.75,0.19682662652900276,82.7748209960611,0,100,3.0,3,0.1044519009121009
3.755,0.16303381314489318,82.40190901663448,0,100,3.0,3,0.09706750527989062
3.76,0.13208310477486307,82.49126872046433,0,100,3.0,3,0.09883700436563037
3.765,0.10466285982723562,82.87544727441968,0,100,3.0,3,0.10644450048355811
3.77,0.08111733445917907,83.4360460880505,0,100,3.0,3,0.11754546709010898
3.775,0.06149084917398798,84.09372294879006,0,100,3.0,3,0.1305687712631695
3.78,0.04559141333598128,84.79583101125908,0,100,3.0,3,0.14447190121305115
3.785,0.03306217087257399,85.5058631950615,0,100,3.0,3,0.15853194445666324
3.79,0.02345067901074276,86.19614522117905,0,100,3.0,3,0.1722008954688921
3.795,0.016268788896435526,86.8436056995559,0,100,3.0,3,0.1850218950407108
3.8,0.011039026374860051,87.42781600360316,0,100,3.0,3,0.19659041591293377
3.805,0.007326255555493689,87.93044648752333,0,100,3.0,3,0.2065434948024421
3.81,0.0047556414315231815,88.33547851565123,0,100,3.0,3,0.2145639310029947
3.815,0.0030193390635632803,88.62973571355158,0,100,3.0,3,0.22039080620894222
3.82,0.001874953127946523,88.80347070164842,0,100,3.0,3,0.22383110300293904
3.825,0.0011387927410965778,88.85085527781466,0,100,3.0,3,0.22476941144187446
3.83,0.0006765107634274089,88.77028929388132,0,100,3.0,3,0.22317404542339245
3.835,0.00039307957404427924,88.56448531910543,0,100,3.0,3,0.21909871919020651
3.84,0.00022338910511776318,88.24031547557608,0,100,3.0,3,0.21267951436784321
3.845,0.00012417073320013317,87.8084299935687,0,100,3.0,3,0.20412732660532068
3.85,6.750753468904987e-05,87.28267622254438,0,100,3.0,3,0.193716360842463
3.855,3.5897234866245036e-05,86.67936206088412,0,100,3.0,3,0.18176954576008153
3.86,1.8670050400879738e-05,86.016418335048,0,100,3.0,3,0.1686419472286733
3.865,9.497421874143672e-06,85.3125199363333,0,100,3.0,3,0.15470336507590698
3.87,4.725434140340885e-06,84.5862253135029,0,100,3.0,3,0.14032129333669097
3.875,2.299606063738814e-06,83.85518857261796,0,100,3.0,3,0.1258453182696626
3.88,1.0945633976635486e-06,83.13548881550771,0,100,3.0,3,0.1115938379308458
3.885,5.095703414287532e-07,82.44110870951447,0,100,3.0,3,0.09784373682206865
3.89,2.3202944964797243e-07,81.78358009436656,0,100,3.0,3,0.08482336820527833
3.895,1.0333746954038608e-07,81.17180019591906,0,100,3.0,3,0.07270891477067448
3.9,4.501406988770349e-08,80.61200908161038,0,100,3.0,3,0.06162394221010656
3.905,0.0,80.10790842175395,0,100,3.0,3,0.05164175092582074
3.91,0.0,79.6608941015899,0,100,3.0,3,0.04278998220970106
3.915,0.0,79.27037104260374,0,100,3.0,3,0.03505685232878697
3.92,0.0,78.93411763673835,0,100,3.0,3,0.028398369044323756
3.925,0.0,78.64866905740534,0,100,3.0,3,0.022745921928818667
3.93,0.0,78.40969275082458,0,100,3.0,3,0.018013717838110406
3.935,0.0,78.21233488198824,0,100,3.0,3,0.01410564122748992
3.94,0.0,78.05152265334826,0,100,3.0,3,0.010921240660361537
3.945,0.0,77.92221354848724,0,100,3.0,3,0.008360664326479908
3.95,0.0,77.81958813058185,0,100,3.0,3,0.006328477833303938
3.955,0.0,77.739187667373,0,100,3.0,3,0.004736389452930742
3.96,0.0,77.67700135526229,0,100,3.0,3,0.0035049773319265607
3.965,0.0,77.62951022741545,0,100,3.0,3,0.002564558958721814
3.97,0.0,77.59369603358714,0,100,3.0,3,0.001855367001725469
3.975,0.0,77.56702364039619,0,100,3.0,3,0.0013272007999244866
3.98,0.0,77.54740503652089,0,100,3.0,3,0.0009387135944729771
3.985,0.0,77.53315206797399,0,100,3.0,3,0.0006564765935442918
3.99,0.0,77.52292379040485,0,100,3.0,3,0.00045393644366031774
3.995,0.0,77.51567299156609,0,100,3.0,3,0.0003103562686354814
4.0,0.0,77.5105951482266,0,100,3.0,3,0.00020980491537820494
4.005,0.0,77.50708193342838,0,100,3.0,3,0.000140236305512498
4.01,0.0,77.50468043597927,0,100,3.0,3,9.268190057955192e-05
4.015,0.0,77.5030585138007,0,100,3.0,3,6.056462971674357e-05
4.02,0.0,77.5019761697444,0,100,3.0,3,3.913207414644369e-05
4.025,0.0,77.5012624893213,0,100,3.0,3,2.4999788540708772e-05
4.03,0.0,77.5007974819221,0,100,3.0,3,1.579172122982491e-05
4.035,0.0,77.5004980852106,0,100,3.0,3,9.863073477118174e-06
4.04,0.0,77.50030759276243,0,100,3.0,3,6.090945790598054e-06
4.045,0.0,77.5001878184466,0,100,3.0,3,3.7191771604968814e-06
4.05,0.0,77.50011339399136,0,100,3.0,3,2.24542557140183e-06
4.055,0.0,77.50006769108984,0,100,3.0,3,1.3404176205776732e-06
4.06,0.0,77.50003995421815,0,100,3.0,3,7.911726366854613e-07
4.065,0.0,77.50002331757771,0,100,3.0,3,4.6173421215862256e-07
4.07,0.0,77.5000134553158,0,100,3.0,3,2.6644189692843153e-07
4.075,0.0,77.5000076770439,0,100,3.0,3,1.5202067121964941e-07
4.08,0.0,77.50000433095647,0,100,3.0,3,8.576151429062322e-08
4.085,0.0,77.5000024158128,0,100,3.0,3,4.7837877254645684e-08
4.09,0.0,77.5000013323932,0,100,3.0,3,2.6384023696286167e-08
4.095,0.001684486749771458,77.50000072659299,0,100,3.0,3,1.4387979933984537e-08
4.1,0.00456624331333666,77.50000039177765,0,100,3.0,3,7.757973203342321e-09
4.105,0.011079731271581421,77.50000020887083,0,100,3.0,3,4.136056038915551e-09
4.11,0.024064571490409,77.50000011010462,0,100,3.0,3,2.180289550661916e-09
4.115,0.046784906529573234,77.50000005738825,0,100,3.0,3,1.1364009667274087e-09
4.12,0.08141644351188804,77.50000002957536,0,100,3.0,3,5.856507094463133e-10
4.125,0.12682276464025305,77.50000001507047,0,100,3.0,3,2.984251349886054e-10
4.13,0.1768320708657512,77.500000007593,0,100,3.0,3,1.5035647094811054e-10
4.135,0.22070063230473494,77.50000000378259,0,100,3.0,3,7.490274187472492e-11
4.14,0.24656126505113576,77.50000000186319,0,100,3.0,3,3.689475567742841e-11
4.145,0.24656126505724016,77.50000000090742,0,100,3.0,3,1.7968711227416016e-11
4.15,0.220700632329898,77.50000000043697,0,100,3.0,3,8.65286280470785e-12
4.155,0.17683207093748562,77.50000000020806,0,100,3.0,3,4.120022255153911e-12
4.16,0.12682276483597799,77.50000000009796,0,100,3.0,3,1.9397113178591565e-12
4.165,0.08141644409447898,77.50000000004559,0,100,3.0,3,9.027410282449114e-13
4.17,0.04678490952598309,77.50000000002099,0,100,3.0,3,4.156323250367002e-13
4.175,0.024064605020532023,77.50000000000955,0,100,3.0,3,1.8910285878447022e-13
4.18,0.011080171739334697,77.50000000000429,0,100,3.0,3,8.498372522754466e-14
4.185,0.004571212771509492,77.5000000000019,0,100,3.0,3,3.77080105314271e-14
4.19,0.0017299316936037438,77.50000000000084,0,100,3.0,3,1.6602780756374617e-14
4.195,0.0008899431850697582,77.50000000000037,0,100,3.0,3,7.316479655351527e-15
4.2,0.002128806368910263,77.50000000000016,0,100,3.0,3,3.0954337003410305e-15
4.205,0.009309664818487698,77.50000000000007,0,100,3.0,3,1.4070153183368321e-15
4.21,0.03503263543368747,77.50000000000003,0,100,3.0,3,5.628061273347328e-16
4.215,0.10606267793605692,77.50000000000001,0,100,3.0,3,2.814030636673664e-16
4.22,0.25734927343160535,77.5,0,100,3.0,3,0.0
4.225,0.5003202479539708,77.5,0,100,3.0,3,0.0
4.23,0.7793067891790435,77.5,0,100,3.0,3,0.0
4.235,0.9720477407234077,77.5000029761183,1,100,3.0,3,5.8933035560504224e-08
4.24,0.967267334488097,77.50000618532628,0,100,3.0,3,1.2248170861258217e-07
4.245,0.7505869905515209,77.50001392552794,0,100,3.0,3,2.7575302847298647e-07
4.25,0.4028369574773956,77.50003551779191,0,100,3.0,3,7.033226121719882e-07
4.255,0.04553881263121314,77.50010313559092,0,100,3.0,3,2.0422889290915523e-06
4.26,-0.189138810908105,77.50032572609189,0,100,3.0,3,6.450021621528529e-06
4.265,-0.22868072635956738,77.50105352781613,0,100,3.0,3,2.0861936952983477e-05
4.27,-0.14104670682394166,77.50333849843346,0,100,3.0,3,6.610887987058545e-05
4.275,-0.051158381651102834,77.51010867794061,0,100,3.0,3,0.00020017184040806803
4.28,-0.008206426846427752,77.52887923627338,0,100,3.0,3,0.0005718660648194646
4.285,0.005350271385530505,77.57736547743413,0,100,3.0,3,0.0015319896521609532
4.29,0.01084668799215426,77.6937614840257,0,100,3.0,3,0.003836861069815838
4.295,0.016256859896386415,77.95299178483792,0,100,3.0,3,0.008970134353226137
4.3,0.02345021205790711,78.48782060961162,0,100,3.0,3,0.019560804150725097
4.305,0.0330621597308209,79.50840637712494,0,100,3.0,3,0.03977042330940479
4.31,0.04559141319943196,81.30639038119868,0,100,3.0,3,0.07537406695442934
4.315,0.06149084917446989,84.22371682098306,0,100,3.0,3,0.13314290734619916
4.32,0.08111733445924295,88.56905596488694,0,100,3.0,3,0.2191892270274642
4.325,0.1046628598272375,94.48254071967199,0,100,3.0,3,0.3362879350430097
4.33,0.1320831047748631,101.78187771882364,0,100,3.0,3,0.4808292617588839
4.335,0.16303381314489318,109.85607098931862,0,100,3.0,3,0.6407142770162104
4.34,0.19682662652900276,117.68289868067583,0,100,3.0,3,0.7957009639737789
4.345,0.23241585813229,124.01296766753546,0,100,3.0,3,0.9210488647036725
4.35,0.26842527782774417,127.69015041412591,0,100,3.0,3,0.9938643646361566
4.355,0.30321927900592993,128.0,0,100,3.0,3,1.0
4.36,0.3350163137995362,124.90331438199323,0,100,3.0,3,0.9386794927127372
4.365,0.3620352400956416,119.0509908262225,0,100,3.0,3,0.8227918975489604
4.37,0.3826586036805073,111.57334395352093,0,100,3.0,3,0.6747196822479392
4.375,0.39559233134833227,103.73799888891169,0,100,3.0,3,0.5195643344338948
4.38,0.4,96.61848240541384,0,100,3.0,3,0.3785838100081949
4.385,0.39559233134833227,90.88948241854119,0,100,3.0,3,0.265138265713687
4.39,0.3826586036805073,86.7893676493135,0,100,3.0,3,0.18394787424383177
4.395,0.3620352400956416,84.21448228450262,0,100,3.0,3,0.13296004523767568
4.4,0.3350163137995362,82.8706742557033,0,100,3.0,3,0.10634998526145162
4.405,0.3032192790059296,82.41285373443978,0,100,3.0,3,0.09728423236514412
4.41,0.26842527782774417,82.53508919471457,0,100,3.0,3,0.09970473652900144
4.415,0.23241585813229,83.00723630449004,0,100,3.0,3,0.10905418424732743
4.42,0.19682662652900276,83.67399525905368,0,100,3.0,3,0.12225733186244916
4.425,0.16303381314489318,84.43655035035052,0,100,3.0,3,0.13735743268020822
4.43,0.13208310477486307,85.23167363197578,0,100,3.0,3,0.15310244815793625
4.435,0.10466285982723562,86.01556443973125,0,100,3.0,3,0.1686250384105198
4.44,0.08111733445917907,86.75400535564901,0,100,3.0,3,0.18324763080493095
4.445,0.06149084917398798,87.41763420030695,0,100,3.0,3,0.19638879604568216
4.45,0.04559141333598128,87.98046505761806,0,100,3.0,3,0.20753396153699133
4.455,0.03306217087257399,88.42010861624007,0,100,3.0,3,0.2162397745790113
4.46,0.02345067901074276,88.71867720825321,0,100,3.0,3,0.22215202392580616
4.465,0.016268788896435526,88.86378878992376,0,100,3.0,3,0.2250255205925497
4.47,0.011039026374860051,88.84935272165478,0,100,3.0,3,0.22473965785455013
4.475,0.007326255555493689,88.67597412457343,0,100,3.0,3,0.22130641830838474
4.48,0.0047556414315231815,88.3509063891692,0,100,3.0,3,0.21486943344889498
4.485,0.0030193390635632803,87.88754641372572,0,100,3.0,3,0.20569398839060823
4.49,0.001874953127946523,87.30451845386142,0,100,3.0,3,0.19414888027448354
4.495,0.0011387927410965778,86.62443306399382,0,100,3.0,3,0.18068184285136277
4.5,0.0006765107634274089,85.87243609243906,0,100,3.0,3,0.16579081371166454
4.505,0.00039307957404427924,85.07467708397961,0,100,3.0,3,0.1499936056233586
4.51,0.00022338910511776318,84.25682600304509,0,100,3.0,3,0.13379853471376418
4.515,0.00012417073320013317,83.4427529734118,0,100,3.0,3,0.11767827670122376
4.52,6.750753468904987e-05,82.65346049137668,0,100,3.0,3,0.10204872260151836
4.525,3.5897234866245036e-05,81.90632528007868,0,100,3.0,3,0.087253965942152
4.53,1.8670050400879738e-05,81.21467213191562,0,100,3.0,3,0.07355786399832911
4.535,9.497421874143672e-06,80.58766909939999,0,100,3.0,3,0.06114196236435621
4.54,4.725434140340885e-06,80.03050585017243,0,100,3.0,3,0.05010902673608776
4.545,2.299606063738814e-06,79.54479733357823,0,100,3.0,3,0.04049103630847982
4.55,1.0945633976635486e-06,79.12914419384192,0,100,3.0,3,0.03226028106617671
4.555,5.095703414287532e-07,78.77977938473101,0,100,3.0,3,0.025342166034277518
4.56,2.3202944964797243e-07,78.49123590647207,0,100,3.0,3,0.019628433791526147
4.565,1.0333746954038608e-07,78.25698150946495,0,100,3.0,3,0.014989732860692077
4.57,4.501406988770349e-08,78.06998030229119,0,100,3.0,3,0.01128673865923139
4.575,0.0,77.9231562441036,0,100,3.0,3,0.008379331566407817
4.58,0.0,77.80974762879951,0,100,3.0,3,0.006133616411871556
4.585,0.0,77.72355354312545,0,100,3.0,3,0.004426802834167279
4.59,0.0,77.65908215107021,0,100,3.0,3,0.0031501416053506637
4.595,0.0,77.61161631556492,0,100,3.0,3,0.002210224070592399
4.6,0.0,77.5772147447986,0,100,3.0,3,0.0015290048474969466
4.605,0.0,77.55266706642777,0,100,3.0,3,0.001042912206490556
4.61,0.0,77.53541965668042,0,100,3.0,3,0.0007013793402062909
4.615,0.0,77.52348636988228,0,100,3.0,3,0.0004650766313322339
4.62,0.0,77.51535513982303,0,100,3.0,3,0.00030406217471344875
4.625,0.0,77.50989824011825,0,100,3.0,3,0.0001960047548167684
4.63,0.0,77.50629112804937,0,100,3.0,3,0.00012457679305681935
4.635,0.0,77.50394244274653,0,100,3.0,3,7.80681731987105e-05
4.64,0.0,77.50243595126653,0,100,3.0,3,4.8236658743251e-05
4.645,0.0,77.50148401443865,0,100,3.0,3,2.9386424527632303e-05
4.65,0.0,77.50089140278692,0,100,3.0,3,1.7651540335041004e-05
4.655,0.0,77.50052792980212,0,100,3.0,3,1.045405548748337e-05
4.66,0.0,77.50030827953894,0,100,3.0,3,6.104545325579148e-06
4.665,0.0,77.50017749231459,0,100,3.0,3,3.5146992988441947e-06
4.67,0.0,77.5001007582777,0,100,3.0,3,1.995213419730693e-06
4.675,0.0,77.50005639599301,0,100,3.0,3,1.1167523368975266e-06
4.68,0.0,77.50003112304574,0,100,3.0,3,6.162979355277718e-07
4.685,0.0,77.5000169348855,0,100,3.0,3,3.35344267206424e-07
4.69,0.0,77.50000908549865,0,100,3.0,3,1.7991086429217397e-07
4.695,0.001684486749771458,77.50000480597605,0,100,3.0,3,9.516784252179542e-08
4.7,0.00456624331333666,77.50000250657536,0,100,3.0,3,4.963515556762041e-08
4.705,0.011079731271581421,77.50000128898024,0,100,3.0,3,2.5524361256042774e-08
4.71,0.024064571490409,77.5000006535489,0,100,3.0,3,1.2941562277269936e-08
4.715,0.046784906529573234,77.5000003267204,0,100,3.0,3,6.469710822082309e-09
4.72,0.08141644351188804,77.50000016104258,0,100,3.0,3,3.1889619481937712e-09
4.725,0.12682276464025305,77.50000007826571,0,100,3.0,3,1.5498161170254738e-09
4.73,0.1768320708657512,77.50000003750323,0,100,3.0,3,7.426381621866816e-10
4.735,0.22070063230473494,77.50000001771872,0,100,3.0,3,3.508657215152738e-10
4.74,0.24656126505113576,77.50000000825395,0,100,3.0,3,1.6344452743927976e-10
4.745,0.24656126505724016,77.50000000379104,0,100,3.0,3,7.5070176697607e-11
4.75,0.220700632329898,77.5000000017168,0,100,3.0,3,3.399602271859087e-11
4.755,0.17683207093748562,77.50000000076656,0,100,3.0,3,1.517944406034508e-11
4.76,0.12682276483597799,77.50000000033748,0,100,3.0,3,6.682759955972617e-12
4.765,0.08141644409447898,77.50000000014649,0,100,3.0,3,2.900702780283213e-12
4.77,0.04678490952598309,77.5000000000627,0,100,3.0,3,1.2415503169004206e-12
4.775,0.024064605020532023,77.50000000002646,0,100,3.0,3,5.239725045486363e-13
4.78,0.011080171739334697,77.50000000001101,0,100,3.0,3,2.1808737434220896e-13
4.785,0.004571212771509492,77.50000000000452,0,100,3.0,3,8.948617424622252e-14
4.79,0.0017299316936037438,77.50000000000182,0,100,3.0,3,3.60195921494229e-14
4.795,0.0008899431850697582,77.50000000000072,0,100,3.0,3,1.4351556247035687e-14
4.8,0.002128806368910263,77.50000000000028,0,100,3.0,3,5.6280612733473285e-15
4.805,0.009309664818487698,77.50000000000011,0,100,3.0,3,2.2512245093389313e-15
4.81,0.03503263543368747,77.50000000000004,0,100,3.0,3,8.442091910020992e-16
4.815,0.10606267793605692,77.50000000000001,0,100,3.0,3,2.814030636673664e-16
4.82,0.25734927343160535,77.5,0,100,3.0,4,0.0
4.825,0.5003202479539708,77.5,0,100,3.0,4,0.0
4.83,0.7793067891790435,77.5,0,100,3.0,4,0.0
4.835,0.9720477407234077,77.5000029761183,1,100,3.0,4,5.8933035560504224e-08
4.84,0.967267334488097,77.50000618532628,0,100,3.0,4,1.2248170861258217e-07
4.845,0.7505869905515209,77.50001392552794,0,100,3.0,4,2.7575302847298647e-07
4.85,0.4028369574773956,77.50003551779191,0,100,3.0,4,7.033226121719882e-07
4.855,0.04553881263121314,77.50010313559092,0,100,3.0,4,2.0422889290915523e-06
4.86,-0.189138810908105,77.50032572609189,0,100,3.0,4,6.450021621528529e-06
4.865,-0.22868072635956738,77.50105352781613,0,100,3.0,4,2.0861936952983477e-05
4.87,-0.14104670682394166,77.50333849843346,0,100,3.0,4,6.610887987058545e-05
4.875,-0.051158381651102834,77.51010867794061,0,100,3.0,4,0.00020017184040806803
4.88,-0.008206426846427752,77.52887923627338,0,100,3.0,4,0.0005718660648194646
4.885,0.005350271385530505,77.57736547743413,0,100,3.0,4,0.0015319896521609532
4.89,0.01084668799215426,77.6937614840257,0,100,3.0,4,0.003836861069815838
4.895,0.016256859896386415,77.95299178483792,0,100,3.0,4,0.008970134353226137
4.9,0.02345021205790711,78.48782060961162,0,100,3.0,4,0.019560804150725097
4.905,0.0330621597308209,79.50840637712494,0,100,3.0,4,0.03977042330940479
4.91,0.04559141319943196,81.30639038119868,0,100,3.0,4,0.07537406695442934
4.915,0.06149084917446989,84.22371682098306,0,100,3.0,4,0.13314290734619916
4.92,0.08111733445924295,88.56905596488694,0,100,3.0,4,0.2191892270274642
4.925,0.1046628598272375,94.48254071967199,0,100,3.0,4,0.3362879350430097
4.93,0.1320831047748631,101.78187771882364,0,100,3.0,4,0.4808292617588839
4.935,0.16303381314489318,109.85607098931862,0,100,3.0,4,0.6407142770162104
4.94,0.19682662652900276,117.68289868067583,0,100,3.0,4,0.7957009639737789
4.945,0.23241585813229,124.01296766753546,0,100,3.0,4,0.9210488647036725
4.95,0.26842527782774417,127.69015041412591,0,100,3.0,4,0.9938643646361566
4.955,0.30321927900592993,128.0,0,100,3.0,4,1.0
4.96,0.3350163137995362,124.90331438199323,0,100,3.0,4,0.9386794927127372
4.965,0.3620352400956416,119.0509908262225,0,100,3.0,4,0.8227918975489604
4.97,0.3826586036805073,111.57334395352093,0,100,3.0,4,0.6747196822479392
4.975,0.39559233134833227,103.73799888891169,0,100,3.0,4,0.5195643344338948
4.98,0.4,96.61848240541384,0,100,3.0,4,0.3785838100081949
4.985,0.39559233134833227,90.88948241854119,0,100,3.0,4,0.265138265713687
4.99,0.3826586036805073,86.7893676493135,0,100,3.0,4,0.18394787424383177
4.995,0.3620352400956416,84.21448228450262,0,100,3.0,4,0.13296004523767568
5.0,0.3350163137995362,82.8706742557033,0,100,3.0,4,0.10634998526145162
5.005,0.3032192790059296,82.41285373443978,0,100,3.0,4,0.09728423236514412
5.01,0.26842527782774417,82.53508919471457,0,100,3.0,4,0.09970473652900144
5.015,0.23241585813229,83.00723630449004,0,100,3.0,4,0.10905418424732743
5.02,0.19682662652900276,83.67399525905368,0,100,3.0,4,0.12225733186244916
5.025,0.16303381314489318,84.43655035035052,0,100,3.0,4,0.13735743268020822
5.03,0.13208310477486307,85.23167363197578,0,100,3.0,4,0.15310244815793625
5.035,0.10466285982723562,86.01556443973125,0,100,3.0,4,0.1686250384105198
5.04,0.08111733445917907,86.75400535564901,0,100,3.0,4,0.18324763080493095
5.045,0.06149084917398798,87.41763420030695,0,100,3.0,4,0.19638879604568216
5.05,0.04559141333598128,87.98046505761806,0,100,3.0,4,0.20753396153699133
5.055,0.03306217087257399,88.42010861624007,0,100,3.0,4,0.2162397745790113
5.06,0.02345067901074276,88.71867720825321,0,100,3.0,4,0.22215202392580616
5.065,0.016268788896435526,88.86378878992376,0,100,3.0,4,0.2250255205925497
5.07,0.011039026374860051,88.84935272165478,0,100,3.0,4,0.22473965785455013
5.075,0.007326255555493689,88.67597412457343,0,100,3.0,4,0.22130641830838474
5.08,0.0047556414315231815,88.3509063891692,0,100,3.0,4,0.21486943344889498
5.085,0.0030193390635632803,87.88754641372572,0,100,3.0,4,0.20569398839060823
5.09,0.001874953127946523,87.30451845386142,0,100,3.0,4,0.19414888027448354
5.095,0.0011387927410965778,86.62443306399382,0,100,3.0,4,0.18068184285136277
5.1,0.0006765107634274089,85.87243609243906,0,100,3.0,4,0.16579081371166454
5.105,0.00039307957404427924,85.07467708397961,0,100,3.0,4,0.1499936056233586
5.11,0.00022338910511776318,84.25682600304509,0,100,3.0,4,0.13379853471376418
5.115,0.00012417073320013317,83.4427529734118,0,100,3.0,4,0.11767827670122376
5.12,6.750753468904987e-05,82.65346049137668,0,100,3.0,4,0.10204872260151836
5.125,3.5897234866245036e-05,81.90632528007868,0,100,3.0,4,0.087253965942152
5.13,1.8670050400879738e-05,81.21467213191562,0,100,3.0,4,0.07355786399832911
5.135,9.497421874143672e-06,80.58766909939999,0,100,3.0,4,0.06114196236435621
5.14,4.725434140340885e-06,80.03050585017243,0,100,3.0,4,0.05010902673608776
5.145,2.299606063738814e-06,79.54479733357823,0,100,3.0,4,0.04049103630847982
5.15,1.0945633976635486e-06,79.12914419384192,0,100,3.0,4,0.03226028106617671
5.155,5.095703414287532e-07,78.77977938473101,0,100,3.0,4,0.025342166034277518
5.16,2.3202944964797243e-07,78.49123590647207,0,100,3.0,4,0.019628433791526147
5.165,1.0333746954038608e-07,78.25698150946495,0,100,3.0,4,0.014989732860692077
5.17,4.501406988770349e-08,78.06998030229119,0,100,3.0,4,0.01128673865923139
5.175,0.0,77.9231562441036,0,100,3.0,4,0.008379331566407817
5.18,0.0,77.80974762879951,0,100,3.0,4,0.006133616411871556
5.185,0.0,77.72355354312545,0,100,3.0,4,0.004426802834167279
5.19,0.0,77.65908215107021,0,100,3.0,4,0.0031501416053506637
5.195,0.0,77.61161631556492,0,100,3.0,4,0.002210224070592399
5.2,0.0,77.5772147447986,0,100,3.0,4,0.0015290048474969466
5.205,0.0,77.55266706642777,0,100,3.0,4,0.001042912206490556
5.21,0.0,77.53541965668042,0,100,3.0,4,0.0007013793402062909
5.215,0.0,77.52348636988228,0,100,3.0,4,0.0004650766313322339
5.22,0.0,77.51535513982303,0,100,3.0,4,0.00030406217471344875
5.225,0.0,77.50989824011825,0,100,3.0,4,0.0001960047548167684
5.23,0.0,77.50629112804937,0,100,3.0,4,0.00012457679305681935
5.235,0.0,77.50394244274653,0,100,3.0,4,7.80681731987105e-05
5.24,0.0,77.50243595126653,0,100,3.0,4,4.8236658743251e-05
5.245,0.0,77.50148401443865,0,100,3.0,4,2.9386424527632303e-05
5.25,0.0,77.50089140278692,0,100,3.0,4,1.7651540335041004e-05
5.255,0.0,77.50052792980212,0,100,3.0,4,1.045405548748337e-05
5.26,0.0,77.50030827953894,0,100,3.0,4,6.104545325579148e-06
5.265,0.0,77.50017749231459,0,100,3.0,4,3.5146992988441947e-06
5.27,0.0,77.5001007582777,0,100,3.0,4,1.995213419730693e-06
5.275,0.0,77.50005639599301,0,100,3.0,4,1.1167523368975266e-06
5.28,0.0,77.50003112304574,0,100,3.0,4,6.162979355277718e-07
5.285,0.0,77.5000169348855,0,100,3.0,4,3.35344267206424e-07
5.29,0.0,77.50000908549865,0,100,3.0,4,1.7991086429217397e-07
5.295,0.001684486749771458,77.50000480597605,0,100,3.0,4,9.516784252179542e-08
5.3,0.00456624331333666,77.50000250657536,0,100,3.0,4,4.963515556762041e-08
5.305,0.011079731271581421,77.50000128898024,0,100,3.0,4,2.5524361256042774e-08
5.31,0.024064571490409,77.5000006535489,0,100,3.0,4,1.2941562277269936e-08
5.315,0.046784906529573234,77.5000003267204,0,100,3.0,4,6.469710822082309e-09
5.32,0.08141644351188804,77.50000016104258,0,100,3.0,4,3.1889619481937712e-09
5.325,0.12682276464025305,77.50000007826571,0,100,3.0,4,1.5498161170254738e-09
5.33,0.1768320708657512,77.50000003750323,0,100,3.0,4,7.426381621866816e-10
5.335,0.22070063230473494,77.50000001771872,0,100,3.0,4,3.508657215152738e-10
5.34,0.24656126505113576,77.50000000825395,0,100,3.0,4,1.6344452743927976e-10
5.345,0.24656126505724016,77.50000000379104,0,100,3.0,4,7.5070176697607e-11
5.35,0.220700632329898,77.5000000017168,0,100,3.0,4,3.399602271859087e-11
5.355,0.17683207093748562,77.50000000076656,0,100,3.0,4,1.517944406034508e-11
5.36,0.12682276483597799,77.50000000033748,0,100,3.0,4,6.682759955972617e-12
5.365,0.08141644409447898,77.50000000014649,0,100,3.0,4,2.900702780283213e-12
5.37,0.04678490952598309,77.5000000000627,0,100,3.0,4,1.2415503169004206e-12
5.375,0.024064605020532023,77.50000000002646,0,100,3.0,4,5.239725045486363e-13
5.38,0.011080171739334697,77.50000000001101,0,100,3.0,4,2.1808737434220896e-13
5.385,0.004571212771509492,77.50000000000452,0,100,3.0,4,8.948617424622252e-14
5.39,0.0017299316936037438,77.50000000000182,0,100,3.0,4,3.60195921494229e-14
5.395,0.0008899431850697582,77.50000000000072,0,100,3.0,4,1.4351556247035687e-14
5.4,0.002128806368910263,77.50000000000028,0,100,3.0,4,5.6280612733473285e-15
5.405,0.009309664818487698,77.50000000000011,0,100,3.0,4,2.2512245093389313e-15
5.41,0.03503263543368747,77.50000000000004,0,100,3.0,4,8.442091910020992e-16
5.415,0.10606267793605692,77.50000000000001,0,100,3.0,4,2.814030636673664e-16
5.42,0.25734927343160535,77.5,0,100,3.0,4,0.0
5.425,0.5003202479539708,77.5,0,100,3.0,4,0.0
5.43,0.7793067891790435,77.5,0,100,3.0,4,0.0
5.435,0.9720477407234077,77.500002961856,1,100,3.0,4,5.865061381774638e-08
5.44,0.967267334488097,77.500006041423,0,100,3.0,4,1.1963213873878877e-07
5.445,0.7505869905515209,77.50001328138595,0,100,3.0,4,2.629977415165173e-07
5.45,0.4028369574773956,77.50003283321637,0,100,3.0,4,6.501627003199426e-07
5.455,0.04553881263121314,77.50009198824264,0,100,3.0,4,1.8215493592959877e-06
5.46,-0.189138810908105,77.50028074560149,0,100,3.0,4,5.559318841314602e-06
5.465,-0.22868072635956738,77.50088215537116,0,100,3.0,4,1.7468423191256096e-05
5.47,-0.14104670682394166,77.5027317136506,0,100,3.0,4,5.409333961592487e-05
5.475,-0.051158381651102834,77.50812515206187,0,100,3.0,4,0.00016089410023495125
5.48,-0.008206426846427752,77.52290585167412,0,100,3.0,4,0.0004535812212697967
5.485,0.005350271385530505,77.5607994860294,0,100,3.0,4,0.0012039502184038745
5.49,0.01084668799215426,77.65144697964095,0,100,3.0,4,0.0029989500919000286
5.495,0.016256859896386415,77.85343089561607,0,100,3.0,4,0.00699863159635785
5.5,0.02345021205790711,78.27206809920676,0,100,3.0,4,0.015288477212015105
5.505,0.0330621597308209,79.07802187804528,0,100,3.0,4,0.031247957981094594
5.51,0.04559141319943196,80.51693895137673,0,100,3.0,4,0.05974136537379663
5.515,0.06149084917446989,82.89454088046219,0,100,3.0,4,0.10682259169232054
5.52,0.08111733445924295,86.52074732919208,0,100,3.0,4,0.17862865998400151
5.525,0.1046628598272375,91.60628022891433,0,100,3.0,4,0.2793322817606798
5.53,0.1320831047748631,98.12800786254579,0,100,3.0,4,0.40847540321872844
5.535,0.16303381314489318,105.70840989696592,0,100,3.0,4,0.5585823741973449
5.54,0.19682662652900276,113.57344353324595,0,100,3.0,4,0.7143256145197218
5.545,0.23241585813229,120.64276888442222,0,100,3.0,4,0.8543122551370738
5.55,0.26842527782774417,125.75956336367835,0,100,3.0,4,0.9556349180926407
5.555,0.30321927900592993,128.0,0,100,3.0,4,1.0
5.56,0.3350163137995362,126.95061745029365,0,100,3.0,4,0.9792201475305673
5.565,0.3620352400956416,122.84001560912182,0,100,3.0,4,0.897822091269739
5.57,0.3826586036805073,116.46801010317881,0,100,3.0,4,0.7716437644193824
5.575,0.39559233134833227,108.96296573740314,0,100,3.0,4,0.6230290245030324
5.58,0.4,101.46881286087532,0,100,3.0,4,0.4746299576410954
5.585,0.39559233134833227,94.88053871179497,0,100,3.0,4,0.34416908340188057
5.59,0.3826586036805073,89.70779311233117,0,100,3.0,4,0.24173847747190444
5.595,0.3620352400956416,86.07956026661839,0,100,3.0,4,0.1698922825072948
5.6,0.3350163137995362,83.84687409322002,0,100,3.0,4,0.1256806751132678
5.605,0.3032192790059296,82.7187027867249,0,100,3.0,4,0.10334064924207731
5.61,0.26842527782774417,82.37771688222631,0,100,3.0,4,0.09658845311339226
5.615,0.23241585813229,82.55072048744152,0,100,3.0,4,0.10001426707804997
5.62,0.19682662652900276,83.03453037589074,0,100,3.0,4,0.1095946609087275
5.625,0.16303381314489318,83.69208055632127,0,100,3.0,4,0.12261545656081728
5.63,0.13208310477486307,84.43544696634281,0,100,3.0,4,0.1373355834919368
5.635,0.10466285982723562,85.20760297898806,0,100,3.0,4,0.15262580156412006
5.64,0.08111733445917907,85.96850260217812,0,100,3.0,4,0.1676931208352103
5.645,0.06149084917398798,86.6865931944108,0,100,3.0,4,0.18191273652298623
5.65,0.04559141333598128,87.33469336179016,0,100,3.0,4,0.19474640320376552
5.655,0.03306217087257399,87.88866412777621,0,100,3.0,4,0.20571612134210315
5.66,0.02345067901074276,88.32756689971691,0,100,3.0,4,0.21440726534092897
5.665,0.016268788896435526,88.63444229094094,0,100,3.0,4,0.22048400576120672
5.67,0.011039026374860051,88.7972016808272,0,100,3.0,4,0.22370696397677625
5.675,0.007326255555493689,88.80935150413694,0,100,3.0,4,0.22394755453736517
5.68,0.0047556414315231815,88.67040269484706,0,100,3.0,4,0.22119609296726842
5.685,0.0030193390635632803,88.38589749796584,0,100,3.0,4,0.21556232669239292
5.69,0.001874953127946523,87.96704111602165,0,100,3.0,4,0.20726814091131976
5.695,0.0011387927410965778,87.42996910265714,0,100,3.0,4,0.19663305153776514
5.7,0.0006765107634274089,86.79471636674512,0,100,3.0,4,0.18405378944049744
5.705,0.00039307957404427924,86.08397933237504,0,100,3.0,4,0.16997978875990172
5.71,0.00022338910511776318,85.32177758289465,0,100,3.0,4,0.15488668480979514
5.715,0.00012417073320013317,84.53212429988861,0,100,3.0,4,0.13924998613640807
5.72,6.750753468904987e-05,83.7378064113005,0,100,3.0,4,0.1235209190356534
5.725,3.5897234866245036e-05,82.95935736032456,0,100,3.0,4,0.1081060863430606
5.73,1.8670050400879738e-05,82.21428063285789,0,100,3.0,4,0.09335209173976025
5.735,9.497421874143672e-06,81.51655406697313,0,100,3.0,4,0.0795357240984778
5.74,4.725434140340885e-06,80.8764170164331,0,100,3.0,4,0.06685974289966524
5.745,2.299606063738814e-06,80.30041774319758,0,100,3.0,4,0.05545381669698188
5.75,1.0945633976635486e-06,79.7916792805792,0,100,3.0,4,0.04537978773424164
5.755,5.095703414287532e-07,79.35032975682887,0,100,3.0,4,0.03664019320453208
5.76,2.3202944964797243e-07,78.97403808767992,0,100,3.0,4,0.029188873023364655
5.765,1.0333746954038608e-07,78.65859741440458,0,100,3.0,4,0.022942523057516477
5.77,4.501406988770349e-08,78.39850537991533,0,100,3.0,4,0.01779218574089772
5.775,0.0,78.1875006071592,0,100,3.0,4,0.01361387340909295
5.78,0.0,78.01902678123402,0,100,3.0,4,0.010277758044237983
5.785,0.0,77.8866079019436,0,100,3.0,4,0.007655602018685262
5.79,0.0,77.78412926151917,0,100,3.0,4,0.0056263220102805754
5.795,0.0,77.70602763440992,0,100,3.0,4,0.004079755136830114
5.8,0.0,77.64740060525696,0,100,3.0,4,0.002918823866474497
5.805,0.0,77.604048862077,0,100,3.0,4,0.0020603735064751187
5.81,0.0,77.57246689949535,0,100,3.0,4,0.0014349881088188759
5.815,0.0,77.54979735814472,0,100,3.0,4,0.000986086299895357
5.82,0.0,77.53376270259416,0,100,3.0,4,0.0006685683682011887
5.825,0.0,77.52258563891289,0,100,3.0,4,0.000447240374512603
5.83,0.0,77.51490705436474,0,100,3.0,4,0.0002951891953414091
5.835,0.0,77.50970768257822,0,100,3.0,4,0.00019223133818265054
5.84,0.0,77.50623739972342,0,100,3.0,4,0.000123512865810248
5.845,0.0,77.50395417479393,0,100,3.0,4,7.830049096895945e-05
5.85,0.0,77.50247327511215,0,100,3.0,4,4.8975744795087046e-05
5.855,0.0,77.50152634696913,0,100,3.0,4,3.0224692458002417e-05
5.86,0.0,77.50092939083888,0,100,3.0,4,1.840377898766332e-05
5.865,0.0,77.50055835162344,0,100,3.0,4,1.1056467790881876e-05
5.87,0.0,77.50033096453323,0,100,3.0,4,6.553753133339972e-06
5.875,0.0,77.50019356169078,0,100,3.0,4,3.832904767894361e-06
5.88,0.0,77.50011169188872,0,100,3.0,4,2.2117205686966075e-06
5.885,0.0,77.50006358989972,0,100,3.0,4,1.2592059351395573e-06
5.89,0.0,77.5000357206146,0,100,3.0,4,7.07338903067007e-07
5.895,0.0,77.50001979766552,0,100,3.0,4,3.920329805119349e-07
5.9,0.0,77.50001082613204,0,100,3.0,4,2.1437885228950486e-07
5.905,0.0,77.50000584113084,0,100,3.0,4,1.156659572873173e-07
5.91,0.001684486749771458,77.50000310945893,0,100,3.0,4,6.157344416513495e-08
5.915,0.00456624331333666,77.50000163319106,0,100,3.0,4,3.234041705942254e-08
5.92,0.011079731271581421,77.50000084635671,0,100,3.0,4,1.6759538865618098e-08
5.925,0.024064571490409,77.5000004327471,0,100,3.0,4,8.569249512400364e-09
5.93,0.046784906529573234,77.50000021831278,0,100,3.0,4,4.323025299671295e-09
5.935,0.08141644351188804,77.5000001086647,0,100,3.0,4,2.151776103832757e-09
5.94,0.12682276464025305,77.50000005336567,0,100,3.0,4,1.0567458899134695e-09
5.945,0.1768320708657512,77.50000002585828,0,100,3.0,4,5.120452356950949e-10
5.95,0.22070063230473494,77.50000001236238,0,100,3.0,4,2.447995601608337e-10
5.955,0.24656126505113576,77.50000000583134,0,100,3.0,4,1.154720587575218e-10
5.96,0.24656126505724016,77.50000000271393,0,100,3.0,4,5.374123148693897e-11
5.965,0.220700632329898,77.50000000124622,0,100,3.0,4,2.4677641668309697e-11
5.97,0.17683207093748562,77.50000000056461,0,100,3.0,4,1.1180425122568135e-11
5.975,0.12682276483597799,77.50000000025238,0,100,3.0,4,4.997718410732428e-12
5.98,0.08141644409447898,77.50000000011131,0,100,3.0,4,2.204230197706481e-12
5.985,0.04678490952598309,77.50000000004844,0,100,3.0,4,9.59303044042052e-13
5.99,0.024064605020532023,77.5000000000208,0,100,3.0,4,4.1197408520902444e-13
5.995,0.011080171739334697,77.50000000000881,0,100,3.0,4,1.7446989947376718e-13
6.0,0.004571212771509492,77.50000000000368,0,100,3.0,4,7.28833934898479e-14
6.005,0.0017299316936037438,77.50000000000152,0,100,3.0,4,3.011012781240821e-14
6.01,0.0008899431850697582,77.50000000000061,0,100,3.0,4,1.2100331737696755e-14
6.015,0.002128806368910263,77.50000000000024,0,100,3.0,4,4.783852082345229e-15
6.02,0.009309664818487698,77.5000000000001,0,100,3.0,4,1.969821445671565e-15
6.025,0.03503263543368747,77.50000000000004,0,100,3.0,5,8.442091910020992e-16
6.03,0.10606267793605692,77.50000000000001,0,100,3.0,5,2.814030636673664e-16
6.035,0.25734927343160535,77.5,0,100,3.0,5,0.0
6.04,0.5003202479539708,77.5,0,100,3.0,5,0.0
6.045,0.7793067891790435,77.5,0,100,3.0,5,0.0
6.05,0.9720477407234077,77.5000029632167,1,100,3.0,5,5.867755844249559e-08
6.055,0.967267334488097,77.50000632443192,0,100,3.0,5,1.252362756864692e-07
6.06,0.7505869905515209,77.50001473324576,0,100,3.0,5,2.917474408505849e-07
6.065,0.4028369574773956,77.50003930345265,0,100,3.0,5,7.782861911378535e-07
6.07,0.04553881263121314,77.50012007178523,0,100,3.0,5,2.37765911352014e-06
6.075,-0.189138810908105,77.50039768906025,0,100,3.0,5,7.875030896043021e-06
6.08,-0.22868072635956738,77.50133813309903,0,100,3.0,5,2.6497685129220596e-05
6.085,-0.14104670682394166,77.50437429970992,0,100,3.0,5,8.661979623609861e-05
6.09,-0.051158381651102834,77.51356283545961,0,100,3.0,5,0.0002685709992001851
6.095,-0.008206426846427752,77.539423280672,0,100,3.0,5,0.0007806590232078606
6.1,0.005350271385530505,77.60683292766095,0,100,3.0,5,0.0021155035180385365
6.105,0.01084668799215426,77.7691843879838,0,100,3.0,5,0.005330383920471266
6.11,0.016256859896386415,78.1298195737859,0,100,3.0,5,0.012471674728433559
6.115,0.02345021205790711,78.8674564682652,0,100,3.0,5,0.027078345906241648
6.12,0.0330621597308209,80.25416185836706,0,100,3.0,5,0.05453785858152585
6.125,0.04559141319943196,82.64472323642266,0,100,3.0,5,0.10187570765193393
6.13,0.06149084917446989,86.41224109374863,0,100,3.0,5,0.17648002165838877
6.135,0.08111733445924295,91.81665598492147,0,100,3.0,5,0.2834981383152766
6.14,0.1046628598272375,98.826395638257,0,100,3.0,5,0.42230486412390095
6.145,0.1320831047748631,106.95895384922622,0,100,3.0,5,0.5833456207767568
6.15,0.16303381314489318,115.23602411394728,0,100,3.0,5,0.7472480022563818
6.155,0.19682662652900276,122.32971667135199,0,100,3.0,5,0.8877171618089502
6.16,0.23241585813229,126.89775582948093,0,100,3.0,5,0.9781733827619986
6.165,0.26842527782774417,128.0,0,100,3.0,5,1.0
6.17,0.30321927900592993,125.42125272540896,0,100,3.0,5,0.9489356975328508
6.175,0.3350163137995362,119.74965133212939,0,100,3.0,5,0.8366267590520671
6.18,0.3620352400956416,112.17257946470455,0,100,3.0,5,0.6865857319743476
6.185,0.3826586036805073,104.08785511981466,0,100,3.0,5,0.5264921805903894
6.19,0.39559233134833227,96.70488803956961,0,100,3.0,5,0.38029481266474474
6.195,0.4,90.78889417401182,0,100,3.0,5,0.2631464192873627
6.2,0.39559233134833227,86.60772759605685,0,100,3.0,5,0.18035104150607617
6.205,0.3826586036805073,84.04089578195409,0,100,3.0,5,0.12952268875156617
6.21,0.3620352400956416,82.75786879881116,0,100,3.0,5,0.10411621383784475
6.215,0.3350163137995362,82.37959366821764,0,100,3.0,5,0.09662561719242846
6.22,0.3032192790059296,82.57856812118584,0,100,3.0,5,0.1005657053700166
6.225,0.26842527782774417,83.11531036543767,0,100,3.0,5,0.11119426466213198
6.23,0.23241585813229,83.83263983129649,0,100,3.0,5,0.12539880854052454
6.235,0.19682662652900276,84.63250912217958,0,100,3.0,5,0.14123780439959574
6.24,0.16303381314489318,85.45226040314074,0,100,3.0,5,0.1574705030324899
6.245,0.13208310477486307,86.2475629773933,0,100,3.0,5,0.1732190688592733
6.25,0.10466285982723562,86.98281595132833,0,100,3.0,5,0.18777853368966999
6.255,0.08111733445917907,87.62707318852279,0,100,3.0,5,0.20053610274302547
6.26,0.06149084917398798,88.15320332098976,0,100,3.0,5,0.21095452120771804
6.265,0.04559141333598128,88.5385782151131,0,100,3.0,5,0.21858570722996248
6.27,0.03306217087257399,88.76624892522591,0,100,3.0,5,0.22309403812328532
6.275,0.02345067901074276,88.82603771663241,0,100,3.0,5,0.22427797458678045
6.28,0.016268788896435526,88.71524935893723,0,100,3.0,5,0.22208414572152926
6.285,0.011039026374860051,88.43886075670979,0,100,3.0,5,0.2166111040932631
6.29,0.007326255555493689,88.00914720955005,0,100,3.0,5,0.20810192494158516
6.295,0.0047556414315231815,87.44477763798974,0,100,3.0,5,0.19692628986118307
6.3,0.0030193390635632803,86.76946988444872,0,100,3.0,5,0.18355385909799454
6.305,0.001874953127946523,86.0103405328122,0,100,3.0,5,0.16852159470915234
6.31,0.0011387927410965778,85.1961087935566,0,100,3.0,5,0.15239819393181395
6.315,0.0006765107634274089,84.35531914558466,0,100,3.0,5,0.13574889397197343
6.32,0.00039307957404427924,83.51473332893123,0,100,3.0,5,0.11910363027586592
6.325,0.00022338910511776318,82.69801221580293,0,100,3.0,5,0.10293093496639472
6.33,0.00012417073320013317,81.92476728085217,0,100,3.0,5,0.08761915407628051
6.335,6.750753468904987e-05,81.2100160794701,0,100,3.0,5,0.07346566494000187
6.34,3.5897234866245036e-05,80.56403251225963,0,100,3.0,5,0.06067391113385405
6.345,1.8670050400879738e-05,79.99254590939884,0,100,3.0,5,0.04935734474057114
6.35,9.497421874143672e-06,79.49721667177356,0,100,3.0,5,0.039548844985615
6.355,4.725434140340885e-06,79.07630197143015,0,100,3.0,5,0.031213900424359505
6.36,2.299606063738814e-06,78.72542256815419,0,100,3.0,5,0.024265793428795777
6.365,1.0945633976635486e-06,78.43834933264405,0,100,3.0,5,0.018581174903842604
6.37,5.095703414287532e-07,78.20774277436361,0,100,3.0,5,0.01401470840323979
6.375,2.3202944964797243e-07,78.02579755035103,0,100,3.0,5,0.010411832680218405
6.38,1.0333746954038608e-07,77.88476352268945,0,100,3.0,5,0.007619079657216909
6.385,4.501406988770349e-08,77.77733293361308,0,100,3.0,5,0.005491741259664978
6.39,0.0,77.69689796089891,0,100,3.0,5,0.0038989695227506687
6.395,0.0,77.63769342762592,0,100,3.0,5,0.0027266025272459243
6.4,0.0,77.59484565128201,0,100,3.0,5,0.0018781317085547404
6.405,0.0,77.56435078582085,0,100,3.0,5,0.0012742729865514734
6.41,0.0,77.54300535190977,0,100,3.0,5,0.0008515911269261333
6.415,0.0,77.52830892491497,0,100,3.0,5,0.0005605727705934027
6.42,0.0,77.5183550878223,0,100,3.0,5,0.0003634670855901034
6.425,0.0,77.51172254143796,0,100,3.0,5,0.0002321295334249863
6.43,0.0,77.50737427460564,0,100,3.0,5,0.00014602523971560832
6.435,0.0,77.50456929349846,0,100,3.0,5,9.04810593755032e-05
6.44,0.0,77.5027887592473,0,100,3.0,5,5.522295539198113e-05
6.445,0.0,77.50167650638357,0,100,3.0,5,3.319814620940318e-05
6.45,0.0,77.50099273108047,0,100,3.0,5,1.9658041197479378e-05
6.455,0.0,77.50057901557518,0,100,3.0,5,1.1465654954136962e-05
6.46,0.0,77.50033264507117,0,100,3.0,5,6.587031112242738e-06
6.465,0.0,77.50018823663869,0,100,3.0,5,3.727458191926218e-06
6.47,0.0,77.50010492028098,0,100,3.0,5,2.0776293262437016e-06
6.475,0.0,77.50005760324511,0,100,3.0,5,1.1406583190242906e-06
6.48,0.0,77.50003115061858,0,100,3.0,5,6.168439323245015e-07
6.485,0.0,77.50001659275955,0,100,3.0,5,3.285694960465149e-07
6.49,0.001684486749771458,77.5000087056817,0,100,3.0,5,1.7238973650999488e-07
6.495,0.00456624331333666,77.50000449903288,0,100,3.0,5,8.908976006201592e-08
6.5,0.011079731271581421,77.50000229017026,0,100,3.0,5,4.5349906096618887e-08
6.505,0.024064571490409,77.5000011482821,0,100,3.0,5,2.2738259310631967e-08
6.51,0.046784906529573234,77.50000056710259,0,100,3.0,5,1.1229754235419834e-08
6.515,0.08141644351188804,77.50000027587154,0,100,3.0,5,5.4628028217596484e-09
6.52,0.12682276464025305,77.50000013218568,0,100,3.0,5,2.617538133437289e-09
6.525,0.1768320708657512,77.500000062387,0,100,3.0,5,1.235386182790787e-09
6.53,0.22070063230473494,77.50000002900254,0,100,3.0,5,5.743076333529454e-10
6.535,0.24656126505113576,77.50000001328037,0,100,3.0,5,2.629776352676183e-10
6.54,0.24656126505724016,77.50000000598986,0,100,3.0,5,1.1861110993273127e-10
6.545,0.220700632329898,77.50000000266107,0,100,3.0,5,5.2694412090096365e-11
6.55,0.17683207093748562,77.50000000116447,0,100,3.0,5,2.3058729843031337e-11
6.555,0.12682276483597799,77.50000000050191,0,100,3.0,5,9.938874805667714e-12
6.56,0.08141644409447898,77.50000000021309,0,100,3.0,5,4.219638939692159e-12
6.565,0.04678490952598309,77.50000000008912,0,100,3.0,5,1.7646786122580548e-12
6.57,0.024064605020532023,77.5000000000367,0,100,3.0,5,7.268641134528074e-13
6.575,0.011080171739334697,77.5000000000149,0,100,3.0,5,2.949104107234e-13
6.58,0.004571212771509492,77.50000000000595,0,100,3.0,5,1.1790788367662653e-13
6.585,0.0017299316936037438,77.50000000000234,0,100,3.0,5,4.6431505505115455e-14
6.59,0.0008899431850697582,77.50000000000091,0,100,3.0,5,1.800979607471145e-14
6.595,0.002128806368910263,77.50000000000034,0,100,3.0,5,6.7536735280167935e-15
6.6,0.009309664818487698,77.50000000000013,0,100,3.0,5,2.5326275730062976e-15
6.605,0.03503263543368747,77.50000000000004,0,100,3.0,5,8.442091910020992e-16
6.61,0.10606267793605692,77.50000000000001,0,100,3.0,5,2.814030636673664e-16
6.615,0.25734927343160535,77.5,0,100,3.0,5,0.0
6.62,0.5003202479539708,77.5,0,100,3.0,5,0.0
6.625,0.7793067891790435,77.5,0,100,3.0,5,0.0
6.63,0.9720477407234077,77.5000029632167,1,100,3.0,5,5.867755844249559e-08
6.635,0.967267334488097,77.5000059376048,0,100,3.0,5,1.1757633261719219e-07
6.64,0.7505869905515209,77.50001276355475,0,100,3.0,5,2.5274365841574077e-07
6.645,0.4028369574773956,77.50003064109448,0,100,3.0,5,6.067543461986224e-07
6.65,0.04553881263121314,77.50008298165619,0,100,3.0,5,1.6432011127090117e-06
6.655,-0.189138810908105,77.50024503836143,0,100,3.0,5,4.852244780740965e-06
6.66,-0.22868072635956738,77.50074848054169,0,100,3.0,5,1.4821396865108279e-05
6.665,-0.14104670682394166,77.50226551612232,0,100,3.0,5,4.4861705392500734e-05
6.67,-0.051158381651102834,77.50661940466038,0,100,3.0,5,0.00013107732000760438
6.675,-0.008206426846427752,77.51841054376423,0,100,3.0,5,0.00036456522305411903
6.68,0.005350271385530505,77.54839812828513,0,100,3.0,5,0.0009583787779233446
6.685,0.01084668799215426,77.61982582118479,0,100,3.0,5,0.0023727885383126738
6.69,0.016256859896386415,77.77889256217193,0,100,3.0,5,0.0055226249935036225
6.695,0.02345021205790711,78.10963732186457,0,100,3.0,5,0.012072026175536002
6.7,0.0330621597308209,78.75092151744123,0,100,3.0,5,0.02477072311764807
6.705,0.04559141319943196,79.9087326709927,0,100,3.0,5,0.0476976766533209
6.71,0.06149084917446989,81.85188343427765,0,100,3.0,5,0.0861759095896565
6.715,0.08111733445924295,84.87660047953338,0,100,3.0,5,0.14607129662442336
6.72,0.1046628598272375,89.23015235542505,0,100,3.0,5,0.23228024466188213
6.725,0.1320831047748631,94.99882501874558,0,100,3.0,5,0.3465113865098134
6.73,0.16303381314489318,101.98894029735766,0,100,3.0,5,0.4849295108387655
6.735,0.19682662652900276,109.65089174060849,0,100,3.0,5,0.6366513215962076
6.74,0.23241585813229,117.09986446314402,0,100,3.0,5,0.7841557319434459
6.745,0.26842527782774417,123.26166314833992,0,100,3.0,5,0.9061715474918796
6.75,0.30321927900592993,127.12152069509544,0,100,3.0,5,0.9826043701999098
6.755,0.3350163137995362,128.0,0,100,3.0,5,1.0
6.76,0.3620352400956416,125.753838019447,0,100,3.0,5,0.9555215449395446
6.765,0.3826586036805073,120.82076135998885,0,100,3.0,5,0.8578368586136406
6.77,0.39559233134833227,114.08960455830919,0,100,3.0,5,0.7245466249170137
6.775,0.4,106.64913868340399,0,100,3.0,5,0.5772106669980989
6.78,0.39559233134833227,99.5133886516984,0,100,3.0,5,0.43590868617224565
6.785,0.3826586036805073,93.41762112302557,0,100,3.0,5,0.31520041827773404
6.79,0.3620352400956416,88.73552998548763,0,100,3.0,5,0.22248574228688378
6.795,0.3350163137995362,85.51231074372309,0,100,3.0,5,0.15865961868758596
6.8,0.3032192790059296,83.56875812223683,0,100,3.0,5,0.12017342816310553
6.805,0.26842527782774417,82.62145439320233,0,100,3.0,5,0.10141493847925401
6.81,0.23241585813229,82.37856251014239,0,100,3.0,5,0.09660519822064134
6.815,0.19682662652900276,82.59484163283764,0,100,3.0,5,0.10088795312549786
6.82,0.16303381314489318,83.08955460734782,0,100,3.0,5,0.11068424965045191
6.825,0.13208310477486307,83.74068070754905,0,100,3.0,5,0.12357783579305041
6.83,0.10466285982723562,84.46928792877765,0,100,3.0,5,0.1380057015599534
6.835,0.08111733445917907,85.22350477295976,0,100,3.0,5,0.15294068857346052
6.84,0.06149084917398798,85.96643451289296,0,100,3.0,5,0.16765216857213783
6.845,0.04559141333598128,86.66877212581805,0,100,3.0,5,0.181559844075605
6.85,0.03306217087257399,87.30517905319509,0,100,3.0,5,0.19416196144940773
6.855,0.02345067901074276,87.85308057266846,0,100,3.0,5,0.20501149648848438
6.86,0.016268788896435526,88.29277433001748,0,100,3.0,5,0.21371830356470256
6.865,0.011039026374860051,88.60810467392501,0,100,3.0,5,0.2199624687905943
6.87,0.007326255555493689,88.78725860971063,0,100,3.0,5,0.22351007147941848
6.875,0.0047556414315231815,88.82343447722398,0,100,3.0,5,0.22422642529156403
6.88,0.0030193390635632803,88.71524935893723,0,100,3.0,5,0.22208414572152926
6.885,0.001874953127946523,88.46682050888896,0,100,3.0,5,0.21716476255225658
6.89,0.0011387927410965778,88.08750355955483,0,100,3.0,5,0.20965353583276897
6.895,0.0006765107634274089,87.59130736152696,0,100,3.0,5,0.19982786854508827
6.9,0.00039307957404427924,86.99603550232074,0,100,3.0,5,0.18804030697664825
6.905,0.00022338910511776318,86.32222756000658,0,100,3.0,5,0.17469757544567488
6.91,0.00012417073320013317,85.5919876730514,0,100,3.0,5,0.16023737966438428
6.915,6.750753468904987e-05,84.82779312309145,0,100,3.0,5,0.14510481431864264
6.92,3.5897234866245036e-05,84.05137136185039,0,100,3.0,5,0.12973012597723535
6.925,1.8670050400879738e-05,83.28272136314028,0,100,3.0,5,0.11450933392356996
6.93,9.497421874143672e-06,82.53933634560707,0,100,3.0,5,0.09978883852687265
6.935,4.725434140340885e-06,81.83566237670279,0,100,3.0,5,0.08585470052876804
6.94,2.299606063738814e-06,81.182803916743,0,100,3.0,5,0.07292681023253461
6.945,1.0945633976635486e-06,80.5884655936849,0,100,3.0,5,0.06115773452841389
6.95,5.095703414287532e-07,80.05710151400747,0,100,3.0,5,0.050635673544702386
6.955,2.3202944964797243e-07,79.59023060237372,0,100,3.0,5,0.04139070499749946
6.96,1.0333746954038608e-07,79.18686941841649,0,100,3.0,5,0.03340335482012856
6.965,4.501406988770349e-08,78.8440324631707,0,100,3.0,5,0.026614504221202092
6.97,0.0,78.55725338170798,0,100,3.0,5,0.020935710528870895
6.975,0.0,78.32108749492411,0,100,3.0,5,0.016259158315329
6.98,0.0,78.12956535899671,0,100,3.0,5,0.012466640772212169
6.985,0.0,77.97657717630197,0,100,3.0,5,0.009437171807959858
6.99,0.0,77.8561776684136,0,100,3.0,5,0.007053023136902843
6.995,0.0,77.76280956302601,0,100,3.0,5,0.005204149762891298
7.0,0.0,77.691450573779,0,100,3.0,5,0.0037911004708711636
7.005,0.0,77.63769342762592,0,100,3.0,5,0.0027266025272459243
7.01,0.0,77.59777116282646,0,100,3.0,5,0.00193606263022696
7.015,0.0,77.56854083334795,0,100,3.0,5,0.0013572442247119388
7.02,0.0,77.54743828840738,0,100,3.0,5,0.0009393720476708441
7.025,0.0,77.53241527216751,0,100,3.0,5,0.0006418865775744939
7.03,0.0,77.52186811576739,0,100,3.0,5,0.0004330319953938593
7.035,0.0,77.5145651206646,0,100,3.0,5,0.0002884182309821656
7.04,0.0,77.50957762524908,0,100,3.0,5,0.00018965594552632369
7.045,0.0,77.50621788411807,0,100,3.0,5,0.00012312641817965243
7.05,0.0,77.50398536808234,0,100,3.0,5,7.891817984831379e-05
7.055,0.0,77.50252194309775,0,100,3.0,5,4.993946728212328e-05
7.06,0.0,77.50157558979458,0,100,3.0,5,3.1199797912548924e-05
7.065,0.0,77.50097183394746,0,100,3.0,5,1.9244236583371374e-05
7.07,0.0,77.50059180959549,0,100,3.0,5,1.1719001890912862e-05
7.075,0.0,77.50035580575643,0,100,3.0,5,7.045658543122477e-06
7.08,0.0,77.50021119564977,0,100,3.0,5,4.182092074625142e-06
7.085,0.0,77.50012376504303,0,100,3.0,5,2.4507929312545853e-06
7.09,0.0,77.5000716064357,0,100,3.0,5,1.4179492217124898e-06
7.095,0.0,77.5000409022451,0,100,3.0,5,8.099454475996026e-07
7.1,0.0,77.50002306658317,0,100,3.0,5,4.5676402312820564e-07
7.105,0.0,77.50001284282068,0,100,3.0,5,2.5431328080599943e-07
7.11,0.0,77.50000705957572,0,100,3.0,5,1.3979357865789305e-07
7.115,0.0,77.50000383122638,0,100,3.0,5,7.586586890499915e-08
7.12,0.001684486749771458,77.50000205275943,0,100,3.0,5,4.064870153126664e-08
7.125,0.00456624331333666,77.50000108587373,0,100,3.0,5,2.1502450179036488e-08
7.13,0.011079731271581421,77.50000056710259,0,100,3.0,5,1.1229754235419834e-08
7.135,0.024064571490409,77.50000029240512,0,100,3.0,5,5.790200371974255e-09
7.14,0.046784906529573234,77.50000014885018,0,100,3.0,5,2.947528250077463e-09
7.145,0.08141644351188804,77.50000007480915,0,100,3.0,5,1.4813693242374057e-09
7.15,0.12682276464025305,77.50000003711942,0,100,3.0,5,7.350380282431535e-10
7.155,0.1768320708657512,77.50000001818397,0,100,3.0,5,3.600785764166797e-10
7.16,0.22070063230473494,77.50000000879461,0,100,3.0,5,1.7415078839956838e-10
7.165,0.24656126505113576,77.50000000419939,0,100,3.0,5,8.315629373208878e-11
7.17,0.24656126505724016,77.50000000197969,0,100,3.0,5,3.920169799337348e-11
7.175,0.220700632329898,77.5000000009214,0,100,3.0,5,1.8245611842064705e-11
7.18,0.17683207093748562,77.50000000042338,0,100,3.0,5,8.383841475841848e-12
7.185,0.12682276483597799,77.50000000019207,0,100,3.0,5,3.803443808528125e-12
7.19,0.08141644409447898,77.50000000008603,0,100,3.0,5,1.7036141474422362e-12
7.195,0.04678490952598309,77.50000000003804,0,100,3.0,5,7.533160014375399e-13
7.2,0.024064605020532023,77.50000000001661,0,100,3.0,5,3.2896018142715135e-13
7.205,0.011080171739334697,77.50000000000716,0,100,3.0,5,1.4182714408835267e-13
7.21,0.004571212771509492,77.50000000000304,0,100,3.0,5,6.022025562481641e-14
7.215,0.0017299316936037438,77.50000000000128,0,100,3.0,5,2.5326275730062977e-14
7.22,0.0008899431850697582,77.50000000000053,0,100,3.0,5,1.0411913355692557e-14
7.225,0.002128806368910263,77.50000000000021,0,100,3.0,5,4.221045955010496e-15
7.23,0.009309664818487698,77.50000000000009,0,100,3.0,6,1.6884183820041984e-15
7.235,0.03503263543368747,77.50000000000003,0,100,3.0,6,5.628061273347328e-16
7.24,0.10606267793605692,77.50000000000001,0,100,3.0,6,2.814030636673664e-16
7.245,0.25734927343160535,77.5,0,100,3.0,6,0.0
7.25,0.5003202479539708,77.5,0,100,3.0,6,0.0
7.255,0.7793067891790435,77.5,0,100,3.0,6,0.0
7.26,0.9720477407234077,77.50000295860458,1,100,3.0,6,5.8586229359585414e-08
7.265,0.967267334488097,77.50000607194025,0,100,3.0,6,1.2023644056189188e-07
7.27,0.7505869905515209,77.50001345273148,0,100,3.0,6,2.663907223742883e-07
7.275,0.4028369574773956,77.5000335974731,0,100,3.0,6,6.65296497145121e-07
7.28,0.04553881263121314,77.5000952391376,0,100,3.0,6,1.8859235166978084e-06
7.285,-0.189138810908105,77.50029396174413,0,100,3.0,6,5.821024636320949e-06
7.29,-0.22868072635956738,77.50093256649718,0,100,3.0,6,1.8466663310573943e-05
7.295,-0.14104670682394166,77.5029100232732,0,100,3.0,6,5.762422323172278e-05
7.3,-0.051158381651102834,77.50870714352278,0,100,3.0,6,0.00017241868361948757
7.305,-0.008206426846427752,77.5246562773498,0,100,3.0,6,0.00048824311583773423
7.31,0.005350271385530505,77.56565066778992,0,100,3.0,6,0.0013000132235628605
7.315,0.01084668799215426,77.66383990810884,0,100,3.0,6,0.0032443546160166505
7.32,0.016256859896386415,77.88262038992832,0,100,3.0,6,0.007576641384719209
7.325,0.02345021205790711,78.33545183145863,0,100,3.0,6,0.016543600622943112
7.33,0.0330621597308209,79.20484989603223,0,100,3.0,6,0.03375940388182632
7.335,0.04559141319943196,80.75054676642503,0,100,3.0,6,0.06436726270148578
7.34,0.06149084917446989,83.28992906835192,0,100,3.0,6,0.11465206075944404
7.345,0.08111733445924295,87.13394030962314,0,100,3.0,6,0.19077109524006222
7.35,0.1046628598272375,92.47378991953458,0,100,3.0,6,0.2965106914759323
7.355,0.1320831047748631,99.23955414039685,0,100,3.0,6,0.43048622060191777
7.36,0.16303381314489318,106.98246625036123,0,100,3.0,6,0.5838112128784402
7.365,0.19682662652900276,114.8494723141842,0,100,3.0,6,0.7395935111719643
7.37,0.23241585813229,121.70177762100317,0,100,3.0,6,0.8752827251683797
7.375,0.26842527782774417,126.37413972136399,0,100,3.0,6,0.9678047469577027
7.38,0.30321927900592993,128.0,0,100,3.0,6,1.0
7.385,0.3350163137995362,126.27952255457706,0,100,3.0,6,0.9659311396945952
7.39,0.3620352400956416,121.57753056726469,0,100,3.0,6,0.8728223874705879
7.395,0.3826586036805073,114.80819134861454,0,100,3.0,6,0.7387760663091989
7.4,0.39559233134833227,107.1570555269131,0,100,3.0,6,0.5872684262755069
7.405,0.4,99.75682326894582,0,100,3.0,6,0.44072917364249153
7.41,0.39559233134833227,93.437628290086,0,100,3.0,6,0.3155965998036831
7.415,0.3826586036805073,88.6210265304858,0,100,3.0,6,0.2202183471383328
7.42,0.3620352400956416,85.35521064557099,0,100,3.0,6,0.15554872565487113
7.425,0.3350163137995362,83.43676931776182,0,100,3.0,6,0.11755978847053099
7.43,0.3032192790059296,82.55078966163666,0,100,3.0,6,0.1000156368640922
7.435,0.26842527782774417,82.37990978446584,0,100,3.0,6,0.0966318769201156
7.44,0.23241585813229,82.66385053700031,0,100,3.0,6,0.10225446607921415
7.445,0.19682662652900276,83.21572546574443,0,100,3.0,6,0.11318268248998865
7.45,0.16303381314489318,83.91239791841033,0,100,3.0,6,0.12697817660218486
7.455,0.13208310477486307,84.67546318988141,0,100,3.0,6,0.14208837999765173
7.46,0.10466285982723562,85.45331282711224,0,100,3.0,6,0.1574913431111335
7.465,0.08111733445917907,86.20847512306442,0,100,3.0,6,0.17244505194186965
7.47,0.06149084917398798,86.91043201717129,0,100,3.0,6,0.1863451884588374
7.475,0.04559141333598128,87.53247338289246,0,100,3.0,6,0.19866283926519726
7.48,0.03306217087257399,88.0509704560115,0,100,3.0,6,0.20893010803983164
7.485,0.02345067901074276,88.44584531855038,0,100,3.0,6,0.21674941224852243
7.49,0.016268788896435526,88.70146811501344,0,100,3.0,6,0.22181124980224634
7.495,0.011039026374860051,88.80754517288817,0,100,3.0,6,0.2239117856017459
7.5,0.007326255555493689,88.75976200907462,0,100,3.0,6,0.22296558433811128
7.505,0.0047556414315231815,88.56006114259078,0,100,3.0,6,0.21901111173447094
7.51,0.0030193390635632803,88.21650740561338,0,100,3.0,6,0.2122080674378888
7.515,0.001874953127946523,87.74274663539316,0,100,3.0,6,0.20282666604738933
7.52,0.0011387927410965778,87.15710631316468,0,100,3.0,6,0.19122982798345892
7.525,0.0006765107634274089,86.48142019658886,0,100,3.0,6,0.17784990488294766
7.53,0.00039307957404427924,85.73968176817759,0,100,3.0,6,0.16316201521143742
7.535,0.00022338910511776318,84.95664182706211,0,100,3.0,6,0.14765627380321017
7.54,0.00012417073320013317,84.15646337911748,0,100,3.0,6,0.13181115602212837
7.545,6.750753468904987e-05,83.36153323734182,0,100,3.0,6,0.11606996509587757
7.55,3.5897234866245036e-05,82.59150690834363,0,100,3.0,6,0.10082191897710163
7.555,1.8670050400879738e-05,81.86263483969579,0,100,3.0,6,0.08638880870684726
7.56,9.497421874143672e-06,81.18738775969096,0,100,3.0,6,0.07301757939982106
7.565,4.725434140340885e-06,80.57437030471705,0,100,3.0,6,0.06087861989538713
7.57,2.299606063738814e-06,80.02848839135753,0,100,3.0,6,0.0500690770565847
7.575,1.0945633976635486e-06,79.55131885537037,0,100,3.0,6,0.040620175353868686
7.58,5.095703414287532e-07,79.14162062723075,0,100,3.0,6,0.03250733915308417
7.585,2.3202944964797243e-07,78.79592494440962,0,100,3.0,6,0.025661880087319212
7.59,1.0333746954038608e-07,78.50914673365939,0,100,3.0,6,0.019983103636819648
7.595,4.501406988770349e-08,78.2751686651716,0,100,3.0,6,0.015349874557853577
7.6,0.0,78.08736155817212,0,100,3.0,6,0.01163092194400237
7.605,0.0,77.93901792246764,0,100,3.0,6,0.008693424207280032
7.61,0.0,77.82368785280029,0,100,3.0,6,0.0064096604514908995
7.615,0.0,77.73541708275205,0,100,3.0,6,0.004661724410931694
7.62,0.0,77.66889506741865,0,100,3.0,6,0.0033444567805672436
7.625,0.0,77.61952627338034,0,100,3.0,6,0.0023668568986206853
7.63,0.0,77.583440560487,0,100,3.0,6,0.0016522883264753596
7.635,0.0,77.55745905335685,0,100,3.0,6,0.0011378030367693284
7.64,0.0,77.53903077198105,0,100,3.0,6,0.0007728865738821098
7.645,0.0,77.52615310372167,0,100,3.0,6,0.0005178832420132368
7.65,0.0,77.51728648731061,0,100,3.0,6,0.00034230667941809016
7.655,0.0,77.51127087641395,0,100,3.0,6,0.00022318567156327782
7.66,0.0,77.50724896569103,0,100,3.0,6,0.0001435438750699704
7.665,0.0,77.50459898318086,0,100,3.0,6,9.10689738783267e-05
7.67,0.0,77.50287816056776,0,100,3.0,6,5.699327856952082e-05
7.675,0.0,77.50177678810005,0,100,3.0,6,3.518392277317274e-05
7.68,0.0,77.50108199106754,0,100,3.0,6,2.1425565693793897e-05
7.685,0.0,77.5006499487824,0,100,3.0,6,1.2870272918730328e-05
7.69,0.0,77.50038512526845,0,100,3.0,6,7.626242939628661e-06
7.695,0.0,77.50022510871771,0,100,3.0,6,4.457598370580323e-06
7.7,0.0,77.5001297926306,0,100,3.0,6,2.5701511010358426e-06
7.705,0.0,77.50007382019291,0,100,3.0,6,1.4617859982094934e-06
7.71,0.0,77.50004141596045,0,100,3.0,6,8.201180287752583e-07
7.715,0.0,77.50002292069169,0,100,3.0,6,4.5387508299598373e-07
7.72,0.0,77.50001251281783,0,100,3.0,6,2.477785709414651e-07
7.725,0.0,77.50000673829383,0,100,3.0,6,1.334315610696793e-07
7.73,0.001684486749771458,77.50000357941612,0,100,3.0,6,7.087952705732466e-08
7.735,0.00456624331333666,77.50000187560704,0,100,3.0,6,3.714073347221682e-08
7.74,0.011079731271581421,77.50000096948018,0,100,3.0,6,1.919762739096696e-08
7.745,0.024064571490409,77.5000004943146,0,100,3.0,6,9.788408024718646e-09
7.75,0.046784906529573234,77.5000002486196,0,100,3.0,6,4.923160387610695e-09
7.755,0.08141644351188804,77.50000012334874,0,100,3.0,6,2.442549326714119e-09
7.76,0.12682276464025305,77.50000006036726,0,100,3.0,6,1.1953912095609352e-09
7.765,0.1768320708657512,77.5000000291431,0,100,3.0,6,5.770909910556793e-10
7.77,0.22070063230473494,77.50000001387833,0,100,3.0,6,2.748185133806137e-10
7.775,0.24656126505113576,77.50000000651939,0,100,3.0,6,1.290967508911047e-10
7.78,0.24656126505724016,77.50000000302094,0,100,3.0,6,5.982066327440875e-11
7.785,0.220700632329898,77.50000000138085,0,100,3.0,6,2.7343654293494327e-11
7.79,0.17683207093748562,77.5000000006226,0,100,3.0,6,1.2328831025394658e-11
7.795,0.12682276483597799,77.50000000027693,0,100,3.0,6,5.4837015016859696e-12
7.8,0.08141644409447898,77.50000000012149,0,100,3.0,6,2.4057147912923155e-12
7.805,0.04678490952598309,77.50000000005258,0,100,3.0,6,1.0411913355692557e-12
7.81,0.024064605020532023,77.50000000002245,0,100,3.0,6,4.446168405944389e-13
7.815,0.011080171739334697,77.50000000000945,0,100,3.0,6,1.8713303733879865e-13
7.82,0.004571212771509492,77.50000000000392,0,100,3.0,6,7.766724557219314e-14
7.825,0.0017299316936037438,77.5000000000016,0,100,3.0,6,3.179854619441241e-14
7.83,0.0008899431850697582,77.50000000000065,0,100,3.0,6,1.2944540928698855e-14
7.835,0.002128806368910263,77.50000000000026,0,100,3.0,6,5.065255146012595e-15
7.84,0.009309664818487698,77.5000000000001,0,100,3.0,6,1.969821445671565e-15
7.845,0.03503263543368747,77.50000000000004,0,100,3.0,6,8.442091910020992e-16
7.85,0.10606267793605692,77.50000000000001,0,100,3.0,6,2.814030636673664e-16
7.855,0.25734927343160535,77.5,0,100,3.0,6,0.0
7.86,0.5003202479539708,77.5,0,100,3.0,6,0.0
7.865,0.7793067891790435,77.5,0,100,3.0,6,0.0
7.87,0.9720477407234077,77.5000029632167,1,100,3.0,6,5.867755844249559e-08
7.875,0.967267334488097,77.5000059376048,0,100,3.0,6,1.1757633261719219e-07
7.88,0.7505869905515209,77.50001276355475,0,100,3.0,6,2.5274365841574077e-07
7.885,0.4028369574773956,77.50003064109448,0,100,3.0,6,6.067543461986224e-07
7.89,0.04553881263121314,77.50008298165619,0,100,3.0,6,1.6432011127090117e-06
7.895,-0.189138810908105,77.50024503836143,0,100,3.0,6,4.852244780740965e-06
7.9,-0.22868072635956738,77.50074848054169,0,100,3.0,6,1.4821396865108279e-05
7.905,-0.14104670682394166,77.50226551612232,0,100,3.0,6,4.4861705392500734e-05
7.91,-0.051158381651102834,77.50661940466038,0,100,3.0,6,0.00013107732000760438
7.915,-0.008206426846427752,77.51841054376423,0,100,3.0,6,0.00036456522305411903
7.92,0.005350271385530505,77.54839812828513,0,100,3.0,6,0.0009583787779233446
7.925,0.01084668799215426,77.61982582118479,0,100,3.0,6,0.0023727885383126738
7.93,0.016256859896386415,77.77889256217193,0,100,3.0,6,0.0055226249935036225
7.935,0.02345021205790711,78.10963732186457,0,100,3.0,6,0.012072026175536002
7.94,0.0330621597308209,78.75092151744123,0,100,3.0,6,0.02477072311764807
7.945,0.04559141319943196,79.9087326709927,0,100,3.0,6,0.0476976766533209
7.95,0.06149084917446989,81.85188343427765,0,100,3.0,6,0.0861759095896565
7.955,0.08111733445924295,84.87660047953338,0,100,3.0,6,0.14607129662442336
7.96,0.1046628598272375,89.23015235542505,0,100,3.0,6,0.23228024466188213
7.965,0.1320831047748631,94.99882501874558,0,100,3.0,6,0.3465113865098134
7.97,0.16303381314489318,101.98894029735766,0,100,3.0,6,0.4849295108387655
7.975,0.19682662652900276,109.65089174060849,0,100,3.0,6,0.6366513215962076
7.98,0.23241585813229,117.09986446314402,0,100,3.0,6,0.7841557319434459
7.985,0.26842527782774417,123.26166314833992,0,100,3.0,6,0.9061715474918796
7.99,0.30321927900592993,127.12152069509544,0,100,3.0,6,0.9826043701999098
7.995,0.3350163137995362,128.0,0,100,3.0,6,1.0
8.0,0.3620352400956416,125.753838019447,0,100,3.0,6,0.9555215449395446
8.005,0.3826586036805073,120.82076135998885,0,100,3.0,6,0.8578368586136406
8.01,0.39559233134833227,114.08960455830919,0,100,3.0,6,0.7245466249170137
8.015,0.4,106.64913868340399,0,100,3.0,6,0.5772106669980989
8.02,0.39559233134833227,99.5133886516984,0,100,3.0,6,0.43590868617224565
8.025,0.3826586036805073,93.41762112302557,0,100,3.0,6,0.31520041827773404
8.03,0.3620352400956416,88.73552998548763,0,100,3.0,6,0.22248574228688378
8.035,0.3350163137995362,85.51231074372309,0,100,3.0,6,0.15865961868758596
8.04,0.3032192790059296,83.56875812223683,0,100,3.0,6,0.12017342816310553
8.045,0.26842527782774417,82.62145439320233,0,100,3.0,6,0.10141493847925401
8.05,0.23241585813229,82.37856251014239,0,100,3.0,6,0.09660519822064134
8.055,0.19682662652900276,82.59484163283764,0,100,3.0,6,0.10088795312549786
8.06,0.16303381314489318,83.08955460734782,0,100,3.0,6,0.11068424965045191
8.065,0.13208310477486307,83.74068070754905,0,100,3.0,6,0.12357783579305041
8.07,0.10466285982723562,84.46928792877765,0,100,3.0,6,0.1380057015599534
8.075,0.08111733445917907,85.22350477295976,0,100,3.0,6,0.15294068857346052
8.08,0.06149084917398798,85.96643451289296,0,100,3.0,6,0.16765216857213783
8.085,0.04559141333598128,86.66877212581805,0,100,3.0,6,0.181559844075605
8.09,0.03306217087257399,87.30517905319509,0,100,3.0,6,0.19416196144940773
8.095,0.02345067901074276,87.85308057266846,0,100,3.0,6,0.20501149648848438
8.1,0.016268788896435526,88.29277433001748,0,100,3.0,6,0.21371830356470256
8.105,0.011039026374860051,88.60810467392501,0,100,3.0,6,0.2199624687905943
8.11,0.007326255555493689,88.78725860971063,0,100,3.0,6,0.22351007147941848
8.115,0.0047556414315231815,88.82343447722398,0,100,3.0,6,0.22422642529156403
8.12,0.0030193390635632803,88.71524935893723,0,100,3.0,6,0.22208414572152926
8.125,0.001874953127946523,88.46682050888896,0,100,3.0,6,0.21716476255225658
8.13,0.0011387927410965778,88.08750355955483,0,100,3.0,6,0.20965353583276897
8.135,0.0006765107634274089,87.59130736152696,0,100,3.0,6,0.19982786854508827
8.14,0.00039307957404427924,86.99603550232074,0,100,3.0,6,0.18804030697664825
8.145,0.00022338910511776318,86.32222756000658,0,100,3.0,6,0.17469757544567488
8.15,0.00012417073320013317,85.5919876730514,0,100,3.0,6,0.16023737966438428
8.155,6.750753468904987e-05,84.82779312309145,0,100,3.0,6,0.14510481431864264
8.16,3.5897234866245036e-05,84.05137136185039,0,100,3.0,6,0.12973012597723535
8.165,1.8670050400879738e-05,83.28272136314028,0,100,3.0,6,0.11450933392356996
8.17,9.497421874143672e-06,82.53933634560707,0,100,3.0,6,0.09978883852687265
8.175,4.725434140340885e-06,81.83566237670279,0,100,3.0,6,0.08585470052876804
8.18,2.299606063738814e-06,81.182803916743,0,100,3.0,6,0.07292681023253461
8.185,1.0945633976635486e-06,80.5884655936849,0,100,3.0,6,0.06115773452841389
8.19,5.095703414287532e-07,80.05710151400747,0,100,3.0,6,0.050635673544702386
8.195,2.3202944964797243e-07,79.59023060237372,0,100,3.0,6,0.04139070499749946
8.2,1.0333746954038608e-07,79.18686941841649,0,100,3.0,6,0.03340335482012856
8.205,4.501406988770349e-08,78.8440324631707,0,100,3.0,6,0.026614504221202092
8.21,0.0,78.55725338170798,0,100,3.0,6,0.020935710528870895
8.215,0.0,78.32108749492411,0,100,3.0,6,0.016259158315329
8.22,0.0,78.12956535899671,0,100,3.0,6,0.012466640772212169
8.225,0.0,77.97657717630197,0,100,3.0,6,0.009437171807959858
8.23,0.0,77.8561776684136,0,100,3.0,6,0.007053023136902843
8.235,0.0,77.76280956302601,0,100,3.0,6,0.005204149762891298
8.24,0.0,77.691450573779,0,100,3.0,6,0.0037911004708711636
8.245,0.0,77.63769342762592,0,100,3.0,6,0.0027266025272459243
8.25,0.0,77.59777116282646,0,100,3.0,6,0.00193606263022696
8.255,0.0,77.56854083334795,0,100,3.0,6,0.0013572442247119388
8.26,0.0,77.54743828840738,0,100,3.0,6,0.0009393720476708441
8.265,0.0,77.53241527216751,0,100,3.0,6,0.0006418865775744939
8.27,0.0,77.52186811576739,0,100,3.0,6,0.0004330319953938593
8.275,0.0,77.5145651206646,0,100,3.0,6,0.0002884182309821656
8.28,0.0,77.50957762524908,0,100,3.0,6,0.00018965594552632369
8.285,0.0,77.50621788411807,0,100,3.0,6,0.00012312641817965243
8.29,0.0,77.50398536808234,0,100,3.0,6,7.891817984831379e-05
8.295,0.0,77.50252194309775,0,100,3.0,6,4.993946728212328e-05
8.3,0.0,77.50157558979458,0,100,3.0,6,3.1199797912548924e-05
8.305,0.0,77.50097183394746,0,100,3.0,6,1.9244236583371374e-05
8.31,0.0,77.50059180959549,0,100,3.0,6,1.1719001890912862e-05
8.315,0.0,77.50035580575643,0,100,3.0,6,7.045658543122477e-06
8.32,0.0,77.50021119564977,0,100,3.0,6,4.182092074625142e-06
8.325,0.0,77.50012376504303,0,100,3.0,6,2.4507929312545853e-06
8.33,0.0,77.5000716064357,0,100,3.0,6,1.4179492217124898e-06
8.335,0.0,77.5000409022451,0,100,3.0,6,8.099454475996026e-07
8.34,0.0,77.50002306658317,0,100,3.0,6,4.5676402312820564e-07
8.345,0.0,77.50001284282068,0,100,3.0,6,2.5431328080599943e-07
8.35,0.0,77.50000705957572,0,100,3.0,6,1.3979357865789305e-07
8.355,0.0,77.50000383122638,0,100,3.0,6,7.586586890499915e-08
8.36,0.001684486749771458,77.50000205275943,0,100,3.0,6,4.064870153126664e-08
8.365,0.00456624331333666,77.50000108587373,0,100,3.0,6,2.1502450179036488e-08
8.37,0.011079731271581421,77.50000056710259,0,100,3.0,6,1.1229754235419834e-08
8.375,0.024064571490409,77.50000029240512,0,100,3.0,6,5.790200371974255e-09
8.38,0.046784906529573234,77.50000014885018,0,100,3.0,6,2.947528250077463e-09
8.385,0.08141644351188804,77.50000007480915,0,100,3.0,6,1.4813693242374057e-09
8.39,0.12682276464025305,77.50000003711942,0,100,3.0,6,7.350380282431535e-10
8.395,0.1768320708657512,77.50000001818397,0,100,3.0,6,3.600785764166797e-10
8.4,0.22070063230473494,77.50000000879461,0,100,3.0,6,1.7415078839956838e-10
8.405,0.24656126505113576,77.50000000419939,0,100,3.0,6,8.315629373208878e-11
8.41,0.24656126505724016,77.50000000197969,0,100,3.0,6,3.920169799337348e-11
8.415,0.220700632329898,77.5000000009214,0,100,3.0,6,1.8245611842064705e-11
8.42,0.17683207093748562,77.50000000042338,0,100,3.0,6,8.383841475841848e-12
8.425,0.12682276483597799,77.50000000019207,0,100,3.0,6,3.803443808528125e-12
8.43,0.08141644409447898,77.50000000008603,0,100,3.0,6,1.7036141474422362e-12
8.435,0.04678490952598309,77.50000000003804,0,100,3.0,7,7.533160014375399e-13
8.44,0.024064605020532023,77.50000000001661,0,100,3.0,7,3.2896018142715135e-13
8.445,0.011080171739334697,77.50000000000716,0,100,3.0,7,1.4182714408835267e-13
8.45,0.004571212771509492,77.50000000000304,0,100,3.0,7,6.022025562481641e-14
8.455,0.0017299316936037438,77.50000000000128,0,100,3.0,7,2.5326275730062977e-14
8.46,0.0008899431850697582,77.50000000000053,0,100,3.0,7,1.0411913355692557e-14
8.465,0.002128806368910263,77.50000000000021,0,100,3.0,7,4.221045955010496e-15
8.47,0.009309664818487698,77.50000000000009,0,100,3.0,7,1.6884183820041984e-15
8.475,0.03503263543368747,77.50000000000003,0,100,3.0,7,5.628061273347328e-16
8.48,0.10606267793605692,77.50000000000001,0,100,3.0,7,2.814030636673664e-16
8.485,0.25734927343160535,77.5,0,100,3.0,7,0.0
8.49,0.5003202479539708,77.5,0,100,3.0,7,0.0
8.495,0.7793067891790435,77.5,0,100,3.0,7,0.0
8.5,0.9720477407234077,77.50000298257781,1,100,3.0,7,5.9060946760288096e-08
8.505,0.967267334488097,77.50000698562181,0,100,3.0,7,1.3832914473283328e-07
8.51,0.7505869905515209,77.50001839468638,0,100,3.0,7,3.642512154166782e-07
8.515,0.4028369574773956,77.50005766999934,0,100,3.0,7,1.1419801848709954e-06
8.52,0.04553881263121314,77.50020995712008,0,100,3.0,7,4.157566734204353e-06
8.525,-0.189138810908105,77.50081280880359,0,100,3.0,7,1.6095223833415298e-05
8.53,-0.22868072635956738,77.503097351455,0,100,3.0,7,6.133369217815863e-05
8.535,-0.14104670682394166,77.51113090624347,0,100,3.0,7,0.00022041398501912253
8.54,-0.051158381651102834,77.53698570626372,0,100,3.0,7,0.0007323902230439779
8.545,-0.008206426846427752,77.61265550495322,0,100,3.0,7,0.0022308020782816694
8.55,0.005350271385530505,77.81335454355643,0,100,3.0,7,0.006205040466463934
8.555,0.01084668799215426,78.2945754104132,0,100,3.0,7,0.015734166542835687
8.56,0.016256859896386415,79.33525192393353,0,100,3.0,7,0.036341622256109436
8.565,0.02345021205790711,81.35961530766114,0,100,3.0,7,0.07642802589428009
8.57,0.0330621597308209,84.88912272221204,0,100,3.0,7,0.14631926182598093
8.575,0.04559141319943196,90.37654399373201,0,100,3.0,7,0.25498106918281216
8.58,0.06149084917446989,97.92423792213376,0,100,3.0,7,0.40444035489373775
8.585,0.08111733445924295,106.98718963572514,0,100,3.0,7,0.5839047452618841
8.59,0.1046628598272375,116.25086790845694,0,100,3.0,7,0.7673439189793453
8.595,0.1320831047748631,123.85923787688145,0,100,3.0,7,0.918004710433296
8.6,0.16303381314489318,128.0,0,100,3.0,7,1.0
8.605,0.19682662652900276,127.61098502595775,0,100,3.0,7,0.9922967331872821
8.61,0.23241585813229,122.83587158770212,0,100,3.0,7,0.8977400314396459
8.615,0.26842527782774417,114.96520763494516,0,100,3.0,7,0.7418852997018843
8.62,0.30321927900592993,105.89752443347074,0,100,3.0,7,0.562327216504371
8.625,0.3350163137995362,97.4283723807234,0,100,3.0,7,0.39462123526184956
8.63,0.3620352400956416,90.72827099469485,0,100,3.0,7,0.2619459602909872
8.635,0.3826586036805073,86.19634780611744,0,100,3.0,7,0.17220490705183059
8.64,0.39559233134833227,83.63586300786153,0,100,3.0,7,0.12150223777943625
8.645,0.4,82.56052605964184,0,100,3.0,7,0.10020843682459098
8.65,0.39559233134833227,82.45518590911567,0,100,3.0,7,0.09812249324981524
8.655,0.3826586036805073,82.9135053462967,0,100,3.0,7,0.10719812566924163
8.66,0.3620352400956416,83.66619963054956,0,100,3.0,7,0.12210296298117933
8.665,0.3350163137995362,84.55142388335696,0,100,3.0,7,0.13963215610607843
8.67,0.3032192790059296,85.47238297465216,0,100,3.0,7,0.15786896979509235
8.675,0.26842527782774417,86.36478766196998,0,100,3.0,7,0.17554034974197988
8.68,0.23241585813229,87.17876238495688,0,100,3.0,7,0.1916586610882551
8.685,0.19682662652900276,87.87166435112398,0,100,3.0,7,0.205379492101465
8.69,0.16303381314489318,88.40698222909897,0,100,3.0,7,0.21597984612077173
8.695,0.13208310477486307,88.75580649977894,0,100,3.0,7,0.22288725742136517
8.7,0.10466285982723562,88.89887430140394,0,100,3.0,7,0.22572028319611753
8.705,0.08111733445917907,88.82817993521967,0,100,3.0,7,0.22432039475682505
8.71,0.06149084917398798,88.54767901408137,0,100,3.0,7,0.21876592107091816
8.715,0.04559141333598128,88.07291340431424,0,100,3.0,7,0.20936462186760862
8.72,0.03306217087257399,87.42958320393963,0,100,3.0,7,0.19662540997900255
8.725,0.02345067901074276,86.65124282568554,0,100,3.0,7,0.1812127292214959
8.73,0.016268788896435526,85.77640730681179,0,100,3.0,7,0.1638892536002335
8.735,0.011039026374860051,84.8454151685361,0,100,3.0,7,0.14545376571358629
8.74,0.007326255555493689,83.8974007286156,0,100,3.0,7,0.12668120254684345
8.745,0.0047556414315231815,82.96768491225848,0,100,3.0,7,0.108270988361554
8.75,0.0030193390635632803,82.08581065794073,0,100,3.0,7,0.09080813184041042
8.755,0.001874953127946523,81.27434395854696,0,100,3.0,7,0.07473948432766267
8.76,0.0011387927410965778,80.54845330467741,0,100,3.0,7,0.060365411973810075
8.765,0.0006765107634274089,79.91618583984749,0,100,3.0,7,0.047845264155395764
8.77,0.00039307957404427924,79.37929015460902,0,100,3.0,7,0.03721366642790146
8.775,0.00022338910511776318,78.93439927898388,0,100,3.0,7,0.028403946118492576
8.78,0.00012417073320013317,78.57438266865057,0,100,3.0,7,0.021274904329714284
8.785,6.750753468904987e-05,78.28969728617166,0,100,3.0,7,0.01563757002320117
8.79,3.5897234866245036e-05,78.06960660042824,0,100,3.0,7,0.011279338622341472
8.795,1.8670050400879738e-05,77.90318289291574,0,100,3.0,7,0.007983819661697764
8.8,9.497421874143672e-06,77.78005407488197,0,100,3.0,7,0.005545625245187608
8.805,4.725434140340885e-06,77.69089493772672,0,100,3.0,7,0.0037800977767668284
8.81,2.299606063738814e-06,77.62769081034563,0,100,3.0,7,0.002528530897933197
8.815,1.0945633976635486e-06,77.58381805725054,0,100,3.0,7,0.0016597635099116707
8.82,5.095703414287532e-07,77.55399185562284,0,100,3.0,7,0.0010691456558978225
8.825,2.3202944964797243e-07,77.53412963416547,0,100,3.0,7,0.0006758343399102353
8.83,1.0333746954038608e-07,77.52117130985577,0,100,3.0,7,0.0004192338585301734
8.835,4.501406988770349e-08,77.51288773328321,0,100,3.0,7,0.0002552026392714372
8.84,0.0,77.50769871188156,0,100,3.0,7,0.00015244974022890023
8.845,0.0,77.5045130724965,0,100,3.0,7,8.936777220779138e-05
8.85,0.0,77.50259620671603,0,100,3.0,7,5.141003398089107e-05
8.855,0.0,77.50146561177017,0,100,3.0,7,2.9022015250928793e-05
8.86,0.0,77.50081191643977,0,100,3.0,7,1.6077553262824374e-05
8.865,0.0,77.50044138385367,0,100,3.0,7,8.740274330083333e-06
8.87,0.0,77.500235469285,0,100,3.0,7,4.662758118850587e-06
8.875,0.0,77.5001232721027,0,100,3.0,7,2.4410317365945417e-06
8.88,0.001684486749771458,77.50006332979159,0,100,3.0,7,1.2540552789475738e-06
8.885,0.00456624331333666,77.50003192743502,0,100,3.0,7,6.322264359913797e-07
8.89,0.011079731271581421,77.50001579547595,0,100,3.0,7,3.1278170189859274e-07
8.895,0.024064571490409,77.50000766856529,0,100,3.0,7,1.518527779911766e-07
8.9,0.046784906529573234,77.50000365349266,0,100,3.0,7,7.234638920942082e-08
8.905,0.08141644351188804,77.50000170810699,0,100,3.0,7,3.382390084628034e-08
8.91,0.12682276464025305,77.50000078367253,0,100,3.0,7,1.55182679819599e-08
8.915,0.1768320708657512,77.50000035283112,0,100,3.0,7,6.986754901800391e-09
8.92,0.22070063230473494,77.5000001558877,0,100,3.0,7,3.086885238072943e-09
8.925,0.24656126505113576,77.50000006758799,0,100,3.0,7,1.3383760458532154e-09
8.93,0.24656126505724016,77.50000002875676,0,100,3.0,7,5.694407673668183e-10
8.935,0.220700632329898,77.50000001200668,0,100,3.0,7,2.377560414772395e-10
8.94,0.17683207093748562,77.50000000491947,0,100,3.0,7,9.74152683711779e-11
8.945,0.12682276483597799,77.50000000197801,0,100,3.0,7,3.916849243186073e-11
8.95,0.08141644409447898,77.50000000078046,0,100,3.0,7,1.5454656256611765e-11
8.955,0.04678490952598309,77.5000000003022,0,100,3.0,7,5.9840361488865464e-12
8.96,0.024064605020532023,77.50000000011482,0,100,3.0,7,2.2737367544323206e-12
8.965,0.011080171739334697,77.50000000004282,0,100,3.0,7,8.47867430829775e-13
8.97,0.004571212771509492,77.50000000001566,0,100,3.0,7,3.101061761614378e-13
8.975,0.0017299316936037438,77.50000000000563,0,100,3.0,7,1.114356132122771e-13
8.98,0.0008899431850697582,77.50000000000198,0,100,3.0,7,3.911502584976393e-14
8.985,0.002128806368910263,77.50000000000068,0,100,3.0,7,1.3507347056033587e-14
8.99,0.009309664818487698,77.50000000000023,0,100,3.0,7,4.502449018677863e-15
8.995,0.03503263543368747,77.50000000000007,0,100,3.0,7,1.4070153183368321e-15
9.0,0.10606267793605692,77.50000000000003,0,100,3.0,7,5.628061273347328e-16
9.005,0.25734927343160535,77.50000000000001,0,100,3.0,7,2.814030636673664e-16
9.01,0.5003202479539708,77.5,0,100,3.0,7,0.0
9.015,0.7793067891790435,77.5,0,100,3.0,7,0.0
9.02,0.9720477407234077,77.5000029632167,1,100,3.0,7,5.867755844249559e-08
9.025,0.967267334488097,77.50000632443192,0,100,3.0,7,1.252362756864692e-07
9.03,0.7505869905515209,77.50001473324576,0,100,3.0,7,2.917474408505849e-07
9.035,0.4028369574773956,77.50003930345265,0,100,3.0,7,7.782861911378535e-07
9.04,0.04553881263121314,77.50012007178523,0,100,3.0,7,2.37765911352014e-06
9.045,-0.189138810908105,77.50039768906025,0,100,3.0,7,7.875030896043021e-06
9.05,-0.22868072635956738,77.50133813309903,0,100,3.0,7,2.6497685129220596e-05
9.055,-0.14104670682394166,77.50437429970992,0,100,3.0,7,8.661979623609861e-05
9.06,-0.051158381651102834,77.51356283545961,0,100,3.0,7,0.0002685709992001851
9.065,-0.008206426846427752,77.539423280672,0,100,3.0,7,0.0007806590232078606
9.07,0.005350271385530505,77.60683292766095,0,100,3.0,7,0.0021155035180385365
9.075,0.01084668799215426,77.7691843879838,0,100,3.0,7,0.005330383920471266
9.08,0.016256859896386415,78.1298195737859,0,100,3.0,7,0.012471674728433559
9.085,0.02345021205790711,78.8674564682652,0,100,3.0,7,0.027078345906241648
9.09,0.0330621597308209,80.25416185836706,0,100,3.0,7,0.05453785858152585
9.095,0.04559141319943196,82.64472323642266,0,100,3.0,7,0.10187570765193393
9.1,0.06149084917446989,86.41224109374863,0,100,3.0,7,0.17648002165838877
9.105,0.08111733445924295,91.81665598492147,0,100,3.0,7,0.2834981383152766
9.11,0.1046628598272375,98.826395638257,0,100,3.0,7,0.42230486412390095
9.115,0.1320831047748631,106.95895384922622,0,100,3.0,7,0.5833456207767568
9.12,0.16303381314489318,115.23602411394728,0,100,3.0,7,0.7472480022563818
9.125,0.19682662652900276,122.32971667135199,0,100,3.0,7,0.8877171618089502
9.13,0.23241585813229,126.89775582948093,0,100,3.0,7,0.9781733827619986
9.135,0.26842527782774417,128.0,0,100,3.0,7,1.0
9.14,0.30321927900592993,125.42125272540896,0,100,3.0,7,0.9489356975328508
9.145,0.3350163137995362,119.74965133212939,0,100,3.0,7,0.8366267590520671
9.15,0.3620352400956416,112.17257946470455,0,100,3.0,7,0.6865857319743476
9.155,0.3826586036805073,104.08785511981466,0,100,3.0,7,0.5264921805903894
9.16,0.39559233134833227,96.70488803956961,0,100,3.0,7,0.38029481266474474
9.165,0.4,90.78889417401182,0,100,3.0,7,0.2631464192873627
9.17,0.39559233134833227,86.60772759605685,0,100,3.0,7,0.18035104150607617
9.175,0.3826586036805073,84.04089578195409,0,100,3.0,7,0.12952268875156617
9.18,0.3620352400956416,82.75786879881116,0,100,3.0,7,0.10411621383784475
9.185,0.3350163137995362,82.37959366821764,0,100,3.0,7,0.09662561719242846
9.19,0.3032192790059296,82.57856812118584,0,100,3.0,7,0.1005657053700166
9.195,0.26842527782774417,83.11531036543767,0,100,3.0,7,0.11119426466213198
9.2,0.23241585813229,83.83263983129649,0,100,3.0,7,0.12539880854052454
9.205,0.19682662652900276,84.63250912217958,0,100,3.0,7,0.14123780439959574
9.21,0.16303381314489318,85.45226040314074,0,100,3.0,7,0.1574705030324899
9.215,0.13208310477486307,86.2475629773933,0,100,3.0,7,0.1732190688592733
9.22,0.10466285982723562,86.98281595132833,0,100,3.0,7,0.18777853368966999
9.225,0.08111733445917907,87.62707318852279,0,100,3.0,7,0.20053610274302547
9.23,0.06149084917398798,88.15320332098976,0,100,3.0,7,0.21095452120771804
9.235,0.04559141333598128,88.5385782151131,0,100,3.0,7,0.21858570722996248
9.24,0.03306217087257399,88.76624892522591,0,100,3.0,7,0.22309403812328532
9.245,0.02345067901074276,88.82603771663241,0,100,3.0,7,0.22427797458678045
9.25,0.016268788896435526,88.71524935893723,0,100,3.0,7,0.22208414572152926
9.255,0.011039026374860051,88.43886075670979,0,100,3.0,7,0.2166111040932631
9.26,0.007326255555493689,88.00914720955005,0,100,3.0,7,0.20810192494158516
9.265,0.0047556414315231815,87.44477763798974,0,100,3.0,7,0.19692628986118307
9.27,0.0030193390635632803,86.76946988444872,0,100,3.0,7,0.18355385909799454
9.275,0.001874953127946523,86.0103405328122,0,100,3.0,7,0.16852159470915234
9.28,0.0011387927410965778,85.1961087935566,0,100,3.0,7,0.15239819393181395
9.285,0.0006765107634274089,84.35531914558466,0,100,3.0,7,0.13574889397197343
9.29,0.00039307957404427924,83.51473332893123,0,100,3.0,7,0.11910363027586592
9.295,0.00022338910511776318,82.69801221580293,0,100,3.0,7,0.10293093496639472
9.3,0.00012417073320013317,81.92476728085217,0,100,3.0,7,0.08761915407628051
9.305,6.750753468904987e-05,81.2100160794701,0,100,3.0,7,0.07346566494000187
9.31,3.5897234866245036e-05,80.56403251225963,0,100,3.0,7,0.06067391113385405
9.315,1.8670050400879738e-05,79.99254590939884,0,100,3.0,7,0.04935734474057114
9.32,9.497421874143672e-06,79.49721667177356,0,100,3.0,7,0.039548844985615
9.325,4.725434140340885e-06,79.07630197143015,0,100,3.0,7,0.031213900424359505
9.33,2.299606063738814e-06,78.72542256815419,0,100,3.0,7,0.024265793428795777
9.335,1.0945633976635486e-06,78.43834933264405,0,100,3.0,7,0.018581174903842604
9.34,5.095703414287532e-07,78.20774277436361,0,100,3.0,7,0.01401470840323979
9.345,2.3202944964797243e-07,78.02579755035103,0,100,3.0,7,0.010411832680218405
9.35,1.0333746954038608e-07,77.88476352268945,0,100,3.0,7,0.007619079657216909
9.355,4.501406988770349e-08,77.77733293361308,0,100,3.0,7,0.005491741259664978
9.36,0.0,77.69689796089891,0,100,3.0,7,0.0038989695227506687
9.365,0.0,77.63769342762592,0,100,3.0,7,0.0027266025272459243
9.37,0.0,77.59484565128201,0,100,3.0,7,0.0018781317085547404
9.375,0.0,77.56435078582085,0,100,3.0,7,0.0012742729865514734
9.38,0.0,77.54300535190977,0,100,3.0,7,0.0008515911269261333
9.385,0.0,77.52830892491497,0,100,3.0,7,0.0005605727705934027
9.39,0.0,77.5183550878223,0,100,3.0,7,0.0003634670855901034
9.395,0.0,77.51172254143796,0,100,3.0,7,0.0002321295334249863
9.4,0.0,77.50737427460564,0,100,3.0,7,0.00014602523971560832
9.405,0.0,77.50456929349846,0,100,3.0,7,9.04810593755032e-05
9.41,0.0,77.5027887592473,0,100,3.0,7,5.522295539198113e-05
9.415,0.0,77.50167650638357,0,100,3.0,7,3.319814620940318e-05
9.42,0.0,77.50099273108047,0,100,3.0,7,1.9658041197479378e-05
9.425,0.0,77.50057901557518,0,100,3.0,7,1.1465654954136962e-05
9.43,0.0,77.50033264507117,0,100,3.0,7,6.587031112242738e-06
9.435,0.0,77.50018823663869,0,100,3.0,7,3.727458191926218e-06
9.44,0.0,77.50010492028098,0,100,3.0,7,2.0776293262437016e-06
9.445,0.0,77.50005760324511,0,100,3.0,7,1.1406583190242906e-06
9.45,0.0,77.50003115061858,0,100,3.0,7,6.168439323245015e-07
9.455,0.0,77.50001659275955,0,100,3.0,7,3.285694960465149e-07
9.46,0.001684486749771458,77.5000087056817,0,100,3.0,7,1.7238973650999488e-07
9.465,0.00456624331333666,77.50000449903288,0,100,3.0,7,8.908976006201592e-08
9.47,0.011079731271581421,77.50000229017026,0,100,3.0,7,4.5349906096618887e-08
9.475,0.024064571490409,77.5000011482821,0,100,3.0,7,2.2738259310631967e-08
9.48,0.046784906529573234,77.50000056710259,0,100,3.0,7,1.1229754235419834e-08
9.485,0.08141644351188804,77.50000027587154,0,100,3.0,7,5.4628028217596484e-09
9.49,0.12682276464025305,77.50000013218568,0,100,3.0,7,2.617538133437289e-09
9.495,0.1768320708657512,77.500000062387,0,100,3.0,7,1.235386182790787e-09
9.5,0.22070063230473494,77.50000002900254,0,100,3.0,7,5.743076333529454e-10
9.505,0.24656126505113576,77.50000001328037,0,100,3.0,7,2.629776352676183e-10
9.51,0.24656126505724016,77.50000000598986,0,100,3.0,7,1.1861110993273127e-10
9.515,0.220700632329898,77.50000000266107,0,100,3.0,7,5.2694412090096365e-11
9.52,0.17683207093748562,77.50000000116447,0,100,3.0,7,2.3058729843031337e-11
9.525,0.12682276483597799,77.50000000050191,0,100,3.0,7,9.938874805667714e-12
9.53,0.08141644409447898,77.50000000021309,0,100,3.0,7,4.219638939692159e-12
9.535,0.04678490952598309,77.50000000008912,0,100,3.0,7,1.7646786122580548e-12
9.54,0.024064605020532023,77.5000000000367,0,100,3.0,7,7.268641134528074e-13
9.545,0.011080171739334697,77.5000000000149,0,100,3.0,7,2.949104107234e-13
9.55,0.004571212771509492,77.50000000000595,0,100,3.0,7,1.1790788367662653e-13
9.555,0.0017299316936037438,77.50000000000234,0,100,3.0,7,4.6431505505115455e-14
9.56,0.0008899431850697582,77.50000000000091,0,100,3.0,7,1.800979607471145e-14
9.565,0.002128806368910263,77.50000000000034,0,100,3.0,7,6.7536735280167935e-15
9.57,0.009309664818487698,77.50000000000013,0,100,3.0,7,2.5326275730062976e-15
9.575,0.03503263543368747,77.50000000000004,0,100,3.0,7,8.442091910020992e-16
9.58,0.10606267793605692,77.50000000000001,0,100,3.0,7,2.814030636673664e-16
9.585,0.25734927343160535,77.5,0,100,3.0,7,0.0
9.59,0.5003202479539708,77.5,0,100,3.0,7,0.0
9.595,0.7793067891790435,77.5,0,100,3.0,7,0.0
9.6,0.9720477407234077,77.500002978667,1,100,3.0,7,5.8983504918569904e-08
9.605,0.967267334488097,77.50000691662153,0,100,3.0,7,1.3696280256910974e-07
9.61,0.7505869905515209,77.5000180035492,0,100,3.0,7,3.5650592476801223e-07
9.615,0.4028369574773956,77.50005559107774,0,100,3.0,7,1.1008134205809203e-06
9.62,0.04553881263121314,77.50019916917608,0,100,3.0,7,3.943944080890672e-06
9.625,-0.189138810908105,77.50076051277561,0,100,3.0,7,1.5059658923041977e-05
9.63,-0.22868072635956738,77.50286730790405,0,100,3.0,7,5.677837433771145e-05
9.635,-0.14104670682394166,77.51022294072226,0,100,3.0,7,0.00020243446974768406
9.64,-0.051158381651102834,77.5337799843342,0,100,3.0,8,0.0006689105808752989
9.645,-0.008206426846427752,77.6025334678593,0,100,3.0,8,0.00203036570018421
9.65,0.005350271385530505,77.78476384612033,0,100,3.0,8,0.005638888041986682
9.655,0.01084668799215426,78.22233213622556,0,100,3.0,8,0.014303606657931888
9.66,0.016256859896386415,79.17206069681062,0,100,3.0,8,0.03311011280813105
9.665,0.02345021205790711,81.03059677705517,0,100,3.0,8,0.06991280746643894
9.67,0.0330621597308209,84.29881546950699,0,100,3.0,8,0.13463000929716815
9.675,0.04559141319943196,89.43882359416276,0,100,3.0,8,0.23641234839926248
9.68,0.06149084917446989,96.6167108363838,0,100,3.0,8,0.3785487294333426
9.685,0.08111733445924295,105.41171301236056,0,100,3.0,8,0.5527071883635756
9.69,0.1046628598272375,114.66184728247508,0,100,3.0,8,0.7358781640094075
9.695,0.1320831047748631,122.6216696670252,0,100,3.0,8,0.8934984092480238
9.7,0.16303381314489318,127.47241473535468,0,100,3.0,8,0.9895527670367262
9.705,0.19682662652900276,128.0,0,100,3.0,8,1.0
9.71,0.23241585813229,124.10026239330466,0,100,3.0,8,0.9227774731347458
9.715,0.26842527782774417,116.82702771786872,0,100,3.0,8,0.7787530241162122
9.72,0.30321927900592993,107.95487909412022,0,100,3.0,8,0.6030669127548558
9.725,0.3350163137995362,99.30520302573348,0,100,3.0,8,0.4317861985293758
9.73,0.3620352400956416,92.18399579198505,0,100,3.0,8,0.29077219390069414
9.735,0.3826586036805073,87.15523725883388,0,100,3.0,8,0.19119281700661145
9.74,0.39559233134833227,84.14792226917848,0,100,3.0,8,0.13164202513224713
9.745,0.4,82.73524308595393,0,100,3.0,8,0.10366817991987971
9.75,0.39559233134833227,82.40604370226107,0,100,3.0,8,0.09714938024279351
9.755,0.3826586036805073,82.72948858222685,0,100,3.0,8,0.10355422935102673
9.76,0.3620352400956416,83.40686168835816,0,100,3.0,8,0.11696755818531016
9.765,0.3350163137995362,84.25408345340135,0,100,3.0,8,0.13374422680002673
9.77,0.3032192790059296,85.16166237318708,0,100,3.0,8,0.15171608659776406
9.775,0.26842527782774417,86.05967994235233,0,100,3.0,8,0.16949861271984817
9.78,0.23241585813229,86.89632372459975,0,100,3.0,8,0.18606581632870797
9.785,0.19682662652900276,87.62816306326756,0,100,3.0,8,0.2005576844211399
9.79,0.16303381314489318,88.21759786498912,0,100,3.0,8,0.2122296606928538
9.795,0.13208310477486307,88.63368940636776,0,100,3.0,8,0.22046909715579732
9.8,0.10466285982723562,88.85406230729728,0,100,3.0,8,0.22483291697618382
9.805,0.08111733445917907,88.86666509346482,0,100,3.0,8,0.22508247709831322
9.81,0.06149084917398798,88.67080059190977,0,100,3.0,8,0.22120397211702508
9.815,0.04559141333598128,88.27717530848074,0,100,3.0,8,0.21340941204912348
9.82,0.03306217087257399,87.70692687021791,0,100,3.0,8,0.20211736376669134
9.825,0.02345067901074276,86.98974332245788,0,100,3.0,8,0.18791570935560165
9.83,0.016268788896435526,86.16130506221765,0,100,3.0,8,0.17151099133104258
9.835,0.011039026374860051,85.26035540793751,0,100,3.0,8,0.15367040411757446
9.84,0.007326255555493689,84.32573297406104,0,100,3.0,8,0.13516302918932752
9.845,0.0047556414315231815,83.39367772388111,0,100,3.0,8,0.1167064895818042
9.85,0.0030193390635632803,82.49566008868594,0,100,3.0,8,0.09892396215219679
9.855,0.001874953127946523,81.65689240924547,0,100,3.0,8,0.08231470117317767
9.86,0.0011387927410965778,80.89558099426428,0,100,3.0,8,0.06723922760919364
9.865,0.0006765107634274089,80.2228819369286,0,100,3.0,8,0.05391845419660597
9.87,0.00039307957404427924,79.64344791368322,0,100,3.0,8,0.042444513142241944
9.875,0.00022338910511776318,79.15640474099477,0,100,3.0,8,0.03280009388108462
9.88,0.00012417073320013317,78.75657785573266,0,100,3.0,8,0.02488272981648828
9.885,6.750753468904987e-05,78.4357972097327,0,100,3.0,8,0.018530637816489066
9.89,3.5897234866245036e-05,78.18413765800393,0,100,3.0,8,0.013547280356513541
9.895,1.8670050400879738e-05,77.99099226913822,0,100,3.0,8,0.009722619190855798
9.9,9.497421874143672e-06,77.84591963837286,0,100,3.0,8,0.006849893829165593
9.905,4.725434140340885e-06,77.73924627752838,0,100,3.0,8,0.004737550050066938
9.91,2.299606063738814e-06,77.66243685299297,0,100,3.0,8,0.0032165713463954116
9.915,1.0945633976635486e-06,77.60826631408477,0,100,3.0,8,0.002143887407619264
9.92,5.095703414287532e-07,77.57083885662051,0,100,3.0,8,0.0014027496360497346
9.925,2.3202944964797243e-07,77.54550081135075,0,100,3.0,8,0.0009010061653613645
9.93,1.0333746954038608e-07,77.52869036977735,0,100,3.0,8,0.0005681261342049716
9.935,4.501406988770349e-08,77.51775916561486,0,100,3.0,8,0.000351666645838854
9.94,0.0,77.51079141453732,0,100,3.0,8,0.00021369137697669125
9.945,0.0,77.50643729780077,0,100,3.0,8,0.00012747124357965372
9.95,0.0,77.50376962572678,0,100,3.0,8,7.46460539955528e-05
9.955,0.0,77.50216701676594,0,100,3.0,8,4.291122308788121e-05
9.96,0.0,77.50122291343685,0,100,3.0,8,2.4216107660360722e-05
9.965,0.0,77.50067748326067,0,100,3.0,8,1.341551011235127e-05
9.97,0.0,77.50036844343965,0,100,3.0,8,7.295909696132626e-06
9.975,0.0,77.50019670368403,0,100,3.0,8,3.895122455952053e-06
9.98,0.0,77.50010309166797,0,100,3.0,8,2.04141916765816e-06
9.985,0.001684486749771458,77.50005304006476,0,100,3.0,8,1.0502983120051507e-06
9.99,0.00456624331333666,77.50002678884144,0,100,3.0,8,5.304721076925597e-07
9.995,0.011079731271581421,77.50001328229814,0,100,3.0,8,2.630158047791741e-07
10.0,0.024064571490409,77.50000646490167,0,100,3.0,8,1.2801785492184075e-07
10.005,0.046784906529573234,77.5000030890151,0,100,3.0,8,6.116861574792163e-08
10.01,0.08141644351188804,77.50000144893046,0,100,3.0,8,2.869169231353856e-08
10.015,0.12682276464025305,77.50000066718222,0,100,3.0,8,1.321152912042986e-08
10.02,0.1768320708657512,77.50000030158573,0,100,3.0,8,5.971994630389156e-09
10.025,0.22070063230473494,77.50000013382785,0,100,3.0,8,2.6500565086685624e-09
10.03,0.24656126505113576,77.50000005829773,0,100,3.0,8,1.1544104813990565e-09
10.035,0.24656126505724016,77.50000002493023,0,100,3.0,8,4.936679272192339e-10
10.04,0.220700632329898,77.50000001046574,0,100,3.0,8,2.0724238167153234e-10
10.045,0.17683207093748562,77.50000000431304,0,100,3.0,8,8.540667403223671e-11
10.05,0.12682276483597799,77.50000000174488,0,100,3.0,8,3.4552075172397586e-11
10.055,0.08141644409447898,77.50000000069298,0,100,3.0,8,1.3722338996675456e-11
10.06,0.04678490952598309,77.50000000027018,0,100,3.0,8,5.35003504644397e-12
10.065,0.024064605020532023,77.5000000001034,0,100,3.0,8,2.047488691243758e-12
10.07,0.011080171739334697,77.50000000003885,0,100,3.0,8,7.693559760665798e-13
10.075,0.004571212771509492,77.50000000001432,0,100,3.0,8,2.8365428817670534e-13
10.08,0.0017299316936037438,77.50000000000519,0,100,3.0,8,1.0271211823858874e-13
10.085,0.0008899431850697582,77.50000000000185,0,100,3.0,8,3.6582398276757634e-14
10.09,0.002128806368910263,77.50000000000064,0,100,3.0,8,1.2663137865031489e-14
10.095,0.009309664818487698,77.50000000000021,0,100,3.0,8,4.221045955010496e-15
10.1,0.03503263543368747,77.50000000000007,0,100,3.0,8,1.4070153183368321e-15
10.105,0.10606267793605692,77.50000000000003,0,100,3.0,8,5.628061273347328e-16
10.11,0.25734927343160535,77.50000000000001,0,100,3.0,8,2.814030636673664e-16
10.115,0.5003202479539708,77.5,0,100,3.0,8,0.0
10.12,0.7793067891790435,77.5,0,100,3.0,8,0.0
10.125,0.9720477407234077,77.5000029632167,1,100,3.0,8,5.867755844249559e-08
10.13,0.967267334488097,77.50000611949993,0,100,3.0,8,1.2117821641611342e-07
10.135,0.7505869905515209,77.5000136661605,0,100,3.0,8,2.706170395714874e-07
10.14,0.4028369574773956,77.50003448761683,0,100,3.0,8,6.829231055424244e-07
10.145,0.04553881263121314,77.50009893563154,0,100,3.0,8,1.9591214166635243e-06
10.15,-0.189138810908105,77.50030887479707,0,100,3.0,8,6.1163326152625205e-06
10.155,-0.22868072635956738,77.50098936987865,0,100,3.0,8,1.9591482745598493e-05
10.16,-0.14104670682394166,77.50311109919818,0,100,3.0,8,6.160592471641763e-05
10.165,-0.051158381651102834,77.50936430658398,0,100,3.0,8,0.00018543181354407307
10.17,-0.008206426846427752,77.52663503308537,0,100,3.0,8,0.0005274263977300939
10.175,0.005350271385530505,77.57113795423459,0,100,3.0,8,0.0014086723610809244
10.18,0.01084668799215426,77.67785621339104,0,100,3.0,8,0.003521905215664127
10.185,0.016256859896386415,77.9156022259755,0,100,3.0,8,0.008229747049019897
10.19,0.02345021205790711,78.4069380257099,0,100,3.0,8,0.017959168825938725
10.195,0.0330621597308209,79.34748987799968,0,100,3.0,8,0.036583957980191636
10.2,0.04559141319943196,81.01228362930992,0,100,3.0,8,0.06955017087742416
10.205,0.06149084917446989,83.73079902637203,0,100,3.0,8,0.12338215893805991
10.21,0.08111733445924295,87.81367872264438,0,100,3.0,8,0.20423126183454224
10.215,0.1046628598272375,93.4288216152286,0,100,3.0,8,0.3154222102025465
10.22,0.1320831047748631,100.45351412056698,0,100,3.0,8,0.4545250320904352
10.225,0.16303381314489318,108.36134960751014,0,100,3.0,8,0.6111158338120819
10.23,0.19682662652900276,116.21652194472324,0,100,3.0,8,0.7666638008856087
10.235,0.23241585813229,122.82360122088085,0,100,3.0,8,0.8974970538788286
10.24,0.26842527782774417,127.01713839847308,0,100,3.0,8,0.9805373940291698
10.245,0.30321927900592993,128.0,0,100,3.0,8,1.0
10.25,0.3350163137995362,125.59701682575721,0,100,3.0,8,0.9524161747674694
10.255,0.3620352400956416,120.3140247604608,0,100,3.0,8,0.8478024705041742
10.26,0.3826586036805073,113.17578272521496,0,100,3.0,8,0.7064511430735635
10.265,0.39559233134833227,105.41460450461524,0,100,3.0,8,0.5527644456359454
10.27,0.4,98.1397912084383,0,100,3.0,8,0.40870873680075837
10.275,0.39559233134833227,92.10783014594557,0,100,3.0,8,0.2892639632860509
10.28,0.3826586036805073,87.64951021194136,0,100,3.0,8,0.2009804002364626
10.285,0.3620352400956416,84.73520644729147,0,100,3.0,8,0.143271414797851
10.29,0.3350163137995362,83.11302488416099,0,100,3.0,8,0.11114900760714837
10.295,0.3032192790059296,82.45012180045974,0,100,3.0,8,0.09802221387048991
10.3,0.26842527782774417,82.43311100444015,0,100,3.0,8,0.09768536642455743
10.305,0.23241585813229,82.8162323398421,0,100,3.0,8,0.10527192752162579
10.31,0.19682662652900276,83.42866618321837,0,100,3.0,8,0.11739933036075977
10.315,0.16303381314489318,84.1600622480566,0,100,3.0,8,0.13188242075359613
10.32,0.13208310477486307,84.940236624999,0,100,3.0,8,0.14733141831681193
10.325,0.10466285982723562,85.72195777553705,0,100,3.0,8,0.1628110450601396
10.33,0.08111733445917907,86.4696633299647,0,100,3.0,8,0.1776170956428654
10.335,0.06149084917398798,87.15353818842898,0,100,3.0,8,0.19115917204809865
10.34,0.04559141333598128,87.74725089071974,0,100,3.0,8,0.2029158592221731
10.345,0.03306217087257399,88.22774168238095,0,100,3.0,8,0.21243052836397924
10.35,0.02345067901074276,88.57593914149084,0,100,3.0,8,0.21932552755427395
10.355,0.016268788896435526,88.77773137510404,0,100,3.0,8,0.2233214133683968
10.36,0.011039026374860051,88.82481855964929,0,100,3.0,8,0.22425383286434233
10.365,0.007326255555493689,88.71524935893723,0,100,3.0,8,0.22208414572152926
10.37,0.0047556414315231815,88.45354650959632,0,100,3.0,8,0.21690191108111528
10.375,0.0030193390635632803,88.05039484238684,0,100,3.0,8,0.20891870975023438
10.38,0.001874953127946523,87.52191701266186,0,100,3.0,8,0.1984538022309279
10.385,0.0011387927410965778,86.88860404516025,0,100,3.0,8,0.18591295138931188
10.39,0.0006765107634274089,86.17399918548756,0,100,3.0,8,0.17176236010866455
10.395,0.00039307957404427924,85.40325259759987,0,100,3.0,8,0.15650005143762127
10.4,0.00022338910511776318,84.60166988532686,0,100,3.0,8,0.14062712644211597
10.405,0.00012417073320013317,83.79336949573046,0,100,3.0,8,0.12462117813327643
10.41,6.750753468904987e-05,83.00014467233905,0,100,3.0,8,0.10891375588790192
10.415,3.5897234866245036e-05,82.2405979846216,0,100,3.0,8,0.09387322741824954
10.42,1.8670050400879738e-05,81.52958456421845,0,100,3.0,8,0.07979375374690006
10.425,9.497421874143672e-06,80.8779681711764,0,100,3.0,8,0.06689045883517634
10.43,4.725434140340885e-06,80.29266578507671,0,100,3.0,8,0.05530031257577638
10.435,2.299606063738814e-06,79.77693434234938,0,100,3.0,8,0.045087808759393624
10.44,1.0945633976635486e-06,79.33083911757771,0,100,3.0,8,0.03625423995203387
10.445,5.095703414287532e-07,78.95183743607637,0,100,3.0,8,0.028749256159928207
10.45,2.3202944964797243e-07,78.63541317800785,0,100,3.0,8,0.022483429267482213
10.455,1.0333746954038608e-07,78.3757053491493,0,100,3.0,8,0.017340699983154448
10.46,4.501406988770349e-08,78.16608584846017,0,100,3.0,8,0.013189818781389513
10.465,0.0,77.99965535153865,0,100,3.0,8,0.00989416537700296
10.47,0.0,77.86964004284735,0,100,3.0,8,0.007319604808858435
10.475,0.0,77.7696842680522,0,100,3.0,8,0.005340282535687178
10.48,0.0,77.69404405685896,0,100,3.0,8,0.0038424565714644857
10.485,0.0,77.63769342762592,0,100,3.0,8,0.0027266025272459243
10.49,0.0,77.59635942692422,0,100,3.0,8,0.0019081074638460122
10.495,0.0,77.56650332172448,0,100,3.0,8,0.0013168974598907444
10.5,0.0,77.54526479938636,0,100,3.0,8,0.0008963326611160258
10.505,0.0,77.53038407321809,0,100,3.0,8,0.0006016648161997493
10.51,0.0,77.52011404975813,0,100,3.0,8,0.0003982980150125725
10.515,0.0,77.51313170683527,0,100,3.0,8,0.0002600337987181626
10.52,0.0,77.50845494854985,0,100,3.0,8,0.0001674247237594887
10.525,0.0,77.5053686969771,0,100,3.0,8,0.00010631083122971762
10.53,0.0,77.50336197861758,0,100,3.0,8,6.6573834011411e-05
10.535,0.0,77.50207629536354,0,100,3.0,8,4.1114759673998586e-05
10.54,0.0,77.5012645949802,0,100,3.0,8,2.5041484756421046e-05
10.545,0.0,77.50075959466382,0,100,3.0,8,1.5041478491465937e-05
10.55,0.0,77.50044996681824,0,100,3.0,8,8.910234024507182e-06
10.555,0.0,77.50026287374051,0,100,3.0,8,5.205420604165783e-06
10.56,0.0,77.50015145445519,0,100,3.0,8,2.9990981226213685e-06
10.565,0.0,77.5000860567684,0,100,3.0,8,1.7040944236790586e-06
10.57,0.0,77.50004822321333,0,100,3.0,8,9.549151153769704e-07
10.575,0.0,77.50002664988816,0,100,3.0,8,5.277205575409182e-07
10.58,0.0,77.50001452455274,0,100,3.0,8,2.87614905726802e-07
10.585,0.0,77.50000780689389,0,100,3.0,8,1.545919582269454e-07
10.59,0.001684486749771458,77.5000041382995,0,100,3.0,8,8.194652479579589e-08
10.595,0.00456624331333666,77.5000021633844,0,100,3.0,8,4.2839294936507795e-08
10.6,0.011079731271581421,77.50000111535623,0,100,3.0,8,2.2086261919461736e-08
10.605,0.024064571490409,77.50000056710259,0,100,3.0,8,1.1229754235419834e-08
10.61,0.046784906529573234,77.5000002843661,0,100,3.0,8,5.631011784469881e-09
10.615,0.08141644351188804,77.50000014062486,0,100,3.0,8,2.784650749811473e-09
10.62,0.12682276464025305,77.5000000685827,0,100,3.0,8,1.3580731346976763e-09
10.625,0.1768320708657512,77.5000000329864,0,100,3.0,8,6.53196168221455e-10
10.63,0.22070063230473494,77.50000001564673,0,100,3.0,8,3.0983631062338077e-10
10.635,0.24656126505113576,77.50000000731949,0,100,3.0,8,1.4494030618170475e-10
10.64,0.24656126505724016,77.5000000033768,0,100,3.0,8,6.686727739170327e-11
10.645,0.220700632329898,77.50000000153638,0,100,3.0,8,3.042332942226998e-11
10.65,0.17683207093748562,77.50000000068938,0,100,3.0,8,1.3651144021567612e-11
10.655,0.12682276483597799,77.50000000030506,0,100,3.0,8,6.0408795677473545e-12
10.66,0.08141644409447898,77.50000000013313,0,100,3.0,8,2.6361839004358887e-12
10.665,0.04678490952598309,77.5000000000573,0,100,3.0,8,1.1346171527068214e-12
10.67,0.024064605020532023,77.50000000002431,0,100,3.0,8,4.81480641934864e-13
10.675,0.011080171739334697,77.50000000001017,0,100,3.0,8,2.0148459358583435e-13
10.68,0.004571212771509492,77.5000000000042,0,100,3.0,8,8.329530684554046e-14
10.685,0.0017299316936037438,77.5000000000017,0,100,3.0,8,3.376836764008397e-14
10.69,0.0008899431850697582,77.50000000000068,0,100,3.0,8,1.3507347056033587e-14
10.695,0.002128806368910263,77.50000000000027,0,100,3.0,8,5.346658209679962e-15
10.7,0.009309664818487698,77.5000000000001,0,100,3.0,8,1.969821445671565e-15
10.705,0.03503263543368747,77.50000000000004,0,100,3.0,8,8.442091910020992e-16
10.71,0.10606267793605692,77.50000000000001,0,100,3.0,8,2.814030636673664e-16
10.715,0.25734927343160535,77.5,0,100,3.0,8,0.0
10.72,0.5003202479539708,77.5,0,100,3.0,8,0.0
10.725,0.7793067891790435,77.5,0,100,3.0,8,0.0
10.73,0.9720477407234077,77.50000297094563,1,100,3.0,8,5.8830606533747686e-08
10.735,0.967267334488097,77.50000585321456,0,100,3.0,8,1.1590523881480268e-07
10.74,0.7505869905515209,77.50001231859999,0,100,3.0,8,2.4393267297833374e-07
10.745,0.4028369574773956,77.5000287685175,0,100,3.0,8,5.696736137690438e-07
10.75,0.04553881263121314,77.50007544225073,0,100,3.0,8,1.493905955103941e-06
10.755,-0.189138810908105,77.50021580677046,0,100,3.0,8,4.2734013951609664e-06
10.76,-0.22868072635956738,77.50064122197105,0,100,3.0,8,1.2697464773291268e-05
10.765,-0.14104670682394166,77.50189764285709,0,100,3.0,8,3.7577086278971173e-05
10.77,-0.051158381651102834,77.50544678588247,0,100,3.0,8,0.00010785714618751257
10.775,-0.008206426846427752,77.51494354533021,0,100,3.0,8,0.00029591178871706545
10.78,0.005350271385530505,77.53889317447089,0,100,3.0,8,0.0007701618707106056
10.785,0.01084668799215426,77.59565760011441,0,100,3.0,8,0.0018942099032555873
10.79,0.016256859896386415,77.72188223512214,0,100,3.0,8,0.004393707626180944
10.795,0.02345021205790711,77.98486749911095,0,100,3.0,8,0.00960133661605837
10.8,0.0330621597308209,78.4976358334839,0,100,3.0,8,0.01975516501948312
10.805,0.04559141319943196,79.43210578788607,0,100,3.0,8,0.03825952055219946
10.81,0.06149084917446989,81.02144467284691,0,100,3.0,8,0.06973157768013685
10.815,0.08111733445924295,83.53943824352314,0,100,3.0,8,0.11959283650540864
10.82,0.1046628598272375,87.24612635035874,0,100,3.0,8,0.1929926009972027
10.825,0.1320831047748631,92.29836240213126,0,100,3.0,8,0.29303687925012395
10.83,0.16303381314489318,98.6415242177682,0,100,3.0,8,0.41864404391620186
10.835,0.19682662652900276,105.91856224009601,0,100,3.0,8,0.5627438067345745
10.84,0.23241585813229,113.44355699129795,0,100,3.0,8,0.7117536037880783
10.845,0.26842527782774417,120.27731578487735,0,100,3.0,9,0.8470755600965811
10.85,0.30321927900592993,125.40886924748625,0,100,3.0,9,0.9486904801482426
10.855,0.3350163137995362,128.0,0,100,3.0,9,1.0
10.86,0.3620352400956416,127.61297446918879,0,100,3.0,9,0.9923361281027482
10.865,0.3826586036805073,124.33696161207922,0,100,3.0,9,0.9274645863778064
10.87,0.39559233134833227,118.76344665656188,0,100,3.0,9,0.8170979535952848
10.875,0.4,111.82039289833824,0,100,3.0,9,0.6796117405611533
10.88,0.39559233134833227,104.52944873576625,0,100,3.0,9,0.5352366086290347
10.885,0.3826586036805073,97.77357003237384,0,100,3.0,9,0.40145683232423446
10.89,0.3620352400956416,92.14593155860807,0,100,3.0,9,0.2900184467051103
10.895,0.3350163137995362,87.90825613345055,0,100,3.0,9,0.20610408185050594
10.9,0.3032192790059296,85.04198682162858,0,100,3.0,9,0.1493462736956155
10.905,0.26842527782774417,83.34911037832367,0,100,3.0,9,0.11582396788759747
10.91,0.23241585813229,82.55716877843483,0,100,3.0,9,0.10014195600861046
10.915,0.19682662652900276,82.39818228678223,0,100,3.0,9,0.09699370864915308
10.92,0.16303381314489318,82.65144010719679,0,100,3.0,9,0.10200871499399586
10.925,0.13208310477486307,83.15544646601765,0,100,3.0,9,0.11198903893104259
10.93,0.10466285982723562,83.80098496712186,0,100,3.0,9,0.12477197954696759
10.935,0.08111733445917907,84.51679817502719,0,100,3.0,9,0.13894649851538993
10.94,0.06149084917398798,85.25545908263547,0,100,3.0,9,0.15357344718090035
10.945,0.04559141333598128,85.98282074337618,0,100,3.0,9,0.16797664838368673
10.95,0.03306217087257399,86.67155747492474,0,100,3.0,9,0.1816149995034602
10.955,0.02345067901074276,87.29795930335597,0,100,3.0,9,0.19401899610605874
10.96,0.016268788896435526,87.84083911807926,0,100,3.0,9,0.20476909144711405
10.965,0.011039026374860051,88.28160151207733,0,100,3.0,9,0.21349705964509563
10.97,0.007326255555493689,88.60482836895572,0,100,3.0,9,0.21989759146446974
10.975,0.0047556414315231815,88.79899114489746,0,100,3.0,9,0.22374239890886052
10.98,0.0030193390635632803,88.85706779854773,0,100,3.0,9,0.22489243165441053
10.985,0.001874953127946523,88.77694250763581,0,100,3.0,9,0.22330579223041205
10.99,0.0011387927410965778,88.56152685954629,0,100,3.0,9,0.21904013583259982
10.995,0.0006765107634274089,88.21858228046267,0,100,3.0,9,0.2122491540685677
11.0,0.00039307957404427924,87.76025532372388,0,100,3.0,9,0.20317337274700756
11.005,0.00022338910511776318,87.20236355807309,0,100,3.0,9,0.19212601105095226
11.01,0.00012417073320013317,86.5634902866797,0,100,3.0,9,0.17947505518177614
11.015,6.750753468904987e-05,85.86396018771272,0,100,3.0,9,0.16562297401411327
11.02,3.5897234866245036e-05,85.12477432033205,0,100,3.0,9,0.15098563010558516
11.025,1.8670050400879738e-05,84.36658158555097,0,100,3.0,9,0.13597191258516783
11.03,9.497421874143672e-06,83.60875530007408,0,100,3.0,9,0.12096545148661544
11.035,4.725434140340885e-06,82.86862941840498,0,100,3.0,9,0.10630949343376195
11.04,2.299606063738814e-06,82.1609310518812,0,100,3.0,9,0.09229566439368726
11.045,1.0945633976635486e-06,81.49742647014536,0,100,3.0,9,0.07915695980485854
11.05,5.095703414287532e-07,80.88677888145745,0,100,3.0,9,0.06706492834569198
11.055,2.3202944964797243e-07,80.33459982381898,0,100,3.0,9,0.05613068958057379
11.06,1.0333746954038608e-07,79.84366331563119,0,100,3.0,9,0.04640917456695426
11.065,4.501406988770349e-08,79.4142437702478,0,100,3.0,9,0.03790581723262958
11.07,0.0,79.04453522094083,0,100,3.0,9,0.030584855860214453
11.075,0.0,78.73111024024065,0,100,3.0,9,0.024378420598824817
11.08,0.0,78.46938127165673,0,100,3.0,9,0.01919566874567781
11.085,0.0,78.25403387991976,0,100,3.0,9,0.014931363958807127
11.09,0.0,78.07940954909407,0,100,3.0,9,0.011473456417704283
11.095,0.0,77.93982406759571,0,100,3.0,9,0.00870938747714274
11.1,0.0,77.8298153669202,0,100,3.0,9,0.006530997364756453
11.105,0.0,77.74432130323292,0,100,3.0,9,0.004838045608572724
11.11,0.0,77.67879292921928,0,100,3.0,9,0.0035404540439462227
11.115,0.0,77.62925218591911,0,100,3.0,9,0.00255944922612107
11.12,0.0,77.59230474085237,0,100,3.0,9,0.0018278166505419813
11.125,0.0,77.56511914230262,0,100,3.0,9,0.0012894879663885247
11.13,0.0,77.54538286297166,0,100,3.0,9,0.0008986705538943354
11.135,0.0,77.5312445059329,0,100,3.0,9,0.0006187030877802698
11.14,0.0,77.52124975792847,0,100,3.0,9,0.00042078728571233557
11.145,0.0,77.51427686543666,0,100,3.0,9,0.00028271020666646127
11.15,0.0,77.50947567810488,0,100,3.0,9,0.00018763719019558933
11.155,0.0,77.50621278444058,0,100,3.0,9,0.0001230254344668898
11.16,0.0,77.50402402644141,0,100,3.0,9,7.968369190918322e-05
11.165,0.0,77.50257474319895,0,100,3.0,9,5.098501384056795e-05
11.17,0.0,77.50162744217775,0,100,3.0,9,3.222657777721924e-05
11.175,0.0,77.50101619199279,0,100,3.0,9,2.0122613718605393e-05
11.18,0.0,77.50062682242242,0,100,3.0,9,1.2412325196408455e-05
11.185,0.0,77.50038195467684,0,100,3.0,9,7.56345894732215e-06
11.19,0.0,77.50022992049958,0,100,3.0,9,4.552881179760973e-06
11.195,0.0,77.50013672316726,0,100,3.0,9,2.7073894506708647e-06
11.2,0.0,77.50008031655649,0,100,3.0,9,1.5904268612230947e-06
11.205,0.0,77.50004660865855,0,100,3.0,9,9.22943733672078e-07
11.21,0.0,77.50002671939872,0,100,3.0,9,5.29097004325852e-07
11.215,0.0,77.500015131616,0,100,3.0,9,2.996359603119993e-07
11.22,0.0,77.50000846530277,0,100,3.0,9,1.67629757819362e-07
11.225,0.0,77.50000467840951,0,100,3.0,9,9.264177248438176e-08
11.23,0.0,77.50000255418604,0,100,3.0,9,5.057794137743744e-08
11.235,0.001684486749771458,77.50000137754365,0,100,3.0,9,2.7278092163511912e-08
11.24,0.00456624331333666,77.5000007339336,0,100,3.0,9,1.4533338686521915e-08
11.245,0.011079731271581421,77.500000386284,0,100,3.0,9,7.649188125586728e-09
11.25,0.024064571490409,77.50000020084232,0,100,3.0,9,3.9770756896782906e-09
11.255,0.046784906529573234,77.50000010315784,0,100,3.0,9,2.0427296026310154e-09
11.26,0.08141644351188804,77.5000000523417,0,100,3.0,9,1.0364693921609173e-09
11.265,0.12682276464025305,77.50000002623567,0,100,3.0,9,5.195181754538455e-10
11.27,0.1768320708657512,77.50000001299077,0,100,3.0,9,2.57242922233141e-10
11.275,0.22070063230473494,77.50000000635443,0,100,3.0,9,1.2583022412805389e-10
11.28,0.24656126505113576,77.50000000307055,0,100,3.0,9,6.080304136967153e-11
11.285,0.24656126505724016,77.50000000146574,0,100,3.0,9,2.9024474792779507e-11
11.29,0.220700632329898,77.50000000069117,0,100,3.0,9,1.36866008075897e-11
11.295,0.17683207093748562,77.50000000032198,0,100,3.0,9,6.3757492135115204e-12
11.3,0.12682276483597799,77.50000000014816,0,100,3.0,9,2.9339083417959623e-12
11.305,0.08141644409447898,77.50000000006736,0,100,3.0,9,1.3338505217833169e-12
11.31,0.04678490952598309,77.50000000003025,0,100,3.0,9,5.991071225478231e-13
11.315,0.024064605020532023,77.50000000001342,0,100,3.0,9,2.656444921019939e-13
11.32,0.011080171739334697,77.50000000000588,0,100,3.0,9,1.165008683582897e-13
11.325,0.004571212771509492,77.50000000000254,0,100,3.0,9,5.037114839645859e-14
11.33,0.0017299316936037438,77.5000000000011,0,100,3.0,9,2.1668035902387214e-14
11.335,0.0008899431850697582,77.50000000000045,0,100,3.0,9,9.004898037355725e-15
11.34,0.002128806368910263,77.50000000000018,0,100,3.0,9,3.6582398276757634e-15
11.345,0.009309664818487698,77.50000000000009,0,100,3.0,9,1.6884183820041984e-15
11.35,0.03503263543368747,77.50000000000003,0,100,3.0,9,5.628061273347328e-16
11.355,0.10606267793605692,77.50000000000001,0,100,3.0,9,2.814030636673664e-16
11.36,0.25734927343160535,77.5,0,100,3.0,9,0.0
11.365,0.5003202479539708,77.5,0,100,3.0,9,0.0
11.37,0.7793067891790435,77.5,0,100,3.0,9,0.0
11.375,0.9720477407234077,77.5,1,100,3.0,9,0.0
11.38,0.967267334488097,77.5,0,100,3.0,9,0.0
11.385,0.7505869905515209,77.5,0,100,3.0,9,0.0
11.39,0.4028369574773956,77.5,0,100,3.0,9,0.0
11.395,0.04553881263121314,77.5,0,100,3.0,9,0.0
11.4,-0.189138810908105,77.5,0,100,3.0,9,0.0
11.405,-0.22868072635956738,77.5,0,100,3.0,9,0.0
11.41,-0.14104670682394166,77.5,0,100,3.0,9,0.0
11.415,-0.051158381651102834,77.5,0,100,3.0,9,0.0
11.42,-0.008206426846427752,77.5,0,100,3.0,9,0.0
11.425,0.005350271385530505,77.5,0,100,3.0,9,0.0
11.43,0.01084668799215426,77.5,0,100,3.0,9,0.0
11.435,0.016256859896386415,77.5,0,100,3.0,9,0.0
11.44,0.02345021205790711,77.5,0,100,3.0,9,0.0
11.445,0.0330621597308209,77.5,0,100,3.0,9,0.0
11.45,0.04559141319943196,77.5,0,100,3.0,9,0.0
11.455,0.06149084917446989,77.5,0,100,3.0,9,0.0
11.46,0.08111733445924295,77.5,0,100,3.0,9,0.0
11.465,0.1046628598272375,77.5,0,100,3.0,9,0.0
11.47,0.1320831047748631,77.5,0,100,3.0,9,0.0
11.475,0.16303381314489318,77.5,0,100,3.0,9,0.0
11.48,0.19682662652900276,77.5,0,100,3.0,9,0.0
11.485,0.23241585813229,77.5,0,100,3.0,9,0.0
11.49,0.26842527782774417,77.5,0,100,3.0,9,0.0
11.495,0.30321927900592993,77.5,0,100,3.0,9,0.0
11.5,0.3350163137995362,77.5,0,100,3.0,9,0.0
11.505,0.3620352400956416,77.5,0,100,3.0,9,0.0
11.51,0.3826586036805073,77.5,0,100,3.0,9,0.0
11.515,0.39559233134833227,77.5,0,100,3.0,9,0.0
11.52,0.4,77.5,0,100,3.0,9,0.0
11.525,0.39559233134833227,77.5,0,100,3.0,9,0.0
11.53,0.3826586036805073,77.5,0,100,3.0,9,0.0
11.535,0.3620352400956416,77.5,0,100,3.0,9,0.0
11.54,0.3350163137995362,77.5,0,100,3.0,9,0.0
11.545,0.3032192790059296,77.5,0,100,3.0,9,0.0
11.55,0.26842527782774417,77.5,0,100,3.0,9,0.0
11.555,0.23241585813229,77.5,0,100,3.0,9,0.0
11.56,0.19682662652900276,77.5,0,100,3.0,9,0.0
11.565,0.16303381314489318,77.5,0,100,3.0,9,0.0
11.57,0.13208310477486307,77.5,0,100,3.0,9,0.0
11.575,0.10466285982723562,77.5,0,100,3.0,9,0.0
11.58,0.08111733445917907,77.5,0,100,3.0,9,0.0
11.585,0.06149084917398798,77.5,0,100,3.0,9,0.0
11.59,0.04559141333598128,77.5,0,100,3.0,9,0.0
11.595,0.03306217087257399,77.5,0,100,3.0,9,0.0
11.6,0.02345067901074276,77.5,0,100,3.0,9,0.0
11.605,0.016268788896435526,77.5,0,100,3.0,9,0.0
11.61,0.011039026374860051,77.5,0,100,3.0,9,0.0
11.615,0.007326255555493689,77.5,0,100,3.0,9,0.0
11.62,0.0047556414315231815,77.5,0,100,3.0,9,0.0
11.625,0.0030193390635632803,77.5,0,100,3.0,9,0.0
11.63,0.001874953127946523,77.5,0,100,3.0,9,0.0
11.635,0.0011387927410965778,77.5,0,100,3.0,9,0.0
11.64,0.0006765107634274089,77.5,0,100,3.0,9,0.0
11.645,0.00039307957404427924,77.5,0,100,3.0,9,0.0
11.65,0.00022338910511776318,77.5,0,100,3.0,9,0.0
11.655,0.00012417073320013317,77.5,0,100,3.0,9,0.0
11.66,6.750753468904987e-05,77.5,0,100,3.0,9,0.0
11.665,3.5897234866245036e-05,77.5,0,100,3.0,9,0.0
11.67,1.8670050400879738e-05,77.5,0,100,3.0,9,0.0
11.675,9.497421874143672e-06,77.5,0,100,3.0,9,0.0
11.68,4.725434140340885e-06,77.5,0,100,3.0,9,0.0
11.685,2.299606063738814e-06,77.5,0,100,3.0,9,0.0
11.69,1.0945633976635486e-06,77.5,0,100,3.0,9,0.0
11.695,5.095703414287532e-07,77.5,0,100,3.0,9,0.0
11.7,2.3202944964797243e-07,77.5,0,100,3.0,9,0.0
11.705,1.0333746954038608e-07,77.5,0,100,3.0,9,0.0
11.71,4.501406988770349e-08,77.5,0,100,3.0,9,0.0
11.715,0.0,77.5,0,100,3.0,9,0.0
11.72,0.0,77.5,0,100,3.0,9,0.0
11.725,0.0,77.5,0,100,3.0,9,0.0
11.73,0.0,77.5,0,100,3.0,9,0.0
11.735,0.0,77.5,0,100,3.0,9,0.0
11.74,0.0,77.5,0,100,3.0,9,0.0
11.745,0.0,77.5,0,100,3.0,9,0.0
11.75,0.0,77.5,0,100,3.0,9,0.0
11.755,0.0,77.5,0,100,3.0,9,0.0
11.76,0.0,77.5,0,100,3.0,9,0.0
11.765,0.0,77.5,0,100,3.0,9,0.0
11.77,0.0,77.5,0,100,3.0,9,0.0
11.775,0.0,77.5,0,100,3.0,9,0.0
11.78,0.0,77.5,0,100,3.0,9,0.0
11.785,0.0,77.5,0,100,3.0,9,0.0
11.79,0.0,77.5,0,100,3.0,9,0.0
11.795,0.0,77.5,0,100,3.0,9,0.0
11.8,0.0,77.5,0,100,3.0,9,0.0
11.805,0.0,77.5,0,100,3.0,9,0.0
11.81,0.0,77.5,0,100,3.0,9,0.0
11.815,0.0,77.5,0,100,3.0,9,0.0
11.82,0.0,77.5,0,100,3.0,9,0.0
11.825,0.0,77.5,0,100,3.0,9,0.0
11.83,0.0,77.5,0,100,3.0,9,0.0
11.835,0.0,77.5,0,100,3.0,9,0.0
11.84,0.0,77.5,0,100,3.0,9,0.0
11.845,0.0,77.5,0,100,3.0,9,0.0
11.85,0.0,77.5,0,100,3.0,9,0.0
11.855,0.0,77.5,0,100,3.0,9,0.0
11.86,0.0,77.5,0,100,3.0,9,0.0
11.865,0.0,77.5,0,100,3.0,9,0.0
11.87,0.0,77.5,0,100,3.0,9,0.0
11.875,0.0,77.5,0,100,3.0,9,0.0
11.88,0.0,77.5,0,100,3.0,9,0.0
11.885,0.0,77.5,0,100,3.0,9,0.0
11.89,0.0,77.5,0,100,3.0,9,0.0
11.895,0.0,77.5,0,100,3.0,9,0.0
11.9,0.0,77.5,0,100,3.0,9,0.0
11.905,0.0,77.5,0,100,3.0,9,0.0
11.91,0.0,77.5,0,100,3.0,9,0.0
11.915,0.0,77.5,0,100,3.0,9,0.0
11.92,0.0,77.5,0,100,3.0,9,0.0
11.925,0.0,77.5,0,100,3.0,9,0.0
11.93,0.0,77.5,0,100,3.0,9,0.0
11.935,0.0,77.5,0,100,3.0,9,0.0
11.94,0.0,77.5,0,100,3.0,9,0.0
11.945,0.0,77.5,0,100,3.0,9,0.0
11.95,0.0,77.5,0,100,3.0,9,0.0
11.955,0.0,77.5,0,100,3.0,9,0.0
11.96,0.0,77.5,0,100,3.0,9,0.0
11.965,0.0,77.5,0,100,3.0,9,0.0
11.97,0.0,77.5,0,100,3.0,9,0.0
11.975,0.0,77.5,0,100,3.0,9,0.0
11.98,0.0,77.5,0,100,3.0,9,0.0
11.985,0.0,77.5,0,100,3.0,9,0.0
11.99,0.0,77.5,0,100,3.0,9,0.0
11.995,0.0,77.5,0,100,3.0,9,0.0
