Time,ECG,Pressure,R_Peaks,mean_hr,hrv_scale,Phase_Bin,Normalized_Pressure
0.0,0.001684486749771458,77.5,0,100,3.0,0,0.0
0.005,0.00456624331333666,77.5,0,100,3.0,0,0.0
0.01,0.011079731271581421,77.5,0,100,3.0,0,0.0
0.015,0.024064571490409,77.5,0,100,3.0,0,0.0
0.02,0.046784906529573234,77.5,0,100,3.0,0,0.0
0.025,0.08141644351188804,77.5,0,100,3.0,0,0.0
0.03,0.12682276464025305,77.5,0,100,3.0,0,0.0
0.035,0.1768320708657512,77.5,0,100,3.0,0,0.0
0.04,0.22070063230473494,77.5,0,100,3.0,0,0.0
0.045,0.24656126505113576,77.5,0,100,3.0,0,0.0
0.05,0.24656126505724016,77.5,0,100,3.0,0,0.0
0.055,0.220700632329898,77.5,0,100,3.0,0,0.0
0.06,0.17683207093748562,77.5,0,100,3.0,0,0.0
0.065,0.12682276483597799,77.5,0,100,3.0,0,0.0
0.07,0.08141644409447898,77.5,0,100,3.0,0,0.0
0.075,0.04678490952598309,77.5,0,100,3.0,0,0.0
0.08,0.024064605020532023,77.5,0,100,3.0,0,0.0
0.085,0.011080171739334697,77.5,0,100,3.0,0,0.0
0.09,0.004571212771509492,77.5,0,100,3.0,0,0.0
0.095,0.0017299316936037438,77.5,0,100,3.0,0,0.0
0.1,0.0008899431850697582,77.5,0,100,3.0,0,0.0
0.105,0.002128806368910263,77.5,0,100,3.0,0,0.0
0.11,0.009309664818487698,77.5,0,100,3.0,0,0.0
0.115,0.03503263543368747,77.5,0,100,3.0,0,0.0
0.12,0.10606267793605692,77.5,0,100,3.0,0,0.0
0.125,0.25734927343160535,77.5,0,100,3.0,0,0.0
0.13,0.5003202479539708,77.5,0,100,3.0,0,0.0
0.135,0.7793067891790435,77.5,0,100,3.0,0,0.0
0.14,0.9720477407234077,77.5,0,100,3.0,0,0.0
0.145,0.967267334488097,77.5,0,100,3.0,0,0.0
0.15,0.7505869905515209,77.5,0,100,3.0,0,0.0
0.155,0.4028369574773956,77.5,0,100,3.0,0,0.0
0.16,0.04553881263121314,77.5,0,100,3.0,0,0.0
0.165,-0.189138810908105,77.5,0,100,3.0,0,0.0
0.17,-0.22868072635956738,77.5,0,100,3.0,0,0.0
0.175,-0.14104670682394166,77.5,0,100,3.0,0,0.0
0.18,-0.051158381651102834,77.5,0,100,3.0,0,0.0
0.185,-0.008206426846427752,77.5,0,100,3.0,0,0.0
0.19,0.005350271385530505,77.5,0,100,3.0,0,0.0
0.195,0.01084668799215426,77.5,0,100,3.0,0,0.0
0.2,0.016256859896386415,77.5,0,100,3.0,0,0.0
0.205,0.02345021205790711,77.5,0,100,3.0,0,0.0
0.21,0.0330621597308209,77.5,0,100,3.0,0,0.0
0.215,0.04559141319943196,77.5,0,100,3.0,0,0.0
0.22,0.06149084917446989,77.5,0,100,3.0,0,0.0
0.225,0.08111733445924295,77.5,0,100,3.0,0,0.0
0.23,0.1046628598272375,77.5,0,100,3.0,0,0.0
0.235,0.1320831047748631,77.5,0,100,3.0,0,0.0
0.24,0.16303381314489318,77.5,0,100,3.0,0,0.0
0.245,0.19682662652900276,77.5,0,100,3.0,0,0.0
0.25,0.23241585813229,77.5,0,100,3.0,0,0.0
0.255,0.26842527782774417,77.5,0,100,3.0,0,0.0
0.26,0.30321927900592993,77.5,0,100,3.0,0,0.0
0.265,0.3350163137995362,77.5,0,100,3.0,0,0.0
0.27,0.3620352400956416,77.5,0,100,3.0,0,0.0
0.275,0.3826586036805073,77.5,0,100,3.0,0,0.0
0.28,0.39559233134833227,77.5,0,100,3.0,0,0.0
0.285,0.4,77.5,0,100,3.0,0,0.0
0.29,0.39559233134833227,77.5,0,100,3.0,0,0.0
0.295,0.3826586036805073,77.5,0,100,3.0,0,0.0
0.3,0.3620352400956416,77.5,0,100,3.0,0,0.0
0.305,0.3350163137995362,77.5,0,100,3.0,0,0.0
0.31,0.3032192790059296,77.5,0,100,3.0,0,0.0
0.315,0.26842527782774417,77.5,0,100,3.0,0,0.0
0.32,0.23241585813229,77.5,0,100,3.0,0,0.0
0.325,0.19682662652900276,77.5,0,100,3.0,0,0.0
0.33,0.16303381314489318,77.5,0,100,3.0,0,0.0
0.335,0.13208310477486307,77.5,0,100,3.0,0,0.0
0.34,0.10466285982723562,77.5,0,100,3.0,0,0.0
0.345,0.08111733445917907,77.5,0,100,3.0,0,0.0
0.35,0.06149084917398798,77.5,0,100,3.0,0,0.0
0.355,0.04559141333598128,77.5,0,100,3.0,0,0.0
0.36,0.03306217087257399,77.5,0,100,3.0,0,0.0
0.365,0.02345067901074276,77.5,0,100,3.0,0,0.0
0.37,0.016268788896435526,77.5,0,100,3.0,0,0.0
0.375,0.011039026374860051,77.5,0,100,3.0,0,0.0
0.38,0.007326255555493689,77.5,0,100,3.0,0,0.0
0.385,0.0047556414315231815,77.5,0,100,3.0,0,0.0
0.39,0.0030193390635632803,77.5,0,100,3.0,0,0.0
0.395,0.001874953127946523,77.5,0,100,3.0,0,0.0
0.4,0.0011387927410965778,77.5,0,100,3.0,0,0.0
0.405,0.0006765107634274089,77.5,0,100,3.0,0,0.0
0.41,0.00039307957404427924,77.5,0,100,3.0,0,0.0
0.415,0.00022338910511776318,77.5,0,100,3.0,0,0.0
0.42,0.00012417073320013317,77.5,0,100,3.0,0,0.0
0.425,6.750753468904987e-05,77.5,0,100,3.0,0,0.0
0.43,3.5897234866245036e-05,77.5,0,100,3.0,0,0.0
0.435,1.8670050400879738e-05,77.5,0,100,3.0,0,0.0
0.44,9.497421874143672e-06,77.5,0,100,3.0,0,0.0
0.445,4.725434140340885e-06,77.5,0,100,3.0,0,0.0
0.45,2.299606063738814e-06,77.5,0,100,3.0,0,0.0
0.455,1.0945633976635486e-06,77.5,0,100,3.0,0,0.0
0.46,5.095703414287532e-07,77.5,0,100,3.0,0,0.0
0.465,2.3202944964797243e-07,77.5,0,100,3.0,0,0.0
0.47,1.0333746954038608e-07,77.5,0,100,3.0,0,0.0
0.475,4.501406988770349e-08,77.5,0,100,3.0,0,0.0
0.48,0.0,77.5,0,100,3.0,0,0.0
0.485,0.0,77.5,0,100,3.0,0,0.0
0.49,0.0,77.5,0,100,3.0,0,0.0
0.495,0.0,77.5,0,100,3.0,0,0.0
0.5,0.0,77.5,0,100,3.0,0,0.0
0.505,0.0,77.5,0,100,3.0,0,0.0
0.51,0.0,77.5,0,100,3.0,0,0.0
0.515,0.0,77.5,0,100,3.0,0,0.0
0.52,0.0,77.5,0,100,3.0,0,0.0
0.525,0.0,77.5,0,100,3.0,0,0.0
0.53,0.0,77.5,0,100,3.0,0,0.0
0.535,0.0,77.5,0,100,3.0,0,0.0
0.54,0.0,77.5,0,100,3.0,0,0.0
0.545,0.0,77.5,0,100,3.0,0,0.0
0.55,0.0,77.5,0,100,3.0,0,0.0
0.555,0.0,77.5,0,100,3.0,0,0.0
0.56,0.0,77.5,0,100,3.0,0,0.0
0.565,0.0,77.5,0,100,3.0,0,0.0
0.57,0.0,77.5,0,100,3.0,0,0.0
0.575,0.0,77.5,0,100,3.0,0,0.0
0.58,0.0,77.5,0,100,3.0,0,0.0
0.585,0.0,77.5,0,100,3.0,0,0.0
0.59,0.0,77.5,0,100,3.0,0,0.0
0.595,0.0,77.5,0,100,3.0,0,0.0
0.6,0.0,77.5,0,100,3.0,0,0.0
0.605,0.0,77.5,0,100,3.0,0,0.0
0.61,0.0,77.5,0,100,3.0,0,0.0
0.615,0.001684486749771458,77.5,0,100,3.0,0,0.0
0.62,0.00456624331333666,77.5,0,100,3.0,0,0.0
0.625,0.011079731271581421,77.5,0,100,3.0,0,0.0
0.63,0.024064571490409,77.5,0,100,3.0,0,0.0
0.635,0.046784906529573234,77.5,0,100,3.0,0,0.0
0.64,0.08141644351188804,77.5,0,100,3.0,0,0.0
0.645,0.12682276464025305,77.5,0,100,3.0,0,0.0
0.65,0.1768320708657512,77.5,0,100,3.0,0,0.0
0.655,0.22070063230473494,77.5,0,100,3.0,0,0.0
0.66,0.24656126505113576,77.5,0,100,3.0,0,0.0
0.665,0.24656126505724016,77.5,0,100,3.0,0,0.0
0.67,0.220700632329898,77.5,0,100,3.0,0,0.0
0.675,0.17683207093748562,77.5,0,100,3.0,0,0.0
0.68,0.12682276483597799,77.5,0,100,3.0,0,0.0
0.685,0.08141644409447898,77.5,0,100,3.0,0,0.0
0.69,0.04678490952598309,77.5,0,100,3.0,0,0.0
0.695,0.024064605020532023,77.5,0,100,3.0,0,0.0
0.7,0.011080171739334697,77.5,0,100,3.0,0,0.0
0.705,0.004571212771509492,77.5,0,100,3.0,0,0.0
0.71,0.0017299316936037438,77.5,0,100,3.0,0,0.0
0.715,0.0008899431850697582,77.5,0,100,3.0,0,0.0
0.72,0.002128806368910263,77.5,0,100,3.0,0,0.0
0.725,0.009309664818487698,77.5,0,100,3.0,0,0.0
0.73,0.03503263543368747,77.5,0,100,3.0,0,0.0
0.735,0.10606267793605692,77.5,0,100,3.0,0,0.0
0.74,0.25734927343160535,77.5,0,100,3.0,0,0.0
0.745,0.5003202479539708,77.5,0,100,3.0,0,0.0
0.75,0.7793067891790435,77.5,0,100,3.0,0,0.0
0.755,0.9720477407234077,77.50000298257781,1,100,3.0,0,5.9060946760288096e-08
0.76,0.967267334488097,77.50000698562181,0,100,3.0,0,1.3832914473283328e-07
0.765,0.7505869905515209,77.50001839468638,0,100,3.0,0,3.642512154166782e-07
0.77,0.4028369574773956,77.50005766999934,0,100,3.0,0,1.1419801848709954e-06
0.775,0.04553881263121314,77.50020995712008,0,100,3.0,0,4.157566734204353e-06
0.78,-0.189138810908105,77.50081280880359,0,100,3.0,0,1.6095223833415298e-05
0.785,-0.22868072635956738,77.503097351455,0,100,3.0,0,6.133369217815863e-05
0.79,-0.14104670682394166,77.51113090624347,0,100,3.0,0,0.00022041398501912253
0.795,-0.051158381651102834,77.53698570626372,0,100,3.0,0,0.0007323902230439779
0.8,-0.008206426846427752,77.61265550495322,0,100,3.0,0,0.0022308020782816694
0.805,0.005350271385530505,77.81335454355643,0,100,3.0,0,0.006205040466463934
0.81,0.01084668799215426,78.2945754104132,0,100,3.0,0,0.015734166542835687
0.815,0.016256859896386415,79.33525192393353,0,100,3.0,0,0.036341622256109436
0.82,0.02345021205790711,81.35961530766114,0,100,3.0,0,0.07642802589428009
0.825,0.0330621597308209,84.88912272221204,0,100,3.0,0,0.14631926182598093
0.83,0.04559141319943196,90.37654399373201,0,100,3.0,0,0.25498106918281216
0.835,0.06149084917446989,97.92423792213376,0,100,3.0,0,0.40444035489373775
0.84,0.08111733445924295,106.98718963572514,0,100,3.0,0,0.5839047452618841
0.845,0.1046628598272375,116.25086790845694,0,100,3.0,0,0.7673439189793453
0.85,0.1320831047748631,123.85923787688145,0,100,3.0,0,0.918004710433296
0.855,0.16303381314489318,128.0,0,100,3.0,0,1.0
0.86,0.19682662652900276,127.61098502595775,0,100,3.0,0,0.9922967331872821
0.865,0.23241585813229,122.83587158770212,0,100,3.0,0,0.8977400314396459
0.87,0.26842527782774417,114.96520763494516,0,100,3.0,0,0.7418852997018843
0.875,0.30321927900592993,105.89752443347074,0,100,3.0,0,0.562327216504371
0.88,0.3350163137995362,97.4283723807234,0,100,3.0,0,0.39462123526184956
0.885,0.3620352400956416,90.72827099469485,0,100,3.0,0,0.2619459602909872
0.89,0.3826586036805073,86.19634780611744,0,100,3.0,0,0.17220490705183059
0.895,0.39559233134833227,83.63586300786153,0,100,3.0,0,0.12150223777943625
0.9,0.4,82.56052605964184,0,100,3.0,0,0.10020843682459098
0.905,0.39559233134833227,82.45518590911567,0,100,3.0,0,0.09812249324981524
0.91,0.3826586036805073,82.9135053462967,0,100,3.0,0,0.10719812566924163
0.915,0.3620352400956416,83.66619963054956,0,100,3.0,0,0.12210296298117933
0.92,0.3350163137995362,84.55142388335696,0,100,3.0,0,0.13963215610607843
0.925,0.3032192790059296,85.47238297465216,0,100,3.0,0,0.15786896979509235
0.93,0.26842527782774417,86.36478766196998,0,100,3.0,0,0.17554034974197988
0.935,0.23241585813229,87.17876238495688,0,100,3.0,0,0.1916586610882551
0.94,0.19682662652900276,87.87166435112398,0,100,3.0,0,0.205379492101465
0.945,0.16303381314489318,88.40698222909897,0,100,3.0,0,0.21597984612077173
0.95,0.13208310477486307,88.75580649977894,0,100,3.0,0,0.22288725742136517
0.955,0.10466285982723562,88.89887430140394,0,100,3.0,0,0.22572028319611753
0.96,0.08111733445917907,88.82817993521967,0,100,3.0,0,0.22432039475682505
0.965,0.06149084917398798,88.54767901408137,0,100,3.0,0,0.21876592107091816
0.97,0.04559141333598128,88.07291340431424,0,100,3.0,0,0.20936462186760862
0.975,0.03306217087257399,87.42958320393963,0,100,3.0,0,0.19662540997900255
0.98,0.02345067901074276,86.65124282568554,0,100,3.0,0,0.1812127292214959
0.985,0.016268788896435526,85.77640730681179,0,100,3.0,0,0.1638892536002335
0.99,0.011039026374860051,84.8454151685361,0,100,3.0,0,0.14545376571358629
0.995,0.007326255555493689,83.8974007286156,0,100,3.0,0,0.12668120254684345
1.0,0.0047556414315231815,82.96768491225848,0,100,3.0,0,0.108270988361554
1.005,0.0030193390635632803,82.08581065794073,0,100,3.0,0,0.09080813184041042
1.01,0.001874953127946523,81.27434395854696,0,100,3.0,0,0.07473948432766267
1.015,0.0011387927410965778,80.54845330467741,0,100,3.0,0,0.060365411973810075
1.02,0.0006765107634274089,79.91618583984749,0,100,3.0,0,0.047845264155395764
1.025,0.00039307957404427924,79.37929015460902,0,100,3.0,0,0.03721366642790146
1.03,0.00022338910511776318,78.93439927898388,0,100,3.0,0,0.028403946118492576
1.035,0.00012417073320013317,78.57438266865057,0,100,3.0,0,0.021274904329714284
1.04,6.750753468904987e-05,78.28969728617166,0,100,3.0,0,0.01563757002320117
1.045,3.5897234866245036e-05,78.06960660042824,0,100,3.0,0,0.011279338622341472
1.05,1.8670050400879738e-05,77.90318289291574,0,100,3.0,0,0.007983819661697764
1.055,9.497421874143672e-06,77.78005407488197,0,100,3.0,0,0.005545625245187608
1.06,4.725434140340885e-06,77.69089493772672,0,100,3.0,0,0.0037800977767668284
1.065,2.299606063738814e-06,77.62769081034563,0,100,3.0,0,0.002528530897933197
1.07,1.0945633976635486e-06,77.58381805725054,0,100,3.0,0,0.0016597635099116707
1.075,5.095703414287532e-07,77.55399185562284,0,100,3.0,0,0.0010691456558978225
1.08,2.3202944964797243e-07,77.53412963416547,0,100,3.0,0,0.0006758343399102353
1.085,1.0333746954038608e-07,77.52117130985577,0,100,3.0,0,0.0004192338585301734
1.09,4.501406988770349e-08,77.51288773328321,0,100,3.0,0,0.0002552026392714372
1.095,0.0,77.50769871188156,0,100,3.0,0,0.00015244974022890023
1.1,0.0,77.5045130724965,0,100,3.0,0,8.936777220779138e-05
1.105,0.0,77.50259620671603,0,100,3.0,0,5.141003398089107e-05
1.11,0.0,77.50146561177017,0,100,3.0,0,2.9022015250928793e-05
1.115,0.0,77.50081191643977,0,100,3.0,0,1.6077553262824374e-05
1.12,0.0,77.50044138385367,0,100,3.0,0,8.740274330083333e-06
1.125,0.0,77.500235469285,0,100,3.0,0,4.662758118850587e-06
1.13,0.0,77.5001232721027,0,100,3.0,0,2.4410317365945417e-06
1.135,0.001684486749771458,77.50006332979159,0,100,3.0,0,1.2540552789475738e-06
1.14,0.00456624331333666,77.50003192743502,0,100,3.0,0,6.322264359913797e-07
1.145,0.011079731271581421,77.50001579547595,0,100,3.0,0,3.1278170189859274e-07
1.15,0.024064571490409,77.50000766856529,0,100,3.0,0,1.518527779911766e-07
1.155,0.046784906529573234,77.50000365349266,0,100,3.0,0,7.234638920942082e-08
1.16,0.08141644351188804,77.50000170810699,0,100,3.0,0,3.382390084628034e-08
1.165,0.12682276464025305,77.50000078367253,0,100,3.0,0,1.55182679819599e-08
1.17,0.1768320708657512,77.50000035283112,0,100,3.0,0,6.986754901800391e-09
1.175,0.22070063230473494,77.5000001558877,0,100,3.0,0,3.086885238072943e-09
1.18,0.24656126505113576,77.50000006758799,0,100,3.0,0,1.3383760458532154e-09
1.185,0.24656126505724016,77.50000002875676,0,100,3.0,0,5.694407673668183e-10
1.19,0.220700632329898,77.50000001200668,0,100,3.0,0,2.377560414772395e-10
1.195,0.17683207093748562,77.50000000491947,0,100,3.0,0,9.74152683711779e-11
1.2,0.12682276483597799,77.50000000197801,0,100,3.0,0,3.916849243186073e-11
1.205,0.08141644409447898,77.50000000078046,0,100,3.0,1,1.5454656256611765e-11
1.21,0.04678490952598309,77.5000000003022,0,100,3.0,1,5.9840361488865464e-12
1.215,0.024064605020532023,77.50000000011482,0,100,3.0,1,2.2737367544323206e-12
1.22,0.011080171739334697,77.50000000004282,0,100,3.0,1,8.47867430829775e-13
1.225,0.004571212771509492,77.50000000001566,0,100,3.0,1,3.101061761614378e-13
1.23,0.0017299316936037438,77.50000000000563,0,100,3.0,1,1.114356132122771e-13
1.235,0.0008899431850697582,77.50000000000198,0,100,3.0,1,3.911502584976393e-14
1.24,0.002128806368910263,77.50000000000068,0,100,3.0,1,1.3507347056033587e-14
1.245,0.009309664818487698,77.50000000000023,0,100,3.0,1,4.502449018677863e-15
1.25,0.03503263543368747,77.50000000000007,0,100,3.0,1,1.4070153183368321e-15
1.255,0.10606267793605692,77.50000000000003,0,100,3.0,1,5.628061273347328e-16
1.26,0.25734927343160535,77.50000000000001,0,100,3.0,1,2.814030636673664e-16
1.265,0.5003202479539708,77.5,0,100,3.0,1,0.0
1.27,0.7793067891790435,77.5,0,100,3.0,1,0.0
1.275,0.9720477407234077,77.5000029632167,1,100,3.0,1,5.867755844249559e-08
1.28,0.967267334488097,77.5000056291552,0,100,3.0,1,1.1146841974424557e-07
1.285,0.7505869905515209,77.50001132539437,0,100,3.0,1,2.2426523501188526e-07
1.29,0.4028369574773956,77.50002495146212,0,100,3.0,1,4.940883588735214e-07
1.295,0.04553881263121314,77.50006108005088,0,100,3.0,1,1.2095059580948182e-06
1.3,-0.189138810908105,77.50016298223332,0,100,3.0,1,3.2273709568318447e-06
1.305,-0.22868072635956738,77.50045520114995,0,100,3.0,1,9.013884157366643e-06
1.31,-0.14104670682394166,77.50127972923794,0,100,3.0,1,2.534117302843697e-05
1.315,-0.051158381651102834,77.50352502976264,0,100,3.0,1,6.980256955726548e-05
1.32,-0.008206426846427752,77.50936430658398,0,100,3.0,1,0.00018543181354407307
1.325,0.005350271385530505,77.52378627235747,0,100,3.0,1,0.00047101529420731343
1.33,0.01084668799215426,77.55750897101102,0,100,3.0,1,0.0011387915051686674
1.335,0.016256859896386415,77.63202335301085,0,100,3.0,1,0.0026143238219970494
1.34,0.02345021205790711,77.7874112584285,0,100,3.0,1,0.005691312048089223
1.345,0.0330621597308209,78.09290000908949,0,100,3.0,1,0.011740594239395847
1.35,0.04559141319943196,78.65852940974075,0,100,3.0,1,0.022941176430509927
1.355,0.06149084917446989,79.64377192115572,0,100,3.0,1,0.0424509291317964
1.36,0.08111733445924295,81.25609014272197,0,100,3.0,1,0.07437802262815789
1.365,0.1046628598272375,83.73079902637203,0,100,3.0,1,0.12338215893805991
1.37,0.1320831047748631,87.28545346872033,0,100,3.0,1,0.19377135581624425
1.375,0.16303381314489318,92.04910759539464,0,100,3.0,1,0.2881011405028643
1.38,0.19682662652900276,97.97884810145683,0,100,3.0,1,0.40552174458330364
1.385,0.23241585813229,104.789143741855,0,100,3.0,1,0.5403790839971288
1.39,0.26842527782774417,111.92683867692804,0,100,3.0,1,0.6817195777609514
1.395,0.30321927900592993,118.6190268753716,0,100,3.0,1,0.8142381559479526
1.4,0.3350163137995362,124.00014515990247,0,100,3.0,1,0.9207949536614352
1.405,0.3620352400956416,127.2940896869456,0,100,3.0,1,0.9860215779593188
1.41,0.3826586036805073,128.0,0,100,3.0,1,1.0
1.415,0.39559233134833227,126.0209135272328,0,100,3.0,1,0.9608101688560952
1.42,0.4,121.69011713294753,0,100,3.0,1,0.8750518244148027
1.425,0.39559233134833227,115.68568083411103,0,100,3.0,1,0.7561520957249708
1.43,0.3826586036805073,108.86364566421918,0,100,3.0,1,0.6210622903805778
1.435,0.3620352400956416,102.06658034944775,0,100,3.0,1,0.48646693761282667
1.44,0.3350163137995362,95.96609408918414,0,100,3.0,1,0.3656652294887948
1.445,0.3032192790059296,90.97734160204625,0,100,3.0,1,0.26687805152566835
1.45,0.26842527782774417,87.25269546164415,0,100,3.0,1,0.19312268240879507
1.455,0.23241585813229,84.73520644729147,0,100,3.0,1,0.143271414797851
1.46,0.19682662652900276,83.23970387451928,0,100,3.0,1,0.1136575024657283
1.465,0.16303381314489318,82.53146376044063,0,100,3.0,1,0.0996329457512996
1.47,0.13208310477486307,82.38378977856594,0,100,3.0,1,0.09670870848645427
1.475,0.10466285982723562,82.60911244678353,0,100,3.0,1,0.1011705435006639
1.48,0.08111733445917907,83.06784208800201,0,100,3.0,1,0.11025429877231703
1.485,0.06149084917398798,83.66335040359952,0,100,3.0,1,0.1220465426455351
1.49,0.04559141333598128,84.33114280474122,0,100,3.0,1,0.13527015454933108
1.495,0.03306217087257399,85.02773955785477,0,100,3.0,1,0.14906414966049056
1.5,0.02345067901074276,85.72195777553705,0,100,3.0,1,0.1628110450601396
1.505,0.016268788896435526,86.38922540744653,0,100,3.0,1,0.17602426549399072
1.51,0.011039026374860051,87.00847908458954,0,100,3.0,1,0.1882867145463275
1.515,0.007326255555493689,87.56086119144211,0,100,3.0,1,0.19922497408796266
1.52,0.0047556414315231815,88.02949267817114,0,100,3.0,1,0.20850480550833936
1.525,0.0030193390635632803,88.3997929158282,0,100,3.0,1,0.21583748348174656
1.53,0.001874953127946523,88.66000669102597,0,100,3.0,1,0.22099023150546476
1.535,0.0011387927410965778,88.801735086481,0,100,3.0,1,0.22379673438576242
1.54,0.0006765107634274089,88.82035314600886,0,100,3.0,1,0.22416540883185854
1.545,0.00039307957404427924,88.71524935893723,0,100,3.0,1,0.22208414572152926
1.55,0.00022338910511776318,88.4898554346316,0,100,3.0,1,0.2176208996956751
1.555,0.00012417073320013317,88.15145915700028,0,100,3.0,1,0.21091998330693615
1.56,6.750753468904987e-05,87.710812782485,0,100,3.0,1,0.2021943125244553
1.565,3.5897234866245036e-05,87.18156577194156,0,100,3.0,1,0.19171417370181315
1.57,1.8670050400879738e-05,86.57956342612398,0,100,3.0,1,0.17979333517077192
1.575,9.497421874143672e-06,85.92206159139221,0,100,3.0,1,0.16677349685925164
1.58,4.725434140340885e-06,85.22691152057988,0,100,3.0,1,0.15300814892237377
1.585,2.299606063738814e-06,84.5117681140564,0,100,3.0,1,0.13884689334765138
1.59,1.0945633976635486e-06,83.79336949573046,0,100,3.0,1,0.12462117813327643
1.595,5.095703414287532e-07,83.08692699143727,0,100,3.0,1,0.1106322176522231
1.6,2.3202944964797243e-07,82.40565318118215,0,100,3.0,1,0.0971416471521217
1.605,1.0333746954038608e-07,81.76044306774642,0,100,3.0,1,0.0843652092623054
1.61,4.501406988770349e-08,81.15971082717427,0,100,3.0,1,0.07246952133018347
1.615,0.0,80.60937323075163,0,100,3.0,1,0.06157174714359662
1.62,0.0,80.11296155249335,0,100,3.0,1,0.05174181292066031
1.625,0.0,79.67183717921905,0,100,3.0,1,0.043006676816218885
1.63,0.0,79.28548245579842,0,100,3.0,1,0.035356088233631996
1.635,0.0,78.95183743607637,0,100,3.0,1,0.028749256159928207
1.64,0.0,78.66765481315886,0,100,3.0,1,0.023121877488294293
1.645,0.0,78.42884882670528,0,100,3.0,1,0.018393046073371822
1.65,0.0,78.23081874738091,0,100,3.0,1,0.014471658363978386
1.655,0.0,78.06873296561155,0,100,3.0,1,0.011262038923000895
1.66,0.0,77.93776516962052,0,100,3.0,1,0.0086686172202083
1.665,0.0,77.83327910504693,0,100,3.0,1,0.0065995862385530065
1.67,0.0,77.7509626249239,0,100,3.0,1,0.004969556929186149
1.675,0.0,77.68691497187574,0,100,3.0,1,0.003701286571796773
1.68,0.0,77.63769342762592,0,100,3.0,1,0.0027266025272459243
1.685,0.0,77.60032667335693,0,100,3.0,1,0.0019866667991471666
1.69,0.0,77.57230256306232,0,100,3.0,1,0.0014317339220261908
1.695,0.0,77.55153770241499,0,100,3.0,1,0.0010205485626730672
1.7,0.0,77.53633544587767,0,100,3.0,1,0.0007195137797558089
1.705,0.0,77.52533786477025,0,100,3.0,1,0.0005017398964406032
1.71,0.0,77.51747606349012,0,100,3.0,1,0.00034606066317073017
1.715,0.0,77.51192205973311,0,100,3.0,1,0.00023608039075464032
1.72,0.0,77.50804438880279,0,100,3.0,1,0.00015929482777796513
1.725,0.0,77.5053686969771,0,100,3.0,1,0.00010631083122971762
1.73,0.0,77.50354387839359,0,100,3.0,1,7.017580977397904e-05
1.735,0.0,77.50231378397852,0,100,3.0,1,4.58175045251903e-05
1.74,0.0,77.50149417301238,0,100,3.0,1,2.95875844034693e-05
1.745,0.0,77.50095436179676,0,100,3.0,1,1.8898253401148664e-05
1.75,0.0,77.5006029194358,0,100,3.0,1,1.193899872883902e-05
1.755,0.0,77.50037673815083,0,100,3.0,1,7.4601614026523565e-06
1.76,0.0,77.50023283807455,0,100,3.0,1,4.610654941632332e-06
1.765,0.0,77.50014233197525,0,100,3.0,1,2.81845495553873e-06
1.77,0.0,77.5000860567684,0,100,3.0,1,1.7040944236790586e-06
1.775,0.0,77.50005146377862,0,100,3.0,1,1.019084725112857e-06
1.78,0.0,77.5000304405424,0,100,3.0,1,6.027830178851164e-07
1.785,0.0,77.50001780890359,0,100,3.0,1,3.5265155629126144e-07
1.79,0.0,77.50001030519131,0,100,3.0,1,2.0406319425875505e-07
1.795,0.0,77.50000589805767,0,100,3.0,1,1.1679322109656742e-07
1.8,0.0,77.5000033388434,0,100,3.0,1,6.611571087311255e-08
1.805,0.0,77.50000186946426,0,100,3.0,1,3.7019094183915965e-08
1.81,0.0,77.50000103531465,0,100,3.0,1,2.050128026858507e-08
1.815,0.001684486749771458,77.50000056710259,0,100,3.0,1,1.1229754235419834e-08
1.82,0.00456624331333666,77.50000030724512,0,100,3.0,1,6.084061712076303e-09
1.825,0.011079731271581421,77.50000016464269,0,100,3.0,1,3.2602511933279436e-09
1.83,0.024064571490409,77.50000008726376,0,100,3.0,1,1.7279951902814405e-09
1.835,0.046784906529573234,77.50000004574667,0,100,3.0,1,9.058747327619113e-10
1.84,0.08141644351188804,77.50000002372025,0,100,3.0,1,4.697078633632759e-10
1.845,0.12682276464025305,77.50000001216502,0,100,3.0,1,2.4089143441262134e-10
1.85,0.1768320708657512,77.5000000061708,0,100,3.0,1,1.2219393373934417e-10
1.855,0.22070063230473494,77.500000003096,0,100,3.0,1,6.130703425669979e-11
1.86,0.24656126505113576,77.50000000153638,0,100,3.0,1,3.042332942226998e-11
1.865,0.24656126505724016,77.5000000007541,0,100,3.0,1,1.4932653573508798e-11
1.87,0.220700632329898,77.5000000003661,0,100,3.0,1,7.2495057261986936e-12
1.875,0.17683207093748562,77.50000000017579,0,100,3.0,1,3.4809558975653225e-12
1.88,0.12682276483597799,77.50000000008349,0,100,3.0,1,1.6532429990457777e-12
1.885,0.08141644409447898,77.50000000003922,0,100,3.0,1,7.766724557219313e-13
1.89,0.04678490952598309,77.50000000001822,0,100,3.0,1,3.6075872762156376e-13
1.895,0.024064605020532023,77.50000000000837,0,100,3.0,1,1.657464045000788e-13
1.9,0.011080171739334697,77.50000000000381,0,100,3.0,1,7.54160210628542e-14
1.905,0.004571212771509492,77.5000000000017,0,100,3.0,1,3.376836764008397e-14
1.91,0.0017299316936037438,77.50000000000075,0,100,3.0,1,1.491436237437042e-14
1.915,0.0008899431850697582,77.50000000000033,0,100,3.0,1,6.472270464349428e-15
1.92,0.002128806368910263,77.50000000000014,0,100,3.0,1,2.8140306366736642e-15
1.925,0.009309664818487698,77.50000000000006,0,100,3.0,1,1.1256122546694657e-15
1.93,0.03503263543368747,77.50000000000003,0,100,3.0,1,5.628061273347328e-16
1.935,0.10606267793605692,77.50000000000001,0,100,3.0,1,2.814030636673664e-16
1.94,0.25734927343160535,77.5,0,100,3.0,1,0.0
1.945,0.5003202479539708,77.5,0,100,3.0,1,0.0
1.95,0.7793067891790435,77.5,0,100,3.0,1,0.0
1.955,0.9720477407234077,77.5000029632167,1,100,3.0,1,5.867755844249559e-08
1.96,0.967267334488097,77.50000611949993,0,100,3.0,1,1.2117821641611342e-07
1.965,0.7505869905515209,77.5000136661605,0,100,3.0,1,2.706170395714874e-07
1.97,0.4028369574773956,77.50003448761683,0,100,3.0,1,6.829231055424244e-07
1.975,0.04553881263121314,77.50009893563154,0,100,3.0,1,1.9591214166635243e-06
1.98,-0.189138810908105,77.50030887479707,0,100,3.0,1,6.1163326152625205e-06
1.985,-0.22868072635956738,77.50098936987865,0,100,3.0,1,1.9591482745598493e-05
1.99,-0.14104670682394166,77.50311109919818,0,100,3.0,1,6.160592471641763e-05
1.995,-0.051158381651102834,77.50936430658398,0,100,3.0,1,0.00018543181354407307
2.0,-0.008206426846427752,77.52663503308537,0,100,3.0,1,0.0005274263977300939
2.005,0.005350271385530505,77.57113795423459,0,100,3.0,1,0.0014086723610809244
2.01,0.01084668799215426,77.67785621339104,0,100,3.0,1,0.003521905215664127
2.015,0.016256859896386415,77.9156022259755,0,100,3.0,1,0.008229747049019897
2.02,0.02345021205790711,78.4069380257099,0,100,3.0,1,0.017959168825938725
2.025,0.0330621597308209,79.34748987799968,0,100,3.0,1,0.036583957980191636
2.03,0.04559141319943196,81.01228362930992,0,100,3.0,1,0.06955017087742416
2.035,0.06149084917446989,83.73079902637203,0,100,3.0,1,0.12338215893805991
2.04,0.08111733445924295,87.81367872264438,0,100,3.0,1,0.20423126183454224
2.045,0.1046628598272375,93.4288216152286,0,100,3.0,1,0.3154222102025465
2.05,0.1320831047748631,100.45351412056698,0,100,3.0,1,0.4545250320904352
2.055,0.16303381314489318,108.36134960751014,0,100,3.0,1,0.6111158338120819
2.06,0.19682662652900276,116.21652194472324,0,100,3.0,1,0.7666638008856087
2.065,0.23241585813229,122.82360122088085,0,100,3.0,1,0.8974970538788286
2.07,0.26842527782774417,127.01713839847308,0,100,3.0,1,0.9805373940291698
2.075,0.30321927900592993,128.0,0,100,3.0,1,1.0
2.08,0.3350163137995362,125.59701682575721,0,100,3.0,1,0.9524161747674694
2.085,0.3620352400956416,120.3140247604608,0,100,3.0,1,0.8478024705041742
2.09,0.3826586036805073,113.17578272521496,0,100,3.0,1,0.7064511430735635
2.095,0.39559233134833227,105.41460450461524,0,100,3.0,1,0.5527644456359454
2.1,0.4,98.1397912084383,0,100,3.0,1,0.40870873680075837
2.105,0.39559233134833227,92.10783014594557,0,100,3.0,1,0.2892639632860509
2.11,0.3826586036805073,87.64951021194136,0,100,3.0,1,0.2009804002364626
2.115,0.3620352400956416,84.73520644729147,0,100,3.0,1,0.143271414797851
2.12,0.3350163137995362,83.11302488416099,0,100,3.0,1,0.11114900760714837
2.125,0.3032192790059296,82.45012180045974,0,100,3.0,1,0.09802221387048991
2.13,0.26842527782774417,82.43311100444015,0,100,3.0,1,0.09768536642455743
2.135,0.23241585813229,82.8162323398421,0,100,3.0,1,0.10527192752162579
2.14,0.19682662652900276,83.42866618321837,0,100,3.0,1,0.11739933036075977
2.145,0.16303381314489318,84.1600622480566,0,100,3.0,1,0.13188242075359613
2.15,0.13208310477486307,84.940236624999,0,100,3.0,1,0.14733141831681193
2.155,0.10466285982723562,85.72195777553705,0,100,3.0,1,0.1628110450601396
2.16,0.08111733445917907,86.4696633299647,0,100,3.0,1,0.1776170956428654
2.165,0.06149084917398798,87.15353818842898,0,100,3.0,1,0.19115917204809865
2.17,0.04559141333598128,87.74725089071974,0,100,3.0,1,0.2029158592221731
2.175,0.03306217087257399,88.22774168238095,0,100,3.0,1,0.21243052836397924
2.18,0.02345067901074276,88.57593914149084,0,100,3.0,1,0.21932552755427395
2.185,0.016268788896435526,88.77773137510404,0,100,3.0,1,0.2233214133683968
2.19,0.011039026374860051,88.82481855964929,0,100,3.0,1,0.22425383286434233
2.195,0.007326255555493689,88.71524935893723,0,100,3.0,1,0.22208414572152926
2.2,0.0047556414315231815,88.45354650959632,0,100,3.0,1,0.21690191108111528
2.205,0.0030193390635632803,88.05039484238684,0,100,3.0,1,0.20891870975023438
2.21,0.001874953127946523,87.52191701266186,0,100,3.0,1,0.1984538022309279
2.215,0.0011387927410965778,86.88860404516025,0,100,3.0,1,0.18591295138931188
2.22,0.0006765107634274089,86.17399918548756,0,100,3.0,1,0.17176236010866455
2.225,0.00039307957404427924,85.40325259759987,0,100,3.0,1,0.15650005143762127
2.23,0.00022338910511776318,84.60166988532686,0,100,3.0,1,0.14062712644211597
2.235,0.00012417073320013317,83.79336949573046,0,100,3.0,1,0.12462117813327643
2.24,6.750753468904987e-05,83.00014467233905,0,100,3.0,1,0.10891375588790192
2.245,3.5897234866245036e-05,82.2405979846216,0,100,3.0,1,0.09387322741824954
2.25,1.8670050400879738e-05,81.52958456421845,0,100,3.0,1,0.07979375374690006
2.255,9.497421874143672e-06,80.8779681711764,0,100,3.0,1,0.06689045883517634
2.26,4.725434140340885e-06,80.29266578507671,0,100,3.0,1,0.05530031257577638
2.265,2.299606063738814e-06,79.77693434234938,0,100,3.0,1,0.045087808759393624
2.27,1.0945633976635486e-06,79.33083911757771,0,100,3.0,1,0.03625423995203387
2.275,5.095703414287532e-07,78.95183743607637,0,100,3.0,1,0.028749256159928207
2.28,2.3202944964797243e-07,78.63541317800785,0,100,3.0,1,0.022483429267482213
2.285,1.0333746954038608e-07,78.3757053491493,0,100,3.0,1,0.017340699983154448
2.29,4.501406988770349e-08,78.16608584846017,0,100,3.0,1,0.013189818781389513
2.295,0.0,77.99965535153865,0,100,3.0,1,0.00989416537700296
2.3,0.0,77.86964004284735,0,100,3.0,1,0.007319604808858435
2.305,0.0,77.7696842680522,0,100,3.0,1,0.005340282535687178
2.31,0.0,77.69404405685896,0,100,3.0,1,0.0038424565714644857
2.315,0.0,77.63769342762592,0,100,3.0,1,0.0027266025272459243
2.32,0.0,77.59635942692422,0,100,3.0,1,0.0019081074638460122
2.325,0.0,77.56650332172448,0,100,3.0,1,0.0013168974598907444
2.33,0.0,77.54526479938636,0,100,3.0,1,0.0008963326611160258
2.335,0.0,77.53038407321809,0,100,3.0,1,0.0006016648161997493
2.34,0.0,77.52011404975813,0,100,3.0,1,0.0003982980150125725
2.345,0.0,77.51313170683527,0,100,3.0,1,0.0002600337987181626
2.35,0.0,77.50845494854985,0,100,3.0,1,0.0001674247237594887
2.355,0.0,77.5053686969771,0,100,3.0,1,0.00010631083122971762
2.36,0.0,77.50336197861758,0,100,3.0,1,6.6573834011411e-05
2.365,0.0,77.50207629536354,0,100,3.0,1,4.1114759673998586e-05
2.37,0.0,77.5012645949802,0,100,3.0,1,2.5041484756421046e-05
2.375,0.0,77.50075959466382,0,100,3.0,1,1.5041478491465937e-05
2.38,0.0,77.50044996681824,0,100,3.0,1,8.910234024507182e-06
2.385,0.0,77.50026287374051,0,100,3.0,1,5.205420604165783e-06
2.39,0.0,77.50015145445519,0,100,3.0,1,2.9990981226213685e-06
2.395,0.0,77.5000860567684,0,100,3.0,1,1.7040944236790586e-06
2.4,0.0,77.50004822321333,0,100,3.0,1,9.549151153769704e-07
2.405,0.0,77.50002664988816,0,100,3.0,1,5.277205575409182e-07
2.41,0.0,77.50001452455274,0,100,3.0,2,2.87614905726802e-07
2.415,0.0,77.50000780689389,0,100,3.0,2,1.545919582269454e-07
2.42,0.001684486749771458,77.5000041382995,0,100,3.0,2,8.194652479579589e-08
2.425,0.00456624331333666,77.5000021633844,0,100,3.0,2,4.2839294936507795e-08
2.43,0.011079731271581421,77.50000111535623,0,100,3.0,2,2.2086261919461736e-08
2.435,0.024064571490409,77.50000056710259,0,100,3.0,2,1.1229754235419834e-08
2.44,0.046784906529573234,77.5000002843661,0,100,3.0,2,5.631011784469881e-09
2.445,0.08141644351188804,77.50000014062486,0,100,3.0,2,2.784650749811473e-09
2.45,0.12682276464025305,77.5000000685827,0,100,3.0,2,1.3580731346976763e-09
2.455,0.1768320708657512,77.5000000329864,0,100,3.0,2,6.53196168221455e-10
2.46,0.22070063230473494,77.50000001564673,0,100,3.0,2,3.0983631062338077e-10
2.465,0.24656126505113576,77.50000000731949,0,100,3.0,2,1.4494030618170475e-10
2.47,0.24656126505724016,77.5000000033768,0,100,3.0,2,6.686727739170327e-11
2.475,0.220700632329898,77.50000000153638,0,100,3.0,2,3.042332942226998e-11
2.48,0.17683207093748562,77.50000000068938,0,100,3.0,2,1.3651144021567612e-11
2.485,0.12682276483597799,77.50000000030506,0,100,3.0,2,6.0408795677473545e-12
2.49,0.08141644409447898,77.50000000013313,0,100,3.0,2,2.6361839004358887e-12
2.495,0.04678490952598309,77.5000000000573,0,100,3.0,2,1.1346171527068214e-12
2.5,0.024064605020532023,77.50000000002431,0,100,3.0,2,4.81480641934864e-13
2.505,0.011080171739334697,77.50000000001017,0,100,3.0,2,2.0148459358583435e-13
2.51,0.004571212771509492,77.5000000000042,0,100,3.0,2,8.329530684554046e-14
2.515,0.0017299316936037438,77.5000000000017,0,100,3.0,2,3.376836764008397e-14
2.52,0.0008899431850697582,77.50000000000068,0,100,3.0,2,1.3507347056033587e-14
2.525,0.002128806368910263,77.50000000000027,0,100,3.0,2,5.346658209679962e-15
2.53,0.009309664818487698,77.5000000000001,0,100,3.0,2,1.969821445671565e-15
2.535,0.03503263543368747,77.50000000000004,0,100,3.0,2,8.442091910020992e-16
2.54,0.10606267793605692,77.50000000000001,0,100,3.0,2,2.814030636673664e-16
2.545,0.25734927343160535,77.5,0,100,3.0,2,0.0
2.55,0.5003202479539708,77.5,0,100,3.0,2,0.0
2.555,0.7793067891790435,77.5,0,100,3.0,2,0.0
2.56,0.9720477407234077,77.5000029632167,1,100,3.0,2,5.867755844249559e-08
2.565,0.967267334488097,77.5000057751259,0,100,3.0,2,1.1435892869854743e-07
2.57,0.7505869905515209,77.50001199175011,0,100,3.0,2,2.3746039829293835e-07
2.575,0.4028369574773956,77.50002751992237,0,100,3.0,2,5.449489578094841e-07
2.58,0.04553881263121314,77.50007070106201,0,100,3.0,2,1.4000210299936142e-06
2.585,-0.189138810908105,77.50019813608883,0,100,3.0,2,3.9234869074568835e-06
2.59,-0.22868072635956738,77.50057818202339,0,100,3.0,2,1.144914897800431e-05
2.595,-0.14104670682394166,77.50168586741358,0,100,3.0,2,3.3383513140290576e-05
2.6,-0.051158381651102834,77.5047820690373,0,100,3.0,2,9.469443638226498e-05
2.605,-0.008206426846427752,77.51300007149011,0,100,3.0,2,0.00025742715822002987
2.61,0.005350271385530505,77.53360476810788,0,100,3.0,2,0.0006654409526312507
2.615,0.01084668799215426,77.58226524038565,0,100,3.0,2,0.0016290146611020258
2.62,0.016256859896386415,77.69031446440876,0,100,3.0,2,0.0037686032556189615
2.625,0.02345021205790711,77.9156022259755,0,100,3.0,2,0.008229747049019897
2.63,0.0330621597308209,78.35618586329275,0,100,3.0,2,0.016954175510747547
2.635,0.04559141319943196,79.16338774532016,0,100,3.0,2,0.03293837119445871
2.64,0.06149084917446989,80.54697677121837,0,100,3.0,2,0.06033617368749244
2.645,0.08111733445924295,82.76193692058763,0,100,3.0,2,0.10419677070470554
2.65,0.1046628598272375,86.06632239589023,0,100,3.0,2,0.1696301464532718
2.655,0.1320831047748631,90.64618514458124,0,100,3.0,2,0.2603204979124998
2.66,0.16303381314489318,96.51755276989908,0,100,3.0,2,0.37658520336433826
2.665,0.19682662652900276,103.43337691048391,0,100,3.0,2,0.5135322160491864
2.67,0.23241585813229,110.83650493935875,0,100,3.0,2,0.6601288106803712
2.675,0.26842527782774417,117.89739331976155,0,100,3.0,2,0.7999483825695356
2.68,0.30321927900592993,123.65167505875493,0,100,3.0,2,0.9138945556189095
2.685,0.3350163137995362,127.21320863734229,0,100,3.0,2,0.984419973016679
2.69,0.3620352400956416,128.0,0,100,3.0,2,1.0
2.695,0.3826586036805073,125.89439684457138,0,100,3.0,2,0.9583048880113143
2.7,0.39559233134833227,121.27734577653152,0,100,3.0,2,0.8668781341887429
2.705,0.4,114.92344206600626,0,100,3.0,2,0.7410582587327972
2.71,0.39559233134833227,107.79691013430045,0,100,3.0,2,0.5999388145406029
2.715,0.3826586036805073,100.82266697370292,0,100,3.0,2,0.4618349895782757
2.72,0.3620352400956416,94.70661957252793,0,100,3.0,2,0.34072514005005794
2.725,0.3350163137995362,89.84941816370699,0,100,3.0,2,0.2445429339347918
2.73,0.3032192790059296,86.35636014773148,0,100,3.0,2,0.17537346827191047
2.735,0.26842527782774417,84.11343960508452,0,100,3.0,2,0.13095920010068363
2.74,0.23241585813229,82.88714208485197,0,100,3.0,2,0.10667608088815789
2.745,0.19682662652900276,82.41251134980615,0,100,3.0,2,0.09727745247140895
2.75,0.16303381314489318,82.45099200146763,0,100,3.0,2,0.09803944557361635
2.755,0.13208310477486307,82.8162323398421,0,100,3.0,2,0.10527192752162579
2.76,0.10466285982723562,83.37622289337803,0,100,3.0,2,0.11636084937382234
2.765,0.08111733445917907,84.04294535759365,0,100,3.0,2,0.12956327440779508
2.77,0.06149084917398798,84.75858818303747,0,100,3.0,2,0.14373441946608861
2.775,0.04559141333598128,85.4835482932493,0,100,3.0,2,0.1580900652128574
2.78,0.03306217087257399,86.18809782060332,0,100,3.0,2,0.17204154100204588
2.785,0.02345067901074276,86.84758514710228,0,100,3.0,2,0.18510069598222334
2.79,0.016268788896435526,87.44024089333156,0,100,3.0,2,0.19683645333329827
2.795,0.011039026374860051,87.94659384418057,0,100,3.0,2,0.2068632444392192
2.8,0.007326255555493689,88.34973107038635,0,100,3.0,2,0.2148461598096308
2.805,0.0047556414315231815,88.6359020647416,0,100,3.0,2,0.22051291217310098
2.81,0.0030193390635632803,88.79516897178708,0,100,3.0,2,0.2236667123126154
2.815,0.001874953127946523,88.8219336995392,0,100,3.0,2,0.22419670692156835
2.82,0.0011387927410965778,88.71524935893723,0,100,3.0,2,0.22208414572152926
2.825,0.0006765107634274089,88.47887116054635,0,100,3.0,2,0.21740338931774947
2.83,0.00039307957404427924,88.12103561282021,0,100,3.0,2,0.21031753688752888
2.835,0.00022338910511776318,87.65398370746026,0,100,3.0,2,0.20106898430614367
2.84,0.00012417073320013317,87.09326584850498,0,100,3.0,2,0.18996566036643533
2.845,6.750753468904987e-05,86.45688333992547,0,100,3.0,2,0.1773640265331776
2.85,3.5897234866245036e-05,85.76433238765725,0,100,3.0,2,0.16365014629024255
2.855,1.8670050400879738e-05,85.03562111892845,0,100,3.0,2,0.14922022017680092
2.86,9.497421874143672e-06,84.29032800874867,0,100,3.0,2,0.13446194076730048
2.865,4.725434140340885e-06,83.54676196678626,0,100,3.0,2,0.11973786072844086
2.87,2.299606063738814e-06,82.82127143199685,0,100,3.0,2,0.10537171152469006
2.875,1.0945633976635486e-06,82.12773383300559,0,100,3.0,2,0.09163829372288303
2.88,5.095703414287532e-07,81.47723957849853,0,100,3.0,2,0.07875721937620844
2.885,2.3202944964797243e-07,80.8779681711764,0,100,3.0,2,0.06689045883517634
2.89,1.0333746954038608e-07,80.33523965205595,0,100,3.0,2,0.056143359446652406
2.895,4.501406988770349e-08,79.85171351657259,0,100,3.0,2,0.04656858448658589
2.9,0.0,79.4277001310269,0,100,3.0,2,0.03817227982231477
2.905,0.0,79.06154663501417,0,100,3.0,2,0.030921715544834995
2.91,0.0,78.75006000694432,0,100,3.0,2,0.024753663503847993
2.915,0.0,78.48893371593002,0,100,3.0,2,0.019582845860000333
2.92,0.0,78.27315029611424,0,100,3.0,2,0.015309906853747291
2.925,0.0,78.09733930154225,0,100,3.0,2,0.01182850102063859
2.93,0.0,77.95607752728124,0,100,3.0,2,0.009031238163984908
2.935,0.0,77.84412535886558,0,100,3.0,2,0.006814363541892725
2.94,0.0,77.75659908390251,0,100,3.0,2,0.005081169978267619
2.945,0.0,77.68908363648295,0,100,3.0,2,0.0037442304254049156
2.95,0.0,77.63769342762592,0,100,3.0,2,0.0027266025272459243
2.955,0.0,77.59909069997673,0,100,3.0,2,0.001962192078747081
2.96,0.0,77.57047141662967,0,100,3.0,2,0.001395473596627178
2.965,0.0,77.54952831210755,0,100,3.0,2,0.0009807586555951383
2.97,0.0,77.53439968565549,0,100,3.0,2,0.0006811818941680531
2.975,0.0,77.52361107934098,0,100,3.0,2,0.0004675461255639747
2.98,0.0,77.51601539400482,0,100,3.0,2,0.0003171365149470229
2.985,0.0,77.5107354396466,0,100,3.0,2,0.00021258296329891224
2.99,0.0,77.5071115204345,0,100,3.0,2,0.00014082218682190587
2.995,0.0,77.50465549120143,0,100,3.0,2,9.218794458283044e-05
3.0,0.0,77.50301181976099,0,100,3.0,2,5.963999526703348e-05
3.005,0.0,77.50192554142846,0,100,3.0,2,3.812953323688924e-05
3.01,0.0,77.50121657020485,0,100,3.0,2,2.409049910586801e-05
3.015,0.0,77.50075959466382,0,100,3.0,2,1.5041478491465937e-05
3.02,0.0,77.5004686914755,0,100,3.0,2,9.281019316912903e-06
3.025,0.0,77.50028579368261,0,100,3.0,2,5.659280843712965e-06
3.03,0.0,77.50017221802912,0,100,3.0,2,3.410258002396845e-06
3.035,0.0,77.50010255693317,0,100,3.0,2,2.0308303598341972e-06
3.04,0.0,77.50006035480573,0,100,3.0,2,1.1951446678344072e-06
3.045,0.0,77.50003510096914,0,100,3.0,2,6.950686958976569e-07
3.05,0.0,77.50002017375671,0,100,3.0,2,3.9948033088309094e-07
3.055,0.0,77.5000114581597,0,100,3.0,2,2.2689425157628954e-07
3.06,0.0,77.50000643136833,0,100,3.0,2,1.2735382839390794e-07
3.065,0.0,77.50000356740416,0,100,3.0,2,7.06416666153108e-08
3.07,0.0,77.50000195551733,0,100,3.0,2,3.8723115521591324e-08
3.075,0.001684486749771458,77.50000105933042,0,100,3.0,2,2.097683990865731e-08
3.08,0.00456624331333666,77.50000056710259,0,100,3.0,2,1.1229754235419834e-08
3.085,0.011079731271581421,77.50000030002141,0,100,3.0,2,5.941018062543717e-09
3.09,0.024064571490409,77.50000015685677,0,100,3.0,2,3.106074675790548e-09
3.095,0.046784906529573234,77.50000008104286,0,100,3.0,2,1.6048090293396052e-09
3.1,0.08141644351188804,77.50000004137964,0,100,3.0,2,8.193987270877385e-10
3.105,0.12682276464025305,77.50000002087944,0,100,3.0,2,4.1345426532391476e-10
3.11,0.1768320708657512,77.50000001041145,0,100,3.0,2,2.0616742196832298e-10
3.115,0.22070063230473494,77.50000000513056,0,100,3.0,2,1.0159522947889297e-10
3.12,0.24656126505113576,77.5000000024985,0,100,3.0,2,4.947516104174169e-11
3.125,0.24656126505724016,77.50000000120241,0,100,3.0,2,2.3810076023023207e-11
3.13,0.220700632329898,77.50000000057186,0,100,3.0,2,1.1323940685038491e-11
3.135,0.17683207093748562,77.50000000026877,0,100,3.0,2,5.322176143140901e-12
3.14,0.12682276483597799,77.50000000012483,0,100,3.0,2,2.4718445112541467e-12
3.145,0.08141644409447898,77.5000000000573,0,100,3.0,2,1.1346171527068214e-12
3.15,0.04678490952598309,77.50000000002599,0,100,3.0,2,5.146862034476132e-13
3.155,0.024064605020532023,77.50000000001165,0,100,3.0,2,2.3075051220724046e-13
3.16,0.011080171739334697,77.50000000000516,0,100,3.0,2,1.0214931211125401e-13
3.165,0.004571212771509492,77.50000000000226,0,100,3.0,2,4.474308712311126e-14
3.17,0.0017299316936037438,77.50000000000098,0,100,3.0,2,1.9416811393048284e-14
3.175,0.0008899431850697582,77.50000000000041,0,100,3.0,2,8.160688846353625e-15
3.18,0.002128806368910263,77.50000000000017,0,100,3.0,2,3.3768367640083968e-15
3.185,0.009309664818487698,77.50000000000007,0,100,3.0,2,1.4070153183368321e-15
3.19,0.03503263543368747,77.50000000000003,0,100,3.0,2,5.628061273347328e-16
3.195,0.10606267793605692,77.50000000000001,0,100,3.0,2,2.814030636673664e-16
3.2,0.25734927343160535,77.5,0,100,3.0,2,0.0
3.205,0.5003202479539708,77.5,0,100,3.0,2,0.0
3.21,0.7793067891790435,77.5,0,100,3.0,2,0.0
3.215,0.9720477407234077,77.50000295871328,1,100,3.0,2,5.858838181161941e-08
3.22,0.967267334488097,77.50000740019107,0,100,3.0,2,1.465384369535374e-07
3.225,0.7505869905515209,77.50002131220425,0,100,3.0,2,4.220238466105272e-07
3.23,0.4028369574773956,77.50007513163055,0,100,3.0,2,1.4877550604456467e-06
3.235,0.04553881263121314,77.50030840537656,0,100,3.0,2,6.10703715955703e-06
3.24,-0.189138810908105,77.50131943994613,0,100,3.0,2,2.612752368573899e-05
3.245,-0.22868072635956738,77.50542435970121,0,100,3.0,2,0.00010741306339027553
3.25,-0.14104670682394166,77.52059609565615,0,100,3.0,2,0.000407843478339515
3.255,-0.051158381651102834,77.57102984047634,0,100,3.0,2,0.0014065314945810314
3.26,-0.008206426846427752,77.72096867411,0,100,3.0,2,0.004375617309108856
3.265,0.005350271385530505,78.11829412838527,0,100,3.0,2,0.012243448086837085
3.27,0.01084668799215426,79.05410246168265,0,100,3.0,2,0.030774306171933587
3.275,0.016256859896386415,81.00694574481096,0,100,3.0,2,0.06944447019427649
3.28,0.02345021205790711,84.6026742706101,0,100,3.0,2,0.14064701525960582
3.285,0.0330621597308209,90.40925217388771,0,100,3.0,2,0.2556287559185685
3.29,0.04559141319943196,98.55447771649351,0,100,3.0,2,0.41692035082165363
3.295,0.06149084917446989,108.3144472678722,0,100,3.0,2,0.6101870746113306
3.3,0.08111733445924295,117.97237236692787,0,100,3.0,2,0.8014331161767896
3.305,0.1046628598272375,125.21161291889499,0,100,3.0,2,0.9447844142355443
3.31,0.1320831047748631,128.0,0,100,3.0,2,1.0
3.315,0.16303381314489318,125.52392013207974,0,100,3.0,2,0.9509687154867275
3.32,0.19682662652900276,118.59355168470503,0,100,3.0,2,0.8137336967268324
3.325,0.23241585813229,109.24911342596609,0,100,3.0,2,0.628695315365665
3.33,0.26842527782774417,99.83025555641188,0,100,3.0,2,0.4421832783447898
3.335,0.30321927900592993,92.08562951572065,0,100,3.0,2,0.28882434684595354
3.34,0.3350163137995362,86.76928910070765,0,100,3.0,2,0.1835502792219337
3.345,0.3620352400956416,83.77339359375728,0,100,3.0,2,0.12422561571796588
3.35,0.3826586036805073,82.5363467769564,0,100,3.0,2,0.09972963914765162
3.355,0.39559233134833227,82.42561378054214,0,100,3.0,2,0.09753690654538884
3.36,0.4,82.94474354200393,0,100,3.0,2,0.1078167038020581
3.365,0.39559233134833227,83.77504177162079,0,100,3.0,2,0.12425825290338202
3.37,0.3826586036805073,84.7324594374887,0,100,3.0,2,0.14321701856413266
3.375,0.3620352400956416,85.70946224112325,0,100,3.0,2,0.16256360873511383
3.38,0.3350163137995362,86.63379520285729,0,100,3.0,2,0.18086723173974822
3.385,0.3032192790059296,87.44804682167856,0,100,3.0,2,0.19699102617185266
3.39,0.26842527782774417,88.10321473450831,0,100,3.0,2,0.2099646482080854
3.395,0.23241585813229,88.55910619458378,0,100,3.0,2,0.21899220187294607
3.4,0.19682662652900276,88.78701414731654,0,100,3.0,2,0.2235052306399315
3.405,0.16303381314489318,88.77232605453356,0,100,3.0,2,0.22321437731749633
3.41,0.13208310477486307,88.51598297151052,0,100,3.0,2,0.21813827666357474
3.415,0.10466285982723562,88.03436060511252,0,100,3.0,2,0.20860120010123812
3.42,0.08111733445917907,87.35753465927434,0,100,3.0,2,0.19519870612424428
3.425,0.06149084917398798,86.52617296222067,0,100,3.0,2,0.17873609826179546
3.43,0.04559141333598128,85.58749819066745,0,100,3.0,2,0.16014847902311774
3.435,0.03306217087257399,84.5908769376044,0,100,3.0,2,0.14041340470503774
3.44,0.02345067901074276,83.58360357636023,0,100,3.0,2,0.12046739755168777
3.445,0.016268788896435526,82.60736706234556,0,100,3.0,2,0.10113598143258534
3.45,0.011039026374860051,81.69573878855576,0,100,3.0,2,0.08308393640704471
3.455,0.007326255555493689,80.87283441609227,0,100,3.0,2,0.0667888003186589
3.46,0.0047556414315231815,80.15311946096072,0,100,3.0,2,0.05253701902892523
3.465,0.0030193390635632803,79.54217895449113,0,100,3.0,2,0.040439187217646236
3.47,0.001874953127946523,79.03817586928324,0,100,3.0,2,0.030458928104618543
3.475,0.0011387927410965778,78.63368760426654,0,100,3.0,2,0.022449259490426553
3.48,0.0006765107634274089,78.31762847666441,0,100,3.0,2,0.016190662904245746
3.485,0.00039307957404427924,78.07702393235546,0,100,3.0,2,0.01142621648228632
3.49,0.00022338910511776318,77.89848029473889,0,100,3.0,2,0.007890698905720566
3.495,0.00012417073320013317,77.76927440836376,0,100,3.0,2,0.005332166502252602
3.5,6.750753468904987e-05,77.67805678083279,0,100,3.0,2,0.0035258768481740634
3.505,3.5897234866245036e-05,77.61521185278825,0,100,3.0,2,0.002281422827490085
3.51,1.8670050400879738e-05,77.5729476004796,0,100,3.0,2,0.001444506940189983
3.515,9.497421874143672e-06,77.54519600702889,0,100,3.0,2,0.0008949704362156818
3.52,4.725434140340885e-06,77.52740086864021,0,100,3.0,2,0.0005425914582220608
3.525,2.299606063738814e-06,77.51625562980676,0,100,3.0,2,0.00032189365953988523
3.53,1.0945633976635486e-06,77.50943666366969,0,100,3.0,2,0.0001868646271225541
3.535,5.095703414287532e-07,77.50536053776007,0,100,3.0,2,0.00010614926257562279
3.54,2.3202944964797243e-07,77.50297970622991,0,100,3.0,2,5.900408376055791e-05
3.545,1.0333746954038608e-07,77.5016207414713,0,100,3.0,2,3.209389052078069e-05
3.55,4.501406988770349e-08,77.5008626393152,0,100,3.0,2,1.708196663765076e-05
3.555,0.0,77.50044928296946,0,100,3.0,2,8.896692464466667e-06
3.56,0.001684486749771458,77.50022897384244,0,100,3.0,2,4.534135493850945e-06
3.565,0.00456624331333666,77.5001141897164,0,100,3.0,2,2.2611825029501477e-06
3.57,0.011079731271581421,77.50005572413338,0,100,3.0,2,1.1034481856471091e-06
3.575,0.024064571490409,77.5000266093863,0,100,3.0,2,5.269185405182671e-07
3.58,0.046784906529573234,77.50001243373481,0,100,3.0,2,2.4621257049003893e-07
3.585,0.08141644351188804,77.50000568517122,0,100,3.0,2,1.1257764786833913e-07
3.59,0.12682276464025305,77.50000254366962,0,100,3.0,2,5.036969551244087e-08
3.595,0.1768320708657512,77.50000111366114,0,100,3.0,2,2.205269588062443e-08
3.6,0.22070063230473494,77.50000047711232,0,100,3.0,2,9.447768771940108e-09
3.605,0.24656126505113576,77.50000020001539,0,100,3.0,2,3.960700845403486e-09
3.61,0.24656126505724016,77.50000008205053,0,100,3.0,2,1.6247630391811946e-09
3.615,0.220700632329898,77.50000003293628,0,100,3.0,3,6.522036596159001e-10
3.62,0.17683207093748562,77.50000001293728,0,100,3.0,3,2.5618372110149704e-10
3.625,0.12682276483597799,77.50000000497263,0,100,3.0,3,9.846799723235751e-11
3.63,0.08141644409447898,77.50000000187028,0,100,3.0,3,3.703517580619843e-11
3.635,0.04678490952598309,77.50000000068833,0,100,3.0,3,1.3630320194856227e-11
3.64,0.024064605020532023,77.5000000002479,0,100,3.0,3,4.9087950426135395e-12
3.645,0.011080171739334697,77.50000000008735,0,100,3.0,3,1.7297846323633013e-12
3.65,0.004571212771509492,77.50000000003013,0,100,3.0,3,5.965744949748168e-13
3.655,0.0017299316936037438,77.50000000001016,0,100,3.0,3,2.0120319052216699e-13
3.66,0.0008899431850697582,77.50000000000335,0,100,3.0,3,6.641112302549847e-14
3.665,0.002128806368910263,77.50000000000108,0,100,3.0,3,2.1386632838719847e-14
3.67,0.009309664818487698,77.50000000000034,0,100,3.0,3,6.7536735280167935e-15
3.675,0.03503263543368747,77.5000000000001,0,100,3.0,3,1.969821445671565e-15
3.68,0.10606267793605692,77.50000000000003,0,100,3.0,3,5.628061273347328e-16
3.685,0.25734927343160535,77.50000000000001,0,100,3.0,3,2.814030636673664e-16
3.69,0.5003202479539708,77.5,0,100,3.0,3,0.0
3.695,0.7793067891790435,77.5,0,100,3.0,3,0.0
3.7,0.9720477407234077,77.50000295863794,1,100,3.0,3,5.858688981257584e-08
3.705,0.967267334488097,77.50000705382551,0,100,3.0,3,1.39679713129226e-07
3.71,0.7505869905515209,77.50001902543339,0,100,3.0,3,3.7674125522217126e-07
3.715,0.4028369574773956,77.5000615587088,0,100,3.0,3,1.2189843325453658e-06
3.72,0.04553881263121314,77.50023160766888,0,100,3.0,3,4.586290472870772e-06
3.725,-0.189138810908105,77.50092200089497,0,100,3.0,3,1.8257443464830936e-05
3.73,-0.22868072635956738,77.50358973522475,0,100,3.0,3,7.108386583663875e-05
3.735,-0.14104670682394166,77.5131059647251,0,100,3.0,3,0.00025952405396236205
3.74,-0.051158381651102834,77.54402912719091,0,100,3.0,3,0.0008718639047705019
3.745,-0.008206426846427752,77.63500465781877,0,100,3.0,3,0.0026733595607676968
3.75,0.005350271385530505,77.87649695456608,0,100,3.0,3,0.007455385238932258
3.755,0.01084668799215426,78.45342791113406,0,100,3.0,3,0.018879760616515973
3.76,0.016256859896386415,79.69080695348266,0,100,3.0,3,0.043382315910547795
3.765,0.02345021205790711,82.06617501621035,0,100,3.0,3,0.09041930725169013
3.77,0.0330621597308209,86.13087845737554,0,100,3.0,3,0.17090848430446623
3.775,0.04559141319943196,92.2936164643154,0,100,3.0,3,0.29294290028347336
3.78,0.06149084917446989,100.4931270168305,0,100,3.0,3,0.4553094458778317
3.785,0.08111733445924295,109.90654193845512,0,100,3.0,3,0.6417137017515866
3.79,0.1046628598272375,118.91969962154933,0,100,3.0,3,0.8201920717138481
3.795,0.1320831047748631,125.51577497707142,0,100,3.0,3,0.9508074252885429
3.8,0.16303381314489318,128.0,0,100,3.0,3,1.0
3.805,0.19682662652900276,125.71579008588697,0,100,3.0,3,0.9547681205126132
3.81,0.23241585813229,119.34324879327852,0,100,3.0,3,0.8285791840253172
3.815,0.26842527782774417,110.5979971739174,0,100,3.0,3,0.6554058846320279
3.82,0.30321927900592993,101.51363369323616,0,100,3.0,3,0.47551749887596356
3.825,0.3350163137995362,93.71710930994122,0,100,3.0,3,0.32113087742457863
3.83,0.3620352400956416,88.0408711759401,0,100,3.0,3,0.2087301222958435
3.835,0.3826586036805073,84.55286850593457,0,100,3.0,3,0.13966076249375384
3.84,0.39559233134833227,82.84748489696597,0,100,3.0,3,0.10589079003893002
3.845,0.4,82.37133282226496,0,100,3.0,3,0.09646203608445467
3.85,0.39559233134833227,82.63805034016156,0,100,3.0,3,0.10174357109230803
3.855,0.3826586036805073,83.30587334297871,0,100,3.0,3,0.11496778896987553
3.86,0.3620352400956416,84.16490713408541,0,100,3.0,3,0.13197835909080022
3.865,0.3350163137995362,85.0921950880515,0,100,3.0,3,0.15034049679309894
3.87,0.3032192790059296,86.01072621984261,0,100,3.0,3,0.16852923207609127
3.875,0.26842527782774417,86.86417440841791,0,100,3.0,3,0.18542919620629525
3.88,0.23241585813229,87.60559262371146,0,100,3.0,3,0.2001107450239893
3.885,0.19682662652900276,88.19456648085263,0,100,3.0,3,0.2117735936802501
3.89,0.16303381314489318,88.59825923824728,0,100,3.0,3,0.21976750966826297
3.895,0.13208310477486307,88.79360978800707,0,100,3.0,3,0.2236358373862787
3.9,0.10466285982723562,88.76927877568113,0,100,3.0,3,0.22315403516200258
3.905,0.08111733445917907,88.52667951771419,0,100,3.0,3,0.21835008945968684
3.91,0.06149084917398798,88.0798288762355,0,100,3.0,3,0.2095015619056534
3.915,0.04559141333598128,87.45400355470595,0,100,3.0,3,0.1971089812813059
3.92,0.03306217087257399,86.68337241155771,0,100,3.0,3,0.18184895864470718
3.925,0.02345067901074276,85.80791143717427,0,100,3.0,3,0.16451309776582712
3.93,0.016268788896435526,84.86998793217056,0,100,3.0,3,0.14594035509248632
3.935,0.011039026374860051,83.9110173452604,0,100,3.0,3,0.12695083852000802
3.94,0.007326255555493689,82.96855247346932,0,100,3.0,3,0.1082881677914716
3.945,0.0047556414315231815,82.07407279822225,0,100,3.0,3,0.09057569897469796
3.95,0.0030193390635632803,81.25162151282318,0,100,3.0,3,0.07428953490738965
3.955,0.001874953127946523,80.51731199682195,0,100,3.0,3,0.059748752412315746
3.96,0.0011387927410965778,79.87961489221692,0,100,3.0,3,0.047121086974592497
3.965,0.0006765107634274089,79.34025664052957,0,100,3.0,3,0.036440725555041076
3.97,0.00039307957404427924,78.89551775269611,0,100,3.0,3,0.027634014904873425
3.975,0.00022338910511776318,78.53771380517617,0,100,3.0,3,0.02054878822131025
3.98,0.00012417073320013317,78.25666749841467,0,100,3.0,3,0.014983514820092506
3.985,6.750753468904987e-05,78.04102560834315,0,100,3.0,3,0.010713378383032629
3.99,3.5897234866245036e-05,77.87932880329069,0,100,3.0,3,0.007511461451300793
3.995,1.8670050400879738e-05,77.76079488933377,0,100,3.0,3,0.005164255234332007
4.0,9.497421874143672e-06,77.67581972189748,0,100,3.0,3,0.003481578651435304
4.005,4.725434140340885e-06,77.61623083499478,0,100,3.0,3,0.0023016006929659546
4.01,2.299606063738814e-06,77.5753460316081,0,100,3.0,3,0.00149200062590309
4.015,1.0945633976635486e-06,77.54789439215395,0,100,3.0,3,0.0009484038050287057
4.02,5.095703414287532e-07,77.5298534278326,0,100,3.0,3,0.0005911569867842756
4.025,2.3202944964797243e-07,77.51824689616652,0,100,3.0,3,0.0003613246765646839
4.03,1.0333746954038608e-07,77.5109362657051,0,100,3.0,3,0.00021655971693263328
4.035,4.501406988770349e-08,77.50642738570303,0,100,3.0,3,0.00012727496441652199
4.04,0.0,77.50370411898086,0,100,3.0,3,7.334889071016462e-05
4.045,0.0,77.502093248318,0,100,3.0,3,4.1450461742667835e-05
4.05,0.0,77.5011599568401,0,100,3.0,3,2.2969442378181687e-05
4.055,0.0,77.50063030124682,0,100,3.0,3,1.248121280822137e-05
4.06,0.0,77.50033584567429,0,100,3.0,3,6.650409391800122e-06
4.065,0.0,77.50017547554839,0,100,3.0,3,3.474763334429779e-06
4.07,0.001684486749771458,77.50008990393783,0,100,3.0,3,1.7802759967113648e-06
4.075,0.00456624331333666,77.50004516750249,0,100,3.0,3,8.944059899395953e-07
4.08,0.011079731271581421,77.50002225146947,0,100,3.0,3,4.406231579029583e-07
4.085,0.024064571490409,77.50001074921063,0,100,3.0,3,2.1285565605809313e-07
4.09,0.046784906529573234,77.50000509189812,0,100,3.0,3,1.0082966569051236e-07
4.095,0.08141644351188804,77.50000236520123,0,100,3.0,3,4.6835667841277074e-08
4.1,0.12682276464025305,77.5000010773126,0,100,3.0,3,2.1332922842972974e-08
4.105,0.1768320708657512,77.50000048117234,0,100,3.0,3,9.528165064423747e-09
4.11,0.22070063230473494,77.50000021073895,0,100,3.0,3,4.173048441456071e-09
4.115,0.24656126505113576,77.50000009050534,0,100,3.0,3,1.792184917522349e-09
4.12,0.24656126505724016,77.50000003811438,0,100,3.0,3,7.547401823427605e-10
4.125,0.220700632329898,77.50000001573942,0,100,3.0,3,3.116716214046193e-10
4.13,0.17683207093748562,77.50000000637344,0,100,3.0,3,1.2620674142724082e-10
4.135,0.12682276483597799,77.50000000253073,0,100,3.0,3,5.011338319013928e-11
4.14,0.08141644409447898,77.50000000098537,0,100,3.0,3,1.951220703163152e-11
4.145,0.04678490952598309,77.50000000037622,0,100,3.0,3,7.449864707529858e-12
4.15,0.024064605020532023,77.50000000014086,0,100,3.0,3,2.7892671670709357e-12
4.155,0.011080171739334697,77.50000000005171,0,100,3.0,3,1.0240257486855464e-12
4.16,0.004571212771509492,77.50000000001862,0,100,3.0,3,3.6863801340425e-13
4.165,0.0017299316936037438,77.50000000000657,0,100,3.0,3,1.3000821541432327e-13
4.17,0.0008899431850697582,77.50000000000227,0,100,3.0,3,4.502449018677863e-14
4.175,0.002128806368910263,77.50000000000077,0,100,3.0,3,1.5195765438037787e-14
4.18,0.009309664818487698,77.50000000000026,0,100,3.0,3,5.065255146012595e-15
4.185,0.03503263543368747,77.50000000000009,0,100,3.0,3,1.6884183820041984e-15
4.19,0.10606267793605692,77.50000000000003,0,100,3.0,3,5.628061273347328e-16
4.195,0.25734927343160535,77.50000000000001,0,100,3.0,3,2.814030636673664e-16
4.2,0.5003202479539708,77.5,0,100,3.0,3,0.0
4.205,0.7793067891790435,77.5,0,100,3.0,3,0.0
4.21,0.9720477407234077,77.50000296131513,1,100,3.0,3,5.86399036171432e-08
4.215,0.967267334488097,77.50000586669285,0,100,3.0,3,1.1617213555053799e-07
4.22,0.7505869905515209,77.50001243272976,0,100,3.0,3,2.461926685397641e-07
4.225,0.4028369574773956,77.50002929773642,0,100,3.0,3,5.801531964008594e-07
4.23,0.04553881263121314,77.50007764429057,0,100,3.0,3,1.5375107043630377e-06
4.235,-0.189138810908105,77.50022444113267,0,100,3.0,3,4.44437886480865e-06
4.24,-0.22868072635956738,77.5006729999817,0,100,3.0,3,1.3326732310941783e-05
4.245,-0.14104670682394166,77.50200662880097,0,100,3.0,3,3.9735223781586806e-05
4.25,-0.051158381651102834,77.50579382291566,0,100,3.0,3,0.00011472916664679855
4.255,-0.008206426846427752,77.51596845203716,0,100,3.0,3,0.0003162069710328123
4.26,0.005350271385530505,77.54170084907592,0,100,3.0,3,0.0008257593876420391
4.265,0.01084668799215426,77.6027953662103,0,100,3.0,3,0.0020355518061445864
4.27,0.016256859896386415,77.73872856789444,0,100,3.0,3,0.004727298374147344
4.275,0.02345021205790711,78.02178614378205,0,100,3.0,3,0.0103323988867733
4.28,0.0330621597308209,78.57274718688386,0,100,3.0,3,0.02124251855215563
4.285,0.04559141319943196,79.57388842448763,0,100,3.0,3,0.041067097514606625
4.29,0.06149084917446989,81.26947432350076,0,100,3.0,3,0.07464305591090613
4.295,0.08111733445924295,83.94080437983155,0,100,3.0,3,0.1275406807887435
4.3,0.1046628598272375,87.84519714796359,0,100,3.0,3,0.2048553890685859
4.305,0.1320831047748631,93.11939194719336,0,100,3.0,3,0.30929489004343297
4.31,0.16303381314489318,99.66726161123096,0,100,3.0,3,0.4389556754699199
4.315,0.19682662652900276,107.07235404598593,0,100,3.0,3,0.5855911692274443
4.32,0.23241585813229,114.5849217034372,0,100,3.0,3,0.7343548852165783
4.325,0.26842527782774417,121.21893744735634,0,100,3.0,3,0.8657215336110167
4.33,0.30321927900592993,125.95557127067653,0,100,3.0,3,0.9595162627856738
4.335,0.3350163137995362,128.0,0,100,3.0,3,1.0
4.34,0.3620352400956416,127.00381183060969,0,100,3.0,3,0.9802735015962315
4.345,0.3826586036805073,123.16801061856472,0,100,3.0,3,0.9043170419517766
4.35,0.39559233134833227,117.18529630711025,0,100,3.0,3,0.7858474516259455
4.355,0.4,110.04485402705396,0,100,3.0,3,0.6444525549911675
4.36,0.39559233134833227,102.77562642313768,0,100,3.0,3,0.5005074539235185
4.365,0.3826586036805073,96.21947242055211,0,100,3.0,3,0.37068262218915066
4.37,0.3620352400956416,90.90020024825073,0,100,3.0,3,0.2653504999653609
4.375,0.3350163137995362,87.00641379908434,0,100,3.0,3,0.18824581780365035
4.38,0.3032192790059296,84.46183873099395,0,100,3.0,3,0.13785819269294944
4.385,0.26842527782774417,83.03487611005043,0,100,3.0,3,0.10960150712971155
4.39,0.23241585813229,82.44241985324331,0,100,3.0,3,0.09786970006422392
4.395,0.19682662652900276,82.42169421727391,0,100,3.0,3,0.09745929143116652
4.4,0.16303381314489318,82.76468708961895,0,100,3.0,3,0.10425122949740487
4.405,0.13208310477486307,83.3235951857834,0,100,3.0,3,0.11531871655016641
4.41,0.10466285982723562,84.00031938469603,0,100,3.0,3,0.128719195736555
4.415,0.08111733445917907,84.73108731348296,0,100,3.0,3,0.14318984779174176
4.42,0.06149084917398798,85.47276520571721,0,100,3.0,3,0.15787653872707344
4.425,0.04559141333598128,86.19331061043677,0,100,3.0,3,0.17214476456310432
4.43,0.03306217087257399,86.8663022786381,0,100,3.0,3,0.18547133225025944
4.435,0.02345067901074276,87.4684738559012,0,100,3.0,3,0.19739552189903356
4.44,0.016268788896435526,87.97908562508283,0,100,3.0,3,0.2075066460412442
4.445,0.011039026374860051,88.38024238654792,0,100,3.0,3,0.21545034428807763
4.45,0.007326255555493689,88.65758205605593,0,100,3.0,3,0.22094221893180058
4.455,0.0047556414315231815,88.80099727139321,0,100,3.0,3,0.22378212418600424
4.46,0.0030193390635632803,88.80520117714404,0,100,3.0,3,0.22386536984443647
4.465,0.001874953127946523,88.67003626796662,0,100,3.0,3,0.2211888369894381
4.47,0.0011387927410965778,88.40047980988066,0,100,3.0,3,0.21585108534417158
4.475,0.0006765107634274089,88.0063384100501,0,100,3.0,3,0.20804630514950703
4.48,0.00039307957404427924,87.50165555247239,0,100,3.0,3,0.19805258519747299
4.485,0.00022338910511776318,86.90388132771125,0,100,3.0,3,0.18621547183586626
4.49,0.00012417073320013317,86.23287258440021,0,100,3.0,3,0.17292816998812302
4.495,6.750753468904987e-05,85.50980319077796,0,100,3.0,3,0.15860996417382095
4.5,3.5897234866245036e-05,84.75606733504448,0,100,3.0,3,0.14368450168404906
4.505,1.8670050400879738e-05,83.99225397573021,0,100,3.0,3,0.1285594846679249
4.51,9.497421874143672e-06,83.23725872932803,0,100,3.0,3,0.11360908374906997
4.515,4.725434140340885e-06,82.50758243592045,0,100,3.0,3,0.09916004823604861
4.52,2.299606063738814e-06,81.81684561597365,0,100,3.0,3,0.08548209140541876
4.525,1.0945633976635486e-06,81.17552739936477,0,100,3.0,3,0.07278272077950035
4.53,5.095703414287532e-07,80.59091846912776,0,100,3.0,3,0.06120630631936153
4.535,2.3202944964797243e-07,80.06726188020727,0,100,3.0,3,0.05083686891499543
4.54,1.0333746954038608e-07,79.60604444742516,0,100,3.0,3,0.04170385044406262
4.545,4.501406988770349e-08,79.20639523846361,0,100,3.0,3,0.03379000472205176
4.55,0.0,78.86554641438488,0,100,3.0,3,0.027040523057126342
4.555,0.0,78.5793145693633,0,100,3.0,3,0.021372565729966438
4.56,0.0,78.34256681555922,0,100,3.0,3,0.016684491397212346
4.565,0.0,78.14964395113566,0,100,3.0,3,0.012864236656151651
4.57,0.0,77.99472195637934,0,100,3.0,3,0.009796474383749244
4.575,0.0,77.87210174718471,0,100,3.0,3,0.007368351429400293
4.58,0.0,77.77642477883984,0,100,3.0,3,0.005473757996828501
4.585,0.0,77.70281822146181,0,100,3.0,3,0.004016202405184382
4.59,0.0,77.64697778795882,0,100,3.0,3,0.002910451246709265
4.595,0.0,77.60519889581394,0,100,3.0,3,0.002083146451761224
4.6,0.0,77.5743678786863,0,100,3.0,3,0.0014726312611149088
4.605,0.0,77.5519247415339,0,100,3.0,3,0.0010282127036414903
4.61,0.0,77.53580783230012,0,100,3.0,3,0.0007090659861410356
4.615,0.0,77.52438913828057,0,100,3.0,3,0.00048295323327858503
4.62,0.0,77.51640701665087,0,100,3.0,3,0.00032489141882918076
4.625,0.0,77.51090128061816,0,100,3.0,3,0.00021586694293379726
4.63,0.0,77.50715385539726,0,100,3.0,3,0.00014166050291609876
4.635,0.0,77.50463679113156,0,100,3.0,3,9.181764616950303e-05
4.64,0.0,77.50296831267497,0,100,3.0,3,5.877846881120793e-05
4.645,0.0,77.5018767935301,0,100,3.0,3,3.71642283188395e-05
4.65,0.0,77.50117202826756,0,100,3.0,3,2.320848054576498e-05
4.655,0.0,77.50072289365475,0,100,3.0,3,1.4314725836701394e-05
4.66,0.0,77.50044037786004,0,100,3.0,3,8.720353664253563e-06
4.665,0.0,77.50026496668872,0,100,3.0,3,5.246865123128805e-06
4.67,0.0,77.50015746056945,0,100,3.0,3,3.118031078303271e-06
4.675,0.0,77.50009242024059,0,100,3.0,3,1.8301037740830808e-06
4.68,0.0,77.50005357684176,0,100,3.0,3,1.060927559700587e-06
4.685,0.0,77.50003067622127,0,100,3.0,3,6.074499261706811e-07
4.69,0.0,77.50001734767797,0,100,3.0,3,3.4351837560207777e-07
4.695,0.0,77.50000968937087,0,100,3.0,3,1.9186873010082785e-07
4.7,0.0,77.5000053452072,0,100,3.0,3,1.0584568711931184e-07
4.705,0.0,77.50000291238139,0,100,3.0,3,5.767091861929261e-08
4.71,0.001684486749771458,77.50000156728035,0,100,3.0,3,3.1035254454367857e-08
4.715,0.00456624331333666,77.50000083302851,0,100,3.0,3,1.6495614027638176e-08
4.72,0.011079731271581421,77.50000043730836,0,100,3.0,3,8.65957145374568e-09
4.725,0.024064571490409,77.5000002267412,0,100,3.0,3,4.489924612523219e-09
4.73,0.046784906529573234,77.50000011611486,0,100,3.0,3,2.2993041925879466e-09
4.735,0.08141644351188804,77.50000005873,0,100,3.0,3,1.1629701997896906e-09
4.74,0.12682276464025305,77.5000000293391,0,100,3.0,3,5.809723835128433e-10
4.745,0.1768320708657512,77.500000014476,0,100,3.0,3,2.8665348202927213e-10
4.75,0.22070063230473494,77.50000000705448,0,100,3.0,3,1.396927018504357e-10
4.755,0.24656126505113576,77.50000000339544,0,100,3.0,3,6.723647821123485e-11
4.76,0.24656126505724016,77.50000000161414,0,100,3.0,3,3.1963166986657814e-11
4.765,0.220700632329898,77.50000000075788,0,100,3.0,3,1.500750678844432e-11
4.77,0.17683207093748562,77.50000000035146,0,100,3.0,3,6.959660570621306e-12
4.775,0.12682276483597799,77.50000000016098,0,100,3.0,3,3.1877339052239267e-12
4.78,0.08141644409447898,77.50000000007282,0,100,3.0,3,1.4419092982315855e-12
4.785,0.04678490952598309,77.50000000003254,0,100,3.0,3,6.444130157982691e-13
4.79,0.024064605020532023,77.50000000001435,0,100,3.0,3,2.8421709430404007e-13
4.795,0.011080171739334697,77.50000000000625,0,100,3.0,3,1.2381734801364123e-13
4.8,0.004571212771509492,77.5000000000027,0,100,3.0,3,5.3466582096799615e-14
4.805,0.0017299316936037438,77.50000000000115,0,100,3.0,3,2.279364815705668e-14
4.81,0.0008899431850697582,77.50000000000048,0,100,3.0,3,9.567704164690459e-15
4.815,0.002128806368910263,77.5000000000002,0,100,3.0,3,3.93964289134313e-15
4.82,0.009309664818487698,77.50000000000009,0,100,3.0,4,1.6884183820041984e-15
4.825,0.03503263543368747,77.50000000000003,0,100,3.0,4,5.628061273347328e-16
4.83,0.10606267793605692,77.50000000000001,0,100,3.0,4,2.814030636673664e-16
4.835,0.25734927343160535,77.5,0,100,3.0,4,0.0
4.84,0.5003202479539708,77.5,0,100,3.0,4,0.0
4.845,0.7793067891790435,77.5,0,100,3.0,4,0.0
4.85,0.9720477407234077,77.50000297456887,1,100,3.0,4,5.890235390306951e-08
4.855,0.967267334488097,77.5000062222234,0,100,3.0,4,1.2321234465270038e-07
4.86,0.7505869905515209,77.50001412492644,0,100,3.0,4,2.797015136113962e-07
4.865,0.4028369574773956,77.50003641983405,0,100,3.0,4,7.211848326008267e-07
4.87,0.04553881263121314,77.50010706994215,0,100,3.0,4,2.1201968741812684e-06
4.875,-0.189138810908105,77.50034212581059,0,100,3.0,4,6.774768526539258e-06
4.88,-0.22868072635956738,77.5011174452075,0,100,3.0,4,2.212762787125219e-05
4.885,-0.14104670682394166,77.50356855475515,0,100,3.0,4,7.066445059699122e-05
4.89,-0.051158381651102834,77.51086963859841,0,100,3.0,4,0.00021524036828529712
4.895,-0.008206426846427752,77.53118939740251,0,100,3.0,4,0.0006176118297527509
4.9,0.005350271385530505,77.5838025515997,0,100,3.0,4,0.001659456467320855
4.905,0.01084668799215426,77.71022945889035,0,100,3.0,4,0.004162959581987194
4.91,0.016256859896386415,77.99167912939262,0,100,3.0,4,0.009736220384012324
4.915,0.02345021205790711,78.5712635147241,0,100,3.0,4,0.021213138905427614
4.92,0.0330621597308209,79.67352667251653,0,100,3.0,4,0.043040132129040204
4.925,0.04559141319943196,81.60576661164305,0,100,3.0,4,0.0813023091414465
4.93,0.06149084917446989,84.71992636449431,0,100,3.0,4,0.1429688389008775
4.935,0.08111733445924295,89.3182428616724,0,100,3.0,4,0.23402461112222578
4.94,0.1046628598272375,95.50702080839233,0,100,3.0,4,0.3565746694731154
4.945,0.1320831047748631,103.03863252038366,0,100,3.0,4,0.5057154954531418
4.95,0.16303381314489318,111.21541053963608,0,100,3.0,4,0.6676318918739819
4.955,0.19682662652900276,118.93384620768896,0,100,3.0,4,0.8204722021324546
4.96,0.23241585813229,124.90436853284245,0,100,3.0,4,0.9387003669869793
4.965,0.26842527782774417,128.0,0,100,3.0,4,1.0
4.97,0.30321927900592993,127.60820170828875,0,100,3.0,4,0.9922416179859158
4.975,0.3350163137995362,123.83638395652297,0,100,3.0,4,0.9175521575549102
4.98,0.3620352400956416,117.47746650268306,0,100,3.0,4,0.7916330000531299
4.985,0.3826586036805073,109.75136675254107,0,100,3.0,4,0.6386409257928926
4.99,0.39559233134833227,101.93854206075709,0,100,3.0,4,0.48393152595558586
4.995,0.4,95.05631336589965,0,100,3.0,4,0.34764976962177535
5.0,0.39559233134833227,89.68561676959516,0,100,3.0,4,0.24129934197218134
5.005,0.3826586036805073,85.97066202095813,0,100,3.0,4,0.1677358816031313
5.01,0.3620352400956416,83.73963639863871,0,100,3.0,4,0.1235571564086873
5.015,0.3350163137995362,82.66506980421391,0,100,3.0,4,0.10227860998443394
5.02,0.3032192790059296,82.39769679500384,0,100,3.0,4,0.09698409495057106
5.025,0.26842527782774417,82.64426327774376,0,100,3.0,4,0.1018665995592824
5.03,0.23241585813229,83.1925217979524,0,100,3.0,4,0.1127232039198494
5.035,0.19682662652900276,83.90296821666257,0,100,3.0,4,0.12679144983490243
5.04,0.16303381314489318,84.68768921939152,0,100,3.0,4,0.1423304795919112
5.045,0.13208310477486307,85.48964936969762,0,100,3.0,4,0.15821087860787358
5.05,0.10466285982723562,86.2679527426403,0,100,3.0,4,0.1736228265869367
5.055,0.08111733445917907,86.9895179409416,0,100,3.0,4,0.18791124635527912
5.06,0.06149084917398798,87.62548740634166,0,100,3.0,4,0.20050470111567648
5.065,0.04559141333598128,88.15044219056064,0,100,3.0,4,0.21089984535763642
5.07,0.03306217087257399,88.54297359153537,0,100,3.0,4,0.21867274438683904
5.075,0.02345067901074276,88.78671463080131,0,100,3.0,4,0.22349929961982798
5.08,0.016268788896435526,88.87133001885871,0,100,3.0,4,0.2251748518585884
5.085,0.011039026374860051,88.79319881643394,0,100,3.0,4,0.2236276993353256
5.09,0.007326255555493689,88.55565877970061,0,100,3.0,4,0.2189239362316952
5.095,0.0047556414315231815,88.168766505288,0,100,3.0,4,0.21126270307501
5.1,0.0030193390635632803,87.64859039083257,0,100,3.0,4,0.20096218595708054
5.105,0.001874953127946523,87.01610373171393,0,100,3.0,4,0.18843769765770152
5.11,0.0011387927410965778,86.29578368219154,0,100,3.0,4,0.1741739343008226
5.115,0.0006765107634274089,85.51404620349248,0,100,3.0,4,0.15869398422757394
5.12,0.00039307957404427924,84.69765577968232,0,100,3.0,4,0.1425278372214321
5.125,0.00022338910511776318,83.87224160225274,0,100,3.0,4,0.12618300202480678
5.13,0.00012417073320013317,83.06103109428663,0,100,3.0,4,0.1101194276096363
5.135,6.750753468904987e-05,82.28388071988795,0,100,3.0,4,0.09473031128490983
5.14,3.5897234866245036e-05,81.5566476806962,0,100,3.0,4,0.08032965704348914
5.145,1.8670050400879738e-05,80.89090926252491,0,100,3.0,4,0.06714671806980028
5.15,9.497421874143672e-06,80.29400369189199,0,100,3.0,4,0.05532680578003935
5.155,4.725434140340885e-06,79.76934075119777,0,100,3.0,4,0.0449374406177777
5.16,2.299606063738814e-06,79.316914026084,0,100,3.0,4,0.03597849556601993
5.165,1.0945633976635486e-06,78.93393997639421,0,100,3.0,4,0.02839485101770721
5.17,5.095703414287532e-07,78.615551171725,0,100,3.0,4,0.02209012221237628
5.175,2.3202944964797243e-07,78.35548017624241,0,100,3.0,4,0.016940201509750674
5.18,1.0333746954038608e-07,78.14668432330618,0,100,3.0,4,0.012805630164478717
5.185,4.501406988770349e-08,77.98187749628777,0,100,3.0,4,0.009542128639361692
5.19,0.0,77.85395079052064,0,100,3.0,4,0.007008926544963209
5.195,0.0,77.7562778414269,0,100,3.0,4,0.005074808741126601
5.2,0.0,77.68291156154915,0,100,3.0,4,0.003622011119785098
5.205,0.0,77.62868655855223,0,100,3.0,4,0.002548248684202616
5.21,0.0,77.58924566817144,0,100,3.0,4,0.001767240953889971
5.215,0.0,77.56101028213665,0,100,3.0,4,0.0012081243987455367
5.22,0.0,77.5411131592637,0,100,3.0,4,0.0008141219656178606
5.225,0.0,77.52730993064118,0,100,3.0,4,0.0005407907057659567
5.23,0.0,77.51788225456453,0,100,3.0,4,0.0003541040507826946
5.235,0.0,77.51154212778609,0,100,3.0,4,0.00022855698586309104
5.24,0.0,77.50734364057384,0,100,3.0,4,0.00014541862522448112
5.245,0.0,77.5046057342584,0,100,3.0,4,9.120265858227597e-05
5.25,0.0,77.50284739861534,0,100,3.0,4,5.638413099691746e-05
5.255,0.0,77.5017352401662,0,100,3.0,4,3.436119140986301e-05
5.26,0.0,77.50104239625774,0,100,3.0,4,2.0641510054353e-05
5.265,0.0,77.50061725984372,0,100,3.0,4,1.2222967202410697e-05
5.27,0.0,77.50036030072403,0,100,3.0,4,7.134667802491473e-06
5.275,0.0,77.50020731187256,0,100,3.0,4,4.1051855952004966e-06
5.28,0.0,77.50011758316428,0,100,3.0,4,2.3283794907438456e-06
5.285,0.0,77.50006573974899,0,100,3.0,4,1.3017772077280752e-06
5.29,0.0,77.50003623037833,0,100,3.0,4,7.174332342113456e-07
5.295,0.0,77.50001968247125,0,100,3.0,4,3.8975190589121443e-07
5.3,0.0,77.5000105401869,0,100,3.0,4,2.0871657240361558e-07
5.305,0.001684486749771458,77.50000556389502,0,100,3.0,4,1.1017613892723638e-07
5.31,0.00456624331333666,77.50000289515268,0,100,3.0,4,5.732975595681565e-08
5.315,0.011079731271581421,77.50000148499826,0,100,3.0,4,2.9405906233667265e-08
5.32,0.024064571490409,77.50000075083126,0,100,3.0,4,1.486794578322768e-08
5.325,0.046784906529573234,77.50000037421457,0,100,3.0,4,7.410189408180333e-09
5.33,0.08141644351188804,77.50000018384885,0,100,3.0,4,3.6405713735172804e-09
5.335,0.12682276464025305,77.50000008903548,0,100,3.0,4,1.7630788358411057e-09
5.34,0.1768320708657512,77.50000004250376,0,100,3.0,4,8.416585536330182e-10
5.345,0.22070063230473494,77.50000002000107,0,100,3.0,4,3.9606074195863487e-10
5.35,0.24656126505113576,77.50000000927771,0,100,3.0,4,1.837170855489405e-10
5.355,0.24656126505724016,77.5000000042422,0,100,3.0,4,8.400387975985489e-11
5.36,0.220700632329898,77.50000000191207,0,100,3.0,4,3.786278221644415e-11
5.365,0.17683207093748562,77.50000000084952,0,100,3.0,4,1.6822275146035165e-11
5.37,0.12682276483597799,77.50000000037205,0,100,3.0,4,7.36741360987532e-12
5.375,0.08141644409447898,77.50000000016063,0,100,3.0,4,3.1806988286322427e-12
5.38,0.04678490952598309,77.50000000006835,0,100,3.0,4,1.3535487362400324e-12
5.385,0.024064605020532023,77.50000000002868,0,100,3.0,4,5.678713824807455e-13
5.39,0.011080171739334697,77.50000000001185,0,100,3.0,4,2.346901550985836e-13
5.395,0.004571212771509492,77.50000000000483,0,100,3.0,4,9.567704164690458e-14
5.4,0.0017299316936037438,77.50000000000195,0,100,3.0,4,3.85522197224292e-14
5.405,0.0008899431850697582,77.50000000000077,0,100,3.0,4,1.5195765438037787e-14
5.41,0.002128806368910263,77.5000000000003,0,100,3.0,4,5.909464337014694e-15
5.415,0.009309664818487698,77.50000000000011,0,100,3.0,4,2.2512245093389313e-15
5.42,0.03503263543368747,77.50000000000004,0,100,3.0,4,8.442091910020992e-16
5.425,0.10606267793605692,77.50000000000001,0,100,3.0,4,2.814030636673664e-16
5.43,0.25734927343160535,77.5,0,100,3.0,4,0.0
5.435,0.5003202479539708,77.5,0,100,3.0,4,0.0
5.44,0.7793067891790435,77.5,0,100,3.0,4,0.0
5.445,0.9720477407234077,77.50000296417907,1,100,3.0,4,5.8696615339370215e-08
5.45,0.967267334488097,77.50000671426626,0,100,3.0,4,1.3295576758366115e-07
5.455,0.7505869905515209,77.50001690807775,0,100,3.0,4,3.3481342086923917e-07
5.46,0.4028369574773956,77.50004998152149,0,100,3.0,4,9.897330987161408e-07
5.465,0.04553881263121314,77.50017093493624,0,100,3.0,4,3.3848502224904368e-06
5.47,-0.189138810908105,77.50062682696246,0,100,3.0,4,1.2412415098215026e-05
5.475,-0.22868072635956738,77.50228951654114,0,100,3.0,4,4.533696121069003e-05
5.48,-0.14104670682394166,77.50797121731352,0,100,3.0,4,0.00015784588739653274
5.485,-0.051158381651102834,77.52589581734757,0,100,3.0,4,0.0005127884623282125
5.49,-0.008206426846427752,77.57774358530986,0,100,3.0,4,0.001539476936828929
5.495,0.005350271385530505,77.7147515715821,0,100,3.0,4,0.00425250636796235
5.5,0.01084668799215426,78.04471478880228,0,100,3.0,4,0.01078643146143131
5.505,0.016256859896386415,78.76748649806238,0,100,3.0,4,0.02509874253588876
5.51,0.02345021205790711,80.20427167320135,0,100,3.0,4,0.05354993412279896
5.515,0.0330621597308209,82.78911922275384,0,100,3.0,4,0.10473503411393742
5.52,0.04559141319943196,86.98172744251318,0,100,3.0,4,0.18775697905966685
5.525,0.06149084917446989,93.07887730032347,0,100,3.0,4,0.30849261980838555
5.53,0.08111733445924295,100.95962721250167,0,100,3.0,4,0.4645470735148846
5.535,0.1046628598272375,109.87793025058434,0,100,3.0,4,0.6411471336749375
5.54,0.1320831047748631,118.45853789884562,0,100,3.0,4,0.8110601564127845
5.545,0.16303381314489318,124.99616767138359,0,100,3.0,4,0.9405181717105661
5.55,0.19682662652900276,128.0,0,100,3.0,4,1.0
5.555,0.23241585813229,126.75356838385197,0,100,3.0,4,0.9753181858188509
5.56,0.26842527782774417,121.60504184108623,0,100,3.0,4,0.8733671651700244
5.565,0.30321927900592993,113.82915829348634,0,100,3.0,4,0.7193892731383434
5.57,0.3350163137995362,105.1368956240279,0,100,3.0,4,0.5472652598817406
5.575,0.3620352400956416,97.09121900543379,0,100,3.0,4,0.387944930800669
5.58,0.3826586036805073,90.69899581482312,0,100,3.0,4,0.2613662537588737
5.585,0.39559233134833227,86.30643547151764,0,100,3.0,4,0.1743848608221316
5.59,0.4,83.74771204094193,0,100,3.0,4,0.12371707011766206
5.595,0.39559233134833227,82.59820551494997,0,100,3.0,4,0.1009545646524746
5.6,0.3826586036805073,82.39507218456649,0,100,3.0,4,0.09693212246666312
5.605,0.3620352400956416,82.76100457002498,0,100,3.0,4,0.10417830831732633
5.61,0.3350163137995362,83.43701275683196,0,100,3.0,4,0.11756460904617747
5.615,0.3032192790059296,84.26274473002995,0,100,3.0,4,0.13391573722831585
5.62,0.26842527782774417,85.14136714527861,0,100,3.0,4,0.1513142008966061
5.625,0.23241585813229,86.00990517918865,0,100,3.0,4,0.1685129738453198
5.63,0.19682662652900276,86.82112236316677,0,100,3.0,4,0.1845766804587478
5.635,0.16303381314489318,87.53521333823748,0,100,3.0,4,0.19871709580668284
5.64,0.13208310477486307,88.11753774701205,0,100,3.0,4,0.21024827221806042
5.645,0.10466285982723562,88.53926927071664,0,100,3.0,4,0.2185993914993395
5.65,0.08111733445917907,88.77902403173812,0,100,3.0,4,0.22334701052946768
5.655,0.06149084917398798,88.82443075630417,0,100,3.0,4,0.22424615359018152
5.66,0.04559141333598128,88.67312595457363,0,100,3.0,4,0.22125001890244822
5.665,0.03306217087257399,88.33294216334119,0,100,3.0,4,0.21451370620477597
5.67,0.02345067901074276,87.8212325486588,0,100,3.0,4,0.20438084254769898
5.675,0.016268788896435526,87.16340340705206,0,100,3.0,4,0.19135452291192195
5.68,0.011039026374860051,86.39082504390485,0,100,3.0,4,0.17605594146346246
5.685,0.007326255555493689,85.53835951391795,0,100,3.0,4,0.15917543591916739
5.69,0.0047556414315231815,84.64177552213825,0,100,3.0,4,0.1414212974680841
5.695,0.0030193390635632803,83.73531462915751,0,100,3.0,4,0.12347157681500029
5.7,0.001874953127946523,82.8496326055666,0,100,3.0,4,0.10593331892211084
5.705,0.0011387927410965778,82.01027424192745,0,100,3.0,4,0.0893123612262861
5.71,0.0006765107634274089,81.23676123804874,0,100,3.0,4,0.07399527204056917
5.715,0.00039307957404427924,80.54229383076677,0,100,3.0,4,0.06024344219340132
5.72,0.00022338910511776318,79.93399886750076,0,100,3.0,4,0.04819799737625271
5.725,0.00012417073320013317,79.41360807300065,0,100,3.0,4,0.037893229168329615
5.73,6.750753468904987e-05,78.97842407043797,0,100,3.0,4,0.029275724167088454
5.735,3.5897234866245036e-05,78.62242792395355,0,100,3.0,4,0.022226295523832713
5.74,1.8670050400879738e-05,78.33739682142036,0,100,3.0,4,0.016582115275650608
5.745,9.497421874143672e-06,78.11392816965889,0,100,3.0,4,0.0121569934585919
5.75,4.725434140340885e-06,77.9423002876319,0,100,3.0,4,0.008758421537265242
5.755,2.299606063738814e-06,77.81313404636992,0,100,3.0,4,0.006200674185543062
5.76,1.0945633976635486e-06,77.7178495995346,0,100,3.0,4,0.004313853456130745
5.765,5.095703414287532e-07,77.64893495872354,0,100,3.0,4,0.002949207103436511
5.77,2.3202944964797243e-07,77.60005756748029,0,100,3.0,4,0.0019813379699067666
5.775,1.0333746954038608e-07,77.56605666430328,0,100,3.0,4,0.0013080527584806965
5.78,4.501406988770349e-08,77.54285453088583,0,100,3.0,4,0.0008486045719966978
5.785,0.0,77.5273206016611,0,100,3.0,4,0.0005410020130911431
5.79,0.0,77.51711579911962,0,100,3.0,4,0.0003389267152400488
5.795,0.0,77.5105370128528,0,100,3.0,4,0.00020865371985730172
5.8,0.0,77.50637457516568,0,100,3.0,4,0.00012622921120157684
5.805,0.0,77.50378964379554,0,100,3.0,4,7.504245139688068e-05
5.81,0.0,77.50221390480374,0,100,3.0,4,4.3839699083937465e-05
5.815,0.0,77.50127096298368,0,100,3.0,4,2.5167583835287354e-05
5.82,0.0,77.5007170018383,0,100,3.0,4,1.4198056203890746e-05
5.825,0.0,77.5003974852742,0,100,3.0,4,7.870995528834317e-06
5.83,0.0,77.50021653855089,0,100,3.0,4,4.287892096780893e-06
5.835,0.0,77.50011592118605,0,100,3.0,4,2.2954690307145002e-06
5.84,0.0,77.50006098230187,0,100,3.0,4,1.2075703341564587e-06
5.845,0.001684486749771458,77.50003152522672,0,100,3.0,4,6.2426191519053e-07
5.85,0.00456624331333666,77.50001601496638,0,100,3.0,4,3.1712804707015015e-07
5.855,0.011079731271581421,77.5000079947935,0,100,3.0,4,1.5831274269955187e-07
5.86,0.024064571490409,77.50000392194843,0,100,3.0,4,7.766234521924243e-08
5.865,0.046784906529573234,77.50000189064467,0,100,3.0,4,3.743850828472529e-08
5.87,0.08141644351188804,77.50000089563562,0,100,3.0,4,1.7735358862482105e-08
5.875,0.12682276464025305,77.50000041693293,0,100,3.0,4,8.256097710880856e-09
5.88,0.1768320708657512,77.500000190728,0,100,3.0,4,3.776792124368188e-09
5.885,0.22070063230473494,77.50000008573855,0,100,3.0,4,1.697793043667213e-09
5.89,0.24656126505113576,77.50000003787487,0,100,3.0,4,7.499974151077107e-10
5.895,0.24656126505724016,77.50000001644143,0,100,3.0,4,3.255729327497872e-10
5.9,0.220700632329898,77.50000000701361,0,100,3.0,4,1.3888338663932835e-10
5.905,0.17683207093748562,77.50000000294007,0,100,3.0,4,5.821919843907777e-11
5.91,0.12682276483597799,77.50000000121112,0,100,3.0,4,2.3982576101051303e-11
5.915,0.08141644409447898,77.50000000049026,0,100,3.0,4,9.708124293460474e-12
5.92,0.04678490952598309,77.50000000019502,0,100,3.0,4,3.8616942427072695e-12
5.925,0.024064605020532023,77.50000000007623,0,100,3.0,4,1.5094460335117535e-12
5.93,0.011080171739334697,77.50000000002929,0,100,3.0,4,5.799717142184422e-13
5.935,0.004571212771509492,77.50000000001106,0,100,3.0,4,2.1893158353321106e-13
5.94,0.0017299316936037438,77.50000000000409,0,100,3.0,4,8.104408233620152e-14
5.945,0.0008899431850697582,77.50000000000149,0,100,3.0,4,2.9547321685073474e-14
5.95,0.002128806368910263,77.50000000000054,0,100,3.0,4,1.0693316419359924e-14
5.955,0.009309664818487698,77.50000000000018,0,100,3.0,4,3.6582398276757634e-15
5.96,0.03503263543368747,77.50000000000007,0,100,3.0,4,1.4070153183368321e-15
5.965,0.10606267793605692,77.50000000000003,0,100,3.0,4,5.628061273347328e-16
5.97,0.25734927343160535,77.5,0,100,3.0,4,0.0
5.975,0.5003202479539708,77.5,0,100,3.0,4,0.0
5.98,0.7793067891790435,77.5,0,100,3.0,4,0.0
5.985,0.9720477407234077,77.50000296710844,1,100,3.0,4,5.875462264130235e-08
5.99,0.967267334488097,77.5000054313319,0,100,3.0,4,1.0755112672842809e-07
5.995,0.7505869905515209,77.50001044552678,0,100,3.0,4,2.06842114516578e-07
6.0,0.4028369574773956,77.50002172169837,0,100,3.0,4,4.3013264107370076e-07
6.005,0.04553881263121314,77.50004962470058,0,100,3.0,4,9.826673382157973e-07
6.01,-0.189138810908105,77.50012321625717,0,100,3.0,4,2.439925884463003e-06
6.015,-0.22868072635956738,77.50032209154594,0,100,3.0,4,6.378050414642161e-06
6.02,-0.14104670682394166,77.50085590047175,0,100,3.0,4,1.694852419303619e-05
6.025,-0.051158381651102834,77.50225121675267,0,100,3.0,5,4.457854955779175e-05
6.03,-0.008206426846427752,77.5057631350764,0,100,3.0,5,0.000114121486661523
6.035,0.005350271385530505,77.51422167495227,0,100,3.0,5,0.0002816173257874742
6.04,0.01084668799215426,77.5336489028249,0,100,3.0,5,0.0006663149074236319
6.045,0.016256859896386415,77.57611048836377,0,100,3.0,5,0.0015071383834409327
6.05,0.02345021205790711,77.66431082956785,0,100,3.0,5,0.0032536797934228324
6.055,0.0330621597308209,77.8382511855655,0,100,3.0,5,0.006698043278524689
6.06,0.04559141319943196,78.16364594324432,0,100,3.0,5,0.013141503826620177
6.065,0.06149084917446989,78.7405786725976,0,100,3.0,5,0.024565914308863224
6.07,0.08111733445924295,79.70914053244361,0,100,3.0,5,0.04374535707809134
6.075,0.1046628598272375,81.2470133595778,0,100,3.0,5,0.07419828434807538
6.08,0.1320831047748631,83.55313665369033,0,100,3.0,5,0.11986409215228377
6.085,0.16303381314489318,86.81303512376815,0,100,3.0,5,0.1844165371043197
6.09,0.19682662652900276,91.14606544657343,0,100,3.0,5,0.2702191177539293
6.095,0.23241585813229,96.54252941330155,0,100,3.0,5,0.37707979036240696
6.1,0.26842527782774417,102.80713752241199,0,100,3.0,5,0.5011314360873662
6.105,0.30321927900592993,109.53078578831074,0,100,3.0,5,0.6342729859071433
6.11,0.3350163137995362,116.11082412026835,0,100,3.0,5,0.7645707746587792
6.115,0.3620352400956416,121.82882582219216,0,100,3.0,5,0.8777985311325179
6.12,0.3826586036805073,125.97636876042074,0,100,3.0,5,0.9599280942657572
6.125,0.39559233134833227,128.0,0,100,3.0,5,1.0
6.13,0.4,127.62493758362854,0,100,3.0,5,0.9925730214579909
6.135,0.39559233134833227,124.91960146627939,0,100,3.0,5,0.9390020092332552
6.14,0.3826586036805073,120.2802977395929,0,100,3.0,5,0.8471346087048098
6.145,0.3620352400956416,114.34099234132573,0,100,3.0,5,0.7295246008183313
6.15,0.3350163137995362,107.83670048639132,0,100,3.0,5,0.6007267423047786
6.155,0.3032192790059296,101.46118032653992,0,100,3.0,5,0.4744788183473251
6.16,0.26842527782774417,95.756457568182,0,100,3.0,5,0.3615140112511287
6.165,0.23241585813229,91.05625698288729,0,100,3.0,5,0.2684407323344018
6.17,0.19682662652900276,87.48542474467692,0,100,3.0,5,0.1977311830629093
6.175,0.16303381314489318,85.00111234942699,0,100,3.0,5,0.14853687820647504
6.18,0.13208310477486307,83.45383324376866,0,100,3.0,5,0.11789768799541894
6.185,0.10466285982723562,82.6478393123927,0,100,3.0,5,0.10193741212658822
6.19,0.08111733445917907,82.38740500813877,0,100,3.0,5,0.09678029719086675
6.195,0.06149084917398798,82.50421093498761,0,100,3.0,5,0.09909328584133884
6.2,0.04559141333598128,82.86773062626922,0,100,3.0,5,0.10629169556968755
6.205,0.03306217087257399,83.38394041232156,0,100,3.0,5,0.11651367153112009
6.21,0.02345067901074276,83.98811561091023,0,100,3.0,5,0.12847753684970747
6.215,0.016268788896435526,84.6361472054333,0,100,3.0,5,0.14130984565214463
6.22,0.011039026374860051,85.29695220584094,0,100,3.0,5,0.15439509318496908
6.225,0.007326255555493689,85.94696972831485,0,100,3.0,5,0.16726672729336345
6.23,0.0047556414315231815,86.566741210015,0,100,3.0,5,0.17953942990128705
6.235,0.0030193390635632803,87.13912596408014,0,100,3.0,5,0.1908737814669334
6.24,0.001874953127946523,87.64861578992914,0,100,3.0,5,0.2009626889094879
6.245,0.0011387927410965778,88.08129687927728,0,100,3.0,5,0.20953063127281732
6.25,0.0006765107634274089,88.42513732385638,0,100,3.0,5,0.216339352947651
6.255,0.00039307957404427924,88.67039273350626,0,100,3.0,5,0.22119589571299528
6.26,0.00022338910511776318,88.81000344660055,0,100,3.0,5,0.22396046428911973
6.265,0.00012417073320013317,88.83990840360947,0,100,3.0,5,0.22455264165563307
6.27,6.750753468904987e-05,88.75923277885559,0,100,3.0,5,0.22295510453179387
6.275,3.5897234866245036e-05,88.57032754210366,0,100,3.0,5,0.2192144067743298
6.28,1.8670050400879738e-05,88.27865469021583,0,100,3.0,5,0.21343870673694715
6.285,9.497421874143672e-06,87.89252459745519,0,100,3.0,5,0.20579256628624143
6.29,4.725434140340885e-06,87.42270264287691,0,100,3.0,5,0.1964891612450874
6.295,2.299606063738814e-06,86.88191094523104,0,100,3.0,5,0.18578041475705032
6.3,1.0945633976635486e-06,86.28425731702757,0,100,3.0,5,0.17394568944609043
6.305,5.095703414287532e-07,85.64462710727827,0,100,3.0,5,0.16127974469857956
6.31,2.3202944964797243e-07,84.97807428933007,0,100,3.0,5,0.148080678996635
6.315,1.0333746954038608e-07,84.29924606478419,0,100,3.0,5,0.1346385359363205
6.32,4.501406988770349e-08,83.62187073927858,0,100,3.0,5,0.12122516315403123
6.325,0.0,82.95833222480861,0,100,3.0,5,0.10808578662987356
6.33,0.0,82.31934691467276,0,100,3.0,5,0.09543261217173789
6.335,0.0,81.71375059544712,0,100,3.0,5,0.0834406058504381
6.34,0.0,81.14839521719682,0,100,3.0,5,0.0722454498454816
6.345,0.0,80.62814835787077,0,100,3.0,5,0.061943531839025165
6.35,0.0,80.1559825653401,0,100,3.0,5,0.05259371416515042
6.355,0.0,79.73313773995812,0,100,3.0,5,0.04422054930610147
6.36,0.0,79.35933744674924,0,100,3.0,5,0.036818563301965083
6.365,0.0,79.03303946247635,0,100,3.0,5,0.03035721707873966
6.37,0.0,78.75170176934157,0,100,3.0,5,0.024786173650328026
6.375,0.0,78.51204730201088,0,100,3.0,5,0.020040540633878903
6.38,0.0,78.31031367881712,0,100,3.0,5,0.01604581542212127
6.385,0.0,78.14247752895426,0,100,3.0,5,0.01272232730602494
6.39,0.0,78.00444651770253,0,100,3.0,5,0.009989039954505605
6.395,0.0,77.89221547748096,0,100,3.0,5,0.007766643118434849
6.4,0.0,77.80198595189941,0,100,3.0,5,0.005979919839592298
6.405,0.0,77.73025081004207,0,100,3.0,5,0.004559421981030995
6.41,0.0,77.67384732259782,0,100,3.0,5,0.0034425212395608426
6.415,0.0,77.629983210588,0,100,3.0,5,0.0025739249621385017
6.42,0.0,77.59624073401245,0,100,3.0,5,0.00190575710915751
6.425,0.0,77.57056397004412,0,100,3.0,5,0.0013973063375073195
6.43,0.0,77.55123414590334,0,100,3.0,5,0.0010145375426403272
6.435,0.0,77.5368373523382,0,100,3.0,5,0.0007294525215484393
6.44,0.0,77.52622827501482,0,100,3.0,5,0.0005193717824716029
6.445,0.0,77.5184928336511,0,100,3.0,5,0.00036619472576425736
6.45,0.0,77.51291188385547,0,100,3.0,5,0.0002556808684250702
6.455,0.0,77.50892746532682,0,100,3.0,5,0.00017678149162020867
6.46,0.0,77.5061125038672,0,100,3.0,5,0.00012103968053861986
6.465,0.0,77.5041444083036,0,100,3.0,5,8.206749116044814e-05
6.47,0.0,77.50278264841397,0,100,3.0,5,5.5101948791474626e-05
6.475,0.0,77.50185014834778,0,100,3.0,5,3.66366009462347e-05
6.48,0.0,77.50121816798352,0,100,3.0,5,2.4122138287598004e-05
6.485,0.0,77.50079425548603,0,100,3.0,5,1.572783140649209e-05
6.49,0.0,77.50051282085569,0,100,3.0,5,1.0154868429499222e-05
6.495,0.0,77.50032788650931,0,100,3.0,5,6.492802164570598e-06
6.5,0.0,77.50020760309846,0,100,3.0,5,4.110952444746248e-06
6.505,0.0,77.50013016569072,0,100,3.0,5,2.57753843010334e-06
6.51,0.0,77.50008081865843,0,100,3.0,5,1.600369473905657e-06
6.515,0.0,77.50004969116289,0,100,3.0,5,9.839834234807682e-07
6.52,0.0,77.50003025513513,0,100,3.0,5,5.991115867260251e-07
6.525,0.0,77.50001824195782,0,100,3.0,5,3.612268874866738e-07
6.53,0.0,77.50001089171356,0,100,3.0,5,2.156774961925897e-07
6.535,0.0,77.50000643981495,0,100,3.0,5,1.2752108818408442e-07
6.54,0.0,77.50000377053502,0,100,3.0,5,7.466405973576515e-08
6.545,0.0,77.5000021861753,0,100,3.0,5,4.329059988371642e-08
6.55,0.0,77.5000012552187,0,100,3.0,5,2.4855815957713583e-08
6.555,0.0,77.50000071368444,0,100,3.0,5,1.4132365209877775e-08
6.56,0.0,77.50000040183289,0,100,3.0,5,7.957086976116759e-09
6.565,0.001684486749771458,77.50000022404596,0,100,3.0,5,4.4365537074680665e-09
6.57,0.00456624331333666,77.50000012370327,0,100,3.0,5,2.4495697703464926e-09
6.575,0.011079731271581421,77.50000006763597,0,100,3.0,5,1.3393260625961564e-09
6.58,0.024064571490409,77.50000003662069,0,100,3.0,5,7.251621877237472e-10
6.585,0.046784906529573234,77.50000001963487,0,100,3.0,5,3.888092664109905e-10
6.59,0.08141644351188804,77.50000001042514,0,100,3.0,5,2.0643841311863468e-10
6.595,0.12682276464025305,77.50000000548135,0,100,3.0,5,1.085416641055219e-10
6.6,0.1768320708657512,77.50000000285395,0,100,3.0,5,5.6513895873253526e-11
6.605,0.22070063230473494,77.50000000147149,0,100,3.0,5,2.913844303356479e-11
6.61,0.24656126505113576,77.50000000075131,0,100,3.0,5,1.4877498573029994e-11
6.615,0.24656126505724016,77.50000000037987,0,100,3.0,5,7.522185294892371e-12
6.62,0.220700632329898,77.5000000001902,0,100,3.0,5,3.766298604124032e-12
6.625,0.17683207093748562,77.5000000000943,0,100,3.0,5,1.8673907304966436e-12
6.63,0.12682276483597799,77.5000000000463,0,100,3.0,5,9.168111814282797e-13
6.635,0.08141644409447898,77.50000000002251,0,100,3.0,5,4.457424528491084e-13
6.64,0.04678490952598309,77.50000000001084,0,100,3.0,5,2.1471053757820056e-13
6.645,0.024064605020532023,77.50000000000517,0,100,3.0,5,1.0243071517492138e-13
6.65,0.011080171739334697,77.50000000000244,0,100,3.0,5,4.840132695078702e-14
6.655,0.004571212771509492,77.50000000000114,0,100,3.0,5,2.2512245093389314e-14
6.66,0.0017299316936037438,77.50000000000053,0,100,3.0,5,1.0411913355692557e-14
6.665,0.0008899431850697582,77.50000000000024,0,100,3.0,5,4.783852082345229e-15
6.67,0.002128806368910263,77.50000000000011,0,100,3.0,5,2.2512245093389313e-15
6.675,0.009309664818487698,77.50000000000004,0,100,3.0,5,8.442091910020992e-16
6.68,0.03503263543368747,77.50000000000001,0,100,3.0,5,2.814030636673664e-16
6.685,0.10606267793605692,77.50000000000001,0,100,3.0,5,2.814030636673664e-16
6.69,0.25734927343160535,77.5,0,100,3.0,5,0.0
6.695,0.5003202479539708,77.5,0,100,3.0,5,0.0
6.7,0.7793067891790435,77.5,0,100,3.0,5,0.0
6.705,0.9720477407234077,77.50000295872167,1,100,3.0,5,5.858854783942697e-08
6.71,0.967267334488097,77.5000055932286,0,100,3.0,5,1.1075700184495746e-07
6.715,0.7505869905515209,77.50001118599165,0,100,3.0,5,2.2150478520695224e-07
6.72,0.4028369574773956,77.50002445531956,0,100,3.0,5,4.842637536913202e-07
6.725,0.04553881263121314,77.50005931938229,0,100,3.0,5,1.1746412334253697e-06
6.73,-0.189138810908105,77.50015679904516,0,100,3.0,5,3.104931587280013e-06
6.735,-0.22868072635956738,77.50043420731463,0,100,3.0,5,8.598164646062935e-06
6.74,-0.14104670682394166,77.50121197097131,0,100,3.0,5,2.3999425174492495e-05
6.745,-0.051158381651102834,77.50331898354592,0,100,3.0,5,6.572244645394001e-05
6.75,-0.008206426846427752,77.50877624721919,0,100,3.0,5,0.00017378707364729403
6.755,0.005350271385530505,77.52221323125288,0,100,3.0,5,0.0004398659654035071
6.76,0.01084668799215426,77.55356624592861,0,100,3.0,5,0.0010607177411605397
6.765,0.016256859896386415,77.62276303809047,0,100,3.0,5,0.002430951249316208
6.77,0.02345021205790711,77.7670277861524,0,100,3.0,5,0.005287678933710833
6.775,0.0330621597308209,78.05085164590436,0,100,3.0,5,0.010907953384244735
6.78,0.04559141319943196,78.57725755962157,0,100,3.0,5,0.021331832863793497
6.785,0.06149084917446989,79.49666642116298,0,100,3.0,5,0.03953794893392049
6.79,0.08111733445924295,81.00695567840827,0,100,3.0,5,0.06944466689917377
6.795,0.1046628598272375,83.33655729974289,0,100,3.0,5,0.11557539207411668
6.8,0.1320831047748631,86.70371308099307,0,100,3.0,5,0.18225174417808057
6.805,0.16303381314489318,91.25108990005721,0,100,3.0,5,0.27229880990212296
6.81,0.19682662652900276,96.965865329362,0,100,3.0,5,0.3854626797893466
6.815,0.23241585813229,103.60798838717419,0,100,3.0,5,0.5169898690529542
6.82,0.26842527782774417,110.67742259527155,0,100,3.0,5,0.656978665252902
6.825,0.30321927900592993,117.44801321809814,0,100,3.0,5,0.7910497666950127
6.83,0.3350163137995362,123.0780143987587,0,100,3.0,5,0.9025349385892811
6.835,0.3620352400956416,126.77928795463778,0,100,3.0,5,0.9758274842502531
6.84,0.3826586036805073,128.0,0,100,3.0,5,1.0
6.845,0.39559233134833227,126.56298087585598,0,100,3.0,5,0.9715441757595245
6.85,0.4,122.71228241463211,0,100,3.0,5,0.895292721081824
6.855,0.39559233134833227,117.05140798117831,0,100,3.0,5,0.7831961976470954
6.86,0.3826586036805073,110.39503358935352,0,100,3.0,5,0.6513868037495746
6.865,0.3620352400956416,103.58462706386965,0,100,3.0,5,0.5165272685914781
6.87,0.3350163137995362,97.32529007238918,0,100,3.0,5,0.3925800014334491
6.875,0.3032192790059296,92.08567083023782,0,100,3.0,5,0.28882516495520427
6.88,0.26842527782774417,88.07462929445816,0,100,3.0,5,0.20939859989026063
6.885,0.23241585813229,85.28126455883407,0,100,3.0,5,0.1540844467095855
6.89,0.19682662652900276,83.54933761294656,0,100,3.0,5,0.11978886362270413
6.895,0.16303381314489318,82.6559149336205,0,100,3.0,5,0.10209732541822761
6.9,0.13208310477486307,82.37325726454979,0,100,3.0,5,0.09650014385247113
6.905,0.10466285982723562,82.5056570409016,0,100,3.0,5,0.0991219216020118
6.91,0.08111733445917907,82.90325292079075,0,100,3.0,5,0.10699510734239107
6.915,0.06149084917398798,83.4601787579482,0,100,3.0,5,0.11802334174154851
6.92,0.04559141333598128,84.10510515070064,0,100,3.0,5,0.13079416140001263
6.925,0.03306217087257399,84.79022411425508,0,100,3.0,5,0.14436087354960558
6.93,0.02345067901074276,85.48199550369769,0,100,3.0,5,0.15805931690490474
6.935,0.016268788896435526,86.15475759820069,0,100,3.0,5,0.17138133857823146
6.94,0.011039026374860051,86.7870087444774,0,100,3.0,5,0.1839011632569783
6.945,0.007326255555493689,87.3596615758,0,100,3.0,5,0.19524082328316839
6.95,0.0047556414315231815,87.85553958611276,0,100,3.0,5,0.20506018982401494
6.955,0.0030193390635632803,88.25954778016855,0,100,3.0,5,0.21306035208254548
6.96,0.001874953127946523,88.55913752004918,0,100,3.0,5,0.2189928221791916
6.965,0.0011387927410965778,88.74483297178493,0,100,3.0,5,0.22266995983732535
6.97,0.0006765107634274089,88.81068316985888,0,100,3.0,5,0.2239739241556213
6.975,0.00039307957404427924,88.75456257399526,0,100,3.0,5,0.22286262522762887
6.98,0.00022338910511776318,88.57827964730774,0,100,3.0,5,0.21937187420411364
6.985,0.00012417073320013317,88.28747840735879,0,100,3.0,5,0.21361343380908496
6.99,6.750753468904987e-05,87.89133784446348,0,100,3.0,5,0.2057690662269996
6.995,3.5897234866245036e-05,87.40209069176208,0,100,3.0,5,0.19608100379726898
7.0,1.8670050400879738e-05,86.83439647844233,0,100,3.0,5,0.18483953422658078
7.005,9.497421874143672e-06,86.20461358513288,0,100,3.0,5,0.17236858584421536
7.01,4.725434140340885e-06,85.53002059151322,0,100,3.0,5,0.15901030874283606
7.015,2.299606063738814e-06,84.82803829734227,0,100,3.0,5,0.14510966925430246
7.02,1.0945633976635486e-06,84.11550056549478,0,100,3.0,5,0.13100001119791652
7.025,5.095703414287532e-07,83.40801515391706,0,100,3.0,5,0.1169903990874666
7.03,2.3202944964797243e-07,82.71944588795509,0,100,3.0,5,0.10335536411792257
7.035,1.0333746954038608e-07,82.06153600777415,0,100,3.0,5,0.09032744569849804
7.04,4.501406988770349e-08,81.44368051414651,0,100,3.0,5,0.0780926834484457
7.045,0.0,80.8728439698126,0,100,3.0,5,0.06678898950123974
7.05,0.0,80.35361044730858,0,100,3.0,5,0.056507137570466985
7.055,0.0,79.88834483193415,0,100,3.0,5,0.047293957068002934
7.06,0.0,79.47743986231858,0,100,3.0,5,0.03915722499640745
7.065,0.0,79.11962118031776,0,100,3.0,5,0.032071706540945835
7.07,0.0,78.81228305075362,0,100,3.0,5,0.025985802985220213
7.075,0.0,78.5518298723462,0,100,3.0,5,0.020828314303885223
7.08,0.0,78.33400257418552,0,100,3.0,5,0.01651490245911918
7.085,0.0,78.15417386654286,0,100,3.0,5,0.012953937951343811
7.09,0.0,78.00760150284319,0,100,3.0,5,0.010051514907785879
7.095,0.0,77.88963370395159,0,100,3.0,5,0.007715518890130465
7.1,0.0,77.79586530763177,0,100,3.0,5,0.005858718963005379
7.105,0.0,77.72224678131603,0,100,3.0,5,0.0044009263626936775
7.11,0.0,77.6651508545611,0,100,3.0,5,0.003270313951705052
7.115,0.0,77.62140318474246,0,100,3.0,5,0.002404023460246775
7.12,0.0,77.5882842522882,0,100,3.0,5,0.0017482030156080071
7.125,0.0,77.56350973722775,0,100,3.0,5,0.0012576185589652893
7.13,0.0,77.54519613504881,0,100,3.0,5,0.0008949729712636025
7.135,0.0,77.53181750995378,0,100,3.0,5,0.0006300497020550994
7.14,0.0,77.52215822606034,0,100,3.0,5,0.0004387767536701235
7.145,0.0,77.51526538275625,0,100,3.0,5,0.0003022848070545456
7.15,0.0,77.51040361606138,0,100,3.0,5,0.00020601219923527974
7.155,0.0,77.50701398518197,0,100,3.0,5,0.00013889079568258185
7.16,0.0,77.50467788219675,0,100,3.0,5,9.263133062861448e-05
7.165,0.0,77.50308629635998,0,100,3.0,5,6.1114779405576e-05
7.17,0.0,77.50201432657143,0,100,3.0,5,3.988765487973762e-05
7.175,0.0,77.50130054698259,0,100,3.0,5,2.575340559586732e-05
7.18,0.0,77.50083066539638,0,100,3.0,5,1.6448819730268303e-05
7.185,0.0,77.5005248438367,0,100,3.0,5,1.0392947261395718e-05
7.19,0.0,77.50032804845235,0,100,3.0,5,6.496008957342518e-06
7.195,0.0,77.5002028382215,0,100,3.0,5,4.0165984454922566e-06
7.2,0.0,77.50012406963481,0,100,3.0,5,2.456824451637838e-06
7.205,0.0,77.50007507323369,0,100,3.0,5,1.4865986868964755e-06
7.21,0.0,77.50004493747345,0,100,3.0,5,8.898509593514559e-07
7.215,0.0,77.50002660946167,0,100,3.0,5,5.269200330801167e-07
7.22,0.0,77.50001558717585,0,100,3.0,5,3.0865694756952023e-07
7.225,0.0,77.5000090323902,0,100,3.0,5,1.788592117977129e-07
7.23,0.0,77.50000517775928,0,100,3.0,6,1.025298866798129e-07
7.235,0.0,77.50000293619523,0,100,3.0,6,5.81424798032332e-08
7.24,0.0,77.5000016471453,0,100,3.0,6,3.26167385465662e-08
7.245,0.0,77.50000091407705,0,100,3.0,6,1.8100535618203246e-08
7.25,0.001684486749771458,77.50000050180803,0,100,3.0,6,9.93679270439964e-09
7.255,0.00456624331333666,77.5000002725187,0,100,3.0,6,5.396409989933289e-09
7.26,0.011079731271581421,77.50000014640602,0,100,3.0,6,2.899129174351185e-09
7.265,0.024064571490409,77.50000007780821,0,100,3.0,6,1.5407566267937665e-09
7.27,0.046784906529573234,77.50000004090684,0,100,3.0,6,8.100364471595253e-10
7.275,0.08141644351188804,77.50000002127503,0,100,3.0,6,4.2128768240722323e-10
7.28,0.12682276464025305,77.50000001094583,0,100,3.0,6,2.1674902137140696e-10
7.285,0.1768320708657512,77.50000000557097,0,100,3.0,6,1.1031619182500831e-10
7.29,0.22070063230473494,77.5000000028049,0,100,3.0,6,5.554249249747378e-11
7.295,0.24656126505113576,77.50000000139703,0,100,3.0,6,2.766389097994779e-11
7.3,0.24656126505724016,77.50000000068833,0,100,3.0,6,1.3630320194856227e-11
7.305,0.220700632329898,77.5000000003355,0,100,3.0,6,6.643644930122854e-12
7.31,0.17683207093748562,77.50000000016178,0,100,3.0,6,3.203492476789299e-12
7.315,0.12682276483597799,77.50000000007716,0,100,3.0,6,1.5280186357137996e-12
7.32,0.08141644409447898,77.50000000003641,0,100,3.0,6,7.209546491157927e-13
7.325,0.04678490952598309,77.500000000017,0,100,3.0,6,3.365580641461702e-13
7.33,0.024064605020532023,77.50000000000784,0,100,3.0,6,1.5533449114438627e-13
7.335,0.011080171739334697,77.50000000000358,0,100,3.0,6,7.091357204417634e-14
7.34,0.004571212771509492,77.50000000000162,0,100,3.0,6,3.207994925807977e-14
7.345,0.0017299316936037438,77.50000000000072,0,100,3.0,6,1.4351556247035687e-14
7.35,0.0008899431850697582,77.50000000000031,0,100,3.0,6,6.190867400682061e-15
7.355,0.002128806368910263,77.50000000000014,0,100,3.0,6,2.8140306366736642e-15
7.36,0.009309664818487698,77.50000000000006,0,100,3.0,6,1.1256122546694657e-15
7.365,0.03503263543368747,77.50000000000003,0,100,3.0,6,5.628061273347328e-16
7.37,0.10606267793605692,77.50000000000001,0,100,3.0,6,2.814030636673664e-16
7.375,0.25734927343160535,77.5,0,100,3.0,6,0.0
7.38,0.5003202479539708,77.5,0,100,3.0,6,0.0
7.385,0.7793067891790435,77.5,0,100,3.0,6,0.0
7.39,0.9720477407234077,77.50000295860458,1,100,3.0,6,5.8586229359585414e-08
7.395,0.967267334488097,77.50000607194025,0,100,3.0,6,1.2023644056189188e-07
7.4,0.7505869905515209,77.50001345273148,0,100,3.0,6,2.663907223742883e-07
7.405,0.4028369574773956,77.5000335974731,0,100,3.0,6,6.65296497145121e-07
7.41,0.04553881263121314,77.5000952391376,0,100,3.0,6,1.8859235166978084e-06
7.415,-0.189138810908105,77.50029396174413,0,100,3.0,6,5.821024636320949e-06
7.42,-0.22868072635956738,77.50093256649718,0,100,3.0,6,1.8466663310573943e-05
7.425,-0.14104670682394166,77.5029100232732,0,100,3.0,6,5.762422323172278e-05
7.43,-0.051158381651102834,77.50870714352278,0,100,3.0,6,0.00017241868361948757
7.435,-0.008206426846427752,77.5246562773498,0,100,3.0,6,0.00048824311583773423
7.44,0.005350271385530505,77.56565066778992,0,100,3.0,6,0.0013000132235628605
7.445,0.01084668799215426,77.66383990810884,0,100,3.0,6,0.0032443546160166505
7.45,0.016256859896386415,77.88262038992832,0,100,3.0,6,0.007576641384719209
7.455,0.02345021205790711,78.33545183145863,0,100,3.0,6,0.016543600622943112
7.46,0.0330621597308209,79.20484989603223,0,100,3.0,6,0.03375940388182632
7.465,0.04559141319943196,80.75054676642503,0,100,3.0,6,0.06436726270148578
7.47,0.06149084917446989,83.28992906835192,0,100,3.0,6,0.11465206075944404
7.475,0.08111733445924295,87.13394030962314,0,100,3.0,6,0.19077109524006222
7.48,0.1046628598272375,92.47378991953458,0,100,3.0,6,0.2965106914759323
7.485,0.1320831047748631,99.23955414039685,0,100,3.0,6,0.43048622060191777
7.49,0.16303381314489318,106.98246625036123,0,100,3.0,6,0.5838112128784402
7.495,0.19682662652900276,114.8494723141842,0,100,3.0,6,0.7395935111719643
7.5,0.23241585813229,121.70177762100317,0,100,3.0,6,0.8752827251683797
7.505,0.26842527782774417,126.37413972136399,0,100,3.0,6,0.9678047469577027
7.51,0.30321927900592993,128.0,0,100,3.0,6,1.0
7.515,0.3350163137995362,126.27952255457706,0,100,3.0,6,0.9659311396945952
7.52,0.3620352400956416,121.57753056726469,0,100,3.0,6,0.8728223874705879
7.525,0.3826586036805073,114.80819134861454,0,100,3.0,6,0.7387760663091989
7.53,0.39559233134833227,107.1570555269131,0,100,3.0,6,0.5872684262755069
7.535,0.4,99.75682326894582,0,100,3.0,6,0.44072917364249153
7.54,0.39559233134833227,93.437628290086,0,100,3.0,6,0.3155965998036831
7.545,0.3826586036805073,88.6210265304858,0,100,3.0,6,0.2202183471383328
7.55,0.3620352400956416,85.35521064557099,0,100,3.0,6,0.15554872565487113
7.555,0.3350163137995362,83.43676931776182,0,100,3.0,6,0.11755978847053099
7.56,0.3032192790059296,82.55078966163666,0,100,3.0,6,0.1000156368640922
7.565,0.26842527782774417,82.37990978446584,0,100,3.0,6,0.0966318769201156
7.57,0.23241585813229,82.66385053700031,0,100,3.0,6,0.10225446607921415
7.575,0.19682662652900276,83.21572546574443,0,100,3.0,6,0.11318268248998865
7.58,0.16303381314489318,83.91239791841033,0,100,3.0,6,0.12697817660218486
7.585,0.13208310477486307,84.67546318988141,0,100,3.0,6,0.14208837999765173
7.59,0.10466285982723562,85.45331282711224,0,100,3.0,6,0.1574913431111335
7.595,0.08111733445917907,86.20847512306442,0,100,3.0,6,0.17244505194186965
7.6,0.06149084917398798,86.91043201717129,0,100,3.0,6,0.1863451884588374
7.605,0.04559141333598128,87.53247338289246,0,100,3.0,6,0.19866283926519726
7.61,0.03306217087257399,88.0509704560115,0,100,3.0,6,0.20893010803983164
7.615,0.02345067901074276,88.44584531855038,0,100,3.0,6,0.21674941224852243
7.62,0.016268788896435526,88.70146811501344,0,100,3.0,6,0.22181124980224634
7.625,0.011039026374860051,88.80754517288817,0,100,3.0,6,0.2239117856017459
7.63,0.007326255555493689,88.75976200907462,0,100,3.0,6,0.22296558433811128
7.635,0.0047556414315231815,88.56006114259078,0,100,3.0,6,0.21901111173447094
7.64,0.0030193390635632803,88.21650740561338,0,100,3.0,6,0.2122080674378888
7.645,0.001874953127946523,87.74274663539316,0,100,3.0,6,0.20282666604738933
7.65,0.0011387927410965778,87.15710631316468,0,100,3.0,6,0.19122982798345892
7.655,0.0006765107634274089,86.48142019658886,0,100,3.0,6,0.17784990488294766
7.66,0.00039307957404427924,85.73968176817759,0,100,3.0,6,0.16316201521143742
7.665,0.00022338910511776318,84.95664182706211,0,100,3.0,6,0.14765627380321017
7.67,0.00012417073320013317,84.15646337911748,0,100,3.0,6,0.13181115602212837
7.675,6.750753468904987e-05,83.36153323734182,0,100,3.0,6,0.11606996509587757
7.68,3.5897234866245036e-05,82.59150690834363,0,100,3.0,6,0.10082191897710163
7.685,1.8670050400879738e-05,81.86263483969579,0,100,3.0,6,0.08638880870684726
7.69,9.497421874143672e-06,81.18738775969096,0,100,3.0,6,0.07301757939982106
7.695,4.725434140340885e-06,80.57437030471705,0,100,3.0,6,0.06087861989538713
7.7,2.299606063738814e-06,80.02848839135753,0,100,3.0,6,0.0500690770565847
7.705,1.0945633976635486e-06,79.55131885537037,0,100,3.0,6,0.040620175353868686
7.71,5.095703414287532e-07,79.14162062723075,0,100,3.0,6,0.03250733915308417
7.715,2.3202944964797243e-07,78.79592494440962,0,100,3.0,6,0.025661880087319212
7.72,1.0333746954038608e-07,78.50914673365939,0,100,3.0,6,0.019983103636819648
7.725,4.501406988770349e-08,78.2751686651716,0,100,3.0,6,0.015349874557853577
7.73,0.0,78.08736155817212,0,100,3.0,6,0.01163092194400237
7.735,0.0,77.93901792246764,0,100,3.0,6,0.008693424207280032
7.74,0.0,77.82368785280029,0,100,3.0,6,0.0064096604514908995
7.745,0.0,77.73541708275205,0,100,3.0,6,0.004661724410931694
7.75,0.0,77.66889506741865,0,100,3.0,6,0.0033444567805672436
7.755,0.0,77.61952627338034,0,100,3.0,6,0.0023668568986206853
7.76,0.0,77.583440560487,0,100,3.0,6,0.0016522883264753596
7.765,0.0,77.55745905335685,0,100,3.0,6,0.0011378030367693284
7.77,0.0,77.53903077198105,0,100,3.0,6,0.0007728865738821098
7.775,0.0,77.52615310372167,0,100,3.0,6,0.0005178832420132368
7.78,0.0,77.51728648731061,0,100,3.0,6,0.00034230667941809016
7.785,0.0,77.51127087641395,0,100,3.0,6,0.00022318567156327782
7.79,0.0,77.50724896569103,0,100,3.0,6,0.0001435438750699704
7.795,0.0,77.50459898318086,0,100,3.0,6,9.10689738783267e-05
7.8,0.0,77.50287816056776,0,100,3.0,6,5.699327856952082e-05
7.805,0.0,77.50177678810005,0,100,3.0,6,3.518392277317274e-05
7.81,0.0,77.50108199106754,0,100,3.0,6,2.1425565693793897e-05
7.815,0.0,77.5006499487824,0,100,3.0,6,1.2870272918730328e-05
7.82,0.0,77.50038512526845,0,100,3.0,6,7.626242939628661e-06
7.825,0.0,77.50022510871771,0,100,3.0,6,4.457598370580323e-06
7.83,0.0,77.5001297926306,0,100,3.0,6,2.5701511010358426e-06
7.835,0.0,77.50007382019291,0,100,3.0,6,1.4617859982094934e-06
7.84,0.0,77.50004141596045,0,100,3.0,6,8.201180287752583e-07
7.845,0.0,77.50002292069169,0,100,3.0,6,4.5387508299598373e-07
7.85,0.0,77.50001251281783,0,100,3.0,6,2.477785709414651e-07
7.855,0.0,77.50000673829383,0,100,3.0,6,1.334315610696793e-07
7.86,0.001684486749771458,77.50000357941612,0,100,3.0,6,7.087952705732466e-08
7.865,0.00456624331333666,77.50000187560704,0,100,3.0,6,3.714073347221682e-08
7.87,0.011079731271581421,77.50000096948018,0,100,3.0,6,1.919762739096696e-08
7.875,0.024064571490409,77.5000004943146,0,100,3.0,6,9.788408024718646e-09
7.88,0.046784906529573234,77.5000002486196,0,100,3.0,6,4.923160387610695e-09
7.885,0.08141644351188804,77.50000012334874,0,100,3.0,6,2.442549326714119e-09
7.89,0.12682276464025305,77.50000006036726,0,100,3.0,6,1.1953912095609352e-09
7.895,0.1768320708657512,77.5000000291431,0,100,3.0,6,5.770909910556793e-10
7.9,0.22070063230473494,77.50000001387833,0,100,3.0,6,2.748185133806137e-10
7.905,0.24656126505113576,77.50000000651939,0,100,3.0,6,1.290967508911047e-10
7.91,0.24656126505724016,77.50000000302094,0,100,3.0,6,5.982066327440875e-11
7.915,0.220700632329898,77.50000000138085,0,100,3.0,6,2.7343654293494327e-11
7.92,0.17683207093748562,77.5000000006226,0,100,3.0,6,1.2328831025394658e-11
7.925,0.12682276483597799,77.50000000027693,0,100,3.0,6,5.4837015016859696e-12
7.93,0.08141644409447898,77.50000000012149,0,100,3.0,6,2.4057147912923155e-12
7.935,0.04678490952598309,77.50000000005258,0,100,3.0,6,1.0411913355692557e-12
7.94,0.024064605020532023,77.50000000002245,0,100,3.0,6,4.446168405944389e-13
7.945,0.011080171739334697,77.50000000000945,0,100,3.0,6,1.8713303733879865e-13
7.95,0.004571212771509492,77.50000000000392,0,100,3.0,6,7.766724557219314e-14
7.955,0.0017299316936037438,77.5000000000016,0,100,3.0,6,3.179854619441241e-14
7.96,0.0008899431850697582,77.50000000000065,0,100,3.0,6,1.2944540928698855e-14
7.965,0.002128806368910263,77.50000000000026,0,100,3.0,6,5.065255146012595e-15
7.97,0.009309664818487698,77.5000000000001,0,100,3.0,6,1.969821445671565e-15
7.975,0.03503263543368747,77.50000000000004,0,100,3.0,6,8.442091910020992e-16
7.98,0.10606267793605692,77.50000000000001,0,100,3.0,6,2.814030636673664e-16
7.985,0.25734927343160535,77.5,0,100,3.0,6,0.0
7.99,0.5003202479539708,77.5,0,100,3.0,6,0.0
7.995,0.7793067891790435,77.5,0,100,3.0,6,0.0
8.0,0.9720477407234077,77.5000029632167,1,100,3.0,6,5.867755844249559e-08
8.005,0.967267334488097,77.5000056291552,0,100,3.0,6,1.1146841974424557e-07
8.01,0.7505869905515209,77.50001132539437,0,100,3.0,6,2.2426523501188526e-07
8.015,0.4028369574773956,77.50002495146212,0,100,3.0,6,4.940883588735214e-07
8.02,0.04553881263121314,77.50006108005088,0,100,3.0,6,1.2095059580948182e-06
8.025,-0.189138810908105,77.50016298223332,0,100,3.0,6,3.2273709568318447e-06
8.03,-0.22868072635956738,77.50045520114995,0,100,3.0,6,9.013884157366643e-06
8.035,-0.14104670682394166,77.50127972923794,0,100,3.0,6,2.534117302843697e-05
8.04,-0.051158381651102834,77.50352502976264,0,100,3.0,6,6.980256955726548e-05
8.045,-0.008206426846427752,77.50936430658398,0,100,3.0,6,0.00018543181354407307
8.05,0.005350271385530505,77.52378627235747,0,100,3.0,6,0.00047101529420731343
8.055,0.01084668799215426,77.55750897101102,0,100,3.0,6,0.0011387915051686674
8.06,0.016256859896386415,77.63202335301085,0,100,3.0,6,0.0026143238219970494
8.065,0.02345021205790711,77.7874112584285,0,100,3.0,6,0.005691312048089223
8.07,0.0330621597308209,78.09290000908949,0,100,3.0,6,0.011740594239395847
8.075,0.04559141319943196,78.65852940974075,0,100,3.0,6,0.022941176430509927
8.08,0.06149084917446989,79.64377192115572,0,100,3.0,6,0.0424509291317964
8.085,0.08111733445924295,81.25609014272197,0,100,3.0,6,0.07437802262815789
8.09,0.1046628598272375,83.73079902637203,0,100,3.0,6,0.12338215893805991
8.095,0.1320831047748631,87.28545346872033,0,100,3.0,6,0.19377135581624425
8.1,0.16303381314489318,92.04910759539464,0,100,3.0,6,0.2881011405028643
8.105,0.19682662652900276,97.97884810145683,0,100,3.0,6,0.40552174458330364
8.11,0.23241585813229,104.789143741855,0,100,3.0,6,0.5403790839971288
8.115,0.26842527782774417,111.92683867692804,0,100,3.0,6,0.6817195777609514
8.12,0.30321927900592993,118.6190268753716,0,100,3.0,6,0.8142381559479526
8.125,0.3350163137995362,124.00014515990247,0,100,3.0,6,0.9207949536614352
8.13,0.3620352400956416,127.2940896869456,0,100,3.0,6,0.9860215779593188
8.135,0.3826586036805073,128.0,0,100,3.0,6,1.0
8.14,0.39559233134833227,126.0209135272328,0,100,3.0,6,0.9608101688560952
8.145,0.4,121.69011713294753,0,100,3.0,6,0.8750518244148027
8.15,0.39559233134833227,115.68568083411103,0,100,3.0,6,0.7561520957249708
8.155,0.3826586036805073,108.86364566421918,0,100,3.0,6,0.6210622903805778
8.16,0.3620352400956416,102.06658034944775,0,100,3.0,6,0.48646693761282667
8.165,0.3350163137995362,95.96609408918414,0,100,3.0,6,0.3656652294887948
8.17,0.3032192790059296,90.97734160204625,0,100,3.0,6,0.26687805152566835
8.175,0.26842527782774417,87.25269546164415,0,100,3.0,6,0.19312268240879507
8.18,0.23241585813229,84.73520644729147,0,100,3.0,6,0.143271414797851
8.185,0.19682662652900276,83.23970387451928,0,100,3.0,6,0.1136575024657283
8.19,0.16303381314489318,82.53146376044063,0,100,3.0,6,0.0996329457512996
8.195,0.13208310477486307,82.38378977856594,0,100,3.0,6,0.09670870848645427
8.2,0.10466285982723562,82.60911244678353,0,100,3.0,6,0.1011705435006639
8.205,0.08111733445917907,83.06784208800201,0,100,3.0,6,0.11025429877231703
8.21,0.06149084917398798,83.66335040359952,0,100,3.0,6,0.1220465426455351
8.215,0.04559141333598128,84.33114280474122,0,100,3.0,6,0.13527015454933108
8.22,0.03306217087257399,85.02773955785477,0,100,3.0,6,0.14906414966049056
8.225,0.02345067901074276,85.72195777553705,0,100,3.0,6,0.1628110450601396
8.23,0.016268788896435526,86.38922540744653,0,100,3.0,6,0.17602426549399072
8.235,0.011039026374860051,87.00847908458954,0,100,3.0,6,0.1882867145463275
8.24,0.007326255555493689,87.56086119144211,0,100,3.0,6,0.19922497408796266
8.245,0.0047556414315231815,88.02949267817114,0,100,3.0,6,0.20850480550833936
8.25,0.0030193390635632803,88.3997929158282,0,100,3.0,6,0.21583748348174656
8.255,0.001874953127946523,88.66000669102597,0,100,3.0,6,0.22099023150546476
8.26,0.0011387927410965778,88.801735086481,0,100,3.0,6,0.22379673438576242
8.265,0.0006765107634274089,88.82035314600886,0,100,3.0,6,0.22416540883185854
8.27,0.00039307957404427924,88.71524935893723,0,100,3.0,6,0.22208414572152926
8.275,0.00022338910511776318,88.4898554346316,0,100,3.0,6,0.2176208996956751
8.28,0.00012417073320013317,88.15145915700028,0,100,3.0,6,0.21091998330693615
8.285,6.750753468904987e-05,87.710812782485,0,100,3.0,6,0.2021943125244553
8.29,3.5897234866245036e-05,87.18156577194156,0,100,3.0,6,0.19171417370181315
8.295,1.8670050400879738e-05,86.57956342612398,0,100,3.0,6,0.17979333517077192
8.3,9.497421874143672e-06,85.92206159139221,0,100,3.0,6,0.16677349685925164
8.305,4.725434140340885e-06,85.22691152057988,0,100,3.0,6,0.15300814892237377
8.31,2.299606063738814e-06,84.5117681140564,0,100,3.0,6,0.13884689334765138
8.315,1.0945633976635486e-06,83.79336949573046,0,100,3.0,6,0.12462117813327643
8.32,5.095703414287532e-07,83.08692699143727,0,100,3.0,6,0.1106322176522231
8.325,2.3202944964797243e-07,82.40565318118215,0,100,3.0,6,0.0971416471521217
8.33,1.0333746954038608e-07,81.76044306774642,0,100,3.0,6,0.0843652092623054
8.335,4.501406988770349e-08,81.15971082717427,0,100,3.0,6,0.07246952133018347
8.34,0.0,80.60937323075163,0,100,3.0,6,0.06157174714359662
8.345,0.0,80.11296155249335,0,100,3.0,6,0.05174181292066031
8.35,0.0,79.67183717921905,0,100,3.0,6,0.043006676816218885
8.355,0.0,79.28548245579842,0,100,3.0,6,0.035356088233631996
8.36,0.0,78.95183743607637,0,100,3.0,6,0.028749256159928207
8.365,0.0,78.66765481315886,0,100,3.0,6,0.023121877488294293
8.37,0.0,78.42884882670528,0,100,3.0,6,0.018393046073371822
8.375,0.0,78.23081874738091,0,100,3.0,6,0.014471658363978386
8.38,0.0,78.06873296561155,0,100,3.0,6,0.011262038923000895
8.385,0.0,77.93776516962052,0,100,3.0,6,0.0086686172202083
8.39,0.0,77.83327910504693,0,100,3.0,6,0.0065995862385530065
8.395,0.0,77.7509626249239,0,100,3.0,6,0.004969556929186149
8.4,0.0,77.68691497187574,0,100,3.0,6,0.003701286571796773
8.405,0.0,77.63769342762592,0,100,3.0,6,0.0027266025272459243
8.41,0.0,77.60032667335693,0,100,3.0,6,0.0019866667991471666
8.415,0.0,77.57230256306232,0,100,3.0,6,0.0014317339220261908
8.42,0.0,77.55153770241499,0,100,3.0,6,0.0010205485626730672
8.425,0.0,77.53633544587767,0,100,3.0,6,0.0007195137797558089
8.43,0.0,77.52533786477025,0,100,3.0,6,0.0005017398964406032
8.435,0.0,77.51747606349012,0,100,3.0,7,0.00034606066317073017
8.44,0.0,77.51192205973311,0,100,3.0,7,0.00023608039075464032
8.445,0.0,77.50804438880279,0,100,3.0,7,0.00015929482777796513
8.45,0.0,77.5053686969771,0,100,3.0,7,0.00010631083122971762
8.455,0.0,77.50354387839359,0,100,3.0,7,7.017580977397904e-05
8.46,0.0,77.50231378397852,0,100,3.0,7,4.58175045251903e-05
8.465,0.0,77.50149417301238,0,100,3.0,7,2.95875844034693e-05
8.47,0.0,77.50095436179676,0,100,3.0,7,1.8898253401148664e-05
8.475,0.0,77.5006029194358,0,100,3.0,7,1.193899872883902e-05
8.48,0.0,77.50037673815083,0,100,3.0,7,7.4601614026523565e-06
8.485,0.0,77.50023283807455,0,100,3.0,7,4.610654941632332e-06
8.49,0.0,77.50014233197525,0,100,3.0,7,2.81845495553873e-06
8.495,0.0,77.5000860567684,0,100,3.0,7,1.7040944236790586e-06
8.5,0.0,77.50005146377862,0,100,3.0,7,1.019084725112857e-06
8.505,0.0,77.5000304405424,0,100,3.0,7,6.027830178851164e-07
8.51,0.0,77.50001780890359,0,100,3.0,7,3.5265155629126144e-07
8.515,0.0,77.50001030519131,0,100,3.0,7,2.0406319425875505e-07
8.52,0.0,77.50000589805767,0,100,3.0,7,1.1679322109656742e-07
8.525,0.0,77.5000033388434,0,100,3.0,7,6.611571087311255e-08
8.53,0.0,77.50000186946426,0,100,3.0,7,3.7019094183915965e-08
8.535,0.0,77.50000103531465,0,100,3.0,7,2.050128026858507e-08
8.54,0.001684486749771458,77.50000056710259,0,100,3.0,7,1.1229754235419834e-08
8.545,0.00456624331333666,77.50000030724512,0,100,3.0,7,6.084061712076303e-09
8.55,0.011079731271581421,77.50000016464269,0,100,3.0,7,3.2602511933279436e-09
8.555,0.024064571490409,77.50000008726376,0,100,3.0,7,1.7279951902814405e-09
8.56,0.046784906529573234,77.50000004574667,0,100,3.0,7,9.058747327619113e-10
8.565,0.08141644351188804,77.50000002372025,0,100,3.0,7,4.697078633632759e-10
8.57,0.12682276464025305,77.50000001216502,0,100,3.0,7,2.4089143441262134e-10
8.575,0.1768320708657512,77.5000000061708,0,100,3.0,7,1.2219393373934417e-10
8.58,0.22070063230473494,77.500000003096,0,100,3.0,7,6.130703425669979e-11
8.585,0.24656126505113576,77.50000000153638,0,100,3.0,7,3.042332942226998e-11
8.59,0.24656126505724016,77.5000000007541,0,100,3.0,7,1.4932653573508798e-11
8.595,0.220700632329898,77.5000000003661,0,100,3.0,7,7.2495057261986936e-12
8.6,0.17683207093748562,77.50000000017579,0,100,3.0,7,3.4809558975653225e-12
8.605,0.12682276483597799,77.50000000008349,0,100,3.0,7,1.6532429990457777e-12
8.61,0.08141644409447898,77.50000000003922,0,100,3.0,7,7.766724557219313e-13
8.615,0.04678490952598309,77.50000000001822,0,100,3.0,7,3.6075872762156376e-13
8.62,0.024064605020532023,77.50000000000837,0,100,3.0,7,1.657464045000788e-13
8.625,0.011080171739334697,77.50000000000381,0,100,3.0,7,7.54160210628542e-14
8.63,0.004571212771509492,77.5000000000017,0,100,3.0,7,3.376836764008397e-14
8.635,0.0017299316936037438,77.50000000000075,0,100,3.0,7,1.491436237437042e-14
8.64,0.0008899431850697582,77.50000000000033,0,100,3.0,7,6.472270464349428e-15
8.645,0.002128806368910263,77.50000000000014,0,100,3.0,7,2.8140306366736642e-15
8.65,0.009309664818487698,77.50000000000006,0,100,3.0,7,1.1256122546694657e-15
8.655,0.03503263543368747,77.50000000000003,0,100,3.0,7,5.628061273347328e-16
8.66,0.10606267793605692,77.50000000000001,0,100,3.0,7,2.814030636673664e-16
8.665,0.25734927343160535,77.5,0,100,3.0,7,0.0
8.67,0.5003202479539708,77.5,0,100,3.0,7,0.0
8.675,0.7793067891790435,77.5,0,100,3.0,7,0.0
8.68,0.9720477407234077,77.5000029632167,1,100,3.0,7,5.867755844249559e-08
8.685,0.967267334488097,77.50000682291645,0,100,3.0,7,1.3510725637496592e-07
8.69,0.7505869905515209,77.50001756024393,0,100,3.0,7,3.4772760262841426e-07
8.695,0.4028369574773956,77.50005342195217,0,100,3.0,7,1.0578604390880938e-06
8.7,0.04553881263121314,77.50018840392086,0,100,3.0,7,3.7307707100803828e-06
8.705,-0.189138810908105,77.50070967490346,0,100,3.0,7,1.4052968385378857e-05
8.71,-0.22868072635956738,77.50264736798302,0,100,3.0,7,5.242312837655692e-05
8.715,-0.14104670682394166,77.50936430658398,0,100,3.0,7,0.00018543181354407307
8.72,-0.051158381651102834,77.53076934741445,0,100,3.0,7,0.0006092940082069027
8.725,-0.008206426846427752,77.59306177469023,0,100,3.0,7,0.0018428074196084581
8.73,0.005350271385530505,77.75802676786665,0,100,3.0,7,0.005109440947854515
8.735,0.01084668799215426,78.15461689924777,0,100,3.0,7,0.012962710876193472
8.74,0.016256859896386415,79.01828265856908,0,100,3.0,7,0.030065003139981734
8.745,0.02345021205790711,80.71788402888605,0,100,3.0,7,0.06372047581952568
8.75,0.0330621597308209,83.73079902637203,0,100,3.0,7,0.12338215893805991
8.755,0.04559141319943196,88.52107119930265,0,100,3.0,7,0.2182390336495575
8.76,0.06149084917446989,95.30690819667116,0,100,3.0,7,0.3526120434984388
8.765,0.08111733445924295,103.7805137153438,0,100,3.0,7,0.5204062121850258
8.77,0.1046628598272375,112.93009024750643,0,100,3.0,7,0.7015859454951768
8.775,0.1320831047748631,121.13525691684497,0,100,3.0,7,0.8640644934028706
8.78,0.16303381314489318,126.6019505798869,0,100,3.0,7,0.9723158530670674
8.785,0.19682662652900276,128.0,0,100,3.0,7,1.0
8.79,0.23241585813229,124.99911850064926,0,100,3.0,7,0.9405766039732527
8.795,0.26842527782774417,118.41082419885984,0,100,3.0,7,0.8101153306704919
8.8,0.30321927900592993,109.85508918464754,0,100,3.0,7,0.6406948353395553
8.805,0.3350163137995362,101.13977923732722,0,100,3.0,7,0.4681144403431132
8.81,0.3620352400956416,93.67740219718712,0,100,3.0,7,0.3203445979641014
8.815,0.3826586036805073,88.18807433450232,0,100,3.0,7,0.21164503632677856
8.82,0.39559233134833227,84.73520644729146,0,100,3.0,7,0.14327141479785072
8.825,0.4,82.96744827784511,0,100,3.0,7,0.1082663025315863
8.83,0.39559233134833227,82.39155633242602,0,100,3.0,7,0.09686250163219842
8.835,0.3826586036805073,82.55988591100417,0,100,3.0,7,0.10019576061394402
8.84,0.3620352400956416,83.1463378415175,0,100,3.0,7,0.11180867012905926
8.845,0.3350163137995362,83.94360114320315,0,100,3.0,7,0.1275960622416466
8.85,0.3032192790059296,84.8277522116186,0,100,3.0,7,0.14510400419046737
8.855,0.26842527782774417,85.72195777553705,0,100,3.0,7,0.1628110450601396
8.86,0.23241585813229,86.57191545419312,0,100,3.0,7,0.17964189018204194
8.865,0.19682662652900276,87.33344446152883,0,100,3.0,7,0.19472167250552133
8.87,0.16303381314489318,87.96825352116706,0,100,3.0,7,0.20729214893400114
8.875,0.13208310477486307,88.44394081009204,0,100,3.0,7,0.21671169920974345
8.88,0.10466285982723562,88.73561558960037,0,100,3.0,7,0.22248743741782914
8.885,0.08111733445917907,88.82770800558913,0,100,3.0,7,0.22431104961562634
8.89,0.06149084917398798,88.71524935893723,0,100,3.0,7,0.22208414572152926
8.895,0.04559141333598128,88.40429210697437,0,100,3.0,7,0.21592657637573004
8.9,0.03306217087257399,87.9113648010271,0,100,3.0,7,0.2061656396242991
8.905,0.02345067901074276,87.26201550499496,0,100,3.0,7,0.19330723772267253
8.91,0.016268788896435526,86.48861883511692,0,100,3.0,7,0.17799245218053314
8.915,0.011039026374860051,85.62770772453368,0,100,3.0,7,0.1609447074165085
8.92,0.007326255555493689,84.71713506982503,0,100,3.0,7,0.14291356573910957
8.925,0.0047556414315231815,83.79336949573046,0,100,3.0,7,0.12462117813327643
8.93,0.0030193390635632803,82.88918720853592,0,100,3.0,7,0.10671657838684981
8.935,0.001874953127946523,82.03194835275565,0,100,3.0,7,0.08974155153971582
8.94,0.0011387927410965778,81.24255572514794,0,100,3.0,7,0.0741100143593651
8.945,0.0006765107634274089,80.53510165291061,0,100,3.0,7,0.06010102282991311
8.95,0.00039307957404427924,79.91712911156813,0,100,3.0,7,0.047863942803329305
8.955,0.00022338910511776318,79.39037558157813,0,100,3.0,7,0.03743317983323023
8.96,0.00012417073320013317,78.95183743607636,0,100,3.0,7,0.028749256159927926
8.965,6.750753468904987e-05,78.59498841544391,0,100,3.0,7,0.021682938919681337
8.97,3.5897234866245036e-05,78.31100344773567,0,100,3.0,7,0.016059474212587566
8.975,1.8670050400879738e-05,78.0898716426395,0,100,3.0,7,0.011680626586920675
8.98,9.497421874143672e-06,77.92132184618897,0,100,3.0,7,0.008343006855227205
8.985,4.725434140340885e-06,77.79552354015783,0,100,3.0,7,0.005851951290254073
8.99,2.299606063738814e-06,77.70355971062563,0,100,3.0,7,0.00403088535892329
8.995,1.0945633976635486e-06,77.63769342762592,0,100,3.0,7,0.0027266025272459243
9.0,5.095703414287532e-07,77.59146527391141,0,100,3.0,7,0.001811193542800205
9.005,2.3202944964797243e-07,77.55966517374333,0,100,3.0,7,0.0011814885889767574
9.01,1.0333746954038608e-07,77.53822145556238,0,100,3.0,7,0.0007568605061857226
9.015,4.501406988770349e-08,77.52404446821832,0,100,3.0,7,0.00047612808353110806
9.02,0.0,77.51485404628625,0,100,3.0,7,0.0002941395304207059
9.025,0.0,77.50901147768072,0,100,3.0,7,0.00017844510258842634
9.03,0.0,77.5053686969771,0,100,3.0,7,0.00010631083122971762
9.035,0.0,77.5031409672966,0,100,3.0,7,6.2197372209942e-05
9.04,0.0,77.50180459429171,0,100,3.0,7,3.57345404299534e-05
9.045,0.0,77.50101816317644,0,100,3.0,7,2.016164705821103e-05
9.05,0.0,77.50056412693317,0,100,3.0,7,1.1170830359810455e-05
9.055,0.0,77.50030694313577,0,100,3.0,7,6.078081896410565e-06
9.06,0.0,77.50016400634816,0,100,3.0,7,3.2476504585621016e-06
9.065,0.0,77.5000860567684,0,100,3.0,7,1.7040944236790586e-06
9.07,0.001684486749771458,77.50004434361045,0,100,3.0,7,8.780912961324562e-07
9.075,0.00456624331333666,77.50002243875255,0,100,3.0,7,4.443317337036476e-07
9.08,0.011079731271581421,77.50001115033744,0,100,3.0,7,2.207987612415885e-07
9.085,0.024064571490409,77.50000544125342,0,100,3.0,7,1.0774759249837342e-07
9.09,0.046784906529573234,77.50000260754337,0,100,3.0,7,5.163452208375254e-08
9.095,0.08141644351188804,77.50000122711641,0,100,3.0,7,2.42993349270409e-08
9.1,0.12682276464025305,77.50000056710259,0,100,3.0,7,1.1229754235419834e-08
9.105,0.1768320708657512,77.50000025737073,0,100,3.0,7,5.096450082635441e-09
9.11,0.22070063230473494,77.50000011470392,0,100,3.0,7,2.271364808008668e-09
9.115,0.24656126505113576,77.50000005020178,0,100,3.0,7,9.940945932216307e-10
9.12,0.24656126505724016,77.50000002157653,0,100,3.0,7,4.2725792980599007e-10
9.125,0.220700632329898,77.5000000091068,0,100,3.0,7,1.8033265090221308e-10
9.13,0.17683207093748562,77.5000000037746,0,100,3.0,7,7.474459335294387e-11
9.135,0.12682276483597799,77.50000000153638,0,100,3.0,7,3.042332942226998e-11
9.14,0.08141644409447898,77.50000000061411,0,100,3.0,7,1.2160551993321572e-11
9.145,0.04678490952598309,77.50000000024106,0,100,3.0,7,4.7734401689895364e-12
9.15,0.024064605020532023,77.50000000009292,0,100,3.0,7,1.840094633320909e-12
9.155,0.011080171739334697,77.50000000003517,0,100,3.0,7,6.964725825767319e-13
9.16,0.004571212771509492,77.50000000001307,0,100,3.0,7,2.588908185739771e-13
9.165,0.0017299316936037438,77.50000000000477,0,100,3.0,7,9.455142939223511e-14
9.17,0.0008899431850697582,77.5000000000017,0,100,3.0,7,3.376836764008397e-14
9.175,0.002128806368910263,77.5000000000006,0,100,3.0,7,1.1818928674029389e-14
9.18,0.009309664818487698,77.50000000000021,0,100,3.0,7,4.221045955010496e-15
9.185,0.03503263543368747,77.50000000000007,0,100,3.0,7,1.4070153183368321e-15
9.19,0.10606267793605692,77.50000000000003,0,100,3.0,7,5.628061273347328e-16
9.195,0.25734927343160535,77.5,0,100,3.0,7,0.0
9.2,0.5003202479539708,77.5,0,100,3.0,7,0.0
9.205,0.7793067891790435,77.5,0,100,3.0,7,0.0
9.21,0.9720477407234077,77.50000295863553,1,100,3.0,7,5.8586842255458086e-08
9.215,0.967267334488097,77.50000589453069,0,100,3.0,7,1.1672337995159888e-07
9.22,0.7505869905515209,77.50001258016395,0,100,3.0,7,2.491121575071747e-07
9.225,0.4028369574773956,77.50002991887783,0,100,3.0,7,5.924530263079156e-07
9.23,0.04553881263121314,77.50008014574549,0,100,3.0,7,1.5870444650601604e-06
9.235,-0.189138810908105,77.50023413902163,0,100,3.0,7,4.636416269875662e-06
9.24,-0.22868072635956738,77.50070857773588,0,100,3.0,7,1.4031242294617421e-05
9.245,-0.14104670682394166,77.50212862812675,0,100,3.0,7,4.2151052014949724e-05
9.25,-0.051158381651102834,77.50618263287807,0,100,3.0,7,0.0001224283738230776
9.255,-0.008206426846427752,77.51711785807466,0,100,3.0,7,0.0003389674866268436
9.26,0.005350271385530505,77.5448517347519,0,100,3.0,7,0.0008881531634039905
9.265,0.01084668799215426,77.61080692902989,0,100,3.0,7,0.0021941966144532954
9.27,0.016256859896386415,77.75762785478521,0,100,3.0,7,0.005101541678915102
9.275,0.02345021205790711,78.06315289436618,0,100,3.0,7,0.0111515424626967
9.28,0.0330621597308209,78.65673830666799,0,100,3.0,7,0.022905709042930485
9.285,0.04559141319943196,79.73198134472196,0,100,3.0,7,0.04419765039053384
9.29,0.06149084917446989,81.54501227311613,0,100,3.0,7,0.08009925293299265
9.295,0.08111733445924295,84.38464209821635,0,100,3.0,7,0.1363295464993336
9.3,0.1046628598272375,88.50403246526267,0,100,3.0,7,0.2179016329754984
9.305,0.1320831047748631,94.01656472183686,0,100,3.0,7,0.3270606875611259
9.31,0.16303381314489318,100.77994101177725,0,100,3.0,7,0.46098893092628224
9.315,0.19682662652900276,108.31363751867889,0,100,3.0,7,0.6101710399738394
9.32,0.23241585813229,115.8015723972912,0,100,3.0,7,0.758446978164182
9.325,0.26842527782774417,122.21250830998903,0,100,3.0,7,0.8853962041581986
9.33,0.30321927900592993,126.52603826050846,0,100,3.0,7,0.9708126388219497
9.335,0.3350163137995362,128.0,0,100,3.0,7,1.0
9.34,0.3620352400956416,126.38406092367941,0,100,3.0,7,0.9680012064094934
9.345,0.3826586036805073,121.99556843228333,0,100,3.0,7,0.8811003649957097
9.35,0.39559233134833227,115.6266452242233,0,100,3.0,7,0.7549830737469959
9.355,0.4,108.32036261160054,0,100,3.0,7,0.6103042101307038
9.36,0.39559233134833227,101.10323179979561,0,100,3.0,7,0.4673907287088239
9.365,0.3826586036805073,94.76777473766506,0,100,3.0,7,0.34193613341911017
9.37,0.3620352400956416,89.76439299076465,0,100,3.0,7,0.24285926714385442
9.375,0.3350163137995362,86.20926627172703,0,100,3.0,7,0.17246071825202042
9.38,0.3032192790059296,83.97243167283402,0,100,3.0,7,0.12816696381849543
9.385,0.26842527782774417,82.7938264487047,0,100,3.0,7,0.10482824650900409
9.39,0.23241585813229,82.38399391622505,0,100,3.0,7,0.09671275081633765
9.395,0.19682662652900276,82.48788123894413,0,100,3.0,7,0.09876992552364607
9.4,0.16303381314489318,82.91091906123887,0,100,3.0,7,0.10714691210374003
9.405,0.13208310477486307,83.51852879694448,0,100,3.0,7,0.11917878805830653
9.41,0.10466285982723562,84.22272355972284,0,100,3.0,7,0.13312323880639282
9.415,0.08111733445917907,84.96617934772094,0,100,3.0,7,0.14784513559843443
9.42,0.06149084917398798,85.70924651097013,0,100,3.0,7,0.16255933685089372
9.425,0.04559141333598128,86.42147052118344,0,100,3.0,7,0.17666278259769183
9.43,0.03306217087257399,87.0770715748847,0,100,3.0,7,0.18964498168088512
9.435,0.02345067901074276,87.65314650117571,0,100,3.0,7,0.2010524059638755
9.44,0.016268788896435526,88.12943966856027,0,100,3.0,7,0.21048395383287657
9.445,0.011039026374860051,88.4888612734019,0,100,3.0,7,0.21760121333469098
9.45,0.007326255555493689,88.71824516685794,0,100,3.0,7,0.2221434686506523
9.455,0.0047556414315231815,88.80905557187164,0,100,3.0,7,0.2239416944925077
9.46,0.0030193390635632803,88.75788298162304,0,100,3.0,7,0.22292837587372358
9.465,0.001874953127946523,88.56664693700436,0,100,3.0,7,0.2191415235050369
9.47,0.0011387927410965778,88.24247373671773,0,100,3.0,7,0.21272225221223223
9.475,0.0006765107634274089,87.79725494129089,0,100,3.0,7,0.2039060384414037
9.48,0.00039307957404427924,87.24692328910454,0,100,3.0,7,0.19300838196246622
9.485,0.00022338910511776318,86.6105070604557,0,100,3.0,7,0.18040608040506342
9.49,0.00012417073320013317,85.90904096345788,0,100,3.0,7,0.16651566264273035
9.495,6.750753468904987e-05,85.1644201722591,0,100,3.0,7,0.1517706964803782
9.5,3.5897234866245036e-05,84.39828384642226,0,100,3.0,7,0.13659968012717347
9.505,1.8670050400879738e-05,83.63100589666291,0,100,3.0,7,0.12140605735966165
9.51,9.497421874143672e-06,82.8808554478679,0,100,3.0,7,0.10655159302708715
9.515,4.725434140340885e-06,82.16336957323678,0,100,3.0,7,0.09234395194528273
9.52,2.299606063738814e-06,81.49095896483546,0,100,3.0,7,0.07902889039278133
9.525,1.0945633976635486e-06,80.87274578396709,0,100,3.0,7,0.0667870452270711
9.53,5.095703414287532e-07,80.31461418365399,0,100,3.0,7,0.05573493432978192
9.535,2.3202944964797243e-07,79.81943952585937,0,100,3.0,7,0.0459294955615716
9.54,1.0333746954038608e-07,79.38745303383412,0,100,3.0,7,0.037375307600675645
9.545,4.501406988770349e-08,79.01669470924061,0,100,3.0,7,0.030033558598823968
9.55,0.0,78.70350835049594,0,100,3.0,7,0.023831848524672027
9.555,0.0,78.44303749859628,0,100,3.0,7,0.01867400987319372
9.56,0.0,78.22968889112258,0,100,3.0,7,0.014449284972724314
9.565,0.0,78.05753922233096,0,100,3.0,7,0.011040380640217014
9.57,0.0,77.92067047657592,0,100,3.0,7,0.008330108447047947
9.575,0.0,77.81342783305934,0,100,3.0,7,0.0062064917437492295
9.58,0.0,77.73060143463216,0,100,3.0,7,0.004566365042221053
9.585,0.0,77.66753878732776,0,100,3.0,7,0.0033175997490644984
9.59,0.0,77.62019811267334,0,100,3.0,7,0.0023801606469967484
9.595,0.0,77.58515474396656,0,100,3.0,7,0.0016862325537931723
9.6,0.0,77.55957293052953,0,100,3.0,7,0.001179661990683693
9.605,0.0,77.54115456349685,0,100,3.0,7,0.0008149418514226972
9.61,0.0,77.52807475357761,0,100,3.0,7,0.0005559357144081764
9.615,0.0,77.51891223363421,0,100,3.0,7,0.00037449967592496843
9.62,0.0,77.51258052061632,0,100,3.0,7,0.00024911922012524703
9.625,0.0,77.50826386704453,0,100,3.0,7,0.00016364093157491906
9.63,0.0,77.50536039689462,0,100,3.0,7,0.00010614647316071911
9.635,0.0,77.50343351928187,0,100,3.0,7,6.799048082911267e-05
9.64,0.0,77.50217175561201,0,100,3.0,8,4.30050616239779e-05
9.645,0.0,77.50135647355782,0,100,3.0,8,2.6860862531088745e-05
9.65,0.0,77.50083664386412,0,100,3.0,8,1.656720523007859e-05
9.655,0.0,77.50050956412707,0,100,3.0,8,1.0090378753888541e-05
9.66,0.0,77.50030646859729,0,100,3.0,8,6.068685094798711e-06
9.665,0.0,77.5001820128428,0,100,3.0,8,3.604214708898911e-06
9.67,0.0,77.50010674486768,0,100,3.0,8,2.1137597560248262e-06
9.675,0.0,77.50006181884571,0,100,3.0,8,1.2241355585785532e-06
9.68,0.0,77.50003535279038,0,100,3.0,8,7.000552549884965e-07
9.685,0.0,77.50001996436139,0,100,3.0,8,3.9533388881990153e-07
9.69,0.0,77.50001113309885,0,100,3.0,8,2.204574030039823e-07
9.695,0.0,77.50000613063735,0,100,3.0,8,1.2139875931358919e-07
9.7,0.0,77.5000033336815,0,100,3.0,8,6.601349514987828e-08
9.705,0.001684486749771458,77.50000179007613,0,100,3.0,8,3.544705200871285e-08
9.71,0.00456624331333666,77.50000094917833,0,100,3.0,8,1.8795610471762742e-08
9.715,0.011079731271581421,77.50000049699618,0,100,3.0,8,9.841508501429615e-09
9.72,0.024064571490409,77.50000025697283,0,100,3.0,8,5.088570796852755e-09
9.725,0.046784906529573234,77.50000013120497,0,100,3.0,8,2.59811822661054e-09
9.73,0.08141644351188804,77.50000006615188,0,100,3.0,8,1.3099382964481824e-09
9.735,0.12682276464025305,77.50000003293542,0,100,3.0,8,6.521864940290164e-10
9.74,0.1768320708657512,77.50000001619246,0,100,3.0,8,3.20642751074335e-10
9.745,0.22070063230473494,77.50000000786125,0,100,3.0,8,1.5566823517789575e-10
9.75,0.24656126505113576,77.50000000376876,0,100,3.0,8,7.462893669377658e-11
9.755,0.24656126505724016,77.50000000178417,0,100,3.0,8,3.533015464343785e-11
9.76,0.220700632329898,77.50000000083406,0,100,3.0,8,1.6516108612765068e-11
9.765,0.17683207093748562,77.50000000038503,0,100,3.0,8,7.624334607003625e-12
9.77,0.12682276483597799,77.50000000017552,0,100,3.0,8,3.4756092393556427e-12
9.775,0.08141644409447898,77.50000000007901,0,100,3.0,8,1.5646010339905572e-12
9.78,0.04678490952598309,77.50000000003512,0,100,3.0,8,6.953469703220624e-13
9.785,0.024064605020532023,77.50000000001542,0,100,3.0,8,3.0532232407909255e-13
9.79,0.011080171739334697,77.50000000000668,0,100,3.0,8,1.322594399236622e-13
9.795,0.004571212771509492,77.50000000000286,0,100,3.0,8,5.656201579714065e-14
9.8,0.0017299316936037438,77.50000000000121,0,100,3.0,8,2.3919260411726144e-14
9.805,0.0008899431850697582,77.5000000000005,0,100,3.0,8,9.849107228357824e-15
9.81,0.002128806368910263,77.50000000000021,0,100,3.0,8,4.221045955010496e-15
9.815,0.009309664818487698,77.50000000000009,0,100,3.0,8,1.6884183820041984e-15
9.82,0.03503263543368747,77.50000000000003,0,100,3.0,8,5.628061273347328e-16
9.825,0.10606267793605692,77.50000000000001,0,100,3.0,8,2.814030636673664e-16
9.83,0.25734927343160535,77.5,0,100,3.0,8,0.0
9.835,0.5003202479539708,77.5,0,100,3.0,8,0.0
9.84,0.7793067891790435,77.5,0,100,3.0,8,0.0
9.845,0.9720477407234077,77.500002978667,1,100,3.0,8,5.8983504918569904e-08
9.85,0.967267334488097,77.50000691662153,0,100,3.0,8,1.3696280256910974e-07
9.855,0.7505869905515209,77.5000180035492,0,100,3.0,8,3.5650592476801223e-07
9.86,0.4028369574773956,77.50005559107774,0,100,3.0,8,1.1008134205809203e-06
9.865,0.04553881263121314,77.50019916917608,0,100,3.0,8,3.943944080890672e-06
9.87,-0.189138810908105,77.50076051277561,0,100,3.0,8,1.5059658923041977e-05
9.875,-0.22868072635956738,77.50286730790405,0,100,3.0,8,5.677837433771145e-05
9.88,-0.14104670682394166,77.51022294072226,0,100,3.0,8,0.00020243446974768406
9.885,-0.051158381651102834,77.5337799843342,0,100,3.0,8,0.0006689105808752989
9.89,-0.008206426846427752,77.6025334678593,0,100,3.0,8,0.00203036570018421
9.895,0.005350271385530505,77.78476384612033,0,100,3.0,8,0.005638888041986682
9.9,0.01084668799215426,78.22233213622556,0,100,3.0,8,0.014303606657931888
9.905,0.016256859896386415,79.17206069681062,0,100,3.0,8,0.03311011280813105
9.91,0.02345021205790711,81.03059677705517,0,100,3.0,8,0.06991280746643894
9.915,0.0330621597308209,84.29881546950699,0,100,3.0,8,0.13463000929716815
9.92,0.04559141319943196,89.43882359416276,0,100,3.0,8,0.23641234839926248
9.925,0.06149084917446989,96.6167108363838,0,100,3.0,8,0.3785487294333426
9.93,0.08111733445924295,105.41171301236056,0,100,3.0,8,0.5527071883635756
9.935,0.1046628598272375,114.66184728247508,0,100,3.0,8,0.7358781640094075
9.94,0.1320831047748631,122.6216696670252,0,100,3.0,8,0.8934984092480238
9.945,0.16303381314489318,127.47241473535468,0,100,3.0,8,0.9895527670367262
9.95,0.19682662652900276,128.0,0,100,3.0,8,1.0
9.955,0.23241585813229,124.10026239330466,0,100,3.0,8,0.9227774731347458
9.96,0.26842527782774417,116.82702771786872,0,100,3.0,8,0.7787530241162122
9.965,0.30321927900592993,107.95487909412022,0,100,3.0,8,0.6030669127548558
9.97,0.3350163137995362,99.30520302573348,0,100,3.0,8,0.4317861985293758
9.975,0.3620352400956416,92.18399579198505,0,100,3.0,8,0.29077219390069414
9.98,0.3826586036805073,87.15523725883388,0,100,3.0,8,0.19119281700661145
9.985,0.39559233134833227,84.14792226917848,0,100,3.0,8,0.13164202513224713
9.99,0.4,82.73524308595393,0,100,3.0,8,0.10366817991987971
9.995,0.39559233134833227,82.40604370226107,0,100,3.0,8,0.09714938024279351
10.0,0.3826586036805073,82.72948858222685,0,100,3.0,8,0.10355422935102673
10.005,0.3620352400956416,83.40686168835816,0,100,3.0,8,0.11696755818531016
10.01,0.3350163137995362,84.25408345340135,0,100,3.0,8,0.13374422680002673
10.015,0.3032192790059296,85.16166237318708,0,100,3.0,8,0.15171608659776406
10.02,0.26842527782774417,86.05967994235233,0,100,3.0,8,0.16949861271984817
10.025,0.23241585813229,86.89632372459975,0,100,3.0,8,0.18606581632870797
10.03,0.19682662652900276,87.62816306326756,0,100,3.0,8,0.2005576844211399
10.035,0.16303381314489318,88.21759786498912,0,100,3.0,8,0.2122296606928538
10.04,0.13208310477486307,88.63368940636776,0,100,3.0,8,0.22046909715579732
10.045,0.10466285982723562,88.85406230729728,0,100,3.0,8,0.22483291697618382
10.05,0.08111733445917907,88.86666509346482,0,100,3.0,8,0.22508247709831322
10.055,0.06149084917398798,88.67080059190977,0,100,3.0,8,0.22120397211702508
10.06,0.04559141333598128,88.27717530848074,0,100,3.0,8,0.21340941204912348
10.065,0.03306217087257399,87.70692687021791,0,100,3.0,8,0.20211736376669134
10.07,0.02345067901074276,86.98974332245788,0,100,3.0,8,0.18791570935560165
10.075,0.016268788896435526,86.16130506221765,0,100,3.0,8,0.17151099133104258
10.08,0.011039026374860051,85.26035540793751,0,100,3.0,8,0.15367040411757446
10.085,0.007326255555493689,84.32573297406104,0,100,3.0,8,0.13516302918932752
10.09,0.0047556414315231815,83.39367772388111,0,100,3.0,8,0.1167064895818042
10.095,0.0030193390635632803,82.49566008868594,0,100,3.0,8,0.09892396215219679
10.1,0.001874953127946523,81.65689240924547,0,100,3.0,8,0.08231470117317767
10.105,0.0011387927410965778,80.89558099426428,0,100,3.0,8,0.06723922760919364
10.11,0.0006765107634274089,80.2228819369286,0,100,3.0,8,0.05391845419660597
10.115,0.00039307957404427924,79.64344791368322,0,100,3.0,8,0.042444513142241944
10.12,0.00022338910511776318,79.15640474099477,0,100,3.0,8,0.03280009388108462
10.125,0.00012417073320013317,78.75657785573266,0,100,3.0,8,0.02488272981648828
10.13,6.750753468904987e-05,78.4357972097327,0,100,3.0,8,0.018530637816489066
10.135,3.5897234866245036e-05,78.18413765800393,0,100,3.0,8,0.013547280356513541
10.14,1.8670050400879738e-05,77.99099226913822,0,100,3.0,8,0.009722619190855798
10.145,9.497421874143672e-06,77.84591963837286,0,100,3.0,8,0.006849893829165593
10.15,4.725434140340885e-06,77.73924627752838,0,100,3.0,8,0.004737550050066938
10.155,2.299606063738814e-06,77.66243685299297,0,100,3.0,8,0.0032165713463954116
10.16,1.0945633976635486e-06,77.60826631408477,0,100,3.0,8,0.002143887407619264
10.165,5.095703414287532e-07,77.57083885662051,0,100,3.0,8,0.0014027496360497346
10.17,2.3202944964797243e-07,77.54550081135075,0,100,3.0,8,0.0009010061653613645
10.175,1.0333746954038608e-07,77.52869036977735,0,100,3.0,8,0.0005681261342049716
10.18,4.501406988770349e-08,77.51775916561486,0,100,3.0,8,0.000351666645838854
10.185,0.0,77.51079141453732,0,100,3.0,8,0.00021369137697669125
10.19,0.0,77.50643729780077,0,100,3.0,8,0.00012747124357965372
10.195,0.0,77.50376962572678,0,100,3.0,8,7.46460539955528e-05
10.2,0.0,77.50216701676594,0,100,3.0,8,4.291122308788121e-05
10.205,0.0,77.50122291343685,0,100,3.0,8,2.4216107660360722e-05
10.21,0.0,77.50067748326067,0,100,3.0,8,1.341551011235127e-05
10.215,0.0,77.50036844343965,0,100,3.0,8,7.295909696132626e-06
10.22,0.0,77.50019670368403,0,100,3.0,8,3.895122455952053e-06
10.225,0.0,77.50010309166797,0,100,3.0,8,2.04141916765816e-06
10.23,0.001684486749771458,77.50005304006476,0,100,3.0,8,1.0502983120051507e-06
10.235,0.00456624331333666,77.50002678884144,0,100,3.0,8,5.304721076925597e-07
10.24,0.011079731271581421,77.50001328229814,0,100,3.0,8,2.630158047791741e-07
10.245,0.024064571490409,77.50000646490167,0,100,3.0,8,1.2801785492184075e-07
10.25,0.046784906529573234,77.5000030890151,0,100,3.0,8,6.116861574792163e-08
10.255,0.08141644351188804,77.50000144893046,0,100,3.0,8,2.869169231353856e-08
10.26,0.12682276464025305,77.50000066718222,0,100,3.0,8,1.321152912042986e-08
10.265,0.1768320708657512,77.50000030158573,0,100,3.0,8,5.971994630389156e-09
10.27,0.22070063230473494,77.50000013382785,0,100,3.0,8,2.6500565086685624e-09
10.275,0.24656126505113576,77.50000005829773,0,100,3.0,8,1.1544104813990565e-09
10.28,0.24656126505724016,77.50000002493023,0,100,3.0,8,4.936679272192339e-10
10.285,0.220700632329898,77.50000001046574,0,100,3.0,8,2.0724238167153234e-10
10.29,0.17683207093748562,77.50000000431304,0,100,3.0,8,8.540667403223671e-11
10.295,0.12682276483597799,77.50000000174488,0,100,3.0,8,3.4552075172397586e-11
10.3,0.08141644409447898,77.50000000069298,0,100,3.0,8,1.3722338996675456e-11
10.305,0.04678490952598309,77.50000000027018,0,100,3.0,8,5.35003504644397e-12
10.31,0.024064605020532023,77.5000000001034,0,100,3.0,8,2.047488691243758e-12
10.315,0.011080171739334697,77.50000000003885,0,100,3.0,8,7.693559760665798e-13
10.32,0.004571212771509492,77.50000000001432,0,100,3.0,8,2.8365428817670534e-13
10.325,0.0017299316936037438,77.50000000000519,0,100,3.0,8,1.0271211823858874e-13
10.33,0.0008899431850697582,77.50000000000185,0,100,3.0,8,3.6582398276757634e-14
10.335,0.002128806368910263,77.50000000000064,0,100,3.0,8,1.2663137865031489e-14
10.34,0.009309664818487698,77.50000000000021,0,100,3.0,8,4.221045955010496e-15
10.345,0.03503263543368747,77.50000000000007,0,100,3.0,8,1.4070153183368321e-15
10.35,0.10606267793605692,77.50000000000003,0,100,3.0,8,5.628061273347328e-16
10.355,0.25734927343160535,77.50000000000001,0,100,3.0,8,2.814030636673664e-16
10.36,0.5003202479539708,77.5,0,100,3.0,8,0.0
10.365,0.7793067891790435,77.5,0,100,3.0,8,0.0
10.37,0.9720477407234077,77.50000296326382,1,100,3.0,8,5.8678491575054717e-08
10.375,0.967267334488097,77.50000646040132,0,100,3.0,8,1.2792873907402633e-07
10.38,0.7505869905515209,77.50001547099812,0,100,3.0,8,3.063563984497786e-07
10.385,0.4028369574773956,77.50004279940943,0,100,3.0,8,8.475130579818773e-07
10.39,0.04553881263121314,77.50013615438796,0,100,3.0,8,2.696126494250769e-06
10.395,-0.189138810908105,77.5004680179232,0,100,3.0,8,9.267681647462169e-06
10.4,-0.22868072635956738,77.50162325338142,0,100,3.0,8,3.2143631315339815e-05
10.405,-0.14104670682394166,77.50543270243331,0,100,3.0,8,0.00010757826600614871
10.41,-0.051158381651102834,77.51714463608216,0,100,3.0,8,0.0003394977442012825
10.415,-0.008206426846427752,77.55046328702488,0,100,3.0,8,0.0009992730103937162
10.42,0.005350271385530505,77.63783045420662,0,100,3.0,8,0.0027293159248835993
10.425,0.01084668799215426,77.84848933795,0,100,3.0,8,0.006900778969306918
10.43,0.016256859896386415,78.31469943305066,0,100,3.0,8,0.016132662040607187
10.435,0.02345021205790711,79.25999380935703,0,100,3.0,8,0.034851362561525295
10.44,0.0330621597308209,81.0123394706058,0,100,3.0,8,0.06955127664565931
10.445,0.04559141319943196,83.9741410832035,0,100,3.0,8,0.1282008135287823
10.45,0.06149084917446989,88.52124642173986,0,100,3.0,8,0.21824250340078932
10.455,0.08111733445924295,94.82704898075434,0,100,3.0,8,0.34310988080701665
10.46,0.1046628598272375,102.65707317635096,0,100,3.0,8,0.4981598648782369
10.465,0.1320831047748631,111.23231162140519,0,100,3.0,8,0.6679665667604988
10.47,0.16303381314489318,119.27409135130915,0,100,3.0,8,0.8272097297288941
10.475,0.19682662652900276,125.28499396783039,0,100,3.0,8,0.9462375043134731
10.48,0.23241585813229,128.0,0,100,3.0,8,1.0
10.485,0.26842527782774417,126.82648873543778,0,100,3.0,8,0.9767621531769857
10.49,0.30321927900592993,122.06517425913262,0,100,3.0,8,0.882478698200646
10.495,0.3350163137995362,114.80061140479341,0,100,3.0,8,0.7386259684117508
10.5,0.3620352400956416,106.51681736882965,0,100,3.0,8,0.5745904429471218
10.505,0.3826586036805073,98.62505549251536,0,100,3.0,8,0.41831793054485855
10.51,0.39559233134833227,92.10806239375111,0,100,3.0,8,0.28926856225249725
10.515,0.4,87.39237394672186,0,100,3.0,8,0.1958885930043933
10.52,0.39559233134833227,84.43193578594894,0,100,3.0,8,0.1372660551673057
10.525,0.3826586036805073,82.90176098589056,0,100,3.0,8,0.10696556407704082
10.53,0.3620352400956416,82.39163410258165,0,100,3.0,8,0.09686404163528016
10.535,0.3350163137995362,82.53446670163302,0,100,3.0,8,0.09969240993332718
10.54,0.3032192790059296,83.05830634930675,0,100,3.0,8,0.11006547226349994
10.545,0.26842527782774417,83.78469286323443,0,100,3.0,8,0.12444936362840447
10.55,0.23241585813229,84.60340952404425,0,100,3.0,8,0.14066157473354957
10.555,0.19682662652900276,85.4451180660712,0,100,3.0,8,0.15732907061527135
10.56,0.16303381314489318,86.26145611528875,0,100,3.0,8,0.17349418050076737
10.565,0.13208310477486307,87.01388481565941,0,100,3.0,8,0.1883937587259289
10.57,0.10466285982723562,87.66902938979217,0,100,3.0,8,0.20136691860974598
10.575,0.08111733445917907,88.19777841433479,0,100,3.0,8,0.21183719632346124
10.58,0.06149084917398798,88.57611523626564,0,100,3.0,8,0.21932901457951753
10.585,0.04559141333598128,88.78646487339392,0,100,3.0,8,0.22349435392859257
10.59,0.03306217087257399,88.81890111521152,0,100,3.0,8,0.22413665574676273
10.595,0.02345067901074276,88.67188096074477,0,100,3.0,8,0.22122536555930242
10.6,0.016268788896435526,88.35235527116667,0,100,3.0,8,0.21489812418151827
10.605,0.011039026374860051,87.87522130851018,0,100,3.0,8,0.20544992690119163
10.61,0.007326255555493689,87.2621707098855,0,100,3.0,8,0.1933103110868415
10.615,0.0047556414315231815,86.54005532752586,0,100,3.0,8,0.17901099658467057
10.62,0.0030193390635632803,85.73894191529423,0,100,3.0,8,0.16314736465929175
10.625,0.001874953127946523,84.89005134205526,0,100,3.0,8,0.1463376503377279
10.63,0.0011387927410965778,84.02377737381408,0,100,3.0,8,0.12918371037255613
10.635,0.0006765107634274089,83.16795600607652,0,100,3.0,8,0.11223675259557471
10.64,0.00039307957404427924,82.34651399423815,0,100,3.0,8,0.09597057414332973
10.645,0.00022338910511776318,81.57857200075955,0,100,3.0,8,0.08076380199523861
10.65,0.00012417073320013317,80.87802187700999,0,100,3.0,8,0.06689152231702941
10.655,6.750753468904987e-05,80.2535466853287,0,100,3.0,8,0.05452567693720199
10.66,3.5897234866245036e-05,79.70901208831678,0,100,3.0,8,0.0437428136300353
10.665,1.8670050400879738e-05,79.24413221055799,0,100,3.0,8,0.034537271496197876
10.67,9.497421874143672e-06,78.85530292273832,0,100,3.0,8,0.02683768163838253
10.675,4.725434140340885e-06,78.53649929026788,0,100,3.0,8,0.02052473842114621
10.68,2.299606063738814e-06,78.28014854914866,0,100,3.0,8,0.015448486121755704
10.685,1.0945633976635486e-06,78.0779114022779,0,100,3.0,8,0.011443790144116941
10.69,5.095703414287532e-07,77.92132854472484,0,100,3.0,8,0.008343139499501858
10.695,2.3202944964797243e-07,77.80231254214551,0,100,3.0,8,0.0059863869731785115
10.7,1.0333746954038608e-07,77.71348487388187,0,100,3.0,8,0.004227423245185496
10.705,4.501406988770349e-08,77.64837260275212,0,100,3.0,8,0.002938071341626111
10.71,0.0,77.6014883012127,0,100,3.0,8,0.0020096693309445
10.715,0.0,77.56832095256193,0,100,3.0,8,0.0013528901497412529
10.72,0.0,77.54526551904495,0,100,3.0,8,0.0008963469117811137
10.725,0.0,77.52951594948496,0,100,3.0,8,0.0005844742472269297
10.73,0.0,77.51894181864023,0,100,3.0,8,0.00037508551762830214
10.735,0.0,77.5119636101294,0,100,3.0,8,0.00023690317087919153
10.74,0.0,77.50743666967786,0,100,3.0,8,0.0001472607857001639
10.745,0.0,77.50454957043476,0,100,3.0,8,9.00905036586448e-05
10.75,0.0,77.5027392896498,0,100,3.0,8,5.424335940189606e-05
10.755,0.0,77.50162323419167,0,100,3.0,8,3.214325132018017e-05
10.76,0.0,77.5009466731716,0,100,3.0,8,1.8746003397969653e-05
10.765,0.0,77.50054336870136,0,100,3.0,8,1.0759776264511865e-05
10.77,0.0,77.50030694801582,0,100,3.0,8,6.078178531066838e-06
10.775,0.0,77.50017065173328,0,100,3.0,8,3.379242243265325e-06
10.78,0.0,77.50009337534921,0,100,3.0,8,1.8490168160231333e-06
10.785,0.0,77.50005028395583,0,100,3.0,8,9.957218976118798e-07
10.79,0.0,77.50002665031187,0,100,3.0,8,5.277289478546645e-07
10.795,0.001684486749771458,77.50001390115278,0,100,3.0,8,2.752703521494341e-07
10.8,0.00456624331333666,77.50000713633123,0,100,3.0,8,1.4131348978993953e-07
10.805,0.011079731271581421,77.50000360557758,0,100,3.0,8,7.139757574598005e-08
10.81,0.024064571490409,77.5000017928764,0,100,3.0,8,3.550250304521463e-08
10.815,0.046784906529573234,77.50000087740786,0,100,3.0,8,1.7374413001823202e-08
10.82,0.08141644351188804,77.50000042259889,0,100,3.0,8,8.368294800783417e-09
10.825,0.12682276464025305,77.50000020032302,0,100,3.0,8,3.966792377522694e-09
10.83,0.1768320708657512,77.50000009345639,0,100,3.0,8,1.8506216405296415e-09
10.835,0.22070063230473494,77.50000004291043,0,100,3.0,8,8.497114651059872e-10
10.84,0.24656126505113576,77.50000001939064,0,100,3.0,8,3.839730733588031e-10
10.845,0.24656126505724016,77.50000000862377,0,100,3.0,9,1.707677607681593e-10
10.85,0.220700632329898,77.50000000377466,0,100,3.0,9,7.474571896519853e-11
10.855,0.17683207093748562,77.50000000162605,0,100,3.0,9,3.219898275401107e-11
10.86,0.12682276483597799,77.5000000006894,0,100,3.0,9,1.3651425424631278e-11
10.865,0.08141644409447898,77.50000000028766,0,100,3.0,9,5.696160814754831e-12
10.87,0.04678490952598309,77.50000000011813,0,100,3.0,9,2.339303668266817e-12
10.875,0.024064605020532023,77.50000000004775,0,100,3.0,9,9.455142939223512e-13
10.88,0.011080171739334697,77.50000000001899,0,100,3.0,9,3.759544930596015e-13
10.885,0.004571212771509492,77.50000000000743,0,100,3.0,9,1.4717380229803264e-13
10.89,0.0017299316936037438,77.50000000000287,0,100,3.0,9,5.684341886080802e-14
10.895,0.0008899431850697582,77.50000000000108,0,100,3.0,9,2.1386632838719847e-14
10.9,0.002128806368910263,77.5000000000004,0,100,3.0,9,7.87928578268626e-15
10.905,0.009309664818487698,77.50000000000014,0,100,3.0,9,2.8140306366736642e-15
10.91,0.03503263543368747,77.50000000000006,0,100,3.0,9,1.1256122546694657e-15
10.915,0.10606267793605692,77.50000000000001,0,100,3.0,9,2.814030636673664e-16
10.92,0.25734927343160535,77.5,0,100,3.0,9,0.0
10.925,0.5003202479539708,77.5,0,100,3.0,9,0.0
10.93,0.7793067891790435,77.5,0,100,3.0,9,0.0
10.935,0.9720477407234077,77.50000295858521,1,100,3.0,9,5.858584580720963e-08
10.94,0.967267334488097,77.50000627158161,0,100,3.0,9,1.2418973487865964e-07
10.945,0.7505869905515209,77.50001448202111,0,100,3.0,9,2.867726953417611e-07
10.95,0.4028369574773956,77.5000381880034,0,100,3.0,9,7.56198087153937e-07
10.955,0.04553881263121314,77.50011515393722,0,100,3.0,9,2.2802759844742666e-06
10.96,-0.189138810908105,77.5003768133724,0,100,3.0,9,7.461650938574905e-06
10.965,-0.22868072635956738,77.50125530195008,0,100,3.0,9,2.4857464358047304e-05
10.97,-0.14104670682394166,77.50407161723201,0,100,3.0,9,8.062608380226824e-05
10.975,-0.051158381651102834,77.5125498908563,0,100,3.0,9,0.00024851269022388076
10.98,-0.008206426846427752,77.53632357375037,0,100,3.0,9,0.0007192786881260548
10.985,0.005350271385530505,77.59816032657108,0,100,3.0,9,0.0019437688429916036
10.99,0.01084668799215426,77.74699421583978,0,100,3.0,9,0.004890974571084695
10.995,0.016256859896386415,78.0778955905149,0,100,3.0,9,0.011443477039898991
11.0,0.02345021205790711,78.75638253739591,0,100,3.0,9,0.024878862126651635
11.005,0.0330621597308209,80.03714578164362,0,100,3.0,9,0.050240510527596365
11.01,0.04559141319943196,82.2581074321164,0,100,3.0,9,0.09421994915081988
11.015,0.06149084917446989,85.78593960996649,0,100,3.0,9,0.16407801207854436
11.02,0.08111733445924295,90.89811556558197,0,100,3.0,9,0.26530921912043515
11.025,0.1046628598272375,97.61546592808551,0,100,3.0,9,0.39832605798189136
11.03,0.1320831047748631,105.5415466537269,0,100,3.0,9,0.5552781515589484
11.035,0.16303381314489318,113.79708988561208,0,100,3.0,9,0.7187542551606353
11.04,0.19682662652900276,121.12822094684294,0,100,3.0,9,0.8639251672642168
11.045,0.23241585813229,126.20143333597863,0,100,3.0,9,0.9643848185342304
11.05,0.26842527782774417,128.0,0,100,3.0,9,1.0
11.055,0.30321927900592993,126.16275066678318,0,100,3.0,9,0.9636188250848154
11.06,0.3350163137995362,121.1116044575634,0,100,3.0,9,0.8635961278725426
11.065,0.3620352400956416,113.90717007869759,0,100,3.0,9,0.7209340609643087
11.07,0.3826586036805073,105.90088318147954,0,100,3.0,9,0.5623937263659315
11.075,0.39559233134833227,98.34046706321053,0,100,3.0,9,0.41268251610317874
11.08,0.4,92.08499814602648,0,100,3.0,9,0.28881184447577185
11.085,0.39559233134833227,87.50864038323002,0,100,3.0,9,0.1981908986778221
11.09,0.3826586036805073,84.57442275691706,0,100,3.0,9,0.14008757934489227
11.095,0.3620352400956416,82.99710802083918,0,100,3.0,9,0.10885362417503323
11.1,0.3350163137995362,82.40804661099806,0,100,3.0,9,0.09718904180194171
11.105,0.3032192790059296,82.46851319639717,0,100,3.0,9,0.0983863999286568
11.11,0.26842527782774417,82.92004890238644,0,100,3.0,9,0.10732770103735526
11.115,0.23241585813229,83.58796849171559,0,100,3.0,9,0.12055383151912051
11.12,0.19682662652900276,84.36197804515345,0,100,3.0,9,0.13588075336937525
11.125,0.16303381314489318,85.17248310799981,0,100,3.0,9,0.15193035857425366
11.13,0.13208310477486307,85.97196310008664,0,100,3.0,9,0.1677616455462701
11.135,0.10466285982723562,86.72363196440325,0,100,3.0,9,0.18264617751293571
11.14,0.08111733445917907,87.39605351764324,0,100,3.0,9,0.1959614557949156
11.145,0.06149084917398798,87.9615095120021,0,100,3.0,9,0.20715860419806129
11.15,0.04559141333598128,88.39629447802281,0,100,3.0,9,0.2157682074856002
11.155,0.03306217087257399,88.6817572080628,0,100,3.0,9,0.22142093481312486
11.16,0.02345067901074276,88.80541912343043,0,100,3.0,9,0.2238696856124837
11.165,0.016268788896435526,88.761813641984,0,100,3.0,9,0.22300621073235655
11.17,0.011039026374860051,88.55286824522712,0,100,3.0,9,0.21886867812330923
11.175,0.007326255555493689,88.18775826412227,0,100,3.0,9,0.2116387775073716
11.18,0.0047556414315231815,87.68223746822366,0,100,3.0,9,0.20162846471730023
11.185,0.0030193390635632803,87.05751062541435,0,100,3.0,9,0.18925763614681884
11.19,0.001874953127946523,86.33875969754904,0,100,3.0,9,0.17502494450592151
11.195,0.0011387927410965778,85.55346606508107,0,100,3.0,9,0.15947457554615976
11.2,0.0006765107634274089,84.72968388537797,0,100,3.0,9,0.14316205713619734
11.205,0.00039307957404427924,83.8944140290608,0,100,3.0,9,0.12662205998140194
11.21,0.00022338910511776318,83.07220603434823,0,100,3.0,9,0.11034071355145003
11.215,0.00012417073320013317,82.2840812711329,0,100,3.0,9,0.09473428259669119
11.22,6.750753468904987e-05,81.54682943609703,0,100,3.0,9,0.08013523635835698
11.225,3.5897234866245036e-05,80.87268841585063,0,100,3.0,9,0.06678590922476499
11.23,1.8670050400879738e-05,80.26937973963246,0,100,3.0,9,0.054839202764999116
11.235,9.497421874143672e-06,79.7404423296401,0,100,3.0,9,0.04436519464633868
11.24,4.725434140340885e-06,79.28578839837682,0,100,3.0,9,0.03536214650251135
11.245,2.299606063738814e-06,78.90239771037702,0,100,3.0,9,0.02777025169063399
11.25,1.0945633976635486e-06,78.58506900977153,0,100,3.0,9,0.021486515044980795
11.255,5.095703414287532e-07,78.32715803895881,0,100,3.0,9,0.016379367108095323
11.26,2.3202944964797243e-07,78.12124742111936,0,100,3.0,9,0.012301929131076509
11.265,1.0333746954038608e-07,77.95971182173484,0,100,3.0,9,0.009103204390788959
11.27,4.501406988770349e-08,77.83515963913185,0,100,3.0,9,0.006636824537264261
11.275,0.0,77.74074802073012,0,100,3.0,9,0.004767287539210363
11.28,0.0,77.67038003596295,0,100,3.0,9,0.003373862098276232
11.285,0.0,77.61880087924757,0,100,3.0,9,0.0023524926583677777
11.29,0.0,77.5816141709287,0,100,3.0,9,0.001616122196607968
11.295,0.0,77.5552403549693,0,100,3.0,9,0.0010938684152336571
11.3,0.0,77.53683768391573,0,100,3.0,9,0.0007294590874402959
11.305,0.0,77.52420321967791,0,100,3.0,9,0.00047927167679039497
11.31,0.0,77.51566747236087,0,100,3.0,9,0.0003102469774430597
11.315,0.0,77.50999239747283,0,100,3.0,9,0.00019786925688769166
11.32,0.0,77.50627892699517,0,100,3.0,9,0.00012433518802307088
11.325,0.0,77.50388728278739,0,100,3.0,9,7.697589677997649e-05
11.33,0.0,77.50237111056772,0,100,3.0,9,4.695268450935074e-05
11.335,0.0,77.50142495925365,0,100,3.0,9,2.8217014923849084e-05
11.34,0.0,77.5008437194384,0,100,3.0,9,1.6707315611742756e-05
11.345,0.0,77.50049219662667,0,100,3.0,9,9.746467854781015e-06
11.35,0.0,77.50028289428887,0,100,3.0,9,5.601867106388634e-06
11.355,0.0,77.500160197117,0,100,3.0,9,3.172220138565373e-06
11.36,0.0,77.50008937790716,0,100,3.0,9,1.769859547701092e-06
11.365,0.0,77.50004913043793,0,100,3.0,9,9.728799590006794e-07
11.37,0.0,77.50002660823445,0,100,3.0,9,5.268957316743446e-07
11.375,0.0,77.50001419797643,0,100,3.0,9,2.811480480503822e-07
11.38,0.001684486749771458,77.50000746417498,0,100,3.0,9,1.4780544524280167e-07
11.385,0.00456624331333666,77.50000386618065,0,100,3.0,9,7.6558032643865e-08
11.39,0.011079731271581421,77.50000197300162,0,100,3.0,9,3.906933893676528e-08
11.395,0.024064571490409,77.5000009920138,0,100,3.0,9,1.9643837535707885e-08
11.4,0.046784906529573234,77.50000049142014,0,100,3.0,9,9.731091848710877e-09
11.405,0.08141644351188804,77.50000023984637,0,100,3.0,9,4.749433110821946e-09
11.41,0.12682276464025305,77.50000011533426,0,100,3.0,9,2.2838467223006982e-09
11.415,0.1768320708657512,77.50000005464224,0,100,3.0,9,1.0820246085257727e-09
11.42,0.22070063230473494,77.50000002550607,0,100,3.0,9,5.050706607620992e-10
11.425,0.24656126505113576,77.50000001173015,0,100,3.0,9,2.3228021926133627e-10
11.43,0.24656126505724016,77.50000000531507,0,100,3.0,9,1.0524896685755005e-10
11.435,0.220700632329898,77.50000000237279,0,100,3.0,9,4.698586954054017e-11
11.44,0.17683207093748562,77.50000000104365,0,100,3.0,9,2.066624099573139e-11
11.445,0.12682276483597799,77.50000000045226,0,100,3.0,9,8.955652501213936e-12
11.45,0.08141644409447898,77.5000000001931,0,100,3.0,9,3.823704829112175e-12
11.455,0.04678490952598309,77.50000000008123,0,100,3.0,9,1.6084999119226663e-12
11.46,0.024064605020532023,77.50000000003367,0,100,3.0,9,6.66643857827991e-13
11.465,0.011080171739334697,77.50000000001374,0,100,3.0,9,2.7211676256634333e-13
11.47,0.004571212771509492,77.50000000000553,0,100,3.0,9,1.0946579176660553e-13
11.475,0.0017299316936037438,77.50000000000219,0,100,3.0,9,4.333607180477443e-14
11.48,0.0008899431850697582,77.50000000000085,0,100,3.0,9,1.6884183820041984e-14
11.485,0.002128806368910263,77.50000000000033,0,100,3.0,9,6.472270464349428e-15
11.49,0.009309664818487698,77.50000000000013,0,100,3.0,9,2.5326275730062976e-15
11.495,0.03503263543368747,77.50000000000004,0,100,3.0,9,8.442091910020992e-16
11.5,0.10606267793605692,77.50000000000001,0,100,3.0,9,2.814030636673664e-16
11.505,0.25734927343160535,77.5,0,100,3.0,9,0.0
11.51,0.5003202479539708,77.5,0,100,3.0,9,0.0
11.515,0.7793067891790435,77.5,0,100,3.0,9,0.0
11.52,0.9720477407234077,77.5,1,100,3.0,9,0.0
11.525,0.967267334488097,77.5,0,100,3.0,9,0.0
11.53,0.7505869905515209,77.5,0,100,3.0,9,0.0
11.535,0.4028369574773956,77.5,0,100,3.0,9,0.0
11.54,0.04553881263121314,77.5,0,100,3.0,9,0.0
11.545,-0.189138810908105,77.5,0,100,3.0,9,0.0
11.55,-0.22868072635956738,77.5,0,100,3.0,9,0.0
11.555,-0.14104670682394166,77.5,0,100,3.0,9,0.0
11.56,-0.051158381651102834,77.5,0,100,3.0,9,0.0
11.565,-0.008206426846427752,77.5,0,100,3.0,9,0.0
11.57,0.005350271385530505,77.5,0,100,3.0,9,0.0
11.575,0.01084668799215426,77.5,0,100,3.0,9,0.0
11.58,0.016256859896386415,77.5,0,100,3.0,9,0.0
11.585,0.02345021205790711,77.5,0,100,3.0,9,0.0
11.59,0.0330621597308209,77.5,0,100,3.0,9,0.0
11.595,0.04559141319943196,77.5,0,100,3.0,9,0.0
11.6,0.06149084917446989,77.5,0,100,3.0,9,0.0
11.605,0.08111733445924295,77.5,0,100,3.0,9,0.0
11.61,0.1046628598272375,77.5,0,100,3.0,9,0.0
11.615,0.1320831047748631,77.5,0,100,3.0,9,0.0
11.62,0.16303381314489318,77.5,0,100,3.0,9,0.0
11.625,0.19682662652900276,77.5,0,100,3.0,9,0.0
11.63,0.23241585813229,77.5,0,100,3.0,9,0.0
11.635,0.26842527782774417,77.5,0,100,3.0,9,0.0
11.64,0.30321927900592993,77.5,0,100,3.0,9,0.0
11.645,0.3350163137995362,77.5,0,100,3.0,9,0.0
11.65,0.3620352400956416,77.5,0,100,3.0,9,0.0
11.655,0.3826586036805073,77.5,0,100,3.0,9,0.0
11.66,0.39559233134833227,77.5,0,100,3.0,9,0.0
11.665,0.4,77.5,0,100,3.0,9,0.0
11.67,0.39559233134833227,77.5,0,100,3.0,9,0.0
11.675,0.3826586036805073,77.5,0,100,3.0,9,0.0
11.68,0.3620352400956416,77.5,0,100,3.0,9,0.0
11.685,0.3350163137995362,77.5,0,100,3.0,9,0.0
11.69,0.3032192790059296,77.5,0,100,3.0,9,0.0
11.695,0.26842527782774417,77.5,0,100,3.0,9,0.0
11.7,0.23241585813229,77.5,0,100,3.0,9,0.0
11.705,0.19682662652900276,77.5,0,100,3.0,9,0.0
11.71,0.16303381314489318,77.5,0,100,3.0,9,0.0
11.715,0.13208310477486307,77.5,0,100,3.0,9,0.0
11.72,0.10466285982723562,77.5,0,100,3.0,9,0.0
11.725,0.08111733445917907,77.5,0,100,3.0,9,0.0
11.73,0.06149084917398798,77.5,0,100,3.0,9,0.0
11.735,0.04559141333598128,77.5,0,100,3.0,9,0.0
11.74,0.03306217087257399,77.5,0,100,3.0,9,0.0
11.745,0.02345067901074276,77.5,0,100,3.0,9,0.0
11.75,0.016268788896435526,77.5,0,100,3.0,9,0.0
11.755,0.011039026374860051,77.5,0,100,3.0,9,0.0
11.76,0.007326255555493689,77.5,0,100,3.0,9,0.0
11.765,0.0047556414315231815,77.5,0,100,3.0,9,0.0
11.77,0.0030193390635632803,77.5,0,100,3.0,9,0.0
11.775,0.001874953127946523,77.5,0,100,3.0,9,0.0
11.78,0.0011387927410965778,77.5,0,100,3.0,9,0.0
11.785,0.0006765107634274089,77.5,0,100,3.0,9,0.0
11.79,0.00039307957404427924,77.5,0,100,3.0,9,0.0
11.795,0.00022338910511776318,77.5,0,100,3.0,9,0.0
11.8,0.00012417073320013317,77.5,0,100,3.0,9,0.0
11.805,6.750753468904987e-05,77.5,0,100,3.0,9,0.0
11.81,3.5897234866245036e-05,77.5,0,100,3.0,9,0.0
11.815,1.8670050400879738e-05,77.5,0,100,3.0,9,0.0
11.82,9.497421874143672e-06,77.5,0,100,3.0,9,0.0
11.825,4.725434140340885e-06,77.5,0,100,3.0,9,0.0
11.83,2.299606063738814e-06,77.5,0,100,3.0,9,0.0
11.835,1.0945633976635486e-06,77.5,0,100,3.0,9,0.0
11.84,5.095703414287532e-07,77.5,0,100,3.0,9,0.0
11.845,2.3202944964797243e-07,77.5,0,100,3.0,9,0.0
11.85,1.0333746954038608e-07,77.5,0,100,3.0,9,0.0
11.855,4.501406988770349e-08,77.5,0,100,3.0,9,0.0
11.86,0.0,77.5,0,100,3.0,9,0.0
11.865,0.0,77.5,0,100,3.0,9,0.0
11.87,0.0,77.5,0,100,3.0,9,0.0
11.875,0.0,77.5,0,100,3.0,9,0.0
11.88,0.0,77.5,0,100,3.0,9,0.0
11.885,0.0,77.5,0,100,3.0,9,0.0
11.89,0.0,77.5,0,100,3.0,9,0.0
11.895,0.0,77.5,0,100,3.0,9,0.0
11.9,0.0,77.5,0,100,3.0,9,0.0
11.905,0.0,77.5,0,100,3.0,9,0.0
11.91,0.0,77.5,0,100,3.0,9,0.0
11.915,0.0,77.5,0,100,3.0,9,0.0
11.92,0.0,77.5,0,100,3.0,9,0.0
11.925,0.0,77.5,0,100,3.0,9,0.0
11.93,0.0,77.5,0,100,3.0,9,0.0
11.935,0.0,77.5,0,100,3.0,9,0.0
11.94,0.0,77.5,0,100,3.0,9,0.0
11.945,0.0,77.5,0,100,3.0,9,0.0
11.95,0.0,77.5,0,100,3.0,9,0.0
11.955,0.0,77.5,0,100,3.0,9,0.0
11.96,0.0,77.5,0,100,3.0,9,0.0
11.965,0.0,77.5,0,100,3.0,9,0.0
11.97,0.0,77.5,0,100,3.0,9,0.0
11.975,0.0,77.5,0,100,3.0,9,0.0
11.98,0.0,77.5,0,100,3.0,9,0.0
11.985,0.0,77.5,0,100,3.0,9,0.0
11.99,0.0,77.5,0,100,3.0,9,0.0
11.995,0.0,77.5,0,100,3.0,9,0.0
