Time,ECG,Pressure,R_Peaks,mean_hr,hrv_scale,Phase_Bin,Normalized_Pressure
0.0,0.001684486749771458,77.5,0,100,3.0,0,0.0
0.005,0.00456624331333666,77.5,0,100,3.0,0,0.0
0.01,0.011079731271581421,77.5,0,100,3.0,0,0.0
0.015,0.024064571490409,77.5,0,100,3.0,0,0.0
0.02,0.046784906529573234,77.5,0,100,3.0,0,0.0
0.025,0.08141644351188804,77.5,0,100,3.0,0,0.0
0.03,0.12682276464025305,77.5,0,100,3.0,0,0.0
0.035,0.1768320708657512,77.5,0,100,3.0,0,0.0
0.04,0.22070063230473494,77.5,0,100,3.0,0,0.0
0.045,0.24656126505113576,77.5,0,100,3.0,0,0.0
0.05,0.24656126505724016,77.5,0,100,3.0,0,0.0
0.055,0.220700632329898,77.5,0,100,3.0,0,0.0
0.06,0.17683207093748562,77.5,0,100,3.0,0,0.0
0.065,0.12682276483597799,77.5,0,100,3.0,0,0.0
0.07,0.08141644409447898,77.5,0,100,3.0,0,0.0
0.075,0.04678490952598309,77.5,0,100,3.0,0,0.0
0.08,0.024064605020532023,77.5,0,100,3.0,0,0.0
0.085,0.011080171739334697,77.5,0,100,3.0,0,0.0
0.09,0.004571212771509492,77.5,0,100,3.0,0,0.0
0.095,0.0017299316936037438,77.5,0,100,3.0,0,0.0
0.1,0.0008899431850697582,77.5,0,100,3.0,0,0.0
0.105,0.002128806368910263,77.5,0,100,3.0,0,0.0
0.11,0.009309664818487698,77.5,0,100,3.0,0,0.0
0.115,0.03503263543368747,77.5,0,100,3.0,0,0.0
0.12,0.10606267793605692,77.5,0,100,3.0,0,0.0
0.125,0.25734927343160535,77.5,0,100,3.0,0,0.0
0.13,0.5003202479539708,77.5,0,100,3.0,0,0.0
0.135,0.7793067891790435,77.5,0,100,3.0,0,0.0
0.14,0.9720477407234077,77.5,0,100,3.0,0,0.0
0.145,0.967267334488097,77.5,0,100,3.0,0,0.0
0.15,0.7505869905515209,77.5,0,100,3.0,0,0.0
0.155,0.4028369574773956,77.5,0,100,3.0,0,0.0
0.16,0.04553881263121314,77.5,0,100,3.0,0,0.0
0.165,-0.189138810908105,77.5,0,100,3.0,0,0.0
0.17,-0.22868072635956738,77.5,0,100,3.0,0,0.0
0.175,-0.14104670682394166,77.5,0,100,3.0,0,0.0
0.18,-0.051158381651102834,77.5,0,100,3.0,0,0.0
0.185,-0.008206426846427752,77.5,0,100,3.0,0,0.0
0.19,0.005350271385530505,77.5,0,100,3.0,0,0.0
0.195,0.01084668799215426,77.5,0,100,3.0,0,0.0
0.2,0.016256859896386415,77.5,0,100,3.0,0,0.0
0.205,0.02345021205790711,77.5,0,100,3.0,0,0.0
0.21,0.0330621597308209,77.5,0,100,3.0,0,0.0
0.215,0.04559141319943196,77.5,0,100,3.0,0,0.0
0.22,0.06149084917446989,77.5,0,100,3.0,0,0.0
0.225,0.08111733445924295,77.5,0,100,3.0,0,0.0
0.23,0.1046628598272375,77.5,0,100,3.0,0,0.0
0.235,0.1320831047748631,77.5,0,100,3.0,0,0.0
0.24,0.16303381314489318,77.5,0,100,3.0,0,0.0
0.245,0.19682662652900276,77.5,0,100,3.0,0,0.0
0.25,0.23241585813229,77.5,0,100,3.0,0,0.0
0.255,0.26842527782774417,77.5,0,100,3.0,0,0.0
0.26,0.30321927900592993,77.5,0,100,3.0,0,0.0
0.265,0.3350163137995362,77.5,0,100,3.0,0,0.0
0.27,0.3620352400956416,77.5,0,100,3.0,0,0.0
0.275,0.3826586036805073,77.5,0,100,3.0,0,0.0
0.28,0.39559233134833227,77.5,0,100,3.0,0,0.0
0.285,0.4,77.5,0,100,3.0,0,0.0
0.29,0.39559233134833227,77.5,0,100,3.0,0,0.0
0.295,0.3826586036805073,77.5,0,100,3.0,0,0.0
0.3,0.3620352400956416,77.5,0,100,3.0,0,0.0
0.305,0.3350163137995362,77.5,0,100,3.0,0,0.0
0.31,0.3032192790059296,77.5,0,100,3.0,0,0.0
0.315,0.26842527782774417,77.5,0,100,3.0,0,0.0
0.32,0.23241585813229,77.5,0,100,3.0,0,0.0
0.325,0.19682662652900276,77.5,0,100,3.0,0,0.0
0.33,0.16303381314489318,77.5,0,100,3.0,0,0.0
0.335,0.13208310477486307,77.5,0,100,3.0,0,0.0
0.34,0.10466285982723562,77.5,0,100,3.0,0,0.0
0.345,0.08111733445917907,77.5,0,100,3.0,0,0.0
0.35,0.06149084917398798,77.5,0,100,3.0,0,0.0
0.355,0.04559141333598128,77.5,0,100,3.0,0,0.0
0.36,0.03306217087257399,77.5,0,100,3.0,0,0.0
0.365,0.02345067901074276,77.5,0,100,3.0,0,0.0
0.37,0.016268788896435526,77.5,0,100,3.0,0,0.0
0.375,0.011039026374860051,77.5,0,100,3.0,0,0.0
0.38,0.007326255555493689,77.5,0,100,3.0,0,0.0
0.385,0.0047556414315231815,77.5,0,100,3.0,0,0.0
0.39,0.0030193390635632803,77.5,0,100,3.0,0,0.0
0.395,0.001874953127946523,77.5,0,100,3.0,0,0.0
0.4,0.0011387927410965778,77.5,0,100,3.0,0,0.0
0.405,0.0006765107634274089,77.5,0,100,3.0,0,0.0
0.41,0.00039307957404427924,77.5,0,100,3.0,0,0.0
0.415,0.00022338910511776318,77.5,0,100,3.0,0,0.0
0.42,0.00012417073320013317,77.5,0,100,3.0,0,0.0
0.425,6.750753468904987e-05,77.5,0,100,3.0,0,0.0
0.43,3.5897234866245036e-05,77.5,0,100,3.0,0,0.0
0.435,1.8670050400879738e-05,77.5,0,100,3.0,0,0.0
0.44,9.497421874143672e-06,77.5,0,100,3.0,0,0.0
0.445,4.725434140340885e-06,77.5,0,100,3.0,0,0.0
0.45,2.299606063738814e-06,77.5,0,100,3.0,0,0.0
0.455,1.0945633976635486e-06,77.5,0,100,3.0,0,0.0
0.46,5.095703414287532e-07,77.5,0,100,3.0,0,0.0
0.465,2.3202944964797243e-07,77.5,0,100,3.0,0,0.0
0.47,1.0333746954038608e-07,77.5,0,100,3.0,0,0.0
0.475,4.501406988770349e-08,77.5,0,100,3.0,0,0.0
0.48,0.0,77.5,0,100,3.0,0,0.0
0.485,0.0,77.5,0,100,3.0,0,0.0
0.49,0.0,77.5,0,100,3.0,0,0.0
0.495,0.0,77.5,0,100,3.0,0,0.0
0.5,0.0,77.5,0,100,3.0,0,0.0
0.505,0.0,77.5,0,100,3.0,0,0.0
0.51,0.0,77.5,0,100,3.0,0,0.0
0.515,0.0,77.5,0,100,3.0,0,0.0
0.52,0.0,77.5,0,100,3.0,0,0.0
0.525,0.0,77.5,0,100,3.0,0,0.0
0.53,0.0,77.5,0,100,3.0,0,0.0
0.535,0.0,77.5,0,100,3.0,0,0.0
0.54,0.0,77.5,0,100,3.0,0,0.0
0.545,0.0,77.5,0,100,3.0,0,0.0
0.55,0.0,77.5,0,100,3.0,0,0.0
0.555,0.0,77.5,0,100,3.0,0,0.0
0.56,0.0,77.5,0,100,3.0,0,0.0
0.565,0.0,77.5,0,100,3.0,0,0.0
0.57,0.0,77.5,0,100,3.0,0,0.0
0.575,0.0,77.5,0,100,3.0,0,0.0
0.58,0.0,77.5,0,100,3.0,0,0.0
0.585,0.0,77.5,0,100,3.0,0,0.0
0.59,0.0,77.5,0,100,3.0,0,0.0
0.595,0.0,77.5,0,100,3.0,0,0.0
0.6,0.0,77.5,0,100,3.0,0,0.0
0.605,0.0,77.5,0,100,3.0,0,0.0
0.61,0.0,77.5,0,100,3.0,0,0.0
0.615,0.0,77.5,0,100,3.0,0,0.0
0.62,0.0,77.5,0,100,3.0,0,0.0
0.625,0.0,77.5,0,100,3.0,0,0.0
0.63,0.0,77.5,0,100,3.0,0,0.0
0.635,0.001684486749771458,77.5,0,100,3.0,0,0.0
0.64,0.00456624331333666,77.5,0,100,3.0,0,0.0
0.645,0.011079731271581421,77.5,0,100,3.0,0,0.0
0.65,0.024064571490409,77.5,0,100,3.0,0,0.0
0.655,0.046784906529573234,77.5,0,100,3.0,0,0.0
0.66,0.08141644351188804,77.5,0,100,3.0,0,0.0
0.665,0.12682276464025305,77.5,0,100,3.0,0,0.0
0.67,0.1768320708657512,77.5,0,100,3.0,0,0.0
0.675,0.22070063230473494,77.5,0,100,3.0,0,0.0
0.68,0.24656126505113576,77.5,0,100,3.0,0,0.0
0.685,0.24656126505724016,77.5,0,100,3.0,0,0.0
0.69,0.220700632329898,77.5,0,100,3.0,0,0.0
0.695,0.17683207093748562,77.5,0,100,3.0,0,0.0
0.7,0.12682276483597799,77.5,0,100,3.0,0,0.0
0.705,0.08141644409447898,77.5,0,100,3.0,0,0.0
0.71,0.04678490952598309,77.5,0,100,3.0,0,0.0
0.715,0.024064605020532023,77.5,0,100,3.0,0,0.0
0.72,0.011080171739334697,77.5,0,100,3.0,0,0.0
0.725,0.004571212771509492,77.5,0,100,3.0,0,0.0
0.73,0.0017299316936037438,77.5,0,100,3.0,0,0.0
0.735,0.0008899431850697582,77.5,0,100,3.0,0,0.0
0.74,0.002128806368910263,77.5,0,100,3.0,0,0.0
0.745,0.009309664818487698,77.5,0,100,3.0,0,0.0
0.75,0.03503263543368747,77.5,0,100,3.0,0,0.0
0.755,0.10606267793605692,77.5,0,100,3.0,0,0.0
0.76,0.25734927343160535,77.5,0,100,3.0,0,0.0
0.765,0.5003202479539708,77.5,0,100,3.0,0,0.0
0.77,0.7793067891790435,77.5,0,100,3.0,0,0.0
0.775,0.9720477407234077,77.50000295863553,1,100,3.0,0,5.8586842255458086e-08
0.78,0.967267334488097,77.50000589453069,0,100,3.0,0,1.1672337995159888e-07
0.785,0.7505869905515209,77.50001258016395,0,100,3.0,0,2.491121575071747e-07
0.79,0.4028369574773956,77.50002991887783,0,100,3.0,0,5.924530263079156e-07
0.795,0.04553881263121314,77.50008014574549,0,100,3.0,0,1.5870444650601604e-06
0.8,-0.189138810908105,77.50023413902163,0,100,3.0,0,4.636416269875662e-06
0.805,-0.22868072635956738,77.50070857773588,0,100,3.0,0,1.4031242294617421e-05
0.81,-0.14104670682394166,77.50212862812675,0,100,3.0,0,4.2151052014949724e-05
0.815,-0.051158381651102834,77.50618263287807,0,100,3.0,0,0.0001224283738230776
0.82,-0.008206426846427752,77.51711785807466,0,100,3.0,0,0.0003389674866268436
0.825,0.005350271385530505,77.5448517347519,0,100,3.0,0,0.0008881531634039905
0.83,0.01084668799215426,77.61080692902989,0,100,3.0,0,0.0021941966144532954
0.835,0.016256859896386415,77.75762785478521,0,100,3.0,0,0.005101541678915102
0.84,0.02345021205790711,78.06315289436618,0,100,3.0,0,0.0111515424626967
0.845,0.0330621597308209,78.65673830666799,0,100,3.0,0,0.022905709042930485
0.85,0.04559141319943196,79.73198134472196,0,100,3.0,0,0.04419765039053384
0.855,0.06149084917446989,81.54501227311613,0,100,3.0,0,0.08009925293299265
0.86,0.08111733445924295,84.38464209821635,0,100,3.0,0,0.1363295464993336
0.865,0.1046628598272375,88.50403246526267,0,100,3.0,0,0.2179016329754984
0.87,0.1320831047748631,94.01656472183686,0,100,3.0,0,0.3270606875611259
0.875,0.16303381314489318,100.77994101177725,0,100,3.0,0,0.46098893092628224
0.88,0.19682662652900276,108.31363751867889,0,100,3.0,0,0.6101710399738394
0.885,0.23241585813229,115.8015723972912,0,100,3.0,0,0.758446978164182
0.89,0.26842527782774417,122.21250830998903,0,100,3.0,0,0.8853962041581986
0.895,0.30321927900592993,126.52603826050846,0,100,3.0,0,0.9708126388219497
0.9,0.3350163137995362,128.0,0,100,3.0,0,1.0
0.905,0.3620352400956416,126.38406092367941,0,100,3.0,0,0.9680012064094934
0.91,0.3826586036805073,121.99556843228333,0,100,3.0,0,0.8811003649957097
0.915,0.39559233134833227,115.6266452242233,0,100,3.0,0,0.7549830737469959
0.92,0.4,108.32036261160054,0,100,3.0,0,0.6103042101307038
0.925,0.39559233134833227,101.10323179979561,0,100,3.0,0,0.4673907287088239
0.93,0.3826586036805073,94.76777473766506,0,100,3.0,0,0.34193613341911017
0.935,0.3620352400956416,89.76439299076465,0,100,3.0,0,0.24285926714385442
0.94,0.3350163137995362,86.20926627172703,0,100,3.0,0,0.17246071825202042
0.945,0.3032192790059296,83.97243167283402,0,100,3.0,0,0.12816696381849543
0.95,0.26842527782774417,82.7938264487047,0,100,3.0,0,0.10482824650900409
0.955,0.23241585813229,82.38399391622505,0,100,3.0,0,0.09671275081633765
0.96,0.19682662652900276,82.48788123894413,0,100,3.0,0,0.09876992552364607
0.965,0.16303381314489318,82.91091906123887,0,100,3.0,0,0.10714691210374003
0.97,0.13208310477486307,83.51852879694448,0,100,3.0,0,0.11917878805830653
0.975,0.10466285982723562,84.22272355972284,0,100,3.0,0,0.13312323880639282
0.98,0.08111733445917907,84.96617934772094,0,100,3.0,0,0.14784513559843443
0.985,0.06149084917398798,85.70924651097013,0,100,3.0,0,0.16255933685089372
0.99,0.04559141333598128,86.42147052118344,0,100,3.0,0,0.17666278259769183
0.995,0.03306217087257399,87.0770715748847,0,100,3.0,0,0.18964498168088512
1.0,0.02345067901074276,87.65314650117571,0,100,3.0,0,0.2010524059638755
1.005,0.016268788896435526,88.12943966856027,0,100,3.0,0,0.21048395383287657
1.01,0.011039026374860051,88.4888612734019,0,100,3.0,0,0.21760121333469098
1.015,0.007326255555493689,88.71824516685794,0,100,3.0,0,0.2221434686506523
1.02,0.0047556414315231815,88.80905557187164,0,100,3.0,0,0.2239416944925077
1.025,0.0030193390635632803,88.75788298162304,0,100,3.0,0,0.22292837587372358
1.03,0.001874953127946523,88.56664693700436,0,100,3.0,0,0.2191415235050369
1.035,0.0011387927410965778,88.24247373671773,0,100,3.0,0,0.21272225221223223
1.04,0.0006765107634274089,87.79725494129089,0,100,3.0,0,0.2039060384414037
1.045,0.00039307957404427924,87.24692328910454,0,100,3.0,0,0.19300838196246622
1.05,0.00022338910511776318,86.6105070604557,0,100,3.0,0,0.18040608040506342
1.055,0.00012417073320013317,85.90904096345788,0,100,3.0,0,0.16651566264273035
1.06,6.750753468904987e-05,85.1644201722591,0,100,3.0,0,0.1517706964803782
1.065,3.5897234866245036e-05,84.39828384642226,0,100,3.0,0,0.13659968012717347
1.07,1.8670050400879738e-05,83.63100589666291,0,100,3.0,0,0.12140605735966165
1.075,9.497421874143672e-06,82.8808554478679,0,100,3.0,0,0.10655159302708715
1.08,4.725434140340885e-06,82.16336957323678,0,100,3.0,0,0.09234395194528273
1.085,2.299606063738814e-06,81.49095896483546,0,100,3.0,0,0.07902889039278133
1.09,1.0945633976635486e-06,80.87274578396709,0,100,3.0,0,0.0667870452270711
1.095,5.095703414287532e-07,80.31461418365399,0,100,3.0,0,0.05573493432978192
1.1,2.3202944964797243e-07,79.81943952585937,0,100,3.0,0,0.0459294955615716
1.105,1.0333746954038608e-07,79.38745303383412,0,100,3.0,0,0.037375307600675645
1.11,4.501406988770349e-08,79.01669470924061,0,100,3.0,0,0.030033558598823968
1.115,0.0,78.70350835049594,0,100,3.0,0,0.023831848524672027
1.12,0.0,78.44303749859628,0,100,3.0,0,0.01867400987319372
1.125,0.0,78.22968889112258,0,100,3.0,0,0.014449284972724314
1.13,0.0,78.05753922233096,0,100,3.0,0,0.011040380640217014
1.135,0.0,77.92067047657592,0,100,3.0,0,0.008330108447047947
1.14,0.0,77.81342783305934,0,100,3.0,0,0.0062064917437492295
1.145,0.0,77.73060143463216,0,100,3.0,0,0.004566365042221053
1.15,0.0,77.66753878732776,0,100,3.0,0,0.0033175997490644984
1.155,0.0,77.62019811267334,0,100,3.0,0,0.0023801606469967484
1.16,0.0,77.58515474396656,0,100,3.0,0,0.0016862325537931723
1.165,0.0,77.55957293052953,0,100,3.0,0,0.001179661990683693
1.17,0.0,77.54115456349685,0,100,3.0,0,0.0008149418514226972
1.175,0.0,77.52807475357761,0,100,3.0,0,0.0005559357144081764
1.18,0.0,77.51891223363421,0,100,3.0,0,0.00037449967592496843
1.185,0.0,77.51258052061632,0,100,3.0,0,0.00024911922012524703
1.19,0.0,77.50826386704453,0,100,3.0,0,0.00016364093157491906
1.195,0.0,77.50536039689462,0,100,3.0,0,0.00010614647316071911
1.2,0.0,77.50343351928187,0,100,3.0,0,6.799048082911267e-05
1.205,0.0,77.50217175561201,0,100,3.0,1,4.30050616239779e-05
1.21,0.0,77.50135647355782,0,100,3.0,1,2.6860862531088745e-05
1.215,0.0,77.50083664386412,0,100,3.0,1,1.656720523007859e-05
1.22,0.0,77.50050956412707,0,100,3.0,1,1.0090378753888541e-05
1.225,0.0,77.50030646859729,0,100,3.0,1,6.068685094798711e-06
1.23,0.0,77.5001820128428,0,100,3.0,1,3.604214708898911e-06
1.235,0.0,77.50010674486768,0,100,3.0,1,2.1137597560248262e-06
1.24,0.0,77.50006181884571,0,100,3.0,1,1.2241355585785532e-06
1.245,0.0,77.50003535279038,0,100,3.0,1,7.000552549884965e-07
1.25,0.0,77.50001996436139,0,100,3.0,1,3.9533388881990153e-07
1.255,0.0,77.50001113309885,0,100,3.0,1,2.204574030039823e-07
1.26,0.0,77.50000613063735,0,100,3.0,1,1.2139875931358919e-07
1.265,0.0,77.5000033336815,0,100,3.0,1,6.601349514987828e-08
1.27,0.001684486749771458,77.50000179007613,0,100,3.0,1,3.544705200871285e-08
1.275,0.00456624331333666,77.50000094917833,0,100,3.0,1,1.8795610471762742e-08
1.28,0.011079731271581421,77.50000049699618,0,100,3.0,1,9.841508501429615e-09
1.285,0.024064571490409,77.50000025697283,0,100,3.0,1,5.088570796852755e-09
1.29,0.046784906529573234,77.50000013120497,0,100,3.0,1,2.59811822661054e-09
1.295,0.08141644351188804,77.50000006615188,0,100,3.0,1,1.3099382964481824e-09
1.3,0.12682276464025305,77.50000003293542,0,100,3.0,1,6.521864940290164e-10
1.305,0.1768320708657512,77.50000001619246,0,100,3.0,1,3.20642751074335e-10
1.31,0.22070063230473494,77.50000000786125,0,100,3.0,1,1.5566823517789575e-10
1.315,0.24656126505113576,77.50000000376876,0,100,3.0,1,7.462893669377658e-11
1.32,0.24656126505724016,77.50000000178417,0,100,3.0,1,3.533015464343785e-11
1.325,0.220700632329898,77.50000000083406,0,100,3.0,1,1.6516108612765068e-11
1.33,0.17683207093748562,77.50000000038503,0,100,3.0,1,7.624334607003625e-12
1.335,0.12682276483597799,77.50000000017552,0,100,3.0,1,3.4756092393556427e-12
1.34,0.08141644409447898,77.50000000007901,0,100,3.0,1,1.5646010339905572e-12
1.345,0.04678490952598309,77.50000000003512,0,100,3.0,1,6.953469703220624e-13
1.35,0.024064605020532023,77.50000000001542,0,100,3.0,1,3.0532232407909255e-13
1.355,0.011080171739334697,77.50000000000668,0,100,3.0,1,1.322594399236622e-13
1.36,0.004571212771509492,77.50000000000286,0,100,3.0,1,5.656201579714065e-14
1.365,0.0017299316936037438,77.50000000000121,0,100,3.0,1,2.3919260411726144e-14
1.37,0.0008899431850697582,77.5000000000005,0,100,3.0,1,9.849107228357824e-15
1.375,0.002128806368910263,77.50000000000021,0,100,3.0,1,4.221045955010496e-15
1.38,0.009309664818487698,77.50000000000009,0,100,3.0,1,1.6884183820041984e-15
1.385,0.03503263543368747,77.50000000000003,0,100,3.0,1,5.628061273347328e-16
1.39,0.10606267793605692,77.50000000000001,0,100,3.0,1,2.814030636673664e-16
1.395,0.25734927343160535,77.5,0,100,3.0,1,0.0
1.4,0.5003202479539708,77.5,0,100,3.0,1,0.0
1.405,0.7793067891790435,77.5,0,100,3.0,1,0.0
1.41,0.9720477407234077,77.50000295858096,1,100,3.0,1,5.85857616676936e-08
1.415,0.967267334488097,77.50000649780915,0,100,3.0,1,1.2866948817744662e-07
1.42,0.7505869905515209,77.50001571079831,0,100,3.0,1,3.111049170006436e-07
1.425,0.4028369574773956,77.50004401685699,0,100,3.0,1,8.716209304854448e-07
1.43,0.04553881263121314,77.50014199796655,0,100,3.0,1,2.8118409218087877e-06
1.435,-0.189138810908105,77.50049432191162,0,100,3.0,1,9.7885527052898e-06
1.44,-0.22868072635956738,77.50173211644027,0,100,3.0,1,3.42993354508107e-05
1.445,-0.14104670682394166,77.50584288582245,0,100,3.0,1,0.00011570070935536563
1.45,-0.051158381651102834,77.51854730297484,0,100,3.0,1,0.00036727332623441534
1.455,-0.008206426846427752,77.55481496280055,0,100,3.0,1,0.001085444807931663
1.46,0.005350271385530505,77.65008419708057,0,100,3.0,1,0.0029719642986252228
1.465,0.01084668799215426,77.87981851286148,0,100,3.0,1,0.00752115867052428
1.47,0.016256859896386415,78.38742298606793,0,100,3.0,1,0.017572732397384796
1.475,0.02345021205790711,79.41315942805718,0,100,3.0,1,0.03788434511004326
1.48,0.0330621597308209,81.30460163111171,0,100,3.0,1,0.0753386461606279
1.485,0.04559141319943196,84.47809489490693,0,100,3.0,1,0.1381800969288501
1.49,0.06149084917446989,89.30317826768169,0,100,3.0,1,0.23372630233033045
1.495,0.08111733445924295,95.91109716494718,0,100,3.0,1,0.36457618148410254
1.5,0.1046628598272375,103.98360250134391,0,100,3.0,1,0.5244277723038397
1.505,0.1320831047748631,112.63196549089727,0,100,3.0,1,0.6956824849682628
1.51,0.16303381314489318,120.48176915990015,0,100,3.0,1,0.851124141780201
1.515,0.19682662652900276,126.00411814452141,0,100,3.0,1,0.960477587020226
1.52,0.23241585813229,128.0,0,100,3.0,1,1.0
1.525,0.26842527782774417,126.03166825490115,0,100,3.0,1,0.9610231337604188
1.53,0.30321927900592993,120.59024835370354,0,100,3.0,1,0.8532722446277929
1.535,0.3350163137995362,112.91318697147013,0,100,3.0,1,0.7012512271578243
1.54,0.3620352400956416,104.54533238728061,0,100,3.0,1,0.5355511363817943
1.545,0.3826586036805073,96.85710937740994,0,100,3.0,1,0.38330909658237505
1.55,0.39559233134833227,90.72270386050883,0,100,3.0,1,0.2618357200100758
1.555,0.4,86.44535081746378,0,100,3.0,1,0.17713565975175793
1.56,0.39559233134833227,83.88417312505604,0,100,3.0,1,0.12641926980308985
1.565,0.3826586036805073,82.66571321886003,0,100,3.0,1,0.10229135086851553
1.57,0.3620352400956416,82.37202450792604,0,100,3.0,1,0.09647573283021865
1.575,0.3350163137995362,82.65192834843367,0,100,3.0,1,0.10201838313730041
1.58,0.3032192790059296,83.25634189984378,0,100,3.0,1,0.11398696831373813
1.585,0.26842527782774417,84.0264242558057,0,100,3.0,1,0.12923612387734046
1.59,0.23241585813229,84.86484526486245,0,100,3.0,1,0.1458385200962862
1.595,0.19682662652900276,85.70909511705845,0,100,3.0,1,0.16255633895165253
1.6,0.16303381314489318,86.51374059129739,0,100,3.0,1,0.17848991269895825
1.605,0.13208310477486307,87.24132622835091,0,100,3.0,1,0.19289754907625573
1.61,0.10466285982723562,87.85911768203138,0,100,3.0,1,0.20513104320854222
1.615,0.08111733445917907,88.33897458047528,0,100,3.0,1,0.2146331600094115
1.62,0.06149084917398798,88.65851542478347,0,100,3.0,1,0.22096070148086086
1.625,0.04559141333598128,88.80252600599808,0,100,3.0,1,0.22381239615837772
1.63,0.03306217087257399,88.76406271594287,0,100,3.0,1,0.22305074685035386
1.635,0.02345067901074276,88.5449807473852,0,100,3.0,1,0.21871249004723162
1.64,0.016268788896435526,88.15577906783629,0,100,3.0,1,0.21100552609576817
1.645,0.011039026374860051,87.61476482243962,0,100,3.0,1,0.20029237272157674
1.65,0.007326255555493689,86.94662571979583,0,100,3.0,1,0.18706189544150165
1.655,0.0047556414315231815,86.18056443389439,0,100,3.0,1,0.17189236502761168
1.66,0.0030193390635632803,85.34819090517139,0,100,3.0,1,0.15540972089448302
1.665,0.001874953127946523,84.48138340308783,0,100,3.0,1,0.13824521590272937
1.67,0.0011387927410965778,83.61031721315373,0,100,3.0,1,0.1209963804584898
1.675,0.0006765107634274089,82.7618245365926,0,100,3.0,1,0.10419454527906136
1.68,0.00039307957404427924,81.9581974975489,0,100,3.0,1,0.08828113856532464
1.685,0.00022338910511776318,81.21648669901883,0,100,3.0,1,0.07359379602017485
1.69,0.00012417073320013317,80.54828942211552,0,100,3.0,1,0.06036216677456468
1.695,6.750753468904987e-05,79.95997193468784,0,100,3.0,1,0.04871231553837313
1.7,3.5897234866245036e-05,79.45323475258576,0,100,3.0,1,0.038677915892787275
1.705,1.8670050400879738e-05,79.02591053115628,0,100,3.0,1,0.030216050121906632
1.71,9.497421874143672e-06,78.67288122682059,0,100,3.0,1,0.023225370828130552
1.715,4.725434140340885e-06,78.38701167635604,0,100,3.0,1,0.01756458765061463
1.72,2.299606063738814e-06,78.16001677799984,0,100,3.0,1,0.013069639168313722
1.725,1.0945633976635486e-06,77.98320447949557,0,100,3.0,1,0.009568405534565727
1.73,5.095703414287532e-07,77.84806252373428,0,100,3.0,1,0.0068923272026591076
1.735,2.3202944964797243e-07,77.74667998599702,0,100,3.0,1,0.0048847521979607815
1.74,1.0333746954038608e-07,77.6720128543322,0,100,3.0,1,0.0034061951352909866
1.745,4.501406988770349e-08,77.61801527615162,0,100,3.0,1,0.002336936161418297
1.75,0.0,77.5796646933126,0,100,3.0,1,0.0015775186794573105
1.755,0.0,77.5529107463042,0,100,3.0,1,0.0010477375505783498
1.76,0.0,77.53457579886194,0,100,3.0,1,0.000684669284394789
1.765,0.0,77.52223058524193,0,100,3.0,1,0.00044020960875105396
1.77,0.0,77.51406306247611,0,100,3.0,1,0.00027847648467547634
1.775,0.0,77.50875304685681,0,100,3.0,1,0.00017332766053089986
1.78,0.0,77.50536029803884,0,100,3.0,1,0.00010614451562054735
1.785,0.0,77.50322975038792,0,100,3.0,1,6.395545322606727e-05
1.79,0.0,77.501914693741,0,100,3.0,1,3.791472754455348e-05
1.795,0.0,77.50111681184963,0,100,3.0,1,2.211508613123163e-05
1.8,0.0,77.50064093065815,0,100,3.0,1,1.2691696200995961e-05
1.805,0.0,77.50036190319393,0,100,3.0,1,7.166399879875231e-06
1.81,0.0,77.50020105927997,0,100,3.0,1,3.981371880663213e-06
1.815,0.0,77.50010990214456,0,100,3.0,1,2.1762800902634618e-06
1.82,0.0,77.5000591069498,0,100,3.0,1,1.1704346496180103e-06
1.825,0.0,77.50003127672464,0,100,3.0,1,6.193410820062559e-07
1.83,0.001684486749771458,77.5000162837461,0,100,3.0,1,3.2245041794421114e-07
1.835,0.00456624331333666,77.50000834137632,0,100,3.0,1,1.651757686139006e-07
1.84,0.011079731271581421,77.50000420408458,0,100,3.0,1,8.324919951636469e-08
1.845,0.024064571490409,77.50000208475734,0,100,3.0,1,4.128232358378245e-08
1.85,0.046784906529573234,77.50000101716151,0,100,3.0,1,2.0141812055413483e-08
1.855,0.08141644351188804,77.50000048828643,0,100,3.0,1,9.669038252126268e-09
1.86,0.12682276464025305,77.50000023062678,0,100,3.0,1,4.5668669638034055e-09
1.865,0.1768320708657512,77.50000010717541,0,100,3.0,1,2.1222853441634805e-09
1.87,0.22070063230473494,77.50000004900393,0,100,3.0,1,9.703748475820447e-10
1.875,0.24656126505113576,77.50000002204536,0,100,3.0,1,4.365416982794402e-10
1.88,0.24656126505724016,77.50000000975783,0,100,3.0,1,1.9322428805494247e-10
1.885,0.220700632329898,77.50000000424953,0,100,3.0,1,8.414908374070725e-11
1.89,0.17683207093748562,77.50000000182087,0,100,3.0,1,3.605673735382699e-11
1.895,0.12682276483597799,77.50000000076766,0,100,3.0,1,1.5201112096247465e-11
1.9,0.08141644409447898,77.50000000031842,0,100,3.0,1,6.305398447594679e-12
1.905,0.04678490952598309,77.50000000012996,0,100,3.0,1,2.573431017238066e-12
1.91,0.024064605020532023,77.50000000005218,0,100,3.0,1,1.0333120497865694e-12
1.915,0.011080171739334697,77.50000000002062,0,100,3.0,1,4.0831584538134865e-13
1.92,0.004571212771509492,77.50000000000801,0,100,3.0,1,1.5871132790839464e-13
1.925,0.0017299316936037438,77.50000000000307,0,100,3.0,1,6.078306175215115e-14
1.93,0.0008899431850697582,77.50000000000115,0,100,3.0,1,2.279364815705668e-14
1.935,0.002128806368910263,77.50000000000043,0,100,3.0,1,8.442091910020992e-15
1.94,0.009309664818487698,77.50000000000016,0,100,3.0,1,3.0954337003410305e-15
1.945,0.03503263543368747,77.50000000000006,0,100,3.0,1,1.1256122546694657e-15
1.95,0.10606267793605692,77.50000000000001,0,100,3.0,1,2.814030636673664e-16
1.955,0.25734927343160535,77.5,0,100,3.0,1,0.0
1.96,0.5003202479539708,77.5,0,100,3.0,1,0.0
1.965,0.7793067891790435,77.5,0,100,3.0,1,0.0
1.97,0.9720477407234077,77.50000297973715,1,100,3.0,1,5.900469597627937e-08
1.975,0.967267334488097,77.50000723708847,0,100,3.0,1,1.4330868253583134e-07
1.98,0.7505869905515209,77.50002001837449,0,100,3.0,1,3.964034551519926e-07
1.985,0.4028369574773956,77.50006694939644,0,100,3.0,1,1.3257306225924449e-06
1.99,0.04553881263121314,77.50026060037405,0,100,3.0,1,5.1604034464986345e-06
1.995,-0.189138810908105,77.50106733889042,0,100,3.0,1,2.1135423572719214e-05
2.0,-0.22868072635956738,77.50424655315163,0,100,3.0,1,8.409016141844278e-05
2.005,-0.14104670682394166,77.51575017941248,0,100,3.0,1,0.00031188474084115563
2.01,-0.051158381651102834,77.5534826418345,0,100,3.0,1,0.001059062214544678
2.015,-0.008206426846427752,77.66501017465679,0,100,3.0,1,0.003267528211025457
2.02,0.005350271385530505,77.96106088555611,0,100,3.0,1,0.009129918525863529
2.025,0.01084668799215426,78.66498840728725,0,100,3.0,1,0.023069077372024828
2.03,0.016256859896386415,80.16014621890889,0,100,3.0,1,0.05267616275067113
2.035,0.02345021205790711,82.98741056454527,0,100,3.0,1,0.10866159533753013
2.04,0.0330621597308209,87.72440181574063,0,100,3.0,1,0.20246340229189375
2.045,0.04559141319943196,94.70622648833643,0,100,3.0,1,0.3407173562046817
2.05,0.06149084917446989,103.65191071702871,0,100,3.0,1,0.5178596181589844
2.055,0.08111733445924295,113.4008677975167,0,100,3.0,1,0.7109082732181524
2.06,0.1046628598272375,122.01749961027157,0,100,3.0,1,0.8815346457479519
2.065,0.1320831047748631,127.37320735406703,0,100,3.0,1,0.987588264436971
2.07,0.16303381314489318,128.0,0,100,3.0,1,1.0
2.075,0.19682662652900276,123.75648734248648,0,100,3.0,1,0.9159700463858709
2.08,0.23241585813229,115.89857246788875,0,100,3.0,1,0.7603677716413615
2.085,0.26842527782774417,106.50969653979104,0,100,3.0,1,0.5744494364315057
2.09,0.30321927900592993,97.64376058073063,0,100,3.0,1,0.3988863481332798
2.095,0.3350163137995362,90.65903813398302,0,100,3.0,1,0.26057501255411913
2.1,0.3620352400956416,86.01506438531412,0,100,3.0,1,0.16861513634285386
2.105,0.3826586036805073,83.47917414217639,0,100,3.0,1,0.11839948796388891
2.11,0.39559233134833227,82.49674207051957,0,100,3.0,1,0.09894538753504106
2.115,0.4,82.49817958352426,0,100,3.0,1,0.0989738531390943
2.12,0.39559233134833227,83.05007239462468,0,100,3.0,1,0.10990242365593422
2.125,0.3826586036805073,83.87578368056731,0,100,3.0,1,0.12625314218945166
2.13,0.3620352400956416,84.81380345069977,0,100,3.0,1,0.14482779110296565
2.135,0.3350163137995362,85.76779658174533,0,100,3.0,1,0.16371874419297683
2.14,0.3032192790059296,86.67184844008766,0,100,3.0,1,0.1816207611898546
2.145,0.26842527782774417,87.47313875135211,0,100,3.0,1,0.19748789606637843
2.15,0.23241585813229,88.12633333869115,0,100,3.0,1,0.21042244235031987
2.155,0.19682662652900276,88.59381423319475,0,100,3.0,1,0.21967948976623264
2.16,0.16303381314489318,88.84795635900169,0,100,3.0,1,0.22471200710894426
2.165,0.13208310477486307,88.87345600150226,0,100,3.0,1,0.22521695052479726
2.17,0.10466285982723562,88.66876217089471,0,100,3.0,1,0.22116360734444968
2.175,0.08111733445917907,88.24621171797565,0,100,3.0,1,0.21279627164308226
2.18,0.06149084917398798,87.63079423786489,0,100,3.0,1,0.20060978688841366
2.185,0.04559141333598128,86.85770496655505,0,100,3.0,1,0.1853010884466346
2.19,0.03306217087257399,85.9690160102425,0,100,3.0,1,0.1677032873315346
2.195,0.02345067901074276,85.00990271197692,0,100,3.0,1,0.1487109447916222
2.2,0.016268788896435526,84.02489338136556,0,100,3.0,1,0.12920580953199126
2.205,0.011039026374860051,83.05456789767435,0,100,3.0,1,0.10999144351830388
2.21,0.007326255555493689,82.13302764628874,0,100,3.0,1,0.09174312170868788
2.215,0.0047556414315231815,81.28631947492305,0,100,3.0,1,0.07497662326580291
2.22,0.0030193390635632803,80.53184762296321,0,100,3.0,1,0.06003658659333094
2.225,0.001874953127946523,79.87867570655591,0,100,3.0,1,0.047102489238730894
2.23,0.0011387927410965778,79.32852480221729,0,100,3.0,1,0.03620841192509481
2.235,0.0006765107634274089,78.87722286861909,0,100,3.0,1,0.02727173997265516
2.24,0.00039307957404427924,78.51635481060477,0,100,3.0,1,0.020125837833757765
2.245,0.00022338910511776318,78.23489318559248,0,100,3.0,1,0.014552340308762042
2.25,0.00012417073320013317,78.02064397281165,0,100,3.0,1,0.010309781639834752
2.255,6.750753468904987e-05,77.86140588623013,0,100,3.0,1,0.007156552202576843
2.26,3.5897234866245036e-05,77.74580309657692,0,100,3.0,1,0.004867388051028141
2.265,1.8670050400879738e-05,77.66380125672026,0,100,3.0,1,0.0032435892419853908
2.27,9.497421874143672e-06,77.60695100274675,0,100,3.0,1,0.002117841638549592
2.275,4.725434140340885e-06,77.56842113020001,0,100,3.0,1,0.001354873865346692
2.28,2.299606063738814e-06,77.54288776141823,0,100,3.0,1,0.0008492626023411557
2.285,1.0945633976635486e-06,77.52633990865071,0,100,3.0,1,0.0005215823495190519
2.29,5.095703414287532e-07,77.51585013268901,0,100,3.0,1,0.0003138640136437696
2.295,2.3202944964797243e-07,77.50934521487694,0,100,3.0,1,0.000185053759939493
2.3,1.0333746954038608e-07,77.50539862837142,0,100,3.0,1,0.00010690353210740193
2.305,4.501406988770349e-08,77.5030557324445,0,100,3.0,1,6.050955335632073e-05
2.31,0.0,77.50169466932981,0,100,3.0,1,3.355780851105163e-05
2.315,0.0,77.50092085736419,0,100,3.0,1,1.8234799290946223e-05
2.32,0.0,77.50049027247658,0,100,3.0,1,9.708365872925377e-06
2.325,0.0,77.5002557528089,0,100,3.0,1,5.0644120573685925e-06
2.33,0.001684486749771458,77.50013071970616,0,100,3.0,1,2.5885090329409486e-06
2.335,0.00456624331333666,77.50006546353681,0,100,3.0,1,1.2963076596748796e-06
2.34,0.011079731271581421,77.50003212148533,0,100,3.0,1,6.360690164937935e-07
2.345,0.024064571490409,77.50001544292367,0,100,3.0,1,3.0580046868770764e-07
2.35,0.046784906529573234,77.50000727446707,0,100,3.0,1,1.4404885279314965e-07
2.355,0.08141644351188804,77.50000335745801,0,100,3.0,1,6.64843170879706e-08
2.36,0.12682276464025305,77.50000151830055,0,100,3.0,1,3.006535742918792e-08
2.365,0.1768320708657512,77.5000006727329,0,100,3.0,1,1.3321443468679952e-08
2.37,0.22070063230473494,77.50000029205546,0,100,3.0,1,5.7832764495927194e-09
2.375,0.24656126505113576,77.50000012422979,0,100,3.0,1,2.4599957538553686e-09
2.38,0.24656126505724016,77.50000005177546,0,100,3.0,1,1.0252566056860275e-09
2.385,0.220700632329898,77.50000002114267,0,100,3.0,1,4.186666942722254e-10
2.39,0.17683207093748562,77.50000000845928,0,100,3.0,1,1.6751052030620953e-10
2.395,0.12682276483597799,77.50000000331623,0,100,3.0,1,6.566793753435296e-11
2.4,0.08141644409447898,77.50000000127378,0,100,3.0,1,2.522328220876072e-11
2.405,0.04678490952598309,77.50000000047937,0,100,3.0,1,9.49256954669127e-12
2.41,0.024064605020532023,77.50000000017677,0,100,3.0,2,3.5003727089583708e-12
2.415,0.011080171739334697,77.50000000006386,0,100,3.0,2,1.2646253681211446e-12
2.42,0.004571212771509492,77.50000000002261,0,100,3.0,2,4.4771227429478e-13
2.425,0.0017299316936037438,77.50000000000784,0,100,3.0,2,1.5533449114438627e-13
2.43,0.0008899431850697582,77.50000000000266,0,100,3.0,2,5.262237290579752e-14
2.435,0.002128806368910263,77.50000000000088,0,100,3.0,2,1.7446989947376717e-14
2.44,0.009309664818487698,77.50000000000028,0,100,3.0,2,5.6280612733473285e-15
2.445,0.03503263543368747,77.50000000000009,0,100,3.0,2,1.6884183820041984e-15
2.45,0.10606267793605692,77.50000000000003,0,100,3.0,2,5.628061273347328e-16
2.455,0.25734927343160535,77.50000000000001,0,100,3.0,2,2.814030636673664e-16
2.46,0.5003202479539708,77.5,0,100,3.0,2,0.0
2.465,0.7793067891790435,77.5,0,100,3.0,2,0.0
2.47,0.9720477407234077,77.50000295863553,1,100,3.0,2,5.8586842255458086e-08
2.475,0.967267334488097,77.50000589453069,0,100,3.0,2,1.1672337995159888e-07
2.48,0.7505869905515209,77.50001258016395,0,100,3.0,2,2.491121575071747e-07
2.485,0.4028369574773956,77.50002991887783,0,100,3.0,2,5.924530263079156e-07
2.49,0.04553881263121314,77.50008014574549,0,100,3.0,2,1.5870444650601604e-06
2.495,-0.189138810908105,77.50023413902163,0,100,3.0,2,4.636416269875662e-06
2.5,-0.22868072635956738,77.50070857773588,0,100,3.0,2,1.4031242294617421e-05
2.505,-0.14104670682394166,77.50212862812675,0,100,3.0,2,4.2151052014949724e-05
2.51,-0.051158381651102834,77.50618263287807,0,100,3.0,2,0.0001224283738230776
2.515,-0.008206426846427752,77.51711785807466,0,100,3.0,2,0.0003389674866268436
2.52,0.005350271385530505,77.5448517347519,0,100,3.0,2,0.0008881531634039905
2.525,0.01084668799215426,77.61080692902989,0,100,3.0,2,0.0021941966144532954
2.53,0.016256859896386415,77.75762785478521,0,100,3.0,2,0.005101541678915102
2.535,0.02345021205790711,78.06315289436618,0,100,3.0,2,0.0111515424626967
2.54,0.0330621597308209,78.65673830666799,0,100,3.0,2,0.022905709042930485
2.545,0.04559141319943196,79.73198134472196,0,100,3.0,2,0.04419765039053384
2.55,0.06149084917446989,81.54501227311613,0,100,3.0,2,0.08009925293299265
2.555,0.08111733445924295,84.38464209821635,0,100,3.0,2,0.1363295464993336
2.56,0.1046628598272375,88.50403246526267,0,100,3.0,2,0.2179016329754984
2.565,0.1320831047748631,94.01656472183686,0,100,3.0,2,0.3270606875611259
2.57,0.16303381314489318,100.77994101177725,0,100,3.0,2,0.46098893092628224
2.575,0.19682662652900276,108.31363751867889,0,100,3.0,2,0.6101710399738394
2.58,0.23241585813229,115.8015723972912,0,100,3.0,2,0.758446978164182
2.585,0.26842527782774417,122.21250830998903,0,100,3.0,2,0.8853962041581986
2.59,0.30321927900592993,126.52603826050846,0,100,3.0,2,0.9708126388219497
2.595,0.3350163137995362,128.0,0,100,3.0,2,1.0
2.6,0.3620352400956416,126.38406092367941,0,100,3.0,2,0.9680012064094934
2.605,0.3826586036805073,121.99556843228333,0,100,3.0,2,0.8811003649957097
2.61,0.39559233134833227,115.6266452242233,0,100,3.0,2,0.7549830737469959
2.615,0.4,108.32036261160054,0,100,3.0,2,0.6103042101307038
2.62,0.39559233134833227,101.10323179979561,0,100,3.0,2,0.4673907287088239
2.625,0.3826586036805073,94.76777473766506,0,100,3.0,2,0.34193613341911017
2.63,0.3620352400956416,89.76439299076465,0,100,3.0,2,0.24285926714385442
2.635,0.3350163137995362,86.20926627172703,0,100,3.0,2,0.17246071825202042
2.64,0.3032192790059296,83.97243167283402,0,100,3.0,2,0.12816696381849543
2.645,0.26842527782774417,82.7938264487047,0,100,3.0,2,0.10482824650900409
2.65,0.23241585813229,82.38399391622505,0,100,3.0,2,0.09671275081633765
2.655,0.19682662652900276,82.48788123894413,0,100,3.0,2,0.09876992552364607
2.66,0.16303381314489318,82.91091906123887,0,100,3.0,2,0.10714691210374003
2.665,0.13208310477486307,83.51852879694448,0,100,3.0,2,0.11917878805830653
2.67,0.10466285982723562,84.22272355972284,0,100,3.0,2,0.13312323880639282
2.675,0.08111733445917907,84.96617934772094,0,100,3.0,2,0.14784513559843443
2.68,0.06149084917398798,85.70924651097013,0,100,3.0,2,0.16255933685089372
2.685,0.04559141333598128,86.42147052118344,0,100,3.0,2,0.17666278259769183
2.69,0.03306217087257399,87.0770715748847,0,100,3.0,2,0.18964498168088512
2.695,0.02345067901074276,87.65314650117571,0,100,3.0,2,0.2010524059638755
2.7,0.016268788896435526,88.12943966856027,0,100,3.0,2,0.21048395383287657
2.705,0.011039026374860051,88.4888612734019,0,100,3.0,2,0.21760121333469098
2.71,0.007326255555493689,88.71824516685794,0,100,3.0,2,0.2221434686506523
2.715,0.0047556414315231815,88.80905557187164,0,100,3.0,2,0.2239416944925077
2.72,0.0030193390635632803,88.75788298162304,0,100,3.0,2,0.22292837587372358
2.725,0.001874953127946523,88.56664693700436,0,100,3.0,2,0.2191415235050369
2.73,0.0011387927410965778,88.24247373671773,0,100,3.0,2,0.21272225221223223
2.735,0.0006765107634274089,87.79725494129089,0,100,3.0,2,0.2039060384414037
2.74,0.00039307957404427924,87.24692328910454,0,100,3.0,2,0.19300838196246622
2.745,0.00022338910511776318,86.6105070604557,0,100,3.0,2,0.18040608040506342
2.75,0.00012417073320013317,85.90904096345788,0,100,3.0,2,0.16651566264273035
2.755,6.750753468904987e-05,85.1644201722591,0,100,3.0,2,0.1517706964803782
2.76,3.5897234866245036e-05,84.39828384642226,0,100,3.0,2,0.13659968012717347
2.765,1.8670050400879738e-05,83.63100589666291,0,100,3.0,2,0.12140605735966165
2.77,9.497421874143672e-06,82.8808554478679,0,100,3.0,2,0.10655159302708715
2.775,4.725434140340885e-06,82.16336957323678,0,100,3.0,2,0.09234395194528273
2.78,2.299606063738814e-06,81.49095896483546,0,100,3.0,2,0.07902889039278133
2.785,1.0945633976635486e-06,80.87274578396709,0,100,3.0,2,0.0667870452270711
2.79,5.095703414287532e-07,80.31461418365399,0,100,3.0,2,0.05573493432978192
2.795,2.3202944964797243e-07,79.81943952585937,0,100,3.0,2,0.0459294955615716
2.8,1.0333746954038608e-07,79.38745303383412,0,100,3.0,2,0.037375307600675645
2.805,4.501406988770349e-08,79.01669470924061,0,100,3.0,2,0.030033558598823968
2.81,0.0,78.70350835049594,0,100,3.0,2,0.023831848524672027
2.815,0.0,78.44303749859628,0,100,3.0,2,0.01867400987319372
2.82,0.0,78.22968889112258,0,100,3.0,2,0.014449284972724314
2.825,0.0,78.05753922233096,0,100,3.0,2,0.011040380640217014
2.83,0.0,77.92067047657592,0,100,3.0,2,0.008330108447047947
2.835,0.0,77.81342783305934,0,100,3.0,2,0.0062064917437492295
2.84,0.0,77.73060143463216,0,100,3.0,2,0.004566365042221053
2.845,0.0,77.66753878732776,0,100,3.0,2,0.0033175997490644984
2.85,0.0,77.62019811267334,0,100,3.0,2,0.0023801606469967484
2.855,0.0,77.58515474396656,0,100,3.0,2,0.0016862325537931723
2.86,0.0,77.55957293052953,0,100,3.0,2,0.001179661990683693
2.865,0.0,77.54115456349685,0,100,3.0,2,0.0008149418514226972
2.87,0.0,77.52807475357761,0,100,3.0,2,0.0005559357144081764
2.875,0.0,77.51891223363421,0,100,3.0,2,0.00037449967592496843
2.88,0.0,77.51258052061632,0,100,3.0,2,0.00024911922012524703
2.885,0.0,77.50826386704453,0,100,3.0,2,0.00016364093157491906
2.89,0.0,77.50536039689462,0,100,3.0,2,0.00010614647316071911
2.895,0.0,77.50343351928187,0,100,3.0,2,6.799048082911267e-05
2.9,0.0,77.50217175561201,0,100,3.0,2,4.30050616239779e-05
2.905,0.0,77.50135647355782,0,100,3.0,2,2.6860862531088745e-05
2.91,0.0,77.50083664386412,0,100,3.0,2,1.656720523007859e-05
2.915,0.0,77.50050956412707,0,100,3.0,2,1.0090378753888541e-05
2.92,0.0,77.50030646859729,0,100,3.0,2,6.068685094798711e-06
2.925,0.0,77.5001820128428,0,100,3.0,2,3.604214708898911e-06
2.93,0.0,77.50010674486768,0,100,3.0,2,2.1137597560248262e-06
2.935,0.0,77.50006181884571,0,100,3.0,2,1.2241355585785532e-06
2.94,0.0,77.50003535279038,0,100,3.0,2,7.000552549884965e-07
2.945,0.0,77.50001996436139,0,100,3.0,2,3.9533388881990153e-07
2.95,0.0,77.50001113309885,0,100,3.0,2,2.204574030039823e-07
2.955,0.0,77.50000613063735,0,100,3.0,2,1.2139875931358919e-07
2.96,0.0,77.5000033336815,0,100,3.0,2,6.601349514987828e-08
2.965,0.001684486749771458,77.50000179007613,0,100,3.0,2,3.544705200871285e-08
2.97,0.00456624331333666,77.50000094917833,0,100,3.0,2,1.8795610471762742e-08
2.975,0.011079731271581421,77.50000049699618,0,100,3.0,2,9.841508501429615e-09
2.98,0.024064571490409,77.50000025697283,0,100,3.0,2,5.088570796852755e-09
2.985,0.046784906529573234,77.50000013120497,0,100,3.0,2,2.59811822661054e-09
2.99,0.08141644351188804,77.50000006615188,0,100,3.0,2,1.3099382964481824e-09
2.995,0.12682276464025305,77.50000003293542,0,100,3.0,2,6.521864940290164e-10
3.0,0.1768320708657512,77.50000001619246,0,100,3.0,2,3.20642751074335e-10
3.005,0.22070063230473494,77.50000000786125,0,100,3.0,2,1.5566823517789575e-10
3.01,0.24656126505113576,77.50000000376876,0,100,3.0,2,7.462893669377658e-11
3.015,0.24656126505724016,77.50000000178417,0,100,3.0,2,3.533015464343785e-11
3.02,0.220700632329898,77.50000000083406,0,100,3.0,2,1.6516108612765068e-11
3.025,0.17683207093748562,77.50000000038503,0,100,3.0,2,7.624334607003625e-12
3.03,0.12682276483597799,77.50000000017552,0,100,3.0,2,3.4756092393556427e-12
3.035,0.08141644409447898,77.50000000007901,0,100,3.0,2,1.5646010339905572e-12
3.04,0.04678490952598309,77.50000000003512,0,100,3.0,2,6.953469703220624e-13
3.045,0.024064605020532023,77.50000000001542,0,100,3.0,2,3.0532232407909255e-13
3.05,0.011080171739334697,77.50000000000668,0,100,3.0,2,1.322594399236622e-13
3.055,0.004571212771509492,77.50000000000286,0,100,3.0,2,5.656201579714065e-14
3.06,0.0017299316936037438,77.50000000000121,0,100,3.0,2,2.3919260411726144e-14
3.065,0.0008899431850697582,77.5000000000005,0,100,3.0,2,9.849107228357824e-15
3.07,0.002128806368910263,77.50000000000021,0,100,3.0,2,4.221045955010496e-15
3.075,0.009309664818487698,77.50000000000009,0,100,3.0,2,1.6884183820041984e-15
3.08,0.03503263543368747,77.50000000000003,0,100,3.0,2,5.628061273347328e-16
3.085,0.10606267793605692,77.50000000000001,0,100,3.0,2,2.814030636673664e-16
3.09,0.25734927343160535,77.5,0,100,3.0,2,0.0
3.095,0.5003202479539708,77.5,0,100,3.0,2,0.0
3.1,0.7793067891790435,77.5,0,100,3.0,2,0.0
3.105,0.9720477407234077,77.50000296527844,1,100,3.0,2,5.871838496177858e-08
3.11,0.967267334488097,77.50000700645296,0,100,3.0,2,1.3874164279054685e-07
3.115,0.7505869905515209,77.50001866949647,0,100,3.0,2,3.696929993994033e-07
3.12,0.4028369574773956,77.50005945083912,0,100,3.0,2,1.1772443389584775e-06
3.125,0.04553881263121314,77.50021999882574,0,100,3.0,2,4.356412390923579e-06
3.13,-0.189138810908105,77.50086359407689,0,100,3.0,2,1.710087280969782e-05
3.135,-0.22868072635956738,77.50332633869756,0,100,3.0,2,6.586809302102845e-05
3.14,-0.14104670682394166,77.51204875046042,0,100,3.0,2,0.00023858911802817332
3.145,-0.051158381651102834,77.54025705190755,0,100,3.0,2,0.0007971693447038686
3.15,-0.008206426846427752,77.62303509149118,0,100,3.0,2,0.002436338445369808
3.155,0.005350271385530505,77.84269814607144,0,100,3.0,2,0.006786101902404783
3.16,0.01084668799215426,78.36850162670893,0,100,3.0,2,0.017198052014038293
3.165,0.016256859896386415,79.50109120486341,0,100,3.0,2,0.039625568413136913
3.17,0.02345021205790711,81.6902018193245,0,100,3.0,2,0.0829742934519703
3.175,0.0330621597308209,85.47245634088574,0,100,3.0,2,0.15787042259179687
3.18,0.04559141319943196,91.28156349234476,0,100,3.0,2,0.27290224737316354
3.185,0.06149084917446989,99.14406815206804,0,100,3.0,2,0.42859540895184245
3.19,0.08111733445924295,108.382822197554,0,100,3.0,2,0.6115410336149308
3.195,0.1046628598272375,117.53654143486888,0,100,3.0,2,0.7928028006904728
3.2,0.1320831047748631,124.66411210492427,0,100,3.0,2,0.9339428139588964
3.205,0.16303381314489318,128.0,0,100,3.0,2,1.0
3.21,0.19682662652900276,126.67170864118145,0,100,3.0,2,0.9736972008154743
3.215,0.23241585813229,121.08520651026575,0,100,3.0,2,0.8630733962428861
3.22,0.26842527782774417,112.74898901331807,0,100,3.0,2,0.6979997824419419
3.225,0.30321927900592993,103.64243283024122,0,100,3.0,2,0.5176719372324994
3.23,0.3350163137995362,95.4897324554285,0,100,3.0,2,0.3562323258500692
3.235,0.3620352400956416,89.29811604458322,0,100,3.0,2,0.23362606028877672
3.24,0.3826586036805073,85.29850850715897,0,100,3.0,2,0.15442591103285092
3.245,0.39559233134833227,83.18253963898181,0,100,3.0,2,0.11252553740558036
3.25,0.4,82.42347603714165,0,100,3.0,2,0.09749457499290404
3.255,0.39559233134833227,82.51675000537965,0,100,3.0,2,0.09934158426494354
3.26,0.3826586036805073,83.08767163801866,0,100,3.0,2,0.11064696312908243
3.265,0.3620352400956416,83.8978205453552,0,100,3.0,2,0.12668951574960796
3.27,0.3350163137995362,84.80637987492258,0,100,3.0,2,0.14468078960242742
3.275,0.3032192790059296,85.72767841740519,0,100,3.0,2,0.16292432509713242
3.28,0.26842527782774417,86.6021045588055,0,100,3.0,2,0.18023969423377215
3.285,0.23241585813229,87.38151142982161,0,100,3.0,2,0.19567349365983394
3.29,0.19682662652900276,88.02436528258878,0,100,3.0,2,0.20840327292255
3.295,0.16303381314489318,88.49584381987314,0,100,3.0,2,0.2177394815816464
3.3,0.13208310477486307,88.76975248418826,0,100,3.0,2,0.2231634155284804
3.305,0.10466285982723562,88.83057420039356,0,100,3.0,2,0.22436780594838726
3.31,0.08111733445917907,88.6748296681961,0,100,3.0,2,0.2212837558058633
3.315,0.06149084917398798,88.31138438289861,0,100,3.0,2,0.2140868194633388
3.32,0.04559141333598128,87.76060809277041,0,100,3.0,2,0.2031803582726814
3.325,0.03306217087257399,87.05248326941906,0,100,3.0,2,0.1891580845429516
3.33,0.02345067901074276,86.22390375393708,0,100,3.0,2,0.17275056938489267
3.335,0.016268788896435526,85.31550129752104,0,100,3.0,2,0.15476240193110966
3.34,0.011039026374860051,84.36837830081043,0,100,3.0,2,0.1360074911051571
3.345,0.007326255555493689,83.42110782121381,0,100,3.0,2,0.11724965982601603
3.35,0.0047556414315231815,82.50729439299111,0,100,3.0,2,0.0991543444156656
3.355,0.0030193390635632803,81.65388697691441,0,100,3.0,2,0.08225518766167143
3.36,0.001874953127946523,80.8803184807592,0,100,3.0,2,0.06693699961899406
3.365,0.0011387927410965778,80.19843497970795,0,100,3.0,2,0.05343435603382088
3.37,0.0006765107634274089,79.61308851802234,0,100,3.0,2,0.04184333699054133
3.375,0.00039307957404427924,79.12321039949006,0,100,3.0,2,0.032142780187922035
3.38,0.00022338910511776318,78.7231601872771,0,100,3.0,2,0.024220993807467374
3.385,0.00012417073320013317,78.40415575531765,0,100,3.0,2,0.017904074362725664
3.39,6.750753468904987e-05,78.15562357182725,0,100,3.0,2,0.012982644986678197
3.395,3.5897234866245036e-05,77.96635567064843,0,100,3.0,2,0.00923476575541437
3.4,1.8670050400879738e-05,77.82541034731804,0,100,3.0,2,0.006443769253822589
3.405,9.497421874143672e-06,77.72273929920736,0,100,3.0,2,0.004410679192224986
3.41,4.725434140340885e-06,77.64955940664728,0,100,3.0,2,0.0029615724088571235
3.415,2.299606063738814e-06,77.59851038402637,0,100,3.0,2,0.0019507006737894857
3.42,1.0945633976635486e-06,77.56365048024176,0,100,3.0,2,0.0012604055493418197
3.425,5.095703414287532e-07,77.54034342370706,0,100,3.0,2,0.0007988796773674656
3.43,2.3202944964797243e-07,77.52508390874634,0,100,3.0,2,0.0004967110642839413
3.435,0.001684486749771458,77.51529921215113,0,100,3.0,2,0.0003029546960620715
3.44,0.00456624331333666,77.50915365027589,0,100,3.0,2,0.00018126040150279847
3.445,0.011079731271581421,77.50537243238824,0,100,3.0,2,0.00010638479976716896
3.45,0.024064571490409,77.5030931358569,0,100,3.0,2,6.12502149881313e-05
3.455,0.046784906529573234,77.50174694175949,0,100,3.0,2,3.4592906128562676e-05
3.46,0.08141644351188804,77.50096785266774,0,100,3.0,2,1.9165399361225913e-05
3.465,0.12682276464025305,77.50052600693556,0,100,3.0,2,1.0415978921952442e-05
3.47,0.1768320708657512,77.50028043039491,0,100,3.0,2,5.553077126912943e-06
3.475,0.22070063230473494,77.50014665946307,0,100,3.0,2,2.904147783562558e-06
3.48,0.24656126505113576,77.5000752396024,0,100,3.0,2,1.4898931167431104e-06
3.485,0.24656126505724016,77.50003786467967,0,100,3.0,2,7.497956370107294e-07
3.49,0.220700632329898,77.500018692762,0,100,3.0,2,3.7015370292753533e-07
3.495,0.17683207093748562,77.50000905240674,0,100,3.0,2,1.7925557898760786e-07
3.5,0.12682276483597799,77.50000430037211,0,100,3.0,2,8.51558834008504e-08
3.505,0.08141644409447898,77.5000020040078,0,100,3.0,2,3.968332271367694e-08
3.51,0.04678490952598309,77.50000091610272,0,100,3.0,2,1.814064793651065e-08
3.515,0.024064605020532023,77.50000041080936,0,100,3.0,2,8.134838879522078e-09
3.52,0.011080171739334697,77.50000018071238,0,100,3.0,2,3.578462903335256e-09
3.525,0.004571212771509492,77.50000007798064,0,100,3.0,2,1.5441711715683064e-09
3.53,0.0017299316936037438,77.50000003300937,0,100,3.0,2,6.536509155723414e-10
3.535,0.0008899431850697582,77.5000000137069,0,100,3.0,2,2.714236668205306e-10
3.54,0.002128806368910263,77.50000000558332,0,100,3.0,2,1.1056073108733526e-10
3.545,0.009309664818487698,77.50000000223099,0,100,3.0,2,4.4178029771267186e-11
3.55,0.03503263543368747,77.50000000087448,0,100,3.0,2,1.731641892583506e-11
3.555,0.10606267793605692,77.50000000033624,0,100,3.0,2,6.658277889433557e-12
3.56,0.25734927343160535,77.50000000012683,0,100,3.0,2,2.511522343231245e-12
3.565,0.5003202479539708,77.50000000004692,0,100,3.0,2,9.29192916229644e-13
3.57,0.7793067891790435,77.50000000001704,0,100,3.0,2,3.3740227333717235e-13
3.575,0.9720477407234077,77.50000000000607,0,100,3.0,2,1.2015910818596546e-13
3.58,0.967267334488097,77.50000000000212,0,100,3.0,2,4.1929056486437595e-14
3.585,0.7505869905515209,77.50000000000072,0,100,3.0,2,1.4351556247035687e-14
3.59,0.4028369574773956,77.50000000000024,0,100,3.0,2,4.783852082345229e-15
3.595,0.04553881263121314,77.50000000000009,0,100,3.0,2,1.6884183820041984e-15
3.6,-0.189138810908105,77.50000000000003,0,100,3.0,2,5.628061273347328e-16
3.605,-0.22868072635956738,77.50000000000001,0,100,3.0,2,2.814030636673664e-16
3.61,-0.14104670682394166,77.5,0,100,3.0,2,0.0
3.615,-0.051158381651102834,77.5,0,100,3.0,3,0.0
3.62,-0.008206426846427752,77.50000296527844,1,100,3.0,3,5.871838496177858e-08
3.625,0.005350271385530505,77.50000700645296,0,100,3.0,3,1.3874164279054685e-07
3.63,0.01084668799215426,77.50001866949647,0,100,3.0,3,3.696929993994033e-07
3.635,0.016256859896386415,77.50005945083912,0,100,3.0,3,1.1772443389584775e-06
3.64,0.02345021205790711,77.50021999882574,0,100,3.0,3,4.356412390923579e-06
3.645,0.0330621597308209,77.50086359407689,0,100,3.0,3,1.710087280969782e-05
3.65,0.04559141319943196,77.50332633869756,0,100,3.0,3,6.586809302102845e-05
3.655,0.06149084917446989,77.51204875046042,0,100,3.0,3,0.00023858911802817332
3.66,0.08111733445924295,77.54025705190755,0,100,3.0,3,0.0007971693447038686
3.665,0.1046628598272375,77.62303509149118,0,100,3.0,3,0.002436338445369808
3.67,0.1320831047748631,77.84269814607144,0,100,3.0,3,0.006786101902404783
3.675,0.16303381314489318,78.36850162670893,0,100,3.0,3,0.017198052014038293
3.68,0.19682662652900276,79.50109120486341,0,100,3.0,3,0.039625568413136913
3.685,0.23241585813229,81.6902018193245,0,100,3.0,3,0.0829742934519703
3.69,0.26842527782774417,85.47245634088574,0,100,3.0,3,0.15787042259179687
3.695,0.30321927900592993,91.28156349234476,0,100,3.0,3,0.27290224737316354
3.7,0.3350163137995362,99.14406815206804,0,100,3.0,3,0.42859540895184245
3.705,0.3620352400956416,108.382822197554,0,100,3.0,3,0.6115410336149308
3.71,0.3826586036805073,117.53654143486888,0,100,3.0,3,0.7928028006904728
3.715,0.39559233134833227,124.66411210492427,0,100,3.0,3,0.9339428139588964
3.72,0.4,128.0,0,100,3.0,3,1.0
3.725,0.39559233134833227,126.67170864118145,0,100,3.0,3,0.9736972008154743
3.73,0.3826586036805073,121.08520651026575,0,100,3.0,3,0.8630733962428861
3.735,0.3620352400956416,112.74898901331807,0,100,3.0,3,0.6979997824419419
3.74,0.3350163137995362,103.64243283024122,0,100,3.0,3,0.5176719372324994
3.745,0.3032192790059296,95.4897324554285,0,100,3.0,3,0.3562323258500692
3.75,0.26842527782774417,89.29811604458322,0,100,3.0,3,0.23362606028877672
3.755,0.23241585813229,85.29850850715897,0,100,3.0,3,0.15442591103285092
3.76,0.19682662652900276,83.18253963898181,0,100,3.0,3,0.11252553740558036
3.765,0.16303381314489318,82.42347603714165,0,100,3.0,3,0.09749457499290404
3.77,0.13208310477486307,82.51675000537965,0,100,3.0,3,0.09934158426494354
3.775,0.10466285982723562,83.08767163801866,0,100,3.0,3,0.11064696312908243
3.78,0.08111733445917907,83.8978205453552,0,100,3.0,3,0.12668951574960796
3.785,0.06149084917398798,84.80637987492258,0,100,3.0,3,0.14468078960242742
3.79,0.04559141333598128,85.72767841740519,0,100,3.0,3,0.16292432509713242
3.795,0.03306217087257399,86.6021045588055,0,100,3.0,3,0.18023969423377215
3.8,0.02345067901074276,87.38151142982161,0,100,3.0,3,0.19567349365983394
3.805,0.016268788896435526,88.02436528258878,0,100,3.0,3,0.20840327292255
3.81,0.011039026374860051,88.49584381987314,0,100,3.0,3,0.2177394815816464
3.815,0.007326255555493689,88.76975248418826,0,100,3.0,3,0.2231634155284804
3.82,0.0047556414315231815,88.83057420039356,0,100,3.0,3,0.22436780594838726
3.825,0.0030193390635632803,88.6748296681961,0,100,3.0,3,0.2212837558058633
3.83,0.001874953127946523,88.31138438289861,0,100,3.0,3,0.2140868194633388
3.835,0.0011387927410965778,87.76060809277041,0,100,3.0,3,0.2031803582726814
3.84,0.0006765107634274089,87.05248326941906,0,100,3.0,3,0.1891580845429516
3.845,0.00039307957404427924,86.22390375393708,0,100,3.0,3,0.17275056938489267
3.85,0.00022338910511776318,85.31550129752104,0,100,3.0,3,0.15476240193110966
3.855,0.00012417073320013317,84.36837830081043,0,100,3.0,3,0.1360074911051571
3.86,6.750753468904987e-05,83.42110782121381,0,100,3.0,3,0.11724965982601603
3.865,3.5897234866245036e-05,82.50729439299111,0,100,3.0,3,0.0991543444156656
3.87,1.8670050400879738e-05,81.65388697691441,0,100,3.0,3,0.08225518766167143
3.875,9.497421874143672e-06,80.8803184807592,0,100,3.0,3,0.06693699961899406
3.88,4.725434140340885e-06,80.19843497970795,0,100,3.0,3,0.05343435603382088
3.885,2.299606063738814e-06,79.61308851802234,0,100,3.0,3,0.04184333699054133
3.89,1.0945633976635486e-06,79.12321039949006,0,100,3.0,3,0.032142780187922035
3.895,5.095703414287532e-07,78.7231601872771,0,100,3.0,3,0.024220993807467374
3.9,2.3202944964797243e-07,78.40415575531765,0,100,3.0,3,0.017904074362725664
3.905,1.0333746954038608e-07,78.15562357182725,0,100,3.0,3,0.012982644986678197
3.91,4.501406988770349e-08,77.96635567064843,0,100,3.0,3,0.00923476575541437
3.915,0.0,77.82541034731804,0,100,3.0,3,0.006443769253822589
3.92,0.0,77.72273929920736,0,100,3.0,3,0.004410679192224986
3.925,0.0,77.64955940664728,0,100,3.0,3,0.0029615724088571235
3.93,0.0,77.59851038402637,0,100,3.0,3,0.0019507006737894857
3.935,0.0,77.56365048024176,0,100,3.0,3,0.0012604055493418197
3.94,0.0,77.54034342370706,0,100,3.0,3,0.0007988796773674656
3.945,0.0,77.52508390874634,0,100,3.0,3,0.0004967110642839413
3.95,0.0,77.51529921215113,0,100,3.0,3,0.0003029546960620715
3.955,0.0,77.50915365027589,0,100,3.0,3,0.00018126040150279847
3.96,0.0,77.50537243238824,0,100,3.0,3,0.00010638479976716896
3.965,0.0,77.5030931358569,0,100,3.0,3,6.12502149881313e-05
3.97,0.0,77.50174694175949,0,100,3.0,3,3.4592906128562676e-05
3.975,0.0,77.50096785266774,0,100,3.0,3,1.9165399361225913e-05
3.98,0.0,77.50052600693556,0,100,3.0,3,1.0415978921952442e-05
3.985,0.0,77.50028043039491,0,100,3.0,3,5.553077126912943e-06
3.99,0.0,77.50014665946307,0,100,3.0,3,2.904147783562558e-06
3.995,0.001684486749771458,77.5000752396024,0,100,3.0,3,1.4898931167431104e-06
4.0,0.00456624331333666,77.50003786467967,0,100,3.0,3,7.497956370107294e-07
4.005,0.011079731271581421,77.500018692762,0,100,3.0,3,3.7015370292753533e-07
4.01,0.024064571490409,77.50000905240674,0,100,3.0,3,1.7925557898760786e-07
4.015,0.046784906529573234,77.50000430037211,0,100,3.0,3,8.51558834008504e-08
4.02,0.08141644351188804,77.5000020040078,0,100,3.0,3,3.968332271367694e-08
4.025,0.12682276464025305,77.50000091610272,0,100,3.0,3,1.814064793651065e-08
4.03,0.1768320708657512,77.50000041080936,0,100,3.0,3,8.134838879522078e-09
4.035,0.22070063230473494,77.50000018071238,0,100,3.0,3,3.578462903335256e-09
4.04,0.24656126505113576,77.50000007798064,0,100,3.0,3,1.5441711715683064e-09
4.045,0.24656126505724016,77.50000003300937,0,100,3.0,3,6.536509155723414e-10
4.05,0.220700632329898,77.5000000137069,0,100,3.0,3,2.714236668205306e-10
4.055,0.17683207093748562,77.50000000558332,0,100,3.0,3,1.1056073108733526e-10
4.06,0.12682276483597799,77.50000000223099,0,100,3.0,3,4.4178029771267186e-11
4.065,0.08141644409447898,77.50000000087448,0,100,3.0,3,1.731641892583506e-11
4.07,0.04678490952598309,77.50000000033624,0,100,3.0,3,6.658277889433557e-12
4.075,0.024064605020532023,77.50000000012683,0,100,3.0,3,2.511522343231245e-12
4.08,0.011080171739334697,77.50000000004692,0,100,3.0,3,9.29192916229644e-13
4.085,0.004571212771509492,77.50000000001704,0,100,3.0,3,3.3740227333717235e-13
4.09,0.0017299316936037438,77.50000000000607,0,100,3.0,3,1.2015910818596546e-13
4.095,0.0008899431850697582,77.50000000000212,0,100,3.0,3,4.1929056486437595e-14
4.1,0.002128806368910263,77.50000000000072,0,100,3.0,3,1.4351556247035687e-14
4.105,0.009309664818487698,77.50000000000024,0,100,3.0,3,4.783852082345229e-15
4.11,0.03503263543368747,77.50000000000009,0,100,3.0,3,1.6884183820041984e-15
4.115,0.10606267793605692,77.50000000000003,0,100,3.0,3,5.628061273347328e-16
4.12,0.25734927343160535,77.50000000000001,0,100,3.0,3,2.814030636673664e-16
4.125,0.5003202479539708,77.5,0,100,3.0,3,0.0
4.13,0.7793067891790435,77.5,0,100,3.0,3,0.0
4.135,0.9720477407234077,77.50000295863553,1,100,3.0,3,5.8586842255458086e-08
4.14,0.967267334488097,77.50000589453069,0,100,3.0,3,1.1672337995159888e-07
4.145,0.7505869905515209,77.50001258016395,0,100,3.0,3,2.491121575071747e-07
4.15,0.4028369574773956,77.50002991887783,0,100,3.0,3,5.924530263079156e-07
4.155,0.04553881263121314,77.50008014574549,0,100,3.0,3,1.5870444650601604e-06
4.16,-0.189138810908105,77.50023413902163,0,100,3.0,3,4.636416269875662e-06
4.165,-0.22868072635956738,77.50070857773588,0,100,3.0,3,1.4031242294617421e-05
4.17,-0.14104670682394166,77.50212862812675,0,100,3.0,3,4.2151052014949724e-05
4.175,-0.051158381651102834,77.50618263287807,0,100,3.0,3,0.0001224283738230776
4.18,-0.008206426846427752,77.51711785807466,0,100,3.0,3,0.0003389674866268436
4.185,0.005350271385530505,77.5448517347519,0,100,3.0,3,0.0008881531634039905
4.19,0.01084668799215426,77.61080692902989,0,100,3.0,3,0.0021941966144532954
4.195,0.016256859896386415,77.75762785478521,0,100,3.0,3,0.005101541678915102
4.2,0.02345021205790711,78.06315289436618,0,100,3.0,3,0.0111515424626967
4.205,0.0330621597308209,78.65673830666799,0,100,3.0,3,0.022905709042930485
4.21,0.04559141319943196,79.73198134472196,0,100,3.0,3,0.04419765039053384
4.215,0.06149084917446989,81.54501227311613,0,100,3.0,3,0.08009925293299265
4.22,0.08111733445924295,84.38464209821635,0,100,3.0,3,0.1363295464993336
4.225,0.1046628598272375,88.50403246526267,0,100,3.0,3,0.2179016329754984
4.23,0.1320831047748631,94.01656472183686,0,100,3.0,3,0.3270606875611259
4.235,0.16303381314489318,100.77994101177725,0,100,3.0,3,0.46098893092628224
4.24,0.19682662652900276,108.31363751867889,0,100,3.0,3,0.6101710399738394
4.245,0.23241585813229,115.8015723972912,0,100,3.0,3,0.758446978164182
4.25,0.26842527782774417,122.21250830998903,0,100,3.0,3,0.8853962041581986
4.255,0.30321927900592993,126.52603826050846,0,100,3.0,3,0.9708126388219497
4.26,0.3350163137995362,128.0,0,100,3.0,3,1.0
4.265,0.3620352400956416,126.38406092367941,0,100,3.0,3,0.9680012064094934
4.27,0.3826586036805073,121.99556843228333,0,100,3.0,3,0.8811003649957097
4.275,0.39559233134833227,115.6266452242233,0,100,3.0,3,0.7549830737469959
4.28,0.4,108.32036261160054,0,100,3.0,3,0.6103042101307038
4.285,0.39559233134833227,101.10323179979561,0,100,3.0,3,0.4673907287088239
4.29,0.3826586036805073,94.76777473766506,0,100,3.0,3,0.34193613341911017
4.295,0.3620352400956416,89.76439299076465,0,100,3.0,3,0.24285926714385442
4.3,0.3350163137995362,86.20926627172703,0,100,3.0,3,0.17246071825202042
4.305,0.3032192790059296,83.97243167283402,0,100,3.0,3,0.12816696381849543
4.31,0.26842527782774417,82.7938264487047,0,100,3.0,3,0.10482824650900409
4.315,0.23241585813229,82.38399391622505,0,100,3.0,3,0.09671275081633765
4.32,0.19682662652900276,82.48788123894413,0,100,3.0,3,0.09876992552364607
4.325,0.16303381314489318,82.91091906123887,0,100,3.0,3,0.10714691210374003
4.33,0.13208310477486307,83.51852879694448,0,100,3.0,3,0.11917878805830653
4.335,0.10466285982723562,84.22272355972284,0,100,3.0,3,0.13312323880639282
4.34,0.08111733445917907,84.96617934772094,0,100,3.0,3,0.14784513559843443
4.345,0.06149084917398798,85.70924651097013,0,100,3.0,3,0.16255933685089372
4.35,0.04559141333598128,86.42147052118344,0,100,3.0,3,0.17666278259769183
4.355,0.03306217087257399,87.0770715748847,0,100,3.0,3,0.18964498168088512
4.36,0.02345067901074276,87.65314650117571,0,100,3.0,3,0.2010524059638755
4.365,0.016268788896435526,88.12943966856027,0,100,3.0,3,0.21048395383287657
4.37,0.011039026374860051,88.4888612734019,0,100,3.0,3,0.21760121333469098
4.375,0.007326255555493689,88.71824516685794,0,100,3.0,3,0.2221434686506523
4.38,0.0047556414315231815,88.80905557187164,0,100,3.0,3,0.2239416944925077
4.385,0.0030193390635632803,88.75788298162304,0,100,3.0,3,0.22292837587372358
4.39,0.001874953127946523,88.56664693700436,0,100,3.0,3,0.2191415235050369
4.395,0.0011387927410965778,88.24247373671773,0,100,3.0,3,0.21272225221223223
4.4,0.0006765107634274089,87.79725494129089,0,100,3.0,3,0.2039060384414037
4.405,0.00039307957404427924,87.24692328910454,0,100,3.0,3,0.19300838196246622
4.41,0.00022338910511776318,86.6105070604557,0,100,3.0,3,0.18040608040506342
4.415,0.00012417073320013317,85.90904096345788,0,100,3.0,3,0.16651566264273035
4.42,6.750753468904987e-05,85.1644201722591,0,100,3.0,3,0.1517706964803782
4.425,3.5897234866245036e-05,84.39828384642226,0,100,3.0,3,0.13659968012717347
4.43,1.8670050400879738e-05,83.63100589666291,0,100,3.0,3,0.12140605735966165
4.435,9.497421874143672e-06,82.8808554478679,0,100,3.0,3,0.10655159302708715
4.44,4.725434140340885e-06,82.16336957323678,0,100,3.0,3,0.09234395194528273
4.445,2.299606063738814e-06,81.49095896483546,0,100,3.0,3,0.07902889039278133
4.45,1.0945633976635486e-06,80.87274578396709,0,100,3.0,3,0.0667870452270711
4.455,5.095703414287532e-07,80.31461418365399,0,100,3.0,3,0.05573493432978192
4.46,2.3202944964797243e-07,79.81943952585937,0,100,3.0,3,0.0459294955615716
4.465,1.0333746954038608e-07,79.38745303383412,0,100,3.0,3,0.037375307600675645
4.47,4.501406988770349e-08,79.01669470924061,0,100,3.0,3,0.030033558598823968
4.475,0.0,78.70350835049594,0,100,3.0,3,0.023831848524672027
4.48,0.0,78.44303749859628,0,100,3.0,3,0.01867400987319372
4.485,0.0,78.22968889112258,0,100,3.0,3,0.014449284972724314
4.49,0.0,78.05753922233096,0,100,3.0,3,0.011040380640217014
4.495,0.0,77.92067047657592,0,100,3.0,3,0.008330108447047947
4.5,0.0,77.81342783305934,0,100,3.0,3,0.0062064917437492295
4.505,0.0,77.73060143463216,0,100,3.0,3,0.004566365042221053
4.51,0.0,77.66753878732776,0,100,3.0,3,0.0033175997490644984
4.515,0.0,77.62019811267334,0,100,3.0,3,0.0023801606469967484
4.52,0.0,77.58515474396656,0,100,3.0,3,0.0016862325537931723
4.525,0.0,77.55957293052953,0,100,3.0,3,0.001179661990683693
4.53,0.0,77.54115456349685,0,100,3.0,3,0.0008149418514226972
4.535,0.0,77.52807475357761,0,100,3.0,3,0.0005559357144081764
4.54,0.0,77.51891223363421,0,100,3.0,3,0.00037449967592496843
4.545,0.0,77.51258052061632,0,100,3.0,3,0.00024911922012524703
4.55,0.0,77.50826386704453,0,100,3.0,3,0.00016364093157491906
4.555,0.0,77.50536039689462,0,100,3.0,3,0.00010614647316071911
4.56,0.0,77.50343351928187,0,100,3.0,3,6.799048082911267e-05
4.565,0.0,77.50217175561201,0,100,3.0,3,4.30050616239779e-05
4.57,0.0,77.50135647355782,0,100,3.0,3,2.6860862531088745e-05
4.575,0.0,77.50083664386412,0,100,3.0,3,1.656720523007859e-05
4.58,0.0,77.50050956412707,0,100,3.0,3,1.0090378753888541e-05
4.585,0.0,77.50030646859729,0,100,3.0,3,6.068685094798711e-06
4.59,0.0,77.5001820128428,0,100,3.0,3,3.604214708898911e-06
4.595,0.0,77.50010674486768,0,100,3.0,3,2.1137597560248262e-06
4.6,0.0,77.50006181884571,0,100,3.0,3,1.2241355585785532e-06
4.605,0.0,77.50003535279038,0,100,3.0,3,7.000552549884965e-07
4.61,0.0,77.50001996436139,0,100,3.0,3,3.9533388881990153e-07
4.615,0.0,77.50001113309885,0,100,3.0,3,2.204574030039823e-07
4.62,0.0,77.50000613063735,0,100,3.0,3,1.2139875931358919e-07
4.625,0.0,77.5000033336815,0,100,3.0,3,6.601349514987828e-08
4.63,0.001684486749771458,77.50000179007613,0,100,3.0,3,3.544705200871285e-08
4.635,0.00456624331333666,77.50000094917833,0,100,3.0,3,1.8795610471762742e-08
4.64,0.011079731271581421,77.50000049699618,0,100,3.0,3,9.841508501429615e-09
4.645,0.024064571490409,77.50000025697283,0,100,3.0,3,5.088570796852755e-09
4.65,0.046784906529573234,77.50000013120497,0,100,3.0,3,2.59811822661054e-09
4.655,0.08141644351188804,77.50000006615188,0,100,3.0,3,1.3099382964481824e-09
4.66,0.12682276464025305,77.50000003293542,0,100,3.0,3,6.521864940290164e-10
4.665,0.1768320708657512,77.50000001619246,0,100,3.0,3,3.20642751074335e-10
4.67,0.22070063230473494,77.50000000786125,0,100,3.0,3,1.5566823517789575e-10
4.675,0.24656126505113576,77.50000000376876,0,100,3.0,3,7.462893669377658e-11
4.68,0.24656126505724016,77.50000000178417,0,100,3.0,3,3.533015464343785e-11
4.685,0.220700632329898,77.50000000083406,0,100,3.0,3,1.6516108612765068e-11
4.69,0.17683207093748562,77.50000000038503,0,100,3.0,3,7.624334607003625e-12
4.695,0.12682276483597799,77.50000000017552,0,100,3.0,3,3.4756092393556427e-12
4.7,0.08141644409447898,77.50000000007901,0,100,3.0,3,1.5646010339905572e-12
4.705,0.04678490952598309,77.50000000003512,0,100,3.0,3,6.953469703220624e-13
4.71,0.024064605020532023,77.50000000001542,0,100,3.0,3,3.0532232407909255e-13
4.715,0.011080171739334697,77.50000000000668,0,100,3.0,3,1.322594399236622e-13
4.72,0.004571212771509492,77.50000000000286,0,100,3.0,3,5.656201579714065e-14
4.725,0.0017299316936037438,77.50000000000121,0,100,3.0,3,2.3919260411726144e-14
4.73,0.0008899431850697582,77.5000000000005,0,100,3.0,3,9.849107228357824e-15
4.735,0.002128806368910263,77.50000000000021,0,100,3.0,3,4.221045955010496e-15
4.74,0.009309664818487698,77.50000000000009,0,100,3.0,3,1.6884183820041984e-15
4.745,0.03503263543368747,77.50000000000003,0,100,3.0,3,5.628061273347328e-16
4.75,0.10606267793605692,77.50000000000001,0,100,3.0,3,2.814030636673664e-16
4.755,0.25734927343160535,77.5,0,100,3.0,3,0.0
4.76,0.5003202479539708,77.5,0,100,3.0,3,0.0
4.765,0.7793067891790435,77.5,0,100,3.0,3,0.0
4.77,0.9720477407234077,77.5000029768749,1,100,3.0,3,5.8948017741016935e-08
4.775,0.967267334488097,77.50000639791868,0,100,3.0,3,1.2669145904861705e-07
4.78,0.7505869905515209,77.50001503914727,0,100,3.0,3,2.978048964657976e-07
4.785,0.4028369574773956,77.5000405977313,0,100,3.0,3,8.039154712749602e-07
4.79,0.04553881263121314,77.50012568133535,0,100,3.0,3,2.488739313818796e-06
4.795,-0.189138810908105,77.50042139469598,0,100,3.0,3,8.344449425278683e-06
4.8,-0.22868072635956738,77.50143220973679,0,100,3.0,3,2.8360588847345023e-05
4.805,-0.14104670682394166,77.5047186192955,0,100,3.0,3,9.343800585153338e-05
4.81,-0.051158381651102834,77.51471703980556,0,100,3.0,3,0.0002914265308031825
4.815,-0.008206426846427752,77.54295938552251,0,100,3.0,3,0.0008506809014357997
4.82,0.005350271385530505,77.6167303530177,0,100,3.0,4,0.002311492138964373
4.825,0.01084668799215426,77.79449447378158,0,100,3.0,4,0.005831573738249171
4.83,0.016256859896386415,78.1889498680611,0,100,3.0,4,0.013642571644774282
4.835,0.02345021205790711,78.9936054602403,0,100,3.0,4,0.029576345747332738
4.84,0.0330621597308209,80.4996856165681,0,100,3.0,4,0.059399715179566354
4.845,0.04559141319943196,83.07993103850617,0,100,3.0,4,0.11049368393081534
4.85,0.06149084917446989,87.11287313371587,0,100,3.0,4,0.19035392343991814
4.855,0.08111733445924295,92.83655963825184,0,100,3.0,4,0.3036942502624127
4.86,0.1046628598272375,100.1592760486476,0,100,3.0,4,0.44869853561678413
4.865,0.1320831047748631,108.50359714416015,0,100,3.0,4,0.6139326167160426
4.87,0.16303381314489318,116.78654847688122,0,100,3.0,4,0.777951454987747
4.875,0.19682662652900276,123.60821001847575,0,100,3.0,4,0.913033861751995
4.88,0.23241585813229,127.62847233815549,0,100,3.0,4,0.9926430165971384
4.885,0.26842527782774417,128.0,0,100,3.0,4,1.0
4.89,0.30321927900592993,124.66760400991004,0,100,3.0,4,0.934011960592278
4.895,0.3350163137995362,118.39038146372059,0,100,3.0,4,0.8097105240340711
4.9,0.3620352400956416,110.47562935409675,0,100,3.0,4,0.6529827594870644
4.905,0.3826586036805073,102.35298204453142,0,100,3.0,4,0.4921382583075528
4.91,0.39559233134833227,95.17874322086946,0,100,3.0,4,0.35007412318553394
4.915,0.4,89.61569511522995,0,100,3.0,4,0.23991475475702878
4.92,0.39559233134833227,85.82517009686714,0,100,3.0,4,0.16485485340330971
4.925,0.3826586036805073,83.6090618349903,0,100,3.0,4,0.12097152148495643
4.93,0.3620352400956416,82.59933730320935,0,100,3.0,4,0.1009769763011753
4.935,0.3350163137995362,82.41268319594003,0,100,3.0,4,0.09728085536514917
4.94,0.3032192790059296,82.73585255051967,0,100,3.0,4,0.10368024852514192
4.945,0.26842527782774417,83.34863649182353,0,100,3.0,4,0.11581458399650547
4.95,0.23241585813229,84.11012510513392,0,100,3.0,4,0.1308935664382954
4.955,0.19682662652900276,84.93289016428321,0,100,3.0,4,0.14718594384719225
4.96,0.16303381314489318,85.75985479737454,0,100,3.0,4,0.1635614811361296
4.965,0.13208310477486307,86.54900938892803,0,100,3.0,4,0.17918830473124805
4.97,0.10466285982723562,87.2655137876512,0,100,3.0,4,0.19337651064655845
4.975,0.08111733445917907,87.87880541393756,0,100,3.0,4,0.2055208992858922
4.98,0.06149084917398798,88.36243221298648,0,100,3.0,4,0.21509766758389062
4.985,0.04559141333598128,88.69504827525046,0,100,3.0,4,0.2216841242623853
4.99,0.03306217087257399,88.86166481029888,0,100,3.0,4,0.22498346159007676
4.995,0.02345067901074276,88.85467214111144,0,100,3.0,4,0.22484499289329576
5.0,0.016268788896435526,88.67438787319062,0,100,3.0,4,0.22127500738991338
5.005,0.011039026374860051,88.32902560186928,0,100,3.0,4,0.21443615053206486
5.01,0.007326255555493689,87.834072636083,0,100,3.0,4,0.20463510170461374
5.015,0.0047556414315231815,87.21113807884366,0,100,3.0,4,0.19229976393749823
5.02,0.0030193390635632803,86.48638950473932,0,100,3.0,4,0.177948307024541
5.025,0.001874953127946523,85.68873539894074,0,100,3.0,4,0.16215317621664824
5.03,0.0011387927410965778,84.84792859716677,0,100,3.0,4,0.14550353657755982
5.035,0.0006765107634274089,83.99276234682259,0,100,3.0,4,0.12856955142222945
5.04,0.00039307957404427924,83.14950732513329,0,100,3.0,4,0.11187143218085714
5.045,0.00022338910511776318,82.34069963296807,0,100,3.0,4,0.0958554382765954
5.05,0.00012417073320013317,81.58434279250736,0,100,3.0,4,0.08087807509915558
5.055,6.750753468904987e-05,80.89353805575186,0,100,3.0,4,0.06719877338122497
5.06,3.5897234866245036e-05,80.27651326693037,0,100,3.0,4,0.05498046073129437
5.065,1.8670050400879738e-05,79.73698603104926,0,100,3.0,4,0.04429675309008427
5.07,9.497421874143672e-06,79.27477491320202,0,100,3.0,4,0.03514405768716877
5.075,4.725434140340885e-06,78.88656355336967,0,100,3.0,4,0.027456704027122157
5.08,2.299606063738814e-06,78.56672572691414,0,100,3.0,4,0.02112328172107214
5.085,1.0945633976635486e-06,78.30813189638289,0,100,3.0,4,0.01600261180956216
5.09,5.095703414287532e-07,78.10287630828009,0,100,3.0,4,0.011938144718417582
5.095,2.3202944964797243e-07,77.94288469900617,0,100,3.0,4,0.008769994039726167
5.1,1.0333746954038608e-07,77.82038311916784,0,100,3.0,4,0.0063442201815414505
5.105,4.501406988770349e-08,77.72822597134211,0,100,3.0,4,0.004519326165190349
5.11,0.0,77.66009471412842,0,100,3.0,4,0.0031701923589786034
5.115,0.0,77.61058733996865,0,100,3.0,4,0.0021898483162108096
5.12,0.0,77.57522294299544,0,100,3.0,4,0.0014895632276324417
5.125,0.0,77.55038621312866,0,100,3.0,4,0.0009977467946269503
5.13,0.0,77.53323453510313,0,100,3.0,4,0.0006581096060026449
5.135,0.0,77.52158658720883,0,100,3.0,4,0.0004274571724520814
5.14,0.0,77.51380685790998,0,100,3.0,4,0.0002734031269303704
5.145,0.0,77.5086960537223,0,100,3.0,4,0.0001721990836099709
5.15,0.0,77.50539344261945,0,100,3.0,4,0.00010680084394950859
5.155,0.0,77.50329402128571,0,100,3.0,4,6.522814427151136e-05
5.16,0.0,77.50198108554771,0,100,3.0,4,3.922941678637255e-05
5.165,0.0,77.50117326616962,0,100,3.0,4,2.323299345773806e-05
5.17,0.0,77.50068423668777,0,100,3.0,4,1.3549241342076076e-05
5.175,0.0,77.5003929458036,0,100,3.0,4,7.781105021721677e-06
5.18,0.0,77.50022221606024,0,100,3.0,4,4.400318024499038e-06
5.185,0.0,77.5001237470122,0,100,3.0,4,2.4504358850775826e-06
5.19,0.0,77.5000678594742,0,100,3.0,4,1.3437519643534554e-06
5.195,0.0,77.50003664398938,0,100,3.0,4,7.256235519862727e-07
5.2,0.0,77.50001948549742,0,100,3.0,4,3.858514340249307e-07
5.205,0.001684486749771458,77.50001020320788,0,100,3.0,4,2.0204372036811162e-07
5.21,0.00456624331333666,77.50000526112309,0,100,3.0,4,1.0418065530171985e-07
5.215,0.011079731271581421,77.50000267138621,0,100,3.0,4,5.289873688480379e-08
5.22,0.024064571490409,77.50000133570758,0,100,3.0,4,2.6449655051422243e-08
5.225,0.046784906529573234,77.50000065766176,0,100,3.0,4,1.3023005107747354e-08
5.23,0.08141644351188804,77.5000003188675,0,100,3.0,4,6.3142080519058494e-09
5.235,0.12682276464025305,77.500000152242,0,100,3.0,4,3.0146929705074623e-09
5.24,0.1768320708657512,77.50000007157726,0,100,3.0,4,1.4173715138859185e-09
5.245,0.22070063230473494,77.50000003313846,0,100,3.0,4,6.562071810026957e-10
5.25,0.24656126505113576,77.50000001510796,0,100,3.0,4,2.991674762705599e-10
5.255,0.24656126505724016,77.5000000067826,0,100,3.0,4,1.3430889843635165e-10
5.26,0.220700632329898,77.50000000299849,0,100,3.0,4,5.937604643381431e-11
5.265,0.17683207093748562,77.50000000130535,0,100,3.0,4,2.584855981622961e-11
5.27,0.12682276483597799,77.50000000055958,0,100,3.0,4,1.1080808438029887e-11
5.275,0.08141644409447898,77.50000000023623,0,100,3.0,4,4.677763127342632e-12
5.28,0.04678490952598309,77.5000000000982,0,100,3.0,4,1.944495169941502e-12
5.285,0.024064605020532023,77.50000000004019,0,100,3.0,4,7.958078640513122e-13
5.29,0.011080171739334697,77.5000000000162,0,100,3.0,4,3.207994925807977e-13
5.295,0.004571212771509492,77.50000000000644,0,100,3.0,4,1.27475587841317e-13
5.3,0.0017299316936037438,77.50000000000252,0,100,3.0,4,4.9808342269123855e-14
5.305,0.0008899431850697582,77.50000000000097,0,100,3.0,4,1.9135408329380917e-14
5.31,0.002128806368910263,77.50000000000037,0,100,3.0,4,7.316479655351527e-15
5.315,0.009309664818487698,77.50000000000014,0,100,3.0,4,2.8140306366736642e-15
5.32,0.03503263543368747,77.50000000000004,0,100,3.0,4,8.442091910020992e-16
5.325,0.10606267793605692,77.50000000000001,0,100,3.0,4,2.814030636673664e-16
5.33,0.25734927343160535,77.5,0,100,3.0,4,0.0
5.335,0.5003202479539708,77.5,0,100,3.0,4,0.0
5.34,0.7793067891790435,77.5,0,100,3.0,4,0.0
5.345,0.9720477407234077,77.50000297973715,1,100,3.0,4,5.900469597627937e-08
5.35,0.967267334488097,77.50000723708847,0,100,3.0,4,1.4330868253583134e-07
5.355,0.7505869905515209,77.50002001837449,0,100,3.0,4,3.964034551519926e-07
5.36,0.4028369574773956,77.50006694939644,0,100,3.0,4,1.3257306225924449e-06
5.365,0.04553881263121314,77.50026060037405,0,100,3.0,4,5.1604034464986345e-06
5.37,-0.189138810908105,77.50106733889042,0,100,3.0,4,2.1135423572719214e-05
5.375,-0.22868072635956738,77.50424655315163,0,100,3.0,4,8.409016141844278e-05
5.38,-0.14104670682394166,77.51575017941248,0,100,3.0,4,0.00031188474084115563
5.385,-0.051158381651102834,77.5534826418345,0,100,3.0,4,0.001059062214544678
5.39,-0.008206426846427752,77.66501017465679,0,100,3.0,4,0.003267528211025457
5.395,0.005350271385530505,77.96106088555611,0,100,3.0,4,0.009129918525863529
5.4,0.01084668799215426,78.66498840728725,0,100,3.0,4,0.023069077372024828
5.405,0.016256859896386415,80.16014621890889,0,100,3.0,4,0.05267616275067113
5.41,0.02345021205790711,82.98741056454527,0,100,3.0,4,0.10866159533753013
5.415,0.0330621597308209,87.72440181574063,0,100,3.0,4,0.20246340229189375
5.42,0.04559141319943196,94.70622648833643,0,100,3.0,4,0.3407173562046817
5.425,0.06149084917446989,103.65191071702871,0,100,3.0,4,0.5178596181589844
5.43,0.08111733445924295,113.4008677975167,0,100,3.0,4,0.7109082732181524
5.435,0.1046628598272375,122.01749961027157,0,100,3.0,4,0.8815346457479519
5.44,0.1320831047748631,127.37320735406703,0,100,3.0,4,0.987588264436971
5.445,0.16303381314489318,128.0,0,100,3.0,4,1.0
5.45,0.19682662652900276,123.75648734248648,0,100,3.0,4,0.9159700463858709
5.455,0.23241585813229,115.89857246788875,0,100,3.0,4,0.7603677716413615
5.46,0.26842527782774417,106.50969653979104,0,100,3.0,4,0.5744494364315057
5.465,0.30321927900592993,97.64376058073063,0,100,3.0,4,0.3988863481332798
5.47,0.3350163137995362,90.65903813398302,0,100,3.0,4,0.26057501255411913
5.475,0.3620352400956416,86.01506438531412,0,100,3.0,4,0.16861513634285386
5.48,0.3826586036805073,83.47917414217639,0,100,3.0,4,0.11839948796388891
5.485,0.39559233134833227,82.49674207051957,0,100,3.0,4,0.09894538753504106
5.49,0.4,82.49817958352426,0,100,3.0,4,0.0989738531390943
5.495,0.39559233134833227,83.05007239462468,0,100,3.0,4,0.10990242365593422
5.5,0.3826586036805073,83.87578368056731,0,100,3.0,4,0.12625314218945166
5.505,0.3620352400956416,84.81380345069977,0,100,3.0,4,0.14482779110296565
5.51,0.3350163137995362,85.76779658174533,0,100,3.0,4,0.16371874419297683
5.515,0.3032192790059296,86.67184844008766,0,100,3.0,4,0.1816207611898546
5.52,0.26842527782774417,87.47313875135211,0,100,3.0,4,0.19748789606637843
5.525,0.23241585813229,88.12633333869115,0,100,3.0,4,0.21042244235031987
5.53,0.19682662652900276,88.59381423319475,0,100,3.0,4,0.21967948976623264
5.535,0.16303381314489318,88.84795635900169,0,100,3.0,4,0.22471200710894426
5.54,0.13208310477486307,88.87345600150226,0,100,3.0,4,0.22521695052479726
5.545,0.10466285982723562,88.66876217089471,0,100,3.0,4,0.22116360734444968
5.55,0.08111733445917907,88.24621171797565,0,100,3.0,4,0.21279627164308226
5.555,0.06149084917398798,87.63079423786489,0,100,3.0,4,0.20060978688841366
5.56,0.04559141333598128,86.85770496655505,0,100,3.0,4,0.1853010884466346
5.565,0.03306217087257399,85.9690160102425,0,100,3.0,4,0.1677032873315346
5.57,0.02345067901074276,85.00990271197692,0,100,3.0,4,0.1487109447916222
5.575,0.016268788896435526,84.02489338136556,0,100,3.0,4,0.12920580953199126
5.58,0.011039026374860051,83.05456789767435,0,100,3.0,4,0.10999144351830388
5.585,0.007326255555493689,82.13302764628874,0,100,3.0,4,0.09174312170868788
5.59,0.0047556414315231815,81.28631947492305,0,100,3.0,4,0.07497662326580291
5.595,0.0030193390635632803,80.53184762296321,0,100,3.0,4,0.06003658659333094
5.6,0.001874953127946523,79.87867570655591,0,100,3.0,4,0.047102489238730894
5.605,0.0011387927410965778,79.32852480221729,0,100,3.0,4,0.03620841192509481
5.61,0.0006765107634274089,78.87722286861909,0,100,3.0,4,0.02727173997265516
5.615,0.00039307957404427924,78.51635481060477,0,100,3.0,4,0.020125837833757765
5.62,0.00022338910511776318,78.23489318559248,0,100,3.0,4,0.014552340308762042
5.625,0.00012417073320013317,78.02064397281165,0,100,3.0,4,0.010309781639834752
5.63,6.750753468904987e-05,77.86140588623013,0,100,3.0,4,0.007156552202576843
5.635,3.5897234866245036e-05,77.74580309657692,0,100,3.0,4,0.004867388051028141
5.64,1.8670050400879738e-05,77.66380125672026,0,100,3.0,4,0.0032435892419853908
5.645,9.497421874143672e-06,77.60695100274675,0,100,3.0,4,0.002117841638549592
5.65,4.725434140340885e-06,77.56842113020001,0,100,3.0,4,0.001354873865346692
5.655,2.299606063738814e-06,77.54288776141823,0,100,3.0,4,0.0008492626023411557
5.66,1.0945633976635486e-06,77.52633990865071,0,100,3.0,4,0.0005215823495190519
5.665,5.095703414287532e-07,77.51585013268901,0,100,3.0,4,0.0003138640136437696
5.67,2.3202944964797243e-07,77.50934521487694,0,100,3.0,4,0.000185053759939493
5.675,1.0333746954038608e-07,77.50539862837142,0,100,3.0,4,0.00010690353210740193
5.68,4.501406988770349e-08,77.5030557324445,0,100,3.0,4,6.050955335632073e-05
5.685,0.0,77.50169466932981,0,100,3.0,4,3.355780851105163e-05
5.69,0.0,77.50092085736419,0,100,3.0,4,1.8234799290946223e-05
5.695,0.0,77.50049027247658,0,100,3.0,4,9.708365872925377e-06
5.7,0.0,77.5002557528089,0,100,3.0,4,5.0644120573685925e-06
5.705,0.001684486749771458,77.50013071970616,0,100,3.0,4,2.5885090329409486e-06
5.71,0.00456624331333666,77.50006546353681,0,100,3.0,4,1.2963076596748796e-06
5.715,0.011079731271581421,77.50003212148533,0,100,3.0,4,6.360690164937935e-07
5.72,0.024064571490409,77.50001544292367,0,100,3.0,4,3.0580046868770764e-07
5.725,0.046784906529573234,77.50000727446707,0,100,3.0,4,1.4404885279314965e-07
5.73,0.08141644351188804,77.50000335745801,0,100,3.0,4,6.64843170879706e-08
5.735,0.12682276464025305,77.50000151830055,0,100,3.0,4,3.006535742918792e-08
5.74,0.1768320708657512,77.5000006727329,0,100,3.0,4,1.3321443468679952e-08
5.745,0.22070063230473494,77.50000029205546,0,100,3.0,4,5.7832764495927194e-09
5.75,0.24656126505113576,77.50000012422979,0,100,3.0,4,2.4599957538553686e-09
5.755,0.24656126505724016,77.50000005177546,0,100,3.0,4,1.0252566056860275e-09
5.76,0.220700632329898,77.50000002114267,0,100,3.0,4,4.186666942722254e-10
5.765,0.17683207093748562,77.50000000845928,0,100,3.0,4,1.6751052030620953e-10
5.77,0.12682276483597799,77.50000000331623,0,100,3.0,4,6.566793753435296e-11
5.775,0.08141644409447898,77.50000000127378,0,100,3.0,4,2.522328220876072e-11
5.78,0.04678490952598309,77.50000000047937,0,100,3.0,4,9.49256954669127e-12
5.785,0.024064605020532023,77.50000000017677,0,100,3.0,4,3.5003727089583708e-12
5.79,0.011080171739334697,77.50000000006386,0,100,3.0,4,1.2646253681211446e-12
5.795,0.004571212771509492,77.50000000002261,0,100,3.0,4,4.4771227429478e-13
5.8,0.0017299316936037438,77.50000000000784,0,100,3.0,4,1.5533449114438627e-13
5.805,0.0008899431850697582,77.50000000000266,0,100,3.0,4,5.262237290579752e-14
5.81,0.002128806368910263,77.50000000000088,0,100,3.0,4,1.7446989947376717e-14
5.815,0.009309664818487698,77.50000000000028,0,100,3.0,4,5.6280612733473285e-15
5.82,0.03503263543368747,77.50000000000009,0,100,3.0,4,1.6884183820041984e-15
5.825,0.10606267793605692,77.50000000000003,0,100,3.0,4,5.628061273347328e-16
5.83,0.25734927343160535,77.50000000000001,0,100,3.0,4,2.814030636673664e-16
5.835,0.5003202479539708,77.5,0,100,3.0,4,0.0
5.84,0.7793067891790435,77.5,0,100,3.0,4,0.0
5.845,0.9720477407234077,77.50000297262514,1,100,3.0,4,5.8863864154827213e-08
5.85,0.967267334488097,77.50000602692357,0,100,3.0,4,1.193450212231075e-07
5.855,0.7505869905515209,77.50001314884915,0,100,3.0,4,2.603732504761829e-07
5.86,0.4028369574773956,77.50003218277465,0,100,3.0,4,6.372826662597374e-07
5.865,0.04553881263121314,77.5000891336331,0,100,3.0,4,1.7650224375563202e-06
5.87,-0.189138810908105,77.5002690214767,0,100,3.0,4,5.32715795439925e-06
5.875,-0.22868072635956738,77.50083732265789,0,100,3.0,4,1.6580646690828313e-05
5.88,-0.14104670682394166,77.50257317183726,0,100,3.0,4,5.09538977674351e-05
5.885,-0.051158381651102834,77.5076082097914,0,100,3.0,4,0.00015065761963167613
5.89,-0.008206426846427752,77.52135258747315,0,100,3.0,4,0.0004228235143197217
5.895,0.005350271385530505,77.55649700924465,0,100,3.0,4,0.0011187526583099309
5.9,0.01084668799215426,77.64045440057028,0,100,3.0,4,0.0027812752588173757
5.905,0.016256859896386415,77.82751617390053,0,100,3.0,4,0.006485468790109587
5.91,0.02345021205790711,78.21569569973141,0,100,3.0,4,0.014172192073889358
5.915,0.0330621597308209,78.96491975294279,0,100,3.0,4,0.029008311939461205
5.92,0.04559141319943196,80.30785299502509,0,100,3.0,4,0.05560104940643736
5.925,0.06149084917446989,82.53901529227541,0,100,3.0,4,0.0997824810351566
5.93,0.08111733445924295,85.96626012174221,0,100,3.0,4,0.16764871528202394
5.935,0.1046628598272375,90.81658192531896,0,100,3.0,4,0.2636946915904744
5.94,0.1320831047748631,97.10833980159956,0,100,3.0,4,0.38828395646731795
5.945,0.16303381314489318,104.52938760793602,0,100,3.0,4,0.5352353981769508
5.95,0.19682662652900276,112.38094101245923,0,100,3.0,4,0.6907117032170145
5.955,0.23241585813229,119.64223165483207,0,100,3.0,4,0.834499636729348
5.96,0.26842527782774417,125.1719099748606,0,100,3.0,4,0.9439982173239723
5.965,0.30321927900592993,128.0,0,100,3.0,4,1.0
5.97,0.3350163137995362,127.6101393237791,0,100,3.0,4,0.992279986609487
5.975,0.3620352400956416,124.10010403781507,0,100,3.0,4,0.9227743373824767
5.98,0.3826586036805073,118.15277378027952,0,100,3.0,4,0.8050054213916736
5.985,0.39559233134833227,110.8299379581053,0,100,3.0,4,0.6599987714476298
5.99,0.4,103.27489006078626,0,100,3.0,4,0.510393862589827
5.995,0.39559233134833227,96.43814350154825,0,100,3.0,4,0.3750127426049159
6.0,0.3826586036805073,90.9137835998359,0,100,3.0,4,0.26561947722447316
6.005,0.3620352400956416,86.9136909261355,0,100,3.0,4,0.1864097213096139
6.01,0.3350163137995362,84.34894125219122,0,100,3.0,4,0.13562259905329158
6.015,0.3032192790059296,82.95851223358169,0,100,3.0,4,0.10808935116003339
6.02,0.26842527782774417,82.42961246934831,0,100,3.0,4,0.09761608850194681
6.025,0.23241585813229,82.47825904809713,0,100,3.0,5,0.09857938709103227
6.03,0.19682662652900276,82.88510695734854,0,100,3.0,5,0.10663578133363447
6.035,0.16303381314489318,83.49817142324218,0,100,3.0,5,0.11877567174736997
6.04,0.13208310477486307,84.218703403949,0,100,3.0,5,0.1330436317613662
6.045,0.10466285982723562,84.98313005843968,0,100,3.0,5,0.14818079323642938
6.05,0.08111733445917907,85.74806308660983,0,100,3.0,5,0.163327981913066
6.055,0.06149084917398798,86.48049615879853,0,100,3.0,5,0.17783160710492138
6.06,0.04559141333598128,87.1526196872008,0,100,3.0,5,0.19114098390496628
6.065,0.03306217087257399,87.73979816955085,0,100,3.0,5,0.20276828058516538
6.07,0.02345067901074276,88.22034613356011,0,100,3.0,5,0.2122840818526755
6.075,0.016268788896435526,88.57613991279077,0,100,3.0,5,0.2193295032235795
6.08,0.011039026374860051,88.79347868239333,0,100,3.0,5,0.22363324123551145
6.085,0.007326255555493689,88.86386439984123,0,100,3.0,5,0.2250270178186383
6.09,0.0047556414315231815,88.78452238775425,0,100,3.0,5,0.22345588886642082
6.095,0.0030193390635632803,88.55857365850133,0,100,3.0,5,0.21898165660398675
6.1,0.001874953127946523,88.19482866332193,0,100,3.0,5,0.2117787854123154
6.105,0.0011387927410965778,87.70721657209255,0,100,3.0,5,0.2021231004374762
6.11,0.0006765107634274089,87.11390019357708,0,100,3.0,5,0.1903742612589521
6.115,0.00039307957404427924,86.43615452975533,0,100,3.0,5,0.17695355504465995
6.12,0.00022338910511776318,85.6971052748557,0,100,3.0,5,0.16231891633377626
6.125,0.00012417073320013317,84.92043109401514,0,100,3.0,5,0.14693922958445826
6.13,6.750753468904987e-05,84.12913009206147,0,100,3.0,5,0.13126990281309847
6.135,3.5897234866245036e-05,83.3444376315581,0,100,3.0,5,0.11573143824867513
6.14,1.8670050400879738e-05,82.58496182074326,0,100,3.0,5,0.10069231328204475
6.145,9.497421874143672e-06,81.86607755524824,0,100,3.0,5,0.08645698129204434
6.15,4.725434140340885e-06,81.1995932352933,0,100,3.0,5,0.07325927198600607
6.155,2.299606063738814e-06,80.59367928154045,0,100,3.0,5,0.061260975872088036
6.16,1.0945633976635486e-06,80.05302685084085,0,100,3.0,5,0.05055498714536339
6.165,5.095703414287532e-07,79.5791903812813,0,100,3.0,5,0.041172086758045415
6.17,2.3202944964797243e-07,79.17105949996414,0,100,3.0,5,0.03309028712800286
6.175,1.0333746954038608e-07,78.82540422739977,0,100,3.0,5,0.026245628265342033
6.18,4.501406988770349e-08,78.53744138964515,0,100,3.0,5,0.02054339385435946
6.185,0.0,78.30137828670698,0,100,3.0,5,0.01586887696449461
6.19,0.0,78.11090032048983,0,100,3.0,5,0.012097036049303622
6.195,0.0,77.95958084176635,0,100,3.0,5,0.009100610728046602
6.2,0.0,77.84120254425764,0,100,3.0,5,0.006756486024903777
6.205,0.0,77.74998928072644,0,100,3.0,5,0.004950282786662154
6.21,0.0,77.68075457337353,0,100,3.0,5,0.0035792984826442343
6.215,0.0,77.62897810246339,0,100,3.0,5,0.0025540218309582667
6.22,0.0,77.59082417329567,0,100,3.0,5,0.0017984984811024256
6.225,0.0,77.56311690651798,0,100,3.0,5,0.0012498397330292315
6.23,0.0,77.54328612787634,0,100,3.0,5,0.0008571510470562883
6.235,0.0,77.52929615012752,0,100,3.0,5,0.0005801217847033963
6.24,0.0,77.51956731102686,0,100,3.0,5,0.00038747150548240573
6.245,0.0,77.51289764815891,0,100,3.0,5,0.00025539897344380267
6.25,0.0,77.5083897435128,0,100,3.0,5,0.00016613353490680706
6.255,0.0,77.5053857429786,0,100,3.0,5,0.00010664837581393074
6.26,0.0,77.50341193968492,0,100,3.0,5,6.756316207769271e-05
6.265,0.0,77.50213312275217,0,100,3.0,5,4.224005449841435e-05
6.27,0.0,77.50131610073626,0,100,3.0,5,2.606140071804367e-05
6.275,0.0,77.5008013480742,0,100,3.0,5,1.586827869713002e-05
6.28,0.0,77.50048151746557,0,100,3.0,5,9.53499931828185e-06
6.285,0.0,77.5002855365269,0,100,3.0,5,5.654188651540086e-06
6.29,0.0,77.50016709755003,0,100,3.0,5,3.3088623768948633e-06
6.295,0.0,77.50009650221315,0,100,3.0,5,1.910934913937153e-06
6.3,0.0,77.50005500007046,0,100,3.0,5,1.0891103061517737e-06
6.305,0.0,77.50003093484894,0,100,3.0,5,6.125712660728949e-07
6.31,0.0,77.50001717083974,0,100,3.0,5,3.400166285205565e-07
6.315,0.0,77.5000094057591,0,100,3.0,5,1.862526554723805e-07
6.32,0.0,77.50000508457842,0,100,3.0,5,1.0068472116328471e-07
6.325,0.001684486749771458,77.50000271253174,0,100,3.0,5,5.371349977782068e-08
6.33,0.00456624331333666,77.50000142808314,0,100,3.0,5,2.8278874019138535e-08
6.335,0.011079731271581421,77.50000074197783,0,100,3.0,5,1.4692630267547591e-08
6.34,0.024064571490409,77.50000038044087,0,100,3.0,5,7.533482502286362e-09
6.345,0.046784906529573234,77.50000019250507,0,100,3.0,5,3.811981577479792e-09
6.35,0.08141644351188804,77.50000009612934,0,100,3.0,5,1.9035513055809637e-09
6.355,0.12682276464025305,77.50000004737274,0,100,3.0,5,9.38073996918986e-10
6.36,0.1768320708657512,77.5000000230388,0,100,3.0,5,4.562137422512348e-10
6.365,0.22070063230473494,77.50000001105732,0,100,3.0,5,2.1895690980894113e-10
6.37,0.24656126505113576,77.5000000052372,0,100,3.0,5,1.0370687806865288e-10
6.375,0.24656126505724016,77.50000000244798,0,100,3.0,5,4.8474773150404206e-11
6.38,0.220700632329898,77.50000000112921,0,100,3.0,5,2.2360568842072603e-11
6.385,0.17683207093748562,77.50000000051404,0,100,3.0,5,1.0178911618975978e-11
6.39,0.12682276483597799,77.50000000023093,0,100,3.0,5,4.5727997845947045e-12
6.395,0.08141644409447898,77.50000000010237,0,100,3.0,5,2.0272276706597077e-12
6.4,0.04678490952598309,77.50000000004479,0,100,3.0,5,8.869824566795389e-13
6.405,0.024064605020532023,77.50000000001934,0,100,3.0,5,3.829895696512857e-13
6.41,0.011080171739334697,77.50000000000824,0,100,3.0,5,1.632137769270725e-13
6.415,0.004571212771509492,77.50000000000347,0,100,3.0,5,6.86623475348374e-14
6.42,0.0017299316936037438,77.50000000000144,0,100,3.0,5,2.842170943040401e-14
6.425,0.0008899431850697582,77.50000000000058,0,100,3.0,5,1.1537525610362024e-14
6.43,0.002128806368910263,77.50000000000024,0,100,3.0,5,4.783852082345229e-15
6.435,0.009309664818487698,77.5000000000001,0,100,3.0,5,1.969821445671565e-15
6.44,0.03503263543368747,77.50000000000004,0,100,3.0,5,8.442091910020992e-16
6.445,0.10606267793605692,77.50000000000001,0,100,3.0,5,2.814030636673664e-16
6.45,0.25734927343160535,77.5,0,100,3.0,5,0.0
6.455,0.5003202479539708,77.5,0,100,3.0,5,0.0
6.46,0.7793067891790435,77.5,0,100,3.0,5,0.0
6.465,0.9720477407234077,77.50000296948818,1,100,3.0,5,5.880174611694102e-08
6.47,0.967267334488097,77.50000569775776,0,100,3.0,5,1.1282688628042625e-07
6.475,0.7505869905515209,77.50001160514543,0,100,3.0,5,2.298048600258169e-07
6.48,0.4028369574773956,77.50002597622895,0,100,3.0,5,5.143807713763392e-07
6.485,0.04553881263121314,77.50006479633647,0,100,3.0,5,1.2830957717655434e-06
6.49,-0.189138810908105,77.50017625577325,0,100,3.0,5,3.4902133317772686e-06
6.495,-0.22868072635956738,77.50050086841989,0,100,3.0,5,9.918186532500516e-06
6.5,-0.14104670682394166,77.50142865589663,0,100,3.0,5,2.829021577488873e-05
6.505,-0.051158381651102834,77.50398157370557,0,100,3.0,5,7.884304367471847e-05
6.51,-0.008206426846427752,77.51067533757195,0,100,3.0,5,0.00021139282320699983
6.515,0.005350271385530505,77.52730884085351,0,100,3.0,5,0.0005407691258120272
6.52,0.01084668799215426,77.56636304281409,0,100,3.0,5,0.0013141196596849329
6.525,0.016256859896386415,77.65284520055016,0,100,3.0,5,0.0030266376346566454
6.53,0.02345021205790711,77.83322987050369,0,100,3.0,5,0.006598611297102698
6.535,0.0330621597308209,78.1872403295472,0,100,3.0,5,0.01360871939697414
6.54,0.04559141319943196,78.84023424224648,0,100,3.0,5,0.026539291925672896
6.545,0.06149084917446989,79.97095670826675,0,100,3.0,5,0.04892983580726247
6.55,0.08111733445924295,81.80632016868279,0,100,3.0,5,0.08527366670658987
6.555,0.1046628598272375,84.59367894710928,0,100,3.0,5,0.14046889004176796
6.56,0.1320831047748631,88.54439663235735,0,100,3.0,5,0.21870092341301678
6.565,0.16303381314489318,93.75204790615024,0,100,3.0,5,0.3218227308148562
6.57,0.19682662652900276,100.10305003439262,0,100,3.0,5,0.44758514919589354
6.575,0.23241585813229,107.21134158829996,0,100,3.0,5,0.588343397788118
6.58,0.26842527782774417,114.41340788288605,0,100,3.0,5,0.7309585719383376
6.585,0.30321927900592993,120.84835205343285,0,100,3.0,5,0.8583832089788682
6.59,0.3350163137995362,125.61961314314837,0,100,3.0,5,0.9528636265969974
6.595,0.3620352400956416,128.0,0,100,3.0,5,1.0
6.6,0.3826586036805073,127.61649189867344,0,100,3.0,5,0.9924057801717514
6.605,0.39559233134833227,124.55056380219376,0,100,3.0,5,0.9316943327167082
6.61,0.4,119.31727660822673,0,100,3.0,5,0.8280648833312224
6.615,0.39559233134833227,112.73085488286033,0,100,3.0,5,0.6976406907497095
6.62,0.3826586036805073,105.70533944720569,0,100,3.0,5,0.5585215732119938
6.625,0.3620352400956416,99.05756588644317,0,100,3.0,5,0.4268824928008549
6.63,0.3350163137995362,93.36977976270926,0,100,3.0,5,0.3142530646081041
6.635,0.3032192790059296,88.93881976923748,0,100,3.0,5,0.2265112825591581
6.64,0.26842527782774417,85.80451228187178,0,100,3.0,5,0.16444578775983723
6.645,0.23241585813229,83.82672655699294,0,100,3.0,5,0.12528171399986016
6.65,0.19682662652900276,82.7748209960611,0,100,3.0,5,0.1044519009121009
6.655,0.16303381314489318,82.40190901663448,0,100,3.0,5,0.09706750527989062
6.66,0.13208310477486307,82.49126872046433,0,100,3.0,5,0.09883700436563037
6.665,0.10466285982723562,82.87544727441968,0,100,3.0,5,0.10644450048355811
6.67,0.08111733445917907,83.4360460880505,0,100,3.0,5,0.11754546709010898
6.675,0.06149084917398798,84.09372294879006,0,100,3.0,5,0.1305687712631695
6.68,0.04559141333598128,84.79583101125908,0,100,3.0,5,0.14447190121305115
6.685,0.03306217087257399,85.5058631950615,0,100,3.0,5,0.15853194445666324
6.69,0.02345067901074276,86.19614522117905,0,100,3.0,5,0.1722008954688921
6.695,0.016268788896435526,86.8436056995559,0,100,3.0,5,0.1850218950407108
6.7,0.011039026374860051,87.42781600360316,0,100,3.0,5,0.19659041591293377
6.705,0.007326255555493689,87.93044648752333,0,100,3.0,5,0.2065434948024421
6.71,0.0047556414315231815,88.33547851565123,0,100,3.0,5,0.2145639310029947
6.715,0.0030193390635632803,88.62973571355158,0,100,3.0,5,0.22039080620894222
6.72,0.001874953127946523,88.80347070164842,0,100,3.0,5,0.22383110300293904
6.725,0.0011387927410965778,88.85085527781466,0,100,3.0,5,0.22476941144187446
6.73,0.0006765107634274089,88.77028929388132,0,100,3.0,5,0.22317404542339245
6.735,0.00039307957404427924,88.56448531910543,0,100,3.0,5,0.21909871919020651
6.74,0.00022338910511776318,88.24031547557608,0,100,3.0,5,0.21267951436784321
6.745,0.00012417073320013317,87.8084299935687,0,100,3.0,5,0.20412732660532068
6.75,6.750753468904987e-05,87.28267622254438,0,100,3.0,5,0.193716360842463
6.755,3.5897234866245036e-05,86.67936206088412,0,100,3.0,5,0.18176954576008153
6.76,1.8670050400879738e-05,86.016418335048,0,100,3.0,5,0.1686419472286733
6.765,9.497421874143672e-06,85.3125199363333,0,100,3.0,5,0.15470336507590698
6.77,4.725434140340885e-06,84.5862253135029,0,100,3.0,5,0.14032129333669097
6.775,2.299606063738814e-06,83.85518857261796,0,100,3.0,5,0.1258453182696626
6.78,1.0945633976635486e-06,83.13548881550771,0,100,3.0,5,0.1115938379308458
6.785,5.095703414287532e-07,82.44110870951447,0,100,3.0,5,0.09784373682206865
6.79,2.3202944964797243e-07,81.78358009436656,0,100,3.0,5,0.08482336820527833
6.795,1.0333746954038608e-07,81.17180019591906,0,100,3.0,5,0.07270891477067448
6.8,4.501406988770349e-08,80.61200908161038,0,100,3.0,5,0.06162394221010656
6.805,0.0,80.10790842175395,0,100,3.0,5,0.05164175092582074
6.81,0.0,79.6608941015899,0,100,3.0,5,0.04278998220970106
6.815,0.0,79.27037104260374,0,100,3.0,5,0.03505685232878697
6.82,0.0,78.93411763673835,0,100,3.0,5,0.028398369044323756
6.825,0.0,78.64866905740534,0,100,3.0,5,0.022745921928818667
6.83,0.0,78.40969275082458,0,100,3.0,5,0.018013717838110406
6.835,0.0,78.21233488198824,0,100,3.0,5,0.01410564122748992
6.84,0.0,78.05152265334826,0,100,3.0,5,0.010921240660361537
6.845,0.0,77.92221354848724,0,100,3.0,5,0.008360664326479908
6.85,0.0,77.81958813058185,0,100,3.0,5,0.006328477833303938
6.855,0.0,77.739187667373,0,100,3.0,5,0.004736389452930742
6.86,0.0,77.67700135526229,0,100,3.0,5,0.0035049773319265607
6.865,0.0,77.62951022741545,0,100,3.0,5,0.002564558958721814
6.87,0.0,77.59369603358714,0,100,3.0,5,0.001855367001725469
6.875,0.0,77.56702364039619,0,100,3.0,5,0.0013272007999244866
6.88,0.0,77.54740503652089,0,100,3.0,5,0.0009387135944729771
6.885,0.0,77.53315206797399,0,100,3.0,5,0.0006564765935442918
6.89,0.0,77.52292379040485,0,100,3.0,5,0.00045393644366031774
6.895,0.0,77.51567299156609,0,100,3.0,5,0.0003103562686354814
6.9,0.0,77.5105951482266,0,100,3.0,5,0.00020980491537820494
6.905,0.0,77.50708193342838,0,100,3.0,5,0.000140236305512498
6.91,0.0,77.50468043597927,0,100,3.0,5,9.268190057955192e-05
6.915,0.0,77.5030585138007,0,100,3.0,5,6.056462971674357e-05
6.92,0.0,77.5019761697444,0,100,3.0,5,3.913207414644369e-05
6.925,0.0,77.5012624893213,0,100,3.0,5,2.4999788540708772e-05
6.93,0.0,77.5007974819221,0,100,3.0,5,1.579172122982491e-05
6.935,0.0,77.5004980852106,0,100,3.0,5,9.863073477118174e-06
6.94,0.0,77.50030759276243,0,100,3.0,5,6.090945790598054e-06
6.945,0.0,77.5001878184466,0,100,3.0,5,3.7191771604968814e-06
6.95,0.0,77.50011339399136,0,100,3.0,5,2.24542557140183e-06
6.955,0.0,77.50006769108984,0,100,3.0,5,1.3404176205776732e-06
6.96,0.0,77.50003995421815,0,100,3.0,5,7.911726366854613e-07
6.965,0.0,77.50002331757771,0,100,3.0,5,4.6173421215862256e-07
6.97,0.0,77.5000134553158,0,100,3.0,5,2.6644189692843153e-07
6.975,0.0,77.5000076770439,0,100,3.0,5,1.5202067121964941e-07
6.98,0.0,77.50000433095647,0,100,3.0,5,8.576151429062322e-08
6.985,0.0,77.5000024158128,0,100,3.0,5,4.7837877254645684e-08
6.99,0.0,77.5000013323932,0,100,3.0,5,2.6384023696286167e-08
6.995,0.001684486749771458,77.50000072659299,0,100,3.0,5,1.4387979933984537e-08
7.0,0.00456624331333666,77.50000039177765,0,100,3.0,5,7.757973203342321e-09
7.005,0.011079731271581421,77.50000020887083,0,100,3.0,5,4.136056038915551e-09
7.01,0.024064571490409,77.50000011010462,0,100,3.0,5,2.180289550661916e-09
7.015,0.046784906529573234,77.50000005738825,0,100,3.0,5,1.1364009667274087e-09
7.02,0.08141644351188804,77.50000002957536,0,100,3.0,5,5.856507094463133e-10
7.025,0.12682276464025305,77.50000001507047,0,100,3.0,5,2.984251349886054e-10
7.03,0.1768320708657512,77.500000007593,0,100,3.0,5,1.5035647094811054e-10
7.035,0.22070063230473494,77.50000000378259,0,100,3.0,5,7.490274187472492e-11
7.04,0.24656126505113576,77.50000000186319,0,100,3.0,5,3.689475567742841e-11
7.045,0.24656126505724016,77.50000000090742,0,100,3.0,5,1.7968711227416016e-11
7.05,0.220700632329898,77.50000000043697,0,100,3.0,5,8.65286280470785e-12
7.055,0.17683207093748562,77.50000000020806,0,100,3.0,5,4.120022255153911e-12
7.06,0.12682276483597799,77.50000000009796,0,100,3.0,5,1.9397113178591565e-12
7.065,0.08141644409447898,77.50000000004559,0,100,3.0,5,9.027410282449114e-13
7.07,0.04678490952598309,77.50000000002099,0,100,3.0,5,4.156323250367002e-13
7.075,0.024064605020532023,77.50000000000955,0,100,3.0,5,1.8910285878447022e-13
7.08,0.011080171739334697,77.50000000000429,0,100,3.0,5,8.498372522754466e-14
7.085,0.004571212771509492,77.5000000000019,0,100,3.0,5,3.77080105314271e-14
7.09,0.0017299316936037438,77.50000000000084,0,100,3.0,5,1.6602780756374617e-14
7.095,0.0008899431850697582,77.50000000000037,0,100,3.0,5,7.316479655351527e-15
7.1,0.002128806368910263,77.50000000000016,0,100,3.0,5,3.0954337003410305e-15
7.105,0.009309664818487698,77.50000000000007,0,100,3.0,5,1.4070153183368321e-15
7.11,0.03503263543368747,77.50000000000003,0,100,3.0,5,5.628061273347328e-16
7.115,0.10606267793605692,77.50000000000001,0,100,3.0,5,2.814030636673664e-16
7.12,0.25734927343160535,77.5,0,100,3.0,5,0.0
7.125,0.5003202479539708,77.5,0,100,3.0,5,0.0
7.13,0.7793067891790435,77.5,0,100,3.0,5,0.0
7.135,0.9720477407234077,77.50000297682912,1,100,3.0,5,5.894711134174887e-08
7.14,0.967267334488097,77.50000644330252,0,100,3.0,5,1.2759014899835742e-07
7.145,0.7505869905515209,77.5000152857257,0,100,3.0,5,3.026876375243584e-07
7.15,0.4028369574773956,77.50004176629017,0,100,3.0,5,8.27055250828389e-07
7.155,0.04553881263121314,77.50013105560434,0,100,3.0,5,2.5951604820222365e-06
7.16,-0.189138810908105,77.50044488722678,0,100,3.0,5,8.809648054995417e-06
7.165,-0.22868072635956738,77.50152741496863,0,100,3.0,5,3.0245840963066212e-05
7.17,-0.14104670682394166,77.50507191996074,0,100,3.0,5,0.0001004340586285428
7.175,-0.051158381651102834,77.51591237767056,0,100,3.0,5,0.0003150965875358389
7.18,-0.008206426846427752,77.54664318495337,0,100,3.0,5,0.0009236274248191628
7.185,0.005350271385530505,77.62707313229895,0,100,3.0,5,0.0025162996494840838
7.19,0.01084668799215426,77.82095772461896,0,100,3.0,5,0.006355598507306216
7.195,0.016256859896386415,78.25065421083119,0,100,3.0,5,0.01486443981843933
7.2,0.02345021205790711,79.12465661250958,0,100,3.0,5,0.03217141806949668
7.205,0.0330621597308209,80.75291471256554,0,100,3.0,5,0.06441415272407013
7.21,0.04559141319943196,83.52418692756659,0,100,3.0,5,0.11929083024884335
7.215,0.06149084917446989,87.8180869015123,0,100,3.0,5,0.2043185525051941
7.22,0.08111733445924295,93.84389846636032,0,100,3.0,5,0.3236415537893132
7.225,0.1046628598272375,101.44211177113385,0,100,3.0,5,0.47410122319076936
7.23,0.1320831047748631,109.93592006093229,0,100,3.0,6,0.6422954467511345
7.235,0.16303381314489318,118.14132463767484,0,100,3.0,6,0.8047787056965315
7.24,0.19682662652900276,124.60095505949394,0,100,3.0,6,0.9326921793959196
7.245,0.23241585813229,128.0,0,100,3.0,6,1.0
7.25,0.26842527782774417,127.6074388486669,0,100,3.0,6,0.9922265118547902
7.255,0.30321927900592993,123.54146413142652,0,100,3.0,6,0.911712161018347
7.26,0.3350163137995362,116.72845096846851,0,100,3.0,6,0.7768010092766041
7.265,0.3620352400956416,108.57594924757062,0,100,3.0,6,0.6153653316350618
7.27,0.3826586036805073,100.51841012567104,0,100,3.0,6,0.4558101014984364
7.275,0.39559233134833227,93.63583866964807,0,100,3.0,6,0.3195215578148132
7.28,0.4,88.4768062592669,0,100,3.0,6,0.21736250018350284
7.285,0.39559233134833227,85.09678201200113,0,100,3.0,6,0.15043132697031938
7.29,0.3826586036805073,83.22880029248734,0,100,3.0,6,0.11344158995024427
7.295,0.3620352400956416,82.47816456850022,0,100,3.0,6,0.09857751620792513
7.3,0.3350163137995362,82.46582560396621,0,100,3.0,6,0.0983331802765586
7.305,0.3032192790059296,82.89742970194244,0,100,3.0,6,0.10687979607806818
7.31,0.26842527782774417,83.57340218280083,0,100,3.0,6,0.12026538975843235
7.315,0.23241585813229,84.36864280982073,0,100,3.0,6,0.13601272890734115
7.32,0.19682662652900276,85.20533717654936,0,100,3.0,6,0.15258093418909632
7.325,0.16303381314489318,86.03115850518294,0,100,3.0,6,0.16893383178580088
7.33,0.13208310477486307,86.80599422385167,0,100,3.0,6,0.18427711334359742
7.335,0.10466285982723562,87.4957153338043,0,100,3.0,6,0.1979349571050356
7.34,0.08111733445917907,88.07034988573457,0,100,3.0,6,0.20931385912345687
7.345,0.06149084917398798,88.50447395532824,0,100,3.0,6,0.2179103753530344
7.35,0.04559141333598128,88.77842588279614,0,100,3.0,6,0.2233351659959632
7.355,0.03306217087257399,88.87956664624946,0,100,3.0,6,0.22533795339107837
7.36,0.02345067901074276,88.80318162209397,0,100,3.0,6,0.2238253786553262
7.365,0.016268788896435526,88.55282711877172,0,100,3.0,6,0.2188678637380538
7.37,0.011039026374860051,88.1400513820406,0,100,3.0,6,0.2106940867730811
7.375,0.007326255555493689,87.58351034332568,0,100,3.0,6,0.19967347214506306
7.38,0.0047556414315231815,86.90756971644608,0,100,3.0,6,0.18628850923655596
7.385,0.0030193390635632803,86.14053864781572,0,100,3.0,6,0.1710997752042716
7.39,0.001874953127946523,85.3127128609072,0,100,3.0,6,0.15470718536449896
7.395,0.0011387927410965778,84.4544146804433,0,100,3.0,6,0.13771118179095657
7.4,0.0006765107634274089,83.5942038620777,0,100,3.0,6,0.12067730419955852
7.405,0.00039307957404427924,82.75740031791543,0,100,3.0,6,0.10410693698842428
7.41,0.00022338910511776318,81.96501364486748,0,100,3.0,6,0.08841611177955412
7.415,0.00012417073320013317,81.23312221494596,0,100,3.0,6,0.07392321217714781
7.42,6.750753468904987e-05,80.57269391319508,0,100,3.0,6,0.06084542402366498
7.425,3.5897234866245036e-05,79.98979772895345,0,100,3.0,6,0.049302925325810855
7.43,1.8670050400879738e-05,79.48612467581856,0,100,3.0,6,0.039329201501357595
7.435,9.497421874143672e-06,79.0597199322176,0,100,3.0,6,0.03088554321222978
7.44,4.725434140340885e-06,78.70582535496604,0,100,3.0,6,0.02387772980130768
7.445,2.299606063738814e-06,78.41774045282362,0,100,3.0,6,0.018173078273735096
7.45,1.0945633976635486e-06,78.18762714596294,0,100,3.0,6,0.013616379127978912
7.455,5.095703414287532e-07,78.0072053498429,0,100,3.0,6,0.010043670293918923
7.46,2.3202944964797243e-07,77.8683089838995,0,100,3.0,6,0.007293247205930613
7.465,1.0333746954038608e-07,77.76329249106546,0,100,3.0,6,0.005213712694365477
7.47,4.501406988770349e-08,77.685294406265,0,100,3.0,6,0.003669196163663387
7.475,0.0,77.6283759937939,0,100,3.0,6,0.002542098887007828
7.48,0.0,77.58755944551955,0,100,3.0,6,0.001733850406327632
7.485,0.0,77.55879222021566,0,100,3.0,6,0.0011642023805082133
7.49,0.0,77.5388628274054,0,100,3.0,6,0.000769560938720707
7.495,0.0,77.52528987023435,0,100,3.0,6,0.0005007895095910062
7.5,0.0,77.51620154690102,0,100,3.0,6,0.0003208227109112023
7.505,0.0,77.51021795623286,0,100,3.0,6,0.00020233576698741322
7.51,0.0,77.50634408901792,0,100,3.0,6,0.00012562552510723103
7.515,0.0,77.50387768183894,0,100,3.0,6,7.678577898898334e-05
7.52,0.0,77.50233331166066,0,100,3.0,6,4.6204191300270086e-05
7.525,0.0,77.50138220036888,0,100,3.0,6,2.7370304334260372e-05
7.53,0.0,77.50080605918664,0,100,3.0,6,1.596156805235431e-05
7.535,0.0,77.50046276503086,0,100,3.0,6,9.163663977438088e-06
7.54,0.0,77.5002615482448,0,100,3.0,6,5.1791731642303e-06
7.545,0.0,77.50014552605633,0,100,3.0,6,2.8817040857228505e-06
7.55,0.0,77.50007971267532,0,100,3.0,6,1.5784688181305106e-06
7.555,0.0,77.5000429844807,0,100,3.0,6,8.511778356469312e-07
7.56,0.0,77.50002281884497,0,100,3.0,6,4.5185831620281283e-07
7.565,0.001684486749771458,77.50001192540962,0,100,3.0,6,2.3614672521502917e-07
7.57,0.00456624331333666,77.50000613550942,0,100,3.0,6,1.2149523610274303e-07
7.575,0.011079731271581421,77.50000310760366,0,100,3.0,6,6.153670615096398e-08
7.58,0.024064571490409,77.50000154952396,0,100,3.0,6,3.06836427333308e-08
7.585,0.046784906529573234,77.50000076062157,0,100,3.0,6,1.5061813358686166e-08
7.59,0.08141644351188804,77.50000036756713,0,100,3.0,6,7.2785569342825216e-09
7.595,0.12682276464025305,77.50000017486478,0,100,3.0,6,3.4626689194728987e-09
7.6,0.1768320708657512,77.50000008189657,0,100,3.0,6,1.6217143183894223e-09
7.605,0.22070063230473494,77.50000003775955,0,100,3.0,6,7.4771382924605e-10
7.61,0.24656126505113576,77.500000017139,0,100,3.0,6,3.393861649360273e-10
7.615,0.24656126505724016,77.50000000765847,0,100,3.0,6,1.516528948624261e-10
7.62,0.220700632329898,77.50000000336895,0,100,3.0,6,6.671194290055889e-11
7.625,0.17683207093748562,77.50000000145897,0,100,3.0,6,2.889052693447384e-11
7.63,0.12682276483597799,77.50000000062201,0,100,3.0,6,1.2317012096720628e-11
7.635,0.08141644409447898,77.50000000026107,0,100,3.0,6,5.169655682633189e-12
7.64,0.04678490952598309,77.50000000010786,0,100,3.0,6,2.135849253235311e-12
7.645,0.024064605020532023,77.50000000004387,0,100,3.0,6,8.686912575411601e-13
7.65,0.011080171739334697,77.50000000001756,0,100,3.0,6,3.478141866928649e-13
7.655,0.004571212771509492,77.50000000000692,0,100,3.0,6,1.3704329200600744e-13
7.66,0.0017299316936037438,77.50000000000269,0,100,3.0,6,5.3185179033132255e-14
7.665,0.0008899431850697582,77.50000000000102,0,100,3.0,6,2.026102058405038e-14
7.67,0.002128806368910263,77.50000000000038,0,100,3.0,6,7.597882719018894e-15
7.675,0.009309664818487698,77.50000000000014,0,100,3.0,6,2.8140306366736642e-15
7.68,0.03503263543368747,77.50000000000006,0,100,3.0,6,1.1256122546694657e-15
7.685,0.10606267793605692,77.50000000000001,0,100,3.0,6,2.814030636673664e-16
7.69,0.25734927343160535,77.5,0,100,3.0,6,0.0
7.695,0.5003202479539708,77.5,0,100,3.0,6,0.0
7.7,0.7793067891790435,77.5,0,100,3.0,6,0.0
7.705,0.9720477407234077,77.50000296417907,1,100,3.0,6,5.8696615339370215e-08
7.71,0.967267334488097,77.50000671426626,0,100,3.0,6,1.3295576758366115e-07
7.715,0.7505869905515209,77.50001690807775,0,100,3.0,6,3.3481342086923917e-07
7.72,0.4028369574773956,77.50004998152149,0,100,3.0,6,9.897330987161408e-07
7.725,0.04553881263121314,77.50017093493624,0,100,3.0,6,3.3848502224904368e-06
7.73,-0.189138810908105,77.50062682696246,0,100,3.0,6,1.2412415098215026e-05
7.735,-0.22868072635956738,77.50228951654114,0,100,3.0,6,4.533696121069003e-05
7.74,-0.14104670682394166,77.50797121731352,0,100,3.0,6,0.00015784588739653274
7.745,-0.051158381651102834,77.52589581734757,0,100,3.0,6,0.0005127884623282125
7.75,-0.008206426846427752,77.57774358530986,0,100,3.0,6,0.001539476936828929
7.755,0.005350271385530505,77.7147515715821,0,100,3.0,6,0.00425250636796235
7.76,0.01084668799215426,78.04471478880228,0,100,3.0,6,0.01078643146143131
7.765,0.016256859896386415,78.76748649806238,0,100,3.0,6,0.02509874253588876
7.77,0.02345021205790711,80.20427167320135,0,100,3.0,6,0.05354993412279896
7.775,0.0330621597308209,82.78911922275384,0,100,3.0,6,0.10473503411393742
7.78,0.04559141319943196,86.98172744251318,0,100,3.0,6,0.18775697905966685
7.785,0.06149084917446989,93.07887730032347,0,100,3.0,6,0.30849261980838555
7.79,0.08111733445924295,100.95962721250167,0,100,3.0,6,0.4645470735148846
7.795,0.1046628598272375,109.87793025058434,0,100,3.0,6,0.6411471336749375
7.8,0.1320831047748631,118.45853789884562,0,100,3.0,6,0.8110601564127845
7.805,0.16303381314489318,124.99616767138359,0,100,3.0,6,0.9405181717105661
7.81,0.19682662652900276,128.0,0,100,3.0,6,1.0
7.815,0.23241585813229,126.75356838385197,0,100,3.0,6,0.9753181858188509
7.82,0.26842527782774417,121.60504184108623,0,100,3.0,6,0.8733671651700244
7.825,0.30321927900592993,113.82915829348634,0,100,3.0,6,0.7193892731383434
7.83,0.3350163137995362,105.1368956240279,0,100,3.0,6,0.5472652598817406
7.835,0.3620352400956416,97.09121900543379,0,100,3.0,6,0.387944930800669
7.84,0.3826586036805073,90.69899581482312,0,100,3.0,6,0.2613662537588737
7.845,0.39559233134833227,86.30643547151764,0,100,3.0,6,0.1743848608221316
7.85,0.4,83.74771204094193,0,100,3.0,6,0.12371707011766206
7.855,0.39559233134833227,82.59820551494997,0,100,3.0,6,0.1009545646524746
7.86,0.3826586036805073,82.39507218456649,0,100,3.0,6,0.09693212246666312
7.865,0.3620352400956416,82.76100457002498,0,100,3.0,6,0.10417830831732633
7.87,0.3350163137995362,83.43701275683196,0,100,3.0,6,0.11756460904617747
7.875,0.3032192790059296,84.26274473002995,0,100,3.0,6,0.13391573722831585
7.88,0.26842527782774417,85.14136714527861,0,100,3.0,6,0.1513142008966061
7.885,0.23241585813229,86.00990517918865,0,100,3.0,6,0.1685129738453198
7.89,0.19682662652900276,86.82112236316677,0,100,3.0,6,0.1845766804587478
7.895,0.16303381314489318,87.53521333823748,0,100,3.0,6,0.19871709580668284
7.9,0.13208310477486307,88.11753774701205,0,100,3.0,6,0.21024827221806042
7.905,0.10466285982723562,88.53926927071664,0,100,3.0,6,0.2185993914993395
7.91,0.08111733445917907,88.77902403173812,0,100,3.0,6,0.22334701052946768
7.915,0.06149084917398798,88.82443075630417,0,100,3.0,6,0.22424615359018152
7.92,0.04559141333598128,88.67312595457363,0,100,3.0,6,0.22125001890244822
7.925,0.03306217087257399,88.33294216334119,0,100,3.0,6,0.21451370620477597
7.93,0.02345067901074276,87.8212325486588,0,100,3.0,6,0.20438084254769898
7.935,0.016268788896435526,87.16340340705206,0,100,3.0,6,0.19135452291192195
7.94,0.011039026374860051,86.39082504390485,0,100,3.0,6,0.17605594146346246
7.945,0.007326255555493689,85.53835951391795,0,100,3.0,6,0.15917543591916739
7.95,0.0047556414315231815,84.64177552213825,0,100,3.0,6,0.1414212974680841
7.955,0.0030193390635632803,83.73531462915751,0,100,3.0,6,0.12347157681500029
7.96,0.001874953127946523,82.8496326055666,0,100,3.0,6,0.10593331892211084
7.965,0.0011387927410965778,82.01027424192745,0,100,3.0,6,0.0893123612262861
7.97,0.0006765107634274089,81.23676123804874,0,100,3.0,6,0.07399527204056917
7.975,0.00039307957404427924,80.54229383076677,0,100,3.0,6,0.06024344219340132
7.98,0.00022338910511776318,79.93399886750076,0,100,3.0,6,0.04819799737625271
7.985,0.00012417073320013317,79.41360807300065,0,100,3.0,6,0.037893229168329615
7.99,6.750753468904987e-05,78.97842407043797,0,100,3.0,6,0.029275724167088454
7.995,3.5897234866245036e-05,78.62242792395355,0,100,3.0,6,0.022226295523832713
8.0,1.8670050400879738e-05,78.33739682142036,0,100,3.0,6,0.016582115275650608
8.005,9.497421874143672e-06,78.11392816965889,0,100,3.0,6,0.0121569934585919
8.01,4.725434140340885e-06,77.9423002876319,0,100,3.0,6,0.008758421537265242
8.015,2.299606063738814e-06,77.81313404636992,0,100,3.0,6,0.006200674185543062
8.02,1.0945633976635486e-06,77.7178495995346,0,100,3.0,6,0.004313853456130745
8.025,5.095703414287532e-07,77.64893495872354,0,100,3.0,6,0.002949207103436511
8.03,2.3202944964797243e-07,77.60005756748029,0,100,3.0,6,0.0019813379699067666
8.035,1.0333746954038608e-07,77.56605666430328,0,100,3.0,6,0.0013080527584806965
8.04,4.501406988770349e-08,77.54285453088583,0,100,3.0,6,0.0008486045719966978
8.045,0.0,77.5273206016611,0,100,3.0,6,0.0005410020130911431
8.05,0.0,77.51711579911962,0,100,3.0,6,0.0003389267152400488
8.055,0.0,77.5105370128528,0,100,3.0,6,0.00020865371985730172
8.06,0.0,77.50637457516568,0,100,3.0,6,0.00012622921120157684
8.065,0.0,77.50378964379554,0,100,3.0,6,7.504245139688068e-05
8.07,0.0,77.50221390480374,0,100,3.0,6,4.3839699083937465e-05
8.075,0.0,77.50127096298368,0,100,3.0,6,2.5167583835287354e-05
8.08,0.0,77.5007170018383,0,100,3.0,6,1.4198056203890746e-05
8.085,0.0,77.5003974852742,0,100,3.0,6,7.870995528834317e-06
8.09,0.0,77.50021653855089,0,100,3.0,6,4.287892096780893e-06
8.095,0.0,77.50011592118605,0,100,3.0,6,2.2954690307145002e-06
8.1,0.0,77.50006098230187,0,100,3.0,6,1.2075703341564587e-06
8.105,0.001684486749771458,77.50003152522672,0,100,3.0,6,6.2426191519053e-07
8.11,0.00456624331333666,77.50001601496638,0,100,3.0,6,3.1712804707015015e-07
8.115,0.011079731271581421,77.5000079947935,0,100,3.0,6,1.5831274269955187e-07
8.12,0.024064571490409,77.50000392194843,0,100,3.0,6,7.766234521924243e-08
8.125,0.046784906529573234,77.50000189064467,0,100,3.0,6,3.743850828472529e-08
8.13,0.08141644351188804,77.50000089563562,0,100,3.0,6,1.7735358862482105e-08
8.135,0.12682276464025305,77.50000041693293,0,100,3.0,6,8.256097710880856e-09
8.14,0.1768320708657512,77.500000190728,0,100,3.0,6,3.776792124368188e-09
8.145,0.22070063230473494,77.50000008573855,0,100,3.0,6,1.697793043667213e-09
8.15,0.24656126505113576,77.50000003787487,0,100,3.0,6,7.499974151077107e-10
8.155,0.24656126505724016,77.50000001644143,0,100,3.0,6,3.255729327497872e-10
8.16,0.220700632329898,77.50000000701361,0,100,3.0,6,1.3888338663932835e-10
8.165,0.17683207093748562,77.50000000294007,0,100,3.0,6,5.821919843907777e-11
8.17,0.12682276483597799,77.50000000121112,0,100,3.0,6,2.3982576101051303e-11
8.175,0.08141644409447898,77.50000000049026,0,100,3.0,6,9.708124293460474e-12
8.18,0.04678490952598309,77.50000000019502,0,100,3.0,6,3.8616942427072695e-12
8.185,0.024064605020532023,77.50000000007623,0,100,3.0,6,1.5094460335117535e-12
8.19,0.011080171739334697,77.50000000002929,0,100,3.0,6,5.799717142184422e-13
8.195,0.004571212771509492,77.50000000001106,0,100,3.0,6,2.1893158353321106e-13
8.2,0.0017299316936037438,77.50000000000409,0,100,3.0,6,8.104408233620152e-14
8.205,0.0008899431850697582,77.50000000000149,0,100,3.0,6,2.9547321685073474e-14
8.21,0.002128806368910263,77.50000000000054,0,100,3.0,6,1.0693316419359924e-14
8.215,0.009309664818487698,77.50000000000018,0,100,3.0,6,3.6582398276757634e-15
8.22,0.03503263543368747,77.50000000000007,0,100,3.0,6,1.4070153183368321e-15
8.225,0.10606267793605692,77.50000000000003,0,100,3.0,6,5.628061273347328e-16
8.23,0.25734927343160535,77.5,0,100,3.0,6,0.0
8.235,0.5003202479539708,77.5,0,100,3.0,6,0.0
8.24,0.7793067891790435,77.5,0,100,3.0,6,0.0
8.245,0.9720477407234077,77.5000029632167,1,100,3.0,6,5.867755844249559e-08
8.25,0.967267334488097,77.50000549733163,0,100,3.0,6,1.0885805204227359e-07
8.255,0.7505869905515209,77.500010745098,0,100,3.0,6,2.1277421773006473e-07
8.26,0.4028369574773956,77.50002281109614,0,100,3.0,6,4.517048741472716e-07
8.265,0.04553881263121314,77.50005342195217,0,100,3.0,6,1.0578604390880938e-06
8.27,-0.189138810908105,77.50013615222329,0,100,3.0,6,2.696083629529096e-06
8.275,-0.22868072635956738,77.50036464520655,0,100,3.0,6,7.220697159313528e-06
8.28,-0.14104670682394166,77.50098936987865,0,100,3.0,6,1.9591482745598493e-05
8.285,-0.051158381651102834,77.50264736798302,0,100,3.0,6,5.242312837655692e-05
8.29,-0.008206426846427752,77.50687192276561,0,100,3.0,6,0.00013607767852696575
8.295,0.005350271385530505,77.51714436350638,0,100,3.0,6,0.00033949234666089644
8.3,0.01084668799215426,77.5409024303842,0,100,3.0,6,0.0008099491165186766
8.305,0.016256859896386415,77.59306177469023,0,100,3.0,6,0.0018428074196084581
8.31,0.02345021205790711,77.70162093155352,0,100,3.0,6,0.003992493694129122
8.315,0.0330621597308209,77.9156022259755,0,100,3.0,6,0.008229747049019897
8.32,0.04559141319943196,78.31468648046665,0,100,3.0,6,0.016132405553795005
8.325,0.06149084917446989,79.01828265856908,0,100,3.0,6,0.030065003139981734
8.33,0.08111733445924295,80.18962904237365,0,100,3.0,6,0.05325998103710204
8.335,0.1046628598272375,82.02862612095379,0,100,3.0,6,0.08967576477136215
8.34,0.1320831047748631,84.74684090773893,0,100,3.0,6,0.1435018001532461
8.345,0.16303381314489318,88.52107119930264,0,100,3.0,6,0.2182390336495572
8.35,0.19682662652900276,93.4288216152286,0,100,3.0,6,0.3154222102025465
8.355,0.23241585813229,99.37891285749788,0,100,3.0,6,0.43324579915837386
8.36,0.26842527782774417,106.05963075012654,0,100,3.0,6,0.5655372425767633
8.365,0.30321927900592993,112.93009024750643,0,100,3.0,6,0.7015859454951768
8.37,0.3350163137995362,119.27342720155521,0,100,3.0,6,0.827196578248618
8.375,0.3620352400956416,124.31254838188899,0,100,3.0,6,0.9269811560770097
8.38,0.3826586036805073,127.36571976337498,0,100,3.0,6,0.9874399953143561
8.385,0.39559233134833227,128.0,0,100,3.0,6,1.0
8.39,0.4,126.1352396918014,0,100,3.0,6,0.9630740533029981
8.395,0.39559233134833227,122.06446573505556,0,100,3.0,6,0.8824646680209023
8.4,0.3826586036805073,116.38377474881744,0,100,3.0,6,0.7699757376003454
8.405,0.3620352400956416,109.85508918464757,0,100,3.0,6,0.6406948353395558
8.41,0.3350163137995362,103.24550619578162,0,100,3.0,6,0.5098120038768637
8.415,0.3032192790059296,97.18971400740575,0,100,3.0,6,0.3898953268793219
8.42,0.26842527782774417,92.10783014594557,0,100,3.0,6,0.2892639632860509
8.425,0.23241585813229,88.18807433450235,0,100,3.0,6,0.21164503632677914
8.43,0.19682662652900276,85.42237917954567,0,100,3.0,6,0.15687879563456777
8.435,0.16303381314489318,83.67095773352906,0,100,3.0,7,0.12219718284215969
8.44,0.13208310477486307,82.73095402652275,0,100,3.0,7,0.1035832480499555
8.445,0.10466285982723562,82.39155633242602,0,100,3.0,7,0.09686250163219842
8.45,0.08111733445917907,82.46810248324722,0,100,3.0,7,0.0983782669949945
8.455,0.06149084917398798,82.8162323398421,0,100,3.0,7,0.10527192752162579
8.46,0.04559141333598128,83.33184622162923,0,100,3.0,7,0.1154821033985987
8.465,0.03306217087257399,83.94360114320315,0,100,3.0,7,0.1275960622416466
8.47,0.02345067901074276,84.60329658974611,0,100,3.0,7,0.14065933841081402
8.475,0.016268788896435526,85.27732370987843,0,100,3.0,7,0.1540064100966026
8.48,0.011039026374860051,85.94044020351633,0,100,3.0,7,0.16713742977260063
8.485,0.007326255555493689,86.57191545419312,0,100,3.0,7,0.17964189018204194
8.49,0.0047556414315231815,87.15353818842898,0,100,3.0,7,0.19115917204809865
8.495,0.0030193390635632803,87.66886771641644,0,100,3.0,7,0.20136371715676124
8.5,0.001874953127946523,88.10320849227708,0,100,3.0,7,0.20996452459954607
8.505,0.0011387927410965778,88.44394081009204,0,100,3.0,7,0.21671169920974345
8.51,0.0006765107634274089,88.68097357008227,0,100,3.0,7,0.22140541722935195
8.515,0.00039307957404427924,88.80717817181772,0,100,3.0,7,0.22390451825381633
8.52,0.00022338910511776318,88.81872116048007,0,100,3.0,7,0.224133092286734
8.525,0.00012417073320013317,88.71524935893724,0,100,3.0,7,0.22208414572152957
8.53,6.750753468904987e-05,88.49990506497181,0,100,3.0,7,0.21781990227666956
8.535,3.5897234866245036e-05,88.17916668185887,0,100,3.0,7,0.21146864716552224
8.54,1.8670050400879738e-05,87.76252474335166,0,100,3.0,7,0.20321831174953786
8.545,9.497421874143672e-06,87.26201550499496,0,100,3.0,7,0.19330723772267253
8.55,4.725434140340885e-06,86.69164394166727,0,100,3.0,7,0.18201275132014388
8.555,2.299606063738814e-06,86.06673466587762,0,100,3.0,7,0.16963831021539838
8.56,1.0945633976635486e-06,85.40325259759987,0,100,3.0,7,0.15650005143762127
8.565,5.095703414287532e-07,84.71713506982503,0,100,3.0,7,0.14291356573910957
8.57,2.3202944964797243e-07,84.0236736548582,0,100,3.0,7,0.12918165653184555
8.575,1.0333746954038608e-07,83.33697785004352,0,100,3.0,7,0.11558371980284207
8.58,4.501406988770349e-08,82.66954460259265,0,100,3.0,7,0.10236721985331983
8.585,0.0,82.03194835275565,0,100,3.0,7,0.08974155153971582
8.59,0.0,81.43265673814263,0,100,3.0,7,0.07787439085430942
8.595,0.0,80.8779681711764,0,100,3.0,7,0.06689045883517634
8.6,0.0,80.37205987265942,0,100,3.0,7,0.056872472725929116
8.605,0.0,79.91712911156813,0,100,3.0,7,0.047863942803329305
8.61,0.0,79.51360662946603,0,100,3.0,7,0.03987339860328763
8.615,0.0,79.16041955485304,0,100,3.0,7,0.032879595145604665
8.62,0.0,78.85528137531325,0,100,3.0,7,0.026837254956698097
8.625,0.0,78.59498841544392,0,100,3.0,7,0.021682938919681618
8.63,0.0,78.3757053491493,0,100,3.0,7,0.017340699983154448
8.635,0.0,78.19322609788179,0,100,3.0,7,0.013727249463005759
8.64,0.0,78.04320058572397,0,100,3.0,7,0.010756447242058731
8.645,0.0,77.92132184618897,0,100,3.0,7,0.008343006855227205
8.65,0.0,77.8234715958923,0,100,3.0,7,0.006405378136481197
8.655,0.0,77.74582539602555,0,100,3.0,7,0.004867829624268354
8.66,0.0,77.68492080162991,0,100,3.0,7,0.0036617980520775133
8.665,0.0,77.63769342762592,0,100,3.0,7,0.0027266025272459243
8.67,0.0,77.60148668769034,0,100,3.0,7,0.002009637380006728
8.675,0.0,77.57404118642393,0,100,3.0,7,0.0014661621074044816
8.68,0.0,77.55346949517225,0,100,3.0,7,0.001058801884599038
8.685,0.0,77.53822145556238,0,100,3.0,7,0.0007568605061857226
8.69,0.0,77.52704436469891,0,100,3.0,7,0.000535531974235829
8.695,0.0,77.51894151749174,0,100,3.0,7,0.0003750795542918812
8.7,0.0,77.51313170683527,0,100,3.0,7,0.0002600337987181626
8.705,0.0,77.50901147768072,0,100,3.0,7,0.00017844510258842634
8.71,0.0,77.50612123803161,0,100,3.0,7,0.00012121263428932055
8.715,0.0,77.50411576858578,0,100,3.0,7,8.150036803518596e-05
8.72,0.0,77.50273924609893,0,100,3.0,7,5.424249700843908e-05
8.725,0.0,77.50180459429171,0,100,3.0,7,3.57345404299534e-05
8.73,0.0,77.50117678339156,0,100,3.0,7,2.3302641416970764e-05
8.735,0.0,77.50075959466382,0,100,3.0,7,1.5041478491465937e-05
8.74,0.0,77.50048532839759,0,100,3.0,7,9.610463318567061e-06
8.745,0.0,77.50030694313577,0,100,3.0,7,6.078081896410565e-06
8.75,0.0,77.50019215362033,0,100,3.0,7,3.8050221848048875e-06
8.755,0.0,77.50011907144956,0,100,3.0,7,2.3578504863503486e-06
8.76,0.0,77.50007303568952,0,100,3.0,7,1.4462512777160133e-06
8.765,0.0,77.50004434361045,0,100,3.0,7,8.780912961324562e-07
8.77,0.0,77.50002664988816,0,100,3.0,7,5.277205575409182e-07
8.775,0.0,77.50001585360943,0,100,3.0,7,3.1393285992338196e-07
8.78,0.0,77.50000933532286,0,100,3.0,7,1.8485787837328256e-07
8.785,0.0,77.50000544125342,0,100,3.0,7,1.0774759249837342e-07
8.79,0.0,77.50000313933013,0,100,3.0,7,6.21649531235607e-08
8.795,0.0,77.5000017928479,0,100,3.0,7,3.550193855066891e-08
8.8,0.0,77.50000101348735,0,100,3.0,7,2.006905641891454e-08
8.805,0.0,77.50000056710259,0,100,3.0,7,1.1229754235419834e-08
8.81,0.001684486749771458,77.50000031410393,0,100,3.0,7,6.219879775143103e-09
8.815,0.00456624331333666,77.50000017220808,0,100,3.0,7,3.410060898123348e-09
8.82,0.011079731271581421,77.5000000934549,0,100,3.0,7,1.8505920932079565e-09
8.825,0.024064571490409,77.50000005020178,0,100,3.0,7,9.940945932216307e-10
8.83,0.046784906529573234,77.50000002669344,0,100,3.0,7,5.285830123437624e-10
8.835,0.08141644351188804,77.50000001404942,0,100,3.0,7,2.782063248641051e-10
8.84,0.12682276464025305,77.50000000731949,0,100,3.0,7,1.4494030618170475e-10
8.845,0.1768320708657512,77.5000000037746,0,100,3.0,7,7.474459335294387e-11
8.85,0.22070063230473494,77.50000000192678,0,100,3.0,7,3.815403438733987e-11
8.855,0.24656126505113576,77.50000000097354,0,100,3.0,7,1.9278079682660272e-11
8.86,0.24656126505724016,77.50000000048692,0,100,3.0,7,9.641994573498643e-12
8.865,0.220700632329898,77.50000000024106,0,100,3.0,7,4.7734401689895364e-12
8.87,0.17683207093748562,77.50000000011812,0,100,3.0,7,2.3390222652031495e-12
8.875,0.12682276483597799,77.5000000000573,0,100,3.0,7,1.1346171527068214e-12
8.88,0.08141644409447898,77.50000000002751,0,100,3.0,7,5.447963312600213e-13
8.885,0.04678490952598309,77.50000000001307,0,100,3.0,7,2.588908185739771e-13
8.89,0.024064605020532023,77.50000000000615,0,100,3.0,7,1.2184752656796966e-13
8.895,0.011080171739334697,77.50000000000287,0,100,3.0,7,5.684341886080802e-14
8.9,0.004571212771509492,77.50000000000132,0,100,3.0,7,2.6170484921065077e-14
8.905,0.0017299316936037438,77.5000000000006,0,100,3.0,7,1.1818928674029389e-14
8.91,0.0008899431850697582,77.50000000000027,0,100,3.0,7,5.346658209679962e-15
8.915,0.002128806368910263,77.50000000000013,0,100,3.0,7,2.5326275730062976e-15
8.92,0.009309664818487698,77.50000000000006,0,100,3.0,7,1.1256122546694657e-15
8.925,0.03503263543368747,77.50000000000003,0,100,3.0,7,5.628061273347328e-16
8.93,0.10606267793605692,77.50000000000001,0,100,3.0,7,2.814030636673664e-16
8.935,0.25734927343160535,77.5,0,100,3.0,7,0.0
8.94,0.5003202479539708,77.5,0,100,3.0,7,0.0
8.945,0.7793067891790435,77.5,0,100,3.0,7,0.0
8.95,0.9720477407234077,77.50000295858521,1,100,3.0,7,5.858584580720963e-08
8.955,0.967267334488097,77.50000627158161,0,100,3.0,7,1.2418973487865964e-07
8.96,0.7505869905515209,77.50001448202111,0,100,3.0,7,2.867726953417611e-07
8.965,0.4028369574773956,77.5000381880034,0,100,3.0,7,7.56198087153937e-07
8.97,0.04553881263121314,77.50011515393722,0,100,3.0,7,2.2802759844742666e-06
8.975,-0.189138810908105,77.5003768133724,0,100,3.0,7,7.461650938574905e-06
8.98,-0.22868072635956738,77.50125530195008,0,100,3.0,7,2.4857464358047304e-05
8.985,-0.14104670682394166,77.50407161723201,0,100,3.0,7,8.062608380226824e-05
8.99,-0.051158381651102834,77.5125498908563,0,100,3.0,7,0.00024851269022388076
8.995,-0.008206426846427752,77.53632357375037,0,100,3.0,7,0.0007192786881260548
9.0,0.005350271385530505,77.59816032657108,0,100,3.0,7,0.0019437688429916036
9.005,0.01084668799215426,77.74699421583978,0,100,3.0,7,0.004890974571084695
9.01,0.016256859896386415,78.0778955905149,0,100,3.0,7,0.011443477039898991
9.015,0.02345021205790711,78.75638253739591,0,100,3.0,7,0.024878862126651635
9.02,0.0330621597308209,80.03714578164362,0,100,3.0,7,0.050240510527596365
9.025,0.04559141319943196,82.2581074321164,0,100,3.0,7,0.09421994915081988
9.03,0.06149084917446989,85.78593960996649,0,100,3.0,7,0.16407801207854436
9.035,0.08111733445924295,90.89811556558197,0,100,3.0,7,0.26530921912043515
9.04,0.1046628598272375,97.61546592808551,0,100,3.0,7,0.39832605798189136
9.045,0.1320831047748631,105.5415466537269,0,100,3.0,7,0.5552781515589484
9.05,0.16303381314489318,113.79708988561208,0,100,3.0,7,0.7187542551606353
9.055,0.19682662652900276,121.12822094684294,0,100,3.0,7,0.8639251672642168
9.06,0.23241585813229,126.20143333597863,0,100,3.0,7,0.9643848185342304
9.065,0.26842527782774417,128.0,0,100,3.0,7,1.0
9.07,0.30321927900592993,126.16275066678318,0,100,3.0,7,0.9636188250848154
9.075,0.3350163137995362,121.1116044575634,0,100,3.0,7,0.8635961278725426
9.08,0.3620352400956416,113.90717007869759,0,100,3.0,7,0.7209340609643087
9.085,0.3826586036805073,105.90088318147954,0,100,3.0,7,0.5623937263659315
9.09,0.39559233134833227,98.34046706321053,0,100,3.0,7,0.41268251610317874
9.095,0.4,92.08499814602648,0,100,3.0,7,0.28881184447577185
9.1,0.39559233134833227,87.50864038323002,0,100,3.0,7,0.1981908986778221
9.105,0.3826586036805073,84.57442275691706,0,100,3.0,7,0.14008757934489227
9.11,0.3620352400956416,82.99710802083918,0,100,3.0,7,0.10885362417503323
9.115,0.3350163137995362,82.40804661099806,0,100,3.0,7,0.09718904180194171
9.12,0.3032192790059296,82.46851319639717,0,100,3.0,7,0.0983863999286568
9.125,0.26842527782774417,82.92004890238644,0,100,3.0,7,0.10732770103735526
9.13,0.23241585813229,83.58796849171559,0,100,3.0,7,0.12055383151912051
9.135,0.19682662652900276,84.36197804515345,0,100,3.0,7,0.13588075336937525
9.14,0.16303381314489318,85.17248310799981,0,100,3.0,7,0.15193035857425366
9.145,0.13208310477486307,85.97196310008664,0,100,3.0,7,0.1677616455462701
9.15,0.10466285982723562,86.72363196440325,0,100,3.0,7,0.18264617751293571
9.155,0.08111733445917907,87.39605351764324,0,100,3.0,7,0.1959614557949156
9.16,0.06149084917398798,87.9615095120021,0,100,3.0,7,0.20715860419806129
9.165,0.04559141333598128,88.39629447802281,0,100,3.0,7,0.2157682074856002
9.17,0.03306217087257399,88.6817572080628,0,100,3.0,7,0.22142093481312486
9.175,0.02345067901074276,88.80541912343043,0,100,3.0,7,0.2238696856124837
9.18,0.016268788896435526,88.761813641984,0,100,3.0,7,0.22300621073235655
9.185,0.011039026374860051,88.55286824522712,0,100,3.0,7,0.21886867812330923
9.19,0.007326255555493689,88.18775826412227,0,100,3.0,7,0.2116387775073716
9.195,0.0047556414315231815,87.68223746822366,0,100,3.0,7,0.20162846471730023
9.2,0.0030193390635632803,87.05751062541435,0,100,3.0,7,0.18925763614681884
9.205,0.001874953127946523,86.33875969754904,0,100,3.0,7,0.17502494450592151
9.21,0.0011387927410965778,85.55346606508107,0,100,3.0,7,0.15947457554615976
9.215,0.0006765107634274089,84.72968388537797,0,100,3.0,7,0.14316205713619734
9.22,0.00039307957404427924,83.8944140290608,0,100,3.0,7,0.12662205998140194
9.225,0.00022338910511776318,83.07220603434823,0,100,3.0,7,0.11034071355145003
9.23,0.00012417073320013317,82.2840812711329,0,100,3.0,7,0.09473428259669119
9.235,6.750753468904987e-05,81.54682943609703,0,100,3.0,7,0.08013523635835698
9.24,3.5897234866245036e-05,80.87268841585063,0,100,3.0,7,0.06678590922476499
9.245,1.8670050400879738e-05,80.26937973963246,0,100,3.0,7,0.054839202764999116
9.25,9.497421874143672e-06,79.7404423296401,0,100,3.0,7,0.04436519464633868
9.255,4.725434140340885e-06,79.28578839837682,0,100,3.0,7,0.03536214650251135
9.26,2.299606063738814e-06,78.90239771037702,0,100,3.0,7,0.02777025169063399
9.265,1.0945633976635486e-06,78.58506900977153,0,100,3.0,7,0.021486515044980795
9.27,5.095703414287532e-07,78.32715803895881,0,100,3.0,7,0.016379367108095323
9.275,2.3202944964797243e-07,78.12124742111936,0,100,3.0,7,0.012301929131076509
9.28,1.0333746954038608e-07,77.95971182173484,0,100,3.0,7,0.009103204390788959
9.285,4.501406988770349e-08,77.83515963913185,0,100,3.0,7,0.006636824537264261
9.29,0.0,77.74074802073012,0,100,3.0,7,0.004767287539210363
9.295,0.0,77.67038003596295,0,100,3.0,7,0.003373862098276232
9.3,0.0,77.61880087924757,0,100,3.0,7,0.0023524926583677777
9.305,0.0,77.5816141709287,0,100,3.0,7,0.001616122196607968
9.31,0.0,77.5552403549693,0,100,3.0,7,0.0010938684152336571
9.315,0.0,77.53683768391573,0,100,3.0,7,0.0007294590874402959
9.32,0.0,77.52420321967791,0,100,3.0,7,0.00047927167679039497
9.325,0.0,77.51566747236087,0,100,3.0,7,0.0003102469774430597
9.33,0.0,77.50999239747283,0,100,3.0,7,0.00019786925688769166
9.335,0.0,77.50627892699517,0,100,3.0,7,0.00012433518802307088
9.34,0.0,77.50388728278739,0,100,3.0,7,7.697589677997649e-05
9.345,0.0,77.50237111056772,0,100,3.0,7,4.695268450935074e-05
9.35,0.0,77.50142495925365,0,100,3.0,7,2.8217014923849084e-05
9.355,0.0,77.5008437194384,0,100,3.0,7,1.6707315611742756e-05
9.36,0.0,77.50049219662667,0,100,3.0,7,9.746467854781015e-06
9.365,0.0,77.50028289428887,0,100,3.0,7,5.601867106388634e-06
9.37,0.0,77.500160197117,0,100,3.0,7,3.172220138565373e-06
9.375,0.0,77.50008937790716,0,100,3.0,7,1.769859547701092e-06
9.38,0.0,77.50004913043793,0,100,3.0,7,9.728799590006794e-07
9.385,0.0,77.50002660823445,0,100,3.0,7,5.268957316743446e-07
9.39,0.0,77.50001419797643,0,100,3.0,7,2.811480480503822e-07
9.395,0.001684486749771458,77.50000746417498,0,100,3.0,7,1.4780544524280167e-07
9.4,0.00456624331333666,77.50000386618065,0,100,3.0,7,7.6558032643865e-08
9.405,0.011079731271581421,77.50000197300162,0,100,3.0,7,3.906933893676528e-08
9.41,0.024064571490409,77.5000009920138,0,100,3.0,7,1.9643837535707885e-08
9.415,0.046784906529573234,77.50000049142014,0,100,3.0,7,9.731091848710877e-09
9.42,0.08141644351188804,77.50000023984637,0,100,3.0,7,4.749433110821946e-09
9.425,0.12682276464025305,77.50000011533426,0,100,3.0,7,2.2838467223006982e-09
9.43,0.1768320708657512,77.50000005464224,0,100,3.0,7,1.0820246085257727e-09
9.435,0.22070063230473494,77.50000002550607,0,100,3.0,7,5.050706607620992e-10
9.44,0.24656126505113576,77.50000001173015,0,100,3.0,7,2.3228021926133627e-10
9.445,0.24656126505724016,77.50000000531507,0,100,3.0,7,1.0524896685755005e-10
9.45,0.220700632329898,77.50000000237279,0,100,3.0,7,4.698586954054017e-11
9.455,0.17683207093748562,77.50000000104365,0,100,3.0,7,2.066624099573139e-11
9.46,0.12682276483597799,77.50000000045226,0,100,3.0,7,8.955652501213936e-12
9.465,0.08141644409447898,77.5000000001931,0,100,3.0,7,3.823704829112175e-12
9.47,0.04678490952598309,77.50000000008123,0,100,3.0,7,1.6084999119226663e-12
9.475,0.024064605020532023,77.50000000003367,0,100,3.0,7,6.66643857827991e-13
9.48,0.011080171739334697,77.50000000001374,0,100,3.0,7,2.7211676256634333e-13
9.485,0.004571212771509492,77.50000000000553,0,100,3.0,7,1.0946579176660553e-13
9.49,0.0017299316936037438,77.50000000000219,0,100,3.0,7,4.333607180477443e-14
9.495,0.0008899431850697582,77.50000000000085,0,100,3.0,7,1.6884183820041984e-14
9.5,0.002128806368910263,77.50000000000033,0,100,3.0,7,6.472270464349428e-15
9.505,0.009309664818487698,77.50000000000013,0,100,3.0,7,2.5326275730062976e-15
9.51,0.03503263543368747,77.50000000000004,0,100,3.0,7,8.442091910020992e-16
9.515,0.10606267793605692,77.50000000000001,0,100,3.0,7,2.814030636673664e-16
9.52,0.25734927343160535,77.5,0,100,3.0,7,0.0
9.525,0.5003202479539708,77.5,0,100,3.0,7,0.0
9.53,0.7793067891790435,77.5,0,100,3.0,7,0.0
9.535,0.9720477407234077,77.50000295858521,1,100,3.0,7,5.858584580720963e-08
9.54,0.967267334488097,77.50000627158161,0,100,3.0,7,1.2418973487865964e-07
9.545,0.7505869905515209,77.50001448202111,0,100,3.0,7,2.867726953417611e-07
9.55,0.4028369574773956,77.5000381880034,0,100,3.0,7,7.56198087153937e-07
9.555,0.04553881263121314,77.50011515393722,0,100,3.0,7,2.2802759844742666e-06
9.56,-0.189138810908105,77.5003768133724,0,100,3.0,7,7.461650938574905e-06
9.565,-0.22868072635956738,77.50125530195008,0,100,3.0,7,2.4857464358047304e-05
9.57,-0.14104670682394166,77.50407161723201,0,100,3.0,7,8.062608380226824e-05
9.575,-0.051158381651102834,77.5125498908563,0,100,3.0,7,0.00024851269022388076
9.58,-0.008206426846427752,77.53632357375037,0,100,3.0,7,0.0007192786881260548
9.585,0.005350271385530505,77.59816032657108,0,100,3.0,7,0.0019437688429916036
9.59,0.01084668799215426,77.74699421583978,0,100,3.0,7,0.004890974571084695
9.595,0.016256859896386415,78.0778955905149,0,100,3.0,7,0.011443477039898991
9.6,0.02345021205790711,78.75638253739591,0,100,3.0,7,0.024878862126651635
9.605,0.0330621597308209,80.03714578164362,0,100,3.0,7,0.050240510527596365
9.61,0.04559141319943196,82.2581074321164,0,100,3.0,7,0.09421994915081988
9.615,0.06149084917446989,85.78593960996649,0,100,3.0,7,0.16407801207854436
9.62,0.08111733445924295,90.89811556558197,0,100,3.0,7,0.26530921912043515
9.625,0.1046628598272375,97.61546592808551,0,100,3.0,7,0.39832605798189136
9.63,0.1320831047748631,105.5415466537269,0,100,3.0,7,0.5552781515589484
9.635,0.16303381314489318,113.79708988561208,0,100,3.0,7,0.7187542551606353
9.64,0.19682662652900276,121.12822094684294,0,100,3.0,8,0.8639251672642168
9.645,0.23241585813229,126.20143333597863,0,100,3.0,8,0.9643848185342304
9.65,0.26842527782774417,128.0,0,100,3.0,8,1.0
9.655,0.30321927900592993,126.16275066678318,0,100,3.0,8,0.9636188250848154
9.66,0.3350163137995362,121.1116044575634,0,100,3.0,8,0.8635961278725426
9.665,0.3620352400956416,113.90717007869759,0,100,3.0,8,0.7209340609643087
9.67,0.3826586036805073,105.90088318147954,0,100,3.0,8,0.5623937263659315
9.675,0.39559233134833227,98.34046706321053,0,100,3.0,8,0.41268251610317874
9.68,0.4,92.08499814602648,0,100,3.0,8,0.28881184447577185
9.685,0.39559233134833227,87.50864038323002,0,100,3.0,8,0.1981908986778221
9.69,0.3826586036805073,84.57442275691706,0,100,3.0,8,0.14008757934489227
9.695,0.3620352400956416,82.99710802083918,0,100,3.0,8,0.10885362417503323
9.7,0.3350163137995362,82.40804661099806,0,100,3.0,8,0.09718904180194171
9.705,0.3032192790059296,82.46851319639717,0,100,3.0,8,0.0983863999286568
9.71,0.26842527782774417,82.92004890238644,0,100,3.0,8,0.10732770103735526
9.715,0.23241585813229,83.58796849171559,0,100,3.0,8,0.12055383151912051
9.72,0.19682662652900276,84.36197804515345,0,100,3.0,8,0.13588075336937525
9.725,0.16303381314489318,85.17248310799981,0,100,3.0,8,0.15193035857425366
9.73,0.13208310477486307,85.97196310008664,0,100,3.0,8,0.1677616455462701
9.735,0.10466285982723562,86.72363196440325,0,100,3.0,8,0.18264617751293571
9.74,0.08111733445917907,87.39605351764324,0,100,3.0,8,0.1959614557949156
9.745,0.06149084917398798,87.9615095120021,0,100,3.0,8,0.20715860419806129
9.75,0.04559141333598128,88.39629447802281,0,100,3.0,8,0.2157682074856002
9.755,0.03306217087257399,88.6817572080628,0,100,3.0,8,0.22142093481312486
9.76,0.02345067901074276,88.80541912343043,0,100,3.0,8,0.2238696856124837
9.765,0.016268788896435526,88.761813641984,0,100,3.0,8,0.22300621073235655
9.77,0.011039026374860051,88.55286824522712,0,100,3.0,8,0.21886867812330923
9.775,0.007326255555493689,88.18775826412227,0,100,3.0,8,0.2116387775073716
9.78,0.0047556414315231815,87.68223746822366,0,100,3.0,8,0.20162846471730023
9.785,0.0030193390635632803,87.05751062541435,0,100,3.0,8,0.18925763614681884
9.79,0.001874953127946523,86.33875969754904,0,100,3.0,8,0.17502494450592151
9.795,0.0011387927410965778,85.55346606508107,0,100,3.0,8,0.15947457554615976
9.8,0.0006765107634274089,84.72968388537797,0,100,3.0,8,0.14316205713619734
9.805,0.00039307957404427924,83.8944140290608,0,100,3.0,8,0.12662205998140194
9.81,0.00022338910511776318,83.07220603434823,0,100,3.0,8,0.11034071355145003
9.815,0.00012417073320013317,82.2840812711329,0,100,3.0,8,0.09473428259669119
9.82,6.750753468904987e-05,81.54682943609703,0,100,3.0,8,0.08013523635835698
9.825,3.5897234866245036e-05,80.87268841585063,0,100,3.0,8,0.06678590922476499
9.83,1.8670050400879738e-05,80.26937973963246,0,100,3.0,8,0.054839202764999116
9.835,9.497421874143672e-06,79.7404423296401,0,100,3.0,8,0.04436519464633868
9.84,4.725434140340885e-06,79.28578839837682,0,100,3.0,8,0.03536214650251135
9.845,2.299606063738814e-06,78.90239771037702,0,100,3.0,8,0.02777025169063399
9.85,1.0945633976635486e-06,78.58506900977153,0,100,3.0,8,0.021486515044980795
9.855,5.095703414287532e-07,78.32715803895881,0,100,3.0,8,0.016379367108095323
9.86,2.3202944964797243e-07,78.12124742111936,0,100,3.0,8,0.012301929131076509
9.865,1.0333746954038608e-07,77.95971182173484,0,100,3.0,8,0.009103204390788959
9.87,4.501406988770349e-08,77.83515963913185,0,100,3.0,8,0.006636824537264261
9.875,0.0,77.74074802073012,0,100,3.0,8,0.004767287539210363
9.88,0.0,77.67038003596295,0,100,3.0,8,0.003373862098276232
9.885,0.0,77.61880087924757,0,100,3.0,8,0.0023524926583677777
9.89,0.0,77.5816141709287,0,100,3.0,8,0.001616122196607968
9.895,0.0,77.5552403549693,0,100,3.0,8,0.0010938684152336571
9.9,0.0,77.53683768391573,0,100,3.0,8,0.0007294590874402959
9.905,0.0,77.52420321967791,0,100,3.0,8,0.00047927167679039497
9.91,0.0,77.51566747236087,0,100,3.0,8,0.0003102469774430597
9.915,0.0,77.50999239747283,0,100,3.0,8,0.00019786925688769166
9.92,0.0,77.50627892699517,0,100,3.0,8,0.00012433518802307088
9.925,0.0,77.50388728278739,0,100,3.0,8,7.697589677997649e-05
9.93,0.0,77.50237111056772,0,100,3.0,8,4.695268450935074e-05
9.935,0.0,77.50142495925365,0,100,3.0,8,2.8217014923849084e-05
9.94,0.0,77.5008437194384,0,100,3.0,8,1.6707315611742756e-05
9.945,0.0,77.50049219662667,0,100,3.0,8,9.746467854781015e-06
9.95,0.0,77.50028289428887,0,100,3.0,8,5.601867106388634e-06
9.955,0.0,77.500160197117,0,100,3.0,8,3.172220138565373e-06
9.96,0.0,77.50008937790716,0,100,3.0,8,1.769859547701092e-06
9.965,0.0,77.50004913043793,0,100,3.0,8,9.728799590006794e-07
9.97,0.0,77.50002660823445,0,100,3.0,8,5.268957316743446e-07
9.975,0.0,77.50001419797643,0,100,3.0,8,2.811480480503822e-07
9.98,0.001684486749771458,77.50000746417498,0,100,3.0,8,1.4780544524280167e-07
9.985,0.00456624331333666,77.50000386618065,0,100,3.0,8,7.6558032643865e-08
9.99,0.011079731271581421,77.50000197300162,0,100,3.0,8,3.906933893676528e-08
9.995,0.024064571490409,77.5000009920138,0,100,3.0,8,1.9643837535707885e-08
10.0,0.046784906529573234,77.50000049142014,0,100,3.0,8,9.731091848710877e-09
10.005,0.08141644351188804,77.50000023984637,0,100,3.0,8,4.749433110821946e-09
10.01,0.12682276464025305,77.50000011533426,0,100,3.0,8,2.2838467223006982e-09
10.015,0.1768320708657512,77.50000005464224,0,100,3.0,8,1.0820246085257727e-09
10.02,0.22070063230473494,77.50000002550607,0,100,3.0,8,5.050706607620992e-10
10.025,0.24656126505113576,77.50000001173015,0,100,3.0,8,2.3228021926133627e-10
10.03,0.24656126505724016,77.50000000531507,0,100,3.0,8,1.0524896685755005e-10
10.035,0.220700632329898,77.50000000237279,0,100,3.0,8,4.698586954054017e-11
10.04,0.17683207093748562,77.50000000104365,0,100,3.0,8,2.066624099573139e-11
10.045,0.12682276483597799,77.50000000045226,0,100,3.0,8,8.955652501213936e-12
10.05,0.08141644409447898,77.5000000001931,0,100,3.0,8,3.823704829112175e-12
10.055,0.04678490952598309,77.50000000008123,0,100,3.0,8,1.6084999119226663e-12
10.06,0.024064605020532023,77.50000000003367,0,100,3.0,8,6.66643857827991e-13
10.065,0.011080171739334697,77.50000000001374,0,100,3.0,8,2.7211676256634333e-13
10.07,0.004571212771509492,77.50000000000553,0,100,3.0,8,1.0946579176660553e-13
10.075,0.0017299316936037438,77.50000000000219,0,100,3.0,8,4.333607180477443e-14
10.08,0.0008899431850697582,77.50000000000085,0,100,3.0,8,1.6884183820041984e-14
10.085,0.002128806368910263,77.50000000000033,0,100,3.0,8,6.472270464349428e-15
10.09,0.009309664818487698,77.50000000000013,0,100,3.0,8,2.5326275730062976e-15
10.095,0.03503263543368747,77.50000000000004,0,100,3.0,8,8.442091910020992e-16
10.1,0.10606267793605692,77.50000000000001,0,100,3.0,8,2.814030636673664e-16
10.105,0.25734927343160535,77.5,0,100,3.0,8,0.0
10.11,0.5003202479539708,77.5,0,100,3.0,8,0.0
10.115,0.7793067891790435,77.5,0,100,3.0,8,0.0
10.12,0.9720477407234077,77.5000029632167,1,100,3.0,8,5.867755844249559e-08
10.125,0.967267334488097,77.50000655696266,0,100,3.0,8,1.298408447513397e-07
10.13,0.7505869905515209,77.50001601034491,0,100,3.0,8,3.170365328240241e-07
10.135,0.4028369574773956,77.50004544101657,0,100,3.0,8,8.99822110244317e-07
10.14,0.04553881263121314,77.50014869178591,0,100,3.0,8,2.9443918001921736e-06
10.145,-0.189138810908105,77.50052429040315,0,100,3.0,8,1.0381988181169357e-05
10.15,-0.22868072635956738,77.50185613108916,0,100,3.0,8,3.675507107238833e-05
10.155,-0.14104670682394166,77.50631081326587,0,100,3.0,8,0.0001249665993241544
10.16,-0.051158381651102834,77.52014975748361,0,100,3.0,8,0.000399005098685312
10.165,-0.008206426846427752,77.55979081098688,0,100,3.0,8,0.001183976455185793
10.17,0.005350271385530505,77.66409531549888,0,100,3.0,8,0.003249412188096704
10.175,0.01084668799215426,77.9156022259755,0,100,3.0,8,0.008229747049019897
10.18,0.016256859896386415,78.47030047466006,0,100,3.0,8,0.019213870785347805
10.185,0.02345021205790711,79.58710350394266,0,100,3.0,8,0.04132878225629024
10.19,0.0330621597308209,81.63493153707977,0,100,3.0,8,0.0818798324174211
10.195,0.04559141319943196,85.04422605737544,0,100,3.0,8,0.14939061499753345
10.2,0.06149084917446989,90.17506082931254,0,100,3.0,8,0.2509913035507434
10.205,0.08111733445924295,97.10922237651356,0,100,3.0,8,0.38830143319828825
10.21,0.1046628598272375,105.4348054683108,0,100,3.0,8,0.5531644647190257
10.215,0.1320831047748631,114.14543827115567,0,100,3.0,8,0.7256522429931815
10.22,0.16303381314489318,121.77068305917047,0,100,3.0,8,0.8766471892905042
10.225,0.19682662652900276,126.76053431716763,0,100,3.0,8,0.9754561250924282
10.23,0.23241585813229,128.0,0,100,3.0,8,1.0
10.235,0.26842527782774417,125.22328551958378,0,100,3.0,8,0.9450155548432432
10.24,0.30321927900592993,119.11876940758584,0,100,3.0,8,0.8241340476749672
10.245,0.3350163137995362,111.06952938464173,0,100,3.0,8,0.6647431561315194
10.25,0.3620352400956416,102.6640997429807,0,100,3.0,8,0.4982990048114989
10.255,0.3826586036805073,95.21435532988534,0,100,3.0,8,0.35077931346307595
10.26,0.39559233134833227,89.47593013908856,0,100,3.0,8,0.23714713146710023
10.265,0.4,85.62914672129747,0,100,3.0,8,0.16097320240193017
10.27,0.39559233134833227,83.44602405169233,0,100,3.0,8,0.11774305052856106
10.275,0.3826586036805073,82.51418034326288,0,100,3.0,8,0.09929069986659167
10.28,0.3620352400956416,82.41498968684074,0,100,3.0,8,0.09732652845229191
10.285,0.3350163137995362,82.8162323398421,0,100,3.0,8,0.10527192752162579
10.29,0.3032192790059296,83.49152410841626,0,100,3.0,8,0.11864404175081698
10.295,0.26842527782774417,84.29989131592993,0,100,3.0,8,0.1346513131867312
10.3,0.23241585813229,85.15492185345755,0,100,3.0,8,0.15158261095955547
10.305,0.19682662652900276,85.99944257654766,0,100,3.0,8,0.16830579359500328
10.31,0.16303381314489318,86.7900828794801,0,100,3.0,8,0.18396203721742763
10.315,0.13208310477486307,87.49011325161499,0,100,3.0,8,0.19782402478445515
10.32,0.10466285982723562,88.06741819367026,0,100,3.0,8,0.20925580581525274
10.325,0.08111733445917907,88.49500148369576,0,100,3.0,8,0.21772280165734176
10.33,0.06149084917398798,88.7523881564347,0,100,3.0,8,0.22281956745415257
10.335,0.04559141333598128,88.82702867957946,0,100,3.0,8,0.22429759761543477
10.34,0.03306217087257399,88.71524935893724,0,100,3.0,8,0.22208414572152957
10.345,0.02345067901074276,88.42253532440515,0,100,3.0,8,0.2162878282060425
10.35,0.016268788896435526,87.96308039899121,0,100,3.0,8,0.20718971087111307
10.355,0.011039026374860051,87.35864540324948,0,100,3.0,8,0.1952207010544452
10.36,0.007326255555493689,86.6368502846674,0,100,3.0,8,0.1809277284092555
10.365,0.0047556414315231815,85.82908607103306,0,100,3.0,8,0.16493239744619922
10.37,0.0030193390635632803,84.96826586573214,0,100,3.0,8,0.14788645278677495
10.375,0.001874953127946523,84.08663760203554,0,100,3.0,8,0.13042846736704033
10.38,0.0011387927410965778,83.2138567338529,0,100,3.0,8,0.11314567789807708
10.385,0.0006765107634274089,82.37547016896139,0,100,3.0,8,0.09654396374180961
10.39,0.00039307957404427924,81.5919021412145,0,100,3.0,8,0.08102776517256444
10.395,0.00022338910511776318,80.8779681711764,0,100,3.0,8,0.06689045883517634
10.4,0.00012417073320013317,80.24288403167223,0,100,3.0,8,0.054314535280638274
10.405,6.750753468904987e-05,79.69068996060383,0,100,3.0,8,0.043379999219877896
10.41,3.5897234866245036e-05,79.22098057593206,0,100,3.0,8,0.03407882328578337
10.415,1.8670050400879738e-05,78.82981919714364,0,100,3.0,8,0.026333053408784855
10.42,9.497421874143672e-06,78.51071987622515,0,100,3.0,8,0.0200142549747555
10.425,4.725434140340885e-06,78.25559764113524,0,100,3.0,8,0.014962329527430474
10.43,2.299606063738814e-06,78.05561243800646,0,100,3.0,8,0.011002226495177486
10.435,1.0945633976635486e-06,77.90186011486975,0,100,3.0,8,0.007957626037024722
10.44,5.095703414287532e-07,77.78589030472493,0,100,3.0,8,0.00566119415296891
10.445,2.3202944964797243e-07,77.70005321255698,0,100,3.0,8,0.003961449753603574
10.45,1.0333746954038608e-07,77.63769342762592,0,100,3.0,8,0.0027266025272459243
10.455,4.501406988770349e-08,77.59321857741432,0,100,3.0,8,0.001845912424045926
10.46,0.0,77.56207451138886,0,100,3.0,8,0.0012291982453239098
10.465,0.0,77.54065797339315,0,100,3.0,8,0.0008051083840228168
10.47,0.0,77.5261938733732,0,100,3.0,8,0.0005186905618455908
10.475,0.0,77.51659874675121,0,100,3.0,8,0.0003286880544794825
10.48,0.0,77.51034599949604,0,100,3.0,8,0.00020487127714928458
10.485,0.0,77.50634294850691,0,100,3.0,8,0.00012560294073093452
10.49,0.0,77.50382500050979,0,100,3.0,8,7.574258435232031e-05
10.495,0.0,77.50226878523836,0,100,3.0,8,4.4926440363503776e-05
10.5,0.0,77.5013236612559,0,100,3.0,8,2.6211113978129872e-05
10.505,0.0,77.50075959466382,0,100,3.0,8,1.5041478491465937e-05
10.51,0.0,77.50042875434282,0,100,3.0,8,8.490185006347038e-06
10.515,0.0,77.50023804372503,0,100,3.0,8,4.71373712938171e-06
10.52,0.0,77.50012999496224,0,100,3.0,8,2.5741576680479963e-06
10.525,0.0,77.50006982611599,0,100,3.0,8,1.3826953661329285e-06
10.53,0.0,77.50003689188343,0,100,3.0,8,7.305323450590648e-07
10.535,0.001684486749771458,77.50001917190855,0,100,3.0,8,3.7964175342242717e-07
10.54,0.00456624331333666,77.50000979989558,0,100,3.0,8,1.9405733820745484e-07
10.545,0.011079731271581421,77.50000492718793,0,100,3.0,8,9.7568077832632e-08
10.55,0.024064571490409,77.50000243667935,0,100,3.0,8,4.825107628739085e-08
10.555,0.046784906529573234,77.50000118527527,0,100,3.0,8,2.34707973540575e-08
10.56,0.08141644351188804,77.50000056710259,0,100,3.0,8,1.1229754235419834e-08
10.565,0.12682276464025305,77.5000002668859,0,100,3.0,8,5.284869413378264e-09
10.57,0.1768320708657512,77.50000012354103,0,100,3.0,8,2.4463569915686023e-09
10.575,0.22070063230473494,77.50000005624946,0,100,3.0,8,1.1138507322204245e-09
10.58,0.24656126505113576,77.5000000251911,0,100,3.0,8,4.988336432589757e-10
10.585,0.24656126505724016,77.50000001109679,0,100,3.0,8,2.197383661167454e-10
10.59,0.220700632329898,77.50000000480806,0,100,3.0,8,9.520906835202575e-11
10.595,0.17683207093748562,77.50000000204909,0,100,3.0,8,4.05760705563249e-11
10.6,0.12682276483597799,77.50000000085898,0,100,3.0,8,1.7009408183373963e-11
10.605,0.08141644409447898,77.50000000035418,0,100,3.0,8,7.013408555781773e-12
10.61,0.04678490952598309,77.50000000014364,0,100,3.0,8,2.8444221675497395e-12
10.615,0.024064605020532023,77.5000000000573,0,100,3.0,8,1.1346171527068214e-12
10.62,0.011080171739334697,77.50000000002248,0,100,3.0,8,4.4517964672177365e-13
10.625,0.004571212771509492,77.50000000000868,0,100,3.0,8,1.7193727190076088e-13
10.63,0.0017299316936037438,77.5000000000033,0,100,3.0,8,6.5285510770829e-14
10.635,0.0008899431850697582,77.50000000000122,0,100,3.0,8,2.420066347539351e-14
10.64,0.002128806368910263,77.50000000000045,0,100,3.0,8,9.004898037355725e-15
10.645,0.009309664818487698,77.50000000000016,0,100,3.0,8,3.0954337003410305e-15
10.65,0.03503263543368747,77.50000000000006,0,100,3.0,8,1.1256122546694657e-15
10.655,0.10606267793605692,77.50000000000001,0,100,3.0,8,2.814030636673664e-16
10.66,0.25734927343160535,77.5,0,100,3.0,8,0.0
10.665,0.5003202479539708,77.5,0,100,3.0,8,0.0
10.67,0.7793067891790435,77.5,0,100,3.0,8,0.0
10.675,0.9720477407234077,77.5000029754369,1,100,3.0,8,5.8919542565004434e-08
10.68,0.967267334488097,77.50000599695579,0,100,3.0,8,1.1875159984946108e-07
10.685,0.7505869905515209,77.50001298600604,0,100,3.0,8,2.571486344784194e-07
10.69,0.4028369574773956,77.50003147504462,0,100,3.0,8,6.232682103405516e-07
10.695,0.04553881263121314,77.50008619286392,0,100,3.0,8,1.7067893845188057e-06
10.7,-0.189138810908105,77.50025730044038,0,100,3.0,8,5.095058225374532e-06
10.705,-0.22868072635956738,77.5007933249374,0,100,3.0,8,1.570940470108524e-05
10.71,-0.14104670682394166,77.50241950076978,0,100,3.0,8,4.791090633219001e-05
10.715,-0.051158381651102834,77.50711144306592,0,100,3.0,8,0.00014082065477076427
10.72,-0.008206426846427752,77.51986871228921,0,100,3.0,8,0.0003934398473110814
10.725,0.005350271385530505,77.55240190738294,0,100,3.0,8,0.0010376615323355166
10.73,0.01084668799215426,77.63001002590855,0,100,3.0,8,0.0025744559585850857
10.735,0.016256859896386415,77.80289200489227,0,100,3.0,8,0.0059978614830152755
10.74,0.02345021205790711,78.16202929152928,0,100,3.0,8,0.013109490921371869
10.745,0.0330621597308209,78.85684044003119,0,100,3.0,8,0.02686812752537014
10.75,0.04559141319943196,80.10689364457848,0,100,3.0,8,0.05162165632828668
10.755,0.06149084917446989,82.19454731190469,0,100,3.0,8,0.09296133290900367
10.76,0.08111733445924295,85.42322629870154,0,100,3.0,8,0.15689557027131754
10.765,0.1046628598272375,90.03220955939476,0,100,3.0,8,0.24816256553256946
10.77,0.1320831047748631,96.0763779834986,0,100,3.0,8,0.36784906898017034
10.775,0.16303381314489318,103.30485469372982,0,100,3.0,8,0.5109872216580162
10.78,0.19682662652900276,111.0935870574871,0,100,3.0,8,0.6652195456928138
10.785,0.23241585813229,118.48679998058978,0,100,3.0,8,0.8116198015958372
10.79,0.26842527782774417,124.3703389478431,0,100,3.0,8,0.9281255237196653
10.795,0.30321927900592993,127.74334061454307,0,100,3.0,8,0.994917635931546
10.8,0.3350163137995362,128.0,0,100,3.0,8,1.0
10.805,0.3620352400956416,125.11330099463837,0,100,3.0,8,0.9428376434581854
10.81,0.3826586036805073,119.64481297500973,0,100,3.0,8,0.8345507519803906
10.815,0.39559233134833227,112.57637305393439,0,100,3.0,8,0.6945816446323642
10.82,0.4,105.03340955907804,0,100,3.0,8,0.5452160308728324
10.825,0.39559233134833227,98.00714308426187,0,100,3.0,8,0.4060820412725123
10.83,0.3826586036805073,92.16807227358933,0,100,3.0,8,0.29045687670473924
10.835,0.3620352400956416,87.8106625064421,0,100,3.0,8,0.20417153478103167
10.84,0.3350163137995362,84.91128351654942,0,100,3.0,8,0.14675808943662214
10.845,0.3032192790059296,83.24627791934817,0,100,3.0,9,0.11378768157125096
10.85,0.26842527782774417,82.51389380055394,0,100,3.0,9,0.09928502575354345
10.855,0.23241585813229,82.42351586481769,0,100,3.0,9,0.0974953636597562
10.86,0.19682662652900276,82.74137651779043,0,100,3.0,9,0.10378963401565204
10.865,0.16303381314489318,83.30063613325049,0,100,3.0,9,0.1148640818465444
10.87,0.13208310477486307,83.99100308268714,0,100,3.0,9,0.1285347145086563
10.875,0.10466285982723562,84.74151848915058,0,100,3.0,9,0.14339640572575404
10.88,0.08111733445917907,85.50482196555724,0,100,3.0,9,0.15851132605063845
10.885,0.06149084917398798,86.24611874995509,0,100,3.0,9,0.17319047029614035
10.89,0.04559141333598128,86.93688968311473,0,100,3.0,9,0.1868691026359352
10.895,0.03306217087257399,87.552095598575,0,100,3.0,9,0.19905139799158403
10.9,0.02345067901074276,88.06949801926329,0,100,3.0,9,0.20929699048046124
10.905,0.016268788896435526,88.47004810840187,0,100,3.0,9,0.2172286754138984
10.91,0.011039026374860051,88.73867645530594,0,100,3.0,9,0.2225480486199195
10.915,0.007326255555493689,88.86509801461254,0,100,3.0,9,0.22505144583391173
10.92,0.0047556414315231815,88.84442009521223,0,100,3.0,9,0.22464198208341046
10.925,0.0030193390635632803,88.6774424986801,0,100,3.0,9,0.2213354950233682
10.93,0.001874953127946523,88.37060213916769,0,100,3.0,9,0.21525944830035024
10.935,0.0011387927410965778,87.93556017778981,0,100,3.0,9,0.20664475599583781
10.94,0.0006765107634274089,87.38846637634401,0,100,3.0,9,0.19581121537314877
10.945,0.00039307957404427924,86.74896474048299,0,100,3.0,9,0.18314781664322752
10.95,0.00022338910511776318,86.03902558407252,0,100,3.0,9,0.16908961552618848
10.955,0.00012417073320013317,85.2817005402186,0,100,3.0,9,0.1540930800043286
10.96,6.750753468904987e-05,84.49989815970547,0,100,3.0,9,0.1386118447466429
10.965,3.5897234866245036e-05,83.71526910843023,0,100,3.0,9,0.1230746358104997
10.97,1.8670050400879738e-05,82.94727325500796,0,100,3.0,9,0.10786679712887044
10.975,9.497421874143672e-06,82.21247863298953,0,100,3.0,9,0.0933164085740501
10.98,4.725434140340885e-06,81.52411733001249,0,100,3.0,9,0.07968549168341559
10.985,2.299606063738814e-06,80.89189878152109,0,100,3.0,9,0.06716631250536817
10.99,1.0945633976635486e-06,80.32205933831581,0,100,3.0,9,0.05588236313496654
10.995,5.095703414287532e-07,79.8176102712143,0,100,3.0,9,0.045893272697313
11.0,2.3202944964797243e-07,79.3787356692764,0,100,3.0,9,0.03720268652032466
11.005,1.0333746954038608e-07,79.00328721222063,0,100,3.0,9,0.02976806360832925
11.01,4.501406988770349e-08,78.68732401962978,0,100,3.0,9,0.023511366725342264
11.015,0.0,78.425651592325,0,100,3.0,9,0.018329734501485076
11.02,0.0,78.21232282339807,0,100,3.0,9,0.014105402443526104
11.025,0.0,78.04107463502996,0,100,3.0,9,0.010714349208514011
11.03,0.0,77.90568457847962,0,100,3.0,9,0.008033357989695492
11.035,0.0,77.8002415759474,0,100,3.0,9,0.005945377741532598
11.04,0.0,77.71933309720917,0,100,3.0,9,0.004343229647706395
11.045,0.0,77.658157036978,0,100,3.0,9,0.0031318225144157776
11.05,0.0,77.61257031386367,0,100,3.0,9,0.002229115126013285
11.055,0.0,77.57908793610137,0,100,3.0,9,0.0015660977445816565
11.06,0.0,77.55484633547951,0,100,3.0,9,0.0010860660490992148
11.065,0.0,77.53754360721969,0,100,3.0,9,0.0007434377667265164
11.07,0.0,77.52536736675137,0,100,3.0,9,0.0005023240940864967
11.075,0.0,77.51691865312054,0,100,3.0,9,0.0003350228340701226
11.08,0.0,77.51113799947356,0,100,3.0,9,0.00022055444502101825
11.085,0.0,77.50723768383935,0,100,3.0,9,0.0001433204720663273
11.09,0.0,77.50464240506564,0,100,3.0,9,9.19288131809584e-05
11.095,0.0,77.50293925633632,0,100,3.0,9,5.820309576869035e-05
11.1,0.0,77.5018368889561,0,100,3.0,9,3.637403873477245e-05
11.105,0.0,77.50113312899164,0,100,3.0,9,2.2438197854254743e-05
11.11,0.0,77.50068996459827,0,100,3.0,9,1.3662665312191021e-05
11.115,0.0,77.50041469163281,0,100,3.0,9,8.211715501237458e-06
11.12,0.0,77.50024602245387,0,100,3.0,9,4.8717317597065364e-06
11.125,0.0,77.50014407055438,0,100,3.0,9,2.8528822650347895e-06
11.13,0.0,77.50008327731553,0,100,3.0,9,1.6490557529755503e-06
11.135,0.0,77.50004751483387,0,100,3.0,9,9.40887799337775e-07
11.14,0.0,77.50002675979127,0,100,3.0,9,5.298968567961373e-07
11.145,0.0,77.50001487603653,0,100,3.0,9,2.9457498080413606e-07
11.15,0.0,77.50000816286773,0,100,3.0,9,1.6164094513487276e-07
11.155,0.0,77.50000442129294,0,100,3.0,9,8.755035529554e-08
11.16,0.001684486749771458,77.50000236377878,0,100,3.0,9,4.680750052021623e-08
11.165,0.00456624331333666,77.50000124742768,0,100,3.0,9,2.4701538135073267e-08
11.17,0.011079731271581421,77.50000064979285,0,100,3.0,9,1.2867185196318141e-08
11.175,0.024064571490409,77.50000033410694,0,100,3.0,9,6.61597906932146e-09
11.18,0.046784906529573234,77.50000016956923,0,100,3.0,9,3.3578066004248277e-09
11.185,0.08141644351188804,77.50000008494926,0,100,3.0,9,1.682163636108064e-09
11.19,0.12682276464025305,77.50000004200716,0,100,3.0,9,8.318249235731621e-10
11.195,0.1768320708657512,77.50000002050396,0,100,3.0,9,4.060190335756956e-10
11.2,0.22070063230473494,77.50000000987878,0,100,3.0,9,1.9561930952981544e-10
11.205,0.24656126505113576,77.50000000469808,0,100,3.0,9,9.3031290042304e-11
11.21,0.24656126505724016,77.5000000022054,0,100,3.0,9,4.367122285360226e-11
11.215,0.220700632329898,77.50000000102189,0,100,3.0,9,2.023541290525665e-11
11.22,0.17683207093748562,77.50000000046738,0,100,3.0,9,9.255065360956014e-12
11.225,0.12682276483597799,77.500000000211,0,100,3.0,9,4.178272689333056e-12
11.23,0.08141644409447898,77.50000000009403,0,100,3.0,9,1.8620440722869634e-12
11.235,0.04678490952598309,77.50000000004135,0,100,3.0,9,8.188829152720362e-13
11.24,0.024064605020532023,77.50000000001796,0,100,3.0,9,3.5569347247555116e-13
11.245,0.011080171739334697,77.5000000000077,0,100,3.0,9,1.525204605077126e-13
11.25,0.004571212771509492,77.50000000000325,0,100,3.0,9,6.44413015798269e-14
11.255,0.0017299316936037438,77.50000000000136,0,100,3.0,9,2.7014694112067174e-14
11.26,0.0008899431850697582,77.50000000000055,0,100,3.0,9,1.097471948302729e-14
11.265,0.002128806368910263,77.50000000000023,0,100,3.0,9,4.502449018677863e-15
11.27,0.009309664818487698,77.50000000000009,0,100,3.0,9,1.6884183820041984e-15
11.275,0.03503263543368747,77.50000000000003,0,100,3.0,9,5.628061273347328e-16
11.28,0.10606267793605692,77.50000000000001,0,100,3.0,9,2.814030636673664e-16
11.285,0.25734927343160535,77.5,0,100,3.0,9,0.0
11.29,0.5003202479539708,77.5,0,100,3.0,9,0.0
11.295,0.7793067891790435,77.5,0,100,3.0,9,0.0
11.3,0.9720477407234077,77.5,1,100,3.0,9,0.0
11.305,0.967267334488097,77.5,0,100,3.0,9,0.0
11.31,0.7505869905515209,77.5,0,100,3.0,9,0.0
11.315,0.4028369574773956,77.5,0,100,3.0,9,0.0
11.32,0.04553881263121314,77.5,0,100,3.0,9,0.0
11.325,-0.189138810908105,77.5,0,100,3.0,9,0.0
11.33,-0.22868072635956738,77.5,0,100,3.0,9,0.0
11.335,-0.14104670682394166,77.5,0,100,3.0,9,0.0
11.34,-0.051158381651102834,77.5,0,100,3.0,9,0.0
11.345,-0.008206426846427752,77.5,0,100,3.0,9,0.0
11.35,0.005350271385530505,77.5,0,100,3.0,9,0.0
11.355,0.01084668799215426,77.5,0,100,3.0,9,0.0
11.36,0.016256859896386415,77.5,0,100,3.0,9,0.0
11.365,0.02345021205790711,77.5,0,100,3.0,9,0.0
11.37,0.0330621597308209,77.5,0,100,3.0,9,0.0
11.375,0.04559141319943196,77.5,0,100,3.0,9,0.0
11.38,0.06149084917446989,77.5,0,100,3.0,9,0.0
11.385,0.08111733445924295,77.5,0,100,3.0,9,0.0
11.39,0.1046628598272375,77.5,0,100,3.0,9,0.0
11.395,0.1320831047748631,77.5,0,100,3.0,9,0.0
11.4,0.16303381314489318,77.5,0,100,3.0,9,0.0
11.405,0.19682662652900276,77.5,0,100,3.0,9,0.0
11.41,0.23241585813229,77.5,0,100,3.0,9,0.0
11.415,0.26842527782774417,77.5,0,100,3.0,9,0.0
11.42,0.30321927900592993,77.5,0,100,3.0,9,0.0
11.425,0.3350163137995362,77.5,0,100,3.0,9,0.0
11.43,0.3620352400956416,77.5,0,100,3.0,9,0.0
11.435,0.3826586036805073,77.5,0,100,3.0,9,0.0
11.44,0.39559233134833227,77.5,0,100,3.0,9,0.0
11.445,0.4,77.5,0,100,3.0,9,0.0
11.45,0.39559233134833227,77.5,0,100,3.0,9,0.0
11.455,0.3826586036805073,77.5,0,100,3.0,9,0.0
11.46,0.3620352400956416,77.5,0,100,3.0,9,0.0
11.465,0.3350163137995362,77.5,0,100,3.0,9,0.0
11.47,0.3032192790059296,77.5,0,100,3.0,9,0.0
11.475,0.26842527782774417,77.5,0,100,3.0,9,0.0
11.48,0.23241585813229,77.5,0,100,3.0,9,0.0
11.485,0.19682662652900276,77.5,0,100,3.0,9,0.0
11.49,0.16303381314489318,77.5,0,100,3.0,9,0.0
11.495,0.13208310477486307,77.5,0,100,3.0,9,0.0
11.5,0.10466285982723562,77.5,0,100,3.0,9,0.0
11.505,0.08111733445917907,77.5,0,100,3.0,9,0.0
11.51,0.06149084917398798,77.5,0,100,3.0,9,0.0
11.515,0.04559141333598128,77.5,0,100,3.0,9,0.0
11.52,0.03306217087257399,77.5,0,100,3.0,9,0.0
11.525,0.02345067901074276,77.5,0,100,3.0,9,0.0
11.53,0.016268788896435526,77.5,0,100,3.0,9,0.0
11.535,0.011039026374860051,77.5,0,100,3.0,9,0.0
11.54,0.007326255555493689,77.5,0,100,3.0,9,0.0
11.545,0.0047556414315231815,77.5,0,100,3.0,9,0.0
11.55,0.0030193390635632803,77.5,0,100,3.0,9,0.0
11.555,0.001874953127946523,77.5,0,100,3.0,9,0.0
11.56,0.0011387927410965778,77.5,0,100,3.0,9,0.0
11.565,0.0006765107634274089,77.5,0,100,3.0,9,0.0
11.57,0.00039307957404427924,77.5,0,100,3.0,9,0.0
11.575,0.00022338910511776318,77.5,0,100,3.0,9,0.0
11.58,0.00012417073320013317,77.5,0,100,3.0,9,0.0
11.585,6.750753468904987e-05,77.5,0,100,3.0,9,0.0
11.59,3.5897234866245036e-05,77.5,0,100,3.0,9,0.0
11.595,1.8670050400879738e-05,77.5,0,100,3.0,9,0.0
11.6,9.497421874143672e-06,77.5,0,100,3.0,9,0.0
11.605,4.725434140340885e-06,77.5,0,100,3.0,9,0.0
11.61,2.299606063738814e-06,77.5,0,100,3.0,9,0.0
11.615,1.0945633976635486e-06,77.5,0,100,3.0,9,0.0
11.62,5.095703414287532e-07,77.5,0,100,3.0,9,0.0
11.625,2.3202944964797243e-07,77.5,0,100,3.0,9,0.0
11.63,1.0333746954038608e-07,77.5,0,100,3.0,9,0.0
11.635,4.501406988770349e-08,77.5,0,100,3.0,9,0.0
11.64,0.0,77.5,0,100,3.0,9,0.0
11.645,0.0,77.5,0,100,3.0,9,0.0
11.65,0.0,77.5,0,100,3.0,9,0.0
11.655,0.0,77.5,0,100,3.0,9,0.0
11.66,0.0,77.5,0,100,3.0,9,0.0
11.665,0.0,77.5,0,100,3.0,9,0.0
11.67,0.0,77.5,0,100,3.0,9,0.0
11.675,0.0,77.5,0,100,3.0,9,0.0
11.68,0.0,77.5,0,100,3.0,9,0.0
11.685,0.0,77.5,0,100,3.0,9,0.0
11.69,0.0,77.5,0,100,3.0,9,0.0
11.695,0.0,77.5,0,100,3.0,9,0.0
11.7,0.0,77.5,0,100,3.0,9,0.0
11.705,0.0,77.5,0,100,3.0,9,0.0
11.71,0.0,77.5,0,100,3.0,9,0.0
11.715,0.0,77.5,0,100,3.0,9,0.0
11.72,0.0,77.5,0,100,3.0,9,0.0
11.725,0.0,77.5,0,100,3.0,9,0.0
11.73,0.0,77.5,0,100,3.0,9,0.0
11.735,0.0,77.5,0,100,3.0,9,0.0
11.74,0.0,77.5,0,100,3.0,9,0.0
11.745,0.0,77.5,0,100,3.0,9,0.0
11.75,0.0,77.5,0,100,3.0,9,0.0
11.755,0.0,77.5,0,100,3.0,9,0.0
11.76,0.0,77.5,0,100,3.0,9,0.0
11.765,0.0,77.5,0,100,3.0,9,0.0
11.77,0.0,77.5,0,100,3.0,9,0.0
11.775,0.0,77.5,0,100,3.0,9,0.0
11.78,0.0,77.5,0,100,3.0,9,0.0
11.785,0.0,77.5,0,100,3.0,9,0.0
11.79,0.0,77.5,0,100,3.0,9,0.0
11.795,0.0,77.5,0,100,3.0,9,0.0
11.8,0.0,77.5,0,100,3.0,9,0.0
11.805,0.0,77.5,0,100,3.0,9,0.0
11.81,0.0,77.5,0,100,3.0,9,0.0
11.815,0.0,77.5,0,100,3.0,9,0.0
11.82,0.0,77.5,0,100,3.0,9,0.0
11.825,0.0,77.5,0,100,3.0,9,0.0
11.83,0.0,77.5,0,100,3.0,9,0.0
11.835,0.0,77.5,0,100,3.0,9,0.0
11.84,0.0,77.5,0,100,3.0,9,0.0
11.845,0.0,77.5,0,100,3.0,9,0.0
11.85,0.0,77.5,0,100,3.0,9,0.0
11.855,0.0,77.5,0,100,3.0,9,0.0
11.86,0.0,77.5,0,100,3.0,9,0.0
11.865,0.0,77.5,0,100,3.0,9,0.0
11.87,0.0,77.5,0,100,3.0,9,0.0
11.875,0.0,77.5,0,100,3.0,9,0.0
11.88,0.0,77.5,0,100,3.0,9,0.0
11.885,0.0,77.5,0,100,3.0,9,0.0
11.89,0.0,77.5,0,100,3.0,9,0.0
11.895,0.0,77.5,0,100,3.0,9,0.0
11.9,0.0,77.5,0,100,3.0,9,0.0
11.905,0.0,77.5,0,100,3.0,9,0.0
11.91,0.0,77.5,0,100,3.0,9,0.0
11.915,0.0,77.5,0,100,3.0,9,0.0
11.92,0.0,77.5,0,100,3.0,9,0.0
11.925,0.0,77.5,0,100,3.0,9,0.0
11.93,0.0,77.5,0,100,3.0,9,0.0
11.935,0.0,77.5,0,100,3.0,9,0.0
11.94,0.0,77.5,0,100,3.0,9,0.0
11.945,0.0,77.5,0,100,3.0,9,0.0
11.95,0.0,77.5,0,100,3.0,9,0.0
11.955,0.0,77.5,0,100,3.0,9,0.0
11.96,0.0,77.5,0,100,3.0,9,0.0
11.965,0.0,77.5,0,100,3.0,9,0.0
11.97,0.0,77.5,0,100,3.0,9,0.0
11.975,0.0,77.5,0,100,3.0,9,0.0
11.98,0.0,77.5,0,100,3.0,9,0.0
11.985,0.0,77.5,0,100,3.0,9,0.0
11.99,0.0,77.5,0,100,3.0,9,0.0
11.995,0.0,77.5,0,100,3.0,9,0.0
