Time,ECG,Pressure,R_Peaks,mean_hr,hrv_scale,Phase_Bin,Normalized_Pressure
0.0,0.001684486749771458,77.5,0,90,3.0,0,0.0
0.005,0.004172395771277602,77.5,0,90,3.0,0,0.0
0.01,0.009438687428818865,77.5,0,90,3.0,0,0.0
0.015,0.019500507867137046,77.5,0,90,3.0,0,0.0
0.02,0.03679496976339974,77.5,0,90,3.0,0,0.0
0.025,0.06340728953298436,77.5,0,90,3.0,0,0.0
0.03,0.09979255396093453,77.5,0,90,3.0,0,0.0
0.035,0.14343835518453557,77.5,0,90,3.0,0,0.0
0.04,0.18829581417209276,77.5,0,90,3.0,0,0.0
0.045,0.2257481735193119,77.5,0,90,3.0,0,0.0
0.05,0.24718154073554727,77.5,0,90,3.0,0,0.0
0.055,0.24718154074102772,77.5,0,90,3.0,0,0.0
0.06,0.22574817354072055,77.5,0,90,3.0,0,0.0
0.065,0.18829581422840957,77.5,0,90,3.0,0,0.0
0.07,0.14343835532456656,77.5,0,90,3.0,0,0.0
0.075,0.09979255431561854,77.5,0,90,3.0,0,0.0
0.08,0.06340729067170194,77.5,0,90,3.0,0,0.0
0.085,0.03679497683410042,77.5,0,90,3.0,0,0.0
0.09,0.019500578284482293,77.5,0,90,3.0,0,0.0
0.095,0.009439396781978427,77.5,0,90,3.0,0,0.0
0.1,0.004178588733610924,77.5,0,90,3.0,0,0.0
0.105,0.0017299316936037381,77.5,0,90,3.0,0,0.0
0.11,0.0008997325756988589,77.5,0,90,3.0,0,0.0
0.115,0.001634769674224814,77.5,0,90,3.0,0,0.0
0.12,0.00614904736476635,77.5,0,90,3.0,0,0.0
0.125,0.02168080359963608,77.5,0,90,3.0,0,0.0
0.13,0.06433400338904088,77.5,0,90,3.0,0,0.0
0.135,0.1593410769217493,77.5,0,90,3.0,0,0.0
0.14,0.3291989194808569,77.5,0,90,3.0,0,0.0
0.145,0.5672906802982638,77.5,0,90,3.0,0,0.0
0.15,0.815339152120446,77.5,0,90,3.0,0,0.0
0.155,0.9768711246313155,77.5,0,90,3.0,0,0.0
0.16,0.9726380909165361,77.5,0,90,3.0,0,0.0
0.165,0.7921091683291741,77.5,0,90,3.0,0,0.0
0.17,0.49139090102639077,77.5,0,90,3.0,0,0.0
0.175,0.15739335672107918,77.5,0,90,3.0,0,0.0
0.18,-0.11102342218909485,77.5,0,90,3.0,0,0.0
0.185,-0.2314207883647528,77.5,0,90,3.0,0,0.0
0.19,-0.2029124434754801,77.5,0,90,3.0,0,0.0
0.195,-0.11151350554305876,77.5,0,90,3.0,0,0.0
0.2,-0.039430666652076896,77.5,0,90,3.0,0,0.0
0.205,-0.006087703519843621,77.5,0,90,3.0,0,0.0
0.21,0.005350271385530551,77.5,0,90,3.0,0,0.0
0.215,0.010381647827441833,77.5,0,90,3.0,0,0.0
0.22,0.015115203303506243,77.5,0,90,3.0,0,0.0
0.225,0.021170964062928475,77.5,0,90,3.0,0,0.0
0.23,0.029082821134029553,77.5,0,90,3.0,0,0.0
0.235,0.03923107061708144,77.5,0,90,3.0,0,0.0
0.24,0.051969043308817596,77.5,0,90,3.0,0,0.0
0.245,0.06760532616283861,77.5,0,90,3.0,0,0.0
0.25,0.08636519236693461,77.5,0,90,3.0,0,0.0
0.255,0.10834733138818661,77.5,0,90,3.0,0,0.0
0.26,0.1334809643017884,77.5,0,90,3.0,0,0.0
0.265,0.16148868344343945,77.5,0,90,3.0,0,0.0
0.27,0.191860907532018,77.5,0,90,3.0,0,0.0
0.275,0.22384764873847726,77.5,0,90,3.0,0,0.0
0.28,0.25647215537198226,77.5,0,90,3.0,0,0.0
0.285,0.2885689161419028,77.5,0,90,3.0,0,0.0
0.29,0.31884566517832524,77.5,0,90,3.0,0,0.0
0.295,0.3459657668955683,77.5,0,90,3.0,0,0.0
0.3,0.3686441789190902,77.5,0,90,3.0,0,0.0
0.305,0.3857476379544367,77.5,0,90,3.0,0,0.0
0.31,0.3963882865005728,77.5,0,90,3.0,0,0.0
0.315,0.4,77.5,0,90,3.0,0,0.0
0.32,0.39638828650057273,77.5,0,90,3.0,0,0.0
0.325,0.38574763795443656,77.5,0,90,3.0,0,0.0
0.33,0.36864417891908974,77.5,0,90,3.0,0,0.0
0.335,0.345965766895568,77.5,0,90,3.0,0,0.0
0.34,0.3188456651783249,77.5,0,90,3.0,0,0.0
0.345,0.28856891614190205,77.5,0,90,3.0,0,0.0
0.35,0.2564721553719815,77.5,0,90,3.0,0,0.0
0.355,0.22384764873847685,77.5,0,90,3.0,0,0.0
0.36,0.19186090753201765,77.5,0,90,3.0,0,0.0
0.365,0.16148868344343878,77.5,0,90,3.0,0,0.0
0.37,0.1334809643017881,77.5,0,90,3.0,0,0.0
0.375,0.10834733138818531,77.5,0,90,3.0,0,0.0
0.38,0.08636519236690572,77.5,0,90,3.0,0,0.0
0.385,0.06760532616242629,77.5,0,90,3.0,0,0.0
0.39,0.05196904332202373,77.5,0,90,3.0,0,0.0
0.395,0.03923107185803287,77.5,0,90,3.0,0,0.0
0.4,0.02908287038705761,77.5,0,90,3.0,0,0.0
0.405,0.02117220077308346,77.5,0,90,3.0,0,0.0
0.41,0.0151361834125735,77.5,0,90,3.0,0,0.0
0.415,0.010626454858290009,77.5,0,90,3.0,0,0.0
0.42,0.007326255555493652,77.5,0,90,3.0,0,0.0
0.425,0.004960179211183015,77.5,0,90,3.0,0,0.0
0.43,0.0032978759379303545,77.5,0,90,3.0,0,0.0
0.435,0.002153242296767213,77.5,0,90,3.0,0,0.0
0.44,0.001380616732225004,77.5,0,90,3.0,0,0.0
0.445,0.0008693106590991584,77.5,0,90,3.0,0,0.0
0.45,0.000537524815942247,77.5,0,90,3.0,0,0.0
0.455,0.0003263951340288585,77.5,0,90,3.0,0,0.0
0.46,0.00019463030985187395,77.5,0,90,3.0,0,0.0
0.465,0.00011397219555062695,77.5,0,90,3.0,0,0.0
0.47,6.55403863487943e-05,77.5,0,90,3.0,0,0.0
0.475,3.701184389455385e-05,77.5,0,90,3.0,0,0.0
0.48,2.0525516217290957e-05,77.5,0,90,3.0,0,0.0
0.485,1.1178128483661116e-05,77.5,0,90,3.0,0,0.0
0.49,5.978135409912517e-06,77.5,0,90,3.0,0,0.0
0.495,3.1396702713238487e-06,77.5,0,90,3.0,0,0.0
0.5,1.6192875458531019e-06,77.5,0,90,3.0,0,0.0
0.505,8.201353897972012e-07,77.5,0,90,3.0,0,0.0
0.51,4.0791415086824765e-07,77.5,0,90,3.0,0,0.0
0.515,1.9923866938774793e-07,77.5,0,90,3.0,0,0.0
0.52,9.556527981051257e-08,77.5,0,90,3.0,0,0.0
0.525,4.501406988770349e-08,77.5,0,90,3.0,0,0.0
0.53,0.0,77.5,0,90,3.0,0,0.0
0.535,0.0,77.5,0,90,3.0,0,0.0
0.54,0.0,77.5,0,90,3.0,0,0.0
0.545,0.0,77.5,0,90,3.0,0,0.0
0.55,0.0,77.5,0,90,3.0,0,0.0
0.555,0.0,77.5,0,90,3.0,0,0.0
0.56,0.0,77.5,0,90,3.0,0,0.0
0.565,0.0,77.5,0,90,3.0,0,0.0
0.57,0.0,77.5,0,90,3.0,0,0.0
0.575,0.0,77.5,0,90,3.0,0,0.0
0.58,0.0,77.5,0,90,3.0,0,0.0
0.585,0.0,77.5,0,90,3.0,0,0.0
0.59,0.0,77.5,0,90,3.0,0,0.0
0.595,0.0,77.5,0,90,3.0,0,0.0
0.6,0.0,77.5,0,90,3.0,0,0.0
0.605,0.0,77.5,0,90,3.0,0,0.0
0.61,0.0,77.5,0,90,3.0,0,0.0
0.615,0.0,77.5,0,90,3.0,0,0.0
0.62,0.0,77.5,0,90,3.0,0,0.0
0.625,0.0,77.5,0,90,3.0,0,0.0
0.63,0.001684486749771458,77.5,0,90,3.0,0,0.0
0.635,0.004172395771277602,77.5,0,90,3.0,0,0.0
0.64,0.009438687428818865,77.5,0,90,3.0,0,0.0
0.645,0.019500507867137046,77.5,0,90,3.0,0,0.0
0.65,0.03679496976339974,77.5,0,90,3.0,0,0.0
0.655,0.06340728953298436,77.5,0,90,3.0,0,0.0
0.66,0.09979255396093453,77.5,0,90,3.0,0,0.0
0.665,0.14343835518453557,77.5,0,90,3.0,0,0.0
0.67,0.18829581417209276,77.5,0,90,3.0,0,0.0
0.675,0.2257481735193119,77.5,0,90,3.0,0,0.0
0.68,0.24718154073554727,77.5,0,90,3.0,0,0.0
0.685,0.24718154074102772,77.5,0,90,3.0,0,0.0
0.69,0.22574817354072055,77.5,0,90,3.0,0,0.0
0.695,0.18829581422840957,77.5,0,90,3.0,0,0.0
0.7,0.14343835532456656,77.5,0,90,3.0,0,0.0
0.705,0.09979255431561854,77.5,0,90,3.0,0,0.0
0.71,0.06340729067170194,77.5,0,90,3.0,0,0.0
0.715,0.03679497683410042,77.5,0,90,3.0,0,0.0
0.72,0.019500578284482293,77.5,0,90,3.0,0,0.0
0.725,0.009439396781978427,77.5,0,90,3.0,0,0.0
0.73,0.004178588733610924,77.5,0,90,3.0,0,0.0
0.735,0.0017299316936037381,77.5,0,90,3.0,0,0.0
0.74,0.0008997325756988589,77.5,0,90,3.0,0,0.0
0.745,0.001634769674224814,77.5,0,90,3.0,0,0.0
0.75,0.00614904736476635,77.5,0,90,3.0,0,0.0
0.755,0.02168080359963608,77.5,0,90,3.0,0,0.0
0.76,0.06433400338904088,77.5,0,90,3.0,0,0.0
0.765,0.1593410769217493,77.5,0,90,3.0,0,0.0
0.77,0.3291989194808569,77.5,0,90,3.0,0,0.0
0.775,0.5672906802982638,77.5,0,90,3.0,0,0.0
0.78,0.815339152120446,77.5,0,90,3.0,0,0.0
0.785,0.9768711246313155,77.50000285328441,1,90,3.0,0,5.883060647572643e-08
0.79,0.9726380909165361,77.50000562140409,0,90,3.0,0,1.1590523887282392e-07
0.795,0.7921091683291741,77.50001183073464,0,90,3.0,0,2.4393267289710397e-07
0.8,0.49139090102639077,77.50002762917026,0,90,3.0,0,5.696736136471992e-07
0.805,0.15739335672107918,77.50007245443882,0,90,3.0,0,1.4939059550923367e-06
0.81,-0.11102342218909485,77.50020725996767,0,90,3.0,0,4.273401395187075e-06
0.815,-0.2314207883647528,77.50061582704151,0,90,3.0,0,1.269746477348854e-05
0.82,-0.2029124434754801,77.50182248868452,0,90,3.0,0,3.757708627885804e-05
0.825,-0.11151350554305876,77.5052310715901,0,90,3.0,0,0.00010785714618768954
0.83,-0.039430666652076896,77.51435172175279,0,90,3.0,0,0.0002959117887172917
0.835,-0.006087703519843621,77.53735285072946,0,90,3.0,0,0.0007701618707105621
0.84,0.005350271385530551,77.5918691803079,0,90,3.0,0,0.0018942099032555814
0.845,0.010381647827441833,77.71309481986977,0,90,3.0,0,0.004393707626180756
0.85,0.015115203303506243,77.96566482587883,0,90,3.0,0,0.009601336616058397
0.855,0.021170964062928475,78.45812550344493,0,90,3.0,0,0.01975516501948315
0.86,0.029082821134029553,79.35558674678168,0,90,3.0,0,0.03825952055219964
0.865,0.03923107061708144,80.88198151748664,0,90,3.0,0,0.06973157768013682
0.87,0.051969043308817596,83.30025257051231,0,90,3.0,0,0.11959283650540853
0.875,0.06760532616283861,86.86014114836432,0,90,3.0,0,0.19299260099720247
0.88,0.08636519236693461,91.71228864363101,0,90,3.0,0,0.29303687925012395
0.885,0.10834733138818661,97.80423612993579,0,90,3.0,0,0.4186440439162018
0.89,0.1334809643017884,104.79307462662686,0,90,3.0,0,0.5627438067345745
0.895,0.16148868344343945,112.02004978372179,0,90,3.0,0,0.7117536037880781
0.9,0.191860907532018,118.58316466468419,0,90,3.0,0,0.8470755600965812
0.905,0.22384764873847726,123.51148828718976,0,90,3.0,0,0.9486904801482425
0.91,0.25647215537198226,126.0,0,90,3.0,0,1.0
0.915,0.2885689161419028,125.62830221298329,0,90,3.0,0,0.9923361281027482
0.92,0.31884566517832524,122.48203243932362,0,90,3.0,0,0.9274645863778066
0.925,0.3459657668955683,117.12925074937131,0,90,3.0,0,0.8170979535952847
0.93,0.3686441789190902,110.46116941721593,0,90,3.0,0,0.6796117405611531
0.935,0.3857476379544367,103.45897551850818,0,90,3.0,0,0.5352366086290347
0.94,0.3963882865005728,96.97065636772538,0,90,3.0,0,0.4014568323242347
0.945,0.4,91.56589466519785,0,90,3.0,0,0.29001844670511023
0.95,0.39638828650057273,87.49604796974954,0,90,3.0,0,0.206104081850506
0.955,0.38574763795443656,84.74329427423734,0,90,3.0,0,0.14934627369561532
0.96,0.36864417891908974,83.11746244254847,0,90,3.0,0,0.11582396788759737
0.965,0.345965766895568,82.3568848664176,0,90,3.0,0,0.10014195600861034
0.97,0.3188456651783249,82.20419486948393,0,90,3.0,0,0.09699370864915315
0.975,0.28856891614190205,82.4474226772088,0,90,3.0,0,0.102008714993996
0.98,0.2564721553719815,82.93146838815557,0,90,3.0,0,0.11198903893104258
0.985,0.22384764873847685,83.55144100802794,0,90,3.0,0,0.12477197954696775
0.99,0.19186090753201765,84.23890517799641,0,90,3.0,0,0.13894649851539
0.995,0.16148868344343878,84.94831218827366,0,90,3.0,0,0.15357344718090024
1.0,0.1334809643017881,85.64686744660881,0,90,3.0,0,0.16797664838368678
1.005,0.10834733138818531,86.30832747591782,0,90,3.0,0,0.18161499950346022
1.01,0.08636519236690572,86.90992131114385,0,90,3.0,0,0.19401899610605872
1.015,0.06760532616242629,87.43130093518502,0,90,3.0,0,0.20476909144711383
1.02,0.05196904332202373,87.85460739278714,0,90,3.0,0,0.21349705964509577
1.025,0.03923107185803287,88.16503318602679,0,90,3.0,0,0.21989759146446988
1.03,0.02908287038705761,88.35150634707973,0,90,3.0,0,0.2237423989088605
1.035,0.02117220077308346,88.40728293523891,0,90,3.0,0,0.22489243165441053
1.04,0.0151361834125735,88.33033092317498,0,90,3.0,0,0.22330579223041203
1.045,0.010626454858290009,88.12344658788109,0,90,3.0,0,0.21904013583259982
1.05,0.007326255555493652,87.79408397232552,0,90,3.0,0,0.2122491540685675
1.055,0.004960179211183015,87.35390857822988,0,90,3.0,0,0.20317337274700778
1.06,0.0032978759379303545,86.81811153597118,0,90,3.0,0,0.19212601105095226
1.065,0.002153242296767213,86.20454017631614,0,90,3.0,0,0.17947505518177614
1.07,0.001380616732225004,85.5327142396845,0,90,3.0,0,0.1656229740141133
1.075,0.0008693106590991584,84.82280306012088,0,90,3.0,0,0.15098563010558508
1.08,0.000537524815942247,84.09463776038064,0,90,3.0,0,0.13597191258516775
1.085,0.0003263951340288585,83.36682439710084,0,90,3.0,0,0.1209654514866153
1.09,0.00019463030985187395,82.65601043153745,0,90,3.0,0,0.10630949343376192
1.095,0.00011397219555062695,81.97633972309383,0,90,3.0,0,0.09229566439368721
1.1,6.55403863487943e-05,81.33911255053565,0,90,3.0,0,0.07915695980485868
1.105,3.701184389455385e-05,80.75264902476607,0,90,3.0,0,0.0670649283456922
1.11,2.0525516217290957e-05,80.22233844465784,0,90,3.0,0,0.05613068958057395
1.115,1.1178128483661116e-05,79.75084496649728,0,90,3.0,0,0.04640917456695429
1.12,5.978135409912517e-06,79.33843213578254,0,90,3.0,0,0.03790581723262969
1.125,3.1396702713238487e-06,78.9833655092204,0,90,3.0,0,0.030584855860214546
1.13,1.6192875458531019e-06,78.682353399043,0,90,3.0,0,0.02437842059882464
1.135,8.201353897972012e-07,78.43098993416538,0,90,3.0,0,0.019195668745677973
1.14,4.0791415086824765e-07,78.22417115200214,0,90,3.0,0,0.014931363958807063
1.145,1.9923866938774793e-07,78.05646263625866,0,90,3.0,0,0.011473456417704288
1.15,9.556527981051257e-08,77.92240529264143,0,90,3.0,0,0.008709387477142862
1.155,4.501406988770349e-08,77.81675337219069,0,90,3.0,0,0.006530997364756479
1.16,0.0,77.73464521201578,0,90,3.0,0,0.004838045608572738
1.165,0.0,77.6717120211314,0,90,3.0,0,0.0035404540439463563
1.17,0.0,77.62413328746686,0,90,3.0,0,0.002559449226120855
1.175,0.0,77.58864910755129,0,90,3.0,0,0.0018278166505420771
1.18,0.0,77.56254016636984,0,90,3.0,0,0.0012894879663885074
1.185,0.0,77.54358552186387,0,90,3.0,0,0.0008986705538943297
1.19,0.0,77.53000709975734,0,90,3.0,0,0.0006187030877802349
1.195,0.0,77.52040818335705,0,90,3.0,0,0.00042078728571233844
1.2,0.0,77.51371144502332,0,90,3.0,0,0.00028271020666635973
1.205,0.0,77.50910040372447,0,90,3.0,1,0.00018763719019534853
1.21,0.0,77.50596673357165,0,90,3.0,1,0.00012302543446709286
1.215,0.0,77.5038646590576,0,90,3.0,1,7.968369190923545e-05
1.22,0.0,77.50247277317126,0,90,3.0,1,5.098501384047511e-05
1.225,0.0,77.50156298902219,0,90,3.0,1,3.222657777711771e-05
1.23,0.0,77.50097594676535,0,90,3.0,1,2.0122613718576384e-05
1.235,0.0,77.50060199777202,0,90,3.0,1,1.2412325196347533e-05
1.24,0.0,77.50036682775895,0,90,3.0,1,7.563458947475906e-06
1.245,0.0,77.50022081473722,0,90,3.0,1,4.552881179766775e-06
1.25,0.0,77.50013130838836,0,90,3.0,1,2.707389450754996e-06
1.255,0.0,77.50007713570277,0,90,3.0,1,1.5904268611824797e-06
1.26,0.0,77.50004476277108,0,90,3.0,1,9.229437336633748e-07
1.265,0.0,77.5000256612047,0,90,3.0,1,5.290970041749967e-07
1.27,0.0,77.50001453234408,0,90,3.0,1,2.996359604512503e-07
1.275,0.001684486749771458,77.50000813004326,0,90,3.0,1,1.6762975784547157e-07
1.28,0.004172395771277602,77.50000449312597,0,90,3.0,1,9.264177259462213e-08
1.285,0.009438687428818865,77.50000245303015,0,90,3.0,1,5.057794121207688e-08
1.29,0.019500507867137046,77.50000132298747,0,90,3.0,1,2.7278092215731037e-08
1.295,0.03679496976339974,77.50000070486692,0,90,3.0,1,1.4533338564677289e-08
1.3,0.06340728953298436,77.50000037098563,0,90,3.0,1,7.64918827934304e-09
1.305,0.09979255396093453,77.50000019288817,0,90,3.0,1,3.97707558524004e-09
1.31,0.14343835518453557,77.5000000990724,0,90,3.0,1,2.042729788299016e-09
1.315,0.18829581417209276,77.50000005026877,0,90,3.0,1,1.0364694211715425e-09
1.32,0.2257481735193119,77.50000002519663,0,90,3.0,1,5.195180826198451e-10
1.325,0.24718154073554727,77.50000001247628,0,90,3.0,1,2.572428410033907e-10
1.33,0.24718154074102772,77.50000000610277,0,90,3.0,1,1.2583023283124142e-10
1.335,0.22574817354072055,77.50000000294894,0,90,3.0,1,6.080282669104563e-11
1.34,0.18829581422840957,77.50000000140768,0,90,3.0,1,2.90244254747168e-11
1.345,0.14343835532456656,77.5000000006638,0,90,3.0,1,1.3686664630964965e-11
1.35,0.09979255431561854,77.50000000030923,0,90,3.0,1,6.375839146449394e-12
1.355,0.06340729067170194,77.50000000014231,0,90,3.0,1,2.9341752395470693e-12
1.36,0.03679497683410042,77.50000000006469,0,90,3.0,1,1.3337692920329797e-12
1.365,0.019500578284482293,77.50000000002905,0,90,3.0,1,5.989069492344927e-13
1.37,0.009439396781978427,77.50000000001289,0,90,3.0,1,2.6575763353996326e-13
1.375,0.004178588733610924,77.50000000000564,0,90,3.0,1,1.1632390354505557e-13
1.38,0.0017299316936037381,77.50000000000244,0,90,3.0,1,5.03972579590669e-14
1.385,0.0008997325756988589,77.50000000000105,0,90,3.0,1,2.1682541214947386e-14
1.39,0.001634769674224814,77.50000000000044,0,90,3.0,1,9.083226725180661e-15
1.395,0.00614904736476635,77.50000000000018,0,90,3.0,1,3.809095078301568e-15
1.4,0.02168080359963608,77.50000000000007,0,90,3.0,1,1.465036568577526e-15
1.405,0.06433400338904088,77.50000000000003,0,90,3.0,1,5.860146274310105e-16
1.41,0.1593410769217493,77.50000000000001,0,90,3.0,1,2.9300731371550523e-16
1.415,0.3291989194808569,77.5,0,90,3.0,1,0.0
1.42,0.5672906802982638,77.5,0,90,3.0,1,0.0
1.425,0.815339152120446,77.5,0,90,3.0,1,0.0
1.43,0.9768711246313155,77.5000028575978,1,90,3.0,1,5.8919542399643876e-08
1.435,0.9726380909165361,77.50000575945259,0,90,3.0,1,1.1875159982045045e-07
1.44,0.7921091683291741,77.50001247170877,0,90,3.0,1,2.571486344639141e-07
1.445,0.49139090102639077,77.5000302285082,0,90,3.0,1,6.232682101925974e-07
1.45,0.15739335672107918,77.50008277928515,0,90,3.0,1,1.7067893845565196e-06
1.455,-0.11102342218909485,77.50024711032393,0,90,3.0,1,5.095058225275896e-06
1.46,-0.2314207883647528,77.500761906128,0,90,3.0,1,1.570940470114036e-05
1.465,-0.2029124434754801,77.50232367895711,0,90,3.0,1,4.791090633219581e-05
1.47,-0.11151350554305876,77.50682980175638,0,90,3.0,1,0.00014082065477076134
1.475,-0.039430666652076896,77.5190818325946,0,90,3.0,1,0.00039343984731121776
1.48,-0.006087703519843621,77.55032658431828,0,90,3.0,1,0.0010376615323357632
1.485,0.005350271385530551,77.62486111399137,0,90,3.0,1,0.00257445595858499
1.49,0.010381647827441833,77.79089628192624,0,90,3.0,1,0.0059978614830151974
1.495,0.015115203303506243,78.13581030968653,0,90,3.0,1,0.013109490921371826
1.5,0.021170964062928475,78.80310418498046,0,90,3.0,1,0.02686812752537021
1.505,0.029082821134029553,80.0036503319219,0,90,3.0,1,0.05162165632828667
1.51,0.03923107061708144,82.00862464608667,0,90,3.0,1,0.09296133290900357
1.515,0.051969043308817596,85.1094351581589,0,90,3.0,1,0.15689557027131756
1.52,0.06760532616283861,89.53588442832962,0,90,3.0,1,0.24816256553256955
1.525,0.08636519236693461,95.34067984553826,0,90,3.0,1,0.36784906898017034
1.53,0.10834733138818661,102.2828802504138,0,90,3.0,1,0.5109872216580165
1.535,0.1334809643017884,109.76314796610146,0,90,3.0,1,0.6652195456928135
1.54,0.16148868344343945,116.8635603773981,0,90,3.0,1,0.8116198015958371
1.545,0.191860907532018,122.51408790040378,0,90,3.0,1,0.9281255237196656
1.55,0.22384764873847726,125.75350534267997,0,90,3.0,1,0.9949176359315458
1.555,0.25647215537198226,126.0,0,90,3.0,1,1.0
1.56,0.2885689161419028,123.22762570772198,0,90,3.0,1,0.9428376434581852
1.565,0.31884566517832524,117.97571147104895,0,90,3.0,1,0.8345507519803907
1.57,0.3459657668955683,111.18720976466966,0,90,3.0,1,0.6945816446323642
1.575,0.3686441789190902,103.94297749733238,0,90,3.0,1,0.5452160308728325
1.58,0.3857476379544367,97.19497900171685,0,90,3.0,1,0.4060820412725123
1.585,0.3963882865005728,91.58715852017986,0,90,3.0,1,0.2904568767047393
1.59,0.4,87.40231943688003,0,90,3.0,1,0.20417153478103164
1.595,0.39638828650057273,84.61776733767618,0,90,3.0,1,0.14675808943662236
1.6,0.38574763795443656,83.01870255620567,0,90,3.0,1,0.11378768157125088
1.605,0.36864417891908974,82.31532374904685,0,90,3.0,1,0.09928502575354338
1.61,0.345965766895568,82.22852513749818,0,90,3.0,1,0.0974953636597563
1.615,0.3188456651783249,82.53379724975913,0,90,3.0,1,0.10378963401565221
1.62,0.28856891614190205,83.07090796955741,0,90,3.0,1,0.11486408184654455
1.625,0.2564721553719815,83.73393365366984,0,90,3.0,1,0.12853471450865642
1.63,0.22384764873847685,84.45472567769907,0,90,3.0,1,0.1433964057257541
1.635,0.19186090753201765,85.18779931345597,0,90,3.0,1,0.15851132605063853
1.64,0.16148868344343878,85.89973780936282,0,90,3.0,1,0.1731904702961406
1.645,0.1334809643017881,86.56315147784285,0,90,3.0,1,0.18686910263593506
1.65,0.10834733138818531,87.15399280259183,0,90,3.0,1,0.1990513979915841
1.655,0.08636519236690572,87.65090403830237,0,90,3.0,1,0.20929699048046127
1.66,0.06760532616242629,88.03559075757407,0,90,3.0,1,0.21722867541389834
1.665,0.05196904332202373,88.2935803580661,0,90,3.0,1,0.22254804861991948
1.67,0.03923107185803287,88.41499512294472,0,90,3.0,1,0.22505144583391168
1.675,0.02908287038705761,88.3951361310454,0,90,3.0,1,0.2246419820834104
1.68,0.02117220077308346,88.23477150863336,0,90,3.0,1,0.22133549502336822
1.685,0.0151361834125735,87.94008324256698,0,90,3.0,1,0.2152594483003502
1.69,0.010626454858290009,87.52227066579813,0,90,3.0,1,0.20664475599583776
1.695,0.007326255555493652,86.99684394559772,0,90,3.0,1,0.19581121537314883
1.7,0.004960179211183015,86.38266910719653,0,90,3.0,1,0.18314781664322752
1.705,0.0032978759379303545,85.70084635302014,0,90,3.0,1,0.16908961552618845
1.71,0.002153242296767213,84.97351438020993,0,90,3.0,1,0.15409308000432853
1.715,0.001380616732225004,84.22267447021218,0,90,3.0,1,0.13861184474664295
1.72,0.0008693106590991584,83.46911983680923,0,90,3.0,1,0.12307463581049953
1.725,0.000537524815942247,82.73153966075022,0,90,3.0,1,0.10786679712887041
1.73,0.0003263951340288585,82.02584581584142,0,90,3.0,1,0.09331640857404992
1.735,0.00019463030985187395,81.36474634664565,0,90,3.0,1,0.07968549168341538
1.74,0.00011397219555062695,80.75756615651035,0,90,3.0,1,0.06716631250536804
1.745,6.55403863487943e-05,80.21029461204587,0,90,3.0,1,0.05588236313496642
1.75,3.701184389455385e-05,79.72582372581968,0,90,3.0,1,0.04589327269731299
1.755,2.0525516217290957e-05,79.30433029623575,0,90,3.0,1,0.037202686520324685
1.76,1.1178128483661116e-05,78.94375108500397,0,90,3.0,1,0.02976806360832922
1.765,5.978135409912517e-06,78.6403012861791,0,90,3.0,1,0.023511366725342178
1.77,3.1396702713238487e-06,78.38899212332203,0,90,3.0,1,0.01832973450148508
1.775,1.6192875458531019e-06,78.18411201851102,0,90,3.0,1,0.014105402443526096
1.78,8.201353897972012e-07,78.01964593661293,0,90,3.0,1,0.010714349208514058
1.785,4.0791415086824765e-07,77.88961786250023,0,90,3.0,1,0.008033357989695478
1.79,1.9923866938774793e-07,77.78835082046433,0,90,3.0,1,0.00594537774153259
1.795,9.556527981051257e-08,77.71064663791375,0,90,3.0,1,0.004343229647706275
1.8,4.501406988770349e-08,77.65189339194916,0,90,3.0,1,0.003131822514415644
1.805,0.0,77.60811208361164,0,90,3.0,1,0.002229115126013279
1.81,0.0,77.57595574061222,0,90,3.0,1,0.0015660977445817639
1.815,0.0,77.55267420338132,0,90,3.0,1,0.0010860660490992786
1.82,0.0,77.53605673168623,0,90,3.0,1,0.0007434377667263946
1.825,0.0,77.5243627185632,0,90,3.0,1,0.0005023240940865256
1.83,0.0,77.5162486074524,0,90,3.0,1,0.00033502283407003855
1.835,0.0,77.51069689058352,0,90,3.0,1,0.00022055444502097765
1.84,0.0,77.50695104289521,0,90,3.0,1,0.00014332047206618516
1.845,0.0,77.50445854743928,0,90,3.0,1,9.192881318112667e-05
1.85,0.0,77.50282285014478,0,90,3.0,1,5.820309576868745e-05
1.855,0.0,77.50176414087863,0,90,3.0,1,3.6374038734734734e-05
1.86,0.0,77.50108825259593,0,90,3.0,1,2.243819785432147e-05
1.865,0.0,77.50066263926765,0,90,3.0,1,1.3662665312272252e-05
1.87,0.0,77.5003982682018,0,90,3.0,1,8.21171550115913e-06
1.875,0.0,77.50023627899034,0,90,3.0,1,4.871731759648515e-06
1.88,0.0,77.50013836478986,0,90,3.0,1,2.8528822651972487e-06
1.885,0.0,77.50007997920402,0,90,3.0,1,1.6490557529262322e-06
1.89,0.0,77.50004563305828,0,90,3.0,1,9.408877995437504e-07
1.895,0.0,77.50002569999755,0,90,3.0,1,5.298968567120065e-07
1.9,0.001684486749771458,77.50001428688657,0,90,3.0,1,2.9457498078382865e-07
1.905,0.004172395771277602,77.50000783958583,0,90,3.0,1,1.6164094502753344e-07
1.91,0.009438687428818865,77.50000424619222,0,90,3.0,1,8.755035503444439e-08
1.915,0.019500507867137046,77.50000227016378,0,90,3.0,1,4.68075005376226e-08
1.92,0.03679496976339974,77.5000011980246,0,90,3.0,1,2.4701538262720017e-08
1.925,0.06340728953298436,77.50000062405849,0,90,3.0,1,1.2867185292053205e-08
1.93,0.09979255396093453,77.50000032087499,0,90,3.0,1,6.61597915055121e-09
1.935,0.14343835518453557,77.50000016285362,0,90,3.0,1,3.3578066787535154e-09
1.94,0.18829581417209276,77.50000008158494,0,90,3.0,1,1.682163778260127e-09
1.945,0.2257481735193119,77.50000004034351,0,90,3.0,1,8.318249090678495e-10
1.95,0.24718154073554727,77.50000001969192,0,90,3.0,1,4.060190625863207e-10
1.955,0.24718154074102772,77.50000000948755,0,90,3.0,1,1.956195938339416e-10
1.96,0.22574817354072055,77.50000000451202,0,90,3.0,1,9.303128714124149e-11
1.965,0.18829581422840957,77.50000000211806,0,90,3.0,1,4.367127507272748e-11
1.97,0.14343835532456656,77.50000000098143,0,90,3.0,1,2.0235671099820222e-11
1.975,0.09979255431561854,77.50000000044888,0,90,3.0,1,9.255222018331663e-12
1.98,0.06340729067170194,77.50000000020265,0,90,3.0,1,4.178284293583105e-12
1.985,0.03679497683410042,77.50000000009031,0,90,3.0,1,1.862061478662036e-12
1.99,0.019500578284482293,77.50000000003972,0,90,3.0,1,8.189554418348371e-13
1.995,0.009439396781978427,77.50000000001725,0,90,3.0,1,3.5571087885062335e-13
2.0,0.004178588733610924,77.50000000000739,0,90,3.0,1,1.523638031320627e-13
2.005,0.0017299316936037381,77.50000000000313,0,90,3.0,1,6.446160901741115e-14
2.01,0.0008997325756988589,77.50000000000131,0,90,3.0,1,2.695667286182648e-14
2.015,0.001634769674224814,77.50000000000054,0,90,3.0,1,1.1134277921189199e-14
2.02,0.00614904736476635,77.50000000000021,0,90,3.0,1,4.395109705732579e-15
2.025,0.02168080359963608,77.50000000000009,0,90,3.0,1,1.7580438822930315e-15
2.03,0.06433400338904088,77.50000000000003,0,90,3.0,1,5.860146274310105e-16
2.035,0.1593410769217493,77.50000000000001,0,90,3.0,1,2.9300731371550523e-16
2.04,0.3291989194808569,77.5,0,90,3.0,1,0.0
2.045,0.5672906802982638,77.5,0,90,3.0,1,0.0
2.05,0.815339152120446,77.5,0,90,3.0,1,0.0
2.055,0.9768711246313155,77.5000028559769,1,90,3.0,1,5.888612169243417e-08
2.06,0.9726380909165361,77.50000532279577,0,90,3.0,1,1.0974836643597264e-07
2.065,0.7921091683291741,77.50001046219916,0,90,3.0,1,2.1571544653177382e-07
2.07,0.49139090102639077,77.50002236973569,0,90,3.0,1,4.612316636845095e-07
2.075,0.15739335672107918,77.50005283830866,0,90,3.0,1,1.0894496631291197e-06
2.08,-0.11102342218909485,77.50013587363745,0,90,3.0,1,2.8015182978772817e-06
2.085,-0.2314207883647528,77.5003669090899,0,90,3.0,1,7.5651358743344485e-06
2.09,-0.2029124434754801,77.50100252957115,0,90,3.0,1,2.0670712807275814e-05
2.095,-0.11151350554305876,77.50269808759987,0,90,3.0,1,5.563067216221545e-05
2.1,-0.039430666652076896,77.50703606177477,0,90,3.0,1,0.00014507343865504256
2.105,-0.006087703519843621,77.51761760128413,0,90,3.0,1,0.0003632495110129813
2.11,0.005350271385530551,77.54214594810216,0,90,3.0,1,0.0008689886206630927
2.115,0.010381647827441833,77.59607148804095,0,90,3.0,1,0.001980855423524708
2.12,0.015115203303506243,77.70836641529843,0,90,3.0,1,0.004296214748421203
2.125,0.021170964062928475,77.9296371645962,0,90,3.0,1,0.00885849823909693
2.13,0.029082821134029553,78.34181317749781,0,90,3.0,1,0.017356972731913653
2.135,0.03923107061708144,79.06694003244453,0,90,3.0,1,0.032308041906072886
2.14,0.051969043308817596,80.27039973466908,0,90,3.0,1,0.05712164401379555
2.145,0.06760532616283861,82.15204812412557,0,90,3.0,1,0.09591851802320765
2.15,0.08636519236693461,84.91878188632971,0,90,3.0,1,0.15296457497587032
2.155,0.10834733138818661,88.73551809123555,0,90,3.0,1,0.23166016682959892
2.16,0.1334809643017884,93.65914328335853,0,90,3.0,1,0.33317821202801096
2.165,0.16148868344343945,99.57021109016665,0,90,3.0,1,0.4550558987663227
2.17,0.191860907532018,106.12601860410251,0,90,3.0,1,0.5902271877134538
2.175,0.22384764873847726,112.76070620171899,0,90,3.0,1,0.7270248701385359
2.18,0.25647215537198226,118.74904589712469,0,90,3.0,1,0.8504957916932926
2.185,0.2885689161419028,123.33095343606797,0,90,3.0,1,0.9449681120838758
2.19,0.31884566517832524,125.86982346258154,0,90,3.0,1,0.9973159476820935
2.195,0.3459657668955683,126.0,0,90,3.0,1,1.0
2.2,0.3686441789190902,123.71659365765862,0,90,3.0,1,0.9529194568589406
2.205,0.3857476379544367,119.37750327034487,0,90,3.0,1,0.8634536756772139
2.21,0.3963882865005728,113.61693373312906,0,90,3.0,1,0.7446790460438981
2.215,0.4,107.1994396772741,0,90,3.0,1,0.6123595809747238
2.22,0.39638828650057273,100.86092501705839,0,90,3.0,1,0.48166855705275036
2.225,0.38574763795443656,95.1817546936844,0,90,3.0,1,0.3645722617254515
2.23,0.36864417891908974,90.51987078315264,0,90,3.0,1,0.26845094398252867
2.235,0.345965766895568,87.00790995248987,0,90,3.0,1,0.1960393804637086
2.24,0.3188456651783249,84.59832904861847,0,90,3.0,1,0.14635729997151478
2.245,0.28856891614190205,83.1310525189016,0,90,3.0,1,0.11610417564745562
2.25,0.2564721553719815,82.3997557140502,0,90,3.0,1,0.10102589101134435
2.255,0.22384764873847685,82.20156942287257,0,90,3.0,1,0.09693957572933126
2.26,0.19186090753201765,82.36525669130226,0,90,3.0,1,0.10031457095468585
2.265,0.16148868344343878,82.7606535757584,0,90,3.0,1,0.1084670840362556
2.27,0.1334809643017881,83.29581260087586,0,90,3.0,1,0.11950129073970851
2.275,0.10834733138818531,83.90842695672737,0,90,3.0,1,0.1321325145716983
2.28,0.08636519236690572,84.5563214845295,0,90,3.0,1,0.14549116462947434
2.285,0.06760532616242629,85.20957635581584,0,90,3.0,1,0.15896033723331632
2.29,0.05196904332202373,85.84509877246532,0,90,3.0,1,0.1720638922157798
2.295,0.03923107185803287,86.44344703944434,0,90,3.0,1,0.18440096988545024
2.3,0.02908287038705761,86.9873203919718,0,90,3.0,1,0.19561485344271767
2.305,0.02117220077308346,87.46110737664404,0,90,3.0,1,0.2053836572503925
2.31,0.0151361834125735,87.85101771835403,0,90,3.0,1,0.21342304573925833
2.315,0.010626454858290009,88.14547665780357,0,90,3.0,1,0.21949436407842413
2.32,0.007326255555493652,88.33558265324804,0,90,3.0,1,0.22341407532470184
2.325,0.004960179211183015,88.4155104714467,0,90,3.0,1,0.2250620715762205
2.33,0.0032978759379303545,88.38279169046189,0,90,3.0,1,0.22438745753529662
2.335,0.002153242296767213,88.23843584842453,0,90,3.0,1,0.22141104842112433
2.34,0.001380616732225004,87.98687694430782,0,90,3.0,1,0.21622426689294483
2.345,0.0008693106590991584,87.63574669193319,0,90,3.0,1,0.20898446787491118
2.35,0.000537524815942247,87.19548983856592,0,90,3.0,1,0.1999070069807406
2.355,0.0003263951340288585,86.67884832356206,0,90,3.0,1,0.18925460460952712
2.36,0.00019463030985187395,86.10024972200065,0,90,3.0,1,0.17732473653609598
2.365,0.00011397219555062695,85.47514083173311,0,90,3.0,1,0.16443589343779616
2.37,6.55403863487943e-05,84.8193091416906,0,90,3.0,1,0.15091359055032155
2.375,3.701184389455385e-05,84.14823329326723,0,90,3.0,1,0.13707697511891184
2.38,2.0525516217290957e-05,83.4764988703321,0,90,3.0,1,0.12322678083158957
2.385,1.1178128483661116e-05,82.81730856425602,0,90,3.0,1,0.10963522812899018
2.39,5.978135409912517e-06,82.18210679415621,0,90,3.0,1,0.096538284415592
2.395,3.1396702713238487e-06,81.58032915007796,0,90,3.0,1,0.0841304979397517
2.4,1.6192875458531019e-06,81.01927748638333,0,90,3.0,1,0.07256242239965631
2.405,8.201353897972012e-07,80.50411293388099,0,90,3.0,1,0.06194047286352556
2.41,4.0791415086824765e-07,80.0379521490593,0,90,3.0,2,0.05232891028988234
2.415,1.9923866938774793e-07,79.62204717610366,0,90,3.0,2,0.043753550022755945
2.42,9.556527981051257e-08,79.25602651946383,0,90,3.0,2,0.03620673236007898
2.425,4.501406988770349e-08,78.93817434270727,0,90,3.0,2,0.029653079231077746
2.43,0.0,78.66572586716714,0,90,3.0,2,0.024035584890044124
2.435,0.0,78.4351596525627,0,90,3.0,2,0.019281642320880477
2.44,0.0,78.24247104050093,0,90,3.0,2,0.01530868124744187
2.445,0.0,78.08341515681951,0,90,3.0,2,0.01202917849112397
2.45,0.0,77.9537120638225,0,90,3.0,2,0.009354887913865843
2.455,0.0,77.84921056697603,0,90,3.0,2,0.007200217875794358
2.46,0.0,77.7660105476462,0,90,3.0,2,0.005484753559715538
2.465,0.0,77.70054635288413,0,90,3.0,2,0.004134976348126429
2.47,0.0,77.64963566223828,0,90,3.0,2,0.003085271386356329
2.475,0.0,77.61049939044275,0,90,3.0,2,0.002278337947273288
2.48,0.0,77.58075865645289,0,90,3.0,2,0.0016651269371729105
2.485,0.0,77.55841477639846,0,90,3.0,2,0.0012044283793497855
2.49,0.0,77.5418177616279,0,90,3.0,2,0.0008622218892349844
2.495,0.0,77.52962806422242,0,90,3.0,2,0.00061088792211179
2.5,0.0,77.52077543867118,0,90,3.0,2,0.0004283595602305116
2.505,0.0,77.51441788504393,0,90,3.0,2,0.000297275980287135
2.51,0.0,77.50990278488175,0,90,3.0,2,0.00020418113158238505
2.515,0.0,77.50673158853434,0,90,3.0,2,0.00013879563988322056
2.52,0.0,77.50452879027938,0,90,3.0,2,9.337711916247929e-05
2.525,0.0,77.50301544414165,0,90,3.0,2,6.217410601345935e-05
2.53,0.0,77.50198712321371,0,90,3.0,2,4.097161265379787e-05
2.535,0.0,77.50129599324023,0,90,3.0,2,2.6721510107915127e-05
2.54,0.0,77.5008365369072,0,90,3.0,2,1.724818365362845e-05
2.545,0.0,77.50053440671559,0,90,3.0,2,1.1018695166751864e-05
2.55,0.0,77.50033788050787,0,90,3.0,2,6.966608409713219e-06
2.555,0.0,77.50021142619804,0,90,3.0,2,4.359303052273596e-06
2.56,0.0,77.5001309359467,0,90,3.0,2,2.6997102412392965e-06
2.565,0.0,77.50008025339538,0,90,3.0,2,1.6547091831267307e-06
2.57,0.0,77.5000486824436,0,90,3.0,2,1.0037617238191797e-06
2.575,0.0,77.50002922710189,0,90,3.0,2,6.026206575398581e-07
2.58,0.0,77.50001736615083,0,90,3.0,2,3.580649655356593e-07
2.585,0.0,77.5000102123529,0,90,3.0,2,2.1056397741565739e-07
2.59,0.0,77.5000059436399,0,90,3.0,2,1.2254927640373652e-07
2.595,0.0,77.50000342360457,0,90,3.0,2,7.058978490397177e-08
2.6,0.0,77.50000195172728,0,90,3.0,2,4.024179968406109e-08
2.605,0.0,77.500001101182,0,90,3.0,2,2.270478337299416e-08
2.61,0.0,77.5000006148986,0,90,3.0,2,1.2678321567851602e-08
2.615,0.0,77.50000033982265,0,90,3.0,2,7.006652541096309e-09
2.62,0.0,77.50000018586842,0,90,3.0,2,3.832338469476678e-09
2.625,0.0,77.50000010061513,0,90,3.0,2,2.0745386622759717e-09
2.63,0.0,77.50000005390454,0,90,3.0,2,1.1114338773490858e-09
2.635,0.0,77.50000002858195,0,90,3.0,2,5.893185779004665e-10
2.64,0.001684486749771458,77.50000001499902,0,90,3.0,2,3.092580853487946e-10
2.645,0.004172395771277602,77.50000000779002,0,90,3.0,2,1.6061899118868336e-10
2.65,0.009438687428818865,77.50000000400422,0,90,3.0,2,8.256125680024534e-11
2.655,0.019500507867137046,77.50000000203705,0,90,3.0,2,4.20011333845491e-11
2.66,0.03679496976339974,77.50000000102563,0,90,3.0,2,2.1146923845475444e-11
2.665,0.06340728953298436,77.50000000051108,0,90,3.0,2,1.053771503046443e-11
2.67,0.09979255396093453,77.50000000025204,0,90,3.0,2,5.196777716058201e-12
2.675,0.14343835518453557,77.50000000012302,0,90,3.0,2,2.5365643148351288e-12
2.68,0.18829581417209276,77.50000000005943,0,90,3.0,2,1.225356585958243e-12
2.685,0.2257481735193119,77.50000000002841,0,90,3.0,2,5.85721620117295e-13
2.69,0.24718154073554727,77.50000000001344,0,90,3.0,2,2.7718491877486797e-13
2.695,0.24718154074102772,77.5000000000063,0,90,3.0,2,1.298022399759688e-13
2.7,0.22574817354072055,77.50000000000291,0,90,3.0,2,6.006649931167857e-14
2.705,0.18829581422840957,77.50000000000134,0,90,3.0,2,2.7542687489257492e-14
2.71,0.14343835532456656,77.50000000000061,0,90,3.0,2,1.2599314489766724e-14
2.715,0.09979255431561854,77.50000000000027,0,90,3.0,2,5.567138960594599e-15
2.72,0.06340729067170194,77.50000000000011,0,90,3.0,2,2.344058509724042e-15
2.725,0.03679497683410042,77.50000000000006,0,90,3.0,2,1.172029254862021e-15
2.73,0.019500578284482293,77.50000000000003,0,90,3.0,2,5.860146274310105e-16
2.735,0.009439396781978427,77.50000000000001,0,90,3.0,2,2.9300731371550523e-16
2.74,0.004178588733610924,77.5,0,90,3.0,2,0.0
2.745,0.0017299316936037381,77.5,0,90,3.0,2,0.0
2.75,0.0008997325756988589,77.5,0,90,3.0,2,0.0
2.755,0.001634769674224814,77.50000284586159,1,90,3.0,2,5.8677558500516847e-08
2.76,0.00614904736476635,77.50000527961552,0,90,3.0,2,1.0885805199295553e-07
2.765,0.02168080359963608,77.50001031954956,0,90,3.0,2,2.1277421772716367e-07
2.77,0.06433400338904088,77.5000219076864,0,90,3.0,2,4.517048742836215e-07
2.775,0.1593410769217493,77.5000513062313,0,90,3.0,2,1.0578604391548184e-06
2.78,0.3291989194808569,77.50013076005604,0,90,3.0,2,2.6960836296509407e-06
2.785,0.5672906802982638,77.50035020381222,0,90,3.0,2,7.220697159130761e-06
2.79,0.815339152120446,77.50095018691317,0,90,3.0,2,1.9591482745824776e-05
2.795,0.9768711246313155,77.50254252172627,0,90,3.0,2,5.242312837668747e-05
2.8,0.9726380909165361,77.50659976740856,0,90,3.0,2,0.00013607767852699768
2.805,0.7921091683291741,77.51646537881305,0,90,3.0,2,0.00033949234666087036
2.81,0.49139090102639077,77.53928253215116,0,90,3.0,2,0.00080994911651881
2.815,0.15739335672107918,77.58937615985101,0,90,3.0,2,0.0018428074196085336
2.82,-0.11102342218909485,77.69363594416527,0,90,3.0,2,0.003992493694129186
2.825,-0.2314207883647528,77.89914273187748,0,90,3.0,2,0.008229747049020112
2.83,-0.2029124434754801,78.28242166935907,0,90,3.0,2,0.016132405553795196
2.835,-0.11151350554305876,78.95815265228912,0,90,3.0,2,0.03006500313998176
2.84,-0.039430666652076896,80.08310908029944,0,90,3.0,2,0.05325998103710179
2.845,-0.006087703519843621,81.84927459141106,0,90,3.0,2,0.08967576477136206
2.85,0.005350271385530551,84.45983730743244,0,90,3.0,2,0.14350180015324612
2.855,0.010381647827441833,88.08459313200352,0,90,3.0,2,0.2182390336495571
2.86,0.015115203303506243,92.79797719482352,0,90,3.0,2,0.31542221020254674
2.865,0.021170964062928475,98.51242125918112,0,90,3.0,2,0.4332457991583737
2.87,0.029082821134029553,104.92855626497301,0,90,3.0,2,0.5655372425767631
2.875,0.03923107061708144,111.52691835651606,0,90,3.0,2,0.7015859454951766
2.88,0.051969043308817596,117.61903404505797,0,90,3.0,2,0.827196578248618
2.885,0.06760532616283861,122.45858606973496,0,90,3.0,2,0.9269811560770096
2.89,0.08636519236693461,125.39083977274626,0,90,3.0,2,0.9874399953143559
2.895,0.10834733138818661,126.0,0,90,3.0,2,1.0
2.9,0.1334809643017884,124.20909158519541,0,90,3.0,2,0.9630740533029981
2.905,0.16148868344343945,120.29953639901376,0,90,3.0,2,0.8824646680209023
2.91,0.191860907532018,114.84382327361675,0,90,3.0,2,0.7699757376003453
2.915,0.22384764873847726,108.57369951396845,0,90,3.0,2,0.6406948353395556
2.92,0.25647215537198226,102.2258821880279,0,90,3.0,2,0.5098120038768639
2.925,0.2885689161419028,96.40992335364712,0,90,3.0,2,0.389895326879322
2.93,0.31884566517832524,91.52930221937348,0,90,3.0,2,0.2892639632860511
2.935,0.3459657668955683,87.76478426184879,0,90,3.0,2,0.21164503632677914
2.94,0.3686441789190902,85.10862158827653,0,90,3.0,2,0.15687879563456772
2.945,0.3857476379544367,83.42656336784474,0,90,3.0,2,0.1221971828421595
2.95,0.3963882865005728,82.52378753042284,0,90,3.0,2,0.1035832480499554
2.955,0.4,82.19783132916163,0,90,3.0,2,0.09686250163219856
2.96,0.39638828650057273,82.27134594925722,0,90,3.0,2,0.09837826699499432
2.965,0.38574763795443656,82.60568848479885,0,90,3.0,2,0.10527192752162572
2.97,0.36864417891908974,83.10088201483204,0,90,3.0,2,0.11548210339859873
2.975,0.345965766895568,83.68840901871987,0,90,3.0,2,0.12759606224164674
2.98,0.3188456651783249,84.32197791292448,0,90,3.0,2,0.14065933841081404
2.985,0.28856891614190205,84.96931088968523,0,90,3.0,2,0.15400641009660274
2.99,0.2564721553719815,85.60616534397113,0,90,3.0,2,0.16713742977260057
2.995,0.22384764873847685,86.21263167382902,0,90,3.0,2,0.1796418901820417
3.0,0.19186090753201765,86.77121984433278,0,90,3.0,2,0.19115917204809849
3.005,0.16148868344343878,87.26614028210291,0,90,3.0,2,0.20136371715676102
3.01,0.1334809643017881,87.68327944307798,0,90,3.0,2,0.20996452459954595
3.015,0.10834733138818531,88.01051741167255,0,90,3.0,2,0.21671169920974334
3.02,0.08636519236690572,88.23816273562356,0,90,3.0,2,0.22140541722935178
3.025,0.06760532616242629,88.35936913531009,0,90,3.0,2,0.22390451825381627
3.03,0.05196904332202373,88.3704549759066,0,90,3.0,2,0.22413309228673395
3.035,0.03923107185803287,88.27108106749418,0,90,3.0,2,0.22208414572152949
3.04,0.02908287038705761,88.06426526041847,0,90,3.0,2,0.2178199022766694
3.045,0.02117220077308346,87.75622938752784,0,90,3.0,2,0.21146864716552244
3.05,0.0151361834125735,87.35608811985259,0,90,3.0,2,0.20321831174953786
3.055,0.010626454858290009,86.87540102954962,0,90,3.0,2,0.1933072377226726
3.06,0.007326255555493652,86.32761843902698,0,90,3.0,2,0.18201275132014386
3.065,0.004960179211183015,85.72745804544682,0,90,3.0,2,0.16963831021539844
3.07,0.0032978759379303545,85.09025249472462,0,90,3.0,2,0.1565000514376211
3.075,0.002153242296767213,84.43130793834682,0,90,3.0,2,0.14291356573910968
3.08,0.001380616732225004,83.7653103417945,0,90,3.0,2,0.12918165653184543
3.085,0.0008693106590991584,83.10581041043784,0,90,3.0,2,0.11558371980284206
3.09,0.000537524815942247,82.46481016288601,0,90,3.0,2,0.1023672198533198
3.095,0.0003263951340288585,81.85246524967621,0,90,3.0,2,0.08974155153971576
3.1,0.00019463030985187395,81.276907956434,0,90,3.0,2,0.07787439085430932
3.105,0.00011397219555062695,80.74418725350604,0,90,3.0,2,0.06689045883517611
3.11,6.55403863487943e-05,80.25831492720756,0,90,3.0,2,0.056872472725929164
3.115,3.701184389455385e-05,79.82140122596148,0,90,3.0,2,0.04786394280332949
3.12,2.0525516217290957e-05,79.43385983225944,0,90,3.0,2,0.039873398603287494
3.125,1.1178128483661116e-05,79.09466036456183,0,90,3.0,2,0.03287959514560479
3.13,5.978135409912517e-06,78.80160686539986,0,90,3.0,2,0.026837254956698177
3.135,3.1396702713238487e-06,78.55162253760456,0,90,3.0,2,0.021682938919681614
3.14,1.6192875458531019e-06,78.34102394918298,0,90,3.0,2,0.017340699983154285
3.145,8.201353897972012e-07,78.16577159895577,0,90,3.0,2,0.0137272494630056
3.15,4.0791415086824765e-07,78.02168769123986,0,90,3.0,2,0.010756447242059007
3.155,1.9923866938774793e-07,77.90463583247852,0,90,3.0,2,0.008343006855227193
3.16,9.556527981051257e-08,77.81066083961933,0,90,3.0,2,0.006405378136481049
3.165,4.501406988770349e-08,77.73608973677702,0,90,3.0,2,0.004867829624268409
3.17,0.0,77.67759720552577,0,90,3.0,2,0.003661798052077754
3.175,0.0,77.63224022257143,0,90,3.0,2,0.0027266025272458896
3.18,0.0,77.59746741293033,0,90,3.0,2,0.0020096373800067655
3.185,0.0,77.57110886220912,0,90,3.0,2,0.001466162107404441
3.19,0.0,77.55135189140306,0,90,3.0,2,0.0010588018845991423
3.195,0.0,77.53670773455,0,90,3.0,2,0.0007568605061856994
3.2,0.0,77.52597330075044,0,90,3.0,2,0.0005355319742358057
3.205,0.0,77.51819135838316,0,90,3.0,2,0.00037507955429202044
3.21,0.0,77.51261163923783,0,90,3.0,2,0.00026003379871818866
3.215,0.0,77.50865458747553,0,90,3.0,2,0.00017844510258831027
3.22,0.0,77.50587881276304,0,90,3.0,2,0.00012121263428955844
3.225,0.0,77.5039527678497,0,90,3.0,2,8.150036803498289e-05
3.23,0.0,77.5026307611049,0,90,3.0,2,5.424249700817218e-05
3.235,0.0,77.50173312521085,0,90,3.0,2,3.5734540429848964e-05
3.24,0.0,77.50113017810872,0,90,3.0,2,2.3302641416991072e-05
3.245,0.0,77.50072951170684,0,90,3.0,2,1.5041478491477542e-05
3.25,0.0,77.50046610747096,0,90,3.0,2,9.610463318680203e-06
3.255,0.001684486749771458,77.50029478697198,0,90,3.0,2,6.078081896445378e-06
3.26,0.004172395771277602,77.50018454357595,0,90,3.0,2,3.805022184636626e-06
3.265,0.009438687428818865,77.5001143557486,0,90,3.0,2,2.357850486457688e-06
3.27,0.019500507867137046,77.50007014318696,0,90,3.0,2,1.446251277527444e-06
3.275,0.03679496976339974,77.50004258742786,0,90,3.0,2,8.780912960048095e-07
3.28,0.06340728953298436,77.50002559444704,0,90,3.0,2,5.277205574886991e-07
3.285,0.09979255396093453,77.50001522574371,0,90,3.0,2,3.139328599872053e-07
3.29,0.14343835518453557,77.5000089656071,0,90,3.0,2,1.8485787822822944e-07
3.295,0.18829581417209276,77.50000522575824,0,90,3.0,2,1.0774759265793186e-07
3.3,0.2257481735193119,77.50000301500023,0,90,3.0,2,6.21649532309e-08
3.305,0.24718154073554727,77.50000172184403,0,90,3.0,2,3.5501938745040105e-08
3.31,0.24718154074102772,77.50000097334923,0,90,3.0,2,2.0069056299970978e-08
3.315,0.22574817354072055,77.50000054464309,0,90,3.0,2,1.1229754354363397e-08
3.32,0.18829581422840957,77.50000030166417,0,90,3.0,2,6.219879850570728e-09
3.325,0.14343835532456656,77.50000016538796,0,90,3.0,2,3.410061017066911e-09
3.33,0.09979255431561854,77.50000008975371,0,90,3.0,2,1.850592000373956e-09
3.335,0.06340729067170194,77.5000000482136,0,90,3.0,2,9.940947034620061e-10
3.34,0.03679497683410042,77.50000002563627,0,90,3.0,2,5.285828498842617e-10
3.345,0.019500578284482293,77.50000001349301,0,90,3.0,2,2.782063422704802e-10
3.35,0.009439396781978427,77.50000000702961,0,90,3.0,2,1.449404628390804e-10
3.355,0.004178588733610924,77.50000000362512,0,90,3.0,2,7.474470069225681e-11
3.36,0.0017299316936037381,77.50000000185047,0,90,3.0,2,3.8153947355464515e-11
3.365,0.0008997325756988589,77.50000000093499,0,90,3.0,2,1.927812319859795e-11
3.37,0.001634769674224814,77.50000000046764,0,90,3.0,2,9.641991672436131e-12
3.375,0.00614904736476635,77.50000000023151,0,90,3.0,2,4.773382147739296e-12
3.38,0.02168080359963608,77.50000000011345,0,90,3.0,2,2.3390773853908783e-12
3.385,0.06433400338904088,77.50000000005502,0,90,3.0,2,1.1345243187064363e-12
3.39,0.1593410769217493,77.50000000002642,0,90,3.0,2,5.447005961971242e-13
3.395,0.3291989194808569,77.50000000001256,0,90,3.0,2,2.590184653245066e-13
3.4,0.5672906802982638,77.50000000000591,0,90,3.0,2,1.2189104250565017e-13
3.405,0.815339152120446,77.50000000000276,0,90,3.0,2,5.684341886080802e-14
3.41,0.9768711246313155,77.50000000000126,0,90,3.0,2,2.6077650920679964e-14
3.415,0.9726380909165361,77.50000000000058,0,90,3.0,2,1.2013299862335714e-14
3.42,0.7921091683291741,77.50000000000026,0,90,3.0,2,5.274131646879094e-15
3.425,0.49139090102639077,77.50000000000011,0,90,3.0,2,2.344058509724042e-15
3.43,0.15739335672107918,77.50000000000006,0,90,3.0,2,1.172029254862021e-15
3.435,-0.11102342218909485,77.50000000000003,0,90,3.0,2,5.860146274310105e-16
3.44,-0.2314207883647528,77.50000000000001,0,90,3.0,2,2.9300731371550523e-16
3.445,-0.2029124434754801,77.5,0,90,3.0,2,0.0
3.45,-0.11151350554305876,77.5,0,90,3.0,2,0.0
3.455,-0.039430666652076896,77.5,0,90,3.0,2,0.0
3.46,-0.006087703519843621,77.50000284403532,1,90,3.0,2,5.8639903544616635e-08
3.465,0.005350271385530551,77.50000563434857,0,90,3.0,2,1.161721354257923e-07
3.47,0.010381647827441833,77.50001194034442,0,90,3.0,2,2.4619266848754496e-07
3.475,0.015115203303506243,77.50002813743002,0,90,3.0,2,5.801531963196297e-07
3.48,0.021170964062928475,77.50007456926916,0,90,3.0,2,1.5375107043195215e-06
3.485,0.029082821134029553,77.50021555237494,0,90,3.0,2,4.444378864730322e-06
3.49,0.03923107061708144,77.50064634651709,0,90,3.0,2,1.332673231106653e-05
3.495,0.051969043308817596,77.50192715835341,0,90,3.0,2,3.973522378166224e-05
3.5,0.06760532616283861,77.50556436458237,0,90,3.0,2,0.00011472916664678985
3.505,0.08636519236693461,77.5153360380951,0,90,3.0,2,0.0003162069710329893
3.51,0.10834733138818661,77.54004933030063,0,90,3.0,2,0.0008257593876419144
3.515,0.1334809643017884,77.59872426259801,0,90,3.0,2,0.002035551806144569
3.52,0.16148868344343945,77.72927397114614,0,90,3.0,2,0.004727298374147262
3.525,0.191860907532018,78.0011213460085,0,90,3.0,2,0.01033239888677326
3.53,0.22384764873847726,78.53026214977955,0,90,3.0,2,0.02124251855215558
3.535,0.25647215537198226,79.49175422945842,0,90,3.0,2,0.041067097514606646
3.54,0.2885689161419028,81.12018821167895,0,90,3.0,2,0.0746430559109062
3.545,0.31884566517832524,83.68572301825407,0,90,3.0,2,0.12754068078874364
3.55,0.3459657668955683,87.43548636982642,0,90,3.0,2,0.204855389068586
3.555,0.3686441789190902,92.5008021671065,0,90,3.0,2,0.30929489004343297
3.56,0.3857476379544367,98.78935026029112,0,90,3.0,2,0.4389556754699199
3.565,0.3963882865005728,105.90117170753103,0,90,3.0,2,0.585591169227444
3.57,0.4,113.11621193300405,0,90,3.0,2,0.7343548852165784
3.575,0.39638828650057273,119.48749438013431,0,90,3.0,2,0.8657215336110167
3.58,0.38574763795443656,124.03653874510518,0,90,3.0,2,0.9595162627856737
3.585,0.36864417891908974,126.0,0,90,3.0,2,1.0
3.59,0.345965766895568,125.04326482741723,0,90,3.0,2,0.9802735015962316
3.595,0.3188456651783249,121.35937653466117,0,90,3.0,2,0.9043170419517766
3.6,0.28856891614190205,115.61360140385835,0,90,3.0,2,0.7858474516259455
3.605,0.2564721553719815,108.75594891707162,0,90,3.0,2,0.6444525549911674
3.61,0.22384764873847685,101.77461151529064,0,90,3.0,2,0.5005074539235185
3.615,0.19186090753201765,95.47810717617381,0,90,3.0,3,0.37068262218915066
3.62,0.16148868344343878,90.36949924832,0,90,3.0,3,0.26535049996536075
3.625,0.1334809643017881,86.62992216347705,0,90,3.0,3,0.18824581780365046
3.63,0.10834733138818531,84.18612234560806,0,90,3.0,3,0.1378581926929496
3.635,0.08636519236690572,82.81567309579101,0,90,3.0,3,0.1096015071297116
3.64,0.06760532616242629,82.24668045311486,0,90,3.0,3,0.09786970006422396
3.645,0.05196904332202373,82.22677563441158,0,90,3.0,3,0.09745929143116662
3.65,0.03923107185803287,82.55618463062414,0,90,3.0,3,0.10425122949740505
3.655,0.02908287038705761,83.09295775268306,0,90,3.0,3,0.11531871655016625
3.66,0.02117220077308346,83.74288099322293,0,90,3.0,3,0.12871919573655516
3.665,0.0151361834125735,84.44470761789947,0,90,3.0,3,0.1431898477917416
3.67,0.010626454858290009,85.15701212826306,0,90,3.0,3,0.15787653872707344
3.675,0.007326255555493652,85.84902108131057,0,90,3.0,3,0.17214476456310449
3.68,0.004960179211183015,86.49535961413758,0,90,3.0,3,0.18547133225025947
3.685,0.0032978759379303545,87.07368281210313,0,90,3.0,3,0.1973955218990336
3.69,0.002153242296767213,87.56407233300035,0,90,3.0,3,0.2075066460412444
3.695,0.001380616732225004,87.94934169797176,0,90,3.0,3,0.21545034428807755
3.7,0.0008693106590991584,88.21569761819234,0,90,3.0,3,0.22094221893180077
3.705,0.000537524815942247,88.35343302302121,0,90,3.0,3,0.22378212418600435
3.71,0.0003263951340288585,88.35747043745516,0,90,3.0,3,0.22386536984443636
3.715,0.00019463030985187395,88.22765859398775,0,90,3.0,3,0.22118883698943825
3.72,0.00011397219555062695,87.96877763919233,0,90,3.0,3,0.21585108534417166
3.725,6.55403863487943e-05,87.59024579975109,0,90,3.0,3,0.20804630514950698
3.73,3.701184389455385e-05,87.10555038207744,0,90,3.0,3,0.19805258519747296
3.735,2.0525516217290957e-05,86.53145038403952,0,90,3.0,3,0.18621547183586631
3.74,1.1178128483661116e-05,85.88701624442398,0,90,3.0,3,0.17292816998812321
3.745,5.978135409912517e-06,85.1925832624303,0,90,3.0,3,0.1586099641738207
3.75,3.1396702713238487e-06,84.46869833167638,0,90,3.0,3,0.14368450168404903
3.755,1.6192875458531019e-06,83.73513500639436,0,90,3.0,3,0.1285594846679249
3.76,8.201353897972012e-07,83.0100405618299,0,90,3.0,3,0.11360908374907003
3.765,4.0791415086824765e-07,82.30926233944837,0,90,3.0,3,0.09916004823604879
3.77,1.9923866938774793e-07,81.6458814331628,0,90,3.0,3,0.08548209140541854
3.775,9.556527981051257e-08,81.02996195780577,0,90,3.0,3,0.07278272077950036
3.78,4.501406988770349e-08,80.46850585648903,0,90,3.0,3,0.06120630631936147
3.785,0.0,79.96558814237727,0,90,3.0,3,0.05083686891499528
3.79,0.0,79.52263674653703,0,90,3.0,3,0.04170385044406251
3.795,0.0,79.13881522901951,0,90,3.0,3,0.03379000472205183
3.8,0.0,78.81146536827063,0,90,3.0,3,0.02704052305712643
3.805,0.0,78.53656943790337,0,90,3.0,3,0.02137256572996633
3.81,0.0,78.30919783276481,0,90,3.0,3,0.016684491397212564
3.815,0.0,78.12391547782335,0,90,3.0,3,0.012864236656151455
3.82,0.0,77.97512900761184,0,90,3.0,3,0.009796474383749296
3.825,0.0,77.85736504432592,0,90,3.0,3,0.007368351429400348
3.83,0.0,77.76547726284619,0,90,3.0,3,0.005473757996828657
3.835,0.0,77.69478581665143,0,90,3.0,3,0.00401620240518417
3.84,0.0,77.6411568854654,0,90,3.0,3,0.00291045124670941
3.845,0.0,77.60103260291042,0,90,3.0,3,0.002083146451761279
3.85,0.0,77.57142261616407,0,90,3.0,3,0.0014726312611148655
3.855,0.0,77.54986831612662,0,90,3.0,3,0.0010282127036416499
3.86,0.0,77.53438970032784,0,90,3.0,3,0.0007090659861409428
3.865,0.0,77.52342323181401,0,90,3.0,3,0.00048295323327850095
3.87,0.0,77.5157572338132,0,90,3.0,3,0.0003248914188289516
3.875,0.0,77.5104695467323,0,90,3.0,3,0.0002158669429339278
3.88,0.0,77.50687053439142,0,90,3.0,3,0.0001416605029159711
3.885,0.0,77.50445315583923,0,90,3.0,3,9.18176461696771e-05
3.89,0.0,77.50285075573734,0,90,3.0,3,5.8778468811167315e-05
3.895,0.0,77.50180246507347,0,90,3.0,3,3.7164228318914934e-05
3.9,0.0,77.50112561130648,0,90,3.0,3,2.320848054592744e-05
3.905,0.0,77.50069426420308,0,90,3.0,3,1.4314725836628867e-05
3.91,0.0,77.50042293715272,0,90,3.0,3,8.720353664334793e-06
3.915,0.0,77.50025447295847,0,90,3.0,3,5.246865123178123e-06
3.92,0.0,77.5001512245073,0,90,3.0,3,3.1180310784715326e-06
3.925,0.0,77.50008876003304,0,90,3.0,3,1.8301037739641372e-06
3.93,0.0,77.50005145498665,0,90,3.0,3,1.0609275597237956e-06
3.935,0.0,77.50002946132142,0,90,3.0,3,6.074499261445715e-07
3.94,0.0,77.50001666064122,0,90,3.0,3,3.4351837571521924e-07
3.945,0.0,77.50000930563341,0,90,3.0,3,1.9186873015014592e-07
3.95,0.0,77.50000513351583,0,90,3.0,3,1.0584568716572885e-07
3.955,0.0,77.50000279703956,0,90,3.0,3,5.767091868891811e-08
3.96,0.0,77.50000150520984,0,90,3.0,3,3.103525438474236e-08
3.965,0.0,77.50000080003728,0,90,3.0,3,1.649561411176899e-08
3.97,0.001684486749771458,77.50000041998922,0,90,3.0,3,8.659571552381805e-09
3.975,0.004172395771277602,77.50000021776135,0,90,3.0,3,4.48992482139972e-09
3.98,0.009438687428818865,77.50000011151626,0,90,3.0,3,2.2993042796198217e-09
3.985,0.019500507867137046,77.50000005640405,0,90,3.0,3,1.162970054736565e-09
3.99,0.03679496976339974,77.50000002817715,0,90,3.0,3,5.809722645692803e-10
3.995,0.06340728953298436,77.50000001390269,0,90,3.0,3,2.866534501175845e-10
4.0,0.09979255396093453,77.5000000067751,0,90,3.0,3,1.396927018504357e-10
4.005,0.14343835518453557,77.50000000326096,0,90,3.0,3,6.723638827829698e-11
4.01,0.18829581417209276,77.50000000155022,0,90,3.0,3,3.196328883128332e-11
4.015,0.2257481735193119,77.50000000072787,0,90,3.0,3,1.5007541601194463e-11
4.02,0.24718154073554727,77.50000000033754,0,90,3.0,3,6.9595097153706806e-12
4.025,0.24718154074102772,77.5000000001546,0,90,3.0,3,3.1876265659109813e-12
4.03,0.22574817354072055,77.50000000006995,0,90,3.0,3,1.4421819981077167e-12
4.035,0.18829581422840957,77.50000000003125,0,90,3.0,3,6.44323082860396e-13
4.04,0.14343835532456656,77.50000000001378,0,90,3.0,3,2.8421709430404007e-13
4.045,0.09979255431561854,77.50000000000601,0,90,3.0,3,1.239420937016587e-13
4.05,0.06340729067170194,77.50000000000259,0,90,3.0,3,5.332733109622195e-14
4.055,0.03679497683410042,77.5000000000011,0,90,3.0,3,2.25615631560939e-14
4.06,0.019500578284482293,77.50000000000045,0,90,3.0,3,9.376234038896167e-15
4.065,0.009439396781978427,77.50000000000018,0,90,3.0,3,3.809095078301568e-15
4.07,0.004178588733610924,77.50000000000007,0,90,3.0,3,1.465036568577526e-15
4.075,0.0017299316936037381,77.50000000000003,0,90,3.0,3,5.860146274310105e-16
4.08,0.0008997325756988589,77.50000000000001,0,90,3.0,3,2.9300731371550523e-16
4.085,0.001634769674224814,77.5,0,90,3.0,3,0.0
4.09,0.00614904736476635,77.5,0,90,3.0,3,0.0
4.095,0.02168080359963608,77.5,0,90,3.0,3,0.0
4.1,0.06433400338904088,77.50000285066528,1,90,3.0,3,5.8776603762772095e-08
4.105,0.1593410769217493,77.50000533774794,0,90,3.0,3,1.1005665847620811e-07
4.11,0.3291989194808569,77.50001055134113,0,90,3.0,3,2.1755342544631426e-07
4.115,0.5672906802982638,77.50002272509559,0,90,3.0,3,4.685586719629616e-07
4.12,0.815339152120446,77.50005414678377,0,90,3.0,3,1.1164285312949602e-06
4.125,0.9768711246313155,77.500140505292,0,90,3.0,3,2.8970163297926024e-06
4.13,0.9726380909165361,77.50038258369432,0,90,3.0,3,7.888323594182947e-06
4.135,0.7921091683291741,77.5010527695429,0,90,3.0,3,2.1706588513294712e-05
4.14,0.49139090102639077,77.50284972513398,0,90,3.0,3,5.875721925740811e-05
4.145,0.15739335672107918,77.50746597756105,0,90,3.0,3,0.00015393768167121978
4.15,-0.11102342218909485,77.51876169890194,0,90,3.0,3,0.0003868391526173268
4.155,-0.2314207883647528,77.54500396355465,0,90,3.0,3,0.000927916774322657
4.16,-0.2029124434754801,77.60277510805538,0,90,3.0,3,0.0021190743928944885
4.165,-0.11151350554305876,77.72313394409493,0,90,3.0,3,0.004600699878245889
4.17,-0.039430666652076896,77.96019364845812,0,90,3.0,3,0.009488528834187958
4.175,-0.006087703519843621,78.40119339193035,0,90,3.0,3,0.018581307050110282
4.18,0.005350271385530551,79.17526941030879,0,90,3.0,3,0.034541637325954354
4.185,0.010381647827441833,80.45579048450003,0,90,3.0,3,0.06094413370103151
4.19,0.015115203303506243,82.44931195947832,0,90,3.0,3,0.10204766926759427
4.195,0.021170964062928475,85.36455622127653,0,90,3.0,3,0.16215579837683566
4.2,0.029082821134029553,89.35900055276574,0,90,3.0,3,0.24451547531475742
4.205,0.03923107061708144,94.46913761169944,0,90,3.0,3,0.3498791260144214
4.21,0.051969043308817596,100.54136540845477,0,90,3.0,3,0.47507969914339726
4.215,0.06760532616283861,107.18914743882308,0,90,3.0,3,0.612147369872641
4.22,0.08636519236693461,113.8027021799891,0,90,3.0,3,0.7485093232987443
4.225,0.10834733138818661,119.62609966806052,0,90,3.0,3,0.868579374599186
4.23,0.1334809643017884,123.89459021136328,0,90,3.0,3,0.9565894888940882
4.235,0.16148868344343945,126.0,0,90,3.0,3,1.0
4.24,0.191860907532018,125.63555232071732,0,90,3.0,3,0.992485614860151
4.245,0.22384764873847726,122.8728829839707,0,90,3.0,3,0.9355233604942412
4.25,0.25647215537198226,118.14488894980822,0,90,3.0,3,0.8380389474187262
4.255,0.2885689161419028,112.14032116465883,0,90,3.0,3,0.7142334260754398
4.26,0.31884566517832524,105.64571806451514,0,90,3.0,3,0.5803240838044358
4.265,0.3459657668955683,99.38474665898676,0,90,3.0,3,0.4512318898760156
4.27,0.3686441789190902,93.89946334087666,0,90,3.0,3,0.3381332647603436
4.275,0.3857476379544367,89.49722210145336,0,90,3.0,3,0.24736540415367753
4.28,0.3963882865005728,86.26179009897115,0,90,3.0,3,0.18065546595816798
4.285,0.4,84.10837075711324,0,90,3.0,3,0.1362550671569739
4.29,0.39638828650057273,82.85525798893129,0,90,3.0,3,0.11041769049342856
4.295,0.38574763795443656,82.28893368935184,0,90,3.0,3,0.09874090081137807
4.3,0.36864417891908974,82.20954302821511,0,90,3.0,3,0.09710397996319811
4.305,0.345965766895568,82.45412614899202,0,90,3.0,3,0.1021469309070519
4.31,0.3188456651783249,82.9020248457851,0,90,3.0,3,0.11138195558319808
4.315,0.28856891614190205,83.46956389310165,0,90,3.0,3,0.1230837916103433
4.32,0.2564721553719815,84.1004855952502,0,90,3.0,3,0.13609248650000424
4.325,0.22384764873847685,84.75645137662403,0,90,3.0,3,0.14961755415719646
4.33,0.19186090753201765,85.40966434514888,0,90,3.0,3,0.16308586278657491
4.335,0.16148868344343878,86.0380544133898,0,90,3.0,3,0.17604235903896498
4.34,0.1334809643017881,86.62263152761466,0,90,3.0,3,0.18809549541473522
4.345,0.10834733138818531,87.14635512742458,0,90,3.0,3,0.1988939201530842
4.35,0.08636519236690572,87.59392038235315,0,90,3.0,3,0.20812206973924013
4.355,0.06760532616242629,87.95201971947535,0,90,3.0,3,0.21550556122629577
4.36,0.05196904332202373,88.20979239540345,0,90,3.0,3,0.22082046176089595
4.365,0.03923107185803287,88.35928803931012,0,90,3.0,3,0.2239028461713426
4.37,0.02908287038705761,88.3958424677883,0,90,3.0,3,0.22465654572759378
4.375,0.02117220077308346,88.31830826653777,0,90,3.0,3,0.22305790240284062
4.38,0.0151361834125735,88.12911092076266,0,90,3.0,3,0.21915692620129187
4.385,0.010626454858290009,87.83412164429782,0,90,3.0,3,0.21307467307830563
4.39,0.007326255555493652,87.44235443924178,0,90,3.0,3,0.20499699874725325
4.395,0.004960179211183015,86.96550861191454,0,90,3.0,3,0.19516512601885658
4.4,0.0032978759379303545,86.41738895346812,0,90,3.0,3,0.18386368976222928
4.405,0.002153242296767213,85.81324358973214,0,90,3.0,3,0.171407084324374
4.41,0.001380616732225004,85.16906367666229,0,90,3.0,3,0.15812502426107813
4.415,0.0008693106590991584,84.5008894969962,0,90,3.0,3,0.14434823705146793
4.42,0.000537524815942247,83.82416428298873,0,90,3.0,3,0.1303951398554378
4.425,0.0003263951340288585,83.15317077049401,0,90,3.0,3,0.11656022207204154
4.43,0.00019463030985187395,82.50057687127921,0,90,3.0,3,0.10310467775833418
4.435,0.00011397219555062695,81.8771068894783,0,90,3.0,3,0.09024962658718141
4.44,6.55403863487943e-05,81.29134441020258,0,90,3.0,3,0.07817204969489863
4.445,3.701184389455385e-05,80.74966329577829,0,90,3.0,3,0.06700336692326372
4.45,2.0525516217290957e-05,80.25627492189922,0,90,3.0,3,0.05683041076080865
4.455,1.1178128483661116e-05,79.81337343151264,0,90,3.0,3,0.04769842126830195
4.46,5.978135409912517e-06,79.42135668043277,0,90,3.0,3,0.03961560165840754
4.465,3.1396702713238487e-06,79.07909874103451,0,90,3.0,3,0.032558736928546675
4.47,1.6192875458531019e-06,78.78425013843707,0,90,3.0,3,0.026479384297671618
4.475,8.201353897972012e-07,78.5335440627456,0,90,3.0,3,0.021310186860734128
4.48,4.0791415086824765e-07,78.32309016640502,0,90,3.0,3,0.016970931266082963
4.485,1.9923866938774793e-07,78.14864170879353,0,90,3.0,3,0.013374055851413066
4.49,9.556527981051257e-08,78.00582625821215,0,90,3.0,3,0.010429407385817584
4.495,4.501406988770349e-08,77.89033447553675,0,90,3.0,3,0.008048133516221589
4.5,0.0,77.79806535061086,0,90,3.0,3,0.006145677332182583
4.505,0.0,77.72522941908457,0,90,3.0,3,0.0046439055481354696
4.51,0.0,77.66841384122971,0,90,3.0,3,0.0034724503346331417
4.515,0.0,77.62461476063879,0,90,3.0,3,0.0025693765080163334
4.52,0.0,77.59124314265756,0,90,3.0,3,0.001881301910465172
4.525,0.0,77.5661104364004,0,90,3.0,3,0.0013631017814514075
4.53,0.0,77.54740005593854,0,90,3.0,3,0.0009773207410008
4.535,0.0,77.53362998903987,0,90,3.0,3,0.0006934018358735332
4.54,0.0,77.52361095963337,0,90,3.0,3,0.00048682390996646063
4.545,0.0,77.51640361595736,0,90,3.0,3,0.00033821888571872985
4.55,0.0,77.51127728584574,0,90,3.0,3,0.00023252135764404482
4.555,0.0,77.50767200055635,0,90,3.0,3,0.0001581855784815344
4.56,0.0,77.50516477853803,0,90,3.0,3,0.00010649027913466187
4.565,0.0,77.503440597138,0,90,3.0,3,7.094014717516253e-05
4.57,0.0,77.5022680623265,0,90,3.0,3,4.676417168027292e-05
4.575,0.0,77.50147950074185,0,90,3.0,3,3.0505169935078867e-05
4.58,0.0,77.50095502431975,0,90,3.0,3,1.9691223087647813e-05
4.585,0.0,77.50061003213925,0,90,3.0,3,1.2577982252566668e-05
4.59,0.0,77.50038559380044,0,90,3.0,3,7.95038763803906e-06
4.595,0.0,77.50024118284321,0,90,3.0,3,4.9728421280745995e-06
4.6,0.0,77.50014928006648,0,90,3.0,3,3.0779395150644987e-06
4.605,0.0,77.50009143158961,0,90,3.0,3,1.8851874146323622e-06
4.61,0.0,77.50005541530939,0,90,3.0,3,1.1425836987655202e-06
4.615,0.0,77.50003323550604,0,90,3.0,3,6.852681657310126e-07
4.62,0.0,77.50001972485731,0,90,3.0,3,4.06698088869403e-07
4.625,0.0,77.50001158415837,0,90,3.0,3,2.3884862622891006e-07
4.63,0.0,77.50000673215557,0,90,3.0,3,1.388073313198229e-07
4.635,0.0,77.5000038715319,0,90,3.0,3,7.982540004489884e-08
4.64,0.001684486749771458,77.50000220318306,0,90,3.0,3,4.542645480852894e-08
4.645,0.004172395771277602,77.5000012406731,0,90,3.0,3,2.5580888665065207e-08
4.65,0.009438687428818865,77.50000069135831,0,90,3.0,3,1.4254810500376349e-08
4.655,0.019500507867137046,77.50000038123086,0,90,3.0,3,7.860430144122352e-09
4.66,0.03679496976339974,77.50000020802328,0,90,3.0,3,4.289139801632287e-09
4.665,0.06340728953298436,77.5000001123246,0,90,3.0,3,2.315971121638587e-09
4.67,0.09979255396093453,77.50000006001736,0,90,3.0,3,1.237471266351124e-09
4.675,0.14343835518453557,77.50000003173349,0,90,3.0,3,6.542988098631541e-10
4.68,0.18829581417209276,77.50000001660344,0,90,3.0,3,3.4233890407458886e-10
4.685,0.2257481735193119,77.50000000859642,0,90,3.0,3,1.772456912054697e-10
4.69,0.24718154073554727,77.50000000440428,0,90,3.0,3,9.080999869596425e-11
4.695,0.24718154074102772,77.50000000223291,0,90,3.0,3,4.603936018217619e-11
4.7,0.22574817354072055,77.50000000112023,0,90,3.0,3,2.3097473532879562e-11
4.705,0.18829581422840957,77.50000000055614,0,90,3.0,3,1.1466841222256297e-11
4.71,0.14343835532456656,77.5000000002732,0,90,3.0,3,5.633065606180588e-12
4.715,0.09979255431561854,77.50000000013281,0,90,3.0,3,2.738446353985112e-12
4.72,0.06340729067170194,77.50000000006389,0,90,3.0,3,1.3173608824649115e-12
4.725,0.03679497683410042,77.50000000003041,0,90,3.0,3,6.270356513511812e-13
4.73,0.019500578284482293,77.50000000001432,0,90,3.0,3,2.953513722252293e-13
4.735,0.009439396781978427,77.50000000000668,0,90,3.0,3,1.3771343744628745e-13
4.74,0.004178588733610924,77.50000000000308,0,90,3.0,3,6.358258707626464e-14
4.745,0.0017299316936037381,77.5000000000014,0,90,3.0,3,2.9007724057835016e-14
4.75,0.0008997325756988589,77.50000000000064,0,90,3.0,3,1.3185329117197736e-14
4.755,0.001634769674224814,77.50000000000028,0,90,3.0,3,5.860146274310104e-15
4.76,0.00614904736476635,77.50000000000013,0,90,3.0,3,2.637065823439547e-15
4.765,0.02168080359963608,77.50000000000006,0,90,3.0,3,1.172029254862021e-15
4.77,0.06433400338904088,77.50000000000003,0,90,3.0,3,5.860146274310105e-16
4.775,0.1593410769217493,77.50000000000001,0,90,3.0,3,2.9300731371550523e-16
4.78,0.3291989194808569,77.5,0,90,3.0,3,0.0
4.785,0.5672906802982638,77.5,0,90,3.0,3,0.0
4.79,0.815339152120446,77.5,0,90,3.0,3,0.0
4.795,0.9768711246313155,77.50000285188469,1,90,3.0,3,5.88017461343474e-08
4.8,0.9726380909165361,77.500005472104,0,90,3.0,3,1.1282688645449e-07
4.805,0.7921091683291741,77.50001114553572,0,90,3.0,3,2.2980486026370402e-07
4.81,0.49139090102639077,77.50002494746741,0,90,3.0,3,5.143807713241201e-07
4.815,0.15739335672107918,77.50006223014493,0,90,3.0,3,1.283095771835169e-06
4.82,-0.11102342218909485,77.5001692753466,0,90,3.0,4,3.4902133318178834e-06
4.825,-0.2314207883647528,77.50048103204684,0,90,3.0,4,9.918186532683284e-06
4.83,-0.2029124434754801,77.50137207546508,0,90,3.0,4,2.8290215774943847e-05
4.835,-0.11151350554305876,77.50382388761822,0,90,3.0,4,7.884304367473877e-05
4.84,-0.039430666652076896,77.51025255192553,0,90,3.0,4,0.00021139282320685189
4.845,-0.006087703519843621,77.52622730260188,0,90,3.0,4,0.0005407691258119953
4.85,0.005350271385530551,77.56373480349473,0,90,3.0,4,0.0013141196596850547
4.855,0.010381647827441833,77.64679192528084,0,90,3.0,4,0.0030266376346564368
4.86,0.015115203303506243,77.82003264790949,0,90,3.0,4,0.006598611297102794
4.865,0.021170964062928475,78.16002289075324,0,90,3.0,4,0.013608719396974014
4.87,0.029082821134029553,78.78715565839514,0,90,3.0,4,0.026539291925672906
4.875,0.03923107061708144,79.87309703665223,0,90,3.0,4,0.04892983580726239
4.88,0.051969043308817596,81.6357728352696,0,90,3.0,4,0.08527366670658981
4.885,0.06760532616283861,84.31274116702575,0,90,3.0,4,0.14046889004176802
4.89,0.08636519236693461,88.10699478553131,0,90,3.0,4,0.21870092341301678
4.895,0.10834733138818661,93.10840244452054,0,90,3.0,4,0.3218227308148564
4.9,0.1334809643017884,99.20787973600085,0,90,3.0,4,0.44758514919589376
4.905,0.16148868344343945,106.03465479272373,0,90,3.0,4,0.5883433977881181
4.91,0.191860907532018,112.95149073900936,0,90,3.0,4,0.7309585719383372
4.915,0.22384764873847726,119.13158563547512,0,90,3.0,4,0.8583832089788684
4.92,0.25647215537198226,123.71388588995438,0,90,3.0,4,0.9528636265969976
4.925,0.2885689161419028,126.0,0,90,3.0,4,1.0
4.93,0.31884566517832524,125.63168033832994,0,90,3.0,4,0.9924057801717514
4.935,0.3459657668955683,122.68717513676035,0,90,3.0,4,0.9316943327167081
4.94,0.3686441789190902,117.66114684156429,0,90,3.0,4,0.8280648833312224
4.945,0.3857476379544367,111.33557350136091,0,90,3.0,4,0.6976406907497096
4.95,0.3963882865005728,104.5882963007817,0,90,3.0,4,0.5585215732119939
4.955,0.4,98.20380090084146,0,90,3.0,4,0.4268824928008548
4.96,0.39638828650057273,92.74127363349305,0,90,3.0,4,0.31425306460810415
4.965,0.38574763795443656,88.48579720411917,0,90,3.0,4,0.22651128255915806
4.97,0.36864417891908974,85.47562070635212,0,90,3.0,4,0.16444578775983748
4.975,0.345965766895568,83.57616312899322,0,90,3.0,4,0.1252817139998601
4.98,0.3188456651783249,82.5659171942369,0,90,3.0,4,0.10445190091210109
4.985,0.28856891614190205,82.2077740060747,0,90,3.0,4,0.09706750527989073
4.99,0.2564721553719815,82.29359471173308,0,90,3.0,4,0.09883700436563048
4.995,0.22384764873847685,82.66255827345258,0,90,3.0,4,0.10644450048355825
5.0,0.19186090753201765,83.20095515387028,0,90,3.0,4,0.11754546709010891
5.005,0.16148868344343878,83.83258540626372,0,90,3.0,4,0.13056877126316943
5.01,0.1334809643017881,84.50688720883298,0,90,3.0,4,0.1444719012130511
5.015,0.10834733138818531,85.18879930614817,0,90,3.0,4,0.1585319444566633
5.02,0.08636519236690572,85.85174343024126,0,90,3.0,4,0.1722008954688919
5.025,0.06760532616242629,86.47356190947447,0,90,3.0,4,0.1850218950407107
5.03,0.05196904332202373,87.0346351717773,0,90,3.0,4,0.19659041591293394
5.035,0.03923107185803287,87.51735949791845,0,90,3.0,4,0.20654349480244225
5.04,0.02908287038705761,87.90635065364523,0,90,3.0,4,0.2145639310029945
5.045,0.02117220077308346,88.1889541011337,0,90,3.0,4,0.22039080620894233
5.05,0.0151361834125735,88.35580849564253,0,90,3.0,4,0.22383110300293885
5.055,0.010626454858290009,88.4013164549309,0,90,3.0,4,0.22476941144187437
5.06,0.007326255555493652,88.32394120303454,0,90,3.0,4,0.2231740454233925
5.065,0.004960179211183015,88.12628788072502,0,90,3.0,4,0.21909871919020651
5.07,0.0032978759379303545,87.8149564468404,0,90,3.0,4,0.21267951436784327
5.075,0.002153242296767213,87.40017534035806,0,90,3.0,4,0.20412732660532085
5.08,0.001380616732225004,86.89524350085946,0,90,3.0,4,0.1937163608424632
5.085,0.0008693106590991584,86.31582296936395,0,90,3.0,4,0.18176954576008145
5.09,0.000537524815942247,85.67913444059066,0,90,3.0,4,0.16864194722867337
5.095,0.0003263951340288585,85.00311320618148,0,90,3.0,4,0.15470336507590685
5.1,0.00019463030985187395,84.3055827268295,0,90,3.0,4,0.1403212933366907
5.105,0.00011397219555062695,83.60349793607864,0,90,3.0,4,0.12584531826966266
5.11,6.55403863487943e-05,82.91230113964602,0,90,3.0,4,0.11159383793084575
5.115,3.701184389455385e-05,82.24542123587032,0,90,3.0,4,0.09784373682206855
5.12,2.0525516217290957e-05,81.613933357956,0,90,3.0,4,0.08482336820527836
5.125,1.1178128483661116e-05,81.0263823663777,0,90,3.0,4,0.07270891477067429
5.13,5.978135409912517e-06,80.48876119719017,0,90,3.0,4,0.06162394221010664
5.135,3.1396702713238487e-06,80.00462491990231,0,90,3.0,4,0.05164175092582087
5.14,1.6192875458531019e-06,79.57531413717051,0,90,3.0,4,0.042789982209701205
5.145,8.201353897972012e-07,79.20025733794617,0,90,3.0,4,0.035056852328787
5.15,4.0791415086824765e-07,78.8773208986497,0,90,3.0,4,0.028398369044323704
5.155,1.9923866938774793e-07,78.60317721354771,0,90,3.0,4,0.02274592192881876
5.16,9.556527981051257e-08,78.37366531514834,0,90,3.0,4,0.01801371783811018
5.165,4.501406988770349e-08,78.18412359953327,0,90,3.0,4,0.014105641227490006
5.17,0.0,78.02968017202754,0,90,3.0,4,0.010921240660361643
5.175,0.0,77.90549221983429,0,90,3.0,4,0.008360664326480135
5.18,0.0,77.80693117491525,0,90,3.0,4,0.0063284778333041036
5.185,0.0,77.72971488846713,0,90,3.0,4,0.00473638945293049
5.19,0.0,77.66999140059843,0,90,3.0,4,0.003504977331926474
5.195,0.0,77.624381109498,0,90,3.0,4,0.002564558958721715
5.2,0.0,77.58998529958369,0,90,3.0,4,0.001855367001725527
5.205,0.0,77.56436923879633,0,90,3.0,4,0.001327200799924356
5.21,0.0,77.54552760933194,0,90,3.0,4,0.0009387135944730149
5.215,0.0,77.53183911478689,0,90,3.0,4,0.0006564765935441408
5.22,0.0,77.52201591751752,0,90,3.0,4,0.0004539364436602307
5.225,0.0,77.51505227902882,0,90,3.0,4,0.00031035626863550747
5.23,0.0,77.51017553839584,0,90,3.0,4,0.00020980491537818461
5.235,0.0,77.50680146081736,0,90,3.0,4,0.0001402363055125154
5.24,0.0,77.5044950721781,0,90,3.0,4,9.268190057942428e-05
5.245,0.0,77.50293738454126,0,90,3.0,4,6.056462971659852e-05
5.25,0.0,77.5018979055961,0,90,3.0,4,3.9132074146298636e-05
5.255,0.0,77.50121248974423,0,90,3.0,4,2.499978854089444e-05
5.26,0.0,77.50076589847964,0,90,3.0,4,1.5791721229734977e-05
5.265,0.0,77.50047835906365,0,90,3.0,4,9.863073477303842e-06
5.27,0.0,77.50029541087085,0,90,3.0,4,6.090945790679284e-06
5.275,0.0,77.50018038009229,0,90,3.0,4,3.7191771605897154e-06
5.28,0.0,77.50010890314022,0,90,3.0,4,2.2454255714627526e-06
5.285,0.0,77.5000650102546,0,90,3.0,4,1.3404176206560017e-06
5.29,0.0,77.50003837187288,0,90,3.0,4,7.911726366100336e-07
5.295,0.0,77.50002239410928,0,90,3.0,4,4.617342119555482e-07
5.3,0.0,77.500012922432,0,90,3.0,4,2.6644189703577083e-07
5.305,0.0,77.50000737300255,0,90,3.0,4,1.520206710571899e-07
5.31,0.001684486749771458,77.50000415943343,0,90,3.0,4,8.576151403242865e-08
5.315,0.004172395771277602,77.50000232013706,0,90,3.0,4,4.783787745772006e-08
5.32,0.009438687428818865,77.50000127962515,0,90,3.0,4,2.6384023763010605e-08
5.325,0.019500507867137046,77.50000069781701,0,90,3.0,4,1.4387979687394222e-08
5.33,0.03679496976339974,77.50000037626171,0,90,3.0,4,7.75797339771351e-09
5.335,0.06340728953298436,77.5000002005987,0,90,3.0,4,4.136055786523112e-09
5.34,0.09979255396093453,77.50000010574405,0,90,3.0,4,2.1802896899129167e-09
5.345,0.14343835518453557,77.50000005511545,0,90,3.0,4,1.1364010305507842e-09
5.35,0.18829581417209276,77.50000002840406,0,90,3.0,4,5.856507123473758e-10
5.355,0.2257481735193119,77.50000001447363,0,90,3.0,4,2.984253119534186e-10
5.36,0.24718154073554727,77.50000000729229,0,90,3.0,4,1.503564100257978e-10
5.365,0.24718154074102772,77.50000000363279,0,90,3.0,4,7.490292464166318e-11
5.37,0.22574817354072055,77.50000000178939,0,90,3.0,4,3.689460192111527e-11
5.375,0.18829581422840957,77.50000000087148,0,90,3.0,4,1.7968673513603357e-11
5.38,0.14343835532456656,77.50000000041966,0,90,3.0,4,8.652798981332584e-12
5.385,0.09979255431561854,77.50000000019982,0,90,3.0,4,4.119975838153719e-12
5.39,0.06340729067170194,77.50000000009408,0,90,3.0,4,1.9397084167966446e-12
5.395,0.03679497683410042,77.50000000004378,0,90,3.0,4,9.027555335574716e-13
5.4,0.019500578284482293,77.50000000002015,0,90,3.0,4,4.154843708485864e-13
5.405,0.009439396781978427,77.50000000000917,0,90,3.0,4,1.8898971734650088e-13
5.41,0.004178588733610924,77.50000000000412,0,90,3.0,4,8.497212097749652e-14
5.415,0.0017299316936037381,77.50000000000183,0,90,3.0,4,3.779794346930017e-14
5.42,0.0008997325756988589,77.50000000000081,0,90,3.0,4,1.67014168817838e-14
5.425,0.001634769674224814,77.50000000000036,0,90,3.0,4,7.32518284288763e-15
5.43,0.00614904736476635,77.50000000000016,0,90,3.0,4,3.2230804508705575e-15
5.435,0.02168080359963608,77.50000000000006,0,90,3.0,4,1.172029254862021e-15
5.44,0.06433400338904088,77.50000000000003,0,90,3.0,4,5.860146274310105e-16
5.445,0.1593410769217493,77.50000000000001,0,90,3.0,4,2.9300731371550523e-16
5.45,0.3291989194808569,77.5,0,90,3.0,4,0.0
5.455,0.5672906802982638,77.5,0,90,3.0,4,0.0
5.46,0.815339152120446,77.5,0,90,3.0,4,0.0
5.465,0.9768711246313155,77.50000284146185,1,90,3.0,4,5.858684226416127e-08
5.47,0.9726380909165361,77.50000566108393,0,90,3.0,4,1.1672338004733394e-07
5.475,0.7921091683291741,77.50001208193964,0,90,3.0,4,2.49112157614514e-07
5.48,0.49139090102639077,77.50002873397177,0,90,3.0,4,5.924530262760039e-07
5.485,0.15739335672107918,77.50007697165655,0,90,3.0,4,1.5870444650369519e-06
5.49,-0.11102342218909485,77.5002248661891,0,90,3.0,4,4.636416270107747e-06
5.495,-0.2314207883647528,77.50068051525129,0,90,3.0,4,1.4031242294631925e-05
5.5,-0.2029124434754801,77.50204432602273,0,90,3.0,4,4.215105201498454e-05
5.505,-0.11151350554305876,77.50593777613041,0,90,3.0,4,0.00012242837382286874
5.51,-0.039430666652076896,77.5164399231014,0,90,3.0,4,0.00033896748662683775
5.515,-0.006087703519843621,77.5430754284251,0,90,3.0,4,0.0008881531634040833
5.52,0.005350271385530551,77.60641853580098,0,90,3.0,4,0.0021941966144532724
5.525,0.010381647827441833,77.74742477142738,0,90,3.0,4,0.005101541678914966
5.53,0.015115203303506243,78.0408498094408,0,90,3.0,4,0.011151542462696914
5.535,0.021170964062928475,78.61092688858213,0,90,3.0,4,0.022905709042930475
5.54,0.029082821134029553,79.6435860439409,0,90,3.0,4,0.04419765039053402
5.545,0.03923107061708144,81.38481376725014,0,90,3.0,4,0.08009925293299251
5.55,0.051969043308817596,84.11198300521768,0,90,3.0,4,0.13632954649933363
5.555,0.06760532616283861,88.06822919931167,0,90,3.0,4,0.21790163297549842
5.56,0.08636519236693461,93.3624433467146,0,90,3.0,4,0.3270606875611258
5.565,0.10834733138818661,99.85796314992469,0,90,3.0,4,0.4609889309262822
5.57,0.1334809643017884,107.09329543873122,0,90,3.0,4,0.6101710399738396
5.575,0.16148868344343945,114.28467844096284,0,90,3.0,4,0.7584469781641822
5.58,0.191860907532018,120.44171590167264,0,90,3.0,4,0.8853962041581988
5.585,0.22384764873847726,124.58441298286456,0,90,3.0,4,0.9708126388219498
5.59,0.25647215537198226,126.0,0,90,3.0,4,1.0
5.595,0.2885689161419028,124.44805851086043,0,90,3.0,4,0.9680012064094935
5.6,0.31884566517832524,120.23336770229193,0,90,3.0,4,0.8811003649957099
5.605,0.3459657668955683,114.1166790767293,0,90,3.0,4,0.7549830737469958
5.61,0.3686441789190902,107.09975419133913,0,90,3.0,4,0.6103042101307037
5.615,0.3857476379544367,100.16845034237797,0,90,3.0,4,0.46739072870882403
5.62,0.3963882865005728,94.08390247082684,0,90,3.0,4,0.34193613341911017
5.625,0.4,89.27867445647695,0,90,3.0,4,0.2428592671438546
5.63,0.39638828650057273,85.864344835223,0,90,3.0,4,0.1724607182520205
5.635,0.38574763795443656,83.71609774519702,0,90,3.0,4,0.1281669638184952
5.64,0.36864417891908974,82.5841699556867,0,90,3.0,4,0.10482824650900421
5.645,0.345965766895568,82.19056841459238,0,90,3.0,4,0.09671275081633768
5.65,0.3188456651783249,82.29034138789683,0,90,3.0,4,0.098769925523646
5.655,0.28856891614190205,82.69662523703138,0,90,3.0,4,0.10714691210373987
5.66,0.2564721553719815,83.28017122082787,0,90,3.0,4,0.11917878805830655
5.665,0.22384764873847685,83.95647708211006,0,90,3.0,4,0.1331232388063929
5.67,0.19186090753201765,84.67048907652408,0,90,3.0,4,0.1478451355984346
5.675,0.16148868344343878,85.38412783726835,0,90,3.0,4,0.16255933685089385
5.68,0.1334809643017881,86.06814495598806,0,90,3.0,4,0.17666278259769197
5.685,0.10834733138818531,86.69778161152293,0,90,3.0,4,0.1896449816808851
5.69,0.08636519236690572,87.25104168924796,0,90,3.0,4,0.20105240596387536
5.695,0.06760532616242629,87.70847176089451,0,90,3.0,4,0.21048395383287652
5.7,0.05196904332202373,88.05365884673252,0,90,3.0,4,0.21760121333469107
5.705,0.03923107185803287,88.27395822955663,0,90,3.0,4,0.2221434686506521
5.71,0.02908287038705761,88.36117218288662,0,90,3.0,4,0.22394169449250761
5.715,0.02117220077308346,88.31202622987558,0,90,3.0,4,0.22292837587372338
5.72,0.0151361834125735,88.12836388999429,0,90,3.0,4,0.2191415235050369
5.725,0.010626454858290009,87.81702923229327,0,90,3.0,4,0.2127222522122323
5.73,0.007326255555493652,87.38944286440807,0,90,3.0,4,0.20390603844140345
5.735,0.004960179211183015,86.86090652517962,0,90,3.0,4,0.1930083819624663
5.74,0.0032978759379303545,86.24969489964558,0,90,3.0,4,0.18040608040506342
5.745,0.002153242296767213,85.57600963817242,0,90,3.0,4,0.16651566264273035
5.75,0.001380616732225004,84.86087877929835,0,90,3.0,4,0.15177069648037828
5.755,0.0008693106590991584,84.1250844861679,0,90,3.0,4,0.13659968012717333
5.76,0.000537524815942247,83.38819378194358,0,90,3.0,4,0.12140605735966155
5.765,0.0003263951340288585,82.66775226181372,0,90,3.0,4,0.10655159302708696
5.77,0.00019463030985187395,81.97868166934622,0,90,3.0,4,0.0923439519452828
5.775,0.00011397219555062695,81.33290118404989,0,90,3.0,4,0.07902889039278119
5.78,6.55403863487943e-05,80.73917169351294,0,90,3.0,4,0.066787045227071
5.785,3.701184389455385e-05,80.20314431499443,0,90,3.0,4,0.05573493432978211
5.79,2.0525516217290957e-05,79.72758053473622,0,90,3.0,4,0.04592949556157153
5.795,1.1178128483661116e-05,79.31270241863277,0,90,3.0,4,0.03737530760067562
5.8,5.978135409912517e-06,78.95662759204296,0,90,3.0,4,0.030033558598823985
5.805,3.1396702713238487e-06,78.6558446534466,0,90,3.0,4,0.02383184852467202
5.81,1.6192875458531019e-06,78.40568947884991,0,90,3.0,4,0.018674009873193977
5.815,8.201353897972012e-07,78.20079032117712,0,90,3.0,4,0.014449284972724198
5.82,4.0791415086824765e-07,78.03545846105052,0,90,3.0,4,0.011040380640216993
5.825,1.9923866938774793e-07,77.90401025968183,0,90,3.0,4,0.008330108447047955
5.83,9.556527981051257e-08,77.80101484957184,0,90,3.0,4,0.006206491743749331
5.835,4.501406988770349e-08,77.72146870454772,0,90,3.0,4,0.004566365042220984
5.84,0.0,77.66090358782964,0,90,3.0,4,0.0033175997490646754
5.845,0.0,77.61543779137935,0,90,3.0,4,0.0023801606469968993
5.85,0.0,77.58178227885897,0,90,3.0,4,0.001686232553793126
5.855,0.0,77.55721360654816,0,90,3.0,4,0.0011796619906837135
5.86,0.0,77.539524679794,0,90,3.0,4,0.0008149418514226595
5.865,0.0,77.5269628821488,0,90,3.0,4,0.0005559357144081271
5.87,0.0,77.51816323428235,0,90,3.0,4,0.0003744996759248408
5.875,0.0,77.51208228217608,0,90,3.0,4,0.0002491192201253834
5.88,0.0,77.50793658518138,0,90,3.0,4,0.00016364093157491326
5.885,0.0,77.5051481039483,0,90,3.0,4,0.00010614647316084095
5.89,0.0,77.50329753832021,0,90,3.0,4,6.799048082910107e-05
5.895,0.0,77.50208574548876,0,90,3.0,4,4.300506162383865e-05
5.9,0.0,77.50130275183275,0,90,3.0,4,2.686086253099591e-05
5.905,0.0,77.50080350945366,0,90,3.0,4,1.6567205230122108e-05
5.91,0.0,77.50048938336957,0,90,3.0,4,1.0090378753998781e-05
5.915,0.0,77.5002943312271,0,90,3.0,4,6.068685094758096e-06
5.92,0.0,77.50017480441339,0,90,3.0,4,3.6042147090816777e-06
5.925,0.0,77.50010251734817,0,90,3.0,4,2.1137597560393317e-06
5.93,0.0,77.50005937057459,0,90,3.0,4,1.2241355585553447e-06
5.935,0.0,77.50003395267987,0,90,3.0,4,7.000552550755284e-07
5.94,0.0,77.50001917369362,0,90,3.0,4,3.9533388898816314e-07
5.945,0.001684486749771458,77.50001069218405,0,90,3.0,4,2.204574030591025e-07
5.95,0.004172395771277602,77.50000588783982,0,90,3.0,4,1.2139875915983288e-07
5.955,0.009438687428818865,77.50000320165451,0,90,3.0,4,6.601349500482514e-08
5.96,0.019500507867137046,77.50000171918202,0,90,3.0,4,3.5447052029020285e-08
5.965,0.03679496976339974,77.50000091158711,0,90,3.0,4,1.8795610474663807e-08
5.97,0.06340728953298436,77.50000047731316,0,90,3.0,4,9.841508556549802e-09
5.975,0.09979255396093453,77.50000024679568,0,90,3.0,4,5.088570701117692e-09
5.98,0.14343835518453557,77.50000012600873,0,90,3.0,4,2.5981181192712274e-09
5.985,0.18829581417209276,77.50000006353201,0,90,3.0,4,1.3099384211938703e-09
5.99,0.2257481735193119,77.50000003163105,0,90,3.0,4,6.52186520138579e-10
5.995,0.24718154073554727,77.50000001555118,0,90,3.0,4,3.2064288452321053e-10
6.0,0.24718154074102772,77.50000000754991,0,90,3.0,4,1.5566833961614618e-10
6.005,0.22574817354072055,77.5000000036195,0,90,3.0,4,7.462896280333919e-11
6.01,0.18829581422840957,77.5000000017135,0,90,3.0,4,3.5329942865874475e-11
6.015,0.14343835532456656,77.50000000080104,0,90,3.0,4,1.65162362595156e-11
6.02,0.09979255431561854,77.50000000036978,0,90,3.0,4,7.624343310191161e-12
6.025,0.06340729067170194,77.50000000016857,0,90,3.0,5,3.475652755293323e-12
6.03,0.03679497683410042,77.50000000007587,0,90,3.0,5,1.5643660479270824e-12
6.035,0.019500578284482293,77.50000000003372,0,90,3.0,5,6.953063554468939e-13
6.04,0.009439396781978427,77.50000000001481,0,90,3.0,5,3.0531362089155643e-13
6.045,0.004178588733610924,77.50000000000642,0,90,3.0,5,1.3243930579940837e-13
6.05,0.0017299316936037381,77.50000000000274,0,90,3.0,5,5.655041154709251e-14
6.055,0.0008997325756988589,77.50000000000117,0,90,3.0,5,2.402659972467143e-14
6.06,0.001634769674224814,77.50000000000048,0,90,3.0,5,9.962248666327177e-15
6.065,0.00614904736476635,77.5000000000002,0,90,3.0,5,4.102102392017073e-15
6.07,0.02168080359963608,77.50000000000009,0,90,3.0,5,1.7580438822930315e-15
6.075,0.06433400338904088,77.50000000000003,0,90,3.0,5,5.860146274310105e-16
6.08,0.1593410769217493,77.50000000000001,0,90,3.0,5,2.9300731371550523e-16
6.085,0.3291989194808569,77.5,0,90,3.0,5,0.0
6.09,0.5672906802982638,77.5,0,90,3.0,5,0.0
6.095,0.815339152120446,77.5,0,90,3.0,5,0.0
6.1,0.9768711246313155,77.50000284586159,1,90,3.0,5,5.8677558500516847e-08
6.105,0.9726380909165361,77.50000527961552,0,90,3.0,5,1.0885805199295553e-07
6.11,0.7921091683291741,77.50001031954956,0,90,3.0,5,2.1277421772716367e-07
6.115,0.49139090102639077,77.5000219076864,0,90,3.0,5,4.517048742836215e-07
6.12,0.15739335672107918,77.5000513062313,0,90,3.0,5,1.0578604391548184e-06
6.125,-0.11102342218909485,77.50013076005604,0,90,3.0,5,2.6960836296509407e-06
6.13,-0.2314207883647528,77.50035020381222,0,90,3.0,5,7.220697159130761e-06
6.135,-0.2029124434754801,77.50095018691317,0,90,3.0,5,1.9591482745824776e-05
6.14,-0.11151350554305876,77.50254252172627,0,90,3.0,5,5.242312837668747e-05
6.145,-0.039430666652076896,77.50659976740856,0,90,3.0,5,0.00013607767852699768
6.15,-0.006087703519843621,77.51646537881305,0,90,3.0,5,0.00033949234666087036
6.155,0.005350271385530551,77.53928253215116,0,90,3.0,5,0.00080994911651881
6.16,0.010381647827441833,77.58937615985101,0,90,3.0,5,0.0018428074196085336
6.165,0.015115203303506243,77.69363594416527,0,90,3.0,5,0.003992493694129186
6.17,0.021170964062928475,77.89914273187748,0,90,3.0,5,0.008229747049020112
6.175,0.029082821134029553,78.28242166935907,0,90,3.0,5,0.016132405553795196
6.18,0.03923107061708144,78.95815265228912,0,90,3.0,5,0.03006500313998176
6.185,0.051969043308817596,80.08310908029944,0,90,3.0,5,0.05325998103710179
6.19,0.06760532616283861,81.84927459141106,0,90,3.0,5,0.08967576477136206
6.195,0.08636519236693461,84.45983730743244,0,90,3.0,5,0.14350180015324612
6.2,0.10834733138818661,88.08459313200352,0,90,3.0,5,0.2182390336495571
6.205,0.1334809643017884,92.79797719482352,0,90,3.0,5,0.31542221020254674
6.21,0.16148868344343945,98.51242125918112,0,90,3.0,5,0.4332457991583737
6.215,0.191860907532018,104.92855626497301,0,90,3.0,5,0.5655372425767631
6.22,0.22384764873847726,111.52691835651606,0,90,3.0,5,0.7015859454951766
6.225,0.25647215537198226,117.61903404505797,0,90,3.0,5,0.827196578248618
6.23,0.2885689161419028,122.45858606973496,0,90,3.0,5,0.9269811560770096
6.235,0.31884566517832524,125.39083977274626,0,90,3.0,5,0.9874399953143559
6.24,0.3459657668955683,126.0,0,90,3.0,5,1.0
6.245,0.3686441789190902,124.20909158519541,0,90,3.0,5,0.9630740533029981
6.25,0.3857476379544367,120.29953639901376,0,90,3.0,5,0.8824646680209023
6.255,0.3963882865005728,114.84382327361675,0,90,3.0,5,0.7699757376003453
6.26,0.4,108.57369951396845,0,90,3.0,5,0.6406948353395556
6.265,0.39638828650057273,102.2258821880279,0,90,3.0,5,0.5098120038768639
6.27,0.38574763795443656,96.40992335364712,0,90,3.0,5,0.389895326879322
6.275,0.36864417891908974,91.52930221937348,0,90,3.0,5,0.2892639632860511
6.28,0.345965766895568,87.76478426184879,0,90,3.0,5,0.21164503632677914
6.285,0.3188456651783249,85.10862158827653,0,90,3.0,5,0.15687879563456772
6.29,0.28856891614190205,83.42656336784474,0,90,3.0,5,0.1221971828421595
6.295,0.2564721553719815,82.52378753042284,0,90,3.0,5,0.1035832480499554
6.3,0.22384764873847685,82.19783132916163,0,90,3.0,5,0.09686250163219856
6.305,0.19186090753201765,82.27134594925722,0,90,3.0,5,0.09837826699499432
6.31,0.16148868344343878,82.60568848479885,0,90,3.0,5,0.10527192752162572
6.315,0.1334809643017881,83.10088201483204,0,90,3.0,5,0.11548210339859873
6.32,0.10834733138818531,83.68840901871987,0,90,3.0,5,0.12759606224164674
6.325,0.08636519236690572,84.32197791292448,0,90,3.0,5,0.14065933841081404
6.33,0.06760532616242629,84.96931088968523,0,90,3.0,5,0.15400641009660274
6.335,0.05196904332202373,85.60616534397113,0,90,3.0,5,0.16713742977260057
6.34,0.03923107185803287,86.21263167382902,0,90,3.0,5,0.1796418901820417
6.345,0.02908287038705761,86.77121984433278,0,90,3.0,5,0.19115917204809849
6.35,0.02117220077308346,87.26614028210291,0,90,3.0,5,0.20136371715676102
6.355,0.0151361834125735,87.68327944307798,0,90,3.0,5,0.20996452459954595
6.36,0.010626454858290009,88.01051741167255,0,90,3.0,5,0.21671169920974334
6.365,0.007326255555493652,88.23816273562356,0,90,3.0,5,0.22140541722935178
6.37,0.004960179211183015,88.35936913531009,0,90,3.0,5,0.22390451825381627
6.375,0.0032978759379303545,88.3704549759066,0,90,3.0,5,0.22413309228673395
6.38,0.002153242296767213,88.27108106749418,0,90,3.0,5,0.22208414572152949
6.385,0.001380616732225004,88.06426526041847,0,90,3.0,5,0.2178199022766694
6.39,0.0008693106590991584,87.75622938752784,0,90,3.0,5,0.21146864716552244
6.395,0.000537524815942247,87.35608811985259,0,90,3.0,5,0.20321831174953786
6.4,0.0003263951340288585,86.87540102954962,0,90,3.0,5,0.1933072377226726
6.405,0.00019463030985187395,86.32761843902698,0,90,3.0,5,0.18201275132014386
6.41,0.00011397219555062695,85.72745804544682,0,90,3.0,5,0.16963831021539844
6.415,6.55403863487943e-05,85.09025249472462,0,90,3.0,5,0.1565000514376211
6.42,3.701184389455385e-05,84.43130793834682,0,90,3.0,5,0.14291356573910968
6.425,2.0525516217290957e-05,83.7653103417945,0,90,3.0,5,0.12918165653184543
6.43,1.1178128483661116e-05,83.10581041043784,0,90,3.0,5,0.11558371980284206
6.435,5.978135409912517e-06,82.46481016288601,0,90,3.0,5,0.1023672198533198
6.44,3.1396702713238487e-06,81.85246524967621,0,90,3.0,5,0.08974155153971576
6.445,1.6192875458531019e-06,81.276907956434,0,90,3.0,5,0.07787439085430932
6.45,8.201353897972012e-07,80.74418725350604,0,90,3.0,5,0.06689045883517611
6.455,4.0791415086824765e-07,80.25831492720756,0,90,3.0,5,0.056872472725929164
6.46,1.9923866938774793e-07,79.82140122596148,0,90,3.0,5,0.04786394280332949
6.465,9.556527981051257e-08,79.43385983225944,0,90,3.0,5,0.039873398603287494
6.47,4.501406988770349e-08,79.09466036456183,0,90,3.0,5,0.03287959514560479
6.475,0.0,78.80160686539986,0,90,3.0,5,0.026837254956698177
6.48,0.0,78.55162253760456,0,90,3.0,5,0.021682938919681614
6.485,0.0,78.34102394918298,0,90,3.0,5,0.017340699983154285
6.49,0.0,78.16577159895577,0,90,3.0,5,0.0137272494630056
6.495,0.0,78.02168769123986,0,90,3.0,5,0.010756447242059007
6.5,0.0,77.90463583247852,0,90,3.0,5,0.008343006855227193
6.505,0.0,77.81066083961933,0,90,3.0,5,0.006405378136481049
6.51,0.0,77.73608973677702,0,90,3.0,5,0.004867829624268409
6.515,0.0,77.67759720552577,0,90,3.0,5,0.003661798052077754
6.52,0.0,77.63224022257143,0,90,3.0,5,0.0027266025272458896
6.525,0.0,77.59746741293033,0,90,3.0,5,0.0020096373800067655
6.53,0.0,77.57110886220912,0,90,3.0,5,0.001466162107404441
6.535,0.0,77.55135189140306,0,90,3.0,5,0.0010588018845991423
6.54,0.0,77.53670773455,0,90,3.0,5,0.0007568605061856994
6.545,0.0,77.52597330075044,0,90,3.0,5,0.0005355319742358057
6.55,0.0,77.51819135838316,0,90,3.0,5,0.00037507955429202044
6.555,0.0,77.51261163923783,0,90,3.0,5,0.00026003379871818866
6.56,0.0,77.50865458747553,0,90,3.0,5,0.00017844510258831027
6.565,0.0,77.50587881276304,0,90,3.0,5,0.00012121263428955844
6.57,0.0,77.5039527678497,0,90,3.0,5,8.150036803498289e-05
6.575,0.0,77.5026307611049,0,90,3.0,5,5.424249700817218e-05
6.58,0.0,77.50173312521085,0,90,3.0,5,3.5734540429848964e-05
6.585,0.0,77.50113017810872,0,90,3.0,5,2.3302641416991072e-05
6.59,0.0,77.50072951170684,0,90,3.0,5,1.5041478491477542e-05
6.595,0.0,77.50046610747096,0,90,3.0,5,9.610463318680203e-06
6.6,0.0,77.50029478697198,0,90,3.0,5,6.078081896445378e-06
6.605,0.0,77.50018454357595,0,90,3.0,5,3.805022184636626e-06
6.61,0.0,77.5001143557486,0,90,3.0,5,2.357850486457688e-06
6.615,0.0,77.50007014318696,0,90,3.0,5,1.446251277527444e-06
6.62,0.0,77.50004258742786,0,90,3.0,5,8.780912960048095e-07
6.625,0.0,77.50002559444704,0,90,3.0,5,5.277205574886991e-07
6.63,0.0,77.50001522574371,0,90,3.0,5,3.139328599872053e-07
6.635,0.0,77.5000089656071,0,90,3.0,5,1.8485787822822944e-07
6.64,0.0,77.50000522575824,0,90,3.0,5,1.0774759265793186e-07
6.645,0.0,77.50000301500023,0,90,3.0,5,6.21649532309e-08
6.65,0.001684486749771458,77.50000172184403,0,90,3.0,5,3.5501938745040105e-08
6.655,0.004172395771277602,77.50000097334923,0,90,3.0,5,2.0069056299970978e-08
6.66,0.009438687428818865,77.50000054464309,0,90,3.0,5,1.1229754354363397e-08
6.665,0.019500507867137046,77.50000030166417,0,90,3.0,5,6.219879850570728e-09
6.67,0.03679496976339974,77.50000016538796,0,90,3.0,5,3.410061017066911e-09
6.675,0.06340728953298436,77.50000008975371,0,90,3.0,5,1.850592000373956e-09
6.68,0.09979255396093453,77.5000000482136,0,90,3.0,5,9.940947034620061e-10
6.685,0.14343835518453557,77.50000002563627,0,90,3.0,5,5.285828498842617e-10
6.69,0.18829581417209276,77.50000001349301,0,90,3.0,5,2.782063422704802e-10
6.695,0.2257481735193119,77.50000000702961,0,90,3.0,5,1.449404628390804e-10
6.7,0.24718154073554727,77.50000000362512,0,90,3.0,5,7.474470069225681e-11
6.705,0.24718154074102772,77.50000000185047,0,90,3.0,5,3.8153947355464515e-11
6.71,0.22574817354072055,77.50000000093499,0,90,3.0,5,1.927812319859795e-11
6.715,0.18829581422840957,77.50000000046764,0,90,3.0,5,9.641991672436131e-12
6.72,0.14343835532456656,77.50000000023151,0,90,3.0,5,4.773382147739296e-12
6.725,0.09979255431561854,77.50000000011345,0,90,3.0,5,2.3390773853908783e-12
6.73,0.06340729067170194,77.50000000005502,0,90,3.0,5,1.1345243187064363e-12
6.735,0.03679497683410042,77.50000000002642,0,90,3.0,5,5.447005961971242e-13
6.74,0.019500578284482293,77.50000000001256,0,90,3.0,5,2.590184653245066e-13
6.745,0.009439396781978427,77.50000000000591,0,90,3.0,5,1.2189104250565017e-13
6.75,0.004178588733610924,77.50000000000276,0,90,3.0,5,5.684341886080802e-14
6.755,0.0017299316936037381,77.50000000000126,0,90,3.0,5,2.6077650920679964e-14
6.76,0.0008997325756988589,77.50000000000058,0,90,3.0,5,1.2013299862335714e-14
6.765,0.001634769674224814,77.50000000000026,0,90,3.0,5,5.274131646879094e-15
6.77,0.00614904736476635,77.50000000000011,0,90,3.0,5,2.344058509724042e-15
6.775,0.02168080359963608,77.50000000000006,0,90,3.0,5,1.172029254862021e-15
6.78,0.06433400338904088,77.50000000000003,0,90,3.0,5,5.860146274310105e-16
6.785,0.1593410769217493,77.50000000000001,0,90,3.0,5,2.9300731371550523e-16
6.79,0.3291989194808569,77.5,0,90,3.0,5,0.0
6.795,0.5672906802982638,77.5,0,90,3.0,5,0.0
6.8,0.815339152120446,77.5,0,90,3.0,5,0.0
6.805,0.9768711246313155,77.50000285700571,1,90,3.0,5,5.890733424991792e-08
6.81,0.9726380909165361,77.5000055981037,0,90,3.0,5,1.1542481851411701e-07
6.815,0.7921091683291741,77.50001170193522,0,90,3.0,5,2.412770148805872e-07
6.82,0.49139090102639077,77.5000270882034,0,90,3.0,5,5.585196576478281e-07
6.825,0.15739335672107918,77.50007030382385,0,90,3.0,5,1.4495633782883385e-06
6.83,-0.11102342218909485,77.50019904185636,0,90,3.0,5,4.1039558012827685e-06
6.835,-0.2314207883647528,77.50058607134292,0,90,3.0,5,1.2083945214904703e-05
6.84,-0.2029124434754801,77.50172157287263,0,90,3.0,5,3.549634788918851e-05
6.845,-0.11151350554305876,77.50491227303426,0,90,3.0,5,0.00010128398008792904
6.85,-0.039430666652076896,77.51341548520728,0,90,3.0,5,0.00027660794241804996
6.855,-0.006087703519843621,77.53479767151332,0,90,3.0,5,0.0007174777631611781
6.86,0.005350271385530551,77.58538694566,0,90,3.0,5,0.001760555580618663
6.865,0.010381647827441833,77.69780421918405,0,90,3.0,5,0.004078437508949487
6.87,0.015115203303506243,77.93212374321509,0,90,3.0,5,0.008909767901341991
6.875,0.021170964062928475,78.38971621807644,0,90,3.0,5,0.018344664290235957
6.88,0.029082821134029553,79.22592550239746,0,90,3.0,5,0.035586092832937295
6.885,0.03923107061708144,80.65382694330745,0,90,3.0,5,0.06502735965582372
6.89,0.051969043308817596,82.92814688244911,0,90,3.0,5,0.1119205542773013
6.895,0.06760532616283861,86.29905479142072,0,90,3.0,5,0.1814238101323859
6.9,0.08636519236693461,90.93310591840898,0,90,3.0,5,0.27697125604966977
6.905,0.10834733138818661,96.81375736041753,0,90,3.0,5,0.3982218012457222
6.91,0.1334809643017884,103.65218979533569,0,90,3.0,5,0.5392204081512513
6.915,0.16148868344343945,110.85098906485283,0,90,3.0,5,0.6876492590691304
6.92,0.191860907532018,117.55776115670236,0,90,3.0,5,0.8259332197258218
6.925,0.22384764873847726,122.81835656489098,0,90,3.0,5,0.9343991044307418
6.93,0.25647215537198226,125.79775358536652,0,90,3.0,5,0.9958299708322994
6.935,0.2885689161419028,126.0,0,90,3.0,5,1.0
6.94,0.31884566517832524,123.40809829602208,0,90,3.0,5,0.9465587277530325
6.945,0.3459657668955683,118.49003065599916,0,90,3.0,5,0.8451552712577147
6.95,0.3686441789190902,112.06852813875727,0,90,3.0,5,0.71275315750015
6.955,0.3857476379544367,105.10477932098621,0,90,3.0,5,0.5691707076492002
6.96,0.3963882865005728,98.47443100842273,0,90,3.0,5,0.4324624950190253
6.965,0.4,92.8066072912793,0,90,3.0,5,0.3156001503356558
6.97,0.39638828650057273,88.42148372327156,0,90,3.0,5,0.2251852314076611
6.975,0.38574763795443656,85.35990241659837,0,90,3.0,5,0.16205984364120357
6.98,0.36864417891908974,83.46944358620377,0,90,3.0,5,0.12308131105574777
6.985,0.345965766895568,82.50409108932574,0,90,3.0,5,0.1031771358623864
6.99,0.3188456651783249,82.20538889595129,0,90,3.0,5,0.09701832775157294
6.995,0.28856891614190205,82.35118221387862,0,90,3.0,5,0.10002437554388899
7.0,0.2564721553719815,82.77370137387766,0,90,3.0,5,0.10873611080160117
7.005,0.22384764873847685,83.35697885227354,0,90,3.0,5,0.12076245056234107
7.01,0.19186090753201765,84.0246919330554,0,90,3.0,5,0.13452973057846174
7.015,0.16148868344343878,84.72653191551647,0,90,3.0,5,0.1490006580518861
7.02,0.1334809643017881,85.42725699479512,0,90,3.0,5,0.16344859783082713
7.025,0.10834733138818531,86.09955203844497,0,90,3.0,5,0.17731035130814368
7.03,0.08636519236690572,86.72019234262434,0,90,3.0,5,0.1901070586108112
7.035,0.06760532616242629,87.26848870696234,0,90,3.0,5,0.20141213828788337
7.04,0.05196904332202373,87.72606423286395,0,90,3.0,5,0.21084668521368966
7.045,0.03923107185803287,88.07728034294114,0,90,3.0,5,0.2180882544936317
7.05,0.02908287038705761,88.30988433026353,0,90,3.0,5,0.22288421299512431
7.055,0.02117220077308346,88.41562988670005,0,90,3.0,5,0.2250645337463927
7.06,0.0151361834125735,88.39073171494468,0,90,3.0,5,0.22455116938030265
7.065,0.010626454858290009,88.23608061227844,0,90,3.0,5,0.2213624868511019
7.07,0.007326255555493652,87.95718762032197,0,90,3.0,5,0.2156121158829273
7.075,0.004960179211183015,87.56385719193653,0,90,3.0,5,0.20750221014302134
7.08,0.0032978759379303545,87.06961485035202,0,90,3.0,5,0.19731164639901083
7.085,0.002153242296767213,86.49093547163766,0,90,3.0,5,0.18538011281727124
7.09,0.001380616732225004,85.84633343081921,0,90,3.0,5,0.17208934908905596
7.095,0.0008693106590991584,85.15538449808108,0,90,3.0,5,0.15784297934187785
7.1,0.000537524815942247,84.43775108996621,0,90,3.0,5,0.14304641422610748
7.105,0.0003263951340288585,83.71227751571944,0,90,3.0,5,0.12808819620040074
7.11,0.00019463030985187395,82.99621117057644,0,90,3.0,5,0.11332394166136998
7.115,0.00011397219555062695,82.30459074772966,0,90,3.0,5,0.09906372675731262
7.12,6.55403863487943e-05,81.64982534565863,0,90,3.0,5,0.08556340918883767
7.125,3.701184389455385e-05,81.04147079905813,0,90,3.0,5,0.0730200164754254
7.13,2.0525516217290957e-05,80.4861934573874,0,90,3.0,5,0.06157099912138971
7.135,1.1178128483661116e-05,79.98789840738041,0,90,3.0,5,0.05129687437897759
7.14,5.978135409912517e-06,79.54798972143004,0,90,3.0,5,0.04222659219443386
7.145,3.1396702713238487e-06,79.1657251050575,0,90,3.0,5,0.03434484752695885
7.15,1.6192875458531019e-06,78.83862619104653,0,90,3.0,5,0.027600540021577923
7.155,8.201353897972012e-07,78.5629081394647,0,90,3.0,5,0.021915631741540122
7.16,4.0791415086824765e-07,78.33389731528789,0,90,3.0,5,0.017193759078100723
7.165,1.9923866938774793e-07,78.14641264967727,0,90,3.0,5,0.013328095869634505
7.17,9.556527981051257e-08,77.9950938659425,0,90,3.0,5,0.010208120947267908
7.175,4.501406988770349e-08,77.87466719823882,0,90,3.0,5,0.007725096870903608
7.18,0.0,77.78014587226397,0,90,3.0,5,0.00577620355183448
7.185,0.0,77.7069680038797,0,90,3.0,5,0.004267381523292672
7.19,0.0,77.651078485453,0,90,3.0,5,0.0031150203186185305
7.195,0.0,77.6089638555516,0,90,3.0,5,0.0022466774340534693
7.2,0.0,77.57765022693218,0,90,3.0,5,0.0016010356068490341
7.205,0.0,77.55467432434818,0,90,3.0,5,0.0011273056566635917
7.21,0.0,77.53803685039938,0,90,3.0,5,0.0007842649566882334
7.215,0.0,77.52614605077103,0,90,3.0,5,0.0005390938303305668
7.22,0.0,77.5177577558228,0,90,3.0,5,0.0003661392953154532
7.225,0.0,77.51191654857978,0,90,3.0,5,0.000245702032572712
7.23,0.0,77.507901204888,0,90,3.0,6,0.0001629114409896965
7.235,0.0,77.5051762660216,0,90,3.0,6,0.00010672713446612442
7.24,0.0,77.50335058222204,0,90,3.0,6,6.908416952660915e-05
7.245,0.0,77.50214291231161,0,90,3.0,6,4.4183759002311787e-05
7.25,0.0,77.50135415677913,0,90,3.0,6,2.792075833256313e-05
7.255,0.0,77.50084550060859,0,90,3.0,6,1.7433002238989895e-05
7.26,0.0,77.50052160209725,0,90,3.0,6,1.075468241754972e-05
7.265,0.0,77.50031793999378,0,90,3.0,6,6.555463789233549e-06
7.27,0.0,77.50019148352861,0,90,3.0,6,3.948113991960669e-06
7.275,0.0,77.50011394574456,0,90,3.0,6,2.3493967950292517e-06
7.28,0.0,77.50006699543745,0,90,3.0,6,1.381349225776202e-06
7.285,0.0,77.50003891999467,0,90,3.0,6,8.024741168107361e-07
7.29,0.0,77.50002233987531,0,90,3.0,6,4.6061598587565985e-07
7.295,0.0,77.5000126697821,0,90,3.0,6,2.6123262050673147e-07
7.3,0.001684486749771458,77.50000709966693,0,90,3.0,6,1.4638488517110878e-07
7.305,0.004172395771277602,77.50000393085688,0,90,3.0,6,8.104859540891112e-08
7.31,0.009438687428818865,77.50000215038844,0,90,3.0,6,4.433790597441029e-08
7.315,0.019500507867137046,77.50000116232353,0,90,3.0,6,2.3965433568911375e-08
7.32,0.03679496976339974,77.50000062075121,0,90,3.0,6,1.2798993992939508e-08
7.325,0.06340728953298436,77.50000032755825,0,90,3.0,6,6.7537784391404165e-09
7.33,0.09979255396093453,77.50000017078115,0,90,3.0,6,3.52126080870971e-09
7.335,0.14343835518453557,77.50000008797753,0,90,3.0,6,1.8139696022472824e-09
7.34,0.18829581417209276,77.50000004478,0,90,3.0,6,9.232988623366931e-10
7.345,0.2257481735193119,77.50000002252042,0,90,3.0,6,4.6433865229362745e-10
7.35,0.24718154073554727,77.50000001119051,0,90,3.0,6,2.3073212527303918e-10
7.355,0.24718154074102772,77.50000000549419,0,90,3.0,6,1.1328219462137492e-10
7.36,0.22574817354072055,77.50000000266525,0,90,3.0,6,5.495352168734301e-11
7.365,0.18829581422840957,77.50000000127747,0,90,3.0,6,2.6339599459141628e-11
7.37,0.14343835532456656,77.50000000060498,0,90,3.0,6,1.247390735949649e-11
7.375,0.09979255431561854,77.5000000002831,0,90,3.0,6,5.83699869652658e-12
7.38,0.06340729067170194,77.50000000013088,0,90,3.0,6,2.698597359319803e-12
7.385,0.03679497683410042,77.50000000005979,0,90,3.0,6,1.2326817688011305e-12
7.39,0.019500578284482293,77.50000000002699,0,90,3.0,6,5.564208887457445e-13
7.395,0.009439396781978427,77.50000000001204,0,90,3.0,6,2.481771947170329e-13
7.4,0.004178588733610924,77.5000000000053,0,90,3.0,6,1.0929172801588345e-13
7.405,0.0017299316936037381,77.5000000000023,0,90,3.0,6,4.746718482191185e-14
7.41,0.0008997325756988589,77.500000000001,0,90,3.0,6,2.0510511960085366e-14
7.415,0.001634769674224814,77.50000000000043,0,90,3.0,6,8.790219411465157e-15
7.42,0.00614904736476635,77.50000000000017,0,90,3.0,6,3.516087764586063e-15
7.425,0.02168080359963608,77.50000000000007,0,90,3.0,6,1.465036568577526e-15
7.43,0.06433400338904088,77.50000000000003,0,90,3.0,6,5.860146274310105e-16
7.435,0.1593410769217493,77.50000000000001,0,90,3.0,6,2.9300731371550523e-16
7.44,0.3291989194808569,77.5,0,90,3.0,6,0.0
7.445,0.5672906802982638,77.5,0,90,3.0,6,0.0
7.45,0.815339152120446,77.5,0,90,3.0,6,0.0
7.455,0.9768711246313155,77.50000284586159,1,90,3.0,6,5.8677558500516847e-08
7.46,0.9726380909165361,77.5000058771435,0,90,3.0,6,1.211782163638943e-07
7.465,0.7921091683291741,77.50001312492641,0,90,3.0,6,2.70617039411929e-07
7.47,0.49139090102639077,77.50003312177063,0,90,3.0,6,6.829231057222902e-07
7.475,0.15739335672107918,77.5000950173887,0,90,3.0,6,1.9591214165358773e-06
7.48,-0.11102342218909485,77.50029664213184,0,90,3.0,6,6.116332615326344e-06
7.485,-0.2314207883647528,77.50095018691317,0,90,3.0,6,1.9591482745824776e-05
7.49,-0.2029124434754801,77.50298788734874,0,90,3.0,6,6.160592471624066e-05
7.495,-0.11151350554305876,77.50899344295689,0,90,3.0,6,0.0001854318135441804
7.5,-0.039430666652076896,77.52558018028991,0,90,3.0,6,0.0005274263977300445
7.505,-0.006087703519843621,77.56832060951243,0,90,3.0,6,0.0014086723610809535
7.51,0.005350271385530551,77.67081240295971,0,90,3.0,6,0.003521905215664156
7.515,0.010381647827441833,77.89914273187748,0,90,3.0,6,0.008229747049020112
7.52,0.015115203303506243,78.37101968805803,0,90,3.0,6,0.0179591688259387
7.525,0.021170964062928475,79.2743219620393,0,90,3.0,6,0.03658395798019165
7.53,0.029082821134029553,80.87318328755507,0,90,3.0,6,0.06955017087742402
7.535,0.03923107061708144,83.4840347084959,0,90,3.0,6,0.12338215893805975
7.54,0.051969043308817596,87.4052161989753,0,90,3.0,6,0.20423126183454218
7.545,0.06760532616283861,92.79797719482352,0,90,3.0,6,0.31542221020254674
7.55,0.08636519236693461,99.54446405638612,0,90,3.0,6,0.45452503209043543
7.555,0.10834733138818661,107.13911793988598,0,90,3.0,6,0.611115833812082
7.56,0.1334809643017884,114.68319434295202,0,90,3.0,6,0.7666638008856087
7.565,0.16148868344343945,121.0286071131232,0,90,3.0,6,0.8974970538788288
7.57,0.191860907532018,125.05606361041474,0,90,3.0,6,0.9805373940291698
7.575,0.22384764873847726,126.0,0,90,3.0,6,1.0
7.58,0.25647215537198226,123.69218447622228,0,90,3.0,6,0.9524161747674696
7.585,0.2885689161419028,118.61841981945244,0,90,3.0,6,0.847802470504174
7.59,0.31884566517832524,111.76288043906783,0,90,3.0,6,0.7064511430735635
7.595,0.3459657668955683,104.30907561334334,0,90,3.0,6,0.5527644456359452
7.6,0.3686441789190902,97.32237373483679,0,90,3.0,6,0.40870873680075853
7.605,0.3857476379544367,91.52930221937348,0,90,3.0,6,0.2892639632860511
7.61,0.3963882865005728,87.24754941146844,0,90,3.0,6,0.2009804002364627
7.615,0.4,84.44866361769579,0,90,3.0,6,0.14327141479785124
7.62,0.39638828650057273,82.8907268689467,0,90,3.0,6,0.11114900760714846
7.625,0.38574763795443656,82.25407737271877,0,90,3.0,6,0.09802221387049007
7.63,0.36864417891908974,82.23774027159104,0,90,3.0,6,0.09768536642455745
7.635,0.345965766895568,82.60568848479885,0,90,3.0,6,0.10527192752162572
7.64,0.3188456651783249,83.19386752249686,0,90,3.0,6,0.11739933036075999
7.645,0.28856891614190205,83.89629740654941,0,90,3.0,6,0.13188242075359605
7.65,0.2564721553719815,84.64557378836538,0,90,3.0,6,0.147331418316812
7.655,0.22384764873847685,85.39633568541677,0,90,3.0,6,0.16281104506013966
7.66,0.19186090753201765,86.11442913867897,0,90,3.0,6,0.1776170956428654
7.665,0.16148868344343878,86.77121984433278,0,90,3.0,6,0.19115917204809849
7.67,0.1334809643017881,87.3414191722754,0,90,3.0,6,0.20291585922217306
7.675,0.10834733138818531,87.80288062565299,0,90,3.0,6,0.21243052836397916
7.68,0.08636519236690572,88.13728808638228,0,90,3.0,6,0.2193255275542739
7.685,0.06760532616242629,88.33108854836723,0,90,3.0,6,0.22332141336839656
7.69,0.05196904332202373,88.3763108939206,0,90,3.0,6,0.22425383286434233
7.695,0.03923107185803287,88.27108106749418,0,90,3.0,6,0.22208414572152949
7.7,0.02908287038705761,88.01974268743409,0,90,3.0,6,0.21690191108111523
7.705,0.02117220077308346,87.63255742288636,0,90,3.0,6,0.20891870975023433
7.71,0.0151361834125735,87.1250094082,0,90,3.0,6,0.19845380223092784
7.715,0.010626454858290009,86.51677814238163,0,90,3.0,6,0.18591295138931185
7.72,0.007326255555493652,85.83047446527023,0,90,3.0,6,0.1717623601086645
7.725,0.004960179211183015,85.09025249472462,0,90,3.0,6,0.1565000514376211
7.73,0.0032978759379303545,84.32041563244263,0,90,3.0,6,0.14062712644211614
7.735,0.002153242296767213,83.54412713946391,0,90,3.0,6,0.1246211781332765
7.74,0.001380616732225004,82.78231716056324,0,90,3.0,6,0.10891375588790182
7.745,0.0008693106590991584,82.0528515297851,0,90,3.0,6,0.09387322741824952
7.75,0.000537524815942247,81.36999705672466,0,90,3.0,6,0.07979375374690013
7.755,0.0003263951340288585,80.74418725350604,0,90,3.0,6,0.06689045883517611
7.76,0.00019463030985187395,80.18206515992516,0,90,3.0,6,0.05530031257577647
7.765,0.00011397219555062695,79.6867587248306,0,90,3.0,6,0.04508780875939374
7.77,6.55403863487943e-05,79.25833063767365,0,90,3.0,6,0.036254239952034056
7.775,3.701184389455385e-05,78.89433892375651,0,90,3.0,6,0.02874925615992798
7.78,2.0525516217290957e-05,78.59044631947289,0,90,3.0,6,0.022483429267482247
7.785,1.1178128483661116e-05,78.34102394918298,0,90,3.0,6,0.017340699983154285
7.79,5.978135409912517e-06,78.1397062108974,0,90,3.0,6,0.013189818781389716
7.795,3.1396702713238487e-06,77.97986702078465,0,90,3.0,6,0.009894165377003149
7.8,1.6192875458531019e-06,77.85500083322964,0,90,3.0,6,0.007319604808858528
7.805,8.201353897972012e-07,77.75900370298082,0,90,3.0,6,0.005340282535687012
7.81,4.0791415086824765e-07,77.68635914371603,0,90,3.0,6,0.0038424565714645846
7.815,1.9923866938774793e-07,77.63224022257143,0,90,3.0,6,0.0027266025272458896
7.82,9.556527981051257e-08,77.59254321199653,0,90,3.0,6,0.0019081074638459367
7.825,4.501406988770349e-08,77.56386952680471,0,90,3.0,6,0.001316897459890901
7.83,0.0,77.54347213406413,0,90,3.0,6,0.0008963326611161186
7.835,0.0,77.52918074358568,0,90,3.0,6,0.000601664816199668
7.84,0.0,77.5193174537281,0,90,3.0,6,0.00039829801501250865
7.845,0.0,77.51261163923783,0,90,3.0,6,0.00026003379871818866
7.85,0.0,77.50812009910234,0,90,3.0,6,0.00016742472375963377
7.855,0.0,77.50515607531464,0,90,3.0,6,0.00010631083122978725
7.86,0.0,77.50322883094955,0,90,3.0,6,6.65738340113965e-05
7.865,0.0,77.50199406584419,0,90,3.0,6,4.111475967395507e-05
7.87,0.0,77.50121451201069,0,90,3.0,6,2.504148475651098e-05
7.875,0.0,77.50072951170684,0,90,3.0,6,1.5041478491477542e-05
7.88,0.0,77.50043214635019,0,90,3.0,6,8.91023402458551e-06
7.885,0.0,77.5002524628993,0,90,3.0,6,5.205420604067147e-06
7.89,0.0,77.50014545625893,0,90,3.0,6,2.9990981223602727e-06
7.895,0.0,77.50008264857955,0,90,3.0,6,1.7040944237109704e-06
7.9,0.0,77.5000463133831,0,90,3.0,6,9.54915115356663e-07
7.905,0.001684486749771458,77.50002559444704,0,90,3.0,6,5.277205574886991e-07
7.91,0.004172395771277602,77.50001394932292,0,90,3.0,6,2.876149055643425e-07
7.915,0.009438687428818865,77.50000749770997,0,90,3.0,6,1.5459195820373688e-07
7.92,0.019500507867137046,77.50000397440645,0,90,3.0,6,8.194652481900438e-08
7.925,0.03679496976339974,77.5000020777058,0,90,3.0,6,4.283929486978336e-08
7.93,0.06340728953298436,77.5000010711837,0,90,3.0,6,2.2086261928164923e-08
7.935,0.09979255396093453,77.50000054464309,0,90,3.0,6,1.1229754354363397e-08
7.94,0.14343835518453557,77.50000027310406,0,90,3.0,6,5.631011624911442e-09
7.945,0.18829581417209276,77.50000013505556,0,90,3.0,6,2.78465067728491e-09
7.95,0.2257481735193119,77.50000006586654,0,90,3.0,6,1.358073076676426e-09
7.955,0.24718154073554727,77.50000003168002,0,90,3.0,6,6.531962233416427e-10
7.96,0.24718154074102772,77.50000001502707,0,90,3.0,6,3.09836481786069e-10
7.965,0.22574817354072055,77.50000000702961,0,90,3.0,6,1.449404628390804e-10
7.97,0.18829581422840957,77.50000000324307,0,90,3.0,6,6.686749207032917e-11
7.975,0.14343835532456656,77.50000000147553,0,90,3.0,6,3.0423242390394625e-11
7.98,0.09979255431561854,77.50000000066208,0,90,3.0,6,1.3651210746005388e-11
7.985,0.06340729067170194,77.50000000029299,0,90,3.0,6,6.040931786872571e-12
7.99,0.03679497683410042,77.50000000012786,0,90,3.0,6,2.6361868014984006e-12
7.995,0.019500578284482293,77.50000000005502,0,90,3.0,6,1.1345243187064363e-12
8.0,0.009439396781978427,77.50000000002336,0,90,3.0,6,4.817040237482906e-13
8.005,0.004178588733610924,77.50000000000978,0,90,3.0,6,2.015890318362676e-13
8.01,0.0017299316936037381,77.50000000000404,0,90,3.0,6,8.321407709520348e-14
8.015,0.0008997325756988589,77.50000000000165,0,90,3.0,6,3.3988848390998606e-14
8.02,0.001634769674224814,77.50000000000065,0,90,3.0,6,1.347833643091324e-14
8.025,0.00614904736476635,77.50000000000026,0,90,3.0,6,5.274131646879094e-15
8.03,0.02168080359963608,77.5000000000001,0,90,3.0,6,2.0510511960085364e-15
8.035,0.06433400338904088,77.50000000000004,0,90,3.0,6,8.790219411465157e-16
8.04,0.1593410769217493,77.50000000000001,0,90,3.0,6,2.9300731371550523e-16
8.045,0.3291989194808569,77.5,0,90,3.0,6,0.0
8.05,0.5672906802982638,77.5,0,90,3.0,6,0.0
8.055,0.815339152120446,77.5,0,90,3.0,6,0.0
8.06,0.9768711246313155,77.50000284322633,1,90,3.0,6,5.862322322426144e-08
8.065,0.9726380909165361,77.50000534910116,0,90,3.0,6,1.102907455352232e-07
8.07,0.7921091683291741,77.50001063505204,0,90,3.0,6,2.1927942341171353e-07
8.075,0.49139090102639077,77.50002307583767,0,90,3.0,6,4.757904675148218e-07
8.08,0.15739335672107918,77.5000554713907,0,90,3.0,6,1.143740014331155e-06
8.085,-0.11102342218909485,77.50014526993121,0,90,3.0,6,2.9952563136014092e-06
8.09,-0.2314207883647528,77.5003988898635,0,90,3.0,6,8.224533268130659e-06
8.095,-0.2029124434754801,77.5011054659756,0,90,3.0,6,2.279311289893738e-05
8.1,-0.11151350554305876,77.50300976888175,0,90,3.0,6,6.205709034543127e-05
8.105,-0.039430666652076896,77.50792185780857,0,90,3.0,6,0.00016333727440347813
8.11,-0.006087703519843621,77.51997904089026,0,90,3.0,6,0.0004119389874281015
8.115,0.005350271385530551,77.54805187102536,0,90,3.0,6,0.000990760227327109
8.12,0.010381647827441833,77.60993273918042,0,90,3.0,6,0.0022666544160911822
8.125,0.015115203303506243,77.73890414692885,0,90,3.0,6,0.0049258586995638304
8.13,0.021170964062928475,77.99279598451152,0,90,3.0,6,0.01016074194869107
8.135,0.029082821134029553,78.46442565053172,0,90,3.0,6,0.01988506495941697
8.14,0.03923107061708144,79.29027244272471,0,90,3.0,6,0.03691283387061265
8.145,0.051969043308817596,80.65176405432197,0,90,3.0,6,0.06498482586230872
8.15,0.06760532616283861,82.76179436299392,0,90,3.0,6,0.10849060542255515
8.155,0.08636519236693461,85.82984126010565,0,90,3.0,6,0.1717493043320753
8.16,0.10834733138818661,90.00401066771741,0,90,3.0,6,0.257814652942627
8.165,0.1334809643017884,95.29777724070067,0,90,3.0,6,0.3669644791897045
8.17,0.16148868344343945,101.52070486511198,0,90,3.0,6,0.4952722652600408
8.175,0.191860907532018,108.24076061437154,0,90,3.0,6,0.633830115760238
8.18,0.22384764873847726,114.80477932285345,0,90,3.0,6,0.7691707076877
8.185,0.25647215537198226,120.42962228136281,0,90,3.0,6,0.8851468511621198
8.19,0.2885689161419028,124.35209848293255,0,90,3.0,6,0.9660226491326298
8.195,0.31884566517832524,126.0,0,90,3.0,6,1.0
8.2,0.3459657668955683,125.13199699060715,0,90,3.0,6,0.982103030734168
8.205,0.3686441789190902,121.89956504594475,0,90,3.0,6,0.9154549494009228
8.21,0.3857476379544367,116.80934959217932,0,90,3.0,6,0.8105020534469962
8.215,0.3963882865005728,110.59911497723489,0,90,3.0,6,0.6824559789120596
8.22,0.4,104.06935062625563,0,90,3.0,6,0.5478216623970232
8.225,0.39638828650057273,97.92347769263611,0,90,3.0,6,0.421102632837858
8.23,0.38574763795443656,92.65949215512845,0,90,3.0,6,0.3125668485593494
8.235,0.36864417891908974,88.53181629485155,0,90,3.0,6,0.22746012979075364
8.24,0.345965766895568,85.57626122980984,0,90,3.0,6,0.16652085009917206
8.245,0.3188456651783249,83.67383914290984,0,90,3.0,6,0.12729565243113075
8.25,0.28856891614190205,82.62499201165721,0,90,3.0,6,0.1056699383846848
8.255,0.2564721553719815,82.2123239726345,0,90,3.0,6,0.09716131902339162
8.26,0.22384764873847685,82.24122011682826,0,90,3.0,6,0.09775711581089194
8.265,0.19186090753201765,82.5580522820505,0,90,3.0,6,0.10428973777423704
8.27,0.16148868344343878,83.05182219454407,0,90,3.0,6,0.11447056071224893
8.275,0.1334809643017881,83.64676889072895,0,90,3.0,6,0.12673750290162783
8.28,0.10834733138818531,84.29215130262087,0,90,3.0,6,0.1400443567550694
8.285,0.08636519236690572,84.95297587109219,0,90,3.0,6,0.15366960558952975
8.29,0.06760532616242629,85.6032141410097,0,90,3.0,6,0.16707658022700414
8.295,0.05196904332202373,86.22161625213593,0,90,3.0,6,0.17982713921929755
8.3,0.03923107185803287,86.78956826301784,0,90,3.0,6,0.19153748995913075
8.305,0.02908287038705761,87.29030500025087,0,90,3.0,6,0.20186195876805912
8.31,0.02117220077308346,87.70890109634271,0,90,3.0,6,0.21049280611015905
8.315,0.0151361834125735,88.03263653005703,0,90,3.0,6,0.21716776350633057
8.32,0.010626454858290009,88.25148247455117,0,90,3.0,6,0.22168005102167357
8.325,0.007326255555493652,88.35855638009744,0,90,3.0,6,0.22388776041438022
8.33,0.004960179211183015,88.35045923154104,0,90,3.0,6,0.22372080889775336
8.335,0.0032978759379303545,88.22744713680183,0,90,3.0,6,0.2211844770474604
8.34,0.002153242296767213,87.99341542663203,0,90,3.0,6,0.21635908096148507
8.345,0.001380616732225004,87.65569305578572,0,90,3.0,6,0.20939573310898388
8.35,0.0008693106590991584,87.22466123620943,0,90,3.0,6,0.20050847909710162
8.355,0.000537524815942247,86.71322360224083,0,90,3.0,6,0.189963373242079
8.36,0.0003263951340288585,86.13616550482689,0,90,3.0,6,0.17806526814076065
8.365,0.00019463030985187395,85.50944672085147,0,90,3.0,6,0.1651432313577623
8.37,0.00011397219555062695,84.84947457720351,0,90,3.0,6,0.15153555829285587
8.375,6.55403863487943e-05,84.17240320268115,0,90,3.0,6,0.1375753237666217
8.38,3.701184389455385e-05,83.49349969202193,0,90,3.0,6,0.12357731323756552
8.385,2.0525516217290957e-05,82.8266100918151,0,90,3.0,6,0.10982701220237316
8.39,1.1178128483661116e-05,82.18374823881719,0,90,3.0,6,0.09657212863540593
8.395,5.978135409912517e-06,81.57481966179543,0,90,3.0,6,0.08401690024320475
8.4,3.1396702713238487e-06,81.00748205938964,0,90,3.0,6,0.07231921771937412
8.405,1.6192875458531019e-06,80.48713423047259,0,90,3.0,6,0.061590396504589515
8.41,8.201353897972012e-07,80.01701749313209,0,90,3.0,6,0.051897267899630665
8.415,4.0791415086824765e-07,79.59840805263835,0,90,3.0,6,0.04326614541522367
8.42,1.9923866938774793e-07,79.23087565482302,0,90,3.0,6,0.03568815783140255
8.425,9.556527981051257e-08,78.91258311223406,0,90,3.0,6,0.029125424994516702
8.43,4.501406988770349e-08,78.64060262096777,0,90,3.0,6,0.023517579813768435
8.435,0.0,78.41122774696173,0,90,3.0,7,0.018788200968283056
8.44,0.0,78.22026402057521,0,90,3.0,7,0.01485080454794257
8.445,0.0,78.06328569392375,0,90,3.0,7,0.0116141380190463
8.45,0.0,77.93585088962875,0,90,3.0,7,0.00898661628100522
8.455,0.0,77.83367169477451,0,90,3.0,7,0.006879828758237296
8.46,0.0,77.75273943637394,0,90,3.0,7,0.005211122399462747
8.465,0.0,77.68940824197168,0,90,3.0,7,0.0039053245767356024
8.47,0.0,77.64044198158881,0,90,3.0,7,0.0028957109605939712
8.475,0.0,77.60303083963844,0,90,3.0,7,0.00212434720903991
8.48,0.0,77.57478418147271,0,90,3.0,7,0.0015419418860352196
8.485,0.0,77.55370620498225,0,90,3.0,7,0.001107344432623672
8.49,0.0,77.53816026664151,0,90,3.0,7,0.0007868096214744733
8.495,0.0,77.5268269037557,0,90,3.0,7,0.0005531320362000976
8.5,0.0,77.51865958225872,0,90,3.0,7,0.00038473365481898506
8.505,0.0,77.51284119666562,0,90,3.0,7,0.00026476694155915014
8.51,0.0,77.50874341903805,0,90,3.0,7,0.00018027668119700757
8.515,0.0,77.505890189993,0,90,3.0,7,0.00012144721635044119
8.52,0.0,77.50392599307456,0,90,3.0,7,8.09483108156721e-05
8.525,0.0,77.50258905913398,0,90,3.0,7,5.338266255632296e-05
8.53,0.0,77.5016892993909,0,90,3.0,7,3.483091527636903e-05
8.535,0.0,77.50109054476202,0,90,3.0,7,2.2485459010757733e-05
8.54,0.0,77.50069655045753,0,90,3.0,7,1.436186510378067e-05
8.545,0.0,77.50044018362493,0,90,3.0,7,9.075951029515017e-06
8.55,0.0,77.50027522469445,0,90,3.0,7,5.674735968003793e-06
8.555,0.0,77.50017026019599,0,90,3.0,7,3.510519504872493e-06
8.56,0.0,77.50010421040284,0,90,3.0,7,2.1486680997647275e-06
8.565,0.0,77.50006310753771,0,90,3.0,7,1.3011863445954827e-06
8.57,0.0,77.5000378114743,0,90,3.0,7,7.796180268049977e-07
8.575,0.0,77.50002241497207,0,90,3.0,7,4.6216437247672616e-07
8.58,0.0,77.5000131469499,0,90,3.0,7,2.710711318914693e-07
8.585,0.0,77.50000762928833,0,90,3.0,7,1.57304914093458e-07
8.59,0.0,77.50000438041506,0,90,3.0,7,9.031783636216751e-08
8.595,0.001684486749771458,77.50000248839153,0,90,3.0,7,5.1307041859058467e-08
8.6,0.004172395771277602,77.50000139860276,0,90,3.0,7,2.8837170360667496e-08
8.605,0.009438687428818865,77.50000077775401,0,90,3.0,7,1.6036165165526644e-08
8.61,0.019500507867137046,77.50000042791977,0,90,3.0,7,8.823088092895821e-09
8.615,0.03679496976339974,77.50000023294568,0,90,3.0,7,4.803003722119365e-09
8.62,0.06340728953298436,77.50000012546401,0,90,3.0,7,2.586886855929198e-09
8.625,0.09979255396093453,77.50000006685839,0,90,3.0,7,1.3785235221371999e-09
8.63,0.14343835518453557,77.50000003525047,0,90,3.0,7,7.268137248980359e-10
8.635,0.18829581417209276,77.50000001838849,0,90,3.0,7,3.791441387650209e-10
8.64,0.2257481735193119,77.50000000949072,0,90,3.0,7,1.9568493446490017e-10
8.645,0.24718154073554727,77.50000000484647,0,90,3.0,7,9.99272142695359e-11
8.65,0.24718154074102772,77.50000000244863,0,90,3.0,7,5.048721120437756e-11
8.655,0.22574817354072055,77.50000000122404,0,90,3.0,7,2.5237891959571327e-11
8.66,0.18829581422840957,77.50000000060538,0,90,3.0,7,1.2482111564280523e-11
8.665,0.14343835532456656,77.50000000029624,0,90,3.0,7,6.108030461713422e-12
8.67,0.09979255431561854,77.50000000014343,0,90,3.0,7,2.9573228173305944e-12
8.675,0.06340729067170194,77.50000000006871,0,90,3.0,7,1.4166903618144677e-12
8.68,0.03679497683410042,77.50000000003256,0,90,3.0,7,6.712797557222225e-13
8.685,0.019500578284482293,77.50000000001526,0,90,3.0,7,3.146898549304526e-13
8.69,0.009439396781978427,77.50000000000708,0,90,3.0,7,1.4591764223032162e-13
8.695,0.004178588733610924,77.50000000000325,0,90,3.0,7,6.70986748408507e-14
8.7,0.0017299316936037381,77.50000000000148,0,90,3.0,7,3.047276062641254e-14
8.705,0.0008997325756988589,77.50000000000067,0,90,3.0,7,1.3771343744628746e-14
8.71,0.001634769674224814,77.5000000000003,0,90,3.0,7,6.15315358802561e-15
8.715,0.00614904736476635,77.50000000000013,0,90,3.0,7,2.637065823439547e-15
8.72,0.02168080359963608,77.50000000000006,0,90,3.0,7,1.172029254862021e-15
8.725,0.06433400338904088,77.50000000000003,0,90,3.0,7,5.860146274310105e-16
8.73,0.1593410769217493,77.50000000000001,0,90,3.0,7,2.9300731371550523e-16
8.735,0.3291989194808569,77.5,0,90,3.0,7,0.0
8.74,0.5672906802982638,77.5,0,90,3.0,7,0.0
8.745,0.815339152120446,77.5,0,90,3.0,7,0.0
8.75,0.9768711246313155,77.5000028548974,1,90,3.0,7,5.88638639778624e-08
8.755,0.9726380909165361,77.50000578823352,0,90,3.0,7,1.1934502108675757e-07
8.76,0.7921091683291741,77.50001262810264,0,90,3.0,7,2.6037325027310855e-07
8.765,0.49139090102639077,77.50003090820933,0,90,3.0,7,6.372826665005257e-07
8.77,0.15739335672107918,77.50008560358823,0,90,3.0,7,1.7650224377768008e-06
8.775,-0.11102342218909485,77.50025836716078,0,90,3.0,7,5.327157954274505e-06
8.78,-0.2314207883647528,77.5008041613645,0,90,3.0,7,1.6580646690703568e-05
8.785,-0.2029124434754801,77.50247126404172,0,90,3.0,7,5.0953897767348064e-05
8.79,-0.11151350554305876,77.50730689455214,0,90,3.0,7,0.0001506576196318386
8.795,-0.039430666652076896,77.5205069404445,0,90,3.0,7,0.00042282351431970137
8.8,-0.006087703519843621,77.55425950392804,0,90,3.0,7,0.001118752658310044
8.805,0.005350271385530551,77.63489185005264,0,90,3.0,7,0.002781275258817309
8.81,0.010381647827441833,77.81454523632031,0,90,3.0,7,0.0064854687901095545
8.815,0.015115203303506243,78.18735131558363,0,90,3.0,7,0.014172192073889204
8.82,0.021170964062928475,78.90690312906386,0,90,3.0,7,0.0290083119394611
8.825,0.029082821134029553,80.19665089621222,0,90,3.0,7,0.05560104940643751
8.83,0.03923107061708144,82.3394503302051,0,90,3.0,7,0.09978248103515663
8.835,0.051969043308817596,85.63096269117817,0,90,3.0,7,0.1676487152820241
8.84,0.06760532616283861,90.289192542138,0,90,3.0,7,0.26369469159047415
8.845,0.08636519236693461,96.33177188866492,0,90,3.0,7,0.3882839564673179
8.85,0.10834733138818661,103.45891681158211,0,90,3.0,7,0.5352353981769508
8.855,0.1334809643017884,110.9995176060252,0,90,3.0,7,0.6907117032170143
8.86,0.16148868344343945,117.97323238137338,0,90,3.0,7,0.834499636729348
8.865,0.191860907532018,123.28391354021267,0,90,3.0,7,0.9439982173239725
8.87,0.22384764873847726,126.0,0,90,3.0,7,1.0
8.875,0.25647215537198226,125.62557935056012,0,90,3.0,7,0.9922799866094869
8.88,0.2885689161419028,122.25455536305012,0,90,3.0,7,0.9227743373824766
8.885,0.31884566517832524,116.54276293749618,0,90,3.0,7,0.8050054213916737
8.89,0.3459657668955683,109.50994041521005,0,90,3.0,7,0.65999877144763
8.895,0.3686441789190902,102.2541023356066,0,90,3.0,7,0.5103938625898269
8.9,0.3857476379544367,95.68811801633842,0,90,3.0,7,0.3750127426049159
8.905,0.3963882865005728,90.38254464538694,0,90,3.0,7,0.26561947722447304
8.91,0.4,86.54087148351628,0,90,3.0,7,0.1864097213096141
8.915,0.39638828650057273,84.07769605408464,0,90,3.0,7,0.13562259905329155
8.92,0.38574763795443656,82.74233353126162,0,90,3.0,7,0.10808935116003343
8.925,0.36864417891908974,82.23438029234443,0,90,3.0,7,0.09761608850194692
8.93,0.345965766895568,82.28110027391507,0,90,3.0,7,0.09857938709103242
8.935,0.3188456651783249,82.67183539468127,0,90,3.0,7,0.10663578133363437
8.94,0.28856891614190205,83.26062007974744,0,90,3.0,7,0.1187756717473699
8.945,0.2564721553719815,83.95261614042626,0,90,3.0,7,0.13304363176136613
8.95,0.22384764873847685,84.68676847196683,0,90,3.0,7,0.14818079323642946
8.955,0.19186090753201765,85.4214071227837,0,90,3.0,7,0.16332798191306608
8.96,0.16148868344343878,86.12483294458869,0,90,3.0,7,0.17783160710492144
8.965,0.1334809643017881,86.77033771939087,0,90,3.0,7,0.1911409839049663
8.97,0.10834733138818531,87.33426160838053,0,90,3.0,7,0.20276828058516555
8.975,0.08636519236690572,87.79577796985475,0,90,3.0,7,0.21228408185267533
8.98,0.06760532616242629,88.13748090634361,0,90,3.0,7,0.21932950322357964
8.985,0.05196904332202373,88.3462121999223,0,90,3.0,7,0.22363324123551145
8.99,0.03923107185803287,88.41381036420395,0,90,3.0,7,0.22502701781863824
8.995,0.02908287038705761,88.33761061002141,0,90,3.0,7,0.22345588886642093
9.0,0.02117220077308346,88.12061034529336,0,90,3.0,7,0.21898165660398675
9.005,0.0151361834125735,87.77127109249729,0,90,3.0,7,0.21177878541231518
9.01,0.010626454858290009,87.30297037121758,0,90,3.0,7,0.20212310043747594
9.015,0.007326255555493652,86.73315167105918,0,90,3.0,7,0.19037426125895207
9.02,0.004960179211183015,86.082247419666,0,90,3.0,7,0.17695355504465987
9.025,0.0032978759379303545,85.37246744218815,0,90,3.0,7,0.16231891633377635
9.03,0.002153242296767213,84.62655263484623,0,90,3.0,7,0.14693922958445843
9.035,0.001380616732225004,83.86659028643527,0,90,3.0,7,0.13126990281309833
9.04,0.0008693106590991584,83.11297475506075,0,90,3.0,7,0.11573143824867521
9.045,0.000537524815942247,82.38357719417918,0,90,3.0,7,0.10069231328204499
9.05,0.0003263951340288585,81.69316359266416,0,90,3.0,7,0.0864569812920446
9.055,0.00019463030985187395,81.0530746913213,0,90,3.0,7,0.07325927198600617
9.06,0.00011397219555062695,80.47115732979627,0,90,3.0,7,0.06126097587208804
9.065,6.55403863487943e-05,79.95191687655013,0,90,3.0,7,0.05055498714536349
9.07,3.701184389455385e-05,79.4968462077652,0,90,3.0,7,0.0411720867580454
9.075,2.0525516217290957e-05,79.10487892570814,0,90,3.0,7,0.03309028712800279
9.08,1.1178128483661116e-05,78.7729129708691,0,90,3.0,7,0.02624562826534228
9.085,5.978135409912517e-06,78.49635460193645,0,90,3.0,7,0.020543393854359708
9.09,3.1396702713238487e-06,78.26964053277798,0,90,3.0,7,0.01586887696449452
9.095,1.6192875458531019e-06,78.08670624839122,0,90,3.0,7,0.012097036049303579
9.1,8.201353897972012e-07,77.94137962031026,0,90,3.0,7,0.009100610728046552
9.105,4.0791415086824765e-07,77.82768957220783,0,90,3.0,7,0.006756486024903727
9.11,1.9923866938774793e-07,77.74008871515312,0,90,3.0,7,0.004950282786662284
9.115,9.556527981051257e-08,77.67359597640825,0,90,3.0,7,0.0035792984826443475
9.12,4.501406988770349e-08,77.62387005880147,0,90,3.0,7,0.002554021830958191
9.125,0.0,77.58722717633347,0,90,3.0,7,0.0017984984811024924
9.13,0.0,77.56061722705192,0,90,3.0,7,0.0012498397330292983
9.135,0.0,77.54157182578224,0,90,3.0,7,0.0008571510470565349
9.14,0.0,77.5281359065581,0,90,3.0,7,0.0005801217847032107
9.145,0.0,77.5187923680159,0,90,3.0,7,0.0003874715054823622
9.15,0.0,77.51238685021202,0,90,3.0,7,0.00025539897344380554
9.155,0.0,77.50805747644297,0,90,3.0,7,0.00016613353490662431
9.16,0.0,77.50517244622698,0,90,3.0,7,0.00010664837581399748
9.165,0.0,77.50327681336077,0,90,3.0,7,6.756316207773912e-05
9.17,0.0,77.50204864264317,0,90,3.0,7,4.2240054498443365e-05
9.175,0.0,77.50126397793481,0,90,3.0,7,2.606140071777387e-05
9.18,0.0,77.50076961151682,0,90,3.0,7,1.5868278697234457e-05
9.185,0.0,77.50046244746694,0,90,3.0,7,9.534999318435607e-06
9.19,0.0,77.5002742281496,0,90,3.0,7,5.654188651688039e-06
9.195,0.0,77.50016047982528,0,90,3.0,7,3.308862376964489e-06
9.2,0.0,77.50009268034331,0,90,3.0,7,1.910934913702167e-06
9.205,0.0,77.50005282184985,0,90,3.0,7,1.089110306160477e-06
9.21,0.0,77.50002970970641,0,90,3.0,7,6.125712661976406e-07
9.215,0.001684486749771458,77.50001649080649,0,90,3.0,7,3.400166286075884e-07
9.22,0.004172395771277602,77.50000903325379,0,90,3.0,7,1.8625265545207306e-07
9.225,0.009438687428818865,77.50000488320897,0,90,3.0,7,1.0068472109656027e-07
9.23,0.019500507867137046,77.50000260510474,0,90,3.0,7,5.371349979232599e-08
9.235,0.03679496976339974,77.50000137152539,0,90,3.0,7,2.827887393210666e-08
9.24,0.06340728953298436,77.50000071259257,0,90,3.0,7,1.4692630232734841e-08
9.245,0.09979255396093453,77.5000003653739,0,90,3.0,7,7.53348232822261e-09
9.25,0.14343835518453557,77.5000001848811,0,90,3.0,7,3.811981493348979e-09
9.255,0.18829581417209276,77.50000009232224,0,90,3.0,7,1.903551314284151e-09
9.26,0.2257481735193119,77.50000004549659,0,90,3.0,7,9.380740491381112e-10
9.265,0.24718154073554727,77.50000002212637,0,90,3.0,7,4.5621385249161023e-10
9.27,0.24718154074102772,77.5000000106194,0,90,3.0,7,2.1895674734944046e-10
9.275,0.22574817354072055,77.50000000502978,0,90,3.0,7,1.0370671560915221e-10
9.28,0.18829581422840957,77.50000000235103,0,90,3.0,7,4.847483697377947e-11
9.285,0.14343835532456656,77.50000000108449,0,90,3.0,7,2.2360560138885067e-11
9.29,0.09979255431561854,77.50000000049369,0,90,3.0,7,1.0179074078476652e-11
9.295,0.06340729067170194,77.50000000022179,0,90,3.0,7,4.57296514515789e-12
9.3,0.03679497683410042,77.50000000009832,0,90,3.0,7,2.0273176035975807e-12
9.305,0.019500578284482293,77.50000000004302,0,90,3.0,7,8.869331386168343e-13
9.31,0.009439396781978427,77.50000000001857,0,90,3.0,7,3.8296055902616534e-13
9.315,0.004178588733610924,77.50000000000792,0,90,3.0,7,1.6320507373953641e-13
9.32,0.0017299316936037381,77.50000000000333,0,90,3.0,7,6.856371140942822e-14
9.325,0.0008997325756988589,77.50000000000138,0,90,3.0,7,2.842170943040401e-14
9.33,0.001634769674224814,77.50000000000057,0,90,3.0,7,1.1720292548620209e-14
9.335,0.00614904736476635,77.50000000000023,0,90,3.0,7,4.688117019448084e-15
9.34,0.02168080359963608,77.50000000000009,0,90,3.0,7,1.7580438822930315e-15
9.345,0.06433400338904088,77.50000000000003,0,90,3.0,7,5.860146274310105e-16
9.35,0.1593410769217493,77.50000000000001,0,90,3.0,7,2.9300731371550523e-16
9.355,0.3291989194808569,77.5,0,90,3.0,7,0.0
9.36,0.5672906802982638,77.5,0,90,3.0,7,0.0
9.365,0.815339152120446,77.5,0,90,3.0,7,0.0
9.37,0.9768711246313155,77.50000284322633,1,90,3.0,7,5.862322322426144e-08
9.375,0.9726380909165361,77.50000534910116,0,90,3.0,7,1.102907455352232e-07
9.38,0.7921091683291741,77.50001063505204,0,90,3.0,7,2.1927942341171353e-07
9.385,0.49139090102639077,77.50002307583767,0,90,3.0,7,4.757904675148218e-07
9.39,0.15739335672107918,77.5000554713907,0,90,3.0,7,1.143740014331155e-06
9.395,-0.11102342218909485,77.50014526993121,0,90,3.0,7,2.9952563136014092e-06
9.4,-0.2314207883647528,77.5003988898635,0,90,3.0,7,8.224533268130659e-06
9.405,-0.2029124434754801,77.5011054659756,0,90,3.0,7,2.279311289893738e-05
9.41,-0.11151350554305876,77.50300976888175,0,90,3.0,7,6.205709034543127e-05
9.415,-0.039430666652076896,77.50792185780857,0,90,3.0,7,0.00016333727440347813
9.42,-0.006087703519843621,77.51997904089026,0,90,3.0,7,0.0004119389874281015
9.425,0.005350271385530551,77.54805187102536,0,90,3.0,7,0.000990760227327109
9.43,0.010381647827441833,77.60993273918042,0,90,3.0,7,0.0022666544160911822
9.435,0.015115203303506243,77.73890414692885,0,90,3.0,7,0.0049258586995638304
9.44,0.021170964062928475,77.99279598451152,0,90,3.0,7,0.01016074194869107
9.445,0.029082821134029553,78.46442565053172,0,90,3.0,7,0.01988506495941697
9.45,0.03923107061708144,79.29027244272471,0,90,3.0,7,0.03691283387061265
9.455,0.051969043308817596,80.65176405432197,0,90,3.0,7,0.06498482586230872
9.46,0.06760532616283861,82.76179436299392,0,90,3.0,7,0.10849060542255515
9.465,0.08636519236693461,85.82984126010565,0,90,3.0,7,0.1717493043320753
9.47,0.10834733138818661,90.00401066771741,0,90,3.0,7,0.257814652942627
9.475,0.1334809643017884,95.29777724070067,0,90,3.0,7,0.3669644791897045
9.48,0.16148868344343945,101.52070486511198,0,90,3.0,7,0.4952722652600408
9.485,0.191860907532018,108.24076061437154,0,90,3.0,7,0.633830115760238
9.49,0.22384764873847726,114.80477932285345,0,90,3.0,7,0.7691707076877
9.495,0.25647215537198226,120.42962228136281,0,90,3.0,7,0.8851468511621198
9.5,0.2885689161419028,124.35209848293255,0,90,3.0,7,0.9660226491326298
9.505,0.31884566517832524,126.0,0,90,3.0,7,1.0
9.51,0.3459657668955683,125.13199699060715,0,90,3.0,7,0.982103030734168
9.515,0.3686441789190902,121.89956504594475,0,90,3.0,7,0.9154549494009228
9.52,0.3857476379544367,116.80934959217932,0,90,3.0,7,0.8105020534469962
9.525,0.3963882865005728,110.59911497723489,0,90,3.0,7,0.6824559789120596
9.53,0.4,104.06935062625563,0,90,3.0,7,0.5478216623970232
9.535,0.39638828650057273,97.92347769263611,0,90,3.0,7,0.421102632837858
9.54,0.38574763795443656,92.65949215512845,0,90,3.0,7,0.3125668485593494
9.545,0.36864417891908974,88.53181629485155,0,90,3.0,7,0.22746012979075364
9.55,0.345965766895568,85.57626122980984,0,90,3.0,7,0.16652085009917206
9.555,0.3188456651783249,83.67383914290984,0,90,3.0,7,0.12729565243113075
9.56,0.28856891614190205,82.62499201165721,0,90,3.0,7,0.1056699383846848
9.565,0.2564721553719815,82.2123239726345,0,90,3.0,7,0.09716131902339162
9.57,0.22384764873847685,82.24122011682826,0,90,3.0,7,0.09775711581089194
9.575,0.19186090753201765,82.5580522820505,0,90,3.0,7,0.10428973777423704
9.58,0.16148868344343878,83.05182219454407,0,90,3.0,7,0.11447056071224893
9.585,0.1334809643017881,83.64676889072895,0,90,3.0,7,0.12673750290162783
9.59,0.10834733138818531,84.29215130262087,0,90,3.0,7,0.1400443567550694
9.595,0.08636519236690572,84.95297587109219,0,90,3.0,7,0.15366960558952975
9.6,0.06760532616242629,85.6032141410097,0,90,3.0,7,0.16707658022700414
9.605,0.05196904332202373,86.22161625213593,0,90,3.0,7,0.17982713921929755
9.61,0.03923107185803287,86.78956826301784,0,90,3.0,7,0.19153748995913075
9.615,0.02908287038705761,87.29030500025087,0,90,3.0,7,0.20186195876805912
9.62,0.02117220077308346,87.70890109634271,0,90,3.0,7,0.21049280611015905
9.625,0.0151361834125735,88.03263653005703,0,90,3.0,7,0.21716776350633057
9.63,0.010626454858290009,88.25148247455117,0,90,3.0,7,0.22168005102167357
9.635,0.007326255555493652,88.35855638009744,0,90,3.0,7,0.22388776041438022
9.64,0.004960179211183015,88.35045923154104,0,90,3.0,8,0.22372080889775336
9.645,0.0032978759379303545,88.22744713680183,0,90,3.0,8,0.2211844770474604
9.65,0.002153242296767213,87.99341542663203,0,90,3.0,8,0.21635908096148507
9.655,0.001380616732225004,87.65569305578572,0,90,3.0,8,0.20939573310898388
9.66,0.0008693106590991584,87.22466123620943,0,90,3.0,8,0.20050847909710162
9.665,0.000537524815942247,86.71322360224083,0,90,3.0,8,0.189963373242079
9.67,0.0003263951340288585,86.13616550482689,0,90,3.0,8,0.17806526814076065
9.675,0.00019463030985187395,85.50944672085147,0,90,3.0,8,0.1651432313577623
9.68,0.00011397219555062695,84.84947457720351,0,90,3.0,8,0.15153555829285587
9.685,6.55403863487943e-05,84.17240320268115,0,90,3.0,8,0.1375753237666217
9.69,3.701184389455385e-05,83.49349969202193,0,90,3.0,8,0.12357731323756552
9.695,2.0525516217290957e-05,82.8266100918151,0,90,3.0,8,0.10982701220237316
9.7,1.1178128483661116e-05,82.18374823881719,0,90,3.0,8,0.09657212863540593
9.705,5.978135409912517e-06,81.57481966179543,0,90,3.0,8,0.08401690024320475
9.71,3.1396702713238487e-06,81.00748205938964,0,90,3.0,8,0.07231921771937412
9.715,1.6192875458531019e-06,80.48713423047259,0,90,3.0,8,0.061590396504589515
9.72,8.201353897972012e-07,80.01701749313209,0,90,3.0,8,0.051897267899630665
9.725,4.0791415086824765e-07,79.59840805263835,0,90,3.0,8,0.04326614541522367
9.73,1.9923866938774793e-07,79.23087565482302,0,90,3.0,8,0.03568815783140255
9.735,9.556527981051257e-08,78.91258311223406,0,90,3.0,8,0.029125424994516702
9.74,4.501406988770349e-08,78.64060262096777,0,90,3.0,8,0.023517579813768435
9.745,0.0,78.41122774696173,0,90,3.0,8,0.018788200968283056
9.75,0.0,78.22026402057521,0,90,3.0,8,0.01485080454794257
9.755,0.0,78.06328569392375,0,90,3.0,8,0.0116141380190463
9.76,0.0,77.93585088962875,0,90,3.0,8,0.00898661628100522
9.765,0.0,77.83367169477451,0,90,3.0,8,0.006879828758237296
9.77,0.0,77.75273943637394,0,90,3.0,8,0.005211122399462747
9.775,0.0,77.68940824197168,0,90,3.0,8,0.0039053245767356024
9.78,0.0,77.64044198158881,0,90,3.0,8,0.0028957109605939712
9.785,0.0,77.60303083963844,0,90,3.0,8,0.00212434720903991
9.79,0.0,77.57478418147271,0,90,3.0,8,0.0015419418860352196
9.795,0.0,77.55370620498225,0,90,3.0,8,0.001107344432623672
9.8,0.0,77.53816026664151,0,90,3.0,8,0.0007868096214744733
9.805,0.0,77.5268269037557,0,90,3.0,8,0.0005531320362000976
9.81,0.0,77.51865958225872,0,90,3.0,8,0.00038473365481898506
9.815,0.0,77.51284119666562,0,90,3.0,8,0.00026476694155915014
9.82,0.0,77.50874341903805,0,90,3.0,8,0.00018027668119700757
9.825,0.0,77.505890189993,0,90,3.0,8,0.00012144721635044119
9.83,0.0,77.50392599307456,0,90,3.0,8,8.09483108156721e-05
9.835,0.0,77.50258905913398,0,90,3.0,8,5.338266255632296e-05
9.84,0.0,77.5016892993909,0,90,3.0,8,3.483091527636903e-05
9.845,0.0,77.50109054476202,0,90,3.0,8,2.2485459010757733e-05
9.85,0.0,77.50069655045753,0,90,3.0,8,1.436186510378067e-05
9.855,0.0,77.50044018362493,0,90,3.0,8,9.075951029515017e-06
9.86,0.0,77.50027522469445,0,90,3.0,8,5.674735968003793e-06
9.865,0.0,77.50017026019599,0,90,3.0,8,3.510519504872493e-06
9.87,0.0,77.50010421040284,0,90,3.0,8,2.1486680997647275e-06
9.875,0.0,77.50006310753771,0,90,3.0,8,1.3011863445954827e-06
9.88,0.0,77.5000378114743,0,90,3.0,8,7.796180268049977e-07
9.885,0.0,77.50002241497207,0,90,3.0,8,4.6216437247672616e-07
9.89,0.0,77.5000131469499,0,90,3.0,8,2.710711318914693e-07
9.895,0.0,77.50000762928833,0,90,3.0,8,1.57304914093458e-07
9.9,0.0,77.50000438041506,0,90,3.0,8,9.031783636216751e-08
9.905,0.001684486749771458,77.50000248839153,0,90,3.0,8,5.1307041859058467e-08
9.91,0.004172395771277602,77.50000139860276,0,90,3.0,8,2.8837170360667496e-08
9.915,0.009438687428818865,77.50000077775401,0,90,3.0,8,1.6036165165526644e-08
9.92,0.019500507867137046,77.50000042791977,0,90,3.0,8,8.823088092895821e-09
9.925,0.03679496976339974,77.50000023294568,0,90,3.0,8,4.803003722119365e-09
9.93,0.06340728953298436,77.50000012546401,0,90,3.0,8,2.586886855929198e-09
9.935,0.09979255396093453,77.50000006685839,0,90,3.0,8,1.3785235221371999e-09
9.94,0.14343835518453557,77.50000003525047,0,90,3.0,8,7.268137248980359e-10
9.945,0.18829581417209276,77.50000001838849,0,90,3.0,8,3.791441387650209e-10
9.95,0.2257481735193119,77.50000000949072,0,90,3.0,8,1.9568493446490017e-10
9.955,0.24718154073554727,77.50000000484647,0,90,3.0,8,9.99272142695359e-11
9.96,0.24718154074102772,77.50000000244863,0,90,3.0,8,5.048721120437756e-11
9.965,0.22574817354072055,77.50000000122404,0,90,3.0,8,2.5237891959571327e-11
9.97,0.18829581422840957,77.50000000060538,0,90,3.0,8,1.2482111564280523e-11
9.975,0.14343835532456656,77.50000000029624,0,90,3.0,8,6.108030461713422e-12
9.98,0.09979255431561854,77.50000000014343,0,90,3.0,8,2.9573228173305944e-12
9.985,0.06340729067170194,77.50000000006871,0,90,3.0,8,1.4166903618144677e-12
9.99,0.03679497683410042,77.50000000003256,0,90,3.0,8,6.712797557222225e-13
9.995,0.019500578284482293,77.50000000001526,0,90,3.0,8,3.146898549304526e-13
10.0,0.009439396781978427,77.50000000000708,0,90,3.0,8,1.4591764223032162e-13
10.005,0.004178588733610924,77.50000000000325,0,90,3.0,8,6.70986748408507e-14
10.01,0.0017299316936037381,77.50000000000148,0,90,3.0,8,3.047276062641254e-14
10.015,0.0008997325756988589,77.50000000000067,0,90,3.0,8,1.3771343744628746e-14
10.02,0.001634769674224814,77.5000000000003,0,90,3.0,8,6.15315358802561e-15
10.025,0.00614904736476635,77.50000000000013,0,90,3.0,8,2.637065823439547e-15
10.03,0.02168080359963608,77.50000000000006,0,90,3.0,8,1.172029254862021e-15
10.035,0.06433400338904088,77.50000000000003,0,90,3.0,8,5.860146274310105e-16
10.04,0.1593410769217493,77.50000000000001,0,90,3.0,8,2.9300731371550523e-16
10.045,0.3291989194808569,77.5,0,90,3.0,8,0.0
10.05,0.5672906802982638,77.5,0,90,3.0,8,0.0
10.055,0.815339152120446,77.5,0,90,3.0,8,0.0
10.06,0.9768711246313155,77.50000285328441,1,90,3.0,8,5.883060647572643e-08
10.065,0.9726380909165361,77.50000562140409,0,90,3.0,8,1.1590523887282392e-07
10.07,0.7921091683291741,77.50001183073464,0,90,3.0,8,2.4393267289710397e-07
10.075,0.49139090102639077,77.50002762917026,0,90,3.0,8,5.696736136471992e-07
10.08,0.15739335672107918,77.50007245443882,0,90,3.0,8,1.4939059550923367e-06
10.085,-0.11102342218909485,77.50020725996767,0,90,3.0,8,4.273401395187075e-06
10.09,-0.2314207883647528,77.50061582704151,0,90,3.0,8,1.269746477348854e-05
10.095,-0.2029124434754801,77.50182248868452,0,90,3.0,8,3.757708627885804e-05
10.1,-0.11151350554305876,77.5052310715901,0,90,3.0,8,0.00010785714618768954
10.105,-0.039430666652076896,77.51435172175279,0,90,3.0,8,0.0002959117887172917
10.11,-0.006087703519843621,77.53735285072946,0,90,3.0,8,0.0007701618707105621
10.115,0.005350271385530551,77.5918691803079,0,90,3.0,8,0.0018942099032555814
10.12,0.010381647827441833,77.71309481986977,0,90,3.0,8,0.004393707626180756
10.125,0.015115203303506243,77.96566482587883,0,90,3.0,8,0.009601336616058397
10.13,0.021170964062928475,78.45812550344493,0,90,3.0,8,0.01975516501948315
10.135,0.029082821134029553,79.35558674678168,0,90,3.0,8,0.03825952055219964
10.14,0.03923107061708144,80.88198151748664,0,90,3.0,8,0.06973157768013682
10.145,0.051969043308817596,83.30025257051231,0,90,3.0,8,0.11959283650540853
10.15,0.06760532616283861,86.86014114836432,0,90,3.0,8,0.19299260099720247
10.155,0.08636519236693461,91.71228864363101,0,90,3.0,8,0.29303687925012395
10.16,0.10834733138818661,97.80423612993579,0,90,3.0,8,0.4186440439162018
10.165,0.1334809643017884,104.79307462662686,0,90,3.0,8,0.5627438067345745
10.17,0.16148868344343945,112.02004978372179,0,90,3.0,8,0.7117536037880781
10.175,0.191860907532018,118.58316466468419,0,90,3.0,8,0.8470755600965812
10.18,0.22384764873847726,123.51148828718976,0,90,3.0,8,0.9486904801482425
10.185,0.25647215537198226,126.0,0,90,3.0,8,1.0
10.19,0.2885689161419028,125.62830221298329,0,90,3.0,8,0.9923361281027482
10.195,0.31884566517832524,122.48203243932362,0,90,3.0,8,0.9274645863778066
10.2,0.3459657668955683,117.12925074937131,0,90,3.0,8,0.8170979535952847
10.205,0.3686441789190902,110.46116941721593,0,90,3.0,8,0.6796117405611531
10.21,0.3857476379544367,103.45897551850818,0,90,3.0,8,0.5352366086290347
10.215,0.3963882865005728,96.97065636772538,0,90,3.0,8,0.4014568323242347
10.22,0.4,91.56589466519785,0,90,3.0,8,0.29001844670511023
10.225,0.39638828650057273,87.49604796974954,0,90,3.0,8,0.206104081850506
10.23,0.38574763795443656,84.74329427423734,0,90,3.0,8,0.14934627369561532
10.235,0.36864417891908974,83.11746244254847,0,90,3.0,8,0.11582396788759737
10.24,0.345965766895568,82.3568848664176,0,90,3.0,8,0.10014195600861034
10.245,0.3188456651783249,82.20419486948393,0,90,3.0,8,0.09699370864915315
10.25,0.28856891614190205,82.4474226772088,0,90,3.0,8,0.102008714993996
10.255,0.2564721553719815,82.93146838815557,0,90,3.0,8,0.11198903893104258
10.26,0.22384764873847685,83.55144100802794,0,90,3.0,8,0.12477197954696775
10.265,0.19186090753201765,84.23890517799641,0,90,3.0,8,0.13894649851539
10.27,0.16148868344343878,84.94831218827366,0,90,3.0,8,0.15357344718090024
10.275,0.1334809643017881,85.64686744660881,0,90,3.0,8,0.16797664838368678
10.28,0.10834733138818531,86.30832747591782,0,90,3.0,8,0.18161499950346022
10.285,0.08636519236690572,86.90992131114385,0,90,3.0,8,0.19401899610605872
10.29,0.06760532616242629,87.43130093518502,0,90,3.0,8,0.20476909144711383
10.295,0.05196904332202373,87.85460739278714,0,90,3.0,8,0.21349705964509577
10.3,0.03923107185803287,88.16503318602679,0,90,3.0,8,0.21989759146446988
10.305,0.02908287038705761,88.35150634707973,0,90,3.0,8,0.2237423989088605
10.31,0.02117220077308346,88.40728293523891,0,90,3.0,8,0.22489243165441053
10.315,0.0151361834125735,88.33033092317498,0,90,3.0,8,0.22330579223041203
10.32,0.010626454858290009,88.12344658788109,0,90,3.0,8,0.21904013583259982
10.325,0.007326255555493652,87.79408397232552,0,90,3.0,8,0.2122491540685675
10.33,0.004960179211183015,87.35390857822988,0,90,3.0,8,0.20317337274700778
10.335,0.0032978759379303545,86.81811153597118,0,90,3.0,8,0.19212601105095226
10.34,0.002153242296767213,86.20454017631614,0,90,3.0,8,0.17947505518177614
10.345,0.001380616732225004,85.5327142396845,0,90,3.0,8,0.1656229740141133
10.35,0.0008693106590991584,84.82280306012088,0,90,3.0,8,0.15098563010558508
10.355,0.000537524815942247,84.09463776038064,0,90,3.0,8,0.13597191258516775
10.36,0.0003263951340288585,83.36682439710084,0,90,3.0,8,0.1209654514866153
10.365,0.00019463030985187395,82.65601043153745,0,90,3.0,8,0.10630949343376192
10.37,0.00011397219555062695,81.97633972309383,0,90,3.0,8,0.09229566439368721
10.375,6.55403863487943e-05,81.33911255053565,0,90,3.0,8,0.07915695980485868
10.38,3.701184389455385e-05,80.75264902476607,0,90,3.0,8,0.0670649283456922
10.385,2.0525516217290957e-05,80.22233844465784,0,90,3.0,8,0.05613068958057395
10.39,1.1178128483661116e-05,79.75084496649728,0,90,3.0,8,0.04640917456695429
10.395,5.978135409912517e-06,79.33843213578254,0,90,3.0,8,0.03790581723262969
10.4,3.1396702713238487e-06,78.9833655092204,0,90,3.0,8,0.030584855860214546
10.405,1.6192875458531019e-06,78.682353399043,0,90,3.0,8,0.02437842059882464
10.41,8.201353897972012e-07,78.43098993416538,0,90,3.0,8,0.019195668745677973
10.415,4.0791415086824765e-07,78.22417115200214,0,90,3.0,8,0.014931363958807063
10.42,1.9923866938774793e-07,78.05646263625866,0,90,3.0,8,0.011473456417704288
10.425,9.556527981051257e-08,77.92240529264143,0,90,3.0,8,0.008709387477142862
10.43,4.501406988770349e-08,77.81675337219069,0,90,3.0,8,0.006530997364756479
10.435,0.0,77.73464521201578,0,90,3.0,8,0.004838045608572738
10.44,0.0,77.6717120211314,0,90,3.0,8,0.0035404540439463563
10.445,0.0,77.62413328746686,0,90,3.0,8,0.002559449226120855
10.45,0.0,77.58864910755129,0,90,3.0,8,0.0018278166505420771
10.455,0.0,77.56254016636984,0,90,3.0,8,0.0012894879663885074
10.46,0.0,77.54358552186387,0,90,3.0,8,0.0008986705538943297
10.465,0.0,77.53000709975734,0,90,3.0,8,0.0006187030877802349
10.47,0.0,77.52040818335705,0,90,3.0,8,0.00042078728571233844
10.475,0.0,77.51371144502332,0,90,3.0,8,0.00028271020666635973
10.48,0.0,77.50910040372447,0,90,3.0,8,0.00018763719019534853
10.485,0.0,77.50596673357165,0,90,3.0,8,0.00012302543446709286
10.49,0.0,77.5038646590576,0,90,3.0,8,7.968369190923545e-05
10.495,0.0,77.50247277317126,0,90,3.0,8,5.098501384047511e-05
10.5,0.0,77.50156298902219,0,90,3.0,8,3.222657777711771e-05
10.505,0.0,77.50097594676535,0,90,3.0,8,2.0122613718576384e-05
10.51,0.0,77.50060199777202,0,90,3.0,8,1.2412325196347533e-05
10.515,0.0,77.50036682775895,0,90,3.0,8,7.563458947475906e-06
10.52,0.0,77.50022081473722,0,90,3.0,8,4.552881179766775e-06
10.525,0.0,77.50013130838836,0,90,3.0,8,2.707389450754996e-06
10.53,0.0,77.50007713570277,0,90,3.0,8,1.5904268611824797e-06
10.535,0.0,77.50004476277108,0,90,3.0,8,9.229437336633748e-07
10.54,0.0,77.5000256612047,0,90,3.0,8,5.290970041749967e-07
10.545,0.0,77.50001453234408,0,90,3.0,8,2.996359604512503e-07
10.55,0.001684486749771458,77.50000813004326,0,90,3.0,8,1.6762975784547157e-07
10.555,0.004172395771277602,77.50000449312597,0,90,3.0,8,9.264177259462213e-08
10.56,0.009438687428818865,77.50000245303015,0,90,3.0,8,5.057794121207688e-08
10.565,0.019500507867137046,77.50000132298747,0,90,3.0,8,2.7278092215731037e-08
10.57,0.03679496976339974,77.50000070486692,0,90,3.0,8,1.4533338564677289e-08
10.575,0.06340728953298436,77.50000037098563,0,90,3.0,8,7.64918827934304e-09
10.58,0.09979255396093453,77.50000019288817,0,90,3.0,8,3.97707558524004e-09
10.585,0.14343835518453557,77.5000000990724,0,90,3.0,8,2.042729788299016e-09
10.59,0.18829581417209276,77.50000005026877,0,90,3.0,8,1.0364694211715425e-09
10.595,0.2257481735193119,77.50000002519663,0,90,3.0,8,5.195180826198451e-10
10.6,0.24718154073554727,77.50000001247628,0,90,3.0,8,2.572428410033907e-10
10.605,0.24718154074102772,77.50000000610277,0,90,3.0,8,1.2583023283124142e-10
10.61,0.22574817354072055,77.50000000294894,0,90,3.0,8,6.080282669104563e-11
10.615,0.18829581422840957,77.50000000140768,0,90,3.0,8,2.90244254747168e-11
10.62,0.14343835532456656,77.5000000006638,0,90,3.0,8,1.3686664630964965e-11
10.625,0.09979255431561854,77.50000000030923,0,90,3.0,8,6.375839146449394e-12
10.63,0.06340729067170194,77.50000000014231,0,90,3.0,8,2.9341752395470693e-12
10.635,0.03679497683410042,77.50000000006469,0,90,3.0,8,1.3337692920329797e-12
10.64,0.019500578284482293,77.50000000002905,0,90,3.0,8,5.989069492344927e-13
10.645,0.009439396781978427,77.50000000001289,0,90,3.0,8,2.6575763353996326e-13
10.65,0.004178588733610924,77.50000000000564,0,90,3.0,8,1.1632390354505557e-13
10.655,0.0017299316936037381,77.50000000000244,0,90,3.0,8,5.03972579590669e-14
10.66,0.0008997325756988589,77.50000000000105,0,90,3.0,8,2.1682541214947386e-14
10.665,0.001634769674224814,77.50000000000044,0,90,3.0,8,9.083226725180661e-15
10.67,0.00614904736476635,77.50000000000018,0,90,3.0,8,3.809095078301568e-15
10.675,0.02168080359963608,77.50000000000007,0,90,3.0,8,1.465036568577526e-15
10.68,0.06433400338904088,77.50000000000003,0,90,3.0,8,5.860146274310105e-16
10.685,0.1593410769217493,77.50000000000001,0,90,3.0,8,2.9300731371550523e-16
10.69,0.3291989194808569,77.5,0,90,3.0,8,0.0
10.695,0.5672906802982638,77.5,0,90,3.0,8,0.0
10.7,0.815339152120446,77.5,0,90,3.0,8,0.0
10.705,0.9768711246313155,77.50000284322633,1,90,3.0,8,5.862322322426144e-08
10.71,0.9726380909165361,77.50000534910116,0,90,3.0,8,1.102907455352232e-07
10.715,0.7921091683291741,77.50001063505204,0,90,3.0,8,2.1927942341171353e-07
10.72,0.49139090102639077,77.50002307583767,0,90,3.0,8,4.757904675148218e-07
10.725,0.15739335672107918,77.5000554713907,0,90,3.0,8,1.143740014331155e-06
10.73,-0.11102342218909485,77.50014526993121,0,90,3.0,8,2.9952563136014092e-06
10.735,-0.2314207883647528,77.5003988898635,0,90,3.0,8,8.224533268130659e-06
10.74,-0.2029124434754801,77.5011054659756,0,90,3.0,8,2.279311289893738e-05
10.745,-0.11151350554305876,77.50300976888175,0,90,3.0,8,6.205709034543127e-05
10.75,-0.039430666652076896,77.50792185780857,0,90,3.0,8,0.00016333727440347813
10.755,-0.006087703519843621,77.51997904089026,0,90,3.0,8,0.0004119389874281015
10.76,0.005350271385530551,77.54805187102536,0,90,3.0,8,0.000990760227327109
10.765,0.010381647827441833,77.60993273918042,0,90,3.0,8,0.0022666544160911822
10.77,0.015115203303506243,77.73890414692885,0,90,3.0,8,0.0049258586995638304
10.775,0.021170964062928475,77.99279598451152,0,90,3.0,8,0.01016074194869107
10.78,0.029082821134029553,78.46442565053172,0,90,3.0,8,0.01988506495941697
10.785,0.03923107061708144,79.29027244272471,0,90,3.0,8,0.03691283387061265
10.79,0.051969043308817596,80.65176405432197,0,90,3.0,8,0.06498482586230872
10.795,0.06760532616283861,82.76179436299392,0,90,3.0,8,0.10849060542255515
10.8,0.08636519236693461,85.82984126010565,0,90,3.0,8,0.1717493043320753
10.805,0.10834733138818661,90.00401066771741,0,90,3.0,8,0.257814652942627
10.81,0.1334809643017884,95.29777724070067,0,90,3.0,8,0.3669644791897045
10.815,0.16148868344343945,101.52070486511198,0,90,3.0,8,0.4952722652600408
10.82,0.191860907532018,108.24076061437154,0,90,3.0,8,0.633830115760238
10.825,0.22384764873847726,114.80477932285345,0,90,3.0,8,0.7691707076877
10.83,0.25647215537198226,120.42962228136281,0,90,3.0,8,0.8851468511621198
10.835,0.2885689161419028,124.35209848293255,0,90,3.0,8,0.9660226491326298
10.84,0.31884566517832524,126.0,0,90,3.0,8,1.0
10.845,0.3459657668955683,125.13199699060715,0,90,3.0,9,0.982103030734168
10.85,0.3686441789190902,121.89956504594475,0,90,3.0,9,0.9154549494009228
10.855,0.3857476379544367,116.80934959217932,0,90,3.0,9,0.8105020534469962
10.86,0.3963882865005728,110.59911497723489,0,90,3.0,9,0.6824559789120596
10.865,0.4,104.06935062625563,0,90,3.0,9,0.5478216623970232
10.87,0.39638828650057273,97.92347769263611,0,90,3.0,9,0.421102632837858
10.875,0.38574763795443656,92.65949215512845,0,90,3.0,9,0.3125668485593494
10.88,0.36864417891908974,88.53181629485155,0,90,3.0,9,0.22746012979075364
10.885,0.345965766895568,85.57626122980984,0,90,3.0,9,0.16652085009917206
10.89,0.3188456651783249,83.67383914290984,0,90,3.0,9,0.12729565243113075
10.895,0.28856891614190205,82.62499201165721,0,90,3.0,9,0.1056699383846848
10.9,0.2564721553719815,82.2123239726345,0,90,3.0,9,0.09716131902339162
10.905,0.22384764873847685,82.24122011682826,0,90,3.0,9,0.09775711581089194
10.91,0.19186090753201765,82.5580522820505,0,90,3.0,9,0.10428973777423704
10.915,0.16148868344343878,83.05182219454407,0,90,3.0,9,0.11447056071224893
10.92,0.1334809643017881,83.64676889072895,0,90,3.0,9,0.12673750290162783
10.925,0.10834733138818531,84.29215130262087,0,90,3.0,9,0.1400443567550694
10.93,0.08636519236690572,84.95297587109219,0,90,3.0,9,0.15366960558952975
10.935,0.06760532616242629,85.6032141410097,0,90,3.0,9,0.16707658022700414
10.94,0.05196904332202373,86.22161625213593,0,90,3.0,9,0.17982713921929755
10.945,0.03923107185803287,86.78956826301784,0,90,3.0,9,0.19153748995913075
10.95,0.02908287038705761,87.29030500025087,0,90,3.0,9,0.20186195876805912
10.955,0.02117220077308346,87.70890109634271,0,90,3.0,9,0.21049280611015905
10.96,0.0151361834125735,88.03263653005703,0,90,3.0,9,0.21716776350633057
10.965,0.010626454858290009,88.25148247455117,0,90,3.0,9,0.22168005102167357
10.97,0.007326255555493652,88.35855638009744,0,90,3.0,9,0.22388776041438022
10.975,0.004960179211183015,88.35045923154104,0,90,3.0,9,0.22372080889775336
10.98,0.0032978759379303545,88.22744713680183,0,90,3.0,9,0.2211844770474604
10.985,0.002153242296767213,87.99341542663203,0,90,3.0,9,0.21635908096148507
10.99,0.001380616732225004,87.65569305578572,0,90,3.0,9,0.20939573310898388
10.995,0.0008693106590991584,87.22466123620943,0,90,3.0,9,0.20050847909710162
11.0,0.000537524815942247,86.71322360224083,0,90,3.0,9,0.189963373242079
11.005,0.0003263951340288585,86.13616550482689,0,90,3.0,9,0.17806526814076065
11.01,0.00019463030985187395,85.50944672085147,0,90,3.0,9,0.1651432313577623
11.015,0.00011397219555062695,84.84947457720351,0,90,3.0,9,0.15153555829285587
11.02,6.55403863487943e-05,84.17240320268115,0,90,3.0,9,0.1375753237666217
11.025,3.701184389455385e-05,83.49349969202193,0,90,3.0,9,0.12357731323756552
11.03,2.0525516217290957e-05,82.8266100918151,0,90,3.0,9,0.10982701220237316
11.035,1.1178128483661116e-05,82.18374823881719,0,90,3.0,9,0.09657212863540593
11.04,5.978135409912517e-06,81.57481966179543,0,90,3.0,9,0.08401690024320475
11.045,3.1396702713238487e-06,81.00748205938964,0,90,3.0,9,0.07231921771937412
11.05,1.6192875458531019e-06,80.48713423047259,0,90,3.0,9,0.061590396504589515
11.055,8.201353897972012e-07,80.01701749313209,0,90,3.0,9,0.051897267899630665
11.06,4.0791415086824765e-07,79.59840805263835,0,90,3.0,9,0.04326614541522367
11.065,1.9923866938774793e-07,79.23087565482302,0,90,3.0,9,0.03568815783140255
11.07,9.556527981051257e-08,78.91258311223406,0,90,3.0,9,0.029125424994516702
11.075,4.501406988770349e-08,78.64060262096777,0,90,3.0,9,0.023517579813768435
11.08,0.0,78.41122774696173,0,90,3.0,9,0.018788200968283056
11.085,0.0,78.22026402057521,0,90,3.0,9,0.01485080454794257
11.09,0.0,78.06328569392375,0,90,3.0,9,0.0116141380190463
11.095,0.0,77.93585088962875,0,90,3.0,9,0.00898661628100522
11.1,0.0,77.83367169477451,0,90,3.0,9,0.006879828758237296
11.105,0.0,77.75273943637394,0,90,3.0,9,0.005211122399462747
11.11,0.0,77.68940824197168,0,90,3.0,9,0.0039053245767356024
11.115,0.0,77.64044198158881,0,90,3.0,9,0.0028957109605939712
11.12,0.0,77.60303083963844,0,90,3.0,9,0.00212434720903991
11.125,0.0,77.57478418147271,0,90,3.0,9,0.0015419418860352196
11.13,0.0,77.55370620498225,0,90,3.0,9,0.001107344432623672
11.135,0.0,77.53816026664151,0,90,3.0,9,0.0007868096214744733
11.14,0.0,77.5268269037557,0,90,3.0,9,0.0005531320362000976
11.145,0.0,77.51865958225872,0,90,3.0,9,0.00038473365481898506
11.15,0.0,77.51284119666562,0,90,3.0,9,0.00026476694155915014
11.155,0.0,77.50874341903805,0,90,3.0,9,0.00018027668119700757
11.16,0.0,77.505890189993,0,90,3.0,9,0.00012144721635044119
11.165,0.0,77.50392599307456,0,90,3.0,9,8.09483108156721e-05
11.17,0.0,77.50258905913398,0,90,3.0,9,5.338266255632296e-05
11.175,0.0,77.5016892993909,0,90,3.0,9,3.483091527636903e-05
11.18,0.0,77.50109054476202,0,90,3.0,9,2.2485459010757733e-05
11.185,0.0,77.50069655045753,0,90,3.0,9,1.436186510378067e-05
11.19,0.0,77.50044018362493,0,90,3.0,9,9.075951029515017e-06
11.195,0.0,77.50027522469445,0,90,3.0,9,5.674735968003793e-06
11.2,0.0,77.50017026019599,0,90,3.0,9,3.510519504872493e-06
11.205,0.0,77.50010421040284,0,90,3.0,9,2.1486680997647275e-06
11.21,0.0,77.50006310753771,0,90,3.0,9,1.3011863445954827e-06
11.215,0.0,77.5000378114743,0,90,3.0,9,7.796180268049977e-07
11.22,0.0,77.50002241497207,0,90,3.0,9,4.6216437247672616e-07
11.225,0.0,77.5000131469499,0,90,3.0,9,2.710711318914693e-07
11.23,0.0,77.50000762928833,0,90,3.0,9,1.57304914093458e-07
11.235,0.0,77.50000438041506,0,90,3.0,9,9.031783636216751e-08
11.24,0.001684486749771458,77.50000248839153,0,90,3.0,9,5.1307041859058467e-08
11.245,0.004172395771277602,77.50000139860276,0,90,3.0,9,2.8837170360667496e-08
11.25,0.009438687428818865,77.50000077775401,0,90,3.0,9,1.6036165165526644e-08
11.255,0.019500507867137046,77.50000042791977,0,90,3.0,9,8.823088092895821e-09
11.26,0.03679496976339974,77.50000023294568,0,90,3.0,9,4.803003722119365e-09
11.265,0.06340728953298436,77.50000012546401,0,90,3.0,9,2.586886855929198e-09
11.27,0.09979255396093453,77.50000006685839,0,90,3.0,9,1.3785235221371999e-09
11.275,0.14343835518453557,77.50000003525047,0,90,3.0,9,7.268137248980359e-10
11.28,0.18829581417209276,77.50000001838849,0,90,3.0,9,3.791441387650209e-10
11.285,0.2257481735193119,77.50000000949072,0,90,3.0,9,1.9568493446490017e-10
11.29,0.24718154073554727,77.50000000484647,0,90,3.0,9,9.99272142695359e-11
11.295,0.24718154074102772,77.50000000244863,0,90,3.0,9,5.048721120437756e-11
11.3,0.22574817354072055,77.50000000122404,0,90,3.0,9,2.5237891959571327e-11
11.305,0.18829581422840957,77.50000000060538,0,90,3.0,9,1.2482111564280523e-11
11.31,0.14343835532456656,77.50000000029624,0,90,3.0,9,6.108030461713422e-12
11.315,0.09979255431561854,77.50000000014343,0,90,3.0,9,2.9573228173305944e-12
11.32,0.06340729067170194,77.50000000006871,0,90,3.0,9,1.4166903618144677e-12
11.325,0.03679497683410042,77.50000000003256,0,90,3.0,9,6.712797557222225e-13
11.33,0.019500578284482293,77.50000000001526,0,90,3.0,9,3.146898549304526e-13
11.335,0.009439396781978427,77.50000000000708,0,90,3.0,9,1.4591764223032162e-13
11.34,0.004178588733610924,77.50000000000325,0,90,3.0,9,6.70986748408507e-14
11.345,0.0017299316936037381,77.50000000000148,0,90,3.0,9,3.047276062641254e-14
11.35,0.0008997325756988589,77.50000000000067,0,90,3.0,9,1.3771343744628746e-14
11.355,0.001634769674224814,77.5000000000003,0,90,3.0,9,6.15315358802561e-15
11.36,0.00614904736476635,77.50000000000013,0,90,3.0,9,2.637065823439547e-15
11.365,0.02168080359963608,77.50000000000006,0,90,3.0,9,1.172029254862021e-15
11.37,0.06433400338904088,77.50000000000003,0,90,3.0,9,5.860146274310105e-16
11.375,0.1593410769217493,77.50000000000001,0,90,3.0,9,2.9300731371550523e-16
11.38,0.3291989194808569,77.5,0,90,3.0,9,0.0
11.385,0.5672906802982638,77.5,0,90,3.0,9,0.0
11.39,0.815339152120446,77.5,0,90,3.0,9,0.0
11.395,0.9768711246313155,77.5,1,90,3.0,9,0.0
11.4,0.9726380909165361,77.5,0,90,3.0,9,0.0
11.405,0.7921091683291741,77.5,0,90,3.0,9,0.0
11.41,0.49139090102639077,77.5,0,90,3.0,9,0.0
11.415,0.15739335672107918,77.5,0,90,3.0,9,0.0
11.42,-0.11102342218909485,77.5,0,90,3.0,9,0.0
11.425,-0.2314207883647528,77.5,0,90,3.0,9,0.0
11.43,-0.2029124434754801,77.5,0,90,3.0,9,0.0
11.435,-0.11151350554305876,77.5,0,90,3.0,9,0.0
11.44,-0.039430666652076896,77.5,0,90,3.0,9,0.0
11.445,-0.006087703519843621,77.5,0,90,3.0,9,0.0
11.45,0.005350271385530551,77.5,0,90,3.0,9,0.0
11.455,0.010381647827441833,77.5,0,90,3.0,9,0.0
11.46,0.015115203303506243,77.5,0,90,3.0,9,0.0
11.465,0.021170964062928475,77.5,0,90,3.0,9,0.0
11.47,0.029082821134029553,77.5,0,90,3.0,9,0.0
11.475,0.03923107061708144,77.5,0,90,3.0,9,0.0
11.48,0.051969043308817596,77.5,0,90,3.0,9,0.0
11.485,0.06760532616283861,77.5,0,90,3.0,9,0.0
11.49,0.08636519236693461,77.5,0,90,3.0,9,0.0
11.495,0.10834733138818661,77.5,0,90,3.0,9,0.0
11.5,0.1334809643017884,77.5,0,90,3.0,9,0.0
11.505,0.16148868344343945,77.5,0,90,3.0,9,0.0
11.51,0.191860907532018,77.5,0,90,3.0,9,0.0
11.515,0.22384764873847726,77.5,0,90,3.0,9,0.0
11.52,0.25647215537198226,77.5,0,90,3.0,9,0.0
11.525,0.2885689161419028,77.5,0,90,3.0,9,0.0
11.53,0.31884566517832524,77.5,0,90,3.0,9,0.0
11.535,0.3459657668955683,77.5,0,90,3.0,9,0.0
11.54,0.3686441789190902,77.5,0,90,3.0,9,0.0
11.545,0.3857476379544367,77.5,0,90,3.0,9,0.0
11.55,0.3963882865005728,77.5,0,90,3.0,9,0.0
11.555,0.4,77.5,0,90,3.0,9,0.0
11.56,0.39638828650057273,77.5,0,90,3.0,9,0.0
11.565,0.38574763795443656,77.5,0,90,3.0,9,0.0
11.57,0.36864417891908974,77.5,0,90,3.0,9,0.0
11.575,0.345965766895568,77.5,0,90,3.0,9,0.0
11.58,0.3188456651783249,77.5,0,90,3.0,9,0.0
11.585,0.28856891614190205,77.5,0,90,3.0,9,0.0
11.59,0.2564721553719815,77.5,0,90,3.0,9,0.0
11.595,0.22384764873847685,77.5,0,90,3.0,9,0.0
11.6,0.19186090753201765,77.5,0,90,3.0,9,0.0
11.605,0.16148868344343878,77.5,0,90,3.0,9,0.0
11.61,0.1334809643017881,77.5,0,90,3.0,9,0.0
11.615,0.10834733138818531,77.5,0,90,3.0,9,0.0
11.62,0.08636519236690572,77.5,0,90,3.0,9,0.0
11.625,0.06760532616242629,77.5,0,90,3.0,9,0.0
11.63,0.05196904332202373,77.5,0,90,3.0,9,0.0
11.635,0.03923107185803287,77.5,0,90,3.0,9,0.0
11.64,0.02908287038705761,77.5,0,90,3.0,9,0.0
11.645,0.02117220077308346,77.5,0,90,3.0,9,0.0
11.65,0.0151361834125735,77.5,0,90,3.0,9,0.0
11.655,0.010626454858290009,77.5,0,90,3.0,9,0.0
11.66,0.007326255555493652,77.5,0,90,3.0,9,0.0
11.665,0.004960179211183015,77.5,0,90,3.0,9,0.0
11.67,0.0032978759379303545,77.5,0,90,3.0,9,0.0
11.675,0.002153242296767213,77.5,0,90,3.0,9,0.0
11.68,0.001380616732225004,77.5,0,90,3.0,9,0.0
11.685,0.0008693106590991584,77.5,0,90,3.0,9,0.0
11.69,0.000537524815942247,77.5,0,90,3.0,9,0.0
11.695,0.0003263951340288585,77.5,0,90,3.0,9,0.0
11.7,0.00019463030985187395,77.5,0,90,3.0,9,0.0
11.705,0.00011397219555062695,77.5,0,90,3.0,9,0.0
11.71,6.55403863487943e-05,77.5,0,90,3.0,9,0.0
11.715,3.701184389455385e-05,77.5,0,90,3.0,9,0.0
11.72,2.0525516217290957e-05,77.5,0,90,3.0,9,0.0
11.725,1.1178128483661116e-05,77.5,0,90,3.0,9,0.0
11.73,5.978135409912517e-06,77.5,0,90,3.0,9,0.0
11.735,3.1396702713238487e-06,77.5,0,90,3.0,9,0.0
11.74,1.6192875458531019e-06,77.5,0,90,3.0,9,0.0
11.745,8.201353897972012e-07,77.5,0,90,3.0,9,0.0
11.75,4.0791415086824765e-07,77.5,0,90,3.0,9,0.0
11.755,1.9923866938774793e-07,77.5,0,90,3.0,9,0.0
11.76,9.556527981051257e-08,77.5,0,90,3.0,9,0.0
11.765,4.501406988770349e-08,77.5,0,90,3.0,9,0.0
11.77,0.0,77.5,0,90,3.0,9,0.0
11.775,0.0,77.5,0,90,3.0,9,0.0
11.78,0.0,77.5,0,90,3.0,9,0.0
11.785,0.0,77.5,0,90,3.0,9,0.0
11.79,0.0,77.5,0,90,3.0,9,0.0
11.795,0.0,77.5,0,90,3.0,9,0.0
11.8,0.0,77.5,0,90,3.0,9,0.0
11.805,0.0,77.5,0,90,3.0,9,0.0
11.81,0.0,77.5,0,90,3.0,9,0.0
11.815,0.0,77.5,0,90,3.0,9,0.0
11.82,0.0,77.5,0,90,3.0,9,0.0
11.825,0.0,77.5,0,90,3.0,9,0.0
11.83,0.0,77.5,0,90,3.0,9,0.0
11.835,0.0,77.5,0,90,3.0,9,0.0
11.84,0.0,77.5,0,90,3.0,9,0.0
11.845,0.0,77.5,0,90,3.0,9,0.0
11.85,0.0,77.5,0,90,3.0,9,0.0
11.855,0.0,77.5,0,90,3.0,9,0.0
11.86,0.0,77.5,0,90,3.0,9,0.0
11.865,0.0,77.5,0,90,3.0,9,0.0
11.87,0.0,77.5,0,90,3.0,9,0.0
11.875,0.0,77.5,0,90,3.0,9,0.0
11.88,0.0,77.5,0,90,3.0,9,0.0
11.885,0.0,77.5,0,90,3.0,9,0.0
11.89,0.0,77.5,0,90,3.0,9,0.0
11.895,0.0,77.5,0,90,3.0,9,0.0
11.9,0.0,77.5,0,90,3.0,9,0.0
11.905,0.0,77.5,0,90,3.0,9,0.0
11.91,0.0,77.5,0,90,3.0,9,0.0
11.915,0.0,77.5,0,90,3.0,9,0.0
11.92,0.0,77.5,0,90,3.0,9,0.0
11.925,0.0,77.5,0,90,3.0,9,0.0
11.93,0.0,77.5,0,90,3.0,9,0.0
11.935,0.0,77.5,0,90,3.0,9,0.0
11.94,0.0,77.5,0,90,3.0,9,0.0
11.945,0.0,77.5,0,90,3.0,9,0.0
11.95,0.0,77.5,0,90,3.0,9,0.0
11.955,0.0,77.5,0,90,3.0,9,0.0
11.96,0.0,77.5,0,90,3.0,9,0.0
11.965,0.0,77.5,0,90,3.0,9,0.0
11.97,0.0,77.5,0,90,3.0,9,0.0
11.975,0.0,77.5,0,90,3.0,9,0.0
11.98,0.0,77.5,0,90,3.0,9,0.0
11.985,0.0,77.5,0,90,3.0,9,0.0
11.99,0.0,77.5,0,90,3.0,9,0.0
11.995,0.0,77.5,0,90,3.0,9,0.0
