Time,ECG,Pressure,R_Peaks,mean_hr,hrv_scale,Phase_Bin,Normalized_Pressure
0.0,0.001684486749771458,77.5,0,90,3.0,0,0.0
0.005,0.004172395771277602,77.5,0,90,3.0,0,0.0
0.01,0.009438687428818865,77.5,0,90,3.0,0,0.0
0.015,0.019500507867137046,77.5,0,90,3.0,0,0.0
0.02,0.03679496976339974,77.5,0,90,3.0,0,0.0
0.025,0.06340728953298436,77.5,0,90,3.0,0,0.0
0.03,0.09979255396093453,77.5,0,90,3.0,0,0.0
0.035,0.14343835518453557,77.5,0,90,3.0,0,0.0
0.04,0.18829581417209276,77.5,0,90,3.0,0,0.0
0.045,0.2257481735193119,77.5,0,90,3.0,0,0.0
0.05,0.24718154073554727,77.5,0,90,3.0,0,0.0
0.055,0.24718154074102772,77.5,0,90,3.0,0,0.0
0.06,0.22574817354072055,77.5,0,90,3.0,0,0.0
0.065,0.18829581422840957,77.5,0,90,3.0,0,0.0
0.07,0.14343835532456656,77.5,0,90,3.0,0,0.0
0.075,0.09979255431561854,77.5,0,90,3.0,0,0.0
0.08,0.06340729067170194,77.5,0,90,3.0,0,0.0
0.085,0.03679497683410042,77.5,0,90,3.0,0,0.0
0.09,0.019500578284482293,77.5,0,90,3.0,0,0.0
0.095,0.009439396781978427,77.5,0,90,3.0,0,0.0
0.1,0.004178588733610924,77.5,0,90,3.0,0,0.0
0.105,0.0017299316936037381,77.5,0,90,3.0,0,0.0
0.11,0.0008997325756988589,77.5,0,90,3.0,0,0.0
0.115,0.001634769674224814,77.5,0,90,3.0,0,0.0
0.12,0.00614904736476635,77.5,0,90,3.0,0,0.0
0.125,0.02168080359963608,77.5,0,90,3.0,0,0.0
0.13,0.06433400338904088,77.5,0,90,3.0,0,0.0
0.135,0.1593410769217493,77.5,0,90,3.0,0,0.0
0.14,0.3291989194808569,77.5,0,90,3.0,0,0.0
0.145,0.5672906802982638,77.5,0,90,3.0,0,0.0
0.15,0.815339152120446,77.5,0,90,3.0,0,0.0
0.155,0.9768711246313155,77.5,0,90,3.0,0,0.0
0.16,0.9726380909165361,77.5,0,90,3.0,0,0.0
0.165,0.7921091683291741,77.5,0,90,3.0,0,0.0
0.17,0.49139090102639077,77.5,0,90,3.0,0,0.0
0.175,0.15739335672107918,77.5,0,90,3.0,0,0.0
0.18,-0.11102342218909485,77.5,0,90,3.0,0,0.0
0.185,-0.2314207883647528,77.5,0,90,3.0,0,0.0
0.19,-0.2029124434754801,77.5,0,90,3.0,0,0.0
0.195,-0.11151350554305876,77.5,0,90,3.0,0,0.0
0.2,-0.039430666652076896,77.5,0,90,3.0,0,0.0
0.205,-0.006087703519843621,77.5,0,90,3.0,0,0.0
0.21,0.005350271385530551,77.5,0,90,3.0,0,0.0
0.215,0.010381647827441833,77.5,0,90,3.0,0,0.0
0.22,0.015115203303506243,77.5,0,90,3.0,0,0.0
0.225,0.021170964062928475,77.5,0,90,3.0,0,0.0
0.23,0.029082821134029553,77.5,0,90,3.0,0,0.0
0.235,0.03923107061708144,77.5,0,90,3.0,0,0.0
0.24,0.051969043308817596,77.5,0,90,3.0,0,0.0
0.245,0.06760532616283861,77.5,0,90,3.0,0,0.0
0.25,0.08636519236693461,77.5,0,90,3.0,0,0.0
0.255,0.10834733138818661,77.5,0,90,3.0,0,0.0
0.26,0.1334809643017884,77.5,0,90,3.0,0,0.0
0.265,0.16148868344343945,77.5,0,90,3.0,0,0.0
0.27,0.191860907532018,77.5,0,90,3.0,0,0.0
0.275,0.22384764873847726,77.5,0,90,3.0,0,0.0
0.28,0.25647215537198226,77.5,0,90,3.0,0,0.0
0.285,0.2885689161419028,77.5,0,90,3.0,0,0.0
0.29,0.31884566517832524,77.5,0,90,3.0,0,0.0
0.295,0.3459657668955683,77.5,0,90,3.0,0,0.0
0.3,0.3686441789190902,77.5,0,90,3.0,0,0.0
0.305,0.3857476379544367,77.5,0,90,3.0,0,0.0
0.31,0.3963882865005728,77.5,0,90,3.0,0,0.0
0.315,0.4,77.5,0,90,3.0,0,0.0
0.32,0.39638828650057273,77.5,0,90,3.0,0,0.0
0.325,0.38574763795443656,77.5,0,90,3.0,0,0.0
0.33,0.36864417891908974,77.5,0,90,3.0,0,0.0
0.335,0.345965766895568,77.5,0,90,3.0,0,0.0
0.34,0.3188456651783249,77.5,0,90,3.0,0,0.0
0.345,0.28856891614190205,77.5,0,90,3.0,0,0.0
0.35,0.2564721553719815,77.5,0,90,3.0,0,0.0
0.355,0.22384764873847685,77.5,0,90,3.0,0,0.0
0.36,0.19186090753201765,77.5,0,90,3.0,0,0.0
0.365,0.16148868344343878,77.5,0,90,3.0,0,0.0
0.37,0.1334809643017881,77.5,0,90,3.0,0,0.0
0.375,0.10834733138818531,77.5,0,90,3.0,0,0.0
0.38,0.08636519236690572,77.5,0,90,3.0,0,0.0
0.385,0.06760532616242629,77.5,0,90,3.0,0,0.0
0.39,0.05196904332202373,77.5,0,90,3.0,0,0.0
0.395,0.03923107185803287,77.5,0,90,3.0,0,0.0
0.4,0.02908287038705761,77.5,0,90,3.0,0,0.0
0.405,0.02117220077308346,77.5,0,90,3.0,0,0.0
0.41,0.0151361834125735,77.5,0,90,3.0,0,0.0
0.415,0.010626454858290009,77.5,0,90,3.0,0,0.0
0.42,0.007326255555493652,77.5,0,90,3.0,0,0.0
0.425,0.004960179211183015,77.5,0,90,3.0,0,0.0
0.43,0.0032978759379303545,77.5,0,90,3.0,0,0.0
0.435,0.002153242296767213,77.5,0,90,3.0,0,0.0
0.44,0.001380616732225004,77.5,0,90,3.0,0,0.0
0.445,0.0008693106590991584,77.5,0,90,3.0,0,0.0
0.45,0.000537524815942247,77.5,0,90,3.0,0,0.0
0.455,0.0003263951340288585,77.5,0,90,3.0,0,0.0
0.46,0.00019463030985187395,77.5,0,90,3.0,0,0.0
0.465,0.00011397219555062695,77.5,0,90,3.0,0,0.0
0.47,6.55403863487943e-05,77.5,0,90,3.0,0,0.0
0.475,3.701184389455385e-05,77.5,0,90,3.0,0,0.0
0.48,2.0525516217290957e-05,77.5,0,90,3.0,0,0.0
0.485,1.1178128483661116e-05,77.5,0,90,3.0,0,0.0
0.49,5.978135409912517e-06,77.5,0,90,3.0,0,0.0
0.495,3.1396702713238487e-06,77.5,0,90,3.0,0,0.0
0.5,1.6192875458531019e-06,77.5,0,90,3.0,0,0.0
0.505,8.201353897972012e-07,77.5,0,90,3.0,0,0.0
0.51,4.0791415086824765e-07,77.5,0,90,3.0,0,0.0
0.515,1.9923866938774793e-07,77.5,0,90,3.0,0,0.0
0.52,9.556527981051257e-08,77.5,0,90,3.0,0,0.0
0.525,4.501406988770349e-08,77.5,0,90,3.0,0,0.0
0.53,0.0,77.5,0,90,3.0,0,0.0
0.535,0.0,77.5,0,90,3.0,0,0.0
0.54,0.0,77.5,0,90,3.0,0,0.0
0.545,0.0,77.5,0,90,3.0,0,0.0
0.55,0.0,77.5,0,90,3.0,0,0.0
0.555,0.0,77.5,0,90,3.0,0,0.0
0.56,0.0,77.5,0,90,3.0,0,0.0
0.565,0.0,77.5,0,90,3.0,0,0.0
0.57,0.0,77.5,0,90,3.0,0,0.0
0.575,0.0,77.5,0,90,3.0,0,0.0
0.58,0.0,77.5,0,90,3.0,0,0.0
0.585,0.0,77.5,0,90,3.0,0,0.0
0.59,0.0,77.5,0,90,3.0,0,0.0
0.595,0.0,77.5,0,90,3.0,0,0.0
0.6,0.0,77.5,0,90,3.0,0,0.0
0.605,0.0,77.5,0,90,3.0,0,0.0
0.61,0.0,77.5,0,90,3.0,0,0.0
0.615,0.0,77.5,0,90,3.0,0,0.0
0.62,0.0,77.5,0,90,3.0,0,0.0
0.625,0.0,77.5,0,90,3.0,0,0.0
0.63,0.0,77.5,0,90,3.0,0,0.0
0.635,0.0,77.5,0,90,3.0,0,0.0
0.64,0.0,77.5,0,90,3.0,0,0.0
0.645,0.001684486749771458,77.5,0,90,3.0,0,0.0
0.65,0.004172395771277602,77.5,0,90,3.0,0,0.0
0.655,0.009438687428818865,77.5,0,90,3.0,0,0.0
0.66,0.019500507867137046,77.5,0,90,3.0,0,0.0
0.665,0.03679496976339974,77.5,0,90,3.0,0,0.0
0.67,0.06340728953298436,77.5,0,90,3.0,0,0.0
0.675,0.09979255396093453,77.5,0,90,3.0,0,0.0
0.68,0.14343835518453557,77.5,0,90,3.0,0,0.0
0.685,0.18829581417209276,77.5,0,90,3.0,0,0.0
0.69,0.2257481735193119,77.5,0,90,3.0,0,0.0
0.695,0.24718154073554727,77.5,0,90,3.0,0,0.0
0.7,0.24718154074102772,77.5,0,90,3.0,0,0.0
0.705,0.22574817354072055,77.5,0,90,3.0,0,0.0
0.71,0.18829581422840957,77.5,0,90,3.0,0,0.0
0.715,0.14343835532456656,77.5,0,90,3.0,0,0.0
0.72,0.09979255431561854,77.5,0,90,3.0,0,0.0
0.725,0.06340729067170194,77.5,0,90,3.0,0,0.0
0.73,0.03679497683410042,77.5,0,90,3.0,0,0.0
0.735,0.019500578284482293,77.5,0,90,3.0,0,0.0
0.74,0.009439396781978427,77.5,0,90,3.0,0,0.0
0.745,0.004178588733610924,77.5,0,90,3.0,0,0.0
0.75,0.0017299316936037381,77.5,0,90,3.0,0,0.0
0.755,0.0008997325756988589,77.5,0,90,3.0,0,0.0
0.76,0.001634769674224814,77.5,0,90,3.0,0,0.0
0.765,0.00614904736476635,77.5,0,90,3.0,0,0.0
0.77,0.02168080359963608,77.5,0,90,3.0,0,0.0
0.775,0.06433400338904088,77.5,0,90,3.0,0,0.0
0.78,0.1593410769217493,77.5,0,90,3.0,0,0.0
0.785,0.3291989194808569,77.5,0,90,3.0,0,0.0
0.79,0.5672906802982638,77.5,0,90,3.0,0,0.0
0.795,0.815339152120446,77.5,0,90,3.0,0,0.0
0.8,0.9768711246313155,77.50000284143212,1,90,3.0,0,5.8586229292860976e-08
0.805,0.9726380909165361,77.50000583146736,0,90,3.0,0,1.202364404603547e-07
0.81,0.7921091683291741,77.50001291995002,0,90,3.0,0,2.6639072213640117e-07
0.815,0.49139090102639077,77.50003226688011,0,90,3.0,0,6.652964971509232e-07
0.82,0.15739335672107918,77.50009146729056,0,90,3.0,0,1.8859235166891051e-06
0.825,-0.11102342218909485,77.50028231969486,0,90,3.0,0,5.821024636312247e-06
0.83,-0.2314207883647528,77.50089563317056,0,90,3.0,0,1.8466663310466604e-05
0.835,-0.2029124434754801,77.50279477482674,0,90,3.0,0,5.7624223231740184e-05
0.84,-0.11151350554305876,77.50836230615555,0,90,3.0,0,0.00017241868361952817
0.845,-0.039430666652076896,77.52367979111813,0,90,3.0,0,0.00048824311583767037
0.85,-0.006087703519843621,77.5630506413428,0,90,3.0,0,0.001300013223562846
0.855,0.005350271385530551,77.65735119887681,0,90,3.0,0,0.0032443546160167086
0.86,0.010381647827441833,77.86746710715887,0,90,3.0,0,0.007576641384719037
0.865,0.015115203303506243,78.30236463021275,0,90,3.0,0,0.016543600622943303
0.87,0.021170964062928475,79.13733108826858,0,90,3.0,0,0.03375940388182642
0.875,0.029082821134029553,80.62181224102206,0,90,3.0,0,0.06436726270148568
0.88,0.03923107061708144,83.06062494683303,0,90,3.0,0,0.11465206075944392
0.885,0.051969043308817596,86.75239811914301,0,90,3.0,0,0.19077109524006206
0.89,0.06760532616283861,91.8807685365827,0,90,3.0,0,0.2965106914759321
0.895,0.08636519236693461,98.378581699193,0,90,3.0,0,0.43048622060191766
0.9,0.10834733138818661,105.81484382460435,0,90,3.0,0,0.5838112128784403
0.905,0.1334809643017884,113.37028529184028,0,90,3.0,0,0.7395935111719645
0.91,0.16148868344343945,119.95121217066642,0,90,3.0,0,0.8752827251683799
0.915,0.191860907532018,124.43853022744858,0,90,3.0,0,0.9678047469577027
0.92,0.22384764873847726,126.0,0,90,3.0,0,1.0
0.925,0.25647215537198226,124.34766027518786,0,90,3.0,0,0.9659311396945951
0.93,0.2885689161419028,119.83188579232352,0,90,3.0,0,0.872822387470588
0.935,0.31884566517832524,113.33063921599614,0,90,3.0,0,0.7387760663091988
0.94,0.3459657668955683,105.98251867436208,0,90,3.0,0,0.5872684262755069
0.945,0.3686441789190902,98.87536492166085,0,90,3.0,0,0.4407291736424917
0.95,0.3857476379544367,92.80643509047863,0,90,3.0,0,0.3155965998036831
0.955,0.3963882865005728,88.18058983620915,0,90,3.0,0,0.22021834713833302
0.96,0.4,85.04411319426126,0,90,3.0,0,0.1555487256548713
0.965,0.39638828650057273,83.20164974082076,0,90,3.0,0,0.11755978847053104
0.97,0.38574763795443656,82.35075838790847,0,90,3.0,0,0.10001563686409218
0.975,0.36864417891908974,82.18664603062561,0,90,3.0,0,0.09663187692011567
0.98,0.345965766895568,82.4593416048419,0,90,3.0,0,0.10225446607921435
0.985,0.3188456651783249,82.98936010076446,0,90,3.0,0,0.11318268248998882
0.99,0.28856891614190205,83.65844156520596,0,90,3.0,0,0.12697817660218477
0.995,0.2564721553719815,84.39128642988611,0,90,3.0,0,0.14208837999765173
1.0,0.22384764873847685,85.13833014088996,0,90,3.0,0,0.15749134311113325
1.005,0.19186090753201765,85.86358501918068,0,90,3.0,0,0.1724450519418696
1.01,0.16148868344343878,86.53774164025361,0,90,3.0,0,0.1863451884588374
1.015,0.1334809643017881,87.13514770436207,0,90,3.0,0,0.1986628392651973
1.02,0.10834733138818531,87.63311023993182,0,90,3.0,0,0.20893010803983142
1.025,0.08636519236690572,88.01234649405333,0,90,3.0,0,0.21674941224852232
1.03,0.06760532616242629,88.25784561540895,0,90,3.0,0,0.22181124980224648
1.035,0.05196904332202373,88.35972160168467,0,90,3.0,0,0.22391178560174574
1.04,0.03923107185803287,88.31383084039841,0,90,3.0,0,0.22296558433811153
1.045,0.02908287038705761,88.12203891912183,0,90,3.0,0,0.21901111173447083
1.05,0.02117220077308346,87.79209127073761,0,90,3.0,0,0.21220806743788898
1.055,0.0151361834125735,87.33709330329839,0,90,3.0,0,0.20282666604738944
1.06,0.010626454858290009,86.77464665719775,0,90,3.0,0,0.19122982798345875
1.065,0.007326255555493652,86.12572038682296,0,90,3.0,0,0.1778499048829477
1.07,0.004960179211183015,85.41335773775471,0,90,3.0,0,0.16316201521143728
1.075,0.0032978759379303545,84.6613292794557,0,90,3.0,0,0.1476562738032103
1.08,0.002153242296767213,83.89284106707322,0,90,3.0,0,0.13181115602212826
1.085,0.001380616732225004,83.12939330715007,0,90,3.0,0,0.11606996509587768
1.09,0.0008693106590991584,82.38986307038944,0,90,3.0,0,0.10082191897710183
1.095,0.000537524815942247,81.68985722228209,0,90,3.0,0,0.08638880870684713
1.1,0.0003263951340288585,81.04135260089133,0,90,3.0,0,0.07301757939982123
1.105,0.00019463030985187395,80.45261306492628,0,90,3.0,0,0.060878619895387266
1.11,0.00011397219555062695,79.92835023724436,0,90,3.0,0,0.050069077056584727
1.115,6.55403863487943e-05,79.47007850466264,0,90,3.0,0,0.040620175353868825
1.12,3.701184389455385e-05,79.07660594892458,0,90,3.0,0,0.03250733915308413
1.125,2.0525516217290957e-05,78.74460118423498,0,90,3.0,0,0.025661880087319185
1.13,1.1178128483661116e-05,78.46918052638576,0,90,3.0,0,0.01998310363681971
1.135,5.978135409912517e-06,78.2444689160559,0,90,3.0,0,0.015349874557853478
1.14,3.1396702713238487e-06,78.06409971428411,0,90,3.0,0,0.0116309219440023
1.145,1.6192875458531019e-06,77.92163107405308,0,90,3.0,0,0.008693424207280032
1.15,8.201353897972012e-07,77.8108685318973,0,90,3.0,0,0.006409660451490697
1.155,4.0791415086824765e-07,77.72609363393019,0,90,3.0,0,0.004661724410931766
1.16,1.9923866938774793e-07,77.66220615385751,0,90,3.0,0,0.0033444567805672376
1.165,9.556527981051257e-08,77.6147925595831,0,90,3.0,0,0.0023668568986204967
1.17,4.501406988770349e-08,77.58013598383405,0,90,3.0,0,0.001652288326475351
1.175,0.0,77.55518344728331,0,90,3.0,0,0.0011378030367693226
1.18,0.0,77.53748499883328,0,90,3.0,0,0.0007728865738820285
1.185,0.0,77.52511733723763,0,90,3.0,0,0.0005178832420130192
1.19,0.0,77.51660187395179,0,90,3.0,0,0.0003423066794182526
1.195,0.0,77.51082450507081,0,90,3.0,0,0.00022318567156319368
1.2,0.0,77.5069618779409,0,90,3.0,0,0.000143543875070011
1.205,0.0,77.5044168452331,0,90,3.0,1,9.106897387824837e-05
1.21,0.0,77.50276417401062,0,90,3.0,1,5.699327856952372e-05
1.215,0.0,77.50170642025451,0,90,3.0,1,3.518392277334391e-05
1.22,0.0,77.50103913993615,0,90,3.0,1,2.1425565693892532e-05
1.225,0.0,77.50062420823656,0,90,3.0,1,1.2870272918739032e-05
1.23,0.0,77.50036987278257,0,90,3.0,1,7.626242939602552e-06
1.235,0.0,77.50021619352097,0,90,3.0,1,4.4575983705135985e-06
1.24,0.0,77.5001246523284,0,90,3.0,1,2.5701511009343053e-06
1.245,0.0,77.50007089662091,0,90,3.0,1,1.4617859981804828e-06
1.25,0.0,77.5000397757244,0,90,3.0,1,8.201180289290147e-07
1.255,0.001684486749771458,77.50002201294153,0,90,3.0,1,4.5387508305690605e-07
1.26,0.004172395771277602,77.50001201726069,0,90,3.0,1,2.4777857086603747e-07
1.265,0.009438687428818865,77.50000647143071,0,90,3.0,1,1.3343156100295487e-07
1.27,0.019500507867137046,77.50000343765706,0,90,3.0,1,7.087952694418323e-08
1.275,0.03679496976339974,77.50000180132557,0,90,3.0,1,3.714073333876794e-08
1.28,0.06340728953298436,77.50000093108493,0,90,3.0,1,1.9197627350352085e-08
1.285,0.09979255396093453,77.50000047473779,0,90,3.0,1,9.788408013114397e-09
1.29,0.14343835518453557,77.50000023877328,0,90,3.0,1,4.923160454335133e-09
1.295,0.18829581417209276,77.50000011846365,0,90,3.0,1,2.4425494021417445e-09
1.3,0.2257481735193119,77.50000005797648,0,90,3.0,1,1.1953913139991856e-09
1.305,0.24718154073554727,77.50000002798892,0,90,3.0,1,5.770910896918047e-10
1.31,0.24718154074102772,77.50000001332869,0,90,3.0,1,2.7481829870198784e-10
1.315,0.22574817354072055,77.50000000626119,0,90,3.0,1,1.290966783645419e-10
1.32,0.18829581422840957,77.5000000029013,0,90,3.0,1,5.982066617547126e-11
1.325,0.14343835532456656,77.50000000132616,0,90,3.0,1,2.734344251593095e-11
1.33,0.09979255431561854,77.50000000059795,0,90,3.0,1,1.2328868739207313e-11
1.335,0.06340729067170194,77.50000000026596,0,90,3.0,1,5.483631876185681e-12
1.34,0.03679497683410042,77.50000000011669,0,90,3.0,1,2.4058830529180133e-12
1.345,0.019500578284482293,77.5000000000505,0,90,3.0,1,1.0413479929449055e-12
1.35,0.009439396781978427,77.50000000002156,0,90,3.0,1,4.444920949064214e-13
1.355,0.004178588733610924,77.50000000000908,0,90,3.0,1,1.8723167346420783e-13
1.36,0.0017299316936037381,77.50000000000377,0,90,3.0,1,7.764693813460889e-14
1.365,0.0008997325756988589,77.50000000000155,0,90,3.0,1,3.193779719499007e-14
1.37,0.001634769674224814,77.50000000000063,0,90,3.0,1,1.289232180348223e-14
1.375,0.00614904736476635,77.50000000000024,0,90,3.0,1,4.9811243331635886e-15
1.38,0.02168080359963608,77.5000000000001,0,90,3.0,1,2.0510511960085364e-15
1.385,0.06433400338904088,77.50000000000004,0,90,3.0,1,8.790219411465157e-16
1.39,0.1593410769217493,77.50000000000001,0,90,3.0,1,2.9300731371550523e-16
1.395,0.3291989194808569,77.5,0,90,3.0,1,0.0
1.4,0.5672906802982638,77.5,0,90,3.0,1,0.0
1.405,0.815339152120446,77.5,0,90,3.0,1,0.0
1.41,0.9768711246313155,77.50000285188469,1,90,3.0,1,5.88017461343474e-08
1.415,0.9726380909165361,77.500005472104,0,90,3.0,1,1.1282688645449e-07
1.42,0.7921091683291741,77.50001114553572,0,90,3.0,1,2.2980486026370402e-07
1.425,0.49139090102639077,77.50002494746741,0,90,3.0,1,5.143807713241201e-07
1.43,0.15739335672107918,77.50006223014493,0,90,3.0,1,1.283095771835169e-06
1.435,-0.11102342218909485,77.5001692753466,0,90,3.0,1,3.4902133318178834e-06
1.44,-0.2314207883647528,77.50048103204684,0,90,3.0,1,9.918186532683284e-06
1.445,-0.2029124434754801,77.50137207546508,0,90,3.0,1,2.8290215774943847e-05
1.45,-0.11151350554305876,77.50382388761822,0,90,3.0,1,7.884304367473877e-05
1.455,-0.039430666652076896,77.51025255192553,0,90,3.0,1,0.00021139282320685189
1.46,-0.006087703519843621,77.52622730260188,0,90,3.0,1,0.0005407691258119953
1.465,0.005350271385530551,77.56373480349473,0,90,3.0,1,0.0013141196596850547
1.47,0.010381647827441833,77.64679192528084,0,90,3.0,1,0.0030266376346564368
1.475,0.015115203303506243,77.82003264790949,0,90,3.0,1,0.006598611297102794
1.48,0.021170964062928475,78.16002289075324,0,90,3.0,1,0.013608719396974014
1.485,0.029082821134029553,78.78715565839514,0,90,3.0,1,0.026539291925672906
1.49,0.03923107061708144,79.87309703665223,0,90,3.0,1,0.04892983580726239
1.495,0.051969043308817596,81.6357728352696,0,90,3.0,1,0.08527366670658981
1.5,0.06760532616283861,84.31274116702575,0,90,3.0,1,0.14046889004176802
1.505,0.08636519236693461,88.10699478553131,0,90,3.0,1,0.21870092341301678
1.51,0.10834733138818661,93.10840244452054,0,90,3.0,1,0.3218227308148564
1.515,0.1334809643017884,99.20787973600085,0,90,3.0,1,0.44758514919589376
1.52,0.16148868344343945,106.03465479272373,0,90,3.0,1,0.5883433977881181
1.525,0.191860907532018,112.95149073900936,0,90,3.0,1,0.7309585719383372
1.53,0.22384764873847726,119.13158563547512,0,90,3.0,1,0.8583832089788684
1.535,0.25647215537198226,123.71388588995438,0,90,3.0,1,0.9528636265969976
1.54,0.2885689161419028,126.0,0,90,3.0,1,1.0
1.545,0.31884566517832524,125.63168033832994,0,90,3.0,1,0.9924057801717514
1.55,0.3459657668955683,122.68717513676035,0,90,3.0,1,0.9316943327167081
1.555,0.3686441789190902,117.66114684156429,0,90,3.0,1,0.8280648833312224
1.56,0.3857476379544367,111.33557350136091,0,90,3.0,1,0.6976406907497096
1.565,0.3963882865005728,104.5882963007817,0,90,3.0,1,0.5585215732119939
1.57,0.4,98.20380090084146,0,90,3.0,1,0.4268824928008548
1.575,0.39638828650057273,92.74127363349305,0,90,3.0,1,0.31425306460810415
1.58,0.38574763795443656,88.48579720411917,0,90,3.0,1,0.22651128255915806
1.585,0.36864417891908974,85.47562070635212,0,90,3.0,1,0.16444578775983748
1.59,0.345965766895568,83.57616312899322,0,90,3.0,1,0.1252817139998601
1.595,0.3188456651783249,82.5659171942369,0,90,3.0,1,0.10445190091210109
1.6,0.28856891614190205,82.2077740060747,0,90,3.0,1,0.09706750527989073
1.605,0.2564721553719815,82.29359471173308,0,90,3.0,1,0.09883700436563048
1.61,0.22384764873847685,82.66255827345258,0,90,3.0,1,0.10644450048355825
1.615,0.19186090753201765,83.20095515387028,0,90,3.0,1,0.11754546709010891
1.62,0.16148868344343878,83.83258540626372,0,90,3.0,1,0.13056877126316943
1.625,0.1334809643017881,84.50688720883298,0,90,3.0,1,0.1444719012130511
1.63,0.10834733138818531,85.18879930614817,0,90,3.0,1,0.1585319444566633
1.635,0.08636519236690572,85.85174343024126,0,90,3.0,1,0.1722008954688919
1.64,0.06760532616242629,86.47356190947447,0,90,3.0,1,0.1850218950407107
1.645,0.05196904332202373,87.0346351717773,0,90,3.0,1,0.19659041591293394
1.65,0.03923107185803287,87.51735949791845,0,90,3.0,1,0.20654349480244225
1.655,0.02908287038705761,87.90635065364523,0,90,3.0,1,0.2145639310029945
1.66,0.02117220077308346,88.1889541011337,0,90,3.0,1,0.22039080620894233
1.665,0.0151361834125735,88.35580849564253,0,90,3.0,1,0.22383110300293885
1.67,0.010626454858290009,88.4013164549309,0,90,3.0,1,0.22476941144187437
1.675,0.007326255555493652,88.32394120303454,0,90,3.0,1,0.2231740454233925
1.68,0.004960179211183015,88.12628788072502,0,90,3.0,1,0.21909871919020651
1.685,0.0032978759379303545,87.8149564468404,0,90,3.0,1,0.21267951436784327
1.69,0.002153242296767213,87.40017534035806,0,90,3.0,1,0.20412732660532085
1.695,0.001380616732225004,86.89524350085946,0,90,3.0,1,0.1937163608424632
1.7,0.0008693106590991584,86.31582296936395,0,90,3.0,1,0.18176954576008145
1.705,0.000537524815942247,85.67913444059066,0,90,3.0,1,0.16864194722867337
1.71,0.0003263951340288585,85.00311320618148,0,90,3.0,1,0.15470336507590685
1.715,0.00019463030985187395,84.3055827268295,0,90,3.0,1,0.1403212933366907
1.72,0.00011397219555062695,83.60349793607864,0,90,3.0,1,0.12584531826966266
1.725,6.55403863487943e-05,82.91230113964602,0,90,3.0,1,0.11159383793084575
1.73,3.701184389455385e-05,82.24542123587032,0,90,3.0,1,0.09784373682206855
1.735,2.0525516217290957e-05,81.613933357956,0,90,3.0,1,0.08482336820527836
1.74,1.1178128483661116e-05,81.0263823663777,0,90,3.0,1,0.07270891477067429
1.745,5.978135409912517e-06,80.48876119719017,0,90,3.0,1,0.06162394221010664
1.75,3.1396702713238487e-06,80.00462491990231,0,90,3.0,1,0.05164175092582087
1.755,1.6192875458531019e-06,79.57531413717051,0,90,3.0,1,0.042789982209701205
1.76,8.201353897972012e-07,79.20025733794617,0,90,3.0,1,0.035056852328787
1.765,4.0791415086824765e-07,78.8773208986497,0,90,3.0,1,0.028398369044323704
1.77,1.9923866938774793e-07,78.60317721354771,0,90,3.0,1,0.02274592192881876
1.775,9.556527981051257e-08,78.37366531514834,0,90,3.0,1,0.01801371783811018
1.78,4.501406988770349e-08,78.18412359953327,0,90,3.0,1,0.014105641227490006
1.785,0.0,78.02968017202754,0,90,3.0,1,0.010921240660361643
1.79,0.0,77.90549221983429,0,90,3.0,1,0.008360664326480135
1.795,0.0,77.80693117491525,0,90,3.0,1,0.0063284778333041036
1.8,0.0,77.72971488846713,0,90,3.0,1,0.00473638945293049
1.805,0.0,77.66999140059843,0,90,3.0,1,0.003504977331926474
1.81,0.0,77.624381109498,0,90,3.0,1,0.002564558958721715
1.815,0.0,77.58998529958369,0,90,3.0,1,0.001855367001725527
1.82,0.0,77.56436923879633,0,90,3.0,1,0.001327200799924356
1.825,0.0,77.54552760933194,0,90,3.0,1,0.0009387135944730149
1.83,0.0,77.53183911478689,0,90,3.0,1,0.0006564765935441408
1.835,0.0,77.52201591751752,0,90,3.0,1,0.0004539364436602307
1.84,0.0,77.51505227902882,0,90,3.0,1,0.00031035626863550747
1.845,0.0,77.51017553839584,0,90,3.0,1,0.00020980491537818461
1.85,0.0,77.50680146081736,0,90,3.0,1,0.0001402363055125154
1.855,0.0,77.5044950721781,0,90,3.0,1,9.268190057942428e-05
1.86,0.0,77.50293738454126,0,90,3.0,1,6.056462971659852e-05
1.865,0.0,77.5018979055961,0,90,3.0,1,3.9132074146298636e-05
1.87,0.0,77.50121248974423,0,90,3.0,1,2.499978854089444e-05
1.875,0.0,77.50076589847964,0,90,3.0,1,1.5791721229734977e-05
1.88,0.0,77.50047835906365,0,90,3.0,1,9.863073477303842e-06
1.885,0.0,77.50029541087085,0,90,3.0,1,6.090945790679284e-06
1.89,0.0,77.50018038009229,0,90,3.0,1,3.7191771605897154e-06
1.895,0.0,77.50010890314022,0,90,3.0,1,2.2454255714627526e-06
1.9,0.0,77.5000650102546,0,90,3.0,1,1.3404176206560017e-06
1.905,0.0,77.50003837187288,0,90,3.0,1,7.911726366100336e-07
1.91,0.0,77.50002239410928,0,90,3.0,1,4.617342119555482e-07
1.915,0.0,77.500012922432,0,90,3.0,1,2.6644189703577083e-07
1.92,0.0,77.50000737300255,0,90,3.0,1,1.520206710571899e-07
1.925,0.001684486749771458,77.50000415943343,0,90,3.0,1,8.576151403242865e-08
1.93,0.004172395771277602,77.50000232013706,0,90,3.0,1,4.783787745772006e-08
1.935,0.009438687428818865,77.50000127962515,0,90,3.0,1,2.6384023763010605e-08
1.94,0.019500507867137046,77.50000069781701,0,90,3.0,1,1.4387979687394222e-08
1.945,0.03679496976339974,77.50000037626171,0,90,3.0,1,7.75797339771351e-09
1.95,0.06340728953298436,77.5000002005987,0,90,3.0,1,4.136055786523112e-09
1.955,0.09979255396093453,77.50000010574405,0,90,3.0,1,2.1802896899129167e-09
1.96,0.14343835518453557,77.50000005511545,0,90,3.0,1,1.1364010305507842e-09
1.965,0.18829581417209276,77.50000002840406,0,90,3.0,1,5.856507123473758e-10
1.97,0.2257481735193119,77.50000001447363,0,90,3.0,1,2.984253119534186e-10
1.975,0.24718154073554727,77.50000000729229,0,90,3.0,1,1.503564100257978e-10
1.98,0.24718154074102772,77.50000000363279,0,90,3.0,1,7.490292464166318e-11
1.985,0.22574817354072055,77.50000000178939,0,90,3.0,1,3.689460192111527e-11
1.99,0.18829581422840957,77.50000000087148,0,90,3.0,1,1.7968673513603357e-11
1.995,0.14343835532456656,77.50000000041966,0,90,3.0,1,8.652798981332584e-12
2.0,0.09979255431561854,77.50000000019982,0,90,3.0,1,4.119975838153719e-12
2.005,0.06340729067170194,77.50000000009408,0,90,3.0,1,1.9397084167966446e-12
2.01,0.03679497683410042,77.50000000004378,0,90,3.0,1,9.027555335574716e-13
2.015,0.019500578284482293,77.50000000002015,0,90,3.0,1,4.154843708485864e-13
2.02,0.009439396781978427,77.50000000000917,0,90,3.0,1,1.8898971734650088e-13
2.025,0.004178588733610924,77.50000000000412,0,90,3.0,1,8.497212097749652e-14
2.03,0.0017299316936037381,77.50000000000183,0,90,3.0,1,3.779794346930017e-14
2.035,0.0008997325756988589,77.50000000000081,0,90,3.0,1,1.67014168817838e-14
2.04,0.001634769674224814,77.50000000000036,0,90,3.0,1,7.32518284288763e-15
2.045,0.00614904736476635,77.50000000000016,0,90,3.0,1,3.2230804508705575e-15
2.05,0.02168080359963608,77.50000000000006,0,90,3.0,1,1.172029254862021e-15
2.055,0.06433400338904088,77.50000000000003,0,90,3.0,1,5.860146274310105e-16
2.06,0.1593410769217493,77.50000000000001,0,90,3.0,1,2.9300731371550523e-16
2.065,0.3291989194808569,77.5,0,90,3.0,1,0.0
2.07,0.5672906802982638,77.5,0,90,3.0,1,0.0
2.075,0.815339152120446,77.5,0,90,3.0,1,0.0
2.08,0.9768711246313155,77.50000284586159,1,90,3.0,1,5.8677558500516847e-08
2.085,0.9726380909165361,77.50000570245213,0,90,3.0,1,1.1757633254176457e-07
2.09,0.7921091683291741,77.50001225806744,0,90,3.0,1,2.527436586159141e-07
2.095,0.49139090102639077,77.50002942758579,0,90,3.0,1,6.067543461202937e-07
2.1,0.15739335672107918,77.50007969525397,0,90,3.0,1,1.6432011128453615e-06
2.105,-0.11102342218909485,77.50023533387187,0,90,3.0,1,4.8522447808367e-06
2.11,-0.2314207883647528,77.50071883774795,0,90,3.0,1,1.4821396865024148e-05
2.115,-0.2029124434754801,77.50217579271153,0,90,3.0,1,4.4861705392288955e-05
2.12,-0.11151350554305876,77.50635725002037,0,90,3.0,1,0.00013107732000766818
2.125,-0.039430666652076896,77.51768141331813,0,90,3.0,1,0.0003645652230542177
2.13,-0.006087703519843621,77.54648137072928,0,90,3.0,1,0.0009583787779233389
2.135,0.005350271385530551,77.61508024410816,0,90,3.0,1,0.002372788538312508
2.14,0.010381647827441833,77.76784731218491,0,90,3.0,1,0.005522624993503347
2.145,0.015115203303506243,78.08549326951349,0,90,3.0,1,0.012072026175535917
2.15,0.021170964062928475,78.70138007120593,0,90,3.0,1,0.024770723117648087
2.155,0.029082821134029553,79.81333731768606,0,90,3.0,1,0.047697676653320885
2.16,0.03923107061708144,81.67953161509834,0,90,3.0,1,0.08617590958965651
2.165,0.051969043308817596,84.58445788628454,0,90,3.0,1,0.1460712966244235
2.17,0.06760532616283861,88.76559186610127,0,90,3.0,1,0.23228024466188196
2.175,0.08636519236693461,94.30580224572596,0,90,3.0,1,0.34651138650981356
2.18,0.10834733138818661,101.01908127568012,0,90,3.0,1,0.4849295108387654
2.185,0.1334809643017884,108.37758909741606,0,90,3.0,1,0.6366513215962075
2.19,0.16148868344343945,115.53155299925712,0,90,3.0,1,0.7841557319434457
2.195,0.191860907532018,121.44932005335616,0,90,3.0,1,0.9061715474918796
2.2,0.22384764873847726,125.15631195469562,0,90,3.0,1,0.9826043701999098
2.205,0.25647215537198226,126.0,0,90,3.0,1,1.0
2.21,0.2885689161419028,123.8427949295679,0,90,3.0,1,0.9555215449395443
2.215,0.31884566517832524,119.10508764276156,0,90,3.0,1,0.8578368586136405
2.22,0.3459657668955683,112.64051130847515,0,90,3.0,1,0.7245466249170135
2.225,0.3686441789190902,105.4947173494078,0,90,3.0,1,0.5772106669980989
2.23,0.3857476379544367,98.64157127935391,0,90,3.0,1,0.4359086861722456
2.235,0.3963882865005728,92.7872202864701,0,90,3.0,1,0.3152004182777341
2.24,0.4,88.29055850091387,0,90,3.0,1,0.222485742286884
2.245,0.39638828650057273,85.19499150634792,0,90,3.0,1,0.15865961868758593
2.25,0.38574763795443656,83.32841126591062,0,90,3.0,1,0.1201734281631055
2.255,0.36864417891908974,82.41862451624381,0,90,3.0,1,0.10141493847925381
2.26,0.345965766895568,82.1853521137011,0,90,3.0,1,0.09660519822064124
2.265,0.3188456651783249,82.39306572658664,0,90,3.0,1,0.10088795312549777
2.27,0.28856891614190205,82.86818610804693,0,90,3.0,1,0.11068424965045211
2.275,0.2564721553719815,83.49352503596295,0,90,3.0,1,0.12357783579305044
2.28,0.22384764873847685,84.19327652565775,0,90,3.0,1,0.13800570155995362
2.285,0.19186090753201765,84.91762339581283,0,90,3.0,1,0.1529406885734603
2.29,0.16148868344343878,85.63113017574868,0,90,3.0,1,0.16765216857213774
2.295,0.1334809643017881,86.30565243766684,0,90,3.0,1,0.18155984407560488
2.3,0.10834733138818531,86.91685513029627,0,90,3.0,1,0.19416196144940762
2.305,0.08636519236690572,87.44305757969148,0,90,3.0,1,0.2050114964884842
2.31,0.06760532616242629,87.86533772288807,0,90,3.0,1,0.2137183035647025
2.315,0.05196904332202373,88.16817973634383,0,90,3.0,1,0.21996246879059445
2.32,0.03923107185803287,88.3402384667518,0,90,3.0,1,0.22351007147941854
2.325,0.02908287038705761,88.37498162664085,0,90,3.0,1,0.22422642529156384
2.33,0.02117220077308346,88.27108106749418,0,90,3.0,1,0.22208414572152949
2.335,0.0151361834125735,88.03249098378444,0,90,3.0,1,0.21716476255225653
2.34,0.010626454858290009,87.66819648788929,0,90,3.0,1,0.20965353583276886
2.345,0.007326255555493652,87.19165162443677,0,90,3.0,1,0.1998278685450881
2.35,0.004960179211183015,86.61995488836745,0,90,3.0,1,0.18804030697664836
2.355,0.0032978759379303545,85.97283240911523,0,90,3.0,1,0.1746975754456748
2.36,0.002153242296767213,85.27151291372265,0,90,3.0,1,0.16023737966438445
2.365,0.001380616732225004,84.53758349445417,0,90,3.0,1,0.14510481431864264
2.37,0.0008693106590991584,83.79191110989592,0,90,3.0,1,0.1297301259772355
2.375,0.000537524815942247,83.05370269529314,0,90,3.0,1,0.11450933392356989
2.38,0.0003263951340288585,82.33975866855332,0,90,3.0,1,0.09978883852687248
2.385,0.00019463030985187395,81.66395297564524,0,90,3.0,1,0.08585470052876794
2.39,0.00011397219555062695,81.03695029627794,0,90,3.0,1,0.07292681023253478
2.395,6.55403863487943e-05,80.46615012462807,0,90,3.0,1,0.06115773452841386
2.4,3.701184389455385e-05,79.95583016691808,0,90,3.0,1,0.05063567354470261
2.405,2.0525516217290957e-05,79.50744919237871,0,90,3.0,1,0.04139070499749928
2.41,1.1178128483661116e-05,79.12006270877623,0,90,3.0,2,0.03340335482012848
2.415,5.978135409912517e-06,78.7908034547283,0,90,3.0,2,0.02661450422120217
2.42,3.1396702713238487e-06,78.51538196065025,0,90,3.0,2,0.020935710528871037
2.425,1.6192875458531019e-06,78.28856917829346,0,90,3.0,2,0.016259158315329016
2.43,8.201353897972012e-07,78.1046320774523,0,90,3.0,2,0.012466640772212247
2.435,4.0791415086824765e-07,77.95770283268605,0,90,3.0,2,0.009437171807959853
2.44,1.9923866938774793e-07,77.8420716221398,0,90,3.0,2,0.007053023136903054
2.445,9.556527981051257e-08,77.75240126350023,0,90,3.0,2,0.005204149762891385
2.45,4.501406988770349e-08,77.68386837283725,0,90,3.0,2,0.0037911004708711957
2.455,0.0,77.63224022257143,0,90,3.0,2,0.0027266025272458896
2.46,0.0,77.593899037566,0,90,3.0,2,0.0019360626302268875
2.465,0.0,77.56582634489853,0,90,3.0,2,0.0013572442247118605
2.47,0.0,77.54555954431204,0,90,3.0,2,0.0009393720476709601
2.475,0.0,77.53113149901236,0,90,3.0,2,0.0006418865775744446
2.48,0.0,77.5210020517766,0,90,3.0,2,0.00043303199539392604
2.485,0.0,77.51398828420264,0,90,3.0,2,0.0002884182309822584
2.49,0.0,77.50919831335803,0,90,3.0,2,0.00018965594552633241
2.495,0.0,77.50597163128171,0,90,3.0,2,0.0001231264181795915
2.5,0.0,77.50382753172264,0,90,3.0,2,7.891817984814552e-05
2.505,0.0,77.50242206416318,0,90,3.0,2,4.9939467282149394e-05
2.51,0.0,77.50151319019876,0,90,3.0,2,3.119979791266787e-05
2.515,0.0,77.5009333454743,0,90,3.0,2,1.9244236583388782e-05
2.52,0.0,77.50056837159171,0,90,3.0,2,1.171900189095928e-05
2.525,0.0,77.50034171443933,0,90,3.0,2,7.045658542878787e-06
2.53,0.0,77.50020283146561,0,90,3.0,2,4.182092074523604e-06
2.535,0.0,77.50011886345717,0,90,3.0,2,2.450792931437352e-06
2.54,0.0,77.50006877053725,0,90,3.0,2,1.4179492217356982e-06
2.545,0.0,77.50003928235421,0,90,3.0,2,8.099454475996026e-07
2.55,0.0,77.50002215305511,0,90,3.0,2,4.567640229483398e-07
2.555,0.001684486749771458,77.50001233419412,0,90,3.0,2,2.5431328092204194e-07
2.56,0.004172395771277602,77.50000677998857,0,90,3.0,2,1.39793578701409e-07
2.565,0.009438687428818865,77.50000367949464,0,90,3.0,2,7.586586885858215e-08
2.57,0.019500507867137046,77.50000197146203,0,90,3.0,2,4.064870157768363e-08
2.575,0.03679496976339974,77.50000104286885,0,90,3.0,2,2.150245042272574e-08
2.58,0.06340728953298436,77.50000054464309,0,90,3.0,2,1.1229754354363397e-08
2.585,0.09979255396093453,77.50000028082472,0,90,3.0,2,5.7902004474018806e-09
2.59,0.14343835518453557,77.50000014295512,0,90,3.0,2,2.9475281688477126e-09
2.595,0.18829581417209276,77.50000007184642,0,90,3.0,2,1.481369382258656e-09
2.6,0.2257481735193119,77.50000003564934,0,90,3.0,2,7.350378541794027e-10
2.605,0.24718154073554727,77.5000000174638,0,90,3.0,2,3.6007844586886665e-10
2.61,0.24718154074102772,77.50000000844632,0,90,3.0,2,1.7415094795800654e-10
2.615,0.22574817354072055,77.50000000403308,0,90,3.0,2,8.315635465440153e-11
2.62,0.18829581422840957,77.50000000190128,0,90,3.0,2,3.920174150931116e-11
2.625,0.14343835532456656,77.50000000088491,0,90,3.0,2,1.824556542506451e-11
2.63,0.09979255431561854,77.50000000040662,0,90,3.0,2,8.383818267341751e-12
2.635,0.06340729067170194,77.50000000018447,0,90,3.0,2,3.803527939340973e-12
2.64,0.03679497683410042,77.50000000008262,0,90,3.0,2,1.7035445219419474e-12
2.645,0.019500578284482293,77.50000000003654,0,90,3.0,2,7.53321803562564e-13
2.65,0.009439396781978427,77.50000000001594,0,90,3.0,2,3.2875420598879686e-13
2.655,0.004178588733610924,77.50000000000688,0,90,3.0,2,1.4181553983830453e-13
2.66,0.0017299316936037381,77.50000000000293,0,90,3.0,2,6.035950662539408e-14
2.665,0.0008997325756988589,77.50000000000122,0,90,3.0,2,2.519862897953345e-14
2.67,0.001634769674224814,77.50000000000051,0,90,3.0,2,1.0548263293758189e-14
2.675,0.00614904736476635,77.50000000000021,0,90,3.0,2,4.395109705732579e-15
2.68,0.02168080359963608,77.50000000000009,0,90,3.0,2,1.7580438822930315e-15
2.685,0.06433400338904088,77.50000000000003,0,90,3.0,2,5.860146274310105e-16
2.69,0.1593410769217493,77.50000000000001,0,90,3.0,2,2.9300731371550523e-16
2.695,0.3291989194808569,77.5,0,90,3.0,2,0.0
2.7,0.5672906802982638,77.5,0,90,3.0,2,0.0
2.705,0.815339152120446,77.5,0,90,3.0,2,0.0
2.71,0.9768711246313155,77.50000284586159,1,90,3.0,2,5.8677558500516847e-08
2.715,0.9726380909165361,77.50000516474043,0,90,3.0,2,1.0648949338368784e-07
2.72,0.7921091683291741,77.50000983043871,0,90,3.0,2,2.0268945801485502e-07
2.725,0.49139090102639077,77.50002017526417,0,90,3.0,2,4.1598482821943446e-07
2.73,0.15739335672107918,77.50004536729918,0,90,3.0,2,9.354082305069767e-07
2.735,-0.11102342218909485,77.50011076651302,0,90,3.0,2,2.2838456292325625e-06
2.74,-0.2314207883647528,77.5002850110043,0,90,3.0,2,5.8765155524584185e-06
2.745,-0.2029124434754801,77.50074708028492,0,90,3.0,2,1.5403717214929802e-05
2.75,-0.11151350554305876,77.50194280599986,0,90,3.0,2,4.005785566722263e-05
2.755,-0.039430666652076896,77.5049279313996,0,90,3.0,2,0.00010160683298158099
2.76,-0.006087703519843621,77.51207173356352,0,90,3.0,2,0.0002489017229590993
2.765,0.005350271385530551,77.52840128290548,0,90,3.0,2,0.000585593461968606
2.77,0.010381647827441833,77.56397906014128,0,90,3.0,2,0.0013191558792016167
2.775,0.015115203303506243,77.63776147081478,0,90,3.0,2,0.0028404426972119647
2.78,0.021170964062928475,77.78326220135963,0,90,3.0,2,0.005840457759992444
2.785,0.029082821134029553,78.05587747145417,0,90,3.0,2,0.011461391164003442
2.79,0.03923107061708144,78.54077600300882,0,90,3.0,2,0.0214592990311096
2.795,0.051969043308817596,79.35882370017484,0,90,3.0,2,0.03832626185927501
2.8,0.06760532616283861,80.66643122157606,0,90,3.0,2,0.06528724168198065
2.805,0.08636519236693461,82.64423704518795,0,90,3.0,2,0.10606674319975154
2.81,0.10834733138818661,85.47024105151274,0,90,3.0,2,0.16433486704149988
2.815,0.1334809643017884,89.27633401919208,0,90,3.0,2,0.24281101070499128
2.82,0.16148868344343945,94.09324311547192,0,90,3.0,2,0.3421287240303489
2.825,0.191860907532018,99.79635432434684,0,90,3.0,2,0.45971864586282135
2.83,0.22384764873847726,106.0707181121124,0,90,3.0,2,0.5890869713837609
2.835,0.25647215537198226,112.414152102772,0,90,3.0,2,0.7198794247994226
2.84,0.2885689161419028,118.19021013965265,0,90,3.0,2,0.8389734049412917
2.845,0.31884566517832524,122.72842191489322,0,90,3.0,2,0.9325447817503756
2.85,0.3459657668955683,125.45198838957337,0,90,3.0,2,0.9887007915375953
2.855,0.3686441789190902,126.0,0,90,3.0,2,1.0
2.86,0.3857476379544367,124.30867485172185,0,90,3.0,2,0.9651273165303473
2.865,0.3963882865005728,120.62657779142631,0,90,3.0,2,0.8892077895139446
2.87,0.4,115.45901429383217,0,90,3.0,2,0.782660088532622
2.875,0.39638828650057273,109.45894164673679,0,90,3.0,2,0.6589472504481813
2.88,0.38574763795443656,103.29703058022503,0,90,3.0,2,0.5318975377365985
2.885,0.36864417891908974,97.5464345552443,0,90,3.0,2,0.4133285475308104
2.89,0.345965766895568,92.6085121379603,0,90,3.0,2,0.31151571418474855
2.895,0.3188456651783249,88.68935253270487,0,90,3.0,2,0.23070829964339945
2.9,0.28856891614190205,85.82066001567553,0,90,3.0,2,0.17156000032320678
2.905,0.2564721553719815,83.90809160368029,0,90,3.0,2,0.13212560007588228
2.91,0.22384764873847685,82.78766537950541,0,90,3.0,2,0.10902402844341057
2.915,0.19186090753201765,82.27493168545303,0,90,3.0,2,0.0984521997000624
2.92,0.16148868344343878,82.19880493003672,0,90,3.0,2,0.09688257587704567
2.925,0.1334809643017881,82.4188702080318,0,90,3.0,2,0.10142000428931557
2.93,0.10834733138818531,82.82952231745624,0,90,3.0,2,0.10988705809188119
2.935,0.08636519236690572,83.35601376271482,0,90,3.0,2,0.12074255180855306
2.94,0.06760532616242629,83.9470769430105,0,90,3.0,2,0.13292942150537115
2.945,0.05196904332202373,84.56733781891765,0,90,3.0,2,0.1457183055446938
2.95,0.03923107185803287,85.19117318822897,0,90,3.0,2,0.15858089047894788
2.955,0.02908287038705761,85.79848598049588,0,90,3.0,2,0.1711028037215646
2.96,0.02117220077308346,86.372206845233,0,90,3.0,2,0.18293209990171125
2.965,0.0151361834125735,86.89707692639371,0,90,3.0,2,0.19375416343079813
2.97,0.010626454858290009,87.35925877048336,0,90,3.0,2,0.20328368598934773
2.975,0.007326255555493652,87.74641728003608,0,90,3.0,2,0.2112663356708471
2.98,0.004960179211183015,88.04802380897954,0,90,3.0,2,0.2174850269892688
2.985,0.0032978759379303545,88.25572651055214,0,90,3.0,2,0.22176755691860076
2.99,0.002153242296767213,88.36369161710158,0,90,3.0,2,0.2239936415897233
2.995,0.001380616732225004,88.36885916056198,0,90,3.0,2,0.22410018887756664
3.0,0.0008693106590991584,88.27108106749418,0,90,3.0,2,0.22208414572152949
3.005,0.000537524815942247,88.07312615119709,0,90,3.0,2,0.21800260105561003
3.01,0.0003263951340288585,87.78054918031154,0,90,3.0,2,0.21197008619199048
3.015,0.00019463030985187395,87.40143171379235,0,90,3.0,2,0.20415323121221338
3.02,0.00011397219555062695,86.94601125277715,0,90,3.0,2,0.19476311861396195
3.025,6.55403863487943e-05,86.42622234909373,0,90,3.0,2,0.18404582163079866
3.03,3.701184389455385e-05,85.85517831781087,0,90,3.0,2,0.17227171789300758
3.035,2.0525516217290957e-05,85.24662486818843,0,90,3.0,2,0.15972422408635945
3.04,1.1178128483661116e-05,84.61439720084722,0,90,3.0,2,0.14668860207932416
3.045,5.978135409912517e-06,83.97191003197823,0,90,3.0,2,0.13344144395831392
3.05,3.1396702713238487e-06,83.33170590892841,0,90,3.0,2,0.12024135894697759
3.055,1.6192875458531019e-06,82.70508154656905,0,90,3.0,2,0.10732126900142366
3.06,8.201353897972012e-07,82.10180531548804,0,90,3.0,2,0.09488258382449559
3.065,4.0791415086824765e-07,81.52993206595734,0,90,3.0,2,0.08309138280324412
3.07,1.9923866938774793e-07,80.99571476651627,0,90,3.0,2,0.07207659312404685
3.075,9.556527981051257e-08,80.50360648407369,0,90,3.0,2,0.06193003059945743
3.08,4.501406988770349e-08,80.05634142369696,0,90,3.0,2,0.05270807059168997
3.085,0.0,79.65508032520124,0,90,3.0,2,0.04443464588043794
3.09,0.0,79.29960357294775,0,90,3.0,2,0.03710522830820094
3.095,0.0,78.98853486620382,0,90,3.0,2,0.030691440540284973
3.1,0.0,78.71957905375766,0,90,3.0,2,0.025145959871291867
3.105,0.0,78.48975950713555,0,90,3.0,2,0.02040741251825867
3.11,0.0,78.2956428924812,0,90,3.0,2,0.016405008092395822
3.115,0.0,78.13354209041512,0,90,3.0,2,0.013062723513713799
3.12,0.0,77.99969101352993,0,90,3.0,2,0.010302907495462392
3.125,0.0,77.8903879331648,0,90,3.0,2,0.008049235735356758
3.13,0.0,77.80210645967149,0,90,3.0,2,0.006228999168484375
3.135,0.0,77.73157539738591,0,90,3.0,2,0.00477475046156516
3.14,0.0,77.67583025447672,0,90,3.0,2,0.0036253660716849866
3.145,0.0,77.63224022257143,0,90,3.0,2,0.0027266025272458896
3.15,0.0,77.59851499022419,0,90,3.0,2,0.002031236911838941
3.155,0.0,77.57269588798313,0,90,3.0,2,0.0014988842883119607
3.16,0.0,77.55313566904915,0,90,3.0,2,0.0010955808051372144
3.165,0.0,77.53847080207267,0,90,3.0,2,0.000793212413869408
3.17,0.0,77.52758958124467,0,90,3.0,2,0.0005688573452509103
3.175,0.0,77.51959872218865,0,90,3.0,2,0.00040409736471436886
3.18,0.0,77.51379047372285,0,90,3.0,2,0.0002843396643886512
3.185,0.0,77.50961168199261,0,90,3.0,2,0.00019817901015689758
3.19,0.0,77.50663572503977,0,90,3.0,2,0.0001368190729849794
3.195,0.0,77.50453780836098,0,90,3.0,2,9.35630589892589e-05
3.2,0.0,77.50307377943045,0,90,3.0,2,6.337689547322465e-05
3.205,0.0,77.50206237686946,0,90,3.0,2,4.2523234421866724e-05
3.21,0.0,77.50137066757361,0,90,3.0,2,2.826118708474768e-05
3.215,0.0,77.50090232923444,0,90,3.0,2,1.8604726483200586e-05
3.22,0.0,77.50058839191706,0,90,3.0,2,1.213179210438837e-05
3.225,0.0,77.50038004685945,0,90,3.0,2,7.836017720571185e-06
3.23,0.0,77.50024315117817,0,90,3.0,2,5.013426353978915e-06
3.235,0.0,77.50015409352449,0,90,3.0,2,3.177186071879237e-06
3.24,0.0,77.50009672999809,0,90,3.0,2,1.994432950338246e-06
3.245,0.0,77.50006014600001,0,90,3.0,2,1.240123711542446e-06
3.25,0.0,77.50003704427512,0,90,3.0,2,7.63799486961587e-07
3.255,0.0,77.50002259978108,0,90,3.0,2,4.6597486754397267e-07
3.26,0.0,77.50001365702623,0,90,3.0,2,2.815881696888121e-07
3.265,0.0,77.50000817479433,0,90,3.0,2,1.6855246043792484e-07
3.27,0.0,77.50000484692508,0,90,3.0,2,9.993659958680152e-08
3.275,0.0,77.50000284658763,0,90,3.0,2,5.8692528537181886e-08
3.28,0.0,77.50000165596667,0,90,3.0,2,3.414364268979794e-08
3.285,0.001684486749771458,77.50000095421755,0,90,3.0,2,1.967458875772058e-08
3.29,0.004172395771277602,77.50000054464309,0,90,3.0,2,1.1229754354363397e-08
3.295,0.009438687428818865,77.50000030792529,0,90,3.0,2,6.348975063898701e-09
3.3,0.019500507867137046,77.50000017244378,0,90,3.0,2,3.555541785392483e-09
3.305,0.03679496976339974,77.50000009565737,0,90,3.0,2,1.9723169077327295e-09
3.31,0.06340728953298436,77.50000005256034,0,90,3.0,2,1.0837183155447362e-09
3.315,0.09979255396093453,77.50000002860662,0,90,3.0,2,5.898272385970766e-10
3.32,0.14343835518453557,77.50000001542212,0,90,3.0,2,3.1798179210004633e-10
3.325,0.18829581417209276,77.5000000082355,0,90,3.0,2,1.6980418445903701e-10
3.33,0.2257481735193119,77.50000000435617,0,90,3.0,2,8.981787593172354e-11
3.335,0.24718154073554727,77.50000000228238,0,90,3.0,2,4.705931864121986e-11
3.34,0.24718154074102772,77.50000000118452,0,90,3.0,2,2.4423038620128507e-11
3.345,0.22574817354072055,77.50000000060892,0,90,3.0,2,1.2555070385395684e-11
3.35,0.18829581422840957,77.50000000031007,0,90,3.0,2,6.393126577958609e-12
3.355,0.14343835532456656,77.50000000015639,0,90,3.0,2,3.224545487439135e-12
3.36,0.09979255431561854,77.50000000007813,0,90,3.0,2,1.6109542108078477e-12
3.365,0.06340729067170194,77.50000000003867,0,90,3.0,2,7.972729006198897e-13
3.37,0.03679497683410042,77.50000000001896,0,90,3.0,2,3.90871756496484e-13
3.375,0.019500578284482293,77.50000000000921,0,90,3.0,2,1.898687392876474e-13
3.38,0.009439396781978427,77.50000000000442,0,90,3.0,2,9.112527456552213e-14
3.385,0.004178588733610924,77.5000000000021,0,90,3.0,2,4.336508242989477e-14
3.39,0.0017299316936037381,77.500000000001,0,90,3.0,2,2.0510511960085366e-14
3.395,0.0008997325756988589,77.50000000000047,0,90,3.0,2,9.669241352611673e-15
3.4,0.001634769674224814,77.50000000000021,0,90,3.0,2,4.395109705732579e-15
3.405,0.00614904736476635,77.5000000000001,0,90,3.0,2,2.0510511960085364e-15
3.41,0.02168080359963608,77.50000000000004,0,90,3.0,2,8.790219411465157e-16
3.415,0.06433400338904088,77.50000000000001,0,90,3.0,2,2.9300731371550523e-16
3.42,0.1593410769217493,77.50000000000001,0,90,3.0,2,2.9300731371550523e-16
3.425,0.3291989194808569,77.5,0,90,3.0,2,0.0
3.43,0.5672906802982638,77.5,0,90,3.0,2,0.0
3.435,0.815339152120446,77.5,0,90,3.0,2,0.0
3.44,0.9768711246313155,77.50000284586159,1,90,3.0,2,5.8677558500516847e-08
3.445,0.9726380909165361,77.50000527961552,0,90,3.0,2,1.0885805199295553e-07
3.45,0.7921091683291741,77.50001031954956,0,90,3.0,2,2.1277421772716367e-07
3.455,0.49139090102639077,77.5000219076864,0,90,3.0,2,4.517048742836215e-07
3.46,0.15739335672107918,77.5000513062313,0,90,3.0,2,1.0578604391548184e-06
3.465,-0.11102342218909485,77.50013076005604,0,90,3.0,2,2.6960836296509407e-06
3.47,-0.2314207883647528,77.50035020381222,0,90,3.0,2,7.220697159130761e-06
3.475,-0.2029124434754801,77.50095018691317,0,90,3.0,2,1.9591482745824776e-05
3.48,-0.11151350554305876,77.50254252172627,0,90,3.0,2,5.242312837668747e-05
3.485,-0.039430666652076896,77.50659976740856,0,90,3.0,2,0.00013607767852699768
3.49,-0.006087703519843621,77.51646537881305,0,90,3.0,2,0.00033949234666087036
3.495,0.005350271385530551,77.53928253215116,0,90,3.0,2,0.00080994911651881
3.5,0.010381647827441833,77.58937615985101,0,90,3.0,2,0.0018428074196085336
3.505,0.015115203303506243,77.69363594416527,0,90,3.0,2,0.003992493694129186
3.51,0.021170964062928475,77.89914273187748,0,90,3.0,2,0.008229747049020112
3.515,0.029082821134029553,78.28242166935907,0,90,3.0,2,0.016132405553795196
3.52,0.03923107061708144,78.95815265228912,0,90,3.0,2,0.03006500313998176
3.525,0.051969043308817596,80.08310908029944,0,90,3.0,2,0.05325998103710179
3.53,0.06760532616283861,81.84927459141106,0,90,3.0,2,0.08967576477136206
3.535,0.08636519236693461,84.45983730743244,0,90,3.0,2,0.14350180015324612
3.54,0.10834733138818661,88.08459313200352,0,90,3.0,2,0.2182390336495571
3.545,0.1334809643017884,92.79797719482352,0,90,3.0,2,0.31542221020254674
3.55,0.16148868344343945,98.51242125918112,0,90,3.0,2,0.4332457991583737
3.555,0.191860907532018,104.92855626497301,0,90,3.0,2,0.5655372425767631
3.56,0.22384764873847726,111.52691835651606,0,90,3.0,2,0.7015859454951766
3.565,0.25647215537198226,117.61903404505797,0,90,3.0,2,0.827196578248618
3.57,0.2885689161419028,122.45858606973496,0,90,3.0,2,0.9269811560770096
3.575,0.31884566517832524,125.39083977274626,0,90,3.0,2,0.9874399953143559
3.58,0.3459657668955683,126.0,0,90,3.0,2,1.0
3.585,0.3686441789190902,124.20909158519541,0,90,3.0,2,0.9630740533029981
3.59,0.3857476379544367,120.29953639901376,0,90,3.0,2,0.8824646680209023
3.595,0.3963882865005728,114.84382327361675,0,90,3.0,2,0.7699757376003453
3.6,0.4,108.57369951396845,0,90,3.0,2,0.6406948353395556
3.605,0.39638828650057273,102.2258821880279,0,90,3.0,2,0.5098120038768639
3.61,0.38574763795443656,96.40992335364712,0,90,3.0,2,0.389895326879322
3.615,0.36864417891908974,91.52930221937348,0,90,3.0,3,0.2892639632860511
3.62,0.345965766895568,87.76478426184879,0,90,3.0,3,0.21164503632677914
3.625,0.3188456651783249,85.10862158827653,0,90,3.0,3,0.15687879563456772
3.63,0.28856891614190205,83.42656336784474,0,90,3.0,3,0.1221971828421595
3.635,0.2564721553719815,82.52378753042284,0,90,3.0,3,0.1035832480499554
3.64,0.22384764873847685,82.19783132916163,0,90,3.0,3,0.09686250163219856
3.645,0.19186090753201765,82.27134594925722,0,90,3.0,3,0.09837826699499432
3.65,0.16148868344343878,82.60568848479885,0,90,3.0,3,0.10527192752162572
3.655,0.1334809643017881,83.10088201483204,0,90,3.0,3,0.11548210339859873
3.66,0.10834733138818531,83.68840901871987,0,90,3.0,3,0.12759606224164674
3.665,0.08636519236690572,84.32197791292448,0,90,3.0,3,0.14065933841081404
3.67,0.06760532616242629,84.96931088968523,0,90,3.0,3,0.15400641009660274
3.675,0.05196904332202373,85.60616534397113,0,90,3.0,3,0.16713742977260057
3.68,0.03923107185803287,86.21263167382902,0,90,3.0,3,0.1796418901820417
3.685,0.02908287038705761,86.77121984433278,0,90,3.0,3,0.19115917204809849
3.69,0.02117220077308346,87.26614028210291,0,90,3.0,3,0.20136371715676102
3.695,0.0151361834125735,87.68327944307798,0,90,3.0,3,0.20996452459954595
3.7,0.010626454858290009,88.01051741167255,0,90,3.0,3,0.21671169920974334
3.705,0.007326255555493652,88.23816273562356,0,90,3.0,3,0.22140541722935178
3.71,0.004960179211183015,88.35936913531009,0,90,3.0,3,0.22390451825381627
3.715,0.0032978759379303545,88.3704549759066,0,90,3.0,3,0.22413309228673395
3.72,0.002153242296767213,88.27108106749418,0,90,3.0,3,0.22208414572152949
3.725,0.001380616732225004,88.06426526041847,0,90,3.0,3,0.2178199022766694
3.73,0.0008693106590991584,87.75622938752784,0,90,3.0,3,0.21146864716552244
3.735,0.000537524815942247,87.35608811985259,0,90,3.0,3,0.20321831174953786
3.74,0.0003263951340288585,86.87540102954962,0,90,3.0,3,0.1933072377226726
3.745,0.00019463030985187395,86.32761843902698,0,90,3.0,3,0.18201275132014386
3.75,0.00011397219555062695,85.72745804544682,0,90,3.0,3,0.16963831021539844
3.755,6.55403863487943e-05,85.09025249472462,0,90,3.0,3,0.1565000514376211
3.76,3.701184389455385e-05,84.43130793834682,0,90,3.0,3,0.14291356573910968
3.765,2.0525516217290957e-05,83.7653103417945,0,90,3.0,3,0.12918165653184543
3.77,1.1178128483661116e-05,83.10581041043784,0,90,3.0,3,0.11558371980284206
3.775,5.978135409912517e-06,82.46481016288601,0,90,3.0,3,0.1023672198533198
3.78,3.1396702713238487e-06,81.85246524967621,0,90,3.0,3,0.08974155153971576
3.785,1.6192875458531019e-06,81.276907956434,0,90,3.0,3,0.07787439085430932
3.79,8.201353897972012e-07,80.74418725350604,0,90,3.0,3,0.06689045883517611
3.795,4.0791415086824765e-07,80.25831492720756,0,90,3.0,3,0.056872472725929164
3.8,1.9923866938774793e-07,79.82140122596148,0,90,3.0,3,0.04786394280332949
3.805,9.556527981051257e-08,79.43385983225944,0,90,3.0,3,0.039873398603287494
3.81,4.501406988770349e-08,79.09466036456183,0,90,3.0,3,0.03287959514560479
3.815,0.0,78.80160686539986,0,90,3.0,3,0.026837254956698177
3.82,0.0,78.55162253760456,0,90,3.0,3,0.021682938919681614
3.825,0.0,78.34102394918298,0,90,3.0,3,0.017340699983154285
3.83,0.0,78.16577159895577,0,90,3.0,3,0.0137272494630056
3.835,0.0,78.02168769123986,0,90,3.0,3,0.010756447242059007
3.84,0.0,77.90463583247852,0,90,3.0,3,0.008343006855227193
3.845,0.0,77.81066083961933,0,90,3.0,3,0.006405378136481049
3.85,0.0,77.73608973677702,0,90,3.0,3,0.004867829624268409
3.855,0.0,77.67759720552577,0,90,3.0,3,0.003661798052077754
3.86,0.0,77.63224022257143,0,90,3.0,3,0.0027266025272458896
3.865,0.0,77.59746741293033,0,90,3.0,3,0.0020096373800067655
3.87,0.0,77.57110886220912,0,90,3.0,3,0.001466162107404441
3.875,0.0,77.55135189140306,0,90,3.0,3,0.0010588018845991423
3.88,0.0,77.53670773455,0,90,3.0,3,0.0007568605061856994
3.885,0.0,77.52597330075044,0,90,3.0,3,0.0005355319742358057
3.89,0.0,77.51819135838316,0,90,3.0,3,0.00037507955429202044
3.895,0.0,77.51261163923783,0,90,3.0,3,0.00026003379871818866
3.9,0.0,77.50865458747553,0,90,3.0,3,0.00017844510258831027
3.905,0.0,77.50587881276304,0,90,3.0,3,0.00012121263428955844
3.91,0.0,77.5039527678497,0,90,3.0,3,8.150036803498289e-05
3.915,0.0,77.5026307611049,0,90,3.0,3,5.424249700817218e-05
3.92,0.0,77.50173312521085,0,90,3.0,3,3.5734540429848964e-05
3.925,0.0,77.50113017810872,0,90,3.0,3,2.3302641416991072e-05
3.93,0.0,77.50072951170684,0,90,3.0,3,1.5041478491477542e-05
3.935,0.0,77.50046610747096,0,90,3.0,3,9.610463318680203e-06
3.94,0.0,77.50029478697198,0,90,3.0,3,6.078081896445378e-06
3.945,0.0,77.50018454357595,0,90,3.0,3,3.805022184636626e-06
3.95,0.0,77.5001143557486,0,90,3.0,3,2.357850486457688e-06
3.955,0.0,77.50007014318696,0,90,3.0,3,1.446251277527444e-06
3.96,0.0,77.50004258742786,0,90,3.0,3,8.780912960048095e-07
3.965,0.0,77.50002559444704,0,90,3.0,3,5.277205574886991e-07
3.97,0.0,77.50001522574371,0,90,3.0,3,3.139328599872053e-07
3.975,0.0,77.5000089656071,0,90,3.0,3,1.8485787822822944e-07
3.98,0.0,77.50000522575824,0,90,3.0,3,1.0774759265793186e-07
3.985,0.0,77.50000301500023,0,90,3.0,3,6.21649532309e-08
3.99,0.001684486749771458,77.50000172184403,0,90,3.0,3,3.5501938745040105e-08
3.995,0.004172395771277602,77.50000097334923,0,90,3.0,3,2.0069056299970978e-08
4.0,0.009438687428818865,77.50000054464309,0,90,3.0,3,1.1229754354363397e-08
4.005,0.019500507867137046,77.50000030166417,0,90,3.0,3,6.219879850570728e-09
4.01,0.03679496976339974,77.50000016538796,0,90,3.0,3,3.410061017066911e-09
4.015,0.06340728953298436,77.50000008975371,0,90,3.0,3,1.850592000373956e-09
4.02,0.09979255396093453,77.5000000482136,0,90,3.0,3,9.940947034620061e-10
4.025,0.14343835518453557,77.50000002563627,0,90,3.0,3,5.285828498842617e-10
4.03,0.18829581417209276,77.50000001349301,0,90,3.0,3,2.782063422704802e-10
4.035,0.2257481735193119,77.50000000702961,0,90,3.0,3,1.449404628390804e-10
4.04,0.24718154073554727,77.50000000362512,0,90,3.0,3,7.474470069225681e-11
4.045,0.24718154074102772,77.50000000185047,0,90,3.0,3,3.8153947355464515e-11
4.05,0.22574817354072055,77.50000000093499,0,90,3.0,3,1.927812319859795e-11
4.055,0.18829581422840957,77.50000000046764,0,90,3.0,3,9.641991672436131e-12
4.06,0.14343835532456656,77.50000000023151,0,90,3.0,3,4.773382147739296e-12
4.065,0.09979255431561854,77.50000000011345,0,90,3.0,3,2.3390773853908783e-12
4.07,0.06340729067170194,77.50000000005502,0,90,3.0,3,1.1345243187064363e-12
4.075,0.03679497683410042,77.50000000002642,0,90,3.0,3,5.447005961971242e-13
4.08,0.019500578284482293,77.50000000001256,0,90,3.0,3,2.590184653245066e-13
4.085,0.009439396781978427,77.50000000000591,0,90,3.0,3,1.2189104250565017e-13
4.09,0.004178588733610924,77.50000000000276,0,90,3.0,3,5.684341886080802e-14
4.095,0.0017299316936037381,77.50000000000126,0,90,3.0,3,2.6077650920679964e-14
4.1,0.0008997325756988589,77.50000000000058,0,90,3.0,3,1.2013299862335714e-14
4.105,0.001634769674224814,77.50000000000026,0,90,3.0,3,5.274131646879094e-15
4.11,0.00614904736476635,77.50000000000011,0,90,3.0,3,2.344058509724042e-15
4.115,0.02168080359963608,77.50000000000006,0,90,3.0,3,1.172029254862021e-15
4.12,0.06433400338904088,77.50000000000003,0,90,3.0,3,5.860146274310105e-16
4.125,0.1593410769217493,77.50000000000001,0,90,3.0,3,2.9300731371550523e-16
4.13,0.3291989194808569,77.5,0,90,3.0,3,0.0
4.135,0.5672906802982638,77.5,0,90,3.0,3,0.0
4.14,0.815339152120446,77.5,0,90,3.0,3,0.0
4.145,0.9768711246313155,77.50000284586159,1,90,3.0,3,5.8677558500516847e-08
4.15,0.9726380909165361,77.50000506005505,0,90,3.0,3,1.043310318596248e-07
4.155,0.7921091683291741,77.50000939817541,0,90,3.0,3,1.9377681252952938e-07
4.16,0.49139090102639077,77.50001870029837,0,90,3.0,3,3.8557316225499743e-07
4.165,0.15739335672107918,77.50004050885119,0,90,3.0,3,8.35234045060827e-07
4.17,-0.11102342218909485,77.5000950173887,0,90,3.0,3,1.9591214165358773e-06
4.175,-0.2314207883647528,77.50023533387187,0,90,3.0,3,4.8522447808367e-06
4.18,-0.2029124434754801,77.50059658461618,0,90,3.0,3,1.2300713735582117e-05
4.185,-0.11151350554305876,77.50150857120383,0,90,3.0,3,3.11045609036809e-05
4.19,-0.039430666652076896,77.50373966705214,0,90,3.0,3,7.710653715761997e-05
4.195,-0.006087703519843621,77.50899344295689,0,90,3.0,3,0.0001854318135441804
4.2,0.005350271385530551,77.52085610033075,0,90,3.0,3,0.0004300226872318884
4.205,0.010381647827441833,77.54648137072928,0,90,3.0,3,0.0009583787779233389
4.21,0.015115203303506243,77.59936390085969,0,90,3.0,3,0.002048740223911048
4.215,0.021170964062928475,77.70351874217694,0,90,3.0,3,0.004196262725297718
4.22,0.029082821134029553,77.89914273187748,0,90,3.0,3,0.008229747049020112
4.225,0.03923107061708144,78.24926466122768,0,90,3.0,3,0.01544875590160174
4.23,0.051969043308817596,78.8459406204264,0,90,3.0,3,0.02775135299848256
4.235,0.06760532616283861,79.81333731768606,0,90,3.0,3,0.047697676653320885
4.24,0.08636519236693461,81.30396325997282,0,90,3.0,3,0.078432232164388
4.245,0.10834733138818661,83.4840347084959,0,90,3.0,3,0.12338215893805975
4.25,0.1334809643017884,86.50528890512838,0,90,3.0,3,0.18567605989955424
4.255,0.16148868344343945,90.46398381088444,0,90,3.0,3,0.2672986352759679
4.26,0.191860907532018,95.35306204237084,0,90,3.0,3,0.3681043720076461
4.265,0.22384764873847726,101.01908127568012,0,90,3.0,3,0.4849295108387654
4.27,0.25647215537198226,107.139117939886,0,90,3.0,3,0.6111158338120826
4.275,0.2885689161419028,113.2318871061855,0,90,3.0,3,0.7367399403337216
4.28,0.31884566517832524,118.71042293385094,0,90,3.0,3,0.8496994419350709
4.285,0.3459657668955683,122.97183460738538,0,90,3.0,3,0.9375636001522758
4.29,0.3686441789190902,125.50652767518376,0,90,3.0,3,0.9898253128903869
4.295,0.3857476379544367,126.0,0,90,3.0,3,1.0
4.3,0.3963882865005728,124.39930332241829,0,90,3.0,3,0.9669959447921297
4.305,0.4,120.92492557678784,0,90,3.0,3,0.8953592902430483
4.31,0.39638828650057273,116.0245740180913,0,90,3.0,3,0.7943211137750783
4.315,0.38574763795443656,110.28238106058919,0,90,3.0,3,0.6759253826925605
4.32,0.36864417891908974,104.30907561334334,0,90,3.0,3,0.5527644456359452
4.325,0.345965766895568,98.6415712793539,0,90,3.0,3,0.4359086861722453
4.33,0.3188456651783249,93.6740434529619,0,90,3.0,3,0.33348543201983294
4.335,0.28856891614190205,89.63034940982568,0,90,3.0,3,0.2501102971098079
4.34,0.2564721553719815,86.57473954303919,0,90,3.0,3,0.18710803181524094
4.345,0.22384764873847685,84.44866361769579,0,90,3.0,3,0.14327141479785124
4.35,0.19186090753201765,83.11819220215345,0,90,3.0,3,0.11583901447739076
4.355,0.16148868344343878,82.41862451624381,0,90,3.0,3,0.10141493847925381
4.36,0.1334809643017881,82.18799509627023,0,90,3.0,3,0.09665969270660264
4.365,0.10834733138818531,82.28682237523886,0,90,3.0,3,0.09869736856162589
4.37,0.08636519236690572,82.60568848479885,0,90,3.0,3,0.10527192752162572
4.375,0.06760532616242629,83.06437767994352,0,90,3.0,3,0.11472943669986636
4.38,0.05196904332202373,83.60657572185288,0,90,3.0,3,0.1259087777701624
4.385,0.03923107185803287,84.19327652565775,0,90,3.0,3,0.13800570155995362
4.39,0.02908287038705761,84.79681238752046,0,90,3.0,3,0.15044973994887548
4.395,0.02117220077308346,85.39633568541677,0,90,3.0,3,0.16281104506013966
4.4,0.0151361834125735,85.97485268165033,0,90,3.0,3,0.1747392305494914
4.405,0.010626454858290009,86.51754484480858,0,90,3.0,3,0.1859287596867749
4.41,0.007326255555493652,87.01100620937522,0,90,3.0,3,0.1961032208118603
4.415,0.004960179211183015,87.44305757969148,0,90,3.0,3,0.2050114964884842
4.42,0.0032978759379303545,87.80288062565299,0,90,3.0,3,0.21243052836397916
4.425,0.002153242296767213,88.08129736840638,0,90,3.0,3,0.21817107976095634
4.43,0.001380616732225004,88.27108409960722,0,90,3.0,3,0.22208420823932418
4.435,0.0008693106590991584,88.36725163164235,0,90,3.0,3,0.2240670439513886
4.44,0.000537524815942247,88.36725098136066,0,90,3.0,3,0.22406703054351867
4.445,0.0003263951340288585,88.27108106749418,0,90,3.0,3,0.22208414572152949
4.45,0.00019463030985187395,88.08128718829578,0,90,3.0,3,0.21817086986176856
4.455,0.00011397219555062695,87.8028485326822,0,90,3.0,3,0.21242986665324134
4.46,6.55403863487943e-05,87.44296094113716,0,90,3.0,3,0.20500950394097234
4.465,3.701184389455385e-05,87.01072789127237,0,90,3.0,3,0.19609748229427562
4.47,2.0525516217290957e-05,86.51677814238163,0,90,3.0,3,0.18591295138931185
4.475,1.1178128483661116e-05,85.97283240911523,0,90,3.0,3,0.1746975754456748
4.48,5.978135409912517e-06,85.39124365390401,0,90,3.0,3,0.16270605471967037
4.485,3.1396702713238487e-06,84.78453601023728,0,90,3.0,3,0.15019661876777887
4.49,1.6192875458531019e-06,84.16496603515046,0,90,3.0,3,0.13742198010619497
4.495,8.201353897972012e-07,83.54412713946391,0,90,3.0,3,0.1246211781332765
4.5,4.0791415086824765e-07,82.93261397517247,0,90,3.0,3,0.11201265928190665
4.505,1.9923866938774793e-07,82.33975866855332,0,90,3.0,3,0.09978883852687248
4.51,9.556527981051257e-08,81.77344551129019,0,90,3.0,3,0.08811227858330291
4.515,4.501406988770349e-08,81.24000549186502,0,90,3.0,3,0.07711351529618597
4.52,0.0,80.74418725350604,0,90,3.0,3,0.06689045883517611
4.525,0.0,80.28919701594924,0,90,3.0,3,0.057509216823695704
4.53,0.0,79.87679691334424,0,90,3.0,3,0.04900612192462343
4.535,0.0,79.50744919237871,0,90,3.0,3,0.04139070499749928
4.54,0.0,79.18049279345243,0,90,3.0,3,0.034649335947472784
4.545,0.0,78.89433892375651,0,90,3.0,3,0.02874925615992798
4.55,0.0,78.64667317390271,0,90,3.0,3,0.023642745853664174
4.555,0.0,78.43465333156175,0,90,3.0,3,0.019271202712613355
4.56,0.0,78.25509408608843,0,90,3.0,3,0.015568950228627502
4.565,0.0,78.1046320774523,0,90,3.0,3,0.012466640772212247
4.57,0.0,77.97986702078465,0,90,3.0,3,0.009894165377003149
4.575,0.0,77.8774767681562,0,90,3.0,3,0.007783026147550509
4.58,0.0,77.79430602772567,0,90,3.0,3,0.0060681655201168605
4.585,0.0,77.72742996817897,0,90,3.0,3,0.004689277694411693
4.59,0.0,77.67419505762165,0,90,3.0,3,0.003591650672611244
4.595,0.0,77.63224022257143,0,90,3.0,3,0.0027266025272458896
4.6,0.0,77.59950179579116,0,90,3.0,3,0.0020515834183743443
4.605,0.0,77.57420580330856,0,90,3.0,3,0.00153001656306306
4.61,0.0,77.5548509845596,0,90,3.0,3,0.001130948135249341
4.615,0.0,77.54018561217582,0,90,3.0,3,0.000828569323212755
4.62,0.0,77.52918074358568,0,90,3.0,3,0.000601664816199668
4.625,0.0,77.5210020517766,0,90,3.0,3,0.00043303199539392604
4.63,0.0,77.51498189330299,0,90,3.0,3,0.0003089050165564477
4.635,0.0,77.51059281236297,0,90,3.0,3,0.00021840850232932745
4.64,0.0,77.50742327353117,0,90,3.0,3,0.00015305718620977095
4.645,0.0,77.50515607531464,0,90,3.0,3,0.00010631083122978725
4.65,0.0,77.5035496264011,0,90,3.0,3,7.31881732184723e-05
4.655,0.0,77.50242206416318,0,90,3.0,3,4.9939467282149394e-05
4.66,0.0,77.5016380541205,0,90,3.0,3,3.377431176299416e-05
4.665,0.0,77.50109802051347,0,90,3.0,3,2.263959821581836e-05
4.67,0.0,77.50072951170684,0,90,3.0,3,1.5041478491477542e-05
4.675,0.0,77.50048038969437,0,90,3.0,3,9.904942152044109e-06
4.68,0.0,77.50031354126278,0,90,3.0,3,6.46476830482796e-06
4.685,0.0,77.50020283146561,0,90,3.0,3,4.182092074523604e-06
4.69,0.0,77.5001300515579,0,90,3.0,3,2.6814754206854333e-06
4.695,0.0,77.50008264857955,0,90,3.0,3,1.7040944237109704e-06
4.7,0.0,77.50005205888155,0,90,3.0,3,1.0733790010405203e-06
4.705,0.0,77.500032500787,0,90,3.0,3,6.701193195947349e-07
4.71,0.0,77.50002011094722,0,90,3.0,3,4.146587055392675e-07
4.715,0.0,77.50001233419412,0,90,3.0,3,2.5431328092204194e-07
4.72,0.0,77.50000749770997,0,90,3.0,3,1.5459195820373688e-07
4.725,0.0,77.50000451737453,0,90,3.0,3,9.314174298731476e-08
4.73,0.0,77.50000269763487,0,90,3.0,3,5.562133751060248e-08
4.735,0.0,77.50000159668718,0,90,3.0,3,3.292138524219686e-08
4.74,0.0,77.5000009366905,0,90,3.0,3,1.9313206136298363e-08
4.745,0.001684486749771458,77.50000054464309,0,90,3.0,3,1.1229754354363397e-08
4.75,0.004172395771277602,77.50000031388278,0,90,3.0,3,6.4718098829618295e-09
4.755,0.009438687428818865,77.50000017929268,0,90,3.0,3,3.696756367230357e-09
4.76,0.019500507867137046,77.5000001015073,0,90,3.0,3,2.092933954438345e-09
4.765,0.03679496976339974,77.5000000569602,0,90,3.0,3,1.1744371889661349e-09
4.77,0.06340728953298436,77.50000003168002,0,90,3.0,3,6.531962233416427e-10
4.775,0.09979255396093453,77.5000000174638,0,90,3.0,3,3.6007844586886665e-10
4.78,0.14343835518453557,77.50000000954184,0,90,3.0,3,1.9673888177233485e-10
4.785,0.18829581417209276,77.50000000516731,0,90,3.0,3,1.0654244039129086e-10
4.79,0.2257481735193119,77.50000000277356,0,90,3.0,3,5.718682343248259e-11
4.795,0.24718154073554727,77.50000000147553,0,90,3.0,3,3.0423242390394625e-11
4.8,0.24718154074102772,77.50000000077803,0,90,3.0,3,1.6041857418610197e-11
4.805,0.22574817354072055,77.50000000040662,0,90,3.0,3,8.383818267341751e-12
4.81,0.18829581422840957,77.50000000021063,0,90,3.0,3,4.342954403891218e-12
4.815,0.14343835532456656,77.50000000010814,0,90,3.0,3,2.2297856573749948e-12
4.82,0.09979255431561854,77.50000000005502,0,90,3.0,4,1.1345243187064363e-12
4.825,0.06340729067170194,77.50000000002775,0,90,3.0,4,5.722432836863817e-13
4.83,0.03679497683410042,77.50000000001387,0,90,3.0,4,2.859751381863331e-13
4.835,0.019500578284482293,77.50000000000688,0,90,3.0,4,1.4181553983830453e-13
4.84,0.009439396781978427,77.50000000000338,0,90,3.0,4,6.973574066429025e-14
4.845,0.004178588733610924,77.50000000000165,0,90,3.0,4,3.3988848390998606e-14
4.85,0.0017299316936037381,77.5000000000008,0,90,3.0,4,1.640840956806829e-14
4.855,0.0008997325756988589,77.50000000000038,0,90,3.0,4,7.911197470318642e-15
4.86,0.001634769674224814,77.50000000000018,0,90,3.0,4,3.809095078301568e-15
4.865,0.00614904736476635,77.50000000000009,0,90,3.0,4,1.7580438822930315e-15
4.87,0.02168080359963608,77.50000000000004,0,90,3.0,4,8.790219411465157e-16
4.875,0.06433400338904088,77.50000000000001,0,90,3.0,4,2.9300731371550523e-16
4.88,0.1593410769217493,77.50000000000001,0,90,3.0,4,2.9300731371550523e-16
4.885,0.3291989194808569,77.5,0,90,3.0,4,0.0
4.89,0.5672906802982638,77.5,0,90,3.0,4,0.0
4.895,0.815339152120446,77.5,0,90,3.0,4,0.0
4.9,0.9768711246313155,77.50000284141352,1,90,3.0,4,5.8585845746287324e-08
4.905,0.9726380909165361,77.50000602320215,0,90,3.0,4,1.2418973498599896e-07
4.91,0.7921091683291741,77.50001390847572,0,90,3.0,4,2.867726953040473e-07
4.915,0.49139090102639077,77.50003667560723,0,90,3.0,4,7.56198087296089e-07
4.92,0.15739335672107918,77.50011059338524,0,90,3.0,4,2.2802759844191463e-06
4.925,-0.11102342218909485,77.50036189007052,0,90,3.0,4,7.4616509385981134e-06
4.93,-0.2314207883647528,77.50120558702137,0,90,3.0,4,2.4857464358232973e-05
4.935,-0.2029124434754801,77.50391036506441,0,90,3.0,4,8.062608380234367e-05
4.94,-0.11151350554305876,77.51205286547585,0,90,3.0,4,0.0002485126902237444
4.945,-0.039430666652076896,77.5348850163741,0,90,3.0,4,0.000719278688125872
4.95,-0.006087703519843621,77.59427278888509,0,90,3.0,4,0.0019437688429915978
4.955,0.005350271385530551,77.73721226669761,0,90,3.0,4,0.004890974571084765
4.96,0.010381647827441833,78.0550086364351,0,90,3.0,4,0.011443477039899064
4.965,0.015115203303506243,78.7066248131426,0,90,3.0,4,0.024878862126651476
4.97,0.021170964062928475,79.93666476058841,0,90,3.0,4,0.05024051052759616
4.975,0.029082821134029553,82.06966753381477,0,90,3.0,4,0.09421994915081991
4.98,0.03923107061708144,85.45778358580941,0,90,3.0,4,0.16407801207854453
4.985,0.051969043308817596,90.36749712734111,0,90,3.0,4,0.26530921912043526
4.99,0.06760532616283861,96.81881381212173,0,90,3.0,4,0.39832605798189136
4.995,0.08636519236693461,104.43099035060901,0,90,3.0,4,0.5552781515589487
5.0,0.10834733138818661,112.35958137529082,0,90,3.0,4,0.7187542551606354
5.005,0.1334809643017884,119.4003706123145,0,90,3.0,4,0.8639251672642165
5.01,0.16148868344343945,124.27266369891016,0,90,3.0,4,0.9643848185342302
5.015,0.191860907532018,126.0,0,90,3.0,4,1.0
5.02,0.22384764873847726,124.23551301661355,0,90,3.0,4,0.9636188250848156
5.025,0.25647215537198226,119.38441220181832,0,90,3.0,4,0.8635961278725427
5.03,0.2885689161419028,112.46530195676898,0,90,3.0,4,0.7209340609643089
5.035,0.31884566517832524,104.77609572874769,0,90,3.0,4,0.5623937263659318
5.04,0.3459657668955683,97.51510203100418,0,90,3.0,4,0.4126825161031789
5.045,0.3686441789190902,91.50737445707495,0,90,3.0,4,0.2888118444757721
5.05,0.3857476379544367,87.11225858587437,0,90,3.0,4,0.1981908986778221
5.055,0.3963882865005728,84.29424759822729,0,90,3.0,4,0.14008757934489252
5.06,0.4,82.77940077248911,0,90,3.0,4,0.10885362417503323
5.065,0.39638828650057273,82.21366852739418,0,90,3.0,4,0.09718904180194178
5.07,0.38574763795443656,82.27174039653985,0,90,3.0,4,0.09838639992865679
5.075,0.36864417891908974,82.70539350031173,0,90,3.0,4,0.10732770103735523
5.08,0.345965766895568,83.34686082867735,0,90,3.0,4,0.12055383151912062
5.085,0.3188456651783249,84.09021653841471,0,90,3.0,4,0.13588075336937544
5.09,0.28856891614190205,84.8686223908513,0,90,3.0,4,0.1519303585742536
5.095,0.2564721553719815,85.6364398089941,0,90,3.0,4,0.16776164554627004
5.1,0.22384764873847685,86.35833960937738,0,90,3.0,4,0.1826461775129357
5.105,0.19186090753201765,87.00413060605341,0,90,3.0,4,0.19596145579491564
5.11,0.16148868344343878,87.54719230360597,0,90,3.0,4,0.2071586041980612
5.115,0.1334809643017881,87.9647580630516,0,90,3.0,4,0.2157682074856001
5.12,0.10834733138818531,88.23891533843656,0,90,3.0,4,0.22142093481312486
5.125,0.08636519236690572,88.35767975220547,0,90,3.0,4,0.22386968561248394
5.13,0.06760532616242629,88.31580122051929,0,90,3.0,4,0.2230062107323565
5.135,0.05196904332202373,88.1151308889805,0,90,3.0,4,0.21886867812330932
5.14,0.03923107185803287,87.76448070910753,0,90,3.0,4,0.21163877750737176
5.145,0.02908287038705761,87.27898053878907,0,90,3.0,4,0.20162846471730042
5.15,0.02117220077308346,86.67899535312071,0,90,3.0,4,0.1892576361468188
5.155,0.0151361834125735,85.9887098085372,0,90,3.0,4,0.17502494450592154
5.16,0.010626454858290009,85.23451691398876,0,90,3.0,4,0.15947457554615993
5.165,0.007326255555493652,84.44335977110556,0,90,3.0,4,0.14316205713619717
5.17,0.004960179211183015,83.641169909098,0,90,3.0,4,0.126622059981402
5.175,0.0032978759379303545,82.85152460724532,0,90,3.0,4,0.11034071355144998
5.18,0.002153242296767213,82.09461270593953,0,90,3.0,4,0.09473428259669124
5.185,0.001380616732225004,81.38655896338032,0,90,3.0,4,0.08013523635835719
5.19,0.0008693106590991584,80.7391165974011,0,90,3.0,4,0.06678590922476481
5.195,0.000537524815942247,80.15970133410246,0,90,3.0,4,0.054839202764999276
5.2,0.0003263951340288585,79.65171194034743,0,90,3.0,4,0.04436519464633867
5.205,0.00019463030985187395,79.2150641053718,0,90,3.0,4,0.03536214650251123
5.21,0.00011397219555062695,78.84685720699574,0,90,3.0,4,0.027770251690633733
5.215,6.55403863487943e-05,78.54209597968156,0,90,3.0,4,0.021486515044980666
5.22,3.701184389455385e-05,78.29439930474261,0,90,3.0,4,0.01637936710809509
5.225,2.0525516217290957e-05,78.09664356285721,0,90,3.0,4,0.012301929131076495
5.23,1.1178128483661116e-05,77.94150541295326,0,90,3.0,4,0.009103204390788908
5.235,5.978135409912517e-06,77.82188599005731,0,90,3.0,4,0.00663682453726414
5.24,3.1396702713238487e-06,77.7312134456517,0,90,3.0,4,0.004767287539210398
5.245,1.6192875458531019e-06,77.66363231176639,0,90,3.0,4,0.0033738620982761243
5.25,8.201353897972012e-07,77.61409589393084,0,90,3.0,4,0.0023524926583677864
5.255,4.0791415086824765e-07,77.57838192653549,0,90,3.0,4,0.001616122196607939
5.26,1.9923866938774793e-07,77.55305261813884,0,90,3.0,4,0.001093868415233718
5.265,9.556527981051257e-08,77.53537876574086,0,90,3.0,4,0.0007294590874403887
5.27,4.501406988770349e-08,77.52324467632434,0,90,3.0,4,0.0004792716767904907
5.275,0.0,77.51504697840599,0,90,3.0,4,0.00031024697744310895
5.28,0.0,77.50959665895905,0,90,3.0,4,0.0001978692568877236
5.285,0.0,77.50603025661913,0,90,3.0,4,0.00012433518802323334
5.29,0.0,77.50373333099382,0,90,3.0,4,7.697589677989236e-05
5.295,0.0,77.5022772051987,0,90,3.0,4,4.695268450917087e-05
5.3,0.0,77.50136852522381,0,90,3.0,4,2.821701492392741e-05
5.305,0.0,77.50081030480717,0,90,3.0,4,1.670731561184719e-05
5.31,0.0,77.50047270369095,0,90,3.0,4,9.74646785455183e-06
5.315,0.0,77.50027169055465,0,90,3.0,4,5.601867106287097e-06
5.32,0.0,77.50015385267672,0,90,3.0,4,3.172220138510253e-06
5.325,0.0,77.50008583818806,0,90,3.0,4,1.7698595475502367e-06
5.33,0.001684486749771458,77.50004718467801,0,90,3.0,4,9.728799589716687e-07
5.335,0.004172395771277602,77.50002555444298,0,90,3.0,4,5.268957316453339e-07
5.34,0.009438687428818865,77.50001363568033,0,90,3.0,4,2.811480480909971e-07
5.345,0.019500507867137046,77.5000071685641,0,90,3.0,4,1.478054452805155e-07
5.35,0.03679496976339974,77.50000371306459,0,90,3.0,4,7.655803271058944e-08
5.355,0.06340728953298436,77.50000189486295,0,90,3.0,4,3.906933912243328e-08
5.36,0.09979255396093453,77.50000095272611,0,90,3.0,4,1.9643837347138823e-08
5.365,0.14343835518453557,77.50000047195795,0,90,3.0,4,9.731091680449251e-09
5.37,0.18829581417209276,77.50000023034751,0,90,3.0,4,4.749433194952759e-09
5.375,0.2257481735193119,77.50000011076656,0,90,3.0,4,2.2838466787847602e-09
5.38,0.24718154073554727,77.50000005247819,0,90,3.0,4,1.082024440264147e-09
5.385,0.24718154074102772,77.50000002449593,0,90,3.0,4,5.050707710024747e-10
5.39,0.22574817354072055,77.5000000112656,0,90,3.0,4,2.322803759187119e-10
5.395,0.18829581422840957,77.50000000510457,0,90,3.0,4,1.0524881310123691e-10
5.4,0.14343835532456656,77.50000000227881,0,90,3.0,4,4.6985773805477274e-11
5.405,0.09979255431561854,77.50000000100232,0,90,3.0,4,2.0666391850982016e-11
5.41,0.06340729067170194,77.50000000043435,0,90,3.0,4,8.955768543714417e-12
5.415,0.03679497683410042,77.50000000018545,0,90,3.0,4,3.823745443987344e-12
5.42,0.019500578284482293,77.50000000007802,0,90,3.0,4,1.6086101522981237e-12
5.425,0.009439396781978427,77.50000000003233,0,90,3.0,4,6.665916387027744e-13
5.43,0.004178588733610924,77.5000000000132,0,90,3.0,4,2.7220379444170435e-13
5.435,0.0017299316936037381,77.50000000000531,0,90,3.0,4,1.0958473532959896e-13
5.44,0.0008997325756988589,77.5000000000021,0,90,3.0,4,4.336508242989477e-14
5.445,0.001634769674224814,77.50000000000082,0,90,3.0,4,1.6994424195499303e-14
5.45,0.00614904736476635,77.50000000000031,0,90,3.0,4,6.446160901741115e-15
5.455,0.02168080359963608,77.50000000000011,0,90,3.0,4,2.344058509724042e-15
5.46,0.06433400338904088,77.50000000000004,0,90,3.0,4,8.790219411465157e-16
5.465,0.1593410769217493,77.50000000000001,0,90,3.0,4,2.9300731371550523e-16
5.47,0.3291989194808569,77.5,0,90,3.0,4,0.0
5.475,0.5672906802982638,77.5,0,90,3.0,4,0.0
5.48,0.815339152120446,77.5,0,90,3.0,4,0.0
5.485,0.9768711246313155,77.5000028559769,1,90,3.0,4,5.888612169243417e-08
5.49,0.9726380909165361,77.50000532279577,0,90,3.0,4,1.0974836643597264e-07
5.495,0.7921091683291741,77.50001046219916,0,90,3.0,4,2.1571544653177382e-07
5.5,0.49139090102639077,77.50002236973569,0,90,3.0,4,4.612316636845095e-07
5.505,0.15739335672107918,77.50005283830866,0,90,3.0,4,1.0894496631291197e-06
5.51,-0.11102342218909485,77.50013587363745,0,90,3.0,4,2.8015182978772817e-06
5.515,-0.2314207883647528,77.5003669090899,0,90,3.0,4,7.5651358743344485e-06
5.52,-0.2029124434754801,77.50100252957115,0,90,3.0,4,2.0670712807275814e-05
5.525,-0.11151350554305876,77.50269808759987,0,90,3.0,4,5.563067216221545e-05
5.53,-0.039430666652076896,77.50703606177477,0,90,3.0,4,0.00014507343865504256
5.535,-0.006087703519843621,77.51761760128413,0,90,3.0,4,0.0003632495110129813
5.54,0.005350271385530551,77.54214594810216,0,90,3.0,4,0.0008689886206630927
5.545,0.010381647827441833,77.59607148804095,0,90,3.0,4,0.001980855423524708
5.55,0.015115203303506243,77.70836641529843,0,90,3.0,4,0.004296214748421203
5.555,0.021170964062928475,77.9296371645962,0,90,3.0,4,0.00885849823909693
5.56,0.029082821134029553,78.34181317749781,0,90,3.0,4,0.017356972731913653
5.565,0.03923107061708144,79.06694003244453,0,90,3.0,4,0.032308041906072886
5.57,0.051969043308817596,80.27039973466908,0,90,3.0,4,0.05712164401379555
5.575,0.06760532616283861,82.15204812412557,0,90,3.0,4,0.09591851802320765
5.58,0.08636519236693461,84.91878188632971,0,90,3.0,4,0.15296457497587032
5.585,0.10834733138818661,88.73551809123555,0,90,3.0,4,0.23166016682959892
5.59,0.1334809643017884,93.65914328335853,0,90,3.0,4,0.33317821202801096
5.595,0.16148868344343945,99.57021109016665,0,90,3.0,4,0.4550558987663227
5.6,0.191860907532018,106.12601860410251,0,90,3.0,4,0.5902271877134538
5.605,0.22384764873847726,112.76070620171899,0,90,3.0,4,0.7270248701385359
5.61,0.25647215537198226,118.74904589712469,0,90,3.0,4,0.8504957916932926
5.615,0.2885689161419028,123.33095343606797,0,90,3.0,4,0.9449681120838758
5.62,0.31884566517832524,125.86982346258154,0,90,3.0,4,0.9973159476820935
5.625,0.3459657668955683,126.0,0,90,3.0,4,1.0
5.63,0.3686441789190902,123.71659365765862,0,90,3.0,4,0.9529194568589406
5.635,0.3857476379544367,119.37750327034487,0,90,3.0,4,0.8634536756772139
5.64,0.3963882865005728,113.61693373312906,0,90,3.0,4,0.7446790460438981
5.645,0.4,107.1994396772741,0,90,3.0,4,0.6123595809747238
5.65,0.39638828650057273,100.86092501705839,0,90,3.0,4,0.48166855705275036
5.655,0.38574763795443656,95.1817546936844,0,90,3.0,4,0.3645722617254515
5.66,0.36864417891908974,90.51987078315264,0,90,3.0,4,0.26845094398252867
5.665,0.345965766895568,87.00790995248987,0,90,3.0,4,0.1960393804637086
5.67,0.3188456651783249,84.59832904861847,0,90,3.0,4,0.14635729997151478
5.675,0.28856891614190205,83.1310525189016,0,90,3.0,4,0.11610417564745562
5.68,0.2564721553719815,82.3997557140502,0,90,3.0,4,0.10102589101134435
5.685,0.22384764873847685,82.20156942287257,0,90,3.0,4,0.09693957572933126
5.69,0.19186090753201765,82.36525669130226,0,90,3.0,4,0.10031457095468585
5.695,0.16148868344343878,82.7606535757584,0,90,3.0,4,0.1084670840362556
5.7,0.1334809643017881,83.29581260087586,0,90,3.0,4,0.11950129073970851
5.705,0.10834733138818531,83.90842695672737,0,90,3.0,4,0.1321325145716983
5.71,0.08636519236690572,84.5563214845295,0,90,3.0,4,0.14549116462947434
5.715,0.06760532616242629,85.20957635581584,0,90,3.0,4,0.15896033723331632
5.72,0.05196904332202373,85.84509877246532,0,90,3.0,4,0.1720638922157798
5.725,0.03923107185803287,86.44344703944434,0,90,3.0,4,0.18440096988545024
5.73,0.02908287038705761,86.9873203919718,0,90,3.0,4,0.19561485344271767
5.735,0.02117220077308346,87.46110737664404,0,90,3.0,4,0.2053836572503925
5.74,0.0151361834125735,87.85101771835403,0,90,3.0,4,0.21342304573925833
5.745,0.010626454858290009,88.14547665780357,0,90,3.0,4,0.21949436407842413
5.75,0.007326255555493652,88.33558265324804,0,90,3.0,4,0.22341407532470184
5.755,0.004960179211183015,88.4155104714467,0,90,3.0,4,0.2250620715762205
5.76,0.0032978759379303545,88.38279169046189,0,90,3.0,4,0.22438745753529662
5.765,0.002153242296767213,88.23843584842453,0,90,3.0,4,0.22141104842112433
5.77,0.001380616732225004,87.98687694430782,0,90,3.0,4,0.21622426689294483
5.775,0.0008693106590991584,87.63574669193319,0,90,3.0,4,0.20898446787491118
5.78,0.000537524815942247,87.19548983856592,0,90,3.0,4,0.1999070069807406
5.785,0.0003263951340288585,86.67884832356206,0,90,3.0,4,0.18925460460952712
5.79,0.00019463030985187395,86.10024972200065,0,90,3.0,4,0.17732473653609598
5.795,0.00011397219555062695,85.47514083173311,0,90,3.0,4,0.16443589343779616
5.8,6.55403863487943e-05,84.8193091416906,0,90,3.0,4,0.15091359055032155
5.805,3.701184389455385e-05,84.14823329326723,0,90,3.0,4,0.13707697511891184
5.81,2.0525516217290957e-05,83.4764988703321,0,90,3.0,4,0.12322678083158957
5.815,1.1178128483661116e-05,82.81730856425602,0,90,3.0,4,0.10963522812899018
5.82,5.978135409912517e-06,82.18210679415621,0,90,3.0,4,0.096538284415592
5.825,3.1396702713238487e-06,81.58032915007796,0,90,3.0,4,0.0841304979397517
5.83,1.6192875458531019e-06,81.01927748638333,0,90,3.0,4,0.07256242239965631
5.835,8.201353897972012e-07,80.50411293388099,0,90,3.0,4,0.06194047286352556
5.84,4.0791415086824765e-07,80.0379521490593,0,90,3.0,4,0.05232891028988234
5.845,1.9923866938774793e-07,79.62204717610366,0,90,3.0,4,0.043753550022755945
5.85,9.556527981051257e-08,79.25602651946383,0,90,3.0,4,0.03620673236007898
5.855,4.501406988770349e-08,78.93817434270727,0,90,3.0,4,0.029653079231077746
5.86,0.0,78.66572586716714,0,90,3.0,4,0.024035584890044124
5.865,0.0,78.4351596525627,0,90,3.0,4,0.019281642320880477
5.87,0.0,78.24247104050093,0,90,3.0,4,0.01530868124744187
5.875,0.0,78.08341515681951,0,90,3.0,4,0.01202917849112397
5.88,0.0,77.9537120638225,0,90,3.0,4,0.009354887913865843
5.885,0.0,77.84921056697603,0,90,3.0,4,0.007200217875794358
5.89,0.0,77.7660105476462,0,90,3.0,4,0.005484753559715538
5.895,0.0,77.70054635288413,0,90,3.0,4,0.004134976348126429
5.9,0.0,77.64963566223828,0,90,3.0,4,0.003085271386356329
5.905,0.0,77.61049939044275,0,90,3.0,4,0.002278337947273288
5.91,0.0,77.58075865645289,0,90,3.0,4,0.0016651269371729105
5.915,0.0,77.55841477639846,0,90,3.0,4,0.0012044283793497855
5.92,0.0,77.5418177616279,0,90,3.0,4,0.0008622218892349844
5.925,0.0,77.52962806422242,0,90,3.0,4,0.00061088792211179
5.93,0.0,77.52077543867118,0,90,3.0,4,0.0004283595602305116
5.935,0.0,77.51441788504393,0,90,3.0,4,0.000297275980287135
5.94,0.0,77.50990278488175,0,90,3.0,4,0.00020418113158238505
5.945,0.0,77.50673158853434,0,90,3.0,4,0.00013879563988322056
5.95,0.0,77.50452879027938,0,90,3.0,4,9.337711916247929e-05
5.955,0.0,77.50301544414165,0,90,3.0,4,6.217410601345935e-05
5.96,0.0,77.50198712321371,0,90,3.0,4,4.097161265379787e-05
5.965,0.0,77.50129599324023,0,90,3.0,4,2.6721510107915127e-05
5.97,0.0,77.5008365369072,0,90,3.0,4,1.724818365362845e-05
5.975,0.0,77.50053440671559,0,90,3.0,4,1.1018695166751864e-05
5.98,0.0,77.50033788050787,0,90,3.0,4,6.966608409713219e-06
5.985,0.0,77.50021142619804,0,90,3.0,4,4.359303052273596e-06
5.99,0.0,77.5001309359467,0,90,3.0,4,2.6997102412392965e-06
5.995,0.0,77.50008025339538,0,90,3.0,4,1.6547091831267307e-06
6.0,0.0,77.5000486824436,0,90,3.0,4,1.0037617238191797e-06
6.005,0.0,77.50002922710189,0,90,3.0,4,6.026206575398581e-07
6.01,0.0,77.50001736615083,0,90,3.0,4,3.580649655356593e-07
6.015,0.0,77.5000102123529,0,90,3.0,4,2.1056397741565739e-07
6.02,0.0,77.5000059436399,0,90,3.0,4,1.2254927640373652e-07
6.025,0.0,77.50000342360457,0,90,3.0,5,7.058978490397177e-08
6.03,0.001684486749771458,77.50000195172728,0,90,3.0,5,4.024179968406109e-08
6.035,0.004172395771277602,77.500001101182,0,90,3.0,5,2.270478337299416e-08
6.04,0.009438687428818865,77.5000006148986,0,90,3.0,5,1.2678321567851602e-08
6.045,0.019500507867137046,77.50000033982265,0,90,3.0,5,7.006652541096309e-09
6.05,0.03679496976339974,77.50000018586842,0,90,3.0,5,3.832338469476678e-09
6.055,0.06340728953298436,77.50000010061513,0,90,3.0,5,2.0745386622759717e-09
6.06,0.09979255396093453,77.50000005390454,0,90,3.0,5,1.1114338773490858e-09
6.065,0.14343835518453557,77.50000002858195,0,90,3.0,5,5.893185779004665e-10
6.07,0.18829581417209276,77.50000001499902,0,90,3.0,5,3.092580853487946e-10
6.075,0.2257481735193119,77.50000000779002,0,90,3.0,5,1.6061899118868336e-10
6.08,0.24718154073554727,77.50000000400422,0,90,3.0,5,8.256125680024534e-11
6.085,0.24718154074102772,77.50000000203705,0,90,3.0,5,4.20011333845491e-11
6.09,0.22574817354072055,77.50000000102563,0,90,3.0,5,2.1146923845475444e-11
6.095,0.18829581422840957,77.50000000051108,0,90,3.0,5,1.053771503046443e-11
6.1,0.14343835532456656,77.50000000025204,0,90,3.0,5,5.196777716058201e-12
6.105,0.09979255431561854,77.50000000012302,0,90,3.0,5,2.5365643148351288e-12
6.11,0.06340729067170194,77.50000000005943,0,90,3.0,5,1.225356585958243e-12
6.115,0.03679497683410042,77.50000000002841,0,90,3.0,5,5.85721620117295e-13
6.12,0.019500578284482293,77.50000000001344,0,90,3.0,5,2.7718491877486797e-13
6.125,0.009439396781978427,77.5000000000063,0,90,3.0,5,1.298022399759688e-13
6.13,0.004178588733610924,77.50000000000291,0,90,3.0,5,6.006649931167857e-14
6.135,0.0017299316936037381,77.50000000000134,0,90,3.0,5,2.7542687489257492e-14
6.14,0.0008997325756988589,77.50000000000061,0,90,3.0,5,1.2599314489766724e-14
6.145,0.001634769674224814,77.50000000000027,0,90,3.0,5,5.567138960594599e-15
6.15,0.00614904736476635,77.50000000000011,0,90,3.0,5,2.344058509724042e-15
6.155,0.02168080359963608,77.50000000000006,0,90,3.0,5,1.172029254862021e-15
6.16,0.06433400338904088,77.50000000000003,0,90,3.0,5,5.860146274310105e-16
6.165,0.1593410769217493,77.50000000000001,0,90,3.0,5,2.9300731371550523e-16
6.17,0.3291989194808569,77.5,0,90,3.0,5,0.0
6.175,0.5672906802982638,77.5,0,90,3.0,5,0.0
6.18,0.815339152120446,77.5,0,90,3.0,5,0.0
6.185,0.9768711246313155,77.50000284150002,1,90,3.0,5,5.858762928180591e-08
6.19,0.9726380909165361,77.5000055087254,0,90,3.0,5,1.1358196688794948e-07
6.195,0.7921091683291741,77.50001136395807,0,90,3.0,5,2.3430841373428661e-07
6.2,0.49139090102639077,77.50002585890292,0,90,3.0,5,5.331732559967612e-07
6.205,0.15739335672107918,77.50006577270929,0,90,3.0,5,1.356138335905626e-06
6.21,-0.11102342218909485,77.50018247875063,0,90,3.0,5,3.76244846661487e-06
6.215,-0.2314207883647528,77.50052776496497,0,90,3.0,5,1.0881751855078582e-05
6.22,-0.2029124434754801,77.50152756139154,0,90,3.0,5,3.1496111165786474e-05
6.225,-0.11151350554305876,77.50430755613382,0,90,3.0,5,8.88155903881271e-05
6.23,-0.039430666652076896,77.5116563600092,0,90,3.0,5,0.00024033731977727622
6.235,-0.006087703519843621,77.53002739545968,0,90,3.0,5,0.0006191215558697577
6.24,0.005350271385530551,77.57333096905042,0,90,3.0,5,0.0015119787433075698
6.245,0.010381647827441833,77.66940490223725,0,90,3.0,5,0.0034928845822112743
6.25,0.015115203303506243,77.86976747664984,0,90,3.0,5,0.007624071683501874
6.255,0.021170964062928475,78.26211431813414,0,90,3.0,5,0.01571369728111625
6.26,0.029082821134029553,78.98267513398078,0,90,3.0,5,0.03057062131919128
6.265,0.03923107061708144,80.22218766058688,0,90,3.0,5,0.05612758063065738
6.27,0.051969043308817596,82.21612057642412,0,90,3.0,5,0.09723959951389932
6.275,0.06760532616283861,85.20932922752098,0,90,3.0,5,0.15895524180455634
6.28,0.08636519236693461,89.39039798617173,0,90,3.0,5,0.24516284507570588
6.285,0.10834733138818661,94.8028006534978,0,90,3.0,5,0.35675877636077935
6.29,0.1334809643017884,101.25612781731577,0,90,3.0,5,0.48981706839826333
6.295,0.16148868344343945,108.27370857382006,0,90,3.0,5,0.6345094551303105
6.3,0.191860907532018,115.11341104223824,0,90,3.0,5,0.775534248293572
6.305,0.22384764873847726,120.88000833622657,0,90,3.0,5,0.8944331615716817
6.31,0.25647215537198226,124.71329532894552,0,90,3.0,5,0.9734700067823818
6.315,0.2885689161419028,126.0,0,90,3.0,5,1.0
6.32,0.31884566517832524,124.53834900968857,0,90,3.0,5,0.9698628661791459
6.325,0.3459657668955683,120.59493192202842,0,90,3.0,5,0.8885552973614108
6.33,0.3686441789190902,114.83222413300682,0,90,3.0,5,0.7697365800619963
6.335,0.3857476379544367,108.13422420586735,0,90,3.0,5,0.6316334887807702
6.34,0.3963882865005728,101.3936098555063,0,90,3.0,5,0.492651749598068
6.345,0.4,95.33064507931,0,90,3.0,5,0.3676421665837114
6.35,0.39638828650057273,90.39185276201252,0,90,3.0,5,0.2658113971548973
6.355,0.38574763795443656,86.73955542986523,0,90,3.0,5,0.19050629752299453
6.36,0.36864417891908974,84.31059562557269,0,90,3.0,5,0.14042465207366367
6.365,0.345965766895568,82.9065602268215,0,90,3.0,5,0.11147546859425768
6.37,0.3188456651783249,82.28033336831763,0,90,3.0,5,0.09856357460448717
6.375,0.28856891614190205,82.19778113694667,0,90,3.0,5,0.09686146674116852
6.38,0.2564721553719815,82.46927305071628,0,90,3.0,5,0.1024592381590986
6.385,0.22384764873847685,82.95682150774277,0,90,3.0,5,0.11251178366479946
6.39,0.19186090753201765,83.56687754099825,0,90,3.0,5,0.12509025857728348
6.395,0.16148868344343878,84.23787322707521,0,90,3.0,5,0.1389252211768085
6.4,0.1334809643017881,84.92832444149448,0,90,3.0,5,0.15316132869060786
6.405,0.10834733138818531,85.60801881012263,0,90,3.0,5,0.16717564556953876
6.41,0.08636519236690572,86.25260772478875,0,90,3.0,5,0.18046613865543806
6.415,0.06760532616242629,86.84089403560439,0,90,3.0,5,0.19259575331143078
6.42,0.05196904332202373,87.35388295636871,0,90,3.0,5,0.20317284446121045
6.425,0.03923107185803287,87.77481720348132,0,90,3.0,5,0.21185190110270763
6.43,0.02908287038705761,88.08966243795557,0,90,3.0,5,0.21834355542176428
6.435,0.02117220077308346,88.28771551986046,0,90,3.0,5,0.22242712412083412
6.44,0.0151361834125735,88.36214631799686,0,90,3.0,5,0.22396177975251258
6.445,0.010626454858290009,88.31036736727964,0,90,3.0,5,0.22289417252122967
6.45,0.007326255555493652,88.13417633763018,0,90,3.0,5,0.21926136778618927
6.455,0.004960179211183015,87.83965035915766,0,90,3.0,5,0.213188667199127
6.46,0.0032978759379303545,87.43679744267308,0,90,3.0,5,0.20488242149841407
6.465,0.002153242296767213,86.9389917989111,0,90,3.0,5,0.1946183876064145
6.47,0.001380616732225004,86.36223716698538,0,90,3.0,5,0.18272653952547177
6.475,0.0008693106590991584,85.72431461211428,0,90,3.0,5,0.16957349715699555
6.48,0.000537524815942247,85.04387789533241,0,90,3.0,5,0.15554387413056525
6.485,0.0003263951340288585,84.33956014461978,0,90,3.0,5,0.14102185865195427
6.49,0.00019463030985187395,83.62915046826862,0,90,3.0,5,0.1263742364591468
6.495,0.00011397219555062695,82.92888923969679,0,90,3.0,5,0.11193586061230489
6.5,6.55403863487943e-05,82.25291740154772,0,90,3.0,5,0.09799829693912823
6.505,3.701184389455385e-05,81.61289990625842,0,90,3.0,5,0.08480205992285401
6.51,2.0525516217290957e-05,81.01782800176962,0,90,3.0,5,0.07253253611896114
6.515,1.1178128483661116e-05,80.47399100328275,0,90,3.0,5,0.0613194021295412
6.52,5.978135409912517e-06,79.9850966673004,0,90,3.0,5,0.05123910654227622
6.525,3.1396702713238487e-06,79.55251108450634,0,90,3.0,5,0.04231981617538835
6.53,1.6192875458531019e-06,79.17558445710158,0,90,3.0,5,0.034548133136115024
6.535,8.201353897972012e-07,78.85202811529082,0,90,3.0,5,0.027876868356511774
6.54,4.0791415086824765e-07,78.57831019218708,0,90,3.0,5,0.022233199838908767
6.545,1.9923866938774793e-07,78.35004180586505,0,90,3.0,5,0.01752663517247519
6.55,9.556527981051257e-08,78.16233155760507,0,90,3.0,5,0.013656320775362298
6.555,4.501406988770349e-08,78.01009280593172,0,90,3.0,5,0.01051737744189113
6.56,0.0,77.88829476616297,0,90,3.0,5,0.008006077652844772
6.565,0.0,77.79215442099877,0,90,3.0,5,0.006023802494820002
6.57,0.0,77.71727110655786,0,90,3.0,5,0.004479816630058962
6.575,0.0,77.65970925268655,0,90,3.0,5,0.003292974282196985
6.58,0.0,77.61603707332719,0,90,3.0,5,0.0023925169758183882
6.585,0.0,77.58333012691409,0,90,3.0,5,0.0017181469466823053
6.59,0.0,77.55914879585012,0,90,3.0,5,0.0012195628010334112
6.595,0.0,77.54149811404007,0,90,3.0,5,0.0008556312173209687
6.6,0.0,77.52877725728622,0,90,3.0,5,0.0005933455110561316
6.605,0.0,77.51972463735181,0,90,3.0,5,0.0004066935536456509
6.61,0.0,77.51336310074132,0,90,3.0,5,0.00027552785033640716
6.615,0.0,77.50894837231351,0,90,3.0,5,0.0001845025219280774
6.62,0.0,77.50592269592266,0,90,3.0,5,0.00012211744170440163
6.625,0.0,77.50387465835057,0,90,3.0,5,7.988986289831832e-05
6.63,0.0,77.50250545138663,0,90,3.0,5,5.1658791476807595e-05
6.635,0.0,77.50160131633649,0,90,3.0,5,3.301683168021236e-05
6.64,0.0,77.50101159546982,0,90,3.0,5,2.0857638552975802e-05
6.645,0.0,77.5006316481158,0,90,3.0,5,1.3023672490711779e-05
6.65,0.0,77.50038983616128,0,90,3.0,5,8.037858995371654e-06
6.655,0.0,77.50023780863849,0,90,3.0,5,4.903270896659603e-06
6.66,0.0,77.50014338764066,0,90,3.0,5,2.9564461992214493e-06
6.665,0.0,77.50008545439401,0,90,3.0,5,1.7619462682629541e-06
6.67,0.0,77.5000503379664,0,90,3.0,5,1.0378962144255338e-06
6.675,0.0,77.50002930863025,0,90,3.0,5,6.04301654562995e-07
6.68,0.0,77.50001686684932,0,90,3.0,5,3.47770089106656e-07
6.685,0.0,77.50000959424924,0,90,3.0,5,1.9781957185729233e-07
6.69,0.001684486749771458,77.50000539419466,0,90,3.0,5,1.1122050843190777e-07
6.695,0.004172395771277602,77.50000299764929,0,90,3.0,5,6.180720184911667e-08
6.7,0.009438687428818865,77.50000164654504,0,90,3.0,5,3.394938235689233e-08
6.705,0.019500507867137046,77.50000089393305,0,90,3.0,5,1.8431609246878916e-08
6.71,0.03679496976339974,77.50000047970579,0,90,3.0,5,9.890841025930826e-09
6.715,0.06340728953298436,77.5000002544389,0,90,3.0,5,5.246162926755695e-09
6.72,0.09979255396093453,77.50000013339228,0,90,3.0,5,2.750356222265706e-09
6.725,0.14343835518453557,77.50000006912201,0,90,3.0,5,1.4251960711243151e-09
6.73,0.18829581417209276,77.50000003540305,0,90,3.0,5,7.299597444253993e-10
6.735,0.2257481735193119,77.5000000179227,0,90,3.0,5,3.695402380433678e-10
6.74,0.24718154073554727,77.5000000089682,0,90,3.0,5,1.8491134854689477e-10
6.745,0.24718154074102772,77.50000000443552,0,90,3.0,5,9.145402877151092e-11
6.75,0.22574817354072055,77.50000000216832,0,90,3.0,5,4.4707641941339216e-11
6.755,0.18829581422840957,77.50000000104771,0,90,3.0,5,2.160225721098934e-11
6.76,0.14343835532456656,77.50000000050038,0,90,3.0,5,1.0317080523236655e-11
6.765,0.09979255431561854,77.5000000002362,0,90,3.0,5,4.870074561265413e-12
6.77,0.06340729067170194,77.5000000001102,0,90,3.0,5,2.272271717863743e-12
6.775,0.03679497683410042,77.50000000005083,0,90,3.0,5,1.0480871611603622e-12
6.78,0.019500578284482293,77.50000000002316,0,90,3.0,5,4.776019213562735e-13
6.785,0.009439396781978427,77.50000000001044,0,90,3.0,5,2.1536037558089634e-13
6.79,0.004178588733610924,77.50000000000465,0,90,3.0,5,9.581339158497021e-14
6.795,0.0017299316936037381,77.50000000000205,0,90,3.0,5,4.2193053175032755e-14
6.8,0.0008997325756988589,77.5000000000009,0,90,3.0,5,1.845946076407683e-14
6.805,0.001634769674224814,77.50000000000038,0,90,3.0,5,7.911197470318642e-15
6.81,0.00614904736476635,77.50000000000016,0,90,3.0,5,3.2230804508705575e-15
6.815,0.02168080359963608,77.50000000000007,0,90,3.0,5,1.465036568577526e-15
6.82,0.06433400338904088,77.50000000000003,0,90,3.0,5,5.860146274310105e-16
6.825,0.1593410769217493,77.50000000000001,0,90,3.0,5,2.9300731371550523e-16
6.83,0.3291989194808569,77.5,0,90,3.0,5,0.0
6.835,0.5672906802982638,77.5,0,90,3.0,5,0.0
6.84,0.815339152120446,77.5,0,90,3.0,5,0.0
6.845,0.9768711246313155,77.50000285328441,1,90,3.0,5,5.883060647572643e-08
6.85,0.9726380909165361,77.50000562140409,0,90,3.0,5,1.1590523887282392e-07
6.855,0.7921091683291741,77.50001183073464,0,90,3.0,5,2.4393267289710397e-07
6.86,0.49139090102639077,77.50002762917026,0,90,3.0,5,5.696736136471992e-07
6.865,0.15739335672107918,77.50007245443882,0,90,3.0,5,1.4939059550923367e-06
6.87,-0.11102342218909485,77.50020725996767,0,90,3.0,5,4.273401395187075e-06
6.875,-0.2314207883647528,77.50061582704151,0,90,3.0,5,1.269746477348854e-05
6.88,-0.2029124434754801,77.50182248868452,0,90,3.0,5,3.757708627885804e-05
6.885,-0.11151350554305876,77.5052310715901,0,90,3.0,5,0.00010785714618768954
6.89,-0.039430666652076896,77.51435172175279,0,90,3.0,5,0.0002959117887172917
6.895,-0.006087703519843621,77.53735285072946,0,90,3.0,5,0.0007701618707105621
6.9,0.005350271385530551,77.5918691803079,0,90,3.0,5,0.0018942099032555814
6.905,0.010381647827441833,77.71309481986977,0,90,3.0,5,0.004393707626180756
6.91,0.015115203303506243,77.96566482587883,0,90,3.0,5,0.009601336616058397
6.915,0.021170964062928475,78.45812550344493,0,90,3.0,5,0.01975516501948315
6.92,0.029082821134029553,79.35558674678168,0,90,3.0,5,0.03825952055219964
6.925,0.03923107061708144,80.88198151748664,0,90,3.0,5,0.06973157768013682
6.93,0.051969043308817596,83.30025257051231,0,90,3.0,5,0.11959283650540853
6.935,0.06760532616283861,86.86014114836432,0,90,3.0,5,0.19299260099720247
6.94,0.08636519236693461,91.71228864363101,0,90,3.0,5,0.29303687925012395
6.945,0.10834733138818661,97.80423612993579,0,90,3.0,5,0.4186440439162018
6.95,0.1334809643017884,104.79307462662686,0,90,3.0,5,0.5627438067345745
6.955,0.16148868344343945,112.02004978372179,0,90,3.0,5,0.7117536037880781
6.96,0.191860907532018,118.58316466468419,0,90,3.0,5,0.8470755600965812
6.965,0.22384764873847726,123.51148828718976,0,90,3.0,5,0.9486904801482425
6.97,0.25647215537198226,126.0,0,90,3.0,5,1.0
6.975,0.2885689161419028,125.62830221298329,0,90,3.0,5,0.9923361281027482
6.98,0.31884566517832524,122.48203243932362,0,90,3.0,5,0.9274645863778066
6.985,0.3459657668955683,117.12925074937131,0,90,3.0,5,0.8170979535952847
6.99,0.3686441789190902,110.46116941721593,0,90,3.0,5,0.6796117405611531
6.995,0.3857476379544367,103.45897551850818,0,90,3.0,5,0.5352366086290347
7.0,0.3963882865005728,96.97065636772538,0,90,3.0,5,0.4014568323242347
7.005,0.4,91.56589466519785,0,90,3.0,5,0.29001844670511023
7.01,0.39638828650057273,87.49604796974954,0,90,3.0,5,0.206104081850506
7.015,0.38574763795443656,84.74329427423734,0,90,3.0,5,0.14934627369561532
7.02,0.36864417891908974,83.11746244254847,0,90,3.0,5,0.11582396788759737
7.025,0.345965766895568,82.3568848664176,0,90,3.0,5,0.10014195600861034
7.03,0.3188456651783249,82.20419486948393,0,90,3.0,5,0.09699370864915315
7.035,0.28856891614190205,82.4474226772088,0,90,3.0,5,0.102008714993996
7.04,0.2564721553719815,82.93146838815557,0,90,3.0,5,0.11198903893104258
7.045,0.22384764873847685,83.55144100802794,0,90,3.0,5,0.12477197954696775
7.05,0.19186090753201765,84.23890517799641,0,90,3.0,5,0.13894649851539
7.055,0.16148868344343878,84.94831218827366,0,90,3.0,5,0.15357344718090024
7.06,0.1334809643017881,85.64686744660881,0,90,3.0,5,0.16797664838368678
7.065,0.10834733138818531,86.30832747591782,0,90,3.0,5,0.18161499950346022
7.07,0.08636519236690572,86.90992131114385,0,90,3.0,5,0.19401899610605872
7.075,0.06760532616242629,87.43130093518502,0,90,3.0,5,0.20476909144711383
7.08,0.05196904332202373,87.85460739278714,0,90,3.0,5,0.21349705964509577
7.085,0.03923107185803287,88.16503318602679,0,90,3.0,5,0.21989759146446988
7.09,0.02908287038705761,88.35150634707973,0,90,3.0,5,0.2237423989088605
7.095,0.02117220077308346,88.40728293523891,0,90,3.0,5,0.22489243165441053
7.1,0.0151361834125735,88.33033092317498,0,90,3.0,5,0.22330579223041203
7.105,0.010626454858290009,88.12344658788109,0,90,3.0,5,0.21904013583259982
7.11,0.007326255555493652,87.79408397232552,0,90,3.0,5,0.2122491540685675
7.115,0.004960179211183015,87.35390857822988,0,90,3.0,5,0.20317337274700778
7.12,0.0032978759379303545,86.81811153597118,0,90,3.0,5,0.19212601105095226
7.125,0.002153242296767213,86.20454017631614,0,90,3.0,5,0.17947505518177614
7.13,0.001380616732225004,85.5327142396845,0,90,3.0,5,0.1656229740141133
7.135,0.0008693106590991584,84.82280306012088,0,90,3.0,5,0.15098563010558508
7.14,0.000537524815942247,84.09463776038064,0,90,3.0,5,0.13597191258516775
7.145,0.0003263951340288585,83.36682439710084,0,90,3.0,5,0.1209654514866153
7.15,0.00019463030985187395,82.65601043153745,0,90,3.0,5,0.10630949343376192
7.155,0.00011397219555062695,81.97633972309383,0,90,3.0,5,0.09229566439368721
7.16,6.55403863487943e-05,81.33911255053565,0,90,3.0,5,0.07915695980485868
7.165,3.701184389455385e-05,80.75264902476607,0,90,3.0,5,0.0670649283456922
7.17,2.0525516217290957e-05,80.22233844465784,0,90,3.0,5,0.05613068958057395
7.175,1.1178128483661116e-05,79.75084496649728,0,90,3.0,5,0.04640917456695429
7.18,5.978135409912517e-06,79.33843213578254,0,90,3.0,5,0.03790581723262969
7.185,3.1396702713238487e-06,78.9833655092204,0,90,3.0,5,0.030584855860214546
7.19,1.6192875458531019e-06,78.682353399043,0,90,3.0,5,0.02437842059882464
7.195,8.201353897972012e-07,78.43098993416538,0,90,3.0,5,0.019195668745677973
7.2,4.0791415086824765e-07,78.22417115200214,0,90,3.0,5,0.014931363958807063
7.205,1.9923866938774793e-07,78.05646263625866,0,90,3.0,5,0.011473456417704288
7.21,9.556527981051257e-08,77.92240529264143,0,90,3.0,5,0.008709387477142862
7.215,4.501406988770349e-08,77.81675337219069,0,90,3.0,5,0.006530997364756479
7.22,0.0,77.73464521201578,0,90,3.0,5,0.004838045608572738
7.225,0.0,77.6717120211314,0,90,3.0,5,0.0035404540439463563
7.23,0.0,77.62413328746686,0,90,3.0,6,0.002559449226120855
7.235,0.0,77.58864910755129,0,90,3.0,6,0.0018278166505420771
7.24,0.0,77.56254016636984,0,90,3.0,6,0.0012894879663885074
7.245,0.0,77.54358552186387,0,90,3.0,6,0.0008986705538943297
7.25,0.0,77.53000709975734,0,90,3.0,6,0.0006187030877802349
7.255,0.0,77.52040818335705,0,90,3.0,6,0.00042078728571233844
7.26,0.0,77.51371144502332,0,90,3.0,6,0.00028271020666635973
7.265,0.0,77.50910040372447,0,90,3.0,6,0.00018763719019534853
7.27,0.0,77.50596673357165,0,90,3.0,6,0.00012302543446709286
7.275,0.0,77.5038646590576,0,90,3.0,6,7.968369190923545e-05
7.28,0.0,77.50247277317126,0,90,3.0,6,5.098501384047511e-05
7.285,0.0,77.50156298902219,0,90,3.0,6,3.222657777711771e-05
7.29,0.0,77.50097594676535,0,90,3.0,6,2.0122613718576384e-05
7.295,0.0,77.50060199777202,0,90,3.0,6,1.2412325196347533e-05
7.3,0.0,77.50036682775895,0,90,3.0,6,7.563458947475906e-06
7.305,0.0,77.50022081473722,0,90,3.0,6,4.552881179766775e-06
7.31,0.0,77.50013130838836,0,90,3.0,6,2.707389450754996e-06
7.315,0.0,77.50007713570277,0,90,3.0,6,1.5904268611824797e-06
7.32,0.0,77.50004476277108,0,90,3.0,6,9.229437336633748e-07
7.325,0.0,77.5000256612047,0,90,3.0,6,5.290970041749967e-07
7.33,0.0,77.50001453234408,0,90,3.0,6,2.996359604512503e-07
7.335,0.001684486749771458,77.50000813004326,0,90,3.0,6,1.6762975784547157e-07
7.34,0.004172395771277602,77.50000449312597,0,90,3.0,6,9.264177259462213e-08
7.345,0.009438687428818865,77.50000245303015,0,90,3.0,6,5.057794121207688e-08
7.35,0.019500507867137046,77.50000132298747,0,90,3.0,6,2.7278092215731037e-08
7.355,0.03679496976339974,77.50000070486692,0,90,3.0,6,1.4533338564677289e-08
7.36,0.06340728953298436,77.50000037098563,0,90,3.0,6,7.64918827934304e-09
7.365,0.09979255396093453,77.50000019288817,0,90,3.0,6,3.97707558524004e-09
7.37,0.14343835518453557,77.5000000990724,0,90,3.0,6,2.042729788299016e-09
7.375,0.18829581417209276,77.50000005026877,0,90,3.0,6,1.0364694211715425e-09
7.38,0.2257481735193119,77.50000002519663,0,90,3.0,6,5.195180826198451e-10
7.385,0.24718154073554727,77.50000001247628,0,90,3.0,6,2.572428410033907e-10
7.39,0.24718154074102772,77.50000000610277,0,90,3.0,6,1.2583023283124142e-10
7.395,0.22574817354072055,77.50000000294894,0,90,3.0,6,6.080282669104563e-11
7.4,0.18829581422840957,77.50000000140768,0,90,3.0,6,2.90244254747168e-11
7.405,0.14343835532456656,77.5000000006638,0,90,3.0,6,1.3686664630964965e-11
7.41,0.09979255431561854,77.50000000030923,0,90,3.0,6,6.375839146449394e-12
7.415,0.06340729067170194,77.50000000014231,0,90,3.0,6,2.9341752395470693e-12
7.42,0.03679497683410042,77.50000000006469,0,90,3.0,6,1.3337692920329797e-12
7.425,0.019500578284482293,77.50000000002905,0,90,3.0,6,5.989069492344927e-13
7.43,0.009439396781978427,77.50000000001289,0,90,3.0,6,2.6575763353996326e-13
7.435,0.004178588733610924,77.50000000000564,0,90,3.0,6,1.1632390354505557e-13
7.44,0.0017299316936037381,77.50000000000244,0,90,3.0,6,5.03972579590669e-14
7.445,0.0008997325756988589,77.50000000000105,0,90,3.0,6,2.1682541214947386e-14
7.45,0.001634769674224814,77.50000000000044,0,90,3.0,6,9.083226725180661e-15
7.455,0.00614904736476635,77.50000000000018,0,90,3.0,6,3.809095078301568e-15
7.46,0.02168080359963608,77.50000000000007,0,90,3.0,6,1.465036568577526e-15
7.465,0.06433400338904088,77.50000000000003,0,90,3.0,6,5.860146274310105e-16
7.47,0.1593410769217493,77.50000000000001,0,90,3.0,6,2.9300731371550523e-16
7.475,0.3291989194808569,77.5,0,90,3.0,6,0.0
7.48,0.5672906802982638,77.5,0,90,3.0,6,0.0
7.485,0.815339152120446,77.5,0,90,3.0,6,0.0
7.49,0.9768711246313155,77.50000285438263,1,90,3.0,6,5.885325008093037e-08
7.495,0.9726380909165361,77.50000490798809,0,90,3.0,6,1.0119563062430316e-07
7.5,0.7921091683291741,77.50000876182364,0,90,3.0,6,1.8065615745165148e-07
7.505,0.49139090102639077,77.5000165920193,0,90,3.0,6,3.421034908644719e-07
7.51,0.15739335672107918,77.50003385036689,0,90,3.0,6,6.97945709071439e-07
7.515,-0.11102342218909485,77.50007435934741,0,90,3.0,6,1.5331824207918282e-06
7.52,-0.2314207883647528,77.50017274998639,0,90,3.0,6,3.561855389492492e-06
7.525,-0.2029124434754801,77.50041351300322,0,90,3.0,6,8.526041303585517e-06
7.53,-0.11151350554305876,77.50099568078633,0,90,3.0,6,2.0529500749109932e-05
7.535,-0.039430666652076896,77.50236971223775,0,90,3.0,6,4.886004613920179e-05
7.54,-0.006087703519843621,77.5055120944739,0,90,3.0,6,0.00011365143245155093
7.545,0.005350271385530551,77.51244596989915,0,90,3.0,6,0.00025661793606489194
7.55,0.010381647827441833,77.52717057486487,0,90,3.0,6,0.0005602180384508972
7.555,0.015115203303506243,77.55721592054012,0,90,3.0,6,0.0011797097018580694
7.56,0.021170964062928475,77.61606227824153,0,90,3.0,6,0.00239303666477379
7.565,0.029082821134029553,77.72660549211236,0,90,3.0,6,0.004672278187883618
7.57,0.03923107061708144,77.92564105826666,0,90,3.0,6,0.008776104294158005
7.575,0.051969043308817596,78.26891948551088,0,90,3.0,6,0.01585401001053357
7.58,0.06760532616283861,78.83567823921733,0,90,3.0,6,0.027539757509635672
7.585,0.08636519236693461,79.73077347175595,0,90,3.0,6,0.04599532931455572
7.59,0.10834733138818661,81.08186407813274,0,90,3.0,6,0.07385286759036574
7.595,0.1334809643017884,83.02893871137952,0,90,3.0,6,0.1139987363171036
7.6,0.16148868344343945,85.70427428345654,0,90,3.0,6,0.1691602945042586
7.605,0.191860907532018,89.20297317559513,0,90,3.0,6,0.24129841599165222
7.61,0.22384764873847726,93.54743690524495,0,90,3.0,6,0.3308749877370093
7.615,0.25647215537198226,98.65278368312896,0,90,3.0,6,0.4361398697552363
7.62,0.2885689161419028,104.30301930813482,0,90,3.0,6,0.5526395733636046
7.625,0.31884566517832524,110.14822115319846,0,90,3.0,6,0.6731591990350199
7.63,0.3459657668955683,115.73000984596136,0,90,3.0,6,0.788247625689925
7.635,0.3686441789190902,120.5361767888806,0,90,3.0,6,0.8873438513171257
7.64,0.3857476379544367,124.07697600191973,0,90,3.0,6,0.9603500206581388
7.645,0.3963882865005728,125.9679329806614,0,90,3.0,6,0.999338824343534
7.65,0.4,126.0,0,90,3.0,6,1.0
7.655,0.39638828650057273,124.179457125695,0,90,3.0,6,0.9624630335194845
7.66,0.38574763795443656,120.72712903134621,0,90,3.0,6,0.891281010955592
7.665,0.36864417891908974,116.03711754734277,0,90,3.0,6,0.7945797432441809
7.67,0.345965766895568,110.60581198433403,0,90,3.0,6,0.6825940615326603
7.675,0.3188456651783249,104.94893447767554,0,90,3.0,6,0.5659574119108358
7.68,0.28856891614190205,99.5257333923695,0,90,3.0,6,0.4541388328323609
7.685,0.2564721553719815,94.6852416077423,0,90,3.0,6,0.3543348785101505
7.69,0.22384764873847685,90.64178407123171,0,90,3.0,6,0.2709646200253961
7.695,0.19186090753201765,87.4785903024585,0,90,3.0,6,0.20574412994759794
7.7,0.16148868344343878,85.1720692802678,0,90,3.0,6,0.1581869954694393
7.705,0.1334809643017881,83.62645237665319,0,90,3.0,6,0.1263186057041895
7.71,0.10834733138818531,82.70907002014256,0,90,3.0,6,0.10740350556994974
7.715,0.08636519236690572,82.27938805113108,0,90,3.0,6,0.09854408352847585
7.72,0.06760532616242629,82.20858406356933,0,90,3.0,6,0.0970842074962749
7.725,0.05196904332202373,82.38962199058922,0,90,3.0,6,0.10081694825957153
7.73,0.03923107185803287,82.73979502082149,0,90,3.0,6,0.10803701073858742
7.735,0.02908287038705761,83.19846256402695,0,90,3.0,6,0.11749407348509183
7.74,0.02117220077308346,83.7225172699791,0,90,3.0,6,0.1282993251542081
7.745,0.0151361834125735,84.28143513244977,0,90,3.0,6,0.1398234047927788
7.75,0.010626454858290009,84.85297849135206,0,90,3.0,6,0.15160780394540332
7.755,0.007326255555493652,85.41997879394694,0,90,3.0,6,0.1632985318339575
7.76,0.004960179211183015,85.96821055646527,0,90,3.0,6,0.17460227951474774
7.765,0.0032978759379303545,86.48516315033311,0,90,3.0,6,0.18526109588315687
7.77,0.002153242296767213,86.95945946664608,0,90,3.0,6,0.195040401374146
7.775,0.001380616732225004,87.38069290852465,0,90,3.0,6,0.20372562697988972
7.78,0.0008693106590991584,87.7395063586069,0,90,3.0,6,0.21112384244550314
7.785,0.000537524815942247,88.0277899940315,0,90,3.0,6,0.21706783492848442
7.79,0.0003263951340288585,88.23891716841138,0,90,3.0,6,0.22142097254456447
7.795,0.00019463030985187395,88.36796717802692,0,90,3.0,6,0.22408179748509105
7.8,0.00011397219555062695,88.4119030921089,0,90,3.0,6,0.22498769262080207
7.805,6.55403863487943e-05,88.36968541349775,0,90,3.0,6,0.22411722502057213
7.81,3.701184389455385e-05,88.24231099266989,0,90,3.0,6,0.22149094830247187
7.815,2.0525516217290957e-05,88.03277318202096,0,90,3.0,6,0.21717058107259712
7.82,1.1178128483661116e-05,87.74594465103213,0,90,3.0,6,0.21125659074293057
7.825,5.978135409912517e-06,87.3883889597389,0,90,3.0,6,0.20388430844822483
7.83,3.1396702713238487e-06,86.96811095147308,0,90,3.0,6,0.19521878250459956
7.835,1.6192875458531019e-06,86.49425917535086,0,90,3.0,6,0.18544864279073942
7.84,8.201353897972012e-07,85.97679575397432,0,90,3.0,6,0.17477929389637764
7.845,4.0791415086824765e-07,85.42615027643305,0,90,3.0,6,0.16342577889552679
7.85,1.9923866938774793e-07,84.85287439100834,0,90,3.0,6,0.15160565754656374
7.855,9.556527981051257e-08,84.26731284242813,0,90,3.0,6,0.1395322235552191
7.86,4.501406988770349e-08,83.67930486469288,0,90,3.0,6,0.12740834772562643
7.865,0.0,83.0979272828346,0,90,3.0,6,0.11542118108937328
7.87,0.0,82.53128761864484,0,90,3.0,6,0.10373788904422349
7.875,0.0,81.98637218109799,0,90,3.0,6,0.09250251919789672
7.88,0.0,81.46895079637038,0,90,3.0,6,0.08183403703856451
7.885,0.0,80.98353671922568,0,90,3.0,6,0.071825499365478
7.89,0.0,80.53339755454446,0,90,3.0,6,0.0625442794751436
7.895,0.0,80.12061084387935,0,90,3.0,6,0.05403321327586284
7.9,0.0,79.74615642136378,0,90,3.0,6,0.046312503533273784
7.905,0.0,79.41003674488853,0,90,3.0,6,0.03938220092553669
7.91,0.0,79.11141613975474,0,90,3.0,6,0.03322507504648944
7.915,0.0,78.84877018756029,0,90,3.0,6,0.02780969458887198
7.92,0.0,78.6200372552955,0,90,3.0,6,0.023093551655577325
7.925,0.0,78.42276527103053,0,90,3.0,6,0.01902608806248511
7.93,0.0,78.25424818799434,0,90,3.0,6,0.015551509030811036
7.935,0.0,78.11164801646754,0,90,3.0,6,0.012611299308609089
7.94,0.0,77.9920997333571,0,90,3.0,6,0.01014638625478544
7.945,0.0,77.89279771215702,0,90,3.0,6,0.00809892190014473
7.95,0.0,77.81106348355671,0,90,3.0,6,0.006413680073334192
7.955,0.0,77.74439559553625,0,90,3.0,6,0.005039084444046328
7.96,0.0,77.69050307062214,0,90,3.0,6,0.003927898363343143
7.965,0.0,77.6473244564584,0,90,3.0,6,0.003037617658936215
7.97,0.0,77.61303474959401,0,90,3.0,6,0.0023306133936908694
7.975,0.0,77.5860425687419,0,90,3.0,6,0.0017740735823072664
7.98,0.0,77.56497989724345,0,90,3.0,6,0.0013397916957411705
7.985,0.0,77.5486865425945,0,90,3.0,6,0.0010038462390617642
7.99,0.0,77.53619121066095,0,90,3.0,6,0.0007462105290916539
7.995,0.0,77.52669079745137,0,90,3.0,6,0.0005503257206467156
8.0,0.0,77.51952919085412,0,90,3.0,6,0.0004026637289508265
8.005,0.0,77.51417657146926,0,90,3.0,6,0.00029230044266523455
8.01,0.0,77.51020992226385,0,90,3.0,6,0.00021051386111039814
8.015,0.0,77.50729521206802,0,90,3.0,6,0.00015041674367042565
8.02,0.0,77.50517151357019,0,90,3.0,6,0.00010662914577710814
8.025,0.0,77.50363715390067,0,90,3.0,6,7.49928639313285e-05
8.03,0.0,77.50253787337257,0,90,3.0,6,5.2327286032463816e-05
8.035,0.0,77.50175688155026,0,90,3.0,6,3.6224361861117755e-05
8.04,0.0,77.50120664433146,0,90,3.0,6,2.4879264566203984e-05
8.045,0.0,77.50082220541694,0,90,3.0,6,1.695268900903102e-05
8.05,0.0,77.5005558346956,0,90,3.0,6,1.1460509187703248e-05
8.055,0.0,77.50037279942399,0,90,3.0,6,7.68658606155197e-06
8.06,0.0,77.50024806704589,0,90,3.0,6,5.114784451298527e-06
8.065,0.0,77.50016376729623,0,90,3.0,6,3.3766452830703427e-06
8.07,0.0,77.50010726290255,0,90,3.0,6,2.2116062380579943e-06
8.075,0.0,77.50006970054478,0,90,3.0,6,1.437124634736561e-06
8.08,0.0,77.50004493523964,0,90,3.0,6,9.264997864535224e-07
8.085,0.0,77.50002874102243,0,90,3.0,6,5.925984006826746e-07
8.09,0.0,77.50001823818543,0,90,3.0,6,3.7604506047435127e-07
8.095,0.0,77.50001148220515,0,90,3.0,6,2.3674649799797464e-07
8.1,0.0,77.50000717188371,0,90,3.0,6,1.478738909099775e-07
8.105,0.0,77.50000444432119,0,90,3.0,6,9.163548849390225e-08
8.11,0.0,77.50000273238504,0,90,3.0,6,5.633783591302116e-08
8.115,0.0,77.50000166664314,0,90,3.0,6,3.436377615451926e-08
8.12,0.0,77.50000100857362,0,90,3.0,6,2.0795332356448347e-08
8.125,0.0,77.50000060553165,0,90,3.0,6,1.2485188727089164e-08
8.13,0.0,77.5000003606869,0,90,3.0,6,7.436843242027591e-09
8.135,0.001684486749771458,77.50000021315137,0,90,3.0,6,4.394873541837723e-09
8.14,0.004172395771277602,77.50000012497127,0,90,3.0,6,2.5767271203334266e-09
8.145,0.009438687428818865,77.50000007269365,0,90,3.0,6,1.4988381852950605e-09
8.15,0.019500507867137046,77.50000004195145,0,90,3.0,6,8.649783936074452e-10
8.155,0.03679496976339974,77.50000002401939,0,90,3.0,6,4.95245063744339e-10
8.16,0.06340728953298436,77.50000001364397,0,90,3.0,6,2.8131895896408004e-10
8.165,0.09979255396093453,77.50000000768925,0,90,3.0,6,1.585412763271267e-10
8.17,0.14343835518453557,77.50000000429924,0,90,3.0,6,8.864408863297923e-11
8.175,0.18829581417209276,77.50000000238487,0,90,3.0,6,4.917248738773609e-11
8.18,0.2257481735193119,77.5000000013125,0,90,3.0,6,2.706186248745035e-11
8.185,0.24718154073554727,77.50000000071664,0,90,3.0,6,1.4776065823359212e-11
8.19,0.24718154074102772,77.50000000038821,0,90,3.0,6,8.004373796080172e-12
8.195,0.22574817354072055,77.50000000020864,0,90,3.0,6,4.301933379971048e-12
8.2,0.18829581422840957,77.50000000011124,0,90,3.0,6,2.293661251764975e-12
8.205,0.14343835532456656,77.50000000005885,0,90,3.0,6,1.2133432860959072e-12
8.21,0.09979255431561854,77.50000000003088,0,90,3.0,6,6.367048927037928e-13
8.215,0.06340729067170194,77.50000000001609,0,90,3.0,6,3.316842791259519e-13
8.22,0.03679497683410042,77.50000000000831,0,90,3.0,6,1.7140927852357056e-13
8.225,0.019500578284482293,77.50000000000426,0,90,3.0,6,8.790219411465157e-14
8.23,0.009439396781978427,77.50000000000216,0,90,3.0,6,4.4537111684756795e-14
8.235,0.004178588733610924,77.5000000000011,0,90,3.0,6,2.25615631560939e-14
8.24,0.0017299316936037381,77.50000000000054,0,90,3.0,6,1.1134277921189199e-14
8.245,0.0008997325756988589,77.50000000000027,0,90,3.0,6,5.567138960594599e-15
8.25,0.001634769674224814,77.50000000000013,0,90,3.0,6,2.637065823439547e-15
8.255,0.00614904736476635,77.50000000000007,0,90,3.0,6,1.465036568577526e-15
8.26,0.02168080359963608,77.50000000000003,0,90,3.0,6,5.860146274310105e-16
8.265,0.06433400338904088,77.50000000000001,0,90,3.0,6,2.9300731371550523e-16
8.27,0.1593410769217493,77.5,0,90,3.0,6,0.0
8.275,0.3291989194808569,77.5,0,90,3.0,6,0.0
8.28,0.5672906802982638,77.5,0,90,3.0,6,0.0
8.285,0.815339152120446,77.5,0,90,3.0,6,0.0
8.29,0.9768711246313155,77.50000284586159,1,90,3.0,6,5.8677558500516847e-08
8.295,0.9726380909165361,77.50000554640805,0,90,3.0,6,1.1435892881458993e-07
8.3,0.7921091683291741,77.50001151682932,0,90,3.0,6,2.374603983045426e-07
8.305,0.49139090102639077,77.50002643002445,0,90,3.0,6,5.449489576934416e-07
8.31,0.15739335672107918,77.50006790101995,0,90,3.0,6,1.4000210298195504e-06
8.315,-0.11102342218909485,77.50019028911501,0,90,3.0,6,3.923486907442379e-06
8.32,-0.2314207883647528,77.50055528372543,0,90,3.0,6,1.1449148977995606e-05
8.325,-0.2029124434754801,77.5016191003873,0,90,3.0,6,3.338351314024416e-05
8.33,-0.11151350554305876,77.50459268016454,0,90,3.0,6,9.469443638216635e-05
8.335,-0.039430666652076896,77.51248521717368,0,90,3.0,6,0.00025742715822012853
8.34,-0.006087703519843621,77.53227388620262,0,90,3.0,6,0.0006654409526312796
8.345,0.005350271385530551,77.57900721106344,0,90,3.0,6,0.0016290146611018807
8.35,0.010381647827441833,77.68277725789753,0,90,3.0,6,0.003768603255619115
8.355,0.015115203303506243,77.89914273187748,0,90,3.0,6,0.008229747049020112
8.36,0.021170964062928475,78.32227751227126,0,90,3.0,6,0.01695417551074755
8.365,0.029082821134029553,79.09751100293126,0,90,3.0,6,0.03293837119445889
8.37,0.03923107061708144,80.42630442384339,0,90,3.0,6,0.06033617368749259
8.375,0.051969043308817596,82.55354337917821,0,90,3.0,6,0.10419677070470533
8.38,0.06760532616283861,85.72706210298368,0,90,3.0,6,0.16963014645327176
8.385,0.08636519236693461,90.12554414875623,0,90,3.0,6,0.26032049791249967
8.39,0.10834733138818661,95.76438236317041,0,90,3.0,6,0.3765852033643384
8.395,0.1334809643017884,102.40631247838554,0,90,3.0,6,0.5135322160491865
8.4,0.16148868344343945,109.51624731799802,0,90,3.0,6,0.6601288106803715
8.405,0.191860907532018,116.29749655462248,0,90,3.0,6,0.7999483825695357
8.41,0.22384764873847726,121.82388594751711,0,90,3.0,6,0.9138945556189095
8.415,0.25647215537198226,125.24436869130892,0,90,3.0,6,0.9844199730166788
8.42,0.2885689161419028,126.0,0,90,3.0,6,1.0
8.425,0.31884566517832524,123.97778706854874,0,90,3.0,6,0.9583048880113142
8.43,0.3459657668955683,119.54358950815404,0,90,3.0,6,0.8668781341887432
8.435,0.3686441789190902,113.44132554854066,0,90,3.0,7,0.7410582587327972
8.44,0.3857476379544367,106.59703250521925,0,90,3.0,7,0.599938814540603
8.445,0.3963882865005728,99.89899699454637,0,90,3.0,7,0.46183498957827557
8.45,0.4,94.02516929242782,0,90,3.0,7,0.3407251400500581
8.455,0.39638828650057273,89.3603322958374,0,90,3.0,7,0.24454293393479165
8.46,0.38574763795443656,86.00561321118767,0,90,3.0,7,0.1753734682719106
8.465,0.36864417891908974,83.85152120488316,0,90,3.0,7,0.13095920010068363
8.47,0.345965766895568,82.67378992307566,0,90,3.0,7,0.10667608088815793
8.475,0.3188456651783249,82.21795644486333,0,90,3.0,7,0.09727745247140893
8.48,0.28856891614190205,82.25491311032039,0,90,3.0,7,0.09803944557361624
8.485,0.2564721553719815,82.60568848479885,0,90,3.0,7,0.10527192752162572
8.49,0.22384764873847685,83.14350119463039,0,90,3.0,7,0.11636084937382245
8.495,0.19186090753201765,83.78381880877807,0,90,3.0,7,0.12956327440779516
8.5,0.16148868344343878,84.47111934410529,0,90,3.0,7,0.14373441946608845
8.505,0.1334809643017881,85.16736816282359,0,90,3.0,7,0.15809006521285757
8.51,0.10834733138818531,85.84401473859923,0,90,3.0,7,0.17204154100204594
8.515,0.08636519236690572,86.47738375513784,0,90,3.0,7,0.18510069598222342
8.52,0.06760532616242629,87.04656798666497,0,90,3.0,7,0.1968364533332983
8.525,0.05196904332202373,87.53286735530213,0,90,3.0,7,0.2068632444392192
8.53,0.03923107185803287,87.92003875076709,0,90,3.0,7,0.21484615980963073
8.535,0.02908287038705761,88.1948762403954,0,90,3.0,7,0.22051291217310107
8.54,0.02117220077308346,88.34783554716185,0,90,3.0,7,0.22366671231261545
8.545,0.0151361834125735,88.37354028569607,0,90,3.0,7,0.22419670692156837
8.55,0.010626454858290009,88.27108106749418,0,90,3.0,7,0.22208414572152949
8.555,0.007326255555493652,88.04406438191086,0,90,3.0,7,0.21740338931774963
8.56,0.004960179211183015,87.70040053904515,0,90,3.0,7,0.21031753688752883
8.565,0.0032978759379303545,87.25184573884796,0,90,3.0,7,0.20106898430614353
8.57,0.002153242296767213,86.71333452777212,0,90,3.0,7,0.18996566036643545
8.575,0.001380616732225004,86.10215528685912,0,90,3.0,7,0.17736402653317765
8.58,0.0008693106590991584,85.43703209507676,0,90,3.0,7,0.16365014629024247
8.585,0.000537524815942247,84.73718067857484,0,90,3.0,7,0.14922022017680092
8.59,0.0003263951340288585,84.02140412721407,0,90,3.0,7,0.1344619407673004
8.595,0.00019463030985187395,83.30728624532938,0,90,3.0,7,0.11973786072844081
8.6,0.00011397219555062695,82.61052800894745,0,90,3.0,7,0.10537171152468978
8.605,6.55403863487943e-05,81.94445724555983,0,90,3.0,7,0.09163829372288314
8.61,3.701184389455385e-05,81.31972513974611,0,90,3.0,7,0.07875721937620848
8.615,2.0525516217290957e-05,80.74418725350604,0,90,3.0,7,0.06689045883517611
8.62,1.1178128483661116e-05,80.22295293316265,0,90,3.0,7,0.056143359446652476
8.625,5.978135409912517e-06,79.75857634759942,0,90,3.0,7,0.046568584486585886
8.63,3.1396702713238487e-06,79.35135557138227,0,90,3.0,7,0.038172279822314865
8.635,1.6192875458531019e-06,78.9997032039245,0,90,3.0,7,0.030921715544834992
8.64,8.201353897972012e-07,78.70055267993662,0,90,3.0,7,0.02475366350384785
8.645,4.0791415086824765e-07,78.44976802421002,0,90,3.0,7,0.01958284586000033
8.65,1.9923866938774793e-07,78.24253048240675,0,90,3.0,7,0.015309906853747415
8.655,9.556527981051257e-08,78.07368229950097,0,90,3.0,7,0.011828501020638621
8.66,4.501406988770349e-08,77.93801505095327,0,90,3.0,7,0.009031238163984913
8.665,0.0,77.8304966317818,0,90,3.0,7,0.006814363541892754
8.67,0.0,77.74643674394598,0,90,3.0,7,0.005081169978267584
8.675,0.0,77.68159517563214,0,90,3.0,7,0.0037442304254049416
8.68,0.0,77.63224022257143,0,90,3.0,7,0.0027266025272458896
8.685,0.0,77.59516631581924,0,90,3.0,7,0.0019621920787472524
8.69,0.0,77.56768046943643,0,90,3.0,7,0.0013954735966273202
8.695,0.0,77.54756679479637,0,90,3.0,7,0.0009807586555951992
8.7,0.0,77.53303732186714,0,90,3.0,7,0.0006811818941678587
8.705,0.0,77.52267598708985,0,90,3.0,7,0.00046754612556401535
8.71,0.0,77.51538112097494,0,90,3.0,7,0.0003171365149471419
8.715,0.0,77.51031027372,0,90,3.0,7,0.00021258296329886004
8.72,0.0,77.50682987606086,0,90,3.0,7,0.00014082218682191167
8.725,0.0,77.50447111531227,0,90,3.0,7,9.218794458289717e-05
8.73,0.0,77.50289253977044,0,90,3.0,7,5.963999526685941e-05
8.735,0.0,77.50184928236199,0,90,3.0,7,3.812953323686604e-05
8.74,0.0,77.50116838920664,0,90,3.0,7,2.4090499105981152e-05
8.745,0.0,77.50072951170684,0,90,3.0,7,1.5041478491477542e-05
8.75,0.0,77.50045012943687,0,90,3.0,7,9.281019316924508e-06
8.755,0.0,77.50027447512092,0,90,3.0,7,5.659280843666547e-06
8.76,0.0,77.50016539751311,0,90,3.0,7,3.4102580023678343e-06
8.765,0.0,77.50009849527245,0,90,3.0,7,2.03083035986901e-06
8.77,0.0,77.50005796451639,0,90,3.0,7,1.1951446677676826e-06
8.775,0.0,77.50003371083174,0,90,3.0,7,6.950686957497027e-07
8.78,0.0,77.50001937479605,0,90,3.0,7,3.9948033100493557e-07
8.785,0.0,77.50001100437119,0,90,3.0,7,2.2689425130939178e-07
8.79,0.001684486749771458,77.50000617666068,0,90,3.0,7,1.2735382837650157e-07
8.795,0.004172395771277602,77.50000342612084,0,90,3.0,7,7.064166682998944e-08
8.8,0.009438687428818865,77.5000018780711,0,90,3.0,7,3.872311552739345e-08
8.805,0.019500507867137046,77.50000101737673,0,90,3.0,7,2.097683983903181e-08
8.81,0.03679496976339974,77.50000054464309,0,90,3.0,7,1.1229754354363397e-08
8.815,0.06340728953298436,77.50000028813938,0,90,3.0,7,5.941018050939466e-09
8.82,0.09979255396093453,77.50000015064462,0,90,3.0,7,3.106074719306486e-09
8.825,0.14343835518453557,77.50000007783323,0,90,3.0,7,1.6048089684172924e-09
8.83,0.18829581417209276,77.50000003974084,0,90,3.0,7,8.193987619004887e-10
8.835,0.2257481735193119,77.50000002005254,0,90,3.0,7,4.134544161791654e-10
8.84,0.24718154073554727,77.50000000999913,0,90,3.0,7,2.061675641203861e-10
8.845,0.24718154074102772,77.50000000492737,0,90,3.0,7,1.0159530490651828e-10
8.85,0.22574817354072055,77.50000000239955,0,90,3.0,7,4.94751639428042e-11
8.855,0.18829581422840957,77.50000000115479,0,90,3.0,7,2.381006731983567e-11
8.86,0.14343835532456656,77.5000000005492,0,90,3.0,7,1.132385365316313e-11
8.865,0.09979255431561854,77.50000000025813,0,90,3.0,7,5.322184846328437e-12
8.87,0.06340729067170194,77.5000000001199,0,90,3.0,7,2.4721027058177174e-12
8.875,0.03679497683410042,77.50000000005502,0,90,3.0,7,1.1345243187064363e-12
8.88,0.019500578284482293,77.50000000002495,0,90,3.0,7,5.145208428844272e-13
8.885,0.009439396781978427,77.50000000001118,0,90,3.0,7,2.305967558941026e-13
8.89,0.004178588733610924,77.50000000000496,0,90,3.0,7,1.0225955248671133e-13
8.895,0.0017299316936037381,77.50000000000217,0,90,3.0,7,4.48301189984723e-14
8.9,0.0008997325756988589,77.50000000000094,0,90,3.0,7,1.9338482705223346e-14
8.905,0.001634769674224814,77.5000000000004,0,90,3.0,7,8.204204784034146e-15
8.91,0.00614904736476635,77.50000000000017,0,90,3.0,7,3.516087764586063e-15
8.915,0.02168080359963608,77.50000000000007,0,90,3.0,7,1.465036568577526e-15
8.92,0.06433400338904088,77.50000000000003,0,90,3.0,7,5.860146274310105e-16
8.925,0.1593410769217493,77.50000000000001,0,90,3.0,7,2.9300731371550523e-16
8.93,0.3291989194808569,77.5,0,90,3.0,7,0.0
8.935,0.5672906802982638,77.5,0,90,3.0,7,0.0
8.94,0.815339152120446,77.5,0,90,3.0,7,0.0
8.945,0.9768711246313155,77.50000285188469,1,90,3.0,7,5.88017461343474e-08
8.95,0.9726380909165361,77.500005472104,0,90,3.0,7,1.1282688645449e-07
8.955,0.7921091683291741,77.50001114553572,0,90,3.0,7,2.2980486026370402e-07
8.96,0.49139090102639077,77.50002494746741,0,90,3.0,7,5.143807713241201e-07
8.965,0.15739335672107918,77.50006223014493,0,90,3.0,7,1.283095771835169e-06
8.97,-0.11102342218909485,77.5001692753466,0,90,3.0,7,3.4902133318178834e-06
8.975,-0.2314207883647528,77.50048103204684,0,90,3.0,7,9.918186532683284e-06
8.98,-0.2029124434754801,77.50137207546508,0,90,3.0,7,2.8290215774943847e-05
8.985,-0.11151350554305876,77.50382388761822,0,90,3.0,7,7.884304367473877e-05
8.99,-0.039430666652076896,77.51025255192553,0,90,3.0,7,0.00021139282320685189
8.995,-0.006087703519843621,77.52622730260188,0,90,3.0,7,0.0005407691258119953
9.0,0.005350271385530551,77.56373480349473,0,90,3.0,7,0.0013141196596850547
9.005,0.010381647827441833,77.64679192528084,0,90,3.0,7,0.0030266376346564368
9.01,0.015115203303506243,77.82003264790949,0,90,3.0,7,0.006598611297102794
9.015,0.021170964062928475,78.16002289075324,0,90,3.0,7,0.013608719396974014
9.02,0.029082821134029553,78.78715565839514,0,90,3.0,7,0.026539291925672906
9.025,0.03923107061708144,79.87309703665223,0,90,3.0,7,0.04892983580726239
9.03,0.051969043308817596,81.6357728352696,0,90,3.0,7,0.08527366670658981
9.035,0.06760532616283861,84.31274116702575,0,90,3.0,7,0.14046889004176802
9.04,0.08636519236693461,88.10699478553131,0,90,3.0,7,0.21870092341301678
9.045,0.10834733138818661,93.10840244452054,0,90,3.0,7,0.3218227308148564
9.05,0.1334809643017884,99.20787973600085,0,90,3.0,7,0.44758514919589376
9.055,0.16148868344343945,106.03465479272373,0,90,3.0,7,0.5883433977881181
9.06,0.191860907532018,112.95149073900936,0,90,3.0,7,0.7309585719383372
9.065,0.22384764873847726,119.13158563547512,0,90,3.0,7,0.8583832089788684
9.07,0.25647215537198226,123.71388588995438,0,90,3.0,7,0.9528636265969976
9.075,0.2885689161419028,126.0,0,90,3.0,7,1.0
9.08,0.31884566517832524,125.63168033832994,0,90,3.0,7,0.9924057801717514
9.085,0.3459657668955683,122.68717513676035,0,90,3.0,7,0.9316943327167081
9.09,0.3686441789190902,117.66114684156429,0,90,3.0,7,0.8280648833312224
9.095,0.3857476379544367,111.33557350136091,0,90,3.0,7,0.6976406907497096
9.1,0.3963882865005728,104.5882963007817,0,90,3.0,7,0.5585215732119939
9.105,0.4,98.20380090084146,0,90,3.0,7,0.4268824928008548
9.11,0.39638828650057273,92.74127363349305,0,90,3.0,7,0.31425306460810415
9.115,0.38574763795443656,88.48579720411917,0,90,3.0,7,0.22651128255915806
9.12,0.36864417891908974,85.47562070635212,0,90,3.0,7,0.16444578775983748
9.125,0.345965766895568,83.57616312899322,0,90,3.0,7,0.1252817139998601
9.13,0.3188456651783249,82.5659171942369,0,90,3.0,7,0.10445190091210109
9.135,0.28856891614190205,82.2077740060747,0,90,3.0,7,0.09706750527989073
9.14,0.2564721553719815,82.29359471173308,0,90,3.0,7,0.09883700436563048
9.145,0.22384764873847685,82.66255827345258,0,90,3.0,7,0.10644450048355825
9.15,0.19186090753201765,83.20095515387028,0,90,3.0,7,0.11754546709010891
9.155,0.16148868344343878,83.83258540626372,0,90,3.0,7,0.13056877126316943
9.16,0.1334809643017881,84.50688720883298,0,90,3.0,7,0.1444719012130511
9.165,0.10834733138818531,85.18879930614817,0,90,3.0,7,0.1585319444566633
9.17,0.08636519236690572,85.85174343024126,0,90,3.0,7,0.1722008954688919
9.175,0.06760532616242629,86.47356190947447,0,90,3.0,7,0.1850218950407107
9.18,0.05196904332202373,87.0346351717773,0,90,3.0,7,0.19659041591293394
9.185,0.03923107185803287,87.51735949791845,0,90,3.0,7,0.20654349480244225
9.19,0.02908287038705761,87.90635065364523,0,90,3.0,7,0.2145639310029945
9.195,0.02117220077308346,88.1889541011337,0,90,3.0,7,0.22039080620894233
9.2,0.0151361834125735,88.35580849564253,0,90,3.0,7,0.22383110300293885
9.205,0.010626454858290009,88.4013164549309,0,90,3.0,7,0.22476941144187437
9.21,0.007326255555493652,88.32394120303454,0,90,3.0,7,0.2231740454233925
9.215,0.004960179211183015,88.12628788072502,0,90,3.0,7,0.21909871919020651
9.22,0.0032978759379303545,87.8149564468404,0,90,3.0,7,0.21267951436784327
9.225,0.002153242296767213,87.40017534035806,0,90,3.0,7,0.20412732660532085
9.23,0.001380616732225004,86.89524350085946,0,90,3.0,7,0.1937163608424632
9.235,0.0008693106590991584,86.31582296936395,0,90,3.0,7,0.18176954576008145
9.24,0.000537524815942247,85.67913444059066,0,90,3.0,7,0.16864194722867337
9.245,0.0003263951340288585,85.00311320618148,0,90,3.0,7,0.15470336507590685
9.25,0.00019463030985187395,84.3055827268295,0,90,3.0,7,0.1403212933366907
9.255,0.00011397219555062695,83.60349793607864,0,90,3.0,7,0.12584531826966266
9.26,6.55403863487943e-05,82.91230113964602,0,90,3.0,7,0.11159383793084575
9.265,3.701184389455385e-05,82.24542123587032,0,90,3.0,7,0.09784373682206855
9.27,2.0525516217290957e-05,81.613933357956,0,90,3.0,7,0.08482336820527836
9.275,1.1178128483661116e-05,81.0263823663777,0,90,3.0,7,0.07270891477067429
9.28,5.978135409912517e-06,80.48876119719017,0,90,3.0,7,0.06162394221010664
9.285,3.1396702713238487e-06,80.00462491990231,0,90,3.0,7,0.05164175092582087
9.29,1.6192875458531019e-06,79.57531413717051,0,90,3.0,7,0.042789982209701205
9.295,8.201353897972012e-07,79.20025733794617,0,90,3.0,7,0.035056852328787
9.3,4.0791415086824765e-07,78.8773208986497,0,90,3.0,7,0.028398369044323704
9.305,1.9923866938774793e-07,78.60317721354771,0,90,3.0,7,0.02274592192881876
9.31,9.556527981051257e-08,78.37366531514834,0,90,3.0,7,0.01801371783811018
9.315,4.501406988770349e-08,78.18412359953327,0,90,3.0,7,0.014105641227490006
9.32,0.0,78.02968017202754,0,90,3.0,7,0.010921240660361643
9.325,0.0,77.90549221983429,0,90,3.0,7,0.008360664326480135
9.33,0.0,77.80693117491525,0,90,3.0,7,0.0063284778333041036
9.335,0.0,77.72971488846713,0,90,3.0,7,0.00473638945293049
9.34,0.0,77.66999140059843,0,90,3.0,7,0.003504977331926474
9.345,0.0,77.624381109498,0,90,3.0,7,0.002564558958721715
9.35,0.0,77.58998529958369,0,90,3.0,7,0.001855367001725527
9.355,0.0,77.56436923879633,0,90,3.0,7,0.001327200799924356
9.36,0.0,77.54552760933194,0,90,3.0,7,0.0009387135944730149
9.365,0.0,77.53183911478689,0,90,3.0,7,0.0006564765935441408
9.37,0.0,77.52201591751752,0,90,3.0,7,0.0004539364436602307
9.375,0.0,77.51505227902882,0,90,3.0,7,0.00031035626863550747
9.38,0.0,77.51017553839584,0,90,3.0,7,0.00020980491537818461
9.385,0.0,77.50680146081736,0,90,3.0,7,0.0001402363055125154
9.39,0.0,77.5044950721781,0,90,3.0,7,9.268190057942428e-05
9.395,0.0,77.50293738454126,0,90,3.0,7,6.056462971659852e-05
9.4,0.0,77.5018979055961,0,90,3.0,7,3.9132074146298636e-05
9.405,0.0,77.50121248974423,0,90,3.0,7,2.499978854089444e-05
9.41,0.0,77.50076589847964,0,90,3.0,7,1.5791721229734977e-05
9.415,0.0,77.50047835906365,0,90,3.0,7,9.863073477303842e-06
9.42,0.0,77.50029541087085,0,90,3.0,7,6.090945790679284e-06
9.425,0.0,77.50018038009229,0,90,3.0,7,3.7191771605897154e-06
9.43,0.0,77.50010890314022,0,90,3.0,7,2.2454255714627526e-06
9.435,0.0,77.5000650102546,0,90,3.0,7,1.3404176206560017e-06
9.44,0.0,77.50003837187288,0,90,3.0,7,7.911726366100336e-07
9.445,0.0,77.50002239410928,0,90,3.0,7,4.617342119555482e-07
9.45,0.0,77.500012922432,0,90,3.0,7,2.6644189703577083e-07
9.455,0.0,77.50000737300255,0,90,3.0,7,1.520206710571899e-07
9.46,0.001684486749771458,77.50000415943343,0,90,3.0,7,8.576151403242865e-08
9.465,0.004172395771277602,77.50000232013706,0,90,3.0,7,4.783787745772006e-08
9.47,0.009438687428818865,77.50000127962515,0,90,3.0,7,2.6384023763010605e-08
9.475,0.019500507867137046,77.50000069781701,0,90,3.0,7,1.4387979687394222e-08
9.48,0.03679496976339974,77.50000037626171,0,90,3.0,7,7.75797339771351e-09
9.485,0.06340728953298436,77.5000002005987,0,90,3.0,7,4.136055786523112e-09
9.49,0.09979255396093453,77.50000010574405,0,90,3.0,7,2.1802896899129167e-09
9.495,0.14343835518453557,77.50000005511545,0,90,3.0,7,1.1364010305507842e-09
9.5,0.18829581417209276,77.50000002840406,0,90,3.0,7,5.856507123473758e-10
9.505,0.2257481735193119,77.50000001447363,0,90,3.0,7,2.984253119534186e-10
9.51,0.24718154073554727,77.50000000729229,0,90,3.0,7,1.503564100257978e-10
9.515,0.24718154074102772,77.50000000363279,0,90,3.0,7,7.490292464166318e-11
9.52,0.22574817354072055,77.50000000178939,0,90,3.0,7,3.689460192111527e-11
9.525,0.18829581422840957,77.50000000087148,0,90,3.0,7,1.7968673513603357e-11
9.53,0.14343835532456656,77.50000000041966,0,90,3.0,7,8.652798981332584e-12
9.535,0.09979255431561854,77.50000000019982,0,90,3.0,7,4.119975838153719e-12
9.54,0.06340729067170194,77.50000000009408,0,90,3.0,7,1.9397084167966446e-12
9.545,0.03679497683410042,77.50000000004378,0,90,3.0,7,9.027555335574716e-13
9.55,0.019500578284482293,77.50000000002015,0,90,3.0,7,4.154843708485864e-13
9.555,0.009439396781978427,77.50000000000917,0,90,3.0,7,1.8898971734650088e-13
9.56,0.004178588733610924,77.50000000000412,0,90,3.0,7,8.497212097749652e-14
9.565,0.0017299316936037381,77.50000000000183,0,90,3.0,7,3.779794346930017e-14
9.57,0.0008997325756988589,77.50000000000081,0,90,3.0,7,1.67014168817838e-14
9.575,0.001634769674224814,77.50000000000036,0,90,3.0,7,7.32518284288763e-15
9.58,0.00614904736476635,77.50000000000016,0,90,3.0,7,3.2230804508705575e-15
9.585,0.02168080359963608,77.50000000000006,0,90,3.0,7,1.172029254862021e-15
9.59,0.06433400338904088,77.50000000000003,0,90,3.0,7,5.860146274310105e-16
9.595,0.1593410769217493,77.50000000000001,0,90,3.0,7,2.9300731371550523e-16
9.6,0.3291989194808569,77.5,0,90,3.0,7,0.0
9.605,0.5672906802982638,77.5,0,90,3.0,7,0.0
9.61,0.815339152120446,77.5,0,90,3.0,7,0.0
9.615,0.9768711246313155,77.50000284403532,1,90,3.0,7,5.8639903544616635e-08
9.62,0.9726380909165361,77.50000563434857,0,90,3.0,7,1.161721354257923e-07
9.625,0.7921091683291741,77.50001194034442,0,90,3.0,7,2.4619266848754496e-07
9.63,0.49139090102639077,77.50002813743002,0,90,3.0,7,5.801531963196297e-07
9.635,0.15739335672107918,77.50007456926916,0,90,3.0,7,1.5375107043195215e-06
9.64,-0.11102342218909485,77.50021555237494,0,90,3.0,8,4.444378864730322e-06
9.645,-0.2314207883647528,77.50064634651709,0,90,3.0,8,1.332673231106653e-05
9.65,-0.2029124434754801,77.50192715835341,0,90,3.0,8,3.973522378166224e-05
9.655,-0.11151350554305876,77.50556436458237,0,90,3.0,8,0.00011472916664678985
9.66,-0.039430666652076896,77.5153360380951,0,90,3.0,8,0.0003162069710329893
9.665,-0.006087703519843621,77.54004933030063,0,90,3.0,8,0.0008257593876419144
9.67,0.005350271385530551,77.59872426259801,0,90,3.0,8,0.002035551806144569
9.675,0.010381647827441833,77.72927397114614,0,90,3.0,8,0.004727298374147262
9.68,0.015115203303506243,78.0011213460085,0,90,3.0,8,0.01033239888677326
9.685,0.021170964062928475,78.53026214977955,0,90,3.0,8,0.02124251855215558
9.69,0.029082821134029553,79.49175422945842,0,90,3.0,8,0.041067097514606646
9.695,0.03923107061708144,81.12018821167895,0,90,3.0,8,0.0746430559109062
9.7,0.051969043308817596,83.68572301825407,0,90,3.0,8,0.12754068078874364
9.705,0.06760532616283861,87.43548636982642,0,90,3.0,8,0.204855389068586
9.71,0.08636519236693461,92.5008021671065,0,90,3.0,8,0.30929489004343297
9.715,0.10834733138818661,98.78935026029112,0,90,3.0,8,0.4389556754699199
9.72,0.1334809643017884,105.90117170753103,0,90,3.0,8,0.585591169227444
9.725,0.16148868344343945,113.11621193300405,0,90,3.0,8,0.7343548852165784
9.73,0.191860907532018,119.48749438013431,0,90,3.0,8,0.8657215336110167
9.735,0.22384764873847726,124.03653874510518,0,90,3.0,8,0.9595162627856737
9.74,0.25647215537198226,126.0,0,90,3.0,8,1.0
9.745,0.2885689161419028,125.04326482741723,0,90,3.0,8,0.9802735015962316
9.75,0.31884566517832524,121.35937653466117,0,90,3.0,8,0.9043170419517766
9.755,0.3459657668955683,115.61360140385835,0,90,3.0,8,0.7858474516259455
9.76,0.3686441789190902,108.75594891707162,0,90,3.0,8,0.6444525549911674
9.765,0.3857476379544367,101.77461151529064,0,90,3.0,8,0.5005074539235185
9.77,0.3963882865005728,95.47810717617381,0,90,3.0,8,0.37068262218915066
9.775,0.4,90.36949924832,0,90,3.0,8,0.26535049996536075
9.78,0.39638828650057273,86.62992216347705,0,90,3.0,8,0.18824581780365046
9.785,0.38574763795443656,84.18612234560806,0,90,3.0,8,0.1378581926929496
9.79,0.36864417891908974,82.81567309579101,0,90,3.0,8,0.1096015071297116
9.795,0.345965766895568,82.24668045311486,0,90,3.0,8,0.09786970006422396
9.8,0.3188456651783249,82.22677563441158,0,90,3.0,8,0.09745929143116662
9.805,0.28856891614190205,82.55618463062414,0,90,3.0,8,0.10425122949740505
9.81,0.2564721553719815,83.09295775268306,0,90,3.0,8,0.11531871655016625
9.815,0.22384764873847685,83.74288099322293,0,90,3.0,8,0.12871919573655516
9.82,0.19186090753201765,84.44470761789947,0,90,3.0,8,0.1431898477917416
9.825,0.16148868344343878,85.15701212826306,0,90,3.0,8,0.15787653872707344
9.83,0.1334809643017881,85.84902108131057,0,90,3.0,8,0.17214476456310449
9.835,0.10834733138818531,86.49535961413758,0,90,3.0,8,0.18547133225025947
9.84,0.08636519236690572,87.07368281210313,0,90,3.0,8,0.1973955218990336
9.845,0.06760532616242629,87.56407233300035,0,90,3.0,8,0.2075066460412444
9.85,0.05196904332202373,87.94934169797176,0,90,3.0,8,0.21545034428807755
9.855,0.03923107185803287,88.21569761819234,0,90,3.0,8,0.22094221893180077
9.86,0.02908287038705761,88.35343302302121,0,90,3.0,8,0.22378212418600435
9.865,0.02117220077308346,88.35747043745516,0,90,3.0,8,0.22386536984443636
9.87,0.0151361834125735,88.22765859398775,0,90,3.0,8,0.22118883698943825
9.875,0.010626454858290009,87.96877763919233,0,90,3.0,8,0.21585108534417166
9.88,0.007326255555493652,87.59024579975109,0,90,3.0,8,0.20804630514950698
9.885,0.004960179211183015,87.10555038207744,0,90,3.0,8,0.19805258519747296
9.89,0.0032978759379303545,86.53145038403952,0,90,3.0,8,0.18621547183586631
9.895,0.002153242296767213,85.88701624442398,0,90,3.0,8,0.17292816998812321
9.9,0.001380616732225004,85.1925832624303,0,90,3.0,8,0.1586099641738207
9.905,0.0008693106590991584,84.46869833167638,0,90,3.0,8,0.14368450168404903
9.91,0.000537524815942247,83.73513500639436,0,90,3.0,8,0.1285594846679249
9.915,0.0003263951340288585,83.0100405618299,0,90,3.0,8,0.11360908374907003
9.92,0.00019463030985187395,82.30926233944837,0,90,3.0,8,0.09916004823604879
9.925,0.00011397219555062695,81.6458814331628,0,90,3.0,8,0.08548209140541854
9.93,6.55403863487943e-05,81.02996195780577,0,90,3.0,8,0.07278272077950036
9.935,3.701184389455385e-05,80.46850585648903,0,90,3.0,8,0.06120630631936147
9.94,2.0525516217290957e-05,79.96558814237727,0,90,3.0,8,0.05083686891499528
9.945,1.1178128483661116e-05,79.52263674653703,0,90,3.0,8,0.04170385044406251
9.95,5.978135409912517e-06,79.13881522901951,0,90,3.0,8,0.03379000472205183
9.955,3.1396702713238487e-06,78.81146536827063,0,90,3.0,8,0.02704052305712643
9.96,1.6192875458531019e-06,78.53656943790337,0,90,3.0,8,0.02137256572996633
9.965,8.201353897972012e-07,78.30919783276481,0,90,3.0,8,0.016684491397212564
9.97,4.0791415086824765e-07,78.12391547782335,0,90,3.0,8,0.012864236656151455
9.975,1.9923866938774793e-07,77.97512900761184,0,90,3.0,8,0.009796474383749296
9.98,9.556527981051257e-08,77.85736504432592,0,90,3.0,8,0.007368351429400348
9.985,4.501406988770349e-08,77.76547726284619,0,90,3.0,8,0.005473757996828657
9.99,0.0,77.69478581665143,0,90,3.0,8,0.00401620240518417
9.995,0.0,77.6411568854654,0,90,3.0,8,0.00291045124670941
10.0,0.0,77.60103260291042,0,90,3.0,8,0.002083146451761279
10.005,0.0,77.57142261616407,0,90,3.0,8,0.0014726312611148655
10.01,0.0,77.54986831612662,0,90,3.0,8,0.0010282127036416499
10.015,0.0,77.53438970032784,0,90,3.0,8,0.0007090659861409428
10.02,0.0,77.52342323181401,0,90,3.0,8,0.00048295323327850095
10.025,0.0,77.5157572338132,0,90,3.0,8,0.0003248914188289516
10.03,0.0,77.5104695467323,0,90,3.0,8,0.0002158669429339278
10.035,0.0,77.50687053439142,0,90,3.0,8,0.0001416605029159711
10.04,0.0,77.50445315583923,0,90,3.0,8,9.18176461696771e-05
10.045,0.0,77.50285075573734,0,90,3.0,8,5.8778468811167315e-05
10.05,0.0,77.50180246507347,0,90,3.0,8,3.7164228318914934e-05
10.055,0.0,77.50112561130648,0,90,3.0,8,2.320848054592744e-05
10.06,0.0,77.50069426420308,0,90,3.0,8,1.4314725836628867e-05
10.065,0.0,77.50042293715272,0,90,3.0,8,8.720353664334793e-06
10.07,0.0,77.50025447295847,0,90,3.0,8,5.246865123178123e-06
10.075,0.0,77.5001512245073,0,90,3.0,8,3.1180310784715326e-06
10.08,0.0,77.50008876003304,0,90,3.0,8,1.8301037739641372e-06
10.085,0.0,77.50005145498665,0,90,3.0,8,1.0609275597237956e-06
10.09,0.0,77.50002946132142,0,90,3.0,8,6.074499261445715e-07
10.095,0.0,77.50001666064122,0,90,3.0,8,3.4351837571521924e-07
10.1,0.001684486749771458,77.50000930563341,0,90,3.0,8,1.9186873015014592e-07
10.105,0.004172395771277602,77.50000513351583,0,90,3.0,8,1.0584568716572885e-07
10.11,0.009438687428818865,77.50000279703956,0,90,3.0,8,5.767091868891811e-08
10.115,0.019500507867137046,77.50000150520984,0,90,3.0,8,3.103525438474236e-08
10.12,0.03679496976339974,77.50000080003728,0,90,3.0,8,1.649561411176899e-08
10.125,0.06340728953298436,77.50000041998922,0,90,3.0,8,8.659571552381805e-09
10.13,0.09979255396093453,77.50000021776135,0,90,3.0,8,4.48992482139972e-09
10.135,0.14343835518453557,77.50000011151626,0,90,3.0,8,2.2993042796198217e-09
10.14,0.18829581417209276,77.50000005640405,0,90,3.0,8,1.162970054736565e-09
10.145,0.2257481735193119,77.50000002817715,0,90,3.0,8,5.809722645692803e-10
10.15,0.24718154073554727,77.50000001390269,0,90,3.0,8,2.866534501175845e-10
10.155,0.24718154074102772,77.5000000067751,0,90,3.0,8,1.396927018504357e-10
10.16,0.22574817354072055,77.50000000326096,0,90,3.0,8,6.723638827829698e-11
10.165,0.18829581422840957,77.50000000155022,0,90,3.0,8,3.196328883128332e-11
10.17,0.14343835532456656,77.50000000072787,0,90,3.0,8,1.5007541601194463e-11
10.175,0.09979255431561854,77.50000000033754,0,90,3.0,8,6.9595097153706806e-12
10.18,0.06340729067170194,77.5000000001546,0,90,3.0,8,3.1876265659109813e-12
10.185,0.03679497683410042,77.50000000006995,0,90,3.0,8,1.4421819981077167e-12
10.19,0.019500578284482293,77.50000000003125,0,90,3.0,8,6.44323082860396e-13
10.195,0.009439396781978427,77.50000000001378,0,90,3.0,8,2.8421709430404007e-13
10.2,0.004178588733610924,77.50000000000601,0,90,3.0,8,1.239420937016587e-13
10.205,0.0017299316936037381,77.50000000000259,0,90,3.0,8,5.332733109622195e-14
10.21,0.0008997325756988589,77.5000000000011,0,90,3.0,8,2.25615631560939e-14
10.215,0.001634769674224814,77.50000000000045,0,90,3.0,8,9.376234038896167e-15
10.22,0.00614904736476635,77.50000000000018,0,90,3.0,8,3.809095078301568e-15
10.225,0.02168080359963608,77.50000000000007,0,90,3.0,8,1.465036568577526e-15
10.23,0.06433400338904088,77.50000000000003,0,90,3.0,8,5.860146274310105e-16
10.235,0.1593410769217493,77.50000000000001,0,90,3.0,8,2.9300731371550523e-16
10.24,0.3291989194808569,77.5,0,90,3.0,8,0.0
10.245,0.5672906802982638,77.5,0,90,3.0,8,0.0
10.25,0.815339152120446,77.5,0,90,3.0,8,0.0
10.255,0.9768711246313155,77.50000284586159,1,90,3.0,8,5.8677558500516847e-08
10.26,0.9726380909165361,77.50000527961552,0,90,3.0,8,1.0885805199295553e-07
10.265,0.7921091683291741,77.50001031954956,0,90,3.0,8,2.1277421772716367e-07
10.27,0.49139090102639077,77.5000219076864,0,90,3.0,8,4.517048742836215e-07
10.275,0.15739335672107918,77.5000513062313,0,90,3.0,8,1.0578604391548184e-06
10.28,-0.11102342218909485,77.50013076005604,0,90,3.0,8,2.6960836296509407e-06
10.285,-0.2314207883647528,77.50035020381222,0,90,3.0,8,7.220697159130761e-06
10.29,-0.2029124434754801,77.50095018691317,0,90,3.0,8,1.9591482745824776e-05
10.295,-0.11151350554305876,77.50254252172627,0,90,3.0,8,5.242312837668747e-05
10.3,-0.039430666652076896,77.50659976740856,0,90,3.0,8,0.00013607767852699768
10.305,-0.006087703519843621,77.51646537881305,0,90,3.0,8,0.00033949234666087036
10.31,0.005350271385530551,77.53928253215116,0,90,3.0,8,0.00080994911651881
10.315,0.010381647827441833,77.58937615985101,0,90,3.0,8,0.0018428074196085336
10.32,0.015115203303506243,77.69363594416527,0,90,3.0,8,0.003992493694129186
10.325,0.021170964062928475,77.89914273187748,0,90,3.0,8,0.008229747049020112
10.33,0.029082821134029553,78.28242166935907,0,90,3.0,8,0.016132405553795196
10.335,0.03923107061708144,78.95815265228912,0,90,3.0,8,0.03006500313998176
10.34,0.051969043308817596,80.08310908029944,0,90,3.0,8,0.05325998103710179
10.345,0.06760532616283861,81.84927459141106,0,90,3.0,8,0.08967576477136206
10.35,0.08636519236693461,84.45983730743244,0,90,3.0,8,0.14350180015324612
10.355,0.10834733138818661,88.08459313200352,0,90,3.0,8,0.2182390336495571
10.36,0.1334809643017884,92.79797719482352,0,90,3.0,8,0.31542221020254674
10.365,0.16148868344343945,98.51242125918112,0,90,3.0,8,0.4332457991583737
10.37,0.191860907532018,104.92855626497301,0,90,3.0,8,0.5655372425767631
10.375,0.22384764873847726,111.52691835651606,0,90,3.0,8,0.7015859454951766
10.38,0.25647215537198226,117.61903404505797,0,90,3.0,8,0.827196578248618
10.385,0.2885689161419028,122.45858606973496,0,90,3.0,8,0.9269811560770096
10.39,0.31884566517832524,125.39083977274626,0,90,3.0,8,0.9874399953143559
10.395,0.3459657668955683,126.0,0,90,3.0,8,1.0
10.4,0.3686441789190902,124.20909158519541,0,90,3.0,8,0.9630740533029981
10.405,0.3857476379544367,120.29953639901376,0,90,3.0,8,0.8824646680209023
10.41,0.3963882865005728,114.84382327361675,0,90,3.0,8,0.7699757376003453
10.415,0.4,108.57369951396845,0,90,3.0,8,0.6406948353395556
10.42,0.39638828650057273,102.2258821880279,0,90,3.0,8,0.5098120038768639
10.425,0.38574763795443656,96.40992335364712,0,90,3.0,8,0.389895326879322
10.43,0.36864417891908974,91.52930221937348,0,90,3.0,8,0.2892639632860511
10.435,0.345965766895568,87.76478426184879,0,90,3.0,8,0.21164503632677914
10.44,0.3188456651783249,85.10862158827653,0,90,3.0,8,0.15687879563456772
10.445,0.28856891614190205,83.42656336784474,0,90,3.0,8,0.1221971828421595
10.45,0.2564721553719815,82.52378753042284,0,90,3.0,8,0.1035832480499554
10.455,0.22384764873847685,82.19783132916163,0,90,3.0,8,0.09686250163219856
10.46,0.19186090753201765,82.27134594925722,0,90,3.0,8,0.09837826699499432
10.465,0.16148868344343878,82.60568848479885,0,90,3.0,8,0.10527192752162572
10.47,0.1334809643017881,83.10088201483204,0,90,3.0,8,0.11548210339859873
10.475,0.10834733138818531,83.68840901871987,0,90,3.0,8,0.12759606224164674
10.48,0.08636519236690572,84.32197791292448,0,90,3.0,8,0.14065933841081404
10.485,0.06760532616242629,84.96931088968523,0,90,3.0,8,0.15400641009660274
10.49,0.05196904332202373,85.60616534397113,0,90,3.0,8,0.16713742977260057
10.495,0.03923107185803287,86.21263167382902,0,90,3.0,8,0.1796418901820417
10.5,0.02908287038705761,86.77121984433278,0,90,3.0,8,0.19115917204809849
10.505,0.02117220077308346,87.26614028210291,0,90,3.0,8,0.20136371715676102
10.51,0.0151361834125735,87.68327944307798,0,90,3.0,8,0.20996452459954595
10.515,0.010626454858290009,88.01051741167255,0,90,3.0,8,0.21671169920974334
10.52,0.007326255555493652,88.23816273562356,0,90,3.0,8,0.22140541722935178
10.525,0.004960179211183015,88.35936913531009,0,90,3.0,8,0.22390451825381627
10.53,0.0032978759379303545,88.3704549759066,0,90,3.0,8,0.22413309228673395
10.535,0.002153242296767213,88.27108106749418,0,90,3.0,8,0.22208414572152949
10.54,0.001380616732225004,88.06426526041847,0,90,3.0,8,0.2178199022766694
10.545,0.0008693106590991584,87.75622938752784,0,90,3.0,8,0.21146864716552244
10.55,0.000537524815942247,87.35608811985259,0,90,3.0,8,0.20321831174953786
10.555,0.0003263951340288585,86.87540102954962,0,90,3.0,8,0.1933072377226726
10.56,0.00019463030985187395,86.32761843902698,0,90,3.0,8,0.18201275132014386
10.565,0.00011397219555062695,85.72745804544682,0,90,3.0,8,0.16963831021539844
10.57,6.55403863487943e-05,85.09025249472462,0,90,3.0,8,0.1565000514376211
10.575,3.701184389455385e-05,84.43130793834682,0,90,3.0,8,0.14291356573910968
10.58,2.0525516217290957e-05,83.7653103417945,0,90,3.0,8,0.12918165653184543
10.585,1.1178128483661116e-05,83.10581041043784,0,90,3.0,8,0.11558371980284206
10.59,5.978135409912517e-06,82.46481016288601,0,90,3.0,8,0.1023672198533198
10.595,3.1396702713238487e-06,81.85246524967621,0,90,3.0,8,0.08974155153971576
10.6,1.6192875458531019e-06,81.276907956434,0,90,3.0,8,0.07787439085430932
10.605,8.201353897972012e-07,80.74418725350604,0,90,3.0,8,0.06689045883517611
10.61,4.0791415086824765e-07,80.25831492720756,0,90,3.0,8,0.056872472725929164
10.615,1.9923866938774793e-07,79.82140122596148,0,90,3.0,8,0.04786394280332949
10.62,9.556527981051257e-08,79.43385983225944,0,90,3.0,8,0.039873398603287494
10.625,4.501406988770349e-08,79.09466036456183,0,90,3.0,8,0.03287959514560479
10.63,0.0,78.80160686539986,0,90,3.0,8,0.026837254956698177
10.635,0.0,78.55162253760456,0,90,3.0,8,0.021682938919681614
10.64,0.0,78.34102394918298,0,90,3.0,8,0.017340699983154285
10.645,0.0,78.16577159895577,0,90,3.0,8,0.0137272494630056
10.65,0.0,78.02168769123986,0,90,3.0,8,0.010756447242059007
10.655,0.0,77.90463583247852,0,90,3.0,8,0.008343006855227193
10.66,0.0,77.81066083961933,0,90,3.0,8,0.006405378136481049
10.665,0.0,77.73608973677702,0,90,3.0,8,0.004867829624268409
10.67,0.0,77.67759720552577,0,90,3.0,8,0.003661798052077754
10.675,0.0,77.63224022257143,0,90,3.0,8,0.0027266025272458896
10.68,0.0,77.59746741293033,0,90,3.0,8,0.0020096373800067655
10.685,0.0,77.57110886220912,0,90,3.0,8,0.001466162107404441
10.69,0.0,77.55135189140306,0,90,3.0,8,0.0010588018845991423
10.695,0.0,77.53670773455,0,90,3.0,8,0.0007568605061856994
10.7,0.0,77.52597330075044,0,90,3.0,8,0.0005355319742358057
10.705,0.0,77.51819135838316,0,90,3.0,8,0.00037507955429202044
10.71,0.0,77.51261163923783,0,90,3.0,8,0.00026003379871818866
10.715,0.0,77.50865458747553,0,90,3.0,8,0.00017844510258831027
10.72,0.0,77.50587881276304,0,90,3.0,8,0.00012121263428955844
10.725,0.0,77.5039527678497,0,90,3.0,8,8.150036803498289e-05
10.73,0.0,77.5026307611049,0,90,3.0,8,5.424249700817218e-05
10.735,0.0,77.50173312521085,0,90,3.0,8,3.5734540429848964e-05
10.74,0.0,77.50113017810872,0,90,3.0,8,2.3302641416991072e-05
10.745,0.0,77.50072951170684,0,90,3.0,8,1.5041478491477542e-05
10.75,0.0,77.50046610747096,0,90,3.0,8,9.610463318680203e-06
10.755,0.0,77.50029478697198,0,90,3.0,8,6.078081896445378e-06
10.76,0.0,77.50018454357595,0,90,3.0,8,3.805022184636626e-06
10.765,0.0,77.5001143557486,0,90,3.0,8,2.357850486457688e-06
10.77,0.0,77.50007014318696,0,90,3.0,8,1.446251277527444e-06
10.775,0.0,77.50004258742786,0,90,3.0,8,8.780912960048095e-07
10.78,0.0,77.50002559444704,0,90,3.0,8,5.277205574886991e-07
10.785,0.0,77.50001522574371,0,90,3.0,8,3.139328599872053e-07
10.79,0.0,77.5000089656071,0,90,3.0,8,1.8485787822822944e-07
10.795,0.0,77.50000522575824,0,90,3.0,8,1.0774759265793186e-07
10.8,0.0,77.50000301500023,0,90,3.0,8,6.21649532309e-08
10.805,0.001684486749771458,77.50000172184403,0,90,3.0,8,3.5501938745040105e-08
10.81,0.004172395771277602,77.50000097334923,0,90,3.0,8,2.0069056299970978e-08
10.815,0.009438687428818865,77.50000054464309,0,90,3.0,8,1.1229754354363397e-08
10.82,0.019500507867137046,77.50000030166417,0,90,3.0,8,6.219879850570728e-09
10.825,0.03679496976339974,77.50000016538796,0,90,3.0,8,3.410061017066911e-09
10.83,0.06340728953298436,77.50000008975371,0,90,3.0,8,1.850592000373956e-09
10.835,0.09979255396093453,77.5000000482136,0,90,3.0,8,9.940947034620061e-10
10.84,0.14343835518453557,77.50000002563627,0,90,3.0,8,5.285828498842617e-10
10.845,0.18829581417209276,77.50000001349301,0,90,3.0,9,2.782063422704802e-10
10.85,0.2257481735193119,77.50000000702961,0,90,3.0,9,1.449404628390804e-10
10.855,0.24718154073554727,77.50000000362512,0,90,3.0,9,7.474470069225681e-11
10.86,0.24718154074102772,77.50000000185047,0,90,3.0,9,3.8153947355464515e-11
10.865,0.22574817354072055,77.50000000093499,0,90,3.0,9,1.927812319859795e-11
10.87,0.18829581422840957,77.50000000046764,0,90,3.0,9,9.641991672436131e-12
10.875,0.14343835532456656,77.50000000023151,0,90,3.0,9,4.773382147739296e-12
10.88,0.09979255431561854,77.50000000011345,0,90,3.0,9,2.3390773853908783e-12
10.885,0.06340729067170194,77.50000000005502,0,90,3.0,9,1.1345243187064363e-12
10.89,0.03679497683410042,77.50000000002642,0,90,3.0,9,5.447005961971242e-13
10.895,0.019500578284482293,77.50000000001256,0,90,3.0,9,2.590184653245066e-13
10.9,0.009439396781978427,77.50000000000591,0,90,3.0,9,1.2189104250565017e-13
10.905,0.004178588733610924,77.50000000000276,0,90,3.0,9,5.684341886080802e-14
10.91,0.0017299316936037381,77.50000000000126,0,90,3.0,9,2.6077650920679964e-14
10.915,0.0008997325756988589,77.50000000000058,0,90,3.0,9,1.2013299862335714e-14
10.92,0.001634769674224814,77.50000000000026,0,90,3.0,9,5.274131646879094e-15
10.925,0.00614904736476635,77.50000000000011,0,90,3.0,9,2.344058509724042e-15
10.93,0.02168080359963608,77.50000000000006,0,90,3.0,9,1.172029254862021e-15
10.935,0.06433400338904088,77.50000000000003,0,90,3.0,9,5.860146274310105e-16
10.94,0.1593410769217493,77.50000000000001,0,90,3.0,9,2.9300731371550523e-16
10.945,0.3291989194808569,77.5,0,90,3.0,9,0.0
10.95,0.5672906802982638,77.5,0,90,3.0,9,0.0
10.955,0.815339152120446,77.5,0,90,3.0,9,0.0
10.96,0.9768711246313155,77.50000285328441,1,90,3.0,9,5.883060647572643e-08
10.965,0.9726380909165361,77.50000562140409,0,90,3.0,9,1.1590523887282392e-07
10.97,0.7921091683291741,77.50001183073464,0,90,3.0,9,2.4393267289710397e-07
10.975,0.49139090102639077,77.50002762917026,0,90,3.0,9,5.696736136471992e-07
10.98,0.15739335672107918,77.50007245443882,0,90,3.0,9,1.4939059550923367e-06
10.985,-0.11102342218909485,77.50020725996767,0,90,3.0,9,4.273401395187075e-06
10.99,-0.2314207883647528,77.50061582704151,0,90,3.0,9,1.269746477348854e-05
10.995,-0.2029124434754801,77.50182248868452,0,90,3.0,9,3.757708627885804e-05
11.0,-0.11151350554305876,77.5052310715901,0,90,3.0,9,0.00010785714618768954
11.005,-0.039430666652076896,77.51435172175279,0,90,3.0,9,0.0002959117887172917
11.01,-0.006087703519843621,77.53735285072946,0,90,3.0,9,0.0007701618707105621
11.015,0.005350271385530551,77.5918691803079,0,90,3.0,9,0.0018942099032555814
11.02,0.010381647827441833,77.71309481986977,0,90,3.0,9,0.004393707626180756
11.025,0.015115203303506243,77.96566482587883,0,90,3.0,9,0.009601336616058397
11.03,0.021170964062928475,78.45812550344493,0,90,3.0,9,0.01975516501948315
11.035,0.029082821134029553,79.35558674678168,0,90,3.0,9,0.03825952055219964
11.04,0.03923107061708144,80.88198151748664,0,90,3.0,9,0.06973157768013682
11.045,0.051969043308817596,83.30025257051231,0,90,3.0,9,0.11959283650540853
11.05,0.06760532616283861,86.86014114836432,0,90,3.0,9,0.19299260099720247
11.055,0.08636519236693461,91.71228864363101,0,90,3.0,9,0.29303687925012395
11.06,0.10834733138818661,97.80423612993579,0,90,3.0,9,0.4186440439162018
11.065,0.1334809643017884,104.79307462662686,0,90,3.0,9,0.5627438067345745
11.07,0.16148868344343945,112.02004978372179,0,90,3.0,9,0.7117536037880781
11.075,0.191860907532018,118.58316466468419,0,90,3.0,9,0.8470755600965812
11.08,0.22384764873847726,123.51148828718976,0,90,3.0,9,0.9486904801482425
11.085,0.25647215537198226,126.0,0,90,3.0,9,1.0
11.09,0.2885689161419028,125.62830221298329,0,90,3.0,9,0.9923361281027482
11.095,0.31884566517832524,122.48203243932362,0,90,3.0,9,0.9274645863778066
11.1,0.3459657668955683,117.12925074937131,0,90,3.0,9,0.8170979535952847
11.105,0.3686441789190902,110.46116941721593,0,90,3.0,9,0.6796117405611531
11.11,0.3857476379544367,103.45897551850818,0,90,3.0,9,0.5352366086290347
11.115,0.3963882865005728,96.97065636772538,0,90,3.0,9,0.4014568323242347
11.12,0.4,91.56589466519785,0,90,3.0,9,0.29001844670511023
11.125,0.39638828650057273,87.49604796974954,0,90,3.0,9,0.206104081850506
11.13,0.38574763795443656,84.74329427423734,0,90,3.0,9,0.14934627369561532
11.135,0.36864417891908974,83.11746244254847,0,90,3.0,9,0.11582396788759737
11.14,0.345965766895568,82.3568848664176,0,90,3.0,9,0.10014195600861034
11.145,0.3188456651783249,82.20419486948393,0,90,3.0,9,0.09699370864915315
11.15,0.28856891614190205,82.4474226772088,0,90,3.0,9,0.102008714993996
11.155,0.2564721553719815,82.93146838815557,0,90,3.0,9,0.11198903893104258
11.16,0.22384764873847685,83.55144100802794,0,90,3.0,9,0.12477197954696775
11.165,0.19186090753201765,84.23890517799641,0,90,3.0,9,0.13894649851539
11.17,0.16148868344343878,84.94831218827366,0,90,3.0,9,0.15357344718090024
11.175,0.1334809643017881,85.64686744660881,0,90,3.0,9,0.16797664838368678
11.18,0.10834733138818531,86.30832747591782,0,90,3.0,9,0.18161499950346022
11.185,0.08636519236690572,86.90992131114385,0,90,3.0,9,0.19401899610605872
11.19,0.06760532616242629,87.43130093518502,0,90,3.0,9,0.20476909144711383
11.195,0.05196904332202373,87.85460739278714,0,90,3.0,9,0.21349705964509577
11.2,0.03923107185803287,88.16503318602679,0,90,3.0,9,0.21989759146446988
11.205,0.02908287038705761,88.35150634707973,0,90,3.0,9,0.2237423989088605
11.21,0.02117220077308346,88.40728293523891,0,90,3.0,9,0.22489243165441053
11.215,0.0151361834125735,88.33033092317498,0,90,3.0,9,0.22330579223041203
11.22,0.010626454858290009,88.12344658788109,0,90,3.0,9,0.21904013583259982
11.225,0.007326255555493652,87.79408397232552,0,90,3.0,9,0.2122491540685675
11.23,0.004960179211183015,87.35390857822988,0,90,3.0,9,0.20317337274700778
11.235,0.0032978759379303545,86.81811153597118,0,90,3.0,9,0.19212601105095226
11.24,0.002153242296767213,86.20454017631614,0,90,3.0,9,0.17947505518177614
11.245,0.001380616732225004,85.5327142396845,0,90,3.0,9,0.1656229740141133
11.25,0.0008693106590991584,84.82280306012088,0,90,3.0,9,0.15098563010558508
11.255,0.000537524815942247,84.09463776038064,0,90,3.0,9,0.13597191258516775
11.26,0.0003263951340288585,83.36682439710084,0,90,3.0,9,0.1209654514866153
11.265,0.00019463030985187395,82.65601043153745,0,90,3.0,9,0.10630949343376192
11.27,0.00011397219555062695,81.97633972309383,0,90,3.0,9,0.09229566439368721
11.275,6.55403863487943e-05,81.33911255053565,0,90,3.0,9,0.07915695980485868
11.28,3.701184389455385e-05,80.75264902476607,0,90,3.0,9,0.0670649283456922
11.285,2.0525516217290957e-05,80.22233844465784,0,90,3.0,9,0.05613068958057395
11.29,1.1178128483661116e-05,79.75084496649728,0,90,3.0,9,0.04640917456695429
11.295,5.978135409912517e-06,79.33843213578254,0,90,3.0,9,0.03790581723262969
11.3,3.1396702713238487e-06,78.9833655092204,0,90,3.0,9,0.030584855860214546
11.305,1.6192875458531019e-06,78.682353399043,0,90,3.0,9,0.02437842059882464
11.31,8.201353897972012e-07,78.43098993416538,0,90,3.0,9,0.019195668745677973
11.315,4.0791415086824765e-07,78.22417115200214,0,90,3.0,9,0.014931363958807063
11.32,1.9923866938774793e-07,78.05646263625866,0,90,3.0,9,0.011473456417704288
11.325,9.556527981051257e-08,77.92240529264143,0,90,3.0,9,0.008709387477142862
11.33,4.501406988770349e-08,77.81675337219069,0,90,3.0,9,0.006530997364756479
11.335,0.0,77.73464521201578,0,90,3.0,9,0.004838045608572738
11.34,0.0,77.6717120211314,0,90,3.0,9,0.0035404540439463563
11.345,0.0,77.62413328746686,0,90,3.0,9,0.002559449226120855
11.35,0.0,77.58864910755129,0,90,3.0,9,0.0018278166505420771
11.355,0.0,77.56254016636984,0,90,3.0,9,0.0012894879663885074
11.36,0.0,77.54358552186387,0,90,3.0,9,0.0008986705538943297
11.365,0.0,77.53000709975734,0,90,3.0,9,0.0006187030877802349
11.37,0.0,77.52040818335705,0,90,3.0,9,0.00042078728571233844
11.375,0.0,77.51371144502332,0,90,3.0,9,0.00028271020666635973
11.38,0.0,77.50910040372447,0,90,3.0,9,0.00018763719019534853
11.385,0.0,77.50596673357165,0,90,3.0,9,0.00012302543446709286
11.39,0.0,77.5038646590576,0,90,3.0,9,7.968369190923545e-05
11.395,0.0,77.50247277317126,0,90,3.0,9,5.098501384047511e-05
11.4,0.0,77.50156298902219,0,90,3.0,9,3.222657777711771e-05
11.405,0.0,77.50097594676535,0,90,3.0,9,2.0122613718576384e-05
11.41,0.0,77.50060199777202,0,90,3.0,9,1.2412325196347533e-05
11.415,0.0,77.50036682775895,0,90,3.0,9,7.563458947475906e-06
11.42,0.0,77.50022081473722,0,90,3.0,9,4.552881179766775e-06
11.425,0.0,77.50013130838836,0,90,3.0,9,2.707389450754996e-06
11.43,0.0,77.50007713570277,0,90,3.0,9,1.5904268611824797e-06
11.435,0.0,77.50004476277108,0,90,3.0,9,9.229437336633748e-07
11.44,0.0,77.5000256612047,0,90,3.0,9,5.290970041749967e-07
11.445,0.0,77.50001453234408,0,90,3.0,9,2.996359604512503e-07
11.45,0.001684486749771458,77.50000813004326,0,90,3.0,9,1.6762975784547157e-07
11.455,0.004172395771277602,77.50000449312597,0,90,3.0,9,9.264177259462213e-08
11.46,0.009438687428818865,77.50000245303015,0,90,3.0,9,5.057794121207688e-08
11.465,0.019500507867137046,77.50000132298747,0,90,3.0,9,2.7278092215731037e-08
11.47,0.03679496976339974,77.50000070486692,0,90,3.0,9,1.4533338564677289e-08
11.475,0.06340728953298436,77.50000037098563,0,90,3.0,9,7.64918827934304e-09
11.48,0.09979255396093453,77.50000019288817,0,90,3.0,9,3.97707558524004e-09
11.485,0.14343835518453557,77.5000000990724,0,90,3.0,9,2.042729788299016e-09
11.49,0.18829581417209276,77.50000005026877,0,90,3.0,9,1.0364694211715425e-09
11.495,0.2257481735193119,77.50000002519663,0,90,3.0,9,5.195180826198451e-10
11.5,0.24718154073554727,77.50000001247628,0,90,3.0,9,2.572428410033907e-10
11.505,0.24718154074102772,77.50000000610277,0,90,3.0,9,1.2583023283124142e-10
11.51,0.22574817354072055,77.50000000294894,0,90,3.0,9,6.080282669104563e-11
11.515,0.18829581422840957,77.50000000140768,0,90,3.0,9,2.90244254747168e-11
11.52,0.14343835532456656,77.5000000006638,0,90,3.0,9,1.3686664630964965e-11
11.525,0.09979255431561854,77.50000000030923,0,90,3.0,9,6.375839146449394e-12
11.53,0.06340729067170194,77.50000000014231,0,90,3.0,9,2.9341752395470693e-12
11.535,0.03679497683410042,77.50000000006469,0,90,3.0,9,1.3337692920329797e-12
11.54,0.019500578284482293,77.50000000002905,0,90,3.0,9,5.989069492344927e-13
11.545,0.009439396781978427,77.50000000001289,0,90,3.0,9,2.6575763353996326e-13
11.55,0.004178588733610924,77.50000000000564,0,90,3.0,9,1.1632390354505557e-13
11.555,0.0017299316936037381,77.50000000000244,0,90,3.0,9,5.03972579590669e-14
11.56,0.0008997325756988589,77.50000000000105,0,90,3.0,9,2.1682541214947386e-14
11.565,0.001634769674224814,77.50000000000044,0,90,3.0,9,9.083226725180661e-15
11.57,0.00614904736476635,77.50000000000018,0,90,3.0,9,3.809095078301568e-15
11.575,0.02168080359963608,77.50000000000007,0,90,3.0,9,1.465036568577526e-15
11.58,0.06433400338904088,77.50000000000003,0,90,3.0,9,5.860146274310105e-16
11.585,0.1593410769217493,77.50000000000001,0,90,3.0,9,2.9300731371550523e-16
11.59,0.3291989194808569,77.5,0,90,3.0,9,0.0
11.595,0.5672906802982638,77.5,0,90,3.0,9,0.0
11.6,0.815339152120446,77.5,0,90,3.0,9,0.0
11.605,0.9768711246313155,77.5,1,90,3.0,9,0.0
11.61,0.9726380909165361,77.5,0,90,3.0,9,0.0
11.615,0.7921091683291741,77.5,0,90,3.0,9,0.0
11.62,0.49139090102639077,77.5,0,90,3.0,9,0.0
11.625,0.15739335672107918,77.5,0,90,3.0,9,0.0
11.63,-0.11102342218909485,77.5,0,90,3.0,9,0.0
11.635,-0.2314207883647528,77.5,0,90,3.0,9,0.0
11.64,-0.2029124434754801,77.5,0,90,3.0,9,0.0
11.645,-0.11151350554305876,77.5,0,90,3.0,9,0.0
11.65,-0.039430666652076896,77.5,0,90,3.0,9,0.0
11.655,-0.006087703519843621,77.5,0,90,3.0,9,0.0
11.66,0.005350271385530551,77.5,0,90,3.0,9,0.0
11.665,0.010381647827441833,77.5,0,90,3.0,9,0.0
11.67,0.015115203303506243,77.5,0,90,3.0,9,0.0
11.675,0.021170964062928475,77.5,0,90,3.0,9,0.0
11.68,0.029082821134029553,77.5,0,90,3.0,9,0.0
11.685,0.03923107061708144,77.5,0,90,3.0,9,0.0
11.69,0.051969043308817596,77.5,0,90,3.0,9,0.0
11.695,0.06760532616283861,77.5,0,90,3.0,9,0.0
11.7,0.08636519236693461,77.5,0,90,3.0,9,0.0
11.705,0.10834733138818661,77.5,0,90,3.0,9,0.0
11.71,0.1334809643017884,77.5,0,90,3.0,9,0.0
11.715,0.16148868344343945,77.5,0,90,3.0,9,0.0
11.72,0.191860907532018,77.5,0,90,3.0,9,0.0
11.725,0.22384764873847726,77.5,0,90,3.0,9,0.0
11.73,0.25647215537198226,77.5,0,90,3.0,9,0.0
11.735,0.2885689161419028,77.5,0,90,3.0,9,0.0
11.74,0.31884566517832524,77.5,0,90,3.0,9,0.0
11.745,0.3459657668955683,77.5,0,90,3.0,9,0.0
11.75,0.3686441789190902,77.5,0,90,3.0,9,0.0
11.755,0.3857476379544367,77.5,0,90,3.0,9,0.0
11.76,0.3963882865005728,77.5,0,90,3.0,9,0.0
11.765,0.4,77.5,0,90,3.0,9,0.0
11.77,0.39638828650057273,77.5,0,90,3.0,9,0.0
11.775,0.38574763795443656,77.5,0,90,3.0,9,0.0
11.78,0.36864417891908974,77.5,0,90,3.0,9,0.0
11.785,0.345965766895568,77.5,0,90,3.0,9,0.0
11.79,0.3188456651783249,77.5,0,90,3.0,9,0.0
11.795,0.28856891614190205,77.5,0,90,3.0,9,0.0
11.8,0.2564721553719815,77.5,0,90,3.0,9,0.0
11.805,0.22384764873847685,77.5,0,90,3.0,9,0.0
11.81,0.19186090753201765,77.5,0,90,3.0,9,0.0
11.815,0.16148868344343878,77.5,0,90,3.0,9,0.0
11.82,0.1334809643017881,77.5,0,90,3.0,9,0.0
11.825,0.10834733138818531,77.5,0,90,3.0,9,0.0
11.83,0.08636519236690572,77.5,0,90,3.0,9,0.0
11.835,0.06760532616242629,77.5,0,90,3.0,9,0.0
11.84,0.05196904332202373,77.5,0,90,3.0,9,0.0
11.845,0.03923107185803287,77.5,0,90,3.0,9,0.0
11.85,0.02908287038705761,77.5,0,90,3.0,9,0.0
11.855,0.02117220077308346,77.5,0,90,3.0,9,0.0
11.86,0.0151361834125735,77.5,0,90,3.0,9,0.0
11.865,0.010626454858290009,77.5,0,90,3.0,9,0.0
11.87,0.007326255555493652,77.5,0,90,3.0,9,0.0
11.875,0.004960179211183015,77.5,0,90,3.0,9,0.0
11.88,0.0032978759379303545,77.5,0,90,3.0,9,0.0
11.885,0.002153242296767213,77.5,0,90,3.0,9,0.0
11.89,0.001380616732225004,77.5,0,90,3.0,9,0.0
11.895,0.0008693106590991584,77.5,0,90,3.0,9,0.0
11.9,0.000537524815942247,77.5,0,90,3.0,9,0.0
11.905,0.0003263951340288585,77.5,0,90,3.0,9,0.0
11.91,0.00019463030985187395,77.5,0,90,3.0,9,0.0
11.915,0.00011397219555062695,77.5,0,90,3.0,9,0.0
11.92,6.55403863487943e-05,77.5,0,90,3.0,9,0.0
11.925,3.701184389455385e-05,77.5,0,90,3.0,9,0.0
11.93,2.0525516217290957e-05,77.5,0,90,3.0,9,0.0
11.935,1.1178128483661116e-05,77.5,0,90,3.0,9,0.0
11.94,5.978135409912517e-06,77.5,0,90,3.0,9,0.0
11.945,3.1396702713238487e-06,77.5,0,90,3.0,9,0.0
11.95,1.6192875458531019e-06,77.5,0,90,3.0,9,0.0
11.955,8.201353897972012e-07,77.5,0,90,3.0,9,0.0
11.96,4.0791415086824765e-07,77.5,0,90,3.0,9,0.0
11.965,1.9923866938774793e-07,77.5,0,90,3.0,9,0.0
11.97,9.556527981051257e-08,77.5,0,90,3.0,9,0.0
11.975,4.501406988770349e-08,77.5,0,90,3.0,9,0.0
11.98,0.0,77.5,0,90,3.0,9,0.0
11.985,0.0,77.5,0,90,3.0,9,0.0
11.99,0.0,77.5,0,90,3.0,9,0.0
11.995,0.0,77.5,0,90,3.0,9,0.0
