Time,ECG,Pressure,R_Peaks,mean_hr,hrv_scale,Phase_Bin,Normalized_Pressure
0.0,0.001684486749771458,77.5,0,60,3.0,0,0.0
0.005,0.003097557930867117,77.5,0,60,3.0,0,0.0
0.01,0.005475106668887023,77.5,0,60,3.0,0,0.0
0.015,0.00930222931468658,77.5,0,60,3.0,0,0.0
0.02,0.01519157517868857,77.5,0,60,3.0,0,0.0
0.025,0.023847336626128316,77.5,0,60,3.0,0,0.0
0.03,0.0359830743700859,77.5,0,60,3.0,0,0.0
0.035,0.05218887796857759,77.5,0,60,3.0,0,0.0
0.04,0.0727577001223134,77.5,0,60,3.0,0,0.0
0.045,0.0974992498694751,77.5,0,60,3.0,0,0.0
0.05,0.12558706050443358,77.5,0,60,3.0,0,0.0
0.055,0.15549263588878245,77.5,0,60,3.0,0,0.0
0.06,0.1850529723539114,77.5,0,60,3.0,0,0.0
0.065,0.21169159439317053,77.5,0,60,3.0,0,0.0
0.07,0.23277292922115492,77.5,0,60,3.0,0,0.0
0.075,0.24602692519491282,77.5,0,60,3.0,0,0.0
0.08,0.24995056064839283,77.5,0,60,3.0,0,0.0
0.085,0.24408826520424054,77.5,0,60,3.0,0,0.0
0.09,0.22911894216865275,77.5,0,60,3.0,0,0.0
0.095,0.20672661788705934,77.5,0,60,3.0,0,0.0
0.1,0.17928878030241233,77.5,0,60,3.0,0,0.0
0.105,0.14946211903866036,77.5,0,60,3.0,0,0.0
0.11,0.1197651512573837,77.5,0,60,3.0,0,0.0
0.115,0.09224675744988023,77.5,0,60,3.0,0,0.0
0.12,0.06829565320281596,77.5,0,60,3.0,0,0.0
0.125,0.04860224607515734,77.5,0,60,3.0,0,0.0
0.13,0.03324612389699793,77.5,0,60,3.0,0,0.0
0.135,0.021859876340472782,77.5,0,60,3.0,0,0.0
0.14,0.01381595518554205,77.5,0,60,3.0,0,0.0
0.145,0.008394095110402422,77.5,0,60,3.0,0,0.0
0.15,0.0049052535271608,77.5,0,60,3.0,0,0.0
0.155,0.0027671663551903634,77.5,0,60,3.0,0,0.0
0.16,0.0015425553464444616,77.5,0,60,3.0,0,0.0
0.165,0.0009638206637011801,77.5,0,60,3.0,0,0.0
0.17,0.0009804935156568228,77.5,0,60,3.0,0,0.0
0.175,0.0018793744894085216,77.5,0,60,3.0,0,0.0
0.18,0.004535525206900863,77.5,0,60,3.0,0,0.0
0.185,0.010832767979632273,77.5,0,60,3.0,0,0.0
0.19,0.024208003392322392,77.5,0,60,3.0,0,0.0
0.195,0.0500971897335304,77.5,0,60,3.0,0,0.0
0.2,0.09582894921774403,77.5,0,60,3.0,0,0.0
0.205,0.16937896721820658,77.5,0,60,3.0,0,0.0
0.21,0.27661303008991756,77.5,0,60,3.0,0,0.0
0.215,0.4173782800009149,77.5,0,60,3.0,0,0.0
0.22,0.5818720934538056,77.5,0,60,3.0,0,0.0
0.225,0.7494718801585675,77.5,0,60,3.0,0,0.0
0.23,0.891813020752378,77.5,0,60,3.0,0,0.0
0.235,0.9800361632936612,77.5,0,60,3.0,0,0.0
0.24,0.993574479225126,77.5,0,60,3.0,0,0.0
0.245,0.9263438449375362,77.5,0,60,3.0,0,0.0
0.25,0.7873015962290536,77.5,0,60,3.0,0,0.0
0.255,0.5959516244629897,77.5,0,60,3.0,0,0.0
0.26,0.376910120078773,77.5,0,60,3.0,0,0.0
0.265,0.15739335672107918,77.5,0,60,3.0,0,0.0
0.27,-0.033361226269301235,77.5,0,60,3.0,0,0.0
0.275,-0.1680180840843834,77.5,0,60,3.0,0,0.0
0.28,-0.23069703190837854,77.5,0,60,3.0,0,0.0
0.285,-0.22587267821131068,77.5,0,60,3.0,0,0.0
0.29,-0.17718181630665902,77.5,0,60,3.0,0,0.0
0.295,-0.11494332516451301,77.5,0,60,3.0,0,0.0
0.3,-0.061810214049552864,77.5,0,60,3.0,0,0.0
0.305,-0.026546104631500547,77.5,0,60,3.0,0,0.0
0.31,-0.00719600351942686,77.5,0,60,3.0,0,0.0
0.315,0.0022072757983807078,77.5,0,60,3.0,0,0.0
0.32,0.006917199873730717,77.5,0,60,3.0,0,0.0
0.325,0.01004859748264829,77.5,0,60,3.0,0,0.0
0.33,0.013037082251128167,77.5,0,60,3.0,0,0.0
0.335,0.01645163937690478,77.5,0,60,3.0,0,0.0
0.34,0.020526639934696615,77.5,0,60,3.0,0,0.0
0.345,0.02539629541761738,77.5,0,60,3.0,0,0.0
0.35,0.031171612185577933,77.5,0,60,3.0,0,0.0
0.355,0.03795853426638131,77.5,0,60,3.0,0,0.0
0.36,0.0458588961882057,77.5,0,60,3.0,0,0.0
0.365,0.054966995891435555,77.5,0,60,3.0,0,0.0
0.37,0.06536491004445595,77.5,0,60,3.0,0,0.0
0.375,0.07711726085088699,77.5,0,60,3.0,0,0.0
0.38,0.09026570629555215,77.5,0,60,3.0,0,0.0
0.385,0.10482339848670268,77.5,0,60,3.0,0,0.0
0.39,0.12076968927580028,77.5,0,60,3.0,0,0.0
0.395,0.13804539501007884,77.5,0,60,3.0,0,0.0
0.4,0.15654895051787066,77.5,0,60,3.0,0,0.0
0.405,0.17613378141900526,77.5,0,60,3.0,0,0.0
0.41,0.19660720058055794,77.5,0,60,3.0,0,0.0
0.415,0.21773108748496234,77.5,0,60,3.0,0,0.0
0.42,0.23922453870058807,77.5,0,60,3.0,0,0.0
0.425,0.2607685857914563,77.5,0,60,3.0,0,0.0
0.43,0.2820129681603682,77.5,0,60,3.0,0,0.0
0.435,0.30258482867153996,77.5,0,60,3.0,0,0.0
0.44,0.3220990771751686,77.5,0,60,3.0,0,0.0
0.445,0.3401700499968971,77.5,0,60,3.0,0,0.0
0.45,0.3564239911198326,77.5,0,60,3.0,0,0.0
0.455,0.3705118017738417,77.5,0,60,3.0,0,0.0
0.46,0.3821214567925213,77.5,0,60,3.0,0,0.0
0.465,0.39098947374066967,77.5,0,60,3.0,0,0.0
0.47,0.3969108472035567,77.5,0,60,3.0,0,0.0
0.475,0.3997469255491936,77.5,0,60,3.0,0,0.0
0.48,0.3994308076379137,77.5,0,60,3.0,0,0.0
0.485,0.3959699661768434,77.5,0,60,3.0,0,0.0
0.49,0.38944595408114946,77.5,0,60,3.0,0,0.0
0.495,0.38001120995358023,77.5,0,60,3.0,0,0.0
0.5,0.3678831374098315,77.5,0,60,3.0,0,0.0
0.505,0.35333577933796634,77.5,0,60,3.0,0,0.0
0.51,0.33668953221163944,77.5,0,60,3.0,0,0.0
0.515,0.3182994390982644,77.5,0,60,3.0,0,0.0
0.52,0.29854265738230645,77.5,0,60,3.0,0,0.0
0.525,0.2778057157821067,77.5,0,60,3.0,0,0.0
0.53,0.2564721553719815,77.5,0,60,3.0,0,0.0
0.535,0.23491109433464996,77.5,0,60,3.0,0,0.0
0.54,0.21346717185309805,77.5,0,60,3.0,0,0.0
0.545,0.19245222055656455,77.5,0,60,3.0,0,0.0
0.55,0.17213889801761392,77.5,0,60,3.0,0,0.0
0.555,0.15275638501270183,77.5,0,60,3.0,0,0.0
0.56,0.13448814019607322,77.5,0,60,3.0,0,0.0
0.565,0.11747159495449566,77.5,0,60,3.0,0,0.0
0.57,0.10179958433370105,77.5,0,60,3.0,0,0.0
0.575,0.08752324394101413,77.5,0,60,3.0,0,0.0
0.58,0.07465606047174059,77.5,0,60,3.0,0,0.0
0.585,0.0631787448609295,77.5,0,60,3.0,0,0.0
0.59,0.05304460019959574,77.5,0,60,3.0,0,0.0
0.595,0.044185078305849994,77.5,0,60,3.0,0,0.0
0.6,0.03651525513023255,77.5,0,60,3.0,0,0.0
0.605,0.0299390014708757,77.5,0,60,3.0,0,0.0
0.61,0.024353677220580638,77.5,0,60,3.0,0,0.0
0.615,0.01965423034339045,77.5,0,60,3.0,0,0.0
0.62,0.015736632374757337,77.5,0,60,3.0,0,0.0
0.625,0.012500627640593535,77.5,0,60,3.0,0,0.0
0.63,0.009851811652115898,77.5,0,60,3.0,0,0.0
0.635,0.007703084175428559,77.5,0,60,3.0,0,0.0
0.64,0.005975544002062424,77.5,0,60,3.0,0,0.0
0.645,0.004598905818663047,77.5,0,60,3.0,0,0.0
0.65,0.0035115256454839104,77.5,0,60,3.0,0,0.0
0.655,0.002660121266303676,77.5,0,60,3.0,0,0.0
0.66,0.0019992692560877024,77.5,0,60,3.0,0,0.0
0.665,0.0014907520044639367,77.5,0,60,3.0,0,0.0
0.67,0.0011028178277539807,77.5,0,60,3.0,0,0.0
0.675,0.0008094059938923333,77.5,0,60,3.0,0,0.0
0.68,0.0005893771793717645,77.5,0,60,3.0,0,0.0
0.685,0.0004257792353490551,77.5,0,60,3.0,0,0.0
0.69,0.0003051686392901525,77.5,0,60,3.0,0,0.0
0.695,0.00021699992642659966,77.5,0,60,3.0,0,0.0
0.7,0.00015308884054097838,77.5,0,60,3.0,0,0.0
0.705,0.00010714989329311098,77.5,0,60,3.0,0,0.0
0.71,7.440535854020571e-05,77.5,0,60,3.0,0,0.0
0.715,5.1260276743925106e-05,77.5,0,60,3.0,0,0.0
0.72,3.503659887882241e-05,77.5,0,60,3.0,0,0.0
0.725,2.375894748103639e-05,77.5,0,60,3.0,0,0.0
0.73,1.5984413869232557e-05,77.5,0,60,3.0,0,0.0
0.735,1.0669166579899869e-05,77.5,0,60,3.0,0,0.0
0.74,7.06526633560511e-06,77.5,0,60,3.0,0,0.0
0.745,4.641847214699205e-06,77.5,0,60,3.0,0,0.0
0.75,3.025641074479182e-06,77.5,0,60,3.0,0,0.0
0.755,1.9566278676921314e-06,77.5,0,60,3.0,0,0.0
0.76,1.2553456560008793e-06,77.5,0,60,3.0,0,0.0
0.765,7.990660428214668e-07,77.5,0,60,3.0,0,0.0
0.77,5.046221251618276e-07,77.5,0,60,3.0,0,0.0
0.775,3.1616527078858815e-07,77.5,0,60,3.0,0,0.0
0.78,1.9652884407760343e-07,77.5,0,60,3.0,0,0.0
0.785,1.2120002189836396e-07,77.5,0,60,3.0,0,0.0
0.79,7.415549848886236e-08,77.5,0,60,3.0,0,0.0
0.795,4.501406988770349e-08,77.5,0,60,3.0,0,0.0
0.8,0.0,77.5,0,60,3.0,0,0.0
0.805,0.0,77.5,0,60,3.0,0,0.0
0.81,0.0,77.5,0,60,3.0,0,0.0
0.815,0.0,77.5,0,60,3.0,0,0.0
0.82,0.0,77.5,0,60,3.0,0,0.0
0.825,0.0,77.5,0,60,3.0,0,0.0
0.83,0.0,77.5,0,60,3.0,0,0.0
0.835,0.0,77.5,0,60,3.0,0,0.0
0.84,0.0,77.5,0,60,3.0,0,0.0
0.845,0.0,77.5,0,60,3.0,0,0.0
0.85,0.0,77.5,0,60,3.0,0,0.0
0.855,0.0,77.5,0,60,3.0,0,0.0
0.86,0.0,77.5,0,60,3.0,0,0.0
0.865,0.0,77.5,0,60,3.0,0,0.0
0.87,0.0,77.5,0,60,3.0,0,0.0
0.875,0.0,77.5,0,60,3.0,0,0.0
0.88,0.0,77.5,0,60,3.0,0,0.0
0.885,0.0,77.5,0,60,3.0,0,0.0
0.89,0.0,77.5,0,60,3.0,0,0.0
0.895,0.0,77.5,0,60,3.0,0,0.0
0.9,0.0,77.5,0,60,3.0,0,0.0
0.905,0.0,77.5,0,60,3.0,0,0.0
0.91,0.0,77.5,0,60,3.0,0,0.0
0.915,0.0,77.5,0,60,3.0,0,0.0
0.92,0.0,77.5,0,60,3.0,0,0.0
0.925,0.0,77.5,0,60,3.0,0,0.0
0.93,0.0,77.5,0,60,3.0,0,0.0
0.935,0.0,77.5,0,60,3.0,0,0.0
0.94,0.0,77.5,0,60,3.0,0,0.0
0.945,0.0,77.5,0,60,3.0,0,0.0
0.95,0.001684486749771458,77.5,0,60,3.0,0,0.0
0.955,0.003097557930867117,77.5,0,60,3.0,0,0.0
0.96,0.005475106668887023,77.5,0,60,3.0,0,0.0
0.965,0.00930222931468658,77.5,0,60,3.0,0,0.0
0.97,0.01519157517868857,77.5,0,60,3.0,0,0.0
0.975,0.023847336626128316,77.5,0,60,3.0,0,0.0
0.98,0.0359830743700859,77.5,0,60,3.0,0,0.0
0.985,0.05218887796857759,77.5,0,60,3.0,0,0.0
0.99,0.0727577001223134,77.5,0,60,3.0,0,0.0
0.995,0.0974992498694751,77.5,0,60,3.0,0,0.0
1.0,0.12558706050443358,77.5,0,60,3.0,0,0.0
1.005,0.15549263588878245,77.5,0,60,3.0,0,0.0
1.01,0.1850529723539114,77.5,0,60,3.0,0,0.0
1.015,0.21169159439317053,77.5,0,60,3.0,0,0.0
1.02,0.23277292922115492,77.5,0,60,3.0,0,0.0
1.025,0.24602692519491282,77.5,0,60,3.0,0,0.0
1.03,0.24995056064839283,77.5,0,60,3.0,0,0.0
1.035,0.24408826520424054,77.5,0,60,3.0,0,0.0
1.04,0.22911894216865275,77.5,0,60,3.0,0,0.0
1.045,0.20672661788705934,77.5,0,60,3.0,0,0.0
1.05,0.17928878030241233,77.5,0,60,3.0,0,0.0
1.055,0.14946211903866036,77.5,0,60,3.0,0,0.0
1.06,0.1197651512573837,77.5,0,60,3.0,0,0.0
1.065,0.09224675744988023,77.5,0,60,3.0,0,0.0
1.07,0.06829565320281596,77.5,0,60,3.0,0,0.0
1.075,0.04860224607515734,77.5,0,60,3.0,0,0.0
1.08,0.03324612389699793,77.5,0,60,3.0,0,0.0
1.085,0.021859876340472782,77.5,0,60,3.0,0,0.0
1.09,0.01381595518554205,77.5,0,60,3.0,0,0.0
1.095,0.008394095110402422,77.5,0,60,3.0,0,0.0
1.1,0.0049052535271608,77.5,0,60,3.0,0,0.0
1.105,0.0027671663551903634,77.5,0,60,3.0,0,0.0
1.11,0.0015425553464444616,77.5,0,60,3.0,0,0.0
1.115,0.0009638206637011801,77.5,0,60,3.0,0,0.0
1.12,0.0009804935156568228,77.5,0,60,3.0,0,0.0
1.125,0.0018793744894085216,77.5,0,60,3.0,0,0.0
1.13,0.004535525206900863,77.5,0,60,3.0,0,0.0
1.135,0.010832767979632273,77.5,0,60,3.0,0,0.0
1.14,0.024208003392322392,77.5,0,60,3.0,0,0.0
1.145,0.0500971897335304,77.5,0,60,3.0,0,0.0
1.15,0.09582894921774403,77.5,0,60,3.0,0,0.0
1.155,0.16937896721820658,77.5,0,60,3.0,0,0.0
1.16,0.27661303008991756,77.5,0,60,3.0,0,0.0
1.165,0.4173782800009149,77.5,0,60,3.0,0,0.0
1.17,0.5818720934538056,77.5,0,60,3.0,0,0.0
1.175,0.7494718801585675,77.5,0,60,3.0,0,0.0
1.18,0.891813020752378,77.5,0,60,3.0,0,0.0
1.185,0.9800361632936612,77.5,0,60,3.0,0,0.0
1.19,0.993574479225126,77.50000249379623,1,60,3.0,0,5.8677558372972485e-08
1.195,0.9263438449375362,77.50000413643357,0,60,3.0,0,9.732784880778876e-08
1.2,0.7873015962290536,77.50000708144533,0,60,3.0,0,1.6662224311403406e-07
1.205,0.5959516244629897,77.50001273563416,0,60,3.0,1,2.996619801866901e-07
1.21,0.376910120078773,77.50002440760468,0,60,3.0,1,5.742965808006856e-07
1.215,0.15739335672107918,77.50004999809693,0,60,3.0,1,1.1764258100383277e-06
1.22,-0.033361226269301235,77.50010825759823,0,60,3.0,1,2.547237605366557e-06
1.225,-0.1680180840843834,77.50024280342788,0,60,3.0,1,5.713021832488106e-06
1.23,-0.23069703190837854,77.50055225521058,0,60,3.0,1,1.2994240248912427e-05
1.235,-0.22587267821131068,77.50125226103681,0,60,3.0,1,2.946496557202034e-05
1.24,-0.17718181630665902,77.50279744755619,0,60,3.0,1,6.582229543977626e-05
1.245,-0.11494332516451301,77.50610992784297,0,60,3.0,1,0.00014376300806990164
1.25,-0.061810214049552864,77.51298628047257,0,60,3.0,1,0.00030555954053116855
1.255,-0.026546104631500547,77.5267841970039,0,60,3.0,1,0.0006302164000919005
1.26,-0.00719600351942686,77.55351499507626,0,60,3.0,1,0.001259176354735433
1.265,0.0022072757983807078,77.60347239031012,0,60,3.0,1,0.0024346444778850984
1.27,0.006917199873730717,77.69348558867952,0,60,3.0,1,0.004552602086576986
1.275,0.01004859748264829,77.84976424958334,0,60,3.0,1,0.008229747049019874
1.28,0.013037082251128167,78.11107686746564,0,60,3.0,1,0.014378279234485676
1.285,0.01645163937690478,78.53166805041332,0,60,3.0,1,0.024274542362666258
1.29,0.020526639934696615,79.1829157249873,0,60,3.0,1,0.03959801705852462
1.295,0.02539629541761738,80.15236397358503,0,60,3.0,1,0.06240856408435354
1.3,0.031171612185577933,81.53861518114697,0,60,3.0,1,0.0950262395563992
1.305,0.03795853426638131,83.44083390955994,0,60,3.0,1,0.13978432728376333
1.31,0.0458588961882057,85.94247087620768,0,60,3.0,1,0.19864637355782774
1.315,0.054966995891435555,89.09028127244252,0,60,3.0,1,0.2727125005280594
1.32,0.06536491004445595,92.87157257328761,0,60,3.0,1,0.3616840605479437
1.325,0.07711726085088699,97.19439046323882,0,60,3.0,1,0.4633974226644428
1.33,0.09026570629555215,101.87636994601749,0,60,3.0,1,0.5735616457886469
1.335,0.10482339848670268,106.64759614836915,0,60,3.0,1,0.6858257917263328
1.34,0.12076968927580028,111.17069176611838,0,60,3.0,1,0.7922515709674913
1.345,0.13804539501007884,115.07767757632146,0,60,3.0,1,0.8841806488546227
1.35,0.15654895051787066,118.01876475261642,0,60,3.0,1,0.9533827000615628
1.355,0.17613378141900526,119.71440847918723,0,60,3.0,1,0.9932801995102877
1.36,0.19660720058055794,120.0,0,60,3.0,1,1.0
1.365,0.21773108748496234,118.85335835549108,0,60,3.0,1,0.9730201965997901
1.37,0.23922453870058807,116.39871834115752,0,60,3.0,1,0.9152639609684122
1.375,0.2607685857914563,112.88628318876329,0,60,3.0,1,0.8326184279709009
1.38,0.2820129681603682,108.65205767372007,0,60,3.0,1,0.7329895923228251
1.385,0.30258482867153996,104.06693997480248,0,60,3.0,1,0.6251044699953525
1.39,0.3220990771751686,99.48576016550938,0,60,3.0,1,0.5173120038943383
1.395,0.3401700499968971,95.20581845526803,0,60,3.0,1,0.4166074930651301
1.4,0.3564239911198326,91.44111693575014,0,60,3.0,1,0.3280262808411799
1.405,0.3705118017738417,88.31411970822651,0,60,3.0,1,0.25444987548768266
1.41,0.3821214567925213,85.86285974008786,0,60,3.0,1,0.19677317035500838
1.415,0.39098947374066967,84.0585379448214,0,60,3.0,1,0.15431853987815047
1.42,0.3969108472035567,82.827835049121,0,60,3.0,1,0.12536082468520016
1.425,0.3997469255491936,82.07478939523536,0,60,3.0,1,0.1076421034173025
1.43,0.3994308076379137,81.69870312949614,0,60,3.0,1,0.09879301481167384
1.435,0.3959699661768434,81.60643685548733,0,60,3.0,1,0.09662204365852543
1.44,0.38944595408114946,81.7190817949049,0,60,3.0,1,0.09927251282129164
1.445,0.38001120995358023,81.9740569196691,0,60,3.0,1,0.10527192752162577
1.45,0.3678831374098315,82.32412136870073,0,60,3.0,1,0.11350873808707601
1.455,0.35333577933796634,82.73475189673042,0,60,3.0,1,0.12317063286424507
1.46,0.33668953221163944,83.18101540726626,0,60,3.0,1,0.13367095075920607
1.465,0.3182994390982644,83.64465825163488,0,60,3.0,1,0.1445801941561148
1.47,0.29854265738230645,84.11176709366899,0,60,3.0,1,0.1555709904392703
1.475,0.2778057157821067,84.57109200696408,0,60,3.0,1,0.16637863545797835
1.48,0.2564721553719815,85.01296879764924,0,60,3.0,1,0.17677573641527614
1.485,0.23491109433464996,85.42871204308535,0,60,3.0,1,0.18655793042553775
1.49,0.21346717185309805,85.81034134349893,0,60,3.0,1,0.1955374433764455
1.495,0.19245222055656455,86.1505226452453,0,60,3.0,1,0.2035417092998895
1.5,0.17213889801761392,86.4426348030346,0,60,3.0,1,0.21041493654199042
1.505,0.15275638501270183,86.68089820683923,0,60,3.0,1,0.21602113427857014
1.51,0.13448814019607322,86.86052319052175,0,60,3.0,1,0.22024760448286462
1.515,0.11747159495449566,86.97785069778949,0,60,3.0,1,0.22300825171269392
1.52,0.10179958433370105,87.03046756068092,0,60,3.0,1,0.22424629554543338
1.525,0.08752324394101413,87.01728532926322,0,60,3.0,1,0.22393612539442864
1.53,0.07465606047174059,86.938576193165,0,60,3.0,1,0.22208414572152954
1.535,0.0631787448609295,86.7959630380561,0,60,3.0,1,0.21872854207190826
1.54,0.05304460019959574,86.5923635777531,0,60,3.0,1,0.21393796653536717
1.545,0.044185078305849994,86.33189101440493,0,60,3.0,1,0.20780920033893957
1.55,0.03651525513023255,86.01971585829106,0,60,3.0,1,0.20046390254802504
1.555,0.0299390014708757,85.66189535492268,0,60,3.0,1,0.19204459658641593
1.56,0.024353677220580638,85.2651783614832,0,60,3.0,1,0.18271007909372222
1.565,0.01965423034339045,84.83679443250492,0,60,3.0,1,0.1726304572354098
1.57,0.015736632374757337,84.38423628357347,0,60,3.0,1,0.16198203020172874
1.575,0.012500627640593535,83.91504469978246,0,60,3.0,1,0.15094222823017545
1.58,0.009851811652115898,83.43660437295964,0,60,3.0,1,0.13968480877552084
1.585,0.007703084175428559,82.95595814854236,0,60,3.0,1,0.12837548584805564
1.59,0.005975544002062424,82.47964582396241,0,60,3.0,1,0.11716813703440974
1.595,0.004598905818663047,82.0135720670491,0,60,3.0,1,0.10620169569527287
1.6,0.0035115256454839104,81.56290632537718,0,60,3.0,1,0.09559779589122787
1.605,0.002660121266303676,81.13201588577104,0,60,3.0,1,0.08545919731225976
1.61,0.0019992692560877024,80.72443161948975,0,60,3.0,1,0.07586897928211175
1.615,0.0014907520044639367,80.34284450049499,0,60,3.0,1,0.06689045883517625
1.62,0.0011028178277539807,79.9891297795929,0,60,3.0,1,0.05856775951983296
1.625,0.0008094059938923333,79.6643947815408,0,60,3.0,1,0.050926936036254276
1.63,0.0005893771793717645,79.36904568732889,0,60,3.0,1,0.04397754558420923
1.635,0.0004257792353490551,79.10286836921348,0,60,3.0,1,0.03771454986384663
1.64,0.0003051686392901525,78.86511834124582,0,60,3.0,1,0.032120431558725134
1.645,0.00021699992642659966,78.65461513652969,0,60,3.0,1,0.027167414977169062
1.65,0.00015308884054097838,78.46983687633993,0,60,3.0,1,0.022819691207998257
1.655,0.00010714989329311098,78.3090114010605,0,60,3.0,1,0.019035562377894166
1.66,7.440535854020571e-05,78.17020103232338,0,60,3.0,1,0.01576943605466768
1.665,5.1260276743925106e-05,78.05137877574937,0,60,3.0,1,0.012973618252926358
1.67,3.503659887882241e-05,77.95049450603506,0,60,3.0,1,0.010599870730236624
1.675,2.375894748103639e-05,77.86553036068914,0,60,3.0,1,0.008600714369156121
1.68,1.5984413869232557e-05,77.79454517499711,0,60,3.0,1,0.006930474705814383
1.685,1.0669166579899869e-05,77.73570829836983,0,60,3.0,1,0.0055460776087018614
1.69,7.06526633560511e-06,77.68732353043063,0,60,3.0,1,0.004407612480720753
1.695,4.641847214699205e-06,77.64784420205821,0,60,3.0,1,0.003478687107251985
1.7,3.025641074479182e-06,77.61588060740796,0,60,3.0,1,0.0027266025272461
1.705,1.9566278676921314e-06,77.59020107847147,0,60,3.0,1,0.002122378316975675
1.71,1.2553456560008793e-06,77.5697279984879,0,60,3.0,1,0.0016406587879507295
1.715,7.990660428214668e-07,77.5535299909577,0,60,3.0,1,0.0012595291990046863
1.72,5.046221251618276e-07,77.54081141406041,0,60,3.0,1,0.0009602685661273908
1.725,3.1616527078858815e-07,77.53090015211252,0,60,3.0,1,0.0007270624026475883
1.73,1.9652884407760343e-07,77.52323454080712,0,60,3.0,1,0.0005466950778146812
1.735,1.2120002189836396e-07,77.51735010358807,0,60,3.0,1,0.0004082377314840441
1.74,7.415549848886236e-08,77.51286662229411,0,60,3.0,1,0.00030274405397910734
1.745,4.501406988770349e-08,77.50947592324391,0,60,3.0,1,0.00022296289985674508
1.75,0.0,77.50693063485065,0,60,3.0,1,0.00016307376119170037
1.755,0.0,77.50503406714364,0,60,3.0,1,0.00011844863867388674
1.76,0.0,77.50363127794047,0,60,3.0,1,8.544183389343583e-05
1.765,0.0,77.50260132419774,0,60,3.0,1,6.120762818214001e-05
1.77,0.0,77.50185064863867,0,60,3.0,1,4.354467385095471e-05
1.775,0.0,77.50130751886982,0,60,3.0,1,3.0765149878173845e-05
1.78,0.0,77.50091741631715,0,60,3.0,1,2.158626628590141e-05
1.785,0.0,77.50063926283588,0,60,3.0,1,1.5041478491184535e-05
1.79,0.0,77.50044237131279,0,60,3.0,1,1.0408736771443515e-05
1.795,0.0,77.50030401076089,0,60,3.0,1,7.153194373773551e-06
1.8,0.0,77.50020748440454,0,60,3.0,1,4.881985989199807e-06
1.805,0.001684486749771458,77.50014062950983,0,60,3.0,1,3.3089296430395787e-06
1.81,0.003097557930867117,77.50009465901242,0,60,3.0,1,2.2272708804393916e-06
1.815,0.005475106668887023,77.50006327643123,0,60,3.0,1,1.4888572055122708e-06
1.82,0.00930222931468658,77.50004200649899,0,60,3.0,1,9.883882114536391e-07
1.825,0.01519157517868857,77.50002769398793,0,60,3.0,1,6.516232454433681e-07
1.83,0.023847336626128316,77.50001813213785,0,60,3.0,1,4.266385377270447e-07
1.835,0.0359830743700859,77.50001178981601,0,60,3.0,1,2.774074356265748e-07
1.84,0.05218887796857759,77.50000761306512,0,60,3.0,1,1.7913094405444365e-07
1.845,0.0727577001223134,77.50000488209879,0,60,3.0,1,1.1487291277155557e-07
1.85,0.0974992498694751,77.50000310919589,0,60,3.0,1,7.315755029220086e-08
1.855,0.12558706050443358,77.50000196645543,0,60,3.0,1,4.626953949916831e-08
1.86,0.15549263588878245,77.50000123513558,0,60,3.0,1,2.9062013762835275e-08
1.865,0.1850529723539114,77.50000077044149,0,60,3.0,1,1.812803502081592e-08
1.87,0.21169159439317053,77.50000047726456,0,60,3.0,1,1.1229754443989162e-08
1.875,0.23277292922115492,77.5000002936116,0,60,3.0,1,6.908508379745078e-09
1.88,0.24602692519491282,77.50000017938319,0,60,3.0,1,4.2207810057494924e-09
1.885,0.24995056064839283,77.50000010883906,0,60,3.0,1,2.560919068962582e-09
1.89,0.24408826520424054,77.50000006558165,0,60,3.0,1,1.5430975294935598e-09
1.895,0.22911894216865275,77.5000000392441,0,60,3.0,1,9.23390577073031e-10
1.9,0.20672661788705934,77.50000002332173,0,60,3.0,1,5.487466376721654e-10
1.905,0.17928878030241233,77.50000001376391,0,60,3.0,1,3.238566852600985e-10
1.91,0.14946211903866036,77.5000000080671,0,60,3.0,1,1.898142192444271e-10
1.915,0.1197651512573837,77.50000000469556,0,60,3.0,1,1.1048387825533556e-10
1.92,0.09224675744988023,77.50000000271426,0,60,3.0,1,6.386491858232629e-11
1.925,0.06829565320281596,77.50000000155815,0,60,3.0,1,3.666233329996056e-11
1.93,0.04860224607515734,77.5000000008883,0,60,3.0,1,2.0901325115119106e-11
1.935,0.03324612389699793,77.50000000050294,0,60,3.0,1,1.1833796687663862e-11
1.94,0.021859876340472782,77.50000000028278,0,60,3.0,1,6.653689364183639e-12
1.945,0.01381595518554205,77.5000000001579,0,60,3.0,1,3.715218982131987e-12
1.95,0.008394095110402422,77.50000000008757,0,60,3.0,1,2.0604067471782295e-12
1.955,0.0049052535271608,77.50000000004822,0,60,3.0,1,1.1345277658513034e-12
1.96,0.0027671663551903634,77.50000000002638,0,60,3.0,1,6.205963847391746e-13
1.965,0.0015425553464444616,77.50000000001432,0,60,3.0,1,3.370480365393793e-13
1.97,0.0009638206637011801,77.50000000000773,0,60,3.0,1,1.8189894035458566e-13
1.975,0.0009804935156568228,77.50000000000414,0,60,3.0,1,9.730255816761842e-14
1.98,0.0018793744894085216,77.5000000000022,0,60,3.0,1,5.182782307897201e-14
1.985,0.004535525206900863,77.50000000000117,0,60,3.0,1,2.7418590274036808e-14
1.99,0.010832767979632273,77.50000000000061,0,60,3.0,1,1.4378041241263203e-14
1.995,0.024208003392322392,77.50000000000031,0,60,3.0,1,7.356207146692803e-15
2.0,0.0500971897335304,77.50000000000017,0,60,3.0,1,4.012476625468801e-15
2.005,0.09582894921774403,77.50000000000009,0,60,3.0,1,2.0062383127344005e-15
2.01,0.16937896721820658,77.50000000000004,0,60,3.0,1,1.0031191563672002e-15
2.015,0.27661303008991756,77.50000000000001,0,60,3.0,1,3.343730521224001e-16
2.02,0.4173782800009149,77.50000000000001,0,60,3.0,1,3.343730521224001e-16
2.025,0.5818720934538056,77.5,0,60,3.0,1,0.0
2.03,0.7494718801585675,77.5,0,60,3.0,1,0.0
2.035,0.891813020752378,77.5,0,60,3.0,1,0.0
2.04,0.9800361632936612,77.5,0,60,3.0,1,0.0
2.045,0.993574479225126,77.50000249181176,1,60,3.0,1,5.863086484810885e-08
2.05,0.9263438449375362,77.50000384183856,0,60,3.0,1,9.039620147846375e-08
2.055,0.7873015962290536,77.50000605203118,0,60,3.0,1,1.4240073369364837e-07
2.06,0.5959516244629897,77.5000098502643,0,60,3.0,1,2.317709248365966e-07
2.065,0.376910120078773,77.50001674040978,0,60,3.0,1,3.9389199474392037e-07
2.07,0.15739335672107918,77.50002988936268,0,60,3.0,1,7.032791218615089e-07
2.075,-0.033361226269301235,77.50005598658028,0,60,3.0,1,1.3173313006705832e-06
2.08,-0.1680180840843834,77.50010904250446,0,60,3.0,1,2.565705987348445e-06
2.085,-0.23069703190837854,77.50021792763697,0,60,3.0,1,5.127709105114691e-06
2.09,-0.22587267821131068,77.50044088337641,0,60,3.0,1,1.0373726503838256e-05
2.095,-0.17718181630665902,77.50089256449868,0,60,3.0,1,2.1001517616107722e-05
2.1,-0.11494332516451301,77.50179276579377,0,60,3.0,1,4.218272455920455e-05
2.105,-0.061810214049552864,77.50355118942913,0,60,3.0,1,8.355739833251285e-05
2.11,-0.026546104631500547,77.50690959240086,0,60,3.0,1,0.00016257864472610142
2.115,-0.00719600351942686,77.51317112223475,0,60,3.0,1,0.00030990875846475104
2.12,0.0022072757983807078,77.52455545137923,0,60,3.0,1,0.0005777753265700834
2.125,0.006917199873730717,77.54472497706796,0,60,3.0,1,0.0010523524015990033
2.13,0.01004859748264829,77.57952766654348,0,60,3.0,1,0.001871239212787861
2.135,0.013037082251128167,77.63799012210991,0,60,3.0,1,0.0032468264025861597
2.14,0.01645163937690478,77.7335629797193,0,60,3.0,1,0.005495599522806943
2.145,0.020526639934696615,77.88556318136334,0,60,3.0,1,0.009072074855607954
2.15,0.02539629541761738,78.12067063847793,0,60,3.0,1,0.014604015023010173
2.155,0.031171612185577933,78.47422412231587,0,60,3.0,1,0.022922920525079396
2.16,0.03795853426638131,78.99093771170499,0,60,3.0,1,0.03508088733423499
2.165,0.0458588961882057,79.72455313644113,0,60,3.0,1,0.05234242673979131
2.17,0.054966995891435555,80.7358957043249,0,60,3.0,1,0.07613872245470361
2.175,0.06536491004445595,82.08885917455554,0,60,3.0,1,0.10797315704836559
2.18,0.07711726085088699,83.84404871167135,0,60,3.0,1,0.149271734392267
2.185,0.09026570629555215,86.05017854498587,0,60,3.0,1,0.20118067164672632
2.19,0.10482339848670268,88.73382931864452,0,60,3.0,1,0.26432539573281233
2.195,0.12076968927580028,91.88874480991677,0,60,3.0,1,0.33855870140980643
2.2,0.13804539501007884,95.46636445671342,0,60,3.0,1,0.4227379872167864
2.205,0.15654895051787066,99.36959295544153,0,60,3.0,1,0.5145786577750949
2.21,0.17613378141900526,103.45175485582882,0,60,3.0,1,0.6106295260195017
2.215,0.19660720058055794,107.5221797930646,0,60,3.0,1,0.7064042304250493
2.22,0.21773108748496234,111.35892106398657,0,60,3.0,1,0.7966804956232134
2.225,0.23922453870058807,114.72785713078791,0,60,3.0,1,0.8759495795479508
2.23,0.2607685857914563,117.40610393874456,0,60,3.0,1,0.9389671514998721
2.235,0.2820129681603682,119.20657953132158,0,60,3.0,1,0.9813312830899196
2.24,0.30258482867153996,120.0,0,60,3.0,1,1.0
2.245,0.3220990771751686,119.73073626244305,0,60,3.0,1,0.9936643826457188
2.25,0.3401700499968971,118.4238494759471,0,60,3.0,1,0.9629141053164022
2.255,0.3564239911198326,116.18208945321945,0,60,3.0,1,0.910166810663987
2.26,0.3705118017738417,113.1733745291447,0,60,3.0,1,0.8393735183328164
2.265,0.3821214567925213,109.61089082664786,0,60,3.0,1,0.7555503723917144
2.27,0.39098947374066967,105.7291023657552,0,60,3.0,1,0.6642141733118869
2.275,0.3969108472035567,101.75942264604797,0,60,3.0,1,0.5708099446128934
2.28,0.3997469255491936,97.90901232617857,0,60,3.0,1,0.4802120547336134
2.285,0.3994308076379137,94.34526416670559,0,60,3.0,1,0.39635915686366097
2.29,0.3959699661768434,91.18727314888353,0,60,3.0,1,0.3220534858560832
2.295,0.38944595408114946,88.50427463175579,0,60,3.0,1,0.2589241089824892
2.3,0.38001120995358023,86.3199414541806,0,60,3.0,1,0.20752803421601396
2.305,0.3678831374098315,84.62074135275094,0,60,3.0,1,0.16754685535884564
2.31,0.35333577933796634,83.36632600348436,0,60,3.0,1,0.13803120008198494
2.315,0.33668953221163944,82.5000975498113,0,60,3.0,1,0.11764935411320708
2.32,0.3182994390982644,81.95854814001777,0,60,3.0,1,0.1049070150592416
2.325,0.29854265738230645,81.67853656537754,0,60,3.0,1,0.09831850742064803
2.33,0.2778057157821067,81.60221366217804,0,60,3.0,1,0.09652267440418928
2.335,0.2564721553719815,81.67973868879486,0,60,3.0,1,0.09834679267752602
2.34,0.23491109433464996,81.87019922391292,0,60,3.0,1,0.10282821703324517
2.345,0.21346717185309805,82.14126026801704,0,60,3.0,1,0.109206123953342
2.35,0.19245222055656455,82.46805768409277,0,60,3.0,1,0.11689547491982988
2.355,0.17213889801761392,82.83176315010746,0,60,3.0,1,0.12545325059076384
2.36,0.15275638501270183,83.21812687136497,0,60,3.0,1,0.13454416167917582
2.365,0.13448814019607322,83.61618424954153,0,60,3.0,1,0.14391021763627135
2.37,0.11747159495449566,84.01721373745077,0,60,3.0,1,0.15334620558707704
2.375,0.10179958433370105,84.41396310723198,0,60,3.0,1,0.16268148487604656
2.38,0.08752324394101413,84.80011942466255,0,60,3.0,1,0.17176751587441305
2.385,0.07465606047174059,85.1699784655929,0,60,3.0,1,0.18047008154336247
2.39,0.0631787448609295,85.51826494996435,0,60,3.0,1,0.18866505764621994
2.395,0.05304460019959574,85.840059253804,0,60,3.0,1,0.1962366883248
2.4,0.044185078305849994,86.13079426679849,0,60,3.0,1,0.20307751215996445
2.405,0.03651525513023255,86.38629466659549,0,60,3.0,1,0.20908928627283505
2.41,0.0299390014708757,86.60283845793114,0,60,3.0,2,0.21418443430426218
2.415,0.024353677220580638,86.77722659458583,0,60,3.0,2,0.21828768457849004
2.42,0.01965423034339045,86.90685088831356,0,60,3.0,2,0.22133766796031898
2.425,0.015736632374757337,86.98975350722205,0,60,3.0,2,0.22328831781698935
2.43,0.012500627640593535,87.02467353697683,0,60,3.0,2,0.22410996557592552
2.435,0.009851811652115898,87.0110776394444,0,60,3.0,2,0.223790062104574
2.44,0.007703084175428559,86.94917303121116,0,60,3.0,2,0.2223334830873214
2.445,0.005975544002062424,86.83990197261397,0,60,3.0,2,0.2197623993556229
2.45,0.004598905818663047,86.68491779355341,0,60,3.0,2,0.21611571278949201
2.455,0.0035115256454839104,86.4865432253902,0,60,3.0,2,0.21144807589153394
2.46,0.002660121266303676,86.2477124690008,0,60,3.0,2,0.20582852868237184
2.465,0.0019992692560877024,85.9718990017495,0,60,3.0,2,0.19933880004116483
2.47,0.0014907520044639367,85.66303159799958,0,60,3.0,2,0.1920713317176371
2.475,0.0011028178277539807,85.32540139533346,0,60,3.0,2,0.1841270916549049
2.48,0.0008094059938923333,84.96356307129537,0,60,3.0,2,0.1756132487363616
2.485,0.0005893771793717645,84.58223329764274,0,60,3.0,2,0.16664078347394692
2.49,0.0004257792353490551,84.18618961118601,0,60,3.0,2,0.15732210849849432
2.495,0.0003051686392901525,83.78017268883372,0,60,3.0,2,0.14776876914902862
2.5,0.00021699992642659966,83.36879475167348,0,60,3.0,2,0.13808928827467004
2.505,0.00015308884054097838,82.95645646592097,0,60,3.0,2,0.12838721096284625
2.51,0.00010714989329311098,82.5472742782177,0,60,3.0,2,0.11875939478159292
2.515,7.440535854020571e-05,82.1450196423469,0,60,3.0,2,0.10929457981992695
2.52,5.1260276743925106e-05,81.75307108830053,0,60,3.0,2,0.10007226090118894
2.525,3.503659887882241e-05,81.37437957677281,0,60,3.0,2,0.09116187239465436
2.53,2.375894748103639e-05,81.01144709498455,0,60,3.0,2,0.08262228458787169
2.535,1.5984413869232557e-05,80.66631800298667,0,60,3.0,2,0.0745016000702746
2.54,1.0669166579899869e-05,80.34058224944994,0,60,3.0,2,0.06683722939882206
2.545,7.06526633560511e-06,80.03538925452028,0,60,3.0,2,0.059656217753418415
2.55,4.641847214699205e-06,79.75147101231343,0,60,3.0,2,0.0529757885250219
2.555,3.025641074479182e-06,79.4891728003454,0,60,3.0,2,0.046804065890480015
2.56,1.9566278676921314e-06,79.24848979680112,0,60,3.0,2,0.041140936395320564
2.565,1.2553456560008793e-06,79.02910789449058,0,60,3.0,2,0.035979009282131276
2.57,7.990660428214668e-07,78.8304470550233,0,60,3.0,2,0.03130463658878351
2.575,5.046221251618276e-07,78.65170565820313,0,60,3.0,2,0.027098956663602996
2.58,3.1616527078858815e-07,78.49190445841805,0,60,3.0,2,0.02333892843336584
2.585,1.9652884407760343e-07,78.34992894961812,0,60,3.0,2,0.01999832822630865
2.59,1.2120002189836396e-07,78.22456915105091,0,60,3.0,2,0.017048685907080346
2.595,7.415549848886236e-08,78.11455604558064,0,60,3.0,2,0.014460142248956278
2.6,4.501406988770349e-08,78.018594120612,0,60,3.0,2,0.01220221460263514
2.605,0.0,77.93538966935525,0,60,3.0,2,0.010244462808358723
2.61,0.0,77.86367470016516,0,60,3.0,2,0.008557051768592066
2.615,0.0,77.80222646861542,0,60,3.0,2,0.00711121102624508
2.62,0.0,77.74988278736755,0,60,3.0,2,0.0058795949968836175
2.625,0.0,77.70555338106993,0,60,3.0,2,0.004836550142821954
2.63,0.0,77.66822763736607,0,60,3.0,2,0.0039582973497899465
2.635,0.0,77.63697916182198,0,60,3.0,2,0.0032230391016937307
2.64,0.0,77.61096757646521,0,60,3.0,2,0.0026110017991815017
2.645,0.0,77.58943801168321,0,60,3.0,2,0.002104423804310914
2.65,0.0,77.57171873294385,0,60,3.0,2,0.0016874995986788288
2.655,0.0,77.55721732087633,0,60,3.0,2,0.0013462899029725443
2.66,0.0,77.54541578936765,0,60,3.0,2,0.0010686068086506431
2.665,0.0,77.53586498497702,0,60,3.0,2,0.0008438819994594001
2.67,0.0,77.52817856529884,0,60,3.0,2,0.0006630250658551685
2.675,0.0,77.52202680664169,0,60,3.0,2,0.0005182778033338978
2.68,0.0,77.5171304447848,0,60,3.0,2,0.0004030692890540542
2.685,0.0,77.51325470838246,0,60,3.0,2,0.0003118754913520447
2.69,0.0,77.51020366409061,0,60,3.0,2,0.00024008621389672204
2.695,0.0,77.50781495653038,0,60,3.0,2,0.00018388133012663008
2.7,0.0,77.50595499523384,0,60,3.0,2,0.00014011753491378358
2.705,0.0,77.50451461486995,0,60,3.0,2,0.00010622623223405433
2.71,0.0,77.50340521419459,0,60,3.0,2,8.012268693144452e-05
2.715,0.0,77.50255536298914,0,60,3.0,2,6.012618797981037e-05
2.72,0.0,77.50190785429267,0,60,3.0,2,4.489068923924285e-05
2.725,0.0,77.50141717096078,0,60,3.0,2,3.334519907712895e-05
2.73,0.0,77.50104733043376,0,60,3.0,2,2.4643069029734227e-05
2.735,0.0,77.50077006899966,0,60,3.0,2,1.811927058016034e-05
2.74,0.0,77.50056332625815,0,60,3.0,2,1.3254735485776002e-05
2.745,0.0,77.50040999143872,0,60,3.0,2,9.646857381540031e-06
2.75,0.0,77.50029687526775,0,60,3.0,2,6.985300417655333e-06
2.755,0.0,77.50021387384992,0,60,3.0,2,5.032325880366068e-06
2.76,0.0,77.50015329422482,0,60,3.0,2,3.6069229368502634e-06
2.765,0.0,77.50010931464227,0,60,3.0,2,2.5721092299590965e-06
2.77,0.0,77.50007755598538,0,60,3.0,2,1.824846714939935e-06
2.775,0.0,77.50005474402688,0,60,3.0,2,1.288094750193255e-06
2.78,0.0,77.50003844524194,0,60,3.0,2,9.045939280253258e-07
2.785,0.0,77.50002686166287,0,60,3.0,2,6.320391264580394e-07
2.79,0.0,77.50001867272185,0,60,3.0,2,4.393581611887331e-07
2.795,0.0,77.50001291417894,0,60,3.0,2,3.0386303385111047e-07
2.8,0.001684486749771458,77.5000088860839,0,60,3.0,2,2.0908432715901547e-07
2.805,0.003097557930867117,77.50000608328911,0,60,3.0,2,1.431362143060088e-07
2.81,0.005475106668887023,77.50000414334353,0,60,3.0,2,9.7490436032518e-08
2.815,0.00930222931468658,77.50000280768167,0,60,3.0,2,6.606309806128968e-08
2.82,0.01519157517868857,77.50000189290678,0,60,3.0,2,4.453898307420947e-08
2.825,0.023847336626128316,77.50000126968219,0,60,3.0,2,2.9874874986917885e-08
2.83,0.0359830743700859,77.50000084731572,0,60,3.0,2,1.9936840424313284e-08
2.835,0.05218887796857759,77.50000056257437,0,60,3.0,2,1.3237044025599436e-08
2.84,0.0727577001223134,77.50000037161998,0,60,3.0,2,8.743999427786228e-09
2.845,0.0974992498694751,77.50000024423203,0,60,3.0,2,5.7466359200642566e-09
2.85,0.12558706050443358,77.50000015969474,0,60,3.0,2,3.757523191940409e-09
2.855,0.15549263588878245,77.50000010388743,0,60,3.0,2,2.444410122681053e-09
2.86,0.1850529723539114,77.50000006723879,0,60,3.0,2,1.5820891054746051e-09
2.865,0.21169159439317053,77.50000004329733,0,60,3.0,2,1.018760793372434e-09
2.87,0.23277292922115492,77.50000002773875,0,60,3.0,2,6.526764697328498e-10
2.875,0.24602692519491282,77.5000000176806,0,60,3.0,2,4.1601424527470956e-10
2.88,0.24995056064839283,77.50000001121222,0,60,3.0,2,2.6381699439405244e-10
2.885,0.24408826520424054,77.50000000707409,0,60,3.0,2,1.6644923348127014e-10
2.89,0.22911894216865275,77.50000000444052,0,60,3.0,2,1.0448288508889484e-10
2.895,0.20672661788705934,77.5000000027732,0,60,3.0,2,6.525189800253001e-11
2.9,0.17928878030241233,77.50000000172311,0,60,3.0,2,4.054373568899738e-11
2.905,0.14946211903866036,77.5000000010652,0,60,3.0,2,2.5063600867938744e-11
2.91,0.1197651512573837,77.50000000065513,0,60,3.0,2,1.5414932075894767e-11
2.915,0.09224675744988023,77.50000000040089,0,60,3.0,2,9.432663800372906e-12
2.92,0.06829565320281596,77.50000000024406,0,60,3.0,2,5.7425227971500995e-12
2.925,0.04860224607515734,77.50000000014782,0,60,3.0,2,3.4781484881772057e-12
2.93,0.03324612389699793,77.50000000008907,0,60,3.0,2,2.0958502907032036e-12
2.935,0.021859876340472782,77.5000000000534,0,60,3.0,2,1.2565739298759795e-12
2.94,0.01381595518554205,77.50000000003186,0,60,3.0,2,7.49664382858421e-13
2.945,0.008394095110402422,77.5000000000189,0,60,3.0,2,4.447161593227921e-13
2.95,0.0049052535271608,77.50000000001116,0,60,3.0,2,2.6248284591608404e-13
2.955,0.0027671663551903634,77.50000000000655,0,60,3.0,2,1.5414597702842645e-13
2.96,0.0015425553464444616,77.50000000000384,0,60,3.0,2,9.028072407304802e-14
2.965,0.0009638206637011801,77.50000000000223,0,60,3.0,2,5.2496569183216817e-14
2.97,0.0009804935156568228,77.5000000000013,0,60,3.0,2,3.042794774313841e-14
2.975,0.0018793744894085216,77.50000000000074,0,60,3.0,2,1.7387398710364806e-14
2.98,0.004535525206900863,77.50000000000043,0,60,3.0,2,1.0031191563672003e-14
2.985,0.010832767979632273,77.50000000000024,0,60,3.0,2,5.684341886080802e-15
2.99,0.024208003392322392,77.50000000000014,0,60,3.0,2,3.343730521224001e-15
2.995,0.0500971897335304,77.50000000000007,0,60,3.0,2,1.6718652606120004e-15
3.0,0.09582894921774403,77.50000000000004,0,60,3.0,2,1.0031191563672002e-15
3.005,0.16937896721820658,77.50000000000003,0,60,3.0,2,6.687461042448002e-16
3.01,0.27661303008991756,77.50000000000001,0,60,3.0,2,3.343730521224001e-16
3.015,0.4173782800009149,77.5,0,60,3.0,2,0.0
3.02,0.5818720934538056,77.5,0,60,3.0,2,0.0
3.025,0.7494718801585675,77.5,0,60,3.0,2,0.0
3.03,0.891813020752378,77.5,0,60,3.0,2,0.0
3.035,0.9800361632936612,77.5,0,60,3.0,2,0.0
3.04,0.993574479225126,77.50000249000622,1,60,3.0,2,5.858838174871754e-08
3.045,0.9263438449375362,77.50000389248275,0,60,3.0,2,9.15878294616799e-08
3.05,0.7873015962290536,77.50000622788357,0,60,3.0,2,1.4653843703961362e-07
3.055,0.5959516244629897,77.50001032445374,0,60,3.0,2,2.429283232927179e-07
3.06,0.376910120078773,77.50001793601348,0,60,3.0,2,4.220238465410041e-07
3.065,0.15739335672107918,77.50003284604738,0,60,3.0,2,7.72848173536498e-07
3.07,-0.033361226269301235,77.50006322959007,0,60,3.0,2,1.4877550604390254e-06
3.075,-0.1680180840843834,77.50012656627284,0,60,3.0,2,2.978029949177011e-06
3.08,-0.23069703190837854,77.50025954907927,0,60,3.0,2,6.10703715939481e-06
3.085,-0.22587267821131068,77.50053742037096,0,60,3.0,2,1.26451851990757e-05
3.09,-0.17718181630665902,77.50111041975664,0,60,3.0,2,2.6127523685705883e-05
3.095,-0.11494332516451301,77.50227004615842,0,60,3.0,2,5.341285078623728e-05
3.1,-0.061810214049552864,77.50456505519409,0,60,3.0,2,0.00010741306339040795
3.105,-0.026546104631500547,77.50899663500942,0,60,3.0,2,0.00021168552963351484
3.11,-0.00719600351942686,77.51733334782944,0,60,3.0,2,0.00040784347833965404
3.115,0.0022072757983807078,77.53259711175801,0,60,3.0,2,0.0007669908648943099
3.12,0.006917199873730717,77.5597775885197,0,60,3.0,2,0.0014065314945810314
3.125,0.01004859748264829,77.60682720154375,0,60,3.0,2,0.002513581212794152
3.13,0.013037082251128167,77.68596373563713,0,60,3.0,2,0.0043756173091089616
3.135,0.01645163937690478,77.81525235617987,0,60,3.0,2,0.007417702498349854
3.14,0.020526639934696615,78.02034654369058,0,60,3.0,2,0.012243448086837147
3.145,0.02539629541761738,78.33613763083831,0,60,3.0,2,0.0196738266079602
3.15,0.031171612185577933,78.80790801230718,0,60,3.0,2,0.030774306171933656
3.155,0.03795853426638131,79.49143402196233,0,60,3.0,2,0.046857271104996094
3.16,0.0458588961882057,80.45138998325675,0,60,3.0,2,0.06944447019427638
3.165,0.054966995891435555,81.75742693681694,0,60,3.0,2,0.10017475145451626
3.17,0.06536491004445595,83.47749814853324,0,60,3.0,2,0.1406470152596057
3.175,0.07711726085088699,85.66841448846296,0,60,3.0,2,0.1921979879638343
3.18,0.09026570629555215,88.36422212653916,0,60,3.0,2,0.2556287559185685
3.185,0.10482339848670268,91.56371947194285,0,60,3.0,2,0.3309110463986552
3.19,0.12076968927580028,95.21911490992028,0,60,3.0,2,0.41692035082165363
3.195,0.13804539501007884,99.22826790633349,0,60,3.0,2,0.5112533625019644
3.2,0.15654895051787066,103.43295067098154,0,60,3.0,2,0.6101870746113304
3.205,0.17613378141900526,107.62498105812116,0,60,3.0,2,0.708823083720498
3.21,0.19660720058055794,111.56090743751355,0,60,3.0,2,0.8014331161767894
3.215,0.21773108748496234,114.9843394518642,0,60,3.0,2,0.8819844576909224
3.22,0.23922453870058807,117.65333760501063,0,60,3.0,2,0.9447844142355444
3.225,0.2607685857914563,119.36890970084326,0,60,3.0,2,0.9851508164904297
3.23,0.2820129681603682,120.0,0,60,3.0,2,1.0
3.235,0.30258482867153996,119.5006402542718,0,60,3.0,2,0.9882503589240423
3.24,0.3220990771751686,117.91617040818592,0,60,3.0,2,0.9509687154867276
3.245,0.3401700499968971,115.37738557396011,0,60,3.0,2,0.8912326017402379
3.25,0.3564239911198326,112.08368211089038,0,60,3.0,2,0.8137336967268325
3.255,0.3705118017738417,108.27824070530876,0,60,3.0,2,0.7241938989484414
3.26,0.3821214567925213,104.21955090304075,0,60,3.0,2,0.6286953153656648
3.265,0.39098947374066967,100.15389681309367,0,60,3.0,2,0.5330328661904392
3.27,0.3969108472035567,96.29278932965357,0,60,3.0,2,0.44218327834478993
3.275,0.3997469255491936,92.79798252281299,0,60,3.0,2,0.3599525299485409
3.28,0.3994308076379137,89.77503474095302,0,60,3.0,2,0.2888243468459534
3.285,0.3959699661768434,87.27477976068862,0,60,3.0,2,0.2299948178985557
3.29,0.38944595408114946,85.30088686693217,0,60,3.0,2,0.1835502792219335
3.295,0.38001120995358023,83.82108308582723,0,60,3.0,2,0.14873136672534648
3.3,0.3678831374098315,82.77958866801355,0,60,3.0,2,0.12422561571796577
3.305,0.35333577933796634,82.1087468967927,0,60,3.0,2,0.10844110345394577
3.31,0.33668953221163944,81.7385096637752,0,60,3.0,2,0.09972963914765186
3.315,0.3182994390982644,81.60316637149273,0,60,3.0,2,0.09654509109394667
3.32,0.29854265738230645,81.64531852817903,0,60,3.0,2,0.097536906545389
3.325,0.2778057157821067,81.81752026347644,0,60,3.0,2,0.10158871208179857
3.33,0.2564721553719815,82.08220991158747,0,60,3.0,2,0.1078167038020581
3.335,0.23491109433464996,82.41058435809306,0,60,3.0,2,0.11554316136689555
3.34,0.21346717185309805,82.78097574839373,0,60,3.0,2,0.12425825290338186
3.345,0.19245222055656455,83.17714153356428,0,60,3.0,2,0.1335798007897478
3.35,0.17213889801761392,83.58672328897565,0,60,3.0,2,0.14321701856413288
3.355,0.15275638501270183,83.99999826166315,0,60,3.0,2,0.15294113556854474
3.36,0.13448814019607322,84.40895337124233,0,60,3.0,2,0.16256360873511372
3.365,0.11747159495449566,84.80665451989769,0,60,3.0,2,0.17192128282112215
3.37,0.10179958433370105,85.1868573489393,0,60,3.0,2,0.1808672317397482
3.375,0.08752324394101413,85.54379935372675,0,60,3.0,2,0.18926586714651186
3.38,0.07465606047174059,85.87211861230374,0,60,3.0,2,0.19699102617185263
3.385,0.0631787448609295,86.16685460853626,0,60,3.0,2,0.20392599078908835
3.39,0.05304460019959574,86.42349754884363,0,60,3.0,2,0.20996464820808536
3.395,0.044185078305849994,86.63806206698814,0,60,3.0,2,0.2150132251056033
3.4,0.03651525513023255,86.80716857960022,0,60,3.0,2,0.21899220187294624
3.405,0.0299390014708757,86.92812088388769,0,60,3.0,2,0.22183813844441616
3.41,0.024353677220580638,86.99897230219709,0,60,3.0,2,0.2235052306399315
3.415,0.01965423034339045,87.0185752592566,0,60,3.0,2,0.22396647668839043
3.42,0.015736632374757337,86.98661103599359,0,60,3.0,2,0.22321437731749624
3.425,0.012500627640593535,86.90359787095856,0,60,3.0,2,0.2212611263754956
3.43,0.009851811652115898,86.77087675820192,0,60,3.0,2,0.21813827666357463
3.435,0.007703084175428559,86.59057531515485,0,60,3.0,2,0.21389588976834945
3.44,0.005975544002062424,86.36555100430262,0,60,3.0,2,0.20860120010123803
3.445,0.004598905818663047,86.0993157926329,0,60,3.0,2,0.2023368421795975
3.45,0.0035115256454839104,85.79594501028039,0,60,3.0,2,0.1951987061242445
3.455,0.002660121266303676,85.45997370609123,0,60,3.0,2,0.18729349896685255
3.46,0.0019992692560877024,85.0962841761263,0,60,3.0,2,0.17873609826179537
3.465,0.0014907520044639367,84.70998855024048,0,60,3.0,2,0.1696467894174231
3.47,0.0011028178277539807,84.3063103584825,0,60,3.0,2,0.1601484790231178
3.475,0.0008094059938923333,83.89046886840002,0,60,3.0,2,0.15036397337411814
3.48,0.0005893771793717645,83.4675696999641,0,60,3.0,2,0.1404134047050377
3.485,0.0004257792353490551,83.04250480764743,0,60,3.0,2,0.13041187782699842
3.49,0.0003051686392901525,82.61986439594673,0,60,3.0,2,0.12046739755168788
3.495,0.00021699992642659966,82.203862736115,0,60,3.0,2,0.11067912320270586
3.5,0.00015308884054097838,81.79827921088489,0,60,3.0,2,0.10113598143258554
3.505,0.00010714989329311098,81.4064152633843,0,60,3.0,2,0.09191565325610127
3.51,7.440535854020571e-05,81.0310672972994,0,60,3.0,2,0.08308393640704474
3.515,5.1260276743925106e-05,80.67451499519211,0,60,3.0,2,0.07469447047510852
3.52,3.503659887882241e-05,80.338524013543,0,60,3.0,2,0.06678880031865868
3.525,2.375894748103639e-05,80.02436159372127,0,60,3.0,2,0.059396743381676866
3.53,1.5984413869232557e-05,79.73282330872932,0,60,3.0,2,0.05253701902892524
3.535,1.0669166579899869e-05,79.4642689510973,0,60,3.0,2,0.046218092966995195
3.54,7.06526633560511e-06,79.21866545674996,0,60,3.0,2,0.040439187217646125
3.545,4.641847214699205e-06,78.99563474688391,0,60,3.0,2,0.03519140580903314
3.55,3.025641074479182e-06,78.79450444444629,0,60,3.0,2,0.030458928104618574
3.555,1.9566278676921314e-06,78.61435957004821,0,60,3.0,2,0.026220225177604896
3.56,1.2553456560008793e-06,78.45409352834312,0,60,3.0,2,0.02244925949042641
3.565,7.990660428214668e-07,78.31245694336336,0,60,3.0,2,0.01911663396149078
3.57,5.046221251618276e-07,78.18810317343045,0,60,3.0,2,0.01619066290424585
3.575,3.1616527078858815e-07,78.07962961742325,0,60,3.0,2,0.01363834393937061
3.58,1.9652884407760343e-07,77.98561420049717,0,60,3.0,2,0.01142621648228629
3.585,1.2120002189836396e-07,77.90464668712917,0,60,3.0,2,0.009521098520686418
3.59,7.415549848886236e-08,77.83535470349312,0,60,3.0,2,0.007890698905720563
3.595,4.501406988770349e-08,77.77642455318359,0,60,3.0,2,0.006504107133731489
3.6,0.0,77.72661707634573,0,60,3.0,2,0.005332166502252529
3.605,0.0,77.68477893086524,0,60,3.0,2,0.00434773954977024
3.61,0.0,77.6498497660474,0,60,3.0,2,0.0035258768481740204
3.615,0.0,77.62086581648374,0,60,3.0,3,0.002843901564323366
3.62,0.0,77.59696047016833,0,60,3.0,3,0.0022814228274900387
3.625,0.0,77.57736236484402,0,60,3.0,3,0.0018202909375063694
3.63,0.0,77.56139154495807,0,60,3.0,3,0.001444506940189887
3.635,0.0,77.54845417352878,0,60,3.0,3,0.0011400982006772237
3.64,0.0,77.53803624353917,0,60,3.0,3,0.0008949704362157049
3.645,0.0,77.52969667664992,0,60,3.0,3,0.0006987453329392846
3.65,0.0,77.52306013697444,0,60,3.0,3,0.000542591458222031
3.655,0.0,77.51780982764838,0,60,3.0,3,0.00041905476819712985
3.66,0.0,77.51368048053044,0,60,3.0,3,0.0003218936595397495
3.665,0.0,77.51045169649136,0,60,3.0,3,0.00024592227038490764
3.67,0.0,77.5079417466527,0,60,3.0,3,0.00018686462712246474
3.675,0.0,77.50600190434021,0,60,3.0,3,0.00014122127859316017
3.68,0.0,77.50451134365947,0,60,3.0,3,0.0001061492625758413
3.685,0.0,77.50337261335471,0,60,3.0,3,7.93556083461975e-05
3.69,0.0,77.50250767355982,0,60,3.0,3,5.9004083760448657e-05
3.695,0.0,77.50185446759158,0,60,3.0,3,4.363453156670135e-05
3.7,0.0,77.50136399034713,0,60,3.0,3,3.209389052070786e-05
3.705,0.0,77.50099780838069,0,60,3.0,3,2.347784425149471e-05
3.71,0.0,77.5007259835821,0,60,3.0,3,1.708196663765407e-05
3.715,0.0,77.50052535183445,0,60,3.0,3,1.2361219634225135e-05
3.72,0.0,77.50037810942973,0,60,3.0,3,8.896692464291204e-06
3.725,0.0,77.50027066279699,0,60,3.0,3,6.368536399831475e-06
3.73,0.0,77.50019270075849,0,60,3.0,3,4.53413549387412e-06
3.735,0.0,77.50013645268456,0,60,3.0,3,3.2106514013588928e-06
3.74,0.0,77.50009610025637,0,60,3.0,3,2.2611825028541394e-06
3.745,0.0,77.50006731483874,0,60,3.0,3,1.5838785587033378e-06
3.75,0.0,77.50004689654789,0,60,3.0,3,1.103448185551101e-06
3.755,0.0,77.50003249486535,0,60,3.0,3,7.645850670916629e-07
3.76,0.0,77.50002239403797,0,60,3.0,3,5.269185404652971e-07
3.765,0.001684486749771458,77.50001534948753,0,60,3.0,3,3.6116441238471665e-07
3.77,0.003097557930867117,77.50001046403425,0,60,3.0,3,2.4621257051983453e-07
3.775,0.005475106668887023,77.5000070949318,0,60,3.0,3,1.6693957183419758e-07
3.78,0.00930222931468658,77.50000478455003,0,60,3.0,3,1.125776477425354e-07
3.785,0.01519157517868857,77.50000320905956,0,60,3.0,3,7.550728368829262e-08
3.79,0.023847336626128316,77.50000214071206,0,60,3.0,3,5.036969542636464e-08
3.795,0.0359830743700859,77.50000142030801,0,60,3.0,3,3.3419011996931445e-08
3.8,0.05218887796857759,77.50000093723958,0,60,3.0,3,2.2052695920351922e-08
3.805,0.0727577001223134,77.50000061512375,0,60,3.0,3,1.447350006642142e-08
3.81,0.0974992498694751,77.50000040153017,0,60,3.0,3,9.447768768629483e-09
3.815,0.12558706050443358,77.50000026068598,0,60,3.0,3,6.133787752225865e-09
3.82,0.15549263588878245,77.50000016832978,0,60,3.0,3,3.960700630212908e-09
3.825,0.1850529723539114,77.50000010810557,0,60,3.0,3,2.5436604038772846e-09
3.83,0.21169159439317053,77.50000006905242,0,60,3.0,3,1.6247627975056221e-09
3.835,0.23277292922115492,77.50000004386858,0,60,3.0,3,1.0322019213216502e-09
3.84,0.24602692519491282,77.50000002771866,0,60,3.0,3,6.522036662371487e-10
3.845,0.24995056064839283,77.50000001741945,0,60,3.0,3,4.098694716958562e-10
3.85,0.24408826520424054,77.5000000108878,0,60,3.0,3,2.5618359198715016e-10
3.855,0.22911894216865275,77.50000000676847,0,60,3.0,3,1.592582066223258e-10
3.86,0.20672661788705934,77.50000000418488,0,60,3.0,3,9.846784825426499e-11
3.865,0.17928878030241233,77.50000000257349,0,60,3.0,3,6.05526191280018e-11
3.87,0.14946211903866036,77.500000001574,0,60,3.0,3,3.703515925307703e-11
3.875,0.1197651512573837,77.50000000095747,0,60,3.0,3,2.2528718759798827e-11
3.88,0.09224675744988023,77.50000000057929,0,60,3.0,3,1.3630383096717517e-11
3.885,0.06829565320281596,77.50000000034858,0,60,3.0,3,8.201836595510351e-12
3.89,0.04860224607515734,77.50000000020863,0,60,3.0,3,4.908930778208956e-12
3.895,0.03324612389699793,77.50000000012419,0,60,3.0,3,2.9220861024976544e-12
3.9,0.021859876340472782,77.50000000007353,0,60,3.0,3,1.730046171681298e-12
3.905,0.01381595518554205,77.50000000004329,0,60,3.0,3,1.0185003167648307e-12
3.91,0.008394095110402422,77.50000000002535,0,60,3.0,3,5.965215249863618e-13
3.915,0.0049052535271608,77.50000000001477,0,60,3.0,3,3.4741360115517367e-13
3.92,0.0027671663551903634,77.50000000000855,0,60,3.0,3,2.0129257737768484e-13
3.925,0.0015425553464444616,77.50000000000493,0,60,3.0,3,1.1602744908647282e-13
3.93,0.0009638206637011801,77.50000000000283,0,60,3.0,3,6.654023737235762e-14
3.935,0.0009804935156568228,77.5000000000016,0,60,3.0,3,3.778415488983121e-14
3.94,0.0018793744894085216,77.50000000000091,0,60,3.0,3,2.1399875335833605e-14
3.945,0.004535525206900863,77.50000000000051,0,60,3.0,3,1.2037429876406403e-14
3.95,0.010832767979632273,77.50000000000028,0,60,3.0,3,6.687461042448002e-15
3.955,0.024208003392322392,77.50000000000016,0,60,3.0,3,3.678103573346401e-15
3.96,0.0500971897335304,77.50000000000009,0,60,3.0,3,2.0062383127344005e-15
3.965,0.09582894921774403,77.50000000000004,0,60,3.0,3,1.0031191563672002e-15
3.97,0.16937896721820658,77.50000000000003,0,60,3.0,3,6.687461042448002e-16
3.975,0.27661303008991756,77.50000000000001,0,60,3.0,3,3.343730521224001e-16
3.98,0.4173782800009149,77.50000000000001,0,60,3.0,3,3.343730521224001e-16
3.985,0.5818720934538056,77.5,0,60,3.0,3,0.0
3.99,0.7494718801585675,77.5,0,60,3.0,3,0.0
3.995,0.891813020752378,77.5,0,60,3.0,3,0.0
4.0,0.9800361632936612,77.5,0,60,3.0,3,0.0
4.005,0.993574479225126,77.5000024950473,1,60,3.0,3,5.8706995238989134e-08
4.01,0.9263438449375362,77.50000375849318,0,60,3.0,3,8.843513362134057e-08
4.015,0.7873015962290536,77.50000576910975,0,60,3.0,3,1.3574375877985458e-07
4.02,0.5959516244629897,77.50000910888895,0,60,3.0,3,2.1432679873482008e-07
4.025,0.376910120078773,77.50001493160252,0,60,3.0,3,3.5133182403596413e-07
4.03,0.15739335672107918,77.5000255695211,0,60,3.0,3,6.016357905777755e-07
4.035,-0.033361226269301235,77.50004576207117,0,60,3.0,3,1.076754615697235e-06
4.04,-0.1680180840843834,77.50008508819586,0,60,3.0,3,2.002075196702101e-06
4.045,-0.23069703190837854,77.50016266149757,0,60,3.0,3,3.827329354568492e-06
4.05,-0.22587267821131068,77.50031595083036,0,60,3.0,3,7.434137184833055e-06
4.055,-0.17718181630665902,77.50061688523299,0,60,3.0,3,1.4514946658503986e-05
4.06,-0.11494332516451301,77.50120039677721,0,60,3.0,3,2.824463005193887e-05
4.065,-0.061810214049552864,77.50231346534846,0,60,3.0,3,5.443447878740378e-05
4.07,-0.026546104631500547,77.50439671869992,0,60,3.0,3,0.00010345220470405954
4.075,-0.00719600351942686,77.50821569935404,0,60,3.0,3,0.00019331057303622188
4.08,0.0022072757983807078,77.51506467288199,0,60,3.0,3,0.00035446289134095904
4.085,0.006917199873730717,77.52707136715546,0,60,3.0,3,0.0006369733448342926
4.09,0.01004859748264829,77.54763451316305,0,60,3.0,3,0.0011208120744246276
4.095,0.013037082251128167,77.58202471776275,0,60,3.0,3,0.0019299933591235138
4.1,0.01645163937690478,77.63816929854207,0,60,3.0,3,0.0032510423186368717
4.105,0.020526639934696615,77.72761899891924,0,60,3.0,3,0.005355741151040949
4.11,0.02539629541761738,77.86665519753228,0,60,3.0,3,0.008627181118406631
4.115,0.031171612185577933,78.07743861114501,0,60,3.0,3,0.013586790850470888
4.12,0.03795853426638131,78.38902695888922,0,60,3.0,3,0.02091828138562866
4.125,0.0458588961882057,78.83800818984425,0,60,3.0,3,0.03148254564339401
4.13,0.054966995891435555,79.46842379043065,0,60,3.0,3,0.046315853892485846
4.135,0.06536491004445595,80.33061667635269,0,60,3.0,3,0.06660274532594565
4.14,0.07711726085088699,81.478657744938,0,60,3.0,3,0.09361547635148246
4.145,0.09026570629555215,82.96611002699977,0,60,3.0,3,0.12861435357646522
4.15,0.10482339848670268,84.84009485117352,0,60,3.0,3,0.17270811414525924
4.155,0.12076968927580028,87.13392597640826,0,60,3.0,3,0.22668061120960623
4.16,0.13804539501007884,89.85894336803423,0,60,3.0,3,0.2907986674831584
4.165,0.15654895051787066,92.99654686910407,0,60,3.0,3,0.3646246322142133
4.17,0.17613378141900526,96.4917169559891,0,60,3.0,3,0.44686392837621425
4.175,0.19660720058055794,100.24942305018932,0,60,3.0,3,0.5352805423573957
4.18,0.21773108748496234,104.13518312180872,0,60,3.0,3,0.6267101911013817
4.185,0.23922453870058807,107.9806163769576,0,60,3.0,3,0.7171909735754729
4.19,0.2607685857914563,111.59415000783865,0,60,3.0,3,0.8022152943020858
4.195,0.2820129681603682,114.77619649389209,0,60,3.0,3,0.8770869763268726
4.2,0.30258482867153996,117.33726280597426,0,60,3.0,3,0.9373473601405709
4.205,0.3220990771751686,119.11676822855112,0,60,3.0,3,0.9792180759659088
4.21,0.3401700499968971,120.0,0,60,3.0,3,1.0
4.215,0.3564239911198326,119.9307331115752,0,60,3.0,3,0.9983701908605928
4.22,0.3705118017738417,118.9175974986838,0,60,3.0,3,0.9745317058513836
4.225,0.3821214567925213,117.03320410260207,0,60,3.0,3,0.930193037708284
4.23,0.39098947374066967,114.40616519711772,0,60,3.0,3,0.8683803575792404
4.235,0.3969108472035567,111.20724128607212,0,60,3.0,3,0.7931115596722852
4.24,0.3997469255491936,107.63170063411125,0,60,3.0,3,0.708981191390853
4.245,0.3994308076379137,103.88043014450193,0,60,3.0,3,0.6207160034000454
4.25,0.3959699661768434,100.14232342849641,0,60,3.0,3,0.5327605512587391
4.255,0.38944595408114946,96.580032392726,0,60,3.0,3,0.4489419386523764
4.26,0.38001120995358023,93.32042761436257,0,60,3.0,3,0.3722453556320605
4.265,0.3678831374098315,90.45024438360306,0,60,3.0,3,0.3047116325553662
4.27,0.35333577933796634,88.0165735885304,0,60,3.0,3,0.2474487903183625
4.275,0.33668953221163944,86.03123100878861,0,60,3.0,3,0.20073484726561433
4.28,0.3182994390982644,84.47768427158562,0,60,3.0,3,0.1641808063902498
4.285,0.29854265738230645,83.31914425655404,0,60,3.0,3,0.13692104133068328
4.29,0.2778057157821067,82.50659004090923,0,60,3.0,3,0.11780211860962896
4.295,0.2564721553719815,81.98581116195565,0,60,3.0,3,0.10554849792836829
4.3,0.23491109433464996,81.70292592125253,0,60,3.0,3,0.09889237461770656
4.305,0.21346717185309805,81.60818956190883,0,60,3.0,3,0.09666328380961953
4.31,0.19245222055656455,81.65818681746455,0,60,3.0,3,0.09783968982269538
4.315,0.17213889801761392,81.81668455993696,0,60,3.0,3,0.10156904846910493
4.32,0.15275638501270183,82.05450301165449,0,60,3.0,3,0.10716477674481151
4.325,0.13448814019607322,82.34876686016689,0,60,3.0,3,0.11408863200392683
4.33,0.11747159495449566,82.68184745982325,0,60,3.0,3,0.12192582258407636
4.335,0.10179958433370105,83.04023106346655,0,60,3.0,3,0.1303583779639188
4.34,0.08752324394101413,83.41346746591435,0,60,3.0,3,0.1391404109626906
4.345,0.07465606047174059,83.79328285470342,0,60,3.0,3,0.14807724364008049
4.35,0.0631787448609295,84.1728870216122,0,60,3.0,3,0.15700910639087523
4.355,0.05304460019959574,84.5464696298717,0,60,3.0,3,0.16579928540874575
4.36,0.044185078305849994,84.90886059231357,0,60,3.0,3,0.17432613158384877
4.365,0.03651525513023255,85.25532179626946,0,60,3.0,3,0.1824781599122225
4.37,0.0299390014708757,85.58143722891543,0,60,3.0,3,0.1901514642097749
4.375,0.024353677220580638,85.88307248935271,0,60,3.0,3,0.19724876445535797
4.38,0.01965423034339045,86.15638018885323,0,60,3.0,3,0.20367953385537022
4.385,0.015736632374757337,86.39783327928087,0,60,3.0,3,0.20936078304190292
4.39,0.012500627640593535,86.60427312857465,0,60,3.0,3,0.21421819126057992
4.395,0.009851811652115898,86.77296292498974,0,60,3.0,3,0.2181873629409351
4.4,0.007703084175428559,86.90163978459339,0,60,3.0,3,0.22121505375513847
4.405,0.005975544002062424,86.9885609412461,0,60,3.0,3,0.22326025744108485
4.41,0.004598905818663047,87.0325408276639,0,60,3.0,3,0.22429507829797396
4.415,0.0035115256454839104,87.03297689853875,0,60,3.0,3,0.22430533878914702
4.42,0.002660121266303676,86.98986284516437,0,60,3.0,3,0.22329089047445572
4.425,0.0019992692560877024,86.90378850197658,0,60,3.0,3,0.2212656118112136
4.43,0.0014907520044639367,86.77592630638017,0,60,3.0,3,0.21825708956188639
4.435,0.0011028178277539807,86.60800467318072,0,60,3.0,3,0.2143059923101345
4.44,0.0008094059938923333,86.40226909402966,0,60,3.0,3,0.20946515515363912
4.445,0.0005893771793717645,86.1614321695787,0,60,3.0,3,0.2037984039900871
4.45,0.0004257792353490551,85.88861412108902,0,60,3.0,3,0.19737915579032989
4.455,0.0003051686392901525,85.58727560093486,0,60,3.0,3,0.19028883766905552
4.46,0.00021699992642659966,85.26114482043914,0,60,3.0,3,0.18261517224562687
4.465,0.00015308884054097838,84.91414113369896,0,60,3.0,3,0.17445037961644616
4.47,0.00010714989329311098,84.55029725548142,0,60,3.0,3,0.16588934718779824
4.475,7.440535854020571e-05,84.17368225126495,0,60,3.0,3,0.15702781767682233
4.48,5.1260276743925106e-05,83.78832732279227,0,60,3.0,3,0.1479606428892299
4.485,3.503659887882241e-05,83.3981562308963,0,60,3.0,3,0.13878014660932483
4.49,2.375894748103639e-05,83.00692195925262,0,60,3.0,3,0.12957463433535582
4.495,1.5984413869232557e-05,82.6181509404913,0,60,3.0,3,0.12042708095273658
4.5,1.0669166579899869e-05,82.23509585343183,0,60,3.0,3,0.11141402008074892
4.505,7.06526633560511e-06,81.86069767131502,0,60,3.0,3,0.10260465108976526
4.51,4.641847214699205e-06,81.49755730985156,0,60,3.0,3,0.09406017199650725
4.515,3.025641074479182e-06,81.14791690391355,0,60,3.0,3,0.08583333891561304
4.52,1.9566278676921314e-06,80.81365044457142,0,60,3.0,3,0.0779682457546217
4.525,1.2553456560008793e-06,80.49626324385221,0,60,3.0,3,0.07050031162005205
4.53,7.990660428214668e-07,80.19689947078584,0,60,3.0,3,0.06345645813613734
4.535,5.046221251618276e-07,79.91635682432248,0,60,3.0,3,0.056855454689940646
4.54,3.1616527078858815e-07,79.65510727941233,0,60,3.0,3,0.050708406574407866
4.545,1.9652884407760343e-07,79.41332276242515,0,60,3.0,3,0.045019359115885955
4.55,1.2120002189836396e-07,79.19090457947316,0,60,3.0,3,0.03978599010525072
4.555,7.415549848886236e-08,78.98751543252128,0,60,3.0,3,0.035000363118147707
4.56,4.501406988770349e-08,78.80261290834281,0,60,3.0,3,0.030649715490419033
4.565,0.0,78.63548340820051,0,60,3.0,3,0.026717256663541508
4.57,0.0,78.4852755946948,0,60,3.0,3,0.023182955169289365
4.575,0.0,78.35103255931459,0,60,3.0,3,0.020024295513284454
4.58,0.0,78.23172205271597,0,60,3.0,3,0.017216989475669794
4.585,0.0,78.12626426290419,0,60,3.0,3,0.01473562971539262
4.59,0.0,78.03355676823388,0,60,3.0,3,0.012554276899620685
4.595,0.0,77.95249642725605,0,60,3.0,3,0.010646974758965906
4.6,0.0,77.88199809170625,0,60,3.0,3,0.008988190393088256
4.605,0.0,77.82101013916764,0,60,3.0,3,0.007553179745120949
4.61,0.0,77.76852691602545,0,60,3.0,3,0.006318280377069427
4.615,0.0,77.72359825811775,0,60,3.0,3,0.005261135485123452
4.62,0.0,77.68533631573966,0,60,3.0,3,0.004360854487992035
4.625,0.0,77.65291995190405,0,60,3.0,3,0.003598116515389486
4.63,0.0,77.62559700915529,0,60,3.0,3,0.0029552237448302442
4.635,0.0,77.60268475239863,0,60,3.0,3,0.002416111821144247
4.64,0.0,77.58356879509424,0,60,3.0,3,0.00196632459045264
4.645,0.0,77.56770080589084,0,60,3.0,3,0.0015929601386079305
4.65,0.0,77.55459527451477,0,60,3.0,3,0.0012845946944651133
4.655,0.0,77.54382559159987,0,60,3.0,3,0.0010311903905851657
4.66,0.0,77.53501966911314,0,60,3.0,3,0.0008239922144268268
4.665,0.0,77.52785529786952,0,60,3.0,3,0.00065541877340051
4.67,0.0,77.52205540785289,0,60,3.0,3,0.000518950773009157
4.675,0.0,77.51738336692351,0,60,3.0,3,0.00040902039820025495
4.68,0.0,77.51363842497241,0,60,3.0,3,0.00032090411699795473
4.685,0.0,77.51065138439854,0,60,3.0,3,0.00025062080937747103
4.69,0.0,77.50828055441168,0,60,3.0,3,0.00019483657439255854
4.695,0.0,77.5064080263656,0,60,3.0,3,0.00015077709095541702
4.7,0.0,77.50493629018625,0,60,3.0,3,0.00011614800438237313
4.705,0.0,77.50378519791671,0,60,3.0,3,8.906348039324578e-05
4.71,0.0,77.50288926928084,0,60,3.0,3,6.798280660806246e-05
4.715,0.0,77.50219532571992,0,60,3.0,3,5.165472282174853e-05
4.72,0.0,77.50166043327717,0,60,3.0,3,3.9069018286267345e-05
4.725,0.0,77.50125013066801,0,60,3.0,3,2.941483924734498e-05
4.73,0.0,77.50093691654406,0,60,3.0,3,2.204509515442677e-05
4.735,0.0,77.50069896901469,0,60,3.0,3,1.644632975746711e-05
4.74,0.0,77.50051907063157,0,60,3.0,3,1.2213426625147109e-05
4.745,0.0,77.50038371299648,0,60,3.0,3,9.028541093665112e-06
4.75,0.0,77.50028235668749,0,60,3.0,3,6.643686764525281e-06
4.755,0.0,77.50020682411044,0,60,3.0,3,4.866449657302998e-06
4.76,0.0,77.50015080500992,0,60,3.0,3,3.5483531746649534e-06
4.765,0.0,77.50010945658438,0,60,3.0,3,2.575449044303134e-06
4.77,0.0,77.50007908234369,0,60,3.0,3,1.8607610279693344e-06
4.775,0.0,77.50005687595332,0,60,3.0,3,1.3382577251644868e-06
4.78,0.0,77.50004071827436,0,60,3.0,3,9.580770438333276e-07
4.785,0.0,77.5000290176045,0,60,3.0,3,6.827671648031409e-07
4.79,0.0,77.5000205847344,0,60,3.0,3,4.843466917784955e-07
4.795,0.0,77.50001453585212,0,60,3.0,3,3.420200498032286e-07
4.8,0.0,77.50001021756106,0,60,3.0,3,2.4041320129446617e-07
4.805,0.0,77.50000714933266,0,60,3.0,3,1.6821959200248838e-07
4.81,0.0,77.5000049796095,0,60,3.0,3,1.1716728234954216e-07
4.815,0.001684486749771458,77.50000345252305,0,60,3.0,3,8.123583637932503e-08
4.82,0.003097557930867117,77.50000238280994,0,60,3.0,4,5.606611620458031e-08
4.825,0.005475106668887023,77.50000163701907,0,60,3.0,4,3.851809571428663e-08
4.83,0.00930222931468658,77.50000111951415,0,60,3.0,4,2.6341509470405393e-08
4.835,0.01519157517868857,77.50000076210877,0,60,3.0,4,1.7931971034854273e-08
4.84,0.023847336626128316,77.50000051643521,0,60,3.0,4,1.2151416646755773e-08
4.845,0.0359830743700859,77.50000034835837,0,60,3.0,4,8.196667522497591e-09
4.85,0.05218887796857759,77.50000023390967,0,60,3.0,4,5.503757031821057e-09
4.855,0.0727577001223134,77.50000015634414,0,60,3.0,4,3.678685716830146e-09
4.86,0.0974992498694751,77.50000010402233,0,60,3.0,4,2.4475843260648508e-09
4.865,0.12558706050443358,77.50000006889427,0,60,3.0,4,1.621041559808552e-09
4.87,0.15549263588878245,77.5000000454204,0,60,3.0,4,1.0687154586134164e-09
4.875,0.1850529723539114,77.50000002980784,0,60,3.0,4,7.013608517488191e-10
4.88,0.21169159439317053,77.5000000194725,0,60,3.0,4,4.5817634653597934e-10
4.885,0.23277292922115492,77.50000001266264,0,60,3.0,4,2.9794444558587306e-10
4.89,0.24602692519491282,77.50000000819668,0,60,3.0,4,1.9286303273367915e-10
4.895,0.24995056064839283,77.50000000528158,0,60,3.0,4,1.2427241980570696e-10
4.9,0.24408826520424054,77.50000000338767,0,60,3.0,4,7.970985440325047e-11
4.905,0.22911894216865275,77.50000000216296,0,60,3.0,4,5.089325039828991e-11
4.91,0.20672661788705934,77.5000000013747,0,60,3.0,4,3.234591157011249e-11
4.915,0.17928878030241233,77.50000000086972,0,60,3.0,4,2.0463965162943007e-11
4.92,0.14946211903866036,77.50000000054773,0,60,3.0,4,1.2887740547953666e-11
4.925,0.1197651512573837,77.50000000034336,0,60,3.0,4,8.07912168538143e-12
4.93,0.09224675744988023,77.50000000021427,0,60,3.0,4,5.041676879901548e-12
4.935,0.06829565320281596,77.5000000001331,0,60,3.0,4,3.131738006178399e-12
4.94,0.04860224607515734,77.5000000000823,0,60,3.0,4,1.9363543448408188e-12
4.945,0.03324612389699793,77.50000000005066,0,60,3.0,4,1.1920399308163562e-12
4.95,0.021859876340472782,77.50000000003104,0,60,3.0,4,7.302707458353218e-13
4.955,0.01381595518554205,77.50000000001893,0,60,3.0,4,4.453849054270369e-13
4.96,0.008394095110402422,77.5000000000115,0,60,3.0,4,2.7050779916702167e-13
4.965,0.0049052535271608,77.50000000000695,0,60,3.0,4,1.6350842248785364e-13
4.97,0.0027671663551903634,77.50000000000418,0,60,3.0,4,9.830567732398563e-14
4.975,0.0015425553464444616,77.5000000000025,0,60,3.0,4,5.884965717354242e-14
4.98,0.0009638206637011801,77.50000000000149,0,60,3.0,4,3.510917047285201e-14
4.985,0.0009804935156568228,77.50000000000088,0,60,3.0,4,2.0731129231588804e-14
4.99,0.0018793744894085216,77.50000000000053,0,60,3.0,4,1.2371802928528803e-14
4.995,0.004535525206900863,77.50000000000031,0,60,3.0,4,7.356207146692803e-15
5.0,0.010832767979632273,77.50000000000018,0,60,3.0,4,4.3468496775912015e-15
5.005,0.024208003392322392,77.5000000000001,0,60,3.0,4,2.3406113648568006e-15
5.01,0.0500971897335304,77.50000000000006,0,60,3.0,4,1.3374922084896003e-15
5.015,0.09582894921774403,77.50000000000003,0,60,3.0,4,6.687461042448002e-16
5.02,0.16937896721820658,77.50000000000001,0,60,3.0,4,3.343730521224001e-16
5.025,0.27661303008991756,77.50000000000001,0,60,3.0,4,3.343730521224001e-16
5.03,0.4173782800009149,77.5,0,60,3.0,4,0.0
5.035,0.5818720934538056,77.5,0,60,3.0,4,0.0
5.04,0.7494718801585675,77.5,0,60,3.0,4,0.0
5.045,0.891813020752378,77.5,0,60,3.0,4,0.0
5.05,0.9800361632936612,77.5,0,60,3.0,4,0.0
5.055,0.993574479225126,77.50000249729354,1,60,3.0,4,5.875984791547286e-08
5.06,0.9263438449375362,77.50000393227262,0,60,3.0,4,9.25240616358197e-08
5.065,0.7873015962290536,77.50000634326607,0,60,3.0,4,1.4925331918354512e-07
5.07,0.5959516244629897,77.50001061853068,0,60,3.0,4,2.498477807180547e-07
5.075,0.376910120078773,77.50001866333935,0,60,3.0,4,4.391373963966651e-07
5.08,0.15739335672107918,77.5000346400049,0,60,3.0,4,8.150589387830277e-07
5.085,-0.033361226269301235,77.50006764856651,0,60,3.0,4,1.5917309767968726e-06
5.09,-0.1680180840843834,77.50013735562356,0,60,3.0,4,3.2318970250558136e-06
5.095,-0.23069703190837854,77.50028544051958,0,60,3.0,4,6.7162475194409665e-06
5.1,-0.22587267821131068,77.500598088742,0,60,3.0,4,1.4072676282239627e-05
5.105,-0.17718181630665902,77.5012486355544,0,60,3.0,4,2.9379660103626627e-05
5.11,-0.11494332516451301,77.50257543369767,0,60,3.0,4,6.0598439945218105e-05
5.115,-0.061810214049552864,77.50521857085394,0,60,3.0,4,0.00012278990244567466
5.12,-0.026546104631500547,77.51035022511448,0,60,3.0,4,0.0002435347085759745
5.125,-0.00719600351942686,77.52004622347734,0,60,3.0,4,0.00047167584652557334
5.13,0.0022072757983807078,77.53785797415782,0,60,3.0,4,0.0008907758625368575
5.135,0.006917199873730717,77.56964902320131,0,60,3.0,4,0.0016388005459131204
5.14,0.01004859748264829,77.62475069237783,0,60,3.0,4,0.0029353104088901253
5.145,0.013037082251128167,77.71745577339965,0,60,3.0,4,0.005116606432932927
5.15,0.01645163937690478,77.86879695371151,0,60,3.0,4,0.008677575381447282
5.155,0.020526639934696615,78.10844035963862,0,60,3.0,4,0.014316243756202846
5.16,0.02539629541761738,78.47636733926622,0,60,3.0,4,0.02297334915920514
5.165,0.031171612185577933,79.02383946781148,0,60,3.0,4,0.03585504630144669
5.17,0.03795853426638131,79.81298480498413,0,60,3.0,4,0.054423171881979426
5.175,0.0458588961882057,80.91427084037524,0,60,3.0,4,0.08033578447941736
5.18,0.054966995891435555,82.40121542205652,0,60,3.0,4,0.11532271581309467
5.185,0.06536491004445595,84.34199522017235,0,60,3.0,4,0.1609881228275847
5.19,0.07711726085088699,86.78816642223576,0,60,3.0,4,0.21854509228790026
5.195,0.09026570629555215,89.7614698877538,0,60,3.0,4,0.2885051738295013
5.2,0.10482339848670268,93.24052207061501,0,60,3.0,4,0.3703652251909415
5.205,0.12076968927580028,97.14988444916018,0,60,3.0,4,0.4623502223331808
5.21,0.13804539501007884,101.35431154880669,0,60,3.0,4,0.5612779187954515
5.215,0.15654895051787066,105.66068807456148,0,60,3.0,4,0.6626044252837995
5.22,0.17613378141900526,109.82918294110652,0,60,3.0,4,0.7606866574378005
5.225,0.19660720058055794,113.59355865930326,0,60,3.0,4,0.8492602037483119
5.23,0.21773108748496234,116.6886667904499,0,60,3.0,4,0.9220862774223506
5.235,0.23922453870058807,118.88137576601841,0,60,3.0,4,0.9736794297886684
5.24,0.2607685857914563,120.0,0,60,3.0,4,1.0
5.245,0.2820129681603682,119.95710897620492,0,60,3.0,4,0.9989907994401158
5.25,0.30258482867153996,118.7615370490011,0,60,3.0,4,0.9708596952706142
5.255,0.3220990771751686,116.51733188460247,0,60,3.0,4,0.9180548678729993
5.26,0.3401700499968971,113.40983908257753,0,60,3.0,4,0.844937390178295
5.265,0.3564239911198326,109.68153227755616,0,60,3.0,4,0.757212524177792
5.27,0.3705118017738417,105.60198566964596,0,60,3.0,4,0.6612231922269637
5.275,0.3821214567925213,101.4371540045614,0,60,3.0,4,0.5632271530485037
5.28,0.39098947374066967,97.422764291288,0,60,3.0,4,0.4687709245008942
5.285,0.3969108472035567,93.74532237651536,0,60,3.0,4,0.38224287944742025
5.29,0.3997469255491936,90.53240175874944,0,60,3.0,4,0.3066447472646928
5.295,0.3994308076379137,87.85199809938081,0,60,3.0,4,0.24357642586778372
5.3,0.3959699661768434,85.71922450867264,0,60,3.0,4,0.1933935178511209
5.305,0.38944595408114946,84.10774793473297,0,60,3.0,4,0.15547642199371695
5.31,0.38001120995358023,82.96318113142691,0,60,3.0,4,0.12854543838651547
5.315,0.3678831374098315,82.21602810766474,0,60,3.0,4,0.11096536723917037
5.32,0.35333577933796634,81.79251012512853,0,60,3.0,4,0.10100023823831834
5.325,0.33668953221163944,81.62242952229444,0,60,3.0,4,0.09699834170104563
5.33,0.3182994390982644,81.64396106938082,0,60,3.0,4,0.09750496633837229
5.335,0.29854265738230645,81.80577806979818,0,60,3.0,4,0.10131242517172187
5.34,0.2778057157821067,82.0671908817687,0,60,3.0,4,0.10746331486514578
5.345,0.2564721553719815,82.3970316464962,0,60,3.0,4,0.11522427403520477
5.35,0.23491109433464996,82.77192809116943,0,60,3.0,4,0.12404536685104538
5.355,0.21346717185309805,83.1744448392447,0,60,3.0,4,0.1335163491586988
5.36,0.19245222055656455,83.59139300208605,0,60,3.0,4,0.1433268941667306
5.365,0.17213889801761392,84.0124564670148,0,60,3.0,4,0.15323426981211294
5.37,0.15275638501270183,84.42917328586134,0,60,3.0,4,0.1630393714320315
5.375,0.13448814019607322,84.83424390403286,0,60,3.0,4,0.1725704448007732
5.38,0.11747159495449566,85.22110653223218,0,60,3.0,4,0.1816730948760514
5.385,0.10179958433370105,85.58371248503667,0,60,3.0,4,0.19020499964792167
5.39,0.08752324394101413,85.91644030794227,0,60,3.0,4,0.19803388959864157
5.395,0.07465606047174059,86.21409913961364,0,60,3.0,4,0.20503762681443852
5.4,0.0631787448609295,86.47198412748827,0,60,3.0,4,0.21110550888207694
5.405,0.05304460019959574,86.68595740280897,0,60,3.0,4,0.2161401741837404
5.41,0.044185078305849994,86.85253634861876,0,60,3.0,4,0.22005967879102956
5.415,0.03651525513023255,86.96897679592873,0,60,3.0,4,0.22279945402185236
5.42,0.0299390014708757,87.03334286760078,0,60,3.0,4,0.2243139498259007
5.425,0.024353677220580638,87.04455801855013,0,60,3.0,4,0.2245778357305914
5.43,0.01965423034339045,87.00243386008354,0,60,3.0,4,0.22358667906078922
5.435,0.015736632374757337,86.90767493113825,0,60,3.0,4,0.22135705720325283
5.44,0.012500627640593535,86.76185888714967,0,60,3.0,4,0.2179260914623452
5.445,0.009851811652115898,86.56739271881541,0,60,3.0,4,0.2133504169133038
5.45,0.007703084175428559,86.32744662507005,0,60,3.0,4,0.20770462647223653
5.455,0.005975544002062424,86.04586804742218,0,60,3.0,4,0.2010792481746394
5.46,0.004598905818663047,85.72707910938607,0,60,3.0,4,0.19357833198555455
5.465,0.0035115256454839104,85.3759612733947,0,60,3.0,4,0.18531673584458103
5.47,0.002660121266303676,84.99773140981047,0,60,3.0,4,0.1764172096425993
5.475,0.0019992692560877024,84.59781365754361,0,60,3.0,4,0.16700738017749672
5.48,0.0014907520044639367,84.1817114421235,0,60,3.0,4,0.1572167398146706
5.485,0.0011028178277539807,83.75488381385719,0,60,3.0,4,0.14717373679663978
5.49,0.0008094059938923333,83.3226298946003,0,60,3.0,4,0.1370030563435364
5.495,0.0005893771793717645,82.88998470356078,0,60,3.0,4,0.12682316949554787
5.5,0.0004257792353490551,82.46162900365687,0,60,3.0,4,0.11674421185074982
5.505,0.0003051686392901525,82.04181510746733,0,60,3.0,4,0.10686623782276068
5.51,0.00021699992642659966,81.63430984453429,0,60,3.0,4,0.09727787869492438
5.515,0.00015308884054097838,81.242355157684,0,60,3.0,4,0.08805541547491771
5.52,0.00010714989329311098,80.86864610012042,0,60,3.0,4,0.07926226117930388
5.525,7.440535854020571e-05,80.51532537751636,0,60,3.0,4,0.07094883241214969
5.53,5.1260276743925106e-05,80.18399304420547,0,60,3.0,4,0.06315277751071682
5.535,3.503659887882241e-05,79.87572953684843,0,60,3.0,4,0.055899518514080586
5.54,2.375894748103639e-05,79.59112992222373,0,60,3.0,4,0.04920305699349951
5.545,1.5984413869232557e-05,79.33034705046295,0,60,3.0,4,0.04306698942265758
5.55,1.0669166579899869e-05,79.09314123688262,0,60,3.0,4,0.037485676161943905
5.555,7.06526633560511e-06,78.87893413465613,0,60,3.0,4,0.032445509050732575
5.56,4.641847214699205e-06,78.68686459254717,0,60,3.0,4,0.02792622570699216
5.565,3.025641074479182e-06,78.51584449930009,0,60,3.0,4,0.023902223512943223
5.57,1.9566278676921314e-06,78.36461287981392,0,60,3.0,4,0.020343832466209855
5.575,1.2553456560008793e-06,78.23178680825401,0,60,3.0,4,0.017218513135388573
5.58,7.990660428214668e-07,78.115908020864,0,60,3.0,4,0.014491953432094066
5.585,5.046221251618276e-07,78.01548442923266,0,60,3.0,4,0.012129045393709582
5.59,3.1616527078858815e-07,77.9290260383968,0,60,3.0,4,0.0100947303152188
5.595,1.9652884407760343e-07,77.85507505159521,0,60,3.0,4,0.008354707096357822
5.6,1.2120002189836396e-07,77.79223018604874,0,60,3.0,4,0.006876004377617432
5.605,7.415549848886236e-08,77.73916542629568,0,60,3.0,4,0.005627421795192584
5.61,4.501406988770349e-08,77.69464360077374,0,60,3.0,4,0.004579849429970462
5.615,0.0,77.65752528354044,0,60,3.0,4,0.0037064772597749894
5.62,0.0,77.62677359845337,0,60,3.0,4,0.002982908198902792
5.625,0.0,77.60145554165466,0,60,3.0,4,0.00238718921540373
5.63,0.0,77.58074044483718,0,60,3.0,4,0.0018997751726394254
5.635,0.0,77.56389618220217,0,60,3.0,4,0.00150343958122756
5.64,0.0,77.55028368416444,0,60,3.0,4,0.001183145509751552
5.645,0.0,77.53935026650197,0,60,3.0,4,0.0009258886235757553
5.65,0.0,77.53062222013041,0,60,3.0,4,0.0007205228265979044
5.655,0.0,77.52369703872787,0,60,3.0,4,0.0005575773818323422
5.66,0.0,77.51823559299608,0,60,3.0,4,0.0004290727763783011
5.665,0.0,77.51395449456273,0,60,3.0,4,0.00032834104853470626
5.67,0.0,77.5106188317357,0,60,3.0,4,0.00024985486436936724
5.675,0.0,77.5080354050833,0,60,3.0,4,0.00018906835490129731
5.68,0.0,77.50604654403189,0,60,3.0,4,0.0001422716242797485
5.685,0.0,77.50452454666993,0,60,3.0,4,0.00010645992164534298
5.69,0.0,77.5033667535964,0,60,3.0,4,7.921773167989908e-05
5.695,0.0,77.50249124248262,0,60,3.0,4,5.861747017928899e-05
5.7,0.0,77.50183311232645,0,60,3.0,4,4.313205474003927e-05
5.705,0.0,77.50134131432361,0,60,3.0,4,3.156033702613486e-05
5.71,0.0,77.50097597895923,0,60,3.0,4,2.296421080546572e-05
5.715,0.0,77.50070618543435,0,60,3.0,4,1.6616127867136504e-05
5.72,0.0,77.50050811903469,0,60,3.0,4,1.1955741992738588e-05
5.725,0.0,77.50036356375567,0,60,3.0,4,8.554441309878016e-06
5.73,0.0,77.5002586807467,0,60,3.0,4,6.086605804632521e-06
5.735,0.0,77.5001830273698,0,60,3.0,4,4.30652634824636e-06
5.74,0.0,77.50012877642952,0,60,3.0,4,3.030033635762747e-06
5.745,0.0,77.50009010007003,0,60,3.0,4,2.120001647654135e-06
5.75,0.0,77.50006268769272,0,60,3.0,4,1.475004534554233e-06
5.755,0.0,77.50004337184035,0,60,3.0,4,1.0205138905535826e-06
5.76,0.0,77.50002984020645,0,60,3.0,4,7.021225047430883e-07
5.765,0.001684486749771458,77.50002041569667,0,60,3.0,4,4.80369333351572e-07
5.77,0.003097557930867117,77.50001388976806,0,60,3.0,4,3.2681807189927736e-07
5.775,0.005475106668887023,77.5000093971074,0,60,3.0,4,2.2110840953192724e-07
5.78,0.00930222931468658,77.50000632210633,0,60,3.0,4,1.487554430589037e-07
5.785,0.01519157517868857,77.5000042295855,0,60,3.0,4,9.951965881448225e-08
5.79,0.023847336626128316,77.50000281385834,0,60,3.0,4,6.620843163652941e-08
5.795,0.0359830743700859,77.50000186155152,0,60,3.0,4,4.380121234081504e-08
5.8,0.05218887796857759,77.50000122466216,0,60,3.0,4,2.8815580154674963e-08
5.805,0.0727577001223134,77.50000080117233,0,60,3.0,4,1.885111373667314e-08
5.81,0.0974992498694751,77.50000052119951,0,60,3.0,4,1.2263517887464225e-08
5.815,0.12558706050443358,77.50000033717119,0,60,3.0,4,7.933439693421378e-09
5.82,0.15549263588878245,77.50000021690289,0,60,3.0,4,5.103597419185783e-09
5.825,0.1850529723539114,77.50000013875498,0,60,3.0,4,3.264823162145844e-09
5.83,0.21169159439317053,77.50000008826738,0,60,3.0,4,2.0768796355910393e-09
5.835,0.23277292922115492,77.50000005583678,0,60,3.0,4,1.313806558969458e-09
5.84,0.24602692519491282,77.5000000351244,0,60,3.0,4,8.264564980088514e-10
5.845,0.24995056064839283,77.5000000219718,0,60,3.0,4,5.169835383319022e-10
5.85,0.24408826520424054,77.50000001366756,0,60,3.0,4,3.215896359667086e-10
5.855,0.22911894216865275,77.50000000845444,0,60,3.0,4,1.9892789115307524e-10
5.86,0.20672661788705934,77.50000000520052,0,60,3.0,4,1.223651559164008e-10
5.865,0.17928878030241233,77.5000000031811,0,60,3.0,4,7.484940771759926e-11
5.87,0.14946211903866036,77.50000000193498,0,60,3.0,4,4.552890352309024e-11
5.875,0.1197651512573837,77.50000000117042,0,60,3.0,4,2.7539298945852995e-11
5.88,0.09224675744988023,77.500000000704,0,60,3.0,4,1.6564841002143702e-11
5.885,0.06829565320281596,77.5000000004211,0,60,3.0,4,9.90814228049096e-12
5.89,0.04860224607515734,77.50000000025047,0,60,3.0,4,5.893325043657301e-12
5.895,0.03324612389699793,77.50000000014815,0,60,3.0,4,3.4858390683760207e-12
5.9,0.021859876340472782,77.50000000008714,0,60,3.0,4,2.0503755556145573e-12
5.905,0.01381595518554205,77.50000000005096,0,60,3.0,4,1.1990617649109267e-12
5.91,0.008394095110402422,77.50000000002964,0,60,3.0,4,6.975021867273266e-13
5.915,0.0049052535271608,77.50000000001714,0,60,3.0,4,4.032539008596145e-13
5.92,0.0027671663551903634,77.50000000000986,0,60,3.0,4,2.3205489817294564e-13
5.925,0.0015425553464444616,77.50000000000564,0,60,3.0,4,1.3274610169259284e-13
5.93,0.0009638206637011801,77.50000000000321,0,60,3.0,4,7.556830977966242e-14
5.935,0.0009804935156568228,77.50000000000182,0,60,3.0,4,4.279975067166721e-14
5.94,0.0018793744894085216,77.50000000000102,0,60,3.0,4,2.4074859752812806e-14
5.945,0.004535525206900863,77.50000000000057,0,60,3.0,4,1.3374922084896003e-14
5.95,0.010832767979632273,77.50000000000031,0,60,3.0,4,7.356207146692803e-15
5.955,0.024208003392322392,77.50000000000017,0,60,3.0,4,4.012476625468801e-15
5.96,0.0500971897335304,77.5000000000001,0,60,3.0,4,2.3406113648568006e-15
5.965,0.09582894921774403,77.50000000000006,0,60,3.0,4,1.3374922084896003e-15
5.97,0.16937896721820658,77.50000000000003,0,60,3.0,4,6.687461042448002e-16
5.975,0.27661303008991756,77.50000000000001,0,60,3.0,4,3.343730521224001e-16
5.98,0.4173782800009149,77.50000000000001,0,60,3.0,4,3.343730521224001e-16
5.985,0.5818720934538056,77.5,0,60,3.0,4,0.0
5.99,0.7494718801585675,77.5,0,60,3.0,4,0.0
5.995,0.891813020752378,77.5,0,60,3.0,4,0.0
6.0,0.9800361632936612,77.5,0,60,3.0,4,0.0
6.005,0.993574479225126,77.50000249233909,1,60,3.0,4,5.864327276332701e-08
6.01,0.9263438449375362,77.50000393417172,0,60,3.0,4,9.256874624738617e-08
6.015,0.7873015962290536,77.5000063640856,0,60,3.0,4,1.4974319075169179e-07
6.02,0.5959516244629897,77.50001068889715,0,60,3.0,4,2.5150346232294397e-07
6.025,0.376910120078773,77.500018862235,0,60,3.0,5,4.438172940059731e-07
6.03,0.15739335672107918,77.50003517035837,0,60,3.0,5,8.275378440751357e-07
6.035,-0.033361226269301235,77.5000690217564,0,60,3.0,5,1.6240413271241457e-06
6.04,-0.1680180840843834,77.50014082332336,0,60,3.0,5,3.3134899614892407e-06
6.045,-0.23069703190837854,77.50029396273561,0,60,3.0,5,6.916770249678366e-06
6.05,-0.22587267821131068,77.5006184111326,0,60,3.0,5,1.4550850178974382e-05
6.055,-0.17718181630665902,77.50129555570794,0,60,3.0,5,3.0483663716254607e-05
6.06,-0.11494332516451301,77.50268018361174,0,60,3.0,5,6.30631438057475e-05
6.065,-0.061810214049552864,77.50544456390197,0,60,3.0,5,0.0001281073859288159
6.07,-0.026546104631500547,77.51082130963708,0,60,3.0,5,0.00025461905028424447
6.075,-0.00719600351942686,77.52099502457159,0,60,3.0,5,0.0004940005781550634
6.08,0.0022072757983807078,77.53970458895728,0,60,3.0,5,0.0009342256225241887
6.085,0.006917199873730717,77.57312250061958,0,60,3.0,5,0.0017205294263429576
6.09,0.01004859748264829,77.63106598202572,0,60,3.0,5,0.0030839054594286393
6.095,0.013037082251128167,77.72855510062294,0,60,3.0,5,0.005377767073480968
6.1,0.01645163937690478,77.88765436303515,0,60,3.0,5,0.009121279130238904
6.105,0.020526639934696615,78.13940920963522,0,60,3.0,5,0.015044922579652193
6.11,0.02539629541761738,78.52552201584362,0,60,3.0,5,0.02412992978455577
6.115,0.031171612185577933,79.09922671308908,0,60,3.0,5,0.03762886383739014
6.12,0.03795853426638131,79.9246635323784,0,60,3.0,5,0.05705090664419773
6.125,0.0458588961882057,81.07399391584457,0,60,3.0,5,0.08409397449046042
6.13,0.054966995891435555,82.6216083176575,0,60,3.0,5,0.12050843100370598
6.135,0.06536491004445595,84.63513056756528,0,60,3.0,5,0.16788542511918314
6.14,0.07711726085088699,87.16353032455919,0,60,3.0,5,0.22737718410727506
6.145,0.09026570629555215,90.22346244534107,0,60,3.0,5,0.29937558694920163
6.15,0.10482339848670268,93.78580951149479,0,60,3.0,5,0.3831955179175245
6.155,0.12076968927580028,97.76508286953606,0,60,3.0,5,0.4768254792832014
6.16,0.13804539501007884,102.01457924490444,0,60,3.0,5,0.5768136292918692
6.165,0.15654895051787066,106.32978301415727,0,60,3.0,5,0.6783478356272299
6.17,0.17613378141900526,110.46137267563913,0,60,3.0,5,0.7755617100150383
6.175,0.19660720058055794,114.13745816212113,0,60,3.0,5,0.8620578391087326
6.18,0.21773108748496234,117.09267748946532,0,60,3.0,5,0.9315924115168309
6.185,0.23922453870058807,119.09999799759018,0,60,3.0,5,0.9788234822962395
6.19,0.2607685857914563,120.0,0,60,3.0,5,1.0
6.195,0.2820129681603682,119.72243372512452,0,60,3.0,5,0.9934690288264593
6.2,0.30258482867153996,118.29603160172158,0,60,3.0,5,0.9599066259228607
6.205,0.3220990771751686,115.84470275181431,0,60,3.0,5,0.9022283000426896
6.21,0.3401700499968971,112.57083642722209,0,60,3.0,5,0.8251961512287551
6.215,0.3564239911198326,108.72886356162313,0,60,3.0,5,0.7347967896852501
6.22,0.3705118017738417,104.59389055380377,0,60,3.0,5,0.6375033071483241
6.225,0.3821214567925213,100.43076744786238,0,60,3.0,5,0.5395474693614678
6.23,0.39098947374066967,96.46833802487183,0,60,3.0,5,0.4463138358793371
6.235,0.3969108472035567,92.88209965938944,0,60,3.0,5,0.3619317566915162
6.24,0.3997469255491936,89.78653510091544,0,60,3.0,5,0.2890949435509516
6.245,0.3994308076379137,87.23647516247385,0,60,3.0,5,0.22909353323467888
6.25,0.3959699661768434,85.23542274613382,0,60,3.0,5,0.1820099469678546
6.255,0.38944595408114946,83.7480359009732,0,60,3.0,5,0.14701260943466368
6.26,0.38001120995358023,82.71393906157272,0,60,3.0,5,0.12268091909582862
6.265,0.3678831374098315,82.0605463396646,0,60,3.0,5,0.10730697269799053
6.27,0.35333577933796634,81.71339014822254,0,60,3.0,5,0.09913859172288339
6.275,0.33668953221163944,81.60330224871552,0,60,3.0,5,0.09654828820507111
6.28,0.3182994390982644,81.67050408627944,0,60,3.0,5,0.09812950791245732
6.285,0.29854265738230645,81.86613091207013,0,60,3.0,5,0.10273249204870902
6.29,0.2778057157821067,82.1519274595226,0,60,3.0,5,0.10945711669464933
6.295,0.2564721553719815,82.49885971724305,0,60,3.0,5,0.11762022864101294
6.3,0.23491109433464996,82.88526295110748,0,60,3.0,5,0.126712069437823
6.305,0.21346717185309805,83.29496538915102,0,60,3.0,5,0.13635212680355333
6.31,0.19245222055656455,83.7156469530013,0,60,3.0,5,0.146250516541207
6.315,0.17213889801761392,84.13754643739647,0,60,3.0,5,0.15617756323285803
6.32,0.15275638501270183,84.5525306173559,0,60,3.0,5,0.16594189687896232
6.325,0.13448814019607322,84.95348219733201,0,60,3.0,5,0.1753760517019296
6.33,0.11747159495449566,85.33394014028497,0,60,3.0,5,0.18432800330082272
6.335,0.10179958433370105,85.68792381231977,0,60,3.0,5,0.19265703087811215
6.34,0.08752324394101413,86.00988131489132,0,60,3.0,5,0.2002325015268545
6.345,0.07465606047174059,86.29471515826697,0,60,3.0,5,0.20693447431216394
6.35,0.0631787448609295,86.53785088067508,0,60,3.0,5,0.21265531483941366
6.355,0.05304460019959574,86.73532447507341,0,60,3.0,5,0.21730175235466853
6.36,0.044185078305849994,86.88387214505582,0,60,3.0,5,0.2207969916483722
6.365,0.03651525513023255,86.98101130529216,0,60,3.0,5,0.22308261894805073
6.37,0.0299390014708757,87.02510545252406,0,60,3.0,5,0.22412012829468375
6.375,0.024353677220580638,87.01540812527156,0,60,3.0,5,0.22389195588874267
6.38,0.01965423034339045,86.95208308020867,0,60,3.0,5,0.22240195482843922
6.385,0.015736632374757337,86.8361993292412,0,60,3.0,5,0.219675278335087
6.39,0.012500627640593535,86.66970096816668,0,60,3.0,5,0.215757669839216
6.395,0.009851811652115898,86.4553528615175,0,60,3.0,5,0.21071418497688227
6.4,0.007703084175428559,86.19666424964625,0,60,3.0,5,0.20462739410932346
6.405,0.005975544002062424,85.8977932043951,0,60,3.0,5,0.19759513422106117
6.41,0.004598905818663047,85.5634355576622,0,60,3.0,5,0.18972789547440477
6.415,0.0035115256454839104,85.19870244066831,0,60,3.0,5,0.1811459397804309
6.42,0.002660121266303676,84.80899088419606,0,60,3.0,5,0.1719762560987309
6.425,0.0019992692560877024,84.39985203416522,0,60,3.0,5,0.16234945962741695
6.43,0.0014907520044639367,83.97686143592856,0,60,3.0,5,0.15239673966890718
6.435,0.0011028178277539807,83.54549554860398,0,60,3.0,5,0.14224695408479954
6.44,0.0008094059938923333,83.11101819122497,0,60,3.0,5,0.13202395744058756
6.445,0.0005893771793717645,82.67838002700184,0,60,3.0,5,0.12184423592945497
6.45,0.0004257792353490551,82.25213349766712,0,60,3.0,5,0.11181490582746158
6.455,0.0003051686392901525,81.83636486694634,0,60,3.0,5,0.10203211451638447
6.46,0.00021699992642659966,81.43464426137449,0,60,3.0,5,0.09257986497351733
6.465,0.00015308884054097838,81.04999384673864,0,60,3.0,5,0.08352926698208575
6.47,0.00010714989329311098,80.68487358404445,0,60,3.0,5,0.07493820197751655
6.475,7.440535854020571e-05,80.34118339892207,0,60,3.0,5,0.06685137409228399
6.48,5.1260276743925106e-05,80.02028009462396,0,60,3.0,5,0.05930070810879897
6.485,3.503659887882241e-05,79.72300695535046,0,60,3.0,5,0.05230604600824603
6.49,2.375894748103639e-05,79.4497337299169,0,60,3.0,5,0.045876087762750595
6.495,1.5984413869232557e-05,79.20040455471387,0,60,3.0,5,0.040009518934444
6.5,1.0669166579899869e-05,78.97459136193396,0,60,3.0,5,0.0346962673396226
6.505,7.06526633560511e-06,78.77155041118107,0,60,3.0,5,0.02991883320426041
6.51,4.641847214699205e-06,78.59027976286526,0,60,3.0,5,0.025653641479182705
6.515,3.025641074479182e-06,78.42957576068818,0,60,3.0,5,0.0218723708397219
6.52,1.9566278676921314e-06,78.28808688740368,0,60,3.0,5,0.018543220880086572
6.525,1.2553456560008793e-06,78.16436368248169,0,60,3.0,5,0.015632086646628053
6.53,7.990660428214668e-07,78.05690374325727,0,60,3.0,5,0.013103617488406251
6.535,5.046221251618276e-07,77.9641911558218,0,60,3.0,5,0.010922144842865744
6.54,3.1616527078858815e-07,77.88473000441364,0,60,3.0,5,0.009052470692085656
6.545,1.9652884407760343e-07,77.8170718777431,0,60,3.0,5,0.007460514770425962
6.55,1.2120002189836396e-07,77.75983752025475,0,60,3.0,5,0.0061138240059940875
6.555,7.415549848886236e-08,77.71173296173248,0,60,3.0,5,0.004981952040764233
6.56,4.501406988770349e-08,77.67156059876946,0,60,3.0,5,0.004036719971046121
6.565,0.0,77.63822579784403,0,60,3.0,5,0.003252371713977161
6.57,0.0,77.61073964544266,0,60,3.0,5,0.0026056387162979636
6.575,0.0,77.5882184906858,0,60,3.0,5,0.002075729192607161
6.58,0.0,77.56988091599175,0,60,3.0,5,0.0016442568468646105
6.585,0.0,77.55504273763573,0,60,3.0,5,0.0012951232384877773
6.59,0.0,77.54311058680572,0,60,3.0,5,0.0010143667483699867
6.595,0.0,77.53357455876296,0,60,3.0,5,0.0007899896179521072
6.6,0.0,77.52600034823041,0,60,3.0,5,0.0006117728995390922
6.605,0.0,77.52002121764062,0,60,3.0,5,0.00047108747389690026
6.61,0.0,77.51533007501172,0,60,3.0,5,0.00036070764733454674
6.615,0.0,77.51167187275792,0,60,3.0,5,0.0002746323001862466
6.62,0.0,77.50883647961976,0,60,3.0,5,0.00020791716752375364
6.625,0.0,77.50665212631242,0,60,3.0,5,0.00015652061911570106
6.63,0.0,77.50497948198337,0,60,3.0,5,0.00011716428196163018
6.635,0.0,77.50370638316724,0,60,3.0,5,8.720901569979426e-05
6.64,0.0,77.50274320924372,0,60,3.0,5,6.454609985218989e-05
6.645,0.0,77.50201887777688,0,60,3.0,5,4.7503006514743364e-05
6.65,0.0,77.50147741869665,0,60,3.0,5,3.476279286239921e-05
6.655,0.0,77.50107507713466,0,60,3.0,5,2.529593258018662e-05
6.66,0.0,77.50077788989661,0,60,3.0,5,1.830329168496171e-05
6.665,0.0,77.50055967912361,0,60,3.0,5,1.3168920555565766e-05
6.67,0.0,77.50040040782481,0,60,3.0,5,9.421360583834992e-06
6.675,0.0,77.5002848449179,0,60,3.0,5,6.70223336234866e-06
6.68,0.0,77.5002014915631,0,60,3.0,5,4.740977955380539e-06
6.685,0.0,77.50014172541191,0,60,3.0,5,3.334715574296484e-06
6.69,0.0,77.50009912451172,0,60,3.0,5,2.3323414522484895e-06
6.695,0.0,77.50006893771202,0,60,3.0,5,1.6220638121253347e-06
6.7,0.0,77.50004767329185,0,60,3.0,5,1.121724514017414e-06
6.705,0.0,77.50003278203336,0,60,3.0,5,7.713419613671302e-07
6.71,0.001684486749771458,77.50002241501873,0,60,3.0,5,5.274122054957201e-07
6.715,0.003097557930867117,77.50001523999399,0,60,3.0,5,3.5858809376483857e-07
6.72,0.005475106668887023,77.5000103032196,0,60,3.0,5,2.4242869639077554e-07
6.725,0.00930222931468658,77.50000692633651,0,60,3.0,5,1.6297262377787882e-07
6.73,0.01519157517868857,77.50000462995416,0,60,3.0,5,1.0894009793606956e-07
6.735,0.023847336626128316,77.50000307745893,0,60,3.0,5,7.241079829862642e-08
6.74,0.0359830743700859,77.500002033997,0,60,3.0,5,4.785875309126448e-08
6.745,0.05218887796857759,77.50000133675195,0,60,3.0,5,3.145298705931055e-08
6.75,0.0727577001223134,77.50000087356216,0,60,3.0,5,2.055440371109666e-08
6.755,0.0974992498694751,77.50000056764821,0,60,3.0,5,1.3356428580129217e-08
6.76,0.12558706050443358,77.50000036678132,0,60,3.0,5,8.63014874726907e-09
6.765,0.15549263588878245,77.50000023565552,0,60,3.0,5,5.5448357643934505e-09
6.77,0.1850529723539114,77.50000015055338,0,60,3.0,5,3.5424323761938413e-09
6.775,0.21169159439317053,77.50000009564138,0,60,3.0,5,2.2503854779643005e-09
6.78,0.23277292922115492,77.50000006041483,0,60,3.0,5,1.4215255064567934e-09
6.785,0.24602692519491282,77.50000003794757,0,60,3.0,5,8.928840516626438e-10
6.79,0.24995056064839283,77.500000023701,0,60,3.0,5,5.576707200602601e-10
6.795,0.24408826520424054,77.50000001471946,0,60,3.0,5,3.463402636578608e-10
6.8,0.22911894216865275,77.50000000908992,0,60,3.0,5,2.1388038529788472e-10
6.805,0.20672661788705934,77.50000000558174,0,60,3.0,5,1.313350474126363e-10
6.81,0.17928878030241233,77.50000000340818,0,60,3.0,5,8.019235471746309e-11
6.815,0.14946211903866036,77.50000000206927,0,60,3.0,5,4.868872886564692e-11
6.82,0.1197651512573837,77.50000000124926,0,60,3.0,5,2.939440063902807e-11
6.825,0.09224675744988023,77.50000000074995,0,60,3.0,5,1.764586907965542e-11
6.83,0.06829565320281596,77.50000000044767,0,60,3.0,5,1.0533419887959848e-11
6.835,0.04860224607515734,77.50000000026571,0,60,3.0,5,6.252107328584637e-12
6.84,0.03324612389699793,77.50000000015683,0,60,3.0,5,3.6901410032228076e-12
6.845,0.021859876340472782,77.50000000009204,0,60,3.0,5,2.1657342585967854e-12
6.85,0.01381595518554205,77.50000000005372,0,60,3.0,5,1.2639301370226723e-12
6.855,0.008394095110402422,77.50000000003116,0,60,3.0,5,7.332801033044234e-13
6.86,0.0049052535271608,77.50000000001798,0,60,3.0,5,4.229819109348361e-13
6.865,0.0027671663551903634,77.50000000001032,0,60,3.0,5,2.4275483584086246e-13
6.87,0.0015425553464444616,77.50000000000588,0,60,3.0,5,1.3843044357867362e-13
6.875,0.0009638206637011801,77.50000000000334,0,60,3.0,5,7.857766724876402e-14
6.88,0.0009804935156568228,77.50000000000189,0,60,3.0,5,4.447161593227921e-14
6.885,0.0018793744894085216,77.50000000000105,0,60,3.0,5,2.4743605857057607e-14
6.89,0.004535525206900863,77.50000000000058,0,60,3.0,5,1.3709295137018404e-14
6.895,0.010832767979632273,77.50000000000033,0,60,3.0,5,7.690580198815202e-15
6.9,0.024208003392322392,77.50000000000018,0,60,3.0,5,4.3468496775912015e-15
6.905,0.0500971897335304,77.5000000000001,0,60,3.0,5,2.3406113648568006e-15
6.91,0.09582894921774403,77.50000000000006,0,60,3.0,5,1.3374922084896003e-15
6.915,0.16937896721820658,77.50000000000003,0,60,3.0,5,6.687461042448002e-16
6.92,0.27661303008991756,77.50000000000001,0,60,3.0,5,3.343730521224001e-16
6.925,0.4173782800009149,77.50000000000001,0,60,3.0,5,3.343730521224001e-16
6.93,0.5818720934538056,77.5,0,60,3.0,5,0.0
6.935,0.7494718801585675,77.5,0,60,3.0,5,0.0
6.94,0.891813020752378,77.5,0,60,3.0,5,0.0
6.945,0.9800361632936612,77.5,0,60,3.0,5,0.0
6.95,0.993574479225126,77.50000249065474,1,60,3.0,5,5.860364086295115e-08
6.955,0.9263438449375362,77.50000381481783,0,60,3.0,5,8.976041954156244e-08
6.96,0.7873015962290536,77.50000596523532,0,60,3.0,5,1.4035847805323155e-07
6.965,0.5959516244629897,77.50000962503476,0,60,3.0,5,2.2647140620874244e-07
6.97,0.376910120078773,77.50001618917643,0,60,3.0,5,3.809217984700594e-07
6.975,0.15739335672107918,77.5000285614158,0,60,3.0,5,6.720333130140395e-07
6.98,-0.033361226269301235,77.50005280883279,0,60,3.0,5,1.2425607715559796e-06
6.985,-0.1680180840843834,77.50010151190543,0,60,3.0,5,2.388515421818524e-06
6.99,-0.23069703190837854,77.50020036214238,0,60,3.0,5,4.714403350108649e-06
6.995,-0.22587267821131068,77.50040077561245,0,60,3.0,5,9.430014410541202e-06
7.0,-0.17718181630665902,77.50080326727193,0,60,3.0,5,1.8900406398442475e-05
7.005,-0.11494332516451301,77.50159937912407,0,60,3.0,5,3.763244997819182e-05
7.01,-0.061810214049552864,77.50314438198903,0,60,3.0,5,7.398545856544308e-05
7.015,-0.026546104631500547,77.5060789517361,0,60,3.0,5,0.00014303415849647481
7.02,-0.00719600351942686,77.5115253796782,0,60,3.0,5,0.00027118540419304043
7.025,0.0022072757983807078,77.5213917627598,0,60,3.0,5,0.0005033355943483537
7.03,0.006917199873730717,77.53882411894206,0,60,3.0,5,0.0009135086809896406
7.035,0.01004859748264829,77.56884815932884,0,60,3.0,5,0.0016199566900902884
7.04,0.013037082251128167,77.6192346558676,0,60,3.0,5,0.002805521314531782
7.045,0.01645163937690478,77.70159894500465,0,60,3.0,5,0.004743504588344649
7.05,0.020526639934696615,77.83270008287926,0,60,3.0,5,0.007828237244217797
7.055,0.02539629541761738,78.03583465142736,0,60,3.0,5,0.012607874151232115
7.06,0.031171612185577933,78.34212553437393,0,60,3.0,5,0.019814718455857288
7.065,0.03795853426638131,78.79139701937089,0,60,3.0,5,0.030385812220491543
7.07,0.0458588961882057,79.43222533468237,0,60,3.0,5,0.045464125521938153
7.075,0.054966995891435555,80.32069048739088,0,60,3.0,5,0.06636918793860887
7.08,0.06536491004445595,81.5173707975343,0,60,3.0,5,0.09452637170668936
7.085,0.07711726085088699,83.08225427174436,0,60,3.0,5,0.13134715933516145
7.09,0.09026570629555215,85.06751487992965,0,60,3.0,5,0.17805917364540344
7.095,0.10482339848670268,87.50851138218808,0,60,3.0,5,0.23549438546324883
7.1,0.12076968927580028,90.41386466435996,0,60,3.0,5,0.3038556391614109
7.105,0.13804539501007884,93.75596504105044,0,60,3.0,5,0.38249329508353985
7.11,0.15654895051787066,97.4636280918179,0,60,3.0,5,0.4697324256898328
7.115,0.17613378141900526,101.41872257270964,0,60,3.0,5,0.5627934722990504
7.12,0.19660720058055794,105.45833242352343,0,60,3.0,5,0.6578431158476101
7.125,0.21773108748496234,109.38335163215552,0,60,3.0,5,0.7501965089918947
7.13,0.23922453870058807,112.9734084393601,0,60,3.0,5,0.8346684338672965
7.135,0.2607685857914563,116.00683982528938,0,60,3.0,5,0.9060432900068088
7.14,0.2820129681603682,118.28333120453613,0,60,3.0,5,0.9596077930479089
7.145,0.30258482867153996,119.646064803065,0,60,3.0,5,0.9916721130132942
7.15,0.3220990771751686,120.0,0,60,3.0,5,1.0
7.155,0.3401700499968971,119.32334270778719,0,60,3.0,5,0.9840786519479339
7.16,0.3564239911198326,117.6702984466819,0,60,3.0,5,0.9451834928631034
7.165,0.3705118017738417,115.1646448291192,0,60,3.0,5,0.8862269371557459
7.17,0.3821214567925213,111.9851997850634,0,60,3.0,5,0.8114164655309035
7.175,0.39098947374066967,108.34557221481842,0,60,3.0,5,0.7257781697604334
7.18,0.3969108472035567,104.47139174943496,0,60,3.0,5,0.634620982339646
7.185,0.3997469255491936,100.57838099842344,0,60,3.0,5,0.5430207293746692
7.19,0.3994308076379137,96.85417087272945,0,60,3.0,5,0.45539225582892834
7.195,0.3959699661768434,93.44582268957237,0,60,3.0,5,0.37519582798993806
7.2,0.38944595408114946,90.45385471397468,0,60,3.0,5,0.30479658150528655
7.205,0.38001120995358023,87.93243962502166,0,60,3.0,5,0.24546916764756843
7.21,0.3678831374098315,85.89455992933536,0,60,3.0,5,0.19751905716083196
7.215,0.35333577933796634,84.32040601189054,0,60,3.0,5,0.160480141456248
7.22,0.33668953221163944,83.16719725117376,0,60,3.0,5,0.13334581767467674
7.225,0.3182994390982644,82.37883285219493,0,60,3.0,5,0.114796067110469
7.23,0.29854265738230645,81.89421459224894,0,60,3.0,6,0.10339328452350455
7.235,0.2778057157821067,81.65359406235096,0,60,3.0,6,0.09773162499649321
7.24,0.2564721553719815,81.60276811068044,0,60,3.0,6,0.09653572025130455
7.245,0.23491109433464996,81.6953041114732,0,60,3.0,6,0.0987130379170166
7.25,0.21346717185309805,81.89319219750705,0,60,3.0,6,0.10336922817663642
7.255,0.19245222055656455,82.16640283127366,0,60,3.0,6,0.10979771367702724
7.26,0.17213889801761392,82.49180664386697,0,60,3.0,6,0.11745427397334036
7.265,0.15275638501270183,82.85182970057085,0,60,3.0,6,0.12592540471931402
7.27,0.13448814019607322,83.23310877819486,0,60,3.0,6,0.13489667713399672
7.275,0.11747159495449566,83.62530580186197,0,60,3.0,6,0.14412484239675222
7.28,0.10179958433370105,84.02015461343919,0,60,3.0,6,0.15341540266915737
7.285,0.08752324394101413,84.41075278688982,0,60,3.0,6,0.1626059479268192
7.29,0.07465606047174059,84.79107511020709,0,60,3.0,6,0.17155470847546092
7.295,0.0631787448609295,85.15566858139451,0,60,3.0,6,0.18013337838575313
7.3,0.05304460019959574,85.49948511358731,0,60,3.0,6,0.18822317914323086
7.305,0.044185078305849994,85.81781198508382,0,60,3.0,6,0.19571322317844286
7.31,0.03651525513023255,86.1062671685372,0,60,3.0,6,0.2025004039655812
7.315,0.0299390014708757,86.36083432317702,0,60,3.0,6,0.20849021936887097
7.32,0.024353677220580638,86.57791901100559,0,60,3.0,6,0.21359809437660213
7.325,0.01965423034339045,86.75441307651025,0,60,3.0,6,0.21775089591788815
7.33,0.015736632374757337,86.88775811124916,0,60,3.0,6,0.22088842614703896
7.335,0.012500627640593535,86.97600175641713,0,60,3.0,6,0.2229647472098149
7.34,0.009851811652115898,87.017842589161,0,60,3.0,6,0.2239492373920237
7.345,0.007703084175428559,87.012660771883,0,60,3.0,6,0.22382731227960015
7.35,0.005975544002062424,86.96053273007563,0,60,3.0,6,0.22260077011942653
7.355,0.004598905818663047,86.86222900437889,0,60,3.0,6,0.2202877412795033
7.36,0.0035115256454839104,86.719195178689,0,60,3.0,6,0.21692223949856484
7.365,0.002660121266303676,86.53351645798008,0,60,3.0,6,0.21255332842306082
7.37,0.0019992692560877024,86.30786706938648,0,60,3.0,6,0.20724393104438765
7.375,0.0014907520044639367,86.04544618487417,0,60,3.0,6,0.2010693219970392
7.38,0.0011028178277539807,85.74990250322291,0,60,3.0,6,0.19411535301700972
7.385,0.0008094059938923333,85.42524997119911,0,60,3.0,6,0.18647646991056724
7.39,0.0005893771793717645,85.0757773587906,0,60,3.0,6,0.17825358491272006
7.395,0.0004257792353490551,84.70595452519278,0,60,3.0,6,0.1695518711810066
7.4,0.0003051686392901525,84.32033821979824,0,60,3.0,6,0.160478546348194
7.405,0.00021699992642659966,83.92348015988665,0,60,3.0,6,0.1511407096443918
7.41,0.00015308884054097838,83.51983992315786,0,60,3.0,6,0.1416432923095967
7.415,0.00010714989329311098,83.11370490220835,0,60,3.0,6,0.13208717416960833
7.42,7.440535854020571e-05,82.70911920653026,0,60,3.0,6,0.12256751074188849
7.425,5.1260276743925106e-05,82.30982298507394,0,60,3.0,6,0.11317230553115143
7.43,3.503659887882241e-05,81.91920319962112,0,60,3.0,6,0.10398125175579112
7.435,2.375894748103639e-05,81.5402564270607,0,60,3.0,6,0.09506485710731052
7.44,1.5984413869232557e-05,81.1755638270808,0,60,3.0,6,0.0864838547548422
7.445,1.0669166579899869e-05,80.82727799879292,0,60,3.0,6,0.07828889408924523
7.45,7.06526633560511e-06,80.49712108066727,0,60,3.0,6,0.07052049601570047
7.455,4.641847214699205e-06,80.18639313486506,0,60,3.0,6,0.06320925023211899
7.46,3.025641074479182e-06,79.89598960793784,0,60,3.0,6,0.05637622606912554
7.465,1.9566278676921314e-06,79.6264264795071,0,60,3.0,6,0.050033564223696536
7.47,1.2553456560008793e-06,79.37787159987418,0,60,3.0,6,0.04418521411468666
7.475,7.990660428214668e-07,79.15018067413585,0,60,3.0,6,0.03882778056790244
7.48,5.046221251618276e-07,78.94293636900822,0,60,3.0,6,0.03395144397666406
7.485,3.1616527078858815e-07,78.75548909159917,0,60,3.0,6,0.029540919802333494
7.49,1.9652884407760343e-07,78.58699810755667,0,60,3.0,6,0.025576426060156872
7.495,1.2120002189836396e-07,78.43647181909245,0,60,3.0,6,0.022034631037469325
7.5,7.415549848886236e-08,78.30280620070539,0,60,3.0,6,0.018889557663656246
7.505,4.501406988770349e-08,78.18482058158935,0,60,3.0,6,0.01611342544916116
7.51,0.0,78.08129015900583,0,60,3.0,6,0.01367741550601957
7.515,0.0,77.99097481773615,0,60,3.0,6,0.011552348652615178
7.52,0.0,77.91264400989799,0,60,3.0,6,0.00970927082112914
7.525,0.0,77.84509761126496,0,60,3.0,6,0.008119943794469679
7.53,0.0,77.7871828107303,0,60,3.0,6,0.00675724260541883
7.535,0.0,77.73780720624384,0,60,3.0,6,0.005595463676325728
7.54,0.0,77.69594837242065,0,60,3.0,6,0.004610549939309294
7.545,0.0,77.66066023234221,0,60,3.0,6,0.0037802407609931646
7.55,0.0,77.63107661018051,0,60,3.0,6,0.00308415553365916
7.555,0.0,77.60641236432045,0,60,3.0,6,0.0025038203369517225
7.56,0.0,77.58596250536276,0,60,3.0,6,0.002022647185006075
7.565,0.0,77.56909969282334,0,60,3.0,6,0.0016258751252551332
7.57,0.0,77.55527048169948,0,60,3.0,6,0.0013004819223407166
7.575,0.0,77.54399065849753,0,60,3.0,6,0.0010350743175890516
7.58,0.0,77.53483996875943,0,60,3.0,6,0.0008197639708100724
7.585,0.0,77.52745649724005,0,60,3.0,6,0.0006460352291777086
7.59,0.0,77.52153091995265,0,60,3.0,6,0.000506609881238894
7.595,0.0,77.51680080618708,0,60,3.0,6,0.00039531308675477437
7.6,0.0,77.51304510977057,0,60,3.0,6,0.0003069437593076012
7.605,0.0,77.51007895333593,0,60,3.0,6,0.00023715184319846283
7.61,0.0,77.50774877787383,0,60,3.0,6,0.00018232418526655932
7.615,0.0,77.50592790273667,0,60,3.0,6,0.00013948006439230032
7.62,0.0,77.50451251862505,0,60,3.0,6,0.00010617690882467662
7.625,0.0,77.50341811780184,0,60,3.0,6,8.042630121983219e-05
7.63,0.0,77.50257635156204,0,60,3.0,6,6.062003675390984e-05
7.635,0.0,77.50193229444417,0,60,3.0,6,4.5465751627622974e-05
7.64,0.0,77.50144208734422,0,60,3.0,6,3.3931466922735235e-05
7.645,0.0,77.5010709270944,0,60,3.0,6,2.519828457419702e-05
7.65,0.0,77.50079136771336,0,60,3.0,6,1.862041678497703e-05
7.655,0.0,77.50058189795325,0,60,3.0,6,1.3691716547140567e-05
7.66,0.0,77.50042576054396,0,60,3.0,6,1.0017895152045373e-05
7.665,0.0,77.5003099802863,0,60,3.0,6,7.293653795373115e-06
7.67,0.0,77.50022457055825,0,60,3.0,6,5.284013135183962e-06
7.675,0.0,77.5001618906037,0,60,3.0,6,3.809190675450308e-06
7.68,0.0,77.5001161289628,0,60,3.0,6,2.7324461835659724e-06
7.685,0.0,77.50008289141098,0,60,3.0,6,1.950386140780371e-06
7.69,0.0,77.5000588746852,0,60,3.0,6,1.3852867104614074e-06
7.695,0.0,77.50004161000271,0,60,3.0,6,9.7905888731689e-07
7.7,0.0,77.50002926287357,0,60,3.0,6,6.885382015966838e-07
7.705,0.0,77.50002047794057,0,60,3.0,6,4.818338956791943e-07
7.71,0.0,77.50001425954493,0,60,3.0,6,3.3551870414532246e-07
7.715,0.0,77.50000988041381,0,60,3.0,6,2.3248032501963763e-07
7.72,0.001684486749771458,77.5000068123144,0,60,3.0,6,1.6028975049748088e-07
7.725,0.003097557930867117,77.50000467373745,0,60,3.0,6,1.0997029295033237e-07
7.73,0.005475106668887023,77.50000319068567,0,60,3.0,6,7.507495705367012e-08
7.735,0.00930222931468658,77.50000216747358,0,60,3.0,6,5.099937839879524e-08
7.74,0.01519157517868857,77.50000146512164,0,60,3.0,6,3.447345039496534e-08
7.745,0.023847336626128316,77.50000098547052,0,60,3.0,6,2.318754167497579e-08
7.75,0.0359830743700859,77.50000065957421,0,60,3.0,6,1.5519393226735273e-08
7.755,0.05218887796857759,77.50000043927226,0,60,3.0,6,1.0335817785958438e-08
7.76,0.0727577001223134,77.50000029110788,0,60,3.0,6,6.849597197929945e-09
7.765,0.0974992498694751,77.50000019196597,0,60,3.0,6,4.516846274782438e-09
7.77,0.12558706050443358,77.50000012596347,0,60,3.0,6,2.963846287350273e-09
7.775,0.15549263588878245,77.50000008224605,0,60,3.0,6,1.9352010921840486e-09
7.78,0.1850529723539114,77.5000000534362,0,60,3.0,6,1.2573222567666295e-09
7.785,0.21169159439317053,77.50000003454666,0,60,3.0,6,8.128625615748152e-10
7.79,0.23277292922115492,77.50000002222423,0,60,3.0,6,5.229230068567524e-10
7.795,0.24602692519491282,77.50000001422649,0,60,3.0,6,3.3474086247973474e-10
7.8,0.24995056064839283,77.50000000906188,0,60,3.0,6,2.1322066726604723e-10
7.805,0.24408826520424054,77.50000000574367,0,60,3.0,6,1.3514522834157106e-10
7.81,0.22911894216865275,77.50000000362252,0,60,3.0,6,8.523570346262525e-11
7.815,0.20672661788705934,77.50000000227342,0,60,3.0,6,5.349233213243732e-11
7.82,0.17928878030241233,77.50000000141972,0,60,3.0,6,3.3405205399236256e-11
7.825,0.14946211903866036,77.50000000088221,0,60,3.0,6,2.0757879075758598e-11
7.83,0.1197651512573837,77.5000000005455,0,60,3.0,6,1.283524397877045e-11
7.835,0.09224675744988023,77.50000000033563,0,60,3.0,6,7.897222745026846e-12
7.84,0.06829565320281596,77.50000000020549,0,60,3.0,6,4.8350343336899055e-12
7.845,0.04860224607515734,77.50000000012518,0,60,3.0,6,2.9454922161462225e-12
7.85,0.03324612389699793,77.50000000007589,0,60,3.0,6,1.7855520983336164e-12
7.855,0.021859876340472782,77.50000000004577,0,60,3.0,6,1.0770156008862506e-12
7.86,0.01381595518554205,77.50000000002747,0,60,3.0,6,6.463431097525994e-13
7.865,0.008394095110402422,77.50000000001641,0,60,3.0,6,3.862008752013721e-13
7.87,0.0049052535271608,77.50000000000975,0,60,3.0,6,2.2937991375596645e-13
7.875,0.0027671663551903634,77.50000000000577,0,60,3.0,6,1.3575545916169443e-13
7.88,0.0015425553464444616,77.5000000000034,0,60,3.0,6,7.991515945725361e-14
7.885,0.0009638206637011801,77.50000000000199,0,60,3.0,6,4.681222729713601e-14
7.89,0.0009804935156568228,77.50000000000115,0,60,3.0,6,2.7084217221914406e-14
7.895,0.0018793744894085216,77.50000000000067,0,60,3.0,6,1.5715533449752805e-14
7.9,0.004535525206900863,77.50000000000038,0,60,3.0,6,9.028072407304802e-15
7.905,0.010832767979632273,77.50000000000023,0,60,3.0,6,5.349968833958401e-15
7.91,0.024208003392322392,77.50000000000013,0,60,3.0,6,3.0093574691016007e-15
7.915,0.0500971897335304,77.50000000000007,0,60,3.0,6,1.6718652606120004e-15
7.92,0.09582894921774403,77.50000000000004,0,60,3.0,6,1.0031191563672002e-15
7.925,0.16937896721820658,77.50000000000003,0,60,3.0,6,6.687461042448002e-16
7.93,0.27661303008991756,77.50000000000001,0,60,3.0,6,3.343730521224001e-16
7.935,0.4173782800009149,77.5,0,60,3.0,6,0.0
7.94,0.5818720934538056,77.5,0,60,3.0,6,0.0
7.945,0.7494718801585675,77.5,0,60,3.0,6,0.0
7.95,0.891813020752378,77.5,0,60,3.0,6,0.0
7.955,0.9800361632936612,77.5,0,60,3.0,6,0.0
7.96,0.993574479225126,77.50000248989487,1,60,3.0,6,5.858576160148111e-08
7.965,0.9263438449375362,77.50000366023346,0,60,3.0,6,8.612314024289576e-08
7.97,0.7873015962290536,77.50000546845324,0,60,3.0,6,1.2866948796887728e-07
7.975,0.5959516244629897,77.50000836848511,0,60,3.0,6,1.969055320467519e-07
7.98,0.376910120078773,77.50001322195898,0,60,3.0,6,3.111049171794173e-07
7.985,0.15739335672107918,77.50002169664451,0,60,3.0,6,5.105092825755599e-07
7.99,-0.033361226269301235,77.50003704388955,0,60,3.0,6,8.716209305582785e-07
7.995,-0.1680180840843834,77.50006558633179,0,60,3.0,6,1.543207806729269e-06
8.0,-0.23069703190837854,77.50011950323918,0,60,3.0,6,2.8118409217955452e-06
8.005,-0.22587267821131068,77.50022192393936,0,60,3.0,6,5.221739749739594e-06
8.01,-0.17718181630665902,77.50041601348998,0,60,3.0,6,9.788552705458643e-06
8.015,-0.11494332516451301,77.50078076517237,0,60,3.0,6,1.8370945232123525e-05
8.02,-0.061810214049552864,77.50145772175667,0,60,3.0,6,3.429933545094975e-05
8.025,-0.026546104631500547,77.50269494313523,0,60,3.0,6,6.341042671117654e-05
8.03,-0.00719600351942686,77.50491728014761,0,60,3.0,6,0.00011570070935550468
8.035,0.0022072757983807078,77.50883533696205,0,60,3.0,6,0.0002078902814600149
8.04,0.006917199873730717,77.51560911636496,0,60,3.0,6,0.00036727332623426637
8.045,0.01004859748264829,77.52708560815174,0,60,3.0,6,0.0006373084270996836
8.05,0.013037082251128167,77.54613140433709,0,60,3.0,6,0.0010854448079315074
8.055,0.01645163937690478,77.57708018225189,0,60,3.0,6,0.001813651347103306
8.06,0.020526639934696615,77.62630848269157,0,60,3.0,6,0.00297196429862518
8.065,0.02539629541761738,77.70293927511317,0,60,3.0,6,0.004775041767368628
8.07,0.031171612185577933,77.81964924349728,0,60,3.0,6,0.00752115867052426
8.075,0.03795853426638131,77.9935214650128,0,60,3.0,6,0.011612269765007167
8.08,0.0458588961882057,78.24684112688885,0,60,3.0,6,0.01757273239738478
8.085,0.054966995891435555,78.60768212874535,0,60,3.0,6,0.026063108911655357
8.09,0.06536491004445595,79.11008466717684,0,60,3.0,6,0.03788434511004318
8.095,0.07711726085088699,79.79358992911443,0,60,3.0,6,0.05396682186151606
8.1,0.09026570629555215,80.70189246182669,0,60,3.0,6,0.07533864616062795
8.105,0.10482339848670268,81.88040877202235,0,60,3.0,6,0.1030684416946435
8.11,0.12076968927580028,83.37265411947614,0,60,3.0,6,0.1381800969288503
8.115,0.13804539501007884,85.21547235953663,0,60,3.0,6,0.18154052610674432
8.12,0.15654895051787066,87.43336784903904,0,60,3.0,6,0.23372630233033045
8.125,0.17613378141900526,90.03242057836711,0,60,3.0,6,0.2948804841968731
8.13,0.19660720058055794,92.99448771307436,0,60,3.0,6,0.36457618148410265
8.135,0.21773108748496234,96.27255806319349,0,60,3.0,6,0.44170724854572907
8.14,0.23922453870058807,99.78818032291319,0,60,3.0,6,0.5244277723038399
8.145,0.2607685857914563,103.43179095917793,0,60,3.0,6,0.6101597872747748
8.15,0.2820129681603682,107.06650561115117,0,60,3.0,6,0.6956824849682629
8.155,0.30258482867153996,110.53552329807434,0,60,3.0,6,0.7773064305429256
8.16,0.3220990771751686,113.67277602565855,0,60,3.0,6,0.8511241417802011
8.165,0.3401700499968971,116.31591899478445,0,60,3.0,6,0.9133157410537519
8.17,0.3564239911198326,118.32029744835961,0,60,3.0,6,0.9604775870202261
8.175,0.3705118017738417,119.57224138175451,0,60,3.0,6,0.9899350913354003
8.18,0.3821214567925213,120.0,0,60,3.0,6,1.0
8.185,0.39098947374066967,119.58086136497079,0,60,3.0,6,0.9901379144699008
8.19,0.3969108472035567,118.34348318481779,0,60,3.0,6,0.9610231337604185
8.195,0.3997469255491936,116.36511131941808,0,60,3.0,6,0.9144732075157195
8.2,0.3994308076379137,113.7640703966812,0,60,3.0,6,0.853272244627793
8.205,0.3959699661768434,110.6885507555106,0,60,3.0,6,0.7809070766002495
8.21,0.38944595408114946,107.30317715420753,0,60,3.0,6,0.7012512271578243
8.215,0.38001120995358023,103.77505451980866,0,60,3.0,6,0.6182365769366744
8.22,0.3678831374098315,100.26092329622625,0,60,3.0,6,0.5355511363817942
8.225,0.35333577933796634,96.8967535039716,0,60,3.0,6,0.45639420009344933
8.23,0.33668953221163944,93.79063660475094,0,60,3.0,6,0.38330909658237516
8.235,0.3182994390982644,91.01929495158602,0,60,3.0,6,0.3181010576843769
8.24,0.29854265738230645,88.62801810042822,0,60,3.0,6,0.26183572001007577
8.245,0.2778057157821067,86.63343271725839,0,60,3.0,6,0.2149042992296091
8.25,0.2564721553719815,85.0282655394497,0,60,3.0,6,0.17713565975175777
8.255,0.23491109433464996,83.7871782473486,0,60,3.0,6,0.1479336058199672
8.26,0.21346717185309805,82.87281896663133,0,60,3.0,6,0.12641926980309007
8.265,0.19245222055656455,82.24140577485969,0,60,3.0,6,0.1115624888202279
8.27,0.17213889801761392,81.84738241191191,0,60,3.0,6,0.1022913508685155
8.275,0.15275638501270183,81.64691746058449,0,60,3.0,6,0.09757452848434094
8.28,0.13448814019607322,81.60021864528429,0,60,3.0,6,0.0964757328302185
8.285,0.11747159495449566,81.67278167832949,0,60,3.0,6,0.09818309831363495
8.29,0.10179958433370105,81.83578128333527,0,60,3.0,6,0.10201838313730036
8.295,0.08752324394101413,82.06584556810466,0,60,3.0,6,0.10743166042599207
8.3,0.07465606047174059,82.34444615333386,0,60,3.0,6,0.11398696831373795
8.305,0.0631787448609295,82.65710060938018,0,60,3.0,6,0.12134354375012188
8.31,0.05304460019959574,82.99253526478697,0,60,3.0,6,0.12923612387734038
8.315,0.044185078305849994,83.34190674059624,0,60,3.0,6,0.13745662919049986
8.32,0.03651525513023255,83.69813710409217,0,60,3.0,6,0.1458385200962863
8.325,0.0299390014708757,84.05538401751794,0,60,3.0,6,0.15424432982395148
8.33,0.024353677220580638,84.40864440544523,0,60,3.0,6,0.16255633895165247
8.335,0.01965423034339045,84.75347677867988,0,60,3.0,6,0.17067004185129134
8.34,0.015736632374757337,85.08582128970572,0,60,3.0,6,0.17848991269895811
8.345,0.012500627640593535,85.40189551839087,0,60,3.0,6,0.1859269533739029
8.35,0.009851811652115898,85.69814583574086,0,60,3.0,6,0.19289754907625553
8.355,0.007703084175428559,85.97123739786385,0,60,3.0,6,0.199323232890914
8.36,0.005975544002062424,86.21806933636304,0,60,3.0,6,0.2051310432085422
8.365,0.004598905818663047,86.43580493977146,0,60,3.0,6,0.21025423387697548
8.37,0.0035115256454839104,86.62190930039998,0,60,3.0,6,0.21463316000941124
8.375,0.002660121266303676,86.7741889821678,0,60,3.0,6,0.2182162113451247
8.38,0.0019992692560877024,86.89082981293659,0,60,3.0,6,0.2209607014808609
8.385,0.0014907520044639367,86.97043003112813,0,60,3.0,6,0.22283364779125014
8.39,0.0011028178277539807,87.01202683673105,0,60,3.0,6,0.22381239615837772
8.395,0.0008094059938923333,87.0151150099551,0,60,3.0,6,0.22388505905776696
8.4,0.0005893771793717645,86.97965674114003,0,60,3.0,6,0.22305074685035373
8.405,0.0004257792353490551,86.906082213543,0,60,3.0,6,0.22131958149512945
8.41,0.0003051686392901525,86.79528082700735,0,60,3.0,6,0.21871249004723167
8.415,0.00021699992642659966,86.64858326128662,0,60,3.0,6,0.21526078261850864
8.42,0.00015308884054097838,86.46773485907015,0,60,3.0,6,0.2110055260957682
8.425,0.00010714989329311098,86.25486106056728,0,60,3.0,6,0.20599673083687717
8.43,7.440535854020571e-05,86.012425840667,0,60,3.0,6,0.20029237272157663
8.435,5.1260276743925106e-05,85.74318428178758,0,60,3.0,7,0.19395727721853123
8.44,3.503659887882241e-05,85.45013055626383,0,60,3.0,7,0.18706189544150187
8.445,2.375894748103639e-05,85.1364426881429,0,60,3.0,7,0.17968100442689192
8.45,1.5984413869232557e-05,84.8054255136735,0,60,3.0,7,0.1718923650276117
8.455,1.0669166579899869e-05,84.46045326238436,0,60,3.0,7,0.16377537087963207
8.46,7.06526633560511e-06,84.10491313801553,0,60,3.0,7,0.15540972089448313
8.465,4.641847214699205e-06,83.74215119394138,0,60,3.0,7,0.1468741457397972
8.47,3.025641074479182e-06,83.37542167586601,0,60,3.0,7,0.1382452159027296
8.475,1.9566278676921314e-06,83.00784085148908,0,60,3.0,7,0.12959625532915478
8.48,1.2553456560008793e-06,82.64234616948582,0,60,3.0,7,0.12099638045848986
8.485,7.990660428214668e-07,82.28166139606537,0,60,3.0,7,0.11250967990742057
8.49,5.046221251618276e-07,81.92826817436011,0,60,3.0,7,0.10419454527906148
8.495,3.1616527078858815e-07,81.58438424763277,0,60,3.0,7,0.09610315876782986
8.5,1.9652884407760343e-07,81.2519483890263,0,60,3.0,7,0.08828113856532462
8.505,1.2120002189836396e-07,80.93261189485634,0,60,3.0,7,0.08076733870250202
8.51,7.415549848886236e-08,80.62773633085743,0,60,3.0,7,0.07359379602017484
8.515,4.501406988770349e-08,80.33839707581636,0,60,3.0,7,0.06678581354862023
8.52,0.0,80.06539208791901,0,60,3.0,7,0.0603621667745649
8.525,0.0,79.80925522789121,0,60,3.0,7,0.05433541712685209
8.53,0.0,79.57027341038085,0,60,3.0,7,0.04871231553837293
8.535,0.0,79.3485068205882,0,60,3.0,7,0.04349427813148703
8.54,0.0,79.14381142544346,0,60,3.0,7,0.03867791589278728
8.545,0.0,78.95586302530677,0,60,3.0,7,0.03425560059545339
8.55,0.0,78.78418213018102,0,60,3.0,7,0.030216050121906417
8.555,0.0,78.62815900023591,0,60,3.0,7,0.02654491765260967
8.56,0.0,78.48707826019555,0,60,3.0,7,0.023225370828130483
8.565,0.0,78.36014257689206,0,60,3.0,7,0.02023864886804845
8.57,0.0,78.24649497515112,0,60,3.0,7,0.017564587650614652
8.575,0.0,78.14523945549868,0,60,3.0,7,0.015182104835263116
8.58,0.0,78.05545966465333,0,60,3.0,7,0.013069639168313576
8.585,0.0,77.97623545353467,0,60,3.0,7,0.011205540083168711
8.59,0.0,77.90665723521904,0,60,3.0,7,0.009568405534565727
8.595,0.0,77.84583812509267,0,60,3.0,7,0.008137367649239275
8.6,0.0,77.79292390611302,0,60,3.0,7,0.006892327202659237
8.605,0.0,77.74710091283508,0,60,3.0,7,0.005814139125531296
8.61,0.0,77.70760196841333,0,60,3.0,7,0.004884752197960672
8.615,0.0,77.67371053929263,0,60,3.0,7,0.004087306806885368
8.62,0.0,77.64476329324987,0,60,3.0,7,0.003406195135290973
8.625,0.0,77.6201512586144,0,60,3.0,7,0.0028270884379858617
8.63,0.0,77.59931978686028,0,60,3.0,7,0.0023369361614183
8.635,0.0,77.58176751843824,0,60,3.0,7,0.0019239416103115513
8.64,0.0,77.56704454387693,0,60,3.0,7,0.0015775186794572244
8.645,0.0,77.55474994001793,0,60,3.0,7,0.0012882338827747684
8.65,0.0,77.54452884589958,0,60,3.0,7,0.001047737550578297
8.655,0.0,77.5360692253345,0,60,3.0,7,0.0008486876549294293
8.66,0.0,77.52909844458678,0,60,3.0,7,0.0006846692843948056
8.665,0.0,77.5233797745729,0,60,3.0,7,0.0005501123428918136
8.67,0.0,77.51870890837192,0,60,3.0,7,0.0004402096087510606
8.675,0.0,77.51491056708042,0,60,3.0,7,0.0003508368724804795
8.68,0.0,77.51183525059871,0,60,3.0,7,0.000278476484675473
8.685,0.0,77.50935617506855,0,60,3.0,7,0.00022014529573051035
8.69,0.0,77.50736642557257,0,60,3.0,7,0.0001733276605310654
8.695,0.0,77.50577634142381,0,60,3.0,7,0.0001359139158543766
8.7,0.0,77.50451114191388,0,60,3.0,7,0.0001061445156207195
8.705,0.0,77.50350879267866,0,60,3.0,7,8.255982773314774e-05
8.71,0.0,77.50271810676212,0,60,3.0,7,6.395545322628577e-05
8.715,0.0,77.50209706985859,0,60,3.0,7,4.934282020218127e-05
8.72,0.0,77.50161137592065,0,60,3.0,7,3.7914727544616386e-05
8.725,0.0,77.50123315714963,0,60,3.0,7,2.9015462344178184e-05
8.73,0.0,77.50093989116058,0,60,3.0,7,2.211508613139385e-05
8.735,0.0,77.50071346765542,0,60,3.0,7,1.678747424508027e-05
8.74,0.0,77.50053939708855,0,60,3.0,7,1.2691696201058864e-05
8.745,0.0,77.50040614441993,0,60,3.0,7,9.556339292390368e-06
8.75,0.0,77.50030457199489,0,60,3.0,7,7.166399879732875e-06
8.755,0.0,77.50022747675757,0,60,3.0,7,5.352394295828965e-06
8.76,0.0,77.50016920830492,0,60,3.0,7,3.9813718805870685e-06
8.765,0.0,77.50012535564758,0,60,3.0,7,2.9495446490139277e-06
8.77,0.0,77.50009249190384,0,60,3.0,7,2.17628009041244e-06
8.775,0.0,77.50006796747208,0,60,3.0,7,1.5992346371095824e-06
8.78,0.0,77.50004974347262,0,60,3.0,7,1.170434649780231e-06
8.785,0.0,77.50003625840263,0,60,3.0,7,8.531388854247352e-07
8.79,0.0,77.50002632199599,0,60,3.0,7,6.193410820956427e-07
8.795,0.0,77.5000190312167,0,60,3.0,7,4.4779333399995213e-07
8.8,0.0,77.50001370414276,0,60,3.0,7,3.224504178647561e-07
8.805,0.0,77.50000982821794,0,60,3.0,7,2.3125218684286022e-07
8.81,0.0,77.50000701997017,0,60,3.0,7,1.651757686966662e-07
8.815,0.0,77.50000499382523,0,60,3.0,7,1.1750177009162144e-07
8.82,0.0,77.50000353809098,0,60,3.0,7,8.324919951305406e-08
8.825,0.0,77.50000249656132,0,60,3.0,7,5.874261934396225e-08
8.83,0.0,77.50000175449875,0,60,3.0,7,4.1282323630131195e-08
8.835,0.001684486749771458,77.50000122800878,0,60,3.0,7,2.8894324339703683e-08
8.84,0.003097557930867117,77.50000085602701,0,60,3.0,7,2.0141812108383473e-08
8.845,0.005475106668887023,77.50000059430727,0,60,3.0,7,1.3983700388480964e-08
8.85,0.00930222931468658,77.50000041093412,0,60,3.0,7,9.669038129633169e-09
8.855,0.01519157517868857,77.50000028298992,0,60,3.0,7,6.6585862575319715e-09
8.86,0.023847336626128316,77.50000019409184,0,60,3.0,7,4.5668668115146885e-09
8.865,0.0359830743700859,77.50000013258098,0,60,3.0,7,3.1195524490399026e-09
8.87,0.05218887796857759,77.50000009019712,0,60,3.0,7,2.1222851554578963e-09
8.875,0.0727577001223134,77.50000006111415,0,60,3.0,7,1.4379800043517369e-09
8.88,0.0974992498694751,77.50000004124092,0,60,3.0,7,9.70374672118958e-10
8.885,0.12558706050443358,77.50000002771742,0,60,3.0,7,6.521745757816141e-10
8.89,0.15549263588878245,77.50000001855301,0,60,3.0,7,4.365414069445037e-10
8.895,0.1850529723539114,77.50000001236842,0,60,3.0,7,2.9102158591473093e-10
8.9,0.21169159439317053,77.50000000821204,0,60,3.0,7,1.9322449000302345e-10
8.905,0.23277292922115492,77.50000000543032,0,60,3.0,7,1.2777230254227214e-10
8.91,0.24602692519491282,77.50000000357633,0,60,3.0,7,8.414899104322744e-11
8.915,0.24995056064839283,77.50000000234579,0,60,3.0,7,5.519495971384458e-11
8.92,0.24408826520424054,77.50000000153241,0,60,3.0,7,3.6056783702566894e-11
8.925,0.22911894216865275,77.500000000997,0,60,3.0,7,2.3458944590803345e-11
8.93,0.20672661788705934,77.50000000064604,0,60,3.0,7,1.520093332253643e-11
8.935,0.17928878030241233,77.50000000041693,0,60,3.0,7,9.810170976219097e-12
8.94,0.14946211903866036,77.50000000026797,0,60,3.0,7,6.305272643872098e-12
8.945,0.1197651512573837,77.50000000017154,0,60,3.0,7,4.036217112169491e-12
8.95,0.09224675744988023,77.50000000010937,0,60,3.0,7,2.5733350091339912e-12
8.955,0.06829565320281596,77.50000000006945,0,60,3.0,7,1.6340811057221692e-12
8.96,0.04860224607515734,77.50000000004391,0,60,3.0,7,1.0332127310582162e-12
8.965,0.03324612389699793,77.50000000002765,0,60,3.0,7,6.506899594301906e-13
8.97,0.021859876340472782,77.50000000001735,0,60,3.0,7,4.082694966414505e-13
8.975,0.01381595518554205,77.50000000001084,0,60,3.0,7,2.5512663876939127e-13
8.98,0.008394095110402422,77.50000000000675,0,60,3.0,7,1.5882719975814003e-13
8.985,0.0049052535271608,77.50000000000418,0,60,3.0,7,9.830567732398563e-14
8.99,0.0027671663551903634,77.50000000000257,0,60,3.0,7,6.052152243415442e-14
8.995,0.0015425553464444616,77.50000000000159,0,60,3.0,7,3.744978183770881e-14
9.0,0.0009638206637011801,77.50000000000097,0,60,3.0,7,2.2737367544323207e-14
9.005,0.0009804935156568228,77.5000000000006,0,60,3.0,7,1.4043668189140804e-14
9.01,0.0018793744894085216,77.50000000000036,0,60,3.0,7,8.359326303060002e-15
9.015,0.004535525206900863,77.50000000000021,0,60,3.0,7,5.015595781836002e-15
9.02,0.010832767979632273,77.50000000000013,0,60,3.0,7,3.0093574691016007e-15
9.025,0.024208003392322392,77.50000000000007,0,60,3.0,7,1.6718652606120004e-15
9.03,0.0500971897335304,77.50000000000004,0,60,3.0,7,1.0031191563672002e-15
9.035,0.09582894921774403,77.50000000000003,0,60,3.0,7,6.687461042448002e-16
9.04,0.16937896721820658,77.50000000000001,0,60,3.0,7,3.343730521224001e-16
9.045,0.27661303008991756,77.50000000000001,0,60,3.0,7,3.343730521224001e-16
9.05,0.4173782800009149,77.5,0,60,3.0,7,0.0
9.055,0.5818720934538056,77.5,0,60,3.0,7,0.0
9.06,0.7494718801585675,77.5,0,60,3.0,7,0.0
9.065,0.891813020752378,77.5,0,60,3.0,7,0.0
9.07,0.9800361632936612,77.5,0,60,3.0,7,0.0
9.075,0.993574479225126,77.50000249181176,1,60,3.0,7,5.863086484810885e-08
9.08,0.9263438449375362,77.50000384183856,0,60,3.0,7,9.039620147846375e-08
9.085,0.7873015962290536,77.50000605203118,0,60,3.0,7,1.4240073369364837e-07
9.09,0.5959516244629897,77.5000098502643,0,60,3.0,7,2.317709248365966e-07
9.095,0.376910120078773,77.50001674040978,0,60,3.0,7,3.9389199474392037e-07
9.1,0.15739335672107918,77.50002988936268,0,60,3.0,7,7.032791218615089e-07
9.105,-0.033361226269301235,77.50005598658028,0,60,3.0,7,1.3173313006705832e-06
9.11,-0.1680180840843834,77.50010904250446,0,60,3.0,7,2.565705987348445e-06
9.115,-0.23069703190837854,77.50021792763697,0,60,3.0,7,5.127709105114691e-06
9.12,-0.22587267821131068,77.50044088337641,0,60,3.0,7,1.0373726503838256e-05
9.125,-0.17718181630665902,77.50089256449868,0,60,3.0,7,2.1001517616107722e-05
9.13,-0.11494332516451301,77.50179276579377,0,60,3.0,7,4.218272455920455e-05
9.135,-0.061810214049552864,77.50355118942913,0,60,3.0,7,8.355739833251285e-05
9.14,-0.026546104631500547,77.50690959240086,0,60,3.0,7,0.00016257864472610142
9.145,-0.00719600351942686,77.51317112223475,0,60,3.0,7,0.00030990875846475104
9.15,0.0022072757983807078,77.52455545137923,0,60,3.0,7,0.0005777753265700834
9.155,0.006917199873730717,77.54472497706796,0,60,3.0,7,0.0010523524015990033
9.16,0.01004859748264829,77.57952766654348,0,60,3.0,7,0.001871239212787861
9.165,0.013037082251128167,77.63799012210991,0,60,3.0,7,0.0032468264025861597
9.17,0.01645163937690478,77.7335629797193,0,60,3.0,7,0.005495599522806943
9.175,0.020526639934696615,77.88556318136334,0,60,3.0,7,0.009072074855607954
9.18,0.02539629541761738,78.12067063847793,0,60,3.0,7,0.014604015023010173
9.185,0.031171612185577933,78.47422412231587,0,60,3.0,7,0.022922920525079396
9.19,0.03795853426638131,78.99093771170499,0,60,3.0,7,0.03508088733423499
9.195,0.0458588961882057,79.72455313644113,0,60,3.0,7,0.05234242673979131
9.2,0.054966995891435555,80.7358957043249,0,60,3.0,7,0.07613872245470361
9.205,0.06536491004445595,82.08885917455554,0,60,3.0,7,0.10797315704836559
9.21,0.07711726085088699,83.84404871167135,0,60,3.0,7,0.149271734392267
9.215,0.09026570629555215,86.05017854498587,0,60,3.0,7,0.20118067164672632
9.22,0.10482339848670268,88.73382931864452,0,60,3.0,7,0.26432539573281233
9.225,0.12076968927580028,91.88874480991677,0,60,3.0,7,0.33855870140980643
9.23,0.13804539501007884,95.46636445671342,0,60,3.0,7,0.4227379872167864
9.235,0.15654895051787066,99.36959295544153,0,60,3.0,7,0.5145786577750949
9.24,0.17613378141900526,103.45175485582882,0,60,3.0,7,0.6106295260195017
9.245,0.19660720058055794,107.5221797930646,0,60,3.0,7,0.7064042304250493
9.25,0.21773108748496234,111.35892106398657,0,60,3.0,7,0.7966804956232134
9.255,0.23922453870058807,114.72785713078791,0,60,3.0,7,0.8759495795479508
9.26,0.2607685857914563,117.40610393874456,0,60,3.0,7,0.9389671514998721
9.265,0.2820129681603682,119.20657953132158,0,60,3.0,7,0.9813312830899196
9.27,0.30258482867153996,120.0,0,60,3.0,7,1.0
9.275,0.3220990771751686,119.73073626244305,0,60,3.0,7,0.9936643826457188
9.28,0.3401700499968971,118.4238494759471,0,60,3.0,7,0.9629141053164022
9.285,0.3564239911198326,116.18208945321945,0,60,3.0,7,0.910166810663987
9.29,0.3705118017738417,113.1733745291447,0,60,3.0,7,0.8393735183328164
9.295,0.3821214567925213,109.61089082664786,0,60,3.0,7,0.7555503723917144
9.3,0.39098947374066967,105.7291023657552,0,60,3.0,7,0.6642141733118869
9.305,0.3969108472035567,101.75942264604797,0,60,3.0,7,0.5708099446128934
9.31,0.3997469255491936,97.90901232617857,0,60,3.0,7,0.4802120547336134
9.315,0.3994308076379137,94.34526416670559,0,60,3.0,7,0.39635915686366097
9.32,0.3959699661768434,91.18727314888353,0,60,3.0,7,0.3220534858560832
9.325,0.38944595408114946,88.50427463175579,0,60,3.0,7,0.2589241089824892
9.33,0.38001120995358023,86.3199414541806,0,60,3.0,7,0.20752803421601396
9.335,0.3678831374098315,84.62074135275094,0,60,3.0,7,0.16754685535884564
9.34,0.35333577933796634,83.36632600348436,0,60,3.0,7,0.13803120008198494
9.345,0.33668953221163944,82.5000975498113,0,60,3.0,7,0.11764935411320708
9.35,0.3182994390982644,81.95854814001777,0,60,3.0,7,0.1049070150592416
9.355,0.29854265738230645,81.67853656537754,0,60,3.0,7,0.09831850742064803
9.36,0.2778057157821067,81.60221366217804,0,60,3.0,7,0.09652267440418928
9.365,0.2564721553719815,81.67973868879486,0,60,3.0,7,0.09834679267752602
9.37,0.23491109433464996,81.87019922391292,0,60,3.0,7,0.10282821703324517
9.375,0.21346717185309805,82.14126026801704,0,60,3.0,7,0.109206123953342
9.38,0.19245222055656455,82.46805768409277,0,60,3.0,7,0.11689547491982988
9.385,0.17213889801761392,82.83176315010746,0,60,3.0,7,0.12545325059076384
9.39,0.15275638501270183,83.21812687136497,0,60,3.0,7,0.13454416167917582
9.395,0.13448814019607322,83.61618424954153,0,60,3.0,7,0.14391021763627135
9.4,0.11747159495449566,84.01721373745077,0,60,3.0,7,0.15334620558707704
9.405,0.10179958433370105,84.41396310723198,0,60,3.0,7,0.16268148487604656
9.41,0.08752324394101413,84.80011942466255,0,60,3.0,7,0.17176751587441305
9.415,0.07465606047174059,85.1699784655929,0,60,3.0,7,0.18047008154336247
9.42,0.0631787448609295,85.51826494996435,0,60,3.0,7,0.18866505764621994
9.425,0.05304460019959574,85.840059253804,0,60,3.0,7,0.1962366883248
9.43,0.044185078305849994,86.13079426679849,0,60,3.0,7,0.20307751215996445
9.435,0.03651525513023255,86.38629466659549,0,60,3.0,7,0.20908928627283505
9.44,0.0299390014708757,86.60283845793114,0,60,3.0,7,0.21418443430426218
9.445,0.024353677220580638,86.77722659458583,0,60,3.0,7,0.21828768457849004
9.45,0.01965423034339045,86.90685088831356,0,60,3.0,7,0.22133766796031898
9.455,0.015736632374757337,86.98975350722205,0,60,3.0,7,0.22328831781698935
9.46,0.012500627640593535,87.02467353697683,0,60,3.0,7,0.22410996557592552
9.465,0.009851811652115898,87.0110776394444,0,60,3.0,7,0.223790062104574
9.47,0.007703084175428559,86.94917303121116,0,60,3.0,7,0.2223334830873214
9.475,0.005975544002062424,86.83990197261397,0,60,3.0,7,0.2197623993556229
9.48,0.004598905818663047,86.68491779355341,0,60,3.0,7,0.21611571278949201
9.485,0.0035115256454839104,86.4865432253902,0,60,3.0,7,0.21144807589153394
9.49,0.002660121266303676,86.2477124690008,0,60,3.0,7,0.20582852868237184
9.495,0.0019992692560877024,85.9718990017495,0,60,3.0,7,0.19933880004116483
9.5,0.0014907520044639367,85.66303159799958,0,60,3.0,7,0.1920713317176371
9.505,0.0011028178277539807,85.32540139533346,0,60,3.0,7,0.1841270916549049
9.51,0.0008094059938923333,84.96356307129537,0,60,3.0,7,0.1756132487363616
9.515,0.0005893771793717645,84.58223329764274,0,60,3.0,7,0.16664078347394692
9.52,0.0004257792353490551,84.18618961118601,0,60,3.0,7,0.15732210849849432
9.525,0.0003051686392901525,83.78017268883372,0,60,3.0,7,0.14776876914902862
9.53,0.00021699992642659966,83.36879475167348,0,60,3.0,7,0.13808928827467004
9.535,0.00015308884054097838,82.95645646592097,0,60,3.0,7,0.12838721096284625
9.54,0.00010714989329311098,82.5472742782177,0,60,3.0,7,0.11875939478159292
9.545,7.440535854020571e-05,82.1450196423469,0,60,3.0,7,0.10929457981992695
9.55,5.1260276743925106e-05,81.75307108830053,0,60,3.0,7,0.10007226090118894
9.555,3.503659887882241e-05,81.37437957677281,0,60,3.0,7,0.09116187239465436
9.56,2.375894748103639e-05,81.01144709498455,0,60,3.0,7,0.08262228458787169
9.565,1.5984413869232557e-05,80.66631800298667,0,60,3.0,7,0.0745016000702746
9.57,1.0669166579899869e-05,80.34058224944994,0,60,3.0,7,0.06683722939882206
9.575,7.06526633560511e-06,80.03538925452028,0,60,3.0,7,0.059656217753418415
9.58,4.641847214699205e-06,79.75147101231343,0,60,3.0,7,0.0529757885250219
9.585,3.025641074479182e-06,79.4891728003454,0,60,3.0,7,0.046804065890480015
9.59,1.9566278676921314e-06,79.24848979680112,0,60,3.0,7,0.041140936395320564
9.595,1.2553456560008793e-06,79.02910789449058,0,60,3.0,7,0.035979009282131276
9.6,7.990660428214668e-07,78.8304470550233,0,60,3.0,7,0.03130463658878351
9.605,5.046221251618276e-07,78.65170565820313,0,60,3.0,7,0.027098956663602996
9.61,3.1616527078858815e-07,78.49190445841805,0,60,3.0,7,0.02333892843336584
9.615,1.9652884407760343e-07,78.34992894961812,0,60,3.0,7,0.01999832822630865
9.62,1.2120002189836396e-07,78.22456915105091,0,60,3.0,7,0.017048685907080346
9.625,7.415549848886236e-08,78.11455604558064,0,60,3.0,7,0.014460142248956278
9.63,4.501406988770349e-08,78.018594120612,0,60,3.0,7,0.01220221460263514
9.635,0.0,77.93538966935525,0,60,3.0,7,0.010244462808358723
9.64,0.0,77.86367470016516,0,60,3.0,8,0.008557051768592066
9.645,0.0,77.80222646861542,0,60,3.0,8,0.00711121102624508
9.65,0.0,77.74988278736755,0,60,3.0,8,0.0058795949968836175
9.655,0.0,77.70555338106993,0,60,3.0,8,0.004836550142821954
9.66,0.0,77.66822763736607,0,60,3.0,8,0.0039582973497899465
9.665,0.0,77.63697916182198,0,60,3.0,8,0.0032230391016937307
9.67,0.0,77.61096757646521,0,60,3.0,8,0.0026110017991815017
9.675,0.0,77.58943801168321,0,60,3.0,8,0.002104423804310914
9.68,0.0,77.57171873294385,0,60,3.0,8,0.0016874995986788288
9.685,0.0,77.55721732087633,0,60,3.0,8,0.0013462899029725443
9.69,0.0,77.54541578936765,0,60,3.0,8,0.0010686068086506431
9.695,0.0,77.53586498497702,0,60,3.0,8,0.0008438819994594001
9.7,0.0,77.52817856529884,0,60,3.0,8,0.0006630250658551685
9.705,0.0,77.52202680664169,0,60,3.0,8,0.0005182778033338978
9.71,0.0,77.5171304447848,0,60,3.0,8,0.0004030692890540542
9.715,0.0,77.51325470838246,0,60,3.0,8,0.0003118754913520447
9.72,0.0,77.51020366409061,0,60,3.0,8,0.00024008621389672204
9.725,0.0,77.50781495653038,0,60,3.0,8,0.00018388133012663008
9.73,0.0,77.50595499523384,0,60,3.0,8,0.00014011753491378358
9.735,0.0,77.50451461486995,0,60,3.0,8,0.00010622623223405433
9.74,0.0,77.50340521419459,0,60,3.0,8,8.012268693144452e-05
9.745,0.0,77.50255536298914,0,60,3.0,8,6.012618797981037e-05
9.75,0.0,77.50190785429267,0,60,3.0,8,4.489068923924285e-05
9.755,0.0,77.50141717096078,0,60,3.0,8,3.334519907712895e-05
9.76,0.0,77.50104733043376,0,60,3.0,8,2.4643069029734227e-05
9.765,0.0,77.50077006899966,0,60,3.0,8,1.811927058016034e-05
9.77,0.0,77.50056332625815,0,60,3.0,8,1.3254735485776002e-05
9.775,0.0,77.50040999143872,0,60,3.0,8,9.646857381540031e-06
9.78,0.0,77.50029687526775,0,60,3.0,8,6.985300417655333e-06
9.785,0.0,77.50021387384992,0,60,3.0,8,5.032325880366068e-06
9.79,0.0,77.50015329422482,0,60,3.0,8,3.6069229368502634e-06
9.795,0.0,77.50010931464227,0,60,3.0,8,2.5721092299590965e-06
9.8,0.0,77.50007755598538,0,60,3.0,8,1.824846714939935e-06
9.805,0.0,77.50005474402688,0,60,3.0,8,1.288094750193255e-06
9.81,0.0,77.50003844524194,0,60,3.0,8,9.045939280253258e-07
9.815,0.0,77.50002686166287,0,60,3.0,8,6.320391264580394e-07
9.82,0.0,77.50001867272185,0,60,3.0,8,4.393581611887331e-07
9.825,0.0,77.50001291417894,0,60,3.0,8,3.0386303385111047e-07
9.83,0.001684486749771458,77.5000088860839,0,60,3.0,8,2.0908432715901547e-07
9.835,0.003097557930867117,77.50000608328911,0,60,3.0,8,1.431362143060088e-07
9.84,0.005475106668887023,77.50000414334353,0,60,3.0,8,9.7490436032518e-08
9.845,0.00930222931468658,77.50000280768167,0,60,3.0,8,6.606309806128968e-08
9.85,0.01519157517868857,77.50000189290678,0,60,3.0,8,4.453898307420947e-08
9.855,0.023847336626128316,77.50000126968219,0,60,3.0,8,2.9874874986917885e-08
9.86,0.0359830743700859,77.50000084731572,0,60,3.0,8,1.9936840424313284e-08
9.865,0.05218887796857759,77.50000056257437,0,60,3.0,8,1.3237044025599436e-08
9.87,0.0727577001223134,77.50000037161998,0,60,3.0,8,8.743999427786228e-09
9.875,0.0974992498694751,77.50000024423203,0,60,3.0,8,5.7466359200642566e-09
9.88,0.12558706050443358,77.50000015969474,0,60,3.0,8,3.757523191940409e-09
9.885,0.15549263588878245,77.50000010388743,0,60,3.0,8,2.444410122681053e-09
9.89,0.1850529723539114,77.50000006723879,0,60,3.0,8,1.5820891054746051e-09
9.895,0.21169159439317053,77.50000004329733,0,60,3.0,8,1.018760793372434e-09
9.9,0.23277292922115492,77.50000002773875,0,60,3.0,8,6.526764697328498e-10
9.905,0.24602692519491282,77.5000000176806,0,60,3.0,8,4.1601424527470956e-10
9.91,0.24995056064839283,77.50000001121222,0,60,3.0,8,2.6381699439405244e-10
9.915,0.24408826520424054,77.50000000707409,0,60,3.0,8,1.6644923348127014e-10
9.92,0.22911894216865275,77.50000000444052,0,60,3.0,8,1.0448288508889484e-10
9.925,0.20672661788705934,77.5000000027732,0,60,3.0,8,6.525189800253001e-11
9.93,0.17928878030241233,77.50000000172311,0,60,3.0,8,4.054373568899738e-11
9.935,0.14946211903866036,77.5000000010652,0,60,3.0,8,2.5063600867938744e-11
9.94,0.1197651512573837,77.50000000065513,0,60,3.0,8,1.5414932075894767e-11
9.945,0.09224675744988023,77.50000000040089,0,60,3.0,8,9.432663800372906e-12
9.95,0.06829565320281596,77.50000000024406,0,60,3.0,8,5.7425227971500995e-12
9.955,0.04860224607515734,77.50000000014782,0,60,3.0,8,3.4781484881772057e-12
9.96,0.03324612389699793,77.50000000008907,0,60,3.0,8,2.0958502907032036e-12
9.965,0.021859876340472782,77.5000000000534,0,60,3.0,8,1.2565739298759795e-12
9.97,0.01381595518554205,77.50000000003186,0,60,3.0,8,7.49664382858421e-13
9.975,0.008394095110402422,77.5000000000189,0,60,3.0,8,4.447161593227921e-13
9.98,0.0049052535271608,77.50000000001116,0,60,3.0,8,2.6248284591608404e-13
9.985,0.0027671663551903634,77.50000000000655,0,60,3.0,8,1.5414597702842645e-13
9.99,0.0015425553464444616,77.50000000000384,0,60,3.0,8,9.028072407304802e-14
9.995,0.0009638206637011801,77.50000000000223,0,60,3.0,8,5.2496569183216817e-14
10.0,0.0009804935156568228,77.5000000000013,0,60,3.0,8,3.042794774313841e-14
10.005,0.0018793744894085216,77.50000000000074,0,60,3.0,8,1.7387398710364806e-14
10.01,0.004535525206900863,77.50000000000043,0,60,3.0,8,1.0031191563672003e-14
10.015,0.010832767979632273,77.50000000000024,0,60,3.0,8,5.684341886080802e-15
10.02,0.024208003392322392,77.50000000000014,0,60,3.0,8,3.343730521224001e-15
10.025,0.0500971897335304,77.50000000000007,0,60,3.0,8,1.6718652606120004e-15
10.03,0.09582894921774403,77.50000000000004,0,60,3.0,8,1.0031191563672002e-15
10.035,0.16937896721820658,77.50000000000003,0,60,3.0,8,6.687461042448002e-16
10.04,0.27661303008991756,77.50000000000001,0,60,3.0,8,3.343730521224001e-16
10.045,0.4173782800009149,77.5,0,60,3.0,8,0.0
10.05,0.5818720934538056,77.5,0,60,3.0,8,0.0
10.055,0.7494718801585675,77.5,0,60,3.0,8,0.0
10.06,0.891813020752378,77.5,0,60,3.0,8,0.0
10.065,0.9800361632936612,77.5,0,60,3.0,8,0.0
10.07,0.993574479225126,77.50000249005134,1,60,3.0,8,5.8589443383158035e-08
10.075,0.9263438449375362,77.50000394038275,0,60,3.0,8,9.271488833666595e-08
10.08,0.7873015962290536,77.50000639218067,0,60,3.0,8,1.504042509569605e-07
10.085,0.5959516244629897,77.50001077235028,0,60,3.0,8,2.534670653965483e-07
10.09,0.376910120078773,77.50001908666758,0,60,3.0,8,4.490980606586912e-07
10.095,0.15739335672107918,77.5000357548629,0,60,3.0,8,8.412908919260243e-07
10.1,-0.033361226269301235,77.5000705175213,0,60,3.0,8,1.659235795159475e-06
10.105,-0.1680180840843834,77.5001445789881,0,60,3.0,8,3.401858543504525e-06
10.11,-0.23069703190837854,77.5003031686916,0,60,3.0,8,7.133380978864486e-06
10.115,-0.22587267821131068,77.5006403428687,0,60,3.0,8,1.5066891028388508e-05
10.12,-0.17718181630665902,77.50134618528463,0,60,3.0,8,3.167494787369244e-05
10.125,-0.11494332516451301,77.50279324668047,0,60,3.0,8,6.572345130514216e-05
10.13,-0.061810214049552864,77.5056885995389,0,60,3.0,8,0.0001338494009152836
10.135,-0.026546104631500547,77.51133023532057,0,60,3.0,8,0.00026659377224873157
10.14,-0.00719600351942686,77.52202043086514,0,60,3.0,8,0.0005181277850621267
10.145,0.0022072757983807078,77.54170079619027,0,60,3.0,8,0.000981195204476936
10.15,0.006917199873730717,77.57687766493112,0,60,3.0,8,0.0018088862336733602
10.155,0.01004859748264829,77.63789263572853,0,60,3.0,8,0.003244532605377264
10.16,0.013037082251128167,77.74054920623045,0,60,3.0,8,0.0056599813230695205
10.165,0.01645163937690478,77.90802055981457,0,60,3.0,8,0.009600483760342914
10.17,0.020526639934696615,78.17282908364092,0,60,3.0,8,0.015831272556256944
10.175,0.02539629541761738,78.57851124527741,0,60,3.0,8,0.025376735182997916
10.18,0.031171612185577933,79.1803885212917,0,60,3.0,8,0.03953855344215774
10.185,0.03795853426638131,80.0447076348371,0,60,3.0,8,0.059875473760872835
10.19,0.0458588961882057,81.24536512508388,0,60,3.0,8,0.08812623823726774
10.195,0.054966995891435555,82.85757412646959,0,60,3.0,8,0.12606056768163731
10.2,0.06536491004445595,84.94822898129785,0,60,3.0,8,0.17525244661877282
10.205,0.07711726085088699,87.56338750820743,0,60,3.0,8,0.23678558842841005
10.21,0.09026570629555215,90.7141492895029,0,60,3.0,8,0.3109211597530094
10.215,0.10482339848670268,94.3630917299998,0,60,3.0,8,0.39677862894117166
10.22,0.12076968927580028,98.41408530862822,0,60,3.0,8,0.4920961249088992
10.225,0.13804539501007884,102.70847428298099,0,60,3.0,8,0.5931405713642585
10.23,0.15654895051787066,107.03007195676986,0,60,3.0,8,0.694825222512232
10.235,0.17613378141900526,111.12012910549245,0,60,3.0,8,0.7910618613057048
10.24,0.19660720058055794,114.70155663171694,0,60,3.0,8,0.8753307442756927
10.245,0.21773108748496234,117.50960206611181,0,60,3.0,8,0.941402401555572
10.25,0.23922453870058807,119.32441468611549,0,60,3.0,8,0.9841038749674232
10.255,0.2607685857914563,120.0,0,60,3.0,8,1.0
10.26,0.2820129681603682,119.48430356356428,0,60,3.0,8,0.9878659662015126
10.265,0.30258482867153996,117.826618813132,0,60,3.0,8,0.9488616191325177
10.27,0.3220990771751686,115.17088635739287,0,60,3.0,8,0.8863737966445382
10.275,0.3401700499968971,111.73617728815637,0,60,3.0,8,0.8055571126625028
10.28,0.3564239911198326,107.78805988304259,0,60,3.0,8,0.7126602325421787
10.285,0.3705118017738417,103.60606181643028,0,60,3.0,8,0.6142602780336537
10.29,0.3821214567925213,99.45274455247792,0,60,3.0,8,0.5165351659406571
10.295,0.39098947374066967,95.54902758884025,0,60,3.0,8,0.42468300209035875
10.3,0.3969108472035567,92.05866703799698,0,60,3.0,8,0.342556871482282
10.305,0.3997469255491936,89.08271495386987,0,60,3.0,8,0.2725344695028204
10.31,0.3994308076379137,86.66288698908318,0,60,3.0,8,0.21559734091960414
10.315,0.3959699661768434,84.7914392365105,0,60,3.0,8,0.1715632761531882
10.32,0.38944595408114946,83.42457875378753,0,60,3.0,8,0.1394018530302948
10.325,0.38001120995358023,82.49656511278434,0,60,3.0,8,0.11756623794786679
10.33,0.3678831374098315,81.93230111406058,0,60,3.0,8,0.10428943797789597
10.335,0.35333577933796634,81.65708944599176,0,60,3.0,8,0.09781386931745313
10.34,0.33668953221163944,81.60309706988252,0,60,3.0,8,0.09654346046782407
10.345,0.3182994390982644,81.71274607711119,0,60,3.0,8,0.09912343710849862
10.35,0.29854265738230645,81.93966161579142,0,60,3.0,8,0.10446262625391582
10.355,0.2778057157821067,82.2479621143257,0,60,3.0,8,0.11171675563119299
10.36,0.2564721553719815,82.6106363930207,0,60,3.0,8,0.12025026807107525
10.365,0.23491109433464996,83.00759804884157,0,60,3.0,8,0.12959054232568407
10.37,0.21346717185309805,83.42381432070776,0,60,3.0,8,0.1393838663695944
10.375,0.19245222055656455,83.84772730242526,0,60,3.0,8,0.14935828946882954
10.38,0.17213889801761392,84.2700476135659,0,60,3.0,8,0.1592952379662563
10.385,0.15275638501270183,84.68291151017121,0,60,3.0,8,0.16900968259226373
10.39,0.13448814019607322,85.07934584035235,0,60,3.0,8,0.17833754918476108
10.395,0.11747159495449566,85.45296939810551,0,60,3.0,8,0.18712869172012964
10.4,0.10179958433370105,85.79786185623578,0,60,3.0,8,0.19524380838201844
10.405,0.08752324394101413,86.10854277553481,0,60,3.0,8,0.2025539476596427
10.41,0.07465606047174059,86.38001673381514,0,60,3.0,8,0.20894157020741505
10.415,0.0631787448609295,86.60785292524119,0,60,3.0,8,0.21430242177038095
10.42,0.05304460019959574,86.78827731415377,0,60,3.0,8,0.21854770150950056
10.425,0.044185078305849994,86.91826250749796,0,60,3.0,8,0.22160617664701074
10.43,0.03651525513023255,86.99560542459125,0,60,3.0,8,0.22342600999038228
10.435,0.0299390014708757,87.0189862207937,0,60,3.0,8,0.22397614637161664
10.44,0.024353677220580638,86.98800431460441,0,60,3.0,8,0.22324716034363318
10.445,0.01965423034339045,86.90318917628503,0,60,3.0,8,0.22125151003023588
10.45,0.015736632374757337,86.76598501082319,0,60,3.0,8,0.21802317672525146
10.455,0.012500627640593535,86.57870974203561,0,60,3.0,8,0.21361669981260267
10.46,0.009851811652115898,86.34448983173559,0,60,3.0,8,0.20810564309966087
10.465,0.007703084175428559,86.06717345510422,0,60,3.0,8,0.20158055188480528
10.47,0.005975544002062424,85.75122538441936,0,60,3.0,8,0.19414647963339662
10.475,0.004598905818663047,85.40160758432508,0,60,3.0,8,0.1859201784547077
10.48,0.0035115256454839104,85.02364997133708,0,60,3.0,8,0.17702705814910774
10.485,0.002660121266303676,84.62291602458168,0,60,3.0,8,0.16759802410780433
10.49,0.0019992692560877024,84.20506795077087,0,60,3.0,8,0.15776630472402042
10.495,0.0014907520044639367,83.77573591248671,0,60,3.0,8,0.147664374411452
10.5,0.0011028178277539807,83.34039544429893,0,60,3.0,8,0.137421069277622
10.505,0.0008094059938923333,82.90425663486596,0,60,3.0,8,0.1271589796439049
10.51,0.0005893771793717645,82.47216798110777,0,60,3.0,8,0.11699218779077114
10.515,0.0004257792353490551,82.04853706370281,0,60,3.0,8,0.10702440149888964
10.52,0.0003051686392901525,81.63726939449548,0,60,3.0,8,0.09734751516459944
10.525,0.00021699992642659966,81.2417259881692,0,60,3.0,8,0.08804061148633396
10.53,0.00015308884054097838,80.8646994518398,0,60,3.0,8,0.07916939886681876
10.535,0.00010714989329311098,80.50840770089148,0,60,3.0,8,0.0707860635503878
10.54,7.440535854020571e-05,80.17450382440545,0,60,3.0,8,0.06292950175071643
10.545,5.1260276743925106e-05,79.86410015805667,0,60,3.0,8,0.055625886071921704
10.55,3.503659887882241e-05,79.57780428725738,0,60,3.0,8,0.0488895126413501
10.555,2.375894748103639e-05,79.31576450138492,0,60,3.0,8,0.04272387062082163
10.56,1.5984413869232557e-05,79.07772214650204,0,60,3.0,8,0.037122874035342125
10.565,1.0669166579899869e-05,78.86306836805602,0,60,3.0,8,0.03207219689543576
10.57,7.06526633560511e-06,78.6709028806394,0,60,3.0,8,0.027550656015044778
10.575,4.641847214699205e-06,78.5000926295495,0,60,3.0,8,0.023531591283517627
10.58,3.025641074479182e-06,78.34932849723454,0,60,3.0,8,0.0199841999349303
10.585,1.9566278676921314e-06,78.21717853497664,0,60,3.0,8,0.01687478905827387
10.59,1.2553456560008793e-06,78.10213654545474,0,60,3.0,8,0.014167918716582134
10.595,7.990660428214668e-07,78.00266518625371,0,60,3.0,8,0.011827416147146068
10.6,5.046221251618276e-07,77.91723309183077,0,60,3.0,8,0.009817249219547448
10.605,3.1616527078858815e-07,77.84434580911395,0,60,3.0,8,0.008102254332092851
10.61,1.9652884407760343e-07,77.78257060052039,0,60,3.0,8,0.006648720012244399
10.615,1.2120002189836396e-07,77.73055538198753,0,60,3.0,8,0.005424832517353613
10.62,7.415549848886236e-08,77.68704223011872,0,60,3.0,8,0.0044009936498522455
10.625,4.501406988770349e-08,77.65087601213253,0,60,3.0,8,0.003550023814883014
10.63,0.0,77.62100876770332,0,60,3.0,8,0.00284726512243096
10.635,0.0,77.59650050750213,0,60,3.0,8,0.002270600176520662
10.64,0.0,77.57651709501268,0,60,3.0,8,0.001800402235592374
10.645,0.0,77.56032585238711,0,60,3.0,8,0.001419431820873155
10.65,0.0,77.547289484281,0,60,3.0,8,0.0011126937477881176
10.655,0.0,77.5368588520975,0,60,3.0,8,0.0008672671081763597
10.66,0.0,77.52856506068116,0,60,3.0,8,0.0006721190748508246
10.665,0.0,77.52201124528382,0,60,3.0,8,0.0005179116537369603
10.67,0.0,77.51686437276233,0,60,3.0,8,0.00039680877087829795
10.675,0.0,77.51284730072327,0,60,3.0,8,0.00030228942878272175
10.68,0.0,77.50973127407018,0,60,3.0,8,0.00022897115459239318
10.685,0.0,77.50732898167006,0,60,3.0,8,0.000172446627530743
10.69,0.0,77.50548824744804,0,60,3.0,8,0.00012913523407158156
10.695,0.0,77.50408639034983,0,60,3.0,8,9.615036117238293e-05
10.7,0.0,77.50302525601475,0,60,3.0,8,7.118249446474532e-05
10.705,0.0,77.50222689906738,0,60,3.0,8,5.2397625114843e-05
10.71,0.0,77.50162987782451,0,60,3.0,8,3.835006645912846e-05
10.715,0.0,77.50118611196181,0,60,3.0,8,2.7908516748579237e-05
10.72,0.0,77.50085824728407,0,60,3.0,8,2.019405374285805e-05
10.725,0.0,77.50061746921084,0,60,3.0,8,1.4528687313820816e-05
10.73,0.0,77.5004417070119,0,60,3.0,8,1.0393106162395911e-05
10.735,0.0,77.50031417338934,0,60,3.0,8,7.392315043328862e-06
10.74,0.0,77.50022218800947,0,60,3.0,8,5.227953164087333e-06
10.745,0.0,77.50015623846248,0,60,3.0,8,3.6761991171876133e-06
10.75,0.0,77.50010923741436,0,60,3.0,8,2.570292102679078e-06
10.755,0.0,77.50007594006851,0,60,3.0,8,1.7868251414738017e-06
10.76,0.0,77.50005249122094,0,60,3.0,8,1.2350875515628158e-06
10.765,0.0,77.50003607600858,0,60,3.0,8,8.488472608004325e-07
10.77,0.001684486749771458,77.50002465280872,0,60,3.0,8,5.80066087503142e-07
10.775,0.003097557930867117,77.50001675060308,0,60,3.0,8,3.9413183719047726e-07
10.78,0.005475106668887023,77.50001131646036,0,60,3.0,8,2.6626965550616765e-07
10.785,0.00930222931468658,77.50000760163272,0,60,3.0,8,1.7886194628398002e-07
10.79,0.01519157517868857,77.5000050771416,0,60,3.0,8,1.194621551589722e-07
10.795,0.023847336626128316,77.50000337169115,0,60,3.0,8,7.93339094183038e-08
10.8,0.0359830743700859,77.50000222634475,0,60,3.0,8,5.238458229809219e-08
10.805,0.05218887796857759,77.50000146168287,0,60,3.0,8,3.439253813506666e-08
10.81,0.0727577001223134,77.50000095417937,0,60,3.0,8,2.2451279298419488e-08
10.815,0.0974992498694751,77.50000061933126,0,60,3.0,8,1.4572500236574663e-08
10.82,0.12558706050443358,77.50000039969811,0,60,3.0,8,9.404661394749863e-09
10.825,0.15549263588878245,77.50000025648225,0,60,3.0,8,6.034876525304486e-09
10.83,0.1850529723539114,77.50000016364345,0,60,3.0,8,3.850434094441452e-09
10.835,0.21169159439317053,77.50000010381405,0,60,3.0,8,2.442683420239893e-09
10.84,0.23277292922115492,77.50000006548316,0,60,3.0,8,1.5407803242423516e-09
10.845,0.24602692519491282,77.5000000410695,0,60,3.0,9,9.663411299912053e-10
10.85,0.24995056064839283,77.50000002561092,0,60,3.0,9,6.026097895194065e-10
10.855,0.24408826520424054,77.50000001587988,0,60,3.0,9,3.736441639750196e-10
10.86,0.22911894216865275,77.50000000979006,0,60,3.0,9,2.3035427682985114e-10
10.865,0.20672661788705934,77.50000000600122,0,60,3.0,9,1.412050711651853e-10
10.87,0.17928878030241233,77.50000000365772,0,60,3.0,9,8.606394551273243e-11
10.875,0.14946211903866036,77.50000000221664,0,60,3.0,9,5.215617741615621e-11
10.88,0.1197651512573837,77.50000000133566,0,60,3.0,9,3.142738879593226e-11
10.885,0.09224675744988023,77.50000000080023,0,60,3.0,9,1.8828880938064472e-11
10.89,0.06829565320281596,77.5000000004767,0,60,3.0,9,1.121654403344591e-11
10.895,0.04860224607515734,77.50000000028236,0,60,3.0,9,6.643658172619967e-12
10.9,0.03324612389699793,77.5000000001663,0,60,3.0,9,3.9128334559363255e-12
10.905,0.021859876340472782,77.50000000009737,0,60,3.0,9,2.2911241531426853e-12
10.91,0.01381595518554205,77.5000000000567,0,60,3.0,9,1.3341484779683763e-12
10.915,0.008394095110402422,77.50000000003283,0,60,3.0,9,7.724017504027442e-13
10.92,0.0049052535271608,77.50000000001889,0,60,3.0,9,4.443817862706697e-13
10.925,0.0027671663551903634,77.50000000001081,0,60,3.0,9,2.5445789266514647e-13
10.93,0.0015425553464444616,77.50000000000615,0,60,3.0,9,1.4478353156899923e-13
10.935,0.0009638206637011801,77.50000000000348,0,60,3.0,9,8.192139776998802e-14
10.94,0.0009804935156568228,77.50000000000196,0,60,3.0,9,4.614348119289121e-14
10.945,0.0018793744894085216,77.5000000000011,0,60,3.0,9,2.5746725013424807e-14
10.95,0.004535525206900863,77.50000000000061,0,60,3.0,9,1.4378041241263203e-14
10.955,0.010832767979632273,77.50000000000034,0,60,3.0,9,8.024953250937602e-15
10.96,0.024208003392322392,77.50000000000018,0,60,3.0,9,4.3468496775912015e-15
10.965,0.0500971897335304,77.5000000000001,0,60,3.0,9,2.3406113648568006e-15
10.97,0.09582894921774403,77.50000000000006,0,60,3.0,9,1.3374922084896003e-15
10.975,0.16937896721820658,77.50000000000003,0,60,3.0,9,6.687461042448002e-16
10.98,0.27661303008991756,77.50000000000001,0,60,3.0,9,3.343730521224001e-16
10.985,0.4173782800009149,77.50000000000001,0,60,3.0,9,3.343730521224001e-16
10.99,0.5818720934538056,77.5,0,60,3.0,9,0.0
10.995,0.7494718801585675,77.5,0,60,3.0,9,0.0
11.0,0.891813020752378,77.5,0,60,3.0,9,0.0
11.005,0.9800361632936612,77.5,0,60,3.0,9,0.0
11.01,0.993574479225126,77.5,1,60,3.0,9,0.0
11.015,0.9263438449375362,77.5,0,60,3.0,9,0.0
11.02,0.7873015962290536,77.5,0,60,3.0,9,0.0
11.025,0.5959516244629897,77.5,0,60,3.0,9,0.0
11.03,0.376910120078773,77.5,0,60,3.0,9,0.0
11.035,0.15739335672107918,77.5,0,60,3.0,9,0.0
11.04,-0.033361226269301235,77.5,0,60,3.0,9,0.0
11.045,-0.1680180840843834,77.5,0,60,3.0,9,0.0
11.05,-0.23069703190837854,77.5,0,60,3.0,9,0.0
11.055,-0.22587267821131068,77.5,0,60,3.0,9,0.0
11.06,-0.17718181630665902,77.5,0,60,3.0,9,0.0
11.065,-0.11494332516451301,77.5,0,60,3.0,9,0.0
11.07,-0.061810214049552864,77.5,0,60,3.0,9,0.0
11.075,-0.026546104631500547,77.5,0,60,3.0,9,0.0
11.08,-0.00719600351942686,77.5,0,60,3.0,9,0.0
11.085,0.0022072757983807078,77.5,0,60,3.0,9,0.0
11.09,0.006917199873730717,77.5,0,60,3.0,9,0.0
11.095,0.01004859748264829,77.5,0,60,3.0,9,0.0
11.1,0.013037082251128167,77.5,0,60,3.0,9,0.0
11.105,0.01645163937690478,77.5,0,60,3.0,9,0.0
11.11,0.020526639934696615,77.5,0,60,3.0,9,0.0
11.115,0.02539629541761738,77.5,0,60,3.0,9,0.0
11.12,0.031171612185577933,77.5,0,60,3.0,9,0.0
11.125,0.03795853426638131,77.5,0,60,3.0,9,0.0
11.13,0.0458588961882057,77.5,0,60,3.0,9,0.0
11.135,0.054966995891435555,77.5,0,60,3.0,9,0.0
11.14,0.06536491004445595,77.5,0,60,3.0,9,0.0
11.145,0.07711726085088699,77.5,0,60,3.0,9,0.0
11.15,0.09026570629555215,77.5,0,60,3.0,9,0.0
11.155,0.10482339848670268,77.5,0,60,3.0,9,0.0
11.16,0.12076968927580028,77.5,0,60,3.0,9,0.0
11.165,0.13804539501007884,77.5,0,60,3.0,9,0.0
11.17,0.15654895051787066,77.5,0,60,3.0,9,0.0
11.175,0.17613378141900526,77.5,0,60,3.0,9,0.0
11.18,0.19660720058055794,77.5,0,60,3.0,9,0.0
11.185,0.21773108748496234,77.5,0,60,3.0,9,0.0
11.19,0.23922453870058807,77.5,0,60,3.0,9,0.0
11.195,0.2607685857914563,77.5,0,60,3.0,9,0.0
11.2,0.2820129681603682,77.5,0,60,3.0,9,0.0
11.205,0.30258482867153996,77.5,0,60,3.0,9,0.0
11.21,0.3220990771751686,77.5,0,60,3.0,9,0.0
11.215,0.3401700499968971,77.5,0,60,3.0,9,0.0
11.22,0.3564239911198326,77.5,0,60,3.0,9,0.0
11.225,0.3705118017738417,77.5,0,60,3.0,9,0.0
11.23,0.3821214567925213,77.5,0,60,3.0,9,0.0
11.235,0.39098947374066967,77.5,0,60,3.0,9,0.0
11.24,0.3969108472035567,77.5,0,60,3.0,9,0.0
11.245,0.3997469255491936,77.5,0,60,3.0,9,0.0
11.25,0.3994308076379137,77.5,0,60,3.0,9,0.0
11.255,0.3959699661768434,77.5,0,60,3.0,9,0.0
11.26,0.38944595408114946,77.5,0,60,3.0,9,0.0
11.265,0.38001120995358023,77.5,0,60,3.0,9,0.0
11.27,0.3678831374098315,77.5,0,60,3.0,9,0.0
11.275,0.35333577933796634,77.5,0,60,3.0,9,0.0
11.28,0.33668953221163944,77.5,0,60,3.0,9,0.0
11.285,0.3182994390982644,77.5,0,60,3.0,9,0.0
11.29,0.29854265738230645,77.5,0,60,3.0,9,0.0
11.295,0.2778057157821067,77.5,0,60,3.0,9,0.0
11.3,0.2564721553719815,77.5,0,60,3.0,9,0.0
11.305,0.23491109433464996,77.5,0,60,3.0,9,0.0
11.31,0.21346717185309805,77.5,0,60,3.0,9,0.0
11.315,0.19245222055656455,77.5,0,60,3.0,9,0.0
11.32,0.17213889801761392,77.5,0,60,3.0,9,0.0
11.325,0.15275638501270183,77.5,0,60,3.0,9,0.0
11.33,0.13448814019607322,77.5,0,60,3.0,9,0.0
11.335,0.11747159495449566,77.5,0,60,3.0,9,0.0
11.34,0.10179958433370105,77.5,0,60,3.0,9,0.0
11.345,0.08752324394101413,77.5,0,60,3.0,9,0.0
11.35,0.07465606047174059,77.5,0,60,3.0,9,0.0
11.355,0.0631787448609295,77.5,0,60,3.0,9,0.0
11.36,0.05304460019959574,77.5,0,60,3.0,9,0.0
11.365,0.044185078305849994,77.5,0,60,3.0,9,0.0
11.37,0.03651525513023255,77.5,0,60,3.0,9,0.0
11.375,0.0299390014708757,77.5,0,60,3.0,9,0.0
11.38,0.024353677220580638,77.5,0,60,3.0,9,0.0
11.385,0.01965423034339045,77.5,0,60,3.0,9,0.0
11.39,0.015736632374757337,77.5,0,60,3.0,9,0.0
11.395,0.012500627640593535,77.5,0,60,3.0,9,0.0
11.4,0.009851811652115898,77.5,0,60,3.0,9,0.0
11.405,0.007703084175428559,77.5,0,60,3.0,9,0.0
11.41,0.005975544002062424,77.5,0,60,3.0,9,0.0
11.415,0.004598905818663047,77.5,0,60,3.0,9,0.0
11.42,0.0035115256454839104,77.5,0,60,3.0,9,0.0
11.425,0.002660121266303676,77.5,0,60,3.0,9,0.0
11.43,0.0019992692560877024,77.5,0,60,3.0,9,0.0
11.435,0.0014907520044639367,77.5,0,60,3.0,9,0.0
11.44,0.0011028178277539807,77.5,0,60,3.0,9,0.0
11.445,0.0008094059938923333,77.5,0,60,3.0,9,0.0
11.45,0.0005893771793717645,77.5,0,60,3.0,9,0.0
11.455,0.0004257792353490551,77.5,0,60,3.0,9,0.0
11.46,0.0003051686392901525,77.5,0,60,3.0,9,0.0
11.465,0.00021699992642659966,77.5,0,60,3.0,9,0.0
11.47,0.00015308884054097838,77.5,0,60,3.0,9,0.0
11.475,0.00010714989329311098,77.5,0,60,3.0,9,0.0
11.48,7.440535854020571e-05,77.5,0,60,3.0,9,0.0
11.485,5.1260276743925106e-05,77.5,0,60,3.0,9,0.0
11.49,3.503659887882241e-05,77.5,0,60,3.0,9,0.0
11.495,2.375894748103639e-05,77.5,0,60,3.0,9,0.0
11.5,1.5984413869232557e-05,77.5,0,60,3.0,9,0.0
11.505,1.0669166579899869e-05,77.5,0,60,3.0,9,0.0
11.51,7.06526633560511e-06,77.5,0,60,3.0,9,0.0
11.515,4.641847214699205e-06,77.5,0,60,3.0,9,0.0
11.52,3.025641074479182e-06,77.5,0,60,3.0,9,0.0
11.525,1.9566278676921314e-06,77.5,0,60,3.0,9,0.0
11.53,1.2553456560008793e-06,77.5,0,60,3.0,9,0.0
11.535,7.990660428214668e-07,77.5,0,60,3.0,9,0.0
11.54,5.046221251618276e-07,77.5,0,60,3.0,9,0.0
11.545,3.1616527078858815e-07,77.5,0,60,3.0,9,0.0
11.55,1.9652884407760343e-07,77.5,0,60,3.0,9,0.0
11.555,1.2120002189836396e-07,77.5,0,60,3.0,9,0.0
11.56,7.415549848886236e-08,77.5,0,60,3.0,9,0.0
11.565,4.501406988770349e-08,77.5,0,60,3.0,9,0.0
11.57,0.0,77.5,0,60,3.0,9,0.0
11.575,0.0,77.5,0,60,3.0,9,0.0
11.58,0.0,77.5,0,60,3.0,9,0.0
11.585,0.0,77.5,0,60,3.0,9,0.0
11.59,0.0,77.5,0,60,3.0,9,0.0
11.595,0.0,77.5,0,60,3.0,9,0.0
11.6,0.0,77.5,0,60,3.0,9,0.0
11.605,0.0,77.5,0,60,3.0,9,0.0
11.61,0.0,77.5,0,60,3.0,9,0.0
11.615,0.0,77.5,0,60,3.0,9,0.0
11.62,0.0,77.5,0,60,3.0,9,0.0
11.625,0.0,77.5,0,60,3.0,9,0.0
11.63,0.0,77.5,0,60,3.0,9,0.0
11.635,0.0,77.5,0,60,3.0,9,0.0
11.64,0.0,77.5,0,60,3.0,9,0.0
11.645,0.0,77.5,0,60,3.0,9,0.0
11.65,0.0,77.5,0,60,3.0,9,0.0
11.655,0.0,77.5,0,60,3.0,9,0.0
11.66,0.0,77.5,0,60,3.0,9,0.0
11.665,0.0,77.5,0,60,3.0,9,0.0
11.67,0.0,77.5,0,60,3.0,9,0.0
11.675,0.0,77.5,0,60,3.0,9,0.0
11.68,0.0,77.5,0,60,3.0,9,0.0
11.685,0.0,77.5,0,60,3.0,9,0.0
11.69,0.0,77.5,0,60,3.0,9,0.0
11.695,0.0,77.5,0,60,3.0,9,0.0
11.7,0.0,77.5,0,60,3.0,9,0.0
11.705,0.0,77.5,0,60,3.0,9,0.0
11.71,0.0,77.5,0,60,3.0,9,0.0
11.715,0.0,77.5,0,60,3.0,9,0.0
11.72,0.0,77.5,0,60,3.0,9,0.0
11.725,0.0,77.5,0,60,3.0,9,0.0
11.73,0.0,77.5,0,60,3.0,9,0.0
11.735,0.0,77.5,0,60,3.0,9,0.0
11.74,0.0,77.5,0,60,3.0,9,0.0
11.745,0.0,77.5,0,60,3.0,9,0.0
11.75,0.0,77.5,0,60,3.0,9,0.0
11.755,0.0,77.5,0,60,3.0,9,0.0
11.76,0.0,77.5,0,60,3.0,9,0.0
11.765,0.0,77.5,0,60,3.0,9,0.0
11.77,0.0,77.5,0,60,3.0,9,0.0
11.775,0.0,77.5,0,60,3.0,9,0.0
11.78,0.0,77.5,0,60,3.0,9,0.0
11.785,0.0,77.5,0,60,3.0,9,0.0
11.79,0.0,77.5,0,60,3.0,9,0.0
11.795,0.0,77.5,0,60,3.0,9,0.0
11.8,0.0,77.5,0,60,3.0,9,0.0
11.805,0.0,77.5,0,60,3.0,9,0.0
11.81,0.0,77.5,0,60,3.0,9,0.0
11.815,0.0,77.5,0,60,3.0,9,0.0
11.82,0.0,77.5,0,60,3.0,9,0.0
11.825,0.0,77.5,0,60,3.0,9,0.0
11.83,0.0,77.5,0,60,3.0,9,0.0
11.835,0.0,77.5,0,60,3.0,9,0.0
11.84,0.0,77.5,0,60,3.0,9,0.0
11.845,0.0,77.5,0,60,3.0,9,0.0
11.85,0.0,77.5,0,60,3.0,9,0.0
11.855,0.0,77.5,0,60,3.0,9,0.0
11.86,0.0,77.5,0,60,3.0,9,0.0
11.865,0.0,77.5,0,60,3.0,9,0.0
11.87,0.0,77.5,0,60,3.0,9,0.0
11.875,0.0,77.5,0,60,3.0,9,0.0
11.88,0.0,77.5,0,60,3.0,9,0.0
11.885,0.0,77.5,0,60,3.0,9,0.0
11.89,0.0,77.5,0,60,3.0,9,0.0
11.895,0.0,77.5,0,60,3.0,9,0.0
11.9,0.0,77.5,0,60,3.0,9,0.0
11.905,0.0,77.5,0,60,3.0,9,0.0
11.91,0.0,77.5,0,60,3.0,9,0.0
11.915,0.0,77.5,0,60,3.0,9,0.0
11.92,0.0,77.5,0,60,3.0,9,0.0
11.925,0.0,77.5,0,60,3.0,9,0.0
11.93,0.0,77.5,0,60,3.0,9,0.0
11.935,0.0,77.5,0,60,3.0,9,0.0
11.94,0.0,77.5,0,60,3.0,9,0.0
11.945,0.0,77.5,0,60,3.0,9,0.0
11.95,0.0,77.5,0,60,3.0,9,0.0
11.955,0.0,77.5,0,60,3.0,9,0.0
11.96,0.0,77.5,0,60,3.0,9,0.0
11.965,0.0,77.5,0,60,3.0,9,0.0
11.97,0.0,77.5,0,60,3.0,9,0.0
11.975,0.0,77.5,0,60,3.0,9,0.0
11.98,0.0,77.5,0,60,3.0,9,0.0
11.985,0.0,77.5,0,60,3.0,9,0.0
11.99,0.0,77.5,0,60,3.0,9,0.0
11.995,0.0,77.5,0,60,3.0,9,0.0
