Time,ECG,Pressure,R_Peaks,mean_hr,hrv_scale,Phase_Bin,Normalized_Pressure
0.0,0.001684486749771458,77.5,0,60,3.0,0,0.0
0.005,0.003097557930867117,77.5,0,60,3.0,0,0.0
0.01,0.005475106668887023,77.5,0,60,3.0,0,0.0
0.015,0.00930222931468658,77.5,0,60,3.0,0,0.0
0.02,0.01519157517868857,77.5,0,60,3.0,0,0.0
0.025,0.023847336626128316,77.5,0,60,3.0,0,0.0
0.03,0.0359830743700859,77.5,0,60,3.0,0,0.0
0.035,0.05218887796857759,77.5,0,60,3.0,0,0.0
0.04,0.0727577001223134,77.5,0,60,3.0,0,0.0
0.045,0.0974992498694751,77.5,0,60,3.0,0,0.0
0.05,0.12558706050443358,77.5,0,60,3.0,0,0.0
0.055,0.15549263588878245,77.5,0,60,3.0,0,0.0
0.06,0.1850529723539114,77.5,0,60,3.0,0,0.0
0.065,0.21169159439317053,77.5,0,60,3.0,0,0.0
0.07,0.23277292922115492,77.5,0,60,3.0,0,0.0
0.075,0.24602692519491282,77.5,0,60,3.0,0,0.0
0.08,0.24995056064839283,77.5,0,60,3.0,0,0.0
0.085,0.24408826520424054,77.5,0,60,3.0,0,0.0
0.09,0.22911894216865275,77.5,0,60,3.0,0,0.0
0.095,0.20672661788705934,77.5,0,60,3.0,0,0.0
0.1,0.17928878030241233,77.5,0,60,3.0,0,0.0
0.105,0.14946211903866036,77.5,0,60,3.0,0,0.0
0.11,0.1197651512573837,77.5,0,60,3.0,0,0.0
0.115,0.09224675744988023,77.5,0,60,3.0,0,0.0
0.12,0.06829565320281596,77.5,0,60,3.0,0,0.0
0.125,0.04860224607515734,77.5,0,60,3.0,0,0.0
0.13,0.03324612389699793,77.5,0,60,3.0,0,0.0
0.135,0.021859876340472782,77.5,0,60,3.0,0,0.0
0.14,0.01381595518554205,77.5,0,60,3.0,0,0.0
0.145,0.008394095110402422,77.5,0,60,3.0,0,0.0
0.15,0.0049052535271608,77.5,0,60,3.0,0,0.0
0.155,0.0027671663551903634,77.5,0,60,3.0,0,0.0
0.16,0.0015425553464444616,77.5,0,60,3.0,0,0.0
0.165,0.0009638206637011801,77.5,0,60,3.0,0,0.0
0.17,0.0009804935156568228,77.5,0,60,3.0,0,0.0
0.175,0.0018793744894085216,77.5,0,60,3.0,0,0.0
0.18,0.004535525206900863,77.5,0,60,3.0,0,0.0
0.185,0.010832767979632273,77.5,0,60,3.0,0,0.0
0.19,0.024208003392322392,77.5,0,60,3.0,0,0.0
0.195,0.0500971897335304,77.5,0,60,3.0,0,0.0
0.2,0.09582894921774403,77.5,0,60,3.0,0,0.0
0.205,0.16937896721820658,77.5,0,60,3.0,0,0.0
0.21,0.27661303008991756,77.5,0,60,3.0,0,0.0
0.215,0.4173782800009149,77.5,0,60,3.0,0,0.0
0.22,0.5818720934538056,77.5,0,60,3.0,0,0.0
0.225,0.7494718801585675,77.5,0,60,3.0,0,0.0
0.23,0.891813020752378,77.5,0,60,3.0,0,0.0
0.235,0.9800361632936612,77.5,0,60,3.0,0,0.0
0.24,0.993574479225126,77.5,0,60,3.0,0,0.0
0.245,0.9263438449375362,77.5,0,60,3.0,0,0.0
0.25,0.7873015962290536,77.5,0,60,3.0,0,0.0
0.255,0.5959516244629897,77.5,0,60,3.0,0,0.0
0.26,0.376910120078773,77.5,0,60,3.0,0,0.0
0.265,0.15739335672107918,77.5,0,60,3.0,0,0.0
0.27,-0.033361226269301235,77.5,0,60,3.0,0,0.0
0.275,-0.1680180840843834,77.5,0,60,3.0,0,0.0
0.28,-0.23069703190837854,77.5,0,60,3.0,0,0.0
0.285,-0.22587267821131068,77.5,0,60,3.0,0,0.0
0.29,-0.17718181630665902,77.5,0,60,3.0,0,0.0
0.295,-0.11494332516451301,77.5,0,60,3.0,0,0.0
0.3,-0.061810214049552864,77.5,0,60,3.0,0,0.0
0.305,-0.026546104631500547,77.5,0,60,3.0,0,0.0
0.31,-0.00719600351942686,77.5,0,60,3.0,0,0.0
0.315,0.0022072757983807078,77.5,0,60,3.0,0,0.0
0.32,0.006917199873730717,77.5,0,60,3.0,0,0.0
0.325,0.01004859748264829,77.5,0,60,3.0,0,0.0
0.33,0.013037082251128167,77.5,0,60,3.0,0,0.0
0.335,0.01645163937690478,77.5,0,60,3.0,0,0.0
0.34,0.020526639934696615,77.5,0,60,3.0,0,0.0
0.345,0.02539629541761738,77.5,0,60,3.0,0,0.0
0.35,0.031171612185577933,77.5,0,60,3.0,0,0.0
0.355,0.03795853426638131,77.5,0,60,3.0,0,0.0
0.36,0.0458588961882057,77.5,0,60,3.0,0,0.0
0.365,0.054966995891435555,77.5,0,60,3.0,0,0.0
0.37,0.06536491004445595,77.5,0,60,3.0,0,0.0
0.375,0.07711726085088699,77.5,0,60,3.0,0,0.0
0.38,0.09026570629555215,77.5,0,60,3.0,0,0.0
0.385,0.10482339848670268,77.5,0,60,3.0,0,0.0
0.39,0.12076968927580028,77.5,0,60,3.0,0,0.0
0.395,0.13804539501007884,77.5,0,60,3.0,0,0.0
0.4,0.15654895051787066,77.5,0,60,3.0,0,0.0
0.405,0.17613378141900526,77.5,0,60,3.0,0,0.0
0.41,0.19660720058055794,77.5,0,60,3.0,0,0.0
0.415,0.21773108748496234,77.5,0,60,3.0,0,0.0
0.42,0.23922453870058807,77.5,0,60,3.0,0,0.0
0.425,0.2607685857914563,77.5,0,60,3.0,0,0.0
0.43,0.2820129681603682,77.5,0,60,3.0,0,0.0
0.435,0.30258482867153996,77.5,0,60,3.0,0,0.0
0.44,0.3220990771751686,77.5,0,60,3.0,0,0.0
0.445,0.3401700499968971,77.5,0,60,3.0,0,0.0
0.45,0.3564239911198326,77.5,0,60,3.0,0,0.0
0.455,0.3705118017738417,77.5,0,60,3.0,0,0.0
0.46,0.3821214567925213,77.5,0,60,3.0,0,0.0
0.465,0.39098947374066967,77.5,0,60,3.0,0,0.0
0.47,0.3969108472035567,77.5,0,60,3.0,0,0.0
0.475,0.3997469255491936,77.5,0,60,3.0,0,0.0
0.48,0.3994308076379137,77.5,0,60,3.0,0,0.0
0.485,0.3959699661768434,77.5,0,60,3.0,0,0.0
0.49,0.38944595408114946,77.5,0,60,3.0,0,0.0
0.495,0.38001120995358023,77.5,0,60,3.0,0,0.0
0.5,0.3678831374098315,77.5,0,60,3.0,0,0.0
0.505,0.35333577933796634,77.5,0,60,3.0,0,0.0
0.51,0.33668953221163944,77.5,0,60,3.0,0,0.0
0.515,0.3182994390982644,77.5,0,60,3.0,0,0.0
0.52,0.29854265738230645,77.5,0,60,3.0,0,0.0
0.525,0.2778057157821067,77.5,0,60,3.0,0,0.0
0.53,0.2564721553719815,77.5,0,60,3.0,0,0.0
0.535,0.23491109433464996,77.5,0,60,3.0,0,0.0
0.54,0.21346717185309805,77.5,0,60,3.0,0,0.0
0.545,0.19245222055656455,77.5,0,60,3.0,0,0.0
0.55,0.17213889801761392,77.5,0,60,3.0,0,0.0
0.555,0.15275638501270183,77.5,0,60,3.0,0,0.0
0.56,0.13448814019607322,77.5,0,60,3.0,0,0.0
0.565,0.11747159495449566,77.5,0,60,3.0,0,0.0
0.57,0.10179958433370105,77.5,0,60,3.0,0,0.0
0.575,0.08752324394101413,77.5,0,60,3.0,0,0.0
0.58,0.07465606047174059,77.5,0,60,3.0,0,0.0
0.585,0.0631787448609295,77.5,0,60,3.0,0,0.0
0.59,0.05304460019959574,77.5,0,60,3.0,0,0.0
0.595,0.044185078305849994,77.5,0,60,3.0,0,0.0
0.6,0.03651525513023255,77.5,0,60,3.0,0,0.0
0.605,0.0299390014708757,77.5,0,60,3.0,0,0.0
0.61,0.024353677220580638,77.5,0,60,3.0,0,0.0
0.615,0.01965423034339045,77.5,0,60,3.0,0,0.0
0.62,0.015736632374757337,77.5,0,60,3.0,0,0.0
0.625,0.012500627640593535,77.5,0,60,3.0,0,0.0
0.63,0.009851811652115898,77.5,0,60,3.0,0,0.0
0.635,0.007703084175428559,77.5,0,60,3.0,0,0.0
0.64,0.005975544002062424,77.5,0,60,3.0,0,0.0
0.645,0.004598905818663047,77.5,0,60,3.0,0,0.0
0.65,0.0035115256454839104,77.5,0,60,3.0,0,0.0
0.655,0.002660121266303676,77.5,0,60,3.0,0,0.0
0.66,0.0019992692560877024,77.5,0,60,3.0,0,0.0
0.665,0.0014907520044639367,77.5,0,60,3.0,0,0.0
0.67,0.0011028178277539807,77.5,0,60,3.0,0,0.0
0.675,0.0008094059938923333,77.5,0,60,3.0,0,0.0
0.68,0.0005893771793717645,77.5,0,60,3.0,0,0.0
0.685,0.0004257792353490551,77.5,0,60,3.0,0,0.0
0.69,0.0003051686392901525,77.5,0,60,3.0,0,0.0
0.695,0.00021699992642659966,77.5,0,60,3.0,0,0.0
0.7,0.00015308884054097838,77.5,0,60,3.0,0,0.0
0.705,0.00010714989329311098,77.5,0,60,3.0,0,0.0
0.71,7.440535854020571e-05,77.5,0,60,3.0,0,0.0
0.715,5.1260276743925106e-05,77.5,0,60,3.0,0,0.0
0.72,3.503659887882241e-05,77.5,0,60,3.0,0,0.0
0.725,2.375894748103639e-05,77.5,0,60,3.0,0,0.0
0.73,1.5984413869232557e-05,77.5,0,60,3.0,0,0.0
0.735,1.0669166579899869e-05,77.5,0,60,3.0,0,0.0
0.74,7.06526633560511e-06,77.5,0,60,3.0,0,0.0
0.745,4.641847214699205e-06,77.5,0,60,3.0,0,0.0
0.75,3.025641074479182e-06,77.5,0,60,3.0,0,0.0
0.755,1.9566278676921314e-06,77.5,0,60,3.0,0,0.0
0.76,1.2553456560008793e-06,77.5,0,60,3.0,0,0.0
0.765,7.990660428214668e-07,77.5,0,60,3.0,0,0.0
0.77,5.046221251618276e-07,77.5,0,60,3.0,0,0.0
0.775,3.1616527078858815e-07,77.5,0,60,3.0,0,0.0
0.78,1.9652884407760343e-07,77.5,0,60,3.0,0,0.0
0.785,1.2120002189836396e-07,77.5,0,60,3.0,0,0.0
0.79,7.415549848886236e-08,77.5,0,60,3.0,0,0.0
0.795,4.501406988770349e-08,77.5,0,60,3.0,0,0.0
0.8,0.0,77.5,0,60,3.0,0,0.0
0.805,0.0,77.5,0,60,3.0,0,0.0
0.81,0.0,77.5,0,60,3.0,0,0.0
0.815,0.0,77.5,0,60,3.0,0,0.0
0.82,0.0,77.5,0,60,3.0,0,0.0
0.825,0.0,77.5,0,60,3.0,0,0.0
0.83,0.0,77.5,0,60,3.0,0,0.0
0.835,0.0,77.5,0,60,3.0,0,0.0
0.84,0.0,77.5,0,60,3.0,0,0.0
0.845,0.0,77.5,0,60,3.0,0,0.0
0.85,0.0,77.5,0,60,3.0,0,0.0
0.855,0.0,77.5,0,60,3.0,0,0.0
0.86,0.0,77.5,0,60,3.0,0,0.0
0.865,0.0,77.5,0,60,3.0,0,0.0
0.87,0.0,77.5,0,60,3.0,0,0.0
0.875,0.0,77.5,0,60,3.0,0,0.0
0.88,0.0,77.5,0,60,3.0,0,0.0
0.885,0.0,77.5,0,60,3.0,0,0.0
0.89,0.0,77.5,0,60,3.0,0,0.0
0.895,0.0,77.5,0,60,3.0,0,0.0
0.9,0.0,77.5,0,60,3.0,0,0.0
0.905,0.0,77.5,0,60,3.0,0,0.0
0.91,0.0,77.5,0,60,3.0,0,0.0
0.915,0.0,77.5,0,60,3.0,0,0.0
0.92,0.0,77.5,0,60,3.0,0,0.0
0.925,0.0,77.5,0,60,3.0,0,0.0
0.93,0.0,77.5,0,60,3.0,0,0.0
0.935,0.0,77.5,0,60,3.0,0,0.0
0.94,0.0,77.5,0,60,3.0,0,0.0
0.945,0.0,77.5,0,60,3.0,0,0.0
0.95,0.0,77.5,0,60,3.0,0,0.0
0.955,0.0,77.5,0,60,3.0,0,0.0
0.96,0.0,77.5,0,60,3.0,0,0.0
0.965,0.0,77.5,0,60,3.0,0,0.0
0.97,0.0,77.5,0,60,3.0,0,0.0
0.975,0.0,77.5,0,60,3.0,0,0.0
0.98,0.0,77.5,0,60,3.0,0,0.0
0.985,0.0,77.5,0,60,3.0,0,0.0
0.99,0.0,77.5,0,60,3.0,0,0.0
0.995,0.0,77.5,0,60,3.0,0,0.0
1.0,0.0,77.5,0,60,3.0,0,0.0
1.005,0.0,77.5,0,60,3.0,0,0.0
1.01,0.0,77.5,0,60,3.0,0,0.0
1.015,0.0,77.5,0,60,3.0,0,0.0
1.02,0.0,77.5,0,60,3.0,0,0.0
1.025,0.0,77.5,0,60,3.0,0,0.0
1.03,0.0,77.5,0,60,3.0,0,0.0
1.035,0.0,77.5,0,60,3.0,0,0.0
1.04,0.0,77.5,0,60,3.0,0,0.0
1.045,0.0,77.5,0,60,3.0,0,0.0
1.05,0.001684486749771458,77.5,0,60,3.0,0,0.0
1.055,0.003097557930867117,77.5,0,60,3.0,0,0.0
1.06,0.005475106668887023,77.5,0,60,3.0,0,0.0
1.065,0.00930222931468658,77.5,0,60,3.0,0,0.0
1.07,0.01519157517868857,77.5,0,60,3.0,0,0.0
1.075,0.023847336626128316,77.5,0,60,3.0,0,0.0
1.08,0.0359830743700859,77.5,0,60,3.0,0,0.0
1.085,0.05218887796857759,77.5,0,60,3.0,0,0.0
1.09,0.0727577001223134,77.5,0,60,3.0,0,0.0
1.095,0.0974992498694751,77.5,0,60,3.0,0,0.0
1.1,0.12558706050443358,77.5,0,60,3.0,0,0.0
1.105,0.15549263588878245,77.5,0,60,3.0,0,0.0
1.11,0.1850529723539114,77.5,0,60,3.0,0,0.0
1.115,0.21169159439317053,77.5,0,60,3.0,0,0.0
1.12,0.23277292922115492,77.5,0,60,3.0,0,0.0
1.125,0.24602692519491282,77.5,0,60,3.0,0,0.0
1.13,0.24995056064839283,77.5,0,60,3.0,0,0.0
1.135,0.24408826520424054,77.5,0,60,3.0,0,0.0
1.14,0.22911894216865275,77.5,0,60,3.0,0,0.0
1.145,0.20672661788705934,77.5,0,60,3.0,0,0.0
1.15,0.17928878030241233,77.5,0,60,3.0,0,0.0
1.155,0.14946211903866036,77.5,0,60,3.0,0,0.0
1.16,0.1197651512573837,77.5,0,60,3.0,0,0.0
1.165,0.09224675744988023,77.5,0,60,3.0,0,0.0
1.17,0.06829565320281596,77.5,0,60,3.0,0,0.0
1.175,0.04860224607515734,77.5,0,60,3.0,0,0.0
1.18,0.03324612389699793,77.5,0,60,3.0,0,0.0
1.185,0.021859876340472782,77.5,0,60,3.0,0,0.0
1.19,0.01381595518554205,77.5,0,60,3.0,0,0.0
1.195,0.008394095110402422,77.5,0,60,3.0,0,0.0
1.2,0.0049052535271608,77.5,0,60,3.0,0,0.0
1.205,0.0027671663551903634,77.5,0,60,3.0,1,0.0
1.21,0.0015425553464444616,77.5,0,60,3.0,1,0.0
1.215,0.0009638206637011801,77.5,0,60,3.0,1,0.0
1.22,0.0009804935156568228,77.5,0,60,3.0,1,0.0
1.225,0.0018793744894085216,77.5,0,60,3.0,1,0.0
1.23,0.004535525206900863,77.5,0,60,3.0,1,0.0
1.235,0.010832767979632273,77.5,0,60,3.0,1,0.0
1.24,0.024208003392322392,77.5,0,60,3.0,1,0.0
1.245,0.0500971897335304,77.5,0,60,3.0,1,0.0
1.25,0.09582894921774403,77.5,0,60,3.0,1,0.0
1.255,0.16937896721820658,77.5,0,60,3.0,1,0.0
1.26,0.27661303008991756,77.5,0,60,3.0,1,0.0
1.265,0.4173782800009149,77.5,0,60,3.0,1,0.0
1.27,0.5818720934538056,77.5,0,60,3.0,1,0.0
1.275,0.7494718801585675,77.5,0,60,3.0,1,0.0
1.28,0.891813020752378,77.5,0,60,3.0,1,0.0
1.285,0.9800361632936612,77.5,0,60,3.0,1,0.0
1.29,0.993574479225126,77.50000249070214,1,60,3.0,1,5.8604756331453034e-08
1.295,0.9263438449375362,77.5000037748439,0,60,3.0,1,8.881985656765156e-08
1.3,0.7873015962290536,77.500005833579,0,60,3.0,1,1.372606822555741e-07
1.305,0.5959516244629897,77.50000928366461,0,60,3.0,1,2.1843916730337214e-07
1.31,0.376910120078773,77.500015361103,0,60,3.0,1,3.6143771754883777e-07
1.315,0.15739335672107918,77.50002659138995,0,60,3.0,1,6.256797636230177e-07
1.32,-0.033361226269301235,77.50004815927716,0,60,3.0,1,1.133159462503553e-06
1.325,-0.1680180840843834,77.5000906430617,0,60,3.0,1,2.1327779222701793e-06
1.33,-0.23069703190837854,77.50017533177136,0,60,3.0,1,4.1254534437484836e-06
1.335,-0.22587267821131068,77.50034427932519,0,60,3.0,1,8.100690004486001e-06
1.34,-0.17718181630665902,77.50067876339347,0,60,3.0,1,1.5970903375679934e-05
1.345,-0.11494332516451301,77.50133214821588,0,60,3.0,1,3.1344663903061755e-05
1.35,-0.061810214049552864,77.5025865477528,0,60,3.0,1,6.085994712467415e-05
1.355,-0.026546104631500547,77.50494731977106,0,60,3.0,1,0.00011640752402500125
1.36,-0.00719600351942686,77.50929523851232,0,60,3.0,1,0.00021871149440759086
1.365,0.0022072757983807078,77.5171226889302,0,60,3.0,1,0.0004028867983576594
1.37,0.006917199873730717,77.53088616090623,0,60,3.0,1,0.0007267331977937588
1.375,0.01004859748264829,77.55451044219848,0,60,3.0,1,0.0012825986399641752
1.38,0.013037082251128167,77.59407677734065,0,60,3.0,1,0.00221357123154462
1.385,0.01645163937690478,77.65871339087008,0,60,3.0,1,0.003734432726354739
1.39,0.020526639934696615,77.76167727564739,0,60,3.0,1,0.006157112368173798
1.395,0.02539629541761738,77.92156705033047,0,60,3.0,1,0.009919224713658035
1.4,0.031171612185577933,78.16353698380597,0,60,3.0,1,0.01561263491308162
1.405,0.03795853426638131,78.5202964150463,0,60,3.0,1,0.02400697447167772
1.41,0.0458588961882057,79.03258899051217,0,60,3.0,1,0.036060917423815696
1.415,0.054966995891435555,79.74877354393652,0,60,3.0,1,0.05291231868085935
1.42,0.06536491004445595,80.7231018809971,0,60,3.0,1,0.07583769131757896
1.425,0.07711726085088699,82.01234009388017,0,60,3.0,1,0.1061727080912981
1.43,0.09026570629555215,83.67053603700003,0,60,3.0,1,0.1451890832235302
1.435,0.10482339848670268,85.74200698045453,0,60,3.0,1,0.1939295760106949
1.44,0.12076968927580028,88.25299216597037,0,60,3.0,1,0.25301158037577337
1.445,0.13804539501007884,91.20283520772053,0,60,3.0,1,0.3224196519463653
1.45,0.15654895051787066,94.55594843457419,0,60,3.0,1,0.40131643375468684
1.455,0.17613378141900526,98.2360618659798,0,60,3.0,1,0.48790733802305425
1.46,0.19660720058055794,102.12427180024235,0,60,3.0,1,0.5793946305939377
1.465,0.21773108748496234,106.06210749842371,0,60,3.0,1,0.672049588198205
1.47,0.23922453870058807,109.86021864616963,0,60,3.0,1,0.7614169093216383
1.475,0.2607685857914563,113.31241870434148,0,60,3.0,1,0.8426451459845055
1.48,0.2820129681603682,116.21384448755202,0,60,3.0,1,0.9109139879424005
1.485,0.30258482867153996,118.38110783857866,0,60,3.0,1,0.9619084197312625
1.49,0.3220990771751686,119.6717274950356,0,60,3.0,1,0.9922759410596611
1.495,0.3401700499968971,120.0,0,60,3.0,1,1.0
1.5,0.3564239911198326,119.34686742618811,0,60,3.0,1,0.9846321747338379
1.505,0.3705118017738417,117.76221775269957,0,60,3.0,1,0.9473463000635193
1.51,0.3821214567925213,115.35924796725743,0,60,3.0,1,0.8908058345237043
1.515,0.39098947374066967,112.30178985500262,0,60,3.0,1,0.8188656436471206
1.52,0.3969108472035567,108.78658469160068,0,60,3.0,1,0.736154933920016
1.525,0.3997469255491936,105.02318183622177,0,60,3.0,1,0.6476042784993357
1.53,0.3994308076379137,101.21431013746422,0,60,3.0,1,0.5579837679403347
1.535,0.3959699661768434,97.53923277955604,0,60,3.0,1,0.4715113595189658
1.54,0.38944595408114946,94.14185919721706,0,60,3.0,1,0.39157315758157785
1.545,0.38001120995358023,91.12443922669075,0,60,3.0,1,0.3205750406280177
1.55,0.3678831374098315,88.54671365581692,0,60,3.0,1,0.25992267425451565
1.555,0.35333577933796634,86.42962122580431,0,60,3.0,1,0.21010873472480732
1.56,0.33668953221163944,84.76217841349774,0,60,3.0,1,0.17087478619994673
1.565,0.3182994390982644,83.50998827510688,0,60,3.0,1,0.14141148882604418
1.57,0.29854265738230645,82.6239592616714,0,60,3.0,1,0.12056374733344476
1.575,0.2778057157821067,82.04813671665211,0,60,3.0,1,0.10701498156828493
1.58,0.2564721553719815,81.72596289047014,0,60,3.0,1,0.09943442095223866
1.585,0.23491109433464996,81.60468893918195,0,60,3.0,1,0.09658091621604599
1.59,0.21346717185309805,81.63799504646468,0,60,3.0,1,0.09736458932858073
1.595,0.19245222055656455,81.78709744087013,0,60,3.0,1,0.10087288096165005
1.6,0.17213889801761392,82.02073014370184,0,60,3.0,1,0.10637012102827859
1.605,0.15275638501270183,82.31440368405315,0,60,3.0,1,0.11328008668360345
1.61,0.13448814019607322,82.64929288117871,0,60,3.0,1,0.12115983249832257
1.615,0.11747159495449566,83.0110225176634,0,60,3.0,1,0.12967111806266837
1.62,0.10179958433370105,83.3885292368498,0,60,3.0,1,0.13855362910234836
1.625,0.08752324394101413,83.77309765368632,0,60,3.0,1,0.1476022977337958
1.63,0.07465606047174059,84.15760717412064,0,60,3.0,1,0.15664958056754452
1.635,0.0631787448609295,84.53598520779653,0,60,3.0,1,0.1655525931246242
1.64,0.05304460019959574,84.90283979370203,0,60,3.0,1,0.17418446573416538
1.645,0.044185078305849994,85.2532355842238,0,60,3.0,1,0.18242907256997182
1.65,0.03651525513023255,85.58257682747728,0,60,3.0,1,0.1901782782935831
1.655,0.0299390014708757,85.88656538177838,0,60,3.0,1,0.19733095015949134
1.66,0.024353677220580638,86.1612079739718,0,60,3.0,1,0.20379312879933642
1.665,0.01965423034339045,86.40285309350594,0,60,3.0,1,0.2094788963177868
1.67,0.015736632374757337,86.6082432150249,0,60,3.0,1,0.21431160505940938
1.675,0.012500627640593535,86.77457218739008,0,60,3.0,1,0.21822522793859006
1.68,0.009851811652115898,86.89954068208965,0,60,3.0,1,0.22116566310799177
1.685,0.007703084175428559,86.98140477366222,0,60,3.0,1,0.22309187702734634
1.69,0.005975544002062424,87.01901427304892,0,60,3.0,1,0.22397680642468057
1.695,0.004598905818663047,87.01183856381658,0,60,3.0,1,0.22380796620744897
1.7,0.0035115256454839104,86.95997855926363,0,60,3.0,1,0.22258773080620312
1.705,0.002660121266303676,86.86416411011633,0,60,3.0,1,0.22033327317920787
1.71,0.0019992692560877024,86.72573680860323,0,60,3.0,1,0.21707616020242895
1.715,0.0014907520044639367,86.54661868443019,0,60,3.0,1,0.21286161610423968
1.72,0.0011028178277539807,86.32926778050197,0,60,3.0,1,0.20774747718828154
1.725,0.0008094059938923333,86.0766220284689,0,60,3.0,1,0.20180287125809185
1.73,0.0005893771793717645,85.79203320823416,0,60,3.0,1,0.1951066637231567
1.735,0.0004257792353490551,85.47919306210486,0,60,3.0,1,0.18774571910834953
1.74,0.0003051686392901525,85.1420538353606,0,60,3.0,1,0.1798130314202494
1.745,0.00021699992642659966,84.78474562561813,0,60,3.0,1,0.1714057794263089
1.75,0.00015308884054097838,84.41149294219383,0,60,3.0,1,0.1626233633457372
1.755,0.00010714989329311098,84.02653280638995,0,60,3.0,1,0.15356547779741062
1.76,7.440535854020571e-05,83.63403657080012,0,60,3.0,1,0.14433027225412048
1.765,5.1260276743925106e-05,83.23803741033751,0,60,3.0,1,0.13501264494911794
1.77,3.503659887882241e-05,82.8423651525489,0,60,3.0,1,0.12570270947173867
1.775,2.375894748103639e-05,82.45058978476153,0,60,3.0,1,0.11648446552380078
1.78,1.5984413869232557e-05,82.06597461680163,0,60,3.0,1,0.1074346968659206
1.785,1.0669166579899869e-05,81.69143970684148,0,60,3.0,1,0.09862211074921126
1.79,7.06526633560511e-06,81.32953579030706,0,60,3.0,1,0.09010672447781323
1.795,4.641847214699205e-06,80.98242860237454,0,60,3.0,1,0.08193949652645977
1.8,3.025641074479182e-06,80.65189316618567,0,60,3.0,1,0.07416219214554524
1.805,1.9566278676921314e-06,80.33931734191135,0,60,3.0,1,0.06680746686850245
1.81,1.2553456560008793e-06,80.04571370388507,0,60,3.0,1,0.05989914597376636
1.815,7.990660428214668e-07,79.77173863904802,0,60,3.0,1,0.05345267385995351
1.82,5.046221251618276e-07,79.51771744188935,0,60,3.0,1,0.04747570451504343
1.825,3.1616527078858815e-07,79.28367411824715,0,60,3.0,1,0.04196880278228585
1.83,1.9652884407760343e-07,79.06936459968861,0,60,3.0,1,0.03692622587502616
1.835,1.2120002189836396e-07,78.87431210665059,0,60,3.0,1,0.03233675545060217
1.84,7.415549848886236e-08,78.69784347549275,0,60,3.0,1,0.028184552364535206
1.845,4.501406988770349e-08,78.53912537444172,0,60,3.0,1,0.024450008810393508
1.85,0.0,78.39719946787567,0,60,3.0,1,0.02111057571472155
1.855,0.0,78.27101573919998,0,60,3.0,1,0.018141546804705446
1.86,0.0,78.15946334170297,0,60,3.0,1,0.015516784510658212
1.865,0.0,78.06139850691407,0,60,3.0,1,0.013209376633272327
1.87,0.0,77.97566919470562,0,60,3.0,1,0.011192216346014514
1.875,0.0,77.9011363133772,0,60,3.0,1,0.009438501491228086
1.88,0.0,77.83669146714263,0,60,3.0,1,0.007922152168061851
1.885,0.0,77.78127129994012,0,60,3.0,1,0.006618148233885075
1.89,0.0,77.73386859662963,0,60,3.0,1,0.005502790508932562
1.895,0.0,77.69354037484015,0,60,3.0,1,0.004553891172709507
1.9,0.0,77.6594132533464,0,60,3.0,1,0.0037509000787388364
1.905,0.0,77.63068641703312,0,60,3.0,1,0.0030749745184263087
1.91,0.0,77.60663251599041,0,60,3.0,1,0.002509000376244999
1.915,0.0,77.58659683924148,0,60,3.0,1,0.002037572688034823
1.92,0.0,77.5699950944462,0,60,3.0,1,0.0016469433987340916
1.925,0.0,77.5563101061534,0,60,3.0,1,0.0013249436741977446
1.93,0.0,77.54508771925303,0,60,3.0,1,0.0010608875118360657
1.935,0.0,77.53593216351848,0,60,3.0,1,0.0008454626710230888
1.94,0.0,77.52850110161448,0,60,3.0,1,0.0006706141556348405
1.945,0.0,77.52250054847673,0,60,3.0,1,0.0005294246700406588
1.95,0.0,77.51767981603862,0,60,3.0,1,0.0004159956714970041
1.955,0.0,77.51382660505939,0,60,3.0,1,0.0003253318837504166
1.96,0.0,77.51076233615936,0,60,3.0,1,0.00025323143904375575
1.965,0.0,77.50833778567196,0,60,3.0,1,0.00019618319228129622
1.97,0.0,77.50642906890162,0,60,3.0,1,0.00015127220944999168
1.975,0.0,77.50493399394611,0,60,3.0,1,0.00011609397520260246
1.98,0.0,77.50376879333639,0,60,3.0,1,8.86774902680292e-05
1.985,0.0,77.502865228177,0,60,3.0,1,6.741713357648811e-05
1.99,0.0,77.50216804994355,0,60,3.0,1,5.101293984821228e-05
1.995,0.0,77.501632798266,0,60,3.0,1,3.841878272944942e-05
2.0,0.0,77.50122390851851,0,60,3.0,1,2.8797847494388407e-05
2.005,0.0,77.50091310046415,0,60,3.0,1,2.1484716803436587e-05
2.01,0.0,77.50067801819499,0,60,3.0,1,1.5953369293864692e-05
2.015,0.0,77.50050109181922,0,60,3.0,1,1.1790395746281908e-05
2.02,0.0,77.50036859246728,0,60,3.0,1,8.672763936053396e-06
2.025,0.0,77.5002698539488,0,60,3.0,1,6.349504677500055e-06
2.03,0.0,77.50019663656475,0,60,3.0,1,4.626742700044333e-06
2.035,0.0,77.50014261097807,0,60,3.0,1,3.3555524252653197e-06
2.04,0.0,77.5001029425252,0,60,3.0,1,2.422177063595775e-06
2.045,0.0,77.50007395879989,0,60,3.0,1,1.7402070561863238e-06
2.05,0.0,77.50005288567749,0,60,3.0,1,1.2443688821322747e-06
2.055,0.0,77.5000376391206,0,60,3.0,1,8.856263672013858e-07
2.06,0.0,77.50002666208097,0,60,3.0,1,6.273430816396714e-07
2.065,0.0,77.50001879757373,0,60,3.0,1,4.422958524815733e-07
2.07,0.0,77.50001319054469,0,60,3.0,1,3.1036575746036437e-07
2.075,0.0,77.50000921248602,0,60,3.0,1,2.167643769473002e-07
2.08,0.0,77.50000640389396,0,60,3.0,1,1.506798579451724e-07
2.085,0.001684486749771458,77.500004430621,0,60,3.0,1,1.0424990598360584e-07
2.09,0.003097557930867117,77.50000305097221,0,60,3.0,1,7.178758143227777e-08
2.095,0.005475106668887023,77.50000209105319,0,60,3.0,1,4.920125153309046e-08
2.1,0.00930222931468658,77.50000142641234,0,60,3.0,1,3.356264327896283e-08
2.105,0.01519157517868857,77.50000096845238,0,60,3.0,1,2.2787114898271874e-08
2.11,0.023847336626128316,77.50000065443217,0,60,3.0,1,1.5398404015928355e-08
2.115,0.0359830743700859,77.50000044015351,0,60,3.0,1,1.0356553262039704e-08
2.12,0.05218887796857759,77.50000029464353,0,60,3.0,1,6.9327888789249464e-09
2.125,0.0727577001223134,77.50000019631017,0,60,3.0,1,4.619062779324047e-09
2.13,0.0974992498694751,77.50000013017929,0,60,3.0,1,3.0630420657390083e-09
2.135,0.12558706050443358,77.50000008591998,0,60,3.0,1,2.021646557349253e-09
2.14,0.15549263588878245,77.50000005644164,0,60,3.0,1,1.3280384791869436e-09
2.145,0.1850529723539114,77.5000000369027,0,60,3.0,1,8.682989386322921e-10
2.15,0.21169159439317053,77.5000000240143,0,60,3.0,1,5.650423083673505e-10
2.155,0.23277292922115492,77.50000001555374,0,60,3.0,1,3.6597030242881054e-10
2.16,0.24602692519491282,77.50000001002658,0,60,3.0,1,2.3591958190937634e-10
2.165,0.24995056064839283,77.50000000643315,0,60,3.0,1,1.5136834008444567e-10
2.17,0.24408826520424054,77.50000000410817,0,60,3.0,1,9.666290251890827e-11
2.175,0.22911894216865275,77.50000000261112,0,60,3.0,1,6.143803897002191e-11
2.18,0.20672661788705934,77.5000000016518,0,60,3.0,1,3.8865851713447175e-11
2.185,0.17928878030241233,77.50000000104002,0,60,3.0,1,2.447109181957785e-11
2.19,0.14946211903866036,77.50000000065175,0,60,3.0,1,1.5335351289489637e-11
2.195,0.1197651512573837,77.5000000004065,0,60,3.0,1,9.564741155961254e-12
2.2,0.09224675744988023,77.50000000025236,0,60,3.0,1,5.9377966595895805e-12
2.205,0.06829565320281596,77.50000000015592,0,60,3.0,1,3.668741127886974e-12
2.21,0.04860224607515734,77.50000000009588,0,60,3.0,1,2.2560149826698334e-12
2.215,0.03324612389699793,77.50000000005869,0,60,3.0,1,1.3809607052655123e-12
2.22,0.021859876340472782,77.50000000003575,0,60,3.0,1,8.412825991399587e-13
2.225,0.01381595518554205,77.50000000002167,0,60,3.0,1,5.099189044866601e-13
2.23,0.008394095110402422,77.50000000001309,0,60,3.0,1,3.079575810047305e-13
2.235,0.0049052535271608,77.50000000000786,0,60,3.0,1,1.8490829782368725e-13
2.24,0.0027671663551903634,77.5000000000047,0,60,3.0,1,1.1067748025251443e-13
2.245,0.0015425553464444616,77.5000000000028,0,60,3.0,1,6.587149126811282e-14
2.25,0.0009638206637011801,77.50000000000165,0,60,3.0,1,3.878727404619841e-14
2.255,0.0009804935156568228,77.50000000000098,0,60,3.0,1,2.3071740596445606e-14
2.26,0.0018793744894085216,77.50000000000057,0,60,3.0,1,1.3374922084896003e-14
2.265,0.004535525206900863,77.50000000000033,0,60,3.0,1,7.690580198815202e-15
2.27,0.010832767979632273,77.5000000000002,0,60,3.0,1,4.681222729713601e-15
2.275,0.024208003392322392,77.50000000000011,0,60,3.0,1,2.6749844169792007e-15
2.28,0.0500971897335304,77.50000000000007,0,60,3.0,1,1.6718652606120004e-15
2.285,0.09582894921774403,77.50000000000004,0,60,3.0,1,1.0031191563672002e-15
2.29,0.16937896721820658,77.50000000000001,0,60,3.0,1,3.343730521224001e-16
2.295,0.27661303008991756,77.50000000000001,0,60,3.0,1,3.343730521224001e-16
2.3,0.4173782800009149,77.5,0,60,3.0,1,0.0
2.305,0.5818720934538056,77.5,0,60,3.0,1,0.0
2.31,0.7494718801585675,77.5,0,60,3.0,1,0.0
2.315,0.891813020752378,77.5,0,60,3.0,1,0.0
2.32,0.9800361632936612,77.5,0,60,3.0,1,0.0
2.325,0.993574479225126,77.50000249050753,1,60,3.0,1,5.860017709250421e-08
2.33,0.9263438449375362,77.50000395106206,0,60,3.0,1,9.296616600723236e-08
2.335,0.7873015962290536,77.50000642787194,0,60,3.0,1,1.5124404559601852e-07
2.34,0.5959516244629897,77.50001086957876,0,60,3.0,1,2.5575479432571977e-07
2.345,0.376910120078773,77.50001933821008,0,60,3.0,1,4.5501670777358574e-07
2.35,0.15739335672107918,77.50003639731811,0,60,3.0,1,8.564074849961317e-07
2.355,-0.033361226269301235,77.50007214536325,0,60,3.0,1,1.6975379587754158e-06
2.36,-0.1680180840843834,77.50014864662121,0,60,3.0,1,3.497567557949022e-06
2.365,-0.23069703190837854,77.5003131184379,0,60,3.0,1,7.36749265650574e-06
2.37,-0.22587267821131068,77.500664030793,0,60,3.0,1,1.5624253953038694e-05
2.375,-0.17718181630665902,77.5014008725421,0,60,3.0,1,3.296170687309207e-05
2.38,-0.11494332516451301,77.50291542048535,0,60,3.0,1,6.859812906708719e-05
2.385,-0.061810214049552864,77.50595243758998,0,60,3.0,1,0.0001400573550584153
2.39,-0.026546104631500547,77.5118807386687,0,60,3.0,1,0.00027954679220456186
2.395,-0.00719600351942686,77.52313007196037,0,60,3.0,1,0.0005442369873027447
2.4,0.0022072757983807078,77.54386157357962,0,60,3.0,1,0.0010320370254028014
2.405,0.006917199873730717,77.5809427790935,0,60,3.0,1,0.001904535978670698
2.41,0.01004859748264829,77.64528190999502,0,60,3.0,2,0.003418397882235775
2.415,0.013037082251128167,77.75352741193507,0,60,3.0,2,0.005965350869060411
2.42,0.01645163937690478,77.93004507355718,0,60,3.0,2,0.010118707613110152
2.425,0.020526639934696615,78.20894036195537,0,60,3.0,2,0.016680949693067545
2.43,0.02539629541761738,78.63570592691048,0,60,3.0,2,0.026722492397893535
2.435,0.031171612185577933,79.26787381502005,0,60,3.0,2,0.04159703094164831
2.44,0.03795853426638131,80.17389566837979,0,60,3.0,2,0.06291519219717141
2.445,0.0458588961882057,81.42944155332607,0,60,3.0,2,0.09245744831355462
2.45,0.054966995891435555,83.11048484112004,0,60,3.0,2,0.1320114080263539
2.455,0.06536491004445595,85.28298955260263,0,60,3.0,2,0.18312916594359127
2.46,0.07711726085088699,87.98974091129064,0,60,3.0,2,0.24681743320683855
2.465,0.09026570629555215,91.23577088555736,0,60,3.0,2,0.3231946090719378
2.47,0.10482339848670268,94.97473679171395,0,60,3.0,2,0.41117027745209295
2.475,0.12076968927580028,99.09924303115474,0,60,3.0,2,0.5082174830859939
2.48,0.13804539501007884,103.43817155566782,0,60,3.0,2,0.6103099189568899
2.485,0.15654895051787066,107.76340569231442,0,60,3.0,2,0.7120801339368099
2.49,0.17613378141900526,111.80687226714731,0,60,3.0,2,0.8072205239328779
2.495,0.19660720058055794,115.28680180953708,0,60,3.0,2,0.8891012190479314
2.5,0.21773108748496234,117.939950994308,0,60,3.0,2,0.9515282586896001
2.505,0.23922453870058807,119.55480470673967,0,60,3.0,2,0.9895248166291688
2.51,0.2607685857914563,120.0,0,60,3.0,2,1.0
2.515,0.2820129681603682,119.2427031271878,0,60,3.0,2,0.9821812500514775
2.52,0.30258482867153996,117.35340246649798,0,60,3.0,2,0.9377271168587761
2.525,0.3220990771751686,114.49617856710162,0,60,3.0,2,0.8704983192259206
2.53,0.3401700499968971,110.90634455456376,0,60,3.0,2,0.7860316365779708
2.535,0.3564239911198326,106.85971216406287,0,60,3.0,2,0.6908167568014792
2.54,0.3705118017738417,102.63906838027276,0,60,3.0,2,0.5915074913005356
2.545,0.3821214567925213,98.50348592407586,0,60,3.0,2,0.49419966880178495
2.55,0.39098947374066967,94.6649394119341,0,60,3.0,2,0.4038809273396259
2.555,0.3969108472035567,91.27476045846622,0,60,3.0,2,0.32411201078744045
2.56,0.3997469255491936,88.42029491575614,0,60,3.0,2,0.2569481156648505
2.565,0.3994308076379137,86.1302561255255,0,60,3.0,2,0.20306485001236485
2.57,0.3959699661768434,84.38606505349605,0,60,3.0,2,0.1620250600822601
2.575,0.38944595408114946,83.13606111329378,0,60,3.0,2,0.13261320266573595
2.58,0.38001120995358023,82.3097636967015,0,60,3.0,2,0.1131709105106234
2.585,0.3678831374098315,81.83012410121097,0,60,3.0,2,0.10188527296966989
2.59,0.35333577933796634,81.62264316265689,0,60,3.0,2,0.09700336853310318
2.595,0.33668953221163944,81.62109337541757,0,60,3.0,2,0.09696690295100172
2.6,0.3182994390982644,81.77021876896845,0,60,3.0,2,0.10047573574043407
2.605,0.29854265738230645,82.02613689034814,0,60,3.0,2,0.10649733859642685
2.61,0.2778057157821067,82.35526274278222,0,60,3.0,2,0.11424147630075802
2.615,0.2564721553719815,82.732489112525,0,60,3.0,2,0.12311739088294123
2.62,0.23491109433464996,83.1391776893984,0,60,3.0,2,0.1326865338681975
2.625,0.21346717185309805,83.56131364110216,0,60,3.0,2,0.1426191444965214
2.63,0.19245222055656455,83.98800050530251,0,60,3.0,2,0.15265883541888256
2.635,0.17213889801761392,84.41034429853448,0,60,3.0,2,0.16259633643610547
2.64,0.15275638501270183,84.82069785711761,0,60,3.0,2,0.17225171428512018
2.645,0.13448814019607322,85.21219955540259,0,60,3.0,2,0.18146351895064922
2.65,0.11747159495449566,85.57853160195718,0,60,3.0,2,0.19008309651663954
2.655,0.10179958433370105,85.91382981547181,0,60,3.0,2,0.19797246624639564
2.66,0.08752324394101413,86.21268994914546,0,60,3.0,2,0.2050044693916578
2.665,0.07465606047174059,86.47022959575179,0,60,3.0,2,0.21106422578239503
2.67,0.0631787448609295,86.68217668609483,0,60,3.0,2,0.21605121614340786
2.675,0.05304460019959574,86.84496474003129,0,60,3.0,2,0.2198815232948538
2.68,0.044185078305849994,86.95582153533789,0,60,3.0,2,0.22248991847853858
2.685,0.03651525513023255,87.01284233156939,0,60,3.0,2,0.22383158427222088
2.69,0.0299390014708757,87.015041873607,0,60,3.0,2,0.22388333820251774
2.695,0.024353677220580638,86.96238162945944,0,60,3.0,2,0.22264427363433983
2.7,0.01965423034339045,86.85577044944225,0,60,3.0,2,0.22013577528099404
2.705,0.015736632374757337,86.69703828162079,0,60,3.0,2,0.21640090074401863
2.71,0.012500627640593535,86.48888384506544,0,60,3.0,2,0.21150314929565753
2.715,0.009851811652115898,86.2347982820105,0,60,3.0,2,0.20552466545907064
2.72,0.007703084175428559,85.93896777761937,0,60,3.0,2,0.198563947708691
2.725,0.005975544002062424,85.60615892982422,0,60,3.0,2,0.1907331512899816
2.73,0.004598905818663047,85.24159124658097,0,60,3.0,2,0.18215508815484627
2.735,0.0035115256454839104,84.85080152406493,0,60,3.0,2,0.17296003586035139
2.74,0.002660121266303676,84.43950500685918,0,60,3.0,2,0.16328247074962773
2.745,0.0019992692560877024,84.01345815191472,0,60,3.0,2,0.15325783886858163
2.75,0.0014907520044639367,83.57832752591341,0,60,3.0,2,0.14301947119796254
2.755,0.0011028178277539807,83.13956888561076,0,60,3.0,2,0.132695738484959
2.76,0.0008094059938923333,82.70231985687685,0,60,3.0,2,0.12240752604416129
2.765,0.0005893771793717645,82.27130888121326,0,60,3.0,2,0.1122660913226649
2.77,0.0004257792353490551,81.85078228299193,0,60,3.0,2,0.10237134783510421
2.775,0.0003051686392901525,81.444450471864,0,60,3.0,2,0.09281059933797652
2.78,0.00021699992642659966,81.0554534760675,0,60,3.0,2,0.08365772884864701
2.785,0.00015308884054097838,80.68634524262295,0,60,3.0,2,0.07497282923818703
2.79,0.00010714989329311098,80.3390954720994,0,60,3.0,2,0.06680224640233887
2.795,7.440535854020571e-05,80.01510720336908,0,60,3.0,2,0.05917899302044903
2.8,5.1260276743925106e-05,79.71524794354049,0,60,3.0,2,0.05212348102448212
2.805,3.503659887882241e-05,79.43989185731093,0,60,3.0,2,0.045644514289668835
2.81,2.375894748103639e-05,79.18897038725449,0,60,3.0,2,0.039740479700105545
2.815,1.5984413869232557e-05,78.96202866364585,0,60,3.0,2,0.03440067443872595
2.82,1.0669166579899869e-05,78.75828516485582,0,60,3.0,2,0.02960670976131342
2.825,7.06526633560511e-06,78.5766922881991,0,60,3.0,2,0.025333936192919952
2.83,4.641847214699205e-06,78.4159957646006,0,60,3.0,2,0.021552841520014
2.835,3.025641074479182e-06,78.27479117561786,0,60,3.0,2,0.018230380602773266
2.84,1.9566278676921314e-06,78.15157618557559,0,60,3.0,2,0.015331204366484531
2.845,1.2553456560008793e-06,78.04479746378966,0,60,3.0,2,0.012818763853874437
2.85,7.990660428214668e-07,77.95289162363875,0,60,3.0,2,0.010656273497382325
2.855,5.046221251618276e-07,77.87431983143102,0,60,3.0,2,0.008807525445435846
2.86,3.1616527078858815e-07,77.80759602713341,0,60,3.0,2,0.007237553579609739
2.865,1.9652884407760343e-07,77.75130894337182,0,60,3.0,2,0.005913151608748822
2.87,1.2120002189836396e-07,77.70413830456492,0,60,3.0,2,0.0048032542250569694
2.875,7.415549848886236e-08,77.66486573376456,0,60,3.0,2,0.003879193735636644
2.88,4.501406988770349e-08,77.63238099262017,0,60,3.0,2,0.003114846885180481
2.885,0.0,77.60568423390187,0,60,3.0,2,0.0024866878565145563
2.89,0.0,77.58388496177875,0,60,3.0,2,0.0019737638065588296
2.895,0.0,77.5661983790632,0,60,3.0,2,0.0015576089191340007
2.9,0.0,77.55193975979994,0,60,3.0,2,0.0012221119952926073
2.905,0.0,77.54051742672102,0,60,3.0,2,0.0009533512169652755
2.91,0.0,77.5314248425821,0,60,3.0,2,0.0007394080607552415
2.915,0.0,77.52423224790535,0,60,3.0,2,0.0005701705389493086
2.92,0.0,77.51857819995757,0,60,3.0,2,0.00043713411664879565
2.925,0.0,77.51416129270432,0,60,3.0,2,0.0003332068871603657
2.93,0.0,77.51073226785044,0,60,3.0,2,0.0002525239494221911
2.935,0.0,77.5080866648387,0,60,3.0,2,0.00019027446679294424
2.94,0.0,77.50605810395308,0,60,3.0,2,0.00014254362242541795
2.945,0.0,77.50451225189414,0,60,3.0,2,0.00010617063280332171
2.95,0.0,77.50334148324333,0,60,3.0,2,7.862313513723006e-05
2.955,0.0,77.50246022357778,0,60,3.0,2,5.788761359493786e-05
2.96,0.0,77.50180093982529,0,60,3.0,2,4.2375054712639374e-05
2.965,0.0,77.50131072977383,0,60,3.0,2,3.084070056080932e-05
2.97,0.0,77.5009484544194,0,60,3.0,2,2.2316574574139902e-05
2.975,0.0,77.5006823529937,0,60,3.0,2,1.605536455780138e-05
2.98,0.0,77.50048808007092,0,60,3.0,2,1.1484236962895224e-05
2.985,0.0,77.50034710621185,0,60,3.0,2,8.167204984655494e-06
2.99,0.0,77.50024542739276,0,60,3.0,2,5.7747621824814014e-06
2.995,0.0,77.5001725333356,0,60,3.0,2,4.059607896485485e-06
3.0,0.0,77.50012059029027,0,60,3.0,2,2.837418594481278e-06
3.005,0.0,77.50008379941742,0,60,3.0,2,1.971750998229575e-06
3.01,0.0,77.50005789739122,0,60,3.0,2,1.3622915580125504e-06
3.015,0.0,77.50003977098328,0,60,3.0,2,9.357878418407328e-07
3.02,0.001684486749771458,77.5000271620784,0,60,3.0,2,6.391077269707988e-07
3.025,0.003097557930867117,77.50001844374059,0,60,3.0,2,4.339703667376264e-07
3.03,0.005475106668887023,77.50001245157674,0,60,3.0,2,2.929782761598557e-07
3.035,0.00930222931468658,77.50000835774334,0,60,3.0,2,1.9665278447224836e-07
3.04,0.01519157517868857,77.50000557754456,0,60,3.0,2,1.312363424938881e-07
3.045,0.023847336626128316,77.5000037007215,0,60,3.0,2,8.707580016508633e-08
3.05,0.0359830743700859,77.50000244128844,0,60,3.0,2,5.744208104207407e-08
3.055,0.05218887796857759,77.50000160118357,0,60,3.0,2,3.767490752312262e-08
3.06,0.0727577001223134,77.50000104412499,0,60,3.0,2,2.4567646719600922e-08
3.065,0.0974992498694751,77.50000067694471,0,60,3.0,2,1.5928110783266567e-08
3.07,0.12558706050443358,77.50000043635829,0,60,3.0,2,1.0267253922874636e-08
3.075,0.15549263588878245,77.50000027965501,0,60,3.0,2,6.580117930271252e-09
3.08,0.1850529723539114,77.50000017819328,0,60,3.0,2,4.192782946976127e-09
3.085,0.21169159439317053,77.50000011288842,0,60,3.0,2,2.656198001418756e-09
3.09,0.23277292922115492,77.50000007110445,0,60,3.0,2,1.6730459318590446e-09
3.095,0.24602692519491282,77.50000004452804,0,60,3.0,2,1.0477185028053902e-09
3.1,0.24995056064839283,77.50000002772423,0,60,3.0,2,6.523347404735806e-10
3.105,0.24408826520424054,77.50000001716228,0,60,3.0,2,4.038183225715971e-10
3.11,0.22911894216865275,77.50000001056281,0,60,3.0,2,2.48536814658163e-10
3.115,0.20672661788705934,77.5000000064636,0,60,3.0,2,1.5208456716209184e-10
3.12,0.17928878030241233,77.5000000039324,0,60,3.0,2,9.252704223720631e-11
3.125,0.14946211903866036,77.50000000237864,0,60,3.0,2,5.596803021035157e-11
3.13,0.1197651512573837,77.50000000143051,0,60,3.0,2,3.365899454579716e-11
3.135,0.09224675744988023,77.50000000085535,0,60,3.0,2,2.012591400724726e-11
3.14,0.06829565320281596,77.50000000050849,0,60,3.0,2,1.196453655104372e-11
3.145,0.04860224607515734,77.50000000030055,0,60,3.0,2,7.0716556793366395e-12
3.15,0.03324612389699793,77.50000000017661,0,60,3.0,2,4.1555882917771885e-12
3.155,0.021859876340472782,77.50000000010319,0,60,3.0,2,2.427882731460747e-12
3.16,0.01381595518554205,77.50000000005994,0,60,3.0,2,1.4103855338522836e-12
3.165,0.008394095110402422,77.50000000003462,0,60,3.0,2,8.145327549701666e-13
3.17,0.0049052535271608,77.50000000001988,0,60,3.0,2,4.677878999192377e-13
3.175,0.0027671663551903634,77.50000000001135,0,60,3.0,2,2.671640686457977e-13
3.18,0.0015425553464444616,77.50000000000644,0,60,3.0,2,1.5147099261144723e-13
3.185,0.0009638206637011801,77.50000000000364,0,60,3.0,2,8.559950134333442e-14
3.19,0.0009804935156568228,77.50000000000203,0,60,3.0,2,4.781534645350321e-14
3.195,0.0018793744894085216,77.50000000000114,0,60,3.0,2,2.6749844169792007e-14
3.2,0.004535525206900863,77.50000000000063,0,60,3.0,2,1.4712414293385605e-14
3.205,0.010832767979632273,77.50000000000034,0,60,3.0,2,8.024953250937602e-15
3.21,0.024208003392322392,77.50000000000018,0,60,3.0,2,4.3468496775912015e-15
3.215,0.0500971897335304,77.5000000000001,0,60,3.0,2,2.3406113648568006e-15
3.22,0.09582894921774403,77.50000000000006,0,60,3.0,2,1.3374922084896003e-15
3.225,0.16937896721820658,77.50000000000003,0,60,3.0,2,6.687461042448002e-16
3.23,0.27661303008991756,77.50000000000001,0,60,3.0,2,3.343730521224001e-16
3.235,0.4173782800009149,77.50000000000001,0,60,3.0,2,3.343730521224001e-16
3.24,0.5818720934538056,77.5,0,60,3.0,2,0.0
3.245,0.7494718801585675,77.5,0,60,3.0,2,0.0
3.25,0.891813020752378,77.5,0,60,3.0,2,0.0
3.255,0.9800361632936612,77.5,0,60,3.0,2,0.0
3.26,0.993574479225126,77.50000248990796,1,60,3.0,2,5.858606955906212e-08
3.265,0.9263438449375362,77.5000037286574,0,60,3.0,2,8.773311539217128e-08
3.27,0.7873015962290536,77.50000568588439,0,60,3.0,2,1.337855150375296e-07
3.275,0.5959516244629897,77.50000890930662,0,60,3.0,2,2.0963074388526044e-07
3.28,0.376910120078773,77.50001447339277,0,60,3.0,2,3.4055041804576296e-07
3.285,0.15739335672107918,77.50002452750309,0,60,3.0,2,5.771177196787475e-07
3.29,-0.033361226269301235,77.5000433960668,0,60,3.0,2,1.021083924717245e-06
3.295,-0.1680180840843834,77.50007973898661,0,60,3.0,2,1.8762114497322353e-06
3.3,-0.23069703190837854,77.50015069162811,0,60,3.0,2,3.5456853672311648e-06
3.305,-0.22587267821131068,77.50028959295834,0,60,3.0,2,6.813951960914303e-06
3.31,-0.17718181630665902,77.50056001888449,0,60,3.0,2,1.3176914929063595e-05
3.315,-0.11494332516451301,77.50108054165499,0,60,3.0,2,2.542450952907583e-05
3.32,-0.061810214049552864,77.5020671248821,0,60,3.0,2,4.863823252007398e-05
3.325,-0.026546104631500547,77.50390348912202,0,60,3.0,2,9.184680287115256e-05
3.33,-0.00719600351942686,77.50725416478957,0,60,3.0,2,0.00017068623034286728
3.335,0.0022072757983807078,77.51324002953402,0,60,3.0,2,0.0003115301066827669
3.34,0.006917199873730717,77.52370117791926,0,60,3.0,2,0.0005576747745709219
3.345,0.01004859748264829,77.54157558450754,0,60,3.0,2,0.0009782490472362577
3.35,0.013037082251128167,77.57142194911829,0,60,3.0,2,0.0016805164498420895
3.355,0.01645163937690478,77.62010826221689,0,60,3.0,2,0.002826076758044431
3.36,0.020526639934696615,77.69767035157514,0,60,3.0,2,0.004651067095885671
3.365,0.02539629541761738,77.81831348778191,0,60,3.0,2,0.007489729124280168
3.37,0.031171612185577933,78.0014829477885,0,60,3.0,2,0.011799598771494188
3.375,0.03795853426638131,78.27286722650334,0,60,3.0,2,0.018185111211843217
3.38,0.0458588961882057,78.66512616122492,0,60,3.0,2,0.027414733205292204
3.385,0.054966995891435555,79.21806764054246,0,60,3.0,2,0.040425120953940186
3.39,0.06536491004445595,79.97794929382763,0,60,3.0,2,0.05830468926653259
3.395,0.07711726085088699,80.99557875484656,0,60,3.0,2,0.08224891187874264
3.4,0.09026570629555215,82.3229513271192,0,60,3.0,2,0.11348120769692233
3.405,0.10482339848670268,84.00831448173156,0,60,3.0,2,0.15313681133486023
3.41,0.12076968927580028,86.08978772150972,0,60,3.0,2,0.202112652270817
3.415,0.13804539501007884,88.5879756289421,0,60,3.0,2,0.26089354421040245
3.42,0.15654895051787066,91.49834781306552,0,60,3.0,2,0.32937288971918877
3.425,0.17613378141900526,94.78445551284759,0,60,3.0,2,0.4066930708905314
3.43,0.19660720058055794,98.37323150417649,0,60,3.0,2,0.4911348589217997
3.435,0.21773108748496234,102.15360288262184,0,60,3.0,2,0.5800847737087492
3.44,0.23922453870058807,105.97938632685833,0,60,3.0,2,0.6701032076907842
3.445,0.2607685857914563,109.67692951344652,0,60,3.0,2,0.7571042238458006
3.45,0.2820129681603682,113.05726517729511,0,60,3.0,2,0.8366415335834143
3.455,0.30258482867153996,115.93176672692951,0,60,3.0,2,0.9042768641630473
3.46,0.3220990771751686,118.12958552231964,0,60,3.0,2,0.9559902475839916
3.465,0.3401700499968971,119.51466594770267,0,60,3.0,2,0.9885803752400628
3.47,0.3564239911198326,120.0,0,60,3.0,2,1.0
3.475,0.3705118017738417,119.55705719463694,0,60,3.0,2,0.9895778163443986
3.48,0.3821214567925213,118.21898088329543,0,60,3.0,2,0.9580936678422454
3.485,0.39098947374066967,116.0770659251651,0,60,3.0,2,0.9076956688274141
3.49,0.3969108472035567,113.27105027643492,0,60,3.0,2,0.8416717712102334
3.495,0.3997469255491936,109.9746676782558,0,60,3.0,2,0.7641098277236659
3.5,0.3994308076379137,106.37854761648535,0,60,3.0,2,0.6794952380349494
3.505,0.3959699661768434,102.67280317329086,0,60,3.0,2,0.5923012511362555
3.51,0.38944595408114946,99.03149431203465,0,60,3.0,2,0.506623395577286
3.515,0.38001120995358023,95.60065623329429,0,60,3.0,2,0.4258977937245715
3.52,0.3678831374098315,92.49086680927319,0,60,3.0,2,0.35272627786525146
3.525,0.35333577933796634,89.77455031193628,0,60,3.0,2,0.2888129485161478
3.53,0.33668953221163944,87.48752467500061,0,60,3.0,2,0.23500058058824974
3.535,0.3182994390982644,85.63380478482745,0,60,3.0,2,0.19138364199593993
3.54,0.29854265738230645,84.19242663892466,0,60,3.0,2,0.1574688620923449
3.545,0.2778057157821067,83.1250509994629,0,60,3.0,2,0.13235414116383293
3.55,0.2564721553719815,82.38328973340646,0,60,3.0,2,0.11490093490368133
3.555,0.23491109433464996,81.91499786241418,0,60,3.0,2,0.10388230264503959
3.56,0.21346717185309805,81.66911041111341,0,60,3.0,2,0.0980967155556096
3.565,0.19245222055656455,81.59890989899148,0,60,3.0,2,0.09644493879979951
3.57,0.17213889801761392,81.66384541412548,0,60,3.0,2,0.0979728332735406
3.575,0.15275638501270183,81.8301704676645,0,60,3.0,2,0.1018863639450471
3.58,0.13448814019607322,82.07072824798924,0,60,3.0,2,0.10754654701151146
3.585,0.11747159495449566,82.36420728122273,0,60,3.0,2,0.11445193602877018
3.59,0.10179958433370105,82.69414154053058,0,60,3.0,2,0.12221509507130777
3.595,0.08752324394101413,83.04785974110723,0,60,3.0,2,0.13053787626134664
3.6,0.07465606047174059,83.41551711443385,0,60,3.0,2,0.1391886379866789
3.605,0.0631787448609295,83.78928111297144,0,60,3.0,2,0.14798308501109264
3.61,0.05304460019959574,84.16269580806126,0,60,3.0,2,0.15676931313085313
3.615,0.044185078305849994,84.53021899571937,0,60,3.0,3,0.16541691754633803
3.62,0.03651525513023255,84.88690903872194,0,60,3.0,3,0.1738096244405162
3.625,0.0299390014708757,85.22823174845027,0,60,3.0,3,0.18184074702235928
3.63,0.024353677220580638,85.5499575253136,0,60,3.0,3,0.1894107653014965
3.635,0.01965423034339045,85.84812248803348,0,60,3.0,3,0.19642641148314074
3.64,0.015736632374757337,86.1190322345129,0,60,3.0,3,0.20280075845912707
3.645,0.012500627640593535,86.35929182872866,0,60,3.0,3,0.20845392538185079
3.65,0.009851811652115898,86.56584990520606,0,60,3.0,3,0.2133141154166133
3.655,0.007703084175428559,86.73604818882806,0,60,3.0,3,0.21731878091360152
3.66,0.005975544002062424,86.86767027325033,0,60,3.0,3,0.22041577113530178
3.665,0.004598905818663047,86.95898533950358,0,60,3.0,3,0.2225643609294961
3.67,0.0035115256454839104,87.00878381221912,0,60,3.0,3,0.22373608969927344
3.675,0.002660121266303676,87.01640291098104,0,60,3.0,3,0.22391536261131867
3.68,0.0019992692560877024,86.98174078734127,0,60,3.0,3,0.2230997832315592
3.685,0.0014907520044639367,86.90525853242433,0,60,3.0,3,0.22130020076292534
3.69,0.0011028178277539807,86.78796984983194,0,60,3.0,3,0.21854046705486915
3.695,0.0008094059938923333,86.63141864206983,0,60,3.0,3,0.2148569092251725
3.7,0.0005893771793717645,86.4376451669792,0,60,3.0,3,0.21029753334068693
3.705,0.0004257792353490551,86.20914178417182,0,60,3.0,3,0.20492098315698398
3.71,0.0003051686392901525,85.94879962528395,0,60,3.0,3,0.1987952853007989
3.715,0.00021699992642659966,85.65984777902564,0,60,3.0,3,0.19199641833001505
3.72,0.00015308884054097838,85.34578677584746,0,60,3.0,3,0.184606747666999
3.725,0.00010714989329311098,85.0103182826044,0,60,3.0,3,0.1767133713553977
3.73,7.440535854020571e-05,84.65727297238483,0,60,3.0,3,0.16840642287964308
3.735,5.1260276743925106e-05,84.29053851906718,0,60,3.0,3,0.15977737691922786
3.74,3.503659887882241e-05,83.91398958343785,0,60,3.0,3,0.1509174019632436
3.745,2.375894748103639e-05,83.53142151384404,0,60,3.0,3,0.14191580032574205
3.75,1.5984413869232557e-05,83.14648928771153,0,60,3.0,3,0.13285857147556546
3.755,1.0669166579899869e-05,82.76265298104968,0,60,3.0,3,0.1238271289658749
3.76,7.06526633560511e-06,82.38313078282027,0,60,3.0,3,0.1148971948898888
3.765,4.641847214699205e-06,82.01086028197936,0,60,3.0,3,0.10613788898774969
3.77,3.025641074479182e-06,81.64846845941109,0,60,3.0,3,0.09761102257437863
3.775,1.9566278676921314e-06,81.29825052665099,0,60,3.0,3,0.08937060062708209
3.78,1.2553456560008793e-06,80.9621574790163,0,60,3.0,3,0.08146252891803055
3.785,7.990660428214668e-07,80.64179198183254,0,60,3.0,3,0.07392451721958918
3.79,5.046221251618276e-07,80.33841199240204,0,60,3.0,3,0.06678616452710691
3.795,3.1616527078858815e-07,80.05294134273204,0,60,3.0,3,0.06006920806428331
3.8,1.9652884407760343e-07,79.78598637227384,0,60,3.0,3,0.053787914641737405
3.805,1.2120002189836396e-07,79.53785760739456,0,60,3.0,3,0.04794959076222486
3.81,7.415549848886236e-08,79.30859543443712,0,60,3.0,3,0.04255518669263819
3.815,4.501406988770349e-08,79.09799870371573,0,60,3.0,3,0.03759996949919368
3.82,0.0,78.90565522887344,0,60,3.0,3,0.03307424067937511
3.825,0.0,78.73097320479162,0,60,3.0,3,0.028964075406861745
3.83,0.0,78.57321265199117,0,60,3.0,3,0.02525206239979224
3.835,0.0,78.43151610006214,0,60,3.0,3,0.021918025883815064
3.84,0.0,78.30493784085115,0,60,3.0,3,0.01893971390238007
3.845,0.0,78.19247120785805,0,60,3.0,3,0.016293440184895255
3.85,0.0,78.09307346591976,0,60,3.0,3,0.013954669786347254
3.855,0.0,78.00568801980442,0,60,3.0,3,0.011898541642457036
3.86,0.0,77.9292637675988,0,60,3.0,3,0.010100323943501119
3.865,0.0,77.86277153141357,0,60,3.0,3,0.008535800739142854
3.87,0.0,77.8052175915188,0,60,3.0,3,0.007181590388677585
3.875,0.0,77.75565442900356,0,60,3.0,3,0.006015398329495437
3.88,0.0,77.71318884570155,0,60,3.0,3,0.005016208134154166
3.885,0.0,77.67698767844453,0,60,3.0,3,0.004164415963400776
3.89,0.0,77.64628135832652,0,60,3.0,3,0.0034419143135651477
3.895,0.0,77.62036558570827,0,60,3.0,3,0.0028321314284299017
3.9,0.0,77.59860139965794,0,60,3.0,3,0.002320032933127938
3.905,0.0,77.5804139181414,0,60,3.0,3,0.001892092191562423
3.91,0.0,77.56529001440353,0,60,3.0,3,0.0015362356330242352
3.915,0.0,77.55277517749663,0,60,3.0,3,0.0012417688822735913
3.92,0.0,77.54246978262495,0,60,3.0,3,0.0009992890029399645
3.925,0.0,77.53402497156353,0,60,3.0,3,0.000800587566200594
3.93,0.0,77.52713831636724,0,60,3.0,3,0.0006385486204057062
3.935,0.0,77.5215494121934,0,60,3.0,3,0.0005070449927857493
3.94,0.0,77.51703551836333,0,60,3.0,3,0.0004008357261959779
3.945,0.0,77.51340734160578,0,60,3.0,3,0.00031546686131257636
3.95,0.0,77.51050503234966,0,60,3.0,3,0.0002471772317566025
3.955,0.0,77.50819444435803,0,60,3.0,3,0.00019281045548295343
3.96,0.0,77.50636369013327,0,60,3.0,3,0.00014973388548870548
3.965,0.0,77.5049200094337,0,60,3.0,3,0.00011576492785185538
3.97,0.0,77.50378695586653,0,60,3.0,3,8.91048439183685e-05
3.975,0.0,77.50290189670585,0,60,3.0,3,6.827992249060009e-05
3.98,0.0,77.50221381360679,0,60,3.0,3,5.208973192439129e-05
3.985,0.0,77.5016813864866,0,60,3.0,3,3.956203497871095e-05
3.99,0.0,77.50127133923534,0,60,3.0,3,2.991386436105238e-05
3.995,0.0,77.50095702381466,0,60,3.0,3,2.2518207403851086e-05
4.0,0.0,77.5007172184236,0,60,3.0,3,1.687572761417922e-05
4.005,0.0,77.50053511549454,0,60,3.0,3,1.2590952812776296e-05
4.01,0.0,77.5003974760937,0,60,3.0,3,9.352378675189624e-06
4.015,0.0,77.50029392863442,0,60,3.0,3,6.915967868708857e-06
4.02,0.0,77.50021639149041,0,60,3.0,3,5.091564480273839e-06
4.025,0.0,77.5001586009764,0,60,3.0,3,3.7317876801272872e-06
4.03,0.0,77.50011572812916,0,60,3.0,3,2.7230148037581195e-06
4.035,0.0,77.50008406968217,0,60,3.0,3,1.978110168800092e-06
4.04,0.0,77.50006080051752,0,60,3.0,3,1.4306004121568977e-06
4.045,0.0,77.50004377665195,0,60,3.0,3,1.0300388694036776e-06
4.05,0.0,77.50003137944141,0,60,3.0,3,7.383397978762386e-07
4.055,0.0,77.5000223931542,0,60,3.0,3,5.268977458051856e-07
4.06,0.0,77.50001590936077,0,60,3.0,3,3.743379004524339e-07
4.065,0.0,77.50001125272193,0,60,3.0,3,2.6476992783339964e-07
4.07,0.0,77.50000792373315,0,60,3.0,3,1.8644078001189509e-07
4.075,0.0,77.50000555481363,0,60,3.0,3,1.3070149708148486e-07
4.08,0.0,77.50000387682807,0,60,3.0,3,9.121948410746187e-08
4.085,0.001684486749771458,77.50000269371093,0,60,3.0,3,6.338143353947516e-08
4.09,0.003097557930867117,77.5000018633431,0,60,3.0,3,4.384336708586916e-08
4.095,0.005475106668887023,77.50000128322282,0,60,3.0,3,3.019347800278304e-08
4.1,0.00930222931468658,77.50000087978937,0,60,3.0,3,2.0700926316909745e-08
4.105,0.01519157517868857,77.50000060051346,0,60,3.0,3,1.4129728456549962e-08
4.11,0.023847336626128316,77.50000040806954,0,60,3.0,3,9.601636212905492e-09
4.115,0.0359830743700859,77.50000027606605,0,60,3.0,3,6.495671681584688e-09
4.12,0.05218887796857759,77.50000018593418,0,60,3.0,3,4.374921967182137e-09
4.125,0.0727577001223134,77.50000012467312,0,60,3.0,3,2.933485214217559e-09
4.13,0.0974992498694751,77.50000008322502,0,60,3.0,3,1.958235717371709e-09
4.135,0.12558706050443358,77.50000005530983,0,60,3.0,3,1.3014076718237073e-09
4.14,0.15549263588878245,77.5000000365947,0,60,3.0,3,8.610517371005913e-10
4.145,0.1850529723539114,77.50000002410468,0,60,3.0,3,5.67168920978849e-10
4.15,0.21169159439317053,77.50000001580709,0,60,3.0,3,3.719315052020487e-10
4.155,0.23277292922115492,77.50000001031977,0,60,3.0,3,2.428180323477136e-10
4.16,0.24602692519491282,77.50000000670742,0,60,3.0,3,1.57821739990408e-10
4.165,0.24995056064839283,77.50000000434018,0,60,3.0,3,1.0212187696785858e-10
4.17,0.24408826520424054,77.50000000279594,0,60,3.0,3,6.578689488592585e-11
4.175,0.22911894216865275,77.50000000179314,0,60,3.0,3,4.2191526089856566e-11
4.18,0.20672661788705934,77.50000000114491,0,60,3.0,3,2.6939099317293286e-11
4.185,0.17928878030241233,77.50000000072777,0,60,3.0,3,1.7123912745292353e-11
4.19,0.14946211903866036,77.50000000046056,0,60,3.0,3,1.0836696246234865e-11
4.195,0.1197651512573837,77.50000000029016,0,60,3.0,3,6.827228978235165e-12
4.2,0.09224675744988023,77.500000000182,0,60,3.0,3,4.2823156785315775e-12
4.205,0.06829565320281596,77.50000000011364,0,60,3.0,3,2.6739812978228334e-12
4.21,0.04860224607515734,77.50000000007066,0,60,3.0,3,1.6625028151525732e-12
4.215,0.03324612389699793,77.50000000004373,0,60,3.0,3,1.0288658813806251e-12
4.22,0.021859876340472782,77.50000000002694,0,60,3.0,3,6.339713068240705e-13
4.225,0.01381595518554205,77.50000000001653,0,60,3.0,3,3.888758596183513e-13
4.23,0.008394095110402422,77.50000000001009,0,60,3.0,3,2.374048670069041e-13
4.235,0.0049052535271608,77.50000000000614,0,60,3.0,3,1.4444915851687683e-13
4.24,0.0027671663551903634,77.50000000000371,0,60,3.0,3,8.727136660394643e-14
4.245,0.0015425553464444616,77.50000000000223,0,60,3.0,3,5.2496569183216817e-14
4.25,0.0009638206637011801,77.50000000000134,0,60,3.0,3,3.143106689950561e-14
4.255,0.0009804935156568228,77.5000000000008,0,60,3.0,3,1.8724890918854405e-14
4.26,0.0018793744894085216,77.50000000000048,0,60,3.0,3,1.1368683772161604e-14
4.265,0.004535525206900863,77.50000000000028,0,60,3.0,3,6.687461042448002e-15
4.27,0.010832767979632273,77.50000000000017,0,60,3.0,3,4.012476625468801e-15
4.275,0.024208003392322392,77.5000000000001,0,60,3.0,3,2.3406113648568006e-15
4.28,0.0500971897335304,77.50000000000006,0,60,3.0,3,1.3374922084896003e-15
4.285,0.09582894921774403,77.50000000000003,0,60,3.0,3,6.687461042448002e-16
4.29,0.16937896721820658,77.50000000000001,0,60,3.0,3,3.343730521224001e-16
4.295,0.27661303008991756,77.50000000000001,0,60,3.0,3,3.343730521224001e-16
4.3,0.4173782800009149,77.5,0,60,3.0,3,0.0
4.305,0.5818720934538056,77.5,0,60,3.0,3,0.0
4.31,0.7494718801585675,77.5,0,60,3.0,3,0.0
4.315,0.891813020752378,77.5,0,60,3.0,3,0.0
4.32,0.9800361632936612,77.5,0,60,3.0,3,0.0
4.325,0.993574479225126,77.50000249460615,1,60,3.0,3,5.86966152963321e-08
4.33,0.9263438449375362,77.50000372135824,0,60,3.0,3,8.75613703582905e-08
4.335,0.7873015962290536,77.50000565062012,0,60,3.0,3,1.3295576763994177e-07
4.34,0.5959516244629897,77.50000881042637,0,60,3.0,3,2.0730414977312167e-07
4.345,0.376910120078773,77.50001422957038,0,60,3.0,3,3.3481342076329917e-07
4.35,0.15739335672107918,77.50002395205593,0,60,3.0,3,5.635777864988674e-07
4.355,-0.033361226269301235,77.5000420636567,0,60,3.0,3,9.897330986565494e-07
4.36,-0.1680180840843834,77.50007669707328,0,60,3.0,3,1.8046370184145096e-06
4.365,-0.23069703190837854,77.50014385613446,0,60,3.0,3,3.3848502225202324e-06
4.37,-0.22587267821131068,77.50027452450676,0,60,3.0,3,6.459400159161198e-06
4.375,-0.17718181630665902,77.50052752764168,0,60,3.0,3,1.241241509834414e-05
4.38,-0.11494332516451301,77.50101215744053,0,60,3.0,3,2.381546918888275e-05
4.385,-0.061810214049552864,77.50192682085145,0,60,3.0,3,4.533696121063044e-05
4.39,-0.026546104631500547,77.50362308040955,0,60,3.0,3,8.524895081303144e-05
4.395,-0.00719600351942686,77.50670845021435,0,60,3.0,3,0.00015784588739640694
4.4,0.0022072757983807078,77.51220599164661,0,60,3.0,3,0.0002871998034496461
4.405,0.006917199873730717,77.52179350964896,0,60,3.0,3,0.0005127884623284311
4.41,0.01004859748264829,77.53814877820113,0,60,3.0,3,0.0008976183106149031
4.415,0.013037082251128167,77.56542776981523,0,60,3.0,3,0.001539476936828939
4.42,0.01645163937690478,77.60989759869679,0,60,3.0,3,0.002585825851689178
4.425,0.020526639934696615,77.6807315206384,0,60,3.0,3,0.004252506367962429
4.43,0.02539629541761738,77.79094659926142,0,60,3.0,3,0.0068458023355627605
4.435,0.031171612185577933,77.95842333711083,0,60,3.0,3,0.010786431461431288
4.44,0.03795853426638131,78.20689096283934,0,60,3.0,3,0.0166327285373962
4.445,0.0458588961882057,78.56669655777527,0,60,3.0,3,0.025098742535888785
4.45,0.054966995891435555,79.07511066200658,0,60,3.0,3,0.03706142734133129
4.455,0.06536491004445595,79.77587220021896,0,60,3.0,3,0.05354993412279896
4.46,0.07711726085088699,80.71766202080015,0,60,3.0,3,0.07570969460706231
4.465,0.09026570629555215,81.95123894984235,0,60,3.0,3,0.10473503411393761
4.47,0.10482339848670268,83.52509277751652,0,60,3.0,3,0.14176688888274164
4.475,0.12076968927580028,85.47967161003584,0,60,3.0,3,0.18775697905966673
4.48,0.13804539501007884,87.84051510035516,0,60,3.0,3,0.2433062376554156
4.485,0.15654895051787066,90.61093634185639,0,60,3.0,3,0.3084926198083856
4.49,0.17613378141900526,93.76518786395582,0,60,3.0,3,0.38271030268131334
4.495,0.19660720058055794,97.2432506243826,0,60,3.0,3,0.4645470735148846
4.5,0.21773108748496234,100.94842773084399,0,60,3.0,3,0.5517277113139762
4.505,0.23922453870058807,104.74875318118484,0,60,3.0,3,0.6411471336749374
4.51,0.2607685857914563,108.48282317367621,0,60,3.0,3,0.729007604086499
4.515,0.2820129681603682,111.97005664754334,0,60,3.0,3,0.8110601564127846
4.52,0.30258482867153996,115.02467864297884,0,60,3.0,3,0.8829336151289139
4.525,0.3220990771751686,117.47202229769906,0,60,3.0,3,0.9405181717105661
4.53,0.3401700499968971,119.16520707469039,0,60,3.0,3,0.9803578135221267
4.535,0.3564239911198326,120.0,0,60,3.0,3,1.0
4.54,0.3705118017738417,119.92578151822536,0,60,3.0,3,0.9982536827817733
4.545,0.3821214567925213,118.95102289730116,0,60,3.0,3,0.9753181858188508
4.55,0.39098947374066967,117.14246274518496,0,60,3.0,3,0.9327638292984696
4.555,0.3969108472035567,114.61810451972603,0,60,3.0,3,0.8733671651700243
4.56,0.3997469255491936,111.5350680111271,0,60,3.0,3,0.8008251296735787
4.565,0.3994308076379137,108.0740441083796,0,60,3.0,3,0.7193892731383434
4.57,0.3959699661768434,104.42249674272264,0,60,3.0,3,0.633470511593474
4.575,0.38944595408114946,100.75877354497398,0,60,3.0,3,0.5472652598817407
4.58,0.38001120995358023,97.23895250911174,0,60,3.0,3,0.4644459413908645
4.585,0.3678831374098315,93.98765955902843,0,60,3.0,3,0.38794493080066894
4.59,0.35333577933796634,91.09337674826752,0,60,3.0,3,0.3198441587827651
4.595,0.33668953221163944,88.60806578475214,0,60,3.0,3,0.26136625375887396
4.6,0.3182994390982644,86.55037538685598,0,60,3.0,3,0.21295000910249354
4.605,0.29854265738230645,84.91135658494059,0,60,3.0,3,0.17438486082213156
4.61,0.2778057157821067,83.66149701265033,0,60,3.0,3,0.14497640029765482
4.615,0.2564721553719815,82.75797548000064,0,60,3.0,3,0.12371707011766209
4.62,0.23491109433464996,82.1512715900934,0,60,3.0,3,0.1094416844727859
4.625,0.21346717185309805,81.79056899773018,0,60,3.0,3,0.10095456465247474
4.63,0.19245222055656455,81.62769723046279,0,60,3.0,3,0.09712228777559496
4.635,0.17213889801761392,81.61961520483318,0,60,3.0,3,0.09693212246666308
4.64,0.15275638501270183,81.72962172673779,0,60,3.0,3,0.09952051121735976
4.645,0.13448814019607322,81.92757810348637,0,60,3.0,3,0.10417830831732632
4.65,0.11747159495449566,82.18945565966037,0,60,3.0,3,0.11034013316847924
4.655,0.10179958433370105,82.49649588446255,0,60,3.0,3,0.11756460904617758
4.66,0.08752324394101413,82.83421513759593,0,60,3.0,3,0.12551094441402197
4.665,0.07465606047174059,83.19141883220342,0,60,3.0,3,0.13391573722831587
4.67,0.0631787448609295,83.55932610315664,0,60,3.0,3,0.1425723788978032
4.675,0.05304460019959574,83.93085353810575,0,60,3.0,3,0.1513142008966059
4.68,0.044185078305849994,84.30006879848048,0,60,3.0,3,0.16000161878777602
4.685,0.03651525513023255,84.6618013884261,0,60,3.0,3,0.16851297384531996
4.69,0.0299390014708757,85.01138584869369,0,60,3.0,3,0.17673849055749863
4.695,0.024353677220580638,85.34450891949677,0,60,3.0,3,0.18457668045874764
4.7,0.01965423034339045,85.65713355682738,0,60,3.0,3,0.19193255427829117
4.705,0.015736632374757337,85.94547657178403,0,60,3.0,3,0.198717095806683
4.71,0.012500627640593535,86.20602134981468,0,60,3.0,3,0.20484756117211003
4.715,0.009851811652115898,86.43555156926756,0,60,3.0,3,0.21024827221806022
4.72,0.007703084175428559,86.6311955940732,0,60,3.0,3,0.21485166103701658
4.725,0.005975544002062424,86.79047413872193,0,60,3.0,3,0.2185993914993396
4.73,0.004598905818663047,86.91134596731928,0,60,3.0,3,0.22144343452515947
4.735,0.0035115256454839104,86.99224794750238,0,60,3.0,3,0.2233470105294677
4.74,0.002660121266303676,87.0321269017975,0,60,3.0,3,0.22428533886582347
4.745,0.0019992692560877024,87.03046152758272,0,60,3.0,3,0.22424615359018155
4.75,0.0014907520044639367,86.98727330011184,0,60,3.0,3,0.22322996000263148
4.755,0.0011028178277539807,86.90312580335406,0,60,3.0,3,0.22125001890244841
4.76,0.0008094059938923333,86.77911239371997,0,60,3.0,3,0.21833205632282282
4.765,0.0005893771793717645,86.61683251370297,0,60,3.0,3,0.21451370620477586
4.77,0.0004257792353490551,86.41835734354086,0,60,3.0,3,0.20984370220096146
4.775,0.0003051686392901525,86.18618580827722,0,60,3.0,3,0.2043808425476992
4.78,0.00021699992642659966,85.92319223996377,0,60,3.0,3,0.19819275858738278
4.785,0.00015308884054097838,85.63256722375668,0,60,3.0,3,0.1913545229119219
4.79,0.00010714989329311098,85.31775332643326,0,60,3.0,3,0.18394713709254734
4.795,7.440535854020571e-05,84.98237751219715,0,60,3.0,3,0.17605594146346226
4.8,5.1260276743925106e-05,84.63018209168393,0,60,3.0,3,0.16776899039256316
4.805,3.503659887882241e-05,84.26495602656462,0,60,3.0,3,0.1591754359191675
4.81,2.375894748103639e-05,83.89046832741985,0,60,3.0,3,0.15036396064517302
4.815,1.5984413869232557e-05,83.51040514239358,0,60,3.0,3,0.14142129746808424
4.82,1.0669166579899869e-05,83.12831194637964,0,60,3.0,4,0.13243086932657974
4.825,7.06526633560511e-06,82.74754201463752,0,60,3.0,4,0.1234715768150004
4.83,4.641847214699205e-06,82.3712121113783,0,60,3.0,4,0.11461675556184232
4.835,3.025641074479182e-06,82.00216605418971,0,60,3.0,4,0.10593331892211094
4.84,1.9566278676921314e-06,81.64294654037948,0,60,3.0,4,0.09748109506775256
4.845,1.2553456560008793e-06,81.29577535211716,0,60,3.0,4,0.08931236122628615
4.85,7.990660428214668e-07,80.96254180339523,0,60,3.0,4,0.08147157184459355
4.855,5.046221251618276e-07,80.6447990617242,0,60,3.0,4,0.07399527204056941
4.86,3.1616527078858815e-07,80.34376777791057,0,60,3.0,4,0.0669121830096605
4.865,1.9652884407760343e-07,80.06034629321955,0,60,3.0,4,0.06024344219340124
4.87,1.2120002189836396e-07,79.79512656778222,0,60,3.0,4,0.05400297806546398
4.875,7.415549848886236e-08,79.54841488849074,0,60,3.0,4,0.0481979973762527
4.88,4.501406988770349e-08,79.32025636829391,0,60,3.0,4,0.04282956160691556
4.885,0.0,79.11046223965401,0,60,3.0,4,0.0378932291683297
4.89,0.0,78.91863896952484,0,60,3.0,4,0.033379740459407885
4.895,0.0,78.74421827710127,0,60,3.0,4,0.029275724167088662
4.9,0.0,78.58648721358958,0,60,3.0,4,0.02556440502563713
4.905,0.0,78.44461755976289,0,60,3.0,4,0.022226295523832693
4.91,0.0,78.31769390639055,0,60,3.0,4,0.019239856620954003
4.915,0.0,78.20473989921516,0,60,3.0,4,0.016582115275650722
4.92,0.0,78.10474224883049,0,60,3.0,4,0.014229229384246832
4.925,0.0,78.01667222199016,0,60,3.0,4,0.012156993458592068
4.93,0.0,77.93950444065351,0,60,3.0,4,0.010341280956553124
4.935,0.0,77.87223291533377,0,60,3.0,4,0.008758421537265134
4.94,0.0,77.81388432774902,0,60,3.0,4,0.007385513594094645
4.945,0.0,77.76352865288558,0,60,3.0,4,0.0062006741855431275
4.95,0.0,77.72028727161512,0,60,3.0,4,0.005183229920355777
4.955,0.0,77.68333877188556,0,60,3.0,4,0.004313853456130801
4.96,0.0,77.65192266973189,0,60,3.0,4,0.0035746510525150234
4.965,0.0,77.62534130189604,0,60,3.0,4,0.0029492071034363052
4.97,0.0,77.60296015101808,0,60,3.0,4,0.0024225917886607318
4.975,0.0,77.58420686372104,0,60,3.0,4,0.00198133796990673
4.98,0.0,77.5685692131375,0,60,3.0,4,0.0016133932502939655
4.985,0.0,77.55559224223543,0,60,3.0,4,0.0013080527584808056
4.99,0.0,77.54487480436342,0,60,3.0,4,0.001055877749727455
4.995,0.0,77.53606569430985,0,60,3.0,4,0.000848604571996582
5.0,0.0,77.52885953826085,0,60,3.0,4,0.0006790479590787367
5.005,0.0,77.52299258555637,0,60,3.0,4,0.0005410020130909743
5.01,0.0,77.51823852009305,0,60,3.0,4,0.0004291416492482286
5.015,0.0,77.5144043853977,0,60,3.0,4,0.00033892671523992303
5.02,0.0,77.5113266953926,0,60,3.0,4,0.0002665104798258172
5.025,0.0,77.50886778309393,0,60,3.0,4,0.00020865371985725206
5.03,0.0,77.50691242216493,0,60,3.0,4,0.0001626452274101265
5.035,0.0,77.50536474147606,0,60,3.0,4,0.00012622921120135502
5.04,0.0,77.50414544058145,0,60,3.0,4,9.753977838713849e-05
5.045,0.0,77.50318930418436,0,60,3.0,4,7.504245139671184e-05
5.05,0.0,77.50244300605091,0,60,3.0,4,5.7482495315539116e-05
5.055,0.0,77.50186318721106,0,60,3.0,4,4.3839699083705724e-05
5.06,0.0,77.50141478940333,0,60,3.0,4,3.328916243122769e-05
5.065,0.0,77.501069622313,0,60,3.0,4,2.516758383522114e-05
5.07,0.0,77.50080514196202,0,60,3.0,4,1.894451675338239e-05
5.075,0.0,77.50060341738867,0,60,3.0,4,1.4198056204109247e-05
5.08,0.0,77.50045026328183,0,60,3.0,4,1.0594430160809305e-05
5.085,0.0,77.50033451730998,0,60,3.0,4,7.870995528946877e-06
5.09,0.0,77.50024744233824,0,60,3.0,4,5.822172664359053e-06
5.095,0.0,77.50018223541412,0,60,3.0,4,4.2878920968338635e-06
5.1,0.0,77.50013362720881,0,60,3.0,4,3.144169619083507e-06
5.105,0.0,77.5000975574338,0,60,3.0,4,2.295469030688015e-06
5.11,0.0,77.50007091354405,0,60,3.0,4,1.6685539776517544e-06
5.115,0.0,77.50005132173919,0,60,3.0,4,1.207570333944579e-06
5.12,0.0,77.50003698085024,0,60,3.0,4,8.701376527021827e-07
5.125,0.0,77.5000265311314,0,60,3.0,4,6.24261915217015e-07
5.13,0.0,77.50001895125611,0,60,3.0,4,4.4591190845387566e-07
5.135,0.0,77.500013477942,0,60,3.0,4,3.171280471794008e-07
5.14,0.0,77.50000954360634,0,60,3.0,4,2.2455544327011225e-07
5.145,0.0,77.50000672829157,0,60,3.0,4,1.5831274274258999e-07
5.15,0.0,77.50000472280965,0,60,3.0,4,1.1112493292089578e-07
5.155,0.0,77.50000330064967,0,60,3.0,4,7.76623450934387e-08
5.16,0.001684486749771458,77.50000229668679,0,60,3.0,4,5.403968911570487e-08
5.165,0.003097557930867117,77.50000159113661,0,60,3.0,4,3.74385084502565e-08
5.17,0.005475106668887023,77.50000109753029,0,60,3.0,4,2.5824242049352237e-08
5.175,0.00930222931468658,77.50000075375274,0,60,3.0,4,1.7735358677087147e-08
5.18,0.01519157517868857,77.50000051540029,0,60,3.0,4,1.2127065594861907e-08
5.185,0.023847336626128316,77.50000035088415,0,60,3.0,4,8.256097651289618e-09
5.19,0.0359830743700859,77.50000023784072,0,60,3.0,4,5.5962523086183116e-09
5.195,0.05218887796857759,77.50000016051366,0,60,3.0,4,3.776792107815066e-09
5.2,0.0727577001223134,77.50000010785521,0,60,3.0,4,2.537769753818044e-09
5.205,0.0974992498694751,77.5000000721562,0,60,3.0,4,1.6977928814466235e-09
5.21,0.12558706050443358,77.50000004806286,0,60,3.0,4,1.1308907901633682e-09
5.215,0.15549263588878245,77.50000003187489,0,60,3.0,4,7.499974184183349e-10
5.22,0.1850529723539114,77.50000002104706,0,60,3.0,4,4.952248807111412e-10
5.225,0.21169159439317053,77.50000001383685,0,60,3.0,4,3.255730221366428e-10
5.23,0.23277292922115492,77.50000000905705,0,60,3.0,4,2.1310698042832561e-10
5.235,0.24602692519491282,77.50000000590254,0,60,3.0,4,1.3888318469124738e-10
5.24,0.24995056064839283,77.50000000382997,0,60,3.0,4,9.011688127750804e-11
5.245,0.24408826520424054,77.50000000247431,0,60,3.0,4,5.821902959723957e-11
5.25,0.22911894216865275,77.50000000159154,0,60,3.0,4,3.7448109972448196e-11
5.255,0.20672661788705934,77.50000000101926,0,60,3.0,4,2.3982572790427022e-11
5.26,0.17928878030241233,77.5000000006499,0,60,3.0,4,1.5291882792713722e-11
5.265,0.14946211903866036,77.5000000004126,0,60,3.0,4,9.708187195321764e-12
5.27,0.1197651512573837,77.5000000002608,0,60,3.0,4,6.1364142525502864e-12
5.275,0.09224675744988023,77.50000000016412,0,60,3.0,4,3.861674378961599e-12
5.28,0.06829565320281596,77.50000000010284,0,60,3.0,4,2.4198577782098094e-12
5.285,0.04860224607515734,77.50000000006416,0,60,3.0,4,1.5096943303326364e-12
5.29,0.03324612389699793,77.50000000003985,0,60,3.0,4,9.375820381512097e-13
5.295,0.021859876340472782,77.50000000002464,0,60,3.0,4,5.798028723802417e-13
5.3,0.01381595518554205,77.50000000001518,0,60,3.0,4,3.571104196667233e-13
5.305,0.008394095110402422,77.50000000000931,0,60,3.0,4,2.1901434914017206e-13
5.31,0.0049052535271608,77.50000000000568,0,60,3.0,4,1.3374922084896004e-13
5.315,0.0027671663551903634,77.50000000000345,0,60,3.0,4,8.125265166574322e-14
5.32,0.0015425553464444616,77.50000000000209,0,60,3.0,4,4.9152838661992815e-14
5.325,0.0009638206637011801,77.50000000000125,0,60,3.0,4,2.942482858677121e-14
5.33,0.0009804935156568228,77.50000000000075,0,60,3.0,4,1.7721771762487205e-14
5.335,0.0018793744894085216,77.50000000000045,0,60,3.0,4,1.0699937667916803e-14
5.34,0.004535525206900863,77.50000000000027,0,60,3.0,4,6.353087990325602e-15
5.345,0.010832767979632273,77.50000000000016,0,60,3.0,4,3.678103573346401e-15
5.35,0.024208003392322392,77.5000000000001,0,60,3.0,4,2.3406113648568006e-15
5.355,0.0500971897335304,77.50000000000006,0,60,3.0,4,1.3374922084896003e-15
5.36,0.09582894921774403,77.50000000000003,0,60,3.0,4,6.687461042448002e-16
5.365,0.16937896721820658,77.50000000000001,0,60,3.0,4,3.343730521224001e-16
5.37,0.27661303008991756,77.50000000000001,0,60,3.0,4,3.343730521224001e-16
5.375,0.4173782800009149,77.5,0,60,3.0,4,0.0
5.38,0.5818720934538056,77.5,0,60,3.0,4,0.0
5.385,0.7494718801585675,77.5,0,60,3.0,4,0.0
5.39,0.891813020752378,77.5,0,60,3.0,4,0.0
5.395,0.9800361632936612,77.5,0,60,3.0,4,0.0
5.4,0.993574479225126,77.50000249070214,1,60,3.0,4,5.8604756331453034e-08
5.405,0.9263438449375362,77.5000037748439,0,60,3.0,4,8.881985656765156e-08
5.41,0.7873015962290536,77.500005833579,0,60,3.0,4,1.372606822555741e-07
5.415,0.5959516244629897,77.50000928366461,0,60,3.0,4,2.1843916730337214e-07
5.42,0.376910120078773,77.500015361103,0,60,3.0,4,3.6143771754883777e-07
5.425,0.15739335672107918,77.50002659138995,0,60,3.0,4,6.256797636230177e-07
5.43,-0.033361226269301235,77.50004815927716,0,60,3.0,4,1.133159462503553e-06
5.435,-0.1680180840843834,77.5000906430617,0,60,3.0,4,2.1327779222701793e-06
5.44,-0.23069703190837854,77.50017533177136,0,60,3.0,4,4.1254534437484836e-06
5.445,-0.22587267821131068,77.50034427932519,0,60,3.0,4,8.100690004486001e-06
5.45,-0.17718181630665902,77.50067876339347,0,60,3.0,4,1.5970903375679934e-05
5.455,-0.11494332516451301,77.50133214821588,0,60,3.0,4,3.1344663903061755e-05
5.46,-0.061810214049552864,77.5025865477528,0,60,3.0,4,6.085994712467415e-05
5.465,-0.026546104631500547,77.50494731977106,0,60,3.0,4,0.00011640752402500125
5.47,-0.00719600351942686,77.50929523851232,0,60,3.0,4,0.00021871149440759086
5.475,0.0022072757983807078,77.5171226889302,0,60,3.0,4,0.0004028867983576594
5.48,0.006917199873730717,77.53088616090623,0,60,3.0,4,0.0007267331977937588
5.485,0.01004859748264829,77.55451044219848,0,60,3.0,4,0.0012825986399641752
5.49,0.013037082251128167,77.59407677734065,0,60,3.0,4,0.00221357123154462
5.495,0.01645163937690478,77.65871339087008,0,60,3.0,4,0.003734432726354739
5.5,0.020526639934696615,77.76167727564739,0,60,3.0,4,0.006157112368173798
5.505,0.02539629541761738,77.92156705033047,0,60,3.0,4,0.009919224713658035
5.51,0.031171612185577933,78.16353698380597,0,60,3.0,4,0.01561263491308162
5.515,0.03795853426638131,78.5202964150463,0,60,3.0,4,0.02400697447167772
5.52,0.0458588961882057,79.03258899051217,0,60,3.0,4,0.036060917423815696
5.525,0.054966995891435555,79.74877354393652,0,60,3.0,4,0.05291231868085935
5.53,0.06536491004445595,80.7231018809971,0,60,3.0,4,0.07583769131757896
5.535,0.07711726085088699,82.01234009388017,0,60,3.0,4,0.1061727080912981
5.54,0.09026570629555215,83.67053603700003,0,60,3.0,4,0.1451890832235302
5.545,0.10482339848670268,85.74200698045453,0,60,3.0,4,0.1939295760106949
5.55,0.12076968927580028,88.25299216597037,0,60,3.0,4,0.25301158037577337
5.555,0.13804539501007884,91.20283520772053,0,60,3.0,4,0.3224196519463653
5.56,0.15654895051787066,94.55594843457419,0,60,3.0,4,0.40131643375468684
5.565,0.17613378141900526,98.2360618659798,0,60,3.0,4,0.48790733802305425
5.57,0.19660720058055794,102.12427180024235,0,60,3.0,4,0.5793946305939377
5.575,0.21773108748496234,106.06210749842371,0,60,3.0,4,0.672049588198205
5.58,0.23922453870058807,109.86021864616963,0,60,3.0,4,0.7614169093216383
5.585,0.2607685857914563,113.31241870434148,0,60,3.0,4,0.8426451459845055
5.59,0.2820129681603682,116.21384448755202,0,60,3.0,4,0.9109139879424005
5.595,0.30258482867153996,118.38110783857866,0,60,3.0,4,0.9619084197312625
5.6,0.3220990771751686,119.6717274950356,0,60,3.0,4,0.9922759410596611
5.605,0.3401700499968971,120.0,0,60,3.0,4,1.0
5.61,0.3564239911198326,119.34686742618811,0,60,3.0,4,0.9846321747338379
5.615,0.3705118017738417,117.76221775269957,0,60,3.0,4,0.9473463000635193
5.62,0.3821214567925213,115.35924796725743,0,60,3.0,4,0.8908058345237043
5.625,0.39098947374066967,112.30178985500262,0,60,3.0,4,0.8188656436471206
5.63,0.3969108472035567,108.78658469160068,0,60,3.0,4,0.736154933920016
5.635,0.3997469255491936,105.02318183622177,0,60,3.0,4,0.6476042784993357
5.64,0.3994308076379137,101.21431013746422,0,60,3.0,4,0.5579837679403347
5.645,0.3959699661768434,97.53923277955604,0,60,3.0,4,0.4715113595189658
5.65,0.38944595408114946,94.14185919721706,0,60,3.0,4,0.39157315758157785
5.655,0.38001120995358023,91.12443922669075,0,60,3.0,4,0.3205750406280177
5.66,0.3678831374098315,88.54671365581692,0,60,3.0,4,0.25992267425451565
5.665,0.35333577933796634,86.42962122580431,0,60,3.0,4,0.21010873472480732
5.67,0.33668953221163944,84.76217841349774,0,60,3.0,4,0.17087478619994673
5.675,0.3182994390982644,83.50998827510688,0,60,3.0,4,0.14141148882604418
5.68,0.29854265738230645,82.6239592616714,0,60,3.0,4,0.12056374733344476
5.685,0.2778057157821067,82.04813671665211,0,60,3.0,4,0.10701498156828493
5.69,0.2564721553719815,81.72596289047014,0,60,3.0,4,0.09943442095223866
5.695,0.23491109433464996,81.60468893918195,0,60,3.0,4,0.09658091621604599
5.7,0.21346717185309805,81.63799504646468,0,60,3.0,4,0.09736458932858073
5.705,0.19245222055656455,81.78709744087013,0,60,3.0,4,0.10087288096165005
5.71,0.17213889801761392,82.02073014370184,0,60,3.0,4,0.10637012102827859
5.715,0.15275638501270183,82.31440368405315,0,60,3.0,4,0.11328008668360345
5.72,0.13448814019607322,82.64929288117871,0,60,3.0,4,0.12115983249832257
5.725,0.11747159495449566,83.0110225176634,0,60,3.0,4,0.12967111806266837
5.73,0.10179958433370105,83.3885292368498,0,60,3.0,4,0.13855362910234836
5.735,0.08752324394101413,83.77309765368632,0,60,3.0,4,0.1476022977337958
5.74,0.07465606047174059,84.15760717412064,0,60,3.0,4,0.15664958056754452
5.745,0.0631787448609295,84.53598520779653,0,60,3.0,4,0.1655525931246242
5.75,0.05304460019959574,84.90283979370203,0,60,3.0,4,0.17418446573416538
5.755,0.044185078305849994,85.2532355842238,0,60,3.0,4,0.18242907256997182
5.76,0.03651525513023255,85.58257682747728,0,60,3.0,4,0.1901782782935831
5.765,0.0299390014708757,85.88656538177838,0,60,3.0,4,0.19733095015949134
5.77,0.024353677220580638,86.1612079739718,0,60,3.0,4,0.20379312879933642
5.775,0.01965423034339045,86.40285309350594,0,60,3.0,4,0.2094788963177868
5.78,0.015736632374757337,86.6082432150249,0,60,3.0,4,0.21431160505940938
5.785,0.012500627640593535,86.77457218739008,0,60,3.0,4,0.21822522793859006
5.79,0.009851811652115898,86.89954068208965,0,60,3.0,4,0.22116566310799177
5.795,0.007703084175428559,86.98140477366222,0,60,3.0,4,0.22309187702734634
5.8,0.005975544002062424,87.01901427304892,0,60,3.0,4,0.22397680642468057
5.805,0.004598905818663047,87.01183856381658,0,60,3.0,4,0.22380796620744897
5.81,0.0035115256454839104,86.95997855926363,0,60,3.0,4,0.22258773080620312
5.815,0.002660121266303676,86.86416411011633,0,60,3.0,4,0.22033327317920787
5.82,0.0019992692560877024,86.72573680860323,0,60,3.0,4,0.21707616020242895
5.825,0.0014907520044639367,86.54661868443019,0,60,3.0,4,0.21286161610423968
5.83,0.0011028178277539807,86.32926778050197,0,60,3.0,4,0.20774747718828154
5.835,0.0008094059938923333,86.0766220284689,0,60,3.0,4,0.20180287125809185
5.84,0.0005893771793717645,85.79203320823416,0,60,3.0,4,0.1951066637231567
5.845,0.0004257792353490551,85.47919306210486,0,60,3.0,4,0.18774571910834953
5.85,0.0003051686392901525,85.1420538353606,0,60,3.0,4,0.1798130314202494
5.855,0.00021699992642659966,84.78474562561813,0,60,3.0,4,0.1714057794263089
5.86,0.00015308884054097838,84.41149294219383,0,60,3.0,4,0.1626233633457372
5.865,0.00010714989329311098,84.02653280638995,0,60,3.0,4,0.15356547779741062
5.87,7.440535854020571e-05,83.63403657080012,0,60,3.0,4,0.14433027225412048
5.875,5.1260276743925106e-05,83.23803741033751,0,60,3.0,4,0.13501264494911794
5.88,3.503659887882241e-05,82.8423651525489,0,60,3.0,4,0.12570270947173867
5.885,2.375894748103639e-05,82.45058978476153,0,60,3.0,4,0.11648446552380078
5.89,1.5984413869232557e-05,82.06597461680163,0,60,3.0,4,0.1074346968659206
5.895,1.0669166579899869e-05,81.69143970684148,0,60,3.0,4,0.09862211074921126
5.9,7.06526633560511e-06,81.32953579030706,0,60,3.0,4,0.09010672447781323
5.905,4.641847214699205e-06,80.98242860237454,0,60,3.0,4,0.08193949652645977
5.91,3.025641074479182e-06,80.65189316618567,0,60,3.0,4,0.07416219214554524
5.915,1.9566278676921314e-06,80.33931734191135,0,60,3.0,4,0.06680746686850245
5.92,1.2553456560008793e-06,80.04571370388507,0,60,3.0,4,0.05989914597376636
5.925,7.990660428214668e-07,79.77173863904802,0,60,3.0,4,0.05345267385995351
5.93,5.046221251618276e-07,79.51771744188935,0,60,3.0,4,0.04747570451504343
5.935,3.1616527078858815e-07,79.28367411824715,0,60,3.0,4,0.04196880278228585
5.94,1.9652884407760343e-07,79.06936459968861,0,60,3.0,4,0.03692622587502616
5.945,1.2120002189836396e-07,78.87431210665059,0,60,3.0,4,0.03233675545060217
5.95,7.415549848886236e-08,78.69784347549275,0,60,3.0,4,0.028184552364535206
5.955,4.501406988770349e-08,78.53912537444172,0,60,3.0,4,0.024450008810393508
5.96,0.0,78.39719946787567,0,60,3.0,4,0.02111057571472155
5.965,0.0,78.27101573919998,0,60,3.0,4,0.018141546804705446
5.97,0.0,78.15946334170297,0,60,3.0,4,0.015516784510658212
5.975,0.0,78.06139850691407,0,60,3.0,4,0.013209376633272327
5.98,0.0,77.97566919470562,0,60,3.0,4,0.011192216346014514
5.985,0.0,77.9011363133772,0,60,3.0,4,0.009438501491228086
5.99,0.0,77.83669146714263,0,60,3.0,4,0.007922152168061851
5.995,0.0,77.78127129994012,0,60,3.0,4,0.006618148233885075
6.0,0.0,77.73386859662963,0,60,3.0,4,0.005502790508932562
6.005,0.0,77.69354037484015,0,60,3.0,4,0.004553891172709507
6.01,0.0,77.6594132533464,0,60,3.0,4,0.0037509000787388364
6.015,0.0,77.63068641703312,0,60,3.0,4,0.0030749745184263087
6.02,0.0,77.60663251599041,0,60,3.0,4,0.002509000376244999
6.025,0.0,77.58659683924148,0,60,3.0,5,0.002037572688034823
6.03,0.0,77.5699950944462,0,60,3.0,5,0.0016469433987340916
6.035,0.0,77.5563101061534,0,60,3.0,5,0.0013249436741977446
6.04,0.0,77.54508771925303,0,60,3.0,5,0.0010608875118360657
6.045,0.0,77.53593216351848,0,60,3.0,5,0.0008454626710230888
6.05,0.0,77.52850110161448,0,60,3.0,5,0.0006706141556348405
6.055,0.0,77.52250054847673,0,60,3.0,5,0.0005294246700406588
6.06,0.0,77.51767981603862,0,60,3.0,5,0.0004159956714970041
6.065,0.0,77.51382660505939,0,60,3.0,5,0.0003253318837504166
6.07,0.0,77.51076233615936,0,60,3.0,5,0.00025323143904375575
6.075,0.0,77.50833778567196,0,60,3.0,5,0.00019618319228129622
6.08,0.0,77.50642906890162,0,60,3.0,5,0.00015127220944999168
6.085,0.0,77.50493399394611,0,60,3.0,5,0.00011609397520260246
6.09,0.0,77.50376879333639,0,60,3.0,5,8.86774902680292e-05
6.095,0.0,77.502865228177,0,60,3.0,5,6.741713357648811e-05
6.1,0.0,77.50216804994355,0,60,3.0,5,5.101293984821228e-05
6.105,0.0,77.501632798266,0,60,3.0,5,3.841878272944942e-05
6.11,0.0,77.50122390851851,0,60,3.0,5,2.8797847494388407e-05
6.115,0.0,77.50091310046415,0,60,3.0,5,2.1484716803436587e-05
6.12,0.0,77.50067801819499,0,60,3.0,5,1.5953369293864692e-05
6.125,0.0,77.50050109181922,0,60,3.0,5,1.1790395746281908e-05
6.13,0.0,77.50036859246728,0,60,3.0,5,8.672763936053396e-06
6.135,0.0,77.5002698539488,0,60,3.0,5,6.349504677500055e-06
6.14,0.0,77.50019663656475,0,60,3.0,5,4.626742700044333e-06
6.145,0.0,77.50014261097807,0,60,3.0,5,3.3555524252653197e-06
6.15,0.0,77.5001029425252,0,60,3.0,5,2.422177063595775e-06
6.155,0.0,77.50007395879989,0,60,3.0,5,1.7402070561863238e-06
6.16,0.0,77.50005288567749,0,60,3.0,5,1.2443688821322747e-06
6.165,0.0,77.5000376391206,0,60,3.0,5,8.856263672013858e-07
6.17,0.0,77.50002666208097,0,60,3.0,5,6.273430816396714e-07
6.175,0.0,77.50001879757373,0,60,3.0,5,4.422958524815733e-07
6.18,0.0,77.50001319054469,0,60,3.0,5,3.1036575746036437e-07
6.185,0.0,77.50000921248602,0,60,3.0,5,2.167643769473002e-07
6.19,0.0,77.50000640389396,0,60,3.0,5,1.506798579451724e-07
6.195,0.001684486749771458,77.500004430621,0,60,3.0,5,1.0424990598360584e-07
6.2,0.003097557930867117,77.50000305097221,0,60,3.0,5,7.178758143227777e-08
6.205,0.005475106668887023,77.50000209105319,0,60,3.0,5,4.920125153309046e-08
6.21,0.00930222931468658,77.50000142641234,0,60,3.0,5,3.356264327896283e-08
6.215,0.01519157517868857,77.50000096845238,0,60,3.0,5,2.2787114898271874e-08
6.22,0.023847336626128316,77.50000065443217,0,60,3.0,5,1.5398404015928355e-08
6.225,0.0359830743700859,77.50000044015351,0,60,3.0,5,1.0356553262039704e-08
6.23,0.05218887796857759,77.50000029464353,0,60,3.0,5,6.9327888789249464e-09
6.235,0.0727577001223134,77.50000019631017,0,60,3.0,5,4.619062779324047e-09
6.24,0.0974992498694751,77.50000013017929,0,60,3.0,5,3.0630420657390083e-09
6.245,0.12558706050443358,77.50000008591998,0,60,3.0,5,2.021646557349253e-09
6.25,0.15549263588878245,77.50000005644164,0,60,3.0,5,1.3280384791869436e-09
6.255,0.1850529723539114,77.5000000369027,0,60,3.0,5,8.682989386322921e-10
6.26,0.21169159439317053,77.5000000240143,0,60,3.0,5,5.650423083673505e-10
6.265,0.23277292922115492,77.50000001555374,0,60,3.0,5,3.6597030242881054e-10
6.27,0.24602692519491282,77.50000001002658,0,60,3.0,5,2.3591958190937634e-10
6.275,0.24995056064839283,77.50000000643315,0,60,3.0,5,1.5136834008444567e-10
6.28,0.24408826520424054,77.50000000410817,0,60,3.0,5,9.666290251890827e-11
6.285,0.22911894216865275,77.50000000261112,0,60,3.0,5,6.143803897002191e-11
6.29,0.20672661788705934,77.5000000016518,0,60,3.0,5,3.8865851713447175e-11
6.295,0.17928878030241233,77.50000000104002,0,60,3.0,5,2.447109181957785e-11
6.3,0.14946211903866036,77.50000000065175,0,60,3.0,5,1.5335351289489637e-11
6.305,0.1197651512573837,77.5000000004065,0,60,3.0,5,9.564741155961254e-12
6.31,0.09224675744988023,77.50000000025236,0,60,3.0,5,5.9377966595895805e-12
6.315,0.06829565320281596,77.50000000015592,0,60,3.0,5,3.668741127886974e-12
6.32,0.04860224607515734,77.50000000009588,0,60,3.0,5,2.2560149826698334e-12
6.325,0.03324612389699793,77.50000000005869,0,60,3.0,5,1.3809607052655123e-12
6.33,0.021859876340472782,77.50000000003575,0,60,3.0,5,8.412825991399587e-13
6.335,0.01381595518554205,77.50000000002167,0,60,3.0,5,5.099189044866601e-13
6.34,0.008394095110402422,77.50000000001309,0,60,3.0,5,3.079575810047305e-13
6.345,0.0049052535271608,77.50000000000786,0,60,3.0,5,1.8490829782368725e-13
6.35,0.0027671663551903634,77.5000000000047,0,60,3.0,5,1.1067748025251443e-13
6.355,0.0015425553464444616,77.5000000000028,0,60,3.0,5,6.587149126811282e-14
6.36,0.0009638206637011801,77.50000000000165,0,60,3.0,5,3.878727404619841e-14
6.365,0.0009804935156568228,77.50000000000098,0,60,3.0,5,2.3071740596445606e-14
6.37,0.0018793744894085216,77.50000000000057,0,60,3.0,5,1.3374922084896003e-14
6.375,0.004535525206900863,77.50000000000033,0,60,3.0,5,7.690580198815202e-15
6.38,0.010832767979632273,77.5000000000002,0,60,3.0,5,4.681222729713601e-15
6.385,0.024208003392322392,77.50000000000011,0,60,3.0,5,2.6749844169792007e-15
6.39,0.0500971897335304,77.50000000000007,0,60,3.0,5,1.6718652606120004e-15
6.395,0.09582894921774403,77.50000000000004,0,60,3.0,5,1.0031191563672002e-15
6.4,0.16937896721820658,77.50000000000001,0,60,3.0,5,3.343730521224001e-16
6.405,0.27661303008991756,77.50000000000001,0,60,3.0,5,3.343730521224001e-16
6.41,0.4173782800009149,77.5,0,60,3.0,5,0.0
6.415,0.5818720934538056,77.5,0,60,3.0,5,0.0
6.42,0.7494718801585675,77.5,0,60,3.0,5,0.0
6.425,0.891813020752378,77.5,0,60,3.0,5,0.0
6.43,0.9800361632936612,77.5,0,60,3.0,5,0.0
6.435,0.993574479225126,77.50000249005134,1,60,3.0,5,5.8589443383158035e-08
6.44,0.9263438449375362,77.50000394038275,0,60,3.0,5,9.271488833666595e-08
6.445,0.7873015962290536,77.50000639218067,0,60,3.0,5,1.504042509569605e-07
6.45,0.5959516244629897,77.50001077235028,0,60,3.0,5,2.534670653965483e-07
6.455,0.376910120078773,77.50001908666758,0,60,3.0,5,4.490980606586912e-07
6.46,0.15739335672107918,77.5000357548629,0,60,3.0,5,8.412908919260243e-07
6.465,-0.033361226269301235,77.5000705175213,0,60,3.0,5,1.659235795159475e-06
6.47,-0.1680180840843834,77.5001445789881,0,60,3.0,5,3.401858543504525e-06
6.475,-0.23069703190837854,77.5003031686916,0,60,3.0,5,7.133380978864486e-06
6.48,-0.22587267821131068,77.5006403428687,0,60,3.0,5,1.5066891028388508e-05
6.485,-0.17718181630665902,77.50134618528463,0,60,3.0,5,3.167494787369244e-05
6.49,-0.11494332516451301,77.50279324668047,0,60,3.0,5,6.572345130514216e-05
6.495,-0.061810214049552864,77.5056885995389,0,60,3.0,5,0.0001338494009152836
6.5,-0.026546104631500547,77.51133023532057,0,60,3.0,5,0.00026659377224873157
6.505,-0.00719600351942686,77.52202043086514,0,60,3.0,5,0.0005181277850621267
6.51,0.0022072757983807078,77.54170079619027,0,60,3.0,5,0.000981195204476936
6.515,0.006917199873730717,77.57687766493112,0,60,3.0,5,0.0018088862336733602
6.52,0.01004859748264829,77.63789263572853,0,60,3.0,5,0.003244532605377264
6.525,0.013037082251128167,77.74054920623045,0,60,3.0,5,0.0056599813230695205
6.53,0.01645163937690478,77.90802055981457,0,60,3.0,5,0.009600483760342914
6.535,0.020526639934696615,78.17282908364092,0,60,3.0,5,0.015831272556256944
6.54,0.02539629541761738,78.57851124527741,0,60,3.0,5,0.025376735182997916
6.545,0.031171612185577933,79.1803885212917,0,60,3.0,5,0.03953855344215774
6.55,0.03795853426638131,80.0447076348371,0,60,3.0,5,0.059875473760872835
6.555,0.0458588961882057,81.24536512508388,0,60,3.0,5,0.08812623823726774
6.56,0.054966995891435555,82.85757412646959,0,60,3.0,5,0.12606056768163731
6.565,0.06536491004445595,84.94822898129785,0,60,3.0,5,0.17525244661877282
6.57,0.07711726085088699,87.56338750820743,0,60,3.0,5,0.23678558842841005
6.575,0.09026570629555215,90.7141492895029,0,60,3.0,5,0.3109211597530094
6.58,0.10482339848670268,94.3630917299998,0,60,3.0,5,0.39677862894117166
6.585,0.12076968927580028,98.41408530862822,0,60,3.0,5,0.4920961249088992
6.59,0.13804539501007884,102.70847428298099,0,60,3.0,5,0.5931405713642585
6.595,0.15654895051787066,107.03007195676986,0,60,3.0,5,0.694825222512232
6.6,0.17613378141900526,111.12012910549245,0,60,3.0,5,0.7910618613057048
6.605,0.19660720058055794,114.70155663171694,0,60,3.0,5,0.8753307442756927
6.61,0.21773108748496234,117.50960206611181,0,60,3.0,5,0.941402401555572
6.615,0.23922453870058807,119.32441468611549,0,60,3.0,5,0.9841038749674232
6.62,0.2607685857914563,120.0,0,60,3.0,5,1.0
6.625,0.2820129681603682,119.48430356356428,0,60,3.0,5,0.9878659662015126
6.63,0.30258482867153996,117.826618813132,0,60,3.0,5,0.9488616191325177
6.635,0.3220990771751686,115.17088635739287,0,60,3.0,5,0.8863737966445382
6.64,0.3401700499968971,111.73617728815637,0,60,3.0,5,0.8055571126625028
6.645,0.3564239911198326,107.78805988304259,0,60,3.0,5,0.7126602325421787
6.65,0.3705118017738417,103.60606181643028,0,60,3.0,5,0.6142602780336537
6.655,0.3821214567925213,99.45274455247792,0,60,3.0,5,0.5165351659406571
6.66,0.39098947374066967,95.54902758884025,0,60,3.0,5,0.42468300209035875
6.665,0.3969108472035567,92.05866703799698,0,60,3.0,5,0.342556871482282
6.67,0.3997469255491936,89.08271495386987,0,60,3.0,5,0.2725344695028204
6.675,0.3994308076379137,86.66288698908318,0,60,3.0,5,0.21559734091960414
6.68,0.3959699661768434,84.7914392365105,0,60,3.0,5,0.1715632761531882
6.685,0.38944595408114946,83.42457875378753,0,60,3.0,5,0.1394018530302948
6.69,0.38001120995358023,82.49656511278434,0,60,3.0,5,0.11756623794786679
6.695,0.3678831374098315,81.93230111406058,0,60,3.0,5,0.10428943797789597
6.7,0.35333577933796634,81.65708944599176,0,60,3.0,5,0.09781386931745313
6.705,0.33668953221163944,81.60309706988252,0,60,3.0,5,0.09654346046782407
6.71,0.3182994390982644,81.71274607711119,0,60,3.0,5,0.09912343710849862
6.715,0.29854265738230645,81.93966161579142,0,60,3.0,5,0.10446262625391582
6.72,0.2778057157821067,82.2479621143257,0,60,3.0,5,0.11171675563119299
6.725,0.2564721553719815,82.6106363930207,0,60,3.0,5,0.12025026807107525
6.73,0.23491109433464996,83.00759804884157,0,60,3.0,5,0.12959054232568407
6.735,0.21346717185309805,83.42381432070776,0,60,3.0,5,0.1393838663695944
6.74,0.19245222055656455,83.84772730242526,0,60,3.0,5,0.14935828946882954
6.745,0.17213889801761392,84.2700476135659,0,60,3.0,5,0.1592952379662563
6.75,0.15275638501270183,84.68291151017121,0,60,3.0,5,0.16900968259226373
6.755,0.13448814019607322,85.07934584035235,0,60,3.0,5,0.17833754918476108
6.76,0.11747159495449566,85.45296939810551,0,60,3.0,5,0.18712869172012964
6.765,0.10179958433370105,85.79786185623578,0,60,3.0,5,0.19524380838201844
6.77,0.08752324394101413,86.10854277553481,0,60,3.0,5,0.2025539476596427
6.775,0.07465606047174059,86.38001673381514,0,60,3.0,5,0.20894157020741505
6.78,0.0631787448609295,86.60785292524119,0,60,3.0,5,0.21430242177038095
6.785,0.05304460019959574,86.78827731415377,0,60,3.0,5,0.21854770150950056
6.79,0.044185078305849994,86.91826250749796,0,60,3.0,5,0.22160617664701074
6.795,0.03651525513023255,86.99560542459125,0,60,3.0,5,0.22342600999038228
6.8,0.0299390014708757,87.0189862207937,0,60,3.0,5,0.22397614637161664
6.805,0.024353677220580638,86.98800431460441,0,60,3.0,5,0.22324716034363318
6.81,0.01965423034339045,86.90318917628503,0,60,3.0,5,0.22125151003023588
6.815,0.015736632374757337,86.76598501082319,0,60,3.0,5,0.21802317672525146
6.82,0.012500627640593535,86.57870974203561,0,60,3.0,5,0.21361669981260267
6.825,0.009851811652115898,86.34448983173559,0,60,3.0,5,0.20810564309966087
6.83,0.007703084175428559,86.06717345510422,0,60,3.0,5,0.20158055188480528
6.835,0.005975544002062424,85.75122538441936,0,60,3.0,5,0.19414647963339662
6.84,0.004598905818663047,85.40160758432508,0,60,3.0,5,0.1859201784547077
6.845,0.0035115256454839104,85.02364997133708,0,60,3.0,5,0.17702705814910774
6.85,0.002660121266303676,84.62291602458168,0,60,3.0,5,0.16759802410780433
6.855,0.0019992692560877024,84.20506795077087,0,60,3.0,5,0.15776630472402042
6.86,0.0014907520044639367,83.77573591248671,0,60,3.0,5,0.147664374411452
6.865,0.0011028178277539807,83.34039544429893,0,60,3.0,5,0.137421069277622
6.87,0.0008094059938923333,82.90425663486596,0,60,3.0,5,0.1271589796439049
6.875,0.0005893771793717645,82.47216798110777,0,60,3.0,5,0.11699218779077114
6.88,0.0004257792353490551,82.04853706370281,0,60,3.0,5,0.10702440149888964
6.885,0.0003051686392901525,81.63726939449548,0,60,3.0,5,0.09734751516459944
6.89,0.00021699992642659966,81.2417259881692,0,60,3.0,5,0.08804061148633396
6.895,0.00015308884054097838,80.8646994518398,0,60,3.0,5,0.07916939886681876
6.9,0.00010714989329311098,80.50840770089148,0,60,3.0,5,0.0707860635503878
6.905,7.440535854020571e-05,80.17450382440545,0,60,3.0,5,0.06292950175071643
6.91,5.1260276743925106e-05,79.86410015805667,0,60,3.0,5,0.055625886071921704
6.915,3.503659887882241e-05,79.57780428725738,0,60,3.0,5,0.0488895126413501
6.92,2.375894748103639e-05,79.31576450138492,0,60,3.0,5,0.04272387062082163
6.925,1.5984413869232557e-05,79.07772214650204,0,60,3.0,5,0.037122874035342125
6.93,1.0669166579899869e-05,78.86306836805602,0,60,3.0,5,0.03207219689543576
6.935,7.06526633560511e-06,78.6709028806394,0,60,3.0,5,0.027550656015044778
6.94,4.641847214699205e-06,78.5000926295495,0,60,3.0,5,0.023531591283517627
6.945,3.025641074479182e-06,78.34932849723454,0,60,3.0,5,0.0199841999349303
6.95,1.9566278676921314e-06,78.21717853497664,0,60,3.0,5,0.01687478905827387
6.955,1.2553456560008793e-06,78.10213654545474,0,60,3.0,5,0.014167918716582134
6.96,7.990660428214668e-07,78.00266518625371,0,60,3.0,5,0.011827416147146068
6.965,5.046221251618276e-07,77.91723309183077,0,60,3.0,5,0.009817249219547448
6.97,3.1616527078858815e-07,77.84434580911395,0,60,3.0,5,0.008102254332092851
6.975,1.9652884407760343e-07,77.78257060052039,0,60,3.0,5,0.006648720012244399
6.98,1.2120002189836396e-07,77.73055538198753,0,60,3.0,5,0.005424832517353613
6.985,7.415549848886236e-08,77.68704223011872,0,60,3.0,5,0.0044009936498522455
6.99,4.501406988770349e-08,77.65087601213253,0,60,3.0,5,0.003550023814883014
6.995,0.0,77.62100876770332,0,60,3.0,5,0.00284726512243096
7.0,0.0,77.59650050750213,0,60,3.0,5,0.002270600176520662
7.005,0.0,77.57651709501268,0,60,3.0,5,0.001800402235592374
7.01,0.0,77.56032585238711,0,60,3.0,5,0.001419431820873155
7.015,0.0,77.547289484281,0,60,3.0,5,0.0011126937477881176
7.02,0.0,77.5368588520975,0,60,3.0,5,0.0008672671081763597
7.025,0.0,77.52856506068116,0,60,3.0,5,0.0006721190748508246
7.03,0.0,77.52201124528382,0,60,3.0,5,0.0005179116537369603
7.035,0.0,77.51686437276233,0,60,3.0,5,0.00039680877087829795
7.04,0.0,77.51284730072327,0,60,3.0,5,0.00030228942878272175
7.045,0.0,77.50973127407018,0,60,3.0,5,0.00022897115459239318
7.05,0.0,77.50732898167006,0,60,3.0,5,0.000172446627530743
7.055,0.0,77.50548824744804,0,60,3.0,5,0.00012913523407158156
7.06,0.0,77.50408639034983,0,60,3.0,5,9.615036117238293e-05
7.065,0.0,77.50302525601475,0,60,3.0,5,7.118249446474532e-05
7.07,0.0,77.50222689906738,0,60,3.0,5,5.2397625114843e-05
7.075,0.0,77.50162987782451,0,60,3.0,5,3.835006645912846e-05
7.08,0.0,77.50118611196181,0,60,3.0,5,2.7908516748579237e-05
7.085,0.0,77.50085824728407,0,60,3.0,5,2.019405374285805e-05
7.09,0.0,77.50061746921084,0,60,3.0,5,1.4528687313820816e-05
7.095,0.0,77.5004417070119,0,60,3.0,5,1.0393106162395911e-05
7.1,0.0,77.50031417338934,0,60,3.0,5,7.392315043328862e-06
7.105,0.0,77.50022218800947,0,60,3.0,5,5.227953164087333e-06
7.11,0.0,77.50015623846248,0,60,3.0,5,3.6761991171876133e-06
7.115,0.0,77.50010923741436,0,60,3.0,5,2.570292102679078e-06
7.12,0.0,77.50007594006851,0,60,3.0,5,1.7868251414738017e-06
7.125,0.0,77.50005249122094,0,60,3.0,5,1.2350875515628158e-06
7.13,0.0,77.50003607600858,0,60,3.0,5,8.488472608004325e-07
7.135,0.001684486749771458,77.50002465280872,0,60,3.0,5,5.80066087503142e-07
7.14,0.003097557930867117,77.50001675060308,0,60,3.0,5,3.9413183719047726e-07
7.145,0.005475106668887023,77.50001131646036,0,60,3.0,5,2.6626965550616765e-07
7.15,0.00930222931468658,77.50000760163272,0,60,3.0,5,1.7886194628398002e-07
7.155,0.01519157517868857,77.5000050771416,0,60,3.0,5,1.194621551589722e-07
7.16,0.023847336626128316,77.50000337169115,0,60,3.0,5,7.93339094183038e-08
7.165,0.0359830743700859,77.50000222634475,0,60,3.0,5,5.238458229809219e-08
7.17,0.05218887796857759,77.50000146168287,0,60,3.0,5,3.439253813506666e-08
7.175,0.0727577001223134,77.50000095417937,0,60,3.0,5,2.2451279298419488e-08
7.18,0.0974992498694751,77.50000061933126,0,60,3.0,5,1.4572500236574663e-08
7.185,0.12558706050443358,77.50000039969811,0,60,3.0,5,9.404661394749863e-09
7.19,0.15549263588878245,77.50000025648225,0,60,3.0,5,6.034876525304486e-09
7.195,0.1850529723539114,77.50000016364345,0,60,3.0,5,3.850434094441452e-09
7.2,0.21169159439317053,77.50000010381405,0,60,3.0,5,2.442683420239893e-09
7.205,0.23277292922115492,77.50000006548316,0,60,3.0,5,1.5407803242423516e-09
7.21,0.24602692519491282,77.5000000410695,0,60,3.0,5,9.663411299912053e-10
7.215,0.24995056064839283,77.50000002561092,0,60,3.0,5,6.026097895194065e-10
7.22,0.24408826520424054,77.50000001587988,0,60,3.0,5,3.736441639750196e-10
7.225,0.22911894216865275,77.50000000979006,0,60,3.0,5,2.3035427682985114e-10
7.23,0.20672661788705934,77.50000000600122,0,60,3.0,6,1.412050711651853e-10
7.235,0.17928878030241233,77.50000000365772,0,60,3.0,6,8.606394551273243e-11
7.24,0.14946211903866036,77.50000000221664,0,60,3.0,6,5.215617741615621e-11
7.245,0.1197651512573837,77.50000000133566,0,60,3.0,6,3.142738879593226e-11
7.25,0.09224675744988023,77.50000000080023,0,60,3.0,6,1.8828880938064472e-11
7.255,0.06829565320281596,77.5000000004767,0,60,3.0,6,1.121654403344591e-11
7.26,0.04860224607515734,77.50000000028236,0,60,3.0,6,6.643658172619967e-12
7.265,0.03324612389699793,77.5000000001663,0,60,3.0,6,3.9128334559363255e-12
7.27,0.021859876340472782,77.50000000009737,0,60,3.0,6,2.2911241531426853e-12
7.275,0.01381595518554205,77.5000000000567,0,60,3.0,6,1.3341484779683763e-12
7.28,0.008394095110402422,77.50000000003283,0,60,3.0,6,7.724017504027442e-13
7.285,0.0049052535271608,77.50000000001889,0,60,3.0,6,4.443817862706697e-13
7.29,0.0027671663551903634,77.50000000001081,0,60,3.0,6,2.5445789266514647e-13
7.295,0.0015425553464444616,77.50000000000615,0,60,3.0,6,1.4478353156899923e-13
7.3,0.0009638206637011801,77.50000000000348,0,60,3.0,6,8.192139776998802e-14
7.305,0.0009804935156568228,77.50000000000196,0,60,3.0,6,4.614348119289121e-14
7.31,0.0018793744894085216,77.5000000000011,0,60,3.0,6,2.5746725013424807e-14
7.315,0.004535525206900863,77.50000000000061,0,60,3.0,6,1.4378041241263203e-14
7.32,0.010832767979632273,77.50000000000034,0,60,3.0,6,8.024953250937602e-15
7.325,0.024208003392322392,77.50000000000018,0,60,3.0,6,4.3468496775912015e-15
7.33,0.0500971897335304,77.5000000000001,0,60,3.0,6,2.3406113648568006e-15
7.335,0.09582894921774403,77.50000000000006,0,60,3.0,6,1.3374922084896003e-15
7.34,0.16937896721820658,77.50000000000003,0,60,3.0,6,6.687461042448002e-16
7.345,0.27661303008991756,77.50000000000001,0,60,3.0,6,3.343730521224001e-16
7.35,0.4173782800009149,77.50000000000001,0,60,3.0,6,3.343730521224001e-16
7.355,0.5818720934538056,77.5,0,60,3.0,6,0.0
7.36,0.7494718801585675,77.5,0,60,3.0,6,0.0
7.365,0.891813020752378,77.5,0,60,3.0,6,0.0
7.37,0.9800361632936612,77.5,0,60,3.0,6,0.0
7.375,0.993574479225126,77.50000249070214,1,60,3.0,6,5.8604756331453034e-08
7.38,0.9263438449375362,77.5000037748439,0,60,3.0,6,8.881985656765156e-08
7.385,0.7873015962290536,77.500005833579,0,60,3.0,6,1.372606822555741e-07
7.39,0.5959516244629897,77.50000928366461,0,60,3.0,6,2.1843916730337214e-07
7.395,0.376910120078773,77.500015361103,0,60,3.0,6,3.6143771754883777e-07
7.4,0.15739335672107918,77.50002659138995,0,60,3.0,6,6.256797636230177e-07
7.405,-0.033361226269301235,77.50004815927716,0,60,3.0,6,1.133159462503553e-06
7.41,-0.1680180840843834,77.5000906430617,0,60,3.0,6,2.1327779222701793e-06
7.415,-0.23069703190837854,77.50017533177136,0,60,3.0,6,4.1254534437484836e-06
7.42,-0.22587267821131068,77.50034427932519,0,60,3.0,6,8.100690004486001e-06
7.425,-0.17718181630665902,77.50067876339347,0,60,3.0,6,1.5970903375679934e-05
7.43,-0.11494332516451301,77.50133214821588,0,60,3.0,6,3.1344663903061755e-05
7.435,-0.061810214049552864,77.5025865477528,0,60,3.0,6,6.085994712467415e-05
7.44,-0.026546104631500547,77.50494731977106,0,60,3.0,6,0.00011640752402500125
7.445,-0.00719600351942686,77.50929523851232,0,60,3.0,6,0.00021871149440759086
7.45,0.0022072757983807078,77.5171226889302,0,60,3.0,6,0.0004028867983576594
7.455,0.006917199873730717,77.53088616090623,0,60,3.0,6,0.0007267331977937588
7.46,0.01004859748264829,77.55451044219848,0,60,3.0,6,0.0012825986399641752
7.465,0.013037082251128167,77.59407677734065,0,60,3.0,6,0.00221357123154462
7.47,0.01645163937690478,77.65871339087008,0,60,3.0,6,0.003734432726354739
7.475,0.020526639934696615,77.76167727564739,0,60,3.0,6,0.006157112368173798
7.48,0.02539629541761738,77.92156705033047,0,60,3.0,6,0.009919224713658035
7.485,0.031171612185577933,78.16353698380597,0,60,3.0,6,0.01561263491308162
7.49,0.03795853426638131,78.5202964150463,0,60,3.0,6,0.02400697447167772
7.495,0.0458588961882057,79.03258899051217,0,60,3.0,6,0.036060917423815696
7.5,0.054966995891435555,79.74877354393652,0,60,3.0,6,0.05291231868085935
7.505,0.06536491004445595,80.7231018809971,0,60,3.0,6,0.07583769131757896
7.51,0.07711726085088699,82.01234009388017,0,60,3.0,6,0.1061727080912981
7.515,0.09026570629555215,83.67053603700003,0,60,3.0,6,0.1451890832235302
7.52,0.10482339848670268,85.74200698045453,0,60,3.0,6,0.1939295760106949
7.525,0.12076968927580028,88.25299216597037,0,60,3.0,6,0.25301158037577337
7.53,0.13804539501007884,91.20283520772053,0,60,3.0,6,0.3224196519463653
7.535,0.15654895051787066,94.55594843457419,0,60,3.0,6,0.40131643375468684
7.54,0.17613378141900526,98.2360618659798,0,60,3.0,6,0.48790733802305425
7.545,0.19660720058055794,102.12427180024235,0,60,3.0,6,0.5793946305939377
7.55,0.21773108748496234,106.06210749842371,0,60,3.0,6,0.672049588198205
7.555,0.23922453870058807,109.86021864616963,0,60,3.0,6,0.7614169093216383
7.56,0.2607685857914563,113.31241870434148,0,60,3.0,6,0.8426451459845055
7.565,0.2820129681603682,116.21384448755202,0,60,3.0,6,0.9109139879424005
7.57,0.30258482867153996,118.38110783857866,0,60,3.0,6,0.9619084197312625
7.575,0.3220990771751686,119.6717274950356,0,60,3.0,6,0.9922759410596611
7.58,0.3401700499968971,120.0,0,60,3.0,6,1.0
7.585,0.3564239911198326,119.34686742618811,0,60,3.0,6,0.9846321747338379
7.59,0.3705118017738417,117.76221775269957,0,60,3.0,6,0.9473463000635193
7.595,0.3821214567925213,115.35924796725743,0,60,3.0,6,0.8908058345237043
7.6,0.39098947374066967,112.30178985500262,0,60,3.0,6,0.8188656436471206
7.605,0.3969108472035567,108.78658469160068,0,60,3.0,6,0.736154933920016
7.61,0.3997469255491936,105.02318183622177,0,60,3.0,6,0.6476042784993357
7.615,0.3994308076379137,101.21431013746422,0,60,3.0,6,0.5579837679403347
7.62,0.3959699661768434,97.53923277955604,0,60,3.0,6,0.4715113595189658
7.625,0.38944595408114946,94.14185919721706,0,60,3.0,6,0.39157315758157785
7.63,0.38001120995358023,91.12443922669075,0,60,3.0,6,0.3205750406280177
7.635,0.3678831374098315,88.54671365581692,0,60,3.0,6,0.25992267425451565
7.64,0.35333577933796634,86.42962122580431,0,60,3.0,6,0.21010873472480732
7.645,0.33668953221163944,84.76217841349774,0,60,3.0,6,0.17087478619994673
7.65,0.3182994390982644,83.50998827510688,0,60,3.0,6,0.14141148882604418
7.655,0.29854265738230645,82.6239592616714,0,60,3.0,6,0.12056374733344476
7.66,0.2778057157821067,82.04813671665211,0,60,3.0,6,0.10701498156828493
7.665,0.2564721553719815,81.72596289047014,0,60,3.0,6,0.09943442095223866
7.67,0.23491109433464996,81.60468893918195,0,60,3.0,6,0.09658091621604599
7.675,0.21346717185309805,81.63799504646468,0,60,3.0,6,0.09736458932858073
7.68,0.19245222055656455,81.78709744087013,0,60,3.0,6,0.10087288096165005
7.685,0.17213889801761392,82.02073014370184,0,60,3.0,6,0.10637012102827859
7.69,0.15275638501270183,82.31440368405315,0,60,3.0,6,0.11328008668360345
7.695,0.13448814019607322,82.64929288117871,0,60,3.0,6,0.12115983249832257
7.7,0.11747159495449566,83.0110225176634,0,60,3.0,6,0.12967111806266837
7.705,0.10179958433370105,83.3885292368498,0,60,3.0,6,0.13855362910234836
7.71,0.08752324394101413,83.77309765368632,0,60,3.0,6,0.1476022977337958
7.715,0.07465606047174059,84.15760717412064,0,60,3.0,6,0.15664958056754452
7.72,0.0631787448609295,84.53598520779653,0,60,3.0,6,0.1655525931246242
7.725,0.05304460019959574,84.90283979370203,0,60,3.0,6,0.17418446573416538
7.73,0.044185078305849994,85.2532355842238,0,60,3.0,6,0.18242907256997182
7.735,0.03651525513023255,85.58257682747728,0,60,3.0,6,0.1901782782935831
7.74,0.0299390014708757,85.88656538177838,0,60,3.0,6,0.19733095015949134
7.745,0.024353677220580638,86.1612079739718,0,60,3.0,6,0.20379312879933642
7.75,0.01965423034339045,86.40285309350594,0,60,3.0,6,0.2094788963177868
7.755,0.015736632374757337,86.6082432150249,0,60,3.0,6,0.21431160505940938
7.76,0.012500627640593535,86.77457218739008,0,60,3.0,6,0.21822522793859006
7.765,0.009851811652115898,86.89954068208965,0,60,3.0,6,0.22116566310799177
7.77,0.007703084175428559,86.98140477366222,0,60,3.0,6,0.22309187702734634
7.775,0.005975544002062424,87.01901427304892,0,60,3.0,6,0.22397680642468057
7.78,0.004598905818663047,87.01183856381658,0,60,3.0,6,0.22380796620744897
7.785,0.0035115256454839104,86.95997855926363,0,60,3.0,6,0.22258773080620312
7.79,0.002660121266303676,86.86416411011633,0,60,3.0,6,0.22033327317920787
7.795,0.0019992692560877024,86.72573680860323,0,60,3.0,6,0.21707616020242895
7.8,0.0014907520044639367,86.54661868443019,0,60,3.0,6,0.21286161610423968
7.805,0.0011028178277539807,86.32926778050197,0,60,3.0,6,0.20774747718828154
7.81,0.0008094059938923333,86.0766220284689,0,60,3.0,6,0.20180287125809185
7.815,0.0005893771793717645,85.79203320823416,0,60,3.0,6,0.1951066637231567
7.82,0.0004257792353490551,85.47919306210486,0,60,3.0,6,0.18774571910834953
7.825,0.0003051686392901525,85.1420538353606,0,60,3.0,6,0.1798130314202494
7.83,0.00021699992642659966,84.78474562561813,0,60,3.0,6,0.1714057794263089
7.835,0.00015308884054097838,84.41149294219383,0,60,3.0,6,0.1626233633457372
7.84,0.00010714989329311098,84.02653280638995,0,60,3.0,6,0.15356547779741062
7.845,7.440535854020571e-05,83.63403657080012,0,60,3.0,6,0.14433027225412048
7.85,5.1260276743925106e-05,83.23803741033751,0,60,3.0,6,0.13501264494911794
7.855,3.503659887882241e-05,82.8423651525489,0,60,3.0,6,0.12570270947173867
7.86,2.375894748103639e-05,82.45058978476153,0,60,3.0,6,0.11648446552380078
7.865,1.5984413869232557e-05,82.06597461680163,0,60,3.0,6,0.1074346968659206
7.87,1.0669166579899869e-05,81.69143970684148,0,60,3.0,6,0.09862211074921126
7.875,7.06526633560511e-06,81.32953579030706,0,60,3.0,6,0.09010672447781323
7.88,4.641847214699205e-06,80.98242860237454,0,60,3.0,6,0.08193949652645977
7.885,3.025641074479182e-06,80.65189316618567,0,60,3.0,6,0.07416219214554524
7.89,1.9566278676921314e-06,80.33931734191135,0,60,3.0,6,0.06680746686850245
7.895,1.2553456560008793e-06,80.04571370388507,0,60,3.0,6,0.05989914597376636
7.9,7.990660428214668e-07,79.77173863904802,0,60,3.0,6,0.05345267385995351
7.905,5.046221251618276e-07,79.51771744188935,0,60,3.0,6,0.04747570451504343
7.91,3.1616527078858815e-07,79.28367411824715,0,60,3.0,6,0.04196880278228585
7.915,1.9652884407760343e-07,79.06936459968861,0,60,3.0,6,0.03692622587502616
7.92,1.2120002189836396e-07,78.87431210665059,0,60,3.0,6,0.03233675545060217
7.925,7.415549848886236e-08,78.69784347549275,0,60,3.0,6,0.028184552364535206
7.93,4.501406988770349e-08,78.53912537444172,0,60,3.0,6,0.024450008810393508
7.935,0.0,78.39719946787567,0,60,3.0,6,0.02111057571472155
7.94,0.0,78.27101573919998,0,60,3.0,6,0.018141546804705446
7.945,0.0,78.15946334170297,0,60,3.0,6,0.015516784510658212
7.95,0.0,78.06139850691407,0,60,3.0,6,0.013209376633272327
7.955,0.0,77.97566919470562,0,60,3.0,6,0.011192216346014514
7.96,0.0,77.9011363133772,0,60,3.0,6,0.009438501491228086
7.965,0.0,77.83669146714263,0,60,3.0,6,0.007922152168061851
7.97,0.0,77.78127129994012,0,60,3.0,6,0.006618148233885075
7.975,0.0,77.73386859662963,0,60,3.0,6,0.005502790508932562
7.98,0.0,77.69354037484015,0,60,3.0,6,0.004553891172709507
7.985,0.0,77.6594132533464,0,60,3.0,6,0.0037509000787388364
7.99,0.0,77.63068641703312,0,60,3.0,6,0.0030749745184263087
7.995,0.0,77.60663251599041,0,60,3.0,6,0.002509000376244999
8.0,0.0,77.58659683924148,0,60,3.0,6,0.002037572688034823
8.005,0.0,77.5699950944462,0,60,3.0,6,0.0016469433987340916
8.01,0.0,77.5563101061534,0,60,3.0,6,0.0013249436741977446
8.015,0.0,77.54508771925303,0,60,3.0,6,0.0010608875118360657
8.02,0.0,77.53593216351848,0,60,3.0,6,0.0008454626710230888
8.025,0.0,77.52850110161448,0,60,3.0,6,0.0006706141556348405
8.03,0.0,77.52250054847673,0,60,3.0,6,0.0005294246700406588
8.035,0.0,77.51767981603862,0,60,3.0,6,0.0004159956714970041
8.04,0.0,77.51382660505939,0,60,3.0,6,0.0003253318837504166
8.045,0.0,77.51076233615936,0,60,3.0,6,0.00025323143904375575
8.05,0.0,77.50833778567196,0,60,3.0,6,0.00019618319228129622
8.055,0.0,77.50642906890162,0,60,3.0,6,0.00015127220944999168
8.06,0.0,77.50493399394611,0,60,3.0,6,0.00011609397520260246
8.065,0.0,77.50376879333639,0,60,3.0,6,8.86774902680292e-05
8.07,0.0,77.502865228177,0,60,3.0,6,6.741713357648811e-05
8.075,0.0,77.50216804994355,0,60,3.0,6,5.101293984821228e-05
8.08,0.0,77.501632798266,0,60,3.0,6,3.841878272944942e-05
8.085,0.0,77.50122390851851,0,60,3.0,6,2.8797847494388407e-05
8.09,0.0,77.50091310046415,0,60,3.0,6,2.1484716803436587e-05
8.095,0.0,77.50067801819499,0,60,3.0,6,1.5953369293864692e-05
8.1,0.0,77.50050109181922,0,60,3.0,6,1.1790395746281908e-05
8.105,0.0,77.50036859246728,0,60,3.0,6,8.672763936053396e-06
8.11,0.0,77.5002698539488,0,60,3.0,6,6.349504677500055e-06
8.115,0.0,77.50019663656475,0,60,3.0,6,4.626742700044333e-06
8.12,0.0,77.50014261097807,0,60,3.0,6,3.3555524252653197e-06
8.125,0.0,77.5001029425252,0,60,3.0,6,2.422177063595775e-06
8.13,0.0,77.50007395879989,0,60,3.0,6,1.7402070561863238e-06
8.135,0.0,77.50005288567749,0,60,3.0,6,1.2443688821322747e-06
8.14,0.0,77.5000376391206,0,60,3.0,6,8.856263672013858e-07
8.145,0.0,77.50002666208097,0,60,3.0,6,6.273430816396714e-07
8.15,0.0,77.50001879757373,0,60,3.0,6,4.422958524815733e-07
8.155,0.0,77.50001319054469,0,60,3.0,6,3.1036575746036437e-07
8.16,0.0,77.50000921248602,0,60,3.0,6,2.167643769473002e-07
8.165,0.0,77.50000640389396,0,60,3.0,6,1.506798579451724e-07
8.17,0.001684486749771458,77.500004430621,0,60,3.0,6,1.0424990598360584e-07
8.175,0.003097557930867117,77.50000305097221,0,60,3.0,6,7.178758143227777e-08
8.18,0.005475106668887023,77.50000209105319,0,60,3.0,6,4.920125153309046e-08
8.185,0.00930222931468658,77.50000142641234,0,60,3.0,6,3.356264327896283e-08
8.19,0.01519157517868857,77.50000096845238,0,60,3.0,6,2.2787114898271874e-08
8.195,0.023847336626128316,77.50000065443217,0,60,3.0,6,1.5398404015928355e-08
8.2,0.0359830743700859,77.50000044015351,0,60,3.0,6,1.0356553262039704e-08
8.205,0.05218887796857759,77.50000029464353,0,60,3.0,6,6.9327888789249464e-09
8.21,0.0727577001223134,77.50000019631017,0,60,3.0,6,4.619062779324047e-09
8.215,0.0974992498694751,77.50000013017929,0,60,3.0,6,3.0630420657390083e-09
8.22,0.12558706050443358,77.50000008591998,0,60,3.0,6,2.021646557349253e-09
8.225,0.15549263588878245,77.50000005644164,0,60,3.0,6,1.3280384791869436e-09
8.23,0.1850529723539114,77.5000000369027,0,60,3.0,6,8.682989386322921e-10
8.235,0.21169159439317053,77.5000000240143,0,60,3.0,6,5.650423083673505e-10
8.24,0.23277292922115492,77.50000001555374,0,60,3.0,6,3.6597030242881054e-10
8.245,0.24602692519491282,77.50000001002658,0,60,3.0,6,2.3591958190937634e-10
8.25,0.24995056064839283,77.50000000643315,0,60,3.0,6,1.5136834008444567e-10
8.255,0.24408826520424054,77.50000000410817,0,60,3.0,6,9.666290251890827e-11
8.26,0.22911894216865275,77.50000000261112,0,60,3.0,6,6.143803897002191e-11
8.265,0.20672661788705934,77.5000000016518,0,60,3.0,6,3.8865851713447175e-11
8.27,0.17928878030241233,77.50000000104002,0,60,3.0,6,2.447109181957785e-11
8.275,0.14946211903866036,77.50000000065175,0,60,3.0,6,1.5335351289489637e-11
8.28,0.1197651512573837,77.5000000004065,0,60,3.0,6,9.564741155961254e-12
8.285,0.09224675744988023,77.50000000025236,0,60,3.0,6,5.9377966595895805e-12
8.29,0.06829565320281596,77.50000000015592,0,60,3.0,6,3.668741127886974e-12
8.295,0.04860224607515734,77.50000000009588,0,60,3.0,6,2.2560149826698334e-12
8.3,0.03324612389699793,77.50000000005869,0,60,3.0,6,1.3809607052655123e-12
8.305,0.021859876340472782,77.50000000003575,0,60,3.0,6,8.412825991399587e-13
8.31,0.01381595518554205,77.50000000002167,0,60,3.0,6,5.099189044866601e-13
8.315,0.008394095110402422,77.50000000001309,0,60,3.0,6,3.079575810047305e-13
8.32,0.0049052535271608,77.50000000000786,0,60,3.0,6,1.8490829782368725e-13
8.325,0.0027671663551903634,77.5000000000047,0,60,3.0,6,1.1067748025251443e-13
8.33,0.0015425553464444616,77.5000000000028,0,60,3.0,6,6.587149126811282e-14
8.335,0.0009638206637011801,77.50000000000165,0,60,3.0,6,3.878727404619841e-14
8.34,0.0009804935156568228,77.50000000000098,0,60,3.0,6,2.3071740596445606e-14
8.345,0.0018793744894085216,77.50000000000057,0,60,3.0,6,1.3374922084896003e-14
8.35,0.004535525206900863,77.50000000000033,0,60,3.0,6,7.690580198815202e-15
8.355,0.010832767979632273,77.5000000000002,0,60,3.0,6,4.681222729713601e-15
8.36,0.024208003392322392,77.50000000000011,0,60,3.0,6,2.6749844169792007e-15
8.365,0.0500971897335304,77.50000000000007,0,60,3.0,6,1.6718652606120004e-15
8.37,0.09582894921774403,77.50000000000004,0,60,3.0,6,1.0031191563672002e-15
8.375,0.16937896721820658,77.50000000000001,0,60,3.0,6,3.343730521224001e-16
8.38,0.27661303008991756,77.50000000000001,0,60,3.0,6,3.343730521224001e-16
8.385,0.4173782800009149,77.5,0,60,3.0,6,0.0
8.39,0.5818720934538056,77.5,0,60,3.0,6,0.0
8.395,0.7494718801585675,77.5,0,60,3.0,6,0.0
8.4,0.891813020752378,77.5,0,60,3.0,6,0.0
8.405,0.9800361632936612,77.5,0,60,3.0,6,0.0
8.41,0.993574479225126,77.50000249379623,1,60,3.0,6,5.8677558372972485e-08
8.415,0.9263438449375362,77.5000037873591,0,60,3.0,6,8.911433189282167e-08
8.42,0.7873015962290536,77.50000586643203,0,60,3.0,6,1.3803369490554305e-07
8.425,0.5959516244629897,77.50000936112565,0,60,3.0,6,2.202617799733108e-07
8.43,0.376910120078773,77.50001553885947,0,60,3.0,6,3.656202228713108e-07
8.435,0.15739335672107918,77.5000269987902,0,60,3.0,7,6.352656518682873e-07
8.44,-0.033361226269301235,77.50004909538588,0,60,3.0,7,1.1551855500195362e-06
8.445,-0.1680180840843834,77.5000927881157,0,60,3.0,7,2.1832497810357704e-06
8.45,-0.23069703190837854,77.50018019691618,0,60,3.0,7,4.239927439437665e-06
8.455,-0.22587267821131068,77.50035512985896,0,60,3.0,7,8.355996681409712e-06
8.46,-0.17718181630665902,77.50070244716376,0,60,3.0,7,1.652816855907451e-05
8.465,-0.11494332516451301,77.50138258743117,0,60,3.0,7,3.253146896862049e-05
8.47,-0.061810214049552864,77.50269116678194,0,60,3.0,7,6.332157133984391e-05
8.475,-0.026546104631500547,77.50515844333034,0,60,3.0,7,0.00012137513718458007
8.48,-0.00719600351942686,77.50970954477438,0,60,3.0,7,0.00022845987704426187
8.485,0.0022072757983807078,77.5179131238936,0,60,3.0,7,0.00042148526808486006
8.49,0.006917199873730717,77.5323521823347,0,60,3.0,7,0.0007612278196401188
8.495,0.01004859748264829,77.55715374596484,0,60,3.0,7,0.0013447940227021102
8.5,0.013037082251128167,77.59871019466716,0,60,3.0,7,0.0023225928156979507
8.505,0.01645163937690478,77.66660957566988,0,60,3.0,7,0.00392022530987955
8.51,0.020526639934696615,77.77476004056273,0,60,3.0,7,0.006464942130887654
8.515,0.02539629541761738,77.94264063456316,0,60,3.0,7,0.01041507375442734
8.52,0.031171612185577933,78.1965363540429,0,60,3.0,7,0.016389090683362476
8.525,0.03795853426638131,78.57052498893353,0,60,3.0,7,0.025188823269024184
8.53,0.0458588961882057,79.10689048440082,0,60,3.0,7,0.03780918786825463
8.535,0.054966995891435555,79.85556550877875,0,60,3.0,7,0.05542507079479418
8.54,0.06536491004445595,80.87218550073672,0,60,3.0,7,0.07934554119380517
8.545,0.07711726085088699,82.21440106636989,0,60,3.0,7,0.1109270839145856
8.55,0.09026570629555215,83.93627195484723,0,60,3.0,7,0.1514416930552289
8.555,0.10482339848670268,86.08086244957394,0,60,3.0,7,0.20190264587232806
8.56,0.12076968927580028,88.67155390032357,0,60,3.0,7,0.2628600917723194
8.565,0.13804539501007884,91.70302829420208,0,60,3.0,7,0.33418890104004906
8.57,0.15654895051787066,95.13326660856461,0,60,3.0,7,0.41490039078975555
8.575,0.17613378141900526,98.87813714204108,0,60,3.0,7,0.5030149915774372
8.58,0.19660720058055794,102.81011793964564,0,60,3.0,7,0.5955321868151915
8.585,0.21773108748496234,106.76233734752944,0,60,3.0,7,0.6885255846477515
8.59,0.23922453870058807,110.53842825599659,0,60,3.0,7,0.7773747824940375
8.595,0.2607685857914563,113.92775900036906,0,60,3.0,7,0.8571237411851544
8.6,0.2820129681603682,116.72459033287774,0,60,3.0,7,0.9229315372441821
8.605,0.30258482867153996,118.74882595036786,0,60,3.0,7,0.9705606105968908
8.61,0.3220990771751686,119.8654865137496,0,60,3.0,7,0.9968349767941083
8.615,0.3401700499968971,120.0,0,60,3.0,7,1.0
8.62,0.3564239911198326,119.1469163744074,0,60,3.0,7,0.9799274441037035
8.625,0.3705118017738417,117.37064685570721,0,60,3.0,7,0.9381328671931107
8.63,0.3821214567925213,114.79810695801649,0,60,3.0,7,0.8776025166592115
8.635,0.39098947374066967,111.60444632346429,0,60,3.0,7,0.8024575605521009
8.64,0.3969108472035567,107.99410915756765,0,60,3.0,7,0.7175084507662977
8.645,0.3997469255491936,104.18007944020901,0,60,3.0,7,0.6277665750637414
8.65,0.3994308076379137,100.36422724801442,0,60,3.0,7,0.5379818176003391
8.655,0.3959699661768434,96.7212161790668,0,60,3.0,7,0.45226391009568945
8.66,0.38944595408114946,93.38759728931282,0,60,3.0,7,0.3738258185720664
8.665,0.38001120995358023,90.45670883537264,0,60,3.0,7,0.3048637373028856
8.67,0.3678831374098315,87.9790401462504,0,60,3.0,7,0.24656565050000936
8.675,0.35333577933796634,85.96697701419116,0,60,3.0,7,0.19922298856920373
8.68,0.33668953221163944,84.4024246438112,0,60,3.0,7,0.1624099916190871
8.685,0.3182994390982644,83.24571739115189,0,60,3.0,7,0.13519335038004435
8.69,0.29854265738230645,82.44441592118244,0,60,3.0,7,0.11633919814546917
8.695,0.2778057157821067,81.94096223704659,0,60,3.0,7,0.10449322910697861
8.7,0.2564721553719815,81.67860013199362,0,60,3.0,7,0.09832000310573222
8.705,0.23491109433464996,81.6053774632043,0,60,3.0,7,0.09659711678127779
8.71,0.21346717185309805,81.67636369433883,0,60,3.0,7,0.09826738104326664
8.715,0.19245222055656455,81.85441421730658,0,60,3.0,7,0.10245680511309609
8.72,0.17213889801761392,82.10989597948169,0,60,3.0,7,0.10846814069368688
8.725,0.15275638501270183,82.4197812649522,0,60,3.0,7,0.11575955917534603
8.73,0.13448814019607322,82.76645106571821,0,60,3.0,7,0.123916495663958
8.735,0.11747159495449566,83.13645818712642,0,60,3.0,7,0.13262254557944522
8.74,0.10179958433370105,83.51940780368162,0,60,3.0,7,0.1416331247925086
8.745,0.08752324394101413,83.90703501007195,0,60,3.0,7,0.15075376494286943
8.75,0.07465606047174059,84.29250168132002,0,60,3.0,7,0.15982356897223574
8.755,0.0631787448609295,84.66989887994485,0,60,3.0,7,0.16870350305752596
8.76,0.05304460019959574,85.03392255252196,0,60,3.0,7,0.1772687659416931
8.765,0.044185078305849994,85.37968430795249,0,60,3.0,7,0.1854043366577056
8.77,0.03651525513023255,85.70262077560254,0,60,3.0,7,0.1930028417788833
8.775,0.0299390014708757,85.99847050884269,0,60,3.0,7,0.19996401197276908
8.78,0.024353677220580638,86.26329398177421,0,60,3.0,7,0.2061951525123344
8.785,0.01965423034339045,86.49351840681324,0,60,3.0,7,0.21161219780737028
8.79,0.015736632374757337,86.68599420541278,0,60,3.0,7,0.2161410401273596
8.795,0.012500627640593535,86.83805385632725,0,60,3.0,7,0.2197189142665235
8.8,0.009851811652115898,86.94756666863884,0,60,3.0,7,0.22229568632091393
8.805,0.007703084175428559,87.01298502755421,0,60,3.0,7,0.2238349418248049
8.81,0.005975544002062424,87.03337908862481,0,60,3.0,7,0.2243148020852897
8.815,0.004598905818663047,87.0084579536151,0,60,3.0,7,0.2237284224380025
8.82,0.0035115256454839104,86.938576193165,0,60,3.0,7,0.22208414572152954
8.825,0.002660121266303676,86.82472527864306,0,60,3.0,7,0.2194053006739543
8.83,0.0019992692560877024,86.66851009780702,0,60,3.0,7,0.21572964936016506
8.835,0.0014907520044639367,86.47211127728372,0,60,3.0,7,0.2111085006419698
8.84,0.0011028178277539807,86.23823452311164,0,60,3.0,7,0.2056055181908622
8.845,0.0008094059938923333,85.97004861293706,0,60,3.0,7,0.19929526148087207
8.85,0.0005893771793717645,85.67111402048207,0,60,3.0,7,0.19226150636428388
8.855,0.0004257792353490551,85.34530441514248,0,60,3.0,7,0.18459539800335245
8.86,0.0003051686392901525,84.99672344980459,0,60,3.0,7,0.1763934929365786
8.865,0.00021699992642659966,84.62961932448681,0,60,3.0,7,0.16775574881145436
8.87,0.00015308884054097838,84.248299592624,0,60,3.0,7,0.15878351982644692
8.875,0.00010714989329311098,83.85704856531288,0,60,3.0,7,0.14957761330147953
8.88,7.440535854020571e-05,83.4600494751478,0,60,3.0,7,0.14023645823877173
8.885,5.1260276743925106e-05,83.06131329728954,0,60,3.0,7,0.13085443052445986
8.89,3.503659887882241e-05,82.66461580565927,0,60,3.0,7,0.1215203718978651
8.895,2.375894748103639e-05,82.2734440829479,0,60,3.0,7,0.1123163313634801
8.9,1.5984413869232557e-05,81.89095332165515,0,60,3.0,7,0.10331654874482699
8.905,1.0669166579899869e-05,81.51993436674516,0,60,3.0,7,0.0945866909822391
8.91,7.06526633560511e-06,81.16279207494762,0,60,3.0,7,0.08618334293994394
8.915,4.641847214699205e-06,80.82153421580314,0,60,3.0,7,0.07815374625419154
8.92,3.025641074479182e-06,80.49777032755243,0,60,3.0,7,0.07053577241299837
8.925,1.9566278676921314e-06,80.19271967649756,0,60,3.0,7,0.06335811003523671
8.93,1.2553456560008793e-06,79.9072272581673,0,60,3.0,7,0.05664064136864226
8.935,7.990660428214668e-07,79.64178662610968,0,60,3.0,7,0.05039497943787477
8.94,5.046221251618276e-07,79.39656824009577,0,60,3.0,7,0.04462513506107705
8.945,3.1616527078858815e-07,79.17145198793789,0,60,3.0,7,0.03932828206912672
8.95,1.9652884407760343e-07,78.96606254967222,0,60,3.0,7,0.034495589404052146
8.955,1.2120002189836396e-07,78.77980633332653,0,60,3.0,7,0.03011309019591843
8.96,7.415549848886236e-08,78.61190881032023,0,60,3.0,7,0.026162560242828946
8.965,4.501406988770349e-08,78.46145120731774,0,60,3.0,7,0.022622381348652625
8.97,0.0,78.32740566133431,0,60,3.0,7,0.019468368501983777
8.975,0.0,78.20866810746416,0,60,3.0,7,0.016674543705039135
8.98,0.0,78.10408833568827,0,60,3.0,7,0.014213843192665282
8.985,0.0,78.01249681760311,0,60,3.0,7,0.012058748649484882
8.99,0.0,77.93272805946427,0,60,3.0,7,0.010181836693276877
8.995,0.0,77.86364037977026,0,60,3.0,7,0.008556244229888467
9.0,0.0,77.80413213413297,0,60,3.0,7,0.007156050214893426
9.005,0.0,77.75315451508283,0,60,3.0,7,0.005956576825478271
9.01,0.0,77.70972113863759,0,60,3.0,7,0.004934615026766832
9.015,0.0,77.67291469288736,0,60,3.0,7,0.004068581009114362
9.02,0.0,77.6418909673889,0,60,3.0,7,0.0033386109973859595
9.025,0.0,77.61588060740796,0,60,3.0,7,0.0027266025272461
9.03,0.0,77.59418894611207,0,60,3.0,7,0.002216210496754577
9.035,0.0,77.57619426314615,0,60,3.0,7,0.0017928061916741038
9.04,0.0,77.56134480222934,0,60,3.0,7,0.001443407111278649
9.045,0.0,77.54915485611353,0,60,3.0,7,0.001156584849730159
9.05,0.0,77.53920019694617,0,60,3.0,7,0.0009223575752039725
9.055,0.0,77.53111309607614,0,60,3.0,7,0.0007320728488503605
9.06,0.0,77.52457714164618,0,60,3.0,7,0.0005782856857923862
9.065,0.0,77.51932202662293,0,60,3.0,7,0.00045463592053953804
9.07,0.0,77.51511844558637,0,60,3.0,7,0.00035572813144393184
9.075,0.0,77.51177320666078,0,60,3.0,7,0.0002770166273124045
9.08,0.0,77.50912463613587,0,60,3.0,7,0.00021469732084389816
9.085,0.0,77.50703832803256,0,60,3.0,7,0.00016560771841327818
9.09,0.0,77.50540326930944,0,60,3.0,7,0.00012713574845740956
9.095,0.0,77.50412835357564,0,60,3.0,7,9.713773119147738e-05
9.1,0.0,77.50313928191733,0,60,3.0,7,7.3865456878299e-05
9.105,0.0,77.50237583848272,0,60,3.0,7,5.590208194636194e-05
9.11,0.0,77.50178952045918,0,60,3.0,7,4.2106363745500964e-05
9.115,0.0,77.50134149662578,0,60,3.0,7,3.156462648903738e-05
9.12,0.0,77.5010008653694,0,60,3.0,7,2.3549773397783557e-05
9.125,0.0,77.50074318152002,0,60,3.0,7,1.748662400051912e-05
9.13,0.0,77.50054922121242,0,60,3.0,7,1.2922852057031645e-05
9.135,0.0,77.50040395488503,0,60,3.0,7,9.504820824237387e-06
9.14,0.0,77.50029570017914,0,60,3.0,7,6.957651273818128e-06
9.145,0.0,77.50021542865605,0,60,3.0,7,5.068909554077383e-06
9.15,0.0,77.50015620269332,0,60,3.0,7,3.675357489849857e-06
9.155,0.0,77.50011272149108,0,60,3.0,7,2.652270378308351e-06
9.16,0.0,77.50008095768732,0,60,3.0,7,1.904886760391545e-06
9.165,0.0,77.50005786855301,0,60,3.0,7,1.361613012102894e-06
9.17,0.0,77.50004116805168,0,60,3.0,7,9.686600395418602e-07
9.175,0.0,77.50002914816145,0,60,3.0,7,6.8583909283274e-07
9.18,0.0,77.50002053975126,0,60,3.0,7,4.832882649786958e-07
9.185,0.0,77.50001440496989,0,60,3.0,7,3.3894046797446634e-07
9.19,0.0,77.50001005455123,0,60,3.0,7,2.3657767589129968e-07
9.195,0.0,77.50000698467477,0,60,3.0,7,1.6434528868772116e-07
9.2,0.001684486749771458,77.50000482906273,0,60,3.0,7,1.1362500545681755e-07
9.205,0.003097557930867117,77.50000332286477,0,60,3.0,7,7.8185053432796e-08
9.21,0.005475106668887023,77.50000227559855,0,60,3.0,7,5.354349522188867e-08
9.215,0.00930222931468658,77.50000155099998,0,60,3.0,7,3.6494117239271875e-08
9.22,0.01519157517868857,77.50000105210987,0,60,3.0,7,2.475552625636577e-08
9.225,0.023847336626128316,77.50000071030286,0,60,3.0,7,1.6713008389000177e-08
9.23,0.0359830743700859,77.50000047726456,0,60,3.0,7,1.1229754443989162e-08
9.235,0.05218887796857759,77.50000031915964,0,60,3.0,7,7.509638568508843e-09
9.24,0.0727577001223134,77.50000021241732,0,60,3.0,7,4.99805457152166e-09
9.245,0.0974992498694751,77.50000014070355,0,60,3.0,7,3.3106717263067632e-09
9.25,0.12558706050443358,77.50000009275841,0,60,3.0,7,2.1825508825071773e-09
9.255,0.15549263588878245,77.50000006086039,0,60,3.0,7,1.432009104759987e-09
9.26,0.1850529723539114,77.50000003974196,0,60,3.0,7,9.351050025810872e-10
9.265,0.21169159439317053,77.50000002582837,0,60,3.0,7,6.077263659629834e-10
9.27,0.23277292922115492,77.50000001670621,0,60,3.0,7,3.9308728820983294e-10
9.275,0.24602692519491282,77.50000001075455,0,60,3.0,7,2.5304817587739844e-10
9.28,0.24995056064839283,77.50000000689032,0,60,3.0,7,1.6212512117122327e-10
9.285,0.24408826520424054,77.5000000043936,0,60,3.0,7,1.0337878527078668e-10
9.29,0.22911894216865275,77.50000000278825,0,60,3.0,7,6.560599906472764e-11
9.295,0.20672661788705934,77.50000000176108,0,60,3.0,7,4.143718048426843e-11
9.3,0.17928878030241233,77.50000000110703,0,60,3.0,7,2.6047660760334968e-11
9.305,0.14946211903866036,77.50000000069258,0,60,3.0,7,1.629600506823729e-11
9.31,0.1197651512573837,77.50000000043124,0,60,3.0,7,1.0146884639706353e-11
9.315,0.09224675744988023,77.50000000026724,0,60,3.0,7,6.287885245161734e-12
9.32,0.06829565320281596,77.50000000016482,0,60,3.0,7,3.878058658515596e-12
9.325,0.04860224607515734,77.50000000010117,0,60,3.0,7,2.380401758059366e-12
9.33,0.03324612389699793,77.5000000000618,0,60,3.0,7,1.454188403680318e-12
9.335,0.021859876340472782,77.50000000003757,0,60,3.0,7,8.840823498116258e-13
9.34,0.01381595518554205,77.50000000002274,0,60,3.0,7,5.349968833958402e-13
9.345,0.008394095110402422,77.5000000000137,0,60,3.0,7,3.223356222459937e-13
9.35,0.0049052535271608,77.50000000000821,0,60,3.0,7,1.9326762412674725e-13
9.355,0.0027671663551903634,77.5000000000049,0,60,3.0,7,1.1535870298222802e-13
9.36,0.0015425553464444616,77.50000000000291,0,60,3.0,7,6.854647568509201e-14
9.365,0.0009638206637011801,77.50000000000172,0,60,3.0,7,4.045913930681041e-14
9.37,0.0009804935156568228,77.50000000000101,0,60,3.0,7,2.3740486700690407e-14
9.375,0.0018793744894085216,77.5000000000006,0,60,3.0,7,1.4043668189140804e-14
9.38,0.004535525206900863,77.50000000000034,0,60,3.0,7,8.024953250937602e-15
9.385,0.010832767979632273,77.5000000000002,0,60,3.0,7,4.681222729713601e-15
9.39,0.024208003392322392,77.50000000000011,0,60,3.0,7,2.6749844169792007e-15
9.395,0.0500971897335304,77.50000000000007,0,60,3.0,7,1.6718652606120004e-15
9.4,0.09582894921774403,77.50000000000004,0,60,3.0,7,1.0031191563672002e-15
9.405,0.16937896721820658,77.50000000000001,0,60,3.0,7,3.343730521224001e-16
9.41,0.27661303008991756,77.50000000000001,0,60,3.0,7,3.343730521224001e-16
9.415,0.4173782800009149,77.5,0,60,3.0,7,0.0
9.42,0.5818720934538056,77.5,0,60,3.0,7,0.0
9.425,0.7494718801585675,77.5,0,60,3.0,7,0.0
9.43,0.891813020752378,77.5,0,60,3.0,7,0.0
9.435,0.9800361632936612,77.5,0,60,3.0,7,0.0
9.44,0.993574479225126,77.50000249379623,1,60,3.0,7,5.8677558372972485e-08
9.445,0.9263438449375362,77.5000037873591,0,60,3.0,7,8.911433189282167e-08
9.45,0.7873015962290536,77.50000586643203,0,60,3.0,7,1.3803369490554305e-07
9.455,0.5959516244629897,77.50000936112565,0,60,3.0,7,2.202617799733108e-07
9.46,0.376910120078773,77.50001553885947,0,60,3.0,7,3.656202228713108e-07
9.465,0.15739335672107918,77.5000269987902,0,60,3.0,7,6.352656518682873e-07
9.47,-0.033361226269301235,77.50004909538588,0,60,3.0,7,1.1551855500195362e-06
9.475,-0.1680180840843834,77.5000927881157,0,60,3.0,7,2.1832497810357704e-06
9.48,-0.23069703190837854,77.50018019691618,0,60,3.0,7,4.239927439437665e-06
9.485,-0.22587267821131068,77.50035512985896,0,60,3.0,7,8.355996681409712e-06
9.49,-0.17718181630665902,77.50070244716376,0,60,3.0,7,1.652816855907451e-05
9.495,-0.11494332516451301,77.50138258743117,0,60,3.0,7,3.253146896862049e-05
9.5,-0.061810214049552864,77.50269116678194,0,60,3.0,7,6.332157133984391e-05
9.505,-0.026546104631500547,77.50515844333034,0,60,3.0,7,0.00012137513718458007
9.51,-0.00719600351942686,77.50970954477438,0,60,3.0,7,0.00022845987704426187
9.515,0.0022072757983807078,77.5179131238936,0,60,3.0,7,0.00042148526808486006
9.52,0.006917199873730717,77.5323521823347,0,60,3.0,7,0.0007612278196401188
9.525,0.01004859748264829,77.55715374596484,0,60,3.0,7,0.0013447940227021102
9.53,0.013037082251128167,77.59871019466716,0,60,3.0,7,0.0023225928156979507
9.535,0.01645163937690478,77.66660957566988,0,60,3.0,7,0.00392022530987955
9.54,0.020526639934696615,77.77476004056273,0,60,3.0,7,0.006464942130887654
9.545,0.02539629541761738,77.94264063456316,0,60,3.0,7,0.01041507375442734
9.55,0.031171612185577933,78.1965363540429,0,60,3.0,7,0.016389090683362476
9.555,0.03795853426638131,78.57052498893353,0,60,3.0,7,0.025188823269024184
9.56,0.0458588961882057,79.10689048440082,0,60,3.0,7,0.03780918786825463
9.565,0.054966995891435555,79.85556550877875,0,60,3.0,7,0.05542507079479418
9.57,0.06536491004445595,80.87218550073672,0,60,3.0,7,0.07934554119380517
9.575,0.07711726085088699,82.21440106636989,0,60,3.0,7,0.1109270839145856
9.58,0.09026570629555215,83.93627195484723,0,60,3.0,7,0.1514416930552289
9.585,0.10482339848670268,86.08086244957394,0,60,3.0,7,0.20190264587232806
9.59,0.12076968927580028,88.67155390032357,0,60,3.0,7,0.2628600917723194
9.595,0.13804539501007884,91.70302829420208,0,60,3.0,7,0.33418890104004906
9.6,0.15654895051787066,95.13326660856461,0,60,3.0,7,0.41490039078975555
9.605,0.17613378141900526,98.87813714204108,0,60,3.0,7,0.5030149915774372
9.61,0.19660720058055794,102.81011793964564,0,60,3.0,7,0.5955321868151915
9.615,0.21773108748496234,106.76233734752944,0,60,3.0,7,0.6885255846477515
9.62,0.23922453870058807,110.53842825599659,0,60,3.0,7,0.7773747824940375
9.625,0.2607685857914563,113.92775900036906,0,60,3.0,7,0.8571237411851544
9.63,0.2820129681603682,116.72459033287774,0,60,3.0,7,0.9229315372441821
9.635,0.30258482867153996,118.74882595036786,0,60,3.0,7,0.9705606105968908
9.64,0.3220990771751686,119.8654865137496,0,60,3.0,8,0.9968349767941083
9.645,0.3401700499968971,120.0,0,60,3.0,8,1.0
9.65,0.3564239911198326,119.1469163744074,0,60,3.0,8,0.9799274441037035
9.655,0.3705118017738417,117.37064685570721,0,60,3.0,8,0.9381328671931107
9.66,0.3821214567925213,114.79810695801649,0,60,3.0,8,0.8776025166592115
9.665,0.39098947374066967,111.60444632346429,0,60,3.0,8,0.8024575605521009
9.67,0.3969108472035567,107.99410915756765,0,60,3.0,8,0.7175084507662977
9.675,0.3997469255491936,104.18007944020901,0,60,3.0,8,0.6277665750637414
9.68,0.3994308076379137,100.36422724801442,0,60,3.0,8,0.5379818176003391
9.685,0.3959699661768434,96.7212161790668,0,60,3.0,8,0.45226391009568945
9.69,0.38944595408114946,93.38759728931282,0,60,3.0,8,0.3738258185720664
9.695,0.38001120995358023,90.45670883537264,0,60,3.0,8,0.3048637373028856
9.7,0.3678831374098315,87.9790401462504,0,60,3.0,8,0.24656565050000936
9.705,0.35333577933796634,85.96697701419116,0,60,3.0,8,0.19922298856920373
9.71,0.33668953221163944,84.4024246438112,0,60,3.0,8,0.1624099916190871
9.715,0.3182994390982644,83.24571739115189,0,60,3.0,8,0.13519335038004435
9.72,0.29854265738230645,82.44441592118244,0,60,3.0,8,0.11633919814546917
9.725,0.2778057157821067,81.94096223704659,0,60,3.0,8,0.10449322910697861
9.73,0.2564721553719815,81.67860013199362,0,60,3.0,8,0.09832000310573222
9.735,0.23491109433464996,81.6053774632043,0,60,3.0,8,0.09659711678127779
9.74,0.21346717185309805,81.67636369433883,0,60,3.0,8,0.09826738104326664
9.745,0.19245222055656455,81.85441421730658,0,60,3.0,8,0.10245680511309609
9.75,0.17213889801761392,82.10989597948169,0,60,3.0,8,0.10846814069368688
9.755,0.15275638501270183,82.4197812649522,0,60,3.0,8,0.11575955917534603
9.76,0.13448814019607322,82.76645106571821,0,60,3.0,8,0.123916495663958
9.765,0.11747159495449566,83.13645818712642,0,60,3.0,8,0.13262254557944522
9.77,0.10179958433370105,83.51940780368162,0,60,3.0,8,0.1416331247925086
9.775,0.08752324394101413,83.90703501007195,0,60,3.0,8,0.15075376494286943
9.78,0.07465606047174059,84.29250168132002,0,60,3.0,8,0.15982356897223574
9.785,0.0631787448609295,84.66989887994485,0,60,3.0,8,0.16870350305752596
9.79,0.05304460019959574,85.03392255252196,0,60,3.0,8,0.1772687659416931
9.795,0.044185078305849994,85.37968430795249,0,60,3.0,8,0.1854043366577056
9.8,0.03651525513023255,85.70262077560254,0,60,3.0,8,0.1930028417788833
9.805,0.0299390014708757,85.99847050884269,0,60,3.0,8,0.19996401197276908
9.81,0.024353677220580638,86.26329398177421,0,60,3.0,8,0.2061951525123344
9.815,0.01965423034339045,86.49351840681324,0,60,3.0,8,0.21161219780737028
9.82,0.015736632374757337,86.68599420541278,0,60,3.0,8,0.2161410401273596
9.825,0.012500627640593535,86.83805385632725,0,60,3.0,8,0.2197189142665235
9.83,0.009851811652115898,86.94756666863884,0,60,3.0,8,0.22229568632091393
9.835,0.007703084175428559,87.01298502755421,0,60,3.0,8,0.2238349418248049
9.84,0.005975544002062424,87.03337908862481,0,60,3.0,8,0.2243148020852897
9.845,0.004598905818663047,87.0084579536151,0,60,3.0,8,0.2237284224380025
9.85,0.0035115256454839104,86.938576193165,0,60,3.0,8,0.22208414572152954
9.855,0.002660121266303676,86.82472527864306,0,60,3.0,8,0.2194053006739543
9.86,0.0019992692560877024,86.66851009780702,0,60,3.0,8,0.21572964936016506
9.865,0.0014907520044639367,86.47211127728372,0,60,3.0,8,0.2111085006419698
9.87,0.0011028178277539807,86.23823452311164,0,60,3.0,8,0.2056055181908622
9.875,0.0008094059938923333,85.97004861293706,0,60,3.0,8,0.19929526148087207
9.88,0.0005893771793717645,85.67111402048207,0,60,3.0,8,0.19226150636428388
9.885,0.0004257792353490551,85.34530441514248,0,60,3.0,8,0.18459539800335245
9.89,0.0003051686392901525,84.99672344980459,0,60,3.0,8,0.1763934929365786
9.895,0.00021699992642659966,84.62961932448681,0,60,3.0,8,0.16775574881145436
9.9,0.00015308884054097838,84.248299592624,0,60,3.0,8,0.15878351982644692
9.905,0.00010714989329311098,83.85704856531288,0,60,3.0,8,0.14957761330147953
9.91,7.440535854020571e-05,83.4600494751478,0,60,3.0,8,0.14023645823877173
9.915,5.1260276743925106e-05,83.06131329728954,0,60,3.0,8,0.13085443052445986
9.92,3.503659887882241e-05,82.66461580565927,0,60,3.0,8,0.1215203718978651
9.925,2.375894748103639e-05,82.2734440829479,0,60,3.0,8,0.1123163313634801
9.93,1.5984413869232557e-05,81.89095332165515,0,60,3.0,8,0.10331654874482699
9.935,1.0669166579899869e-05,81.51993436674516,0,60,3.0,8,0.0945866909822391
9.94,7.06526633560511e-06,81.16279207494762,0,60,3.0,8,0.08618334293994394
9.945,4.641847214699205e-06,80.82153421580314,0,60,3.0,8,0.07815374625419154
9.95,3.025641074479182e-06,80.49777032755243,0,60,3.0,8,0.07053577241299837
9.955,1.9566278676921314e-06,80.19271967649756,0,60,3.0,8,0.06335811003523671
9.96,1.2553456560008793e-06,79.9072272581673,0,60,3.0,8,0.05664064136864226
9.965,7.990660428214668e-07,79.64178662610968,0,60,3.0,8,0.05039497943787477
9.97,5.046221251618276e-07,79.39656824009577,0,60,3.0,8,0.04462513506107705
9.975,3.1616527078858815e-07,79.17145198793789,0,60,3.0,8,0.03932828206912672
9.98,1.9652884407760343e-07,78.96606254967222,0,60,3.0,8,0.034495589404052146
9.985,1.2120002189836396e-07,78.77980633332653,0,60,3.0,8,0.03011309019591843
9.99,7.415549848886236e-08,78.61190881032023,0,60,3.0,8,0.026162560242828946
9.995,4.501406988770349e-08,78.46145120731774,0,60,3.0,8,0.022622381348652625
10.0,0.0,78.32740566133431,0,60,3.0,8,0.019468368501983777
10.005,0.0,78.20866810746416,0,60,3.0,8,0.016674543705039135
10.01,0.0,78.10408833568827,0,60,3.0,8,0.014213843192665282
10.015,0.0,78.01249681760311,0,60,3.0,8,0.012058748649484882
10.02,0.0,77.93272805946427,0,60,3.0,8,0.010181836693276877
10.025,0.0,77.86364037977026,0,60,3.0,8,0.008556244229888467
10.03,0.0,77.80413213413297,0,60,3.0,8,0.007156050214893426
10.035,0.0,77.75315451508283,0,60,3.0,8,0.005956576825478271
10.04,0.0,77.70972113863759,0,60,3.0,8,0.004934615026766832
10.045,0.0,77.67291469288736,0,60,3.0,8,0.004068581009114362
10.05,0.0,77.6418909673889,0,60,3.0,8,0.0033386109973859595
10.055,0.0,77.61588060740796,0,60,3.0,8,0.0027266025272461
10.06,0.0,77.59418894611207,0,60,3.0,8,0.002216210496754577
10.065,0.0,77.57619426314615,0,60,3.0,8,0.0017928061916741038
10.07,0.0,77.56134480222934,0,60,3.0,8,0.001443407111278649
10.075,0.0,77.54915485611353,0,60,3.0,8,0.001156584849730159
10.08,0.0,77.53920019694617,0,60,3.0,8,0.0009223575752039725
10.085,0.0,77.53111309607614,0,60,3.0,8,0.0007320728488503605
10.09,0.0,77.52457714164618,0,60,3.0,8,0.0005782856857923862
10.095,0.0,77.51932202662293,0,60,3.0,8,0.00045463592053953804
10.1,0.0,77.51511844558637,0,60,3.0,8,0.00035572813144393184
10.105,0.0,77.51177320666078,0,60,3.0,8,0.0002770166273124045
10.11,0.0,77.50912463613587,0,60,3.0,8,0.00021469732084389816
10.115,0.0,77.50703832803256,0,60,3.0,8,0.00016560771841327818
10.12,0.0,77.50540326930944,0,60,3.0,8,0.00012713574845740956
10.125,0.0,77.50412835357564,0,60,3.0,8,9.713773119147738e-05
10.13,0.0,77.50313928191733,0,60,3.0,8,7.3865456878299e-05
10.135,0.0,77.50237583848272,0,60,3.0,8,5.590208194636194e-05
10.14,0.0,77.50178952045918,0,60,3.0,8,4.2106363745500964e-05
10.145,0.0,77.50134149662578,0,60,3.0,8,3.156462648903738e-05
10.15,0.0,77.5010008653694,0,60,3.0,8,2.3549773397783557e-05
10.155,0.0,77.50074318152002,0,60,3.0,8,1.748662400051912e-05
10.16,0.0,77.50054922121242,0,60,3.0,8,1.2922852057031645e-05
10.165,0.0,77.50040395488503,0,60,3.0,8,9.504820824237387e-06
10.17,0.0,77.50029570017914,0,60,3.0,8,6.957651273818128e-06
10.175,0.0,77.50021542865605,0,60,3.0,8,5.068909554077383e-06
10.18,0.0,77.50015620269332,0,60,3.0,8,3.675357489849857e-06
10.185,0.0,77.50011272149108,0,60,3.0,8,2.652270378308351e-06
10.19,0.0,77.50008095768732,0,60,3.0,8,1.904886760391545e-06
10.195,0.0,77.50005786855301,0,60,3.0,8,1.361613012102894e-06
10.2,0.0,77.50004116805168,0,60,3.0,8,9.686600395418602e-07
10.205,0.0,77.50002914816145,0,60,3.0,8,6.8583909283274e-07
10.21,0.0,77.50002053975126,0,60,3.0,8,4.832882649786958e-07
10.215,0.0,77.50001440496989,0,60,3.0,8,3.3894046797446634e-07
10.22,0.0,77.50001005455123,0,60,3.0,8,2.3657767589129968e-07
10.225,0.0,77.50000698467477,0,60,3.0,8,1.6434528868772116e-07
10.23,0.001684486749771458,77.50000482906273,0,60,3.0,8,1.1362500545681755e-07
10.235,0.003097557930867117,77.50000332286477,0,60,3.0,8,7.8185053432796e-08
10.24,0.005475106668887023,77.50000227559855,0,60,3.0,8,5.354349522188867e-08
10.245,0.00930222931468658,77.50000155099998,0,60,3.0,8,3.6494117239271875e-08
10.25,0.01519157517868857,77.50000105210987,0,60,3.0,8,2.475552625636577e-08
10.255,0.023847336626128316,77.50000071030286,0,60,3.0,8,1.6713008389000177e-08
10.26,0.0359830743700859,77.50000047726456,0,60,3.0,8,1.1229754443989162e-08
10.265,0.05218887796857759,77.50000031915964,0,60,3.0,8,7.509638568508843e-09
10.27,0.0727577001223134,77.50000021241732,0,60,3.0,8,4.99805457152166e-09
10.275,0.0974992498694751,77.50000014070355,0,60,3.0,8,3.3106717263067632e-09
10.28,0.12558706050443358,77.50000009275841,0,60,3.0,8,2.1825508825071773e-09
10.285,0.15549263588878245,77.50000006086039,0,60,3.0,8,1.432009104759987e-09
10.29,0.1850529723539114,77.50000003974196,0,60,3.0,8,9.351050025810872e-10
10.295,0.21169159439317053,77.50000002582837,0,60,3.0,8,6.077263659629834e-10
10.3,0.23277292922115492,77.50000001670621,0,60,3.0,8,3.9308728820983294e-10
10.305,0.24602692519491282,77.50000001075455,0,60,3.0,8,2.5304817587739844e-10
10.31,0.24995056064839283,77.50000000689032,0,60,3.0,8,1.6212512117122327e-10
10.315,0.24408826520424054,77.5000000043936,0,60,3.0,8,1.0337878527078668e-10
10.32,0.22911894216865275,77.50000000278825,0,60,3.0,8,6.560599906472764e-11
10.325,0.20672661788705934,77.50000000176108,0,60,3.0,8,4.143718048426843e-11
10.33,0.17928878030241233,77.50000000110703,0,60,3.0,8,2.6047660760334968e-11
10.335,0.14946211903866036,77.50000000069258,0,60,3.0,8,1.629600506823729e-11
10.34,0.1197651512573837,77.50000000043124,0,60,3.0,8,1.0146884639706353e-11
10.345,0.09224675744988023,77.50000000026724,0,60,3.0,8,6.287885245161734e-12
10.35,0.06829565320281596,77.50000000016482,0,60,3.0,8,3.878058658515596e-12
10.355,0.04860224607515734,77.50000000010117,0,60,3.0,8,2.380401758059366e-12
10.36,0.03324612389699793,77.5000000000618,0,60,3.0,8,1.454188403680318e-12
10.365,0.021859876340472782,77.50000000003757,0,60,3.0,8,8.840823498116258e-13
10.37,0.01381595518554205,77.50000000002274,0,60,3.0,8,5.349968833958402e-13
10.375,0.008394095110402422,77.5000000000137,0,60,3.0,8,3.223356222459937e-13
10.38,0.0049052535271608,77.50000000000821,0,60,3.0,8,1.9326762412674725e-13
10.385,0.0027671663551903634,77.5000000000049,0,60,3.0,8,1.1535870298222802e-13
10.39,0.0015425553464444616,77.50000000000291,0,60,3.0,8,6.854647568509201e-14
10.395,0.0009638206637011801,77.50000000000172,0,60,3.0,8,4.045913930681041e-14
10.4,0.0009804935156568228,77.50000000000101,0,60,3.0,8,2.3740486700690407e-14
10.405,0.0018793744894085216,77.5000000000006,0,60,3.0,8,1.4043668189140804e-14
10.41,0.004535525206900863,77.50000000000034,0,60,3.0,8,8.024953250937602e-15
10.415,0.010832767979632273,77.5000000000002,0,60,3.0,8,4.681222729713601e-15
10.42,0.024208003392322392,77.50000000000011,0,60,3.0,8,2.6749844169792007e-15
10.425,0.0500971897335304,77.50000000000007,0,60,3.0,8,1.6718652606120004e-15
10.43,0.09582894921774403,77.50000000000004,0,60,3.0,8,1.0031191563672002e-15
10.435,0.16937896721820658,77.50000000000001,0,60,3.0,8,3.343730521224001e-16
10.44,0.27661303008991756,77.50000000000001,0,60,3.0,8,3.343730521224001e-16
10.445,0.4173782800009149,77.5,0,60,3.0,8,0.0
10.45,0.5818720934538056,77.5,0,60,3.0,8,0.0
10.455,0.7494718801585675,77.5,0,60,3.0,8,0.0
10.46,0.891813020752378,77.5,0,60,3.0,8,0.0
10.465,0.9800361632936612,77.5,0,60,3.0,8,0.0
10.47,0.993574479225126,77.50000249800566,1,60,3.0,8,5.8776603683487766e-08
10.475,0.9263438449375362,77.50000398334456,0,60,3.0,8,9.372575424790472e-08
10.48,0.7873015962290536,77.50000651826808,0,60,3.0,8,1.533710136460714e-07
10.485,0.5959516244629897,77.50001109956669,0,60,3.0,8,2.611662750950927e-07
10.49,0.376910120078773,77.50001991374356,0,60,3.0,8,4.685586719353844e-07
10.495,0.15739335672107918,77.50003784287847,0,60,3.0,8,8.904206698817314e-07
10.5,-0.033361226269301235,77.5000757794975,0,60,3.0,8,1.7830469998363483e-06
10.505,-0.1680180840843834,77.50015770025146,0,60,3.0,8,3.71059415208626e-06
10.51,-0.23069703190837854,77.50033525375275,0,60,3.0,8,7.888323594162262e-06
10.515,-0.22587267821131068,77.50071677049758,0,60,3.0,8,1.6865188178251307e-05
10.52,-0.17718181630665902,77.50152279179979,0,60,3.0,8,3.5830395289087176e-05
10.525,-0.11494332516451301,77.50318819860948,0,60,3.0,8,7.501643787009016e-05
10.53,-0.061810214049552864,77.50654235147103,0,60,3.0,8,0.00015393768167120257
10.535,-0.026546104631500547,77.51311313183669,0,60,3.0,8,0.0003085442785103463
10.54,-0.00719600351942686,77.52561660146723,0,60,3.0,8,0.0006027435639349305
10.545,0.0022072757983807078,77.54870668435228,0,60,3.0,8,0.0011460396318184126
10.55,0.006917199873730717,77.59006066169802,0,60,3.0,8,0.002119074392894551
10.555,0.01004859748264829,77.66185425210647,0,60,3.0,8,0.0038083353436815393
10.56,0.013037082251128167,77.78261996466746,0,60,3.0,8,0.0066498815215873175
10.565,0.01645163937690478,77.97937101485591,0,60,3.0,8,0.011279317996609747
10.57,0.020526639934696615,78.28970554962969,0,60,3.0,8,0.018581307050110286
10.575,0.02539629541761738,78.76339504471892,0,60,3.0,8,0.029726942228680452
10.58,0.031171612185577933,79.46274570125202,0,60,3.0,8,0.04618225179416514
10.585,0.03795853426638131,80.46087165869562,0,60,3.0,8,0.06966756843989702
10.59,0.0458588961882057,81.83702594387275,0,60,3.0,8,0.10204766926759402
10.595,0.054966995891435555,83.6683924474054,0,60,3.0,8,0.14513864582130342
10.6,0.06536491004445595,86.0183081292734,0,60,3.0,8,0.20043077951231514
10.605,0.07711726085088699,88.9217404652122,0,60,3.0,8,0.26874683447558106
10.61,0.09026570629555215,92.36986285561291,0,60,3.0,8,0.34987912601442134
10.615,0.10482339848670268,96.29650943647528,0,60,3.0,8,0.4422708102700065
10.62,0.12076968927580028,100.56983716270597,0,60,3.0,8,0.5428196979460227
10.625,0.13804539501007884,104.99237729792675,0,60,3.0,8,0.6468794658335706
10.63,0.15654895051787066,109.31164624019664,0,60,3.0,8,0.7485093232987444
10.635,0.17613378141900526,113.24165886380223,0,60,3.0,8,0.8409802085600524
10.64,0.19660720058055794,116.49336841515469,0,60,3.0,8,0.9174910215330515
10.645,0.21773108748496234,118.809791844154,0,60,3.0,8,0.9719951022153884
10.65,0.23922453870058807,120.0,0,60,3.0,8,1.0
10.655,0.2607685857914563,119.96577975088297,0,60,3.0,8,0.9991948176678347
10.66,0.2820129681603682,118.71583497294446,0,60,3.0,8,0.9697843523045756
10.665,0.30258482867153996,116.36471102531507,0,60,3.0,8,0.9144637888309429
10.67,0.3220990771751686,113.11665526529586,0,60,3.0,8,0.8380389474187262
10.675,0.3401700499968971,109.23759987650324,0,60,3.0,8,0.7467670559177233
10.68,0.3564239911198326,105.02062501049012,0,60,3.0,8,0.6475441178938852
10.685,0.3705118017738417,100.75112656878211,0,60,3.0,8,0.5470853310301673
10.69,0.3821214567925213,96.67735531973065,0,60,3.0,8,0.4512318898760153
10.695,0.39098947374066967,92.99028647874353,0,60,3.0,8,0.36447732891161244
10.7,0.3969108472035567,89.8144696838358,0,60,3.0,8,0.2897522278549599
10.705,0.3997469255491936,87.2092293957742,0,60,3.0,8,0.22845245637115769
10.71,0.3994308076379137,85.17785730322214,0,60,3.0,8,0.180655465958168
10.715,0.3959699661768434,83.68154720070062,0,60,3.0,8,0.1454481694282499
10.72,0.38944595408114946,82.65478587633747,0,60,3.0,8,0.1212890794432346
10.725,0.38001120995358023,82.01953275018874,0,60,3.0,8,0.10634194706326458
10.73,0.3678831374098315,81.69648828448356,0,60,3.0,8,0.09874090081137799
10.735,0.35333577933796634,81.61275893693787,0,60,3.0,8,0.09677079851618507
10.74,0.33668953221163944,81.70604778040453,0,60,3.0,8,0.09896583012716546
10.745,0.3182994390982644,81.92602276840576,0,60,3.0,8,0.10414171219778255
10.75,0.29854265738230645,82.23373311228592,0,60,3.0,8,0.11138195558319808
10.755,0.2778057157821067,82.59992382822458,0,60,3.0,8,0.1199982077229312
10.76,0.2564721553719815,83.0029340715118,0,60,3.0,8,0.12948080168263065
10.765,0.23491109433464996,83.42664632068943,0,60,3.0,8,0.13945050166328068
10.77,0.21346717185309805,83.85874605168085,0,60,3.0,8,0.14961755415719655
10.775,0.19245222055656455,84.28939050086015,0,60,3.0,8,0.1597503647261212
10.78,0.17213889801761392,84.710280339288,0,60,3.0,8,0.1696536550420707
10.785,0.15275638501270183,85.11407312733049,0,60,3.0,8,0.17915466181954082
10.79,0.13448814019607322,85.49405855512624,0,60,3.0,8,0.18809549541473516
10.795,0.11747159495449566,85.84401826967708,0,60,3.0,8,0.19632984163946068
10.8,0.10179958433370105,86.15820599042442,0,60,3.0,8,0.2037224938923393
10.805,0.08752324394101413,86.43139904103533,0,60,3.0,8,0.21015056567141963
10.81,0.07465606047174059,86.65898635211758,0,60,3.0,8,0.215505561226296
10.815,0.0631787448609295,86.8370689154512,0,60,3.0,8,0.219695739187087
10.82,0.05304460019959574,86.96255654877436,0,60,3.0,8,0.22264838938292608
10.825,0.044185078305849994,87.03325025752278,0,60,3.0,8,0.2243117707652419
10.83,0.03651525513023255,87.04790319342274,0,60,3.0,8,0.2246565457275939
10.835,0.0299390014708757,87.0062558421201,0,60,3.0,8,0.22367660804988465
10.84,0.024353677220580638,86.9090430721917,0,60,3.0,8,0.2213892487574516
10.845,0.01965423034339045,86.75797231969146,0,60,3.0,9,0.21783464281626969
10.85,0.015736632374757337,86.55567360582799,0,60,3.0,9,0.21307467307830566
10.855,0.012500627640593535,86.30562334239096,0,60,3.0,9,0.20719113746802256
10.86,0.009851811652115898,86.01204497164223,0,60,3.0,9,0.20028341109746414
10.865,0.007703084175428559,85.6797903925037,0,60,3.0,9,0.1924656562942048
10.87,0.005975544002062424,85.31420681489475,0,60,3.0,9,0.1838636897622293
10.875,0.004598905818663047,84.92099413544021,0,60,3.0,9,0.17461162671624025
10.88,0.0035115256454839104,84.5060581273616,0,60,3.0,9,0.16484842652615525
10.885,0.002660121266303676,84.07536468518992,0,60,3.0,9,0.1547144631809394
10.89,0.0019992692560877024,83.63480007468739,0,60,3.0,9,0.14434823705146801
10.895,0.0014907520044639367,83.19004163641426,0,60,3.0,9,0.1338833326215121
10.9,0.0011028178277539807,82.74644271472884,0,60,3.0,9,0.12344571093479631
10.905,0.0008094059938923333,82.30893477748606,0,60,3.0,9,0.11315140652908373
10.91,0.0005893771793717645,81.88194880472919,0,60,3.0,9,0.10310467775833392
10.915,0.0004257792353490551,81.46935710791587,0,60,3.0,9,0.09339663783331456
10.92,0.0003051686392901525,81.07443584337275,0,60,3.0,9,0.08410437278524127
10.925,0.00021699992642659966,80.69984764857996,0,60,3.0,9,0.0752905329077638
10.93,0.00015308884054097838,80.34764309423872,0,60,3.0,9,0.06700336692326399
10.935,0.00010714989329311098,80.01927903677215,0,60,3.0,9,0.059277153806403464
10.94,7.440535854020571e-05,79.71565149314013,0,60,3.0,9,0.052132976309179506
10.945,5.1260276743925106e-05,79.43714035092398,0,60,3.0,9,0.04557977296291724
10.95,3.503659887882241e-05,79.18366307048232,0,60,3.0,9,0.03961560165840765
10.955,2.375894748103639e-05,78.95473452320364,0,60,3.0,9,0.03422904760479154
10.96,1.5984413869232557e-05,78.74953022428151,0,60,3.0,9,0.02940071115956504
10.965,1.0669166579899869e-05,78.56695043877203,0,60,3.0,9,0.025104716206400594
10.97,7.06526633560511e-06,78.4056829415812,0,60,3.0,9,0.02131018686073423
10.975,4.641847214699205e-06,78.26426256981593,0,60,3.0,9,0.01798264870155121
10.98,3.025641074479182e-06,78.14112609439135,0,60,3.0,9,0.01508531986803184
10.985,1.9566278676921314e-06,78.03466133357307,0,60,3.0,9,0.012580266672307517
10.99,1.2553456560008793e-06,77.94324981389724,0,60,3.0,9,0.010429407385817392
10.995,7.990660428214668e-07,77.86530263707101,0,60,3.0,9,0.008595356166376725
11.0,5.046221251618276e-07,77.79928952259839,0,60,3.0,9,0.007042106414079667
11.005,3.1616527078858815e-07,77.74376125683288,0,60,3.0,9,0.005735558984303131
11.01,1.9652884407760343e-07,77.69736598579576,0,60,3.0,9,0.004643905548135428
11.015,1.2120002189836396e-07,77.65885994088477,0,60,3.0,9,0.0037378809619945195
11.02,7.415549848886236e-08,77.6271132860104,0,60,3.0,9,0.0029909008473035046
11.025,4.501406988770349e-08,77.6011118265454,0,60,3.0,9,0.002379101801068373
11.03,0.0,77.57995533119477,0,60,3.0,9,0.0018813019104651201
11.035,0.0,77.56285319487394,0,60,3.0,9,0.0014788987029161864
11.04,0.0,77.54911812164852,0,60,3.0,9,0.001155720509376913
11.045,0.0,77.53815843929038,0,60,3.0,9,0.0008978456303619918
11.05,0.0,77.52946957802463,0,60,3.0,9,0.0006934018358736814
11.055,0.0,77.52262516170235,0,60,3.0,9,0.0005323567459376644
11.06,0.0,77.51726807503519,0,60,3.0,9,0.0004063076478868264
11.065,0.0,77.51310178967128,0,60,3.0,9,0.0003082774040301635
11.07,0.0,77.50988215769988,0,60,3.0,9,0.00023252135764417235
11.075,0.0,77.50740981555606,0,60,3.0,9,0.00017434860131903835
11.08,0.0,77.50552328529045,0,60,3.0,9,0.00012995965389296437
11.085,0.0,77.50409281406513,0,60,3.0,9,9.630150741486432e-05
11.09,0.0,77.50301495625494,0,60,3.0,9,7.094014717515219e-05
11.095,0.0,77.50220787496914,0,60,3.0,9,5.19499992739892e-05
11.1,0.0,77.50160732017996,0,60,3.0,9,3.7819298351932425e-05
11.105,0.0,77.5011632278179,0,60,3.0,9,2.7370066303480115e-05
11.11,0.0,77.50083687698123,0,60,3.0,9,1.9691223087647813e-05
11.115,0.0,77.50059853965124,0,60,3.0,9,1.4083285911430508e-05
11.12,0.0,77.50042555793296,0,60,3.0,9,1.0013127834273451e-05
11.125,0.0,77.50030078689879,0,60,3.0,9,7.077338795076738e-06
11.13,0.0,77.50021134579045,0,60,3.0,9,4.972842128167673e-06
11.135,0.0,77.50014762596477,0,60,3.0,9,3.473552112275095e-06
11.14,0.0,77.50010251002901,0,60,3.0,9,2.4120006825716487e-06
11.145,0.0,77.50007076270478,0,60,3.0,9,1.6650048183584979e-06
11.15,0.0,77.5000485598072,0,60,3.0,9,1.1425836987655202e-06
11.155,0.001684486749771458,77.50003312714004,0,60,3.0,9,7.794621186509603e-07
11.16,0.003097557930867117,77.50002246598136,0,60,3.0,9,5.286113261102881e-07
11.165,0.005475106668887023,77.50001514611694,0,60,3.0,9,3.563792220387875e-07
11.17,0.00930222931468658,77.50001015106662,0,60,3.0,9,2.388486263150887e-07
11.175,0.01519157517868857,77.50000676326665,0,60,3.0,9,1.5913568598294018e-07
11.18,0.023847336626128316,77.50000447956461,0,60,3.0,9,1.0540152021242059e-07
11.185,0.0359830743700859,77.50000294950786,0,60,3.0,9,6.940018492434105e-08
11.19,0.05218887796857759,77.50000193062432,0,60,3.0,9,4.5426454629277405e-08
11.195,0.0727577001223134,77.50000125626265,0,60,3.0,9,2.9559121163829866e-08
11.2,0.0974992498694751,77.50000081263886,0,60,3.0,9,1.9120914336834926e-08
11.205,0.12558706050443358,77.50000052257566,0,60,3.0,9,1.2295897905085654e-08
11.21,0.15549263588878245,77.50000033406828,0,60,3.0,9,7.860430006236557e-09
11.215,0.1850529723539114,77.50000021230282,0,60,3.0,9,4.99536052784071e-09
11.22,0.21169159439317053,77.50000013412532,0,60,3.0,9,3.1558897717332e-09
11.225,0.23277292922115492,77.50000008423648,0,60,3.0,9,1.9820347193565204e-09
11.23,0.24602692519491282,77.50000005259253,0,60,3.0,9,1.2374711974082269e-09
11.235,0.24995056064839283,77.50000003264243,0,60,3.0,9,7.680572413365178e-10
11.24,0.24408826520424054,77.50000002014073,0,60,3.0,9,4.73899570565931e-10
11.245,0.22911894216865275,77.50000001235385,0,60,3.0,9,2.9067885353630545e-10
11.25,0.20672661788705934,77.50000000753293,0,60,3.0,9,1.772454705881982e-10
11.255,0.17928878030241233,77.50000000456626,0,60,3.0,9,1.0744141785407385e-10
11.26,0.14946211903866036,77.50000000275163,0,60,3.0,9,6.474431970940821e-11
11.265,0.1197651512573837,77.50000000164837,0,60,3.0,9,3.878526780788568e-11
11.27,0.09224675744988023,77.50000000098164,0,60,3.0,9,2.309748732145903e-11
11.275,0.06829565320281596,77.50000000058115,0,60,3.0,9,1.3674185966545552e-11
11.28,0.04860224607515734,77.50000000034203,0,60,3.0,9,8.047690618481925e-12
11.285,0.03324612389699793,77.5000000002001,0,60,3.0,9,4.7083069469355156e-12
11.29,0.021859876340472782,77.50000000011639,0,60,3.0,9,2.738515296882457e-12
11.295,0.01381595518554205,77.50000000006729,0,60,3.0,9,1.5832564017995643e-12
11.3,0.008394095110402422,77.50000000003868,0,60,3.0,9,9.10163447877173e-13
11.305,0.0049052535271608,77.5000000000221,0,60,3.0,9,5.199500960503321e-13
11.31,0.0027671663551903634,77.50000000001255,0,60,3.0,9,2.952514050240793e-13
11.315,0.0015425553464444616,77.50000000000709,0,60,3.0,9,1.6685215300907763e-13
11.32,0.0009638206637011801,77.50000000000398,0,60,3.0,9,9.362445459427202e-14
11.325,0.0009804935156568228,77.50000000000222,0,60,3.0,9,5.216219613109441e-14
11.33,0.0018793744894085216,77.50000000000124,0,60,3.0,9,2.9090455534648805e-14
11.335,0.004535525206900863,77.50000000000068,0,60,3.0,9,1.6049906501875204e-14
11.34,0.010832767979632273,77.50000000000037,0,60,3.0,9,8.693699355182403e-15
11.345,0.024208003392322392,77.5000000000002,0,60,3.0,9,4.681222729713601e-15
11.35,0.0500971897335304,77.50000000000011,0,60,3.0,9,2.6749844169792007e-15
11.355,0.09582894921774403,77.50000000000006,0,60,3.0,9,1.3374922084896003e-15
11.36,0.16937896721820658,77.50000000000003,0,60,3.0,9,6.687461042448002e-16
11.365,0.27661303008991756,77.50000000000001,0,60,3.0,9,3.343730521224001e-16
11.37,0.4173782800009149,77.50000000000001,0,60,3.0,9,3.343730521224001e-16
11.375,0.5818720934538056,77.5,0,60,3.0,9,0.0
11.38,0.7494718801585675,77.5,0,60,3.0,9,0.0
11.385,0.891813020752378,77.5,0,60,3.0,9,0.0
11.39,0.9800361632936612,77.5,0,60,3.0,9,0.0
11.395,0.993574479225126,77.5,1,60,3.0,9,0.0
11.4,0.9263438449375362,77.5,0,60,3.0,9,0.0
11.405,0.7873015962290536,77.5,0,60,3.0,9,0.0
11.41,0.5959516244629897,77.5,0,60,3.0,9,0.0
11.415,0.376910120078773,77.5,0,60,3.0,9,0.0
11.42,0.15739335672107918,77.5,0,60,3.0,9,0.0
11.425,-0.033361226269301235,77.5,0,60,3.0,9,0.0
11.43,-0.1680180840843834,77.5,0,60,3.0,9,0.0
11.435,-0.23069703190837854,77.5,0,60,3.0,9,0.0
11.44,-0.22587267821131068,77.5,0,60,3.0,9,0.0
11.445,-0.17718181630665902,77.5,0,60,3.0,9,0.0
11.45,-0.11494332516451301,77.5,0,60,3.0,9,0.0
11.455,-0.061810214049552864,77.5,0,60,3.0,9,0.0
11.46,-0.026546104631500547,77.5,0,60,3.0,9,0.0
11.465,-0.00719600351942686,77.5,0,60,3.0,9,0.0
11.47,0.0022072757983807078,77.5,0,60,3.0,9,0.0
11.475,0.006917199873730717,77.5,0,60,3.0,9,0.0
11.48,0.01004859748264829,77.5,0,60,3.0,9,0.0
11.485,0.013037082251128167,77.5,0,60,3.0,9,0.0
11.49,0.01645163937690478,77.5,0,60,3.0,9,0.0
11.495,0.020526639934696615,77.5,0,60,3.0,9,0.0
11.5,0.02539629541761738,77.5,0,60,3.0,9,0.0
11.505,0.031171612185577933,77.5,0,60,3.0,9,0.0
11.51,0.03795853426638131,77.5,0,60,3.0,9,0.0
11.515,0.0458588961882057,77.5,0,60,3.0,9,0.0
11.52,0.054966995891435555,77.5,0,60,3.0,9,0.0
11.525,0.06536491004445595,77.5,0,60,3.0,9,0.0
11.53,0.07711726085088699,77.5,0,60,3.0,9,0.0
11.535,0.09026570629555215,77.5,0,60,3.0,9,0.0
11.54,0.10482339848670268,77.5,0,60,3.0,9,0.0
11.545,0.12076968927580028,77.5,0,60,3.0,9,0.0
11.55,0.13804539501007884,77.5,0,60,3.0,9,0.0
11.555,0.15654895051787066,77.5,0,60,3.0,9,0.0
11.56,0.17613378141900526,77.5,0,60,3.0,9,0.0
11.565,0.19660720058055794,77.5,0,60,3.0,9,0.0
11.57,0.21773108748496234,77.5,0,60,3.0,9,0.0
11.575,0.23922453870058807,77.5,0,60,3.0,9,0.0
11.58,0.2607685857914563,77.5,0,60,3.0,9,0.0
11.585,0.2820129681603682,77.5,0,60,3.0,9,0.0
11.59,0.30258482867153996,77.5,0,60,3.0,9,0.0
11.595,0.3220990771751686,77.5,0,60,3.0,9,0.0
11.6,0.3401700499968971,77.5,0,60,3.0,9,0.0
11.605,0.3564239911198326,77.5,0,60,3.0,9,0.0
11.61,0.3705118017738417,77.5,0,60,3.0,9,0.0
11.615,0.3821214567925213,77.5,0,60,3.0,9,0.0
11.62,0.39098947374066967,77.5,0,60,3.0,9,0.0
11.625,0.3969108472035567,77.5,0,60,3.0,9,0.0
11.63,0.3997469255491936,77.5,0,60,3.0,9,0.0
11.635,0.3994308076379137,77.5,0,60,3.0,9,0.0
11.64,0.3959699661768434,77.5,0,60,3.0,9,0.0
11.645,0.38944595408114946,77.5,0,60,3.0,9,0.0
11.65,0.38001120995358023,77.5,0,60,3.0,9,0.0
11.655,0.3678831374098315,77.5,0,60,3.0,9,0.0
11.66,0.35333577933796634,77.5,0,60,3.0,9,0.0
11.665,0.33668953221163944,77.5,0,60,3.0,9,0.0
11.67,0.3182994390982644,77.5,0,60,3.0,9,0.0
11.675,0.29854265738230645,77.5,0,60,3.0,9,0.0
11.68,0.2778057157821067,77.5,0,60,3.0,9,0.0
11.685,0.2564721553719815,77.5,0,60,3.0,9,0.0
11.69,0.23491109433464996,77.5,0,60,3.0,9,0.0
11.695,0.21346717185309805,77.5,0,60,3.0,9,0.0
11.7,0.19245222055656455,77.5,0,60,3.0,9,0.0
11.705,0.17213889801761392,77.5,0,60,3.0,9,0.0
11.71,0.15275638501270183,77.5,0,60,3.0,9,0.0
11.715,0.13448814019607322,77.5,0,60,3.0,9,0.0
11.72,0.11747159495449566,77.5,0,60,3.0,9,0.0
11.725,0.10179958433370105,77.5,0,60,3.0,9,0.0
11.73,0.08752324394101413,77.5,0,60,3.0,9,0.0
11.735,0.07465606047174059,77.5,0,60,3.0,9,0.0
11.74,0.0631787448609295,77.5,0,60,3.0,9,0.0
11.745,0.05304460019959574,77.5,0,60,3.0,9,0.0
11.75,0.044185078305849994,77.5,0,60,3.0,9,0.0
11.755,0.03651525513023255,77.5,0,60,3.0,9,0.0
11.76,0.0299390014708757,77.5,0,60,3.0,9,0.0
11.765,0.024353677220580638,77.5,0,60,3.0,9,0.0
11.77,0.01965423034339045,77.5,0,60,3.0,9,0.0
11.775,0.015736632374757337,77.5,0,60,3.0,9,0.0
11.78,0.012500627640593535,77.5,0,60,3.0,9,0.0
11.785,0.009851811652115898,77.5,0,60,3.0,9,0.0
11.79,0.007703084175428559,77.5,0,60,3.0,9,0.0
11.795,0.005975544002062424,77.5,0,60,3.0,9,0.0
11.8,0.004598905818663047,77.5,0,60,3.0,9,0.0
11.805,0.0035115256454839104,77.5,0,60,3.0,9,0.0
11.81,0.002660121266303676,77.5,0,60,3.0,9,0.0
11.815,0.0019992692560877024,77.5,0,60,3.0,9,0.0
11.82,0.0014907520044639367,77.5,0,60,3.0,9,0.0
11.825,0.0011028178277539807,77.5,0,60,3.0,9,0.0
11.83,0.0008094059938923333,77.5,0,60,3.0,9,0.0
11.835,0.0005893771793717645,77.5,0,60,3.0,9,0.0
11.84,0.0004257792353490551,77.5,0,60,3.0,9,0.0
11.845,0.0003051686392901525,77.5,0,60,3.0,9,0.0
11.85,0.00021699992642659966,77.5,0,60,3.0,9,0.0
11.855,0.00015308884054097838,77.5,0,60,3.0,9,0.0
11.86,0.00010714989329311098,77.5,0,60,3.0,9,0.0
11.865,7.440535854020571e-05,77.5,0,60,3.0,9,0.0
11.87,5.1260276743925106e-05,77.5,0,60,3.0,9,0.0
11.875,3.503659887882241e-05,77.5,0,60,3.0,9,0.0
11.88,2.375894748103639e-05,77.5,0,60,3.0,9,0.0
11.885,1.5984413869232557e-05,77.5,0,60,3.0,9,0.0
11.89,1.0669166579899869e-05,77.5,0,60,3.0,9,0.0
11.895,7.06526633560511e-06,77.5,0,60,3.0,9,0.0
11.9,4.641847214699205e-06,77.5,0,60,3.0,9,0.0
11.905,3.025641074479182e-06,77.5,0,60,3.0,9,0.0
11.91,1.9566278676921314e-06,77.5,0,60,3.0,9,0.0
11.915,1.2553456560008793e-06,77.5,0,60,3.0,9,0.0
11.92,7.990660428214668e-07,77.5,0,60,3.0,9,0.0
11.925,5.046221251618276e-07,77.5,0,60,3.0,9,0.0
11.93,3.1616527078858815e-07,77.5,0,60,3.0,9,0.0
11.935,1.9652884407760343e-07,77.5,0,60,3.0,9,0.0
11.94,1.2120002189836396e-07,77.5,0,60,3.0,9,0.0
11.945,7.415549848886236e-08,77.5,0,60,3.0,9,0.0
11.95,4.501406988770349e-08,77.5,0,60,3.0,9,0.0
11.955,0.0,77.5,0,60,3.0,9,0.0
11.96,0.0,77.5,0,60,3.0,9,0.0
11.965,0.0,77.5,0,60,3.0,9,0.0
11.97,0.0,77.5,0,60,3.0,9,0.0
11.975,0.0,77.5,0,60,3.0,9,0.0
11.98,0.0,77.5,0,60,3.0,9,0.0
11.985,0.0,77.5,0,60,3.0,9,0.0
11.99,0.0,77.5,0,60,3.0,9,0.0
11.995,0.0,77.5,0,60,3.0,9,0.0
