Time,ECG,Pressure,R_Peaks,mean_hr,hrv_scale,Phase_Bin,Normalized_Pressure
0.0,0.001684486749771458,77.5,0,60,3.0,0,0.0
0.005,0.003097557930867117,77.5,0,60,3.0,0,0.0
0.01,0.005475106668887023,77.5,0,60,3.0,0,0.0
0.015,0.00930222931468658,77.5,0,60,3.0,0,0.0
0.02,0.01519157517868857,77.5,0,60,3.0,0,0.0
0.025,0.023847336626128316,77.5,0,60,3.0,0,0.0
0.03,0.0359830743700859,77.5,0,60,3.0,0,0.0
0.035,0.05218887796857759,77.5,0,60,3.0,0,0.0
0.04,0.0727577001223134,77.5,0,60,3.0,0,0.0
0.045,0.0974992498694751,77.5,0,60,3.0,0,0.0
0.05,0.12558706050443358,77.5,0,60,3.0,0,0.0
0.055,0.15549263588878245,77.5,0,60,3.0,0,0.0
0.06,0.1850529723539114,77.5,0,60,3.0,0,0.0
0.065,0.21169159439317053,77.5,0,60,3.0,0,0.0
0.07,0.23277292922115492,77.5,0,60,3.0,0,0.0
0.075,0.24602692519491282,77.5,0,60,3.0,0,0.0
0.08,0.24995056064839283,77.5,0,60,3.0,0,0.0
0.085,0.24408826520424054,77.5,0,60,3.0,0,0.0
0.09,0.22911894216865275,77.5,0,60,3.0,0,0.0
0.095,0.20672661788705934,77.5,0,60,3.0,0,0.0
0.1,0.17928878030241233,77.5,0,60,3.0,0,0.0
0.105,0.14946211903866036,77.5,0,60,3.0,0,0.0
0.11,0.1197651512573837,77.5,0,60,3.0,0,0.0
0.115,0.09224675744988023,77.5,0,60,3.0,0,0.0
0.12,0.06829565320281596,77.5,0,60,3.0,0,0.0
0.125,0.04860224607515734,77.5,0,60,3.0,0,0.0
0.13,0.03324612389699793,77.5,0,60,3.0,0,0.0
0.135,0.021859876340472782,77.5,0,60,3.0,0,0.0
0.14,0.01381595518554205,77.5,0,60,3.0,0,0.0
0.145,0.008394095110402422,77.5,0,60,3.0,0,0.0
0.15,0.0049052535271608,77.5,0,60,3.0,0,0.0
0.155,0.0027671663551903634,77.5,0,60,3.0,0,0.0
0.16,0.0015425553464444616,77.5,0,60,3.0,0,0.0
0.165,0.0009638206637011801,77.5,0,60,3.0,0,0.0
0.17,0.0009804935156568228,77.5,0,60,3.0,0,0.0
0.175,0.0018793744894085216,77.5,0,60,3.0,0,0.0
0.18,0.004535525206900863,77.5,0,60,3.0,0,0.0
0.185,0.010832767979632273,77.5,0,60,3.0,0,0.0
0.19,0.024208003392322392,77.5,0,60,3.0,0,0.0
0.195,0.0500971897335304,77.5,0,60,3.0,0,0.0
0.2,0.09582894921774403,77.5,0,60,3.0,0,0.0
0.205,0.16937896721820658,77.5,0,60,3.0,0,0.0
0.21,0.27661303008991756,77.5,0,60,3.0,0,0.0
0.215,0.4173782800009149,77.5,0,60,3.0,0,0.0
0.22,0.5818720934538056,77.5,0,60,3.0,0,0.0
0.225,0.7494718801585675,77.5,0,60,3.0,0,0.0
0.23,0.891813020752378,77.5,0,60,3.0,0,0.0
0.235,0.9800361632936612,77.5,0,60,3.0,0,0.0
0.24,0.993574479225126,77.5,0,60,3.0,0,0.0
0.245,0.9263438449375362,77.5,0,60,3.0,0,0.0
0.25,0.7873015962290536,77.5,0,60,3.0,0,0.0
0.255,0.5959516244629897,77.5,0,60,3.0,0,0.0
0.26,0.376910120078773,77.5,0,60,3.0,0,0.0
0.265,0.15739335672107918,77.5,0,60,3.0,0,0.0
0.27,-0.033361226269301235,77.5,0,60,3.0,0,0.0
0.275,-0.1680180840843834,77.5,0,60,3.0,0,0.0
0.28,-0.23069703190837854,77.5,0,60,3.0,0,0.0
0.285,-0.22587267821131068,77.5,0,60,3.0,0,0.0
0.29,-0.17718181630665902,77.5,0,60,3.0,0,0.0
0.295,-0.11494332516451301,77.5,0,60,3.0,0,0.0
0.3,-0.061810214049552864,77.5,0,60,3.0,0,0.0
0.305,-0.026546104631500547,77.5,0,60,3.0,0,0.0
0.31,-0.00719600351942686,77.5,0,60,3.0,0,0.0
0.315,0.0022072757983807078,77.5,0,60,3.0,0,0.0
0.32,0.006917199873730717,77.5,0,60,3.0,0,0.0
0.325,0.01004859748264829,77.5,0,60,3.0,0,0.0
0.33,0.013037082251128167,77.5,0,60,3.0,0,0.0
0.335,0.01645163937690478,77.5,0,60,3.0,0,0.0
0.34,0.020526639934696615,77.5,0,60,3.0,0,0.0
0.345,0.02539629541761738,77.5,0,60,3.0,0,0.0
0.35,0.031171612185577933,77.5,0,60,3.0,0,0.0
0.355,0.03795853426638131,77.5,0,60,3.0,0,0.0
0.36,0.0458588961882057,77.5,0,60,3.0,0,0.0
0.365,0.054966995891435555,77.5,0,60,3.0,0,0.0
0.37,0.06536491004445595,77.5,0,60,3.0,0,0.0
0.375,0.07711726085088699,77.5,0,60,3.0,0,0.0
0.38,0.09026570629555215,77.5,0,60,3.0,0,0.0
0.385,0.10482339848670268,77.5,0,60,3.0,0,0.0
0.39,0.12076968927580028,77.5,0,60,3.0,0,0.0
0.395,0.13804539501007884,77.5,0,60,3.0,0,0.0
0.4,0.15654895051787066,77.5,0,60,3.0,0,0.0
0.405,0.17613378141900526,77.5,0,60,3.0,0,0.0
0.41,0.19660720058055794,77.5,0,60,3.0,0,0.0
0.415,0.21773108748496234,77.5,0,60,3.0,0,0.0
0.42,0.23922453870058807,77.5,0,60,3.0,0,0.0
0.425,0.2607685857914563,77.5,0,60,3.0,0,0.0
0.43,0.2820129681603682,77.5,0,60,3.0,0,0.0
0.435,0.30258482867153996,77.5,0,60,3.0,0,0.0
0.44,0.3220990771751686,77.5,0,60,3.0,0,0.0
0.445,0.3401700499968971,77.5,0,60,3.0,0,0.0
0.45,0.3564239911198326,77.5,0,60,3.0,0,0.0
0.455,0.3705118017738417,77.5,0,60,3.0,0,0.0
0.46,0.3821214567925213,77.5,0,60,3.0,0,0.0
0.465,0.39098947374066967,77.5,0,60,3.0,0,0.0
0.47,0.3969108472035567,77.5,0,60,3.0,0,0.0
0.475,0.3997469255491936,77.5,0,60,3.0,0,0.0
0.48,0.3994308076379137,77.5,0,60,3.0,0,0.0
0.485,0.3959699661768434,77.5,0,60,3.0,0,0.0
0.49,0.38944595408114946,77.5,0,60,3.0,0,0.0
0.495,0.38001120995358023,77.5,0,60,3.0,0,0.0
0.5,0.3678831374098315,77.5,0,60,3.0,0,0.0
0.505,0.35333577933796634,77.5,0,60,3.0,0,0.0
0.51,0.33668953221163944,77.5,0,60,3.0,0,0.0
0.515,0.3182994390982644,77.5,0,60,3.0,0,0.0
0.52,0.29854265738230645,77.5,0,60,3.0,0,0.0
0.525,0.2778057157821067,77.5,0,60,3.0,0,0.0
0.53,0.2564721553719815,77.5,0,60,3.0,0,0.0
0.535,0.23491109433464996,77.5,0,60,3.0,0,0.0
0.54,0.21346717185309805,77.5,0,60,3.0,0,0.0
0.545,0.19245222055656455,77.5,0,60,3.0,0,0.0
0.55,0.17213889801761392,77.5,0,60,3.0,0,0.0
0.555,0.15275638501270183,77.5,0,60,3.0,0,0.0
0.56,0.13448814019607322,77.5,0,60,3.0,0,0.0
0.565,0.11747159495449566,77.5,0,60,3.0,0,0.0
0.57,0.10179958433370105,77.5,0,60,3.0,0,0.0
0.575,0.08752324394101413,77.5,0,60,3.0,0,0.0
0.58,0.07465606047174059,77.5,0,60,3.0,0,0.0
0.585,0.0631787448609295,77.5,0,60,3.0,0,0.0
0.59,0.05304460019959574,77.5,0,60,3.0,0,0.0
0.595,0.044185078305849994,77.5,0,60,3.0,0,0.0
0.6,0.03651525513023255,77.5,0,60,3.0,0,0.0
0.605,0.0299390014708757,77.5,0,60,3.0,0,0.0
0.61,0.024353677220580638,77.5,0,60,3.0,0,0.0
0.615,0.01965423034339045,77.5,0,60,3.0,0,0.0
0.62,0.015736632374757337,77.5,0,60,3.0,0,0.0
0.625,0.012500627640593535,77.5,0,60,3.0,0,0.0
0.63,0.009851811652115898,77.5,0,60,3.0,0,0.0
0.635,0.007703084175428559,77.5,0,60,3.0,0,0.0
0.64,0.005975544002062424,77.5,0,60,3.0,0,0.0
0.645,0.004598905818663047,77.5,0,60,3.0,0,0.0
0.65,0.0035115256454839104,77.5,0,60,3.0,0,0.0
0.655,0.002660121266303676,77.5,0,60,3.0,0,0.0
0.66,0.0019992692560877024,77.5,0,60,3.0,0,0.0
0.665,0.0014907520044639367,77.5,0,60,3.0,0,0.0
0.67,0.0011028178277539807,77.5,0,60,3.0,0,0.0
0.675,0.0008094059938923333,77.5,0,60,3.0,0,0.0
0.68,0.0005893771793717645,77.5,0,60,3.0,0,0.0
0.685,0.0004257792353490551,77.5,0,60,3.0,0,0.0
0.69,0.0003051686392901525,77.5,0,60,3.0,0,0.0
0.695,0.00021699992642659966,77.5,0,60,3.0,0,0.0
0.7,0.00015308884054097838,77.5,0,60,3.0,0,0.0
0.705,0.00010714989329311098,77.5,0,60,3.0,0,0.0
0.71,7.440535854020571e-05,77.5,0,60,3.0,0,0.0
0.715,5.1260276743925106e-05,77.5,0,60,3.0,0,0.0
0.72,3.503659887882241e-05,77.5,0,60,3.0,0,0.0
0.725,2.375894748103639e-05,77.5,0,60,3.0,0,0.0
0.73,1.5984413869232557e-05,77.5,0,60,3.0,0,0.0
0.735,1.0669166579899869e-05,77.5,0,60,3.0,0,0.0
0.74,7.06526633560511e-06,77.5,0,60,3.0,0,0.0
0.745,4.641847214699205e-06,77.5,0,60,3.0,0,0.0
0.75,3.025641074479182e-06,77.5,0,60,3.0,0,0.0
0.755,1.9566278676921314e-06,77.5,0,60,3.0,0,0.0
0.76,1.2553456560008793e-06,77.5,0,60,3.0,0,0.0
0.765,7.990660428214668e-07,77.5,0,60,3.0,0,0.0
0.77,5.046221251618276e-07,77.5,0,60,3.0,0,0.0
0.775,3.1616527078858815e-07,77.5,0,60,3.0,0,0.0
0.78,1.9652884407760343e-07,77.5,0,60,3.0,0,0.0
0.785,1.2120002189836396e-07,77.5,0,60,3.0,0,0.0
0.79,7.415549848886236e-08,77.5,0,60,3.0,0,0.0
0.795,4.501406988770349e-08,77.5,0,60,3.0,0,0.0
0.8,0.0,77.5,0,60,3.0,0,0.0
0.805,0.0,77.5,0,60,3.0,0,0.0
0.81,0.0,77.5,0,60,3.0,0,0.0
0.815,0.0,77.5,0,60,3.0,0,0.0
0.82,0.0,77.5,0,60,3.0,0,0.0
0.825,0.0,77.5,0,60,3.0,0,0.0
0.83,0.0,77.5,0,60,3.0,0,0.0
0.835,0.0,77.5,0,60,3.0,0,0.0
0.84,0.0,77.5,0,60,3.0,0,0.0
0.845,0.0,77.5,0,60,3.0,0,0.0
0.85,0.0,77.5,0,60,3.0,0,0.0
0.855,0.0,77.5,0,60,3.0,0,0.0
0.86,0.0,77.5,0,60,3.0,0,0.0
0.865,0.0,77.5,0,60,3.0,0,0.0
0.87,0.0,77.5,0,60,3.0,0,0.0
0.875,0.0,77.5,0,60,3.0,0,0.0
0.88,0.0,77.5,0,60,3.0,0,0.0
0.885,0.0,77.5,0,60,3.0,0,0.0
0.89,0.0,77.5,0,60,3.0,0,0.0
0.895,0.0,77.5,0,60,3.0,0,0.0
0.9,0.0,77.5,0,60,3.0,0,0.0
0.905,0.0,77.5,0,60,3.0,0,0.0
0.91,0.0,77.5,0,60,3.0,0,0.0
0.915,0.0,77.5,0,60,3.0,0,0.0
0.92,0.0,77.5,0,60,3.0,0,0.0
0.925,0.0,77.5,0,60,3.0,0,0.0
0.93,0.0,77.5,0,60,3.0,0,0.0
0.935,0.0,77.5,0,60,3.0,0,0.0
0.94,0.0,77.5,0,60,3.0,0,0.0
0.945,0.0,77.5,0,60,3.0,0,0.0
0.95,0.0,77.5,0,60,3.0,0,0.0
0.955,0.0,77.5,0,60,3.0,0,0.0
0.96,0.0,77.5,0,60,3.0,0,0.0
0.965,0.0,77.5,0,60,3.0,0,0.0
0.97,0.0,77.5,0,60,3.0,0,0.0
0.975,0.0,77.5,0,60,3.0,0,0.0
0.98,0.0,77.5,0,60,3.0,0,0.0
0.985,0.0,77.5,0,60,3.0,0,0.0
0.99,0.0,77.5,0,60,3.0,0,0.0
0.995,0.0,77.5,0,60,3.0,0,0.0
1.0,0.0,77.5,0,60,3.0,0,0.0
1.005,0.0,77.5,0,60,3.0,0,0.0
1.01,0.0,77.5,0,60,3.0,0,0.0
1.015,0.0,77.5,0,60,3.0,0,0.0
1.02,0.0,77.5,0,60,3.0,0,0.0
1.025,0.001684486749771458,77.5,0,60,3.0,0,0.0
1.03,0.003097557930867117,77.5,0,60,3.0,0,0.0
1.035,0.005475106668887023,77.5,0,60,3.0,0,0.0
1.04,0.00930222931468658,77.5,0,60,3.0,0,0.0
1.045,0.01519157517868857,77.5,0,60,3.0,0,0.0
1.05,0.023847336626128316,77.5,0,60,3.0,0,0.0
1.055,0.0359830743700859,77.5,0,60,3.0,0,0.0
1.06,0.05218887796857759,77.5,0,60,3.0,0,0.0
1.065,0.0727577001223134,77.5,0,60,3.0,0,0.0
1.07,0.0974992498694751,77.5,0,60,3.0,0,0.0
1.075,0.12558706050443358,77.5,0,60,3.0,0,0.0
1.08,0.15549263588878245,77.5,0,60,3.0,0,0.0
1.085,0.1850529723539114,77.5,0,60,3.0,0,0.0
1.09,0.21169159439317053,77.5,0,60,3.0,0,0.0
1.095,0.23277292922115492,77.5,0,60,3.0,0,0.0
1.1,0.24602692519491282,77.5,0,60,3.0,0,0.0
1.105,0.24995056064839283,77.5,0,60,3.0,0,0.0
1.11,0.24408826520424054,77.5,0,60,3.0,0,0.0
1.115,0.22911894216865275,77.5,0,60,3.0,0,0.0
1.12,0.20672661788705934,77.5,0,60,3.0,0,0.0
1.125,0.17928878030241233,77.5,0,60,3.0,0,0.0
1.13,0.14946211903866036,77.5,0,60,3.0,0,0.0
1.135,0.1197651512573837,77.5,0,60,3.0,0,0.0
1.14,0.09224675744988023,77.5,0,60,3.0,0,0.0
1.145,0.06829565320281596,77.5,0,60,3.0,0,0.0
1.15,0.04860224607515734,77.5,0,60,3.0,0,0.0
1.155,0.03324612389699793,77.5,0,60,3.0,0,0.0
1.16,0.021859876340472782,77.5,0,60,3.0,0,0.0
1.165,0.01381595518554205,77.5,0,60,3.0,0,0.0
1.17,0.008394095110402422,77.5,0,60,3.0,0,0.0
1.175,0.0049052535271608,77.5,0,60,3.0,0,0.0
1.18,0.0027671663551903634,77.5,0,60,3.0,0,0.0
1.185,0.0015425553464444616,77.5,0,60,3.0,0,0.0
1.19,0.0009638206637011801,77.5,0,60,3.0,0,0.0
1.195,0.0009804935156568228,77.5,0,60,3.0,0,0.0
1.2,0.0018793744894085216,77.5,0,60,3.0,0,0.0
1.205,0.004535525206900863,77.5,0,60,3.0,1,0.0
1.21,0.010832767979632273,77.5,0,60,3.0,1,0.0
1.215,0.024208003392322392,77.5,0,60,3.0,1,0.0
1.22,0.0500971897335304,77.5,0,60,3.0,1,0.0
1.225,0.09582894921774403,77.5,0,60,3.0,1,0.0
1.23,0.16937896721820658,77.5,0,60,3.0,1,0.0
1.235,0.27661303008991756,77.5,0,60,3.0,1,0.0
1.24,0.4173782800009149,77.5,0,60,3.0,1,0.0
1.245,0.5818720934538056,77.5,0,60,3.0,1,0.0
1.25,0.7494718801585675,77.5,0,60,3.0,1,0.0
1.255,0.891813020752378,77.5,0,60,3.0,1,0.0
1.26,0.9800361632936612,77.5,0,60,3.0,1,0.0
1.265,0.993574479225126,77.50000248989905,1,60,3.0,1,5.858585990715844e-08
1.27,0.9263438449375362,77.50000369347886,0,60,3.0,1,8.690538493283384e-08
1.275,0.7873015962290536,77.50000557344883,0,60,3.0,1,1.3113997250216285e-07
1.28,0.5959516244629897,77.5000086277236,0,60,3.0,1,2.0300526122863468e-07
1.285,0.376910120078773,77.50001381674137,0,60,3.0,1,3.2509979699652295e-07
1.29,0.15739335672107918,77.5000230297001,0,60,3.0,1,5.41875296529029e-07
1.295,-0.033361226269301235,77.50004000696563,0,60,3.0,1,9.41340367850952e-07
1.3,-0.1680180840843834,77.50007212773693,0,60,3.0,1,1.6971232218352002e-06
1.305,-0.23069703190837854,77.500133795517,0,60,3.0,1,3.148129811801054e-06
1.31,-0.22587267821131068,77.50025269222103,0,60,3.0,1,5.945699318237316e-06
1.315,-0.17718181630665902,77.5004810332048,0,60,3.0,1,1.1318428348391427e-05
1.32,-0.11494332516451301,77.50091527659382,0,60,3.0,1,2.1535919854480146e-05
1.325,-0.061810214049552864,77.5017296721098,0,60,3.0,1,4.069816728949317e-05
1.33,-0.026546104631500547,77.50323170861597,0,60,3.0,1,7.60402027287241e-05
1.335,-0.00719600351942686,77.50595098331007,0,60,3.0,1,0.0001400231367075749
1.34,0.0022072757983807078,77.51077713042112,0,60,3.0,1,0.00025357953932043264
1.345,0.006917199873730717,77.51916675012615,0,60,3.0,1,0.0004509823559093253
1.35,0.01004859748264829,77.53344282153455,0,60,3.0,1,0.0007868899184599928
1.355,0.013037082251128167,77.55721129485161,0,60,3.0,1,0.0013461481141555797
1.36,0.01645163937690478,77.59591618933916,0,60,3.0,1,0.0022568515138626775
1.365,0.020526639934696615,77.657543784672,0,60,3.0,1,0.0037069125805176636
1.37,0.02539629541761738,77.75346547095405,0,60,3.0,1,0.005963893434213051
1.375,0.031171612185577933,77.89937526733806,0,60,3.0,1,0.009397065113836669
1.38,0.03795853426638131,78.11623148985416,0,60,3.0,1,0.014499564467156662
1.385,0.0458588961882057,78.43105527668516,0,60,3.0,1,0.02190718298082723
1.39,0.054966995891435555,78.87737882535453,0,60,3.0,1,0.03240891353775356
1.395,0.06536491004445595,79.49508551015256,0,60,3.0,1,0.04694318847417796
1.4,0.07711726085088699,80.32935933179266,0,60,3.0,1,0.06657316074806258
1.405,0.09026570629555215,81.4284815251271,0,60,3.0,1,0.09243485941475522
1.41,0.10482339848670268,82.84029492797717,0,60,3.0,1,0.12565399830534515
1.415,0.12076968927580028,84.60731176085159,0,60,3.0,1,0.1672308649612138
1.42,0.13804539501007884,86.76066413766326,0,60,3.0,1,0.21789797970972366
1.425,0.15654895051787066,89.31336701784153,0,60,3.0,1,0.2779615768903889
1.43,0.17613378141900526,92.25363888737695,0,60,3.0,1,0.34714444440886943
1.435,0.19660720058055794,95.53924881423087,0,60,3.0,1,0.4244529132760205
1.44,0.21773108748496234,99.09396597534285,0,60,3.0,1,0.5080933170668906
1.445,0.23922453870058807,102.80712379021509,0,60,3.0,1,0.595461736240355
1.45,0.2607685857914563,106.53704455075982,0,60,3.0,1,0.6832245776649368
1.455,0.2820129681603682,110.11860978233275,0,60,3.0,1,0.7674967007607707
1.46,0.30258482867153996,113.37466009643558,0,60,3.0,1,0.8441096493278959
1.465,0.3220990771751686,116.13026147256033,0,60,3.0,1,0.9089473287661255
1.47,0.3401700499968971,118.22830434348708,0,60,3.0,1,0.9583130433761666
1.475,0.3564239911198326,119.54453001557229,0,60,3.0,1,0.9892830591899363
1.48,0.3705118017738417,120.0,0,60,3.0,1,1.0
1.485,0.3821214567925213,119.56927829171647,0,60,3.0,1,0.9898653715697994
1.49,0.39098947374066967,118.28315730253448,0,60,3.0,1,0.9596037012361054
1.495,0.3969108472035567,116.22553207145418,0,60,3.0,1,0.911188989916569
1.5,0.3997469255491936,113.52487436578907,0,60,3.0,1,0.8476441027244488
1.505,0.3994308076379137,110.34152177989066,0,60,3.0,1,0.7727416889386036
1.51,0.3959699661768434,106.85253909603057,0,60,3.0,1,0.6906479787301311
1.515,0.38944595408114946,103.23614108868534,0,60,3.0,1,0.6055562609102434
1.52,0.38001120995358023,99.65756515886918,0,60,3.0,1,0.5213544743263335
1.525,0.3678831374098315,96.25789346229843,0,60,3.0,1,0.44136219911290414
1.53,0.35333577933796634,93.1467445224093,0,60,3.0,1,0.36815869464492484
1.535,0.33668953221163944,90.39910701590577,0,60,3.0,1,0.3035084003742534
1.54,0.3182994390982644,88.05599403043372,0,60,3.0,1,0.24837633012785232
1.545,0.29854265738230645,86.12814760981598,0,60,3.0,1,0.2030152378780231
1.55,0.2778057157821067,84.6017712852846,0,60,3.0,1,0.16710050083022585
1.555,0.2564721553719815,83.44521745006806,0,60,3.0,1,0.13988746941336605
1.56,0.23491109433464996,82.6156738200793,0,60,3.0,1,0.12036879576657163
1.565,0.21346717185309805,82.06512224585555,0,60,3.0,1,0.10741464107895407
1.57,0.19245222055656455,81.7451201208325,0,60,3.0,1,0.09988517931370579
1.575,0.17213889801761392,81.61022299791726,0,60,3.0,1,0.09671112936275911
1.58,0.15275638501270183,81.6200865234776,0,60,3.0,1,0.09694321231711991
1.585,0.13448814019607322,81.74043585223482,0,60,3.0,1,0.0997749612290547
1.59,0.11747159495449566,81.94316876489165,0,60,3.0,1,0.10454514740921535
1.595,0.10179958433370105,82.2058753394999,0,60,3.0,1,0.11072647857646817
1.6,0.08752324394101413,82.5110298296717,0,60,3.0,1,0.11790658422756939
1.605,0.07465606047174059,82.84505845203199,0,60,3.0,1,0.12576608122428218
1.61,0.0631787448609295,83.19742662716826,0,60,3.0,1,0.1340570971098413
1.615,0.05304460019959574,83.55983276094673,0,60,3.0,1,0.14258430025757018
1.62,0.044185078305849994,83.9255497323364,0,60,3.0,1,0.15118940546673898
1.625,0.03651525513023255,84.28892234932543,0,60,3.0,1,0.15973934939589252
1.63,0.0299390014708757,84.64500854876302,0,60,3.0,1,0.1681178482061886
1.635,0.024353677220580638,84.9893417310895,0,60,3.0,1,0.1762198054373999
1.64,0.01965423034339045,85.31778842171917,0,60,3.0,1,0.18394796286398052
1.645,0.015736632374757337,85.62647668364372,0,60,3.0,1,0.1912112160857345
1.65,0.012500627640593535,85.91177417632449,0,60,3.0,1,0.19792409826645846
1.655,0.009851811652115898,86.17029894574033,0,60,3.0,1,0.2040070340174195
1.66,0.007703084175428559,86.39895003652595,0,60,3.0,1,0.20938705968296342
1.665,0.005975544002062424,86.59494840815444,0,60,3.0,1,0.21399878607422204
1.67,0.004598905818663047,86.75588129405614,0,60,3.0,1,0.2177854422130856
1.675,0.0035115256454839104,86.87974512181765,0,60,3.0,1,0.2206998852192388
1.68,0.002660121266303676,86.96498354662036,0,60,3.0,1,0.2227054952145967
1.685,0.0019992692560877024,87.01051818530924,0,60,3.0,1,0.22377689847786442
1.69,0.0014907520044639367,87.01577040304835,0,60,3.0,1,0.2239004800717259
1.695,0.0011028178277539807,86.98067309602897,0,60,3.0,1,0.22307466108303448
1.7,0.0008094059938923333,86.90567189874692,0,60,3.0,1,0.22130992702933922
1.705,0.0005893771793717645,86.79171566355345,0,60,3.0,1,0.2186286038483164
1.71,0.0004257792353490551,86.64023643475305,0,60,3.0,1,0.21506438670007175
1.715,0.0003051686392901525,86.45311947765566,0,60,3.0,1,0.21066163476836852
1.72,0.00021699992642659966,86.23266422490615,0,60,3.0,1,0.20547445235073283
1.725,0.00015308884054097838,85.98153726414377,0,60,3.0,1,0.1995655826857357
1.73,0.00010714989329311098,85.70271870706542,0,60,3.0,1,0.193005146048598
1.735,7.440535854020571e-05,85.3994434449343,0,60,3.0,1,0.18586925752786604
1.74,5.1260276743925106e-05,85.07513890541706,0,60,3.0,1,0.17823856248040149
1.745,3.503659887882241e-05,84.73336097816738,0,60,3.0,1,0.17019672889805607
1.75,2.375894748103639e-05,84.37772977182186,0,60,3.0,1,0.1618289358075732
1.755,1.5984413869232557e-05,84.01186680530381,0,60,3.0,1,0.1532203954189132
1.76,1.0669166579899869e-05,83.63933512595486,0,60,3.0,1,0.1444549441401143
1.765,7.06526633560511e-06,83.26358369232372,0,60,3.0,1,0.13561373393702872
1.77,4.641847214699205e-06,82.8878971682628,0,60,3.0,1,0.12677405101794814
1.775,3.025641074479182e-06,82.51535205625248,0,60,3.0,1,0.11800828367652898
1.78,1.9566278676921314e-06,82.14877986118354,0,60,3.0,1,0.1093830555572598
1.785,1.2553456560008793e-06,81.79073773095782,0,60,3.0,1,0.10095853484606623
1.79,7.990660428214668e-07,81.44348677673555,0,60,3.0,1,0.09278792415848362
1.795,5.046221251618276e-07,81.1089780423065,0,60,3.0,1,0.08491713040721185
1.8,3.1616527078858815e-07,80.78884587671331,0,60,3.0,1,0.07738460886384259
1.805,1.9652884407760343e-07,80.48440827342908,0,60,3.0,1,0.07022137113950781
1.81,1.2120002189836396e-07,80.19667357811109,0,60,3.0,1,0.06345114301437856
1.815,7.415549848886236e-08,79.92635283864746,0,60,3.0,1,0.05709065502699907
1.82,4.501406988770349e-08,79.67387697768591,0,60,3.0,1,0.051150046533786055
1.825,0.0,79.43941790933113,0,60,3.0,1,0.045633362572497095
1.83,0.0,79.22291269703456,0,60,3.0,1,0.04053912228316609
1.835,0.0,79.0240898564496,0,60,3.0,1,0.03586093779881427
1.84,0.0,78.84249694174446,0,60,3.0,1,0.0315881633351637
1.845,0.0,78.67752861235239,0,60,3.0,1,0.027706555584762114
1.85,0.0,78.52845445469734,0,60,3.0,1,0.02419892834581975
1.855,0.0,78.39444592512721,0,60,3.0,1,0.02104578647358153
1.86,0.0,78.2746018811935,0,60,3.0,1,0.018225926616317754
1.865,0.0,78.1679722738245,0,60,3.0,1,0.015716994678223607
1.87,0.0,78.07357967854485,0,60,3.0,1,0.013495992436349311
1.875,0.0,77.99043844592175,0,60,3.0,1,0.011539728139335386
1.88,0.0,77.91757134672964,0,60,3.0,1,0.00982520815834458
1.885,0.0,77.85402367345773,0,60,3.0,1,0.008329968787240754
1.89,0.0,77.79887483498239,0,60,3.0,1,0.007032349058409061
1.895,0.0,77.75124754439972,0,60,3.0,1,0.005911706927052177
1.9,0.0,77.71031475070534,0,60,3.0,1,0.004948582369537329
1.905,0.0,77.67530450331304,0,60,3.0,1,0.004124811842659844
1.91,0.0,77.64550296488451,0,60,3.0,1,0.0034235991737532724
1.915,0.0,77.62025580352989,0,60,3.0,1,0.0028295483183502683
1.92,0.0,77.59896820134432,0,60,3.0,1,0.0023286635610428245
1.925,0.0,77.58110371384987,0,60,3.0,1,0.0019083226788204817
1.93,0.0,77.56618220569358,0,60,3.0,1,0.001557228369260683
1.935,0.0,77.5537770733974,0,60,3.0,1,0.0012653429034682015
1.94,0.0,77.5435119474997,0,60,3.0,1,0.0010238105294045935
1.945,0.0,77.53505704540301,0,60,3.0,1,0.0008248716565413574
1.95,0.0,77.52812532383865,0,60,3.0,1,0.000661772325615322
1.955,0.0,77.52246855710067,0,60,3.0,1,0.0005286719317803759
1.96,0.0,77.51787344493509,0,60,3.0,1,0.0004205516455315587
1.965,0.0,77.514157832864,0,60,3.0,1,0.0003331254791529612
1.97,0.0,77.51116710826899,0,60,3.0,1,0.0002627554886821733
1.975,0.0,77.50877081809212,0,60,3.0,1,0.0002063721904027502
1.98,0.0,77.50685953872225,0,60,3.0,1,0.0001614009111118348
1.985,0.0,77.50534201559582,0,60,3.0,1,0.00012569448460741274
1.99,0.0,77.50414257922081,0,60,3.0,1,9.747245225439121e-05
1.995,0.0,77.50319883562855,0,60,3.0,1,7.526672067182089e-05
2.0,0.0,77.50245962250408,0,60,3.0,1,5.7873470684158105e-05
2.005,0.0,77.5018832172457,0,60,3.0,1,4.431099401659487e-05
2.01,0.0,77.50143577973259,0,60,3.0,1,3.3783052531495794e-05
2.015,0.0,77.50109001041041,0,60,3.0,1,2.564730377430886e-05
2.02,0.0,77.50082400321146,0,60,3.0,1,1.9388310857948454e-05
2.025,0.0,77.50062027259587,0,60,3.0,1,1.459464931452417e-05
2.03,0.0,77.5004649344373,0,60,3.0,1,1.0939633818907169e-05
2.035,0.0,77.500347021408,0,60,3.0,1,8.165209600092032e-06
2.04,0.0,77.50025791479234,0,60,3.0,1,6.068583349240404e-06
2.045,0.0,77.50019087614979,0,60,3.0,1,4.491203524407063e-06
2.05,0.0,77.50014066385401,0,60,3.0,1,3.309737741453907e-06
2.055,0.0,77.50010322117295,0,60,3.0,1,2.4287334811641117e-06
2.06,0.0,77.50007542416286,0,60,3.0,1,1.7746861849044603e-06
2.065,0.0,77.50005487918317,0,60,3.0,1,1.2912748980611736e-06
2.07,0.0,77.50003976126656,0,60,3.0,1,9.35559213263225e-07
2.075,0.0,77.50002868588233,0,60,3.0,1,6.749619371128253e-07
2.08,0.0,77.50002060780075,0,60,3.0,1,4.84889429398048e-07
2.085,0.0,77.50001474179989,0,60,3.0,1,3.4686587970527935e-07
2.09,0.0,77.50001050085854,0,60,3.0,1,2.4707902438796525e-07
2.095,0.0,77.50000744825498,0,60,3.0,1,1.7525305826679602e-07
2.1,0.0,77.50000526065347,0,60,3.0,1,1.2378008156755481e-07
2.105,0.0,77.50000369981736,0,60,3.0,1,8.70545260140181e-08
2.11,0.0,77.50000259105306,0,60,3.0,1,6.09659543763829e-08
2.115,0.001684486749771458,77.50000180687354,0,60,3.0,1,4.25146715636348e-08
2.12,0.003097557930867117,77.50000125468482,0,60,3.0,1,2.9521995723852717e-08
2.125,0.005475106668887023,77.50000086755489,0,60,3.0,1,2.0413056197011268e-08
2.13,0.00930222931468658,77.50000059733053,0,60,3.0,1,1.405483591470864e-08
2.135,0.01519157517868857,77.50000040953203,0,60,3.0,1,9.636047881191617e-09
2.14,0.023847336626128316,77.50000027958669,0,60,3.0,1,6.578510264636647e-09
2.145,0.0359830743700859,77.5000001900643,0,60,3.0,1,4.472101141693523e-09
2.15,0.05218887796857759,77.50000012865895,0,60,3.0,1,3.0272694991307455e-09
2.155,0.0727577001223134,77.50000008672312,0,60,3.0,1,2.0405439847630023e-09
2.16,0.0974992498694751,77.50000005820834,0,60,3.0,1,1.3696080713998527e-09
2.165,0.12558706050443358,77.5000000389037,0,60,3.0,1,9.153813393555431e-10
2.17,0.15549263588878245,77.5000000258912,0,60,3.0,1,6.092046292264165e-10
2.175,0.1850529723539114,77.50000001715809,0,60,3.0,1,4.03719682521221e-10
2.18,0.21169159439317053,77.50000001132246,0,60,3.0,1,2.664107261593659e-10
2.185,0.23277292922115492,77.50000000743992,0,60,3.0,1,1.750569989620571e-10
2.19,0.24602692519491282,77.50000000486801,0,60,3.0,1,1.1454149524284088e-10
2.195,0.24995056064839283,77.50000000317168,0,60,3.0,1,7.46277183840421e-11
2.2,0.24408826520424054,77.5000000020577,0,60,3.0,1,4.841654920121929e-11
2.205,0.22911894216865275,77.50000000132933,0,60,3.0,1,3.127825841468567e-11
2.21,0.20672661788705934,77.50000000085514,0,60,3.0,1,2.0120898411465427e-11
2.215,0.17928878030241233,77.50000000054777,0,60,3.0,1,1.2888743667110034e-11
2.22,0.14946211903866036,77.50000000034939,0,60,3.0,1,8.220895859481329e-12
2.225,0.1197651512573837,77.50000000022192,0,60,3.0,1,5.2215695819434e-12
2.23,0.09224675744988023,77.50000000014035,0,60,3.0,1,3.3022682627608232e-12
2.235,0.06829565320281596,77.50000000008839,0,60,3.0,1,2.0798003842013284e-12
2.24,0.04860224607515734,77.50000000005542,0,60,3.0,1,1.3040549032773604e-12
2.245,0.03324612389699793,77.50000000003462,0,60,3.0,1,8.145327549701666e-13
2.25,0.021859876340472782,77.50000000002152,0,60,3.0,1,5.062408009133138e-13
2.255,0.01381595518554205,77.50000000001333,0,60,3.0,1,3.136419228908113e-13
2.26,0.008394095110402422,77.50000000000821,0,60,3.0,1,1.9326762412674725e-13
2.265,0.0049052535271608,77.50000000000504,0,60,3.0,1,1.1870243350345204e-13
2.27,0.0027671663551903634,77.50000000000308,0,60,3.0,1,7.255895231056081e-14
2.275,0.0015425553464444616,77.50000000000188,0,60,3.0,1,4.413724288015681e-14
2.28,0.0009638206637011801,77.50000000000114,0,60,3.0,1,2.6749844169792007e-14
2.285,0.0009804935156568228,77.50000000000068,0,60,3.0,1,1.6049906501875204e-14
2.29,0.0018793744894085216,77.50000000000041,0,60,3.0,1,9.696818511549603e-15
2.295,0.004535525206900863,77.50000000000024,0,60,3.0,1,5.684341886080802e-15
2.3,0.010832767979632273,77.50000000000014,0,60,3.0,1,3.343730521224001e-15
2.305,0.024208003392322392,77.50000000000009,0,60,3.0,1,2.0062383127344005e-15
2.31,0.0500971897335304,77.50000000000006,0,60,3.0,1,1.3374922084896003e-15
2.315,0.09582894921774403,77.50000000000003,0,60,3.0,1,6.687461042448002e-16
2.32,0.16937896721820658,77.50000000000001,0,60,3.0,1,3.343730521224001e-16
2.325,0.27661303008991756,77.50000000000001,0,60,3.0,1,3.343730521224001e-16
2.33,0.4173782800009149,77.5,0,60,3.0,1,0.0
2.335,0.5818720934538056,77.5,0,60,3.0,1,0.0
2.34,0.7494718801585675,77.5,0,60,3.0,1,0.0
2.345,0.891813020752378,77.5,0,60,3.0,1,0.0
2.35,0.9800361632936612,77.5,0,60,3.0,1,0.0
2.355,0.993574479225126,77.50000248989905,1,60,3.0,1,5.858585990715844e-08
2.36,0.9263438449375362,77.50000369347886,0,60,3.0,1,8.690538493283384e-08
2.365,0.7873015962290536,77.50000557344883,0,60,3.0,1,1.3113997250216285e-07
2.37,0.5959516244629897,77.5000086277236,0,60,3.0,1,2.0300526122863468e-07
2.375,0.376910120078773,77.50001381674137,0,60,3.0,1,3.2509979699652295e-07
2.38,0.15739335672107918,77.5000230297001,0,60,3.0,1,5.41875296529029e-07
2.385,-0.033361226269301235,77.50004000696563,0,60,3.0,1,9.41340367850952e-07
2.39,-0.1680180840843834,77.50007212773693,0,60,3.0,1,1.6971232218352002e-06
2.395,-0.23069703190837854,77.500133795517,0,60,3.0,1,3.148129811801054e-06
2.4,-0.22587267821131068,77.50025269222103,0,60,3.0,1,5.945699318237316e-06
2.405,-0.17718181630665902,77.5004810332048,0,60,3.0,1,1.1318428348391427e-05
2.41,-0.11494332516451301,77.50091527659382,0,60,3.0,2,2.1535919854480146e-05
2.415,-0.061810214049552864,77.5017296721098,0,60,3.0,2,4.069816728949317e-05
2.42,-0.026546104631500547,77.50323170861597,0,60,3.0,2,7.60402027287241e-05
2.425,-0.00719600351942686,77.50595098331007,0,60,3.0,2,0.0001400231367075749
2.43,0.0022072757983807078,77.51077713042112,0,60,3.0,2,0.00025357953932043264
2.435,0.006917199873730717,77.51916675012615,0,60,3.0,2,0.0004509823559093253
2.44,0.01004859748264829,77.53344282153455,0,60,3.0,2,0.0007868899184599928
2.445,0.013037082251128167,77.55721129485161,0,60,3.0,2,0.0013461481141555797
2.45,0.01645163937690478,77.59591618933916,0,60,3.0,2,0.0022568515138626775
2.455,0.020526639934696615,77.657543784672,0,60,3.0,2,0.0037069125805176636
2.46,0.02539629541761738,77.75346547095405,0,60,3.0,2,0.005963893434213051
2.465,0.031171612185577933,77.89937526733806,0,60,3.0,2,0.009397065113836669
2.47,0.03795853426638131,78.11623148985416,0,60,3.0,2,0.014499564467156662
2.475,0.0458588961882057,78.43105527668516,0,60,3.0,2,0.02190718298082723
2.48,0.054966995891435555,78.87737882535453,0,60,3.0,2,0.03240891353775356
2.485,0.06536491004445595,79.49508551015256,0,60,3.0,2,0.04694318847417796
2.49,0.07711726085088699,80.32935933179266,0,60,3.0,2,0.06657316074806258
2.495,0.09026570629555215,81.4284815251271,0,60,3.0,2,0.09243485941475522
2.5,0.10482339848670268,82.84029492797717,0,60,3.0,2,0.12565399830534515
2.505,0.12076968927580028,84.60731176085159,0,60,3.0,2,0.1672308649612138
2.51,0.13804539501007884,86.76066413766326,0,60,3.0,2,0.21789797970972366
2.515,0.15654895051787066,89.31336701784153,0,60,3.0,2,0.2779615768903889
2.52,0.17613378141900526,92.25363888737695,0,60,3.0,2,0.34714444440886943
2.525,0.19660720058055794,95.53924881423087,0,60,3.0,2,0.4244529132760205
2.53,0.21773108748496234,99.09396597534285,0,60,3.0,2,0.5080933170668906
2.535,0.23922453870058807,102.80712379021509,0,60,3.0,2,0.595461736240355
2.54,0.2607685857914563,106.53704455075982,0,60,3.0,2,0.6832245776649368
2.545,0.2820129681603682,110.11860978233275,0,60,3.0,2,0.7674967007607707
2.55,0.30258482867153996,113.37466009643558,0,60,3.0,2,0.8441096493278959
2.555,0.3220990771751686,116.13026147256033,0,60,3.0,2,0.9089473287661255
2.56,0.3401700499968971,118.22830434348708,0,60,3.0,2,0.9583130433761666
2.565,0.3564239911198326,119.54453001557229,0,60,3.0,2,0.9892830591899363
2.57,0.3705118017738417,120.0,0,60,3.0,2,1.0
2.575,0.3821214567925213,119.56927829171647,0,60,3.0,2,0.9898653715697994
2.58,0.39098947374066967,118.28315730253448,0,60,3.0,2,0.9596037012361054
2.585,0.3969108472035567,116.22553207145418,0,60,3.0,2,0.911188989916569
2.59,0.3997469255491936,113.52487436578907,0,60,3.0,2,0.8476441027244488
2.595,0.3994308076379137,110.34152177989066,0,60,3.0,2,0.7727416889386036
2.6,0.3959699661768434,106.85253909603057,0,60,3.0,2,0.6906479787301311
2.605,0.38944595408114946,103.23614108868534,0,60,3.0,2,0.6055562609102434
2.61,0.38001120995358023,99.65756515886918,0,60,3.0,2,0.5213544743263335
2.615,0.3678831374098315,96.25789346229843,0,60,3.0,2,0.44136219911290414
2.62,0.35333577933796634,93.1467445224093,0,60,3.0,2,0.36815869464492484
2.625,0.33668953221163944,90.39910701590577,0,60,3.0,2,0.3035084003742534
2.63,0.3182994390982644,88.05599403043372,0,60,3.0,2,0.24837633012785232
2.635,0.29854265738230645,86.12814760981598,0,60,3.0,2,0.2030152378780231
2.64,0.2778057157821067,84.6017712852846,0,60,3.0,2,0.16710050083022585
2.645,0.2564721553719815,83.44521745006806,0,60,3.0,2,0.13988746941336605
2.65,0.23491109433464996,82.6156738200793,0,60,3.0,2,0.12036879576657163
2.655,0.21346717185309805,82.06512224585555,0,60,3.0,2,0.10741464107895407
2.66,0.19245222055656455,81.7451201208325,0,60,3.0,2,0.09988517931370579
2.665,0.17213889801761392,81.61022299791726,0,60,3.0,2,0.09671112936275911
2.67,0.15275638501270183,81.6200865234776,0,60,3.0,2,0.09694321231711991
2.675,0.13448814019607322,81.74043585223482,0,60,3.0,2,0.0997749612290547
2.68,0.11747159495449566,81.94316876489165,0,60,3.0,2,0.10454514740921535
2.685,0.10179958433370105,82.2058753394999,0,60,3.0,2,0.11072647857646817
2.69,0.08752324394101413,82.5110298296717,0,60,3.0,2,0.11790658422756939
2.695,0.07465606047174059,82.84505845203199,0,60,3.0,2,0.12576608122428218
2.7,0.0631787448609295,83.19742662716826,0,60,3.0,2,0.1340570971098413
2.705,0.05304460019959574,83.55983276094673,0,60,3.0,2,0.14258430025757018
2.71,0.044185078305849994,83.9255497323364,0,60,3.0,2,0.15118940546673898
2.715,0.03651525513023255,84.28892234932543,0,60,3.0,2,0.15973934939589252
2.72,0.0299390014708757,84.64500854876302,0,60,3.0,2,0.1681178482061886
2.725,0.024353677220580638,84.9893417310895,0,60,3.0,2,0.1762198054373999
2.73,0.01965423034339045,85.31778842171917,0,60,3.0,2,0.18394796286398052
2.735,0.015736632374757337,85.62647668364372,0,60,3.0,2,0.1912112160857345
2.74,0.012500627640593535,85.91177417632449,0,60,3.0,2,0.19792409826645846
2.745,0.009851811652115898,86.17029894574033,0,60,3.0,2,0.2040070340174195
2.75,0.007703084175428559,86.39895003652595,0,60,3.0,2,0.20938705968296342
2.755,0.005975544002062424,86.59494840815444,0,60,3.0,2,0.21399878607422204
2.76,0.004598905818663047,86.75588129405614,0,60,3.0,2,0.2177854422130856
2.765,0.0035115256454839104,86.87974512181765,0,60,3.0,2,0.2206998852192388
2.77,0.002660121266303676,86.96498354662036,0,60,3.0,2,0.2227054952145967
2.775,0.0019992692560877024,87.01051818530924,0,60,3.0,2,0.22377689847786442
2.78,0.0014907520044639367,87.01577040304835,0,60,3.0,2,0.2239004800717259
2.785,0.0011028178277539807,86.98067309602897,0,60,3.0,2,0.22307466108303448
2.79,0.0008094059938923333,86.90567189874692,0,60,3.0,2,0.22130992702933922
2.795,0.0005893771793717645,86.79171566355345,0,60,3.0,2,0.2186286038483164
2.8,0.0004257792353490551,86.64023643475305,0,60,3.0,2,0.21506438670007175
2.805,0.0003051686392901525,86.45311947765566,0,60,3.0,2,0.21066163476836852
2.81,0.00021699992642659966,86.23266422490615,0,60,3.0,2,0.20547445235073283
2.815,0.00015308884054097838,85.98153726414377,0,60,3.0,2,0.1995655826857357
2.82,0.00010714989329311098,85.70271870706542,0,60,3.0,2,0.193005146048598
2.825,7.440535854020571e-05,85.3994434449343,0,60,3.0,2,0.18586925752786604
2.83,5.1260276743925106e-05,85.07513890541706,0,60,3.0,2,0.17823856248040149
2.835,3.503659887882241e-05,84.73336097816738,0,60,3.0,2,0.17019672889805607
2.84,2.375894748103639e-05,84.37772977182186,0,60,3.0,2,0.1618289358075732
2.845,1.5984413869232557e-05,84.01186680530381,0,60,3.0,2,0.1532203954189132
2.85,1.0669166579899869e-05,83.63933512595486,0,60,3.0,2,0.1444549441401143
2.855,7.06526633560511e-06,83.26358369232372,0,60,3.0,2,0.13561373393702872
2.86,4.641847214699205e-06,82.8878971682628,0,60,3.0,2,0.12677405101794814
2.865,3.025641074479182e-06,82.51535205625248,0,60,3.0,2,0.11800828367652898
2.87,1.9566278676921314e-06,82.14877986118354,0,60,3.0,2,0.1093830555572598
2.875,1.2553456560008793e-06,81.79073773095782,0,60,3.0,2,0.10095853484606623
2.88,7.990660428214668e-07,81.44348677673555,0,60,3.0,2,0.09278792415848362
2.885,5.046221251618276e-07,81.1089780423065,0,60,3.0,2,0.08491713040721185
2.89,3.1616527078858815e-07,80.78884587671331,0,60,3.0,2,0.07738460886384259
2.895,1.9652884407760343e-07,80.48440827342908,0,60,3.0,2,0.07022137113950781
2.9,1.2120002189836396e-07,80.19667357811109,0,60,3.0,2,0.06345114301437856
2.905,7.415549848886236e-08,79.92635283864746,0,60,3.0,2,0.05709065502699907
2.91,4.501406988770349e-08,79.67387697768591,0,60,3.0,2,0.051150046533786055
2.915,0.0,79.43941790933113,0,60,3.0,2,0.045633362572497095
2.92,0.0,79.22291269703456,0,60,3.0,2,0.04053912228316609
2.925,0.0,79.0240898564496,0,60,3.0,2,0.03586093779881427
2.93,0.0,78.84249694174446,0,60,3.0,2,0.0315881633351637
2.935,0.0,78.67752861235239,0,60,3.0,2,0.027706555584762114
2.94,0.0,78.52845445469734,0,60,3.0,2,0.02419892834581975
2.945,0.0,78.39444592512721,0,60,3.0,2,0.02104578647358153
2.95,0.0,78.2746018811935,0,60,3.0,2,0.018225926616317754
2.955,0.0,78.1679722738245,0,60,3.0,2,0.015716994678223607
2.96,0.0,78.07357967854485,0,60,3.0,2,0.013495992436349311
2.965,0.0,77.99043844592175,0,60,3.0,2,0.011539728139335386
2.97,0.0,77.91757134672964,0,60,3.0,2,0.00982520815834458
2.975,0.0,77.85402367345773,0,60,3.0,2,0.008329968787240754
2.98,0.0,77.79887483498239,0,60,3.0,2,0.007032349058409061
2.985,0.0,77.75124754439972,0,60,3.0,2,0.005911706927052177
2.99,0.0,77.71031475070534,0,60,3.0,2,0.004948582369537329
2.995,0.0,77.67530450331304,0,60,3.0,2,0.004124811842659844
3.0,0.0,77.64550296488451,0,60,3.0,2,0.0034235991737532724
3.005,0.0,77.62025580352989,0,60,3.0,2,0.0028295483183502683
3.01,0.0,77.59896820134432,0,60,3.0,2,0.0023286635610428245
3.015,0.0,77.58110371384987,0,60,3.0,2,0.0019083226788204817
3.02,0.0,77.56618220569358,0,60,3.0,2,0.001557228369260683
3.025,0.0,77.5537770733974,0,60,3.0,2,0.0012653429034682015
3.03,0.0,77.5435119474997,0,60,3.0,2,0.0010238105294045935
3.035,0.0,77.53505704540301,0,60,3.0,2,0.0008248716565413574
3.04,0.0,77.52812532383865,0,60,3.0,2,0.000661772325615322
3.045,0.0,77.52246855710067,0,60,3.0,2,0.0005286719317803759
3.05,0.0,77.51787344493509,0,60,3.0,2,0.0004205516455315587
3.055,0.0,77.514157832864,0,60,3.0,2,0.0003331254791529612
3.06,0.0,77.51116710826899,0,60,3.0,2,0.0002627554886821733
3.065,0.0,77.50877081809212,0,60,3.0,2,0.0002063721904027502
3.07,0.0,77.50685953872225,0,60,3.0,2,0.0001614009111118348
3.075,0.0,77.50534201559582,0,60,3.0,2,0.00012569448460741274
3.08,0.0,77.50414257922081,0,60,3.0,2,9.747245225439121e-05
3.085,0.0,77.50319883562855,0,60,3.0,2,7.526672067182089e-05
3.09,0.0,77.50245962250408,0,60,3.0,2,5.7873470684158105e-05
3.095,0.0,77.5018832172457,0,60,3.0,2,4.431099401659487e-05
3.1,0.0,77.50143577973259,0,60,3.0,2,3.3783052531495794e-05
3.105,0.0,77.50109001041041,0,60,3.0,2,2.564730377430886e-05
3.11,0.0,77.50082400321146,0,60,3.0,2,1.9388310857948454e-05
3.115,0.0,77.50062027259587,0,60,3.0,2,1.459464931452417e-05
3.12,0.0,77.5004649344373,0,60,3.0,2,1.0939633818907169e-05
3.125,0.0,77.500347021408,0,60,3.0,2,8.165209600092032e-06
3.13,0.0,77.50025791479234,0,60,3.0,2,6.068583349240404e-06
3.135,0.0,77.50019087614979,0,60,3.0,2,4.491203524407063e-06
3.14,0.0,77.50014066385401,0,60,3.0,2,3.309737741453907e-06
3.145,0.0,77.50010322117295,0,60,3.0,2,2.4287334811641117e-06
3.15,0.0,77.50007542416286,0,60,3.0,2,1.7746861849044603e-06
3.155,0.0,77.50005487918317,0,60,3.0,2,1.2912748980611736e-06
3.16,0.0,77.50003976126656,0,60,3.0,2,9.35559213263225e-07
3.165,0.0,77.50002868588233,0,60,3.0,2,6.749619371128253e-07
3.17,0.0,77.50002060780075,0,60,3.0,2,4.84889429398048e-07
3.175,0.0,77.50001474179989,0,60,3.0,2,3.4686587970527935e-07
3.18,0.0,77.50001050085854,0,60,3.0,2,2.4707902438796525e-07
3.185,0.0,77.50000744825498,0,60,3.0,2,1.7525305826679602e-07
3.19,0.0,77.50000526065347,0,60,3.0,2,1.2378008156755481e-07
3.195,0.0,77.50000369981736,0,60,3.0,2,8.70545260140181e-08
3.2,0.0,77.50000259105306,0,60,3.0,2,6.09659543763829e-08
3.205,0.001684486749771458,77.50000180687354,0,60,3.0,2,4.25146715636348e-08
3.21,0.003097557930867117,77.50000125468482,0,60,3.0,2,2.9521995723852717e-08
3.215,0.005475106668887023,77.50000086755489,0,60,3.0,2,2.0413056197011268e-08
3.22,0.00930222931468658,77.50000059733053,0,60,3.0,2,1.405483591470864e-08
3.225,0.01519157517868857,77.50000040953203,0,60,3.0,2,9.636047881191617e-09
3.23,0.023847336626128316,77.50000027958669,0,60,3.0,2,6.578510264636647e-09
3.235,0.0359830743700859,77.5000001900643,0,60,3.0,2,4.472101141693523e-09
3.24,0.05218887796857759,77.50000012865895,0,60,3.0,2,3.0272694991307455e-09
3.245,0.0727577001223134,77.50000008672312,0,60,3.0,2,2.0405439847630023e-09
3.25,0.0974992498694751,77.50000005820834,0,60,3.0,2,1.3696080713998527e-09
3.255,0.12558706050443358,77.5000000389037,0,60,3.0,2,9.153813393555431e-10
3.26,0.15549263588878245,77.5000000258912,0,60,3.0,2,6.092046292264165e-10
3.265,0.1850529723539114,77.50000001715809,0,60,3.0,2,4.03719682521221e-10
3.27,0.21169159439317053,77.50000001132246,0,60,3.0,2,2.664107261593659e-10
3.275,0.23277292922115492,77.50000000743992,0,60,3.0,2,1.750569989620571e-10
3.28,0.24602692519491282,77.50000000486801,0,60,3.0,2,1.1454149524284088e-10
3.285,0.24995056064839283,77.50000000317168,0,60,3.0,2,7.46277183840421e-11
3.29,0.24408826520424054,77.5000000020577,0,60,3.0,2,4.841654920121929e-11
3.295,0.22911894216865275,77.50000000132933,0,60,3.0,2,3.127825841468567e-11
3.3,0.20672661788705934,77.50000000085514,0,60,3.0,2,2.0120898411465427e-11
3.305,0.17928878030241233,77.50000000054777,0,60,3.0,2,1.2888743667110034e-11
3.31,0.14946211903866036,77.50000000034939,0,60,3.0,2,8.220895859481329e-12
3.315,0.1197651512573837,77.50000000022192,0,60,3.0,2,5.2215695819434e-12
3.32,0.09224675744988023,77.50000000014035,0,60,3.0,2,3.3022682627608232e-12
3.325,0.06829565320281596,77.50000000008839,0,60,3.0,2,2.0798003842013284e-12
3.33,0.04860224607515734,77.50000000005542,0,60,3.0,2,1.3040549032773604e-12
3.335,0.03324612389699793,77.50000000003462,0,60,3.0,2,8.145327549701666e-13
3.34,0.021859876340472782,77.50000000002152,0,60,3.0,2,5.062408009133138e-13
3.345,0.01381595518554205,77.50000000001333,0,60,3.0,2,3.136419228908113e-13
3.35,0.008394095110402422,77.50000000000821,0,60,3.0,2,1.9326762412674725e-13
3.355,0.0049052535271608,77.50000000000504,0,60,3.0,2,1.1870243350345204e-13
3.36,0.0027671663551903634,77.50000000000308,0,60,3.0,2,7.255895231056081e-14
3.365,0.0015425553464444616,77.50000000000188,0,60,3.0,2,4.413724288015681e-14
3.37,0.0009638206637011801,77.50000000000114,0,60,3.0,2,2.6749844169792007e-14
3.375,0.0009804935156568228,77.50000000000068,0,60,3.0,2,1.6049906501875204e-14
3.38,0.0018793744894085216,77.50000000000041,0,60,3.0,2,9.696818511549603e-15
3.385,0.004535525206900863,77.50000000000024,0,60,3.0,2,5.684341886080802e-15
3.39,0.010832767979632273,77.50000000000014,0,60,3.0,2,3.343730521224001e-15
3.395,0.024208003392322392,77.50000000000009,0,60,3.0,2,2.0062383127344005e-15
3.4,0.0500971897335304,77.50000000000006,0,60,3.0,2,1.3374922084896003e-15
3.405,0.09582894921774403,77.50000000000003,0,60,3.0,2,6.687461042448002e-16
3.41,0.16937896721820658,77.50000000000001,0,60,3.0,2,3.343730521224001e-16
3.415,0.27661303008991756,77.50000000000001,0,60,3.0,2,3.343730521224001e-16
3.42,0.4173782800009149,77.5,0,60,3.0,2,0.0
3.425,0.5818720934538056,77.5,0,60,3.0,2,0.0
3.43,0.7494718801585675,77.5,0,60,3.0,2,0.0
3.435,0.891813020752378,77.5,0,60,3.0,2,0.0
3.44,0.9800361632936612,77.5,0,60,3.0,2,0.0
3.445,0.993574479225126,77.50000249045704,1,60,3.0,2,5.8598989065050027e-08
3.45,0.9263438449375362,77.50000400286618,0,60,3.0,2,9.418508652208189e-08
3.455,0.7873015962290536,77.50000660952055,0,60,3.0,2,1.555181306818721e-07
3.46,0.5959516244629897,77.5000113773939,0,60,3.0,2,2.6770338596339997e-07
3.465,0.376910120078773,77.5000206800147,0,60,3.0,2,4.865885811715784e-07
3.47,0.15739335672107918,77.50003988970043,0,60,3.0,2,9.385811866275831e-07
3.475,-0.033361226269301235,77.50008114480768,0,60,3.0,2,1.909289592477388e-06
3.48,-0.1680180840843834,77.50017146932757,0,60,3.0,2,4.034572413381872e-06
3.485,-0.23069703190837854,77.50036966292575,0,60,3.0,2,8.697951194094725e-06
3.49,-0.22587267821131068,77.50080013320535,0,60,3.0,2,1.8826663655184294e-05
3.495,-0.17718181630665902,77.50171803030102,0,60,3.0,2,4.042424237695741e-05
3.5,-0.11494332516451301,77.50362954819681,0,60,3.0,2,8.54011340426469e-05
3.505,-0.061810214049552864,77.50750465345409,0,60,3.0,2,0.00017658008127274544
3.51,-0.026546104631500547,77.51513635873366,0,60,3.0,2,0.0003561496172624977
3.515,-0.00719600351942686,77.52971845398473,0,60,3.0,2,0.0006992577408171281
3.52,0.0022072757983807078,77.55672640712274,0,60,3.0,2,0.001334738991123258
3.525,0.006917199873730717,77.60518349208301,0,60,3.0,2,0.0024749056960709313
3.53,0.01004859748264829,77.68936109165882,0,60,3.0,2,0.004455555097854692
3.535,0.013037082251128167,77.83088124422308,0,60,3.0,2,0.007785441040543032
3.54,0.01645163937690478,78.06104685361299,0,60,3.0,2,0.013201102437952774
3.545,0.020526639934696615,78.42301913064607,0,60,3.0,2,0.021718097191672194
3.55,0.02539629541761738,78.97321532329926,0,60,3.0,2,0.03466388995998253
3.555,0.031171612185577933,79.78106862202478,0,60,3.0,2,0.0536722028711712
3.56,0.03795853426638131,80.92616704013723,0,60,3.0,2,0.08061569506205248
3.565,0.0458588961882057,82.49188087315376,0,60,3.0,2,0.11745602054479437
3.57,0.054966995891435555,84.55499957417746,0,60,3.0,2,0.16599998998064608
3.575,0.06536491004445595,87.17167035654579,0,60,3.0,2,0.22756871427166564
3.58,0.07711726085088699,90.36099647690827,0,60,3.0,2,0.30261168180960635
3.585,0.09026570629555215,94.0888101039506,0,60,3.0,2,0.3903249436223672
3.59,0.10482339848670268,98.25505812911113,0,60,3.0,2,0.488354308920262
3.595,0.12076968927580028,102.68855449551354,0,60,3.0,2,0.5926718704826716
3.6,0.13804539501007884,107.15225614582596,0,60,3.0,2,0.6977001446076696
3.605,0.15654895051787066,111.36061521112637,0,60,3.0,2,0.7967203579088559
3.61,0.17613378141900526,115.00815548001408,0,60,3.0,2,0.8825448348238607
3.615,0.19660720058055794,117.80573409149028,0,60,3.0,3,0.9483702139174184
3.62,0.21773108748496234,119.51869485233112,0,60,3.0,3,0.9886751729960265
3.625,0.23922453870058807,120.0,0,60,3.0,3,1.0
3.63,0.2607685857914563,119.21189098020238,0,60,3.0,3,0.9814562583577031
3.635,0.2820129681603682,117.23168901317155,0,60,3.0,3,0.934863270898154
3.64,0.30258482867153996,114.2405381865799,0,60,3.0,3,0.8644832514489388
3.645,0.3220990771751686,110.49739961418078,0,60,3.0,3,0.7764094026866065
3.65,0.3401700499968971,106.30350731821878,0,60,3.0,3,0.6777295839580889
3.655,0.3564239911198326,101.96406843219336,0,60,3.0,3,0.5756251395810201
3.66,0.3705118017738417,97.75391648887043,0,60,3.0,3,0.4765627409145984
3.665,0.3821214567925213,93.89227362858045,0,60,3.0,3,0.3857005559665989
3.67,0.39098947374066967,90.52930083433867,0,60,3.0,3,0.30657178433738047
3.675,0.3969108472035567,87.7444479493286,0,60,3.0,3,0.24104583410184946
3.68,0.3997469255491936,85.55442755793808,0,60,3.0,3,0.18951594253971962
3.685,0.3994308076379137,83.92735255965935,0,60,3.0,3,0.15123182493316129
3.69,0.3959699661768434,82.79929983163439,0,60,3.0,3,0.12468940780316203
3.695,0.38944595408114946,82.0901146172202,0,60,3.0,3,0.10800269687576929
3.7,0.38001120995358023,81.71631047268848,0,60,3.0,3,0.09920730523972887
3.705,0.3678831374098315,81.60007781779635,0,60,3.0,3,0.09647241924226699
3.71,0.35333577933796634,81.67439999880918,0,60,3.0,3,0.0982211764425689
3.715,0.33668953221163944,81.88493163304463,0,60,3.0,3,0.1031748619539913
3.72,0.3182994390982644,82.18959337525769,0,60,3.0,3,0.11034337353547498
3.725,0.29854265738230645,82.55684664422355,0,60,3.0,3,0.11898462692290716
3.73,0.2778057157821067,82.96344010636709,0,60,3.0,3,0.1285515319145197
3.735,0.2564721553719815,83.39217445531156,0,60,3.0,3,0.13863939894850733
3.74,0.23491109433464996,83.82999341927682,0,60,3.0,3,0.14894102163004277
3.745,0.21346717185309805,84.26652148916875,0,60,3.0,3,0.15921227033338242
3.75,0.19245222055656455,84.69304616891482,0,60,3.0,3,0.16924814515093692
3.755,0.17213889801761392,85.10187795604234,0,60,3.0,3,0.17886771661276105
3.76,0.15275638501270183,85.48599890030965,0,60,3.0,3,0.1879058564778742
3.765,0.13448814019607322,85.83891352299925,0,60,3.0,3,0.19620972995292352
3.77,0.11747159495449566,86.15463052503546,0,60,3.0,3,0.20363836529495194
3.775,0.10179958433370105,86.4277212025642,0,60,3.0,3,0.21006402829562823
3.78,0.08752324394101413,86.65341617743188,0,60,3.0,3,0.2153744982925148
3.785,0.07465606047174059,86.82771425468918,0,60,3.0,3,0.21947562952209845
3.79,0.0631787448609295,86.9474859418092,0,60,3.0,3,0.22229378686609894
3.795,0.05304460019959574,87.0105601271492,0,60,3.0,3,0.22377788534468718
3.8,0.044185078305849994,87.0157864779795,0,60,3.0,3,0.22390085830540007
3.805,0.03651525513023255,86.96306900177544,0,60,3.0,3,0.22266044710059854
3.81,0.0299390014708757,86.85336841846404,0,60,3.0,3,0.22007925690503632
3.815,0.024353677220580638,86.68867281242585,0,60,3.0,3,0.21620406617472587
3.82,0.01965423034339045,86.47193761649515,0,60,3.0,3,0.21110441450576833
3.825,0.015736632374757337,86.20699737426307,0,60,3.0,3,0.20487052645324866
3.83,0.012500627640593535,85.8984529263956,0,60,3.0,3,0.1976106570916613
3.835,0.009851811652115898,85.55153864288467,0,60,3.0,3,0.18944796806787448
3.84,0.007703084175428559,85.17197504361916,0,60,3.0,3,0.1805170598498625
3.845,0.005975544002062424,84.76581258930942,0,60,3.0,3,0.17096029621904515
3.85,0.004598905818663047,84.33927257205036,0,60,3.0,3,0.16092406051883204
3.855,0.0035115256454839104,83.89859089414512,0,60,3.0,3,0.150555079862238
3.86,0.002660121266303676,83.44987011584652,0,60,3.0,3,0.1399969439022711
3.865,0.0019992692560877024,82.99894451253525,0,60,3.0,3,0.12938692970671167
3.87,0.0014907520044639367,82.55126205636239,0,60,3.0,3,0.11885322485558564
3.875,0.0011028178277539807,82.11178628145264,0,60,3.0,3,0.10851261838712088
3.88,0.0008094059938923333,81.68491996439298,0,60,3.0,3,0.0984687050445406
3.885,0.0005893771793717645,81.27445151196082,0,60,3.0,3,0.08881062381084281
3.89,0.0004257792353490551,80.88352395118474,0,60,3.0,3,0.0796123282631704
3.895,0.0003051686392901525,80.51462551121838,0,60,3.0,3,0.07093236496984433
3.9,0.00021699992642659966,80.16960001103217,0,60,3.0,3,0.06281411790663938
3.905,0.00015308884054097838,79.84967464939723,0,60,3.0,3,0.05528646233875834
3.91,0.00010714989329311098,79.55550235008373,0,60,3.0,3,0.04836476117844066
3.915,7.440535854020571e-05,79.2872155500403,0,60,3.0,3,0.042052130589183556
3.92,5.1260276743925106e-05,79.04448822532551,0,60,3.0,3,0.036340899419423735
3.925,3.503659887882241e-05,78.82660301340243,0,60,3.0,3,0.03121418855064549
3.93,2.375894748103639e-05,78.63252048869307,0,60,3.0,3,0.02664754091042529
3.935,1.5984413869232557e-05,78.46094795381482,0,60,3.0,3,0.022610540089760555
3.94,1.0669166579899869e-05,78.31040549197006,0,60,3.0,3,0.01906836451694256
3.945,7.06526633560511e-06,78.179287456471,0,60,3.0,3,0.015983234269905926
3.95,4.641847214699205e-06,78.06591802285838,0,60,3.0,3,0.013315718184903142
3.955,3.025641074479182e-06,77.96859987210378,0,60,3.0,3,0.011025879343618365
3.96,1.9566278676921314e-06,77.8856554887536,0,60,3.0,3,0.009074246794202335
3.965,1.2553456560008793e-06,77.81546092920453,0,60,3.0,3,0.007422610098930203
3.97,7.990660428214668e-07,77.7564722312998,0,60,3.0,3,0.006034640736465783
3.975,5.046221251618276e-07,77.70724489073726,0,60,3.0,3,0.004876350370288412
3.98,3.1616527078858815e-07,77.66644702050948,0,60,3.0,3,0.003916400482576003
3.985,1.9652884407760343e-07,77.6328669386945,0,60,3.0,3,0.003126280910458945
3.99,1.2120002189836396e-07,77.60541600235295,0,60,3.0,3,0.002480376525951843
3.995,7.415549848886236e-08,77.58312752819495,0,60,3.0,3,0.0019559418398811803
4.0,4.501406988770349e-08,77.56515262252844,0,60,3.0,3,0.001533002883022217
4.005,0.0,77.55075369282372,0,60,3.0,3,0.0011942045370286745
4.01,0.0,77.53929633998295,0,60,3.0,3,0.0009246197643048002
4.015,0.0,77.53024024244493,0,60,3.0,3,0.0007115351163513558
4.02,0.0,77.52312954797354,0,60,3.0,3,0.0005442246582009268
4.025,0.0,77.51758319256689,0,60,3.0,3,0.000413722178044442
4.03,0.0,77.51328547327073,0,60,3.0,3,0.00031259937107593565
4.035,0.0,77.50997711637612,0,60,3.0,3,0.00023475567943812754
4.04,0.0,77.50744700690414,0,60,3.0,3,0.00017522369186220952
4.045,0.0,77.50552468073164,0,60,3.0,3,0.00012999248780327916
4.05,0.0,77.5040736276038,0,60,3.0,3,9.585006126592495e-05
4.055,0.0,77.50298541131669,0,60,3.0,3,7.024497215732427e-05
4.06,0.0,77.50217458173086,0,60,3.0,3,5.11666289613084e-05
4.065,0.0,77.50157433085046,0,60,3.0,3,3.704307883434494e-05
4.07,0.0,77.5011328306406,0,60,3.0,3,2.665483860235273e-05
4.075,0.0,77.50081018216575,0,60,3.0,3,1.90631097823638e-05
4.08,0.0,77.50057590265568,0,60,3.0,3,1.3550650721954833e-05
4.085,0.0,77.50040687798673,0,60,3.0,3,9.573599687856212e-06
4.09,0.0,77.5002857116946,0,60,3.0,3,6.722628108277337e-06
4.095,0.0,77.5001994070693,0,60,3.0,3,4.691931042423354e-06
4.1,0.0,77.50013832535542,0,60,3.0,3,3.254714245231833e-06
4.105,0.0,77.50009536999269,0,60,3.0,3,2.2439998280574134e-06
4.11,0.0,77.50006535373524,0,60,3.0,3,1.5377349467705832e-06
4.115,0.001684486749771458,77.50004451206985,0,60,3.0,3,1.0473428199689165e-06
4.12,0.003097557930867117,77.50003013241054,0,60,3.0,3,7.089978951438859e-07
4.125,0.005475106668887023,77.50002027396405,0,60,3.0,3,4.770344483350687e-07
4.13,0.00930222931468658,77.50001355789229,0,60,3.0,3,3.1900923030501446e-07
4.135,0.01519157517868857,77.50000901144418,0,60,3.0,3,2.1203398064779535e-07
4.14,0.023847336626128316,77.50000595312942,0,60,3.0,3,1.4007363334070866e-07
4.145,0.0359830743700859,77.50000390881361,0,60,3.0,3,9.197208495446403e-08
4.15,0.05218887796857759,77.50000255089928,0,60,3.0,3,6.002115957712436e-08
4.155,0.0727577001223134,77.50000165458991,0,60,3.0,3,3.893152726210674e-08
4.16,0.0974992498694751,77.50000106668489,0,60,3.0,3,2.509846795232186e-08
4.165,0.12558706050443358,77.50000068348757,0,60,3.0,3,1.6082060483313397e-08
4.17,0.15549263588878245,77.5000004352851,0,60,3.0,3,1.0242002404351404e-08
4.175,0.1850529723539114,77.50000027552798,0,60,3.0,3,6.483011314712177e-09
4.18,0.21169159439317053,77.50000017334301,0,60,3.0,3,4.078659083675387e-09
4.185,0.23277292922115492,77.5000001083916,0,60,3.0,3,2.550390664670404e-09
4.19,0.24602692519491282,77.5000000673649,0,60,3.0,3,1.5850563319391393e-09
4.195,0.24995056064839283,77.50000004161217,0,60,3.0,3,9.791098337326035e-10
4.2,0.24408826520424054,77.50000002554793,0,60,3.0,3,6.011278481524e-10
4.205,0.22911894216865275,77.50000001558978,0,60,3.0,3,3.6681827248899295e-10
4.21,0.20672661788705934,77.50000000945525,0,60,3.0,3,2.224764477218474e-10
4.215,0.17928878030241233,77.50000000569973,0,60,3.0,3,1.341113468644086e-10
4.22,0.14946211903866036,77.50000000341495,0,60,3.0,3,8.035185066332547e-11
4.225,0.1197651512573837,77.50000000203359,0,60,3.0,3,4.7849118131767574e-11
4.23,0.09224675744988023,77.50000000120363,0,60,3.0,3,2.8320728768663044e-11
4.235,0.06829565320281596,77.50000000070806,0,60,3.0,3,1.6660137321998583e-11
4.24,0.04860224607515734,77.50000000041399,0,60,3.0,3,9.74095575442976e-12
4.245,0.03324612389699793,77.50000000024059,0,60,3.0,3,5.660935772432234e-12
4.25,0.021859876340472782,77.50000000013895,0,60,3.0,3,3.269499703652828e-12
4.255,0.01381595518554205,77.50000000007978,0,60,3.0,3,1.877170314615154e-12
4.26,0.008394095110402422,77.50000000004552,0,60,3.0,3,1.0709968859480474e-12
4.265,0.0049052535271608,77.5000000000258,0,60,3.0,3,6.072214626542785e-13
4.27,0.0027671663551903634,77.50000000001455,0,60,3.0,3,3.423980053733377e-13
4.275,0.0015425553464444616,77.50000000000816,0,60,3.0,3,1.9193013191825765e-13
4.28,0.0009638206637011801,77.50000000000453,0,60,3.0,3,1.0666500362704563e-13
4.285,0.0009804935156568228,77.50000000000252,0,60,3.0,3,5.918403022566482e-14
4.29,0.0018793744894085216,77.50000000000138,0,60,3.0,3,3.243418605587281e-14
4.295,0.004535525206900863,77.50000000000075,0,60,3.0,3,1.7721771762487205e-14
4.3,0.010832767979632273,77.50000000000041,0,60,3.0,3,9.696818511549603e-15
4.305,0.024208003392322392,77.50000000000023,0,60,3.0,3,5.349968833958401e-15
4.31,0.0500971897335304,77.50000000000011,0,60,3.0,3,2.6749844169792007e-15
4.315,0.09582894921774403,77.50000000000006,0,60,3.0,3,1.3374922084896003e-15
4.32,0.16937896721820658,77.50000000000003,0,60,3.0,3,6.687461042448002e-16
4.325,0.27661303008991756,77.50000000000001,0,60,3.0,3,3.343730521224001e-16
4.33,0.4173782800009149,77.50000000000001,0,60,3.0,3,3.343730521224001e-16
4.335,0.5818720934538056,77.5,0,60,3.0,3,0.0
4.34,0.7494718801585675,77.5,0,60,3.0,3,0.0
4.345,0.891813020752378,77.5,0,60,3.0,3,0.0
4.35,0.9800361632936612,77.5,0,60,3.0,3,0.0
4.355,0.993574479225126,77.50000249060646,1,60,3.0,3,5.860250499769309e-08
4.36,0.9263438449375362,77.50000385734029,0,60,3.0,3,9.076094797552179e-08
4.365,0.7873015962290536,77.50000610730334,0,60,3.0,3,1.437012549425109e-07
4.37,0.5959516244629897,77.50000999976028,0,60,3.0,3,2.3528847718272813e-07
4.375,0.376910120078773,77.50001711607312,0,60,3.0,3,4.027311323331078e-07
4.38,0.15739335672107918,77.5000308127143,0,60,3.0,3,7.250050423542288e-07
4.385,-0.033361226269301235,77.50005823243188,0,60,3.0,3,1.3701748678292514e-06
4.39,-0.1680180840843834,77.50011443699209,0,60,3.0,3,2.6926351080526407e-06
4.395,-0.23069703190837854,77.50023065316174,0,60,3.0,3,5.427133217327697e-06
4.4,-0.22587267821131068,77.50047021644501,0,60,3.0,3,1.106391635316333e-05
4.405,-0.17718181630665902,77.5009583966,0,60,3.0,3,2.255050823524631e-05
4.41,-0.11494332516451301,77.50193629964134,0,60,3.0,3,4.5559991561022426e-05
4.415,-0.061810214049552864,77.50385483894526,0,60,3.0,3,9.07020928296146e-05
4.42,-0.026546104631500547,77.50753250751332,0,60,3.0,3,0.0001772354709015979
4.425,-0.00719600351942686,77.51440996954433,0,60,3.0,3,0.00033905810692544944
4.43,0.0022072757983807078,77.52694391670826,0,60,3.0,3,0.0006339745107826435
4.435,0.006917199873730717,77.54918926053296,0,60,3.0,3,0.0011573943654813025
4.44,0.01004859748264829,77.5876176648087,0,60,3.0,3,0.0020615921131459745
4.445,0.013037082251128167,77.65220482613245,0,60,3.0,3,0.003581290026645815
4.45,0.01645163937690478,77.7577808422973,0,60,3.0,3,0.006065431583465732
4.455,0.020526639934696615,77.92557045679185,0,60,3.0,3,0.010013422512749311
4.46,0.02539629541761738,78.1847502601857,0,60,3.0,3,0.016111770827898695
4.465,0.031171612185577933,78.57372412531626,0,60,3.0,3,0.02526409706626496
4.47,0.03795853426638131,79.14068530680169,0,60,3.0,3,0.038604360160039666
4.475,0.0458588961882057,79.94292800606925,0,60,3.0,3,0.05748065896633534
4.48,0.054966995891435555,81.0443400664048,0,60,3.0,3,0.08339623685658352
4.485,0.06536491004445595,82.51060356247285,0,60,3.0,3,0.11789655441112593
4.49,0.07711726085088699,84.4018923138275,0,60,3.0,3,0.16239746620770595
4.495,0.09026570629555215,86.76329520888174,0,60,3.0,3,0.2179598872678057
4.5,0.10482339848670268,89.61377301640115,0,60,3.0,3,0.28502995332708597
4.505,0.12076968927580028,92.93507670582724,0,60,3.0,3,0.3631782754312292
4.51,0.13804539501007884,96.66256820647882,0,60,3.0,3,0.45088395779950174
4.515,0.15654895051787066,100.68011755916041,0,60,3.0,3,0.5454145308037743
4.52,0.17613378141900526,104.82105425803283,0,60,3.0,3,0.6428483354831255
4.525,0.19660720058055794,108.8764532668383,0,60,3.0,3,0.7382694886314893
4.53,0.21773108748496234,112.61088723201624,0,60,3.0,3,0.8261385231062645
4.535,0.23922453870058807,115.78436216317712,0,60,3.0,3,0.9008085214865205
4.54,0.2607685857914563,118.1777713622895,0,60,3.0,3,0.9571240320538708
4.545,0.2820129681603682,119.61819191512663,0,60,3.0,3,0.9910162803559207
4.55,0.30258482867153996,120.0,0,60,3.0,3,1.0
4.555,0.3220990771751686,119.29824545748835,0,60,3.0,3,0.9834881284114906
4.56,0.3401700499968971,117.5719546188641,0,60,3.0,3,0.9428695204438611
4.565,0.3564239911198326,114.95677661133668,0,60,3.0,3,0.8813359202667453
4.57,0.3705118017738417,111.64826619736436,0,60,3.0,3,0.8034886164085733
4.575,0.3821214567925213,107.87868369700878,0,60,3.0,3,0.7147925575766773
4.58,0.39098947374066967,103.89114672130673,0,60,3.0,3,0.6209681581483936
4.585,0.3969108472035567,99.91511507625712,0,60,3.0,3,0.5274144723825206
4.59,0.3997469255491936,96.14656082953842,0,60,3.0,3,0.4387426077538451
4.595,0.3994308076379137,92.73498319976926,0,60,3.0,3,0.3584701929357473
4.6,0.3959699661768434,89.77799372275705,0,60,3.0,3,0.2888939699472246
4.605,0.38944595408114946,87.32285486110474,0,60,3.0,3,0.23112599673187634
4.61,0.38001120995358023,85.37336529966561,0,60,3.0,3,0.185255654109779
4.615,0.3678831374098315,83.89998207819981,0,60,3.0,3,0.15058781360470147
4.62,0.35333577933796634,82.8510525309259,0,60,3.0,3,0.125907118374727
4.625,0.33668953221163944,82.16338984647568,0,60,3.0,3,0.10972681991707485
4.63,0.3182994390982644,81.7710004035094,0,60,3.0,3,0.10049412714139776
4.635,0.29854265738230645,81.61139076399436,0,60,3.0,3,0.0967386062116321
4.64,0.2778057157821067,81.62941598109197,0,60,3.0,3,0.0971627289668698
4.645,0.2564721553719815,81.7790040818856,0,60,3.0,3,0.1006824489855436
4.65,0.23491109433464996,82.02328621441396,0,60,3.0,3,0.1064302638685637
4.655,0.21346717185309805,82.33370255304422,0,60,3.0,3,0.1137341777186875
4.66,0.19245222055656455,82.68858789463043,0,60,3.0,3,0.12208442105012778
4.665,0.17213889801761392,83.07161944197627,0,60,3.0,3,0.13109692804650042
4.67,0.15275638501270183,83.47037548139828,0,60,3.0,3,0.1404794230917242
4.675,0.13448814019607322,83.87513591955003,0,60,3.0,3,0.1500031981070596
4.68,0.11747159495449566,84.27796761085855,0,60,3.0,3,0.15948159084373068
4.685,0.10179958433370105,84.67208126420148,0,60,3.0,3,0.16875485327532896
4.69,0.08752324394101413,85.05141767098016,0,60,3.0,3,0.17768041578776841
4.695,0.07465606047174059,85.41041137477472,0,60,3.0,3,0.18612732646528765
4.7,0.0631787448609295,85.74388204533,0,60,3.0,3,0.1939736951842352
4.705,0.05304460019959574,86.0470116192692,0,60,3.0,3,0.20110615574751056
4.71,0.044185078305849994,86.31537463568876,0,60,3.0,3,0.20742057966326483
4.715,0.03651525513023255,86.54499785256412,0,60,3.0,3,0.21282347888386172
4.72,0.0299390014708757,86.73243223546459,0,60,3.0,3,0.21723369965799025
4.725,0.024353677220580638,86.87482563242001,0,60,3.0,3,0.2205841325275297
4.73,0.01965423034339045,86.96998815607745,0,60,3.0,3,0.22282325073123407
4.735,0.015736632374757337,87.01644488029292,0,60,3.0,3,0.22391635012453937
4.74,0.012500627640593535,87.01347229325384,0,60,3.0,3,0.22384640690009036
4.745,0.009851811652115898,86.96111631870204,0,60,3.0,3,0.22261450161651858
4.75,0.007703084175428559,86.86019081224607,0,60,3.0,3,0.22023978381755469
4.755,0.005975544002062424,86.7122563730027,0,60,3.0,3,0.21675897348241652
4.76,0.004598905818663047,86.51958013614413,0,60,3.0,3,0.21222541496809713
4.765,0.0035115256454839104,86.28507794654647,0,60,3.0,3,0.2067077163893286
4.77,0.002660121266303676,86.01224095394758,0,60,3.0,3,0.20028802244582547
4.775,0.0019992692560877024,85.7050492026738,0,60,3.0,3,0.19305998123938367
4.78,0.0014907520044639367,85.36787519896696,0,60,3.0,3,0.18512647526981074
4.785,0.0011028178277539807,85.00538071378118,0,60,3.0,3,0.1765971932654395
4.79,0.0008094059938923333,84.6224102114667,0,60,3.0,3,0.1675861226227459
4.795,0.0005893771793717645,84.22388428441178,0,60,3.0,3,0.15820904198615957
4.8,0.0004257792353490551,83.81469632673434,0,60,3.0,3,0.14858109004080788
4.805,0.0003051686392901525,83.39961540923211,0,60,3.0,3,0.13881448021722617
4.81,0.00021699992642659966,82.98319794133803,0,60,3.0,3,0.1290164221491302
4.815,0.00015308884054097838,82.5697102464525,0,60,3.0,3,0.11928729991652945
4.82,0.00010714989329311098,82.16306366028918,0,60,3.0,4,0.10971914494798077
4.825,7.440535854020571e-05,81.76676321464303,0,60,3.0,4,0.10039442857983612
4.83,5.1260276743925106e-05,81.3838704178972,0,60,3.0,4,0.09138518630346351
4.835,3.503659887882241e-05,81.01698011357695,0,60,3.0,4,0.08275247326063409
4.84,2.375894748103639e-05,80.66821091136433,0,60,3.0,4,0.07454613909092533
4.845,1.5984413869232557e-05,80.33920825933811,0,60,3.0,4,0.06680490021972017
4.85,1.0669166579899869e-05,80.03115887537963,0,60,3.0,4,0.059556679420697214
4.855,7.06526633560511e-06,79.74481498835964,0,60,3.0,4,0.052819176196697314
4.86,4.641847214699205e-06,79.48052665965687,0,60,3.0,4,0.0466006272860441
4.865,3.025641074479182e-06,79.23828036186586,0,60,3.0,4,0.0409007143968438
4.87,1.9566278676921314e-06,79.01774197921334,0,60,3.0,4,0.03571157598149037
4.875,1.2553456560008793e-06,78.8183024547782,0,60,3.0,4,0.03101888128889895
4.88,7.990660428214668e-07,78.6391244320625,0,60,3.0,4,0.02680292781323534
4.885,5.046221251618276e-07,78.47918841005006,0,60,3.0,4,0.023039727295295454
4.89,3.1616527078858815e-07,78.3373371380437,0,60,3.0,4,0.019702050306910437
4.895,1.9652884407760343e-07,78.21231720572483,0,60,3.0,4,0.016760404840584227
4.9,1.2120002189836396e-07,78.10281702217611,0,60,3.0,4,0.014183929933555566
4.905,7.415549848886236e-08,78.00750061349781,0,60,3.0,4,0.011941190905830849
4.91,4.501406988770349e-08,77.92503689230902,0,60,3.0,4,0.010000868054329965
4.915,0.0,77.85412425603842,0,60,3.0,4,0.008332335436198064
4.92,0.0,77.79351054877074,0,60,3.0,4,0.006906130559311537
4.925,0.0,77.74200856992353,0,60,3.0,4,0.005694319292318288
4.93,0.0,77.69850743053568,0,60,3.0,4,0.004670763071427874
4.935,0.0,77.66198014454383,0,60,3.0,4,0.003811297518678416
4.94,0.0,77.63148789963498,0,60,3.0,4,0.0030938329325876754
4.945,0.0,77.60618148274689,0,60,3.0,4,0.0024983878293386064
4.95,0.0,77.58530034248456,0,60,3.0,4,0.0020070668819896047
4.955,0.0,77.56816975854922,0,60,3.0,4,0.0016039943188051143
4.96,0.0,77.55419656084052,0,60,3.0,4,0.0012752131962476116
4.965,0.0,77.542863802236,0,60,3.0,4,0.0010085600526117426
4.97,0.0,77.53372474296843,0,60,3.0,4,0.0007935233639630844
4.975,0.0,77.52639645440267,0,60,3.0,4,0.0006210930447687535
4.98,0.0,77.52055329875957,0,60,3.0,4,0.0004836070296368475
4.985,0.0,77.51592049130771,0,60,3.0,4,0.00037459979547553997
4.99,0.0,77.5122679045549,0,60,3.0,4,0.0002886565777624342
4.995,0.0,77.50940423131003,0,60,3.0,4,0.00022127603082420887
5.0,0.0,77.50717158596277,0,60,3.0,4,0.0001687431991239036
5.005,0.0,77.50544059134097,0,60,3.0,4,0.00012801391390519925
5.01,0.0,77.50410597211048,0,60,3.0,4,9.661110848188561e-05
5.015,0.0,77.50308265466796,0,60,3.0,4,7.253305101090411e-05
5.02,0.0,77.50230235743923,0,60,3.0,4,5.4173116217270946e-05
5.025,0.0,77.50171064389794,0,60,3.0,4,4.025044465733759e-05
5.03,0.0,77.50126440285658,0,60,3.0,4,2.9750655448879117e-05
5.035,0.0,77.50092971602302,0,60,3.0,4,2.1875671129959407e-05
5.04,0.0,77.50068007084202,0,60,3.0,4,1.6001666871127728e-05
5.045,0.0,77.5004948766761,0,60,3.0,4,1.1644157084714715e-05
5.05,0.0,77.50035824390325,0,60,3.0,4,8.429268311762345e-06
5.055,0.0,77.50025798806918,0,60,3.0,4,6.070307510111995e-06
5.06,0.0,77.50018482445232,0,60,3.0,4,4.348810642795798e-06
5.065,0.0,77.50013172197245,0,60,3.0,4,3.0993405282649347e-06
5.07,0.0,77.50009338906223,0,60,3.0,4,2.1973896995110835e-06
5.075,0.0,77.50006586774495,0,60,3.0,4,1.5498292929591758e-06
5.08,0.0,77.50004621559701,0,60,3.0,4,1.0874258119950836e-06
5.085,0.0,77.5000322584378,0,60,3.0,4,7.590220658424669e-07
5.09,0.0,77.5000223994362,0,60,3.0,4,5.270455577534877e-07
5.095,0.0,77.50001547283287,0,60,3.0,4,3.6406665578718223e-07
5.1,0.001684486749771458,77.50001063265135,0,60,3.0,4,2.5018003183878834e-07
5.105,0.003097557930867117,77.50000726862568,0,60,3.0,4,1.7102648658852988e-07
5.11,0.005475106668887023,77.50000494312994,0,60,3.0,4,1.1630893970290987e-07
5.115,0.00930222931468658,77.50000334418844,0,60,3.0,4,7.86867868849667e-08
5.12,0.01519157517868857,77.50000225070433,0,60,3.0,4,5.2957748868506956e-08
5.125,0.023847336626128316,77.50000150690246,0,60,3.0,4,3.545652856808053e-08
5.13,0.0359830743700859,77.50000100366974,0,60,3.0,4,2.3615758530414656e-08
5.135,0.05218887796857759,77.50000066502123,0,60,3.0,4,1.564755841761379e-08
5.14,0.0727577001223134,77.50000043834815,0,60,3.0,4,1.0314074175125022e-08
5.145,0.0974992498694751,77.50000028743645,0,60,3.0,4,6.763210582421915e-09
5.15,0.12558706050443358,77.50000018750096,0,60,3.0,4,4.411787264924736e-09
5.155,0.15549263588878245,77.50000012167578,0,60,3.0,4,2.8629595844369546e-09
5.16,0.1850529723539114,77.50000007854956,0,60,3.0,4,1.8482249769851263e-09
5.165,0.21169159439317053,77.5000000504455,0,60,3.0,4,1.1869527792013661e-09
5.17,0.23277292922115492,77.5000000322285,0,60,3.0,4,7.583176230742965e-10
5.175,0.24602692519491282,77.50000002048314,0,60,3.0,4,4.819562892568202e-10
5.18,0.24995056064839283,77.50000001295066,0,60,3.0,4,3.047215186062899e-10
5.185,0.24408826520424054,77.50000000814568,0,60,3.0,4,1.9166296784961186e-10
5.19,0.22911894216865275,77.50000000509684,0,60,3.0,4,1.1992557012811578e-10
5.195,0.20672661788705934,77.50000000317259,0,60,3.0,4,7.464911825937794e-11
5.2,0.17928878030241233,77.50000000196455,0,60,3.0,4,4.622473384455696e-11
5.205,0.14946211903866036,77.5000000012102,0,60,3.0,4,2.847520911874359e-11
5.21,0.1197651512573837,77.50000000074162,0,60,3.0,4,1.7449926471111694e-11
5.215,0.09224675744988023,77.50000000045212,0,60,3.0,4,1.063807865327416e-11
5.22,0.06829565320281596,77.5000000002742,0,60,3.0,4,6.45172804070171e-12
5.225,0.04860224607515734,77.50000000016543,0,60,3.0,4,3.892436699756859e-12
5.23,0.03324612389699793,77.50000000009929,0,60,3.0,4,2.3362645151792095e-12
5.235,0.021859876340472782,77.50000000005929,0,60,3.0,4,1.3950043734546533e-12
5.24,0.01381595518554205,77.50000000003521,0,60,3.0,4,8.285764231593074e-13
5.245,0.008394095110402422,77.5000000000208,0,60,3.0,4,4.895221483071937e-13
5.25,0.0049052535271608,77.50000000001224,0,60,3.0,4,2.8789519787738646e-13
5.255,0.0027671663551903634,77.50000000000715,0,60,3.0,4,1.6818964521756725e-13
5.26,0.0015425553464444616,77.50000000000416,0,60,3.0,4,9.797130427186323e-14
5.265,0.0009638206637011801,77.5000000000024,0,60,3.0,4,5.6509045808685616e-14
5.27,0.0009804935156568228,77.50000000000138,0,60,3.0,4,3.243418605587281e-14
5.275,0.0018793744894085216,77.5000000000008,0,60,3.0,4,1.8724890918854405e-14
5.28,0.004535525206900863,77.50000000000045,0,60,3.0,4,1.0699937667916803e-14
5.285,0.010832767979632273,77.50000000000026,0,60,3.0,4,6.0187149382032015e-15
5.29,0.024208003392322392,77.50000000000014,0,60,3.0,4,3.343730521224001e-15
5.295,0.0500971897335304,77.50000000000009,0,60,3.0,4,2.0062383127344005e-15
5.3,0.09582894921774403,77.50000000000004,0,60,3.0,4,1.0031191563672002e-15
5.305,0.16937896721820658,77.50000000000003,0,60,3.0,4,6.687461042448002e-16
5.31,0.27661303008991756,77.50000000000001,0,60,3.0,4,3.343730521224001e-16
5.315,0.4173782800009149,77.5,0,60,3.0,4,0.0
5.32,0.5818720934538056,77.5,0,60,3.0,4,0.0
5.325,0.7494718801585675,77.5,0,60,3.0,4,0.0
5.33,0.891813020752378,77.5,0,60,3.0,4,0.0
5.335,0.9800361632936612,77.5,0,60,3.0,4,0.0
5.34,0.993574479225126,77.50000249606323,1,60,3.0,4,5.8730899568485364e-08
5.345,0.9263438449375362,77.5000038398575,0,60,3.0,4,9.034958820313264e-08
5.35,0.7873015962290536,77.500006033868,0,60,3.0,4,1.4197336480826967e-07
5.355,0.5959516244629897,77.50000979196264,0,60,3.0,4,2.303991209373635e-07
5.36,0.376910120078773,77.50001658325932,0,60,3.0,4,3.9019433703448587e-07
5.365,0.15739335672107918,77.50002948944842,0,60,3.0,4,6.938693746526362e-07
5.37,-0.033361226269301235,77.50005499618474,0,60,3.0,4,1.2940278763300524e-06
5.375,-0.1680180840843834,77.50010664152244,0,60,3.0,4,2.509212292606582e-06
5.38,-0.23069703190837854,77.50021223841208,0,60,3.0,4,4.993844990006919e-06
5.385,-0.22587267821131068,77.50042774487464,0,60,3.0,4,1.006458528569751e-05
5.39,-0.17718181630665902,77.50086306382961,0,60,3.0,4,2.0307384226177473e-05
5.395,-0.11494332516451301,77.50172846110615,0,60,3.0,4,4.0669673085978825e-05
5.4,-0.061810214049552864,77.5034152292072,0,60,3.0,4,8.035833428721162e-05
5.405,-0.026546104631500547,77.5066308676186,0,60,3.0,4,0.00015602041455522073
5.41,-0.00719600351942686,77.51261714788687,0,60,3.0,4,0.0002968740679263834
5.415,0.0022072757983807078,77.5234879390857,0,60,3.0,4,0.000552657390251705
5.42,0.006917199873730717,77.5427303078502,0,60,3.0,4,0.00100541900824015
5.425,0.01004859748264829,77.57591328443115,0,60,3.0,4,0.001786194927791819
5.43,0.013037082251128167,77.63163821024733,0,60,3.0,4,0.0030973696528783824
5.435,0.01645163937690478,77.7227359889992,0,60,3.0,4,0.005240846799981281
5.44,0.020526639934696615,77.86766338596527,0,60,3.0,4,0.008650903199182882
5.445,0.02539629541761738,78.09196918540792,0,60,3.0,4,0.013928686715480447
5.45,0.031171612185577933,78.42959438652437,0,60,3.0,4,0.021872809094691092
5.455,0.03795853426638131,78.9236517302522,0,60,3.0,4,0.03349768777064007
5.46,0.0458588961882057,79.62622444184039,0,60,3.0,4,0.05002881039624453
5.465,0.054966995891435555,80.5966700411891,0,60,3.0,4,0.07286282449856706
5.47,0.06536491004445595,81.89795705296187,0,60,3.0,4,0.10348134242263227
5.475,0.07711726085088699,83.590740736457,0,60,3.0,4,0.14331154674016455
5.48,0.09026570629555215,85.72521884287897,0,60,3.0,4,0.19353456100891703
5.485,0.10482339848670268,88.3312835786459,0,60,3.0,4,0.25485373126225636
5.49,0.12076968927580028,91.40803681418913,0,60,3.0,4,0.32724792503974426
5.495,0.13804539501007884,94.91424919828907,0,60,3.0,4,0.4097470399597428
5.5,0.15654895051787066,98.7616754538298,0,60,3.0,4,0.5002747165607011
5.505,0.17613378141900526,102.81314459839467,0,60,3.0,4,0.5956034023151687
5.51,0.19660720058055794,106.88692793605124,0,60,3.0,4,0.6914571279070879
5.515,0.21773108748496234,110.76804090701927,0,60,3.0,4,0.7827774331063357
5.52,0.23922453870058807,114.22596317855158,0,60,3.0,4,0.8641403100835666
5.525,0.2607685857914563,117.0369802382121,0,60,3.0,4,0.9302818879579317
5.53,0.2820129681603682,119.00824368351186,0,60,3.0,4,0.9766645572591027
5.535,0.30258482867153996,120.0,0,60,3.0,4,1.0
5.54,0.3220990771751686,119.94245116636986,0,60,3.0,4,0.998645909796938
5.545,0.3401700499968971,118.84443995887491,0,60,3.0,4,0.9728103519735274
5.55,0.3564239911198326,116.79247804582917,0,60,3.0,4,0.9245288951959805
5.555,0.3705118017738417,113.94028233815197,0,60,3.0,4,0.857418407956517
5.56,0.3821214567925213,110.4905961503334,0,60,3.0,4,0.7762493211843153
5.565,0.39098947374066967,106.67229771772733,0,60,3.0,4,0.686407005122996
5.57,0.3969108472035567,102.71639188641603,0,60,3.0,4,0.5933268679156714
5.575,0.3997469255491936,98.83435529010902,0,60,3.0,4,0.5019848303555062
5.58,0.3994308076379137,95.20154861737079,0,60,3.0,4,0.4165070262910774
5.585,0.3959699661768434,91.94724589020063,0,60,3.0,4,0.3399351974164855
5.59,0.38944595408114946,89.1515501373611,0,60,3.0,4,0.2741541208790847
5.595,0.38001120995358023,86.84834318674413,0,60,3.0,4,0.21996101615868544
5.6,0.3678831374098315,85.03265064487029,0,60,3.0,4,0.17723883870283028
5.605,0.35333577933796634,83.67047424017679,0,60,3.0,4,0.1451876291806303
5.61,0.33668953221163944,82.70922389874646,0,60,3.0,4,0.12256997408815196
5.615,0.3182994390982644,82.08726133343396,0,60,3.0,4,0.10793556078668136
5.62,0.29854265738230645,81.74159879534122,0,60,3.0,4,0.09980232459626397
5.625,0.2778057157821067,81.61334027722147,0,60,3.0,4,0.09678447711109336
5.63,0.2564721553719815,81.6509036668351,0,60,3.0,4,0.09766832157259073
5.635,0.23491109433464996,81.81136644357802,0,60,3.0,4,0.10144391631948291
5.64,0.21346717185309805,82.06042651697676,0,60,3.0,4,0.10730415334062968
5.645,0.19245222055656455,82.37148928088116,0,60,3.0,4,0.11462327719720386
5.65,0.17213889801761392,82.72432417484066,0,60,3.0,4,0.12292527470213319
5.655,0.15275638501270183,83.10362302191093,0,60,3.0,4,0.13184995345672787
5.66,0.13448814019607322,83.49767392349987,0,60,3.0,4,0.14112173937646763
5.665,0.11747159495449566,83.89726171789964,0,60,3.0,4,0.15052380512705033
5.67,0.10179958433370105,84.29482974674242,0,60,3.0,4,0.15987834698217465
5.675,0.08752324394101413,84.68388923933297,0,60,3.0,4,0.16903268798430518
5.68,0.07465606047174059,85.05863764443257,0,60,3.0,4,0.17785029751606035
5.685,0.0631787448609295,85.41373904216793,0,60,3.0,4,0.18620562452159842
5.69,0.05304460019959574,85.74422176195922,0,60,3.0,4,0.19398168851668762
5.695,0.044185078305849994,86.0454552613927,0,60,3.0,4,0.20106953556218127
5.7,0.03651525513023255,86.31317664893982,0,60,3.0,4,0.20736886232799567
5.705,0.0299390014708757,86.54354497329876,0,60,3.0,4,0.2127892934893827
5.71,0.024353677220580638,86.73320770957436,0,60,3.0,4,0.21725194610763196
5.715,0.01965423034339045,86.87936861096367,0,60,3.0,4,0.22069102614032157
5.72,0.015736632374757337,86.97984948291244,0,60,3.0,4,0.223055281950881
5.725,0.012500627640593535,87.03314081261668,0,60,3.0,4,0.2243091955909807
5.73,0.009851811652115898,87.03843787511315,0,60,3.0,4,0.22443383235560344
5.735,0.007703084175428559,86.99566019345913,0,60,3.0,4,0.2234272986696266
5.74,0.005975544002062424,86.90545322943116,0,60,3.0,4,0.22130478186896846
5.745,0.004598905818663047,86.76917202771214,0,60,3.0,4,0.2180981653579328
5.75,0.0035115256454839104,86.58884728386485,0,60,3.0,4,0.21385523020858474
5.755,0.002660121266303676,86.36713497361453,0,60,3.0,4,0.2086384699674006
5.76,0.0019992692560877024,86.10725126733229,0,60,3.0,4,0.20252355923134793
5.765,0.0014907520044639367,85.81289494876535,0,60,3.0,4,0.19559752820624346
5.77,0.0011028178277539807,85.48815994788507,0,60,3.0,4,0.1879567046561192
5.775,0.0008094059938923333,85.13744087266727,0,60,3.0,4,0.17970449112158282
5.78,0.0005893771793717645,84.76533457621503,0,60,3.0,4,0.17094904885211823
5.785,0.0004257792353490551,84.37654082180066,0,60,3.0,4,0.1618009605129567
5.79,0.0003051686392901525,83.97576501288177,0,60,3.0,4,0.15237094147957095
5.795,0.00021699992642659966,83.5676257473155,0,60,3.0,4,0.14276766464271773
5.8,0.00015308884054097838,83.1565696492459,0,60,3.0,4,0.1330957564528446
5.805,0.00010714989329311098,82.74679554691296,0,60,3.0,4,0.12345401286854031
5.81,7.440535854020571e-05,82.34218962124325,0,60,3.0,4,0.11393387344101764
5.815,5.1260276743925106e-05,81.94627267143458,0,60,3.0,4,0.10461818050434317
5.82,3.503659887882241e-05,81.5621601530088,0,60,3.0,4,0.0955802388943248
5.825,2.375894748103639e-05,81.19253516317026,0,60,3.0,4,0.08688318030988854
5.83,1.5984413869232557e-05,80.83963409787519,0,60,3.0,4,0.07857962583235743
5.835,1.0669166579899869e-05,80.5052443018934,0,60,3.0,4,0.07071163063278585
5.84,7.06526633560511e-06,80.19071269077197,0,60,3.0,4,0.06331088684169352
5.845,4.641847214699205e-06,79.89696405136633,0,60,3.0,4,0.056399154149795884
5.85,3.025641074479182e-06,79.6245275306656,0,60,3.0,4,0.04998888307448477
5.855,1.9566278676921314e-06,79.37356970210506,0,60,3.0,4,0.044083992990707255
5.86,1.2553456560008793e-06,79.14393255178399,0,60,3.0,4,0.03868076592432919
5.865,7.990660428214668e-07,78.93517474813203,0,60,3.0,4,0.03376881760310653
5.87,5.046221251618276e-07,78.74661463915068,0,60,3.0,4,0.029332109156486548
5.875,3.1616527078858815e-07,78.57737355111618,0,60,3.0,4,0.02534996590861604
5.88,1.9652884407760343e-07,78.42641813017309,0,60,3.0,4,0.021798073651131532
5.885,1.2120002189836396e-07,78.29260066180315,0,60,3.0,4,0.01864942733654469
5.89,7.415549848886236e-08,78.17469651121884,0,60,3.0,4,0.0158752120286786
5.895,4.501406988770349e-08,78.07143803963184,0,60,3.0,4,0.013445600932513959
5.9,0.0,77.98154455767332,0,60,3.0,4,0.011330460180548632
5.905,0.0,77.9037480701592,0,60,3.0,4,0.009499954591981082
5.91,0.0,77.83681473981095,0,60,3.0,4,0.00792505270143405
5.915,0.0,77.7795621471775,0,60,3.0,4,0.006577932874764723
5.92,0.0,77.730872547324,0,60,3.0,4,0.005432295231152881
5.925,0.0,77.68970241993146,0,60,3.0,4,0.0044635863513285716
5.93,0.0,77.65508867876439,0,60,3.0,4,0.0036491453826914388
5.935,0.0,77.62615195063168,0,60,3.0,4,0.002968281191333651
5.94,0.0,77.60209735548692,0,60,3.0,4,0.0024022907173392627
5.945,0.0,77.58221322128246,0,60,3.0,4,0.001934428736057846
5.95,0.0,77.56586815304183,0,60,3.0,4,0.001549838895101964
5.955,0.0,77.5525068488899,0,60,3.0,4,0.0012354552679977695
5.96,0.0,77.54164501992928,0,60,3.0,4,0.0009798828218653371
5.965,0.0,77.53286372908609,0,60,3.0,4,0.0007732642137903119
5.97,0.0,77.52580341921859,0,60,3.0,4,0.0006071392757315366
5.975,0.0,77.5201578553129,0,60,3.0,4,0.0004743024779506467
5.98,0.0,77.51566816144691,0,60,3.0,4,0.0003686626222802528
5.985,0.0,77.51211709188321,0,60,3.0,4,0.0002851080443108725
5.99,0.0,77.50932363821491,0,60,3.0,4,0.0002193797227037334
5.995,0.0,77.50713804159365,0,60,3.0,4,0.00016795391985056086
6.0,0.0,77.50543725103012,0,60,3.0,4,0.00012793531835567966
6.005,0.0,77.5041208456039,0,60,3.0,4,9.69610730327772e-05
6.01,0.0,77.5031074199587,0,60,3.0,4,7.311576373400813e-05
6.015,0.0,77.50233141833475,0,60,3.0,4,5.485690199407145e-05
6.02,0.0,77.50174039213948,0,60,3.0,4,4.095040328192066e-05
6.025,0.0,77.501292649158,0,60,3.0,5,3.0415274305957664e-05
6.03,0.0,77.50095525841263,0,60,3.0,5,2.2476668532496712e-05
6.035,0.0,77.50070237286243,0,60,3.0,5,1.6526420292580843e-05
6.04,0.0,77.50051383209139,0,60,3.0,5,1.2090166856135992e-05
6.045,0.0,77.50037400841595,0,60,3.0,5,8.800198022259686e-06
6.05,0.0,77.50027086205799,0,60,3.0,5,6.37322489383758e-06
6.055,0.0,77.50019517384675,0,60,3.0,5,4.5923258058417775e-06
6.06,0.0,77.50013992706306,0,60,3.0,5,3.292401483764372e-06
6.065,0.0,77.50009981331155,0,60,3.0,5,2.348548507063028e-06
6.07,0.0,77.5000708405394,0,60,3.0,5,1.6668362210272307e-06
6.075,0.0,77.50005002440169,0,60,3.0,5,1.177044745592117e-06
6.08,0.0,77.50003514702703,0,60,3.0,5,8.269888714012803e-07
6.085,0.0,77.50002456981785,0,60,3.0,5,5.781133612505501e-07
6.09,0.0,77.50001708920767,0,60,3.0,5,4.0209900409054705e-07
6.095,0.0,77.50001182629116,0,60,3.0,5,2.782656742831879e-07
6.1,0.001684486749771458,77.50000814295163,0,60,3.0,5,1.9159886184805894e-07
6.105,0.003097557930867117,77.50000557855593,0,60,3.0,5,1.312601394896346e-07
6.11,0.005475106668887023,77.5000038024926,0,60,3.0,5,8.947041411535312e-08
6.115,0.00930222931468658,77.50000257882347,0,60,3.0,5,6.067819928081436e-08
6.12,0.01519157517868857,77.5000017401292,0,60,3.0,5,4.0944216634135744e-08
6.125,0.023847336626128316,77.50000116828292,0,60,3.0,5,2.748900990755989e-08
6.13,0.0359830743700859,77.50000078040709,0,60,3.0,5,1.836251980795864e-08
6.135,0.05218887796857759,77.50000051868184,0,60,3.0,5,1.220427868568496e-08
6.14,0.0727577001223134,77.50000034299478,0,60,3.0,5,8.070465435808086e-09
6.145,0.0974992498694751,77.50000022567355,0,60,3.0,5,5.3099657794946855e-09
6.15,0.12558706050443358,77.50000014773399,0,60,3.0,5,3.4760937657719136e-09
6.155,0.15549263588878245,77.50000009622477,0,60,3.0,5,2.2641121605000295e-09
6.16,0.1850529723539114,77.5000000623591,0,60,3.0,5,1.4672730899559718e-09
6.165,0.21169159439317053,77.50000004020866,0,60,3.0,5,9.460861479858388e-10
6.17,0.23277292922115492,77.50000002579563,0,60,3.0,5,6.069559704508933e-10
6.175,0.24602692519491282,77.50000001646566,0,60,3.0,5,3.874273555565571e-10
6.18,0.24995056064839283,77.50000001045728,0,60,3.0,5,2.460537603731021e-10
6.185,0.24408826520424054,77.50000000660792,0,60,3.0,5,1.5548045987944693e-10
6.19,0.22911894216865275,77.50000000415449,0,60,3.0,5,9.775262429577518e-11
6.195,0.20672661788705934,77.50000000259882,0,60,3.0,5,6.114880627993604e-11
6.2,0.17928878030241233,77.5000000016175,0,60,3.0,5,3.80586751656237e-11
6.205,0.14946211903866036,77.50000000100165,0,60,3.0,5,2.356828457884737e-11
6.21,0.1197651512573837,77.50000000061716,0,60,3.0,5,1.4521487280623714e-11
6.215,0.09224675744988023,77.50000000037834,0,60,3.0,5,8.902013766654657e-12
6.22,0.06829565320281596,77.50000000023077,0,60,3.0,5,5.4298839934156554e-12
6.225,0.04860224607515734,77.50000000014005,0,60,3.0,5,3.2952464286662528e-12
6.23,0.03324612389699793,77.50000000008457,0,60,3.0,5,1.989854033180403e-12
6.235,0.021859876340472782,77.5000000000508,0,60,3.0,5,1.1953836613375804e-12
6.24,0.01381595518554205,77.50000000003037,0,60,3.0,5,7.14555212385569e-13
6.245,0.008394095110402422,77.50000000001806,0,60,3.0,5,4.249881492475705e-13
6.25,0.0049052535271608,77.50000000001069,0,60,3.0,5,2.514485351960449e-13
6.255,0.0027671663551903634,77.5000000000063,0,60,3.0,5,1.4812726209022324e-13
6.26,0.0015425553464444616,77.50000000000368,0,60,3.0,5,8.660262049970162e-14
6.265,0.0009638206637011801,77.50000000000215,0,60,3.0,5,5.049033087048241e-14
6.27,0.0009804935156568228,77.50000000000125,0,60,3.0,5,2.942482858677121e-14
6.275,0.0018793744894085216,77.50000000000072,0,60,3.0,5,1.7053025658242404e-14
6.28,0.004535525206900863,77.50000000000041,0,60,3.0,5,9.696818511549603e-15
6.285,0.010832767979632273,77.50000000000024,0,60,3.0,5,5.684341886080802e-15
6.29,0.024208003392322392,77.50000000000013,0,60,3.0,5,3.0093574691016007e-15
6.295,0.0500971897335304,77.50000000000007,0,60,3.0,5,1.6718652606120004e-15
6.3,0.09582894921774403,77.50000000000004,0,60,3.0,5,1.0031191563672002e-15
6.305,0.16937896721820658,77.50000000000003,0,60,3.0,5,6.687461042448002e-16
6.31,0.27661303008991756,77.50000000000001,0,60,3.0,5,3.343730521224001e-16
6.315,0.4173782800009149,77.5,0,60,3.0,5,0.0
6.32,0.5818720934538056,77.5,0,60,3.0,5,0.0
6.325,0.7494718801585675,77.5,0,60,3.0,5,0.0
6.33,0.891813020752378,77.5,0,60,3.0,5,0.0
6.335,0.9800361632936612,77.5,0,60,3.0,5,0.0
6.34,0.993574479225126,77.50000249379623,1,60,3.0,5,5.8677558372972485e-08
6.345,0.9263438449375362,77.50000374914603,0,60,3.0,5,8.821520074942621e-08
6.35,0.7873015962290536,77.50000574205839,0,60,3.0,5,1.3510725626902592e-07
6.355,0.5959516244629897,77.50000904290425,0,60,3.0,5,2.1277421771682224e-07
6.36,0.376910120078773,77.50001477842311,0,60,3.0,5,3.477276025290955e-07
6.365,0.15739335672107918,77.50002521824138,0,60,3.0,5,5.93370385318207e-07
6.37,-0.033361226269301235,77.50004495906866,0,60,3.0,5,1.0578604390582981e-06
6.375,-0.1680180840843834,77.5000832626602,0,60,3.0,5,1.9591214164152276e-06
6.38,-0.23069703190837854,77.50015855775519,0,60,3.0,5,3.730770710235982e-06
6.385,-0.22587267821131068,77.50030687962926,0,60,3.0,5,7.220697159147997e-06
6.39,-0.17718181630665902,77.50059725115638,0,60,3.0,5,1.4052968385372237e-05
6.395,-0.11494332516451301,77.50115890175013,0,60,3.0,5,2.726827647366543e-05
6.4,-0.061810214049552864,77.502227982956,0,60,3.0,5,5.242312837648409e-05
6.405,-0.026546104631500547,77.50422523134473,0,60,3.0,5,9.941720811137683e-05
6.41,-0.00719600351942686,77.50788085207563,0,60,3.0,5,0.00018543181354422868
6.415,0.0022072757983807078,77.51442842473308,0,60,3.0,5,0.0003394923466607773
6.42,0.006917199873730717,77.52589499534879,0,60,3.0,5,0.0006092940082068895
6.425,0.01004859748264829,77.54551806446773,0,60,3.0,5,0.0010710132815936102
6.43,0.013037082251128167,77.57831931533336,0,60,3.0,5,0.001842807419608468
6.435,0.01645163937690478,77.63185613703956,0,60,3.0,5,0.0031024973421073594
6.44,0.020526639934696615,77.71715124028381,0,60,3.0,5,0.005109440947854396
6.445,0.02539629541761738,77.84976424958334,0,60,3.0,5,0.008229747049019874
6.45,0.031171612185577933,78.05091521223822,0,60,3.0,5,0.012962710876193488
6.455,0.03795853426638131,78.34850034697884,0,60,3.0,5,0.0199647140465609
6.46,0.0458588961882057,78.77776263344921,0,60,3.0,5,0.030065003139981505
6.465,0.054966995891435555,79.38130867176919,0,60,3.0,5,0.04426608639456918
6.47,0.06536491004445595,80.20812022232984,0,60,3.0,5,0.06372047581952563
6.475,0.07711726085088699,81.31122000278289,0,60,3.0,5,0.08967576477136209
6.48,0.09026570629555215,82.74374175486754,0,60,3.0,5,0.12338215893805983
6.485,0.10482339848670268,84.5533405253622,0,60,3.0,5,0.16596095353793416
6.49,0.12076968927580028,86.77515893010619,0,60,3.0,5,0.21823903364955735
6.495,0.13804539501007884,89.42391197979815,0,60,3.0,5,0.28056263481877997
6.5,0.15654895051787066,92.48601184868365,0,60,3.0,5,0.3526120434984387
6.505,0.17613378141900526,95.91294646423091,0,60,3.0,5,0.4332457991583744
6.51,0.19660720058055794,99.61726401786359,0,60,3.0,5,0.5204062121850257
6.515,0.21773108748496234,103.4724229370135,0,60,3.0,5,0.6111158338120825
6.52,0.23922453870058807,107.317402683545,0,60,3.0,5,0.7015859454951764
6.525,0.2607685857914563,110.96635024110174,0,60,3.0,5,0.7874435350847467
6.53,0.2820129681603682,114.22274096962201,0,60,3.0,5,0.8640644934028708
6.535,0.30258482867153996,116.8966991332729,0,60,3.0,5,0.9269811560770095
6.54,0.3220990771751686,118.82342375535035,0,60,3.0,5,0.972315853067067
6.545,0.3401700499968971,119.88026396726374,0,60,3.0,5,0.9971826815826763
6.55,0.3564239911198326,120.0,0,60,3.0,5,1.0
6.555,0.3705118017738417,119.1783433081767,0,60,3.0,5,0.9806669013688634
6.56,0.3821214567925213,117.47450566886323,0,60,3.0,5,0.9405766039732525
6.565,0.39098947374066967,115.00474839088832,0,60,3.0,5,0.8824646680209017
6.57,0.3969108472035567,111.92990155349591,0,60,3.0,5,0.810115330670492
6.575,0.3997469255491936,108.43872783044789,0,60,3.0,5,0.7279700665987738
6.58,0.3994308076379137,104.7295305019311,0,60,3.0,5,0.6406948353395552
6.585,0.3959699661768434,100.99248893952765,0,60,3.0,5,0.5527644456359446
6.59,0.38944595408114946,97.39486371458231,0,60,3.0,5,0.4681144403431133
6.595,0.38001120995358023,94.07055139237116,0,60,3.0,5,0.3898953268793214
6.6,0.3678831374098315,91.1146454134743,0,60,3.0,5,0.3203445979641013
6.605,0.35333577933796634,88.5828469468639,0,60,3.0,5,0.260772869337974
6.61,0.33668953221163944,86.49491404388809,0,60,3.0,5,0.21164503632677853
6.615,0.3182994390982644,84.84092970825792,0,60,3.0,5,0.17272775784136277
6.62,0.29854265738230645,83.58903512890866,0,60,3.0,5,0.14327141479785088
6.625,0.2778057157821067,82.69338027079178,0,60,3.0,5,0.12219718284215948
6.63,0.2564721553719815,82.10131785759242,0,60,3.0,5,0.10826630253158635
6.635,0.23491109433464996,81.75922079911874,0,60,3.0,5,0.10021695997926439
6.64,0.21346717185309805,81.61665631936843,0,60,3.0,5,0.09686250163219838
6.645,0.19245222055656455,81.62894315447333,0,60,3.0,5,0.09715160363466667
6.65,0.17213889801761392,81.75831982609262,0,60,3.0,5,0.10019576061394392
6.655,0.15275638501270183,81.9740569196691,0,60,3.0,5,0.10527192752162577
6.66,0.13448814019607322,82.25186848048502,0,60,3.0,5,0.11180867012905918
6.665,0.11747159495449566,82.57294133248891,0,60,3.0,5,0.11936332547032728
6.67,0.10179958433370105,82.92283264526998,0,60,3.0,5,0.12759606224164652
6.675,0.08752324394101413,83.29040798078412,0,60,3.0,5,0.1362448936655088
6.68,0.07465606047174059,83.66692017809487,0,60,3.0,5,0.1451040041904675
6.685,0.0631787448609295,84.04527242910562,0,60,3.0,5,0.1540064100966029
6.69,0.05304460019959574,84.41946941505594,0,60,3.0,5,0.16281104506013983
6.695,0.044185078305849994,84.78423701164296,0,60,3.0,5,0.17139381203865783
6.7,0.03651525513023255,85.13478033273678,0,60,3.0,5,0.1796418901820419
6.705,0.0299390014708757,85.466647720412,0,60,3.0,5,0.18745053459792937
6.71,0.024353677220580638,85.77567108148466,0,60,3.0,5,0.19472167250552141
6.715,0.01965423034339045,86.05795797916235,0,60,3.0,5,0.20136371715676124
6.72,0.015736632374757337,86.30991632969506,0,60,3.0,5,0.20729214893400133
6.725,0.012500627640593535,86.52829745546912,0,60,3.0,5,0.2124305283639792
6.73,0.009851811652115898,86.71024721641409,0,60,3.0,5,0.21671169920974329
6.735,0.007703084175428559,86.85335794517667,0,60,3.0,5,0.22007901047474515
6.74,0.005975544002062424,86.95571609025774,0,60,3.0,5,0.22248743741782911
6.745,0.004598905818663047,87.0159420257872,0,60,3.0,5,0.2239045182538164
6.75,0.0035115256454839104,87.03321960866413,0,60,3.0,5,0.2243110496156265
6.755,0.002660121266303676,87.0073139066997,0,60,3.0,5,0.2237015036870516
6.76,0.0019992692560877024,86.938576193165,0,60,3.0,5,0.22208414572152954
6.765,0.0014907520044639367,86.82793587151944,0,60,3.0,5,0.2194808440357516
6.77,0.0011028178277539807,86.67687949596854,0,60,3.0,5,0.21592657637573023
6.775,0.0008094059938923333,86.4874175045347,0,60,3.0,5,0.21146864716552247
6.78,0.0005893771793717645,86.26203968403271,0,60,3.0,5,0.20616563962429918
6.785,0.0004257792353490551,86.00366073614138,0,60,3.0,5,0.20008613496803257
6.79,0.0003051686392901525,85.71555760321358,0,60,3.0,5,0.19330723772267253
6.795,0.00021699992642659966,85.40130043404575,0,60,3.0,5,0.1859129513893118
6.8,0.00015308884054097838,85.06467921767266,0,60,3.0,5,0.17799245218053322
6.805,0.00010714989329311098,84.70962818415443,0,60,3.0,5,0.16963831021539824
6.81,7.440535854020571e-05,84.34015006520161,0,60,3.0,5,0.16094470741650854
6.815,5.1260276743925106e-05,83.9602422274949,0,60,3.0,5,0.1520056994704683
6.82,3.503659887882241e-05,83.57382654391216,0,60,3.0,5,0.14291356573910968
6.825,2.375894748103639e-05,83.18468466146989,0,60,3.0,5,0.13375728615223265
6.83,1.5984413869232557e-05,82.79640007066425,0,60,3.0,5,0.12462117813327642
6.835,1.0669166579899869e-05,82.41230809162077,0,60,3.0,5,0.11558371980284171
6.84,7.06526633560511e-06,82.03545458144112,0,60,3.0,5,0.10671657838684977
6.845,4.641847214699205e-06,81.66856384791926,0,60,3.0,5,0.09808385524515903
6.85,3.025641074479182e-06,81.31401594043791,0,60,3.0,5,0.08974155153971558
6.855,1.9566278676921314e-06,80.97383319129152,0,60,3.0,5,0.08173725155980044
6.86,1.2553456560008793e-06,80.64967561027302,0,60,3.0,5,0.07411001435936522
6.865,7.990660428214668e-07,80.34284450049499,0,60,3.0,5,0.06689045883517625
6.87,5.046221251618276e-07,80.0542934702713,0,60,3.0,5,0.06010102282991304
6.875,3.1616527078858815e-07,79.78464586832229,0,60,3.0,5,0.05375637337228909
6.88,1.9652884407760343e-07,79.53421756914149,0,60,3.0,5,0.04786394280332916
6.885,1.2120002189836396e-07,79.30304398146892,0,60,3.0,5,0.04242456426985688
6.89,7.415549848886236e-08,79.09091014291228,0,60,3.0,5,0.03743317983323008
6.895,4.501406988770349e-08,78.89738279368821,0,60,3.0,5,0.032879595145604915
6.9,0.0,78.72184338679693,0,60,3.0,5,0.028749256159927856
6.905,0.0,78.56352108441183,0,60,3.0,5,0.025024025515572517
6.91,0.0,78.42152490408645,0,60,3.0,5,0.021682938919681257
6.915,0.0,78.29487430668186,0,60,3.0,5,0.01870292486310264
6.92,0.0,78.18252765403497,0,60,3.0,5,0.016059474212587542
6.925,0.0,78.08340810217774,0,60,3.0,5,0.013727249463005698
6.93,0.0,77.99642662994414,0,60,3.0,5,0.01168062658692092
6.935,0.0,77.92050202852263,0,60,3.0,5,0.009894165377003153
6.94,0.0,77.85457779134715,0,60,3.0,5,0.008343006855227151
6.945,0.0,77.79763594309105,0,60,3.0,5,0.00700319866096593
6.95,0.0,77.7487079298358,0,60,3.0,5,0.0058519512902541785
6.955,0.0,77.70688275903142,0,60,3.0,5,0.004867829624268605
6.96,0.0,77.67131262775425,0,60,3.0,5,0.004030885358923463
6.965,0.0,77.64121631177731,0,60,3.0,5,0.0033227367477014894
6.97,0.0,77.61588060740796,0,60,3.0,5,0.0027266025272461
6.975,0.0,77.59466012461155,0,60,3.0,5,0.0022272970496835433
6.98,0.0,77.57697572556901,0,60,3.0,5,0.0018111935428003242
6.985,0.0,77.56231188956468,0,60,3.0,5,0.0014661621074042962
6.99,0.0,77.5502132650315,0,60,3.0,5,0.0011814885889765158
6.995,0.0,77.54028064465962,0,60,3.0,5,0.0009477798743439374
7.0,0.0,77.53216657151289,0,60,3.0,5,0.0007568605061856167
7.005,0.0,77.52557075468849,0,60,3.0,5,0.0006016648161997129
7.01,0.0,77.52023544355008,0,60,3.0,5,0.0004761280835312471
7.015,0.0,77.5159408810574,0,60,3.0,5,0.0003750795542918481
7.02,0.0,77.51250093004288,0,60,3.0,5,0.0002941395304206066
7.025,0.0,77.50975894204335,0,60,3.0,5,0.00022962216572583363
7.03,0.0,77.50758391686,0,60,3.0,5,0.000178445102588231
7.035,0.0,77.505866982575,0,60,3.0,5,0.00013804664882353362
7.04,0.0,77.50451821032726,0,60,3.0,5,0.00010631083122970107
7.045,0.0,77.50346376564148,0,60,3.0,5,8.150036803492773e-05
7.05,0.0,77.50264338831892,0,60,3.0,5,6.219737220977978e-05
7.055,0.0,77.50200818557703,0,60,3.0,5,4.72514253417825e-05
7.06,0.0,77.50151871796827,0,60,3.0,5,3.5734540429811044e-05
7.065,0.0,77.5011433542997,0,60,3.0,5,2.6902454110581055e-05
7.07,0.0,77.50085686999996,0,60,3.0,5,2.01616470579826e-05
7.075,0.0,77.50063926283588,0,60,3.0,5,1.5041478491184535e-05
7.08,0.0,77.50047476029029,0,60,3.0,5,1.1170830359721068e-05
7.085,0.0,77.50035099402773,0,60,3.0,5,8.258683005338111e-06
7.09,0.0,77.5002583184806,0,60,3.0,5,6.078081896569475e-06
7.095,0.0,77.5001892525059,0,60,3.0,5,4.453000138937569e-06
7.1,0.0,77.50013802514448,0,60,3.0,5,3.2476504583535324e-06
7.105,0.0,77.50010020864568,0,60,3.0,5,2.3578504865059477e-06
7.11,0.0,77.50007242401301,0,60,3.0,5,1.704094423824726e-06
7.115,0.0,77.50005210631836,0,60,3.0,5,1.2260310203306718e-06
7.12,0.0,77.50003731888009,0,60,3.0,5,8.780912962185325e-07
7.125,0.0,77.50002660708068,0,60,3.0,5,6.260489572816689e-07
7.13,0.0,77.5000188840987,0,60,3.0,5,4.443317339684975e-07
7.135,0.0,77.50001334214654,0,60,3.0,5,3.1393285988034384e-07
7.14,0.0,77.50000938394734,0,60,3.0,5,2.2079876102639794e-07
7.145,0.0,77.50000657015823,0,60,3.0,5,1.5459195845537846e-07
7.15,0.0,77.50000457927268,0,60,3.0,5,1.0774759255796466e-07
7.155,0.001684486749771458,77.50000317722223,0,60,3.0,5,7.475817001785104e-08
7.16,0.003097557930867117,77.50000219446719,0,60,3.0,5,5.163452201754005e-08
7.165,0.005475106668887023,77.5000015088324,0,60,3.0,5,3.5501938769170115e-08
7.17,0.00930222931468658,77.50000103272174,0,60,3.0,5,2.4299335082640242e-08
7.175,0.01519157517868857,77.50000070364895,0,60,3.0,5,1.6556445897924062e-08
7.18,0.023847336626128316,77.50000047726456,0,60,3.0,5,1.1229754443989162e-08
7.185,0.0359830743700859,77.50000032224986,0,60,3.0,5,7.58234966055812e-09
7.19,0.05218887796857759,77.50000021659912,0,60,3.0,5,5.0964498608236145e-09
7.195,0.0727577001223134,77.50000014492758,0,60,3.0,5,3.410060772319626e-09
7.2,0.0974992498694751,77.50000009653301,0,60,3.0,5,2.2713650463736165e-09
7.205,0.12558706050443358,77.50000006400752,0,60,3.0,5,1.5060593608830138e-09
7.21,0.15549263588878245,77.50000004224901,0,60,3.0,5,9.940944276904167e-10
7.215,0.1850529723539114,77.50000002776085,0,60,3.0,5,6.531964198289001e-10
7.22,0.21169159439317053,77.50000001815846,0,60,3.0,5,4.2725787352537734e-10
7.225,0.23277292922115492,77.50000001182377,0,60,3.0,5,2.782064043190878e-10
7.23,0.24602692519491282,77.50000000766414,0,60,3.0,6,1.8033273697844433e-10
7.235,0.24995056064839283,77.50000000494539,0,60,3.0,6,1.1636215651164735e-10
7.24,0.24408826520424054,77.50000000317665,0,60,3.0,6,7.474474895228495e-11
7.245,0.22911894216865275,77.50000000203127,0,60,3.0,6,4.779461532427162e-11
7.25,0.20672661788705934,77.50000000129299,0,60,3.0,6,3.0423266520408696e-11
7.255,0.17928878030241233,77.50000000081933,0,60,3.0,6,1.9278278320116976e-11
7.26,0.14946211903866036,77.50000000051682,0,60,3.0,6,1.2160479159587447e-11
7.265,0.1197651512573837,77.50000000032453,0,60,3.0,6,7.636077391319251e-12
7.27,0.09224675744988023,77.50000000020287,0,60,3.0,6,4.773509692099383e-12
7.275,0.06829565320281596,77.50000000012624,0,60,3.0,6,2.97023582200328e-12
7.28,0.04860224607515734,77.5000000000782,0,60,3.0,6,1.8400549058295675e-12
7.285,0.03324612389699793,77.50000000004822,0,60,3.0,6,1.1345277658513034e-12
7.29,0.021859876340472782,77.5000000000296,0,60,3.0,6,6.964990675709594e-13
7.295,0.01381595518554205,77.50000000001809,0,60,3.0,6,4.256568953518153e-13
7.3,0.008394095110402422,77.500000000011,0,60,3.0,6,2.5880474234273766e-13
7.305,0.0049052535271608,77.50000000000666,0,60,3.0,6,1.5682096144540564e-13
7.31,0.0027671663551903634,77.50000000000402,0,60,3.0,6,9.462757375063923e-14
7.315,0.0015425553464444616,77.50000000000242,0,60,3.0,6,5.684341886080802e-14
7.32,0.0009638206637011801,77.50000000000144,0,60,3.0,6,3.377167826436241e-14
7.325,0.0009804935156568228,77.50000000000085,0,60,3.0,6,2.0062383127344007e-14
7.33,0.0018793744894085216,77.50000000000051,0,60,3.0,6,1.2037429876406403e-14
7.335,0.004535525206900863,77.5000000000003,0,60,3.0,6,7.021834094570402e-15
7.34,0.010832767979632273,77.50000000000017,0,60,3.0,6,4.012476625468801e-15
7.345,0.024208003392322392,77.5000000000001,0,60,3.0,6,2.3406113648568006e-15
7.35,0.0500971897335304,77.50000000000006,0,60,3.0,6,1.3374922084896003e-15
7.355,0.09582894921774403,77.50000000000003,0,60,3.0,6,6.687461042448002e-16
7.36,0.16937896721820658,77.50000000000001,0,60,3.0,6,3.343730521224001e-16
7.365,0.27661303008991756,77.50000000000001,0,60,3.0,6,3.343730521224001e-16
7.37,0.4173782800009149,77.5,0,60,3.0,6,0.0
7.375,0.5818720934538056,77.5,0,60,3.0,6,0.0
7.38,0.7494718801585675,77.5,0,60,3.0,6,0.0
7.385,0.891813020752378,77.5,0,60,3.0,6,0.0
7.39,0.9800361632936612,77.5,0,60,3.0,6,0.0
7.395,0.993574479225126,77.50000249379623,1,60,3.0,6,5.8677558372972485e-08
7.4,0.9263438449375362,77.50000396638627,0,60,3.0,6,9.332673585049634e-08
7.405,0.7873015962290536,77.5000064715183,0,60,3.0,6,1.5227101892592413e-07
7.41,0.5959516244629897,77.50001098134852,0,60,3.0,6,2.5838467114922155e-07
7.415,0.376910120078773,77.50001961860642,0,60,3.0,6,4.61614268608494e-07
7.42,0.15739335672107918,77.50003710193283,0,60,3.0,6,8.72986654886678e-07
7.425,-0.033361226269301235,77.50007391581444,0,60,3.0,6,1.7391956338783263e-06
7.43,-0.1680180840843834,77.50015305286485,0,60,3.0,6,3.601243878727152e-06
7.435,-0.23069703190837854,77.50032387873405,0,60,3.0,6,7.620676095310795e-06
7.44,-0.22587267821131068,77.50068963841547,0,60,3.0,6,1.62267862462533e-05
7.445,-0.17718181630665902,77.50146000583022,0,60,3.0,6,3.4353078358234975e-05
7.45,-0.11494332516451301,77.50304759553815,0,60,3.0,6,7.170813030938916e-05
7.455,-0.061810214049552864,77.50623804492464,0,60,3.0,6,0.00014677752763866598
7.46,-0.026546104631500547,77.51247699900087,0,60,3.0,6,0.00029357644707923044
7.465,-0.00719600351942686,77.52433248603091,0,60,3.0,6,0.0005725290830803394
7.47,0.0022072757983807078,77.54620368666427,0,60,3.0,6,0.0010871455685710718
7.475,0.006917199873730717,77.5853494790663,0,60,3.0,6,0.0020082230368539994
7.48,0.01004859748264829,77.65329116157791,0,60,3.0,6,0.0036068508606567373
7.485,0.013037082251128167,77.76758961247312,0,60,3.0,6,0.006296226175838041
7.49,0.01645163937690478,77.95389498938779,0,60,3.0,6,0.010679882103242147
7.495,0.020526639934696615,78.24801133654242,0,60,3.0,6,0.01760026674217456
7.5,0.02539629541761738,78.69751942456581,0,60,3.0,6,0.028176927636842625
7.505,0.031171612185577933,79.36229328550453,0,60,3.0,6,0.04381866554128317
7.51,0.03795853426638131,80.31309199896349,0,60,3.0,6,0.06619039997561144
7.515,0.0458588961882057,81.6273939770878,0,60,3.0,6,0.09711515240206602
7.52,0.054966995891435555,83.38185585769753,0,60,3.0,6,0.1383966084164125
7.525,0.06536491004445595,85.6412831778559,0,60,3.0,6,0.19155960418484463
7.53,0.07711726085088699,88.44478839350656,0,60,3.0,6,0.25752443278838955
7.535,0.09026570629555215,91.79077630193913,0,60,3.0,6,0.3362535600456266
7.54,0.10482339848670268,95.62332222828601,0,60,3.0,6,0.4264311112537886
7.545,0.12076968927580028,99.82310320387813,0,60,3.0,6,0.5252494871500737
7.55,0.13804539501007884,104.20601479617449,0,60,3.0,6,0.6283768187335174
7.555,0.15654895051787066,108.53176695500574,0,60,3.0,6,0.7301592224707232
7.56,0.17613378141900526,112.5231132368319,0,60,3.0,6,0.8240732526313389
7.565,0.19660720058055794,115.89419426125639,0,60,3.0,6,0.9033928061472091
7.57,0.21773108748496234,118.38425791386595,0,60,3.0,6,0.9619825391497872
7.575,0.23922453870058807,119.79135245292144,0,60,3.0,6,0.9950906459510928
7.58,0.2607685857914563,120.0,0,60,3.0,6,1.0
7.585,0.2820129681603682,118.99762055412309,0,60,3.0,6,0.9764146012734845
7.59,0.30258482867153996,116.87649718376738,0,60,3.0,6,0.9265058160886444
7.595,0.3220990771751686,113.82089180585051,0,60,3.0,6,0.8546092189611885
7.6,0.3401700499968971,110.08183791972081,0,60,3.0,6,0.7666314804640191
7.605,0.3564239911198326,105.94442186860273,0,60,3.0,6,0.6692805145553584
7.61,0.3705118017738417,101.6934789438273,0,60,3.0,6,0.5692583280900542
7.615,0.3821214567925213,97.5833808656293,0,60,3.0,6,0.47255013801480694
7.62,0.39098947374066967,93.81616206060906,0,60,3.0,6,0.38390969554374255
7.625,0.3969108472035567,90.53009977431647,0,60,3.0,6,0.3065905829250934
7.63,0.3997469255491936,87.79862417651702,0,60,3.0,6,0.2423205688592241
7.635,0.3994308076379137,85.63762127408476,0,60,3.0,6,0.19147344174317094
7.64,0.3959699661768434,84.01813365847747,0,60,3.0,6,0.1533678507877051
7.645,0.38944595408114946,82.88123752366467,0,60,3.0,6,0.12661735349799214
7.65,0.38001120995358023,82.15233368124194,0,60,3.0,6,0.10946667485275156
7.655,0.3678831374098315,81.75295969641176,0,60,3.0,6,0.10006963991557093
7.66,0.35333577933796634,81.60920950386037,0,60,3.0,6,0.09668728244377342
7.665,0.33668953221163944,81.65669597888774,0,60,3.0,6,0.09780461126794682
7.67,0.3182994390982644,81.84257492783448,0,60,3.0,6,0.10217823359610534
7.675,0.29854265738230645,82.12543528856187,0,60,3.0,6,0.10883377149557351
7.68,0.2778057157821067,82.47389716786489,0,60,3.0,6,0.11703287453799743
7.685,0.2564721553719815,82.86463241986374,0,60,3.0,6,0.12622664517326443
7.69,0.23491109433464996,83.28032087642113,0,60,3.0,6,0.13600755003343834
7.695,0.21346717185309805,83.70784883475633,0,60,3.0,6,0.1460670314060314
7.7,0.19245222055656455,84.13688676221031,0,60,3.0,6,0.156162041463772
7.705,0.17213889801761392,84.55886627776772,0,60,3.0,6,0.16609097124159342
7.71,0.15275638501270183,84.96631003900283,0,60,3.0,6,0.17567788327065492
7.715,0.13448814019607322,85.352440568417,0,60,3.0,6,0.18476330749216457
7.72,0.11747159495449566,85.71099133802086,0,60,3.0,6,0.19319979618872615
7.725,0.10179958433370105,86.03615355411556,0,60,3.0,6,0.20085067186154254
7.73,0.08752324394101413,86.3226066105747,0,60,3.0,6,0.20759074377822812
7.735,0.07465606047174059,86.56559425745742,0,60,3.0,6,0.2133081001754687
7.74,0.0631787448609295,86.76102004266001,0,60,3.0,6,0.21790635394494134
7.745,0.05304460019959574,86.90554410665496,0,60,3.0,6,0.22130692015658723
7.75,0.044185078305849994,86.99666936316322,0,60,3.0,6,0.2234510438391346
7.755,0.03651525513023255,87.03280916987879,0,60,3.0,6,0.22430139223244208
7.76,0.0299390014708757,87.01333143342515,0,60,3.0,6,0.22384309255118
7.765,0.024353677220580638,86.938576193165,0,60,3.0,6,0.22208414572152954
7.77,0.01965423034339045,86.80984540702933,0,60,3.0,6,0.2190551860477489
7.775,0.015736632374757337,86.62936509462413,0,60,3.0,6,0.21480859046174433
7.78,0.012500627640593535,86.40022125508436,0,60,3.0,6,0.20941697070786733
7.785,0.009851811652115898,86.12627208599146,0,60,3.0,6,0.2029711079056814
7.79,0.007703084175428559,85.81203997068357,0,60,3.0,6,0.19557741107490756
7.795,0.005975544002062424,85.46258744861886,0,60,3.0,6,0.18735499879103204
7.8,0.004598905818663047,85.08338191214183,0,60,3.0,6,0.1784325155798078
7.805,0.0035115256454839104,84.68015406605521,0,60,3.0,6,0.16894480155424021
7.81,0.002660121266303676,84.25875523842517,0,60,3.0,6,0.15902953502176861
7.815,0.0019992692560877024,83.82501844950585,0,60,3.0,6,0.14882396351778465
7.82,0.0014907520044639367,83.38462775051329,0,60,3.0,6,0.13846182942384208
7.825,0.0011028178277539807,82.94299976610162,0,60,3.0,6,0.12807058273180286
7.83,0.0008094059938923333,82.50518065327864,0,60,3.0,6,0.11776895654773277
7.835,0.0005893771793717645,82.07576087033341,0,60,3.0,6,0.1076649616549038
7.84,0.0004257792353490551,81.65880927992197,0,60,3.0,6,0.09785433599816395
7.845,0.0003051686392901525,81.25782723804305,0,60,3.0,6,0.08841946442454234
7.85,0.00021699992642659966,80.87572248914469,0,60,3.0,6,0.07942876445046335
7.855,0.00015308884054097838,80.51480193515715,0,60,3.0,6,0.07093651612134476
7.86,0.00010714989329311098,80.17678170334054,0,60,3.0,6,0.0629830989021303
7.865,7.440535854020571e-05,79.86281242615047,0,60,3.0,6,0.055595586497658105
7.87,5.1260276743925106e-05,79.57351727824391,0,60,3.0,6,0.04878864184103323
7.875,3.503659887882241e-05,79.30904009451926,0,60,3.0,6,0.04256564928280615
7.88,2.375894748103639e-05,79.06910081358119,0,60,3.0,6,0.036920019143086756
7.885,1.5984413869232557e-05,78.85305554095136,0,60,3.0,6,0.031836600963561404
7.89,1.0669166579899869e-05,78.65995868781765,0,60,3.0,6,0.0272931455957094
7.895,7.06526633560511e-06,78.48862489236042,0,60,3.0,6,0.023261762173186352
7.9,4.641847214699205e-06,78.33768874786129,0,60,3.0,6,0.019710323479089246
7.905,3.025641074479182e-06,78.2056607206229,0,60,3.0,6,0.016603781661715337
7.91,1.9566278676921314e-06,78.09097801803144,0,60,3.0,6,0.013905365130151427
7.915,1.2553456560008793e-06,77.99204954200266,0,60,3.0,6,0.011577636282415557
7.92,7.990660428214668e-07,77.90729441788775,0,60,3.0,6,0.009583398067947174
7.925,5.046221251618276e-07,77.83517390975823,0,60,3.0,6,0.007886444935487655
7.93,3.1616527078858815e-07,77.77421680991037,0,60,3.0,6,0.006452160233185195
7.935,1.9652884407760343e-07,77.72303861743667,0,60,3.0,6,0.005247967469098151
7.94,1.2120002189836396e-07,77.68035499544877,0,60,3.0,6,0.004243646951735681
7.945,7.415549848886236e-08,77.64499011980928,0,60,3.0,6,0.0034115322308065623
7.95,4.501406988770349e-08,77.61588060740796,0,60,3.0,6,0.0027266025272461
7.955,0.0,77.59207574438035,0,60,3.0,6,0.0021664881030671146
7.96,0.0,77.57273473075496,0,60,3.0,6,0.0017114054295284539
7.965,0.0,77.55712162500919,0,60,3.0,6,0.0013440382355103045
7.97,0.0,77.54459861721165,0,60,3.0,6,0.0010493792285093577
7.975,0.0,77.53461818979211,0,60,3.0,6,0.0008145456421673583
7.98,0.0,77.52671464682109,0,60,3.0,6,0.0006285799252021421
7.985,0.0,77.52049541142517,0,60,3.0,6,0.0004822449747099627
7.99,0.0,77.51563241104023,0,60,3.0,6,0.0003678214362406941
7.995,0.0,77.51185379500394,0,60,3.0,6,0.0002789128236222094
8.0,0.0,77.50893616090825,0,60,3.0,6,0.00021026260960585366
8.005,0.0,77.50669740665712,0,60,3.0,6,0.00015758603899117214
8.01,0.0,77.50499027501199,0,60,3.0,6,0.00011741823557626423
8.015,0.0,77.50369661662211,0,60,3.0,6,8.697921463782918e-05
8.02,0.0,77.50272236570643,0,60,3.0,6,6.405566368076667e-05
8.025,0.0,77.50199319890538,0,60,3.0,6,4.689879777368547e-05
8.03,0.0,77.50145083136555,0,60,3.0,6,3.413720860106985e-05
8.035,0.0,77.50104989375735,0,60,3.0,6,2.470338252598648e-05
8.04,0.0,77.50075532853549,0,60,3.0,6,1.777243612918135e-05
8.045,0.0,77.5005402422585,0,60,3.0,6,1.271158255282417e-05
8.05,0.0,77.50038415220804,0,60,3.0,6,9.038875483343765e-06
8.055,0.0,77.50027156902722,0,60,3.0,6,6.389859463992894e-06
8.06,0.0,77.5001908619079,0,60,3.0,6,4.490868421084194e-06
8.065,0.0,77.50013335840924,0,60,3.0,6,3.1378449233777833e-06
8.07,0.0,77.50009263682746,0,60,3.0,6,2.179690057894678e-06
8.075,0.0,77.50006397481837,0,60,3.0,6,1.5052898441033048e-06
8.08,0.0,77.5000439234628,0,60,3.0,6,1.0334932422959836e-06
8.085,0.001684486749771458,77.50002998100607,0,60,3.0,6,7.054354368312274e-07
8.09,0.003097557930867117,77.5000203450122,0,60,3.0,6,4.787061694808953e-07
8.095,0.005475106668887023,77.50001372561549,0,60,3.0,6,3.2295565855587056e-07
8.1,0.00930222931468658,77.5000092059333,0,60,3.0,6,2.1661019519235517e-07
8.105,0.01519157517868857,77.50000613855201,0,60,3.0,6,1.444365178780144e-07
8.11,0.023847336626128316,77.50000406936061,0,60,3.0,6,9.574966150145937e-08
8.115,0.0359830743700859,77.50000268193678,0,60,3.0,6,6.31043947658541e-08
8.12,0.05218887796857759,77.50000175724783,0,60,3.0,6,4.134700776269122e-08
8.125,0.0727577001223134,77.5000011446682,0,60,3.0,6,2.6933369500672115e-08
8.13,0.0974992498694751,77.50000074129034,0,60,3.0,6,1.7442125547805676e-08
8.135,0.12558706050443358,77.50000047726456,0,60,3.0,6,1.1229754443989162e-08
8.14,0.15549263588878245,77.5000003054866,0,60,3.0,6,7.187919864544015e-09
8.145,0.1850529723539114,77.50000019439597,0,60,3.0,6,4.57402272920316e-09
8.15,0.21169159439317053,77.50000012298283,0,60,3.0,6,2.8937135459059124e-09
8.155,0.23277292922115492,77.50000007735062,0,60,3.0,6,1.8200145913236637e-09
8.16,0.24602692519491282,77.50000004836656,0,60,3.0,6,1.1380366766602759e-09
8.165,0.24995056064839283,77.50000003006691,0,60,3.0,6,7.074568068620625e-10
8.17,0.24408826520424054,77.50000001858209,0,60,3.0,6,4.372255342091461e-10
8.175,0.22911894216865275,77.50000001141727,0,60,3.0,6,2.6864166316312653e-10
8.18,0.20672661788705934,77.50000000697416,0,60,3.0,6,1.6409792217874544e-10
8.185,0.17928878030241233,77.5000000042353,0,60,3.0,6,9.965420384319527e-11
8.19,0.14946211903866036,77.50000000255704,0,60,3.0,6,6.016574950669618e-11
8.195,0.1197651512573837,77.50000000153481,0,60,3.0,6,3.6113292748375573e-11
8.2,0.09224675744988023,77.50000000091586,0,60,3.0,6,2.1549674463184442e-11
8.205,0.06829565320281596,77.50000000054334,0,60,3.0,6,1.2784419274847845e-11
8.21,0.04860224607515734,77.50000000032045,0,60,3.0,6,7.540112325360122e-12
8.215,0.03324612389699793,77.50000000018791,0,60,3.0,6,4.421414868214496e-12
8.22,0.021859876340472782,77.50000000010954,0,60,3.0,6,2.57734748575946e-12
8.225,0.01381595518554205,77.50000000006348,0,60,3.0,6,1.4936444238307612e-12
8.23,0.008394095110402422,77.50000000003658,0,60,3.0,6,8.606762361630578e-13
8.235,0.0049052535271608,77.50000000002095,0,60,3.0,6,4.928658788284177e-13
8.24,0.0027671663551903634,77.50000000001194,0,60,3.0,6,2.808733637828161e-13
8.245,0.0015425553464444616,77.50000000000675,0,60,3.0,6,1.5882719975814003e-13
8.25,0.0009638206637011801,77.50000000000381,0,60,3.0,6,8.961197796880322e-14
8.255,0.0009804935156568228,77.50000000000213,0,60,3.0,6,5.015595781836001e-14
8.26,0.0018793744894085216,77.50000000000118,0,60,3.0,6,2.7752963326159206e-14
8.265,0.004535525206900863,77.50000000000065,0,60,3.0,6,1.5381160397630403e-14
8.27,0.010832767979632273,77.50000000000036,0,60,3.0,6,8.359326303060002e-15
8.275,0.024208003392322392,77.5000000000002,0,60,3.0,6,4.681222729713601e-15
8.28,0.0500971897335304,77.5000000000001,0,60,3.0,6,2.3406113648568006e-15
8.285,0.09582894921774403,77.50000000000006,0,60,3.0,6,1.3374922084896003e-15
8.29,0.16937896721820658,77.50000000000003,0,60,3.0,6,6.687461042448002e-16
8.295,0.27661303008991756,77.50000000000001,0,60,3.0,6,3.343730521224001e-16
8.3,0.4173782800009149,77.50000000000001,0,60,3.0,6,3.343730521224001e-16
8.305,0.5818720934538056,77.5,0,60,3.0,6,0.0
8.31,0.7494718801585675,77.5,0,60,3.0,6,0.0
8.315,0.891813020752378,77.5,0,60,3.0,6,0.0
8.32,0.9800361632936612,77.5,0,60,3.0,6,0.0
8.325,0.993574479225126,77.50000249379623,1,60,3.0,6,5.8677558372972485e-08
8.33,0.9263438449375362,77.50000387113866,0,60,3.0,6,9.108561551543329e-08
8.335,0.7873015962290536,77.50000614495686,0,60,3.0,6,1.44587220146979e-07
8.34,0.5959516244629897,77.50001009206693,0,60,3.0,6,2.3746039834590835e-07
8.345,0.376910120078773,77.5000173369902,0,60,3.0,6,4.079291811114458e-07
8.35,0.15739335672107918,77.50003134163862,0,60,3.0,6,7.37450320417231e-07
8.355,-0.033361226269301235,77.50005950089377,0,60,3.0,6,1.4000210298678105e-06
8.36,-0.1680180840843834,77.50011746182723,0,60,3.0,6,2.7638076995331443e-06
8.365,-0.23069703190837854,77.50023776471434,0,60,3.0,6,5.594463866868062e-06
8.37,-0.22587267821131068,77.50048658883156,0,60,3.0,6,1.1449148977964583e-05
8.375,-0.17718181630665902,77.50099513789219,0,60,3.0,6,2.341500922799402e-05
8.38,-0.11494332516451301,77.50201644570332,0,60,3.0,6,4.744578125456321e-05
8.385,-0.061810214049552864,77.50402451354624,0,60,3.0,6,9.469443638214911e-05
8.39,-0.026546104631500547,77.50788085207563,0,60,3.0,6,0.00018543181354422868
8.395,-0.00719600351942686,77.51510323642296,0,60,3.0,6,0.0003553702687755129
8.4,0.0022072757983807078,77.52828124048683,0,60,3.0,6,0.0006654409526313831
8.405,0.006917199873730717,77.55168968563063,0,60,3.0,6,0.001216227897191402
8.41,0.01004859748264829,77.59214923171803,0,60,3.0,6,0.002168217216894712
8.415,0.013037082251128167,77.66016563836381,0,60,3.0,6,0.0037686032556189944
8.42,0.01645163937690478,77.77133735087011,0,60,3.0,6,0.006384408255767352
8.425,0.020526639934696615,77.94794785355886,0,60,3.0,6,0.01053994949550255
8.43,0.02539629541761738,78.22055245920677,0,60,3.0,6,0.01695417551074757
8.435,0.031171612185577933,78.62923630281921,0,60,3.0,7,0.02657026594868726
8.44,0.03795853426638131,79.22408280415199,0,60,3.0,7,0.040566654215340954
8.445,0.0458588961882057,80.06428738171843,0,60,3.0,7,0.06033617368749246
8.45,0.054966995891435555,81.21533054261677,0,60,3.0,7,0.0874195421792181
8.455,0.06536491004445595,82.74374175486754,0,60,3.0,7,0.12338215893805983
8.46,0.07711726085088699,84.70928122426405,0,60,3.0,7,0.16963014645327168
8.465,0.09026570629555215,87.1548465652038,0,60,3.0,7,0.2271728603577364
8.47,0.10482339848670268,90.09502724164179,0,60,3.0,7,0.29635358215627733
8.475,0.12076968927580028,93.50487114298438,0,60,3.0,7,0.3765852033643385
8.48,0.13804539501007884,97.31093238205123,0,60,3.0,7,0.46613958546002904
8.485,0.15654895051787066,101.38685595826713,0,60,3.0,7,0.5620436696062855
8.49,0.17613378141900526,105.55547445391579,0,60,3.0,7,0.6601288106803715
8.495,0.19660720058055794,109.59858538401849,0,60,3.0,7,0.755260832565141
8.5,0.21773108748496234,113.27431955233847,0,60,3.0,7,0.8417486953491404
8.505,0.23922453870058807,116.34051861380365,0,60,3.0,7,0.9138945556189094
8.51,0.2607685857914563,118.58114006736284,0,60,3.0,7,0.9666150604085374
8.515,0.2820129681603682,119.8317565853096,0,60,3.0,7,0.9960413314190495
8.52,0.30258482867153996,120.0,0,60,3.0,7,1.0
8.525,0.3220990771751686,119.07744164457799,0,60,3.0,7,0.9782927445783056
8.53,0.3401700499968971,117.14080910839245,0,60,3.0,7,0.9327249201974693
8.535,0.3564239911198326,114.34232070302158,0,60,3.0,7,0.8668781341887432
8.54,0.3705118017738417,110.89084986176812,0,60,3.0,7,0.7856670555710146
8.545,0.3821214567925213,107.02717543587835,0,60,3.0,7,0.6947570690794905
8.55,0.39098947374066967,102.99739961797562,0,60,3.0,7,0.5999388145406027
8.555,0.3969108472035567,99.02858404930407,0,60,3.0,7,0.5065549188071546
8.56,0.3997469255491936,95.309845089302,0,60,3.0,7,0.4190551785718118
8.565,0.3994308076379137,91.98081845212747,0,60,3.0,7,0.340725140050058
8.57,0.3959699661768434,89.12790132529386,0,60,3.0,7,0.27359767824220854
8.575,0.38944595408114946,86.78734731342963,0,60,3.0,7,0.21852581913952082
8.58,0.38001120995358023,84.9533724015562,0,60,3.0,7,0.17537346827191044
8.585,0.3678831374098315,83.58903512890868,0,60,3.0,7,0.14327141479785122
8.59,0.35333577933796634,82.63774874869135,0,60,3.0,7,0.1208882058515612
8.595,0.33668953221163944,82.0337334377467,0,60,3.0,7,0.10667608088815775
8.6,0.3182994390982644,81.71034347243264,0,60,3.0,7,0.09906690523370919
8.605,0.29854265738230645,81.60583753471548,0,60,3.0,7,0.09660794199330533
8.61,0.2778057157821067,81.66667643687869,0,60,3.0,7,0.0980394455736162
8.615,0.2564721553719815,81.84876988678565,0,60,3.0,7,0.10232399733613286
8.62,0.23491109433464996,82.11724772973115,0,60,3.0,7,0.10864112305249758
8.625,0.21346717185309805,82.44533609838746,0,60,3.0,7,0.11636084937382253
8.63,0.19245222055656455,82.81282786982345,0,60,3.0,7,0.1250077145840812
8.635,0.17213889801761392,83.2045024139376,0,60,3.0,7,0.13422358621029656
8.64,0.15275638501270183,83.60871282730876,0,60,3.0,7,0.14373441946608856
8.645,0.13448814019607322,84.01624472320185,0,60,3.0,7,0.15332340525180826
8.65,0.11747159495449566,84.41946941505593,0,60,3.0,7,0.1628110450601395
8.655,0.10179958433370105,84.81176549258696,0,60,3.0,7,0.17204154100204605
8.66,0.08752324394101413,85.18715992974894,0,60,3.0,7,0.18087435128821044
8.665,0.07465606047174059,85.54013465057005,0,60,3.0,7,0.18917963883694242
8.67,0.0631787448609295,85.86554926666517,0,60,3.0,7,0.1968364533332981
8.675,0.05304460019959574,86.1586397512219,0,60,3.0,7,0.20373270002875055
8.68,0.044185078305849994,86.41506250951961,0,60,3.0,7,0.20976617669457917
8.685,0.03651525513023255,86.6309617919093,0,60,3.0,7,0.2148461598096306
8.69,0.0299390014708757,86.80304503126104,0,60,3.0,7,0.21889517720614202
8.695,0.024353677220580638,86.92865552465399,0,60,3.0,7,0.22185071822715272
8.7,0.01965423034339045,87.00583527328615,0,60,3.0,7,0.22366671231261534
8.705,0.015736632374757337,87.03337316307264,0,60,3.0,7,0.22431466266053268
8.71,0.012500627640593535,87.01083537210316,0,60,3.0,7,0.22378436169654492
8.715,0.009851811652115898,86.938576193165,0,60,3.0,7,0.22208414572152954
8.72,0.007703084175428559,86.81772852740197,0,60,3.0,7,0.2192406712329875
8.725,0.005975544002062424,86.65017423074696,0,60,3.0,7,0.21529821719404602
8.73,0.004598905818663047,86.43849531771997,0,60,3.0,7,0.2103175368875287
8.735,0.0035115256454839104,86.18590775527554,0,60,3.0,7,0.20437430012413027
8.74,0.002660121266303676,85.8961802035904,0,60,3.0,7,0.19755718126095068
8.745,0.0019992692560877024,85.57354056557351,0,60,3.0,7,0.1899656603664355
8.75,0.0014907520044639367,85.22257357723743,0,60,3.0,7,0.1817076135820571
8.755,0.0011028178277539807,84.84811289585821,0,60,3.0,7,0.17289677402019313
8.76,0.0008094059938923333,84.4551312173353,0,60,3.0,7,0.16365014629024252
8.765,0.0005893771793717645,84.04863188079896,0,60,3.0,7,0.15408545601879917
8.77,0.0004257792353490551,83.63354520691325,0,60,3.0,7,0.1443187107509001
8.775,0.0003051686392901525,83.21463248261027,0,60,3.0,7,0.13446194076730048
8.78,0.00021699992642659966,82.79640007066425,0,60,3.0,7,0.12462117813327642
8.785,0.00015308884054097838,82.38302561301214,0,60,3.0,7,0.11489472030616793
8.79,0.00010714989329311098,81.97829773979932,0,60,3.0,7,0.1053717115246898
8.795,7.440535854020571e-05,81.58557012016932,0,60,3.0,7,0.09613106165104288
8.8,5.1260276743925106e-05,81.20773012323724,0,60,3.0,7,0.08724070878205271
8.805,3.503659887882241e-05,80.84718182348887,0,60,3.0,7,0.07875721937620864
8.81,2.375894748103639e-05,80.50584260541186,0,60,3.0,7,0.07072570836263192
8.815,1.5984413869232557e-05,80.18515221437653,0,60,3.0,7,0.06318005210297717
8.82,1.0669166579899869e-05,79.88609277648273,0,60,3.0,7,0.05614335944665239
8.825,7.06526633560511e-06,79.60921807587849,0,60,3.0,7,0.0496286606089056
8.83,4.641847214699205e-06,79.35469023543456,0,60,3.0,7,0.04363977024551907
8.835,3.025641074479182e-06,79.12232189244838,0,60,3.0,7,0.03817227982231489
8.84,1.9566278676921314e-06,78.91162198804986,0,60,3.0,7,0.03321463501293786
8.845,1.2553456560008793e-06,78.72184338679695,0,60,3.0,7,0.02874925615992819
8.85,7.990660428214668e-07,78.55203069891354,0,60,3.0,7,0.024753663503848014
8.855,5.046221251618276e-07,78.4010668777479,0,60,3.0,7,0.021201573594068095
8.86,3.1616527078858815e-07,78.2677173949188,0,60,3.0,7,0.018063938703971872
8.865,1.9652884407760343e-07,78.15067104128426,0,60,3.0,7,0.015309906853747179
8.87,1.2120002189836396e-07,78.04857665043636,0,60,3.0,7,0.012907685892620226
8.875,7.415549848886236e-08,77.96007528166045,0,60,3.0,7,0.010825300744951792
8.88,4.501406988770349e-08,77.88382762196936,0,60,3.0,7,0.009031238163984934
8.885,0.0,77.81853656491259,0,60,3.0,7,0.007494977997943325
8.89,0.0,77.76296509259281,0,60,3.0,7,0.006187413943360177
8.895,0.0,77.71594972407637,0,60,3.0,7,0.005081169978267459
8.9,0.0,77.6764098974902,0,60,3.0,7,0.004150821117416533
8.905,0.0,77.64335372555104,0,60,3.0,7,0.003373028836494996
8.91,0.0,77.61588060740796,0,60,3.0,7,0.0027266025272461
8.915,0.0,77.59318119681424,0,60,3.0,7,0.002192498748570415
8.92,0.0,77.5745352217389,0,60,3.0,7,0.001753769923268197
8.925,0.0,77.55930762785665,0,60,3.0,7,0.0013954735966271582
8.93,0.0,77.54694348223622,0,60,3.0,7,0.001104552523205083
8.935,0.0,77.53696202809876,0,60,3.0,7,0.0008696947787942623
8.94,0.0,77.52895023050213,0,60,3.0,7,0.0006811818941678345
8.945,0.0,77.52255609948452,0,60,3.0,7,0.0005307317525768988
8.95,0.0,77.5174820242859,0,60,3.0,7,0.0004113417479034604
8.955,0.0,77.51347830188524,0,60,3.0,7,0.0003171365149468971
8.96,0.0,77.51033699680363,0,60,3.0,7,0.00024322345420306889
8.965,0.0,77.50788622796446,0,60,3.0,7,0.00018555830504617596
8.97,0.0,77.50598494293993,0,60,3.0,7,0.00014082218682193236
8.975,0.0,77.50451821032726,0,60,3.0,7,0.00010631083122970107
8.98,0.0,77.50339303715964,0,60,3.0,7,7.983616846211268e-05
8.985,0.0,77.50253469979884,0,60,3.0,7,5.963999526690767e-05
8.99,0.0,77.50188356315793,0,60,3.0,7,4.431913312781516e-05
8.995,0.0,77.5013923537419,0,60,3.0,7,3.276126451543646e-05
9.0,0.0,77.501023846212,0,60,3.0,7,2.4090499105715722e-05
9.005,0.0,77.50074892031576,0,60,3.0,7,1.7621654488413484e-05
9.01,0.0,77.5005449444552,0,60,3.0,7,1.2822222475292353e-05
9.015,0.0,77.50039444332097,0,60,3.0,7,9.281019316965873e-06
9.02,0.0,77.50028400940215,0,60,3.0,7,6.682574168253803e-06
9.025,0.0,77.5002034213682,0,60,3.0,7,4.786385134072107e-06
9.03,0.0,77.50014493596511,0,60,3.0,7,3.410258002598793e-06
9.035,0.0,77.50010272390129,0,60,3.0,7,2.417032971593739e-06
9.04,0.0,77.50007242401301,0,60,3.0,7,1.704094423824726e-06
9.045,0.0,77.50005079364838,0,60,3.0,7,1.1951446678642029e-06
9.05,0.0,77.50003543659405,0,60,3.0,7,8.338022128635417e-07
9.055,0.0,77.50002459293042,0,60,3.0,7,5.786571862512681e-07
9.06,0.0,77.50001697791406,0,60,3.0,7,3.994803307705297e-07
9.065,0.001684486749771458,77.5000116593442,0,60,3.0,7,2.7433751049155786e-07
9.07,0.003097557930867117,77.50000796488771,0,60,3.0,7,1.874091226989763e-07
9.075,0.005475106668887023,77.5000054125377,0,60,3.0,7,1.2735382831445296e-07
9.08,0.00930222931468658,77.50000365879397,0,60,3.0,7,8.608926992458103e-08
9.085,0.01519157517868857,77.50000246031502,0,60,3.0,7,5.7889765096607495e-08
9.09,0.023847336626128316,77.50000164573241,0,60,3.0,7,3.8723115548076324e-08
9.095,0.0359830743700859,77.500001095074,0,60,3.0,7,2.5766447004785092e-08
9.1,0.05218887796857759,77.50000072484218,0,60,3.0,7,1.7055110139849337e-08
9.105,0.0727577001223134,77.50000047726456,0,60,3.0,7,1.1229754443989162e-08
9.11,0.0974992498694751,77.50000031260122,0,60,3.0,7,7.355322729969938e-09
9.115,0.12558706050443358,77.50000020367507,0,60,3.0,7,4.79235462294395e-09
9.12,0.15549263588878245,77.50000013200818,0,60,3.0,7,3.106074874428005e-09
9.125,0.1850529723539114,77.50000008510979,0,60,3.0,7,2.0025832809016505e-09
9.13,0.21169159439317053,77.50000005458509,0,60,3.0,7,1.284354980538517e-09
9.135,0.23277292922115492,77.50000003482444,0,60,3.0,7,8.193985516246518e-10
9.14,0.24602692519491282,77.5000000221009,0,60,3.0,7,5.200213175104342e-10
9.145,0.24995056064839283,77.50000001395249,0,60,3.0,7,3.2829381566176274e-10
9.15,0.24408826520424054,77.50000000876211,0,60,3.0,7,2.0616740210457733e-10
9.155,0.22911894216865275,77.50000000547372,0,60,3.0,7,1.2879347784345396e-10
9.16,0.20672661788705934,77.50000000340151,0,60,3.0,7,8.003553375601768e-11
9.165,0.17928878030241233,77.5000000021027,0,60,3.0,7,4.9475174284238806e-11
9.17,0.14946211903866036,77.50000000129299,0,60,3.0,7,3.0423266520408696e-11
9.175,0.1197651512573837,77.50000000079092,0,60,3.0,7,1.86098665889243e-11
9.18,0.09224675744988023,77.50000000048126,0,60,3.0,7,1.1323877783177202e-11
9.185,0.06829565320281596,77.50000000029131,0,60,3.0,7,6.854313195457079e-12
9.19,0.04860224607515734,77.5000000001754,0,60,3.0,7,4.1271665823467845e-12
9.195,0.03324612389699793,77.50000000010506,0,60,3.0,7,2.4720199743409036e-12
9.2,0.021859876340472782,77.5000000000626,0,60,3.0,7,1.4729132945991723e-12
9.205,0.01381595518554205,77.5000000000371,0,60,3.0,7,8.730480390915867e-13
9.21,0.008394095110402422,77.50000000002187,0,60,3.0,7,5.146001272163737e-13
9.215,0.0049052535271608,77.50000000001283,0,60,3.0,7,3.0193886606652727e-13
9.22,0.0027671663551903634,77.50000000000749,0,60,3.0,7,1.7621459846850485e-13
9.225,0.0015425553464444616,77.50000000000435,0,60,3.0,7,1.0231815394945443e-13
9.23,0.0009638206637011801,77.5000000000025,0,60,3.0,7,5.884965717354242e-14
9.235,0.0009804935156568228,77.50000000000144,0,60,3.0,7,3.377167826436241e-14
9.24,0.0018793744894085216,77.50000000000082,0,60,3.0,7,1.9393637023099206e-14
9.245,0.004535525206900863,77.50000000000047,0,60,3.0,7,1.1034310720039203e-14
9.25,0.010832767979632273,77.50000000000027,0,60,3.0,7,6.353087990325602e-15
9.255,0.024208003392322392,77.50000000000014,0,60,3.0,7,3.343730521224001e-15
9.26,0.0500971897335304,77.50000000000009,0,60,3.0,7,2.0062383127344005e-15
9.265,0.09582894921774403,77.50000000000004,0,60,3.0,7,1.0031191563672002e-15
9.27,0.16937896721820658,77.50000000000003,0,60,3.0,7,6.687461042448002e-16
9.275,0.27661303008991756,77.50000000000001,0,60,3.0,7,3.343730521224001e-16
9.28,0.4173782800009149,77.5,0,60,3.0,7,0.0
9.285,0.5818720934538056,77.5,0,60,3.0,7,0.0
9.29,0.7494718801585675,77.5,0,60,3.0,7,0.0
9.295,0.891813020752378,77.5,0,60,3.0,7,0.0
9.3,0.9800361632936612,77.5,0,60,3.0,7,0.0
9.305,0.993574479225126,77.50000249379623,1,60,3.0,7,5.8677558372972485e-08
9.31,0.9263438449375362,77.50000382794776,0,60,3.0,7,9.006935917622125e-08
9.315,0.7873015962290536,77.50000600036053,0,60,3.0,7,1.4118495361050436e-07
9.32,0.5959516244629897,77.50000970943701,0,60,3.0,7,2.2845734138975198e-07
9.325,0.376910120078773,77.5000163868594,0,60,3.0,7,3.8557316235496463e-07
9.33,0.15739335672107918,77.50002902423199,0,60,3.0,7,6.829231056947131e-07
9.335,-0.033361226269301235,77.50005389476512,0,60,3.0,7,1.268112120388811e-06
9.34,-0.1680180840843834,77.50010404947875,0,60,3.0,7,2.4482230294191086e-06
9.345,-0.23069703190837854,77.50020622040319,0,60,3.0,7,4.852244780843595e-06
9.35,-0.22587267821131068,77.50041404783398,0,60,3.0,7,9.742301976115521e-06
9.355,-0.17718181630665902,77.50083263801669,0,60,3.0,7,1.959148274562829e-05
9.36,-0.11494332516451301,77.50166268015035,0,60,3.0,7,3.912188589050161e-05
9.365,-0.061810214049552864,77.5032770278292,0,60,3.0,7,7.710653715762687e-05
9.37,-0.026546104631500547,77.50634895429774,0,60,3.0,7,0.0001493871599467077
9.375,-0.00719600351942686,77.5120590120072,0,60,3.0,7,0.0002837414589929294
9.38,0.0022072757983807078,77.52241562190353,0,60,3.0,7,0.0005274263977302032
9.385,0.006917199873730717,77.54073109806174,0,60,3.0,7,0.0009583787779233182
9.39,0.01004859748264829,77.57229617891642,0,60,3.0,7,0.0017010865627392323
9.395,0.013037082251128167,77.62528706971409,0,60,3.0,7,0.0029479310520962505
9.4,0.01645163937690478,77.7119131132812,0,60,3.0,7,0.004986190900734086
9.405,0.020526639934696615,77.84976424958334,0,60,3.0,7,0.008229747049019874
9.41,0.02539629541761738,78.06324165455797,0,60,3.0,7,0.013252744813128709
9.415,0.031171612185577933,78.38485440731901,0,60,3.0,7,0.020820103701623793
9.42,0.03795853426638131,78.85605110071748,0,60,3.0,7,0.031907084722764226
9.425,0.0458588961882057,79.52715125776614,0,60,3.0,7,0.047697676653320836
9.43,0.054966995891435555,80.45588226229052,0,60,3.0,7,0.06955017087742389
9.435,0.06536491004445595,81.70405544530206,0,60,3.0,7,0.09891895165416613
9.44,0.07711726085088699,83.33206946519013,0,60,3.0,7,0.1372251638868266
9.445,0.09026570629555215,85.39123254573106,0,60,3.0,7,0.1856760598995543
9.45,0.10482339848670268,87.9143369512103,0,60,3.0,7,0.24504322238141887
9.455,0.12076968927580028,90.90544393360824,0,60,3.0,7,0.3154222102025468
9.46,0.13804539501007884,94.33034336266256,0,60,3.0,7,0.396008079121472
9.465,0.15654895051787066,98.10950421064753,0,60,3.0,7,0.4849295108387654
9.47,0.17613378141900526,102.11539119616134,0,60,3.0,7,0.5791856752037963
9.475,0.19660720058055794,106.17568759500095,0,60,3.0,7,0.6747220610588459
9.48,0.21773108748496234,110.08321153763839,0,60,3.0,7,0.7666638008856091
9.485,0.23922453870058807,113.61222628224048,0,60,3.0,7,0.8496994419350702
9.49,0.2607685857914563,116.53961398056285,0,60,3.0,7,0.9185791524838317
9.495,0.2820129681603682,118.66827111065578,0,60,3.0,7,0.9686652026036654
9.5,0.30258482867153996,119.84936740314373,0,60,3.0,7,0.9964557036033819
9.505,0.3220990771751686,120.0,0,60,3.0,7,1.0
9.51,0.3401700499968971,119.11335164043977,0,60,3.0,7,0.9791376856574064
9.515,0.3564239911198326,117.2596422087817,0,60,3.0,7,0.9355209931478047
9.52,0.3705118017738417,114.57771066593102,0,60,3.0,7,0.8724167215513182
9.525,0.3821214567925213,111.25864733544083,0,60,3.0,7,0.7943211137750783
9.53,0.39098947374066967,107.52417358062645,0,60,3.0,7,0.7064511430735636
9.535,0.3969108472035567,103.60317581973628,0,60,3.0,7,0.614192372229089
9.54,0.3997469255491936,99.70982687224779,0,60,3.0,7,0.5225841616999479
9.545,0.3994308076379137,96.02611916232044,0,60,3.0,7,0.43590868617224565
9.55,0.3959699661768434,92.69058107724302,0,60,3.0,7,0.3574254371116006
9.555,0.38944595408114946,89.79371843965717,0,60,3.0,7,0.28926396328605103
9.56,0.38001120995358023,87.37958938048318,0,60,3.0,7,0.2324609265996043
9.565,0.3678831374098315,85.45209135214775,0,60,3.0,7,0.1871080318152411
9.57,0.35333577933796634,83.98411918621723,0,60,3.0,7,0.15256751026393478
9.575,0.33668953221163944,82.92773974008752,0,60,3.0,7,0.12771152329617688
9.58,0.3182994390982644,82.22383282330381,0,60,3.0,7,0.11114900760714845
9.585,0.29854265738230645,81.81013488536829,0,60,3.0,7,0.10141493847925377
9.59,0.2778057157821067,81.62715266498432,0,60,3.0,7,0.09710947447021935
9.595,0.2564721553719815,81.62187846806819,0,60,3.0,7,0.09698537571925152
9.6,0.23491109433464996,81.74957199839405,0,60,3.0,7,0.09998992937397755
9.605,0.21346717185309805,81.9740569196691,0,60,3.0,7,0.10527192752162577
9.61,0.19245222055656455,82.2670305887381,0,60,3.0,7,0.11216542561736693
9.615,0.17213889801761392,82.6068399772209,0,60,3.0,7,0.12016094064049178
9.62,0.15275638501270183,82.97707830332679,0,60,3.0,7,0.12887243066651274
9.625,0.13448814019607322,83.36524231629802,0,60,3.0,7,0.13800570155995348
9.63,0.11747159495449566,83.76158527846451,0,60,3.0,7,0.14733141831681196
9.635,0.10179958433370105,84.15821910240557,0,60,3.0,7,0.156663978880131
9.64,0.08752324394101413,84.54846447631488,0,60,3.0,8,0.16584622297211474
9.645,0.07465606047174059,84.92641729835339,0,60,3.0,8,0.17473923054949142
9.65,0.0631787448609295,85.2866873918496,0,60,3.0,8,0.18321617392587286
9.655,0.05304460019959574,85.6242648120442,0,60,3.0,8,0.19115917204809887
9.66,0.044185078305849994,85.93447459191242,0,60,3.0,8,0.19845822569205693
9.665,0.03651525513023255,86.21298860076058,0,60,3.0,8,0.20501149648848427
9.67,0.0299390014708757,86.45587095455626,0,60,3.0,8,0.21072637540132377
9.675,0.024353677220580638,86.65963999461131,0,60,3.0,8,0.2155209410496779
9.68,0.01965423034339045,86.82133492105665,0,60,3.0,8,0.21932552755427404
9.685,0.015736632374757337,86.93857885017128,0,60,3.0,8,0.2220842082393243
9.69,0.012500627640593535,87.00963266008729,0,60,3.0,8,0.2237560625902892
9.695,0.009851811652115898,87.03343582049601,0,60,3.0,8,0.2243161369528473
9.7,0.007703084175428559,87.00963173891398,0,60,3.0,8,0.2237560409156231
9.705,0.005975544002062424,86.938576193165,0,60,3.0,8,0.22208414572152954
9.71,0.004598905818663047,86.82132827999462,0,60,3.0,8,0.219325371293991
9.715,0.0035115256454839104,86.65962406044066,0,60,3.0,8,0.2155205661280156
9.72,0.002660121266303676,86.45583375264079,0,60,3.0,8,0.21072550006213614
9.725,0.0019992692560877024,86.21290391749133,0,60,3.0,8,0.2050095039409725
9.73,0.0014907520044639367,85.93428659481444,0,60,3.0,8,0.19845380223092796
9.735,0.0011028178277539807,85.62385776540609,0,60,3.0,8,0.1911495944801432
9.74,0.0008094059938923333,85.28582782555713,0,60,3.0,8,0.18319594883663848
9.745,0.0005893771793717645,84.92464695644118,0,60,3.0,8,0.17469757544567482
9.75,0.0004257792353490551,84.54490834692771,0,60,3.0,8,0.1657625493394756
9.755,0.0003051686392901525,84.1512521860989,0,60,3.0,8,0.1565000514376212
9.76,0.00021699992642659966,83.74827318768754,0,60,3.0,8,0.14701819265147165
9.765,0.00015308884054097838,83.34043415451329,0,60,3.0,8,0.13742198010619505
9.77,0.00010714989329311098,82.93198775273756,0,60,3.0,8,0.1278114765350013
9.775,7.440535854020571e-05,82.52690826257488,0,60,3.0,8,0.11828019441352654
9.78,5.1260276743925106e-05,82.12883462523583,0,60,3.0,8,0.10891375588790177
9.785,3.503659887882241e-05,81.74102563739208,0,60,3.0,8,0.09978883852687258
9.79,2.375894748103639e-05,81.36632767600855,0,60,3.0,8,0.09097241590608358
9.795,1.5984413869232557e-05,81.00715488812935,0,60,3.0,8,0.08252129148539646
9.8,1.0669166579899869e-05,80.66548136982472,0,60,3.0,8,0.07448191458411102
9.805,7.06526633560511e-06,80.34284450049499,0,60,3.0,8,0.06689045883517625
9.81,4.641847214699205e-06,80.04035830388436,0,60,3.0,8,0.059773136561984956
9.815,3.025641074479182e-06,79.75873548233507,0,60,3.0,8,0.0531467172314134
9.82,1.9566278676921314e-06,79.4983166189272,0,60,3.0,8,0.04701921456299307
9.825,1.2553456560008793e-06,79.25910496239372,0,60,3.0,8,0.04139070499749932
9.83,7.990660428214668e-07,79.04080519796145,0,60,3.0,8,0.03625423995203405
9.835,5.046221251618276e-07,78.84286465667756,0,60,3.0,8,0.03159681545123677
9.84,3.1616527078858815e-07,78.66451551736972,0,60,3.0,8,0.02740036511458169
9.845,1.9652884407760343e-07,78.50481669878073,0,60,3.0,8,0.023642745853664215
9.85,1.2120002189836396e-07,78.36269431353409,0,60,3.0,8,0.020298689730213936
9.855,7.415549848886236e-08,78.23697974928406,0,60,3.0,8,0.01734069998315436
9.86,4.501406988770349e-08,78.12644464506172,0,60,3.0,8,0.014739874001452335
9.865,0.0,78.02983223281902,0,60,3.0,8,0.012466640772212191
9.87,0.0,77.94588470720849,0,60,3.0,8,0.010491404875493934
9.875,0.0,77.87336646401664,0,60,3.0,8,0.008785093270979788
9.88,0.0,77.81108320437647,0,60,3.0,8,0.00731960480885819
9.885,0.0,77.75789703460497,0,60,3.0,8,0.006068165520116843
9.89,0.0,77.7127377985272,0,60,3.0,8,0.0050055952594635425
9.895,0.0,77.67461096019198,0,60,3.0,8,0.0041084931809878605
9.9,0.0,77.64260241090227,0,60,3.0,8,0.003355350844759307
9.905,0.0,77.61588060740796,0,60,3.0,8,0.0027266025272461
9.91,0.0,77.5936964605813,0,60,3.0,8,0.0022046226019129147
9.915,0.0,77.57538138902093,0,60,3.0,8,0.0017736797416690105
9.92,0.0,77.56034393314094,0,60,3.0,8,0.001419857250375103
9.925,0.0,77.5480652957481,0,60,3.0,8,0.0011309481352494754
9.93,0.0,77.53809413809743,0,60,3.0,8,0.0008963326611161151
9.935,0.0,77.53004091886824,0,60,3.0,8,0.0007068451498408944
9.94,0.0,77.52357201997987,0,60,3.0,8,0.0005546357642321495
9.945,0.0,77.51840385980424,0,60,3.0,8,0.0004330319953938295
9.95,0.0,77.51429715282914,0,60,3.0,8,0.0003364035959798591
9.955,0.0,77.51105143644553,0,60,3.0,8,0.00026003379871828174
9.96,0.0,77.5084999511344,0,60,3.0,8,0.0001999988502210967
9.965,0.0,77.50650493041393,0,60,3.0,8,0.0001530571862100019
9.97,0.0,77.50495333166883,0,60,3.0,8,0.00011654898044305221
9.975,0.0,77.50375301836885,0,60,3.0,8,8.830631456128364e-05
9.98,0.0,77.50282938794548,0,60,3.0,8,6.65738340113448e-05
9.985,0.0,77.5021224273595,0,60,3.0,8,4.9939467282242466e-05
9.99,0.0,77.50158416968905,0,60,3.0,8,3.7274580918900775e-05
9.995,0.0,77.50117651939523,0,60,3.0,8,2.7682809299529468e-05
10.0,0.0,77.5008694107589,0,60,3.0,8,2.0456723738708902e-05
10.005,0.0,77.50063926283588,0,60,3.0,8,1.5041478491184535e-05
10.01,0.0,77.50046769468173,0,60,3.0,8,1.1004580746617542e-05
10.015,0.0,77.50034046614508,0,60,3.0,8,8.010968119432458e-06
10.02,0.0,77.50024661186245,0,60,3.0,8,5.80263205767337e-06
10.025,0.0,77.50017773891317,0,60,3.0,8,4.182092074496027e-06
10.03,0.0,77.5001274616702,0,60,3.0,8,2.9990981224326627e-06
10.035,0.0,77.50009095052647,0,60,3.0,8,2.1400123875323246e-06
10.04,0.0,77.500064574248,0,60,3.0,8,1.5193940705959155e-06
10.045,0.0,77.50004561860754,0,60,3.0,8,1.0733790010336259e-06
10.05,0.0,77.50003206662257,0,60,3.0,8,7.545087662626483e-07
10.055,0.0,77.5000224281237,0,60,3.0,8,5.277205576369263e-07
10.06,0.0,77.50001560850087,0,60,3.0,8,3.6725884409433465e-07
10.065,0.0,77.50001080831444,0,60,3.0,8,2.5431328100132624e-07
10.07,0.001684486749771458,77.50000744703297,0,60,3.0,8,1.7522430519367096e-07
10.075,0.003097557930867117,77.50000510548624,0,60,3.0,8,1.2012908795815533e-07
10.08,0.005475106668887023,77.5000034827273,0,60,3.0,8,8.194652456736282e-08
10.085,0.00930222931468658,77.50000236390684,0,60,3.0,8,5.5621337517496775e-08
10.09,0.01519157517868857,77.50000159650313,0,60,3.0,8,3.7564779417794744e-08
10.095,0.023847336626128316,77.50000107284681,0,60,3.0,8,2.5243454448333496e-08
10.1,0.0359830743700859,77.50000071735509,0,60,3.0,8,1.6878943356727284e-08
10.105,0.05218887796857759,77.50000047726456,0,60,3.0,8,1.1229754443989162e-08
10.11,0.0727577001223134,77.5000003159459,0,60,3.0,8,7.4340211058905185e-09
10.115,0.0974992498694751,77.50000020811088,0,60,3.0,8,4.89672649617954e-09
10.12,0.12558706050443358,77.50000013639716,0,60,3.0,8,3.209344988456852e-09
10.125,0.15549263588878245,77.50000008894969,0,60,3.0,8,2.092933888942592e-09
10.13,0.1850529723539114,77.50000005771811,0,60,3.0,8,1.358073204220786e-09
10.135,0.21169159439317053,77.50000003726561,0,60,3.0,8,8.768378232643419e-10
10.14,0.23277292922115492,77.50000002394049,0,60,3.0,8,5.633055747346267e-10
10.145,0.24602692519491282,77.50000001530334,0,60,3.0,8,3.6007864925041384e-10
10.15,0.24995056064839283,77.50000000973347,0,60,3.0,8,2.2902280333629974e-10
10.155,0.24408826520424054,77.50000000615996,0,60,3.0,8,1.4494035253044465e-10
10.16,0.22911894216865275,77.50000000387898,0,60,3.0,8,9.127013393427821e-11
10.165,0.20672661788705934,77.50000000243044,0,60,3.0,8,5.718681998533772e-11
10.17,0.17928878030241233,77.50000000151523,0,60,3.0,8,3.565252668255091e-11
10.175,0.14946211903866036,77.50000000093995,0,60,3.0,8,2.2116436786531908e-11
10.18,0.1197651512573837,77.50000000058017,0,60,3.0,8,1.3651114225949106e-11
10.185,0.09224675744988023,77.50000000035632,0,60,3.0,8,8.38406990891706e-12
10.19,0.06829565320281596,77.50000000021774,0,60,3.0,8,5.123263904619414e-12
10.195,0.04860224607515734,77.5000000001324,0,60,3.0,8,3.1153537266244016e-12
10.2,0.03324612389699793,77.5000000000801,0,60,3.0,8,1.884860894813969e-12
10.205,0.021859876340472782,77.50000000004822,0,60,3.0,8,1.1345277658513034e-12
10.21,0.01381595518554205,77.50000000002889,0,60,3.0,8,6.797804149648394e-13
10.215,0.008394095110402422,77.50000000001721,0,60,3.0,8,4.049257661202265e-13
10.22,0.0049052535271608,77.5000000000102,0,60,3.0,8,2.4007985142388327e-13
10.225,0.0027671663551903634,77.50000000000603,0,60,3.0,8,1.4177417409989764e-13
10.23,0.0015425553464444616,77.50000000000354,0,60,3.0,8,8.325888997847762e-14
10.235,0.0009638206637011801,77.50000000000206,0,60,3.0,8,4.848409255774801e-14
10.24,0.0009804935156568228,77.5000000000012,0,60,3.0,8,2.808733637828161e-14
10.245,0.0018793744894085216,77.5000000000007,0,60,3.0,8,1.6384279553997603e-14
10.25,0.004535525206900863,77.5000000000004,0,60,3.0,8,9.362445459427202e-15
10.255,0.010832767979632273,77.50000000000023,0,60,3.0,8,5.349968833958401e-15
10.26,0.024208003392322392,77.50000000000013,0,60,3.0,8,3.0093574691016007e-15
10.265,0.0500971897335304,77.50000000000007,0,60,3.0,8,1.6718652606120004e-15
10.27,0.09582894921774403,77.50000000000004,0,60,3.0,8,1.0031191563672002e-15
10.275,0.16937896721820658,77.50000000000003,0,60,3.0,8,6.687461042448002e-16
10.28,0.27661303008991756,77.50000000000001,0,60,3.0,8,3.343730521224001e-16
10.285,0.4173782800009149,77.5,0,60,3.0,8,0.0
10.29,0.5818720934538056,77.5,0,60,3.0,8,0.0
10.295,0.7494718801585675,77.5,0,60,3.0,8,0.0
10.3,0.891813020752378,77.5,0,60,3.0,8,0.0
10.305,0.9800361632936612,77.5,0,60,3.0,8,0.0
10.31,0.993574479225126,77.50000249005134,1,60,3.0,8,5.8589443383158035e-08
10.315,0.9263438449375362,77.50000394038275,0,60,3.0,8,9.271488833666595e-08
10.32,0.7873015962290536,77.50000639218067,0,60,3.0,8,1.504042509569605e-07
10.325,0.5959516244629897,77.50001077235028,0,60,3.0,8,2.534670653965483e-07
10.33,0.376910120078773,77.50001908666758,0,60,3.0,8,4.490980606586912e-07
10.335,0.15739335672107918,77.5000357548629,0,60,3.0,8,8.412908919260243e-07
10.34,-0.033361226269301235,77.5000705175213,0,60,3.0,8,1.659235795159475e-06
10.345,-0.1680180840843834,77.5001445789881,0,60,3.0,8,3.401858543504525e-06
10.35,-0.23069703190837854,77.5003031686916,0,60,3.0,8,7.133380978864486e-06
10.355,-0.22587267821131068,77.5006403428687,0,60,3.0,8,1.5066891028388508e-05
10.36,-0.17718181630665902,77.50134618528463,0,60,3.0,8,3.167494787369244e-05
10.365,-0.11494332516451301,77.50279324668047,0,60,3.0,8,6.572345130514216e-05
10.37,-0.061810214049552864,77.5056885995389,0,60,3.0,8,0.0001338494009152836
10.375,-0.026546104631500547,77.51133023532057,0,60,3.0,8,0.00026659377224873157
10.38,-0.00719600351942686,77.52202043086514,0,60,3.0,8,0.0005181277850621267
10.385,0.0022072757983807078,77.54170079619027,0,60,3.0,8,0.000981195204476936
10.39,0.006917199873730717,77.57687766493112,0,60,3.0,8,0.0018088862336733602
10.395,0.01004859748264829,77.63789263572853,0,60,3.0,8,0.003244532605377264
10.4,0.013037082251128167,77.74054920623045,0,60,3.0,8,0.0056599813230695205
10.405,0.01645163937690478,77.90802055981457,0,60,3.0,8,0.009600483760342914
10.41,0.020526639934696615,78.17282908364092,0,60,3.0,8,0.015831272556256944
10.415,0.02539629541761738,78.57851124527741,0,60,3.0,8,0.025376735182997916
10.42,0.031171612185577933,79.1803885212917,0,60,3.0,8,0.03953855344215774
10.425,0.03795853426638131,80.0447076348371,0,60,3.0,8,0.059875473760872835
10.43,0.0458588961882057,81.24536512508388,0,60,3.0,8,0.08812623823726774
10.435,0.054966995891435555,82.85757412646959,0,60,3.0,8,0.12606056768163731
10.44,0.06536491004445595,84.94822898129785,0,60,3.0,8,0.17525244661877282
10.445,0.07711726085088699,87.56338750820743,0,60,3.0,8,0.23678558842841005
10.45,0.09026570629555215,90.7141492895029,0,60,3.0,8,0.3109211597530094
10.455,0.10482339848670268,94.3630917299998,0,60,3.0,8,0.39677862894117166
10.46,0.12076968927580028,98.41408530862822,0,60,3.0,8,0.4920961249088992
10.465,0.13804539501007884,102.70847428298099,0,60,3.0,8,0.5931405713642585
10.47,0.15654895051787066,107.03007195676986,0,60,3.0,8,0.694825222512232
10.475,0.17613378141900526,111.12012910549245,0,60,3.0,8,0.7910618613057048
10.48,0.19660720058055794,114.70155663171694,0,60,3.0,8,0.8753307442756927
10.485,0.21773108748496234,117.50960206611181,0,60,3.0,8,0.941402401555572
10.49,0.23922453870058807,119.32441468611549,0,60,3.0,8,0.9841038749674232
10.495,0.2607685857914563,120.0,0,60,3.0,8,1.0
10.5,0.2820129681603682,119.48430356356428,0,60,3.0,8,0.9878659662015126
10.505,0.30258482867153996,117.826618813132,0,60,3.0,8,0.9488616191325177
10.51,0.3220990771751686,115.17088635739287,0,60,3.0,8,0.8863737966445382
10.515,0.3401700499968971,111.73617728815637,0,60,3.0,8,0.8055571126625028
10.52,0.3564239911198326,107.78805988304259,0,60,3.0,8,0.7126602325421787
10.525,0.3705118017738417,103.60606181643028,0,60,3.0,8,0.6142602780336537
10.53,0.3821214567925213,99.45274455247792,0,60,3.0,8,0.5165351659406571
10.535,0.39098947374066967,95.54902758884025,0,60,3.0,8,0.42468300209035875
10.54,0.3969108472035567,92.05866703799698,0,60,3.0,8,0.342556871482282
10.545,0.3997469255491936,89.08271495386987,0,60,3.0,8,0.2725344695028204
10.55,0.3994308076379137,86.66288698908318,0,60,3.0,8,0.21559734091960414
10.555,0.3959699661768434,84.7914392365105,0,60,3.0,8,0.1715632761531882
10.56,0.38944595408114946,83.42457875378753,0,60,3.0,8,0.1394018530302948
10.565,0.38001120995358023,82.49656511278434,0,60,3.0,8,0.11756623794786679
10.57,0.3678831374098315,81.93230111406058,0,60,3.0,8,0.10428943797789597
10.575,0.35333577933796634,81.65708944599176,0,60,3.0,8,0.09781386931745313
10.58,0.33668953221163944,81.60309706988252,0,60,3.0,8,0.09654346046782407
10.585,0.3182994390982644,81.71274607711119,0,60,3.0,8,0.09912343710849862
10.59,0.29854265738230645,81.93966161579142,0,60,3.0,8,0.10446262625391582
10.595,0.2778057157821067,82.2479621143257,0,60,3.0,8,0.11171675563119299
10.6,0.2564721553719815,82.6106363930207,0,60,3.0,8,0.12025026807107525
10.605,0.23491109433464996,83.00759804884157,0,60,3.0,8,0.12959054232568407
10.61,0.21346717185309805,83.42381432070776,0,60,3.0,8,0.1393838663695944
10.615,0.19245222055656455,83.84772730242526,0,60,3.0,8,0.14935828946882954
10.62,0.17213889801761392,84.2700476135659,0,60,3.0,8,0.1592952379662563
10.625,0.15275638501270183,84.68291151017121,0,60,3.0,8,0.16900968259226373
10.63,0.13448814019607322,85.07934584035235,0,60,3.0,8,0.17833754918476108
10.635,0.11747159495449566,85.45296939810551,0,60,3.0,8,0.18712869172012964
10.64,0.10179958433370105,85.79786185623578,0,60,3.0,8,0.19524380838201844
10.645,0.08752324394101413,86.10854277553481,0,60,3.0,8,0.2025539476596427
10.65,0.07465606047174059,86.38001673381514,0,60,3.0,8,0.20894157020741505
10.655,0.0631787448609295,86.60785292524119,0,60,3.0,8,0.21430242177038095
10.66,0.05304460019959574,86.78827731415377,0,60,3.0,8,0.21854770150950056
10.665,0.044185078305849994,86.91826250749796,0,60,3.0,8,0.22160617664701074
10.67,0.03651525513023255,86.99560542459125,0,60,3.0,8,0.22342600999038228
10.675,0.0299390014708757,87.0189862207937,0,60,3.0,8,0.22397614637161664
10.68,0.024353677220580638,86.98800431460441,0,60,3.0,8,0.22324716034363318
10.685,0.01965423034339045,86.90318917628503,0,60,3.0,8,0.22125151003023588
10.69,0.015736632374757337,86.76598501082319,0,60,3.0,8,0.21802317672525146
10.695,0.012500627640593535,86.57870974203561,0,60,3.0,8,0.21361669981260267
10.7,0.009851811652115898,86.34448983173559,0,60,3.0,8,0.20810564309966087
10.705,0.007703084175428559,86.06717345510422,0,60,3.0,8,0.20158055188480528
10.71,0.005975544002062424,85.75122538441936,0,60,3.0,8,0.19414647963339662
10.715,0.004598905818663047,85.40160758432508,0,60,3.0,8,0.1859201784547077
10.72,0.0035115256454839104,85.02364997133708,0,60,3.0,8,0.17702705814910774
10.725,0.002660121266303676,84.62291602458168,0,60,3.0,8,0.16759802410780433
10.73,0.0019992692560877024,84.20506795077087,0,60,3.0,8,0.15776630472402042
10.735,0.0014907520044639367,83.77573591248671,0,60,3.0,8,0.147664374411452
10.74,0.0011028178277539807,83.34039544429893,0,60,3.0,8,0.137421069277622
10.745,0.0008094059938923333,82.90425663486596,0,60,3.0,8,0.1271589796439049
10.75,0.0005893771793717645,82.47216798110777,0,60,3.0,8,0.11699218779077114
10.755,0.0004257792353490551,82.04853706370281,0,60,3.0,8,0.10702440149888964
10.76,0.0003051686392901525,81.63726939449548,0,60,3.0,8,0.09734751516459944
10.765,0.00021699992642659966,81.2417259881692,0,60,3.0,8,0.08804061148633396
10.77,0.00015308884054097838,80.8646994518398,0,60,3.0,8,0.07916939886681876
10.775,0.00010714989329311098,80.50840770089148,0,60,3.0,8,0.0707860635503878
10.78,7.440535854020571e-05,80.17450382440545,0,60,3.0,8,0.06292950175071643
10.785,5.1260276743925106e-05,79.86410015805667,0,60,3.0,8,0.055625886071921704
10.79,3.503659887882241e-05,79.57780428725738,0,60,3.0,8,0.0488895126413501
10.795,2.375894748103639e-05,79.31576450138492,0,60,3.0,8,0.04272387062082163
10.8,1.5984413869232557e-05,79.07772214650204,0,60,3.0,8,0.037122874035342125
10.805,1.0669166579899869e-05,78.86306836805602,0,60,3.0,8,0.03207219689543576
10.81,7.06526633560511e-06,78.6709028806394,0,60,3.0,8,0.027550656015044778
10.815,4.641847214699205e-06,78.5000926295495,0,60,3.0,8,0.023531591283517627
10.82,3.025641074479182e-06,78.34932849723454,0,60,3.0,8,0.0199841999349303
10.825,1.9566278676921314e-06,78.21717853497664,0,60,3.0,8,0.01687478905827387
10.83,1.2553456560008793e-06,78.10213654545474,0,60,3.0,8,0.014167918716582134
10.835,7.990660428214668e-07,78.00266518625371,0,60,3.0,8,0.011827416147146068
10.84,5.046221251618276e-07,77.91723309183077,0,60,3.0,8,0.009817249219547448
10.845,3.1616527078858815e-07,77.84434580911395,0,60,3.0,9,0.008102254332092851
10.85,1.9652884407760343e-07,77.78257060052039,0,60,3.0,9,0.006648720012244399
10.855,1.2120002189836396e-07,77.73055538198753,0,60,3.0,9,0.005424832517353613
10.86,7.415549848886236e-08,77.68704223011872,0,60,3.0,9,0.0044009936498522455
10.865,4.501406988770349e-08,77.65087601213253,0,60,3.0,9,0.003550023814883014
10.87,0.0,77.62100876770332,0,60,3.0,9,0.00284726512243096
10.875,0.0,77.59650050750213,0,60,3.0,9,0.002270600176520662
10.88,0.0,77.57651709501268,0,60,3.0,9,0.001800402235592374
10.885,0.0,77.56032585238711,0,60,3.0,9,0.001419431820873155
10.89,0.0,77.547289484281,0,60,3.0,9,0.0011126937477881176
10.895,0.0,77.5368588520975,0,60,3.0,9,0.0008672671081763597
10.9,0.0,77.52856506068116,0,60,3.0,9,0.0006721190748508246
10.905,0.0,77.52201124528382,0,60,3.0,9,0.0005179116537369603
10.91,0.0,77.51686437276233,0,60,3.0,9,0.00039680877087829795
10.915,0.0,77.51284730072327,0,60,3.0,9,0.00030228942878272175
10.92,0.0,77.50973127407018,0,60,3.0,9,0.00022897115459239318
10.925,0.0,77.50732898167006,0,60,3.0,9,0.000172446627530743
10.93,0.0,77.50548824744804,0,60,3.0,9,0.00012913523407158156
10.935,0.0,77.50408639034983,0,60,3.0,9,9.615036117238293e-05
10.94,0.0,77.50302525601475,0,60,3.0,9,7.118249446474532e-05
10.945,0.0,77.50222689906738,0,60,3.0,9,5.2397625114843e-05
10.95,0.0,77.50162987782451,0,60,3.0,9,3.835006645912846e-05
10.955,0.0,77.50118611196181,0,60,3.0,9,2.7908516748579237e-05
10.96,0.0,77.50085824728407,0,60,3.0,9,2.019405374285805e-05
10.965,0.0,77.50061746921084,0,60,3.0,9,1.4528687313820816e-05
10.97,0.0,77.5004417070119,0,60,3.0,9,1.0393106162395911e-05
10.975,0.0,77.50031417338934,0,60,3.0,9,7.392315043328862e-06
10.98,0.0,77.50022218800947,0,60,3.0,9,5.227953164087333e-06
10.985,0.0,77.50015623846248,0,60,3.0,9,3.6761991171876133e-06
10.99,0.0,77.50010923741436,0,60,3.0,9,2.570292102679078e-06
10.995,0.0,77.50007594006851,0,60,3.0,9,1.7868251414738017e-06
11.0,0.0,77.50005249122094,0,60,3.0,9,1.2350875515628158e-06
11.005,0.0,77.50003607600858,0,60,3.0,9,8.488472608004325e-07
11.01,0.001684486749771458,77.50002465280872,0,60,3.0,9,5.80066087503142e-07
11.015,0.003097557930867117,77.50001675060308,0,60,3.0,9,3.9413183719047726e-07
11.02,0.005475106668887023,77.50001131646036,0,60,3.0,9,2.6626965550616765e-07
11.025,0.00930222931468658,77.50000760163272,0,60,3.0,9,1.7886194628398002e-07
11.03,0.01519157517868857,77.5000050771416,0,60,3.0,9,1.194621551589722e-07
11.035,0.023847336626128316,77.50000337169115,0,60,3.0,9,7.93339094183038e-08
11.04,0.0359830743700859,77.50000222634475,0,60,3.0,9,5.238458229809219e-08
11.045,0.05218887796857759,77.50000146168287,0,60,3.0,9,3.439253813506666e-08
11.05,0.0727577001223134,77.50000095417937,0,60,3.0,9,2.2451279298419488e-08
11.055,0.0974992498694751,77.50000061933126,0,60,3.0,9,1.4572500236574663e-08
11.06,0.12558706050443358,77.50000039969811,0,60,3.0,9,9.404661394749863e-09
11.065,0.15549263588878245,77.50000025648225,0,60,3.0,9,6.034876525304486e-09
11.07,0.1850529723539114,77.50000016364345,0,60,3.0,9,3.850434094441452e-09
11.075,0.21169159439317053,77.50000010381405,0,60,3.0,9,2.442683420239893e-09
11.08,0.23277292922115492,77.50000006548316,0,60,3.0,9,1.5407803242423516e-09
11.085,0.24602692519491282,77.5000000410695,0,60,3.0,9,9.663411299912053e-10
11.09,0.24995056064839283,77.50000002561092,0,60,3.0,9,6.026097895194065e-10
11.095,0.24408826520424054,77.50000001587988,0,60,3.0,9,3.736441639750196e-10
11.1,0.22911894216865275,77.50000000979006,0,60,3.0,9,2.3035427682985114e-10
11.105,0.20672661788705934,77.50000000600122,0,60,3.0,9,1.412050711651853e-10
11.11,0.17928878030241233,77.50000000365772,0,60,3.0,9,8.606394551273243e-11
11.115,0.14946211903866036,77.50000000221664,0,60,3.0,9,5.215617741615621e-11
11.12,0.1197651512573837,77.50000000133566,0,60,3.0,9,3.142738879593226e-11
11.125,0.09224675744988023,77.50000000080023,0,60,3.0,9,1.8828880938064472e-11
11.13,0.06829565320281596,77.5000000004767,0,60,3.0,9,1.121654403344591e-11
11.135,0.04860224607515734,77.50000000028236,0,60,3.0,9,6.643658172619967e-12
11.14,0.03324612389699793,77.5000000001663,0,60,3.0,9,3.9128334559363255e-12
11.145,0.021859876340472782,77.50000000009737,0,60,3.0,9,2.2911241531426853e-12
11.15,0.01381595518554205,77.5000000000567,0,60,3.0,9,1.3341484779683763e-12
11.155,0.008394095110402422,77.50000000003283,0,60,3.0,9,7.724017504027442e-13
11.16,0.0049052535271608,77.50000000001889,0,60,3.0,9,4.443817862706697e-13
11.165,0.0027671663551903634,77.50000000001081,0,60,3.0,9,2.5445789266514647e-13
11.17,0.0015425553464444616,77.50000000000615,0,60,3.0,9,1.4478353156899923e-13
11.175,0.0009638206637011801,77.50000000000348,0,60,3.0,9,8.192139776998802e-14
11.18,0.0009804935156568228,77.50000000000196,0,60,3.0,9,4.614348119289121e-14
11.185,0.0018793744894085216,77.5000000000011,0,60,3.0,9,2.5746725013424807e-14
11.19,0.004535525206900863,77.50000000000061,0,60,3.0,9,1.4378041241263203e-14
11.195,0.010832767979632273,77.50000000000034,0,60,3.0,9,8.024953250937602e-15
11.2,0.024208003392322392,77.50000000000018,0,60,3.0,9,4.3468496775912015e-15
11.205,0.0500971897335304,77.5000000000001,0,60,3.0,9,2.3406113648568006e-15
11.21,0.09582894921774403,77.50000000000006,0,60,3.0,9,1.3374922084896003e-15
11.215,0.16937896721820658,77.50000000000003,0,60,3.0,9,6.687461042448002e-16
11.22,0.27661303008991756,77.50000000000001,0,60,3.0,9,3.343730521224001e-16
11.225,0.4173782800009149,77.50000000000001,0,60,3.0,9,3.343730521224001e-16
11.23,0.5818720934538056,77.5,0,60,3.0,9,0.0
11.235,0.7494718801585675,77.5,0,60,3.0,9,0.0
11.24,0.891813020752378,77.5,0,60,3.0,9,0.0
11.245,0.9800361632936612,77.5,0,60,3.0,9,0.0
11.25,0.993574479225126,77.5,1,60,3.0,9,0.0
11.255,0.9263438449375362,77.5,0,60,3.0,9,0.0
11.26,0.7873015962290536,77.5,0,60,3.0,9,0.0
11.265,0.5959516244629897,77.5,0,60,3.0,9,0.0
11.27,0.376910120078773,77.5,0,60,3.0,9,0.0
11.275,0.15739335672107918,77.5,0,60,3.0,9,0.0
11.28,-0.033361226269301235,77.5,0,60,3.0,9,0.0
11.285,-0.1680180840843834,77.5,0,60,3.0,9,0.0
11.29,-0.23069703190837854,77.5,0,60,3.0,9,0.0
11.295,-0.22587267821131068,77.5,0,60,3.0,9,0.0
11.3,-0.17718181630665902,77.5,0,60,3.0,9,0.0
11.305,-0.11494332516451301,77.5,0,60,3.0,9,0.0
11.31,-0.061810214049552864,77.5,0,60,3.0,9,0.0
11.315,-0.026546104631500547,77.5,0,60,3.0,9,0.0
11.32,-0.00719600351942686,77.5,0,60,3.0,9,0.0
11.325,0.0022072757983807078,77.5,0,60,3.0,9,0.0
11.33,0.006917199873730717,77.5,0,60,3.0,9,0.0
11.335,0.01004859748264829,77.5,0,60,3.0,9,0.0
11.34,0.013037082251128167,77.5,0,60,3.0,9,0.0
11.345,0.01645163937690478,77.5,0,60,3.0,9,0.0
11.35,0.020526639934696615,77.5,0,60,3.0,9,0.0
11.355,0.02539629541761738,77.5,0,60,3.0,9,0.0
11.36,0.031171612185577933,77.5,0,60,3.0,9,0.0
11.365,0.03795853426638131,77.5,0,60,3.0,9,0.0
11.37,0.0458588961882057,77.5,0,60,3.0,9,0.0
11.375,0.054966995891435555,77.5,0,60,3.0,9,0.0
11.38,0.06536491004445595,77.5,0,60,3.0,9,0.0
11.385,0.07711726085088699,77.5,0,60,3.0,9,0.0
11.39,0.09026570629555215,77.5,0,60,3.0,9,0.0
11.395,0.10482339848670268,77.5,0,60,3.0,9,0.0
11.4,0.12076968927580028,77.5,0,60,3.0,9,0.0
11.405,0.13804539501007884,77.5,0,60,3.0,9,0.0
11.41,0.15654895051787066,77.5,0,60,3.0,9,0.0
11.415,0.17613378141900526,77.5,0,60,3.0,9,0.0
11.42,0.19660720058055794,77.5,0,60,3.0,9,0.0
11.425,0.21773108748496234,77.5,0,60,3.0,9,0.0
11.43,0.23922453870058807,77.5,0,60,3.0,9,0.0
11.435,0.2607685857914563,77.5,0,60,3.0,9,0.0
11.44,0.2820129681603682,77.5,0,60,3.0,9,0.0
11.445,0.30258482867153996,77.5,0,60,3.0,9,0.0
11.45,0.3220990771751686,77.5,0,60,3.0,9,0.0
11.455,0.3401700499968971,77.5,0,60,3.0,9,0.0
11.46,0.3564239911198326,77.5,0,60,3.0,9,0.0
11.465,0.3705118017738417,77.5,0,60,3.0,9,0.0
11.47,0.3821214567925213,77.5,0,60,3.0,9,0.0
11.475,0.39098947374066967,77.5,0,60,3.0,9,0.0
11.48,0.3969108472035567,77.5,0,60,3.0,9,0.0
11.485,0.3997469255491936,77.5,0,60,3.0,9,0.0
11.49,0.3994308076379137,77.5,0,60,3.0,9,0.0
11.495,0.3959699661768434,77.5,0,60,3.0,9,0.0
11.5,0.38944595408114946,77.5,0,60,3.0,9,0.0
11.505,0.38001120995358023,77.5,0,60,3.0,9,0.0
11.51,0.3678831374098315,77.5,0,60,3.0,9,0.0
11.515,0.35333577933796634,77.5,0,60,3.0,9,0.0
11.52,0.33668953221163944,77.5,0,60,3.0,9,0.0
11.525,0.3182994390982644,77.5,0,60,3.0,9,0.0
11.53,0.29854265738230645,77.5,0,60,3.0,9,0.0
11.535,0.2778057157821067,77.5,0,60,3.0,9,0.0
11.54,0.2564721553719815,77.5,0,60,3.0,9,0.0
11.545,0.23491109433464996,77.5,0,60,3.0,9,0.0
11.55,0.21346717185309805,77.5,0,60,3.0,9,0.0
11.555,0.19245222055656455,77.5,0,60,3.0,9,0.0
11.56,0.17213889801761392,77.5,0,60,3.0,9,0.0
11.565,0.15275638501270183,77.5,0,60,3.0,9,0.0
11.57,0.13448814019607322,77.5,0,60,3.0,9,0.0
11.575,0.11747159495449566,77.5,0,60,3.0,9,0.0
11.58,0.10179958433370105,77.5,0,60,3.0,9,0.0
11.585,0.08752324394101413,77.5,0,60,3.0,9,0.0
11.59,0.07465606047174059,77.5,0,60,3.0,9,0.0
11.595,0.0631787448609295,77.5,0,60,3.0,9,0.0
11.6,0.05304460019959574,77.5,0,60,3.0,9,0.0
11.605,0.044185078305849994,77.5,0,60,3.0,9,0.0
11.61,0.03651525513023255,77.5,0,60,3.0,9,0.0
11.615,0.0299390014708757,77.5,0,60,3.0,9,0.0
11.62,0.024353677220580638,77.5,0,60,3.0,9,0.0
11.625,0.01965423034339045,77.5,0,60,3.0,9,0.0
11.63,0.015736632374757337,77.5,0,60,3.0,9,0.0
11.635,0.012500627640593535,77.5,0,60,3.0,9,0.0
11.64,0.009851811652115898,77.5,0,60,3.0,9,0.0
11.645,0.007703084175428559,77.5,0,60,3.0,9,0.0
11.65,0.005975544002062424,77.5,0,60,3.0,9,0.0
11.655,0.004598905818663047,77.5,0,60,3.0,9,0.0
11.66,0.0035115256454839104,77.5,0,60,3.0,9,0.0
11.665,0.002660121266303676,77.5,0,60,3.0,9,0.0
11.67,0.0019992692560877024,77.5,0,60,3.0,9,0.0
11.675,0.0014907520044639367,77.5,0,60,3.0,9,0.0
11.68,0.0011028178277539807,77.5,0,60,3.0,9,0.0
11.685,0.0008094059938923333,77.5,0,60,3.0,9,0.0
11.69,0.0005893771793717645,77.5,0,60,3.0,9,0.0
11.695,0.0004257792353490551,77.5,0,60,3.0,9,0.0
11.7,0.0003051686392901525,77.5,0,60,3.0,9,0.0
11.705,0.00021699992642659966,77.5,0,60,3.0,9,0.0
11.71,0.00015308884054097838,77.5,0,60,3.0,9,0.0
11.715,0.00010714989329311098,77.5,0,60,3.0,9,0.0
11.72,7.440535854020571e-05,77.5,0,60,3.0,9,0.0
11.725,5.1260276743925106e-05,77.5,0,60,3.0,9,0.0
11.73,3.503659887882241e-05,77.5,0,60,3.0,9,0.0
11.735,2.375894748103639e-05,77.5,0,60,3.0,9,0.0
11.74,1.5984413869232557e-05,77.5,0,60,3.0,9,0.0
11.745,1.0669166579899869e-05,77.5,0,60,3.0,9,0.0
11.75,7.06526633560511e-06,77.5,0,60,3.0,9,0.0
11.755,4.641847214699205e-06,77.5,0,60,3.0,9,0.0
11.76,3.025641074479182e-06,77.5,0,60,3.0,9,0.0
11.765,1.9566278676921314e-06,77.5,0,60,3.0,9,0.0
11.77,1.2553456560008793e-06,77.5,0,60,3.0,9,0.0
11.775,7.990660428214668e-07,77.5,0,60,3.0,9,0.0
11.78,5.046221251618276e-07,77.5,0,60,3.0,9,0.0
11.785,3.1616527078858815e-07,77.5,0,60,3.0,9,0.0
11.79,1.9652884407760343e-07,77.5,0,60,3.0,9,0.0
11.795,1.2120002189836396e-07,77.5,0,60,3.0,9,0.0
11.8,7.415549848886236e-08,77.5,0,60,3.0,9,0.0
11.805,4.501406988770349e-08,77.5,0,60,3.0,9,0.0
11.81,0.0,77.5,0,60,3.0,9,0.0
11.815,0.0,77.5,0,60,3.0,9,0.0
11.82,0.0,77.5,0,60,3.0,9,0.0
11.825,0.0,77.5,0,60,3.0,9,0.0
11.83,0.0,77.5,0,60,3.0,9,0.0
11.835,0.0,77.5,0,60,3.0,9,0.0
11.84,0.0,77.5,0,60,3.0,9,0.0
11.845,0.0,77.5,0,60,3.0,9,0.0
11.85,0.0,77.5,0,60,3.0,9,0.0
11.855,0.0,77.5,0,60,3.0,9,0.0
11.86,0.0,77.5,0,60,3.0,9,0.0
11.865,0.0,77.5,0,60,3.0,9,0.0
11.87,0.0,77.5,0,60,3.0,9,0.0
11.875,0.0,77.5,0,60,3.0,9,0.0
11.88,0.0,77.5,0,60,3.0,9,0.0
11.885,0.0,77.5,0,60,3.0,9,0.0
11.89,0.0,77.5,0,60,3.0,9,0.0
11.895,0.0,77.5,0,60,3.0,9,0.0
11.9,0.0,77.5,0,60,3.0,9,0.0
11.905,0.0,77.5,0,60,3.0,9,0.0
11.91,0.0,77.5,0,60,3.0,9,0.0
11.915,0.0,77.5,0,60,3.0,9,0.0
11.92,0.0,77.5,0,60,3.0,9,0.0
11.925,0.0,77.5,0,60,3.0,9,0.0
11.93,0.0,77.5,0,60,3.0,9,0.0
11.935,0.0,77.5,0,60,3.0,9,0.0
11.94,0.0,77.5,0,60,3.0,9,0.0
11.945,0.0,77.5,0,60,3.0,9,0.0
11.95,0.0,77.5,0,60,3.0,9,0.0
11.955,0.0,77.5,0,60,3.0,9,0.0
11.96,0.0,77.5,0,60,3.0,9,0.0
11.965,0.0,77.5,0,60,3.0,9,0.0
11.97,0.0,77.5,0,60,3.0,9,0.0
11.975,0.0,77.5,0,60,3.0,9,0.0
11.98,0.0,77.5,0,60,3.0,9,0.0
11.985,0.0,77.5,0,60,3.0,9,0.0
11.99,0.0,77.5,0,60,3.0,9,0.0
11.995,0.0,77.5,0,60,3.0,9,0.0
