Time,ECG,Pressure,R_Peaks,mean_hr,hrv_scale,Phase_Bin,Normalized_Pressure
0.0,0.001684486749771458,77.5,0,60,3.0,0,0.0
0.005,0.003097557930867117,77.5,0,60,3.0,0,0.0
0.01,0.005475106668887023,77.5,0,60,3.0,0,0.0
0.015,0.00930222931468658,77.5,0,60,3.0,0,0.0
0.02,0.01519157517868857,77.5,0,60,3.0,0,0.0
0.025,0.023847336626128316,77.5,0,60,3.0,0,0.0
0.03,0.0359830743700859,77.5,0,60,3.0,0,0.0
0.035,0.05218887796857759,77.5,0,60,3.0,0,0.0
0.04,0.0727577001223134,77.5,0,60,3.0,0,0.0
0.045,0.0974992498694751,77.5,0,60,3.0,0,0.0
0.05,0.12558706050443358,77.5,0,60,3.0,0,0.0
0.055,0.15549263588878245,77.5,0,60,3.0,0,0.0
0.06,0.1850529723539114,77.5,0,60,3.0,0,0.0
0.065,0.21169159439317053,77.5,0,60,3.0,0,0.0
0.07,0.23277292922115492,77.5,0,60,3.0,0,0.0
0.075,0.24602692519491282,77.5,0,60,3.0,0,0.0
0.08,0.24995056064839283,77.5,0,60,3.0,0,0.0
0.085,0.24408826520424054,77.5,0,60,3.0,0,0.0
0.09,0.22911894216865275,77.5,0,60,3.0,0,0.0
0.095,0.20672661788705934,77.5,0,60,3.0,0,0.0
0.1,0.17928878030241233,77.5,0,60,3.0,0,0.0
0.105,0.14946211903866036,77.5,0,60,3.0,0,0.0
0.11,0.1197651512573837,77.5,0,60,3.0,0,0.0
0.115,0.09224675744988023,77.5,0,60,3.0,0,0.0
0.12,0.06829565320281596,77.5,0,60,3.0,0,0.0
0.125,0.04860224607515734,77.5,0,60,3.0,0,0.0
0.13,0.03324612389699793,77.5,0,60,3.0,0,0.0
0.135,0.021859876340472782,77.5,0,60,3.0,0,0.0
0.14,0.01381595518554205,77.5,0,60,3.0,0,0.0
0.145,0.008394095110402422,77.5,0,60,3.0,0,0.0
0.15,0.0049052535271608,77.5,0,60,3.0,0,0.0
0.155,0.0027671663551903634,77.5,0,60,3.0,0,0.0
0.16,0.0015425553464444616,77.5,0,60,3.0,0,0.0
0.165,0.0009638206637011801,77.5,0,60,3.0,0,0.0
0.17,0.0009804935156568228,77.5,0,60,3.0,0,0.0
0.175,0.0018793744894085216,77.5,0,60,3.0,0,0.0
0.18,0.004535525206900863,77.5,0,60,3.0,0,0.0
0.185,0.010832767979632273,77.5,0,60,3.0,0,0.0
0.19,0.024208003392322392,77.5,0,60,3.0,0,0.0
0.195,0.0500971897335304,77.5,0,60,3.0,0,0.0
0.2,0.09582894921774403,77.5,0,60,3.0,0,0.0
0.205,0.16937896721820658,77.5,0,60,3.0,0,0.0
0.21,0.27661303008991756,77.5,0,60,3.0,0,0.0
0.215,0.4173782800009149,77.5,0,60,3.0,0,0.0
0.22,0.5818720934538056,77.5,0,60,3.0,0,0.0
0.225,0.7494718801585675,77.5,0,60,3.0,0,0.0
0.23,0.891813020752378,77.5,0,60,3.0,0,0.0
0.235,0.9800361632936612,77.5,0,60,3.0,0,0.0
0.24,0.993574479225126,77.5,0,60,3.0,0,0.0
0.245,0.9263438449375362,77.5,0,60,3.0,0,0.0
0.25,0.7873015962290536,77.5,0,60,3.0,0,0.0
0.255,0.5959516244629897,77.5,0,60,3.0,0,0.0
0.26,0.376910120078773,77.5,0,60,3.0,0,0.0
0.265,0.15739335672107918,77.5,0,60,3.0,0,0.0
0.27,-0.033361226269301235,77.5,0,60,3.0,0,0.0
0.275,-0.1680180840843834,77.5,0,60,3.0,0,0.0
0.28,-0.23069703190837854,77.5,0,60,3.0,0,0.0
0.285,-0.22587267821131068,77.5,0,60,3.0,0,0.0
0.29,-0.17718181630665902,77.5,0,60,3.0,0,0.0
0.295,-0.11494332516451301,77.5,0,60,3.0,0,0.0
0.3,-0.061810214049552864,77.5,0,60,3.0,0,0.0
0.305,-0.026546104631500547,77.5,0,60,3.0,0,0.0
0.31,-0.00719600351942686,77.5,0,60,3.0,0,0.0
0.315,0.0022072757983807078,77.5,0,60,3.0,0,0.0
0.32,0.006917199873730717,77.5,0,60,3.0,0,0.0
0.325,0.01004859748264829,77.5,0,60,3.0,0,0.0
0.33,0.013037082251128167,77.5,0,60,3.0,0,0.0
0.335,0.01645163937690478,77.5,0,60,3.0,0,0.0
0.34,0.020526639934696615,77.5,0,60,3.0,0,0.0
0.345,0.02539629541761738,77.5,0,60,3.0,0,0.0
0.35,0.031171612185577933,77.5,0,60,3.0,0,0.0
0.355,0.03795853426638131,77.5,0,60,3.0,0,0.0
0.36,0.0458588961882057,77.5,0,60,3.0,0,0.0
0.365,0.054966995891435555,77.5,0,60,3.0,0,0.0
0.37,0.06536491004445595,77.5,0,60,3.0,0,0.0
0.375,0.07711726085088699,77.5,0,60,3.0,0,0.0
0.38,0.09026570629555215,77.5,0,60,3.0,0,0.0
0.385,0.10482339848670268,77.5,0,60,3.0,0,0.0
0.39,0.12076968927580028,77.5,0,60,3.0,0,0.0
0.395,0.13804539501007884,77.5,0,60,3.0,0,0.0
0.4,0.15654895051787066,77.5,0,60,3.0,0,0.0
0.405,0.17613378141900526,77.5,0,60,3.0,0,0.0
0.41,0.19660720058055794,77.5,0,60,3.0,0,0.0
0.415,0.21773108748496234,77.5,0,60,3.0,0,0.0
0.42,0.23922453870058807,77.5,0,60,3.0,0,0.0
0.425,0.2607685857914563,77.5,0,60,3.0,0,0.0
0.43,0.2820129681603682,77.5,0,60,3.0,0,0.0
0.435,0.30258482867153996,77.5,0,60,3.0,0,0.0
0.44,0.3220990771751686,77.5,0,60,3.0,0,0.0
0.445,0.3401700499968971,77.5,0,60,3.0,0,0.0
0.45,0.3564239911198326,77.5,0,60,3.0,0,0.0
0.455,0.3705118017738417,77.5,0,60,3.0,0,0.0
0.46,0.3821214567925213,77.5,0,60,3.0,0,0.0
0.465,0.39098947374066967,77.5,0,60,3.0,0,0.0
0.47,0.3969108472035567,77.5,0,60,3.0,0,0.0
0.475,0.3997469255491936,77.5,0,60,3.0,0,0.0
0.48,0.3994308076379137,77.5,0,60,3.0,0,0.0
0.485,0.3959699661768434,77.5,0,60,3.0,0,0.0
0.49,0.38944595408114946,77.5,0,60,3.0,0,0.0
0.495,0.38001120995358023,77.5,0,60,3.0,0,0.0
0.5,0.3678831374098315,77.5,0,60,3.0,0,0.0
0.505,0.35333577933796634,77.5,0,60,3.0,0,0.0
0.51,0.33668953221163944,77.5,0,60,3.0,0,0.0
0.515,0.3182994390982644,77.5,0,60,3.0,0,0.0
0.52,0.29854265738230645,77.5,0,60,3.0,0,0.0
0.525,0.2778057157821067,77.5,0,60,3.0,0,0.0
0.53,0.2564721553719815,77.5,0,60,3.0,0,0.0
0.535,0.23491109433464996,77.5,0,60,3.0,0,0.0
0.54,0.21346717185309805,77.5,0,60,3.0,0,0.0
0.545,0.19245222055656455,77.5,0,60,3.0,0,0.0
0.55,0.17213889801761392,77.5,0,60,3.0,0,0.0
0.555,0.15275638501270183,77.5,0,60,3.0,0,0.0
0.56,0.13448814019607322,77.5,0,60,3.0,0,0.0
0.565,0.11747159495449566,77.5,0,60,3.0,0,0.0
0.57,0.10179958433370105,77.5,0,60,3.0,0,0.0
0.575,0.08752324394101413,77.5,0,60,3.0,0,0.0
0.58,0.07465606047174059,77.5,0,60,3.0,0,0.0
0.585,0.0631787448609295,77.5,0,60,3.0,0,0.0
0.59,0.05304460019959574,77.5,0,60,3.0,0,0.0
0.595,0.044185078305849994,77.5,0,60,3.0,0,0.0
0.6,0.03651525513023255,77.5,0,60,3.0,0,0.0
0.605,0.0299390014708757,77.5,0,60,3.0,0,0.0
0.61,0.024353677220580638,77.5,0,60,3.0,0,0.0
0.615,0.01965423034339045,77.5,0,60,3.0,0,0.0
0.62,0.015736632374757337,77.5,0,60,3.0,0,0.0
0.625,0.012500627640593535,77.5,0,60,3.0,0,0.0
0.63,0.009851811652115898,77.5,0,60,3.0,0,0.0
0.635,0.007703084175428559,77.5,0,60,3.0,0,0.0
0.64,0.005975544002062424,77.5,0,60,3.0,0,0.0
0.645,0.004598905818663047,77.5,0,60,3.0,0,0.0
0.65,0.0035115256454839104,77.5,0,60,3.0,0,0.0
0.655,0.002660121266303676,77.5,0,60,3.0,0,0.0
0.66,0.0019992692560877024,77.5,0,60,3.0,0,0.0
0.665,0.0014907520044639367,77.5,0,60,3.0,0,0.0
0.67,0.0011028178277539807,77.5,0,60,3.0,0,0.0
0.675,0.0008094059938923333,77.5,0,60,3.0,0,0.0
0.68,0.0005893771793717645,77.5,0,60,3.0,0,0.0
0.685,0.0004257792353490551,77.5,0,60,3.0,0,0.0
0.69,0.0003051686392901525,77.5,0,60,3.0,0,0.0
0.695,0.00021699992642659966,77.5,0,60,3.0,0,0.0
0.7,0.00015308884054097838,77.5,0,60,3.0,0,0.0
0.705,0.00010714989329311098,77.5,0,60,3.0,0,0.0
0.71,7.440535854020571e-05,77.5,0,60,3.0,0,0.0
0.715,5.1260276743925106e-05,77.5,0,60,3.0,0,0.0
0.72,3.503659887882241e-05,77.5,0,60,3.0,0,0.0
0.725,2.375894748103639e-05,77.5,0,60,3.0,0,0.0
0.73,1.5984413869232557e-05,77.5,0,60,3.0,0,0.0
0.735,1.0669166579899869e-05,77.5,0,60,3.0,0,0.0
0.74,7.06526633560511e-06,77.5,0,60,3.0,0,0.0
0.745,4.641847214699205e-06,77.5,0,60,3.0,0,0.0
0.75,3.025641074479182e-06,77.5,0,60,3.0,0,0.0
0.755,1.9566278676921314e-06,77.5,0,60,3.0,0,0.0
0.76,1.2553456560008793e-06,77.5,0,60,3.0,0,0.0
0.765,7.990660428214668e-07,77.5,0,60,3.0,0,0.0
0.77,5.046221251618276e-07,77.5,0,60,3.0,0,0.0
0.775,3.1616527078858815e-07,77.5,0,60,3.0,0,0.0
0.78,1.9652884407760343e-07,77.5,0,60,3.0,0,0.0
0.785,1.2120002189836396e-07,77.5,0,60,3.0,0,0.0
0.79,7.415549848886236e-08,77.5,0,60,3.0,0,0.0
0.795,4.501406988770349e-08,77.5,0,60,3.0,0,0.0
0.8,0.0,77.5,0,60,3.0,0,0.0
0.805,0.0,77.5,0,60,3.0,0,0.0
0.81,0.0,77.5,0,60,3.0,0,0.0
0.815,0.0,77.5,0,60,3.0,0,0.0
0.82,0.0,77.5,0,60,3.0,0,0.0
0.825,0.0,77.5,0,60,3.0,0,0.0
0.83,0.0,77.5,0,60,3.0,0,0.0
0.835,0.0,77.5,0,60,3.0,0,0.0
0.84,0.0,77.5,0,60,3.0,0,0.0
0.845,0.0,77.5,0,60,3.0,0,0.0
0.85,0.0,77.5,0,60,3.0,0,0.0
0.855,0.0,77.5,0,60,3.0,0,0.0
0.86,0.0,77.5,0,60,3.0,0,0.0
0.865,0.0,77.5,0,60,3.0,0,0.0
0.87,0.0,77.5,0,60,3.0,0,0.0
0.875,0.0,77.5,0,60,3.0,0,0.0
0.88,0.0,77.5,0,60,3.0,0,0.0
0.885,0.0,77.5,0,60,3.0,0,0.0
0.89,0.0,77.5,0,60,3.0,0,0.0
0.895,0.0,77.5,0,60,3.0,0,0.0
0.9,0.0,77.5,0,60,3.0,0,0.0
0.905,0.0,77.5,0,60,3.0,0,0.0
0.91,0.0,77.5,0,60,3.0,0,0.0
0.915,0.0,77.5,0,60,3.0,0,0.0
0.92,0.0,77.5,0,60,3.0,0,0.0
0.925,0.0,77.5,0,60,3.0,0,0.0
0.93,0.0,77.5,0,60,3.0,0,0.0
0.935,0.0,77.5,0,60,3.0,0,0.0
0.94,0.0,77.5,0,60,3.0,0,0.0
0.945,0.0,77.5,0,60,3.0,0,0.0
0.95,0.0,77.5,0,60,3.0,0,0.0
0.955,0.0,77.5,0,60,3.0,0,0.0
0.96,0.0,77.5,0,60,3.0,0,0.0
0.965,0.001684486749771458,77.5,0,60,3.0,0,0.0
0.97,0.003097557930867117,77.5,0,60,3.0,0,0.0
0.975,0.005475106668887023,77.5,0,60,3.0,0,0.0
0.98,0.00930222931468658,77.5,0,60,3.0,0,0.0
0.985,0.01519157517868857,77.5,0,60,3.0,0,0.0
0.99,0.023847336626128316,77.5,0,60,3.0,0,0.0
0.995,0.0359830743700859,77.5,0,60,3.0,0,0.0
1.0,0.05218887796857759,77.5,0,60,3.0,0,0.0
1.005,0.0727577001223134,77.5,0,60,3.0,0,0.0
1.01,0.0974992498694751,77.5,0,60,3.0,0,0.0
1.015,0.12558706050443358,77.5,0,60,3.0,0,0.0
1.02,0.15549263588878245,77.5,0,60,3.0,0,0.0
1.025,0.1850529723539114,77.5,0,60,3.0,0,0.0
1.03,0.21169159439317053,77.5,0,60,3.0,0,0.0
1.035,0.23277292922115492,77.5,0,60,3.0,0,0.0
1.04,0.24602692519491282,77.5,0,60,3.0,0,0.0
1.045,0.24995056064839283,77.5,0,60,3.0,0,0.0
1.05,0.24408826520424054,77.5,0,60,3.0,0,0.0
1.055,0.22911894216865275,77.5,0,60,3.0,0,0.0
1.06,0.20672661788705934,77.5,0,60,3.0,0,0.0
1.065,0.17928878030241233,77.5,0,60,3.0,0,0.0
1.07,0.14946211903866036,77.5,0,60,3.0,0,0.0
1.075,0.1197651512573837,77.5,0,60,3.0,0,0.0
1.08,0.09224675744988023,77.5,0,60,3.0,0,0.0
1.085,0.06829565320281596,77.5,0,60,3.0,0,0.0
1.09,0.04860224607515734,77.5,0,60,3.0,0,0.0
1.095,0.03324612389699793,77.5,0,60,3.0,0,0.0
1.1,0.021859876340472782,77.5,0,60,3.0,0,0.0
1.105,0.01381595518554205,77.5,0,60,3.0,0,0.0
1.11,0.008394095110402422,77.5,0,60,3.0,0,0.0
1.115,0.0049052535271608,77.5,0,60,3.0,0,0.0
1.12,0.0027671663551903634,77.5,0,60,3.0,0,0.0
1.125,0.0015425553464444616,77.5,0,60,3.0,0,0.0
1.13,0.0009638206637011801,77.5,0,60,3.0,0,0.0
1.135,0.0009804935156568228,77.5,0,60,3.0,0,0.0
1.14,0.0018793744894085216,77.5,0,60,3.0,0,0.0
1.145,0.004535525206900863,77.5,0,60,3.0,0,0.0
1.15,0.010832767979632273,77.5,0,60,3.0,0,0.0
1.155,0.024208003392322392,77.5,0,60,3.0,0,0.0
1.16,0.0500971897335304,77.5,0,60,3.0,0,0.0
1.165,0.09582894921774403,77.5,0,60,3.0,0,0.0
1.17,0.16937896721820658,77.5,0,60,3.0,0,0.0
1.175,0.27661303008991756,77.5,0,60,3.0,0,0.0
1.18,0.4173782800009149,77.5,0,60,3.0,0,0.0
1.185,0.5818720934538056,77.5,0,60,3.0,0,0.0
1.19,0.7494718801585675,77.5,0,60,3.0,0,0.0
1.195,0.891813020752378,77.5,0,60,3.0,0,0.0
1.2,0.9800361632936612,77.5,0,60,3.0,0,0.0
1.205,0.993574479225126,77.50000249606323,1,60,3.0,1,5.8730899568485364e-08
1.21,0.9263438449375362,77.5000038398575,0,60,3.0,1,9.034958820313264e-08
1.215,0.7873015962290536,77.500006033868,0,60,3.0,1,1.4197336480826967e-07
1.22,0.5959516244629897,77.50000979196264,0,60,3.0,1,2.303991209373635e-07
1.225,0.376910120078773,77.50001658325932,0,60,3.0,1,3.9019433703448587e-07
1.23,0.15739335672107918,77.50002948944842,0,60,3.0,1,6.938693746526362e-07
1.235,-0.033361226269301235,77.50005499618474,0,60,3.0,1,1.2940278763300524e-06
1.24,-0.1680180840843834,77.50010664152244,0,60,3.0,1,2.509212292606582e-06
1.245,-0.23069703190837854,77.50021223841208,0,60,3.0,1,4.993844990006919e-06
1.25,-0.22587267821131068,77.50042774487464,0,60,3.0,1,1.006458528569751e-05
1.255,-0.17718181630665902,77.50086306382961,0,60,3.0,1,2.0307384226177473e-05
1.26,-0.11494332516451301,77.50172846110615,0,60,3.0,1,4.0669673085978825e-05
1.265,-0.061810214049552864,77.5034152292072,0,60,3.0,1,8.035833428721162e-05
1.27,-0.026546104631500547,77.5066308676186,0,60,3.0,1,0.00015602041455522073
1.275,-0.00719600351942686,77.51261714788687,0,60,3.0,1,0.0002968740679263834
1.28,0.0022072757983807078,77.5234879390857,0,60,3.0,1,0.000552657390251705
1.285,0.006917199873730717,77.5427303078502,0,60,3.0,1,0.00100541900824015
1.29,0.01004859748264829,77.57591328443115,0,60,3.0,1,0.001786194927791819
1.295,0.013037082251128167,77.63163821024733,0,60,3.0,1,0.0030973696528783824
1.3,0.01645163937690478,77.7227359889992,0,60,3.0,1,0.005240846799981281
1.305,0.020526639934696615,77.86766338596527,0,60,3.0,1,0.008650903199182882
1.31,0.02539629541761738,78.09196918540792,0,60,3.0,1,0.013928686715480447
1.315,0.031171612185577933,78.42959438652437,0,60,3.0,1,0.021872809094691092
1.32,0.03795853426638131,78.9236517302522,0,60,3.0,1,0.03349768777064007
1.325,0.0458588961882057,79.62622444184039,0,60,3.0,1,0.05002881039624453
1.33,0.054966995891435555,80.5966700411891,0,60,3.0,1,0.07286282449856706
1.335,0.06536491004445595,81.89795705296187,0,60,3.0,1,0.10348134242263227
1.34,0.07711726085088699,83.590740736457,0,60,3.0,1,0.14331154674016455
1.345,0.09026570629555215,85.72521884287897,0,60,3.0,1,0.19353456100891703
1.35,0.10482339848670268,88.3312835786459,0,60,3.0,1,0.25485373126225636
1.355,0.12076968927580028,91.40803681418913,0,60,3.0,1,0.32724792503974426
1.36,0.13804539501007884,94.91424919828907,0,60,3.0,1,0.4097470399597428
1.365,0.15654895051787066,98.7616754538298,0,60,3.0,1,0.5002747165607011
1.37,0.17613378141900526,102.81314459839467,0,60,3.0,1,0.5956034023151687
1.375,0.19660720058055794,106.88692793605124,0,60,3.0,1,0.6914571279070879
1.38,0.21773108748496234,110.76804090701927,0,60,3.0,1,0.7827774331063357
1.385,0.23922453870058807,114.22596317855158,0,60,3.0,1,0.8641403100835666
1.39,0.2607685857914563,117.0369802382121,0,60,3.0,1,0.9302818879579317
1.395,0.2820129681603682,119.00824368351186,0,60,3.0,1,0.9766645572591027
1.4,0.30258482867153996,120.0,0,60,3.0,1,1.0
1.405,0.3220990771751686,119.94245116636986,0,60,3.0,1,0.998645909796938
1.41,0.3401700499968971,118.84443995887491,0,60,3.0,1,0.9728103519735274
1.415,0.3564239911198326,116.79247804582917,0,60,3.0,1,0.9245288951959805
1.42,0.3705118017738417,113.94028233815197,0,60,3.0,1,0.857418407956517
1.425,0.3821214567925213,110.4905961503334,0,60,3.0,1,0.7762493211843153
1.43,0.39098947374066967,106.67229771772733,0,60,3.0,1,0.686407005122996
1.435,0.3969108472035567,102.71639188641603,0,60,3.0,1,0.5933268679156714
1.44,0.3997469255491936,98.83435529010902,0,60,3.0,1,0.5019848303555062
1.445,0.3994308076379137,95.20154861737079,0,60,3.0,1,0.4165070262910774
1.45,0.3959699661768434,91.94724589020063,0,60,3.0,1,0.3399351974164855
1.455,0.38944595408114946,89.1515501373611,0,60,3.0,1,0.2741541208790847
1.46,0.38001120995358023,86.84834318674413,0,60,3.0,1,0.21996101615868544
1.465,0.3678831374098315,85.03265064487029,0,60,3.0,1,0.17723883870283028
1.47,0.35333577933796634,83.67047424017679,0,60,3.0,1,0.1451876291806303
1.475,0.33668953221163944,82.70922389874646,0,60,3.0,1,0.12256997408815196
1.48,0.3182994390982644,82.08726133343396,0,60,3.0,1,0.10793556078668136
1.485,0.29854265738230645,81.74159879534122,0,60,3.0,1,0.09980232459626397
1.49,0.2778057157821067,81.61334027722147,0,60,3.0,1,0.09678447711109336
1.495,0.2564721553719815,81.6509036668351,0,60,3.0,1,0.09766832157259073
1.5,0.23491109433464996,81.81136644357802,0,60,3.0,1,0.10144391631948291
1.505,0.21346717185309805,82.06042651697676,0,60,3.0,1,0.10730415334062968
1.51,0.19245222055656455,82.37148928088116,0,60,3.0,1,0.11462327719720386
1.515,0.17213889801761392,82.72432417484066,0,60,3.0,1,0.12292527470213319
1.52,0.15275638501270183,83.10362302191093,0,60,3.0,1,0.13184995345672787
1.525,0.13448814019607322,83.49767392349987,0,60,3.0,1,0.14112173937646763
1.53,0.11747159495449566,83.89726171789964,0,60,3.0,1,0.15052380512705033
1.535,0.10179958433370105,84.29482974674242,0,60,3.0,1,0.15987834698217465
1.54,0.08752324394101413,84.68388923933297,0,60,3.0,1,0.16903268798430518
1.545,0.07465606047174059,85.05863764443257,0,60,3.0,1,0.17785029751606035
1.55,0.0631787448609295,85.41373904216793,0,60,3.0,1,0.18620562452159842
1.555,0.05304460019959574,85.74422176195922,0,60,3.0,1,0.19398168851668762
1.56,0.044185078305849994,86.0454552613927,0,60,3.0,1,0.20106953556218127
1.565,0.03651525513023255,86.31317664893982,0,60,3.0,1,0.20736886232799567
1.57,0.0299390014708757,86.54354497329876,0,60,3.0,1,0.2127892934893827
1.575,0.024353677220580638,86.73320770957436,0,60,3.0,1,0.21725194610763196
1.58,0.01965423034339045,86.87936861096367,0,60,3.0,1,0.22069102614032157
1.585,0.015736632374757337,86.97984948291244,0,60,3.0,1,0.223055281950881
1.59,0.012500627640593535,87.03314081261668,0,60,3.0,1,0.2243091955909807
1.595,0.009851811652115898,87.03843787511315,0,60,3.0,1,0.22443383235560344
1.6,0.007703084175428559,86.99566019345913,0,60,3.0,1,0.2234272986696266
1.605,0.005975544002062424,86.90545322943116,0,60,3.0,1,0.22130478186896846
1.61,0.004598905818663047,86.76917202771214,0,60,3.0,1,0.2180981653579328
1.615,0.0035115256454839104,86.58884728386485,0,60,3.0,1,0.21385523020858474
1.62,0.002660121266303676,86.36713497361453,0,60,3.0,1,0.2086384699674006
1.625,0.0019992692560877024,86.10725126733229,0,60,3.0,1,0.20252355923134793
1.63,0.0014907520044639367,85.81289494876535,0,60,3.0,1,0.19559752820624346
1.635,0.0011028178277539807,85.48815994788507,0,60,3.0,1,0.1879567046561192
1.64,0.0008094059938923333,85.13744087266727,0,60,3.0,1,0.17970449112158282
1.645,0.0005893771793717645,84.76533457621503,0,60,3.0,1,0.17094904885211823
1.65,0.0004257792353490551,84.37654082180066,0,60,3.0,1,0.1618009605129567
1.655,0.0003051686392901525,83.97576501288177,0,60,3.0,1,0.15237094147957095
1.66,0.00021699992642659966,83.5676257473155,0,60,3.0,1,0.14276766464271773
1.665,0.00015308884054097838,83.1565696492459,0,60,3.0,1,0.1330957564528446
1.67,0.00010714989329311098,82.74679554691296,0,60,3.0,1,0.12345401286854031
1.675,7.440535854020571e-05,82.34218962124325,0,60,3.0,1,0.11393387344101764
1.68,5.1260276743925106e-05,81.94627267143458,0,60,3.0,1,0.10461818050434317
1.685,3.503659887882241e-05,81.5621601530088,0,60,3.0,1,0.0955802388943248
1.69,2.375894748103639e-05,81.19253516317026,0,60,3.0,1,0.08688318030988854
1.695,1.5984413869232557e-05,80.83963409787519,0,60,3.0,1,0.07857962583235743
1.7,1.0669166579899869e-05,80.5052443018934,0,60,3.0,1,0.07071163063278585
1.705,7.06526633560511e-06,80.19071269077197,0,60,3.0,1,0.06331088684169352
1.71,4.641847214699205e-06,79.89696405136633,0,60,3.0,1,0.056399154149795884
1.715,3.025641074479182e-06,79.6245275306656,0,60,3.0,1,0.04998888307448477
1.72,1.9566278676921314e-06,79.37356970210506,0,60,3.0,1,0.044083992990707255
1.725,1.2553456560008793e-06,79.14393255178399,0,60,3.0,1,0.03868076592432919
1.73,7.990660428214668e-07,78.93517474813203,0,60,3.0,1,0.03376881760310653
1.735,5.046221251618276e-07,78.74661463915068,0,60,3.0,1,0.029332109156486548
1.74,3.1616527078858815e-07,78.57737355111618,0,60,3.0,1,0.02534996590861604
1.745,1.9652884407760343e-07,78.42641813017309,0,60,3.0,1,0.021798073651131532
1.75,1.2120002189836396e-07,78.29260066180315,0,60,3.0,1,0.01864942733654469
1.755,7.415549848886236e-08,78.17469651121884,0,60,3.0,1,0.0158752120286786
1.76,4.501406988770349e-08,78.07143803963184,0,60,3.0,1,0.013445600932513959
1.765,0.0,77.98154455767332,0,60,3.0,1,0.011330460180548632
1.77,0.0,77.9037480701592,0,60,3.0,1,0.009499954591981082
1.775,0.0,77.83681473981095,0,60,3.0,1,0.00792505270143405
1.78,0.0,77.7795621471775,0,60,3.0,1,0.006577932874764723
1.785,0.0,77.730872547324,0,60,3.0,1,0.005432295231152881
1.79,0.0,77.68970241993146,0,60,3.0,1,0.0044635863513285716
1.795,0.0,77.65508867876439,0,60,3.0,1,0.0036491453826914388
1.8,0.0,77.62615195063168,0,60,3.0,1,0.002968281191333651
1.805,0.0,77.60209735548692,0,60,3.0,1,0.0024022907173392627
1.81,0.0,77.58221322128246,0,60,3.0,1,0.001934428736057846
1.815,0.0,77.56586815304183,0,60,3.0,1,0.001549838895101964
1.82,0.0,77.5525068488899,0,60,3.0,1,0.0012354552679977695
1.825,0.0,77.54164501992928,0,60,3.0,1,0.0009798828218653371
1.83,0.0,77.53286372908609,0,60,3.0,1,0.0007732642137903119
1.835,0.0,77.52580341921859,0,60,3.0,1,0.0006071392757315366
1.84,0.0,77.5201578553129,0,60,3.0,1,0.0004743024779506467
1.845,0.0,77.51566816144691,0,60,3.0,1,0.0003686626222802528
1.85,0.0,77.51211709188321,0,60,3.0,1,0.0002851080443108725
1.855,0.0,77.50932363821491,0,60,3.0,1,0.0002193797227037334
1.86,0.0,77.50713804159365,0,60,3.0,1,0.00016795391985056086
1.865,0.0,77.50543725103012,0,60,3.0,1,0.00012793531835567966
1.87,0.0,77.5041208456039,0,60,3.0,1,9.69610730327772e-05
1.875,0.0,77.5031074199587,0,60,3.0,1,7.311576373400813e-05
1.88,0.0,77.50233141833475,0,60,3.0,1,5.485690199407145e-05
1.885,0.0,77.50174039213948,0,60,3.0,1,4.095040328192066e-05
1.89,0.0,77.501292649158,0,60,3.0,1,3.0415274305957664e-05
1.895,0.0,77.50095525841263,0,60,3.0,1,2.2476668532496712e-05
1.9,0.0,77.50070237286243,0,60,3.0,1,1.6526420292580843e-05
1.905,0.0,77.50051383209139,0,60,3.0,1,1.2090166856135992e-05
1.91,0.0,77.50037400841595,0,60,3.0,1,8.800198022259686e-06
1.915,0.0,77.50027086205799,0,60,3.0,1,6.37322489383758e-06
1.92,0.0,77.50019517384675,0,60,3.0,1,4.5923258058417775e-06
1.925,0.0,77.50013992706306,0,60,3.0,1,3.292401483764372e-06
1.93,0.0,77.50009981331155,0,60,3.0,1,2.348548507063028e-06
1.935,0.0,77.5000708405394,0,60,3.0,1,1.6668362210272307e-06
1.94,0.0,77.50005002440169,0,60,3.0,1,1.177044745592117e-06
1.945,0.0,77.50003514702703,0,60,3.0,1,8.269888714012803e-07
1.95,0.0,77.50002456981785,0,60,3.0,1,5.781133612505501e-07
1.955,0.0,77.50001708920767,0,60,3.0,1,4.0209900409054705e-07
1.96,0.0,77.50001182629116,0,60,3.0,1,2.782656742831879e-07
1.965,0.001684486749771458,77.50000814295163,0,60,3.0,1,1.9159886184805894e-07
1.97,0.003097557930867117,77.50000557855593,0,60,3.0,1,1.312601394896346e-07
1.975,0.005475106668887023,77.5000038024926,0,60,3.0,1,8.947041411535312e-08
1.98,0.00930222931468658,77.50000257882347,0,60,3.0,1,6.067819928081436e-08
1.985,0.01519157517868857,77.5000017401292,0,60,3.0,1,4.0944216634135744e-08
1.99,0.023847336626128316,77.50000116828292,0,60,3.0,1,2.748900990755989e-08
1.995,0.0359830743700859,77.50000078040709,0,60,3.0,1,1.836251980795864e-08
2.0,0.05218887796857759,77.50000051868184,0,60,3.0,1,1.220427868568496e-08
2.005,0.0727577001223134,77.50000034299478,0,60,3.0,1,8.070465435808086e-09
2.01,0.0974992498694751,77.50000022567355,0,60,3.0,1,5.3099657794946855e-09
2.015,0.12558706050443358,77.50000014773399,0,60,3.0,1,3.4760937657719136e-09
2.02,0.15549263588878245,77.50000009622477,0,60,3.0,1,2.2641121605000295e-09
2.025,0.1850529723539114,77.5000000623591,0,60,3.0,1,1.4672730899559718e-09
2.03,0.21169159439317053,77.50000004020866,0,60,3.0,1,9.460861479858388e-10
2.035,0.23277292922115492,77.50000002579563,0,60,3.0,1,6.069559704508933e-10
2.04,0.24602692519491282,77.50000001646566,0,60,3.0,1,3.874273555565571e-10
2.045,0.24995056064839283,77.50000001045728,0,60,3.0,1,2.460537603731021e-10
2.05,0.24408826520424054,77.50000000660792,0,60,3.0,1,1.5548045987944693e-10
2.055,0.22911894216865275,77.50000000415449,0,60,3.0,1,9.775262429577518e-11
2.06,0.20672661788705934,77.50000000259882,0,60,3.0,1,6.114880627993604e-11
2.065,0.17928878030241233,77.5000000016175,0,60,3.0,1,3.80586751656237e-11
2.07,0.14946211903866036,77.50000000100165,0,60,3.0,1,2.356828457884737e-11
2.075,0.1197651512573837,77.50000000061716,0,60,3.0,1,1.4521487280623714e-11
2.08,0.09224675744988023,77.50000000037834,0,60,3.0,1,8.902013766654657e-12
2.085,0.06829565320281596,77.50000000023077,0,60,3.0,1,5.4298839934156554e-12
2.09,0.04860224607515734,77.50000000014005,0,60,3.0,1,3.2952464286662528e-12
2.095,0.03324612389699793,77.50000000008457,0,60,3.0,1,1.989854033180403e-12
2.1,0.021859876340472782,77.5000000000508,0,60,3.0,1,1.1953836613375804e-12
2.105,0.01381595518554205,77.50000000003037,0,60,3.0,1,7.14555212385569e-13
2.11,0.008394095110402422,77.50000000001806,0,60,3.0,1,4.249881492475705e-13
2.115,0.0049052535271608,77.50000000001069,0,60,3.0,1,2.514485351960449e-13
2.12,0.0027671663551903634,77.5000000000063,0,60,3.0,1,1.4812726209022324e-13
2.125,0.0015425553464444616,77.50000000000368,0,60,3.0,1,8.660262049970162e-14
2.13,0.0009638206637011801,77.50000000000215,0,60,3.0,1,5.049033087048241e-14
2.135,0.0009804935156568228,77.50000000000125,0,60,3.0,1,2.942482858677121e-14
2.14,0.0018793744894085216,77.50000000000072,0,60,3.0,1,1.7053025658242404e-14
2.145,0.004535525206900863,77.50000000000041,0,60,3.0,1,9.696818511549603e-15
2.15,0.010832767979632273,77.50000000000024,0,60,3.0,1,5.684341886080802e-15
2.155,0.024208003392322392,77.50000000000013,0,60,3.0,1,3.0093574691016007e-15
2.16,0.0500971897335304,77.50000000000007,0,60,3.0,1,1.6718652606120004e-15
2.165,0.09582894921774403,77.50000000000004,0,60,3.0,1,1.0031191563672002e-15
2.17,0.16937896721820658,77.50000000000003,0,60,3.0,1,6.687461042448002e-16
2.175,0.27661303008991756,77.50000000000001,0,60,3.0,1,3.343730521224001e-16
2.18,0.4173782800009149,77.5,0,60,3.0,1,0.0
2.185,0.5818720934538056,77.5,0,60,3.0,1,0.0
2.19,0.7494718801585675,77.5,0,60,3.0,1,0.0
2.195,0.891813020752378,77.5,0,60,3.0,1,0.0
2.2,0.9800361632936612,77.5,0,60,3.0,1,0.0
2.205,0.993574479225126,77.5000024899223,1,60,3.0,1,5.858640694147171e-08
2.21,0.9263438449375362,77.50000376594136,0,60,3.0,1,8.86103848910459e-08
2.215,0.7873015962290536,77.50000580655897,0,60,3.0,1,1.366249170373254e-07
2.22,0.5959516244629897,77.50000921610113,0,60,3.0,1,2.1684943844240265e-07
2.225,0.376910120078773,77.50001520125163,0,60,3.0,1,3.5767650889711684e-07
2.23,0.15739335672107918,77.50002621870189,0,60,3.0,1,6.169106327166339e-07
2.235,-0.033361226269301235,77.5000472946736,0,60,3.0,1,1.1128158495707526e-06
2.24,-0.1680180840843834,77.50008865159667,0,60,3.0,1,2.085919921642819e-06
2.245,-0.23069703190837854,77.50017080335597,0,60,3.0,1,4.018902493432024e-06
2.25,-0.22587267821131068,77.50033416889595,0,60,3.0,1,7.862797551685136e-06
2.255,-0.17718181630665902,77.50065668969144,0,60,3.0,1,1.5451522151512537e-05
2.26,-0.11494332516451301,77.50128514742521,0,60,3.0,1,3.023876294605543e-05
2.265,-0.061810214049552864,77.50248910111931,0,60,3.0,1,5.8567085160214394e-05
2.27,-0.026546104631500547,77.50475076687931,0,60,3.0,1,0.00011178275010145038
2.275,-0.00719600351942686,77.50890971075603,0,60,3.0,1,0.00020964025308303996
2.28,0.0022072757983807078,77.51638746319077,0,60,3.0,1,0.0003855873691945282
2.285,0.006917199873730717,77.52952295821818,0,60,3.0,1,0.0006946578404277742
2.29,0.01004859748264829,77.55205296713095,0,60,3.0,1,0.0012247756971987655
2.295,0.013037082251128167,77.58976923193298,0,60,3.0,1,0.0021122172219523853
2.3,0.01645163937690478,77.65137158913011,0,60,3.0,1,0.0035616844501201767
2.305,0.020526639934696615,77.74950933960535,0,60,3.0,1,0.005870807990714197
2.31,0.02539629541761738,77.90195754734947,0,60,3.0,1,0.009457824643516901
2.315,0.031171612185577933,78.13280954845649,0,60,3.0,1,0.014889636434270414
2.32,0.03795853426638131,78.47348539969117,0,60,3.0,1,0.022905538816262845
2.325,0.0458588961882057,78.96326918151414,0,60,3.0,1,0.03442986309445025
2.33,0.054966995891435555,79.64901532307513,0,60,3.0,1,0.050565066425297255
2.335,0.06536491004445595,80.58363230643764,0,60,3.0,1,0.07255605426912085
2.34,0.07711726085088699,81.82299164268099,0,60,3.0,1,0.10171745041602327
2.345,0.09026570629555215,83.42104740979093,0,60,3.0,1,0.139318762583316
2.35,0.10482339848670268,85.42319949161549,0,60,3.0,1,0.18642822333212922
2.355,0.12076968927580028,87.85828024175694,0,60,3.0,1,0.24372424098251633
2.36,0.13804539501007884,90.72994635140763,0,60,3.0,1,0.31129285532723844
2.365,0.15654895051787066,94.00864020707704,0,60,3.0,1,0.38843859310769496
2.37,0.17613378141900526,97.62555096793857,0,60,3.0,1,0.47354237571620156
2.375,0.19660720058055794,101.4700561076917,0,60,3.0,1,0.5640013201809813
2.38,0.21773108748496234,105.39188588857056,0,60,3.0,1,0.656279667966366
2.385,0.23922453870058807,109.20870606171526,0,60,3.0,1,0.7460872014521238
2.39,0.2607685857914563,112.7190103692385,0,60,3.0,1,0.828682596923259
2.395,0.2820129681603682,115.71928120045192,0,60,3.0,1,0.8992772047165157
2.4,0.30258482867153996,118.02349647615935,0,60,3.0,1,0.9534940347331612
2.405,0.3220990771751686,119.48243235510543,0,60,3.0,1,0.9878219377671866
2.41,0.3401700499968971,120.0,0,60,3.0,2,1.0
2.415,0.3564239911198326,119.54414514623332,0,60,3.0,2,0.989274003440784
2.42,0.3705118017738417,118.15060626577718,0,60,3.0,2,0.9564848533124044
2.425,0.3821214567925213,115.9189340023266,0,60,3.0,2,0.9039749177018022
2.43,0.39098947374066967,113.0014023537604,0,60,3.0,2,0.835327114206127
2.435,0.3969108472035567,109.58654217728734,0,60,3.0,2,0.7549774629949962
2.44,0.3997469255491936,105.87978274020551,0,60,3.0,2,0.6677595938871885
2.445,0.3994308076379137,102.08396338043309,0,60,3.0,2,0.5784461971866609
2.45,0.3959699661768434,98.38225280045256,0,60,3.0,2,0.49134712471653086
2.455,0.38944595408114946,94.92537560220612,0,60,3.0,2,0.41000883769896745
2.46,0.38001120995358023,91.82416132737285,0,60,3.0,2,0.3370390900558317
2.465,0.3678831374098315,89.14749954500232,0,60,3.0,2,0.27405881282358396
2.47,0.35333577933796634,86.92498677093954,0,60,3.0,2,0.2217643946103421
2.475,0.33668953221163944,85.15301231421464,0,60,3.0,2,0.18007087798152083
2.48,0.3182994390982644,83.802800714477,0,60,3.0,2,0.1483011932818118
2.485,0.29854265738230645,82.82898633651617,0,60,3.0,2,0.1253879138003804
2.49,0.2778057157821067,82.17756644157681,0,60,3.0,2,0.11006038686063094
2.495,0.2564721553719815,81.79246348760998,0,60,3.0,2,0.10099914088494068
2.5,0.23491109433464996,81.6203288855974,0,60,3.0,2,0.096948914955233
2.505,0.21346717185309805,81.61356473758555,0,60,3.0,2,0.09678975853142467
2.51,0.19245222055656455,81.73178486073043,0,60,3.0,2,0.09957140848777479
2.515,0.17213889801761392,81.9420707420853,0,60,3.0,2,0.1045193115784778
2.52,0.15275638501270183,82.21841509548847,0,60,3.0,2,0.11102153165855216
2.525,0.13448814019607322,82.54071215799348,0,60,3.0,2,0.11860499195278781
2.53,0.11747159495449566,82.89358016634176,0,60,3.0,2,0.1269077686198062
2.535,0.10179958433370105,83.26521429635454,0,60,3.0,2,0.13565210109069512
2.54,0.08752324394101413,83.64638683025535,0,60,3.0,2,0.14462086659424359
2.545,0.07465606047174059,84.02964611158836,0,60,3.0,2,0.15363873203737324
2.55,0.0631787448609295,84.40872047275327,0,60,3.0,2,0.16255812877066525
2.555,0.05304460019959574,84.77810639599608,0,60,3.0,2,0.1712495622587312
2.56,0.044185078305849994,85.13280774851903,0,60,3.0,2,0.17959547643574184
2.565,0.03651525513023255,85.46819036181611,0,60,3.0,2,0.18748683204273206
2.57,0.0299390014708757,85.77991932370172,0,60,3.0,2,0.1948216311459228
2.575,0.024353677220580638,86.06395196190566,0,60,3.0,2,0.20150475204483903
2.58,0.01965423034339045,86.31656557761202,0,60,3.0,2,0.20744860182616529
2.585,0.015736632374757337,86.53440443454016,0,60,3.0,2,0.21257422198918033
2.59,0.012500627640593535,86.71453489258448,0,60,3.0,2,0.21681258570787015
2.595,0.009851811652115898,86.85450086784542,0,60,3.0,2,0.22010590277283335
2.6,0.007703084175428559,86.95237417392687,0,60,3.0,2,0.22240880409239694
2.605,0.005975544002062424,87.0067959844984,0,60,3.0,2,0.2236893172823152
2.61,0.004598905818663047,87.01700687163441,0,60,3.0,2,0.22392957345022135
2.615,0.0035115256454839104,86.98286378900848,0,60,3.0,2,0.22312620680019946
2.62,0.002660121266303676,86.90484310169278,0,60,3.0,2,0.22129042592218298
2.625,0.0019992692560877024,86.78402938747664,0,60,3.0,2,0.21844775029356792
2.63,0.0014907520044639367,86.62209028632776,0,60,3.0,2,0.21463741850182969
2.635,0.0011028178277539807,86.42123816980182,0,60,3.0,2,0.20991148634827822
2.64,0.0008094059938923333,86.18417984182693,0,60,3.0,2,0.20433364333710427
2.645,0.0005893771793717645,85.91405586012334,0,60,3.0,2,0.1979777849440786
2.65,0.0004257792353490551,85.61437137477117,0,60,3.0,2,0.19092638528873335
2.655,0.0003051686392901525,85.28892060876314,0,60,3.0,2,0.18326872020619142
2.66,0.00021699992642659966,84.94170724870098,0,60,3.0,2,0.17509899408708185
2.665,0.00015308884054097838,84.57686306932412,0,60,3.0,2,0.16651442516056753
2.67,0.00010714989329311098,84.19856708424052,0,60,3.0,2,0.15761334315860054
2.675,7.440535854020571e-05,83.81096740174658,0,60,3.0,2,0.1484933506293313
2.68,5.1260276743925106e-05,83.41810777713161,0,60,3.0,2,0.13924959475603788
2.685,3.503659887882241e-05,83.02386060247123,0,60,3.0,2,0.1299731906463819
2.69,2.375894748103639e-05,82.63186777501524,0,60,3.0,2,0.12074983000035854
2.695,1.5984413869232557e-05,82.24549055077581,0,60,3.0,2,0.11165860119472501
2.7,1.0669166579899869e-05,81.86776913642002,0,60,3.0,2,0.10277103850400053
2.705,7.06526633560511e-06,81.50139241554777,0,60,3.0,2,0.09415040977759458
2.71,4.641847214699205e-06,81.14867785950845,0,60,3.0,2,0.08585124375314007
2.715,3.025641074479182e-06,80.81156135115772,0,60,3.0,2,0.07791909061547579
2.72,1.9566278676921314e-06,80.49159636340788,0,60,3.0,2,0.07039050266842069
2.725,1.2553456560008793e-06,80.18996169166836,0,60,3.0,2,0.0632932162745496
2.73,7.990660428214668e-07,79.90747674623394,0,60,3.0,2,0.05664651167609269
2.735,5.046221251618276e-07,79.64462327056756,0,60,3.0,2,0.05046172401335445
2.74,3.1616527078858815e-07,79.40157226481837,0,60,3.0,2,0.04474287681925576
2.745,1.9652884407760343e-07,79.17821485897923,0,60,3.0,2,0.03948740844657015
2.75,1.2120002189836396e-07,78.97419589290332,0,60,3.0,2,0.034686962185960575
2.755,7.415549848886236e-08,78.78894901536232,0,60,3.0,2,0.030328212126172236
2.76,4.501406988770349e-08,78.62173220460336,0,60,3.0,2,0.0263936989318438
2.765,0.0,78.4716627308444,0,60,3.0,2,0.022862652490456478
2.77,0.0,78.33775071891439,0,60,3.0,2,0.019711781621515122
2.775,0.0,78.21893061897777,0,60,3.0,2,0.016916014564182714
2.78,0.0,78.11409004761917,0,60,3.0,2,0.014449177591039334
2.785,0.0,78.02209561389758,0,60,3.0,2,0.012284602679942977
2.79,0.0,77.94181548966863,0,60,3.0,2,0.010395658580438293
2.795,0.0,77.87213861598158,0,60,3.0,2,0.008756202728978438
2.8,0.0,77.81199055431146,0,60,3.0,2,0.0073409542190932715
2.805,0.0,77.76034609057041,0,60,3.0,2,0.006125790366362547
2.81,0.0,77.7162387801301,0,60,3.0,2,0.0050879712971787765
2.815,0.0,77.67876768333062,0,60,3.0,2,0.00420629843130869
2.82,0.0,77.64710158383804,0,60,3.0,2,0.00346121373736557
2.825,0.0,77.62048100809753,0,60,3.0,2,0.0028348472493535956
2.83,0.0,77.59821837486274,0,60,3.0,2,0.0023110205850056286
2.835,0.0,77.57969660154583,0,60,3.0,2,0.001875214154019619
2.84,0.0,77.56436648127566,0,60,3.0,2,0.0015145054417801287
2.845,0.0,77.55174312345649,0,60,3.0,2,0.0012174852577997546
2.85,0.0,77.54140172358554,0,60,3.0,2,0.0009741582020126316
2.855,0.0,77.53297289723739,0,60,3.0,2,0.0007758328761737817
2.86,0.0,77.52613778034294,0,60,3.0,2,0.0006150065963043637
2.865,0.0,77.52062306478282,0,60,3.0,2,0.0004852485831252927
2.87,0.0,77.51619610618371,0,60,3.0,2,0.0003810848513814883
2.875,0.0,77.51266021065541,0,60,3.0,2,0.0002978873095390982
2.88,0.0,77.50985017975476,0,60,3.0,2,0.00023176893540621408
2.885,0.0,77.50762816866609,0,60,3.0,2,0.00017948632155500544
2.89,0.0,77.50587989168099,0,60,3.0,2,0.0001383503924938957
2.895,0.0,77.50451119158359,0,60,3.0,2,0.0001061456843197394
2.9,0.0,77.50344497539443,0,60,3.0,2,8.105824457482627e-05
2.905,0.0,77.50261850787646,0,60,3.0,2,6.161195003441582e-05
2.91,0.0,77.50198104596413,0,60,3.0,2,4.6612846214804236e-05
2.915,0.0,77.5014917914954,0,60,3.0,2,3.510097636228024e-05
2.92,0.0,77.50111813594486,0,60,3.0,2,2.63090810556284e-05
2.925,0.0,77.50083416890804,0,60,3.0,2,1.962750371864572e-05
2.93,0.0,77.5006194215277,0,60,3.0,2,1.4574624181223578e-05
2.935,0.0,77.50045781656114,0,60,3.0,2,1.0772154379711698e-05
2.94,0.0,77.50033679808233,0,60,3.0,2,7.924660760703345e-06
2.945,0.0,77.50024661564738,0,60,3.0,2,5.802721114926445e-06
2.95,0.0,77.50017973992418,0,60,3.0,2,4.229174686543047e-06
2.955,0.0,77.50013038912986,0,60,3.0,2,3.0679795262291437e-06
2.96,0.0,77.50009414800623,0,60,3.0,2,2.2152472053328573e-06
2.965,0.0,77.50006766339348,0,60,3.0,2,1.5920798465926697e-06
2.97,0.0,77.5000484026712,0,60,3.0,2,1.1388863811134798e-06
2.975,0.0,77.5000344633739,0,60,3.0,2,8.109029151375366e-07
2.98,0.0,77.50002442413327,0,60,3.0,2,5.74685488760117e-07
2.985,0.0,77.50001722873685,0,60,3.0,2,4.053820435621995e-07
2.99,0.0,77.50001209652484,0,60,3.0,2,2.8462411391421267e-07
2.995,0.0,77.50000845358089,0,60,3.0,2,1.9890778563582418e-07
3.0,0.0,77.50000588022185,0,60,3.0,2,1.383581611528772e-07
3.005,0.001684486749771458,77.50000407117355,0,60,3.0,2,9.579231880921083e-08
3.01,0.003097557930867117,77.5000028055527,0,60,3.0,2,6.601300463123206e-08
3.015,0.005475106668887023,77.50000192437696,0,60,3.0,2,4.527945788247641e-08
3.02,0.00930222931468658,77.5000013138167,0,60,3.0,2,3.09133340311639e-08
3.025,0.01519157517868857,77.50000089279615,0,60,3.0,2,2.1006968274698867e-08
3.03,0.023847336626128316,77.50000060386903,0,60,3.0,2,1.4208682962228468e-08
3.035,0.0359830743700859,77.50000040654264,0,60,3.0,2,9.565709165947149e-09
3.04,0.05218887796857759,77.50000027242211,0,60,3.0,2,6.4099320779325135e-09
3.045,0.0727577001223134,77.50000018169858,0,60,3.0,2,4.2752607415048475e-09
3.05,0.0974992498694751,77.50000012062397,0,60,3.0,2,2.8382109629841153e-09
3.055,0.12558706050443358,77.50000007970556,0,60,3.0,2,1.875424887283075e-09
3.06,0.15549263588878245,77.50000005242235,0,60,3.0,2,1.233467080109061e-09
3.065,0.1850529723539114,77.50000003431762,0,60,3.0,2,8.074734710937585e-10
3.07,0.21169159439317053,77.50000002236098,0,60,3.0,2,5.261406787373262e-10
3.075,0.23277292922115492,77.50000001450232,0,60,3.0,2,3.412310434214305e-10
3.08,0.24602692519491282,77.50000000936176,0,60,3.0,2,2.202766074119341e-10
3.085,0.24995056064839283,77.50000000601518,0,60,3.0,2,1.4153375987542164e-10
3.09,0.24408826520424054,77.50000000384694,0,60,3.0,2,9.05161227017422e-11
3.095,0.22911894216865275,77.5000000024488,0,60,3.0,2,5.761882996867986e-11
3.1,0.20672661788705934,77.50000000155154,0,60,3.0,2,3.650684983072364e-11
3.105,0.17928878030241233,77.50000000097847,0,60,3.0,2,2.3022922130835734e-11
3.11,0.14946211903866036,77.5000000006142,0,60,3.0,2,1.4451603312730133e-11
3.115,0.1197651512573837,77.50000000038374,0,60,3.0,2,9.02907552646117e-12
3.12,0.09224675744988023,77.50000000023864,0,60,3.0,2,5.615126664291465e-12
3.125,0.06829565320281596,77.50000000014771,0,60,3.0,2,3.4754735037602265e-12
3.13,0.04860224607515734,77.500000000091,0,60,3.0,2,2.1413250257918502e-12
3.135,0.03324612389699793,77.5000000000558,0,60,3.0,2,1.3130829756846652e-12
3.14,0.021859876340472782,77.50000000003406,0,60,3.0,2,8.01492205937393e-13
3.145,0.01381595518554205,77.50000000002069,0,60,3.0,2,4.868471638902145e-13
3.15,0.008394095110402422,77.50000000001252,0,60,3.0,2,2.945826589198345e-13
3.155,0.0049052535271608,77.50000000000753,0,60,3.0,2,1.7721771762487205e-13
3.16,0.0027671663551903634,77.5000000000045,0,60,3.0,2,1.0599625752280083e-13
3.165,0.0015425553464444616,77.50000000000269,0,60,3.0,2,6.319650685113362e-14
3.17,0.0009638206637011801,77.50000000000159,0,60,3.0,2,3.744978183770881e-14
3.175,0.0009804935156568228,77.50000000000094,0,60,3.0,2,2.2068621440078406e-14
3.18,0.0018793744894085216,77.50000000000055,0,60,3.0,2,1.3040549032773603e-14
3.185,0.004535525206900863,77.50000000000033,0,60,3.0,2,7.690580198815202e-15
3.19,0.010832767979632273,77.50000000000018,0,60,3.0,2,4.3468496775912015e-15
3.195,0.024208003392322392,77.50000000000011,0,60,3.0,2,2.6749844169792007e-15
3.2,0.0500971897335304,77.50000000000006,0,60,3.0,2,1.3374922084896003e-15
3.205,0.09582894921774403,77.50000000000004,0,60,3.0,2,1.0031191563672002e-15
3.21,0.16937896721820658,77.50000000000001,0,60,3.0,2,3.343730521224001e-16
3.215,0.27661303008991756,77.50000000000001,0,60,3.0,2,3.343730521224001e-16
3.22,0.4173782800009149,77.5,0,60,3.0,2,0.0
3.225,0.5818720934538056,77.5,0,60,3.0,2,0.0
3.23,0.7494718801585675,77.5,0,60,3.0,2,0.0
3.235,0.891813020752378,77.5,0,60,3.0,2,0.0
3.24,0.9800361632936612,77.5,0,60,3.0,2,0.0
3.245,0.993574479225126,77.50000249233909,1,60,3.0,2,5.864327276332701e-08
3.25,0.9263438449375362,77.50000393417172,0,60,3.0,2,9.256874624738617e-08
3.255,0.7873015962290536,77.5000063640856,0,60,3.0,2,1.4974319075169179e-07
3.26,0.5959516244629897,77.50001068889715,0,60,3.0,2,2.5150346232294397e-07
3.265,0.376910120078773,77.500018862235,0,60,3.0,2,4.438172940059731e-07
3.27,0.15739335672107918,77.50003517035837,0,60,3.0,2,8.275378440751357e-07
3.275,-0.033361226269301235,77.5000690217564,0,60,3.0,2,1.6240413271241457e-06
3.28,-0.1680180840843834,77.50014082332336,0,60,3.0,2,3.3134899614892407e-06
3.285,-0.23069703190837854,77.50029396273561,0,60,3.0,2,6.916770249678366e-06
3.29,-0.22587267821131068,77.5006184111326,0,60,3.0,2,1.4550850178974382e-05
3.295,-0.17718181630665902,77.50129555570794,0,60,3.0,2,3.0483663716254607e-05
3.3,-0.11494332516451301,77.50268018361174,0,60,3.0,2,6.30631438057475e-05
3.305,-0.061810214049552864,77.50544456390197,0,60,3.0,2,0.0001281073859288159
3.31,-0.026546104631500547,77.51082130963708,0,60,3.0,2,0.00025461905028424447
3.315,-0.00719600351942686,77.52099502457159,0,60,3.0,2,0.0004940005781550634
3.32,0.0022072757983807078,77.53970458895728,0,60,3.0,2,0.0009342256225241887
3.325,0.006917199873730717,77.57312250061958,0,60,3.0,2,0.0017205294263429576
3.33,0.01004859748264829,77.63106598202572,0,60,3.0,2,0.0030839054594286393
3.335,0.013037082251128167,77.72855510062294,0,60,3.0,2,0.005377767073480968
3.34,0.01645163937690478,77.88765436303515,0,60,3.0,2,0.009121279130238904
3.345,0.020526639934696615,78.13940920963522,0,60,3.0,2,0.015044922579652193
3.35,0.02539629541761738,78.52552201584362,0,60,3.0,2,0.02412992978455577
3.355,0.031171612185577933,79.09922671308908,0,60,3.0,2,0.03762886383739014
3.36,0.03795853426638131,79.9246635323784,0,60,3.0,2,0.05705090664419773
3.365,0.0458588961882057,81.07399391584457,0,60,3.0,2,0.08409397449046042
3.37,0.054966995891435555,82.6216083176575,0,60,3.0,2,0.12050843100370598
3.375,0.06536491004445595,84.63513056756528,0,60,3.0,2,0.16788542511918314
3.38,0.07711726085088699,87.16353032455919,0,60,3.0,2,0.22737718410727506
3.385,0.09026570629555215,90.22346244534107,0,60,3.0,2,0.29937558694920163
3.39,0.10482339848670268,93.78580951149479,0,60,3.0,2,0.3831955179175245
3.395,0.12076968927580028,97.76508286953606,0,60,3.0,2,0.4768254792832014
3.4,0.13804539501007884,102.01457924490444,0,60,3.0,2,0.5768136292918692
3.405,0.15654895051787066,106.32978301415727,0,60,3.0,2,0.6783478356272299
3.41,0.17613378141900526,110.46137267563913,0,60,3.0,2,0.7755617100150383
3.415,0.19660720058055794,114.13745816212113,0,60,3.0,2,0.8620578391087326
3.42,0.21773108748496234,117.09267748946532,0,60,3.0,2,0.9315924115168309
3.425,0.23922453870058807,119.09999799759018,0,60,3.0,2,0.9788234822962395
3.43,0.2607685857914563,120.0,0,60,3.0,2,1.0
3.435,0.2820129681603682,119.72243372512452,0,60,3.0,2,0.9934690288264593
3.44,0.30258482867153996,118.29603160172158,0,60,3.0,2,0.9599066259228607
3.445,0.3220990771751686,115.84470275181431,0,60,3.0,2,0.9022283000426896
3.45,0.3401700499968971,112.57083642722209,0,60,3.0,2,0.8251961512287551
3.455,0.3564239911198326,108.72886356162313,0,60,3.0,2,0.7347967896852501
3.46,0.3705118017738417,104.59389055380377,0,60,3.0,2,0.6375033071483241
3.465,0.3821214567925213,100.43076744786238,0,60,3.0,2,0.5395474693614678
3.47,0.39098947374066967,96.46833802487183,0,60,3.0,2,0.4463138358793371
3.475,0.3969108472035567,92.88209965938944,0,60,3.0,2,0.3619317566915162
3.48,0.3997469255491936,89.78653510091544,0,60,3.0,2,0.2890949435509516
3.485,0.3994308076379137,87.23647516247385,0,60,3.0,2,0.22909353323467888
3.49,0.3959699661768434,85.23542274613382,0,60,3.0,2,0.1820099469678546
3.495,0.38944595408114946,83.7480359009732,0,60,3.0,2,0.14701260943466368
3.5,0.38001120995358023,82.71393906157272,0,60,3.0,2,0.12268091909582862
3.505,0.3678831374098315,82.0605463396646,0,60,3.0,2,0.10730697269799053
3.51,0.35333577933796634,81.71339014822254,0,60,3.0,2,0.09913859172288339
3.515,0.33668953221163944,81.60330224871552,0,60,3.0,2,0.09654828820507111
3.52,0.3182994390982644,81.67050408627944,0,60,3.0,2,0.09812950791245732
3.525,0.29854265738230645,81.86613091207013,0,60,3.0,2,0.10273249204870902
3.53,0.2778057157821067,82.1519274595226,0,60,3.0,2,0.10945711669464933
3.535,0.2564721553719815,82.49885971724305,0,60,3.0,2,0.11762022864101294
3.54,0.23491109433464996,82.88526295110748,0,60,3.0,2,0.126712069437823
3.545,0.21346717185309805,83.29496538915102,0,60,3.0,2,0.13635212680355333
3.55,0.19245222055656455,83.7156469530013,0,60,3.0,2,0.146250516541207
3.555,0.17213889801761392,84.13754643739647,0,60,3.0,2,0.15617756323285803
3.56,0.15275638501270183,84.5525306173559,0,60,3.0,2,0.16594189687896232
3.565,0.13448814019607322,84.95348219733201,0,60,3.0,2,0.1753760517019296
3.57,0.11747159495449566,85.33394014028497,0,60,3.0,2,0.18432800330082272
3.575,0.10179958433370105,85.68792381231977,0,60,3.0,2,0.19265703087811215
3.58,0.08752324394101413,86.00988131489132,0,60,3.0,2,0.2002325015268545
3.585,0.07465606047174059,86.29471515826697,0,60,3.0,2,0.20693447431216394
3.59,0.0631787448609295,86.53785088067508,0,60,3.0,2,0.21265531483941366
3.595,0.05304460019959574,86.73532447507341,0,60,3.0,2,0.21730175235466853
3.6,0.044185078305849994,86.88387214505582,0,60,3.0,2,0.2207969916483722
3.605,0.03651525513023255,86.98101130529216,0,60,3.0,2,0.22308261894805073
3.61,0.0299390014708757,87.02510545252406,0,60,3.0,2,0.22412012829468375
3.615,0.024353677220580638,87.01540812527156,0,60,3.0,3,0.22389195588874267
3.62,0.01965423034339045,86.95208308020867,0,60,3.0,3,0.22240195482843922
3.625,0.015736632374757337,86.8361993292412,0,60,3.0,3,0.219675278335087
3.63,0.012500627640593535,86.66970096816668,0,60,3.0,3,0.215757669839216
3.635,0.009851811652115898,86.4553528615175,0,60,3.0,3,0.21071418497688227
3.64,0.007703084175428559,86.19666424964625,0,60,3.0,3,0.20462739410932346
3.645,0.005975544002062424,85.8977932043951,0,60,3.0,3,0.19759513422106117
3.65,0.004598905818663047,85.5634355576622,0,60,3.0,3,0.18972789547440477
3.655,0.0035115256454839104,85.19870244066831,0,60,3.0,3,0.1811459397804309
3.66,0.002660121266303676,84.80899088419606,0,60,3.0,3,0.1719762560987309
3.665,0.0019992692560877024,84.39985203416522,0,60,3.0,3,0.16234945962741695
3.67,0.0014907520044639367,83.97686143592856,0,60,3.0,3,0.15239673966890718
3.675,0.0011028178277539807,83.54549554860398,0,60,3.0,3,0.14224695408479954
3.68,0.0008094059938923333,83.11101819122497,0,60,3.0,3,0.13202395744058756
3.685,0.0005893771793717645,82.67838002700184,0,60,3.0,3,0.12184423592945497
3.69,0.0004257792353490551,82.25213349766712,0,60,3.0,3,0.11181490582746158
3.695,0.0003051686392901525,81.83636486694634,0,60,3.0,3,0.10203211451638447
3.7,0.00021699992642659966,81.43464426137449,0,60,3.0,3,0.09257986497351733
3.705,0.00015308884054097838,81.04999384673864,0,60,3.0,3,0.08352926698208575
3.71,0.00010714989329311098,80.68487358404445,0,60,3.0,3,0.07493820197751655
3.715,7.440535854020571e-05,80.34118339892207,0,60,3.0,3,0.06685137409228399
3.72,5.1260276743925106e-05,80.02028009462396,0,60,3.0,3,0.05930070810879897
3.725,3.503659887882241e-05,79.72300695535046,0,60,3.0,3,0.05230604600824603
3.73,2.375894748103639e-05,79.4497337299169,0,60,3.0,3,0.045876087762750595
3.735,1.5984413869232557e-05,79.20040455471387,0,60,3.0,3,0.040009518934444
3.74,1.0669166579899869e-05,78.97459136193396,0,60,3.0,3,0.0346962673396226
3.745,7.06526633560511e-06,78.77155041118107,0,60,3.0,3,0.02991883320426041
3.75,4.641847214699205e-06,78.59027976286526,0,60,3.0,3,0.025653641479182705
3.755,3.025641074479182e-06,78.42957576068818,0,60,3.0,3,0.0218723708397219
3.76,1.9566278676921314e-06,78.28808688740368,0,60,3.0,3,0.018543220880086572
3.765,1.2553456560008793e-06,78.16436368248169,0,60,3.0,3,0.015632086646628053
3.77,7.990660428214668e-07,78.05690374325727,0,60,3.0,3,0.013103617488406251
3.775,5.046221251618276e-07,77.9641911558218,0,60,3.0,3,0.010922144842865744
3.78,3.1616527078858815e-07,77.88473000441364,0,60,3.0,3,0.009052470692085656
3.785,1.9652884407760343e-07,77.8170718777431,0,60,3.0,3,0.007460514770425962
3.79,1.2120002189836396e-07,77.75983752025475,0,60,3.0,3,0.0061138240059940875
3.795,7.415549848886236e-08,77.71173296173248,0,60,3.0,3,0.004981952040764233
3.8,4.501406988770349e-08,77.67156059876946,0,60,3.0,3,0.004036719971046121
3.805,0.0,77.63822579784403,0,60,3.0,3,0.003252371713977161
3.81,0.0,77.61073964544266,0,60,3.0,3,0.0026056387162979636
3.815,0.0,77.5882184906858,0,60,3.0,3,0.002075729192607161
3.82,0.0,77.56988091599175,0,60,3.0,3,0.0016442568468646105
3.825,0.0,77.55504273763573,0,60,3.0,3,0.0012951232384877773
3.83,0.0,77.54311058680572,0,60,3.0,3,0.0010143667483699867
3.835,0.0,77.53357455876296,0,60,3.0,3,0.0007899896179521072
3.84,0.0,77.52600034823041,0,60,3.0,3,0.0006117728995390922
3.845,0.0,77.52002121764062,0,60,3.0,3,0.00047108747389690026
3.85,0.0,77.51533007501172,0,60,3.0,3,0.00036070764733454674
3.855,0.0,77.51167187275792,0,60,3.0,3,0.0002746323001862466
3.86,0.0,77.50883647961976,0,60,3.0,3,0.00020791716752375364
3.865,0.0,77.50665212631242,0,60,3.0,3,0.00015652061911570106
3.87,0.0,77.50497948198337,0,60,3.0,3,0.00011716428196163018
3.875,0.0,77.50370638316724,0,60,3.0,3,8.720901569979426e-05
3.88,0.0,77.50274320924372,0,60,3.0,3,6.454609985218989e-05
3.885,0.0,77.50201887777688,0,60,3.0,3,4.7503006514743364e-05
3.89,0.0,77.50147741869665,0,60,3.0,3,3.476279286239921e-05
3.895,0.0,77.50107507713466,0,60,3.0,3,2.529593258018662e-05
3.9,0.0,77.50077788989661,0,60,3.0,3,1.830329168496171e-05
3.905,0.0,77.50055967912361,0,60,3.0,3,1.3168920555565766e-05
3.91,0.0,77.50040040782481,0,60,3.0,3,9.421360583834992e-06
3.915,0.0,77.5002848449179,0,60,3.0,3,6.70223336234866e-06
3.92,0.0,77.5002014915631,0,60,3.0,3,4.740977955380539e-06
3.925,0.0,77.50014172541191,0,60,3.0,3,3.334715574296484e-06
3.93,0.0,77.50009912451172,0,60,3.0,3,2.3323414522484895e-06
3.935,0.0,77.50006893771202,0,60,3.0,3,1.6220638121253347e-06
3.94,0.0,77.50004767329185,0,60,3.0,3,1.121724514017414e-06
3.945,0.0,77.50003278203336,0,60,3.0,3,7.713419613671302e-07
3.95,0.001684486749771458,77.50002241501873,0,60,3.0,3,5.274122054957201e-07
3.955,0.003097557930867117,77.50001523999399,0,60,3.0,3,3.5858809376483857e-07
3.96,0.005475106668887023,77.5000103032196,0,60,3.0,3,2.4242869639077554e-07
3.965,0.00930222931468658,77.50000692633651,0,60,3.0,3,1.6297262377787882e-07
3.97,0.01519157517868857,77.50000462995416,0,60,3.0,3,1.0894009793606956e-07
3.975,0.023847336626128316,77.50000307745893,0,60,3.0,3,7.241079829862642e-08
3.98,0.0359830743700859,77.500002033997,0,60,3.0,3,4.785875309126448e-08
3.985,0.05218887796857759,77.50000133675195,0,60,3.0,3,3.145298705931055e-08
3.99,0.0727577001223134,77.50000087356216,0,60,3.0,3,2.055440371109666e-08
3.995,0.0974992498694751,77.50000056764821,0,60,3.0,3,1.3356428580129217e-08
4.0,0.12558706050443358,77.50000036678132,0,60,3.0,3,8.63014874726907e-09
4.005,0.15549263588878245,77.50000023565552,0,60,3.0,3,5.5448357643934505e-09
4.01,0.1850529723539114,77.50000015055338,0,60,3.0,3,3.5424323761938413e-09
4.015,0.21169159439317053,77.50000009564138,0,60,3.0,3,2.2503854779643005e-09
4.02,0.23277292922115492,77.50000006041483,0,60,3.0,3,1.4215255064567934e-09
4.025,0.24602692519491282,77.50000003794757,0,60,3.0,3,8.928840516626438e-10
4.03,0.24995056064839283,77.500000023701,0,60,3.0,3,5.576707200602601e-10
4.035,0.24408826520424054,77.50000001471946,0,60,3.0,3,3.463402636578608e-10
4.04,0.22911894216865275,77.50000000908992,0,60,3.0,3,2.1388038529788472e-10
4.045,0.20672661788705934,77.50000000558174,0,60,3.0,3,1.313350474126363e-10
4.05,0.17928878030241233,77.50000000340818,0,60,3.0,3,8.019235471746309e-11
4.055,0.14946211903866036,77.50000000206927,0,60,3.0,3,4.868872886564692e-11
4.06,0.1197651512573837,77.50000000124926,0,60,3.0,3,2.939440063902807e-11
4.065,0.09224675744988023,77.50000000074995,0,60,3.0,3,1.764586907965542e-11
4.07,0.06829565320281596,77.50000000044767,0,60,3.0,3,1.0533419887959848e-11
4.075,0.04860224607515734,77.50000000026571,0,60,3.0,3,6.252107328584637e-12
4.08,0.03324612389699793,77.50000000015683,0,60,3.0,3,3.6901410032228076e-12
4.085,0.021859876340472782,77.50000000009204,0,60,3.0,3,2.1657342585967854e-12
4.09,0.01381595518554205,77.50000000005372,0,60,3.0,3,1.2639301370226723e-12
4.095,0.008394095110402422,77.50000000003116,0,60,3.0,3,7.332801033044234e-13
4.1,0.0049052535271608,77.50000000001798,0,60,3.0,3,4.229819109348361e-13
4.105,0.0027671663551903634,77.50000000001032,0,60,3.0,3,2.4275483584086246e-13
4.11,0.0015425553464444616,77.50000000000588,0,60,3.0,3,1.3843044357867362e-13
4.115,0.0009638206637011801,77.50000000000334,0,60,3.0,3,7.857766724876402e-14
4.12,0.0009804935156568228,77.50000000000189,0,60,3.0,3,4.447161593227921e-14
4.125,0.0018793744894085216,77.50000000000105,0,60,3.0,3,2.4743605857057607e-14
4.13,0.004535525206900863,77.50000000000058,0,60,3.0,3,1.3709295137018404e-14
4.135,0.010832767979632273,77.50000000000033,0,60,3.0,3,7.690580198815202e-15
4.14,0.024208003392322392,77.50000000000018,0,60,3.0,3,4.3468496775912015e-15
4.145,0.0500971897335304,77.5000000000001,0,60,3.0,3,2.3406113648568006e-15
4.15,0.09582894921774403,77.50000000000006,0,60,3.0,3,1.3374922084896003e-15
4.155,0.16937896721820658,77.50000000000003,0,60,3.0,3,6.687461042448002e-16
4.16,0.27661303008991756,77.50000000000001,0,60,3.0,3,3.343730521224001e-16
4.165,0.4173782800009149,77.50000000000001,0,60,3.0,3,3.343730521224001e-16
4.17,0.5818720934538056,77.5,0,60,3.0,3,0.0
4.175,0.7494718801585675,77.5,0,60,3.0,3,0.0
4.18,0.891813020752378,77.5,0,60,3.0,3,0.0
4.185,0.9800361632936612,77.5,0,60,3.0,3,0.0
4.19,0.993574479225126,77.50000249379623,1,60,3.0,3,5.8677558372972485e-08
4.195,0.9263438449375362,77.50000391718795,0,60,3.0,3,9.216912831909533e-08
4.2,0.7873015962290536,77.50000630150961,0,60,3.0,3,1.4827081446021431e-07
4.205,0.5959516244629897,77.5000105140369,0,60,3.0,3,2.473891035659857e-07
4.21,0.376910120078773,77.50001840698704,0,60,3.0,3,4.331055773785492e-07
4.215,0.15739335672107918,77.50003400964872,0,60,3.0,3,8.002270285888859e-07
4.22,-0.033361226269301235,77.50006609644886,0,60,3.0,3,1.5552105614514243e-06
4.225,-0.1680180840843834,77.50013356232397,0,60,3.0,3,3.1426429168678785e-06
4.23,-0.23069703190837854,77.50027632336332,0,60,3.0,3,6.501726195839343e-06
4.235,-0.22587267821131068,77.50057668790406,0,60,3.0,3,1.3569127154302324e-05
4.24,-0.17718181630665902,77.50119979487688,0,60,3.0,3,2.8230467691347417e-05
4.245,-0.11494332516451301,77.50246734685948,0,60,3.0,3,5.80552202229549e-05
4.25,-0.061810214049552864,77.50498694254254,0,60,3.0,3,0.00011733982453045107
4.255,-0.026546104631500547,77.50986989510379,0,60,3.0,3,0.00023223282597153712
4.26,-0.00719600351942686,77.51908262989394,0,60,3.0,3,0.00044900305632809785
4.265,0.0022072757983807078,77.53598806050526,0,60,3.0,3,0.0008467778942414337
4.27,0.006917199873730717,77.5661388335815,0,60,3.0,3,0.0015562078489765822
4.275,0.01004859748264829,77.61837627811394,0,60,3.0,3,0.0027853241909162854
4.28,0.013037082251128167,77.70625715723415,0,60,3.0,3,0.004853109581979959
4.285,0.01645163937690478,77.84976424958334,0,60,3.0,3,0.008229747049019874
4.29,0.020526639934696615,78.07714907313756,0,60,3.0,3,0.01357997819147205
4.295,0.02539629541761738,78.42660746482035,0,60,3.0,3,0.021802528584008236
4.3,0.031171612185577933,78.94731857168912,0,60,3.0,3,0.034054554627979385
4.305,0.03795853426638131,79.69922288771569,0,60,3.0,3,0.05174642088742804
4.31,0.0458588961882057,80.75083343091529,0,60,3.0,3,0.07649019837447749
4.315,0.054966995891435555,82.17443594424168,0,60,3.0,3,0.10998672809980423
4.32,0.06536491004445595,84.03830214667643,0,60,3.0,3,0.15384240345121009
4.325,0.07711726085088699,86.39604373737505,0,60,3.0,3,0.20931867617353064
4.33,0.09026570629555215,89.2739411348602,0,60,3.0,3,0.277033909055534
4.335,0.10482339848670268,92.6578763804036,0,60,3.0,3,0.3566559148330257
4.34,0.12076968927580028,96.48219417074539,0,60,3.0,3,0.44663986284106794
4.345,0.13804539501007884,100.62317626104648,0,60,3.0,3,0.5440747355540348
4.35,0.15654895051787066,104.89963122754831,0,60,3.0,3,0.6446972053540779
4.355,0.17613378141900526,109.08226138097591,0,60,3.0,3,0.7431120324935507
4.36,0.19660720058055794,112.91202435562403,0,60,3.0,3,0.8332241024852712
4.365,0.21773108748496234,116.12590285572924,0,60,3.0,3,0.908844773075982
4.37,0.23922453870058807,118.48673321912287,0,60,3.0,3,0.964393722802891
4.375,0.2607685857914563,119.81248326881075,0,60,3.0,3,0.9955878416190765
4.38,0.2820129681603682,120.0,0,60,3.0,3,1.0
4.385,0.30258482867153996,119.03895265764984,0,60,3.0,3,0.9773871213564669
4.39,0.3220990771751686,117.01338144972989,0,60,3.0,3,0.9297266223465857
4.395,0.3401700499968971,114.09055937282247,0,60,3.0,3,0.8609543381840581
4.4,0.3564239911198326,110.49924173293033,0,60,3.0,3,0.7764527466571842
4.405,0.3705118017738417,106.501252019056,0,60,3.0,3,0.6823824004483764
4.41,0.3821214567925213,102.3613128393379,0,60,3.0,3,0.5849720668079506
4.415,0.39098947374066967,98.31991189297068,0,60,3.0,3,0.48988027983460425
4.42,0.3969108472035567,94.57291708101874,0,60,3.0,3,0.40171569602397045
4.425,0.3997469255491936,91.2599713216292,0,60,3.0,3,0.3237640310971575
4.43,0.3994308076379137,88.46186297981151,0,60,3.0,3,0.25792618776027093
4.435,0.3959699661768434,86.2055083156022,0,60,3.0,3,0.20483548977887533
4.44,0.38944595408114946,84.47418553637537,0,60,3.0,3,0.1640984832088323
4.445,0.38001120995358023,83.22032439628626,0,60,3.0,3,0.13459586814791197
4.45,0.3678831374098315,82.3784030507939,0,60,3.0,3,0.11478595413632721
4.455,0.35333577933796634,81.87614033165356,0,60,3.0,3,0.10296800780361316
4.46,0.33668953221163944,81.6429627878982,0,60,3.0,3,0.09748147736231057
4.465,0.3182994390982644,81.61546715457652,0,60,3.0,3,0.09683452128415344
4.47,0.29854265738230645,81.74015709851017,0,60,3.0,3,0.09976840231788628
4.475,0.2778057157821067,81.9740569196691,0,60,3.0,3,0.10527192752162577
4.48,0.2564721553719815,82.28391103867587,0,60,3.0,3,0.1125626126747263
4.485,0.23491109433464996,82.64462413530069,0,60,3.0,3,0.12104997965413385
4.49,0.21346717185309805,83.03745309290495,0,60,3.0,3,0.1302930139507048
4.495,0.19245222055656455,83.4482905955028,0,60,3.0,3,0.13995977871771287
4.5,0.17213889801761392,83.86622429212309,0,60,3.0,3,0.14979351275583747
4.505,0.15275638501270183,84.28243683268946,0,60,3.0,3,0.1595867490044578
4.51,0.13448814019607322,84.68943573432038,0,60,3.0,3,0.1691631937487149
4.515,0.11747159495449566,85.08056227854561,0,60,3.0,3,0.1783661712598968
4.52,0.10179958433370105,85.44971522709557,0,60,3.0,3,0.18705212299048393
4.525,0.08752324394101413,85.79122761200028,0,60,3.0,3,0.19508770851765375
4.53,0.07465606047174059,86.09984484761954,0,60,3.0,3,0.2023492905322244
4.535,0.0631787448609295,86.37076438636134,0,60,3.0,3,0.20872386791438458
4.54,0.05304460019959574,86.59970808382359,0,60,3.0,3,0.2141107784429079
4.545,0.044185078305849994,86.7830071632666,0,60,3.0,3,0.2184236979592142
4.55,0.03651525513023255,86.91768606859858,0,60,3.0,3,0.22159261337879022
4.555,0.0299390014708757,87.00153597091433,0,60,3.0,3,0.22356555225680783
4.56,0.024353677220580638,87.03317178450779,0,60,3.0,3,0.22430992434135968
4.565,0.01965423034339045,87.01206873798577,0,60,3.0,3,0.22381338207025345
4.57,0.015736632374757337,86.938576193165,0,60,3.0,3,0.22208414572152954
4.575,0.012500627640593535,86.81390773863106,0,60,3.0,3,0.2191507703207308
4.58,0.009851811652115898,86.64010773261553,0,60,3.0,3,0.21506135841448312
4.585,0.007703084175428559,86.41999548610957,0,60,3.0,3,0.2098822467319899
4.59,0.005975544002062424,86.15708917317427,0,60,3.0,3,0.2036962158393946
4.595,0.004598905818663047,85.85551231983004,0,60,3.0,3,0.1966002898783539
4.6,0.0035115256454839104,85.5198863357969,0,60,3.0,3,0.18870320790110348
4.605,0.002660121266303676,85.15521299527994,0,60,3.0,3,0.18012265871246916
4.61,0.0019992692560877024,84.76675103026113,0,60,3.0,3,0.17098237718261491
4.615,0.0014907520044639367,84.35989106720938,0,60,3.0,3,0.16140920158139707
4.62,0.0011028178277539807,83.94003302017312,0,60,3.0,3,0.15153018870995572
4.625,0.0008094059938923333,83.51246976372725,0,60,3.0,3,0.14146987679358242
4.63,0.0005893771793717645,83.082280470485,0,60,3.0,3,0.13134777577611773
4.635,0.0004257792353490551,82.65423643892917,0,60,3.0,3,0.12127615150421588
4.64,0.0003051686392901525,82.23272159200907,0,60,3.0,3,0.11135815510609579
4.645,0.00021699992642659966,81.8216691316493,0,60,3.0,3,0.10168633250939532
4.65,0.00015308884054097838,81.4245151256355,0,60,3.0,3,0.09234153236789398
4.655,0.00010714989329311098,81.0441691159847,0,60,3.0,3,0.08339221449375767
4.66,7.440535854020571e-05,80.683001202808,0,60,3.0,3,0.07489414594842354
4.665,5.1260276743925106e-05,80.34284450049499,0,60,3.0,3,0.06689045883517625
4.67,3.503659887882241e-05,80.02501140315086,0,60,3.0,3,0.05941203301531426
4.675,2.375894748103639e-05,79.73032174609531,0,60,3.0,3,0.052478158731654435
4.68,1.5984413869232557e-05,79.4591407154507,0,60,3.0,3,0.04609742859884002
4.685,1.0669166579899869e-05,79.21142423740287,0,60,3.0,3,0.04026880558594979
4.69,7.06526633560511e-06,78.9867695657814,0,60,3.0,3,0.03498281331250355
4.695,4.641847214699205e-06,78.78446886954399,0,60,3.0,3,0.030222796930446723
4.7,3.025641074479182e-06,78.60356378533176,0,60,3.0,3,0.025966206713688426
4.705,1.9566278676921314e-06,78.44289912695085,0,60,3.0,3,0.022185861810608203
4.71,1.2553456560008793e-06,78.30117421486159,0,60,3.0,3,0.018851157996743282
4.715,7.990660428214668e-07,78.17699058609722,0,60,3.0,3,0.015929190261111028
4.72,5.046221251618276e-07,78.0688951512295,0,60,3.0,3,0.013385768264223476
4.725,3.1616527078858815e-07,77.97541816475811,0,60,3.0,3,0.011186309759014367
4.73,1.9652884407760343e-07,77.89510565587798,0,60,3.0,3,0.00929660366771727
4.735,1.2120002189836396e-07,77.82654621810562,0,60,3.0,3,0.007683440426014573
4.74,7.415549848886236e-08,77.7683922718456,0,60,3.0,3,0.006315112278719974
4.745,4.501406988770349e-08,77.71937608967772,0,60,3.0,3,0.0051617903453582
4.75,0.0,77.67832100862636,0,60,3.0,3,0.00419578843826718
4.755,0.0,77.64414834790306,0,60,3.0,3,0.0033917258330130634
4.76,0.0,77.61588060740796,0,60,3.0,3,0.0027266025272461
4.765,0.0,77.59264154581128,0,60,3.0,3,0.0021798010779123696
4.77,0.0,77.57365373238999,0,60,3.0,3,0.0017330289974114186
4.775,0.0,77.55823413948939,0,60,3.0,3,0.0013702150468090808
4.78,0.0,77.54578829810711,0,60,3.0,3,0.0010773717201673476
4.785,0.0,77.53580348299825,0,60,3.0,3,0.0008424348940764048
4.79,0.0,77.52784133072689,0,60,3.0,3,0.0006550901347502665
4.795,0.0,77.5215302284374,0,60,3.0,3,0.0005065936102917422
4.8,0.0,77.51655774624525,0,60,3.0,3,0.00038959402930010905
4.805,0.0,77.51266332472912,0,60,3.0,3,0.00029796058186160306
4.81,0.0,77.50963137297701,0,60,3.0,3,0.0002266205406355686
4.815,0.0,77.50728488323819,0,60,3.0,3,0.00017140901736906124
4.82,0.0,77.50547962610095,0,60,3.0,4,0.00012893237884588202
4.825,0.0,77.5040989553958,0,60,3.0,4,9.644600931303959e-05
4.83,0.0,77.50304922446462,0,60,3.0,4,7.174645799101894e-05
4.835,0.0,77.50225579450853,0,60,3.0,4,5.3077517847722284e-05
4.84,0.0,77.50165960070633,0,60,3.0,4,3.904942838430008e-05
4.845,0.0,77.50121423185787,0,60,3.0,4,2.8570161361706006e-05
4.85,0.0,77.50088347359097,0,60,3.0,4,2.0787613905280096e-05
4.855,0.0,77.50063926283588,0,60,3.0,4,1.5041478491184535e-05
4.86,0.0,77.5004600015325,0,60,3.0,4,1.0823565470646452e-05
4.865,0.0,77.5003291796934,0,60,3.0,4,7.745404550472385e-06
4.87,0.0,77.50023426139796,0,60,3.0,4,5.512032893260339e-06
4.875,0.0,77.50016579153834,0,60,3.0,4,3.900977372615992e-06
4.88,0.0,77.50011668577856,0,60,3.0,4,2.7455477309371525e-06
4.885,0.0,77.50008167091697,0,60,3.0,4,1.921668634582495e-06
4.89,0.0,77.5000568474347,0,60,3.0,4,1.3375866989703996e-06
4.895,0.0,77.50003935031812,0,60,3.0,4,9.258898380855552e-07
4.9,0.0,77.50002708816338,0,60,3.0,4,6.373685500741832e-07
4.905,0.001684486749771458,77.50001854405937,0,60,3.0,4,4.3633080876508543e-07
4.91,0.003097557930867117,77.50001262478511,0,60,3.0,4,2.970537673932353e-07
4.915,0.005475106668887023,77.50000854746077,0,60,3.0,4,2.0111672390211263e-07
4.92,0.00930222931468658,77.50000575498471,0,60,3.0,4,1.3541140500659395e-07
4.925,0.01519157517868857,77.50000385340955,0,60,3.0,4,9.066846005493169e-08
4.93,0.023847336626128316,77.50000256590221,0,60,3.0,4,6.037416958005291e-08
4.935,0.0359830743700859,77.50000169913923,0,60,3.0,4,3.997974665574421e-08
4.94,0.05218887796857759,77.50000111895281,0,60,3.0,4,2.6328301400473507e-08
4.945,0.0727577001223134,77.50000073280515,0,60,3.0,4,1.724247407336781e-08
4.95,0.0974992498694751,77.50000047726456,0,60,3.0,4,1.1229754443989162e-08
4.955,0.12558706050443358,77.50000030911765,0,60,3.0,4,7.273356526210966e-09
4.96,0.15549263588878245,77.50000019910509,0,60,3.0,4,4.68482559935022e-09
4.965,0.1850529723539114,77.5000001275366,0,60,3.0,4,3.0008610498471708e-09
4.97,0.21169159439317053,77.50000008124212,0,60,3.0,4,1.9115793079168616e-09
4.975,0.23277292922115492,77.50000005146615,0,60,3.0,4,1.2109681205509012e-09
4.98,0.24602692519491282,77.5000000324232,0,60,3.0,4,7.628988682614256e-10
4.985,0.24995056064839283,77.50000002031346,0,60,3.0,4,4.779638750144787e-10
4.99,0.24408826520424054,77.50000001265629,0,60,3.0,4,2.9779498083157436e-10
4.995,0.22911894216865275,77.50000000784192,0,60,3.0,4,1.8451574386049555e-10
5.0,0.20672661788705934,77.50000000483206,0,60,3.0,4,1.1369553142097122e-10
5.005,0.17928878030241233,77.50000000296099,0,60,3.0,4,6.967030351327541e-11
5.01,0.14946211903866036,77.50000000180441,0,60,3.0,4,4.245668392018963e-11
5.015,0.1197651512573837,77.50000000109351,0,60,3.0,4,2.5729671987766563e-11
5.02,0.09224675744988023,77.50000000065904,0,60,3.0,4,1.5506884665228427e-11
5.025,0.06829565320281596,77.50000000039499,0,60,3.0,4,9.29389898374211e-12
5.03,0.04860224607515734,77.50000000023543,0,60,3.0,4,5.539558354511802e-12
5.035,0.03324612389699793,77.50000000013955,0,60,3.0,4,3.283543371841969e-12
5.04,0.021859876340472782,77.50000000008227,0,60,3.0,4,1.935685598736574e-12
5.045,0.01381595518554205,77.50000000004822,0,60,3.0,4,1.1345277658513034e-12
5.05,0.008394095110402422,77.50000000002811,0,60,3.0,4,6.613898970981073e-13
5.055,0.0049052535271608,77.5000000000163,0,60,3.0,4,3.835258907843929e-13
5.06,0.0027671663551903634,77.5000000000094,0,60,3.0,4,2.2102058745290646e-13
5.065,0.0015425553464444616,77.50000000000539,0,60,3.0,4,1.2672738675438964e-13
5.07,0.0009638206637011801,77.50000000000307,0,60,3.0,4,7.222457925843841e-14
5.075,0.0009804935156568228,77.50000000000175,0,60,3.0,4,4.112788541105521e-14
5.08,0.0018793744894085216,77.50000000000098,0,60,3.0,4,2.3071740596445606e-14
5.085,0.004535525206900863,77.50000000000055,0,60,3.0,4,1.3040549032773603e-14
5.09,0.010832767979632273,77.50000000000031,0,60,3.0,4,7.356207146692803e-15
5.095,0.024208003392322392,77.50000000000017,0,60,3.0,4,4.012476625468801e-15
5.1,0.0500971897335304,77.5000000000001,0,60,3.0,4,2.3406113648568006e-15
5.105,0.09582894921774403,77.50000000000006,0,60,3.0,4,1.3374922084896003e-15
5.11,0.16937896721820658,77.50000000000003,0,60,3.0,4,6.687461042448002e-16
5.115,0.27661303008991756,77.50000000000001,0,60,3.0,4,3.343730521224001e-16
5.12,0.4173782800009149,77.50000000000001,0,60,3.0,4,3.343730521224001e-16
5.125,0.5818720934538056,77.5,0,60,3.0,4,0.0
5.13,0.7494718801585675,77.5,0,60,3.0,4,0.0
5.135,0.891813020752378,77.5,0,60,3.0,4,0.0
5.14,0.9800361632936612,77.5,0,60,3.0,4,0.0
5.145,0.993574479225126,77.50000249606323,1,60,3.0,4,5.8730899568485364e-08
5.15,0.9263438449375362,77.5000038398575,0,60,3.0,4,9.034958820313264e-08
5.155,0.7873015962290536,77.500006033868,0,60,3.0,4,1.4197336480826967e-07
5.16,0.5959516244629897,77.50000979196264,0,60,3.0,4,2.303991209373635e-07
5.165,0.376910120078773,77.50001658325932,0,60,3.0,4,3.9019433703448587e-07
5.17,0.15739335672107918,77.50002948944842,0,60,3.0,4,6.938693746526362e-07
5.175,-0.033361226269301235,77.50005499618474,0,60,3.0,4,1.2940278763300524e-06
5.18,-0.1680180840843834,77.50010664152244,0,60,3.0,4,2.509212292606582e-06
5.185,-0.23069703190837854,77.50021223841208,0,60,3.0,4,4.993844990006919e-06
5.19,-0.22587267821131068,77.50042774487464,0,60,3.0,4,1.006458528569751e-05
5.195,-0.17718181630665902,77.50086306382961,0,60,3.0,4,2.0307384226177473e-05
5.2,-0.11494332516451301,77.50172846110615,0,60,3.0,4,4.0669673085978825e-05
5.205,-0.061810214049552864,77.5034152292072,0,60,3.0,4,8.035833428721162e-05
5.21,-0.026546104631500547,77.5066308676186,0,60,3.0,4,0.00015602041455522073
5.215,-0.00719600351942686,77.51261714788687,0,60,3.0,4,0.0002968740679263834
5.22,0.0022072757983807078,77.5234879390857,0,60,3.0,4,0.000552657390251705
5.225,0.006917199873730717,77.5427303078502,0,60,3.0,4,0.00100541900824015
5.23,0.01004859748264829,77.57591328443115,0,60,3.0,4,0.001786194927791819
5.235,0.013037082251128167,77.63163821024733,0,60,3.0,4,0.0030973696528783824
5.24,0.01645163937690478,77.7227359889992,0,60,3.0,4,0.005240846799981281
5.245,0.020526639934696615,77.86766338596527,0,60,3.0,4,0.008650903199182882
5.25,0.02539629541761738,78.09196918540792,0,60,3.0,4,0.013928686715480447
5.255,0.031171612185577933,78.42959438652437,0,60,3.0,4,0.021872809094691092
5.26,0.03795853426638131,78.9236517302522,0,60,3.0,4,0.03349768777064007
5.265,0.0458588961882057,79.62622444184039,0,60,3.0,4,0.05002881039624453
5.27,0.054966995891435555,80.5966700411891,0,60,3.0,4,0.07286282449856706
5.275,0.06536491004445595,81.89795705296187,0,60,3.0,4,0.10348134242263227
5.28,0.07711726085088699,83.590740736457,0,60,3.0,4,0.14331154674016455
5.285,0.09026570629555215,85.72521884287897,0,60,3.0,4,0.19353456100891703
5.29,0.10482339848670268,88.3312835786459,0,60,3.0,4,0.25485373126225636
5.295,0.12076968927580028,91.40803681418913,0,60,3.0,4,0.32724792503974426
5.3,0.13804539501007884,94.91424919828907,0,60,3.0,4,0.4097470399597428
5.305,0.15654895051787066,98.7616754538298,0,60,3.0,4,0.5002747165607011
5.31,0.17613378141900526,102.81314459839467,0,60,3.0,4,0.5956034023151687
5.315,0.19660720058055794,106.88692793605124,0,60,3.0,4,0.6914571279070879
5.32,0.21773108748496234,110.76804090701927,0,60,3.0,4,0.7827774331063357
5.325,0.23922453870058807,114.22596317855158,0,60,3.0,4,0.8641403100835666
5.33,0.2607685857914563,117.0369802382121,0,60,3.0,4,0.9302818879579317
5.335,0.2820129681603682,119.00824368351186,0,60,3.0,4,0.9766645572591027
5.34,0.30258482867153996,120.0,0,60,3.0,4,1.0
5.345,0.3220990771751686,119.94245116636986,0,60,3.0,4,0.998645909796938
5.35,0.3401700499968971,118.84443995887491,0,60,3.0,4,0.9728103519735274
5.355,0.3564239911198326,116.79247804582917,0,60,3.0,4,0.9245288951959805
5.36,0.3705118017738417,113.94028233815197,0,60,3.0,4,0.857418407956517
5.365,0.3821214567925213,110.4905961503334,0,60,3.0,4,0.7762493211843153
5.37,0.39098947374066967,106.67229771772733,0,60,3.0,4,0.686407005122996
5.375,0.3969108472035567,102.71639188641603,0,60,3.0,4,0.5933268679156714
5.38,0.3997469255491936,98.83435529010902,0,60,3.0,4,0.5019848303555062
5.385,0.3994308076379137,95.20154861737079,0,60,3.0,4,0.4165070262910774
5.39,0.3959699661768434,91.94724589020063,0,60,3.0,4,0.3399351974164855
5.395,0.38944595408114946,89.1515501373611,0,60,3.0,4,0.2741541208790847
5.4,0.38001120995358023,86.84834318674413,0,60,3.0,4,0.21996101615868544
5.405,0.3678831374098315,85.03265064487029,0,60,3.0,4,0.17723883870283028
5.41,0.35333577933796634,83.67047424017679,0,60,3.0,4,0.1451876291806303
5.415,0.33668953221163944,82.70922389874646,0,60,3.0,4,0.12256997408815196
5.42,0.3182994390982644,82.08726133343396,0,60,3.0,4,0.10793556078668136
5.425,0.29854265738230645,81.74159879534122,0,60,3.0,4,0.09980232459626397
5.43,0.2778057157821067,81.61334027722147,0,60,3.0,4,0.09678447711109336
5.435,0.2564721553719815,81.6509036668351,0,60,3.0,4,0.09766832157259073
5.44,0.23491109433464996,81.81136644357802,0,60,3.0,4,0.10144391631948291
5.445,0.21346717185309805,82.06042651697676,0,60,3.0,4,0.10730415334062968
5.45,0.19245222055656455,82.37148928088116,0,60,3.0,4,0.11462327719720386
5.455,0.17213889801761392,82.72432417484066,0,60,3.0,4,0.12292527470213319
5.46,0.15275638501270183,83.10362302191093,0,60,3.0,4,0.13184995345672787
5.465,0.13448814019607322,83.49767392349987,0,60,3.0,4,0.14112173937646763
5.47,0.11747159495449566,83.89726171789964,0,60,3.0,4,0.15052380512705033
5.475,0.10179958433370105,84.29482974674242,0,60,3.0,4,0.15987834698217465
5.48,0.08752324394101413,84.68388923933297,0,60,3.0,4,0.16903268798430518
5.485,0.07465606047174059,85.05863764443257,0,60,3.0,4,0.17785029751606035
5.49,0.0631787448609295,85.41373904216793,0,60,3.0,4,0.18620562452159842
5.495,0.05304460019959574,85.74422176195922,0,60,3.0,4,0.19398168851668762
5.5,0.044185078305849994,86.0454552613927,0,60,3.0,4,0.20106953556218127
5.505,0.03651525513023255,86.31317664893982,0,60,3.0,4,0.20736886232799567
5.51,0.0299390014708757,86.54354497329876,0,60,3.0,4,0.2127892934893827
5.515,0.024353677220580638,86.73320770957436,0,60,3.0,4,0.21725194610763196
5.52,0.01965423034339045,86.87936861096367,0,60,3.0,4,0.22069102614032157
5.525,0.015736632374757337,86.97984948291244,0,60,3.0,4,0.223055281950881
5.53,0.012500627640593535,87.03314081261668,0,60,3.0,4,0.2243091955909807
5.535,0.009851811652115898,87.03843787511315,0,60,3.0,4,0.22443383235560344
5.54,0.007703084175428559,86.99566019345913,0,60,3.0,4,0.2234272986696266
5.545,0.005975544002062424,86.90545322943116,0,60,3.0,4,0.22130478186896846
5.55,0.004598905818663047,86.76917202771214,0,60,3.0,4,0.2180981653579328
5.555,0.0035115256454839104,86.58884728386485,0,60,3.0,4,0.21385523020858474
5.56,0.002660121266303676,86.36713497361453,0,60,3.0,4,0.2086384699674006
5.565,0.0019992692560877024,86.10725126733229,0,60,3.0,4,0.20252355923134793
5.57,0.0014907520044639367,85.81289494876535,0,60,3.0,4,0.19559752820624346
5.575,0.0011028178277539807,85.48815994788507,0,60,3.0,4,0.1879567046561192
5.58,0.0008094059938923333,85.13744087266727,0,60,3.0,4,0.17970449112158282
5.585,0.0005893771793717645,84.76533457621503,0,60,3.0,4,0.17094904885211823
5.59,0.0004257792353490551,84.37654082180066,0,60,3.0,4,0.1618009605129567
5.595,0.0003051686392901525,83.97576501288177,0,60,3.0,4,0.15237094147957095
5.6,0.00021699992642659966,83.5676257473155,0,60,3.0,4,0.14276766464271773
5.605,0.00015308884054097838,83.1565696492459,0,60,3.0,4,0.1330957564528446
5.61,0.00010714989329311098,82.74679554691296,0,60,3.0,4,0.12345401286854031
5.615,7.440535854020571e-05,82.34218962124325,0,60,3.0,4,0.11393387344101764
5.62,5.1260276743925106e-05,81.94627267143458,0,60,3.0,4,0.10461818050434317
5.625,3.503659887882241e-05,81.5621601530088,0,60,3.0,4,0.0955802388943248
5.63,2.375894748103639e-05,81.19253516317026,0,60,3.0,4,0.08688318030988854
5.635,1.5984413869232557e-05,80.83963409787519,0,60,3.0,4,0.07857962583235743
5.64,1.0669166579899869e-05,80.5052443018934,0,60,3.0,4,0.07071163063278585
5.645,7.06526633560511e-06,80.19071269077197,0,60,3.0,4,0.06331088684169352
5.65,4.641847214699205e-06,79.89696405136633,0,60,3.0,4,0.056399154149795884
5.655,3.025641074479182e-06,79.6245275306656,0,60,3.0,4,0.04998888307448477
5.66,1.9566278676921314e-06,79.37356970210506,0,60,3.0,4,0.044083992990707255
5.665,1.2553456560008793e-06,79.14393255178399,0,60,3.0,4,0.03868076592432919
5.67,7.990660428214668e-07,78.93517474813203,0,60,3.0,4,0.03376881760310653
5.675,5.046221251618276e-07,78.74661463915068,0,60,3.0,4,0.029332109156486548
5.68,3.1616527078858815e-07,78.57737355111618,0,60,3.0,4,0.02534996590861604
5.685,1.9652884407760343e-07,78.42641813017309,0,60,3.0,4,0.021798073651131532
5.69,1.2120002189836396e-07,78.29260066180315,0,60,3.0,4,0.01864942733654469
5.695,7.415549848886236e-08,78.17469651121884,0,60,3.0,4,0.0158752120286786
5.7,4.501406988770349e-08,78.07143803963184,0,60,3.0,4,0.013445600932513959
5.705,0.0,77.98154455767332,0,60,3.0,4,0.011330460180548632
5.71,0.0,77.9037480701592,0,60,3.0,4,0.009499954591981082
5.715,0.0,77.83681473981095,0,60,3.0,4,0.00792505270143405
5.72,0.0,77.7795621471775,0,60,3.0,4,0.006577932874764723
5.725,0.0,77.730872547324,0,60,3.0,4,0.005432295231152881
5.73,0.0,77.68970241993146,0,60,3.0,4,0.0044635863513285716
5.735,0.0,77.65508867876439,0,60,3.0,4,0.0036491453826914388
5.74,0.0,77.62615195063168,0,60,3.0,4,0.002968281191333651
5.745,0.0,77.60209735548692,0,60,3.0,4,0.0024022907173392627
5.75,0.0,77.58221322128246,0,60,3.0,4,0.001934428736057846
5.755,0.0,77.56586815304183,0,60,3.0,4,0.001549838895101964
5.76,0.0,77.5525068488899,0,60,3.0,4,0.0012354552679977695
5.765,0.0,77.54164501992928,0,60,3.0,4,0.0009798828218653371
5.77,0.0,77.53286372908609,0,60,3.0,4,0.0007732642137903119
5.775,0.0,77.52580341921859,0,60,3.0,4,0.0006071392757315366
5.78,0.0,77.5201578553129,0,60,3.0,4,0.0004743024779506467
5.785,0.0,77.51566816144691,0,60,3.0,4,0.0003686626222802528
5.79,0.0,77.51211709188321,0,60,3.0,4,0.0002851080443108725
5.795,0.0,77.50932363821491,0,60,3.0,4,0.0002193797227037334
5.8,0.0,77.50713804159365,0,60,3.0,4,0.00016795391985056086
5.805,0.0,77.50543725103012,0,60,3.0,4,0.00012793531835567966
5.81,0.0,77.5041208456039,0,60,3.0,4,9.69610730327772e-05
5.815,0.0,77.5031074199587,0,60,3.0,4,7.311576373400813e-05
5.82,0.0,77.50233141833475,0,60,3.0,4,5.485690199407145e-05
5.825,0.0,77.50174039213948,0,60,3.0,4,4.095040328192066e-05
5.83,0.0,77.501292649158,0,60,3.0,4,3.0415274305957664e-05
5.835,0.0,77.50095525841263,0,60,3.0,4,2.2476668532496712e-05
5.84,0.0,77.50070237286243,0,60,3.0,4,1.6526420292580843e-05
5.845,0.0,77.50051383209139,0,60,3.0,4,1.2090166856135992e-05
5.85,0.0,77.50037400841595,0,60,3.0,4,8.800198022259686e-06
5.855,0.0,77.50027086205799,0,60,3.0,4,6.37322489383758e-06
5.86,0.0,77.50019517384675,0,60,3.0,4,4.5923258058417775e-06
5.865,0.0,77.50013992706306,0,60,3.0,4,3.292401483764372e-06
5.87,0.0,77.50009981331155,0,60,3.0,4,2.348548507063028e-06
5.875,0.0,77.5000708405394,0,60,3.0,4,1.6668362210272307e-06
5.88,0.0,77.50005002440169,0,60,3.0,4,1.177044745592117e-06
5.885,0.0,77.50003514702703,0,60,3.0,4,8.269888714012803e-07
5.89,0.0,77.50002456981785,0,60,3.0,4,5.781133612505501e-07
5.895,0.0,77.50001708920767,0,60,3.0,4,4.0209900409054705e-07
5.9,0.0,77.50001182629116,0,60,3.0,4,2.782656742831879e-07
5.905,0.001684486749771458,77.50000814295163,0,60,3.0,4,1.9159886184805894e-07
5.91,0.003097557930867117,77.50000557855593,0,60,3.0,4,1.312601394896346e-07
5.915,0.005475106668887023,77.5000038024926,0,60,3.0,4,8.947041411535312e-08
5.92,0.00930222931468658,77.50000257882347,0,60,3.0,4,6.067819928081436e-08
5.925,0.01519157517868857,77.5000017401292,0,60,3.0,4,4.0944216634135744e-08
5.93,0.023847336626128316,77.50000116828292,0,60,3.0,4,2.748900990755989e-08
5.935,0.0359830743700859,77.50000078040709,0,60,3.0,4,1.836251980795864e-08
5.94,0.05218887796857759,77.50000051868184,0,60,3.0,4,1.220427868568496e-08
5.945,0.0727577001223134,77.50000034299478,0,60,3.0,4,8.070465435808086e-09
5.95,0.0974992498694751,77.50000022567355,0,60,3.0,4,5.3099657794946855e-09
5.955,0.12558706050443358,77.50000014773399,0,60,3.0,4,3.4760937657719136e-09
5.96,0.15549263588878245,77.50000009622477,0,60,3.0,4,2.2641121605000295e-09
5.965,0.1850529723539114,77.5000000623591,0,60,3.0,4,1.4672730899559718e-09
5.97,0.21169159439317053,77.50000004020866,0,60,3.0,4,9.460861479858388e-10
5.975,0.23277292922115492,77.50000002579563,0,60,3.0,4,6.069559704508933e-10
5.98,0.24602692519491282,77.50000001646566,0,60,3.0,4,3.874273555565571e-10
5.985,0.24995056064839283,77.50000001045728,0,60,3.0,4,2.460537603731021e-10
5.99,0.24408826520424054,77.50000000660792,0,60,3.0,4,1.5548045987944693e-10
5.995,0.22911894216865275,77.50000000415449,0,60,3.0,4,9.775262429577518e-11
6.0,0.20672661788705934,77.50000000259882,0,60,3.0,4,6.114880627993604e-11
6.005,0.17928878030241233,77.5000000016175,0,60,3.0,4,3.80586751656237e-11
6.01,0.14946211903866036,77.50000000100165,0,60,3.0,4,2.356828457884737e-11
6.015,0.1197651512573837,77.50000000061716,0,60,3.0,4,1.4521487280623714e-11
6.02,0.09224675744988023,77.50000000037834,0,60,3.0,4,8.902013766654657e-12
6.025,0.06829565320281596,77.50000000023077,0,60,3.0,5,5.4298839934156554e-12
6.03,0.04860224607515734,77.50000000014005,0,60,3.0,5,3.2952464286662528e-12
6.035,0.03324612389699793,77.50000000008457,0,60,3.0,5,1.989854033180403e-12
6.04,0.021859876340472782,77.5000000000508,0,60,3.0,5,1.1953836613375804e-12
6.045,0.01381595518554205,77.50000000003037,0,60,3.0,5,7.14555212385569e-13
6.05,0.008394095110402422,77.50000000001806,0,60,3.0,5,4.249881492475705e-13
6.055,0.0049052535271608,77.50000000001069,0,60,3.0,5,2.514485351960449e-13
6.06,0.0027671663551903634,77.5000000000063,0,60,3.0,5,1.4812726209022324e-13
6.065,0.0015425553464444616,77.50000000000368,0,60,3.0,5,8.660262049970162e-14
6.07,0.0009638206637011801,77.50000000000215,0,60,3.0,5,5.049033087048241e-14
6.075,0.0009804935156568228,77.50000000000125,0,60,3.0,5,2.942482858677121e-14
6.08,0.0018793744894085216,77.50000000000072,0,60,3.0,5,1.7053025658242404e-14
6.085,0.004535525206900863,77.50000000000041,0,60,3.0,5,9.696818511549603e-15
6.09,0.010832767979632273,77.50000000000024,0,60,3.0,5,5.684341886080802e-15
6.095,0.024208003392322392,77.50000000000013,0,60,3.0,5,3.0093574691016007e-15
6.1,0.0500971897335304,77.50000000000007,0,60,3.0,5,1.6718652606120004e-15
6.105,0.09582894921774403,77.50000000000004,0,60,3.0,5,1.0031191563672002e-15
6.11,0.16937896721820658,77.50000000000003,0,60,3.0,5,6.687461042448002e-16
6.115,0.27661303008991756,77.50000000000001,0,60,3.0,5,3.343730521224001e-16
6.12,0.4173782800009149,77.5,0,60,3.0,5,0.0
6.125,0.5818720934538056,77.5,0,60,3.0,5,0.0
6.13,0.7494718801585675,77.5,0,60,3.0,5,0.0
6.135,0.891813020752378,77.5,0,60,3.0,5,0.0
6.14,0.9800361632936612,77.5,0,60,3.0,5,0.0
6.145,0.993574479225126,77.50000249105273,1,60,3.0,5,5.861300531464889e-08
6.15,0.9263438449375362,77.50000368839028,0,60,3.0,5,8.6785653633449e-08
6.155,0.7873015962290536,77.50000555445335,0,60,3.0,5,1.3069302005586745e-07
6.16,0.5959516244629897,77.50000857814938,0,60,3.0,5,2.0183880886125895e-07
6.165,0.376910120078773,77.50001369945717,0,60,3.0,5,3.223401687163834e-07
6.17,0.15739335672107918,77.50002276128193,0,60,3.0,5,5.355595747272781e-07
6.175,-0.033361226269301235,77.50003940090019,0,60,3.0,5,9.270800045241605e-07
6.18,-0.1680180840843834,77.50007077317657,0,60,3.0,5,1.6652512135137574e-06
6.185,-0.23069703190837854,77.5001308064235,0,60,3.0,5,3.077798199977705e-06
6.19,-0.22587267821131068,77.50024620473216,0,60,3.0,5,5.793052521512971e-06
6.195,-0.17718181630665902,77.50046723069718,0,60,3.0,5,1.0993663463122015e-05
6.2,-0.11494332516451301,77.50088655949897,0,60,3.0,5,2.086022350507686e-05
6.205,-0.061810214049552864,77.50167133369841,0,60,3.0,5,3.932549878614362e-05
6.21,-0.026546104631500547,77.50311609527448,0,60,3.0,5,7.331988881125706e-05
6.215,-0.00719600351942686,77.50572757810811,0,60,3.0,5,0.00013476654372017465
6.22,0.0022072757983807078,77.51035628930016,0,60,3.0,5,0.00024367739529793653
6.225,0.006917199873730717,77.51839396859039,0,60,3.0,5,0.00043279926095030584
6.23,0.01004859748264829,77.53205951613513,0,60,3.0,5,0.0007543415561208214
6.235,0.013037082251128167,77.55479735626218,0,60,3.0,5,0.0012893495591102318
6.24,0.01645163937690478,77.59180935033685,0,60,3.0,5,0.002160220007925773
6.245,0.020526639934696615,77.65073164399156,0,60,3.0,5,0.003546626917448534
6.25,0.02539629541761738,77.74244843426152,0,60,3.0,5,0.0057046690414475
6.255,0.031171612185577933,77.8820033321796,0,60,3.0,5,0.00898831369834337
6.26,0.03795853426638131,78.08952515894424,0,60,3.0,5,0.013871180210452728
6.265,0.0458588961882057,78.3910309371969,0,60,3.0,5,0.020965433816397695
6.27,0.054966995891435555,78.81891093605167,0,60,3.0,5,0.0310331984953333
6.275,0.06536491004445595,79.41185013616811,0,60,3.0,5,0.044984709086308534
6.28,0.07711726085088699,80.2139130892274,0,60,3.0,5,0.06385677857005656
6.285,0.09026570629555215,81.272533060352,0,60,3.0,5,0.08876548377298832
6.29,0.10482339848670268,82.63521855987192,0,60,3.0,5,0.12082867199698626
6.295,0.12076968927580028,84.34493145773052,0,60,3.0,5,0.16105721077013
6.3,0.13804539501007884,86.43429918565216,0,60,3.0,5,0.21021880436828624
6.305,0.15654895051787066,88.91908046331689,0,60,3.0,5,0.2686842461956915
6.31,0.17613378141900526,91.79157216297033,0,60,3.0,5,0.3362722861875371
6.315,0.19660720058055794,95.01487107678413,0,60,3.0,5,0.41211461357139134
6.32,0.21773108748496234,98.51902765789495,0,60,3.0,5,0.4945653566563518
6.325,0.23922453870058807,102.20009410358924,0,60,3.0,5,0.581178684790335
6.33,0.2607685857914563,105.92284248112838,0,60,3.0,5,0.6687727642618443
6.335,0.2820129681603682,109.52751120608181,0,60,3.0,5,0.7535884989666308
6.34,0.30258482867153996,112.84037442058334,0,60,3.0,5,0.8315382216607846
6.345,0.3220990771751686,115.68730426046446,0,60,3.0,5,0.8985248061285754
6.35,0.3401700499968971,117.90892428185623,0,60,3.0,5,0.9507982183966172
6.355,0.3564239911198326,119.3755523691119,0,60,3.0,5,0.9853071145673389
6.36,0.3705118017738417,120.0,0,60,3.0,5,1.0
6.365,0.3821214567925213,119.74648113841707,0,60,3.0,5,0.9940348503156957
6.37,0.39098947374066967,118.63437448880512,0,60,3.0,5,0.9678676350307087
6.375,0.3969108472035567,116.73629940794379,0,60,3.0,5,0.923207044892795
6.38,0.3997469255491936,114.17078105801232,0,60,3.0,5,0.8628419072473488
6.385,0.3994308076379137,111.09054510124496,0,60,3.0,5,0.7903657670881166
6.39,0.3959699661768434,107.66805834287894,0,60,3.0,5,0.7098366668912691
6.395,0.38944595408114946,104.08022269304901,0,60,3.0,5,0.6254170045423296
6.4,0.38001120995358023,100.49410013827166,0,60,3.0,5,0.5410376503122744
6.405,0.3678831374098315,97.05522581786516,0,60,3.0,5,0.46012296042035683
6.41,0.35333577933796634,93.87953842624674,0,60,3.0,5,0.3854009041469821
6.415,0.33668953221163944,91.04933672731988,0,60,3.0,5,0.31880792299576194
6.42,0.3182994390982644,88.61307620740166,0,60,3.0,5,0.26148414605650966
6.425,0.29854265738230645,86.58834757046263,0,60,3.0,5,0.21384347224617956
6.43,0.2778057157821067,84.96708751766239,0,60,3.0,5,0.17569617688617395
6.435,0.2564721553719815,83.7219769761652,0,60,3.0,5,0.14639945826271047
6.44,0.23491109433464996,82.81305889844472,0,60,3.0,5,0.12501315055164053
6.445,0.21346717185309805,82.19380699971077,0,60,3.0,5,0.11044251764025349
6.45,0.19245222055656455,81.81613773496655,0,60,3.0,5,0.10155618199921285
6.455,0.17213889801761392,81.63412349797244,0,60,3.0,5,0.09727349406993974
6.46,0.15275638501270183,81.60639228032515,0,60,3.0,5,0.09662099483118007
6.465,0.13448814019607322,81.69736309616482,0,60,3.0,5,0.09876148461564285
6.47,0.11747159495449566,81.87756056652502,0,60,3.0,5,0.10300142509470635
6.475,0.10179958433370105,82.12328335001891,0,60,3.0,5,0.10878313764750373
6.48,0.08752324394101413,82.41588511952244,0,60,3.0,5,0.11566788516523395
6.485,0.07465606047174059,82.74088182364454,0,60,3.0,5,0.12331486643869512
6.49,0.0631787448609295,83.0870418548042,0,60,3.0,5,0.13145980834833407
6.495,0.05304460019959574,83.44555928303792,0,60,3.0,5,0.13989551254206878
6.5,0.044185078305849994,83.8093624705626,0,60,3.0,5,0.1484555875426495
6.505,0.03651525513023255,84.17257468506841,0,60,3.0,5,0.15700175729572732
6.51,0.0299390014708757,84.53011997766967,0,60,3.0,5,0.1654145877098746
6.515,0.024353677220580638,84.87745475481431,0,60,3.0,5,0.17358717070151317
6.52,0.01965423034339045,85.2104004501258,0,60,3.0,5,0.18142118706178362
6.525,0.015736632374757337,85.52505275149068,0,60,3.0,5,0.18882477062331005
6.53,0.012500627640593535,85.81774566332717,0,60,3.0,5,0.1957116626665217
6.535,0.009851811652115898,86.085052616961,0,60,3.0,5,0.20200123804614104
6.54,0.007703084175428559,86.32381083446128,0,60,3.0,5,0.20761907845791255
6.545,0.005975544002062424,86.5311586540156,0,60,3.0,5,0.21249785068271998
6.55,0.004598905818663047,86.70457833716547,0,60,3.0,5,0.21657831381565817
6.555,0.0035115256454839104,86.84193900787369,0,60,3.0,5,0.21981032959702804
6.56,0.002660121266303676,86.94153592983167,0,60,3.0,5,0.22215378658427465
6.565,0.0019992692560877024,87.00212345173921,0,60,3.0,5,0.22357937533504021
6.57,0.0014907520044639367,87.0229397715895,0,60,3.0,5,0.22406917109622368
6.575,0.0011028178277539807,87.00372229487667,0,60,3.0,5,0.22361699517356864
6.58,0.0008094059938923333,86.94471286249635,0,60,3.0,5,0.2222285379410905
6.585,0.0005893771793717645,86.84665254943691,0,60,3.0,5,0.21992123645733908
6.59,0.0004257792353490551,86.71076611179907,0,60,3.0,5,0.2167239085129194
6.595,0.0003051686392901525,86.53873649925283,0,60,3.0,5,0.21267615292359612
6.6,0.00021699992642659966,86.33267015543511,0,60,3.0,5,0.20782753306906143
6.605,0.00015308884054097838,86.09505409744818,0,60,3.0,5,0.2022365669987808
6.61,0.00010714989329311098,85.82870599260853,0,60,3.0,5,0.1959695527672596
6.615,7.440535854020571e-05,85.53671863058347,0,60,3.0,5,0.18909926189608153
6.62,5.1260276743925106e-05,85.2224003175459,0,60,3.0,5,0.18170353688343305
6.625,3.503659887882241e-05,84.88921279308802,0,60,3.0,5,0.1738638304256005
6.63,2.375894748103639e-05,84.54070828947188,0,60,3.0,5,0.16566372445816188
6.635,1.5984413869232557e-05,84.1804673176195,0,60,3.0,5,0.15718746629692948
6.64,1.0669166579899869e-05,83.81203867840884,0,60,3.0,5,0.14851855713903153
6.645,7.06526633560511e-06,83.43888306661587,0,60,3.0,5,0.13973842509684406
6.65,4.641847214699205e-06,83.06432146510346,0,60,3.0,5,0.13092521094361084
6.655,3.025641074479182e-06,82.69148932672799,0,60,3.0,5,0.12215269004065857
6.66,1.9566278676921314e-06,82.32329731985429,0,60,3.0,5,0.1134893487024539
6.665,1.2553456560008793e-06,81.9623991796588,0,60,3.0,5,0.10499762775667772
6.67,7.990660428214668e-07,81.61116697082156,0,60,3.0,5,0.096733340489919
6.675,5.046221251618276e-07,81.27167383655502,0,60,3.0,5,0.08874526674247116
6.68,3.1616527078858815e-07,80.94568409216123,0,60,3.0,5,0.08107491981555835
6.685,1.9652884407760343e-07,80.63465032529267,0,60,3.0,5,0.07375647824218043
6.69,1.2120002189836396e-07,80.33971699532083,0,60,3.0,5,0.06681687047813713
6.695,7.415549848886236e-08,80.06172988470391,0,60,3.0,5,0.06027599728715078
6.7,4.501406988770349e-08,79.80125064846867,0,60,3.0,5,0.05414707408161569
6.705,0.0,79.55857563483465,0,60,3.0,5,0.04843707376081538
6.71,0.0,79.33375811013762,0,60,3.0,5,0.04314724965029701
6.715,0.0,79.12663301279987,0,60,3.0,5,0.03827371794823227
6.72,0.0,78.93684338132093,0,60,3.0,5,0.033808079560492386
6.725,0.0,78.7638676464423,0,60,3.0,5,0.029738062269230755
6.73,0.0,78.6070470434986,0,60,3.0,5,0.02604816572937874
6.735,0.0,78.46561248287588,0,60,3.0,5,0.02272029371472667
6.74,0.0,78.33871030971717,0,60,3.0,5,0.019734360228639336
6.745,0.0,78.22542648391168,0,60,3.0,5,0.017068858444980607
6.75,0.0,78.12480881364193,0,60,3.0,5,0.01470138385039845
6.755,0.0,78.03588697644554,0,60,3.0,5,0.012609105328130334
6.76,0.0,77.95769015754081,0,60,3.0,5,0.010769180177430827
6.765,0.0,77.88926222335756,0,60,3.0,5,0.009159111137824994
6.77,0.0,77.82967442675768,0,60,3.0,5,0.007757045335474753
6.775,0.0,77.77803570793309,0,60,3.0,5,0.006542016657249071
6.78,0.0,77.73350071066585,0,60,3.0,5,0.005494134368608256
6.785,0.0,77.69527567732716,0,60,3.0,5,0.004594721819462594
6.79,0.0,77.662622417975,0,60,3.0,5,0.0038264098347059084
6.795,0.0,77.63486056988265,0,60,3.0,5,0.0031731898795917058
6.8,0.0,77.61136837480714,0,60,3.0,5,0.0026204323484033494
6.805,0.0,77.59158220352371,0,60,3.0,5,0.002154875377028568
6.81,0.0,77.57499505197755,0,60,3.0,5,0.0017645894582953507
6.815,0.0,77.56115422226135,0,60,3.0,5,0.0014389228767376662
6.82,0.0,77.54965838592453,0,60,3.0,5,0.0011684326099889537
6.825,0.0,77.54015420819475,0,60,3.0,5,0.0009448048986999926
6.83,0.0,77.53233269076719,0,60,3.0,5,0.0007607691945221471
6.835,0.0,77.52592536897006,0,60,3.0,5,0.0006100086816485707
6.84,0.0,77.52070047725961,0,60,3.0,5,0.00048707005316727834
6.845,0.0,77.51645917587848,0,60,3.0,5,0.00038727472655249157
6.85,0.0,77.51303191170103,0,60,3.0,5,0.0003066332164949285
6.855,0.0,77.51027496820146,0,60,3.0,5,0.00024176395768135456
6.86,0.0,77.50806724338192,0,60,3.0,5,0.00018981749133920001
6.865,0.0,77.50630728052805,0,60,3.0,5,0.00014840660065996257
6.87,0.0,77.5049105648481,0,60,3.0,5,0.0001155427023083094
6.875,0.0,77.50380708934438,0,60,3.0,5,8.957857280887873e-05
6.88,0.0,77.50293918553965,0,60,3.0,5,6.915730681518707e-05
6.885,0.0,77.50225960876563,0,60,3.0,5,5.316726507357196e-05
6.89,0.0,77.50172986341735,0,60,3.0,5,4.0702668643595696e-05
6.895,0.0,77.50131875066967,0,60,3.0,5,3.102942752160315e-05
6.9,0.0,77.50100111942234,0,60,3.0,5,2.3555751113904347e-05
6.905,0.0,77.50075680047507,0,60,3.0,5,1.780707000173553e-05
6.91,0.0,77.50056970393622,0,60,3.0,5,1.3404798499336453e-05
6.915,0.0,77.50042706045588,0,60,3.0,5,1.0048481314751211e-05
6.92,0.0,77.50031878788886,0,60,3.0,5,7.500891502545795e-06
6.925,0.0,77.50023696629759,0,60,3.0,5,5.575677590406806e-06
6.93,0.0,77.50017540568608,0,60,3.0,5,4.127192613623265e-06
6.935,0.0,77.5001292924209,0,60,3.0,5,3.042174609270339e-06
6.94,0.0,77.50009490187263,0,60,3.0,5,2.232985238325615e-06
6.945,0.0,77.50006936634507,0,60,3.0,5,1.6321492958414798e-06
6.95,0.0,77.5000504888126,0,60,3.0,5,1.1879720612823267e-06
6.955,0.0,77.50003659433143,0,60,3.0,5,8.610430925540748e-07
6.96,0.0,77.50002641221309,0,60,3.0,5,6.214638373796119e-07
6.965,0.0,77.5000189831414,0,60,3.0,5,4.4666215063336817e-07
6.97,0.0,77.50001358637785,0,60,3.0,5,3.196794787473824e-07
6.975,0.0,77.50000968303739,0,60,3.0,5,2.2783617389583977e-07
6.98,0.0,77.50000687213756,0,60,3.0,5,1.6169735438191255e-07
6.985,0.0,77.50000485673486,0,60,3.0,5,1.1427611438568205e-07
6.99,0.0,77.500003417978,0,60,3.0,5,8.042301160190511e-08
6.995,0.0,77.50000239533601,0,60,3.0,5,5.636084732513529e-08
7.0,0.001684486749771458,77.50000167161376,0,60,3.0,5,3.933208845677762e-08
7.005,0.003097557930867117,77.50000116165656,0,60,3.0,5,2.733309543145879e-08
7.01,0.005475106668887023,77.5000008038812,0,60,3.0,5,1.8914851927868712e-08
7.015,0.00930222931468658,77.5000005539599,0,60,3.0,5,1.3034350425133359e-08
7.02,0.01519157517868857,77.50000038013431,0,60,3.0,5,8.944336701353997e-09
7.025,0.023847336626128316,77.50000025975753,0,60,3.0,5,6.1119418232385e-09
7.03,0.0359830743700859,77.50000017675492,0,60,3.0,5,4.158939378505559e-09
7.035,0.05218887796857759,77.50000011976978,0,60,3.0,5,2.818112467567142e-09
7.04,0.0727577001223134,77.50000008081561,0,60,3.0,5,1.9015437695035122e-09
7.045,0.0974992498694751,77.50000005430196,0,60,3.0,5,1.2776932662210825e-09
7.05,0.12558706050443358,77.50000003633359,0,60,3.0,5,8.549079666408943e-10
7.055,0.15549263588878245,77.5000000242088,0,60,3.0,5,5.696188723317498e-10
7.06,0.1850529723539114,77.5000000160624,0,60,3.0,5,3.779388514564797e-10
7.065,0.21169159439317053,77.50000001061255,0,60,3.0,5,2.497071203405914e-10
7.07,0.23277292922115492,77.50000000698236,0,60,3.0,5,1.6429085542982005e-10
7.075,0.24602692519491282,77.50000000457463,0,60,3.0,5,1.0763836358177393e-10
7.08,0.24995056064839283,77.50000000298458,0,60,3.0,5,7.022536277979859e-11
7.085,0.24408826520424054,77.50000000193901,0,60,3.0,5,4.5623865469893e-11
7.09,0.22911894216865275,77.50000000125445,0,60,3.0,5,2.9516446803052745e-11
7.095,0.20672661788705934,77.50000000080816,0,60,3.0,5,1.901546110114877e-11
7.1,0.17928878030241233,77.50000000051845,0,60,3.0,5,1.2198932060581522e-11
7.105,0.14946211903866036,77.50000000033121,0,60,3.0,5,7.793232725816779e-12
7.11,0.1197651512573837,77.5000000002107,0,60,3.0,5,4.957749243818826e-12
7.115,0.09224675744988023,77.50000000013347,0,60,3.0,5,3.1404317055335818e-12
7.12,0.06829565320281596,77.5000000000842,0,60,3.0,5,1.9811603338252204e-12
7.125,0.04860224607515734,77.50000000005289,0,60,3.0,5,1.2445364999995731e-12
7.13,0.03324612389699793,77.50000000003308,0,60,3.0,5,7.784204653409474e-13
7.135,0.021859876340472782,77.5000000000206,0,60,3.0,5,4.848409255774801e-13
7.14,0.01381595518554205,77.50000000001278,0,60,3.0,5,3.0060137385803767e-13
7.145,0.008394095110402422,77.5000000000079,0,60,3.0,5,1.8591141698005444e-13
7.15,0.0049052535271608,77.50000000000486,0,60,3.0,5,1.1435558382586083e-13
7.155,0.0027671663551903634,77.50000000000297,0,60,3.0,5,6.988396789358162e-14
7.16,0.0015425553464444616,77.50000000000182,0,60,3.0,5,4.279975067166721e-14
7.165,0.0009638206637011801,77.50000000000111,0,60,3.0,5,2.6081098065547206e-14
7.17,0.0009804935156568228,77.50000000000067,0,60,3.0,5,1.5715533449752805e-14
7.175,0.0018793744894085216,77.5000000000004,0,60,3.0,5,9.362445459427202e-15
7.18,0.004535525206900863,77.50000000000024,0,60,3.0,5,5.684341886080802e-15
7.185,0.010832767979632273,77.50000000000014,0,60,3.0,5,3.343730521224001e-15
7.19,0.024208003392322392,77.50000000000009,0,60,3.0,5,2.0062383127344005e-15
7.195,0.0500971897335304,77.50000000000006,0,60,3.0,5,1.3374922084896003e-15
7.2,0.09582894921774403,77.50000000000003,0,60,3.0,5,6.687461042448002e-16
7.205,0.16937896721820658,77.50000000000001,0,60,3.0,5,3.343730521224001e-16
7.21,0.27661303008991756,77.50000000000001,0,60,3.0,5,3.343730521224001e-16
7.215,0.4173782800009149,77.5,0,60,3.0,5,0.0
7.22,0.5818720934538056,77.5,0,60,3.0,5,0.0
7.225,0.7494718801585675,77.5,0,60,3.0,5,0.0
7.23,0.891813020752378,77.5,0,60,3.0,6,0.0
7.235,0.9800361632936612,77.5,0,60,3.0,6,0.0
7.24,0.993574479225126,77.5000024966485,1,60,3.0,6,5.874467072263702e-08
7.245,0.9263438449375362,77.50000388454893,0,60,3.0,6,9.140115132729132e-08
7.25,0.7873015962290536,77.50000618232913,0,60,3.0,6,1.454665677743726e-07
7.255,0.5959516244629897,77.5000101847726,0,60,3.0,6,2.396417083700191e-07
7.26,0.376910120078773,77.50001756083037,0,60,3.0,6,4.1319600875474007e-07
7.265,0.15739335672107918,77.50003188149957,0,60,3.0,6,7.501529309780274e-07
7.27,-0.033361226269301235,77.50006080365405,0,60,3.0,6,1.4306742129707239e-06
7.275,-0.1680180840843834,77.50012058486693,0,60,3.0,6,2.8372909866902773e-06
7.28,-0.23069703190837854,77.50024513995355,0,60,3.0,6,5.7679989070306076e-06
7.285,-0.22587267821131068,77.50050363241509,0,60,3.0,6,1.1850174472690068e-05
7.29,-0.17718181630665902,77.50103350758017,0,60,3.0,6,2.4317825415878626e-05
7.295,-0.11494332516451301,77.50210036935763,0,60,3.0,6,4.942045547375742e-05
7.3,-0.061810214049552864,77.50420258594323,0,60,3.0,6,9.888437513489087e-05
7.305,-0.026546104631500547,77.50824711533218,0,60,3.0,6,0.00019404977252192754
7.31,-0.00719600351942686,77.51583324529174,0,60,3.0,6,0.0003725469480410565
7.315,0.0022072757983807078,77.52969102922935,0,60,3.0,6,0.0006986124524554029
7.32,0.006917199873730717,77.55432766935884,0,60,3.0,6,0.0012782981025609656
7.325,0.01004859748264829,77.5969322368778,0,60,3.0,6,0.0022807585147718865
7.33,0.013037082251128167,77.66856909864642,0,60,3.0,6,0.003966331732856829
7.335,0.01645163937690478,77.78564441251984,0,60,3.0,6,0.006721045000466909
7.34,0.020526639934696615,77.97155076923681,0,60,3.0,6,0.011095312217336789
7.345,0.02539629541761738,78.2582808201053,0,60,3.0,6,0.017841901649536432
7.35,0.031171612185577933,78.68766052792253,0,60,3.0,6,0.027944953598177214
7.355,0.03795853426638131,79.31171075246023,0,60,3.0,6,0.04262848829318186
7.36,0.0458588961882057,80.19154347445966,0,60,3.0,6,0.06333043469316856
7.365,0.054966995891435555,81.39419054317591,0,60,3.0,6,0.09162801278060964
7.37,0.06536491004445595,82.9869047835598,0,60,3.0,6,0.1291036419661128
7.375,0.07711726085088699,85.02880519220997,0,60,3.0,6,0.17714835746376406
7.38,0.09026570629555215,87.56025991780172,0,60,3.0,6,0.23671199806592272
7.385,0.10482339848670268,90.59105402879193,0,60,3.0,6,0.3080248006774572
7.39,0.12076968927580028,94.08904924277502,0,60,3.0,6,0.3903305704182357
7.395,0.13804539501007884,97.97153364558193,0,60,3.0,6,0.48168314460192774
7.4,0.15654895051787066,102.10159121830677,0,60,3.0,6,0.5788609698425121
7.405,0.17613378141900526,106.29144711748273,0,60,3.0,6,0.6774458145290054
7.41,0.19660720058055794,110.31382182199403,0,60,3.0,6,0.7720899252233888
7.415,0.21773108748496234,113.92095766616347,0,60,3.0,6,0.8569637097920817
7.42,0.23922453870058807,116.86941633089845,0,60,3.0,6,0.9263392077858458
7.425,0.2607685857914563,118.94734075580467,0,60,3.0,6,0.9752315471954041
7.43,0.2820129681603682,120.0,0,60,3.0,6,1.0
7.435,0.30258482867153996,119.94936806517826,0,60,3.0,6,0.9988086603571356
7.44,0.3220990771751686,118.80431883209974,0,60,3.0,6,0.9718663254611704
7.445,0.3401700499968971,116.65961054384493,0,60,3.0,6,0.9214026010316455
7.45,0.3564239911198326,113.6838413525704,0,60,3.0,6,0.8513845024134211
7.455,0.3705118017738417,110.09852371838782,0,60,3.0,6,0.7670240874914782
7.46,0.3821214567925213,106.15190294941635,0,60,3.0,6,0.6741624223392083
7.465,0.39098947374066967,102.09182171295444,0,60,3.0,6,0.5786310991283398
7.47,0.3969108472035567,98.14171008969322,0,60,3.0,6,0.48568729622807577
7.475,0.3997469255491936,94.48278858522536,0,60,3.0,6,0.39959502553471443
7.48,0.3994308076379137,91.24411073570738,0,60,3.0,6,0.32339084084017367
7.485,0.3959699661768434,88.50051791606685,0,60,3.0,6,0.2588357156721613
7.49,0.38944595408114946,86.27727400892925,0,60,3.0,6,0.20652409432774715
7.495,0.38001120995358023,84.55931872476093,0,60,3.0,6,0.1661016170531983
7.5,0.3678831374098315,83.3028005744429,0,60,3.0,6,0.13653648410453878
7.505,0.35333577933796634,82.44675842842192,0,60,3.0,6,0.1163943159628686
7.51,0.33668953221163944,81.9233555217599,0,60,3.0,6,0.10407895345317417
7.515,0.3182994390982644,81.6657405782961,0,60,3.0,6,0.09801742537167282
7.52,0.29854265738230645,81.61324823680155,0,60,3.0,6,0.0967823114541542
7.525,0.2778057157821067,81.71414190823803,0,60,3.0,6,0.09915628019383609
7.53,0.2564721553719815,81.92639917335062,0,60,3.0,6,0.10415056878472041
7.535,0.23491109433464996,82.21715152529522,0,60,3.0,6,0.1109918005951817
7.54,0.21346717185309805,82.56136080468661,0,60,3.0,6,0.11909084246321447
7.545,0.19245222055656455,82.94020128362216,0,60,3.0,6,0.12800473608522728
7.55,0.17213889801761392,83.33947177339249,0,60,3.0,6,0.13739933584452915
7.555,0.15275638501270183,83.74822470521731,0,60,3.0,6,0.14701705188746614
7.56,0.13448814019607322,84.1576901961562,0,60,3.0,6,0.1566515340272046
7.565,0.11747159495449566,84.56049942906901,0,60,3.0,6,0.16612939833103557
7.57,0.10179958433370105,84.95017025612171,0,60,3.0,6,0.17529812367345196
7.575,0.08752324394101413,85.32080099438407,0,60,3.0,6,0.18401884692668405
7.58,0.07465606047174059,85.66691715781909,0,60,3.0,6,0.19216275665456672
7.585,0.0631787448609295,85.98342289070791,0,60,3.0,6,0.19960995036959797
7.59,0.05304460019959574,86.26561884786955,0,60,3.0,6,0.20624985524398934
7.595,0.044185078305849994,86.50925808244908,0,60,3.0,6,0.21198254311644893
7.6,0.03651525513023255,86.71061970560895,0,60,3.0,6,0.21672046366138703
7.605,0.0299390014708757,86.86658630913784,0,60,3.0,6,0.22039026609736104
7.61,0.024353677220580638,86.97471559675341,0,60,3.0,6,0.22293448462949206
7.615,0.01965423034339045,87.03329977142683,0,60,3.0,6,0.22431293579827827
7.62,0.015736632374757337,87.04140840180983,0,60,3.0,6,0.2245037271014078
7.625,0.012500627640593535,86.99891208474476,0,60,3.0,6,0.2235038137587002
7.63,0.009851811652115898,86.90648547061232,0,60,3.0,6,0.22132906989676057
7.635,0.007703084175428559,86.76558926724239,0,60,3.0,6,0.21801386511158566
7.64,0.005975544002062424,86.5784317591195,0,60,3.0,6,0.2136101590381058
7.645,0.004598905818663047,86.34791119812435,0,60,3.0,6,0.20818614583822
7.65,0.0035115256454839104,86.07754113966531,0,60,3.0,6,0.20182449740388975
7.655,0.002660121266303676,85.77136140052126,0,60,3.0,6,0.19462026824755901
7.66,0.0019992692560877024,85.43383778522907,0,60,3.0,6,0.18667853612303703
7.665,0.0014907520044639367,85.06975405182008,0,60,3.0,6,0.1781118600428255
7.67,0.0011028178277539807,84.68409975610096,0,60,3.0,6,0.16903764132002266
7.675,0.0008094059938923333,84.2819576246531,0,60,3.0,6,0.15957547352124948
7.68,0.0005893771793717645,83.86839396614698,0,60,3.0,6,0.14984456390934076
7.685,0.0004257792353490551,83.44835535165316,0,60,3.0,6,0.13996130239183913
7.69,0.0003051686392901525,83.02657439701731,0,60,3.0,6,0.13003704463570148
7.695,0.00021699992642659966,82.6074869887465,0,60,3.0,6,0.12017616444109415
7.7,0.00015308884054097838,82.19516273734413,0,60,3.0,6,0.11047441734927374
7.705,0.00010714989329311098,81.7932498483948,0,60,3.0,6,0.1010176434916422
7.71,7.440535854020571e-05,81.40493500158567,0,60,3.0,6,0.09188082356672166
7.715,5.1260276743925106e-05,81.03291824914021,0,60,3.0,6,0.08312748821506374
7.72,3.503659887882241e-05,80.6794024125245,0,60,3.0,6,0.07480946852998814
7.725,2.375894748103639e-05,80.34609599014749,0,60,3.0,6,0.06696696447405857
7.73,1.5984413869232557e-05,80.03422820440662,0,60,3.0,6,0.05962889892721451
7.735,1.0669166579899869e-05,79.74457452363798,0,60,3.0,6,0.05281351820324657
7.74,7.06526633560511e-06,79.4774907976045,0,60,3.0,6,0.04652919523775301
7.745,4.641847214699205e-06,79.23295404316598,0,60,3.0,6,0.04077538925096412
7.75,3.025641074479182e-06,79.01060790415472,0,60,3.0,6,0.035543715391875876
7.755,1.9566278676921314e-06,78.80981087682954,0,60,3.0,6,0.030819079454812815
7.76,1.2553456560008793e-06,78.62968552729907,0,60,3.0,6,0.0265808359364488
7.765,7.990660428214668e-07,78.4691671158064,0,60,3.0,6,0.022803932136621168
7.77,5.046221251618276e-07,78.32705026967079,0,60,3.0,6,0.01946000634519511
7.775,3.1616527078858815e-07,78.2020325969465,0,60,3.0,6,0.01651841404579988
7.78,1.9652884407760343e-07,78.0927543922857,0,60,3.0,6,0.013947162171428197
7.785,1.2120002189836396e-07,77.99783384238104,0,60,3.0,6,0.011713737467789209
7.79,7.415549848886236e-08,77.91589737998032,0,60,3.0,6,0.009785820705419343
7.795,4.501406988770349e-08,77.84560505434425,0,60,3.0,6,0.008131883631629347
7.8,0.0,77.78567097606587,0,60,3.0,6,0.006721670025079367
7.805,0.0,77.73487905164139,0,60,3.0,6,0.0055265659209737805
7.81,0.0,77.69209434649721,0,60,3.0,6,0.004519866976405036
7.815,0.0,77.65627050466959,0,60,3.0,6,0.0036769530510492344
7.82,0.0,77.62645371089663,0,60,3.0,6,0.0029753814328618024
7.825,0.0,77.60178370962433,0,60,3.0,6,0.0023949108146900794
7.83,0.0,77.58149239927823,0,60,3.0,6,0.0019174682183113552
7.835,0.0,77.5649005035173,0,60,3.0,6,0.001527070670995138
7.84,0.0,77.55141278863067,0,60,3.0,6,0.001209712673662847
7.845,0.0,77.5405122522104,0,60,3.0,6,0.0009532294637742379
7.85,0.0,77.53175365686594,0,60,3.0,6,0.0007471448674339974
7.855,0.0,77.5247567276939,0,60,3.0,6,0.0005825112398564242
7.86,0.0,77.51919927656837,0,60,3.0,6,0.0004517476839616981
7.865,0.0,77.51481046255032,0,60,3.0,6,0.0003484814717721212
7.87,0.0,77.51136434769356,0,60,3.0,6,0.0002673964163190088
7.875,0.0,77.50867386254117,0,60,3.0,6,0.00020409088332170916
7.88,0.0,77.50658525642717,0,60,3.0,6,0.0001549472100511112
7.885,0.0,77.50497307465665,0,60,3.0,6,0.00011701352133286491
7.89,0.0,77.50373567769842,0,60,3.0,6,8.78982987862454e-05
7.895,0.0,77.50279129638474,0,60,3.0,6,6.567756199394674e-05
7.9,0.0,77.50207460126839,0,60,3.0,6,4.88141474915317e-05
7.905,0.0,77.50153375311476,0,60,3.0,6,3.608830858250739e-05
7.91,0.0,77.50112789431837,0,60,3.0,6,2.653868984406044e-05
7.915,0.0,77.50082503712781,0,60,3.0,6,1.9412638301432976e-05
7.92,0.0,77.50060030327039,0,60,3.0,6,1.4124782832676133e-05
7.925,0.0,77.50043447026465,0,60,3.0,6,1.022282975648469e-05
7.93,0.0,77.50031278184728,0,60,3.0,6,7.35957287728899e-06
7.935,0.0,77.50022398305025,0,60,3.0,6,5.270189417588507e-06
7.94,0.0,77.50015954415629,0,60,3.0,6,3.753980147995903e-06
7.945,0.0,77.50011304172635,0,60,3.0,6,2.659805325907548e-06
7.95,0.0,77.50007966889501,0,60,3.0,6,1.8745622355709203e-06
7.955,0.0,77.50005585099808,0,60,3.0,6,1.3141411313079194e-06
7.96,0.0,77.50003894621133,0,60,3.0,6,9.163814431357263e-07
7.965,0.0,77.50002701416986,0,60,3.0,6,6.356275261008276e-07
7.97,0.0,77.50001863846614,0,60,3.0,6,4.3855214458102745e-07
7.975,0.001684486749771458,77.50001279148142,0,60,3.0,6,3.00976033512972e-07
7.98,0.003097557930867117,77.50000873219956,0,60,3.0,6,2.0546351907689635e-07
7.985,0.005475106668887023,77.5000059295071,0,60,3.0,6,1.3951781404423802e-07
7.99,0.00930222931468658,77.50000400502901,0,60,3.0,6,9.42359767631227e-08
7.995,0.01519157517868857,77.50000269082139,0,60,3.0,6,6.331344446366797e-08
8.0,0.023847336626128316,77.50000179827543,0,60,3.0,6,4.231236316092477e-08
8.005,0.0359830743700859,77.5000011954177,0,60,3.0,6,2.8127475188204484e-08
8.01,0.05218887796857759,77.50000079045161,0,60,3.0,6,1.8598861368659796e-08
8.015,0.0727577001223134,77.50000051990384,0,60,3.0,6,1.2233031424436965e-08
8.02,0.0974992498694751,77.50000034014406,0,60,3.0,6,8.003389532806229e-09
8.025,0.12558706050443358,77.50000022135784,0,60,3.0,6,5.208419692922582e-09
8.03,0.15549263588878245,77.50000014329103,0,60,3.0,6,3.3715537028911058e-09
8.035,0.1850529723539114,77.50000009226464,0,60,3.0,6,2.170932756438132e-09
8.04,0.21169159439317053,77.50000005909403,0,60,3.0,6,1.3904478718733812e-09
8.045,0.23277292922115492,77.5000000376482,0,60,3.0,6,8.858401489466333e-10
8.05,0.24602692519491282,77.50000002385815,0,60,3.0,6,5.613682172706296e-10
8.055,0.24995056064839283,77.50000001503909,0,60,3.0,6,3.538609823461978e-10
8.06,0.24408826520424054,77.50000000942971,0,60,3.0,6,2.2187557934718345e-10
8.065,0.22911894216865275,77.50000000588122,0,60,3.0,6,1.3838162511306377e-10
8.07,0.20672661788705934,77.50000000364862,0,60,3.0,6,8.58499467593741e-11
8.075,0.17928878030241233,77.50000000225155,0,60,3.0,6,5.297773200522095e-11
8.08,0.14946211903866036,77.50000000138206,0,60,3.0,6,3.25191168111119e-11
8.085,0.1197651512573837,77.50000000084385,0,60,3.0,6,1.985540620808024e-11
8.09,0.09224675744988023,77.5000000005125,0,60,3.0,6,1.2058829751742238e-11
8.095,0.06829565320281596,77.50000000030961,0,60,3.0,6,7.28498568659073e-12
8.1,0.04860224607515734,77.50000000018605,0,60,3.0,6,4.377611998386462e-12
8.105,0.03324612389699793,77.50000000011121,0,60,3.0,6,2.6168035059099033e-12
8.11,0.021859876340472782,77.50000000006612,0,60,3.0,6,1.5558378115255276e-12
8.115,0.01381595518554205,77.50000000003911,0,60,3.0,6,9.20194639440845e-13
8.12,0.008394095110402422,77.50000000002301,0,60,3.0,6,5.413499713861657e-13
8.125,0.0049052535271608,77.50000000001346,0,60,3.0,6,3.1665128035991287e-13
8.13,0.0027671663551903634,77.50000000000783,0,60,3.0,6,1.8423955171944245e-13
8.135,0.0015425553464444616,77.50000000000453,0,60,3.0,6,1.0666500362704563e-13
8.14,0.0009638206637011801,77.50000000000261,0,60,3.0,6,6.152464159052161e-14
8.145,0.0009804935156568228,77.50000000000149,0,60,3.0,6,3.510917047285201e-14
8.15,0.0018793744894085216,77.50000000000085,0,60,3.0,6,2.0062383127344007e-14
8.155,0.004535525206900863,77.50000000000048,0,60,3.0,6,1.1368683772161604e-14
8.16,0.010832767979632273,77.50000000000027,0,60,3.0,6,6.353087990325602e-15
8.165,0.024208003392322392,77.50000000000016,0,60,3.0,6,3.678103573346401e-15
8.17,0.0500971897335304,77.50000000000009,0,60,3.0,6,2.0062383127344005e-15
8.175,0.09582894921774403,77.50000000000004,0,60,3.0,6,1.0031191563672002e-15
8.18,0.16937896721820658,77.50000000000003,0,60,3.0,6,6.687461042448002e-16
8.185,0.27661303008991756,77.50000000000001,0,60,3.0,6,3.343730521224001e-16
8.19,0.4173782800009149,77.50000000000001,0,60,3.0,6,3.343730521224001e-16
8.195,0.5818720934538056,77.5,0,60,3.0,6,0.0
8.2,0.7494718801585675,77.5,0,60,3.0,6,0.0
8.205,0.891813020752378,77.5,0,60,3.0,6,0.0
8.21,0.9800361632936612,77.5,0,60,3.0,6,0.0
8.215,0.993574479225126,77.50000249074864,1,60,3.0,6,5.8605850400079576e-08
8.22,0.9263438449375362,77.50000373719767,0,60,3.0,6,8.793406289655917e-08
8.225,0.7873015962290536,77.50000571125484,0,60,3.0,6,1.3438246690063405e-07
8.23,0.5959516244629897,77.50000897156823,0,60,3.0,6,2.1109572317607885e-07
8.235,0.376910120078773,77.50001461785887,0,60,3.0,6,3.43949620387588e-07
8.24,0.15739335672107918,77.50002485761756,0,60,3.0,6,5.848851190769304e-07
8.245,-0.033361226269301235,77.5000441468857,0,60,3.0,6,1.0387502517433485e-06
8.25,-0.1680180840843834,77.50008143641718,0,60,3.0,6,1.9161509923753115e-06
8.255,-0.23069703190837854,77.50015448638096,0,60,3.0,6,3.6349736697449024e-06
8.26,-0.22587267821131068,77.50029793771368,0,60,3.0,6,7.0102991454699375e-06
8.265,-0.17718181630665902,77.50057799534659,0,60,3.0,6,1.3599890507975942e-05
8.27,-0.11494332516451301,77.50111837318384,0,60,3.0,6,2.6314663149244498e-05
8.275,-0.061810214049552864,77.5021447712547,0,60,3.0,6,5.046520599307769e-05
8.28,-0.026546104631500547,77.50405875758024,0,60,3.0,6,9.550017835856712e-05
8.285,-0.00719600351942686,77.50755652220829,0,60,3.0,6,0.00017780052254800146
8.29,0.0022072757983807078,77.5138132687215,0,60,3.0,6,0.00032501808756485256
8.295,0.006917199873730717,77.52475921295319,0,60,3.0,6,0.000582569716545536
8.3,0.01004859748264829,77.54347674592255,0,60,3.0,6,0.0010229822570011037
8.305,0.013037082251128167,77.57474787349175,0,60,3.0,6,0.001758773493923413
8.31,0.01645163937690478,77.62577327415069,0,60,3.0,6,0.0029593711564867885
8.315,0.020526639934696615,77.70706537776042,0,60,3.0,6,0.0048721265355391764
8.32,0.02539629541761738,77.83348417583925,0,60,3.0,6,0.007846686490335193
8.325,0.031171612185577933,78.02533403405856,0,60,3.0,6,0.01236080080137787
8.33,0.03795853426638131,78.30937397061481,0,60,3.0,6,0.019044093426230924
8.335,0.0458588961882057,78.71951933566189,0,60,3.0,6,0.02869457260380908
8.34,0.054966995891435555,79.29694287055824,0,60,3.0,6,0.04228100871901742
8.345,0.06536491004445595,80.08923773111762,0,60,3.0,6,0.06092324073217931
8.35,0.07711726085088699,81.14830879222492,0,60,3.0,6,0.08584255981705703
8.355,0.09026570629555215,82.52673576022178,0,60,3.0,6,0.11827613553463018
8.36,0.10482339848670268,84.27251918352495,0,60,3.0,6,0.1593533925535282
8.365,0.12076968927580028,86.42237931349577,0,60,3.0,6,0.2099383367881357
8.37,0.13804539501007884,88.99410554557689,0,60,3.0,6,0.2704495422488679
8.375,0.15654895051787066,91.9788018156371,0,60,3.0,6,0.3406776897796964
8.38,0.17613378141900526,95.334168598068,0,60,3.0,6,0.41962749642512953
8.385,0.19660720058055794,98.98012138918452,0,60,3.0,6,0.5054146209219886
8.39,0.21773108748496234,102.79799284778882,0,60,3.0,6,0.5952468905362075
8.395,0.23922453870058807,106.63425574998296,0,60,3.0,6,0.6855118999995989
8.4,0.2607685857914563,110.3091421021212,0,60,3.0,6,0.7719798141675577
8.405,0.2820129681603682,113.62978726267669,0,60,3.0,6,0.8501126414747455
8.41,0.30258482867153996,116.40672107938641,0,60,3.0,6,0.915452260691445
8.415,0.3220990771751686,118.47182096137549,0,60,3.0,6,0.9640428461500115
8.42,0.3401700499968971,119.6953952366045,0,60,3.0,6,0.9928328290965764
8.425,0.3564239911198326,120.0,0,60,3.0,6,1.0
8.43,0.3705118017738417,119.36895538564825,0,60,3.0,6,0.9851518914270176
8.435,0.3821214567925213,117.8482718652806,0,60,3.0,7,0.9493711027124846
8.44,0.39098947374066967,115.54169086462247,0,60,3.0,7,0.8950986085793522
8.445,0.3969108472035567,112.59959541754621,0,60,3.0,7,0.8258728333540285
8.45,0.3997469255491936,109.20345077779993,0,60,3.0,7,0.7459635477129395
8.455,0.3994308076379137,105.54802170749046,0,60,3.0,7,0.6599534519409521
8.46,0.3959699661768434,101.8237860184662,0,60,3.0,7,0.572324376905087
8.465,0.38944595408114946,98.20171874166881,0,60,3.0,7,0.4870992645098544
8.47,0.38001120995358023,94.82204096605442,0,60,3.0,7,0.407577434495398
8.475,0.3678831374098315,91.78775541635707,0,60,3.0,7,0.3361824803848723
8.48,0.35333577933796634,89.16299261618758,0,60,3.0,7,0.27442335567500187
8.485,0.33668953221163944,86.97551489147115,0,60,3.0,7,0.22295329156402705
8.49,0.3182994390982644,85.22227107932854,0,60,3.0,7,0.18170049598420085
8.495,0.29854265738230645,83.87670192276543,0,60,3.0,7,0.15004004524153963
8.5,0.2778057157821067,82.89654561652101,0,60,3.0,7,0.12697754391814142
8.505,0.2564721553719815,82.23112307730574,0,60,3.0,7,0.11132054299542915
8.51,0.23491109433464996,81.82741116257147,0,60,3.0,7,0.10182143911932859
8.515,0.21346717185309805,81.63455867864775,0,60,3.0,7,0.09728373361524117
8.52,0.19245222055656455,81.60680170223023,0,60,3.0,7,0.09663062828777008
8.525,0.17213889801761392,81.70495430565997,0,60,3.0,7,0.0989401013096463
8.53,0.15275638501270183,81.89677692135083,0,60,3.0,7,0.10345357462001964
8.535,0.13448814019607322,82.15656636018309,0,60,3.0,7,0.1095662672984257
8.54,0.11747159495449566,82.46429012245926,0,60,3.0,7,0.11680682641080613
8.545,0.10179958433370105,82.8045283196595,0,60,3.0,7,0.12481243105081169
8.55,0.08752324394101413,83.16541222644258,0,60,3.0,7,0.13330381709276667
8.555,0.07465606047174059,83.53767634330968,0,60,3.0,7,0.14206297278375726
8.56,0.0631787448609295,83.91388111514495,0,60,3.0,7,0.15091484976811637
8.565,0.05304460019959574,84.28782021906059,0,60,3.0,7,0.15971341691907276
8.57,0.044185078305849994,84.65409926224211,0,60,3.0,7,0.16833174734687326
8.575,0.03651525513023255,85.0078589300795,0,60,3.0,7,0.17665550423716456
8.58,0.0299390014708757,85.34461127744662,0,60,3.0,7,0.18457908888109686
8.585,0.024353677220580638,85.66015930774962,0,60,3.0,7,0.1920037484176382
8.59,0.01965423034339045,85.95057432507056,0,60,3.0,7,0.19883704294283674
8.595,0.015736632374757337,86.21221077831807,0,60,3.0,7,0.2049931947839545
8.6,0.012500627640593535,86.44174327657818,0,60,3.0,7,0.21039395944889835
8.605,0.009851811652115898,86.63621460417082,0,60,3.0,7,0.21496975539225452
8.61,0.007703084175428559,86.79308677227421,0,60,3.0,7,0.21866086522998135
8.615,0.005975544002062424,86.91028950286497,0,60,3.0,7,0.2214185765379993
8.62,0.004598905818663047,86.98626223109395,0,60,3.0,7,0.22320617014338695
8.625,0.0035115256454839104,87.01998692484162,0,60,3.0,7,0.22399969234921455
8.63,0.002660121266303676,87.01100991632812,0,60,3.0,7,0.22378846861948518
8.635,0.0019992692560877024,86.95945163913956,0,60,3.0,7,0.22257533268563667
8.64,0.0014907520044639367,86.86600374296489,0,60,3.0,7,0.22037655865799746
8.645,0.0011028178277539807,86.73191356296712,0,60,3.0,7,0.2172214955992264
8.65,0.0008094059938923333,86.55895637276944,0,60,3.0,7,0.2131519146533987
8.655,0.0005893771793717645,86.34939625601568,0,60,3.0,7,0.20822108837683953
8.66,0.0004257792353490551,86.1059367891027,0,60,3.0,7,0.2024926303318282
8.665,0.0003051686392901525,85.83166303058954,0,60,3.0,7,0.19603913013151855
8.67,0.00021699992642659966,85.52997655357439,0,60,3.0,7,0.18894062478998555
8.675,0.00015308884054097838,85.20452542960692,0,60,3.0,7,0.18128295128486865
8.68,0.00010714989329311098,84.8591311722773,0,60,3.0,7,0.17315602758299534
8.685,7.440535854020571e-05,84.49771467412947,0,60,3.0,7,0.1646521099795169
8.69,5.1260276743925106e-05,84.12422312368471,0,60,3.0,7,0.15586407349846387
8.695,3.503659887882241e-05,83.74255977482709,0,60,3.0,7,0.14688375940769613
8.7,2.375894748103639e-05,83.3565182660101,0,60,3.0,7,0.1378004297884729
8.705,1.5984413869232557e-05,82.9697229613804,0,60,3.0,7,0.12869936379718586
8.71,1.0669166579899869e-05,82.58557652138303,0,60,3.0,7,0.11966062403254193
8.715,7.06526633560511e-06,82.20721561920514,0,60,3.0,7,0.1107580145695328
8.72,4.641847214699205e-06,81.83747541445932,0,60,3.0,7,0.10205824504610164
8.725,3.025641074479182e-06,81.47886308952788,0,60,3.0,7,0.09362030798889123
8.73,1.9566278676921314e-06,81.13354045891697,0,60,3.0,7,0.08549506962157573
8.735,1.2553456560008793e-06,80.80331538843093,0,60,3.0,7,0.07772506796308074
8.74,7.990660428214668e-07,80.48964151788857,0,60,3.0,7,0.07034450630326052
8.745,5.046221251618276e-07,80.1936255753785,0,60,3.0,7,0.06337942530302364
8.75,3.1616527078858815e-07,79.91604140743877,0,60,3.0,7,0.05684803311620633
8.755,1.9652884407760343e-07,79.65734973059041,0,60,3.0,7,0.050761170131539086
8.76,1.2120002189836396e-07,79.41772253577084,0,60,3.0,7,0.04512288319460789
8.765,7.415549848886236e-08,79.19707104686094,0,60,3.0,7,0.039931083455551554
8.77,4.501406988770349e-08,78.99507614445564,0,60,3.0,7,0.035178262222485594
8.775,0.0,78.81122021168667,0,60,3.0,7,0.030852240274980566
8.78,0.0,78.64481943465971,0,60,3.0,7,0.0269369278743461
8.785,0.0,78.49505568965337,0,60,3.0,7,0.023413075050667524
8.79,0.0,78.36100726610847,0,60,3.0,7,0.02025899449666995
8.795,0.0,78.24167780211948,0,60,3.0,7,0.017451242402811363
8.8,0.0,78.13602294148403,0,60,3.0,7,0.014965245681977154
8.805,0.0,78.04297435280705,0,60,3.0,7,0.012775867124871772
8.81,0.0,77.96146087689337,0,60,3.0,7,0.010857902985726335
8.815,0.0,77.89042668477981,0,60,3.0,7,0.009186510230113206
8.82,0.0,77.82884643227335,0,60,3.0,7,0.007737563112314159
8.825,0.0,77.77573748574355,0,60,3.0,7,0.006487940841024657
8.83,0.0,77.73016936702706,0,60,3.0,7,0.0054157498124014
8.835,0.0,77.69127062232624,0,60,3.0,7,0.004500485231205724
8.84,0.0,77.6582333613129,0,60,3.0,7,0.0037231379132445937
8.845,0.0,77.63031573925792,0,60,3.0,7,0.0030662526884217348
8.85,0.0,77.60684266831569,0,60,3.0,7,0.0025139451368398325
8.855,0.0,77.58720504582733,0,60,3.0,7,0.002051883431231344
8.86,0.0,77.57085777957612,0,60,3.0,7,0.001667241872379196
8.865,0.0,77.55731687430486,0,60,3.0,7,0.0013486323365849357
8.87,0.0,77.54615582242496,0,60,3.0,7,0.0010860193511756306
8.875,0.0,77.53700151653213,0,60,3.0,7,0.0008706239184030384
8.88,0.0,77.52952987374293,0,60,3.0,7,0.0006948205586571904
8.885,0.0,77.52346133340869,0,60,3.0,7,0.0005520313743221215
8.89,0.0,77.51855636164399,0,60,3.0,7,0.0004366202739761855
8.895,0.0,77.51461106927293,0,60,3.0,7,0.0003437898652454324
8.9,0.0,77.51145302495763,0,60,3.0,7,0.00026948294017957404
8.905,0.0,77.50893732291566,0,60,3.0,7,0.0002102899509566214
8.91,0.0,77.50694294504625,0,60,3.0,7,0.00016336341285289242
8.915,0.0,77.50536944058639,0,60,3.0,7,0.00012633977850334626
8.92,0.0,77.50413393258488,0,60,3.0,7,9.7269001997133e-05
8.925,0.0,77.50316844938739,0,60,3.0,7,7.455175029148824e-05
8.93,0.0,77.50241757075612,0,60,3.0,7,5.6884017791122355e-05
8.935,0.0,77.50183637194186,0,60,3.0,7,4.320875157324789e-05
8.94,0.0,77.50138864469302,0,60,3.0,7,3.267399277700968e-05
8.945,0.0,77.50104537152076,0,60,3.0,7,2.4596976959066844e-05
8.95,0.0,77.50078342824536,0,60,3.0,7,1.8433605773078158e-05
8.955,0.0,77.5005844896453,0,60,3.0,7,1.3752697536601237e-05
8.96,0.0,77.50043411366167,0,60,3.0,7,1.0214439098089155e-05
8.965,0.0,77.5003209808483,0,60,3.0,7,7.552490548251251e-06
8.97,0.0,77.50023626741132,0,60,3.0,7,5.559233207631062e-06
8.975,0.0,77.50017313208562,0,60,3.0,7,4.073696132255624e-06
8.98,0.0,77.50012629912273,0,60,3.0,7,2.9717440641514474e-06
8.985,0.0,77.50009172170994,0,60,3.0,7,2.1581578808389383e-06
8.99,0.0,77.50006631213128,0,60,3.0,7,1.5602854419097745e-06
8.995,0.0,77.50004772686034,0,60,3.0,7,1.1229849492872958e-06
9.0,0.0,77.5000341965096,0,60,3.0,7,8.046237553571701e-07
9.005,0.0,77.50002439213024,0,60,3.0,7,5.739324762998877e-07
9.01,0.0,77.5000173207509,0,60,3.0,7,4.0754707998423647e-07
9.015,0.0,77.50001224426546,0,60,3.0,7,2.8810036383219996e-07
9.02,0.0,77.50000861683532,0,60,3.0,7,2.0274906626796378e-07
9.025,0.0,77.50000603687084,0,60,3.0,7,1.4204401984042145e-07
9.03,0.0,77.50000421041604,0,60,3.0,7,9.906861263890973e-08
9.035,0.001684486749771458,77.5000029233928,0,60,3.0,7,6.878571291642455e-08
9.04,0.003097557930867117,77.50000202068385,0,60,3.0,7,4.7545502384844656e-08
9.045,0.005475106668887023,77.50000139046033,0,60,3.0,7,3.2716713563144474e-08
9.05,0.00930222931468658,77.50000095250633,0,60,3.0,7,2.2411913558993118e-08
9.055,0.01519157517868857,77.50000064957032,0,60,3.0,7,1.5284007638590135e-08
9.06,0.023847336626128316,77.50000044099485,0,60,3.0,7,1.0376349484217558e-08
9.065,0.0359830743700859,77.50000029805052,0,60,3.0,7,7.012953480679083e-09
9.07,0.05218887796857759,77.50000020053736,0,60,3.0,7,4.71852605615448e-09
9.075,0.0727577001223134,77.5000001343228,0,60,3.0,7,3.1605365540385452e-09
9.08,0.0974992498694751,77.50000008956808,0,60,3.0,7,2.1074841323056984e-09
9.085,0.12558706050443358,77.50000005945738,0,60,3.0,7,1.3989971220700468e-09
9.09,0.15549263588878245,77.50000003929229,0,60,3.0,7,9.24524436092778e-10
9.095,0.1850529723539114,77.50000002584984,0,60,3.0,7,6.082316036447403e-10
9.1,0.21169159439317053,77.50000001693002,0,60,3.0,7,3.983533294077086e-10
9.105,0.23277292922115492,77.5000000110384,0,60,3.0,7,2.5972694322049124e-10
9.11,0.24602692519491282,77.5000000071648,0,60,3.0,7,1.6858353667296744e-10
9.115,0.24995056064839283,77.50000000462967,0,60,3.0,7,1.08933390412644e-10
9.12,0.24408826520424054,77.50000000297815,0,60,3.0,7,7.007422616023926e-11
9.125,0.22911894216865275,77.50000000190718,0,60,3.0,7,4.487486983313883e-11
9.13,0.20672661788705934,77.50000000121587,0,60,3.0,7,2.860862396654043e-11
9.135,0.17928878030241233,77.50000000077166,0,60,3.0,7,1.8156791103298448e-11
9.14,0.14946211903866036,77.50000000048755,0,60,3.0,7,1.1471670672215302e-11
9.145,0.1197651512573837,77.50000000030666,0,60,3.0,7,7.215436091749272e-12
9.15,0.09224675744988023,77.50000000019202,0,60,3.0,7,4.51804868027787e-12
9.155,0.06829565320281596,77.5000000001197,0,60,3.0,7,2.816424218026976e-12
9.16,0.04860224607515734,77.50000000007428,0,60,3.0,7,1.7477679434437852e-12
9.165,0.03324612389699793,77.50000000004589,0,60,3.0,7,1.0796905853032298e-12
9.17,0.021859876340472782,77.50000000002822,0,60,3.0,7,6.640648815150865e-13
9.175,0.01381595518554205,77.50000000001728,0,60,3.0,7,4.0659763138083853e-13
9.18,0.008394095110402422,77.50000000001053,0,60,3.0,7,2.4777043162269844e-13
9.185,0.0049052535271608,77.5000000000064,0,60,3.0,7,1.5046787345508003e-13
9.19,0.0027671663551903634,77.50000000000387,0,60,3.0,7,9.094947017729283e-14
9.195,0.0015425553464444616,77.50000000000232,0,60,3.0,7,5.4502807495951216e-14
9.2,0.0009638206637011801,77.50000000000139,0,60,3.0,7,3.2768559107995206e-14
9.205,0.0009804935156568228,77.50000000000082,0,60,3.0,7,1.9393637023099206e-14
9.21,0.0018793744894085216,77.5000000000005,0,60,3.0,7,1.1703056824284003e-14
9.215,0.004535525206900863,77.50000000000028,0,60,3.0,7,6.687461042448002e-15
9.22,0.010832767979632273,77.50000000000017,0,60,3.0,7,4.012476625468801e-15
9.225,0.024208003392322392,77.5000000000001,0,60,3.0,7,2.3406113648568006e-15
9.23,0.0500971897335304,77.50000000000006,0,60,3.0,7,1.3374922084896003e-15
9.235,0.09582894921774403,77.50000000000003,0,60,3.0,7,6.687461042448002e-16
9.24,0.16937896721820658,77.50000000000001,0,60,3.0,7,3.343730521224001e-16
9.245,0.27661303008991756,77.50000000000001,0,60,3.0,7,3.343730521224001e-16
9.25,0.4173782800009149,77.5,0,60,3.0,7,0.0
9.255,0.5818720934538056,77.5,0,60,3.0,7,0.0
9.26,0.7494718801585675,77.5,0,60,3.0,7,0.0
9.265,0.891813020752378,77.5,0,60,3.0,7,0.0
9.27,0.9800361632936612,77.5,0,60,3.0,7,0.0
9.275,0.993574479225126,77.50000249139023,1,60,3.0,7,5.8620946674636797e-08
9.28,0.9263438449375362,77.50000376052796,0,60,3.0,7,8.848301082680872e-08
9.285,0.7873015962290536,77.50000578513924,0,60,3.0,7,1.3612092322332234e-07
9.29,0.5959516244629897,77.5000091579802,0,60,3.0,7,2.154818870996464e-07
9.295,0.376910120078773,77.50001505836897,0,60,3.0,7,3.543145640726246e-07
9.3,0.15739335672107918,77.50002587869582,0,60,3.0,7,6.089104899461638e-07
9.305,-0.033361226269301235,77.50004649699626,0,60,3.0,7,1.0940469708737725e-06
9.31,-0.1680180840843834,77.50008680317602,0,60,3.0,7,2.0424276710052845e-06
9.315,-0.23069703190837854,77.50016658731606,0,60,3.0,7,3.919701554329603e-06
9.32,-0.22587267821131068,77.50032474291724,0,60,3.0,7,7.641009817488714e-06
9.325,-0.17718181630665902,77.50063610135163,0,60,3.0,7,1.4967090626615734e-05
9.33,-0.11494332516451301,77.50124131258302,0,60,3.0,7,2.9207354894571623e-05
9.335,-0.061810214049552864,77.50239824825009,0,60,3.0,7,5.642937059031497e-05
9.34,-0.026546104631500547,77.50456759257776,0,60,3.0,7,0.00010747276653546577
9.345,-0.00719600351942686,77.50855058142282,0,60,3.0,7,0.0002011901511252745
9.35,0.0022072757983807078,77.51570284384508,0,60,3.0,7,0.00036947867870768436
9.355,0.006917199873730717,77.52825395493905,0,60,3.0,7,0.0006647989397422675
9.36,0.01004859748264829,77.54976569421956,0,60,3.0,7,0.0011709575110484473
9.365,0.013037082251128167,77.5857601339296,0,60,3.0,7,0.002017885504225807
9.37,0.01645163937690478,77.64453758522743,0,60,3.0,7,0.0034008843582923605
9.375,0.020526639934696615,77.73817965091258,0,60,3.0,7,0.005604227080296114
9.38,0.02539629541761738,77.88369031720576,0,60,3.0,7,0.009028007463664982
9.385,0.031171612185577933,78.10416663980739,0,60,3.0,7,0.014215685642526791
9.39,0.03795853426638131,78.42981313776151,0,60,3.0,7,0.021877956182623847
9.395,0.0458588961882057,78.89853018034714,0,60,3.0,7,0.03290659247875617
9.4,0.054966995891435555,79.55573409317718,0,60,3.0,7,0.048370213957110095
9.405,0.06536491004445595,80.45303044725968,0,60,3.0,7,0.06948306934728654
9.41,0.07711726085088699,81.64539097427853,0,60,3.0,7,0.09753861115949476
9.415,0.09026570629555215,83.18660494373995,0,60,3.0,7,0.13380246926446943
9.42,0.10482339848670268,85.12300174645496,0,60,3.0,7,0.17936474697541083
9.425,0.12076968927580028,87.48576495824913,0,60,3.0,7,0.23495917548821493
9.43,0.13804539501007884,90.28254200263947,0,60,3.0,7,0.30076569417975235
9.435,0.15654895051787066,93.48942975254927,0,60,3.0,7,0.37622187653057104
9.44,0.17613378141900526,97.04469433904943,0,60,3.0,7,0.4598751609188101
9.445,0.19660720058055794,100.84566747931606,0,60,3.0,7,0.5493098230427309
9.45,0.21773108748496234,104.75007651205806,0,60,3.0,7,0.6411782708719543
9.455,0.23922453870058807,108.58258275619238,0,60,3.0,7,0.7313548883809972
9.46,0.2607685857914563,112.14656143441806,0,60,3.0,7,0.8152132102216014
9.465,0.2820129681603682,115.24026680811104,0,60,3.0,7,0.888006277837907
9.47,0.30258482867153996,117.67565593817305,0,60,3.0,7,0.9453095514864247
9.475,0.3220990771751686,119.29748398220576,0,60,3.0,7,0.983470211346018
9.48,0.3401700499968971,120.0,0,60,3.0,7,1.0
9.485,0.3564239911198326,119.7387621706832,0,60,3.0,7,0.9938532275454871
9.49,0.3705118017738417,118.53575115235756,0,60,3.0,7,0.965547085937825
9.495,0.3821214567925213,116.47697822420253,0,60,3.0,7,0.9171053699812359
9.5,0.39098947374066967,113.70296361884692,0,60,3.0,7,0.8518344380905158
9.505,0.3969108472035567,110.393563775345,0,60,3.0,7,0.773966206478706
9.51,0.3997469255491936,106.74943620103264,0,60,3.0,7,0.6882220282595914
9.515,0.3994308076379137,102.97279990086051,0,60,3.0,7,0.5993599976673061
9.52,0.3959699661768434,99.25003347332596,0,60,3.0,7,0.5117654934900225
9.525,0.38944595408114946,95.7381145482657,0,60,3.0,7,0.42913210701801646
9.53,0.38001120995358023,92.55608938589815,0,60,3.0,7,0.35426092672701526
9.535,0.3678831374098315,89.7818575440192,0,60,3.0,7,0.28898488338868716
9.54,0.35333577933796634,87.453744354679,0,60,3.0,7,0.23420574952185888
9.545,0.33668953221163944,85.57574792628522,0,60,3.0,7,0.19001759826553452
9.55,0.3182994390982644,84.12505302927431,0,60,3.0,7,0.15588360068880736
9.555,0.29854265738230645,83.0603961912281,0,60,3.0,7,0.1308328515583081
9.56,0.2778057157821067,82.3300836902668,0,60,3.0,7,0.11364902800627774
9.565,0.2564721553719815,81.87881559630338,0,60,3.0,7,0.10303095520713842
9.57,0.23491109433464996,81.6528595246467,0,60,3.0,7,0.09771434175639296
9.575,0.21346717185309805,81.60346956710463,0,60,3.0,7,0.09655222510834412
9.58,0.19245222055656455,81.68871007401282,0,60,3.0,7,0.09855788409441923
9.585,0.17213889801761392,81.8740024653264,0,60,3.0,7,0.1029177050665035
9.59,0.15275638501270183,82.13177315412165,0,60,3.0,7,0.10898289774403873
9.595,0.13448814019607322,82.44056487187486,0,60,3.0,7,0.11624858522058483
9.6,0.11747159495449566,82.78391106045508,0,60,3.0,7,0.12432731906953136
9.605,0.10179958433370105,83.14919058750824,0,60,3.0,7,0.13292213147078222
9.61,0.08752324394101413,83.52659842945575,0,60,3.0,7,0.141802315987194
9.615,0.07465606047174059,83.90829969926973,0,60,3.0,7,0.15078352233575842
9.62,0.0631787448609295,84.28778471462469,0,60,3.0,7,0.159712581520581
9.625,0.05304460019959574,84.6594115909344,0,60,3.0,7,0.16845674331610347
9.63,0.044185078305849994,85.01810688863257,0,60,3.0,7,0.17689663267370762
9.635,0.03651525513023255,85.35918976400232,0,60,3.0,7,0.1849221120941723
9.64,0.0299390014708757,85.67828664677916,0,60,3.0,8,0.1924302740418625
9.645,0.024353677220580638,85.97130833376747,0,60,3.0,8,0.19932490197099922
9.65,0.01965423034339045,86.23446725046394,0,60,3.0,8,0.20551687648150438
9.655,0.015736632374757337,86.46431816357024,0,60,3.0,8,0.21092513326047624
9.66,0.012500627640593535,86.6578102252437,0,60,3.0,8,0.2154778876527928
9.665,0.009851811652115898,86.81234176074898,0,60,3.0,8,0.2191139237823289
9.67,0.007703084175428559,86.92581178965028,0,60,3.0,8,0.22178380681530077
9.675,0.005975544002062424,86.99666410829799,0,60,3.0,8,0.22345092019524687
9.68,0.004598905818663047,87.02392107591099,0,60,3.0,8,0.22409226060967039
9.685,0.0035115256454839104,87.00720521894391,0,60,3.0,8,0.22369894632809198
9.69,0.002660121266303676,86.94674752968146,0,60,3.0,8,0.22227641246309318
9.695,0.0019992692560877024,86.84338196946146,0,60,3.0,8,0.21984428163438732
9.7,0.0014907520044639367,86.6985262420936,0,60,3.0,8,0.2164359115786731
9.705,0.0011028178277539807,86.51414940052827,0,60,3.0,8,0.2120976329536063
9.71,0.0008094059938923333,86.2927272948836,0,60,3.0,8,0.2068877010560848
9.715,0.0005893771793717645,86.03718725870674,0,60,3.0,8,0.20087499432251146
9.72,0.0004257792353490551,85.75084375499246,0,60,3.0,8,0.19413750011746964
9.725,0.0003051686392901525,85.43732695560648,0,60,3.0,8,0.18676063424956424
9.73,0.00021699992642659966,85.10050640050792,0,60,3.0,8,0.17883544471783352
9.735,0.00015308884054097838,84.74441197249001,0,60,3.0,8,0.17045675229388266
9.74,0.00010714989329311098,84.37315442842772,0,60,3.0,8,0.16172128066888763
9.745,7.440535854020571e-05,83.990847652195,0,60,3.0,8,0.1527258271104706
9.75,5.1260276743925106e-05,83.60153464388802,0,60,3.0,8,0.14356552103265918
9.755,3.503659887882241e-05,83.20911904419712,0,60,3.0,8,0.1343322128046382
9.76,2.375894748103639e-05,82.81730372360528,0,60,3.0,8,0.12511302879071243
9.765,1.5984413869232557e-05,82.42953765722115,0,60,3.0,8,0.11598912134637993
9.77,1.0669166579899869e-05,82.04897197215526,0,60,3.0,8,0.10703463463894723
9.775,7.06526633560511e-06,81.67842571032831,0,60,3.0,8,0.09831589906654853
9.78,4.641847214699205e-06,81.32036150986512,0,60,3.0,8,0.08989085905564995
9.785,3.025641074479182e-06,80.9768710860047,0,60,3.0,8,0.08180873143540486
9.79,1.9566278676921314e-06,80.64967009924027,0,60,3.0,8,0.0741098846880063
9.795,1.2553456560008793e-06,80.34010174352517,0,60,3.0,8,0.06682592337706277
9.8,7.990660428214668e-07,80.0491481777292,0,60,3.0,8,0.059979957123039856
9.805,5.046221251618276e-07,79.77744876342132,0,60,3.0,8,0.053587029727560444
9.81,3.1616527078858815e-07,79.52532396325225,0,60,3.0,8,0.047654681488288185
9.815,1.9652884407760343e-07,79.29280369606559,0,60,3.0,8,0.042183616378013884
9.82,1.2120002189836396e-07,79.07965893459514,0,60,3.0,8,0.037168445519885754
9.825,7.415549848886236e-08,78.88543536461921,0,60,3.0,8,0.03259847916751088
9.83,4.501406988770349e-08,78.7094879947671,0,60,3.0,8,0.028458541053343573
9.835,0.0,78.55101570687602,0,60,3.0,8,0.024729781338259177
9.84,0.0,78.40909486042811,0,60,3.0,8,0.02139046730419088
9.845,0.0,78.28271120360175,0,60,3.0,8,0.01841673420239411
9.85,0.0,78.1707894905581,0,60,3.0,8,0.01578328213077899
9.855,0.0,78.07222035303835,0,60,3.0,8,0.013464008306784628
9.86,0.0,77.98588411827141,0,60,3.0,8,0.011432567488739163
9.865,0.0,77.91067139967868,0,60,3.0,8,0.009662856463027685
9.87,0.0,77.84550040808058,0,60,3.0,8,0.008129421366601932
9.875,0.0,77.78933103634455,0,60,3.0,8,0.006807789090459986
9.88,0.0,77.74117585802009,0,60,3.0,8,0.005674726071060831
9.885,0.0,77.70010824983648,0,60,3.0,8,0.004708429407917065
9.89,0.0,77.6652678992138,0,60,3.0,8,0.003888656452089462
9.895,0.0,77.63586399210544,0,60,3.0,8,0.003196799814245691
9.9,0.0,77.61117639506554,0,60,3.0,8,0.0026159151780127425
9.905,0.0,77.59055515033116,0,60,3.0,8,0.0021307094195566045
9.91,0.0,77.57341859609244,0,60,3.0,8,0.0017274963786455962
9.915,0.0,77.55925040826212,0,60,3.0,8,0.001394127253226262
9.92,0.0,77.54759583719981,0,60,3.0,8,0.0011199020517601772
9.925,0.0,77.53805738513302,0,60,3.0,8,0.0008954678854827174
9.93,0.0,77.53029013938476,0,60,3.0,8,0.0007127091619943659
9.935,0.0,77.52399694466563,0,60,3.0,8,0.0005646339921323782
9.94,0.0,77.51892356603511,0,60,3.0,8,0.0004452603772967771
9.945,0.0,77.51485396381696,0,60,3.0,8,0.0003495050309873156
9.95,0.0,77.51160577361915,0,60,3.0,8,0.000273077026332992
9.955,0.0,77.50902605925005,0,60,3.0,8,0.00021237786470698988
9.96,0.0,77.50698738409156,0,60,3.0,8,0.00016440903744844893
9.965,0.0,77.50538422754116,0,60,3.0,8,0.00012668770685074967
9.97,0.0,77.50412975744989,0,60,3.0,8,9.717076352678626e-05
9.975,0.0,77.5031529569217,0,60,3.0,8,7.418722168695774e-05
9.98,0.0,77.50239609415969,0,60,3.0,8,5.637868611041299e-05
9.985,0.0,77.50181251694646,0,60,3.0,8,4.264745756372309e-05
9.99,0.0,77.50136474849062,0,60,3.0,8,3.211172919096123e-05
9.995,0.0,77.50102285841216,0,60,3.0,8,2.40672567566194e-05
10.0,0.0,77.50076308123074,0,60,3.0,8,1.7954852488093607e-05
10.005,0.0,77.50056665454103,0,60,3.0,8,1.333304802428489e-05
10.01,0.0,77.50041884981417,0,60,3.0,8,9.85528974511266e-06
10.015,0.0,77.50030817019447,0,60,3.0,8,7.251063399347485e-06
10.02,0.0,77.50022569154495,0,60,3.0,8,5.310389293058774e-06
10.025,0.0,77.50016452515105,0,60,3.0,8,3.871180024696193e-06
10.03,0.0,77.50011938277196,0,60,3.0,8,2.809006398967326e-06
10.035,0.0,77.50008622701871,0,60,3.0,8,2.0288710285352436e-06
10.04,0.0,77.50006199225503,0,60,3.0,8,1.458641294755794e-06
10.045,0.0,77.50004436330062,0,60,3.0,8,1.0438423674606704e-06
10.05,0.0,77.50003160113035,0,60,3.0,8,7.435560081269025e-07
10.055,0.0,77.5000224064852,0,60,3.0,8,5.272114164841589e-07
10.06,0.0,77.50001581383513,0,60,3.0,8,3.720902384429792e-07
10.065,0.0,77.50001110946202,0,60,3.0,8,2.613991064074927e-07
10.07,0.0,77.50000776857213,0,60,3.0,8,1.8278993252351938e-07
10.075,0.0,77.50000540731573,0,60,3.0,8,1.2723095825522785e-07
10.08,0.001684486749771458,77.50000374640398,0,60,3.0,8,8.815068179715394e-08
10.085,0.003097557930867117,77.50000258368661,0,60,3.0,8,6.079262608610032e-08
10.09,0.005475106668887023,77.50000177360708,0,60,3.0,8,4.1731931332833484e-08
10.095,0.00930222931468658,77.50000121190156,0,60,3.0,8,2.851533087564081e-08
10.1,0.01519157517868857,77.50000082427026,0,60,3.0,8,1.939459433314743e-08
10.105,0.023847336626128316,77.50000055803864,0,60,3.0,8,1.313032084106132e-08
10.11,0.0359830743700859,77.5000003760549,0,60,3.0,8,8.848350569892586e-09
10.115,0.05218887796857759,77.50000025224966,0,60,3.0,8,5.935286186714246e-09
10.12,0.0727577001223134,77.50000016842334,0,60,3.0,8,3.962902142388082e-09
10.125,0.0974992498694751,77.50000011193511,0,60,3.0,8,2.6337672539632287e-09
10.13,0.12558706050443358,77.5000000740496,0,60,3.0,8,1.7423434094192035e-09
10.135,0.15549263588878245,77.50000004876087,0,60,3.0,8,1.1473145257375161e-09
10.14,0.1850529723539114,77.50000003196043,0,60,3.0,8,7.520100098190596e-10
10.145,0.21169159439317053,77.50000002085191,0,60,3.0,8,4.906332699593965e-10
10.15,0.23277292922115492,77.50000001354165,0,60,3.0,8,3.1862709072490415e-10
10.155,0.24602692519491282,77.50000000875366,0,60,3.0,8,2.059684501385645e-10
10.16,0.24995056064839283,77.50000000563249,0,60,3.0,8,1.325290935817654e-10
10.165,0.24408826520424054,77.50000000360747,0,60,3.0,8,8.488160240042763e-11
10.17,0.22911894216865275,77.50000000229984,0,60,3.0,8,5.4113931636332864e-11
10.175,0.20672661788705934,77.50000000145944,0,60,3.0,8,3.433977807991837e-11
10.18,0.17928878030241233,77.50000000092186,0,60,3.0,8,2.1690779891180092e-11
10.185,0.14946211903866036,77.50000000057962,0,60,3.0,8,1.3638073676916333e-11
10.19,0.1197651512573837,77.50000000036275,0,60,3.0,8,8.535206528476385e-12
10.195,0.09224675744988023,77.50000000022598,0,60,3.0,8,5.3172002748504065e-12
10.2,0.06829565320281596,77.50000000014012,0,60,3.0,8,3.296918293926865e-12
10.205,0.04860224607515734,77.50000000008649,0,60,3.0,8,2.0349943952169268e-12
10.21,0.03324612389699793,77.50000000005313,0,60,3.0,8,1.2502208418856538e-12
10.215,0.021859876340472782,77.5000000000325,0,60,3.0,8,7.64711170203929e-13
10.22,0.01381595518554205,77.50000000001978,0,60,3.0,8,4.654472885543809e-13
10.225,0.008394095110402422,77.50000000001198,0,60,3.0,8,2.818764829391833e-13
10.23,0.0049052535271608,77.50000000000723,0,60,3.0,8,1.7019588353030165e-13
10.235,0.0027671663551903634,77.50000000000433,0,60,3.0,8,1.0198378089733203e-13
10.24,0.0015425553464444616,77.50000000000259,0,60,3.0,8,6.085589548627681e-14
10.245,0.0009638206637011801,77.50000000000153,0,60,3.0,8,3.611228962921921e-14
10.25,0.0009804935156568228,77.50000000000091,0,60,3.0,8,2.1399875335833605e-14
10.255,0.0018793744894085216,77.50000000000054,0,60,3.0,8,1.2706175980651204e-14
10.26,0.004535525206900863,77.50000000000031,0,60,3.0,8,7.356207146692803e-15
10.265,0.010832767979632273,77.50000000000018,0,60,3.0,8,4.3468496775912015e-15
10.27,0.024208003392322392,77.5000000000001,0,60,3.0,8,2.3406113648568006e-15
10.275,0.0500971897335304,77.50000000000006,0,60,3.0,8,1.3374922084896003e-15
10.28,0.09582894921774403,77.50000000000003,0,60,3.0,8,6.687461042448002e-16
10.285,0.16937896721820658,77.50000000000001,0,60,3.0,8,3.343730521224001e-16
10.29,0.27661303008991756,77.50000000000001,0,60,3.0,8,3.343730521224001e-16
10.295,0.4173782800009149,77.5,0,60,3.0,8,0.0
10.3,0.5818720934538056,77.5,0,60,3.0,8,0.0
10.305,0.7494718801585675,77.5,0,60,3.0,8,0.0
10.31,0.891813020752378,77.5,0,60,3.0,8,0.0
10.315,0.9800361632936612,77.5,0,60,3.0,8,0.0
10.32,0.993574479225126,77.50000249379623,1,60,3.0,8,5.8677558372972485e-08
10.325,0.9263438449375362,77.50000387113866,0,60,3.0,8,9.108561551543329e-08
10.33,0.7873015962290536,77.50000614495686,0,60,3.0,8,1.44587220146979e-07
10.335,0.5959516244629897,77.50001009206693,0,60,3.0,8,2.3746039834590835e-07
10.34,0.376910120078773,77.5000173369902,0,60,3.0,8,4.079291811114458e-07
10.345,0.15739335672107918,77.50003134163862,0,60,3.0,8,7.37450320417231e-07
10.35,-0.033361226269301235,77.50005950089377,0,60,3.0,8,1.4000210298678105e-06
10.355,-0.1680180840843834,77.50011746182723,0,60,3.0,8,2.7638076995331443e-06
10.36,-0.23069703190837854,77.50023776471434,0,60,3.0,8,5.594463866868062e-06
10.365,-0.22587267821131068,77.50048658883156,0,60,3.0,8,1.1449148977964583e-05
10.37,-0.17718181630665902,77.50099513789219,0,60,3.0,8,2.341500922799402e-05
10.375,-0.11494332516451301,77.50201644570332,0,60,3.0,8,4.744578125456321e-05
10.38,-0.061810214049552864,77.50402451354624,0,60,3.0,8,9.469443638214911e-05
10.385,-0.026546104631500547,77.50788085207563,0,60,3.0,8,0.00018543181354422868
10.39,-0.00719600351942686,77.51510323642296,0,60,3.0,8,0.0003553702687755129
10.395,0.0022072757983807078,77.52828124048683,0,60,3.0,8,0.0006654409526313831
10.4,0.006917199873730717,77.55168968563063,0,60,3.0,8,0.001216227897191402
10.405,0.01004859748264829,77.59214923171803,0,60,3.0,8,0.002168217216894712
10.41,0.013037082251128167,77.66016563836381,0,60,3.0,8,0.0037686032556189944
10.415,0.01645163937690478,77.77133735087011,0,60,3.0,8,0.006384408255767352
10.42,0.020526639934696615,77.94794785355886,0,60,3.0,8,0.01053994949550255
10.425,0.02539629541761738,78.22055245920677,0,60,3.0,8,0.01695417551074757
10.43,0.031171612185577933,78.62923630281921,0,60,3.0,8,0.02657026594868726
10.435,0.03795853426638131,79.22408280415199,0,60,3.0,8,0.040566654215340954
10.44,0.0458588961882057,80.06428738171843,0,60,3.0,8,0.06033617368749246
10.445,0.054966995891435555,81.21533054261677,0,60,3.0,8,0.0874195421792181
10.45,0.06536491004445595,82.74374175486754,0,60,3.0,8,0.12338215893805983
10.455,0.07711726085088699,84.70928122426405,0,60,3.0,8,0.16963014645327168
10.46,0.09026570629555215,87.1548465652038,0,60,3.0,8,0.2271728603577364
10.465,0.10482339848670268,90.09502724164179,0,60,3.0,8,0.29635358215627733
10.47,0.12076968927580028,93.50487114298438,0,60,3.0,8,0.3765852033643385
10.475,0.13804539501007884,97.31093238205123,0,60,3.0,8,0.46613958546002904
10.48,0.15654895051787066,101.38685595826713,0,60,3.0,8,0.5620436696062855
10.485,0.17613378141900526,105.55547445391579,0,60,3.0,8,0.6601288106803715
10.49,0.19660720058055794,109.59858538401849,0,60,3.0,8,0.755260832565141
10.495,0.21773108748496234,113.27431955233847,0,60,3.0,8,0.8417486953491404
10.5,0.23922453870058807,116.34051861380365,0,60,3.0,8,0.9138945556189094
10.505,0.2607685857914563,118.58114006736284,0,60,3.0,8,0.9666150604085374
10.51,0.2820129681603682,119.8317565853096,0,60,3.0,8,0.9960413314190495
10.515,0.30258482867153996,120.0,0,60,3.0,8,1.0
10.52,0.3220990771751686,119.07744164457799,0,60,3.0,8,0.9782927445783056
10.525,0.3401700499968971,117.14080910839245,0,60,3.0,8,0.9327249201974693
10.53,0.3564239911198326,114.34232070302158,0,60,3.0,8,0.8668781341887432
10.535,0.3705118017738417,110.89084986176812,0,60,3.0,8,0.7856670555710146
10.54,0.3821214567925213,107.02717543587835,0,60,3.0,8,0.6947570690794905
10.545,0.39098947374066967,102.99739961797562,0,60,3.0,8,0.5999388145406027
10.55,0.3969108472035567,99.02858404930407,0,60,3.0,8,0.5065549188071546
10.555,0.3997469255491936,95.309845089302,0,60,3.0,8,0.4190551785718118
10.56,0.3994308076379137,91.98081845212747,0,60,3.0,8,0.340725140050058
10.565,0.3959699661768434,89.12790132529386,0,60,3.0,8,0.27359767824220854
10.57,0.38944595408114946,86.78734731342963,0,60,3.0,8,0.21852581913952082
10.575,0.38001120995358023,84.9533724015562,0,60,3.0,8,0.17537346827191044
10.58,0.3678831374098315,83.58903512890868,0,60,3.0,8,0.14327141479785122
10.585,0.35333577933796634,82.63774874869135,0,60,3.0,8,0.1208882058515612
10.59,0.33668953221163944,82.0337334377467,0,60,3.0,8,0.10667608088815775
10.595,0.3182994390982644,81.71034347243264,0,60,3.0,8,0.09906690523370919
10.6,0.29854265738230645,81.60583753471548,0,60,3.0,8,0.09660794199330533
10.605,0.2778057157821067,81.66667643687869,0,60,3.0,8,0.0980394455736162
10.61,0.2564721553719815,81.84876988678565,0,60,3.0,8,0.10232399733613286
10.615,0.23491109433464996,82.11724772973115,0,60,3.0,8,0.10864112305249758
10.62,0.21346717185309805,82.44533609838746,0,60,3.0,8,0.11636084937382253
10.625,0.19245222055656455,82.81282786982345,0,60,3.0,8,0.1250077145840812
10.63,0.17213889801761392,83.2045024139376,0,60,3.0,8,0.13422358621029656
10.635,0.15275638501270183,83.60871282730876,0,60,3.0,8,0.14373441946608856
10.64,0.13448814019607322,84.01624472320185,0,60,3.0,8,0.15332340525180826
10.645,0.11747159495449566,84.41946941505593,0,60,3.0,8,0.1628110450601395
10.65,0.10179958433370105,84.81176549258696,0,60,3.0,8,0.17204154100204605
10.655,0.08752324394101413,85.18715992974894,0,60,3.0,8,0.18087435128821044
10.66,0.07465606047174059,85.54013465057005,0,60,3.0,8,0.18917963883694242
10.665,0.0631787448609295,85.86554926666517,0,60,3.0,8,0.1968364533332981
10.67,0.05304460019959574,86.1586397512219,0,60,3.0,8,0.20373270002875055
10.675,0.044185078305849994,86.41506250951961,0,60,3.0,8,0.20976617669457917
10.68,0.03651525513023255,86.6309617919093,0,60,3.0,8,0.2148461598096306
10.685,0.0299390014708757,86.80304503126104,0,60,3.0,8,0.21889517720614202
10.69,0.024353677220580638,86.92865552465399,0,60,3.0,8,0.22185071822715272
10.695,0.01965423034339045,87.00583527328615,0,60,3.0,8,0.22366671231261534
10.7,0.015736632374757337,87.03337316307264,0,60,3.0,8,0.22431466266053268
10.705,0.012500627640593535,87.01083537210316,0,60,3.0,8,0.22378436169654492
10.71,0.009851811652115898,86.938576193165,0,60,3.0,8,0.22208414572152954
10.715,0.007703084175428559,86.81772852740197,0,60,3.0,8,0.2192406712329875
10.72,0.005975544002062424,86.65017423074696,0,60,3.0,8,0.21529821719404602
10.725,0.004598905818663047,86.43849531771997,0,60,3.0,8,0.2103175368875287
10.73,0.0035115256454839104,86.18590775527554,0,60,3.0,8,0.20437430012413027
10.735,0.002660121266303676,85.8961802035904,0,60,3.0,8,0.19755718126095068
10.74,0.0019992692560877024,85.57354056557351,0,60,3.0,8,0.1899656603664355
10.745,0.0014907520044639367,85.22257357723743,0,60,3.0,8,0.1817076135820571
10.75,0.0011028178277539807,84.84811289585821,0,60,3.0,8,0.17289677402019313
10.755,0.0008094059938923333,84.4551312173353,0,60,3.0,8,0.16365014629024252
10.76,0.0005893771793717645,84.04863188079896,0,60,3.0,8,0.15408545601879917
10.765,0.0004257792353490551,83.63354520691325,0,60,3.0,8,0.1443187107509001
10.77,0.0003051686392901525,83.21463248261027,0,60,3.0,8,0.13446194076730048
10.775,0.00021699992642659966,82.79640007066425,0,60,3.0,8,0.12462117813327642
10.78,0.00015308884054097838,82.38302561301214,0,60,3.0,8,0.11489472030616793
10.785,0.00010714989329311098,81.97829773979932,0,60,3.0,8,0.1053717115246898
10.79,7.440535854020571e-05,81.58557012016932,0,60,3.0,8,0.09613106165104288
10.795,5.1260276743925106e-05,81.20773012323724,0,60,3.0,8,0.08724070878205271
10.8,3.503659887882241e-05,80.84718182348887,0,60,3.0,8,0.07875721937620864
10.805,2.375894748103639e-05,80.50584260541186,0,60,3.0,8,0.07072570836263192
10.81,1.5984413869232557e-05,80.18515221437653,0,60,3.0,8,0.06318005210297717
10.815,1.0669166579899869e-05,79.88609277648273,0,60,3.0,8,0.05614335944665239
10.82,7.06526633560511e-06,79.60921807587849,0,60,3.0,8,0.0496286606089056
10.825,4.641847214699205e-06,79.35469023543456,0,60,3.0,8,0.04363977024551907
10.83,3.025641074479182e-06,79.12232189244838,0,60,3.0,8,0.03817227982231489
10.835,1.9566278676921314e-06,78.91162198804986,0,60,3.0,8,0.03321463501293786
10.84,1.2553456560008793e-06,78.72184338679695,0,60,3.0,8,0.02874925615992819
10.845,7.990660428214668e-07,78.55203069891354,0,60,3.0,9,0.024753663503848014
10.85,5.046221251618276e-07,78.4010668777479,0,60,3.0,9,0.021201573594068095
10.855,3.1616527078858815e-07,78.2677173949188,0,60,3.0,9,0.018063938703971872
10.86,1.9652884407760343e-07,78.15067104128426,0,60,3.0,9,0.015309906853747179
10.865,1.2120002189836396e-07,78.04857665043636,0,60,3.0,9,0.012907685892620226
10.87,7.415549848886236e-08,77.96007528166045,0,60,3.0,9,0.010825300744951792
10.875,4.501406988770349e-08,77.88382762196936,0,60,3.0,9,0.009031238163984934
10.88,0.0,77.81853656491259,0,60,3.0,9,0.007494977997943325
10.885,0.0,77.76296509259281,0,60,3.0,9,0.006187413943360177
10.89,0.0,77.71594972407637,0,60,3.0,9,0.005081169978267459
10.895,0.0,77.6764098974902,0,60,3.0,9,0.004150821117416533
10.9,0.0,77.64335372555104,0,60,3.0,9,0.003373028836494996
10.905,0.0,77.61588060740796,0,60,3.0,9,0.0027266025272461
10.91,0.0,77.59318119681424,0,60,3.0,9,0.002192498748570415
10.915,0.0,77.5745352217389,0,60,3.0,9,0.001753769923268197
10.92,0.0,77.55930762785665,0,60,3.0,9,0.0013954735966271582
10.925,0.0,77.54694348223622,0,60,3.0,9,0.001104552523205083
10.93,0.0,77.53696202809876,0,60,3.0,9,0.0008696947787942623
10.935,0.0,77.52895023050213,0,60,3.0,9,0.0006811818941678345
10.94,0.0,77.52255609948452,0,60,3.0,9,0.0005307317525768988
10.945,0.0,77.5174820242859,0,60,3.0,9,0.0004113417479034604
10.95,0.0,77.51347830188524,0,60,3.0,9,0.0003171365149468971
10.955,0.0,77.51033699680363,0,60,3.0,9,0.00024322345420306889
10.96,0.0,77.50788622796446,0,60,3.0,9,0.00018555830504617596
10.965,0.0,77.50598494293993,0,60,3.0,9,0.00014082218682193236
10.97,0.0,77.50451821032726,0,60,3.0,9,0.00010631083122970107
10.975,0.0,77.50339303715964,0,60,3.0,9,7.983616846211268e-05
10.98,0.0,77.50253469979884,0,60,3.0,9,5.963999526690767e-05
10.985,0.0,77.50188356315793,0,60,3.0,9,4.431913312781516e-05
10.99,0.0,77.5013923537419,0,60,3.0,9,3.276126451543646e-05
10.995,0.0,77.501023846212,0,60,3.0,9,2.4090499105715722e-05
11.0,0.0,77.50074892031576,0,60,3.0,9,1.7621654488413484e-05
11.005,0.0,77.5005449444552,0,60,3.0,9,1.2822222475292353e-05
11.01,0.0,77.50039444332097,0,60,3.0,9,9.281019316965873e-06
11.015,0.0,77.50028400940215,0,60,3.0,9,6.682574168253803e-06
11.02,0.0,77.5002034213682,0,60,3.0,9,4.786385134072107e-06
11.025,0.0,77.50014493596511,0,60,3.0,9,3.410258002598793e-06
11.03,0.0,77.50010272390129,0,60,3.0,9,2.417032971593739e-06
11.035,0.0,77.50007242401301,0,60,3.0,9,1.704094423824726e-06
11.04,0.0,77.50005079364838,0,60,3.0,9,1.1951446678642029e-06
11.045,0.0,77.50003543659405,0,60,3.0,9,8.338022128635417e-07
11.05,0.0,77.50002459293042,0,60,3.0,9,5.786571862512681e-07
11.055,0.0,77.50001697791406,0,60,3.0,9,3.994803307705297e-07
11.06,0.001684486749771458,77.5000116593442,0,60,3.0,9,2.7433751049155786e-07
11.065,0.003097557930867117,77.50000796488771,0,60,3.0,9,1.874091226989763e-07
11.07,0.005475106668887023,77.5000054125377,0,60,3.0,9,1.2735382831445296e-07
11.075,0.00930222931468658,77.50000365879397,0,60,3.0,9,8.608926992458103e-08
11.08,0.01519157517868857,77.50000246031502,0,60,3.0,9,5.7889765096607495e-08
11.085,0.023847336626128316,77.50000164573241,0,60,3.0,9,3.8723115548076324e-08
11.09,0.0359830743700859,77.500001095074,0,60,3.0,9,2.5766447004785092e-08
11.095,0.05218887796857759,77.50000072484218,0,60,3.0,9,1.7055110139849337e-08
11.1,0.0727577001223134,77.50000047726456,0,60,3.0,9,1.1229754443989162e-08
11.105,0.0974992498694751,77.50000031260122,0,60,3.0,9,7.355322729969938e-09
11.11,0.12558706050443358,77.50000020367507,0,60,3.0,9,4.79235462294395e-09
11.115,0.15549263588878245,77.50000013200818,0,60,3.0,9,3.106074874428005e-09
11.12,0.1850529723539114,77.50000008510979,0,60,3.0,9,2.0025832809016505e-09
11.125,0.21169159439317053,77.50000005458509,0,60,3.0,9,1.284354980538517e-09
11.13,0.23277292922115492,77.50000003482444,0,60,3.0,9,8.193985516246518e-10
11.135,0.24602692519491282,77.5000000221009,0,60,3.0,9,5.200213175104342e-10
11.14,0.24995056064839283,77.50000001395249,0,60,3.0,9,3.2829381566176274e-10
11.145,0.24408826520424054,77.50000000876211,0,60,3.0,9,2.0616740210457733e-10
11.15,0.22911894216865275,77.50000000547372,0,60,3.0,9,1.2879347784345396e-10
11.155,0.20672661788705934,77.50000000340151,0,60,3.0,9,8.003553375601768e-11
11.16,0.17928878030241233,77.5000000021027,0,60,3.0,9,4.9475174284238806e-11
11.165,0.14946211903866036,77.50000000129299,0,60,3.0,9,3.0423266520408696e-11
11.17,0.1197651512573837,77.50000000079092,0,60,3.0,9,1.86098665889243e-11
11.175,0.09224675744988023,77.50000000048126,0,60,3.0,9,1.1323877783177202e-11
11.18,0.06829565320281596,77.50000000029131,0,60,3.0,9,6.854313195457079e-12
11.185,0.04860224607515734,77.5000000001754,0,60,3.0,9,4.1271665823467845e-12
11.19,0.03324612389699793,77.50000000010506,0,60,3.0,9,2.4720199743409036e-12
11.195,0.021859876340472782,77.5000000000626,0,60,3.0,9,1.4729132945991723e-12
11.2,0.01381595518554205,77.5000000000371,0,60,3.0,9,8.730480390915867e-13
11.205,0.008394095110402422,77.50000000002187,0,60,3.0,9,5.146001272163737e-13
11.21,0.0049052535271608,77.50000000001283,0,60,3.0,9,3.0193886606652727e-13
11.215,0.0027671663551903634,77.50000000000749,0,60,3.0,9,1.7621459846850485e-13
11.22,0.0015425553464444616,77.50000000000435,0,60,3.0,9,1.0231815394945443e-13
11.225,0.0009638206637011801,77.5000000000025,0,60,3.0,9,5.884965717354242e-14
11.23,0.0009804935156568228,77.50000000000144,0,60,3.0,9,3.377167826436241e-14
11.235,0.0018793744894085216,77.50000000000082,0,60,3.0,9,1.9393637023099206e-14
11.24,0.004535525206900863,77.50000000000047,0,60,3.0,9,1.1034310720039203e-14
11.245,0.010832767979632273,77.50000000000027,0,60,3.0,9,6.353087990325602e-15
11.25,0.024208003392322392,77.50000000000014,0,60,3.0,9,3.343730521224001e-15
11.255,0.0500971897335304,77.50000000000009,0,60,3.0,9,2.0062383127344005e-15
11.26,0.09582894921774403,77.50000000000004,0,60,3.0,9,1.0031191563672002e-15
11.265,0.16937896721820658,77.50000000000003,0,60,3.0,9,6.687461042448002e-16
11.27,0.27661303008991756,77.50000000000001,0,60,3.0,9,3.343730521224001e-16
11.275,0.4173782800009149,77.5,0,60,3.0,9,0.0
11.28,0.5818720934538056,77.5,0,60,3.0,9,0.0
11.285,0.7494718801585675,77.5,0,60,3.0,9,0.0
11.29,0.891813020752378,77.5,0,60,3.0,9,0.0
11.295,0.9800361632936612,77.5,0,60,3.0,9,0.0
11.3,0.993574479225126,77.5,1,60,3.0,9,0.0
11.305,0.9263438449375362,77.5,0,60,3.0,9,0.0
11.31,0.7873015962290536,77.5,0,60,3.0,9,0.0
11.315,0.5959516244629897,77.5,0,60,3.0,9,0.0
11.32,0.376910120078773,77.5,0,60,3.0,9,0.0
11.325,0.15739335672107918,77.5,0,60,3.0,9,0.0
11.33,-0.033361226269301235,77.5,0,60,3.0,9,0.0
11.335,-0.1680180840843834,77.5,0,60,3.0,9,0.0
11.34,-0.23069703190837854,77.5,0,60,3.0,9,0.0
11.345,-0.22587267821131068,77.5,0,60,3.0,9,0.0
11.35,-0.17718181630665902,77.5,0,60,3.0,9,0.0
11.355,-0.11494332516451301,77.5,0,60,3.0,9,0.0
11.36,-0.061810214049552864,77.5,0,60,3.0,9,0.0
11.365,-0.026546104631500547,77.5,0,60,3.0,9,0.0
11.37,-0.00719600351942686,77.5,0,60,3.0,9,0.0
11.375,0.0022072757983807078,77.5,0,60,3.0,9,0.0
11.38,0.006917199873730717,77.5,0,60,3.0,9,0.0
11.385,0.01004859748264829,77.5,0,60,3.0,9,0.0
11.39,0.013037082251128167,77.5,0,60,3.0,9,0.0
11.395,0.01645163937690478,77.5,0,60,3.0,9,0.0
11.4,0.020526639934696615,77.5,0,60,3.0,9,0.0
11.405,0.02539629541761738,77.5,0,60,3.0,9,0.0
11.41,0.031171612185577933,77.5,0,60,3.0,9,0.0
11.415,0.03795853426638131,77.5,0,60,3.0,9,0.0
11.42,0.0458588961882057,77.5,0,60,3.0,9,0.0
11.425,0.054966995891435555,77.5,0,60,3.0,9,0.0
11.43,0.06536491004445595,77.5,0,60,3.0,9,0.0
11.435,0.07711726085088699,77.5,0,60,3.0,9,0.0
11.44,0.09026570629555215,77.5,0,60,3.0,9,0.0
11.445,0.10482339848670268,77.5,0,60,3.0,9,0.0
11.45,0.12076968927580028,77.5,0,60,3.0,9,0.0
11.455,0.13804539501007884,77.5,0,60,3.0,9,0.0
11.46,0.15654895051787066,77.5,0,60,3.0,9,0.0
11.465,0.17613378141900526,77.5,0,60,3.0,9,0.0
11.47,0.19660720058055794,77.5,0,60,3.0,9,0.0
11.475,0.21773108748496234,77.5,0,60,3.0,9,0.0
11.48,0.23922453870058807,77.5,0,60,3.0,9,0.0
11.485,0.2607685857914563,77.5,0,60,3.0,9,0.0
11.49,0.2820129681603682,77.5,0,60,3.0,9,0.0
11.495,0.30258482867153996,77.5,0,60,3.0,9,0.0
11.5,0.3220990771751686,77.5,0,60,3.0,9,0.0
11.505,0.3401700499968971,77.5,0,60,3.0,9,0.0
11.51,0.3564239911198326,77.5,0,60,3.0,9,0.0
11.515,0.3705118017738417,77.5,0,60,3.0,9,0.0
11.52,0.3821214567925213,77.5,0,60,3.0,9,0.0
11.525,0.39098947374066967,77.5,0,60,3.0,9,0.0
11.53,0.3969108472035567,77.5,0,60,3.0,9,0.0
11.535,0.3997469255491936,77.5,0,60,3.0,9,0.0
11.54,0.3994308076379137,77.5,0,60,3.0,9,0.0
11.545,0.3959699661768434,77.5,0,60,3.0,9,0.0
11.55,0.38944595408114946,77.5,0,60,3.0,9,0.0
11.555,0.38001120995358023,77.5,0,60,3.0,9,0.0
11.56,0.3678831374098315,77.5,0,60,3.0,9,0.0
11.565,0.35333577933796634,77.5,0,60,3.0,9,0.0
11.57,0.33668953221163944,77.5,0,60,3.0,9,0.0
11.575,0.3182994390982644,77.5,0,60,3.0,9,0.0
11.58,0.29854265738230645,77.5,0,60,3.0,9,0.0
11.585,0.2778057157821067,77.5,0,60,3.0,9,0.0
11.59,0.2564721553719815,77.5,0,60,3.0,9,0.0
11.595,0.23491109433464996,77.5,0,60,3.0,9,0.0
11.6,0.21346717185309805,77.5,0,60,3.0,9,0.0
11.605,0.19245222055656455,77.5,0,60,3.0,9,0.0
11.61,0.17213889801761392,77.5,0,60,3.0,9,0.0
11.615,0.15275638501270183,77.5,0,60,3.0,9,0.0
11.62,0.13448814019607322,77.5,0,60,3.0,9,0.0
11.625,0.11747159495449566,77.5,0,60,3.0,9,0.0
11.63,0.10179958433370105,77.5,0,60,3.0,9,0.0
11.635,0.08752324394101413,77.5,0,60,3.0,9,0.0
11.64,0.07465606047174059,77.5,0,60,3.0,9,0.0
11.645,0.0631787448609295,77.5,0,60,3.0,9,0.0
11.65,0.05304460019959574,77.5,0,60,3.0,9,0.0
11.655,0.044185078305849994,77.5,0,60,3.0,9,0.0
11.66,0.03651525513023255,77.5,0,60,3.0,9,0.0
11.665,0.0299390014708757,77.5,0,60,3.0,9,0.0
11.67,0.024353677220580638,77.5,0,60,3.0,9,0.0
11.675,0.01965423034339045,77.5,0,60,3.0,9,0.0
11.68,0.015736632374757337,77.5,0,60,3.0,9,0.0
11.685,0.012500627640593535,77.5,0,60,3.0,9,0.0
11.69,0.009851811652115898,77.5,0,60,3.0,9,0.0
11.695,0.007703084175428559,77.5,0,60,3.0,9,0.0
11.7,0.005975544002062424,77.5,0,60,3.0,9,0.0
11.705,0.004598905818663047,77.5,0,60,3.0,9,0.0
11.71,0.0035115256454839104,77.5,0,60,3.0,9,0.0
11.715,0.002660121266303676,77.5,0,60,3.0,9,0.0
11.72,0.0019992692560877024,77.5,0,60,3.0,9,0.0
11.725,0.0014907520044639367,77.5,0,60,3.0,9,0.0
11.73,0.0011028178277539807,77.5,0,60,3.0,9,0.0
11.735,0.0008094059938923333,77.5,0,60,3.0,9,0.0
11.74,0.0005893771793717645,77.5,0,60,3.0,9,0.0
11.745,0.0004257792353490551,77.5,0,60,3.0,9,0.0
11.75,0.0003051686392901525,77.5,0,60,3.0,9,0.0
11.755,0.00021699992642659966,77.5,0,60,3.0,9,0.0
11.76,0.00015308884054097838,77.5,0,60,3.0,9,0.0
11.765,0.00010714989329311098,77.5,0,60,3.0,9,0.0
11.77,7.440535854020571e-05,77.5,0,60,3.0,9,0.0
11.775,5.1260276743925106e-05,77.5,0,60,3.0,9,0.0
11.78,3.503659887882241e-05,77.5,0,60,3.0,9,0.0
11.785,2.375894748103639e-05,77.5,0,60,3.0,9,0.0
11.79,1.5984413869232557e-05,77.5,0,60,3.0,9,0.0
11.795,1.0669166579899869e-05,77.5,0,60,3.0,9,0.0
11.8,7.06526633560511e-06,77.5,0,60,3.0,9,0.0
11.805,4.641847214699205e-06,77.5,0,60,3.0,9,0.0
11.81,3.025641074479182e-06,77.5,0,60,3.0,9,0.0
11.815,1.9566278676921314e-06,77.5,0,60,3.0,9,0.0
11.82,1.2553456560008793e-06,77.5,0,60,3.0,9,0.0
11.825,7.990660428214668e-07,77.5,0,60,3.0,9,0.0
11.83,5.046221251618276e-07,77.5,0,60,3.0,9,0.0
11.835,3.1616527078858815e-07,77.5,0,60,3.0,9,0.0
11.84,1.9652884407760343e-07,77.5,0,60,3.0,9,0.0
11.845,1.2120002189836396e-07,77.5,0,60,3.0,9,0.0
11.85,7.415549848886236e-08,77.5,0,60,3.0,9,0.0
11.855,4.501406988770349e-08,77.5,0,60,3.0,9,0.0
11.86,0.0,77.5,0,60,3.0,9,0.0
11.865,0.0,77.5,0,60,3.0,9,0.0
11.87,0.0,77.5,0,60,3.0,9,0.0
11.875,0.0,77.5,0,60,3.0,9,0.0
11.88,0.0,77.5,0,60,3.0,9,0.0
11.885,0.0,77.5,0,60,3.0,9,0.0
11.89,0.0,77.5,0,60,3.0,9,0.0
11.895,0.0,77.5,0,60,3.0,9,0.0
11.9,0.0,77.5,0,60,3.0,9,0.0
11.905,0.0,77.5,0,60,3.0,9,0.0
11.91,0.0,77.5,0,60,3.0,9,0.0
11.915,0.0,77.5,0,60,3.0,9,0.0
11.92,0.0,77.5,0,60,3.0,9,0.0
11.925,0.0,77.5,0,60,3.0,9,0.0
11.93,0.0,77.5,0,60,3.0,9,0.0
11.935,0.0,77.5,0,60,3.0,9,0.0
11.94,0.0,77.5,0,60,3.0,9,0.0
11.945,0.0,77.5,0,60,3.0,9,0.0
11.95,0.0,77.5,0,60,3.0,9,0.0
11.955,0.0,77.5,0,60,3.0,9,0.0
11.96,0.0,77.5,0,60,3.0,9,0.0
11.965,0.0,77.5,0,60,3.0,9,0.0
11.97,0.0,77.5,0,60,3.0,9,0.0
11.975,0.0,77.5,0,60,3.0,9,0.0
11.98,0.0,77.5,0,60,3.0,9,0.0
11.985,0.0,77.5,0,60,3.0,9,0.0
11.99,0.0,77.5,0,60,3.0,9,0.0
11.995,0.0,77.5,0,60,3.0,9,0.0
