Time,ECG,Pressure,R_Peaks,mean_hr,hrv_scale,Phase_Bin,Normalized_Pressure
0.0,0.001684486749771458,77.5,0,60,3.0,0,0.0
0.005,0.003097557930867117,77.5,0,60,3.0,0,0.0
0.01,0.005475106668887023,77.5,0,60,3.0,0,0.0
0.015,0.00930222931468658,77.5,0,60,3.0,0,0.0
0.02,0.01519157517868857,77.5,0,60,3.0,0,0.0
0.025,0.023847336626128316,77.5,0,60,3.0,0,0.0
0.03,0.0359830743700859,77.5,0,60,3.0,0,0.0
0.035,0.05218887796857759,77.5,0,60,3.0,0,0.0
0.04,0.0727577001223134,77.5,0,60,3.0,0,0.0
0.045,0.0974992498694751,77.5,0,60,3.0,0,0.0
0.05,0.12558706050443358,77.5,0,60,3.0,0,0.0
0.055,0.15549263588878245,77.5,0,60,3.0,0,0.0
0.06,0.1850529723539114,77.5,0,60,3.0,0,0.0
0.065,0.21169159439317053,77.5,0,60,3.0,0,0.0
0.07,0.23277292922115492,77.5,0,60,3.0,0,0.0
0.075,0.24602692519491282,77.5,0,60,3.0,0,0.0
0.08,0.24995056064839283,77.5,0,60,3.0,0,0.0
0.085,0.24408826520424054,77.5,0,60,3.0,0,0.0
0.09,0.22911894216865275,77.5,0,60,3.0,0,0.0
0.095,0.20672661788705934,77.5,0,60,3.0,0,0.0
0.1,0.17928878030241233,77.5,0,60,3.0,0,0.0
0.105,0.14946211903866036,77.5,0,60,3.0,0,0.0
0.11,0.1197651512573837,77.5,0,60,3.0,0,0.0
0.115,0.09224675744988023,77.5,0,60,3.0,0,0.0
0.12,0.06829565320281596,77.5,0,60,3.0,0,0.0
0.125,0.04860224607515734,77.5,0,60,3.0,0,0.0
0.13,0.03324612389699793,77.5,0,60,3.0,0,0.0
0.135,0.021859876340472782,77.5,0,60,3.0,0,0.0
0.14,0.01381595518554205,77.5,0,60,3.0,0,0.0
0.145,0.008394095110402422,77.5,0,60,3.0,0,0.0
0.15,0.0049052535271608,77.5,0,60,3.0,0,0.0
0.155,0.0027671663551903634,77.5,0,60,3.0,0,0.0
0.16,0.0015425553464444616,77.5,0,60,3.0,0,0.0
0.165,0.0009638206637011801,77.5,0,60,3.0,0,0.0
0.17,0.0009804935156568228,77.5,0,60,3.0,0,0.0
0.175,0.0018793744894085216,77.5,0,60,3.0,0,0.0
0.18,0.004535525206900863,77.5,0,60,3.0,0,0.0
0.185,0.010832767979632273,77.5,0,60,3.0,0,0.0
0.19,0.024208003392322392,77.5,0,60,3.0,0,0.0
0.195,0.0500971897335304,77.5,0,60,3.0,0,0.0
0.2,0.09582894921774403,77.5,0,60,3.0,0,0.0
0.205,0.16937896721820658,77.5,0,60,3.0,0,0.0
0.21,0.27661303008991756,77.5,0,60,3.0,0,0.0
0.215,0.4173782800009149,77.5,0,60,3.0,0,0.0
0.22,0.5818720934538056,77.5,0,60,3.0,0,0.0
0.225,0.7494718801585675,77.5,0,60,3.0,0,0.0
0.23,0.891813020752378,77.5,0,60,3.0,0,0.0
0.235,0.9800361632936612,77.5,0,60,3.0,0,0.0
0.24,0.993574479225126,77.5,0,60,3.0,0,0.0
0.245,0.9263438449375362,77.5,0,60,3.0,0,0.0
0.25,0.7873015962290536,77.5,0,60,3.0,0,0.0
0.255,0.5959516244629897,77.5,0,60,3.0,0,0.0
0.26,0.376910120078773,77.5,0,60,3.0,0,0.0
0.265,0.15739335672107918,77.5,0,60,3.0,0,0.0
0.27,-0.033361226269301235,77.5,0,60,3.0,0,0.0
0.275,-0.1680180840843834,77.5,0,60,3.0,0,0.0
0.28,-0.23069703190837854,77.5,0,60,3.0,0,0.0
0.285,-0.22587267821131068,77.5,0,60,3.0,0,0.0
0.29,-0.17718181630665902,77.5,0,60,3.0,0,0.0
0.295,-0.11494332516451301,77.5,0,60,3.0,0,0.0
0.3,-0.061810214049552864,77.5,0,60,3.0,0,0.0
0.305,-0.026546104631500547,77.5,0,60,3.0,0,0.0
0.31,-0.00719600351942686,77.5,0,60,3.0,0,0.0
0.315,0.0022072757983807078,77.5,0,60,3.0,0,0.0
0.32,0.006917199873730717,77.5,0,60,3.0,0,0.0
0.325,0.01004859748264829,77.5,0,60,3.0,0,0.0
0.33,0.013037082251128167,77.5,0,60,3.0,0,0.0
0.335,0.01645163937690478,77.5,0,60,3.0,0,0.0
0.34,0.020526639934696615,77.5,0,60,3.0,0,0.0
0.345,0.02539629541761738,77.5,0,60,3.0,0,0.0
0.35,0.031171612185577933,77.5,0,60,3.0,0,0.0
0.355,0.03795853426638131,77.5,0,60,3.0,0,0.0
0.36,0.0458588961882057,77.5,0,60,3.0,0,0.0
0.365,0.054966995891435555,77.5,0,60,3.0,0,0.0
0.37,0.06536491004445595,77.5,0,60,3.0,0,0.0
0.375,0.07711726085088699,77.5,0,60,3.0,0,0.0
0.38,0.09026570629555215,77.5,0,60,3.0,0,0.0
0.385,0.10482339848670268,77.5,0,60,3.0,0,0.0
0.39,0.12076968927580028,77.5,0,60,3.0,0,0.0
0.395,0.13804539501007884,77.5,0,60,3.0,0,0.0
0.4,0.15654895051787066,77.5,0,60,3.0,0,0.0
0.405,0.17613378141900526,77.5,0,60,3.0,0,0.0
0.41,0.19660720058055794,77.5,0,60,3.0,0,0.0
0.415,0.21773108748496234,77.5,0,60,3.0,0,0.0
0.42,0.23922453870058807,77.5,0,60,3.0,0,0.0
0.425,0.2607685857914563,77.5,0,60,3.0,0,0.0
0.43,0.2820129681603682,77.5,0,60,3.0,0,0.0
0.435,0.30258482867153996,77.5,0,60,3.0,0,0.0
0.44,0.3220990771751686,77.5,0,60,3.0,0,0.0
0.445,0.3401700499968971,77.5,0,60,3.0,0,0.0
0.45,0.3564239911198326,77.5,0,60,3.0,0,0.0
0.455,0.3705118017738417,77.5,0,60,3.0,0,0.0
0.46,0.3821214567925213,77.5,0,60,3.0,0,0.0
0.465,0.39098947374066967,77.5,0,60,3.0,0,0.0
0.47,0.3969108472035567,77.5,0,60,3.0,0,0.0
0.475,0.3997469255491936,77.5,0,60,3.0,0,0.0
0.48,0.3994308076379137,77.5,0,60,3.0,0,0.0
0.485,0.3959699661768434,77.5,0,60,3.0,0,0.0
0.49,0.38944595408114946,77.5,0,60,3.0,0,0.0
0.495,0.38001120995358023,77.5,0,60,3.0,0,0.0
0.5,0.3678831374098315,77.5,0,60,3.0,0,0.0
0.505,0.35333577933796634,77.5,0,60,3.0,0,0.0
0.51,0.33668953221163944,77.5,0,60,3.0,0,0.0
0.515,0.3182994390982644,77.5,0,60,3.0,0,0.0
0.52,0.29854265738230645,77.5,0,60,3.0,0,0.0
0.525,0.2778057157821067,77.5,0,60,3.0,0,0.0
0.53,0.2564721553719815,77.5,0,60,3.0,0,0.0
0.535,0.23491109433464996,77.5,0,60,3.0,0,0.0
0.54,0.21346717185309805,77.5,0,60,3.0,0,0.0
0.545,0.19245222055656455,77.5,0,60,3.0,0,0.0
0.55,0.17213889801761392,77.5,0,60,3.0,0,0.0
0.555,0.15275638501270183,77.5,0,60,3.0,0,0.0
0.56,0.13448814019607322,77.5,0,60,3.0,0,0.0
0.565,0.11747159495449566,77.5,0,60,3.0,0,0.0
0.57,0.10179958433370105,77.5,0,60,3.0,0,0.0
0.575,0.08752324394101413,77.5,0,60,3.0,0,0.0
0.58,0.07465606047174059,77.5,0,60,3.0,0,0.0
0.585,0.0631787448609295,77.5,0,60,3.0,0,0.0
0.59,0.05304460019959574,77.5,0,60,3.0,0,0.0
0.595,0.044185078305849994,77.5,0,60,3.0,0,0.0
0.6,0.03651525513023255,77.5,0,60,3.0,0,0.0
0.605,0.0299390014708757,77.5,0,60,3.0,0,0.0
0.61,0.024353677220580638,77.5,0,60,3.0,0,0.0
0.615,0.01965423034339045,77.5,0,60,3.0,0,0.0
0.62,0.015736632374757337,77.5,0,60,3.0,0,0.0
0.625,0.012500627640593535,77.5,0,60,3.0,0,0.0
0.63,0.009851811652115898,77.5,0,60,3.0,0,0.0
0.635,0.007703084175428559,77.5,0,60,3.0,0,0.0
0.64,0.005975544002062424,77.5,0,60,3.0,0,0.0
0.645,0.004598905818663047,77.5,0,60,3.0,0,0.0
0.65,0.0035115256454839104,77.5,0,60,3.0,0,0.0
0.655,0.002660121266303676,77.5,0,60,3.0,0,0.0
0.66,0.0019992692560877024,77.5,0,60,3.0,0,0.0
0.665,0.0014907520044639367,77.5,0,60,3.0,0,0.0
0.67,0.0011028178277539807,77.5,0,60,3.0,0,0.0
0.675,0.0008094059938923333,77.5,0,60,3.0,0,0.0
0.68,0.0005893771793717645,77.5,0,60,3.0,0,0.0
0.685,0.0004257792353490551,77.5,0,60,3.0,0,0.0
0.69,0.0003051686392901525,77.5,0,60,3.0,0,0.0
0.695,0.00021699992642659966,77.5,0,60,3.0,0,0.0
0.7,0.00015308884054097838,77.5,0,60,3.0,0,0.0
0.705,0.00010714989329311098,77.5,0,60,3.0,0,0.0
0.71,7.440535854020571e-05,77.5,0,60,3.0,0,0.0
0.715,5.1260276743925106e-05,77.5,0,60,3.0,0,0.0
0.72,3.503659887882241e-05,77.5,0,60,3.0,0,0.0
0.725,2.375894748103639e-05,77.5,0,60,3.0,0,0.0
0.73,1.5984413869232557e-05,77.5,0,60,3.0,0,0.0
0.735,1.0669166579899869e-05,77.5,0,60,3.0,0,0.0
0.74,7.06526633560511e-06,77.5,0,60,3.0,0,0.0
0.745,4.641847214699205e-06,77.5,0,60,3.0,0,0.0
0.75,3.025641074479182e-06,77.5,0,60,3.0,0,0.0
0.755,1.9566278676921314e-06,77.5,0,60,3.0,0,0.0
0.76,1.2553456560008793e-06,77.5,0,60,3.0,0,0.0
0.765,7.990660428214668e-07,77.5,0,60,3.0,0,0.0
0.77,5.046221251618276e-07,77.5,0,60,3.0,0,0.0
0.775,3.1616527078858815e-07,77.5,0,60,3.0,0,0.0
0.78,1.9652884407760343e-07,77.5,0,60,3.0,0,0.0
0.785,1.2120002189836396e-07,77.5,0,60,3.0,0,0.0
0.79,7.415549848886236e-08,77.5,0,60,3.0,0,0.0
0.795,4.501406988770349e-08,77.5,0,60,3.0,0,0.0
0.8,0.0,77.5,0,60,3.0,0,0.0
0.805,0.0,77.5,0,60,3.0,0,0.0
0.81,0.0,77.5,0,60,3.0,0,0.0
0.815,0.0,77.5,0,60,3.0,0,0.0
0.82,0.0,77.5,0,60,3.0,0,0.0
0.825,0.0,77.5,0,60,3.0,0,0.0
0.83,0.0,77.5,0,60,3.0,0,0.0
0.835,0.0,77.5,0,60,3.0,0,0.0
0.84,0.0,77.5,0,60,3.0,0,0.0
0.845,0.0,77.5,0,60,3.0,0,0.0
0.85,0.0,77.5,0,60,3.0,0,0.0
0.855,0.0,77.5,0,60,3.0,0,0.0
0.86,0.0,77.5,0,60,3.0,0,0.0
0.865,0.0,77.5,0,60,3.0,0,0.0
0.87,0.0,77.5,0,60,3.0,0,0.0
0.875,0.0,77.5,0,60,3.0,0,0.0
0.88,0.0,77.5,0,60,3.0,0,0.0
0.885,0.0,77.5,0,60,3.0,0,0.0
0.89,0.0,77.5,0,60,3.0,0,0.0
0.895,0.0,77.5,0,60,3.0,0,0.0
0.9,0.0,77.5,0,60,3.0,0,0.0
0.905,0.0,77.5,0,60,3.0,0,0.0
0.91,0.0,77.5,0,60,3.0,0,0.0
0.915,0.0,77.5,0,60,3.0,0,0.0
0.92,0.0,77.5,0,60,3.0,0,0.0
0.925,0.0,77.5,0,60,3.0,0,0.0
0.93,0.0,77.5,0,60,3.0,0,0.0
0.935,0.0,77.5,0,60,3.0,0,0.0
0.94,0.0,77.5,0,60,3.0,0,0.0
0.945,0.0,77.5,0,60,3.0,0,0.0
0.95,0.001684486749771458,77.5,0,60,3.0,0,0.0
0.955,0.003097557930867117,77.5,0,60,3.0,0,0.0
0.96,0.005475106668887023,77.5,0,60,3.0,0,0.0
0.965,0.00930222931468658,77.5,0,60,3.0,0,0.0
0.97,0.01519157517868857,77.5,0,60,3.0,0,0.0
0.975,0.023847336626128316,77.5,0,60,3.0,0,0.0
0.98,0.0359830743700859,77.5,0,60,3.0,0,0.0
0.985,0.05218887796857759,77.5,0,60,3.0,0,0.0
0.99,0.0727577001223134,77.5,0,60,3.0,0,0.0
0.995,0.0974992498694751,77.5,0,60,3.0,0,0.0
1.0,0.12558706050443358,77.5,0,60,3.0,0,0.0
1.005,0.15549263588878245,77.5,0,60,3.0,0,0.0
1.01,0.1850529723539114,77.5,0,60,3.0,0,0.0
1.015,0.21169159439317053,77.5,0,60,3.0,0,0.0
1.02,0.23277292922115492,77.5,0,60,3.0,0,0.0
1.025,0.24602692519491282,77.5,0,60,3.0,0,0.0
1.03,0.24995056064839283,77.5,0,60,3.0,0,0.0
1.035,0.24408826520424054,77.5,0,60,3.0,0,0.0
1.04,0.22911894216865275,77.5,0,60,3.0,0,0.0
1.045,0.20672661788705934,77.5,0,60,3.0,0,0.0
1.05,0.17928878030241233,77.5,0,60,3.0,0,0.0
1.055,0.14946211903866036,77.5,0,60,3.0,0,0.0
1.06,0.1197651512573837,77.5,0,60,3.0,0,0.0
1.065,0.09224675744988023,77.5,0,60,3.0,0,0.0
1.07,0.06829565320281596,77.5,0,60,3.0,0,0.0
1.075,0.04860224607515734,77.5,0,60,3.0,0,0.0
1.08,0.03324612389699793,77.5,0,60,3.0,0,0.0
1.085,0.021859876340472782,77.5,0,60,3.0,0,0.0
1.09,0.01381595518554205,77.5,0,60,3.0,0,0.0
1.095,0.008394095110402422,77.5,0,60,3.0,0,0.0
1.1,0.0049052535271608,77.5,0,60,3.0,0,0.0
1.105,0.0027671663551903634,77.5,0,60,3.0,0,0.0
1.11,0.0015425553464444616,77.5,0,60,3.0,0,0.0
1.115,0.0009638206637011801,77.5,0,60,3.0,0,0.0
1.12,0.0009804935156568228,77.5,0,60,3.0,0,0.0
1.125,0.0018793744894085216,77.5,0,60,3.0,0,0.0
1.13,0.004535525206900863,77.5,0,60,3.0,0,0.0
1.135,0.010832767979632273,77.5,0,60,3.0,0,0.0
1.14,0.024208003392322392,77.5,0,60,3.0,0,0.0
1.145,0.0500971897335304,77.5,0,60,3.0,0,0.0
1.15,0.09582894921774403,77.5,0,60,3.0,0,0.0
1.155,0.16937896721820658,77.5,0,60,3.0,0,0.0
1.16,0.27661303008991756,77.5,0,60,3.0,0,0.0
1.165,0.4173782800009149,77.5,0,60,3.0,0,0.0
1.17,0.5818720934538056,77.5,0,60,3.0,0,0.0
1.175,0.7494718801585675,77.5,0,60,3.0,0,0.0
1.18,0.891813020752378,77.5,0,60,3.0,0,0.0
1.185,0.9800361632936612,77.5,0,60,3.0,0,0.0
1.19,0.993574479225126,77.5000024899223,1,60,3.0,0,5.858640694147171e-08
1.195,0.9263438449375362,77.50000376594136,0,60,3.0,0,8.86103848910459e-08
1.2,0.7873015962290536,77.50000580655897,0,60,3.0,0,1.366249170373254e-07
1.205,0.5959516244629897,77.50000921610113,0,60,3.0,1,2.1684943844240265e-07
1.21,0.376910120078773,77.50001520125163,0,60,3.0,1,3.5767650889711684e-07
1.215,0.15739335672107918,77.50002621870189,0,60,3.0,1,6.169106327166339e-07
1.22,-0.033361226269301235,77.5000472946736,0,60,3.0,1,1.1128158495707526e-06
1.225,-0.1680180840843834,77.50008865159667,0,60,3.0,1,2.085919921642819e-06
1.23,-0.23069703190837854,77.50017080335597,0,60,3.0,1,4.018902493432024e-06
1.235,-0.22587267821131068,77.50033416889595,0,60,3.0,1,7.862797551685136e-06
1.24,-0.17718181630665902,77.50065668969144,0,60,3.0,1,1.5451522151512537e-05
1.245,-0.11494332516451301,77.50128514742521,0,60,3.0,1,3.023876294605543e-05
1.25,-0.061810214049552864,77.50248910111931,0,60,3.0,1,5.8567085160214394e-05
1.255,-0.026546104631500547,77.50475076687931,0,60,3.0,1,0.00011178275010145038
1.26,-0.00719600351942686,77.50890971075603,0,60,3.0,1,0.00020964025308303996
1.265,0.0022072757983807078,77.51638746319077,0,60,3.0,1,0.0003855873691945282
1.27,0.006917199873730717,77.52952295821818,0,60,3.0,1,0.0006946578404277742
1.275,0.01004859748264829,77.55205296713095,0,60,3.0,1,0.0012247756971987655
1.28,0.013037082251128167,77.58976923193298,0,60,3.0,1,0.0021122172219523853
1.285,0.01645163937690478,77.65137158913011,0,60,3.0,1,0.0035616844501201767
1.29,0.020526639934696615,77.74950933960535,0,60,3.0,1,0.005870807990714197
1.295,0.02539629541761738,77.90195754734947,0,60,3.0,1,0.009457824643516901
1.3,0.031171612185577933,78.13280954845649,0,60,3.0,1,0.014889636434270414
1.305,0.03795853426638131,78.47348539969117,0,60,3.0,1,0.022905538816262845
1.31,0.0458588961882057,78.96326918151414,0,60,3.0,1,0.03442986309445025
1.315,0.054966995891435555,79.64901532307513,0,60,3.0,1,0.050565066425297255
1.32,0.06536491004445595,80.58363230643764,0,60,3.0,1,0.07255605426912085
1.325,0.07711726085088699,81.82299164268099,0,60,3.0,1,0.10171745041602327
1.33,0.09026570629555215,83.42104740979093,0,60,3.0,1,0.139318762583316
1.335,0.10482339848670268,85.42319949161549,0,60,3.0,1,0.18642822333212922
1.34,0.12076968927580028,87.85828024175694,0,60,3.0,1,0.24372424098251633
1.345,0.13804539501007884,90.72994635140763,0,60,3.0,1,0.31129285532723844
1.35,0.15654895051787066,94.00864020707704,0,60,3.0,1,0.38843859310769496
1.355,0.17613378141900526,97.62555096793857,0,60,3.0,1,0.47354237571620156
1.36,0.19660720058055794,101.4700561076917,0,60,3.0,1,0.5640013201809813
1.365,0.21773108748496234,105.39188588857056,0,60,3.0,1,0.656279667966366
1.37,0.23922453870058807,109.20870606171526,0,60,3.0,1,0.7460872014521238
1.375,0.2607685857914563,112.7190103692385,0,60,3.0,1,0.828682596923259
1.38,0.2820129681603682,115.71928120045192,0,60,3.0,1,0.8992772047165157
1.385,0.30258482867153996,118.02349647615935,0,60,3.0,1,0.9534940347331612
1.39,0.3220990771751686,119.48243235510543,0,60,3.0,1,0.9878219377671866
1.395,0.3401700499968971,120.0,0,60,3.0,1,1.0
1.4,0.3564239911198326,119.54414514623332,0,60,3.0,1,0.989274003440784
1.405,0.3705118017738417,118.15060626577718,0,60,3.0,1,0.9564848533124044
1.41,0.3821214567925213,115.9189340023266,0,60,3.0,1,0.9039749177018022
1.415,0.39098947374066967,113.0014023537604,0,60,3.0,1,0.835327114206127
1.42,0.3969108472035567,109.58654217728734,0,60,3.0,1,0.7549774629949962
1.425,0.3997469255491936,105.87978274020551,0,60,3.0,1,0.6677595938871885
1.43,0.3994308076379137,102.08396338043309,0,60,3.0,1,0.5784461971866609
1.435,0.3959699661768434,98.38225280045256,0,60,3.0,1,0.49134712471653086
1.44,0.38944595408114946,94.92537560220612,0,60,3.0,1,0.41000883769896745
1.445,0.38001120995358023,91.82416132737285,0,60,3.0,1,0.3370390900558317
1.45,0.3678831374098315,89.14749954500232,0,60,3.0,1,0.27405881282358396
1.455,0.35333577933796634,86.92498677093954,0,60,3.0,1,0.2217643946103421
1.46,0.33668953221163944,85.15301231421464,0,60,3.0,1,0.18007087798152083
1.465,0.3182994390982644,83.802800714477,0,60,3.0,1,0.1483011932818118
1.47,0.29854265738230645,82.82898633651617,0,60,3.0,1,0.1253879138003804
1.475,0.2778057157821067,82.17756644157681,0,60,3.0,1,0.11006038686063094
1.48,0.2564721553719815,81.79246348760998,0,60,3.0,1,0.10099914088494068
1.485,0.23491109433464996,81.6203288855974,0,60,3.0,1,0.096948914955233
1.49,0.21346717185309805,81.61356473758555,0,60,3.0,1,0.09678975853142467
1.495,0.19245222055656455,81.73178486073043,0,60,3.0,1,0.09957140848777479
1.5,0.17213889801761392,81.9420707420853,0,60,3.0,1,0.1045193115784778
1.505,0.15275638501270183,82.21841509548847,0,60,3.0,1,0.11102153165855216
1.51,0.13448814019607322,82.54071215799348,0,60,3.0,1,0.11860499195278781
1.515,0.11747159495449566,82.89358016634176,0,60,3.0,1,0.1269077686198062
1.52,0.10179958433370105,83.26521429635454,0,60,3.0,1,0.13565210109069512
1.525,0.08752324394101413,83.64638683025535,0,60,3.0,1,0.14462086659424359
1.53,0.07465606047174059,84.02964611158836,0,60,3.0,1,0.15363873203737324
1.535,0.0631787448609295,84.40872047275327,0,60,3.0,1,0.16255812877066525
1.54,0.05304460019959574,84.77810639599608,0,60,3.0,1,0.1712495622587312
1.545,0.044185078305849994,85.13280774851903,0,60,3.0,1,0.17959547643574184
1.55,0.03651525513023255,85.46819036181611,0,60,3.0,1,0.18748683204273206
1.555,0.0299390014708757,85.77991932370172,0,60,3.0,1,0.1948216311459228
1.56,0.024353677220580638,86.06395196190566,0,60,3.0,1,0.20150475204483903
1.565,0.01965423034339045,86.31656557761202,0,60,3.0,1,0.20744860182616529
1.57,0.015736632374757337,86.53440443454016,0,60,3.0,1,0.21257422198918033
1.575,0.012500627640593535,86.71453489258448,0,60,3.0,1,0.21681258570787015
1.58,0.009851811652115898,86.85450086784542,0,60,3.0,1,0.22010590277283335
1.585,0.007703084175428559,86.95237417392687,0,60,3.0,1,0.22240880409239694
1.59,0.005975544002062424,87.0067959844984,0,60,3.0,1,0.2236893172823152
1.595,0.004598905818663047,87.01700687163441,0,60,3.0,1,0.22392957345022135
1.6,0.0035115256454839104,86.98286378900848,0,60,3.0,1,0.22312620680019946
1.605,0.002660121266303676,86.90484310169278,0,60,3.0,1,0.22129042592218298
1.61,0.0019992692560877024,86.78402938747664,0,60,3.0,1,0.21844775029356792
1.615,0.0014907520044639367,86.62209028632776,0,60,3.0,1,0.21463741850182969
1.62,0.0011028178277539807,86.42123816980182,0,60,3.0,1,0.20991148634827822
1.625,0.0008094059938923333,86.18417984182693,0,60,3.0,1,0.20433364333710427
1.63,0.0005893771793717645,85.91405586012334,0,60,3.0,1,0.1979777849440786
1.635,0.0004257792353490551,85.61437137477117,0,60,3.0,1,0.19092638528873335
1.64,0.0003051686392901525,85.28892060876314,0,60,3.0,1,0.18326872020619142
1.645,0.00021699992642659966,84.94170724870098,0,60,3.0,1,0.17509899408708185
1.65,0.00015308884054097838,84.57686306932412,0,60,3.0,1,0.16651442516056753
1.655,0.00010714989329311098,84.19856708424052,0,60,3.0,1,0.15761334315860054
1.66,7.440535854020571e-05,83.81096740174658,0,60,3.0,1,0.1484933506293313
1.665,5.1260276743925106e-05,83.41810777713161,0,60,3.0,1,0.13924959475603788
1.67,3.503659887882241e-05,83.02386060247123,0,60,3.0,1,0.1299731906463819
1.675,2.375894748103639e-05,82.63186777501524,0,60,3.0,1,0.12074983000035854
1.68,1.5984413869232557e-05,82.24549055077581,0,60,3.0,1,0.11165860119472501
1.685,1.0669166579899869e-05,81.86776913642002,0,60,3.0,1,0.10277103850400053
1.69,7.06526633560511e-06,81.50139241554777,0,60,3.0,1,0.09415040977759458
1.695,4.641847214699205e-06,81.14867785950845,0,60,3.0,1,0.08585124375314007
1.7,3.025641074479182e-06,80.81156135115772,0,60,3.0,1,0.07791909061547579
1.705,1.9566278676921314e-06,80.49159636340788,0,60,3.0,1,0.07039050266842069
1.71,1.2553456560008793e-06,80.18996169166836,0,60,3.0,1,0.0632932162745496
1.715,7.990660428214668e-07,79.90747674623394,0,60,3.0,1,0.05664651167609269
1.72,5.046221251618276e-07,79.64462327056756,0,60,3.0,1,0.05046172401335445
1.725,3.1616527078858815e-07,79.40157226481837,0,60,3.0,1,0.04474287681925576
1.73,1.9652884407760343e-07,79.17821485897923,0,60,3.0,1,0.03948740844657015
1.735,1.2120002189836396e-07,78.97419589290332,0,60,3.0,1,0.034686962185960575
1.74,7.415549848886236e-08,78.78894901536232,0,60,3.0,1,0.030328212126172236
1.745,4.501406988770349e-08,78.62173220460336,0,60,3.0,1,0.0263936989318438
1.75,0.0,78.4716627308444,0,60,3.0,1,0.022862652490456478
1.755,0.0,78.33775071891439,0,60,3.0,1,0.019711781621515122
1.76,0.0,78.21893061897777,0,60,3.0,1,0.016916014564182714
1.765,0.0,78.11409004761917,0,60,3.0,1,0.014449177591039334
1.77,0.0,78.02209561389758,0,60,3.0,1,0.012284602679942977
1.775,0.0,77.94181548966863,0,60,3.0,1,0.010395658580438293
1.78,0.0,77.87213861598158,0,60,3.0,1,0.008756202728978438
1.785,0.0,77.81199055431146,0,60,3.0,1,0.0073409542190932715
1.79,0.0,77.76034609057041,0,60,3.0,1,0.006125790366362547
1.795,0.0,77.7162387801301,0,60,3.0,1,0.0050879712971787765
1.8,0.0,77.67876768333062,0,60,3.0,1,0.00420629843130869
1.805,0.0,77.64710158383804,0,60,3.0,1,0.00346121373736557
1.81,0.0,77.62048100809753,0,60,3.0,1,0.0028348472493535956
1.815,0.0,77.59821837486274,0,60,3.0,1,0.0023110205850056286
1.82,0.0,77.57969660154583,0,60,3.0,1,0.001875214154019619
1.825,0.0,77.56436648127566,0,60,3.0,1,0.0015145054417801287
1.83,0.0,77.55174312345649,0,60,3.0,1,0.0012174852577997546
1.835,0.0,77.54140172358554,0,60,3.0,1,0.0009741582020126316
1.84,0.0,77.53297289723739,0,60,3.0,1,0.0007758328761737817
1.845,0.0,77.52613778034294,0,60,3.0,1,0.0006150065963043637
1.85,0.0,77.52062306478282,0,60,3.0,1,0.0004852485831252927
1.855,0.0,77.51619610618371,0,60,3.0,1,0.0003810848513814883
1.86,0.0,77.51266021065541,0,60,3.0,1,0.0002978873095390982
1.865,0.0,77.50985017975476,0,60,3.0,1,0.00023176893540621408
1.87,0.0,77.50762816866609,0,60,3.0,1,0.00017948632155500544
1.875,0.0,77.50587989168099,0,60,3.0,1,0.0001383503924938957
1.88,0.0,77.50451119158359,0,60,3.0,1,0.0001061456843197394
1.885,0.0,77.50344497539443,0,60,3.0,1,8.105824457482627e-05
1.89,0.0,77.50261850787646,0,60,3.0,1,6.161195003441582e-05
1.895,0.0,77.50198104596413,0,60,3.0,1,4.6612846214804236e-05
1.9,0.0,77.5014917914954,0,60,3.0,1,3.510097636228024e-05
1.905,0.0,77.50111813594486,0,60,3.0,1,2.63090810556284e-05
1.91,0.0,77.50083416890804,0,60,3.0,1,1.962750371864572e-05
1.915,0.0,77.5006194215277,0,60,3.0,1,1.4574624181223578e-05
1.92,0.0,77.50045781656114,0,60,3.0,1,1.0772154379711698e-05
1.925,0.0,77.50033679808233,0,60,3.0,1,7.924660760703345e-06
1.93,0.0,77.50024661564738,0,60,3.0,1,5.802721114926445e-06
1.935,0.0,77.50017973992418,0,60,3.0,1,4.229174686543047e-06
1.94,0.0,77.50013038912986,0,60,3.0,1,3.0679795262291437e-06
1.945,0.0,77.50009414800623,0,60,3.0,1,2.2152472053328573e-06
1.95,0.0,77.50006766339348,0,60,3.0,1,1.5920798465926697e-06
1.955,0.0,77.5000484026712,0,60,3.0,1,1.1388863811134798e-06
1.96,0.0,77.5000344633739,0,60,3.0,1,8.109029151375366e-07
1.965,0.0,77.50002442413327,0,60,3.0,1,5.74685488760117e-07
1.97,0.0,77.50001722873685,0,60,3.0,1,4.053820435621995e-07
1.975,0.0,77.50001209652484,0,60,3.0,1,2.8462411391421267e-07
1.98,0.0,77.50000845358089,0,60,3.0,1,1.9890778563582418e-07
1.985,0.0,77.50000588022185,0,60,3.0,1,1.383581611528772e-07
1.99,0.001684486749771458,77.50000407117355,0,60,3.0,1,9.579231880921083e-08
1.995,0.003097557930867117,77.5000028055527,0,60,3.0,1,6.601300463123206e-08
2.0,0.005475106668887023,77.50000192437696,0,60,3.0,1,4.527945788247641e-08
2.005,0.00930222931468658,77.5000013138167,0,60,3.0,1,3.09133340311639e-08
2.01,0.01519157517868857,77.50000089279615,0,60,3.0,1,2.1006968274698867e-08
2.015,0.023847336626128316,77.50000060386903,0,60,3.0,1,1.4208682962228468e-08
2.02,0.0359830743700859,77.50000040654264,0,60,3.0,1,9.565709165947149e-09
2.025,0.05218887796857759,77.50000027242211,0,60,3.0,1,6.4099320779325135e-09
2.03,0.0727577001223134,77.50000018169858,0,60,3.0,1,4.2752607415048475e-09
2.035,0.0974992498694751,77.50000012062397,0,60,3.0,1,2.8382109629841153e-09
2.04,0.12558706050443358,77.50000007970556,0,60,3.0,1,1.875424887283075e-09
2.045,0.15549263588878245,77.50000005242235,0,60,3.0,1,1.233467080109061e-09
2.05,0.1850529723539114,77.50000003431762,0,60,3.0,1,8.074734710937585e-10
2.055,0.21169159439317053,77.50000002236098,0,60,3.0,1,5.261406787373262e-10
2.06,0.23277292922115492,77.50000001450232,0,60,3.0,1,3.412310434214305e-10
2.065,0.24602692519491282,77.50000000936176,0,60,3.0,1,2.202766074119341e-10
2.07,0.24995056064839283,77.50000000601518,0,60,3.0,1,1.4153375987542164e-10
2.075,0.24408826520424054,77.50000000384694,0,60,3.0,1,9.05161227017422e-11
2.08,0.22911894216865275,77.5000000024488,0,60,3.0,1,5.761882996867986e-11
2.085,0.20672661788705934,77.50000000155154,0,60,3.0,1,3.650684983072364e-11
2.09,0.17928878030241233,77.50000000097847,0,60,3.0,1,2.3022922130835734e-11
2.095,0.14946211903866036,77.5000000006142,0,60,3.0,1,1.4451603312730133e-11
2.1,0.1197651512573837,77.50000000038374,0,60,3.0,1,9.02907552646117e-12
2.105,0.09224675744988023,77.50000000023864,0,60,3.0,1,5.615126664291465e-12
2.11,0.06829565320281596,77.50000000014771,0,60,3.0,1,3.4754735037602265e-12
2.115,0.04860224607515734,77.500000000091,0,60,3.0,1,2.1413250257918502e-12
2.12,0.03324612389699793,77.5000000000558,0,60,3.0,1,1.3130829756846652e-12
2.125,0.021859876340472782,77.50000000003406,0,60,3.0,1,8.01492205937393e-13
2.13,0.01381595518554205,77.50000000002069,0,60,3.0,1,4.868471638902145e-13
2.135,0.008394095110402422,77.50000000001252,0,60,3.0,1,2.945826589198345e-13
2.14,0.0049052535271608,77.50000000000753,0,60,3.0,1,1.7721771762487205e-13
2.145,0.0027671663551903634,77.5000000000045,0,60,3.0,1,1.0599625752280083e-13
2.15,0.0015425553464444616,77.50000000000269,0,60,3.0,1,6.319650685113362e-14
2.155,0.0009638206637011801,77.50000000000159,0,60,3.0,1,3.744978183770881e-14
2.16,0.0009804935156568228,77.50000000000094,0,60,3.0,1,2.2068621440078406e-14
2.165,0.0018793744894085216,77.50000000000055,0,60,3.0,1,1.3040549032773603e-14
2.17,0.004535525206900863,77.50000000000033,0,60,3.0,1,7.690580198815202e-15
2.175,0.010832767979632273,77.50000000000018,0,60,3.0,1,4.3468496775912015e-15
2.18,0.024208003392322392,77.50000000000011,0,60,3.0,1,2.6749844169792007e-15
2.185,0.0500971897335304,77.50000000000006,0,60,3.0,1,1.3374922084896003e-15
2.19,0.09582894921774403,77.50000000000004,0,60,3.0,1,1.0031191563672002e-15
2.195,0.16937896721820658,77.50000000000001,0,60,3.0,1,3.343730521224001e-16
2.2,0.27661303008991756,77.50000000000001,0,60,3.0,1,3.343730521224001e-16
2.205,0.4173782800009149,77.5,0,60,3.0,1,0.0
2.21,0.5818720934538056,77.5,0,60,3.0,1,0.0
2.215,0.7494718801585675,77.5,0,60,3.0,1,0.0
2.22,0.891813020752378,77.5,0,60,3.0,1,0.0
2.225,0.9800361632936612,77.5,0,60,3.0,1,0.0
2.23,0.993574479225126,77.50000248997046,1,60,3.0,1,5.8587540131745354e-08
2.235,0.9263438449375362,77.50000384762257,0,60,3.0,1,9.053229565752725e-08
2.24,0.7873015962290536,77.50000607642373,0,60,3.0,1,1.4297467600954406e-07
2.245,0.5959516244629897,77.5000099193542,0,60,3.0,1,2.3339656937584068e-07
2.25,0.376910120078773,77.50001691763335,0,60,3.0,1,3.9806196107693883e-07
2.255,0.15739335672107918,77.50003032958121,0,60,3.0,1,7.13637204880262e-07
2.26,-0.033361226269301235,77.50005706326723,0,60,3.0,1,1.3426651114112996e-06
2.265,-0.1680180840843834,77.50011163602987,0,60,3.0,1,2.6267301146109436e-06
2.27,-0.23069703190837854,77.50022405397121,0,60,3.0,1,5.271858146095516e-06
2.275,-0.22587267821131068,77.50045501243203,0,60,3.0,1,1.0706174871235335e-05
2.28,-0.17718181630665902,77.50092427728828,0,60,3.0,1,2.17477009006389e-05
2.285,-0.11494332516451301,77.50186190043328,0,60,3.0,1,4.3809421959608964e-05
2.29,-0.061810214049552864,77.5036974124983,0,60,3.0,1,8.699794113641367e-05
2.295,-0.026546104631500547,77.50720948330502,0,60,3.0,1,0.00016963490129455748
2.3,-0.00719600351942686,77.51376740494521,0,60,3.0,1,0.00032393893988736473
2.305,0.0022072757983807078,77.52570486126365,0,60,3.0,1,0.0006048202650270147
2.31,0.006917199873730717,77.54687310100944,0,60,3.0,1,0.0011028964943397355
2.315,0.01004859748264829,77.58342030040448,0,60,3.0,1,0.0019628305977525597
2.32,0.013037082251128167,77.64483019563318,0,60,3.0,1,0.0034077693090159085
2.325,0.01645163937690478,77.74521845683252,0,60,3.0,1,0.00576984604311807
2.33,0.020526639934696615,77.90482292278939,0,60,3.0,1,0.009525245242103358
2.335,0.02539629541761738,78.15153067952627,0,60,3.0,1,0.015330133635912341
2.34,0.031171612185577933,78.52216589770399,0,60,3.0,1,0.024050962298917296
2.345,0.03795853426638131,79.06313417566034,0,60,3.0,1,0.03677962766259618
2.35,0.0458588961882057,79.82991303787692,0,60,3.0,1,0.05482148324416284
2.355,0.054966995891435555,80.88483816617295,0,60,3.0,1,0.0796432509687754
2.36,0.06536491004445595,82.29271025083777,0,60,3.0,1,0.11276965296088874
2.365,0.07711726085088699,84.1139790420912,0,60,3.0,1,0.15562303628449886
2.37,0.09026570629555215,86.39566362124735,0,60,3.0,1,0.20930973226464356
2.375,0.10482339848670268,89.16071083043977,0,60,3.0,1,0.2743696665985828
2.38,0.12076968927580028,92.39709175659418,0,60,3.0,1,0.3505198060375101
2.385,0.13804539501007884,96.04845287733258,0,60,3.0,1,0.43643418534900186
2.39,0.15654895051787066,100.00841066564702,0,60,3.0,1,0.5296096627211063
2.395,0.17613378141900526,104.12045778604747,0,60,3.0,1,0.6263637126128816
2.4,0.19660720058055794,108.18485302700304,0,60,3.0,1,0.7219965418118364
2.405,0.21773108748496234,111.9728233716453,0,60,3.0,1,0.811125255803419
2.41,0.23922453870058807,115.2470723582789,0,60,3.0,2,0.8881664084300918
2.415,0.2607685857914563,117.78623296545425,0,60,3.0,2,0.9479113638930411
2.42,0.2820129681603682,119.40984825503094,0,60,3.0,2,0.9861140765889632
2.425,0.30258482867153996,120.0,0,60,3.0,2,1.0
2.43,0.3220990771751686,119.5160061135284,0,60,3.0,2,0.9886119085536096
2.435,0.3401700499968971,117.99966259133913,0,60,3.0,2,0.9529332374432736
2.44,0.3564239911198326,115.57011308967998,0,60,3.0,2,0.8957673668159994
2.445,0.3705118017738417,112.40924080138602,0,60,3.0,2,0.8213939012090828
2.45,0.3821214567925213,108.74008947923315,0,60,3.0,2,0.7350609289231329
2.455,0.39098947374066967,104.80188363205593,0,60,3.0,2,0.6423972619307279
2.46,0.3969108472035567,100.82552814904717,0,60,3.0,2,0.5488359564481687
2.465,0.3997469255491936,97.0130132410624,0,60,3.0,2,0.45912972331911517
2.47,0.3994308076379137,93.5231013335713,0,60,3.0,2,0.37701414902520713
2.475,0.3959699661768434,90.4643185404905,0,60,3.0,2,0.30504278918801164
2.48,0.38944595408114946,87.89493732644314,0,60,3.0,2,0.24458676062219156
2.485,0.38001120995358023,85.82858881956196,0,60,3.0,2,0.19596679575439901
2.49,0.3678831374098315,84.24354173369385,0,60,3.0,2,0.15867157020456107
2.495,0.35333577933796634,83.09355905991723,0,60,3.0,2,0.13161315435099355
2.5,0.33668953221163944,82.31851219968635,0,60,3.0,2,0.11337675763967889
2.505,0.3182994390982644,81.8534471763782,0,60,3.0,2,0.10243405120889874
2.51,0.29854265738230645,81.63539558810754,0,60,3.0,2,0.0973034256025304
2.515,0.2778057157821067,81.60776725230997,0,60,3.0,2,0.09665334711317575
2.52,0.2564721553719815,81.7225659161887,0,60,3.0,2,0.09935449214561645
2.525,0.23491109433464996,81.94090307100727,0,60,3.0,2,0.10449183696487693
2.53,0.21346717185309805,82.23236173414895,0,60,3.0,2,0.1113496878623283
2.535,0.19245222055656455,82.5737228448738,0,60,3.0,2,0.11938171399703057
2.54,0.17213889801761392,82.94746101237237,0,60,3.0,2,0.1281755532322911
2.545,0.15275638501270183,83.34028784104275,0,60,3.0,2,0.13741853743630003
2.55,0.13448814019607322,83.74190129408117,0,60,3.0,2,0.14686826574308645
2.555,0.11747159495449566,84.14400555542274,0,60,3.0,2,0.156329542480535
2.56,0.10179958433370105,84.53960260488017,0,60,3.0,2,0.1656377083501217
2.565,0.08752324394101413,84.9225212845037,0,60,3.0,2,0.17464755963538123
2.57,0.07465606047174059,85.28713521594845,0,60,3.0,2,0.18322671096349302
2.575,0.0631787448609295,85.62822001971128,0,60,3.0,2,0.19125223575791245
2.58,0.05304460019959574,85.94090650370732,0,60,3.0,2,0.19860956479311354
2.585,0.044185078305849994,86.22069530027292,0,60,3.0,2,0.20519283059465698
2.59,0.03651525513023255,86.46350713588414,0,60,3.0,2,0.2109060502560975
2.595,0.0299390014708757,86.66575024332924,0,60,3.0,2,0.21566471160774686
2.6,0.024353677220580638,86.82439202975053,0,60,3.0,2,0.2193974595235418
2.605,0.01965423034339045,86.93702615390892,0,60,3.0,2,0.22204767420962157
2.61,0.015736632374757337,87.00192899594394,0,60,3.0,2,0.22357479990456333
2.615,0.012500627640593535,87.0181014934289,0,60,3.0,2,0.22395532925715061
2.62,0.009851811652115898,86.98529377288109,0,60,3.0,2,0.22318338289131984
2.625,0.007703084175428559,86.90401114067697,0,60,3.0,2,0.2212708503688699
2.63,0.005975544002062424,86.77550094420542,0,60,3.0,2,0.2182470810401275
2.635,0.004598905818663047,86.60172064316458,0,60,3.0,2,0.21415813278034312
2.64,0.0035115256454839104,86.38528817010885,0,60,3.0,2,0.2090656040025612
2.645,0.002660121266303676,86.12941631144672,0,60,3.0,2,0.20304508968109924
2.65,0.0019992692560877024,85.8378333951069,0,60,3.0,2,0.19618431517898585
2.655,0.0014907520044639367,85.5146930147361,0,60,3.0,2,0.18858101211143755
2.66,0.0011028178277539807,85.16447583928647,0,60,3.0,2,0.180340607983211
2.665,0.0008094059938923333,84.79188674208152,0,60,3.0,2,0.17157380569603567
2.67,0.0005893771793717645,84.40175053163802,0,60,3.0,2,0.1623941301561886
2.675,0.0004257792353490551,83.99890948084484,0,60,3.0,2,0.15291551719634927
2.68,0.0003051686392901525,83.58812564108673,0,60,3.0,2,0.14325001508439372
2.685,0.00021699992642659966,83.17399060876907,0,60,3.0,2,0.13350566138280173
2.69,0.00015308884054097838,82.76084500333593,0,60,3.0,2,0.1237845883137866
2.695,0.00010714989329311098,82.35270944151372,0,60,3.0,2,0.11418139862385233
2.7,7.440535854020571e-05,81.95322827731624,0,60,3.0,2,0.1047818418192057
2.705,5.1260276743925106e-05,81.5656268469004,0,60,3.0,2,0.09566180816236236
2.71,3.503659887882241e-05,81.19268243627361,0,60,3.0,2,0.08688664555937915
2.715,2.375894748103639e-05,80.83670870048552,0,60,3.0,2,0.07851079295260038
2.72,1.5984413869232557e-05,80.49955282436576,0,60,3.0,2,0.07057771351448858
2.725,1.0669166579899869e-05,80.18260434212327,0,60,3.0,2,0.06312010216760634
2.73,7.06526633560511e-06,79.88681423671093,0,60,3.0,2,0.05616033498143371
2.735,4.641847214699205e-06,79.61272272561617,0,60,3.0,2,0.049711122955674494
2.74,3.025641074479182e-06,79.3604940089418,0,60,3.0,2,0.043776329622159986
2.745,1.9566278676921314e-06,79.12995620540356,0,60,3.0,2,0.03835191071537786
2.75,1.2553456560008793e-06,78.92064472570667,0,60,3.0,2,0.03342693472250978
2.755,7.990660428214668e-07,78.73184742133546,0,60,3.0,2,0.028984645207893154
2.76,5.046221251618276e-07,78.56264998870968,0,60,3.0,2,0.025003529146110114
2.765,3.1616527078858815e-07,78.41198029133812,0,60,3.0,2,0.021458359796191175
2.77,1.9652884407760343e-07,78.27865047304697,0,60,3.0,2,0.018321187601105078
2.775,1.2120002189836396e-07,78.16139596092438,0,60,3.0,2,0.015562257904103075
2.78,7.415549848886236e-08,78.05891068560801,0,60,3.0,2,0.013150839661364992
2.785,4.501406988770349e-08,77.96987806868721,0,60,3.0,2,0.011055954557346079
2.79,0.0,77.89299753381259,0,60,3.0,2,0.009247000795590352
2.795,0.0,77.8270064830745,0,60,3.0,2,0.007694270189988201
2.8,0.0,77.77069783881038,0,60,3.0,2,0.00636936091318536
2.805,0.0,77.72293338065182,0,60,3.0,2,0.005245491309454685
2.81,0.0,77.6826532075086,0,60,3.0,2,0.004297722529613967
2.815,0.0,77.64888172502401,0,60,3.0,2,0.0035030994123296886
2.82,0.0,77.62073060277085,0,60,3.0,2,0.0028407200651964317
2.825,0.0,77.59739916496626,0,60,3.0,2,0.002291745058029699
2.83,0.0,77.57817267726432,0,60,3.0,2,0.0018393571121016388
2.835,0.0,77.56241897406092,0,60,3.0,2,0.0014686817426098407
2.84,0.0,77.54958383962341,0,60,3.0,2,0.0011666785793743337
2.845,0.0,77.53918551600158,0,60,3.0,2,0.0009220121412136665
2.85,0.0,77.53080866455502,0,60,3.0,2,0.000724909754235876
2.855,0.0,77.52409805909379,0,60,3.0,2,0.0005670131551479538
2.86,0.0,77.51875223963577,0,60,3.0,2,0.0004412291679005541
2.865,0.0,77.51451730867906,0,60,3.0,2,0.0003415837336249564
2.87,0.0,77.51118100820227,0,60,3.0,2,0.00026308254593579797
2.875,0.0,77.50856717638953,0,60,3.0,2,0.000201580620930198
2.88,0.0,77.506530648948,0,60,3.0,2,0.0001536623281882545
2.885,0.0,77.50495264109921,0,60,3.0,2,0.00011653273174608651
2.89,0.0,77.50373662283334,0,60,3.0,2,8.792053725515228e-05
2.895,0.0,77.50280468154695,0,60,3.0,2,6.599250698701219e-05
2.9,0.0,77.50209435230339,0,60,3.0,2,4.927887772677262e-05
2.905,0.0,77.50155588612591,0,60,3.0,2,3.660908531561718e-05
2.91,0.0,77.50114992036497,0,60,3.0,2,2.705694976391308e-05
2.915,0.0,77.50084551167804,0,60,3.0,2,1.989439242439563e-05
2.92,0.0,77.50061849094135,0,60,3.0,2,1.4552728031744396e-05
2.925,0.0,77.50045009994905,0,60,3.0,2,1.0590587036444156e-05
2.93,0.0,77.5003258715694,0,60,3.0,2,7.667566338862825e-06
2.935,0.0,77.50023471771487,0,60,3.0,2,5.522769761763116e-06
2.94,0.0,77.50016819270388,0,60,3.0,2,3.95747538545145e-06
2.945,0.0,77.50011990307587,0,60,3.0,2,2.8212488439962992e-06
2.95,0.0,77.50008503845943,0,60,3.0,2,2.0009049278007082e-06
2.955,0.0,77.5000600015309,0,60,3.0,2,1.4118007270018793e-06
2.96,0.0,77.50004211833227,0,60,3.0,2,9.910195829246839e-07
2.965,0.0,77.50002941317382,0,60,3.0,2,6.920746781200732e-07
2.97,0.0,77.50002043499333,0,60,3.0,2,4.80823372500334e-07
2.975,0.0,77.50001412436717,0,60,3.0,2,3.3233805103972213e-07
2.98,0.001684486749771458,77.50000971237372,0,60,3.0,2,2.2852644058409221e-07
2.985,0.003097557930867117,77.50000664421472,0,60,3.0,2,1.5633446403572795e-07
2.99,0.005475106668887023,77.50000452192985,0,60,3.0,2,1.0639834947730432e-07
2.995,0.00930222931468658,77.50000306172282,0,60,3.0,2,7.204053698681973e-08
3.0,0.01519157517868857,77.50000206238532,0,60,3.0,2,4.8526713418836795e-08
3.005,0.023847336626128316,77.5000013820878,0,60,3.0,2,3.2519712998263834e-08
3.01,0.0359830743700859,77.50000092143212,0,60,3.0,2,2.1680755721450518e-08
3.015,0.05218887796857759,77.50000061115722,0,60,3.0,2,1.4380169860113015e-08
3.02,0.0727577001223134,77.50000040327791,0,60,3.0,2,9.48889197281781e-09
3.025,0.0974992498694751,77.50000026473893,0,60,3.0,2,6.229151281064225e-09
3.03,0.12558706050443358,77.50000017289923,0,60,3.0,2,4.068217282003709e-09
3.035,0.15549263588878245,77.50000011233891,0,60,3.0,2,2.643268464239287e-09
3.04,0.1850529723539114,77.50000007261549,0,60,3.0,2,1.7085998184912194e-09
3.045,0.21169159439317053,77.50000004669712,0,60,3.0,2,1.0987558679891449e-09
3.05,0.23277292922115492,77.50000002987535,0,60,3.0,2,7.029494581194526e-10
3.055,0.24602692519491282,77.50000001901506,0,60,3.0,2,4.474132123612114e-10
3.06,0.24995056064839283,77.50000001204049,0,60,3.0,2,2.833055933639544e-10
3.065,0.24408826520424054,77.50000000758494,0,60,3.0,2,1.7846927595896618e-10
3.07,0.22911894216865275,77.5000000047536,0,60,3.0,2,1.1184945780020345e-10
3.075,0.20672661788705934,77.50000000296384,0,60,3.0,2,6.9737512496752e-11
3.08,0.17928878030241233,77.50000000183844,0,60,3.0,2,4.325750738002278e-11
3.085,0.14946211903866036,77.5000000011345,0,60,3.0,2,2.6694003870087567e-11
3.09,0.1197651512573837,77.5000000006965,0,60,3.0,2,1.6388292030623073e-11
3.095,0.09224675744988023,77.5000000004254,0,60,3.0,2,1.0009457315284047e-11
3.1,0.06829565320281596,77.5000000002585,0,60,3.0,2,6.0822458181064576e-12
3.105,0.04860224607515734,77.50000000015626,0,60,3.0,2,3.676766081137912e-12
3.11,0.03324612389699793,77.50000000009398,0,60,3.0,2,2.2112089936854317e-12
3.115,0.021859876340472782,77.50000000005623,0,60,3.0,2,1.3231141672483372e-12
3.12,0.01381595518554205,77.50000000003347,0,60,3.0,2,7.874485377482522e-13
3.125,0.008394095110402422,77.50000000001982,0,60,3.0,2,4.664504077107481e-13
3.13,0.0049052535271608,77.50000000001168,0,60,3.0,2,2.7485464884461285e-13
3.135,0.0027671663551903634,77.50000000000685,0,60,3.0,2,1.6116781112299685e-13
3.14,0.0015425553464444616,77.500000000004,0,60,3.0,2,9.395882764639442e-14
3.145,0.0009638206637011801,77.50000000000232,0,60,3.0,2,5.4502807495951216e-14
3.15,0.0009804935156568228,77.50000000000134,0,60,3.0,2,3.143106689950561e-14
3.155,0.0018793744894085216,77.50000000000077,0,60,3.0,2,1.8056144814609604e-14
3.16,0.004535525206900863,77.50000000000044,0,60,3.0,2,1.0365564615794402e-14
3.165,0.010832767979632273,77.50000000000024,0,60,3.0,2,5.684341886080802e-15
3.17,0.024208003392322392,77.50000000000014,0,60,3.0,2,3.343730521224001e-15
3.175,0.0500971897335304,77.50000000000009,0,60,3.0,2,2.0062383127344005e-15
3.18,0.09582894921774403,77.50000000000004,0,60,3.0,2,1.0031191563672002e-15
3.185,0.16937896721820658,77.50000000000003,0,60,3.0,2,6.687461042448002e-16
3.19,0.27661303008991756,77.50000000000001,0,60,3.0,2,3.343730521224001e-16
3.195,0.4173782800009149,77.5,0,60,3.0,2,0.0
3.2,0.5818720934538056,77.5,0,60,3.0,2,0.0
3.205,0.7494718801585675,77.5,0,60,3.0,2,0.0
3.21,0.891813020752378,77.5,0,60,3.0,2,0.0
3.215,0.9800361632936612,77.5,0,60,3.0,2,0.0
3.22,0.993574479225126,77.5000024908388,1,60,3.0,2,5.860797166272224e-08
3.225,0.9263438449375362,77.50000366812488,0,60,3.0,2,8.63088206080968e-08
3.23,0.7873015962290536,77.50000549097186,0,60,3.0,2,1.291993378478818e-07
3.235,0.5959516244629897,77.5000084218585,0,60,3.0,2,1.9816137637462815e-07
3.24,0.376910120078773,77.50001334141479,0,60,3.0,2,3.139156420087709e-07
3.245,0.15739335672107918,77.50002195958929,0,60,3.0,2,5.166962185900475e-07
3.25,-0.033361226269301235,77.5000376201108,0,60,3.0,2,8.851790777070539e-07
3.255,-0.1680180840843834,77.5000668437682,0,60,3.0,2,1.572794545769712e-06
3.26,-0.23069703190837854,77.50012222433008,0,60,3.0,2,2.8758665902226795e-06
3.265,-0.22587267821131068,77.50022773484999,0,60,3.0,2,5.35846705849294e-06
3.27,-0.17718181630665902,77.50042820966814,0,60,3.0,2,1.0075521603379029e-05
3.275,-0.11494332516451301,77.50080585026153,0,60,3.0,2,1.8961182624199116e-05
3.28,-0.061810214049552864,77.5015081870855,0,60,3.0,2,3.548675495307287e-05
3.285,-0.026546104631500547,77.5027941300078,0,60,3.0,2,6.574423547764288e-05
3.29,-0.00719600351942686,77.50510761393916,0,60,3.0,2,0.00012017915150964012
3.295,0.0022072757983807078,77.50919181590312,0,60,3.0,2,0.00021627802124993758
3.3,0.006917199873730717,77.51626066526326,0,60,3.0,2,0.000382603888547304
3.305,0.01004859748264829,77.52824770120434,0,60,3.0,2,0.0006646517930431963
3.31,0.013037082251128167,77.5481540719926,0,60,3.0,2,0.0011330369880611483
3.315,0.01645163937690478,77.58051588469712,0,60,3.0,2,0.0018944914046381415
3.32,0.020526639934696615,77.63200397185888,0,60,3.0,2,0.003105975808444207
3.325,0.02539629541761738,77.71215398352277,0,60,3.0,2,0.004991858435829834
3.33,0.031171612185577933,77.83419939232338,0,60,3.0,2,0.007863515113491397
3.335,0.03795853426638131,78.01594352063437,0,60,3.0,2,0.012139847544338021
3.34,0.0458588961882057,78.2805602815603,0,60,3.0,2,0.018366124272007015
3.345,0.054966995891435555,78.65716148920986,0,60,3.0,2,0.027227329157878944
3.35,0.06536491004445595,79.18091992194073,0,60,3.0,2,0.03955105698684065
3.355,0.07711726085088699,79.89250446156316,0,60,3.0,2,0.056294222625015614
3.36,0.09026570629555215,80.83658208215292,0,60,3.0,2,0.07850781369771566
3.365,0.10482339848670268,82.0591868881165,0,60,3.0,2,0.10727498560274118
3.37,0.12076968927580028,83.60386054339848,0,60,3.0,2,0.1436202480799643
3.375,0.13804539501007884,85.50663422436898,0,60,3.0,2,0.18839139351456424
3.38,0.15654895051787066,87.79013925058237,0,60,3.0,2,0.2421209235431146
3.385,0.17613378141900526,90.45737537188353,0,60,3.0,2,0.3048794205149066
3.39,0.19660720058055794,93.48589064971728,0,60,3.0,2,0.37613860352275946
3.395,0.21773108748496234,96.82328330634587,0,60,3.0,2,0.45466548956107933
3.4,0.23922453870058807,100.38497188885049,0,60,3.0,2,0.5384699267964821
3.405,0.2607685857914563,104.05505613051314,0,60,3.0,2,0.6248248501297209
3.41,0.2820129681603682,107.69079294921633,0,60,3.0,2,0.7103715988050902
3.415,0.30258482867153996,111.13076102674188,0,60,3.0,2,0.7913120241586324
3.42,0.3220990771751686,114.2062418234554,0,60,3.0,2,0.8636762781989505
3.425,0.3401700499968971,116.75479406658225,0,60,3.0,2,0.923642213331347
3.43,0.3564239911198326,118.63454724373403,0,60,3.0,2,0.9678716998525655
3.435,0.3705118017738417,119.7374850921789,0,60,3.0,2,0.9938231786395035
3.44,0.3821214567925213,120.0,0,60,3.0,2,1.0
3.445,0.39098947374066967,119.409292604006,0,60,3.0,2,0.9861010024472
3.45,0.3969108472035567,118.00473005579605,0,60,3.0,2,0.9530524719010834
3.455,0.3997469255491936,115.87397236130147,0,60,3.0,2,0.9029169967365052
3.46,0.3994308076379137,113.14440615684164,0,60,3.0,2,0.8386919095727444
3.465,0.3959699661768434,109.97105916424273,0,60,3.0,2,0.7640249215115937
3.47,0.38944595408114946,106.52259704202132,0,60,3.0,2,0.6828846362828546
3.475,0.38001120995358023,102.96716174742646,0,60,3.0,2,0.5992273352335638
3.48,0.3678831374098315,99.45968681764761,0,60,3.0,2,0.5166985133564143
3.485,0.35333577933796634,96.13196437784637,0,60,3.0,2,0.4383991618316794
3.49,0.33668953221163944,93.08622602380565,0,60,3.0,2,0.36673472997189765
3.495,0.3182994390982644,90.39243896155371,0,60,3.0,2,0.30335150497773433
3.5,0.29854265738230645,88.08900956737223,0,60,3.0,2,0.24915316629111128
3.505,0.2778057157821067,86.18620469959603,0,60,3.0,2,0.2043812870493184
3.51,0.2564721553719815,84.6713871689009,0,60,3.0,2,0.16873852162119782
3.515,0.23491109433464996,83.51511893043339,0,60,3.0,2,0.14153221012784442
3.52,0.21346717185309805,82.67728595152977,0,60,3.0,2,0.12181849297717101
3.525,0.19245222055656455,82.11259513588766,0,60,3.0,2,0.10853165025618021
3.53,0.17213889801761392,81.77503288625319,0,60,3.0,2,0.10058900908831026
3.535,0.15275638501270183,81.62110908313296,0,60,3.0,2,0.09696727254430504
3.54,0.13448814019607322,81.61190478695694,0,60,3.0,2,0.09675070086957509
3.545,0.11747159495449566,81.71407830235027,0,60,3.0,2,0.09915478358471232
3.55,0.10179958433370105,81.90005890419866,0,60,3.0,2,0.10353079774585079
3.555,0.08752324394101413,82.14767833139278,0,60,3.0,2,0.10935713720924194
3.56,0.07465606047174059,82.43947132648893,0,60,3.0,2,0.11622285474091594
3.565,0.0631787448609295,82.76183405545112,0,60,3.0,2,0.1238078601282616
3.57,0.05304460019959574,83.10417754395752,0,60,3.0,2,0.13186300103429457
3.575,0.044185078305849994,83.4581630663801,0,60,3.0,2,0.1401920721501199
3.58,0.03651525513023255,83.81706428392705,0,60,3.0,2,0.14863680668063653
3.585,0.0299390014708757,84.17526965309447,0,60,3.0,2,0.1570651683081053
3.59,0.024353677220580638,84.52791822846298,0,60,3.0,2,0.16536278184618775
3.595,0.01965423034339045,84.87065079816593,0,60,3.0,2,0.17342707760390413
3.6,0.015736632374757337,85.19945393924172,0,60,3.0,2,0.1811636220998052
3.605,0.012500627640593535,85.51057467387025,0,60,3.0,2,0.1884841099734177
3.61,0.009851811652115898,85.80048594531995,0,60,3.0,2,0.19530555165458702
3.615,0.007703084175428559,86.06588665810443,0,60,3.0,3,0.20155027430833958
3.62,0.005975544002062424,86.30372361772783,0,60,3.0,3,0.20714643806418415
3.625,0.004598905818663047,86.51122587225785,0,60,3.0,3,0.21202884405312594
3.63,0.0035115256454839104,86.68594451614715,0,60,3.0,3,0.21613987096816814
3.635,0.002660121266303676,86.82579296637792,0,60,3.0,3,0.21943042273830396
3.64,0.0019992692560877024,86.92908415427522,0,60,3.0,3,0.2218608036300051
3.645,0.0014907520044639367,86.9945621152088,0,60,3.0,3,0.22340146153432455
3.65,0.0011028178277539807,87.02142621911678,0,60,3.0,3,0.22403355809686532
3.655,0.0008094059938923333,87.00934686155587,0,60,3.0,3,0.22374933791896162
3.66,0.0005893771793717645,86.958471895918,0,60,3.0,3,0.22255227990395282
3.665,0.0004257792353490551,86.86942347692224,0,60,3.0,3,0.22045702298640557
3.67,0.0003051686392901525,86.7432853290985,0,60,3.0,3,0.2174890665670235
3.675,0.00021699992642659966,86.581580763938,0,60,3.0,3,0.21368425326912957
3.68,0.00015308884054097838,86.38624204917764,0,60,3.0,3,0.20908804821594446
3.685,0.00010714989329311098,86.15957198171357,0,60,3.0,3,0.20375463486384868
3.69,7.440535854020571e-05,85.90419872784663,0,60,3.0,3,0.1977458524199208
3.695,5.1260276743925106e-05,85.62302516625044,0,60,3.0,3,0.19113000391177512
3.7,3.503659887882241e-05,85.3191740960475,0,60,3.0,3,0.18398056696582363
3.705,2.375894748103639e-05,84.99593075176625,0,60,3.0,3,0.17637484121802946
3.71,1.5984413869232557e-05,84.65668409747613,0,60,3.0,3,0.16839256699943836
3.715,1.0669166579899869e-05,84.30486835463736,0,60,3.0,3,0.16011454952087914
3.72,7.06526633560511e-06,83.94390615456778,0,60,3.0,3,0.15162132128394787
3.725,4.641847214699205e-06,83.57715460103424,0,60,3.0,3,0.14299187296551147
3.73,3.025641074479182e-06,83.2078553869129,0,60,3.0,3,0.13430247969206816
3.735,1.9566278676921314e-06,82.83908993789902,0,60,3.0,3,0.12562564559762396
3.74,1.2553456560008793e-06,82.47374036348167,0,60,3.0,3,0.11702918502309806
3.745,7.990660428214668e-07,82.11445678889177,0,60,3.0,3,0.10857545385627698
3.75,5.046221251618276e-07,81.76363142962757,0,60,3.0,3,0.1003207395206486
3.755,3.1616527078858815e-07,81.42337956032934,0,60,3.0,3,0.0923148131842197
3.76,1.9652884407760343e-07,81.09552732949267,0,60,3.0,3,0.08460064304688632
3.765,1.2120002189836396e-07,80.78160618717781,0,60,3.0,3,0.07721426322771328
3.77,7.415549848886236e-08,80.48285352981179,0,60,3.0,3,0.07018478893674802
3.775,4.501406988770349e-08,80.20021902847142,0,60,3.0,3,0.06353456537579819
3.78,0.0,79.9343759974502,0,60,3.0,3,0.05727943523412243
3.785,0.0,79.68573707989201,0,60,3.0,3,0.051429107762164875
3.79,0.0,79.45447347698969,0,60,3.0,3,0.04598761122328684
3.795,0.0,79.24053692569736,0,60,3.0,3,0.04095381001640837
3.8,0.0,79.043683635073,0,60,3.0,3,0.036321967884070466
3.805,0.0,78.8634994204027,0,60,3.0,3,0.03208233930359303
3.81,0.0,78.69942532367737,0,60,3.0,3,0.028221772321820576
3.815,0.0,78.55078307489838,0,60,3.0,3,0.02472430764466768
3.82,0.0,78.41679982697568,0,60,3.0,3,0.021571760634721802
3.825,0.0,78.29663168353106,0,60,3.0,3,0.018744274906613193
3.83,0.0,78.189385629777,0,60,3.0,3,0.01622083834769395
3.835,0.0,78.0941395681629,0,60,3.0,3,0.013979754545009455
3.84,0.0,78.0099602494468,0,60,3.0,3,0.01199906469286602
3.845,0.0,77.93591897354582,0,60,3.0,3,0.010256917024607634
3.85,0.0,77.87110501078826,0,60,3.0,3,0.008731882606782485
3.855,0.0,77.81463676144132,0,60,3.0,3,0.007403217916266372
3.86,0.0,77.7656707285976,0,60,3.0,3,0.006251075967002313
3.865,0.0,77.72340842616107,0,60,3.0,3,0.005256668850848749
3.87,0.0,77.68710137975062,0,60,3.0,3,0.0044023854058968265
3.875,0.0,77.65605440419846,0,60,3.0,3,0.003671868334081343
3.88,0.0,77.62962735766325,0,60,3.0,3,0.0030500554744294812
3.885,0.0,77.60723558014199,0,60,3.0,3,0.0025231901209879734
3.89,0.0,77.58834922446864,0,60,3.0,3,0.0020788052816151457
3.895,0.0,77.57249168194147,0,60,3.0,3,0.0017056866339169787
3.9,0.0,77.55923729376767,0,60,3.0,3,0.0013938186768862526
3.905,0.0,77.54820852477593,0,60,3.0,3,0.001134318230021884
3.91,0.0,77.53907275847148,0,60,3.0,3,0.000919359022858276
3.915,0.0,77.53153885354189,0,60,3.0,3,0.0007420906715738591
3.92,0.0,77.5253535822815,0,60,3.0,3,0.0005965548772116884
3.925,0.0,77.5202980518625,0,60,3.0,3,0.0004776012202940445
3.93,0.0,77.51618419056943,0,60,3.0,3,0.00038080448398666113
3.935,0.0,77.51285136351223,0,60,3.0,3,0.0003023850238170834
3.94,0.0,77.51016316628683,0,60,3.0,3,0.00023913332439600012
3.945,0.0,77.50800443078224,0,60,3.0,3,0.00018833954781732299
3.95,0.0,77.5062784649509,0,60,3.0,3,0.00014772858707989573
3.955,0.0,77.50490453788566,0,60,3.0,3,0.00011540089142740459
3.96,0.0,77.50381561293018,0,60,3.0,3,8.977912776900025e-05
3.965,0.0,77.50295632467856,0,60,3.0,3,6.956058067209918e-05
3.97,0.0,77.5022811904481,0,60,3.0,3,5.367506936709908e-05
3.975,0.0,77.50175304295912,0,60,3.0,3,4.1248069626429726e-05
3.98,0.0,77.5013416683409,0,60,3.0,3,3.156866684468482e-05
3.985,0.0,77.50102263201252,0,60,3.0,3,2.4061929706383177e-05
3.99,0.0,77.50077627427513,0,60,3.0,3,1.8265277061773838e-05
3.995,0.0,77.50058685742496,0,60,3.0,3,1.3808409999134763e-05
4.0,0.0,77.5004418466959,0,60,3.0,3,1.0396392844861967e-05
4.005,0.0,77.50033130822558,0,60,3.0,3,7.79548766077449e-06
4.01,0.0,77.50024740839049,0,60,3.0,3,5.821373893949759e-06
4.015,0.0,77.50018400017169,0,60,3.0,3,4.329415804370322e-06
4.02,0.0,77.50013628361069,0,60,3.0,3,3.2066731926212977e-06
4.025,0.0,77.50010052883111,0,60,3.0,3,2.365384261458851e-06
4.03,0.0,77.50007385148514,0,60,3.0,3,1.737682003308424e-06
4.035,0.0,77.50005403179959,0,60,3.0,3,1.2713364610055364e-06
4.04,0.0,77.50003936962068,0,60,3.0,3,9.263440159991339e-07
4.045,0.0,77.5000285689729,0,60,3.0,3,6.722111269188164e-07
4.05,0.0,77.50002064665127,0,60,3.0,3,4.858035591790694e-07
4.055,0.0,77.50001486025344,0,60,3.0,3,3.4965302220638584e-07
4.06,0.0,77.50001065183447,0,60,3.0,3,2.506313993468639e-07
4.065,0.0,77.50000760403664,0,60,3.0,3,1.7891850916385011e-07
4.07,0.0,77.50000540611887,0,60,3.0,3,1.2720279702240506e-07
4.075,0.0,77.5000038277942,0,60,3.0,3,9.006574594102002e-08
4.08,0.0,77.5000026991882,0,60,3.0,3,6.351031061058165e-08
4.085,0.0,77.50000189556793,0,60,3.0,3,4.460159844069601e-08
4.09,0.0,77.5000013257668,0,60,3.0,3,3.1194513011916353e-08
4.095,0.0,77.50000092345667,0,60,3.0,3,2.1728392178321135e-08
4.1,0.0,77.50000064060085,0,60,3.0,3,1.5072961064908988e-08
4.105,0.0,77.50000044256808,0,60,3.0,3,1.0413366587325821e-08
4.11,0.0,77.50000030450488,0,60,3.0,3,7.1648207053572955e-09
4.115,0.001684486749771458,77.5000002086556,0,60,3.0,3,4.909543684013496e-09
4.12,0.003097557930867117,77.5000001423926,0,60,3.0,3,3.3504139697898232e-09
4.125,0.005475106668887023,77.50000009677572,0,60,3.0,3,2.277075803730815e-09
4.13,0.00930222931468658,77.50000006550387,0,60,3.0,3,1.541267505779294e-09
4.135,0.01519157517868857,77.50000004415594,0,60,3.0,3,1.0389632788086174e-09
4.14,0.023847336626128316,77.50000002964373,0,60,3.0,3,6.974995117429096e-10
4.145,0.0359830743700859,77.50000001981975,0,60,3.0,3,4.663470864376423e-10
4.15,0.05218887796857759,77.50000001319731,0,60,3.0,3,3.105248972989263e-10
4.155,0.0727577001223134,77.50000000875173,0,60,3.0,3,2.0592297540347584e-10
4.16,0.0974992498694751,77.50000000577995,0,60,3.0,3,1.3599888274363954e-10
4.165,0.12558706050443358,77.50000000380169,0,60,3.0,3,8.945147890378448e-11
4.17,0.15549263588878245,77.50000000249028,0,60,3.0,3,5.859486490782514e-11
4.175,0.1850529723539114,77.50000000162458,0,60,3.0,3,3.822552731863278e-11
4.18,0.21169159439317053,77.50000000105551,0,60,3.0,3,2.4835558446391268e-11
4.185,0.23277292922115492,77.50000000068296,0,60,3.0,3,1.6069634511950425e-11
4.19,0.24602692519491282,77.50000000044011,0,60,3.0,3,1.0355533424230731e-11
4.195,0.24995056064839283,77.50000000028245,0,60,3.0,3,6.645998783984824e-12
4.2,0.24408826520424054,77.50000000018052,0,60,3.0,3,4.247540881110848e-12
4.205,0.22911894216865275,77.50000000011491,0,60,3.0,3,2.703740499461727e-12
4.21,0.20672661788705934,77.50000000007284,0,60,3.0,3,1.7139962651794228e-12
4.215,0.17928878030241233,77.50000000004599,0,60,3.0,3,1.0820311966680867e-12
4.22,0.14946211903866036,77.50000000002892,0,60,3.0,3,6.804491610690842e-13
4.225,0.1197651512573837,77.5000000000181,0,60,3.0,3,4.259912684039377e-13
4.23,0.09224675744988023,77.5000000000113,0,60,3.0,3,2.658265764373081e-13
4.235,0.06829565320281596,77.50000000000702,0,60,3.0,3,1.6518028774846564e-13
4.24,0.04860224607515734,77.50000000000433,0,60,3.0,3,1.0198378089733203e-13
4.245,0.03324612389699793,77.50000000000267,0,60,3.0,3,6.286213379901122e-14
4.25,0.021859876340472782,77.50000000000163,0,60,3.0,3,3.845290099407601e-14
4.255,0.01381595518554205,77.500000000001,0,60,3.0,3,2.3406113648568005e-14
4.26,0.008394095110402422,77.50000000000061,0,60,3.0,3,1.4378041241263203e-14
4.265,0.0049052535271608,77.50000000000037,0,60,3.0,3,8.693699355182403e-15
4.27,0.0027671663551903634,77.50000000000023,0,60,3.0,3,5.349968833958401e-15
4.275,0.0015425553464444616,77.50000000000013,0,60,3.0,3,3.0093574691016007e-15
4.28,0.0009638206637011801,77.50000000000009,0,60,3.0,3,2.0062383127344005e-15
4.285,0.0009804935156568228,77.50000000000004,0,60,3.0,3,1.0031191563672002e-15
4.29,0.0018793744894085216,77.50000000000003,0,60,3.0,3,6.687461042448002e-16
4.295,0.004535525206900863,77.50000000000001,0,60,3.0,3,3.343730521224001e-16
4.3,0.010832767979632273,77.50000000000001,0,60,3.0,3,3.343730521224001e-16
4.305,0.024208003392322392,77.5,0,60,3.0,3,0.0
4.31,0.0500971897335304,77.5,0,60,3.0,3,0.0
4.315,0.09582894921774403,77.5,0,60,3.0,3,0.0
4.32,0.16937896721820658,77.5,0,60,3.0,3,0.0
4.325,0.27661303008991756,77.5,0,60,3.0,3,0.0
4.33,0.4173782800009149,77.50000248989487,1,60,3.0,3,5.858576160148111e-08
4.335,0.5818720934538056,77.50000366023346,0,60,3.0,3,8.612314024289576e-08
4.34,0.7494718801585675,77.50000546845324,0,60,3.0,3,1.2866948796887728e-07
4.345,0.891813020752378,77.50000836848511,0,60,3.0,3,1.969055320467519e-07
4.35,0.9800361632936612,77.50001322195898,0,60,3.0,3,3.111049171794173e-07
4.355,0.993574479225126,77.50002169664451,0,60,3.0,3,5.105092825755599e-07
4.36,0.9263438449375362,77.50003704388955,0,60,3.0,3,8.716209305582785e-07
4.365,0.7873015962290536,77.50006558633179,0,60,3.0,3,1.543207806729269e-06
4.37,0.5959516244629897,77.50011950323918,0,60,3.0,3,2.8118409217955452e-06
4.375,0.376910120078773,77.50022192393936,0,60,3.0,3,5.221739749739594e-06
4.38,0.15739335672107918,77.50041601348998,0,60,3.0,3,9.788552705458643e-06
4.385,-0.033361226269301235,77.50078076517237,0,60,3.0,3,1.8370945232123525e-05
4.39,-0.1680180840843834,77.50145772175667,0,60,3.0,3,3.429933545094975e-05
4.395,-0.23069703190837854,77.50269494313523,0,60,3.0,3,6.341042671117654e-05
4.4,-0.22587267821131068,77.50491728014761,0,60,3.0,3,0.00011570070935550468
4.405,-0.17718181630665902,77.50883533696205,0,60,3.0,3,0.0002078902814600149
4.41,-0.11494332516451301,77.51560911636496,0,60,3.0,3,0.00036727332623426637
4.415,-0.061810214049552864,77.52708560815174,0,60,3.0,3,0.0006373084270996836
4.42,-0.026546104631500547,77.54613140433709,0,60,3.0,3,0.0010854448079315074
4.425,-0.00719600351942686,77.57708018225189,0,60,3.0,3,0.001813651347103306
4.43,0.0022072757983807078,77.62630848269157,0,60,3.0,3,0.00297196429862518
4.435,0.006917199873730717,77.70293927511317,0,60,3.0,3,0.004775041767368628
4.44,0.01004859748264829,77.81964924349728,0,60,3.0,3,0.00752115867052426
4.445,0.013037082251128167,77.9935214650128,0,60,3.0,3,0.011612269765007167
4.45,0.01645163937690478,78.24684112688885,0,60,3.0,3,0.01757273239738478
4.455,0.020526639934696615,78.60768212874535,0,60,3.0,3,0.026063108911655357
4.46,0.02539629541761738,79.11008466717684,0,60,3.0,3,0.03788434511004318
4.465,0.031171612185577933,79.79358992911443,0,60,3.0,3,0.05396682186151606
4.47,0.03795853426638131,80.70189246182669,0,60,3.0,3,0.07533864616062795
4.475,0.0458588961882057,81.88040877202235,0,60,3.0,3,0.1030684416946435
4.48,0.054966995891435555,83.37265411947614,0,60,3.0,3,0.1381800969288503
4.485,0.06536491004445595,85.21547235953663,0,60,3.0,3,0.18154052610674432
4.49,0.07711726085088699,87.43336784903904,0,60,3.0,3,0.23372630233033045
4.495,0.09026570629555215,90.03242057836711,0,60,3.0,3,0.2948804841968731
4.5,0.10482339848670268,92.99448771307436,0,60,3.0,3,0.36457618148410265
4.505,0.12076968927580028,96.27255806319349,0,60,3.0,3,0.44170724854572907
4.51,0.13804539501007884,99.78818032291319,0,60,3.0,3,0.5244277723038399
4.515,0.15654895051787066,103.43179095917793,0,60,3.0,3,0.6101597872747748
4.52,0.17613378141900526,107.06650561115117,0,60,3.0,3,0.6956824849682629
4.525,0.19660720058055794,110.53552329807434,0,60,3.0,3,0.7773064305429256
4.53,0.21773108748496234,113.67277602565855,0,60,3.0,3,0.8511241417802011
4.535,0.23922453870058807,116.31591899478445,0,60,3.0,3,0.9133157410537519
4.54,0.2607685857914563,118.32029744835961,0,60,3.0,3,0.9604775870202261
4.545,0.2820129681603682,119.57224138175451,0,60,3.0,3,0.9899350913354003
4.55,0.30258482867153996,120.0,0,60,3.0,3,1.0
4.555,0.3220990771751686,119.58086136497079,0,60,3.0,3,0.9901379144699008
4.56,0.3401700499968971,118.34348318481779,0,60,3.0,3,0.9610231337604185
4.565,0.3564239911198326,116.36511131941808,0,60,3.0,3,0.9144732075157195
4.57,0.3705118017738417,113.7640703966812,0,60,3.0,3,0.853272244627793
4.575,0.3821214567925213,110.6885507555106,0,60,3.0,3,0.7809070766002495
4.58,0.39098947374066967,107.30317715420753,0,60,3.0,3,0.7012512271578243
4.585,0.3969108472035567,103.77505451980866,0,60,3.0,3,0.6182365769366744
4.59,0.3997469255491936,100.26092329622625,0,60,3.0,3,0.5355511363817942
4.595,0.3994308076379137,96.8967535039716,0,60,3.0,3,0.45639420009344933
4.6,0.3959699661768434,93.79063660475094,0,60,3.0,3,0.38330909658237516
4.605,0.38944595408114946,91.01929495158602,0,60,3.0,3,0.3181010576843769
4.61,0.38001120995358023,88.62801810042822,0,60,3.0,3,0.26183572001007577
4.615,0.3678831374098315,86.63343271725839,0,60,3.0,3,0.2149042992296091
4.62,0.35333577933796634,85.0282655394497,0,60,3.0,3,0.17713565975175777
4.625,0.33668953221163944,83.7871782473486,0,60,3.0,3,0.1479336058199672
4.63,0.3182994390982644,82.87281896663133,0,60,3.0,3,0.12641926980309007
4.635,0.29854265738230645,82.24140577485969,0,60,3.0,3,0.1115624888202279
4.64,0.2778057157821067,81.84738241191191,0,60,3.0,3,0.1022913508685155
4.645,0.2564721553719815,81.64691746058449,0,60,3.0,3,0.09757452848434094
4.65,0.23491109433464996,81.60021864528429,0,60,3.0,3,0.0964757328302185
4.655,0.21346717185309805,81.67278167832949,0,60,3.0,3,0.09818309831363495
4.66,0.19245222055656455,81.83578128333527,0,60,3.0,3,0.10201838313730036
4.665,0.17213889801761392,82.06584556810466,0,60,3.0,3,0.10743166042599207
4.67,0.15275638501270183,82.34444615333386,0,60,3.0,3,0.11398696831373795
4.675,0.13448814019607322,82.65710060938018,0,60,3.0,3,0.12134354375012188
4.68,0.11747159495449566,82.99253526478697,0,60,3.0,3,0.12923612387734038
4.685,0.10179958433370105,83.34190674059624,0,60,3.0,3,0.13745662919049986
4.69,0.08752324394101413,83.69813710409217,0,60,3.0,3,0.1458385200962863
4.695,0.07465606047174059,84.05538401751794,0,60,3.0,3,0.15424432982395148
4.7,0.0631787448609295,84.40864440544523,0,60,3.0,3,0.16255633895165247
4.705,0.05304460019959574,84.75347677867988,0,60,3.0,3,0.17067004185129134
4.71,0.044185078305849994,85.08582128970572,0,60,3.0,3,0.17848991269895811
4.715,0.03651525513023255,85.40189551839087,0,60,3.0,3,0.1859269533739029
4.72,0.0299390014708757,85.69814583574086,0,60,3.0,3,0.19289754907625553
4.725,0.024353677220580638,85.97123739786385,0,60,3.0,3,0.199323232890914
4.73,0.01965423034339045,86.21806933636304,0,60,3.0,3,0.2051310432085422
4.735,0.015736632374757337,86.43580493977146,0,60,3.0,3,0.21025423387697548
4.74,0.012500627640593535,86.62190930039998,0,60,3.0,3,0.21463316000941124
4.745,0.009851811652115898,86.7741889821678,0,60,3.0,3,0.2182162113451247
4.75,0.007703084175428559,86.89082981293659,0,60,3.0,3,0.2209607014808609
4.755,0.005975544002062424,86.97043003112813,0,60,3.0,3,0.22283364779125014
4.76,0.004598905818663047,87.01202683673105,0,60,3.0,3,0.22381239615837772
4.765,0.0035115256454839104,87.0151150099551,0,60,3.0,3,0.22388505905776696
4.77,0.002660121266303676,86.97965674114003,0,60,3.0,3,0.22305074685035373
4.775,0.0019992692560877024,86.906082213543,0,60,3.0,3,0.22131958149512945
4.78,0.0014907520044639367,86.79528082700735,0,60,3.0,3,0.21871249004723167
4.785,0.0011028178277539807,86.64858326128662,0,60,3.0,3,0.21526078261850864
4.79,0.0008094059938923333,86.46773485907015,0,60,3.0,3,0.2110055260957682
4.795,0.0005893771793717645,86.25486106056728,0,60,3.0,3,0.20599673083687717
4.8,0.0004257792353490551,86.012425840667,0,60,3.0,3,0.20029237272157663
4.805,0.0003051686392901525,85.74318428178758,0,60,3.0,3,0.19395727721853123
4.81,0.00021699992642659966,85.45013055626383,0,60,3.0,3,0.18706189544150187
4.815,0.00015308884054097838,85.1364426881429,0,60,3.0,3,0.17968100442689192
4.82,0.00010714989329311098,84.8054255136735,0,60,3.0,4,0.1718923650276117
4.825,7.440535854020571e-05,84.46045326238436,0,60,3.0,4,0.16377537087963207
4.83,5.1260276743925106e-05,84.10491313801553,0,60,3.0,4,0.15540972089448313
4.835,3.503659887882241e-05,83.74215119394138,0,60,3.0,4,0.1468741457397972
4.84,2.375894748103639e-05,83.37542167586601,0,60,3.0,4,0.1382452159027296
4.845,1.5984413869232557e-05,83.00784085148908,0,60,3.0,4,0.12959625532915478
4.85,1.0669166579899869e-05,82.64234616948582,0,60,3.0,4,0.12099638045848986
4.855,7.06526633560511e-06,82.28166139606537,0,60,3.0,4,0.11250967990742057
4.86,4.641847214699205e-06,81.92826817436011,0,60,3.0,4,0.10419454527906148
4.865,3.025641074479182e-06,81.58438424763277,0,60,3.0,4,0.09610315876782986
4.87,1.9566278676921314e-06,81.2519483890263,0,60,3.0,4,0.08828113856532462
4.875,1.2553456560008793e-06,80.93261189485634,0,60,3.0,4,0.08076733870250202
4.88,7.990660428214668e-07,80.62773633085743,0,60,3.0,4,0.07359379602017484
4.885,5.046221251618276e-07,80.33839707581636,0,60,3.0,4,0.06678581354862023
4.89,3.1616527078858815e-07,80.06539208791901,0,60,3.0,4,0.0603621667745649
4.895,1.9652884407760343e-07,79.80925522789121,0,60,3.0,4,0.05433541712685209
4.9,1.2120002189836396e-07,79.57027341038085,0,60,3.0,4,0.04871231553837293
4.905,7.415549848886236e-08,79.3485068205882,0,60,3.0,4,0.04349427813148703
4.91,4.501406988770349e-08,79.14381142544346,0,60,3.0,4,0.03867791589278728
4.915,0.0,78.95586302530677,0,60,3.0,4,0.03425560059545339
4.92,0.0,78.78418213018102,0,60,3.0,4,0.030216050121906417
4.925,0.0,78.62815900023591,0,60,3.0,4,0.02654491765260967
4.93,0.0,78.48707826019555,0,60,3.0,4,0.023225370828130483
4.935,0.0,78.36014257689206,0,60,3.0,4,0.02023864886804845
4.94,0.0,78.24649497515112,0,60,3.0,4,0.017564587650614652
4.945,0.0,78.14523945549868,0,60,3.0,4,0.015182104835263116
4.95,0.0,78.05545966465333,0,60,3.0,4,0.013069639168313576
4.955,0.0,77.97623545353467,0,60,3.0,4,0.011205540083168711
4.96,0.0,77.90665723521904,0,60,3.0,4,0.009568405534565727
4.965,0.0,77.84583812509267,0,60,3.0,4,0.008137367649239275
4.97,0.0,77.79292390611302,0,60,3.0,4,0.006892327202659237
4.975,0.0,77.74710091283508,0,60,3.0,4,0.005814139125531296
4.98,0.0,77.70760196841333,0,60,3.0,4,0.004884752197960672
4.985,0.0,77.67371053929263,0,60,3.0,4,0.004087306806885368
4.99,0.0,77.64476329324987,0,60,3.0,4,0.003406195135290973
4.995,0.0,77.6201512586144,0,60,3.0,4,0.0028270884379858617
5.0,0.0,77.59931978686028,0,60,3.0,4,0.0023369361614183
5.005,0.0,77.58176751843824,0,60,3.0,4,0.0019239416103115513
5.01,0.0,77.56704454387693,0,60,3.0,4,0.0015775186794572244
5.015,0.0,77.55474994001793,0,60,3.0,4,0.0012882338827747684
5.02,0.0,77.54452884589958,0,60,3.0,4,0.001047737550578297
5.025,0.0,77.5360692253345,0,60,3.0,4,0.0008486876549294293
5.03,0.0,77.52909844458678,0,60,3.0,4,0.0006846692843948056
5.035,0.0,77.5233797745729,0,60,3.0,4,0.0005501123428918136
5.04,0.0,77.51870890837192,0,60,3.0,4,0.0004402096087510606
5.045,0.0,77.51491056708042,0,60,3.0,4,0.0003508368724804795
5.05,0.0,77.51183525059871,0,60,3.0,4,0.000278476484675473
5.055,0.0,77.50935617506855,0,60,3.0,4,0.00022014529573051035
5.06,0.0,77.50736642557257,0,60,3.0,4,0.0001733276605310654
5.065,0.0,77.50577634142381,0,60,3.0,4,0.0001359139158543766
5.07,0.0,77.50451114191388,0,60,3.0,4,0.0001061445156207195
5.075,0.0,77.50350879267866,0,60,3.0,4,8.255982773314774e-05
5.08,0.0,77.50271810676212,0,60,3.0,4,6.395545322628577e-05
5.085,0.0,77.50209706985859,0,60,3.0,4,4.934282020218127e-05
5.09,0.0,77.50161137592065,0,60,3.0,4,3.7914727544616386e-05
5.095,0.0,77.50123315714963,0,60,3.0,4,2.9015462344178184e-05
5.1,0.0,77.50093989116058,0,60,3.0,4,2.211508613139385e-05
5.105,0.0,77.50071346765542,0,60,3.0,4,1.678747424508027e-05
5.11,0.0,77.50053939708855,0,60,3.0,4,1.2691696201058864e-05
5.115,0.0,77.50040614441993,0,60,3.0,4,9.556339292390368e-06
5.12,0.0,77.50030457199489,0,60,3.0,4,7.166399879732875e-06
5.125,0.0,77.50022747675757,0,60,3.0,4,5.352394295828965e-06
5.13,0.0,77.50016920830492,0,60,3.0,4,3.9813718805870685e-06
5.135,0.0,77.50012535564758,0,60,3.0,4,2.9495446490139277e-06
5.14,0.0,77.50009249190384,0,60,3.0,4,2.17628009041244e-06
5.145,0.0,77.50006796747208,0,60,3.0,4,1.5992346371095824e-06
5.15,0.0,77.50004974347262,0,60,3.0,4,1.170434649780231e-06
5.155,0.0,77.50003625840263,0,60,3.0,4,8.531388854247352e-07
5.16,0.0,77.50002632199599,0,60,3.0,4,6.193410820956427e-07
5.165,0.0,77.5000190312167,0,60,3.0,4,4.4779333399995213e-07
5.17,0.0,77.50001370414276,0,60,3.0,4,3.224504178647561e-07
5.175,0.0,77.50000982821794,0,60,3.0,4,2.3125218684286022e-07
5.18,0.0,77.50000701997017,0,60,3.0,4,1.651757686966662e-07
5.185,0.0,77.50000499382523,0,60,3.0,4,1.1750177009162144e-07
5.19,0.0,77.50000353809098,0,60,3.0,4,8.324919951305406e-08
5.195,0.0,77.50000249656132,0,60,3.0,4,5.874261934396225e-08
5.2,0.0,77.50000175449875,0,60,3.0,4,4.1282323630131195e-08
5.205,0.001684486749771458,77.50000122800878,0,60,3.0,4,2.8894324339703683e-08
5.21,0.003097557930867117,77.50000085602701,0,60,3.0,4,2.0141812108383473e-08
5.215,0.005475106668887023,77.50000059430727,0,60,3.0,4,1.3983700388480964e-08
5.22,0.00930222931468658,77.50000041093412,0,60,3.0,4,9.669038129633169e-09
5.225,0.01519157517868857,77.50000028298992,0,60,3.0,4,6.6585862575319715e-09
5.23,0.023847336626128316,77.50000019409184,0,60,3.0,4,4.5668668115146885e-09
5.235,0.0359830743700859,77.50000013258098,0,60,3.0,4,3.1195524490399026e-09
5.24,0.05218887796857759,77.50000009019712,0,60,3.0,4,2.1222851554578963e-09
5.245,0.0727577001223134,77.50000006111415,0,60,3.0,4,1.4379800043517369e-09
5.25,0.0974992498694751,77.50000004124092,0,60,3.0,4,9.70374672118958e-10
5.255,0.12558706050443358,77.50000002771742,0,60,3.0,4,6.521745757816141e-10
5.26,0.15549263588878245,77.50000001855301,0,60,3.0,4,4.365414069445037e-10
5.265,0.1850529723539114,77.50000001236842,0,60,3.0,4,2.9102158591473093e-10
5.27,0.21169159439317053,77.50000000821204,0,60,3.0,4,1.9322449000302345e-10
5.275,0.23277292922115492,77.50000000543032,0,60,3.0,4,1.2777230254227214e-10
5.28,0.24602692519491282,77.50000000357633,0,60,3.0,4,8.414899104322744e-11
5.285,0.24995056064839283,77.50000000234579,0,60,3.0,4,5.519495971384458e-11
5.29,0.24408826520424054,77.50000000153241,0,60,3.0,4,3.6056783702566894e-11
5.295,0.22911894216865275,77.500000000997,0,60,3.0,4,2.3458944590803345e-11
5.3,0.20672661788705934,77.50000000064604,0,60,3.0,4,1.520093332253643e-11
5.305,0.17928878030241233,77.50000000041693,0,60,3.0,4,9.810170976219097e-12
5.31,0.14946211903866036,77.50000000026797,0,60,3.0,4,6.305272643872098e-12
5.315,0.1197651512573837,77.50000000017154,0,60,3.0,4,4.036217112169491e-12
5.32,0.09224675744988023,77.50000000010937,0,60,3.0,4,2.5733350091339912e-12
5.325,0.06829565320281596,77.50000000006945,0,60,3.0,4,1.6340811057221692e-12
5.33,0.04860224607515734,77.50000000004391,0,60,3.0,4,1.0332127310582162e-12
5.335,0.03324612389699793,77.50000000002765,0,60,3.0,4,6.506899594301906e-13
5.34,0.021859876340472782,77.50000000001735,0,60,3.0,4,4.082694966414505e-13
5.345,0.01381595518554205,77.50000000001084,0,60,3.0,4,2.5512663876939127e-13
5.35,0.008394095110402422,77.50000000000675,0,60,3.0,4,1.5882719975814003e-13
5.355,0.0049052535271608,77.50000000000418,0,60,3.0,4,9.830567732398563e-14
5.36,0.0027671663551903634,77.50000000000257,0,60,3.0,4,6.052152243415442e-14
5.365,0.0015425553464444616,77.50000000000159,0,60,3.0,4,3.744978183770881e-14
5.37,0.0009638206637011801,77.50000000000097,0,60,3.0,4,2.2737367544323207e-14
5.375,0.0009804935156568228,77.5000000000006,0,60,3.0,4,1.4043668189140804e-14
5.38,0.0018793744894085216,77.50000000000036,0,60,3.0,4,8.359326303060002e-15
5.385,0.004535525206900863,77.50000000000021,0,60,3.0,4,5.015595781836002e-15
5.39,0.010832767979632273,77.50000000000013,0,60,3.0,4,3.0093574691016007e-15
5.395,0.024208003392322392,77.50000000000007,0,60,3.0,4,1.6718652606120004e-15
5.4,0.0500971897335304,77.50000000000004,0,60,3.0,4,1.0031191563672002e-15
5.405,0.09582894921774403,77.50000000000003,0,60,3.0,4,6.687461042448002e-16
5.41,0.16937896721820658,77.50000000000001,0,60,3.0,4,3.343730521224001e-16
5.415,0.27661303008991756,77.50000000000001,0,60,3.0,4,3.343730521224001e-16
5.42,0.4173782800009149,77.5,0,60,3.0,4,0.0
5.425,0.5818720934538056,77.5,0,60,3.0,4,0.0
5.43,0.7494718801585675,77.5,0,60,3.0,4,0.0
5.435,0.891813020752378,77.5,0,60,3.0,4,0.0
5.44,0.9800361632936612,77.5,0,60,3.0,4,0.0
5.445,0.993574479225126,77.50000249379623,1,60,3.0,4,5.8677558372972485e-08
5.45,0.9263438449375362,77.50000382794776,0,60,3.0,4,9.006935917622125e-08
5.455,0.7873015962290536,77.50000600036053,0,60,3.0,4,1.4118495361050436e-07
5.46,0.5959516244629897,77.50000970943701,0,60,3.0,4,2.2845734138975198e-07
5.465,0.376910120078773,77.5000163868594,0,60,3.0,4,3.8557316235496463e-07
5.47,0.15739335672107918,77.50002902423199,0,60,3.0,4,6.829231056947131e-07
5.475,-0.033361226269301235,77.50005389476512,0,60,3.0,4,1.268112120388811e-06
5.48,-0.1680180840843834,77.50010404947875,0,60,3.0,4,2.4482230294191086e-06
5.485,-0.23069703190837854,77.50020622040319,0,60,3.0,4,4.852244780843595e-06
5.49,-0.22587267821131068,77.50041404783398,0,60,3.0,4,9.742301976115521e-06
5.495,-0.17718181630665902,77.50083263801669,0,60,3.0,4,1.959148274562829e-05
5.5,-0.11494332516451301,77.50166268015035,0,60,3.0,4,3.912188589050161e-05
5.505,-0.061810214049552864,77.5032770278292,0,60,3.0,4,7.710653715762687e-05
5.51,-0.026546104631500547,77.50634895429774,0,60,3.0,4,0.0001493871599467077
5.515,-0.00719600351942686,77.5120590120072,0,60,3.0,4,0.0002837414589929294
5.52,0.0022072757983807078,77.52241562190353,0,60,3.0,4,0.0005274263977302032
5.525,0.006917199873730717,77.54073109806174,0,60,3.0,4,0.0009583787779233182
5.53,0.01004859748264829,77.57229617891642,0,60,3.0,4,0.0017010865627392323
5.535,0.013037082251128167,77.62528706971409,0,60,3.0,4,0.0029479310520962505
5.54,0.01645163937690478,77.7119131132812,0,60,3.0,4,0.004986190900734086
5.545,0.020526639934696615,77.84976424958334,0,60,3.0,4,0.008229747049019874
5.55,0.02539629541761738,78.06324165455797,0,60,3.0,4,0.013252744813128709
5.555,0.031171612185577933,78.38485440731901,0,60,3.0,4,0.020820103701623793
5.56,0.03795853426638131,78.85605110071748,0,60,3.0,4,0.031907084722764226
5.565,0.0458588961882057,79.52715125776614,0,60,3.0,4,0.047697676653320836
5.57,0.054966995891435555,80.45588226229052,0,60,3.0,4,0.06955017087742389
5.575,0.06536491004445595,81.70405544530206,0,60,3.0,4,0.09891895165416613
5.58,0.07711726085088699,83.33206946519013,0,60,3.0,4,0.1372251638868266
5.585,0.09026570629555215,85.39123254573106,0,60,3.0,4,0.1856760598995543
5.59,0.10482339848670268,87.9143369512103,0,60,3.0,4,0.24504322238141887
5.595,0.12076968927580028,90.90544393360824,0,60,3.0,4,0.3154222102025468
5.6,0.13804539501007884,94.33034336266256,0,60,3.0,4,0.396008079121472
5.605,0.15654895051787066,98.10950421064753,0,60,3.0,4,0.4849295108387654
5.61,0.17613378141900526,102.11539119616134,0,60,3.0,4,0.5791856752037963
5.615,0.19660720058055794,106.17568759500095,0,60,3.0,4,0.6747220610588459
5.62,0.21773108748496234,110.08321153763839,0,60,3.0,4,0.7666638008856091
5.625,0.23922453870058807,113.61222628224048,0,60,3.0,4,0.8496994419350702
5.63,0.2607685857914563,116.53961398056285,0,60,3.0,4,0.9185791524838317
5.635,0.2820129681603682,118.66827111065578,0,60,3.0,4,0.9686652026036654
5.64,0.30258482867153996,119.84936740314373,0,60,3.0,4,0.9964557036033819
5.645,0.3220990771751686,120.0,0,60,3.0,4,1.0
5.65,0.3401700499968971,119.11335164043977,0,60,3.0,4,0.9791376856574064
5.655,0.3564239911198326,117.2596422087817,0,60,3.0,4,0.9355209931478047
5.66,0.3705118017738417,114.57771066593102,0,60,3.0,4,0.8724167215513182
5.665,0.3821214567925213,111.25864733544083,0,60,3.0,4,0.7943211137750783
5.67,0.39098947374066967,107.52417358062645,0,60,3.0,4,0.7064511430735636
5.675,0.3969108472035567,103.60317581973628,0,60,3.0,4,0.614192372229089
5.68,0.3997469255491936,99.70982687224779,0,60,3.0,4,0.5225841616999479
5.685,0.3994308076379137,96.02611916232044,0,60,3.0,4,0.43590868617224565
5.69,0.3959699661768434,92.69058107724302,0,60,3.0,4,0.3574254371116006
5.695,0.38944595408114946,89.79371843965717,0,60,3.0,4,0.28926396328605103
5.7,0.38001120995358023,87.37958938048318,0,60,3.0,4,0.2324609265996043
5.705,0.3678831374098315,85.45209135214775,0,60,3.0,4,0.1871080318152411
5.71,0.35333577933796634,83.98411918621723,0,60,3.0,4,0.15256751026393478
5.715,0.33668953221163944,82.92773974008752,0,60,3.0,4,0.12771152329617688
5.72,0.3182994390982644,82.22383282330381,0,60,3.0,4,0.11114900760714845
5.725,0.29854265738230645,81.81013488536829,0,60,3.0,4,0.10141493847925377
5.73,0.2778057157821067,81.62715266498432,0,60,3.0,4,0.09710947447021935
5.735,0.2564721553719815,81.62187846806819,0,60,3.0,4,0.09698537571925152
5.74,0.23491109433464996,81.74957199839405,0,60,3.0,4,0.09998992937397755
5.745,0.21346717185309805,81.9740569196691,0,60,3.0,4,0.10527192752162577
5.75,0.19245222055656455,82.2670305887381,0,60,3.0,4,0.11216542561736693
5.755,0.17213889801761392,82.6068399772209,0,60,3.0,4,0.12016094064049178
5.76,0.15275638501270183,82.97707830332679,0,60,3.0,4,0.12887243066651274
5.765,0.13448814019607322,83.36524231629802,0,60,3.0,4,0.13800570155995348
5.77,0.11747159495449566,83.76158527846451,0,60,3.0,4,0.14733141831681196
5.775,0.10179958433370105,84.15821910240557,0,60,3.0,4,0.156663978880131
5.78,0.08752324394101413,84.54846447631488,0,60,3.0,4,0.16584622297211474
5.785,0.07465606047174059,84.92641729835339,0,60,3.0,4,0.17473923054949142
5.79,0.0631787448609295,85.2866873918496,0,60,3.0,4,0.18321617392587286
5.795,0.05304460019959574,85.6242648120442,0,60,3.0,4,0.19115917204809887
5.8,0.044185078305849994,85.93447459191242,0,60,3.0,4,0.19845822569205693
5.805,0.03651525513023255,86.21298860076058,0,60,3.0,4,0.20501149648848427
5.81,0.0299390014708757,86.45587095455626,0,60,3.0,4,0.21072637540132377
5.815,0.024353677220580638,86.65963999461131,0,60,3.0,4,0.2155209410496779
5.82,0.01965423034339045,86.82133492105665,0,60,3.0,4,0.21932552755427404
5.825,0.015736632374757337,86.93857885017128,0,60,3.0,4,0.2220842082393243
5.83,0.012500627640593535,87.00963266008729,0,60,3.0,4,0.2237560625902892
5.835,0.009851811652115898,87.03343582049601,0,60,3.0,4,0.2243161369528473
5.84,0.007703084175428559,87.00963173891398,0,60,3.0,4,0.2237560409156231
5.845,0.005975544002062424,86.938576193165,0,60,3.0,4,0.22208414572152954
5.85,0.004598905818663047,86.82132827999462,0,60,3.0,4,0.219325371293991
5.855,0.0035115256454839104,86.65962406044066,0,60,3.0,4,0.2155205661280156
5.86,0.002660121266303676,86.45583375264079,0,60,3.0,4,0.21072550006213614
5.865,0.0019992692560877024,86.21290391749133,0,60,3.0,4,0.2050095039409725
5.87,0.0014907520044639367,85.93428659481444,0,60,3.0,4,0.19845380223092796
5.875,0.0011028178277539807,85.62385776540609,0,60,3.0,4,0.1911495944801432
5.88,0.0008094059938923333,85.28582782555713,0,60,3.0,4,0.18319594883663848
5.885,0.0005893771793717645,84.92464695644118,0,60,3.0,4,0.17469757544567482
5.89,0.0004257792353490551,84.54490834692771,0,60,3.0,4,0.1657625493394756
5.895,0.0003051686392901525,84.1512521860989,0,60,3.0,4,0.1565000514376212
5.9,0.00021699992642659966,83.74827318768754,0,60,3.0,4,0.14701819265147165
5.905,0.00015308884054097838,83.34043415451329,0,60,3.0,4,0.13742198010619505
5.91,0.00010714989329311098,82.93198775273756,0,60,3.0,4,0.1278114765350013
5.915,7.440535854020571e-05,82.52690826257488,0,60,3.0,4,0.11828019441352654
5.92,5.1260276743925106e-05,82.12883462523583,0,60,3.0,4,0.10891375588790177
5.925,3.503659887882241e-05,81.74102563739208,0,60,3.0,4,0.09978883852687258
5.93,2.375894748103639e-05,81.36632767600855,0,60,3.0,4,0.09097241590608358
5.935,1.5984413869232557e-05,81.00715488812935,0,60,3.0,4,0.08252129148539646
5.94,1.0669166579899869e-05,80.66548136982472,0,60,3.0,4,0.07448191458411102
5.945,7.06526633560511e-06,80.34284450049499,0,60,3.0,4,0.06689045883517625
5.95,4.641847214699205e-06,80.04035830388436,0,60,3.0,4,0.059773136561984956
5.955,3.025641074479182e-06,79.75873548233507,0,60,3.0,4,0.0531467172314134
5.96,1.9566278676921314e-06,79.4983166189272,0,60,3.0,4,0.04701921456299307
5.965,1.2553456560008793e-06,79.25910496239372,0,60,3.0,4,0.04139070499749932
5.97,7.990660428214668e-07,79.04080519796145,0,60,3.0,4,0.03625423995203405
5.975,5.046221251618276e-07,78.84286465667756,0,60,3.0,4,0.03159681545123677
5.98,3.1616527078858815e-07,78.66451551736972,0,60,3.0,4,0.02740036511458169
5.985,1.9652884407760343e-07,78.50481669878073,0,60,3.0,4,0.023642745853664215
5.99,1.2120002189836396e-07,78.36269431353409,0,60,3.0,4,0.020298689730213936
5.995,7.415549848886236e-08,78.23697974928406,0,60,3.0,4,0.01734069998315436
6.0,4.501406988770349e-08,78.12644464506172,0,60,3.0,4,0.014739874001452335
6.005,0.0,78.02983223281902,0,60,3.0,4,0.012466640772212191
6.01,0.0,77.94588470720849,0,60,3.0,4,0.010491404875493934
6.015,0.0,77.87336646401664,0,60,3.0,4,0.008785093270979788
6.02,0.0,77.81108320437647,0,60,3.0,4,0.00731960480885819
6.025,0.0,77.75789703460497,0,60,3.0,5,0.006068165520116843
6.03,0.0,77.7127377985272,0,60,3.0,5,0.0050055952594635425
6.035,0.0,77.67461096019198,0,60,3.0,5,0.0041084931809878605
6.04,0.0,77.64260241090227,0,60,3.0,5,0.003355350844759307
6.045,0.0,77.61588060740796,0,60,3.0,5,0.0027266025272461
6.05,0.0,77.5936964605813,0,60,3.0,5,0.0022046226019129147
6.055,0.0,77.57538138902093,0,60,3.0,5,0.0017736797416690105
6.06,0.0,77.56034393314094,0,60,3.0,5,0.001419857250375103
6.065,0.0,77.5480652957481,0,60,3.0,5,0.0011309481352494754
6.07,0.0,77.53809413809743,0,60,3.0,5,0.0008963326611161151
6.075,0.0,77.53004091886824,0,60,3.0,5,0.0007068451498408944
6.08,0.0,77.52357201997987,0,60,3.0,5,0.0005546357642321495
6.085,0.0,77.51840385980424,0,60,3.0,5,0.0004330319953938295
6.09,0.0,77.51429715282914,0,60,3.0,5,0.0003364035959798591
6.095,0.0,77.51105143644553,0,60,3.0,5,0.00026003379871828174
6.1,0.0,77.5084999511344,0,60,3.0,5,0.0001999988502210967
6.105,0.0,77.50650493041393,0,60,3.0,5,0.0001530571862100019
6.11,0.0,77.50495333166883,0,60,3.0,5,0.00011654898044305221
6.115,0.0,77.50375301836885,0,60,3.0,5,8.830631456128364e-05
6.12,0.0,77.50282938794548,0,60,3.0,5,6.65738340113448e-05
6.125,0.0,77.5021224273595,0,60,3.0,5,4.9939467282242466e-05
6.13,0.0,77.50158416968905,0,60,3.0,5,3.7274580918900775e-05
6.135,0.0,77.50117651939523,0,60,3.0,5,2.7682809299529468e-05
6.14,0.0,77.5008694107589,0,60,3.0,5,2.0456723738708902e-05
6.145,0.0,77.50063926283588,0,60,3.0,5,1.5041478491184535e-05
6.15,0.0,77.50046769468173,0,60,3.0,5,1.1004580746617542e-05
6.155,0.0,77.50034046614508,0,60,3.0,5,8.010968119432458e-06
6.16,0.0,77.50024661186245,0,60,3.0,5,5.80263205767337e-06
6.165,0.0,77.50017773891317,0,60,3.0,5,4.182092074496027e-06
6.17,0.0,77.5001274616702,0,60,3.0,5,2.9990981224326627e-06
6.175,0.0,77.50009095052647,0,60,3.0,5,2.1400123875323246e-06
6.18,0.0,77.500064574248,0,60,3.0,5,1.5193940705959155e-06
6.185,0.0,77.50004561860754,0,60,3.0,5,1.0733790010336259e-06
6.19,0.0,77.50003206662257,0,60,3.0,5,7.545087662626483e-07
6.195,0.0,77.5000224281237,0,60,3.0,5,5.277205576369263e-07
6.2,0.0,77.50001560850087,0,60,3.0,5,3.6725884409433465e-07
6.205,0.0,77.50001080831444,0,60,3.0,5,2.5431328100132624e-07
6.21,0.001684486749771458,77.50000744703297,0,60,3.0,5,1.7522430519367096e-07
6.215,0.003097557930867117,77.50000510548624,0,60,3.0,5,1.2012908795815533e-07
6.22,0.005475106668887023,77.5000034827273,0,60,3.0,5,8.194652456736282e-08
6.225,0.00930222931468658,77.50000236390684,0,60,3.0,5,5.5621337517496775e-08
6.23,0.01519157517868857,77.50000159650313,0,60,3.0,5,3.7564779417794744e-08
6.235,0.023847336626128316,77.50000107284681,0,60,3.0,5,2.5243454448333496e-08
6.24,0.0359830743700859,77.50000071735509,0,60,3.0,5,1.6878943356727284e-08
6.245,0.05218887796857759,77.50000047726456,0,60,3.0,5,1.1229754443989162e-08
6.25,0.0727577001223134,77.5000003159459,0,60,3.0,5,7.4340211058905185e-09
6.255,0.0974992498694751,77.50000020811088,0,60,3.0,5,4.89672649617954e-09
6.26,0.12558706050443358,77.50000013639716,0,60,3.0,5,3.209344988456852e-09
6.265,0.15549263588878245,77.50000008894969,0,60,3.0,5,2.092933888942592e-09
6.27,0.1850529723539114,77.50000005771811,0,60,3.0,5,1.358073204220786e-09
6.275,0.21169159439317053,77.50000003726561,0,60,3.0,5,8.768378232643419e-10
6.28,0.23277292922115492,77.50000002394049,0,60,3.0,5,5.633055747346267e-10
6.285,0.24602692519491282,77.50000001530334,0,60,3.0,5,3.6007864925041384e-10
6.29,0.24995056064839283,77.50000000973347,0,60,3.0,5,2.2902280333629974e-10
6.295,0.24408826520424054,77.50000000615996,0,60,3.0,5,1.4494035253044465e-10
6.3,0.22911894216865275,77.50000000387898,0,60,3.0,5,9.127013393427821e-11
6.305,0.20672661788705934,77.50000000243044,0,60,3.0,5,5.718681998533772e-11
6.31,0.17928878030241233,77.50000000151523,0,60,3.0,5,3.565252668255091e-11
6.315,0.14946211903866036,77.50000000093995,0,60,3.0,5,2.2116436786531908e-11
6.32,0.1197651512573837,77.50000000058017,0,60,3.0,5,1.3651114225949106e-11
6.325,0.09224675744988023,77.50000000035632,0,60,3.0,5,8.38406990891706e-12
6.33,0.06829565320281596,77.50000000021774,0,60,3.0,5,5.123263904619414e-12
6.335,0.04860224607515734,77.5000000001324,0,60,3.0,5,3.1153537266244016e-12
6.34,0.03324612389699793,77.5000000000801,0,60,3.0,5,1.884860894813969e-12
6.345,0.021859876340472782,77.50000000004822,0,60,3.0,5,1.1345277658513034e-12
6.35,0.01381595518554205,77.50000000002889,0,60,3.0,5,6.797804149648394e-13
6.355,0.008394095110402422,77.50000000001721,0,60,3.0,5,4.049257661202265e-13
6.36,0.0049052535271608,77.5000000000102,0,60,3.0,5,2.4007985142388327e-13
6.365,0.0027671663551903634,77.50000000000603,0,60,3.0,5,1.4177417409989764e-13
6.37,0.0015425553464444616,77.50000000000354,0,60,3.0,5,8.325888997847762e-14
6.375,0.0009638206637011801,77.50000000000206,0,60,3.0,5,4.848409255774801e-14
6.38,0.0009804935156568228,77.5000000000012,0,60,3.0,5,2.808733637828161e-14
6.385,0.0018793744894085216,77.5000000000007,0,60,3.0,5,1.6384279553997603e-14
6.39,0.004535525206900863,77.5000000000004,0,60,3.0,5,9.362445459427202e-15
6.395,0.010832767979632273,77.50000000000023,0,60,3.0,5,5.349968833958401e-15
6.4,0.024208003392322392,77.50000000000013,0,60,3.0,5,3.0093574691016007e-15
6.405,0.0500971897335304,77.50000000000007,0,60,3.0,5,1.6718652606120004e-15
6.41,0.09582894921774403,77.50000000000004,0,60,3.0,5,1.0031191563672002e-15
6.415,0.16937896721820658,77.50000000000003,0,60,3.0,5,6.687461042448002e-16
6.42,0.27661303008991756,77.50000000000001,0,60,3.0,5,3.343730521224001e-16
6.425,0.4173782800009149,77.5,0,60,3.0,5,0.0
6.43,0.5818720934538056,77.5,0,60,3.0,5,0.0
6.435,0.7494718801585675,77.5,0,60,3.0,5,0.0
6.44,0.891813020752378,77.5,0,60,3.0,5,0.0
6.445,0.9800361632936612,77.5,0,60,3.0,5,0.0
6.45,0.993574479225126,77.50000249379623,1,60,3.0,5,5.8677558372972485e-08
6.455,0.9263438449375362,77.50000401906473,0,60,3.0,5,9.456622900175075e-08
6.46,0.7873015962290536,77.50000665673734,0,60,3.0,5,1.5662911390363127e-07
6.465,0.5959516244629897,77.50001150122418,0,60,3.0,5,2.706170395118962e-07
6.47,0.376910120078773,77.50002099875525,0,60,3.0,5,4.940883587444071e-07
6.475,0.15739335672107918,77.50004071188812,0,60,3.0,5,9.579267792586881e-07
6.48,-0.033361226269301235,77.5000832626602,0,60,3.0,5,1.9591214164152276e-06
6.485,-0.1680180840843834,77.50017686003419,0,60,3.0,5,4.161412569119955e-06
6.49,-0.23069703190837854,77.50038309007668,0,60,3.0,5,9.013884157211043e-06
6.495,-0.22587267821131068,77.50083263801669,0,60,3.0,5,1.959148274562829e-05
6.5,-0.17718181630665902,77.50179419355959,0,60,3.0,5,4.2216319049176114e-05
6.505,-0.11494332516451301,77.5038018927069,0,60,3.0,5,8.945629898595839e-05
6.51,-0.061810214049552864,77.50788085207563,0,60,3.0,5,0.00018543181354422868
6.515,-0.026546104631500547,77.51592812188959,0,60,3.0,5,0.0003747793385785184
6.52,-0.00719600351942686,77.53132489921451,0,60,3.0,5,0.0007370564521061304
6.525,0.0022072757983807078,77.55986857534594,0,60,3.0,5,0.001408672361081057
6.53,0.006917199873730717,77.61110876243488,0,60,3.0,5,0.002614323821997205
6.535,0.01004859748264829,77.70013371550611,0,60,3.0,5,0.004709028600143818
6.54,0.013037082251128167,77.84976424958334,0,60,3.0,5,0.008229747049019874
6.545,0.01645163937690478,78.09295721206486,0,60,3.0,5,0.013951934401526119
6.55,0.020526639934696615,78.47499999829667,0,60,3.0,5,0.022941176430509812
6.555,0.02539629541761738,79.05481821415815,0,60,3.0,5,0.03658395798019168
6.56,0.031171612185577933,79.90448328068352,0,60,3.0,5,0.056576077192553455
6.565,0.03795853426638131,81.10589470323063,0,60,3.0,5,0.08484458125248547
6.57,0.0458588961882057,82.74374175486754,0,60,3.0,5,0.12338215893805983
6.575,0.054966995891435555,84.89432338335428,0,60,3.0,5,0.17398407960833592
6.58,0.06536491004445595,87.61065643152858,0,60,3.0,5,0.23789779838890782
6.585,0.07711726085088699,90.90544393360824,0,60,3.0,5,0.3154222102025468
6.59,0.09026570629555215,94.7346741447904,0,60,3.0,5,0.4055217445833036
6.595,0.10482339848670268,98.98552090826176,0,60,3.0,5,0.5055416684296885
6.6,0.12076968927580028,103.4724229370135,0,60,3.0,5,0.6111158338120825
6.605,0.13804539501007884,107.94443616967774,0,60,3.0,5,0.7163396745806528
6.61,0.15654895051787066,112.10512162778798,0,60,3.0,5,0.8142381559479525
6.615,0.17613378141900526,115.64362478985024,0,60,3.0,5,0.897497053878829
6.62,0.19660720058055794,118.27281350312276,0,60,3.0,5,0.9593603177205355
6.625,0.21773108748496234,119.76814077238026,0,60,3.0,5,0.9945444887618885
6.63,0.23922453870058807,120.0,0,60,3.0,5,1.0
6.635,0.2607685857914563,118.95314590288135,0,60,3.0,5,0.9753681388913258
6.64,0.2820129681603682,116.72918366355731,0,60,3.0,5,0.9230396156131131
6.645,0.30258482867153996,113.5316049964274,0,60,3.0,5,0.8478024705041742
6.65,0.3220990771751686,109.63646406831127,0,60,3.0,5,0.756152095724971
6.655,0.3401700499968971,105.35458561762752,0,60,3.0,5,0.6554020145324122
6.66,0.3564239911198326,100.99248893952768,0,60,3.0,5,0.5527644456359453
6.665,0.3705118017738417,96.8187683711404,0,60,3.0,5,0.45455925579153866
6.67,0.3821214567925213,93.04077225327377,0,60,3.0,5,0.36566522948879465
6.675,0.39098947374066967,89.79371843965717,0,60,3.0,5,0.28926396328605103
6.68,0.3969108472035567,87.14165644317937,0,60,3.0,5,0.22686250454539697
6.685,0.3997469255491936,85.08759563938715,0,60,3.0,5,0.17853166210322696
6.69,0.3994308076379137,83.58903512890868,0,60,3.0,5,0.14327141479785122
6.695,0.3959699661768434,82.5750831885643,0,60,3.0,5,0.11941372208386604
6.7,0.38944595408114946,81.96209894555811,0,60,3.0,5,0.10499056342489672
6.705,0.38001120995358023,81.66594408949582,0,60,3.0,5,0.09802221387048997
6.71,0.3678831374098315,81.61012011067432,0,60,3.0,5,0.09670870848645449
6.715,0.35333577933796634,81.73001412575576,0,60,3.0,5,0.09952974413542962
6.72,0.33668953221163944,81.9740569196691,0,60,3.0,5,0.10527192752162577
6.725,0.3182994390982644,82.30281455722077,0,60,3.0,5,0.11300740134637108
6.73,0.29854265738230645,82.68697806243524,0,60,3.0,5,0.12204654264553516
6.735,0.2778057157821067,83.10500288202783,0,60,3.0,5,0.13188242075359607
6.74,0.2564721553719815,83.54088836312438,0,60,3.0,5,0.14213854972057366
6.745,0.23491109433464996,83.98235094877167,0,60,3.0,5,0.1525259046769804
6.75,0.21346717185309805,84.41946941505594,0,60,3.0,5,0.16281104506013983
6.755,0.19245222055656455,84.84377268387394,0,60,3.0,5,0.1727946513852691
6.76,0.17213889801761392,85.24768931250232,0,60,3.0,5,0.18229857205887803
6.765,0.15275638501270183,85.6242648120442,0,60,3.0,5,0.19115917204809887
6.77,0.13448814019607322,85.96706139873842,0,60,3.0,5,0.19922497408796289
6.775,0.11747159495449566,86.27017188891756,0,60,3.0,5,0.20635698562158963
6.78,0.10179958433370105,86.52829745546912,0,60,3.0,5,0.2124305283639792
6.785,0.08752324394101413,86.73685419000861,0,60,3.0,5,0.21733774564726152
6.79,0.07465606047174059,86.89208483898226,0,60,3.0,5,0.22099023150546487
6.795,0.0631787448609295,86.99116006815686,0,60,3.0,5,0.22332141336839667
6.8,0.05304460019959574,87.03225902501083,0,60,3.0,5,0.22428844764731365
6.805,0.044185078305849994,87.01462268793274,0,60,3.0,5,0.22387347501018218
6.81,0.03651525513023255,86.938576193165,0,60,3.0,5,0.22208414572152954
6.815,0.0299390014708757,86.80551845792122,0,60,3.0,5,0.2189533754804994
6.82,0.024353677220580638,86.61787921661588,0,60,3.0,5,0.21453833450860885
6.825,0.01965423034339045,86.37904516438496,0,60,3.0,5,0.2089187097502344
6.83,0.015736632374757337,86.09325828228936,0,60,3.0,5,0.2021943125244554
6.835,0.012500627640593535,85.76549058334514,0,60,3.0,5,0.19448213137282686
6.84,0.009851811652115898,85.40130043404575,0,60,3.0,5,0.1859129513893118
6.845,0.007703084175428559,85.00667624009144,0,60,3.0,5,0.17662767623744557
6.85,0.005975544002062424,84.5878736165182,0,60,3.0,5,0.16677349685925164
6.855,0.004598905818663047,84.1512521860989,0,60,3.0,5,0.1565000514376212
6.86,0.0035115256454839104,83.70311787792295,0,60,3.0,5,0.14595571477465763
6.865,0.002660121266303676,83.24957605920653,0,60,3.0,5,0.13528414256956547
6.87,0.0019992692560877024,82.79640007066425,0,60,3.0,5,0.12462117813327642
6.875,0.0014907520044639367,82.34891880303006,0,60,3.0,5,0.11409220713011906
6.88,0.0011028178277539807,81.91192591013301,0,60,3.0,5,0.10381002141489429
6.885,0.0008094059938923333,81.4896121652756,0,60,3.0,5,0.09387322741824947
6.89,0.0005893771793717645,81.08552139364798,0,60,3.0,5,0.08436520926230541
6.895,0.0004257792353490551,80.70252940960066,0,60,3.0,5,0.0753536331670743
6.9,0.0003051686392901525,80.34284450049499,0,60,3.0,5,0.06689045883517625
6.905,0.00021699992642659966,80.00802726425805,0,60,3.0,5,0.0590124062178364
6.91,0.00015308884054097838,79.69902704912806,0,60,3.0,5,0.051741812920660296
6.915,0.00010714989329311098,79.41623187227422,0,60,3.0,5,0.04508780875939351
6.92,7.440535854020571e-05,79.15952850794406,0,60,3.0,5,0.039047729598683766
6.925,5.1260276743925106e-05,78.92836942389224,0,60,3.0,5,0.03360869232687612
6.93,3.503659887882241e-05,78.72184338679695,0,60,3.0,5,0.02874925615992819
6.935,2.375894748103639e-05,78.53874682658088,0,60,3.0,5,0.024441101801902974
6.94,1.5984413869232557e-05,78.37765341556387,0,60,3.0,5,0.020650668601502824
6.945,1.0669166579899869e-05,78.23697974928406,0,60,3.0,5,0.01734069998315436
6.95,7.06526633560511e-06,78.11504548046908,0,60,3.0,5,0.01447165836397831
6.955,4.641847214699205e-06,78.01012672743485,0,60,3.0,5,0.012002981821996507
6.96,3.025641074479182e-06,77.92050202852263,0,60,3.0,5,0.009894165377003153
6.965,1.9566278676921314e-06,77.84449052533684,0,60,3.0,5,0.008105659419690296
6.97,1.2553456560008793e-06,77.78048241513851,0,60,3.0,5,0.006599586238553122
6.975,7.990660428214668e-07,77.7269620077667,0,60,3.0,5,0.005340282535687092
6.98,5.046221251618276e-07,77.68252395090362,0,60,3.0,5,0.004294681197732121
6.985,3.1616527078858815e-07,77.64588334976786,0,60,3.0,5,0.003432549406302515
6.99,1.9652884407760343e-07,77.61588060740796,0,60,3.0,5,0.0027266025272461
6.995,1.2120002189836396e-07,77.59148185636249,0,60,3.0,5,0.002152514267352752
7.0,7.415549848886236e-08,77.57177585002913,0,60,3.0,5,0.001688843530097101
7.005,4.501406988770349e-08,77.55596814204536,0,60,3.0,5,0.0013168974598907906
7.01,0.0,77.5433733139136,0,60,3.0,5,0.001020548562673064
7.015,0.0,77.53340592415256,0,60,3.0,5,0.0007860217447661371
7.02,0.0,77.52557075468849,0,60,3.0,5,0.0006016648161997129
7.025,0.0,77.51945282907765,0,60,3.0,5,0.00045771362535647846
7.03,0.0,77.51470757818475,0,60,3.0,5,0.00034606066317070035
7.035,0.0,77.51105143644553,0,60,3.0,5,0.00026003379871828174
7.04,0.0,77.50825306879179,0,60,3.0,5,0.00019418985392442612
7.045,0.0,77.50612535649373,0,60,3.0,5,0.00014412603514649485
7.05,0.0,77.50451821032726,0,60,3.0,5,0.00010631083122970107
7.055,0.0,77.50331223153827,0,60,3.0,5,7.793485972409625e-05
7.06,0.0,77.50241320436483,0,60,3.0,5,5.67812791724223e-05
7.065,0.0,77.50174737728615,0,60,3.0,5,4.111475967413432e-05
7.07,0.0,77.50125747233716,0,60,3.0,5,2.9587584403730835e-05
7.075,0.0,77.50089935129334,0,60,3.0,5,2.1161206902153186e-05
7.08,0.0,77.50063926283588,0,60,3.0,5,1.5041478491184535e-05
7.085,0.0,77.50045159457952,0,60,3.0,5,1.062575481214748e-05
7.09,0.0,77.50031705685961,0,60,3.0,5,7.460161402698705e-06
7.095,0.0,77.50022123037567,0,60,3.0,5,5.205420604049911e-06
7.1,0.0,77.50015341630895,0,60,3.0,5,3.609795504644353e-06
7.105,0.0,77.50010573468424,0,60,3.0,5,2.487874923297247e-06
7.11,0.0,77.50007242401301,0,60,3.0,5,1.704094423824726e-06
7.115,0.001684486749771458,77.50004930226457,0,60,3.0,5,1.1600532840314853e-06
7.12,0.003097557930867117,77.50003335572006,0,60,3.0,5,7.848404720789403e-07
7.125,0.005475106668887023,77.5000224281237,0,60,3.0,5,5.277205576369263e-07
7.13,0.00930222931468658,77.50001498769115,0,60,3.0,5,3.5265155635416327e-07
7.135,0.01519157517868857,77.50000995395554,0,60,3.0,5,2.3421071860492008e-07
7.14,0.023847336626128316,77.50000657015823,0,60,3.0,5,1.5459195845537846e-07
7.145,0.0359830743700859,77.50000430997876,0,60,3.0,5,1.0141126501687668e-07
7.15,0.05218887796857759,77.50000280991772,0,60,3.0,5,6.611571099229502e-08
7.155,0.0727577001223134,77.50000182067004,0,60,3.0,5,4.283929496630342e-08
7.16,0.0974992498694751,77.50000117243306,0,60,3.0,5,2.7586660213701716e-08
7.165,0.12558706050443358,77.50000075035025,0,60,3.0,5,1.765530007159053e-08
7.17,0.15549263588878245,77.50000047726456,0,60,3.0,5,1.1229754443989162e-08
7.175,0.1850529723539114,77.50000030169875,0,60,3.0,5,7.098794064992998e-09
7.18,0.21169159439317053,77.50000018954267,0,60,3.0,5,4.459827644442318e-09
7.185,0.23277292922115492,77.50000011834766,0,60,3.0,5,2.784650753122097e-09
7.19,0.24602692519491282,77.50000007343981,0,60,3.0,5,1.7279954617526314e-09
7.195,0.24995056064839283,77.5000000452921,0,60,3.0,5,1.065696404325803e-09
7.2,0.24408826520424054,77.50000002776085,0,60,3.0,5,6.531964198289001e-10
7.205,0.22911894216865275,77.50000001691072,0,60,3.0,5,3.978992508029264e-10
7.21,0.20672661788705934,77.5000000102379,0,60,3.0,5,2.4089170919443646e-10
7.215,0.17928878030241233,77.50000000615996,0,60,3.0,5,1.4494035253044465e-10
7.22,0.14946211903866036,77.50000000368354,0,60,3.0,5,8.667150134843884e-11
7.225,0.1197651512573837,77.50000000218913,0,60,3.0,5,5.150883118724724e-11
7.23,0.09224675744988023,77.50000000129299,0,60,3.0,6,3.0423266520408696e-11
7.235,0.06829565320281596,77.500000000759,0,60,3.0,6,1.785886471385739e-11
7.24,0.04860224607515734,77.5000000004428,0,60,3.0,6,1.0418729931081864e-11
7.245,0.03324612389699793,77.50000000025673,0,60,3.0,6,6.04078355964328e-12
7.25,0.021859876340472782,77.50000000014793,0,60,3.0,6,3.480823472594185e-12
7.255,0.01381595518554205,77.50000000008473,0,60,3.0,6,1.9935321367537493e-12
7.26,0.008394095110402422,77.50000000004822,0,60,3.0,6,1.1345277658513034e-12
7.265,0.0049052535271608,77.50000000002727,0,60,3.0,6,6.416618870228858e-13
7.27,0.0027671663551903634,77.50000000001533,0,60,3.0,6,3.607885232400697e-13
7.275,0.0015425553464444616,77.50000000000857,0,60,3.0,6,2.0162695042980724e-13
7.28,0.0009638206637011801,77.50000000000476,0,60,3.0,6,1.1201497246100404e-13
7.285,0.0009804935156568228,77.50000000000263,0,60,3.0,6,6.185901464264401e-14
7.29,0.0018793744894085216,77.50000000000144,0,60,3.0,6,3.377167826436241e-14
7.295,0.004535525206900863,77.50000000000078,0,60,3.0,6,1.8390517866732006e-14
7.3,0.010832767979632273,77.50000000000043,0,60,3.0,6,1.0031191563672003e-14
7.305,0.024208003392322392,77.50000000000023,0,60,3.0,6,5.349968833958401e-15
7.31,0.0500971897335304,77.50000000000013,0,60,3.0,6,3.0093574691016007e-15
7.315,0.09582894921774403,77.50000000000007,0,60,3.0,6,1.6718652606120004e-15
7.32,0.16937896721820658,77.50000000000003,0,60,3.0,6,6.687461042448002e-16
7.325,0.27661303008991756,77.50000000000001,0,60,3.0,6,3.343730521224001e-16
7.33,0.4173782800009149,77.50000000000001,0,60,3.0,6,3.343730521224001e-16
7.335,0.5818720934538056,77.5,0,60,3.0,6,0.0
7.34,0.7494718801585675,77.5,0,60,3.0,6,0.0
7.345,0.891813020752378,77.5,0,60,3.0,6,0.0
7.35,0.9800361632936612,77.5,0,60,3.0,6,0.0
7.355,0.993574479225126,77.50000248997046,1,60,3.0,6,5.8587540131745354e-08
7.36,0.9263438449375362,77.50000384762257,0,60,3.0,6,9.053229565752725e-08
7.365,0.7873015962290536,77.50000607642373,0,60,3.0,6,1.4297467600954406e-07
7.37,0.5959516244629897,77.5000099193542,0,60,3.0,6,2.3339656937584068e-07
7.375,0.376910120078773,77.50001691763335,0,60,3.0,6,3.9806196107693883e-07
7.38,0.15739335672107918,77.50003032958121,0,60,3.0,6,7.13637204880262e-07
7.385,-0.033361226269301235,77.50005706326723,0,60,3.0,6,1.3426651114112996e-06
7.39,-0.1680180840843834,77.50011163602987,0,60,3.0,6,2.6267301146109436e-06
7.395,-0.23069703190837854,77.50022405397121,0,60,3.0,6,5.271858146095516e-06
7.4,-0.22587267821131068,77.50045501243203,0,60,3.0,6,1.0706174871235335e-05
7.405,-0.17718181630665902,77.50092427728828,0,60,3.0,6,2.17477009006389e-05
7.41,-0.11494332516451301,77.50186190043328,0,60,3.0,6,4.3809421959608964e-05
7.415,-0.061810214049552864,77.5036974124983,0,60,3.0,6,8.699794113641367e-05
7.42,-0.026546104631500547,77.50720948330502,0,60,3.0,6,0.00016963490129455748
7.425,-0.00719600351942686,77.51376740494521,0,60,3.0,6,0.00032393893988736473
7.43,0.0022072757983807078,77.52570486126365,0,60,3.0,6,0.0006048202650270147
7.435,0.006917199873730717,77.54687310100944,0,60,3.0,6,0.0011028964943397355
7.44,0.01004859748264829,77.58342030040448,0,60,3.0,6,0.0019628305977525597
7.445,0.013037082251128167,77.64483019563318,0,60,3.0,6,0.0034077693090159085
7.45,0.01645163937690478,77.74521845683252,0,60,3.0,6,0.00576984604311807
7.455,0.020526639934696615,77.90482292278939,0,60,3.0,6,0.009525245242103358
7.46,0.02539629541761738,78.15153067952627,0,60,3.0,6,0.015330133635912341
7.465,0.031171612185577933,78.52216589770399,0,60,3.0,6,0.024050962298917296
7.47,0.03795853426638131,79.06313417566034,0,60,3.0,6,0.03677962766259618
7.475,0.0458588961882057,79.82991303787692,0,60,3.0,6,0.05482148324416284
7.48,0.054966995891435555,80.88483816617295,0,60,3.0,6,0.0796432509687754
7.485,0.06536491004445595,82.29271025083777,0,60,3.0,6,0.11276965296088874
7.49,0.07711726085088699,84.1139790420912,0,60,3.0,6,0.15562303628449886
7.495,0.09026570629555215,86.39566362124735,0,60,3.0,6,0.20930973226464356
7.5,0.10482339848670268,89.16071083043977,0,60,3.0,6,0.2743696665985828
7.505,0.12076968927580028,92.39709175659418,0,60,3.0,6,0.3505198060375101
7.51,0.13804539501007884,96.04845287733258,0,60,3.0,6,0.43643418534900186
7.515,0.15654895051787066,100.00841066564702,0,60,3.0,6,0.5296096627211063
7.52,0.17613378141900526,104.12045778604747,0,60,3.0,6,0.6263637126128816
7.525,0.19660720058055794,108.18485302700304,0,60,3.0,6,0.7219965418118364
7.53,0.21773108748496234,111.9728233716453,0,60,3.0,6,0.811125255803419
7.535,0.23922453870058807,115.2470723582789,0,60,3.0,6,0.8881664084300918
7.54,0.2607685857914563,117.78623296545425,0,60,3.0,6,0.9479113638930411
7.545,0.2820129681603682,119.40984825503094,0,60,3.0,6,0.9861140765889632
7.55,0.30258482867153996,120.0,0,60,3.0,6,1.0
7.555,0.3220990771751686,119.5160061135284,0,60,3.0,6,0.9886119085536096
7.56,0.3401700499968971,117.99966259133913,0,60,3.0,6,0.9529332374432736
7.565,0.3564239911198326,115.57011308967998,0,60,3.0,6,0.8957673668159994
7.57,0.3705118017738417,112.40924080138602,0,60,3.0,6,0.8213939012090828
7.575,0.3821214567925213,108.74008947923315,0,60,3.0,6,0.7350609289231329
7.58,0.39098947374066967,104.80188363205593,0,60,3.0,6,0.6423972619307279
7.585,0.3969108472035567,100.82552814904717,0,60,3.0,6,0.5488359564481687
7.59,0.3997469255491936,97.0130132410624,0,60,3.0,6,0.45912972331911517
7.595,0.3994308076379137,93.5231013335713,0,60,3.0,6,0.37701414902520713
7.6,0.3959699661768434,90.4643185404905,0,60,3.0,6,0.30504278918801164
7.605,0.38944595408114946,87.89493732644314,0,60,3.0,6,0.24458676062219156
7.61,0.38001120995358023,85.82858881956196,0,60,3.0,6,0.19596679575439901
7.615,0.3678831374098315,84.24354173369385,0,60,3.0,6,0.15867157020456107
7.62,0.35333577933796634,83.09355905991723,0,60,3.0,6,0.13161315435099355
7.625,0.33668953221163944,82.31851219968635,0,60,3.0,6,0.11337675763967889
7.63,0.3182994390982644,81.8534471763782,0,60,3.0,6,0.10243405120889874
7.635,0.29854265738230645,81.63539558810754,0,60,3.0,6,0.0973034256025304
7.64,0.2778057157821067,81.60776725230997,0,60,3.0,6,0.09665334711317575
7.645,0.2564721553719815,81.7225659161887,0,60,3.0,6,0.09935449214561645
7.65,0.23491109433464996,81.94090307100727,0,60,3.0,6,0.10449183696487693
7.655,0.21346717185309805,82.23236173414895,0,60,3.0,6,0.1113496878623283
7.66,0.19245222055656455,82.5737228448738,0,60,3.0,6,0.11938171399703057
7.665,0.17213889801761392,82.94746101237237,0,60,3.0,6,0.1281755532322911
7.67,0.15275638501270183,83.34028784104275,0,60,3.0,6,0.13741853743630003
7.675,0.13448814019607322,83.74190129408117,0,60,3.0,6,0.14686826574308645
7.68,0.11747159495449566,84.14400555542274,0,60,3.0,6,0.156329542480535
7.685,0.10179958433370105,84.53960260488017,0,60,3.0,6,0.1656377083501217
7.69,0.08752324394101413,84.9225212845037,0,60,3.0,6,0.17464755963538123
7.695,0.07465606047174059,85.28713521594845,0,60,3.0,6,0.18322671096349302
7.7,0.0631787448609295,85.62822001971128,0,60,3.0,6,0.19125223575791245
7.705,0.05304460019959574,85.94090650370732,0,60,3.0,6,0.19860956479311354
7.71,0.044185078305849994,86.22069530027292,0,60,3.0,6,0.20519283059465698
7.715,0.03651525513023255,86.46350713588414,0,60,3.0,6,0.2109060502560975
7.72,0.0299390014708757,86.66575024332924,0,60,3.0,6,0.21566471160774686
7.725,0.024353677220580638,86.82439202975053,0,60,3.0,6,0.2193974595235418
7.73,0.01965423034339045,86.93702615390892,0,60,3.0,6,0.22204767420962157
7.735,0.015736632374757337,87.00192899594394,0,60,3.0,6,0.22357479990456333
7.74,0.012500627640593535,87.0181014934289,0,60,3.0,6,0.22395532925715061
7.745,0.009851811652115898,86.98529377288109,0,60,3.0,6,0.22318338289131984
7.75,0.007703084175428559,86.90401114067697,0,60,3.0,6,0.2212708503688699
7.755,0.005975544002062424,86.77550094420542,0,60,3.0,6,0.2182470810401275
7.76,0.004598905818663047,86.60172064316458,0,60,3.0,6,0.21415813278034312
7.765,0.0035115256454839104,86.38528817010885,0,60,3.0,6,0.2090656040025612
7.77,0.002660121266303676,86.12941631144672,0,60,3.0,6,0.20304508968109924
7.775,0.0019992692560877024,85.8378333951069,0,60,3.0,6,0.19618431517898585
7.78,0.0014907520044639367,85.5146930147361,0,60,3.0,6,0.18858101211143755
7.785,0.0011028178277539807,85.16447583928647,0,60,3.0,6,0.180340607983211
7.79,0.0008094059938923333,84.79188674208152,0,60,3.0,6,0.17157380569603567
7.795,0.0005893771793717645,84.40175053163802,0,60,3.0,6,0.1623941301561886
7.8,0.0004257792353490551,83.99890948084484,0,60,3.0,6,0.15291551719634927
7.805,0.0003051686392901525,83.58812564108673,0,60,3.0,6,0.14325001508439372
7.81,0.00021699992642659966,83.17399060876907,0,60,3.0,6,0.13350566138280173
7.815,0.00015308884054097838,82.76084500333593,0,60,3.0,6,0.1237845883137866
7.82,0.00010714989329311098,82.35270944151372,0,60,3.0,6,0.11418139862385233
7.825,7.440535854020571e-05,81.95322827731624,0,60,3.0,6,0.1047818418192057
7.83,5.1260276743925106e-05,81.5656268469004,0,60,3.0,6,0.09566180816236236
7.835,3.503659887882241e-05,81.19268243627361,0,60,3.0,6,0.08688664555937915
7.84,2.375894748103639e-05,80.83670870048552,0,60,3.0,6,0.07851079295260038
7.845,1.5984413869232557e-05,80.49955282436576,0,60,3.0,6,0.07057771351448858
7.85,1.0669166579899869e-05,80.18260434212327,0,60,3.0,6,0.06312010216760634
7.855,7.06526633560511e-06,79.88681423671093,0,60,3.0,6,0.05616033498143371
7.86,4.641847214699205e-06,79.61272272561617,0,60,3.0,6,0.049711122955674494
7.865,3.025641074479182e-06,79.3604940089418,0,60,3.0,6,0.043776329622159986
7.87,1.9566278676921314e-06,79.12995620540356,0,60,3.0,6,0.03835191071537786
7.875,1.2553456560008793e-06,78.92064472570667,0,60,3.0,6,0.03342693472250978
7.88,7.990660428214668e-07,78.73184742133546,0,60,3.0,6,0.028984645207893154
7.885,5.046221251618276e-07,78.56264998870968,0,60,3.0,6,0.025003529146110114
7.89,3.1616527078858815e-07,78.41198029133812,0,60,3.0,6,0.021458359796191175
7.895,1.9652884407760343e-07,78.27865047304697,0,60,3.0,6,0.018321187601105078
7.9,1.2120002189836396e-07,78.16139596092438,0,60,3.0,6,0.015562257904103075
7.905,7.415549848886236e-08,78.05891068560801,0,60,3.0,6,0.013150839661364992
7.91,4.501406988770349e-08,77.96987806868721,0,60,3.0,6,0.011055954557346079
7.915,0.0,77.89299753381259,0,60,3.0,6,0.009247000795590352
7.92,0.0,77.8270064830745,0,60,3.0,6,0.007694270189988201
7.925,0.0,77.77069783881038,0,60,3.0,6,0.00636936091318536
7.93,0.0,77.72293338065182,0,60,3.0,6,0.005245491309454685
7.935,0.0,77.6826532075086,0,60,3.0,6,0.004297722529613967
7.94,0.0,77.64888172502401,0,60,3.0,6,0.0035030994123296886
7.945,0.0,77.62073060277085,0,60,3.0,6,0.0028407200651964317
7.95,0.0,77.59739916496626,0,60,3.0,6,0.002291745058029699
7.955,0.0,77.57817267726432,0,60,3.0,6,0.0018393571121016388
7.96,0.0,77.56241897406092,0,60,3.0,6,0.0014686817426098407
7.965,0.0,77.54958383962341,0,60,3.0,6,0.0011666785793743337
7.97,0.0,77.53918551600158,0,60,3.0,6,0.0009220121412136665
7.975,0.0,77.53080866455502,0,60,3.0,6,0.000724909754235876
7.98,0.0,77.52409805909379,0,60,3.0,6,0.0005670131551479538
7.985,0.0,77.51875223963577,0,60,3.0,6,0.0004412291679005541
7.99,0.0,77.51451730867906,0,60,3.0,6,0.0003415837336249564
7.995,0.0,77.51118100820227,0,60,3.0,6,0.00026308254593579797
8.0,0.0,77.50856717638953,0,60,3.0,6,0.000201580620930198
8.005,0.0,77.506530648948,0,60,3.0,6,0.0001536623281882545
8.01,0.0,77.50495264109921,0,60,3.0,6,0.00011653273174608651
8.015,0.0,77.50373662283334,0,60,3.0,6,8.792053725515228e-05
8.02,0.0,77.50280468154695,0,60,3.0,6,6.599250698701219e-05
8.025,0.0,77.50209435230339,0,60,3.0,6,4.927887772677262e-05
8.03,0.0,77.50155588612591,0,60,3.0,6,3.660908531561718e-05
8.035,0.0,77.50114992036497,0,60,3.0,6,2.705694976391308e-05
8.04,0.0,77.50084551167804,0,60,3.0,6,1.989439242439563e-05
8.045,0.0,77.50061849094135,0,60,3.0,6,1.4552728031744396e-05
8.05,0.0,77.50045009994905,0,60,3.0,6,1.0590587036444156e-05
8.055,0.0,77.5003258715694,0,60,3.0,6,7.667566338862825e-06
8.06,0.0,77.50023471771487,0,60,3.0,6,5.522769761763116e-06
8.065,0.0,77.50016819270388,0,60,3.0,6,3.95747538545145e-06
8.07,0.0,77.50011990307587,0,60,3.0,6,2.8212488439962992e-06
8.075,0.0,77.50008503845943,0,60,3.0,6,2.0009049278007082e-06
8.08,0.0,77.5000600015309,0,60,3.0,6,1.4118007270018793e-06
8.085,0.0,77.50004211833227,0,60,3.0,6,9.910195829246839e-07
8.09,0.0,77.50002941317382,0,60,3.0,6,6.920746781200732e-07
8.095,0.0,77.50002043499333,0,60,3.0,6,4.80823372500334e-07
8.1,0.0,77.50001412436717,0,60,3.0,6,3.3233805103972213e-07
8.105,0.001684486749771458,77.50000971237372,0,60,3.0,6,2.2852644058409221e-07
8.11,0.003097557930867117,77.50000664421472,0,60,3.0,6,1.5633446403572795e-07
8.115,0.005475106668887023,77.50000452192985,0,60,3.0,6,1.0639834947730432e-07
8.12,0.00930222931468658,77.50000306172282,0,60,3.0,6,7.204053698681973e-08
8.125,0.01519157517868857,77.50000206238532,0,60,3.0,6,4.8526713418836795e-08
8.13,0.023847336626128316,77.5000013820878,0,60,3.0,6,3.2519712998263834e-08
8.135,0.0359830743700859,77.50000092143212,0,60,3.0,6,2.1680755721450518e-08
8.14,0.05218887796857759,77.50000061115722,0,60,3.0,6,1.4380169860113015e-08
8.145,0.0727577001223134,77.50000040327791,0,60,3.0,6,9.48889197281781e-09
8.15,0.0974992498694751,77.50000026473893,0,60,3.0,6,6.229151281064225e-09
8.155,0.12558706050443358,77.50000017289923,0,60,3.0,6,4.068217282003709e-09
8.16,0.15549263588878245,77.50000011233891,0,60,3.0,6,2.643268464239287e-09
8.165,0.1850529723539114,77.50000007261549,0,60,3.0,6,1.7085998184912194e-09
8.17,0.21169159439317053,77.50000004669712,0,60,3.0,6,1.0987558679891449e-09
8.175,0.23277292922115492,77.50000002987535,0,60,3.0,6,7.029494581194526e-10
8.18,0.24602692519491282,77.50000001901506,0,60,3.0,6,4.474132123612114e-10
8.185,0.24995056064839283,77.50000001204049,0,60,3.0,6,2.833055933639544e-10
8.19,0.24408826520424054,77.50000000758494,0,60,3.0,6,1.7846927595896618e-10
8.195,0.22911894216865275,77.5000000047536,0,60,3.0,6,1.1184945780020345e-10
8.2,0.20672661788705934,77.50000000296384,0,60,3.0,6,6.9737512496752e-11
8.205,0.17928878030241233,77.50000000183844,0,60,3.0,6,4.325750738002278e-11
8.21,0.14946211903866036,77.5000000011345,0,60,3.0,6,2.6694003870087567e-11
8.215,0.1197651512573837,77.5000000006965,0,60,3.0,6,1.6388292030623073e-11
8.22,0.09224675744988023,77.5000000004254,0,60,3.0,6,1.0009457315284047e-11
8.225,0.06829565320281596,77.5000000002585,0,60,3.0,6,6.0822458181064576e-12
8.23,0.04860224607515734,77.50000000015626,0,60,3.0,6,3.676766081137912e-12
8.235,0.03324612389699793,77.50000000009398,0,60,3.0,6,2.2112089936854317e-12
8.24,0.021859876340472782,77.50000000005623,0,60,3.0,6,1.3231141672483372e-12
8.245,0.01381595518554205,77.50000000003347,0,60,3.0,6,7.874485377482522e-13
8.25,0.008394095110402422,77.50000000001982,0,60,3.0,6,4.664504077107481e-13
8.255,0.0049052535271608,77.50000000001168,0,60,3.0,6,2.7485464884461285e-13
8.26,0.0027671663551903634,77.50000000000685,0,60,3.0,6,1.6116781112299685e-13
8.265,0.0015425553464444616,77.500000000004,0,60,3.0,6,9.395882764639442e-14
8.27,0.0009638206637011801,77.50000000000232,0,60,3.0,6,5.4502807495951216e-14
8.275,0.0009804935156568228,77.50000000000134,0,60,3.0,6,3.143106689950561e-14
8.28,0.0018793744894085216,77.50000000000077,0,60,3.0,6,1.8056144814609604e-14
8.285,0.004535525206900863,77.50000000000044,0,60,3.0,6,1.0365564615794402e-14
8.29,0.010832767979632273,77.50000000000024,0,60,3.0,6,5.684341886080802e-15
8.295,0.024208003392322392,77.50000000000014,0,60,3.0,6,3.343730521224001e-15
8.3,0.0500971897335304,77.50000000000009,0,60,3.0,6,2.0062383127344005e-15
8.305,0.09582894921774403,77.50000000000004,0,60,3.0,6,1.0031191563672002e-15
8.31,0.16937896721820658,77.50000000000003,0,60,3.0,6,6.687461042448002e-16
8.315,0.27661303008991756,77.50000000000001,0,60,3.0,6,3.343730521224001e-16
8.32,0.4173782800009149,77.5,0,60,3.0,6,0.0
8.325,0.5818720934538056,77.5,0,60,3.0,6,0.0
8.33,0.7494718801585675,77.5,0,60,3.0,6,0.0
8.335,0.891813020752378,77.5,0,60,3.0,6,0.0
8.34,0.9800361632936612,77.5,0,60,3.0,6,0.0
8.345,0.993574479225126,77.500002493001,1,60,3.0,6,5.865884719134877e-08
8.35,0.9263438449375362,77.50000403990495,0,60,3.0,6,9.505658708268824e-08
8.355,0.7873015962290536,77.50000673338658,0,60,3.0,6,1.5843262551296743e-07
8.36,0.5959516244629897,77.50001172205435,0,60,3.0,6,2.758130435990204e-07
8.365,0.376910120078773,77.50002159836598,0,60,3.0,6,5.08196846487194e-07
8.37,0.15739335672107918,77.5000423130374,0,60,3.0,6,9.956008799396358e-07
8.375,-0.033361226269301235,77.5000874863636,0,60,3.0,6,2.0585026728734674e-06
8.38,-0.1680180840843834,77.50018779571332,0,60,3.0,6,4.418722666260317e-06
8.385,-0.23069703190837854,77.5004106754075,0,60,3.0,6,9.662950764563635e-06
8.39,-0.22587267821131068,77.50090006717714,0,60,3.0,6,2.117805122686471e-05
8.395,-0.17718181630665902,77.50195339128197,0,60,3.0,6,4.596214781111699e-05
8.4,-0.11494332516451301,77.50416429525522,0,60,3.0,6,9.798341776993712e-05
8.405,-0.061810214049552864,77.50867565958697,0,60,3.0,6,0.00020413316675223862
8.41,-0.026546104631500547,77.51760701827061,0,60,3.0,6,0.00041428278283787864
8.415,-0.00719600351942686,77.53474047080725,0,60,3.0,6,0.0008174228425235362
8.42,0.0022072757983807078,77.56656145142368,0,60,3.0,6,0.001566151798204253
8.425,0.006917199873730717,77.62374195804661,0,60,3.0,6,0.0029115754834496033
8.43,0.01004859748264829,77.72310544372154,0,60,3.0,6,0.005249539852271442
8.435,0.013037082251128167,77.89000429606669,0,60,3.0,7,0.009176571672157467
8.44,0.01645163937690478,78.16085865745615,0,60,3.0,7,0.015549615469556369
8.445,0.020526639934696615,78.5853536553238,0,60,3.0,7,0.025537733066442355
8.45,0.02539629541761738,79.22750755467197,0,60,3.0,7,0.04064723658051702
8.455,0.031171612185577933,80.16458440084935,0,60,3.0,7,0.06269610354939646
8.46,0.03795853426638131,81.48274868783383,0,60,3.0,7,0.09371173383138431
8.465,0.0458588961882057,83.26857903806466,0,60,3.0,7,0.13573127148387432
8.47,0.054966995891435555,85.59617429809057,0,60,3.0,7,0.19049821877860174
8.475,0.06536491004445595,88.5106083760204,0,60,3.0,7,0.25907313825930356
8.48,0.07711726085088699,92.00978288438272,0,60,3.0,7,0.3414066561031227
8.485,0.09026570629555215,96.0279882058141,0,60,3.0,7,0.43595266366621405
8.49,0.10482339848670268,100.42529330261053,0,60,3.0,7,0.5394186659437771
8.495,0.12076968927580028,104.98681717941321,0,60,3.0,7,0.6467486395156049
8.5,0.13804539501007884,109.43472228121598,0,60,3.0,7,0.7514052301462584
8.505,0.15654895051787066,113.45345423965574,0,60,3.0,7,0.8459636291683704
8.51,0.17613378141900526,116.72575887299736,0,60,3.0,7,0.9229590323058202
8.515,0.19660720058055794,118.97408494436186,0,60,3.0,7,0.9758608222202791
8.52,0.21773108748496234,120.0,0,60,3.0,7,1.0
8.525,0.23922453870058807,119.71391048883474,0,60,3.0,7,0.9932684820902292
8.53,0.2607685857914563,118.14895487370191,0,60,3.0,7,0.9564459970282803
8.535,0.2820129681603682,115.45612497999082,0,60,3.0,7,0.8930852936468427
8.54,0.30258482867153996,111.88165094363816,0,60,3.0,7,0.8089800222032509
8.545,0.3220990771751686,107.7313845806095,0,60,3.0,7,0.7113266960143412
8.55,0.3401700499968971,103.32935256522416,0,60,3.0,7,0.6077494721229213
8.555,0.3564239911198326,98.97824975042373,0,60,3.0,7,0.5053705823629112
8.56,0.3705118017738417,94.92839875542202,0,60,3.0,7,0.4100799707158123
8.565,0.3821214567925213,91.35913385331799,0,60,3.0,7,0.32609726713689374
8.57,0.39098947374066967,88.37350173832209,0,60,3.0,7,0.2558470997252257
8.575,0.3969108472035567,86.0044494287054,0,60,3.0,7,0.20010469244012705
8.58,0.3997469255491936,84.2288904969198,0,60,3.0,7,0.15832683522164243
8.585,0.3994308076379137,82.98543242148853,0,60,3.0,7,0.12906899815267117
8.59,0.3959699661768434,82.1919774842303,0,60,3.0,7,0.1103994702171837
8.595,0.38944595408114946,81.76050742568438,0,60,3.0,7,0.10024723354551483
8.6,0.38001120995358023,81.60768684122719,0,60,3.0,7,0.09665145508769864
8.605,0.3678831374098315,81.66110253364617,0,60,3.0,7,0.0979082949093217
8.61,0.35333577933796634,81.86177768865832,0,60,3.0,7,0.10263006326254874
8.615,0.33668953221163944,82.16400423581229,0,60,3.0,7,0.10974127613675966
8.62,0.3182994390982644,82.53358852952317,0,60,3.0,7,0.1184373771652511
8.625,0.29854265738230645,82.94542897378797,0,60,3.0,7,0.12812774055971693
8.63,0.2778057157821067,83.3810685904837,0,60,3.0,7,0.13837808448196925
8.635,0.2564721553719815,83.8265897549496,0,60,3.0,7,0.1488609354105787
8.64,0.23491109433464996,84.2709988703455,0,60,3.0,7,0.1593176204787175
8.645,0.21346717185309805,84.70510416059224,0,60,3.0,7,0.1695318626021704
8.65,0.19245222055656455,85.12081333354132,0,60,3.0,7,0.1793132549068546
8.655,0.17213889801761392,85.5107511902045,0,60,3.0,7,0.18848826329892945
8.66,0.15275638501270183,85.86810032171306,0,60,3.0,7,0.1968964781579543
8.665,0.13448814019607322,86.18658476289214,0,60,3.0,7,0.20439022971510915
8.67,0.11747159495449566,86.46053642232512,0,60,3.0,7,0.21083615111353224
8.675,0.10179958433370105,86.6850018841999,0,60,3.0,7,0.21611769139293896
8.68,0.08752324394101413,86.8558608849188,0,60,3.0,7,0.22013790317455995
8.685,0.07465606047174059,86.96993747496032,0,60,3.0,7,0.22282205823436044
8.69,0.0631787448609295,87.02509146159689,0,60,3.0,7,0.22411979909639734
8.695,0.05304460019959574,87.0202821976199,0,60,3.0,7,0.2240066399439978
8.7,0.044185078305849994,86.95559995930003,0,60,3.0,7,0.2224847049247066
8.705,0.03651525513023255,86.83226260182144,0,60,3.0,7,0.21958264945462214
8.71,0.0299390014708757,86.65257721375858,0,60,3.0,7,0.21535475797079004
8.715,0.024353677220580638,86.41986826370831,0,60,3.0,7,0.20987925326372492
8.72,0.01965423034339045,86.1383752850487,0,60,3.0,7,0.2032558890599693
8.725,0.015736632374757337,85.81312446541017,0,60,3.0,7,0.19560292859788633
8.73,0.012500627640593535,85.44977955977001,0,60,3.0,7,0.18705363670047076
8.735,0.009851811652115898,85.05447829289321,0,60,3.0,7,0.17775243042101666
8.74,0.007703084175428559,84.63366083201846,0,60,3.0,7,0.1678508431063168
8.745,0.005975544002062424,84.19389698542516,0,60,3.0,7,0.15750345848059188
8.75,0.004598905818663047,83.7417185275606,0,60,3.0,7,0.1468639653543669
8.755,0.0035115256454839104,83.2834624964952,0,60,3.0,7,0.13608147050576952
8.76,0.002660121266303676,82.82513050088303,0,60,3.0,7,0.1252971882560714
8.765,0.0019992692560877024,82.37226807034166,0,60,3.0,7,0.11464160165509792
8.77,0.0014907520044639367,81.92986695236372,0,60,3.0,7,0.1042321635850288
8.775,0.0011028178277539807,81.50229207083176,0,60,3.0,7,0.09417157813721781
8.78,0.0008094059938923333,81.09323368453238,0,60,3.0,7,0.08454667493017362
8.785,0.0005893771793717645,80.70568418126729,0,60,3.0,7,0.07542786308864205
8.79,0.0004257792353490551,80.34193796704291,0,60,3.0,7,0.06686912863630375
8.795,0.0003051686392901525,80.00361210088053,0,60,3.0,7,0.05890852002071838
8.8,0.00021699992642659966,79.69168471069607,0,60,3.0,7,0.05156905201637802
8.805,0.00015308884054097838,79.40654781693993,0,60,3.0,7,0.044859948633880806
8.81,0.00010714989329311098,79.14807098723111,0,60,3.0,7,0.038778140876026074
8.815,7.440535854020571e-05,78.91567223406882,0,60,3.0,7,0.0333099349192664
8.82,5.1260276743925106e-05,78.70839272612717,0,60,3.0,7,0.028432770026521708
8.825,3.503659887882241e-05,78.52497218179676,0,60,3.0,7,0.024116992512864834
8.83,2.375894748103639e-05,78.36392221741946,0,60,3.0,7,0.020327581586340168
8.835,1.5984413869232557e-05,78.22359539641143,0,60,3.0,7,0.017025774033210022
8.84,1.0669166579899869e-05,78.10224823448479,0,60,3.0,7,0.014170546693759768
8.845,7.06526633560511e-06,77.99809692877393,0,60,3.0,7,0.011719927735857241
8.85,4.641847214699205e-06,77.90936506774395,0,60,3.0,7,0.009632119241034081
8.855,3.025641074479182e-06,77.83432302279226,0,60,3.0,7,0.007866424065700277
8.86,1.9566278676921314e-06,77.77131910598851,0,60,3.0,7,0.006383978964435541
8.865,1.2553456560008793e-06,77.71880289200688,0,60,3.0,7,0.005148303341338292
8.87,7.990660428214668e-07,77.67534134216179,0,60,3.0,7,0.004125678639100857
8.875,5.046221251618276e-07,77.63962853559796,0,60,3.0,7,0.003285377308187395
8.88,3.1616527078858815e-07,77.61048991206685,0,60,3.0,7,0.0025997626368671396
8.885,1.9652884407760343e-07,77.58688197019153,0,60,3.0,7,0.0020442816515653436
8.89,1.2120002189836396e-07,77.56788835438546,0,60,3.0,7,0.001597373044363755
8.895,7.415549848886236e-08,77.5527132132434,0,60,3.0,7,0.0012403108998445505
8.9,4.501406988770349e-08,77.54067263293041,0,60,3.0,7,0.000957003127774335
8.905,0.0,77.5311848509153,0,60,3.0,7,0.0007337611980069462
8.91,0.0,77.52375984729784,0,60,3.0,7,0.0005590552305373903
8.915,0.0,77.51798880053254,0,60,3.0,7,0.00042326589488318273
8.92,0.0,77.51353378756535,0,60,3.0,7,0.00031844206036118843
8.925,0.0,77.51011800972186,0,60,3.0,7,0.00023807081698504697
8.93,0.0,77.50751673807936,0,60,3.0,7,0.00017686442539670947
8.935,0.0,77.50554909718198,0,60,3.0,7,0.00013056699251726112
8.94,0.0,77.50407074438012,0,60,3.0,7,9.578222070859631e-05
8.945,0.0,77.50296745349311,0,60,3.0,7,6.98224351320759e-05
8.95,0.0,77.50214957498069,0,60,3.0,7,5.057823483980428e-05
8.955,0.0,77.50154731901995,0,60,3.0,7,3.640750635173283e-05
8.96,0.0,77.50110679125095,0,60,3.0,7,2.6042147081117196e-05
8.965,0.0,77.50078670182728,0,60,3.0,7,1.8510631230128637e-05
8.97,0.0,77.50055566518674,0,60,3.0,7,1.3074474982070516e-05
8.975,0.0,77.50039000915886,0,60,3.0,7,9.17668609090202e-06
8.98,0.0,77.50027201635174,0,60,3.0,7,6.400384746912631e-06
8.985,0.0,77.5001885271079,0,60,3.0,7,4.435931950464532e-06
8.99,0.0,77.50012984080128,0,60,3.0,7,3.0550776771446288e-06
8.995,0.0,77.50008886017346,0,60,3.0,7,2.0908276108938857e-06
9.0,0.001684486749771458,77.50006043126905,0,60,3.0,7,1.4219122129040496e-06
9.005,0.003097557930867117,77.50004083897754,0,60,3.0,7,9.609171185917042e-07
9.01,0.005475106668887023,77.50002742499734,0,60,3.0,7,6.452940550950777e-07
9.015,0.00930222931468658,77.50001830108829,0,60,3.0,7,4.3061384210030906e-07
9.02,0.01519157517868857,77.50001213572779,0,60,3.0,7,2.8554653614692675e-07
9.025,0.023847336626128316,77.5000079967464,0,60,3.0,7,1.881587389321152e-07
9.03,0.0359830743700859,77.50000523623838,0,60,3.0,7,1.2320560893599844e-07
9.035,0.05218887796857759,77.50000340709376,0,60,3.0,7,8.016691193755405e-08
9.04,0.0727577001223134,77.50000220296373,0,60,3.0,7,5.1834440656046566e-08
9.045,0.0974992498694751,77.5000014154326,0,60,3.0,7,3.33042966277015e-08
9.05,0.12558706050443358,77.50000090371114,0,60,3.0,7,2.1263791522334726e-08
9.055,0.15549263588878245,77.50000057336167,0,60,3.0,7,1.3490862931361976e-08
9.06,0.1850529723539114,77.50000036148167,0,60,3.0,7,8.505451004941065e-09
9.065,0.21169159439317053,77.50000022646572,0,60,3.0,7,5.328605070912197e-09
9.07,0.23277292922115492,77.50000014098642,0,60,3.0,7,3.3173274219092597e-09
9.075,0.24602692519491282,77.50000008721891,0,60,3.0,7,2.0522095918054486e-09
9.08,0.24995056064839283,77.50000005361701,0,60,3.0,7,1.2615768194818348e-09
9.085,0.24408826520424054,77.50000003275315,0,60,3.0,7,7.706623417856034e-10
9.09,0.22911894216865275,77.50000001988211,0,60,3.0,7,4.678143153903554e-10
9.095,0.20672661788705934,77.50000001199307,0,60,3.0,7,2.8218979048902197e-10
9.1,0.17928878030241233,77.5000000071888,0,60,3.0,7,1.6914829275800216e-10
9.105,0.14946211903866036,77.50000000428194,0,60,3.0,7,1.0075161620026099e-10
9.11,0.1197651512573837,77.50000000253445,0,60,3.0,7,5.963409635382156e-11
9.115,0.09224675744988023,77.50000000149069,0,60,3.0,7,3.507506442153552e-11
9.12,0.06829565320281596,77.50000000087125,0,60,3.0,7,2.0500077452572226e-11
9.125,0.04860224607515734,77.50000000050602,0,60,3.0,7,1.1906355639974423e-11
9.13,0.03324612389699793,77.50000000029205,0,60,3.0,7,6.871700594167444e-12
9.135,0.021859876340472782,77.50000000016749,0,60,3.0,7,3.940920792314607e-12
9.14,0.01381595518554205,77.50000000009545,0,60,3.0,7,2.2459837911061616e-12
9.145,0.008394095110402422,77.50000000005406,0,60,3.0,7,1.2719550902736099e-12
9.15,0.0049052535271608,77.50000000003041,0,60,3.0,7,7.155583315419362e-13
9.155,0.0027671663551903634,77.50000000001701,0,60,3.0,7,4.002445433905129e-13
9.16,0.0015425553464444616,77.50000000000945,0,60,3.0,7,2.2235807966139605e-13
9.165,0.0009638206637011801,77.50000000000522,0,60,3.0,7,1.2271491012892083e-13
9.17,0.0009804935156568228,77.50000000000286,0,60,3.0,7,6.720898347660242e-14
9.175,0.0018793744894085216,77.50000000000156,0,60,3.0,7,3.678103573346401e-14
9.18,0.004535525206900863,77.50000000000084,0,60,3.0,7,1.9728010075221604e-14
9.185,0.010832767979632273,77.50000000000045,0,60,3.0,7,1.0699937667916803e-14
9.19,0.024208003392322392,77.50000000000024,0,60,3.0,7,5.684341886080802e-15
9.195,0.0500971897335304,77.50000000000013,0,60,3.0,7,3.0093574691016007e-15
9.2,0.09582894921774403,77.50000000000007,0,60,3.0,7,1.6718652606120004e-15
9.205,0.16937896721820658,77.50000000000003,0,60,3.0,7,6.687461042448002e-16
9.21,0.27661303008991756,77.50000000000001,0,60,3.0,7,3.343730521224001e-16
9.215,0.4173782800009149,77.50000000000001,0,60,3.0,7,3.343730521224001e-16
9.22,0.5818720934538056,77.5,0,60,3.0,7,0.0
9.225,0.7494718801585675,77.5,0,60,3.0,7,0.0
9.23,0.891813020752378,77.5,0,60,3.0,7,0.0
9.235,0.9800361632936612,77.5,0,60,3.0,7,0.0
9.24,0.993574479225126,77.50000248997046,1,60,3.0,7,5.8587540131745354e-08
9.245,0.9263438449375362,77.50000384762257,0,60,3.0,7,9.053229565752725e-08
9.25,0.7873015962290536,77.50000607642373,0,60,3.0,7,1.4297467600954406e-07
9.255,0.5959516244629897,77.5000099193542,0,60,3.0,7,2.3339656937584068e-07
9.26,0.376910120078773,77.50001691763335,0,60,3.0,7,3.9806196107693883e-07
9.265,0.15739335672107918,77.50003032958121,0,60,3.0,7,7.13637204880262e-07
9.27,-0.033361226269301235,77.50005706326723,0,60,3.0,7,1.3426651114112996e-06
9.275,-0.1680180840843834,77.50011163602987,0,60,3.0,7,2.6267301146109436e-06
9.28,-0.23069703190837854,77.50022405397121,0,60,3.0,7,5.271858146095516e-06
9.285,-0.22587267821131068,77.50045501243203,0,60,3.0,7,1.0706174871235335e-05
9.29,-0.17718181630665902,77.50092427728828,0,60,3.0,7,2.17477009006389e-05
9.295,-0.11494332516451301,77.50186190043328,0,60,3.0,7,4.3809421959608964e-05
9.3,-0.061810214049552864,77.5036974124983,0,60,3.0,7,8.699794113641367e-05
9.305,-0.026546104631500547,77.50720948330502,0,60,3.0,7,0.00016963490129455748
9.31,-0.00719600351942686,77.51376740494521,0,60,3.0,7,0.00032393893988736473
9.315,0.0022072757983807078,77.52570486126365,0,60,3.0,7,0.0006048202650270147
9.32,0.006917199873730717,77.54687310100944,0,60,3.0,7,0.0011028964943397355
9.325,0.01004859748264829,77.58342030040448,0,60,3.0,7,0.0019628305977525597
9.33,0.013037082251128167,77.64483019563318,0,60,3.0,7,0.0034077693090159085
9.335,0.01645163937690478,77.74521845683252,0,60,3.0,7,0.00576984604311807
9.34,0.020526639934696615,77.90482292278939,0,60,3.0,7,0.009525245242103358
9.345,0.02539629541761738,78.15153067952627,0,60,3.0,7,0.015330133635912341
9.35,0.031171612185577933,78.52216589770399,0,60,3.0,7,0.024050962298917296
9.355,0.03795853426638131,79.06313417566034,0,60,3.0,7,0.03677962766259618
9.36,0.0458588961882057,79.82991303787692,0,60,3.0,7,0.05482148324416284
9.365,0.054966995891435555,80.88483816617295,0,60,3.0,7,0.0796432509687754
9.37,0.06536491004445595,82.29271025083777,0,60,3.0,7,0.11276965296088874
9.375,0.07711726085088699,84.1139790420912,0,60,3.0,7,0.15562303628449886
9.38,0.09026570629555215,86.39566362124735,0,60,3.0,7,0.20930973226464356
9.385,0.10482339848670268,89.16071083043977,0,60,3.0,7,0.2743696665985828
9.39,0.12076968927580028,92.39709175659418,0,60,3.0,7,0.3505198060375101
9.395,0.13804539501007884,96.04845287733258,0,60,3.0,7,0.43643418534900186
9.4,0.15654895051787066,100.00841066564702,0,60,3.0,7,0.5296096627211063
9.405,0.17613378141900526,104.12045778604747,0,60,3.0,7,0.6263637126128816
9.41,0.19660720058055794,108.18485302700304,0,60,3.0,7,0.7219965418118364
9.415,0.21773108748496234,111.9728233716453,0,60,3.0,7,0.811125255803419
9.42,0.23922453870058807,115.2470723582789,0,60,3.0,7,0.8881664084300918
9.425,0.2607685857914563,117.78623296545425,0,60,3.0,7,0.9479113638930411
9.43,0.2820129681603682,119.40984825503094,0,60,3.0,7,0.9861140765889632
9.435,0.30258482867153996,120.0,0,60,3.0,7,1.0
9.44,0.3220990771751686,119.5160061135284,0,60,3.0,7,0.9886119085536096
9.445,0.3401700499968971,117.99966259133913,0,60,3.0,7,0.9529332374432736
9.45,0.3564239911198326,115.57011308967998,0,60,3.0,7,0.8957673668159994
9.455,0.3705118017738417,112.40924080138602,0,60,3.0,7,0.8213939012090828
9.46,0.3821214567925213,108.74008947923315,0,60,3.0,7,0.7350609289231329
9.465,0.39098947374066967,104.80188363205593,0,60,3.0,7,0.6423972619307279
9.47,0.3969108472035567,100.82552814904717,0,60,3.0,7,0.5488359564481687
9.475,0.3997469255491936,97.0130132410624,0,60,3.0,7,0.45912972331911517
9.48,0.3994308076379137,93.5231013335713,0,60,3.0,7,0.37701414902520713
9.485,0.3959699661768434,90.4643185404905,0,60,3.0,7,0.30504278918801164
9.49,0.38944595408114946,87.89493732644314,0,60,3.0,7,0.24458676062219156
9.495,0.38001120995358023,85.82858881956196,0,60,3.0,7,0.19596679575439901
9.5,0.3678831374098315,84.24354173369385,0,60,3.0,7,0.15867157020456107
9.505,0.35333577933796634,83.09355905991723,0,60,3.0,7,0.13161315435099355
9.51,0.33668953221163944,82.31851219968635,0,60,3.0,7,0.11337675763967889
9.515,0.3182994390982644,81.8534471763782,0,60,3.0,7,0.10243405120889874
9.52,0.29854265738230645,81.63539558810754,0,60,3.0,7,0.0973034256025304
9.525,0.2778057157821067,81.60776725230997,0,60,3.0,7,0.09665334711317575
9.53,0.2564721553719815,81.7225659161887,0,60,3.0,7,0.09935449214561645
9.535,0.23491109433464996,81.94090307100727,0,60,3.0,7,0.10449183696487693
9.54,0.21346717185309805,82.23236173414895,0,60,3.0,7,0.1113496878623283
9.545,0.19245222055656455,82.5737228448738,0,60,3.0,7,0.11938171399703057
9.55,0.17213889801761392,82.94746101237237,0,60,3.0,7,0.1281755532322911
9.555,0.15275638501270183,83.34028784104275,0,60,3.0,7,0.13741853743630003
9.56,0.13448814019607322,83.74190129408117,0,60,3.0,7,0.14686826574308645
9.565,0.11747159495449566,84.14400555542274,0,60,3.0,7,0.156329542480535
9.57,0.10179958433370105,84.53960260488017,0,60,3.0,7,0.1656377083501217
9.575,0.08752324394101413,84.9225212845037,0,60,3.0,7,0.17464755963538123
9.58,0.07465606047174059,85.28713521594845,0,60,3.0,7,0.18322671096349302
9.585,0.0631787448609295,85.62822001971128,0,60,3.0,7,0.19125223575791245
9.59,0.05304460019959574,85.94090650370732,0,60,3.0,7,0.19860956479311354
9.595,0.044185078305849994,86.22069530027292,0,60,3.0,7,0.20519283059465698
9.6,0.03651525513023255,86.46350713588414,0,60,3.0,7,0.2109060502560975
9.605,0.0299390014708757,86.66575024332924,0,60,3.0,7,0.21566471160774686
9.61,0.024353677220580638,86.82439202975053,0,60,3.0,7,0.2193974595235418
9.615,0.01965423034339045,86.93702615390892,0,60,3.0,7,0.22204767420962157
9.62,0.015736632374757337,87.00192899594394,0,60,3.0,7,0.22357479990456333
9.625,0.012500627640593535,87.0181014934289,0,60,3.0,7,0.22395532925715061
9.63,0.009851811652115898,86.98529377288109,0,60,3.0,7,0.22318338289131984
9.635,0.007703084175428559,86.90401114067697,0,60,3.0,7,0.2212708503688699
9.64,0.005975544002062424,86.77550094420542,0,60,3.0,8,0.2182470810401275
9.645,0.004598905818663047,86.60172064316458,0,60,3.0,8,0.21415813278034312
9.65,0.0035115256454839104,86.38528817010885,0,60,3.0,8,0.2090656040025612
9.655,0.002660121266303676,86.12941631144672,0,60,3.0,8,0.20304508968109924
9.66,0.0019992692560877024,85.8378333951069,0,60,3.0,8,0.19618431517898585
9.665,0.0014907520044639367,85.5146930147361,0,60,3.0,8,0.18858101211143755
9.67,0.0011028178277539807,85.16447583928647,0,60,3.0,8,0.180340607983211
9.675,0.0008094059938923333,84.79188674208152,0,60,3.0,8,0.17157380569603567
9.68,0.0005893771793717645,84.40175053163802,0,60,3.0,8,0.1623941301561886
9.685,0.0004257792353490551,83.99890948084484,0,60,3.0,8,0.15291551719634927
9.69,0.0003051686392901525,83.58812564108673,0,60,3.0,8,0.14325001508439372
9.695,0.00021699992642659966,83.17399060876907,0,60,3.0,8,0.13350566138280173
9.7,0.00015308884054097838,82.76084500333593,0,60,3.0,8,0.1237845883137866
9.705,0.00010714989329311098,82.35270944151372,0,60,3.0,8,0.11418139862385233
9.71,7.440535854020571e-05,81.95322827731624,0,60,3.0,8,0.1047818418192057
9.715,5.1260276743925106e-05,81.5656268469004,0,60,3.0,8,0.09566180816236236
9.72,3.503659887882241e-05,81.19268243627361,0,60,3.0,8,0.08688664555937915
9.725,2.375894748103639e-05,80.83670870048552,0,60,3.0,8,0.07851079295260038
9.73,1.5984413869232557e-05,80.49955282436576,0,60,3.0,8,0.07057771351448858
9.735,1.0669166579899869e-05,80.18260434212327,0,60,3.0,8,0.06312010216760634
9.74,7.06526633560511e-06,79.88681423671093,0,60,3.0,8,0.05616033498143371
9.745,4.641847214699205e-06,79.61272272561617,0,60,3.0,8,0.049711122955674494
9.75,3.025641074479182e-06,79.3604940089418,0,60,3.0,8,0.043776329622159986
9.755,1.9566278676921314e-06,79.12995620540356,0,60,3.0,8,0.03835191071537786
9.76,1.2553456560008793e-06,78.92064472570667,0,60,3.0,8,0.03342693472250978
9.765,7.990660428214668e-07,78.73184742133546,0,60,3.0,8,0.028984645207893154
9.77,5.046221251618276e-07,78.56264998870968,0,60,3.0,8,0.025003529146110114
9.775,3.1616527078858815e-07,78.41198029133812,0,60,3.0,8,0.021458359796191175
9.78,1.9652884407760343e-07,78.27865047304697,0,60,3.0,8,0.018321187601105078
9.785,1.2120002189836396e-07,78.16139596092438,0,60,3.0,8,0.015562257904103075
9.79,7.415549848886236e-08,78.05891068560801,0,60,3.0,8,0.013150839661364992
9.795,4.501406988770349e-08,77.96987806868721,0,60,3.0,8,0.011055954557346079
9.8,0.0,77.89299753381259,0,60,3.0,8,0.009247000795590352
9.805,0.0,77.8270064830745,0,60,3.0,8,0.007694270189988201
9.81,0.0,77.77069783881038,0,60,3.0,8,0.00636936091318536
9.815,0.0,77.72293338065182,0,60,3.0,8,0.005245491309454685
9.82,0.0,77.6826532075086,0,60,3.0,8,0.004297722529613967
9.825,0.0,77.64888172502401,0,60,3.0,8,0.0035030994123296886
9.83,0.0,77.62073060277085,0,60,3.0,8,0.0028407200651964317
9.835,0.0,77.59739916496626,0,60,3.0,8,0.002291745058029699
9.84,0.0,77.57817267726432,0,60,3.0,8,0.0018393571121016388
9.845,0.0,77.56241897406092,0,60,3.0,8,0.0014686817426098407
9.85,0.0,77.54958383962341,0,60,3.0,8,0.0011666785793743337
9.855,0.0,77.53918551600158,0,60,3.0,8,0.0009220121412136665
9.86,0.0,77.53080866455502,0,60,3.0,8,0.000724909754235876
9.865,0.0,77.52409805909379,0,60,3.0,8,0.0005670131551479538
9.87,0.0,77.51875223963577,0,60,3.0,8,0.0004412291679005541
9.875,0.0,77.51451730867906,0,60,3.0,8,0.0003415837336249564
9.88,0.0,77.51118100820227,0,60,3.0,8,0.00026308254593579797
9.885,0.0,77.50856717638953,0,60,3.0,8,0.000201580620930198
9.89,0.0,77.506530648948,0,60,3.0,8,0.0001536623281882545
9.895,0.0,77.50495264109921,0,60,3.0,8,0.00011653273174608651
9.9,0.0,77.50373662283334,0,60,3.0,8,8.792053725515228e-05
9.905,0.0,77.50280468154695,0,60,3.0,8,6.599250698701219e-05
9.91,0.0,77.50209435230339,0,60,3.0,8,4.927887772677262e-05
9.915,0.0,77.50155588612591,0,60,3.0,8,3.660908531561718e-05
9.92,0.0,77.50114992036497,0,60,3.0,8,2.705694976391308e-05
9.925,0.0,77.50084551167804,0,60,3.0,8,1.989439242439563e-05
9.93,0.0,77.50061849094135,0,60,3.0,8,1.4552728031744396e-05
9.935,0.0,77.50045009994905,0,60,3.0,8,1.0590587036444156e-05
9.94,0.0,77.5003258715694,0,60,3.0,8,7.667566338862825e-06
9.945,0.0,77.50023471771487,0,60,3.0,8,5.522769761763116e-06
9.95,0.0,77.50016819270388,0,60,3.0,8,3.95747538545145e-06
9.955,0.0,77.50011990307587,0,60,3.0,8,2.8212488439962992e-06
9.96,0.0,77.50008503845943,0,60,3.0,8,2.0009049278007082e-06
9.965,0.0,77.5000600015309,0,60,3.0,8,1.4118007270018793e-06
9.97,0.0,77.50004211833227,0,60,3.0,8,9.910195829246839e-07
9.975,0.0,77.50002941317382,0,60,3.0,8,6.920746781200732e-07
9.98,0.0,77.50002043499333,0,60,3.0,8,4.80823372500334e-07
9.985,0.0,77.50001412436717,0,60,3.0,8,3.3233805103972213e-07
9.99,0.001684486749771458,77.50000971237372,0,60,3.0,8,2.2852644058409221e-07
9.995,0.003097557930867117,77.50000664421472,0,60,3.0,8,1.5633446403572795e-07
10.0,0.005475106668887023,77.50000452192985,0,60,3.0,8,1.0639834947730432e-07
10.005,0.00930222931468658,77.50000306172282,0,60,3.0,8,7.204053698681973e-08
10.01,0.01519157517868857,77.50000206238532,0,60,3.0,8,4.8526713418836795e-08
10.015,0.023847336626128316,77.5000013820878,0,60,3.0,8,3.2519712998263834e-08
10.02,0.0359830743700859,77.50000092143212,0,60,3.0,8,2.1680755721450518e-08
10.025,0.05218887796857759,77.50000061115722,0,60,3.0,8,1.4380169860113015e-08
10.03,0.0727577001223134,77.50000040327791,0,60,3.0,8,9.48889197281781e-09
10.035,0.0974992498694751,77.50000026473893,0,60,3.0,8,6.229151281064225e-09
10.04,0.12558706050443358,77.50000017289923,0,60,3.0,8,4.068217282003709e-09
10.045,0.15549263588878245,77.50000011233891,0,60,3.0,8,2.643268464239287e-09
10.05,0.1850529723539114,77.50000007261549,0,60,3.0,8,1.7085998184912194e-09
10.055,0.21169159439317053,77.50000004669712,0,60,3.0,8,1.0987558679891449e-09
10.06,0.23277292922115492,77.50000002987535,0,60,3.0,8,7.029494581194526e-10
10.065,0.24602692519491282,77.50000001901506,0,60,3.0,8,4.474132123612114e-10
10.07,0.24995056064839283,77.50000001204049,0,60,3.0,8,2.833055933639544e-10
10.075,0.24408826520424054,77.50000000758494,0,60,3.0,8,1.7846927595896618e-10
10.08,0.22911894216865275,77.5000000047536,0,60,3.0,8,1.1184945780020345e-10
10.085,0.20672661788705934,77.50000000296384,0,60,3.0,8,6.9737512496752e-11
10.09,0.17928878030241233,77.50000000183844,0,60,3.0,8,4.325750738002278e-11
10.095,0.14946211903866036,77.5000000011345,0,60,3.0,8,2.6694003870087567e-11
10.1,0.1197651512573837,77.5000000006965,0,60,3.0,8,1.6388292030623073e-11
10.105,0.09224675744988023,77.5000000004254,0,60,3.0,8,1.0009457315284047e-11
10.11,0.06829565320281596,77.5000000002585,0,60,3.0,8,6.0822458181064576e-12
10.115,0.04860224607515734,77.50000000015626,0,60,3.0,8,3.676766081137912e-12
10.12,0.03324612389699793,77.50000000009398,0,60,3.0,8,2.2112089936854317e-12
10.125,0.021859876340472782,77.50000000005623,0,60,3.0,8,1.3231141672483372e-12
10.13,0.01381595518554205,77.50000000003347,0,60,3.0,8,7.874485377482522e-13
10.135,0.008394095110402422,77.50000000001982,0,60,3.0,8,4.664504077107481e-13
10.14,0.0049052535271608,77.50000000001168,0,60,3.0,8,2.7485464884461285e-13
10.145,0.0027671663551903634,77.50000000000685,0,60,3.0,8,1.6116781112299685e-13
10.15,0.0015425553464444616,77.500000000004,0,60,3.0,8,9.395882764639442e-14
10.155,0.0009638206637011801,77.50000000000232,0,60,3.0,8,5.4502807495951216e-14
10.16,0.0009804935156568228,77.50000000000134,0,60,3.0,8,3.143106689950561e-14
10.165,0.0018793744894085216,77.50000000000077,0,60,3.0,8,1.8056144814609604e-14
10.17,0.004535525206900863,77.50000000000044,0,60,3.0,8,1.0365564615794402e-14
10.175,0.010832767979632273,77.50000000000024,0,60,3.0,8,5.684341886080802e-15
10.18,0.024208003392322392,77.50000000000014,0,60,3.0,8,3.343730521224001e-15
10.185,0.0500971897335304,77.50000000000009,0,60,3.0,8,2.0062383127344005e-15
10.19,0.09582894921774403,77.50000000000004,0,60,3.0,8,1.0031191563672002e-15
10.195,0.16937896721820658,77.50000000000003,0,60,3.0,8,6.687461042448002e-16
10.2,0.27661303008991756,77.50000000000001,0,60,3.0,8,3.343730521224001e-16
10.205,0.4173782800009149,77.5,0,60,3.0,8,0.0
10.21,0.5818720934538056,77.5,0,60,3.0,8,0.0
10.215,0.7494718801585675,77.5,0,60,3.0,8,0.0
10.22,0.891813020752378,77.5,0,60,3.0,8,0.0
10.225,0.9800361632936612,77.5,0,60,3.0,8,0.0
10.23,0.993574479225126,77.50000249729354,1,60,3.0,8,5.875984791547286e-08
10.235,0.9263438449375362,77.50000393227262,0,60,3.0,8,9.25240616358197e-08
10.24,0.7873015962290536,77.50000634326607,0,60,3.0,8,1.4925331918354512e-07
10.245,0.5959516244629897,77.50001061853068,0,60,3.0,8,2.498477807180547e-07
10.25,0.376910120078773,77.50001866333935,0,60,3.0,8,4.391373963966651e-07
10.255,0.15739335672107918,77.5000346400049,0,60,3.0,8,8.150589387830277e-07
10.26,-0.033361226269301235,77.50006764856651,0,60,3.0,8,1.5917309767968726e-06
10.265,-0.1680180840843834,77.50013735562356,0,60,3.0,8,3.2318970250558136e-06
10.27,-0.23069703190837854,77.50028544051958,0,60,3.0,8,6.7162475194409665e-06
10.275,-0.22587267821131068,77.500598088742,0,60,3.0,8,1.4072676282239627e-05
10.28,-0.17718181630665902,77.5012486355544,0,60,3.0,8,2.9379660103626627e-05
10.285,-0.11494332516451301,77.50257543369767,0,60,3.0,8,6.0598439945218105e-05
10.29,-0.061810214049552864,77.50521857085394,0,60,3.0,8,0.00012278990244567466
10.295,-0.026546104631500547,77.51035022511448,0,60,3.0,8,0.0002435347085759745
10.3,-0.00719600351942686,77.52004622347734,0,60,3.0,8,0.00047167584652557334
10.305,0.0022072757983807078,77.53785797415782,0,60,3.0,8,0.0008907758625368575
10.31,0.006917199873730717,77.56964902320131,0,60,3.0,8,0.0016388005459131204
10.315,0.01004859748264829,77.62475069237783,0,60,3.0,8,0.0029353104088901253
10.32,0.013037082251128167,77.71745577339965,0,60,3.0,8,0.005116606432932927
10.325,0.01645163937690478,77.86879695371151,0,60,3.0,8,0.008677575381447282
10.33,0.020526639934696615,78.10844035963862,0,60,3.0,8,0.014316243756202846
10.335,0.02539629541761738,78.47636733926622,0,60,3.0,8,0.02297334915920514
10.34,0.031171612185577933,79.02383946781148,0,60,3.0,8,0.03585504630144669
10.345,0.03795853426638131,79.81298480498413,0,60,3.0,8,0.054423171881979426
10.35,0.0458588961882057,80.91427084037524,0,60,3.0,8,0.08033578447941736
10.355,0.054966995891435555,82.40121542205652,0,60,3.0,8,0.11532271581309467
10.36,0.06536491004445595,84.34199522017235,0,60,3.0,8,0.1609881228275847
10.365,0.07711726085088699,86.78816642223576,0,60,3.0,8,0.21854509228790026
10.37,0.09026570629555215,89.7614698877538,0,60,3.0,8,0.2885051738295013
10.375,0.10482339848670268,93.24052207061501,0,60,3.0,8,0.3703652251909415
10.38,0.12076968927580028,97.14988444916018,0,60,3.0,8,0.4623502223331808
10.385,0.13804539501007884,101.35431154880669,0,60,3.0,8,0.5612779187954515
10.39,0.15654895051787066,105.66068807456148,0,60,3.0,8,0.6626044252837995
10.395,0.17613378141900526,109.82918294110652,0,60,3.0,8,0.7606866574378005
10.4,0.19660720058055794,113.59355865930326,0,60,3.0,8,0.8492602037483119
10.405,0.21773108748496234,116.6886667904499,0,60,3.0,8,0.9220862774223506
10.41,0.23922453870058807,118.88137576601841,0,60,3.0,8,0.9736794297886684
10.415,0.2607685857914563,120.0,0,60,3.0,8,1.0
10.42,0.2820129681603682,119.95710897620492,0,60,3.0,8,0.9989907994401158
10.425,0.30258482867153996,118.7615370490011,0,60,3.0,8,0.9708596952706142
10.43,0.3220990771751686,116.51733188460247,0,60,3.0,8,0.9180548678729993
10.435,0.3401700499968971,113.40983908257753,0,60,3.0,8,0.844937390178295
10.44,0.3564239911198326,109.68153227755616,0,60,3.0,8,0.757212524177792
10.445,0.3705118017738417,105.60198566964596,0,60,3.0,8,0.6612231922269637
10.45,0.3821214567925213,101.4371540045614,0,60,3.0,8,0.5632271530485037
10.455,0.39098947374066967,97.422764291288,0,60,3.0,8,0.4687709245008942
10.46,0.3969108472035567,93.74532237651536,0,60,3.0,8,0.38224287944742025
10.465,0.3997469255491936,90.53240175874944,0,60,3.0,8,0.3066447472646928
10.47,0.3994308076379137,87.85199809938081,0,60,3.0,8,0.24357642586778372
10.475,0.3959699661768434,85.71922450867264,0,60,3.0,8,0.1933935178511209
10.48,0.38944595408114946,84.10774793473297,0,60,3.0,8,0.15547642199371695
10.485,0.38001120995358023,82.96318113142691,0,60,3.0,8,0.12854543838651547
10.49,0.3678831374098315,82.21602810766474,0,60,3.0,8,0.11096536723917037
10.495,0.35333577933796634,81.79251012512853,0,60,3.0,8,0.10100023823831834
10.5,0.33668953221163944,81.62242952229444,0,60,3.0,8,0.09699834170104563
10.505,0.3182994390982644,81.64396106938082,0,60,3.0,8,0.09750496633837229
10.51,0.29854265738230645,81.80577806979818,0,60,3.0,8,0.10131242517172187
10.515,0.2778057157821067,82.0671908817687,0,60,3.0,8,0.10746331486514578
10.52,0.2564721553719815,82.3970316464962,0,60,3.0,8,0.11522427403520477
10.525,0.23491109433464996,82.77192809116943,0,60,3.0,8,0.12404536685104538
10.53,0.21346717185309805,83.1744448392447,0,60,3.0,8,0.1335163491586988
10.535,0.19245222055656455,83.59139300208605,0,60,3.0,8,0.1433268941667306
10.54,0.17213889801761392,84.0124564670148,0,60,3.0,8,0.15323426981211294
10.545,0.15275638501270183,84.42917328586134,0,60,3.0,8,0.1630393714320315
10.55,0.13448814019607322,84.83424390403286,0,60,3.0,8,0.1725704448007732
10.555,0.11747159495449566,85.22110653223218,0,60,3.0,8,0.1816730948760514
10.56,0.10179958433370105,85.58371248503667,0,60,3.0,8,0.19020499964792167
10.565,0.08752324394101413,85.91644030794227,0,60,3.0,8,0.19803388959864157
10.57,0.07465606047174059,86.21409913961364,0,60,3.0,8,0.20503762681443852
10.575,0.0631787448609295,86.47198412748827,0,60,3.0,8,0.21110550888207694
10.58,0.05304460019959574,86.68595740280897,0,60,3.0,8,0.2161401741837404
10.585,0.044185078305849994,86.85253634861876,0,60,3.0,8,0.22005967879102956
10.59,0.03651525513023255,86.96897679592873,0,60,3.0,8,0.22279945402185236
10.595,0.0299390014708757,87.03334286760078,0,60,3.0,8,0.2243139498259007
10.6,0.024353677220580638,87.04455801855013,0,60,3.0,8,0.2245778357305914
10.605,0.01965423034339045,87.00243386008354,0,60,3.0,8,0.22358667906078922
10.61,0.015736632374757337,86.90767493113825,0,60,3.0,8,0.22135705720325283
10.615,0.012500627640593535,86.76185888714967,0,60,3.0,8,0.2179260914623452
10.62,0.009851811652115898,86.56739271881541,0,60,3.0,8,0.2133504169133038
10.625,0.007703084175428559,86.32744662507005,0,60,3.0,8,0.20770462647223653
10.63,0.005975544002062424,86.04586804742218,0,60,3.0,8,0.2010792481746394
10.635,0.004598905818663047,85.72707910938607,0,60,3.0,8,0.19357833198555455
10.64,0.0035115256454839104,85.3759612733947,0,60,3.0,8,0.18531673584458103
10.645,0.002660121266303676,84.99773140981047,0,60,3.0,8,0.1764172096425993
10.65,0.0019992692560877024,84.59781365754361,0,60,3.0,8,0.16700738017749672
10.655,0.0014907520044639367,84.1817114421235,0,60,3.0,8,0.1572167398146706
10.66,0.0011028178277539807,83.75488381385719,0,60,3.0,8,0.14717373679663978
10.665,0.0008094059938923333,83.3226298946003,0,60,3.0,8,0.1370030563435364
10.67,0.0005893771793717645,82.88998470356078,0,60,3.0,8,0.12682316949554787
10.675,0.0004257792353490551,82.46162900365687,0,60,3.0,8,0.11674421185074982
10.68,0.0003051686392901525,82.04181510746733,0,60,3.0,8,0.10686623782276068
10.685,0.00021699992642659966,81.63430984453429,0,60,3.0,8,0.09727787869492438
10.69,0.00015308884054097838,81.242355157684,0,60,3.0,8,0.08805541547491771
10.695,0.00010714989329311098,80.86864610012042,0,60,3.0,8,0.07926226117930388
10.7,7.440535854020571e-05,80.51532537751636,0,60,3.0,8,0.07094883241214969
10.705,5.1260276743925106e-05,80.18399304420547,0,60,3.0,8,0.06315277751071682
10.71,3.503659887882241e-05,79.87572953684843,0,60,3.0,8,0.055899518514080586
10.715,2.375894748103639e-05,79.59112992222373,0,60,3.0,8,0.04920305699349951
10.72,1.5984413869232557e-05,79.33034705046295,0,60,3.0,8,0.04306698942265758
10.725,1.0669166579899869e-05,79.09314123688262,0,60,3.0,8,0.037485676161943905
10.73,7.06526633560511e-06,78.87893413465613,0,60,3.0,8,0.032445509050732575
10.735,4.641847214699205e-06,78.68686459254717,0,60,3.0,8,0.02792622570699216
10.74,3.025641074479182e-06,78.51584449930009,0,60,3.0,8,0.023902223512943223
10.745,1.9566278676921314e-06,78.36461287981392,0,60,3.0,8,0.020343832466209855
10.75,1.2553456560008793e-06,78.23178680825401,0,60,3.0,8,0.017218513135388573
10.755,7.990660428214668e-07,78.115908020864,0,60,3.0,8,0.014491953432094066
10.76,5.046221251618276e-07,78.01548442923266,0,60,3.0,8,0.012129045393709582
10.765,3.1616527078858815e-07,77.9290260383968,0,60,3.0,8,0.0100947303152188
10.77,1.9652884407760343e-07,77.85507505159521,0,60,3.0,8,0.008354707096357822
10.775,1.2120002189836396e-07,77.79223018604874,0,60,3.0,8,0.006876004377617432
10.78,7.415549848886236e-08,77.73916542629568,0,60,3.0,8,0.005627421795192584
10.785,4.501406988770349e-08,77.69464360077374,0,60,3.0,8,0.004579849429970462
10.79,0.0,77.65752528354044,0,60,3.0,8,0.0037064772597749894
10.795,0.0,77.62677359845337,0,60,3.0,8,0.002982908198902792
10.8,0.0,77.60145554165466,0,60,3.0,8,0.00238718921540373
10.805,0.0,77.58074044483718,0,60,3.0,8,0.0018997751726394254
10.81,0.0,77.56389618220217,0,60,3.0,8,0.00150343958122756
10.815,0.0,77.55028368416444,0,60,3.0,8,0.001183145509751552
10.82,0.0,77.53935026650197,0,60,3.0,8,0.0009258886235757553
10.825,0.0,77.53062222013041,0,60,3.0,8,0.0007205228265979044
10.83,0.0,77.52369703872787,0,60,3.0,8,0.0005575773818323422
10.835,0.0,77.51823559299608,0,60,3.0,8,0.0004290727763783011
10.84,0.0,77.51395449456273,0,60,3.0,8,0.00032834104853470626
10.845,0.0,77.5106188317357,0,60,3.0,9,0.00024985486436936724
10.85,0.0,77.5080354050833,0,60,3.0,9,0.00018906835490129731
10.855,0.0,77.50604654403189,0,60,3.0,9,0.0001422716242797485
10.86,0.0,77.50452454666993,0,60,3.0,9,0.00010645992164534298
10.865,0.0,77.5033667535964,0,60,3.0,9,7.921773167989908e-05
10.87,0.0,77.50249124248262,0,60,3.0,9,5.861747017928899e-05
10.875,0.0,77.50183311232645,0,60,3.0,9,4.313205474003927e-05
10.88,0.0,77.50134131432361,0,60,3.0,9,3.156033702613486e-05
10.885,0.0,77.50097597895923,0,60,3.0,9,2.296421080546572e-05
10.89,0.0,77.50070618543435,0,60,3.0,9,1.6616127867136504e-05
10.895,0.0,77.50050811903469,0,60,3.0,9,1.1955741992738588e-05
10.9,0.0,77.50036356375567,0,60,3.0,9,8.554441309878016e-06
10.905,0.0,77.5002586807467,0,60,3.0,9,6.086605804632521e-06
10.91,0.0,77.5001830273698,0,60,3.0,9,4.30652634824636e-06
10.915,0.0,77.50012877642952,0,60,3.0,9,3.030033635762747e-06
10.92,0.0,77.50009010007003,0,60,3.0,9,2.120001647654135e-06
10.925,0.0,77.50006268769272,0,60,3.0,9,1.475004534554233e-06
10.93,0.0,77.50004337184035,0,60,3.0,9,1.0205138905535826e-06
10.935,0.0,77.50002984020645,0,60,3.0,9,7.021225047430883e-07
10.94,0.001684486749771458,77.50002041569667,0,60,3.0,9,4.80369333351572e-07
10.945,0.003097557930867117,77.50001388976806,0,60,3.0,9,3.2681807189927736e-07
10.95,0.005475106668887023,77.5000093971074,0,60,3.0,9,2.2110840953192724e-07
10.955,0.00930222931468658,77.50000632210633,0,60,3.0,9,1.487554430589037e-07
10.96,0.01519157517868857,77.5000042295855,0,60,3.0,9,9.951965881448225e-08
10.965,0.023847336626128316,77.50000281385834,0,60,3.0,9,6.620843163652941e-08
10.97,0.0359830743700859,77.50000186155152,0,60,3.0,9,4.380121234081504e-08
10.975,0.05218887796857759,77.50000122466216,0,60,3.0,9,2.8815580154674963e-08
10.98,0.0727577001223134,77.50000080117233,0,60,3.0,9,1.885111373667314e-08
10.985,0.0974992498694751,77.50000052119951,0,60,3.0,9,1.2263517887464225e-08
10.99,0.12558706050443358,77.50000033717119,0,60,3.0,9,7.933439693421378e-09
10.995,0.15549263588878245,77.50000021690289,0,60,3.0,9,5.103597419185783e-09
11.0,0.1850529723539114,77.50000013875498,0,60,3.0,9,3.264823162145844e-09
11.005,0.21169159439317053,77.50000008826738,0,60,3.0,9,2.0768796355910393e-09
11.01,0.23277292922115492,77.50000005583678,0,60,3.0,9,1.313806558969458e-09
11.015,0.24602692519491282,77.5000000351244,0,60,3.0,9,8.264564980088514e-10
11.02,0.24995056064839283,77.5000000219718,0,60,3.0,9,5.169835383319022e-10
11.025,0.24408826520424054,77.50000001366756,0,60,3.0,9,3.215896359667086e-10
11.03,0.22911894216865275,77.50000000845444,0,60,3.0,9,1.9892789115307524e-10
11.035,0.20672661788705934,77.50000000520052,0,60,3.0,9,1.223651559164008e-10
11.04,0.17928878030241233,77.5000000031811,0,60,3.0,9,7.484940771759926e-11
11.045,0.14946211903866036,77.50000000193498,0,60,3.0,9,4.552890352309024e-11
11.05,0.1197651512573837,77.50000000117042,0,60,3.0,9,2.7539298945852995e-11
11.055,0.09224675744988023,77.500000000704,0,60,3.0,9,1.6564841002143702e-11
11.06,0.06829565320281596,77.5000000004211,0,60,3.0,9,9.90814228049096e-12
11.065,0.04860224607515734,77.50000000025047,0,60,3.0,9,5.893325043657301e-12
11.07,0.03324612389699793,77.50000000014815,0,60,3.0,9,3.4858390683760207e-12
11.075,0.021859876340472782,77.50000000008714,0,60,3.0,9,2.0503755556145573e-12
11.08,0.01381595518554205,77.50000000005096,0,60,3.0,9,1.1990617649109267e-12
11.085,0.008394095110402422,77.50000000002964,0,60,3.0,9,6.975021867273266e-13
11.09,0.0049052535271608,77.50000000001714,0,60,3.0,9,4.032539008596145e-13
11.095,0.0027671663551903634,77.50000000000986,0,60,3.0,9,2.3205489817294564e-13
11.1,0.0015425553464444616,77.50000000000564,0,60,3.0,9,1.3274610169259284e-13
11.105,0.0009638206637011801,77.50000000000321,0,60,3.0,9,7.556830977966242e-14
11.11,0.0009804935156568228,77.50000000000182,0,60,3.0,9,4.279975067166721e-14
11.115,0.0018793744894085216,77.50000000000102,0,60,3.0,9,2.4074859752812806e-14
11.12,0.004535525206900863,77.50000000000057,0,60,3.0,9,1.3374922084896003e-14
11.125,0.010832767979632273,77.50000000000031,0,60,3.0,9,7.356207146692803e-15
11.13,0.024208003392322392,77.50000000000017,0,60,3.0,9,4.012476625468801e-15
11.135,0.0500971897335304,77.5000000000001,0,60,3.0,9,2.3406113648568006e-15
11.14,0.09582894921774403,77.50000000000006,0,60,3.0,9,1.3374922084896003e-15
11.145,0.16937896721820658,77.50000000000003,0,60,3.0,9,6.687461042448002e-16
11.15,0.27661303008991756,77.50000000000001,0,60,3.0,9,3.343730521224001e-16
11.155,0.4173782800009149,77.50000000000001,0,60,3.0,9,3.343730521224001e-16
11.16,0.5818720934538056,77.5,0,60,3.0,9,0.0
11.165,0.7494718801585675,77.5,0,60,3.0,9,0.0
11.17,0.891813020752378,77.5,0,60,3.0,9,0.0
11.175,0.9800361632936612,77.5,0,60,3.0,9,0.0
11.18,0.993574479225126,77.5,1,60,3.0,9,0.0
11.185,0.9263438449375362,77.5,0,60,3.0,9,0.0
11.19,0.7873015962290536,77.5,0,60,3.0,9,0.0
11.195,0.5959516244629897,77.5,0,60,3.0,9,0.0
11.2,0.376910120078773,77.5,0,60,3.0,9,0.0
11.205,0.15739335672107918,77.5,0,60,3.0,9,0.0
11.21,-0.033361226269301235,77.5,0,60,3.0,9,0.0
11.215,-0.1680180840843834,77.5,0,60,3.0,9,0.0
11.22,-0.23069703190837854,77.5,0,60,3.0,9,0.0
11.225,-0.22587267821131068,77.5,0,60,3.0,9,0.0
11.23,-0.17718181630665902,77.5,0,60,3.0,9,0.0
11.235,-0.11494332516451301,77.5,0,60,3.0,9,0.0
11.24,-0.061810214049552864,77.5,0,60,3.0,9,0.0
11.245,-0.026546104631500547,77.5,0,60,3.0,9,0.0
11.25,-0.00719600351942686,77.5,0,60,3.0,9,0.0
11.255,0.0022072757983807078,77.5,0,60,3.0,9,0.0
11.26,0.006917199873730717,77.5,0,60,3.0,9,0.0
11.265,0.01004859748264829,77.5,0,60,3.0,9,0.0
11.27,0.013037082251128167,77.5,0,60,3.0,9,0.0
11.275,0.01645163937690478,77.5,0,60,3.0,9,0.0
11.28,0.020526639934696615,77.5,0,60,3.0,9,0.0
11.285,0.02539629541761738,77.5,0,60,3.0,9,0.0
11.29,0.031171612185577933,77.5,0,60,3.0,9,0.0
11.295,0.03795853426638131,77.5,0,60,3.0,9,0.0
11.3,0.0458588961882057,77.5,0,60,3.0,9,0.0
11.305,0.054966995891435555,77.5,0,60,3.0,9,0.0
11.31,0.06536491004445595,77.5,0,60,3.0,9,0.0
11.315,0.07711726085088699,77.5,0,60,3.0,9,0.0
11.32,0.09026570629555215,77.5,0,60,3.0,9,0.0
11.325,0.10482339848670268,77.5,0,60,3.0,9,0.0
11.33,0.12076968927580028,77.5,0,60,3.0,9,0.0
11.335,0.13804539501007884,77.5,0,60,3.0,9,0.0
11.34,0.15654895051787066,77.5,0,60,3.0,9,0.0
11.345,0.17613378141900526,77.5,0,60,3.0,9,0.0
11.35,0.19660720058055794,77.5,0,60,3.0,9,0.0
11.355,0.21773108748496234,77.5,0,60,3.0,9,0.0
11.36,0.23922453870058807,77.5,0,60,3.0,9,0.0
11.365,0.2607685857914563,77.5,0,60,3.0,9,0.0
11.37,0.2820129681603682,77.5,0,60,3.0,9,0.0
11.375,0.30258482867153996,77.5,0,60,3.0,9,0.0
11.38,0.3220990771751686,77.5,0,60,3.0,9,0.0
11.385,0.3401700499968971,77.5,0,60,3.0,9,0.0
11.39,0.3564239911198326,77.5,0,60,3.0,9,0.0
11.395,0.3705118017738417,77.5,0,60,3.0,9,0.0
11.4,0.3821214567925213,77.5,0,60,3.0,9,0.0
11.405,0.39098947374066967,77.5,0,60,3.0,9,0.0
11.41,0.3969108472035567,77.5,0,60,3.0,9,0.0
11.415,0.3997469255491936,77.5,0,60,3.0,9,0.0
11.42,0.3994308076379137,77.5,0,60,3.0,9,0.0
11.425,0.3959699661768434,77.5,0,60,3.0,9,0.0
11.43,0.38944595408114946,77.5,0,60,3.0,9,0.0
11.435,0.38001120995358023,77.5,0,60,3.0,9,0.0
11.44,0.3678831374098315,77.5,0,60,3.0,9,0.0
11.445,0.35333577933796634,77.5,0,60,3.0,9,0.0
11.45,0.33668953221163944,77.5,0,60,3.0,9,0.0
11.455,0.3182994390982644,77.5,0,60,3.0,9,0.0
11.46,0.29854265738230645,77.5,0,60,3.0,9,0.0
11.465,0.2778057157821067,77.5,0,60,3.0,9,0.0
11.47,0.2564721553719815,77.5,0,60,3.0,9,0.0
11.475,0.23491109433464996,77.5,0,60,3.0,9,0.0
11.48,0.21346717185309805,77.5,0,60,3.0,9,0.0
11.485,0.19245222055656455,77.5,0,60,3.0,9,0.0
11.49,0.17213889801761392,77.5,0,60,3.0,9,0.0
11.495,0.15275638501270183,77.5,0,60,3.0,9,0.0
11.5,0.13448814019607322,77.5,0,60,3.0,9,0.0
11.505,0.11747159495449566,77.5,0,60,3.0,9,0.0
11.51,0.10179958433370105,77.5,0,60,3.0,9,0.0
11.515,0.08752324394101413,77.5,0,60,3.0,9,0.0
11.52,0.07465606047174059,77.5,0,60,3.0,9,0.0
11.525,0.0631787448609295,77.5,0,60,3.0,9,0.0
11.53,0.05304460019959574,77.5,0,60,3.0,9,0.0
11.535,0.044185078305849994,77.5,0,60,3.0,9,0.0
11.54,0.03651525513023255,77.5,0,60,3.0,9,0.0
11.545,0.0299390014708757,77.5,0,60,3.0,9,0.0
11.55,0.024353677220580638,77.5,0,60,3.0,9,0.0
11.555,0.01965423034339045,77.5,0,60,3.0,9,0.0
11.56,0.015736632374757337,77.5,0,60,3.0,9,0.0
11.565,0.012500627640593535,77.5,0,60,3.0,9,0.0
11.57,0.009851811652115898,77.5,0,60,3.0,9,0.0
11.575,0.007703084175428559,77.5,0,60,3.0,9,0.0
11.58,0.005975544002062424,77.5,0,60,3.0,9,0.0
11.585,0.004598905818663047,77.5,0,60,3.0,9,0.0
11.59,0.0035115256454839104,77.5,0,60,3.0,9,0.0
11.595,0.002660121266303676,77.5,0,60,3.0,9,0.0
11.6,0.0019992692560877024,77.5,0,60,3.0,9,0.0
11.605,0.0014907520044639367,77.5,0,60,3.0,9,0.0
11.61,0.0011028178277539807,77.5,0,60,3.0,9,0.0
11.615,0.0008094059938923333,77.5,0,60,3.0,9,0.0
11.62,0.0005893771793717645,77.5,0,60,3.0,9,0.0
11.625,0.0004257792353490551,77.5,0,60,3.0,9,0.0
11.63,0.0003051686392901525,77.5,0,60,3.0,9,0.0
11.635,0.00021699992642659966,77.5,0,60,3.0,9,0.0
11.64,0.00015308884054097838,77.5,0,60,3.0,9,0.0
11.645,0.00010714989329311098,77.5,0,60,3.0,9,0.0
11.65,7.440535854020571e-05,77.5,0,60,3.0,9,0.0
11.655,5.1260276743925106e-05,77.5,0,60,3.0,9,0.0
11.66,3.503659887882241e-05,77.5,0,60,3.0,9,0.0
11.665,2.375894748103639e-05,77.5,0,60,3.0,9,0.0
11.67,1.5984413869232557e-05,77.5,0,60,3.0,9,0.0
11.675,1.0669166579899869e-05,77.5,0,60,3.0,9,0.0
11.68,7.06526633560511e-06,77.5,0,60,3.0,9,0.0
11.685,4.641847214699205e-06,77.5,0,60,3.0,9,0.0
11.69,3.025641074479182e-06,77.5,0,60,3.0,9,0.0
11.695,1.9566278676921314e-06,77.5,0,60,3.0,9,0.0
11.7,1.2553456560008793e-06,77.5,0,60,3.0,9,0.0
11.705,7.990660428214668e-07,77.5,0,60,3.0,9,0.0
11.71,5.046221251618276e-07,77.5,0,60,3.0,9,0.0
11.715,3.1616527078858815e-07,77.5,0,60,3.0,9,0.0
11.72,1.9652884407760343e-07,77.5,0,60,3.0,9,0.0
11.725,1.2120002189836396e-07,77.5,0,60,3.0,9,0.0
11.73,7.415549848886236e-08,77.5,0,60,3.0,9,0.0
11.735,4.501406988770349e-08,77.5,0,60,3.0,9,0.0
11.74,0.0,77.5,0,60,3.0,9,0.0
11.745,0.0,77.5,0,60,3.0,9,0.0
11.75,0.0,77.5,0,60,3.0,9,0.0
11.755,0.0,77.5,0,60,3.0,9,0.0
11.76,0.0,77.5,0,60,3.0,9,0.0
11.765,0.0,77.5,0,60,3.0,9,0.0
11.77,0.0,77.5,0,60,3.0,9,0.0
11.775,0.0,77.5,0,60,3.0,9,0.0
11.78,0.0,77.5,0,60,3.0,9,0.0
11.785,0.0,77.5,0,60,3.0,9,0.0
11.79,0.0,77.5,0,60,3.0,9,0.0
11.795,0.0,77.5,0,60,3.0,9,0.0
11.8,0.0,77.5,0,60,3.0,9,0.0
11.805,0.0,77.5,0,60,3.0,9,0.0
11.81,0.0,77.5,0,60,3.0,9,0.0
11.815,0.0,77.5,0,60,3.0,9,0.0
11.82,0.0,77.5,0,60,3.0,9,0.0
11.825,0.0,77.5,0,60,3.0,9,0.0
11.83,0.0,77.5,0,60,3.0,9,0.0
11.835,0.0,77.5,0,60,3.0,9,0.0
11.84,0.0,77.5,0,60,3.0,9,0.0
11.845,0.0,77.5,0,60,3.0,9,0.0
11.85,0.0,77.5,0,60,3.0,9,0.0
11.855,0.0,77.5,0,60,3.0,9,0.0
11.86,0.0,77.5,0,60,3.0,9,0.0
11.865,0.0,77.5,0,60,3.0,9,0.0
11.87,0.0,77.5,0,60,3.0,9,0.0
11.875,0.0,77.5,0,60,3.0,9,0.0
11.88,0.0,77.5,0,60,3.0,9,0.0
11.885,0.0,77.5,0,60,3.0,9,0.0
11.89,0.0,77.5,0,60,3.0,9,0.0
11.895,0.0,77.5,0,60,3.0,9,0.0
11.9,0.0,77.5,0,60,3.0,9,0.0
11.905,0.0,77.5,0,60,3.0,9,0.0
11.91,0.0,77.5,0,60,3.0,9,0.0
11.915,0.0,77.5,0,60,3.0,9,0.0
11.92,0.0,77.5,0,60,3.0,9,0.0
11.925,0.0,77.5,0,60,3.0,9,0.0
11.93,0.0,77.5,0,60,3.0,9,0.0
11.935,0.0,77.5,0,60,3.0,9,0.0
11.94,0.0,77.5,0,60,3.0,9,0.0
11.945,0.0,77.5,0,60,3.0,9,0.0
11.95,0.0,77.5,0,60,3.0,9,0.0
11.955,0.0,77.5,0,60,3.0,9,0.0
11.96,0.0,77.5,0,60,3.0,9,0.0
11.965,0.0,77.5,0,60,3.0,9,0.0
11.97,0.0,77.5,0,60,3.0,9,0.0
11.975,0.0,77.5,0,60,3.0,9,0.0
11.98,0.0,77.5,0,60,3.0,9,0.0
11.985,0.0,77.5,0,60,3.0,9,0.0
11.99,0.0,77.5,0,60,3.0,9,0.0
11.995,0.0,77.5,0,60,3.0,9,0.0
